exact_id,product,operation_id,method,path,response_codes,development_status,verification_status,overall_status,qa_status,basis_sha,source_path,qa_comment
ADM-admApprovalPolicies,ADM,admApprovalPolicies,GET,/adm/api/approvals/policies,200;400;401;403;404;409;429;500;503,재검수 요청,재확인 필요,재확인 필요,재확인 필요,b4b6b18b43e9ff83436ceb8b1816b31594e8d6eb,cpf-admin/frontend/openapi/cpf-openapi.json,Operation-level error contract checked; runtime Controller/DTO/export zero-drift remains required.
ADM-admApprovalPolicySave,ADM,admApprovalPolicySave,POST,/adm/api/approvals/policies,200;400;401;403;404;409;422;429;500;503,재검수 요청,재확인 필요,재확인 필요,재확인 필요,b4b6b18b43e9ff83436ceb8b1816b31594e8d6eb,cpf-admin/frontend/openapi/cpf-openapi.json,Operation-level error contract checked; runtime Controller/DTO/export zero-drift remains required.
ADM-admApprovalPolicyDetail,ADM,admApprovalPolicyDetail,GET,/adm/api/approvals/policies/{policyCode}/versions/{version},200;400;401;403;404;409;429;500;503,재검수 요청,재확인 필요,재확인 필요,재확인 필요,b4b6b18b43e9ff83436ceb8b1816b31594e8d6eb,cpf-admin/frontend/openapi/cpf-openapi.json,Operation-level error contract checked; runtime Controller/DTO/export zero-drift remains required.
ADM-admApprovalRequest,ADM,admApprovalRequest,POST,/adm/api/approvals/requests,200;201;400;401;403;404;409;422;429;500;503,재검수 요청,재확인 필요,재확인 필요,재확인 필요,b4b6b18b43e9ff83436ceb8b1816b31594e8d6eb,cpf-admin/frontend/openapi/cpf-openapi.json,Operation-level error contract checked; runtime Controller/DTO/export zero-drift remains required.
ADM-admApprovalRequestDetail,ADM,admApprovalRequestDetail,GET,/adm/api/approvals/requests/{id},200;400;401;403;404;409;429;500;503,재검수 요청,재확인 필요,재확인 필요,재확인 필요,b4b6b18b43e9ff83436ceb8b1816b31594e8d6eb,cpf-admin/frontend/openapi/cpf-openapi.json,Operation-level error contract checked; runtime Controller/DTO/export zero-drift remains required.
ADM-admApprovalDecision,ADM,admApprovalDecision,POST,/adm/api/approvals/requests/{id}/decisions,200;400;401;403;404;409;422;429;500;503,재검수 요청,재확인 필요,재확인 필요,재확인 필요,b4b6b18b43e9ff83436ceb8b1816b31594e8d6eb,cpf-admin/frontend/openapi/cpf-openapi.json,Operation-level error contract checked; runtime Controller/DTO/export zero-drift remains required.
ADM-admApprovalExecute,ADM,admApprovalExecute,POST,/adm/api/approvals/requests/{id}/execute,200;400;401;403;404;409;422;429;500;503,재검수 요청,재확인 필요,재확인 필요,재확인 필요,b4b6b18b43e9ff83436ceb8b1816b31594e8d6eb,cpf-admin/frontend/openapi/cpf-openapi.json,Operation-level error contract checked; runtime Controller/DTO/export zero-drift remains required.
ADM-admApprovalReconcile,ADM,admApprovalReconcile,POST,/adm/api/approvals/requests/{id}/reconcile,200;400;401;403;404;409;422;429;500;503,재검수 요청,재확인 필요,재확인 필요,재확인 필요,b4b6b18b43e9ff83436ceb8b1816b31594e8d6eb,cpf-admin/frontend/openapi/cpf-openapi.json,Operation-level error contract checked; runtime Controller/DTO/export zero-drift remains required.
ADM-admAuditLogFindAuditLogs,ADM,admAuditLogFindAuditLogs,GET,/adm/api/audit-logs,200,재개발 요청,실패,실패,FAIL,b4b6b18b43e9ff83436ceb8b1816b31594e8d6eb,cpf-admin/frontend/openapi/cpf-openapi.json,Operation-level error contract checked; runtime Controller/DTO/export zero-drift remains required.
ADM-admAuditDeliveryList,ADM,admAuditDeliveryList,GET,/adm/api/audit-logs/deliveries,200,재개발 요청,실패,실패,FAIL,b4b6b18b43e9ff83436ceb8b1816b31594e8d6eb,cpf-admin/frontend/openapi/cpf-openapi.json,Operation-level error contract checked; runtime Controller/DTO/export zero-drift remains required.
ADM-admAuditDeliveryRetry,ADM,admAuditDeliveryRetry,POST,/adm/api/audit-logs/deliveries/{deliveryId}/retry,200,재개발 요청,실패,실패,FAIL,b4b6b18b43e9ff83436ceb8b1816b31594e8d6eb,cpf-admin/frontend/openapi/cpf-openapi.json,Operation-level error contract checked; runtime Controller/DTO/export zero-drift remains required.
ADM-admAuthLogin,ADM,admAuthLogin,POST,/adm/api/auth/login,200,재개발 요청,실패,실패,FAIL,b4b6b18b43e9ff83436ceb8b1816b31594e8d6eb,cpf-admin/frontend/openapi/cpf-openapi.json,Operation-level error contract checked; runtime Controller/DTO/export zero-drift remains required.
ADM-admAuthLogout,ADM,admAuthLogout,POST,/adm/api/auth/logout,200,재개발 요청,실패,실패,FAIL,b4b6b18b43e9ff83436ceb8b1816b31594e8d6eb,cpf-admin/frontend/openapi/cpf-openapi.json,Operation-level error contract checked; runtime Controller/DTO/export zero-drift remains required.
ADM-admAuthMe,ADM,admAuthMe,GET,/adm/api/auth/me,200,재개발 요청,실패,실패,FAIL,b4b6b18b43e9ff83436ceb8b1816b31594e8d6eb,cpf-admin/frontend/openapi/cpf-openapi.json,Operation-level error contract checked; runtime Controller/DTO/export zero-drift remains required.
ADM-admBatchRuntimeCommand,ADM,admBatchRuntimeCommand,POST,/adm/api/batch-runtime/commands,200,재개발 요청,실패,실패,FAIL,b4b6b18b43e9ff83436ceb8b1816b31594e8d6eb,cpf-admin/frontend/openapi/cpf-openapi.json,Operation-level error contract checked; runtime Controller/DTO/export zero-drift remains required.
ADM-admBatchRuntimeCommandState,ADM,admBatchRuntimeCommandState,GET,/adm/api/batch-runtime/commands/{key},200,재개발 요청,실패,실패,FAIL,b4b6b18b43e9ff83436ceb8b1816b31594e8d6eb,cpf-admin/frontend/openapi/cpf-openapi.json,Operation-level error contract checked; runtime Controller/DTO/export zero-drift remains required.
ADM-admBatchRuntimeCreateDeploymentPlan,ADM,admBatchRuntimeCreateDeploymentPlan,POST,/adm/api/batch-runtime/deployment-plans,200,재개발 요청,실패,실패,FAIL,b4b6b18b43e9ff83436ceb8b1816b31594e8d6eb,cpf-admin/frontend/openapi/cpf-openapi.json,Operation-level error contract checked; runtime Controller/DTO/export zero-drift remains required.
ADM-admBatchRuntimeInstances,ADM,admBatchRuntimeInstances,GET,/adm/api/batch-runtime/instances,200,재개발 요청,실패,실패,FAIL,b4b6b18b43e9ff83436ceb8b1816b31594e8d6eb,cpf-admin/frontend/openapi/cpf-openapi.json,Operation-level error contract checked; runtime Controller/DTO/export zero-drift remains required.
ADM-admBatchJobDefinitions,ADM,admBatchJobDefinitions,GET,/adm/api/batch-runtime/job-definitions,200,재개발 요청,실패,실패,FAIL,b4b6b18b43e9ff83436ceb8b1816b31594e8d6eb,cpf-admin/frontend/openapi/cpf-openapi.json,Operation-level error contract checked; runtime Controller/DTO/export zero-drift remains required.
ADM-admBatchJobDefinitionSave,ADM,admBatchJobDefinitionSave,POST,/adm/api/batch-runtime/job-definitions/drafts,200,재개발 요청,실패,실패,FAIL,b4b6b18b43e9ff83436ceb8b1816b31594e8d6eb,cpf-admin/frontend/openapi/cpf-openapi.json,Operation-level error contract checked; runtime Controller/DTO/export zero-drift remains required.
ADM-admBatchJobDefinitionValidate,ADM,admBatchJobDefinitionValidate,POST,/adm/api/batch-runtime/job-definitions/validate,200,재개발 요청,실패,실패,FAIL,b4b6b18b43e9ff83436ceb8b1816b31594e8d6eb,cpf-admin/frontend/openapi/cpf-openapi.json,Operation-level error contract checked; runtime Controller/DTO/export zero-drift remains required.
ADM-admBatchJobDefinitionDetail,ADM,admBatchJobDefinitionDetail,GET,/adm/api/batch-runtime/job-definitions/{jobId}/versions/{version},200,재개발 요청,실패,실패,FAIL,b4b6b18b43e9ff83436ceb8b1816b31594e8d6eb,cpf-admin/frontend/openapi/cpf-openapi.json,Operation-level error contract checked; runtime Controller/DTO/export zero-drift remains required.
ADM-admBatchJobDefinitionTransition,ADM,admBatchJobDefinitionTransition,POST,/adm/api/batch-runtime/job-definitions/{jobId}/versions/{version}/transition,200,재개발 요청,실패,실패,FAIL,b4b6b18b43e9ff83436ceb8b1816b31594e8d6eb,cpf-admin/frontend/openapi/cpf-openapi.json,Operation-level error contract checked; runtime Controller/DTO/export zero-drift remains required.
ADM-admBatchRuntimeView,ADM,admBatchRuntimeView,GET,/adm/api/batch-runtime/views/{view},200,재개발 요청,실패,실패,FAIL,b4b6b18b43e9ff83436ceb8b1816b31594e8d6eb,cpf-admin/frontend/openapi/cpf-openapi.json,Operation-level error contract checked; runtime Controller/DTO/export zero-drift remains required.
ADM-admBatchFindExecutionTargets,ADM,admBatchFindExecutionTargets,GET,/adm/api/batch/execution-targets,200,재개발 요청,실패,실패,FAIL,b4b6b18b43e9ff83436ceb8b1816b31594e8d6eb,cpf-admin/frontend/openapi/cpf-openapi.json,Operation-level error contract checked; runtime Controller/DTO/export zero-drift remains required.
ADM-admBatchFindExecutions,ADM,admBatchFindExecutions,GET,/adm/api/batch/executions,200,재개발 요청,실패,실패,FAIL,b4b6b18b43e9ff83436ceb8b1816b31594e8d6eb,cpf-admin/frontend/openapi/cpf-openapi.json,Operation-level error contract checked; runtime Controller/DTO/export zero-drift remains required.
ADM-admBatchFindExecutionPage,ADM,admBatchFindExecutionPage,GET,/adm/api/batch/executions/page,200,재개발 요청,실패,실패,FAIL,b4b6b18b43e9ff83436ceb8b1816b31594e8d6eb,cpf-admin/frontend/openapi/cpf-openapi.json,Operation-level error contract checked; runtime Controller/DTO/export zero-drift remains required.
ADM-admBatchFindExecutionDetail,ADM,admBatchFindExecutionDetail,GET,/adm/api/batch/executions/{executionId},200,재개발 요청,실패,실패,FAIL,b4b6b18b43e9ff83436ceb8b1816b31594e8d6eb,cpf-admin/frontend/openapi/cpf-openapi.json,Operation-level error contract checked; runtime Controller/DTO/export zero-drift remains required.
ADM-admBatchRetryExecution,ADM,admBatchRetryExecution,POST,/adm/api/batch/executions/{executionId}/retry,200,재개발 요청,실패,실패,FAIL,b4b6b18b43e9ff83436ceb8b1816b31594e8d6eb,cpf-admin/frontend/openapi/cpf-openapi.json,Operation-level error contract checked; runtime Controller/DTO/export zero-drift remains required.
ADM-admBatchStopExecution,ADM,admBatchStopExecution,POST,/adm/api/batch/executions/{executionId}/stop,200,재개발 요청,실패,실패,FAIL,b4b6b18b43e9ff83436ceb8b1816b31594e8d6eb,cpf-admin/frontend/openapi/cpf-openapi.json,Operation-level error contract checked; runtime Controller/DTO/export zero-drift remains required.
ADM-admBatchFindGhostCandidates,ADM,admBatchFindGhostCandidates,GET,/adm/api/batch/ghost-candidates,200,재개발 요청,실패,실패,FAIL,b4b6b18b43e9ff83436ceb8b1816b31594e8d6eb,cpf-admin/frontend/openapi/cpf-openapi.json,Operation-level error contract checked; runtime Controller/DTO/export zero-drift remains required.
ADM-admBatchActGhostExecution,ADM,admBatchActGhostExecution,POST,/adm/api/batch/ghost-candidates/{executionId}/actions,200,재개발 요청,실패,실패,FAIL,b4b6b18b43e9ff83436ceb8b1816b31594e8d6eb,cpf-admin/frontend/openapi/cpf-openapi.json,Operation-level error contract checked; runtime Controller/DTO/export zero-drift remains required.
ADM-admBatchFindInstances,ADM,admBatchFindInstances,GET,/adm/api/batch/instances,200,재개발 요청,실패,실패,FAIL,b4b6b18b43e9ff83436ceb8b1816b31594e8d6eb,cpf-admin/frontend/openapi/cpf-openapi.json,Operation-level error contract checked; runtime Controller/DTO/export zero-drift remains required.
ADM-admBatchFindJobs,ADM,admBatchFindJobs,GET,/adm/api/batch/jobs,200,재개발 요청,실패,실패,FAIL,b4b6b18b43e9ff83436ceb8b1816b31594e8d6eb,cpf-admin/frontend/openapi/cpf-openapi.json,Operation-level error contract checked; runtime Controller/DTO/export zero-drift remains required.
ADM-admBatchRegisterJob,ADM,admBatchRegisterJob,POST,/adm/api/batch/jobs,200,재개발 요청,실패,실패,FAIL,b4b6b18b43e9ff83436ceb8b1816b31594e8d6eb,cpf-admin/frontend/openapi/cpf-openapi.json,Operation-level error contract checked; runtime Controller/DTO/export zero-drift remains required.
ADM-admBatchFindJobDetail,ADM,admBatchFindJobDetail,GET,/adm/api/batch/jobs/{jobId},200,재개발 요청,실패,실패,FAIL,b4b6b18b43e9ff83436ceb8b1816b31594e8d6eb,cpf-admin/frontend/openapi/cpf-openapi.json,Operation-level error contract checked; runtime Controller/DTO/export zero-drift remains required.
ADM-admBatchRunJob,ADM,admBatchRunJob,POST,/adm/api/batch/jobs/{jobId}/run,200,재개발 요청,실패,실패,FAIL,b4b6b18b43e9ff83436ceb8b1816b31594e8d6eb,cpf-admin/frontend/openapi/cpf-openapi.json,Operation-level error contract checked; runtime Controller/DTO/export zero-drift remains required.
ADM-admBatchFindLocks,ADM,admBatchFindLocks,GET,/adm/api/batch/locks,200,재개발 요청,실패,실패,FAIL,b4b6b18b43e9ff83436ceb8b1816b31594e8d6eb,cpf-admin/frontend/openapi/cpf-openapi.json,Operation-level error contract checked; runtime Controller/DTO/export zero-drift remains required.
ADM-admBatchReleaseLock,ADM,admBatchReleaseLock,POST,/adm/api/batch/locks/release,200,재개발 요청,실패,실패,FAIL,b4b6b18b43e9ff83436ceb8b1816b31594e8d6eb,cpf-admin/frontend/openapi/cpf-openapi.json,Operation-level error contract checked; runtime Controller/DTO/export zero-drift remains required.
ADM-admBatchFindOperationLogs,ADM,admBatchFindOperationLogs,GET,/adm/api/batch/operations,200,재개발 요청,실패,실패,FAIL,b4b6b18b43e9ff83436ceb8b1816b31594e8d6eb,cpf-admin/frontend/openapi/cpf-openapi.json,Operation-level error contract checked; runtime Controller/DTO/export zero-drift remains required.
ADM-admBatchFindRelations,ADM,admBatchFindRelations,GET,/adm/api/batch/relations,200,재개발 요청,실패,실패,FAIL,b4b6b18b43e9ff83436ceb8b1816b31594e8d6eb,cpf-admin/frontend/openapi/cpf-openapi.json,Operation-level error contract checked; runtime Controller/DTO/export zero-drift remains required.
ADM-admBatchRunSchedulerOnce,ADM,admBatchRunSchedulerOnce,POST,/adm/api/batch/scheduler/run-once,200,재개발 요청,실패,실패,FAIL,b4b6b18b43e9ff83436ceb8b1816b31594e8d6eb,cpf-admin/frontend/openapi/cpf-openapi.json,Operation-level error contract checked; runtime Controller/DTO/export zero-drift remains required.
ADM-admBatchFindSchedules,ADM,admBatchFindSchedules,GET,/adm/api/batch/schedules,200,재개발 요청,실패,실패,FAIL,b4b6b18b43e9ff83436ceb8b1816b31594e8d6eb,cpf-admin/frontend/openapi/cpf-openapi.json,Operation-level error contract checked; runtime Controller/DTO/export zero-drift remains required.
ADM-admBatchDisableSchedule,ADM,admBatchDisableSchedule,POST,/adm/api/batch/schedules/{scheduleId}/disable,200,재개발 요청,실패,실패,FAIL,b4b6b18b43e9ff83436ceb8b1816b31594e8d6eb,cpf-admin/frontend/openapi/cpf-openapi.json,Operation-level error contract checked; runtime Controller/DTO/export zero-drift remains required.
ADM-admBatchEnableSchedule,ADM,admBatchEnableSchedule,POST,/adm/api/batch/schedules/{scheduleId}/enable,200,재개발 요청,실패,실패,FAIL,b4b6b18b43e9ff83436ceb8b1816b31594e8d6eb,cpf-admin/frontend/openapi/cpf-openapi.json,Operation-level error contract checked; runtime Controller/DTO/export zero-drift remains required.
ADM-admBatchSimulateSchedule,ADM,admBatchSimulateSchedule,GET,/adm/api/batch/schedules/{scheduleId}/simulation,200,재개발 요청,실패,실패,FAIL,b4b6b18b43e9ff83436ceb8b1816b31594e8d6eb,cpf-admin/frontend/openapi/cpf-openapi.json,Operation-level error contract checked; runtime Controller/DTO/export zero-drift remains required.
ADM-admBatchFindStepExecutions,ADM,admBatchFindStepExecutions,GET,/adm/api/batch/steps,200,재개발 요청,실패,실패,FAIL,b4b6b18b43e9ff83436ceb8b1816b31594e8d6eb,cpf-admin/frontend/openapi/cpf-openapi.json,Operation-level error contract checked; runtime Controller/DTO/export zero-drift remains required.
ADM-admBatchWorkbenchExecutions,ADM,admBatchWorkbenchExecutions,GET,/adm/api/batch/workbench/executions,200,재개발 요청,실패,실패,FAIL,b4b6b18b43e9ff83436ceb8b1816b31594e8d6eb,cpf-admin/frontend/openapi/cpf-openapi.json,Operation-level error contract checked; runtime Controller/DTO/export zero-drift remains required.
ADM-admBatchWorkbenchExecutionDetail,ADM,admBatchWorkbenchExecutionDetail,GET,/adm/api/batch/workbench/executions/{executionId},200,재개발 요청,실패,실패,FAIL,b4b6b18b43e9ff83436ceb8b1816b31594e8d6eb,cpf-admin/frontend/openapi/cpf-openapi.json,Operation-level error contract checked; runtime Controller/DTO/export zero-drift remains required.
ADM-admBatchWorkbenchInfrastructure,ADM,admBatchWorkbenchInfrastructure,GET,/adm/api/batch/workbench/infrastructure,200,재개발 요청,실패,실패,FAIL,b4b6b18b43e9ff83436ceb8b1816b31594e8d6eb,cpf-admin/frontend/openapi/cpf-openapi.json,Operation-level error contract checked; runtime Controller/DTO/export zero-drift remains required.
ADM-admBatchWorkbenchJobs,ADM,admBatchWorkbenchJobs,GET,/adm/api/batch/workbench/jobs,200,재개발 요청,실패,실패,FAIL,b4b6b18b43e9ff83436ceb8b1816b31594e8d6eb,cpf-admin/frontend/openapi/cpf-openapi.json,Operation-level error contract checked; runtime Controller/DTO/export zero-drift remains required.
ADM-admBatchWorkbenchJobDetail,ADM,admBatchWorkbenchJobDetail,GET,/adm/api/batch/workbench/jobs/{jobId},200,재개발 요청,실패,실패,FAIL,b4b6b18b43e9ff83436ceb8b1816b31594e8d6eb,cpf-admin/frontend/openapi/cpf-openapi.json,Operation-level error contract checked; runtime Controller/DTO/export zero-drift remains required.
ADM-admBatchWorkbenchOverview,ADM,admBatchWorkbenchOverview,GET,/adm/api/batch/workbench/overview,200,재개발 요청,실패,실패,FAIL,b4b6b18b43e9ff83436ceb8b1816b31594e8d6eb,cpf-admin/frontend/openapi/cpf-openapi.json,Operation-level error contract checked; runtime Controller/DTO/export zero-drift remains required.
ADM-admBatchWorkbenchRecovery,ADM,admBatchWorkbenchRecovery,GET,/adm/api/batch/workbench/recovery,200,재개발 요청,실패,실패,FAIL,b4b6b18b43e9ff83436ceb8b1816b31594e8d6eb,cpf-admin/frontend/openapi/cpf-openapi.json,Operation-level error contract checked; runtime Controller/DTO/export zero-drift remains required.
ADM-admBatchWorkbenchSchedules,ADM,admBatchWorkbenchSchedules,GET,/adm/api/batch/workbench/schedules,200,재개발 요청,실패,실패,FAIL,b4b6b18b43e9ff83436ceb8b1816b31594e8d6eb,cpf-admin/frontend/openapi/cpf-openapi.json,Operation-level error contract checked; runtime Controller/DTO/export zero-drift remains required.
ADM-admBatchFindWorkers,ADM,admBatchFindWorkers,GET,/adm/api/batch/workers,200,재개발 요청,실패,실패,FAIL,b4b6b18b43e9ff83436ceb8b1816b31594e8d6eb,cpf-admin/frontend/openapi/cpf-openapi.json,Operation-level error contract checked; runtime Controller/DTO/export zero-drift remains required.
ADM-admBreakGlassFindSessions,ADM,admBreakGlassFindSessions,GET,/adm/api/break-glass,200,재개발 요청,실패,실패,FAIL,b4b6b18b43e9ff83436ceb8b1816b31594e8d6eb,cpf-admin/frontend/openapi/cpf-openapi.json,Operation-level error contract checked; runtime Controller/DTO/export zero-drift remains required.
ADM-admBreakGlassOpenSession,ADM,admBreakGlassOpenSession,POST,/adm/api/break-glass,200,재개발 요청,실패,실패,FAIL,b4b6b18b43e9ff83436ceb8b1816b31594e8d6eb,cpf-admin/frontend/openapi/cpf-openapi.json,Operation-level error contract checked; runtime Controller/DTO/export zero-drift remains required.
ADM-admBreakGlassCloseSession,ADM,admBreakGlassCloseSession,POST,/adm/api/break-glass/{sessionId}/close,200,재개발 요청,실패,실패,FAIL,b4b6b18b43e9ff83436ceb8b1816b31594e8d6eb,cpf-admin/frontend/openapi/cpf-openapi.json,Operation-level error contract checked; runtime Controller/DTO/export zero-drift remains required.
ADM-admBreakGlassReviewSession,ADM,admBreakGlassReviewSession,POST,/adm/api/break-glass/{sessionId}/review,200,재개발 요청,실패,실패,FAIL,b4b6b18b43e9ff83436ceb8b1816b31594e8d6eb,cpf-admin/frontend/openapi/cpf-openapi.json,Operation-level error contract checked; runtime Controller/DTO/export zero-drift remains required.
ADM-admCalendarFindDays,ADM,admCalendarFindDays,GET,/adm/api/business-calendars/{calendarId}/days,200,재개발 요청,실패,실패,FAIL,b4b6b18b43e9ff83436ceb8b1816b31594e8d6eb,cpf-admin/frontend/openapi/cpf-openapi.json,Operation-level error contract checked; runtime Controller/DTO/export zero-drift remains required.
ADM-admCalendarDeleteDay,ADM,admCalendarDeleteDay,DELETE,/adm/api/business-calendars/{calendarId}/days/{businessDate},200,재개발 요청,실패,실패,FAIL,b4b6b18b43e9ff83436ceb8b1816b31594e8d6eb,cpf-admin/frontend/openapi/cpf-openapi.json,Operation-level error contract checked; runtime Controller/DTO/export zero-drift remains required.
ADM-admCalendarSaveDay,ADM,admCalendarSaveDay,PUT,/adm/api/business-calendars/{calendarId}/days/{businessDate},200,재개발 요청,실패,실패,FAIL,b4b6b18b43e9ff83436ceb8b1816b31594e8d6eb,cpf-admin/frontend/openapi/cpf-openapi.json,Operation-level error contract checked; runtime Controller/DTO/export zero-drift remains required.
ADM-admCalendarResolveDate,ADM,admCalendarResolveDate,GET,/adm/api/business-calendars/{calendarId}/resolve,200,재개발 요청,실패,실패,FAIL,b4b6b18b43e9ff83436ceb8b1816b31594e8d6eb,cpf-admin/frontend/openapi/cpf-openapi.json,Operation-level error contract checked; runtime Controller/DTO/export zero-drift remains required.
ADM-admCacheEvictKey,ADM,admCacheEvictKey,POST,/adm/api/cache/evict-key,200,재개발 요청,실패,실패,FAIL,b4b6b18b43e9ff83436ceb8b1816b31594e8d6eb,cpf-admin/frontend/openapi/cpf-openapi.json,Operation-level error contract checked; runtime Controller/DTO/export zero-drift remains required.
ADM-admCacheEvictNamespace,ADM,admCacheEvictNamespace,POST,/adm/api/cache/evict-namespace,200,재개발 요청,실패,실패,FAIL,b4b6b18b43e9ff83436ceb8b1816b31594e8d6eb,cpf-admin/frontend/openapi/cpf-openapi.json,Operation-level error contract checked; runtime Controller/DTO/export zero-drift remains required.
ADM-admCacheReconcile,ADM,admCacheReconcile,POST,/adm/api/cache/reconcile,200,재개발 요청,실패,실패,FAIL,b4b6b18b43e9ff83436ceb8b1816b31594e8d6eb,cpf-admin/frontend/openapi/cpf-openapi.json,Operation-level error contract checked; runtime Controller/DTO/export zero-drift remains required.
ADM-admCacheRefresh,ADM,admCacheRefresh,POST,/adm/api/cache/refresh,200,재개발 요청,실패,실패,FAIL,b4b6b18b43e9ff83436ceb8b1816b31594e8d6eb,cpf-admin/frontend/openapi/cpf-openapi.json,Operation-level error contract checked; runtime Controller/DTO/export zero-drift remains required.
ADM-admCacheSummary,ADM,admCacheSummary,GET,/adm/api/cache/summary,200,재개발 요청,실패,실패,FAIL,b4b6b18b43e9ff83436ceb8b1816b31594e8d6eb,cpf-admin/frontend/openapi/cpf-openapi.json,Operation-level error contract checked; runtime Controller/DTO/export zero-drift remains required.
ADM-admCenterCutReconcileUnknownExecution,ADM,admCenterCutReconcileUnknownExecution,POST,/adm/api/center-cut/executions/{executionId}/reconcile-unknown,202;400;401;403;409;500;503,재검수 요청,재확인 필요,재확인 필요,재확인 필요,b4b6b18b43e9ff83436ceb8b1816b31594e8d6eb,cpf-admin/frontend/openapi/cpf-openapi.json,Operation-level error contract checked; runtime Controller/DTO/export zero-drift remains required.
ADM-admCenterCutReprocessFailedExecution,ADM,admCenterCutReprocessFailedExecution,POST,/adm/api/center-cut/executions/{executionId}/reprocess-failed,202;400;401;403;409;500;503,재검수 요청,재확인 필요,재확인 필요,재확인 필요,b4b6b18b43e9ff83436ceb8b1816b31594e8d6eb,cpf-admin/frontend/openapi/cpf-openapi.json,Operation-level error contract checked; runtime Controller/DTO/export zero-drift remains required.
ADM-admCenterCutFindJobs,ADM,admCenterCutFindJobs,GET,/adm/api/center-cut/jobs,200,재개발 요청,실패,실패,FAIL,b4b6b18b43e9ff83436ceb8b1816b31594e8d6eb,cpf-admin/frontend/openapi/cpf-openapi.json,Operation-level error contract checked; runtime Controller/DTO/export zero-drift remains required.
ADM-admCenterCutFindJobDetail,ADM,admCenterCutFindJobDetail,GET,/adm/api/center-cut/jobs/{centerCutJobId},200,재개발 요청,실패,실패,FAIL,b4b6b18b43e9ff83436ceb8b1816b31594e8d6eb,cpf-admin/frontend/openapi/cpf-openapi.json,Operation-level error contract checked; runtime Controller/DTO/export zero-drift remains required.
ADM-admCenterCutFindParameters,ADM,admCenterCutFindParameters,GET,/adm/api/center-cut/jobs/{centerCutJobId}/parameters,200,재개발 요청,실패,실패,FAIL,b4b6b18b43e9ff83436ceb8b1816b31594e8d6eb,cpf-admin/frontend/openapi/cpf-openapi.json,Operation-level error contract checked; runtime Controller/DTO/export zero-drift remains required.
ADM-admCenterCutFindResults,ADM,admCenterCutFindResults,GET,/adm/api/center-cut/jobs/{centerCutJobId}/results,200,재개발 요청,실패,실패,FAIL,b4b6b18b43e9ff83436ceb8b1816b31594e8d6eb,cpf-admin/frontend/openapi/cpf-openapi.json,Operation-level error contract checked; runtime Controller/DTO/export zero-drift remains required.
ADM-admCenterCutFindSummary,ADM,admCenterCutFindSummary,GET,/adm/api/center-cut/jobs/{centerCutJobId}/summary,200,재개발 요청,실패,실패,FAIL,b4b6b18b43e9ff83436ceb8b1816b31594e8d6eb,cpf-admin/frontend/openapi/cpf-openapi.json,Operation-level error contract checked; runtime Controller/DTO/export zero-drift remains required.
ADM-admCenterCutFindTargets,ADM,admCenterCutFindTargets,GET,/adm/api/center-cut/jobs/{centerCutJobId}/targets,200,재개발 요청,실패,실패,FAIL,b4b6b18b43e9ff83436ceb8b1816b31594e8d6eb,cpf-admin/frontend/openapi/cpf-openapi.json,Operation-level error contract checked; runtime Controller/DTO/export zero-drift remains required.
ADM-admCenterCutFindResultDetail,ADM,admCenterCutFindResultDetail,GET,/adm/api/center-cut/results/{resultId},200,재개발 요청,실패,실패,FAIL,b4b6b18b43e9ff83436ceb8b1816b31594e8d6eb,cpf-admin/frontend/openapi/cpf-openapi.json,Operation-level error contract checked; runtime Controller/DTO/export zero-drift remains required.
ADM-admChannelFindSnapshot,ADM,admChannelFindSnapshot,GET,/adm/api/channels,200,재개발 요청,실패,실패,FAIL,b4b6b18b43e9ff83436ceb8b1816b31594e8d6eb,cpf-admin/frontend/openapi/cpf-openapi.json,Operation-level error contract checked; runtime Controller/DTO/export zero-drift remains required.
ADM-admChannelExportPackage,ADM,admChannelExportPackage,GET,/adm/api/channels/package,200,재개발 요청,실패,실패,FAIL,b4b6b18b43e9ff83436ceb8b1816b31594e8d6eb,cpf-admin/frontend/openapi/cpf-openapi.json,Operation-level error contract checked; runtime Controller/DTO/export zero-drift remains required.
ADM-admChannelImportPackage,ADM,admChannelImportPackage,POST,/adm/api/channels/package/import,200,재개발 요청,실패,실패,FAIL,b4b6b18b43e9ff83436ceb8b1816b31594e8d6eb,cpf-admin/frontend/openapi/cpf-openapi.json,Operation-level error contract checked; runtime Controller/DTO/export zero-drift remains required.
ADM-admChannelSaveExecutionPolicy,ADM,admChannelSaveExecutionPolicy,PUT,/adm/api/channels/policies/{policyKey},200,재개발 요청,실패,실패,FAIL,b4b6b18b43e9ff83436ceb8b1816b31594e8d6eb,cpf-admin/frontend/openapi/cpf-openapi.json,Operation-level error contract checked; runtime Controller/DTO/export zero-drift remains required.
ADM-admChannelRefreshSnapshot,ADM,admChannelRefreshSnapshot,POST,/adm/api/channels/refresh,200,재개발 요청,실패,실패,FAIL,b4b6b18b43e9ff83436ceb8b1816b31594e8d6eb,cpf-admin/frontend/openapi/cpf-openapi.json,Operation-level error contract checked; runtime Controller/DTO/export zero-drift remains required.
ADM-admChannelSave,ADM,admChannelSave,PUT,/adm/api/channels/{channelCode},200,재개발 요청,실패,실패,FAIL,b4b6b18b43e9ff83436ceb8b1816b31594e8d6eb,cpf-admin/frontend/openapi/cpf-openapi.json,Operation-level error contract checked; runtime Controller/DTO/export zero-drift remains required.
ADM-admCodeFindCodes,ADM,admCodeFindCodes,GET,/adm/api/codes,200,재개발 요청,실패,실패,FAIL,b4b6b18b43e9ff83436ceb8b1816b31594e8d6eb,cpf-admin/frontend/openapi/cpf-openapi.json,Operation-level error contract checked; runtime Controller/DTO/export zero-drift remains required.
ADM-admCodeCreateCode,ADM,admCodeCreateCode,POST,/adm/api/codes,200,재개발 요청,실패,실패,FAIL,b4b6b18b43e9ff83436ceb8b1816b31594e8d6eb,cpf-admin/frontend/openapi/cpf-openapi.json,Operation-level error contract checked; runtime Controller/DTO/export zero-drift remains required.
ADM-admCodeDeleteCode,ADM,admCodeDeleteCode,DELETE,/adm/api/codes/{codeId},200,재개발 요청,실패,실패,FAIL,b4b6b18b43e9ff83436ceb8b1816b31594e8d6eb,cpf-admin/frontend/openapi/cpf-openapi.json,Operation-level error contract checked; runtime Controller/DTO/export zero-drift remains required.
ADM-admCodeFindCode,ADM,admCodeFindCode,GET,/adm/api/codes/{codeId},200,재개발 요청,실패,실패,FAIL,b4b6b18b43e9ff83436ceb8b1816b31594e8d6eb,cpf-admin/frontend/openapi/cpf-openapi.json,Operation-level error contract checked; runtime Controller/DTO/export zero-drift remains required.
ADM-admCodeUpdateCode,ADM,admCodeUpdateCode,PUT,/adm/api/codes/{codeId},200,재개발 요청,실패,실패,FAIL,b4b6b18b43e9ff83436ceb8b1816b31594e8d6eb,cpf-admin/frontend/openapi/cpf-openapi.json,Operation-level error contract checked; runtime Controller/DTO/export zero-drift remains required.
ADM-admConfigFindConfigs,ADM,admConfigFindConfigs,GET,/adm/api/configs,200,재개발 요청,실패,실패,FAIL,b4b6b18b43e9ff83436ceb8b1816b31594e8d6eb,cpf-admin/frontend/openapi/cpf-openapi.json,Operation-level error contract checked; runtime Controller/DTO/export zero-drift remains required.
ADM-admConfigCreateConfig,ADM,admConfigCreateConfig,POST,/adm/api/configs,200,재개발 요청,실패,실패,FAIL,b4b6b18b43e9ff83436ceb8b1816b31594e8d6eb,cpf-admin/frontend/openapi/cpf-openapi.json,Operation-level error contract checked; runtime Controller/DTO/export zero-drift remains required.
ADM-admConfigDeleteConfig,ADM,admConfigDeleteConfig,DELETE,/adm/api/configs/{configId},200,재개발 요청,실패,실패,FAIL,b4b6b18b43e9ff83436ceb8b1816b31594e8d6eb,cpf-admin/frontend/openapi/cpf-openapi.json,Operation-level error contract checked; runtime Controller/DTO/export zero-drift remains required.
ADM-admConfigFindConfig,ADM,admConfigFindConfig,GET,/adm/api/configs/{configId},200,재개발 요청,실패,실패,FAIL,b4b6b18b43e9ff83436ceb8b1816b31594e8d6eb,cpf-admin/frontend/openapi/cpf-openapi.json,Operation-level error contract checked; runtime Controller/DTO/export zero-drift remains required.
ADM-admConfigUpdateConfig,ADM,admConfigUpdateConfig,PUT,/adm/api/configs/{configId},200,재개발 요청,실패,실패,FAIL,b4b6b18b43e9ff83436ceb8b1816b31594e8d6eb,cpf-admin/frontend/openapi/cpf-openapi.json,Operation-level error contract checked; runtime Controller/DTO/export zero-drift remains required.
ADM-admDownloadFindDownloadAuditLogs,ADM,admDownloadFindDownloadAuditLogs,GET,/adm/api/downloads/audit-logs,200,재개발 요청,실패,실패,FAIL,b4b6b18b43e9ff83436ceb8b1816b31594e8d6eb,cpf-admin/frontend/openapi/cpf-openapi.json,Operation-level error contract checked; runtime Controller/DTO/export zero-drift remains required.
ADM-admDownloadDownloadCsv,ADM,admDownloadDownloadCsv,POST,/adm/api/downloads/csv,200,재개발 요청,실패,실패,FAIL,b4b6b18b43e9ff83436ceb8b1816b31594e8d6eb,cpf-admin/frontend/openapi/cpf-openapi.json,Operation-level error contract checked; runtime Controller/DTO/export zero-drift remains required.
ADM-admDownloadFindPolicies,ADM,admDownloadFindPolicies,GET,/adm/api/downloads/policies,200,재개발 요청,실패,실패,FAIL,b4b6b18b43e9ff83436ceb8b1816b31594e8d6eb,cpf-admin/frontend/openapi/cpf-openapi.json,Operation-level error contract checked; runtime Controller/DTO/export zero-drift remains required.
ADM-admFileJobList,ADM,admFileJobList,GET,/adm/api/file-jobs,200,재개발 요청,실패,실패,FAIL,b4b6b18b43e9ff83436ceb8b1816b31594e8d6eb,cpf-admin/frontend/openapi/cpf-openapi.json,Operation-level error contract checked; runtime Controller/DTO/export zero-drift remains required.
ADM-admFileJobUpload,ADM,admFileJobUpload,POST,/adm/api/file-jobs/uploads,200,재개발 요청,실패,실패,FAIL,b4b6b18b43e9ff83436ceb8b1816b31594e8d6eb,cpf-admin/frontend/openapi/cpf-openapi.json,Operation-level error contract checked; runtime Controller/DTO/export zero-drift remains required.
ADM-admFileJobDetail,ADM,admFileJobDetail,GET,/adm/api/file-jobs/{jobId},200,재개발 요청,실패,실패,FAIL,b4b6b18b43e9ff83436ceb8b1816b31594e8d6eb,cpf-admin/frontend/openapi/cpf-openapi.json,Operation-level error contract checked; runtime Controller/DTO/export zero-drift remains required.
ADM-admFileJobApply,ADM,admFileJobApply,POST,/adm/api/file-jobs/{jobId}/apply,200,재개발 요청,실패,실패,FAIL,b4b6b18b43e9ff83436ceb8b1816b31594e8d6eb,cpf-admin/frontend/openapi/cpf-openapi.json,Operation-level error contract checked; runtime Controller/DTO/export zero-drift remains required.
ADM-admFileJobArtifact,ADM,admFileJobArtifact,GET,/adm/api/file-jobs/{jobId}/artifact,200,재개발 요청,실패,실패,FAIL,b4b6b18b43e9ff83436ceb8b1816b31594e8d6eb,cpf-admin/frontend/openapi/cpf-openapi.json,Operation-level error contract checked; runtime Controller/DTO/export zero-drift remains required.
ADM-admFileJobCancel,ADM,admFileJobCancel,POST,/adm/api/file-jobs/{jobId}/cancel,200,재개발 요청,실패,실패,FAIL,b4b6b18b43e9ff83436ceb8b1816b31594e8d6eb,cpf-admin/frontend/openapi/cpf-openapi.json,Operation-level error contract checked; runtime Controller/DTO/export zero-drift remains required.
ADM-admFileJobResolveUnknown,ADM,admFileJobResolveUnknown,POST,/adm/api/file-jobs/{jobId}/resolve-unknown,200,재개발 요청,실패,실패,FAIL,b4b6b18b43e9ff83436ceb8b1816b31594e8d6eb,cpf-admin/frontend/openapi/cpf-openapi.json,Operation-level error contract checked; runtime Controller/DTO/export zero-drift remains required.
ADM-admFileJobRetry,ADM,admFileJobRetry,POST,/adm/api/file-jobs/{jobId}/retry,200,재개발 요청,실패,실패,FAIL,b4b6b18b43e9ff83436ceb8b1816b31594e8d6eb,cpf-admin/frontend/openapi/cpf-openapi.json,Operation-level error contract checked; runtime Controller/DTO/export zero-drift remains required.
ADM-admFileJobRollback,ADM,admFileJobRollback,POST,/adm/api/file-jobs/{jobId}/rollback,200,재개발 요청,실패,실패,FAIL,b4b6b18b43e9ff83436ceb8b1816b31594e8d6eb,cpf-admin/frontend/openapi/cpf-openapi.json,Operation-level error contract checked; runtime Controller/DTO/export zero-drift remains required.
ADM-admFileJobRows,ADM,admFileJobRows,GET,/adm/api/file-jobs/{jobId}/rows,200,재개발 요청,실패,실패,FAIL,b4b6b18b43e9ff83436ceb8b1816b31594e8d6eb,cpf-admin/frontend/openapi/cpf-openapi.json,Operation-level error contract checked; runtime Controller/DTO/export zero-drift remains required.
ADM-admGatewayFindBindings,ADM,admGatewayFindBindings,GET,/adm/api/gateway-registry/bindings,200,재개발 요청,실패,실패,FAIL,b4b6b18b43e9ff83436ceb8b1816b31594e8d6eb,cpf-admin/frontend/openapi/cpf-openapi.json,Operation-level error contract checked; runtime Controller/DTO/export zero-drift remains required.
ADM-admGatewaySaveBinding,ADM,admGatewaySaveBinding,POST,/adm/api/gateway-registry/bindings,200,재개발 요청,실패,실패,FAIL,b4b6b18b43e9ff83436ceb8b1816b31594e8d6eb,cpf-admin/frontend/openapi/cpf-openapi.json,Operation-level error contract checked; runtime Controller/DTO/export zero-drift remains required.
ADM-admGatewayDeleteBinding,ADM,admGatewayDeleteBinding,DELETE,/adm/api/gateway-registry/bindings/{id},200,재개발 요청,실패,실패,FAIL,b4b6b18b43e9ff83436ceb8b1816b31594e8d6eb,cpf-admin/frontend/openapi/cpf-openapi.json,Operation-level error contract checked; runtime Controller/DTO/export zero-drift remains required.
ADM-admGatewayFindApplyStatus,ADM,admGatewayFindApplyStatus,GET,/adm/api/gateway-registry/bindings/{id}/apply-status,200,재개발 요청,실패,실패,FAIL,b4b6b18b43e9ff83436ceb8b1816b31594e8d6eb,cpf-admin/frontend/openapi/cpf-openapi.json,Operation-level error contract checked; runtime Controller/DTO/export zero-drift remains required.
ADM-admGatewayFindConnectionTests,ADM,admGatewayFindConnectionTests,GET,/adm/api/gateway-registry/bindings/{id}/connection-tests,200,재개발 요청,실패,실패,FAIL,b4b6b18b43e9ff83436ceb8b1816b31594e8d6eb,cpf-admin/frontend/openapi/cpf-openapi.json,Operation-level error contract checked; runtime Controller/DTO/export zero-drift remains required.
ADM-admGatewayRequestConnectionTest,ADM,admGatewayRequestConnectionTest,POST,/adm/api/gateway-registry/bindings/{id}/connection-tests,200,재개발 요청,실패,실패,FAIL,b4b6b18b43e9ff83436ceb8b1816b31594e8d6eb,cpf-admin/frontend/openapi/cpf-openapi.json,Operation-level error contract checked; runtime Controller/DTO/export zero-drift remains required.
ADM-admGatewayChangeBindingState,ADM,admGatewayChangeBindingState,POST,/adm/api/gateway-registry/bindings/{id}/state,200,재개발 요청,실패,실패,FAIL,b4b6b18b43e9ff83436ceb8b1816b31594e8d6eb,cpf-admin/frontend/openapi/cpf-openapi.json,Operation-level error contract checked; runtime Controller/DTO/export zero-drift remains required.
ADM-admGatewayCapability,ADM,admGatewayCapability,GET,/adm/api/gateway-registry/capability,200,재개발 요청,실패,실패,FAIL,b4b6b18b43e9ff83436ceb8b1816b31594e8d6eb,cpf-admin/frontend/openapi/cpf-openapi.json,Operation-level error contract checked; runtime Controller/DTO/export zero-drift remains required.
ADM-admGatewayFindConnectionTestOperation,ADM,admGatewayFindConnectionTestOperation,GET,/adm/api/gateway-registry/connection-test-operations/{operationId},200,재개발 요청,실패,실패,FAIL,b4b6b18b43e9ff83436ceb8b1816b31594e8d6eb,cpf-admin/frontend/openapi/cpf-openapi.json,Operation-level error contract checked; runtime Controller/DTO/export zero-drift remains required.
ADM-admGatewayCancelConnectionTest,ADM,admGatewayCancelConnectionTest,POST,/adm/api/gateway-registry/connection-test-operations/{operationId}/cancel,200,재개발 요청,실패,실패,FAIL,b4b6b18b43e9ff83436ceb8b1816b31594e8d6eb,cpf-admin/frontend/openapi/cpf-openapi.json,Operation-level error contract checked; runtime Controller/DTO/export zero-drift remains required.
ADM-admGatewayRevalidateConnectionTest,ADM,admGatewayRevalidateConnectionTest,POST,/adm/api/gateway-registry/connection-test-operations/{operationId}/revalidate,200,재개발 요청,실패,실패,FAIL,b4b6b18b43e9ff83436ceb8b1816b31594e8d6eb,cpf-admin/frontend/openapi/cpf-openapi.json,Operation-level error contract checked; runtime Controller/DTO/export zero-drift remains required.
ADM-admGatewayOperationsEvents,ADM,admGatewayOperationsEvents,GET,/adm/api/gateway-registry/operations/events,200,재개발 요청,실패,실패,FAIL,b4b6b18b43e9ff83436ceb8b1816b31594e8d6eb,cpf-admin/frontend/openapi/cpf-openapi.json,Operation-level error contract checked; runtime Controller/DTO/export zero-drift remains required.
ADM-admGatewayOperationsSnapshot,ADM,admGatewayOperationsSnapshot,GET,/adm/api/gateway-registry/operations/snapshot,200,재개발 요청,실패,실패,FAIL,b4b6b18b43e9ff83436ceb8b1816b31594e8d6eb,cpf-admin/frontend/openapi/cpf-openapi.json,Operation-level error contract checked; runtime Controller/DTO/export zero-drift remains required.
ADM-admGatewayOperationsStream,ADM,admGatewayOperationsStream,GET,/adm/api/gateway-registry/operations/stream,200,재개발 요청,실패,실패,FAIL,b4b6b18b43e9ff83436ceb8b1816b31594e8d6eb,cpf-admin/frontend/openapi/cpf-openapi.json,Operation-level error contract checked; runtime Controller/DTO/export zero-drift remains required.
ADM-admGatewayFindServerGroups,ADM,admGatewayFindServerGroups,GET,/adm/api/gateway-registry/server-groups,200,재개발 요청,실패,실패,FAIL,b4b6b18b43e9ff83436ceb8b1816b31594e8d6eb,cpf-admin/frontend/openapi/cpf-openapi.json,Operation-level error contract checked; runtime Controller/DTO/export zero-drift remains required.
ADM-admGatewaySaveServerGroup,ADM,admGatewaySaveServerGroup,POST,/adm/api/gateway-registry/server-groups,200,재개발 요청,실패,실패,FAIL,b4b6b18b43e9ff83436ceb8b1816b31594e8d6eb,cpf-admin/frontend/openapi/cpf-openapi.json,Operation-level error contract checked; runtime Controller/DTO/export zero-drift remains required.
ADM-admGatewayDeleteServerGroup,ADM,admGatewayDeleteServerGroup,DELETE,/adm/api/gateway-registry/server-groups/{id},200,재개발 요청,실패,실패,FAIL,b4b6b18b43e9ff83436ceb8b1816b31594e8d6eb,cpf-admin/frontend/openapi/cpf-openapi.json,Operation-level error contract checked; runtime Controller/DTO/export zero-drift remains required.
ADM-admGatewayFindGroupMembers,ADM,admGatewayFindGroupMembers,GET,/adm/api/gateway-registry/server-groups/{id}/members,200,재개발 요청,실패,실패,FAIL,b4b6b18b43e9ff83436ceb8b1816b31594e8d6eb,cpf-admin/frontend/openapi/cpf-openapi.json,Operation-level error contract checked; runtime Controller/DTO/export zero-drift remains required.
ADM-getAdmReadiness,ADM,getAdmReadiness,GET,/adm/api/health,200,재개발 요청,실패,실패,FAIL,b4b6b18b43e9ff83436ceb8b1816b31594e8d6eb,cpf-admin/frontend/openapi/cpf-openapi.json,Operation-level error contract checked; runtime Controller/DTO/export zero-drift remains required.
ADM-getAdmLiveness,ADM,getAdmLiveness,GET,/adm/api/health/liveness,200,재개발 요청,실패,실패,FAIL,b4b6b18b43e9ff83436ceb8b1816b31594e8d6eb,cpf-admin/frontend/openapi/cpf-openapi.json,Operation-level error contract checked; runtime Controller/DTO/export zero-drift remains required.
ADM-admIncidentFindIncidents,ADM,admIncidentFindIncidents,GET,/adm/api/incidents,200,재개발 요청,실패,실패,FAIL,b4b6b18b43e9ff83436ceb8b1816b31594e8d6eb,cpf-admin/frontend/openapi/cpf-openapi.json,Operation-level error contract checked; runtime Controller/DTO/export zero-drift remains required.
ADM-admIncidentFindMaintenance,ADM,admIncidentFindMaintenance,GET,/adm/api/incidents/maintenance-windows,200,재개발 요청,실패,실패,FAIL,b4b6b18b43e9ff83436ceb8b1816b31594e8d6eb,cpf-admin/frontend/openapi/cpf-openapi.json,Operation-level error contract checked; runtime Controller/DTO/export zero-drift remains required.
ADM-admIncidentCreateMaintenance,ADM,admIncidentCreateMaintenance,POST,/adm/api/incidents/maintenance-windows,200,재개발 요청,실패,실패,FAIL,b4b6b18b43e9ff83436ceb8b1816b31594e8d6eb,cpf-admin/frontend/openapi/cpf-openapi.json,Operation-level error contract checked; runtime Controller/DTO/export zero-drift remains required.
ADM-admIncidentUpdateMaintenance,ADM,admIncidentUpdateMaintenance,PUT,/adm/api/incidents/maintenance-windows/{maintenanceId},200,재개발 요청,실패,실패,FAIL,b4b6b18b43e9ff83436ceb8b1816b31594e8d6eb,cpf-admin/frontend/openapi/cpf-openapi.json,Operation-level error contract checked; runtime Controller/DTO/export zero-drift remains required.
ADM-admIncidentFindPolicies,ADM,admIncidentFindPolicies,GET,/adm/api/incidents/policies,200,재개발 요청,실패,실패,FAIL,b4b6b18b43e9ff83436ceb8b1816b31594e8d6eb,cpf-admin/frontend/openapi/cpf-openapi.json,Operation-level error contract checked; runtime Controller/DTO/export zero-drift remains required.
ADM-admIncidentCreatePolicy,ADM,admIncidentCreatePolicy,POST,/adm/api/incidents/policies,200,재개발 요청,실패,실패,FAIL,b4b6b18b43e9ff83436ceb8b1816b31594e8d6eb,cpf-admin/frontend/openapi/cpf-openapi.json,Operation-level error contract checked; runtime Controller/DTO/export zero-drift remains required.
ADM-admIncidentUpdatePolicy,ADM,admIncidentUpdatePolicy,PUT,/adm/api/incidents/policies/{policyId},200,재개발 요청,실패,실패,FAIL,b4b6b18b43e9ff83436ceb8b1816b31594e8d6eb,cpf-admin/frontend/openapi/cpf-openapi.json,Operation-level error contract checked; runtime Controller/DTO/export zero-drift remains required.
ADM-admIncidentIngestSignal,ADM,admIncidentIngestSignal,POST,/adm/api/incidents/signals,200,재개발 요청,실패,실패,FAIL,b4b6b18b43e9ff83436ceb8b1816b31594e8d6eb,cpf-admin/frontend/openapi/cpf-openapi.json,Operation-level error contract checked; runtime Controller/DTO/export zero-drift remains required.
ADM-admIncidentFindIncident,ADM,admIncidentFindIncident,GET,/adm/api/incidents/{incidentId},200,재개발 요청,실패,실패,FAIL,b4b6b18b43e9ff83436ceb8b1816b31594e8d6eb,cpf-admin/frontend/openapi/cpf-openapi.json,Operation-level error contract checked; runtime Controller/DTO/export zero-drift remains required.
ADM-admIncidentAcknowledge,ADM,admIncidentAcknowledge,POST,/adm/api/incidents/{incidentId}/acknowledge,200,재개발 요청,실패,실패,FAIL,b4b6b18b43e9ff83436ceb8b1816b31594e8d6eb,cpf-admin/frontend/openapi/cpf-openapi.json,Operation-level error contract checked; runtime Controller/DTO/export zero-drift remains required.
ADM-admIncidentEscalate,ADM,admIncidentEscalate,POST,/adm/api/incidents/{incidentId}/escalate,200,재개발 요청,실패,실패,FAIL,b4b6b18b43e9ff83436ceb8b1816b31594e8d6eb,cpf-admin/frontend/openapi/cpf-openapi.json,Operation-level error contract checked; runtime Controller/DTO/export zero-drift remains required.
ADM-admIncidentReopen,ADM,admIncidentReopen,POST,/adm/api/incidents/{incidentId}/reopen,200,재개발 요청,실패,실패,FAIL,b4b6b18b43e9ff83436ceb8b1816b31594e8d6eb,cpf-admin/frontend/openapi/cpf-openapi.json,Operation-level error contract checked; runtime Controller/DTO/export zero-drift remains required.
ADM-admIncidentResolve,ADM,admIncidentResolve,POST,/adm/api/incidents/{incidentId}/resolve,200,재개발 요청,실패,실패,FAIL,b4b6b18b43e9ff83436ceb8b1816b31594e8d6eb,cpf-admin/frontend/openapi/cpf-openapi.json,Operation-level error contract checked; runtime Controller/DTO/export zero-drift remains required.
ADM-admIncidentFindTimeline,ADM,admIncidentFindTimeline,GET,/adm/api/incidents/{incidentId}/timeline,200,재개발 요청,실패,실패,FAIL,b4b6b18b43e9ff83436ceb8b1816b31594e8d6eb,cpf-admin/frontend/openapi/cpf-openapi.json,Operation-level error contract checked; runtime Controller/DTO/export zero-drift remains required.
ADM-admIntegrationCryptoStatus,ADM,admIntegrationCryptoStatus,GET,/adm/api/integration-closure/crypto/status,200;400;401;403;404;409;429;500;503,재검수 요청,재확인 필요,재확인 필요,재확인 필요,b4b6b18b43e9ff83436ceb8b1816b31594e8d6eb,cpf-admin/frontend/openapi/cpf-openapi.json,Operation-level error contract checked; runtime Controller/DTO/export zero-drift remains required.
ADM-admIntegrationDataQualityCorrectionExecute,ADM,admIntegrationDataQualityCorrectionExecute,POST,/adm/api/integration-closure/data-quality/correction-approvals/{approvalRequestId}/execute,200;400;401;403;404;409;422;429;500;503,재검수 요청,재확인 필요,재확인 필요,재확인 필요,b4b6b18b43e9ff83436ceb8b1816b31594e8d6eb,cpf-admin/frontend/openapi/cpf-openapi.json,Operation-level error contract checked; runtime Controller/DTO/export zero-drift remains required.
ADM-admIntegrationDataQualityCorrectionApprovalRequest,ADM,admIntegrationDataQualityCorrectionApprovalRequest,POST,/adm/api/integration-closure/data-quality/quarantine/{id}/correction-approvals,200;400;401;403;404;409;422;429;500;503,재검수 요청,재확인 필요,재확인 필요,재확인 필요,b4b6b18b43e9ff83436ceb8b1816b31594e8d6eb,cpf-admin/frontend/openapi/cpf-openapi.json,Operation-level error contract checked; runtime Controller/DTO/export zero-drift remains required.
ADM-admIntegrationDataQualityReplay,ADM,admIntegrationDataQualityReplay,POST,/adm/api/integration-closure/data-quality/quarantine/{id}/replay,200;400;401;403;404;409;429;500;503,재검수 요청,재확인 필요,재확인 필요,재확인 필요,b4b6b18b43e9ff83436ceb8b1816b31594e8d6eb,cpf-admin/frontend/openapi/cpf-openapi.json,Operation-level error contract checked; runtime Controller/DTO/export zero-drift remains required.
ADM-admIntegrationDataQualityValidate,ADM,admIntegrationDataQualityValidate,POST,/adm/api/integration-closure/data-quality/validate/{recordId},200;400;401;403;404;409;429;500;503,재검수 요청,재확인 필요,재확인 필요,재확인 필요,b4b6b18b43e9ff83436ceb8b1816b31594e8d6eb,cpf-admin/frontend/openapi/cpf-openapi.json,Operation-level error contract checked; runtime Controller/DTO/export zero-drift remains required.
ADM-admIntegrationTimeHealth,ADM,admIntegrationTimeHealth,GET,/adm/api/integration-closure/time/health,200;400;401;403;404;409;429;500;503,재검수 요청,재확인 필요,재확인 필요,재확인 필요,b4b6b18b43e9ff83436ceb8b1816b31594e8d6eb,cpf-admin/frontend/openapi/cpf-openapi.json,Operation-level error contract checked; runtime Controller/DTO/export zero-drift remains required.
ADM-admIntegrationWebhookDlq,ADM,admIntegrationWebhookDlq,GET,/adm/api/integration-closure/webhooks/dlq,200;400;401;403;404;409;429;500;503,재검수 요청,재확인 필요,재확인 필요,재확인 필요,b4b6b18b43e9ff83436ceb8b1816b31594e8d6eb,cpf-admin/frontend/openapi/cpf-openapi.json,Operation-level error contract checked; runtime Controller/DTO/export zero-drift remains required.
ADM-admIntegrationWebhookReplay,ADM,admIntegrationWebhookReplay,POST,/adm/api/integration-closure/webhooks/{id}/replay,200;400;401;403;404;409;429;500;503,재검수 요청,재확인 필요,재확인 필요,재확인 필요,b4b6b18b43e9ff83436ceb8b1816b31594e8d6eb,cpf-admin/frontend/openapi/cpf-openapi.json,Operation-level error contract checked; runtime Controller/DTO/export zero-drift remains required.
ADM-admLogExportCreate,ADM,admLogExportCreate,POST,/adm/api/log-exports,200,재개발 요청,실패,실패,FAIL,b4b6b18b43e9ff83436ceb8b1816b31594e8d6eb,cpf-admin/frontend/openapi/cpf-openapi.json,Operation-level error contract checked; runtime Controller/DTO/export zero-drift remains required.
ADM-admLogExportDownload,ADM,admLogExportDownload,GET,/adm/api/log-exports/{exportId}/artifact,200,재개발 요청,실패,실패,FAIL,b4b6b18b43e9ff83436ceb8b1816b31594e8d6eb,cpf-admin/frontend/openapi/cpf-openapi.json,Operation-level error contract checked; runtime Controller/DTO/export zero-drift remains required.
ADM-admDynamicLogLevelFindRules,ADM,admDynamicLogLevelFindRules,GET,/adm/api/log-level/rules,200,재개발 요청,실패,실패,FAIL,b4b6b18b43e9ff83436ceb8b1816b31594e8d6eb,cpf-admin/frontend/openapi/cpf-openapi.json,Operation-level error contract checked; runtime Controller/DTO/export zero-drift remains required.
ADM-admDynamicLogLevelRegister,ADM,admDynamicLogLevelRegister,PUT,/adm/api/log-level/rules,200,재개발 요청,실패,실패,FAIL,b4b6b18b43e9ff83436ceb8b1816b31594e8d6eb,cpf-admin/frontend/openapi/cpf-openapi.json,Operation-level error contract checked; runtime Controller/DTO/export zero-drift remains required.
ADM-admDynamicLogLevelRemove,ADM,admDynamicLogLevelRemove,DELETE,/adm/api/log-level/rules/{ruleId},200,재개발 요청,실패,실패,FAIL,b4b6b18b43e9ff83436ceb8b1816b31594e8d6eb,cpf-admin/frontend/openapi/cpf-openapi.json,Operation-level error contract checked; runtime Controller/DTO/export zero-drift remains required.
ADM-admLogPolicyFindPolicies,ADM,admLogPolicyFindPolicies,GET,/adm/api/log-policies,200,재개발 요청,실패,실패,FAIL,b4b6b18b43e9ff83436ceb8b1816b31594e8d6eb,cpf-admin/frontend/openapi/cpf-openapi.json,Operation-level error contract checked; runtime Controller/DTO/export zero-drift remains required.
ADM-admLogPolicyCreatePolicy,ADM,admLogPolicyCreatePolicy,POST,/adm/api/log-policies,200,재개발 요청,실패,실패,FAIL,b4b6b18b43e9ff83436ceb8b1816b31594e8d6eb,cpf-admin/frontend/openapi/cpf-openapi.json,Operation-level error contract checked; runtime Controller/DTO/export zero-drift remains required.
ADM-admLogPolicyClearCache,ADM,admLogPolicyClearCache,POST,/adm/api/log-policies/cache/clear,200,재개발 요청,실패,실패,FAIL,b4b6b18b43e9ff83436ceb8b1816b31594e8d6eb,cpf-admin/frontend/openapi/cpf-openapi.json,Operation-level error contract checked; runtime Controller/DTO/export zero-drift remains required.
ADM-admLogPolicyRefreshCache,ADM,admLogPolicyRefreshCache,POST,/adm/api/log-policies/cache/refresh,200,재개발 요청,실패,실패,FAIL,b4b6b18b43e9ff83436ceb8b1816b31594e8d6eb,cpf-admin/frontend/openapi/cpf-openapi.json,Operation-level error contract checked; runtime Controller/DTO/export zero-drift remains required.
ADM-admLogPolicyDistributionStatus,ADM,admLogPolicyDistributionStatus,GET,/adm/api/log-policies/distribution,200,재개발 요청,실패,실패,FAIL,b4b6b18b43e9ff83436ceb8b1816b31594e8d6eb,cpf-admin/frontend/openapi/cpf-openapi.json,Operation-level error contract checked; runtime Controller/DTO/export zero-drift remains required.
ADM-admLogPolicyFindTraceBoostHistory,ADM,admLogPolicyFindTraceBoostHistory,GET,/adm/api/log-policies/history,200,재개발 요청,실패,실패,FAIL,b4b6b18b43e9ff83436ceb8b1816b31594e8d6eb,cpf-admin/frontend/openapi/cpf-openapi.json,Operation-level error contract checked; runtime Controller/DTO/export zero-drift remains required.
ADM-admLogPolicyCreateOverride,ADM,admLogPolicyCreateOverride,POST,/adm/api/log-policies/overrides,200,재개발 요청,실패,실패,FAIL,b4b6b18b43e9ff83436ceb8b1816b31594e8d6eb,cpf-admin/frontend/openapi/cpf-openapi.json,Operation-level error contract checked; runtime Controller/DTO/export zero-drift remains required.
ADM-admLogPolicyDisableOverride,ADM,admLogPolicyDisableOverride,PATCH,/adm/api/log-policies/overrides/{overrideId}/disable,200,재개발 요청,실패,실패,FAIL,b4b6b18b43e9ff83436ceb8b1816b31594e8d6eb,cpf-admin/frontend/openapi/cpf-openapi.json,Operation-level error contract checked; runtime Controller/DTO/export zero-drift remains required.
ADM-admLogPolicyFindTraceBoostRuntimeState,ADM,admLogPolicyFindTraceBoostRuntimeState,GET,/adm/api/log-policies/runtime-state,200,재개발 요청,실패,실패,FAIL,b4b6b18b43e9ff83436ceb8b1816b31594e8d6eb,cpf-admin/frontend/openapi/cpf-openapi.json,Operation-level error contract checked; runtime Controller/DTO/export zero-drift remains required.
ADM-admLogPolicyCreateTraceBoost,ADM,admLogPolicyCreateTraceBoost,POST,/adm/api/log-policies/trace-boost,200,재개발 요청,실패,실패,FAIL,b4b6b18b43e9ff83436ceb8b1816b31594e8d6eb,cpf-admin/frontend/openapi/cpf-openapi.json,Operation-level error contract checked; runtime Controller/DTO/export zero-drift remains required.
ADM-admLogPolicyFindPolicy,ADM,admLogPolicyFindPolicy,GET,/adm/api/log-policies/{policyId},200,재개발 요청,실패,실패,FAIL,b4b6b18b43e9ff83436ceb8b1816b31594e8d6eb,cpf-admin/frontend/openapi/cpf-openapi.json,Operation-level error contract checked; runtime Controller/DTO/export zero-drift remains required.
ADM-admLogPolicyUpdatePolicy,ADM,admLogPolicyUpdatePolicy,PUT,/adm/api/log-policies/{policyId},200,재개발 요청,실패,실패,FAIL,b4b6b18b43e9ff83436ceb8b1816b31594e8d6eb,cpf-admin/frontend/openapi/cpf-openapi.json,Operation-level error contract checked; runtime Controller/DTO/export zero-drift remains required.
ADM-admLogPolicyDisablePolicy,ADM,admLogPolicyDisablePolicy,POST,/adm/api/log-policies/{policyId}/disable,200,재개발 요청,실패,실패,FAIL,b4b6b18b43e9ff83436ceb8b1816b31594e8d6eb,cpf-admin/frontend/openapi/cpf-openapi.json,Operation-level error contract checked; runtime Controller/DTO/export zero-drift remains required.
ADM-admLogPolicyAuditFindPolicyAudits,ADM,admLogPolicyAuditFindPolicyAudits,GET,/adm/api/log-policy-audits,200,재개발 요청,실패,실패,FAIL,b4b6b18b43e9ff83436ceb8b1816b31594e8d6eb,cpf-admin/frontend/openapi/cpf-openapi.json,Operation-level error contract checked; runtime Controller/DTO/export zero-drift remains required.
ADM-admLogFindLogs,ADM,admLogFindLogs,GET,/adm/api/logs,200,재개발 요청,실패,실패,FAIL,b4b6b18b43e9ff83436ceb8b1816b31594e8d6eb,cpf-admin/frontend/openapi/cpf-openapi.json,Operation-level error contract checked; runtime Controller/DTO/export zero-drift remains required.
ADM-admLogGetLogDetail,ADM,admLogGetLogDetail,GET,/adm/api/logs/{logIdx},200,재개발 요청,실패,실패,FAIL,b4b6b18b43e9ff83436ceb8b1816b31594e8d6eb,cpf-admin/frontend/openapi/cpf-openapi.json,Operation-level error contract checked; runtime Controller/DTO/export zero-drift remains required.
ADM-admMaintenanceFindActions,ADM,admMaintenanceFindActions,GET,/adm/api/maintenance/actions,200,재개발 요청,실패,실패,FAIL,b4b6b18b43e9ff83436ceb8b1816b31594e8d6eb,cpf-admin/frontend/openapi/cpf-openapi.json,Operation-level error contract checked; runtime Controller/DTO/export zero-drift remains required.
ADM-admMaintenanceExecuteAction,ADM,admMaintenanceExecuteAction,POST,/adm/api/maintenance/actions,200,재개발 요청,실패,실패,FAIL,b4b6b18b43e9ff83436ceb8b1816b31594e8d6eb,cpf-admin/frontend/openapi/cpf-openapi.json,Operation-level error contract checked; runtime Controller/DTO/export zero-drift remains required.
ADM-admMessageFindMessages,ADM,admMessageFindMessages,GET,/adm/api/messages,200,재개발 요청,실패,실패,FAIL,b4b6b18b43e9ff83436ceb8b1816b31594e8d6eb,cpf-admin/frontend/openapi/cpf-openapi.json,Operation-level error contract checked; runtime Controller/DTO/export zero-drift remains required.
ADM-admMessageCreateMessage,ADM,admMessageCreateMessage,POST,/adm/api/messages,200,재개발 요청,실패,실패,FAIL,b4b6b18b43e9ff83436ceb8b1816b31594e8d6eb,cpf-admin/frontend/openapi/cpf-openapi.json,Operation-level error contract checked; runtime Controller/DTO/export zero-drift remains required.
ADM-admMessageDeleteMessage,ADM,admMessageDeleteMessage,DELETE,/adm/api/messages/{messageId},200,재개발 요청,실패,실패,FAIL,b4b6b18b43e9ff83436ceb8b1816b31594e8d6eb,cpf-admin/frontend/openapi/cpf-openapi.json,Operation-level error contract checked; runtime Controller/DTO/export zero-drift remains required.
ADM-admMessageFindMessage,ADM,admMessageFindMessage,GET,/adm/api/messages/{messageId},200,재개발 요청,실패,실패,FAIL,b4b6b18b43e9ff83436ceb8b1816b31594e8d6eb,cpf-admin/frontend/openapi/cpf-openapi.json,Operation-level error contract checked; runtime Controller/DTO/export zero-drift remains required.
ADM-admMessageUpdateMessage,ADM,admMessageUpdateMessage,PUT,/adm/api/messages/{messageId},200,재개발 요청,실패,실패,FAIL,b4b6b18b43e9ff83436ceb8b1816b31594e8d6eb,cpf-admin/frontend/openapi/cpf-openapi.json,Operation-level error contract checked; runtime Controller/DTO/export zero-drift remains required.
ADM-admNotificationFindDeliveryLogs,ADM,admNotificationFindDeliveryLogs,GET,/adm/api/notifications/delivery-logs,200,재개발 요청,실패,실패,FAIL,b4b6b18b43e9ff83436ceb8b1816b31594e8d6eb,cpf-admin/frontend/openapi/cpf-openapi.json,Operation-level error contract checked; runtime Controller/DTO/export zero-drift remains required.
ADM-admNotificationFindDlq,ADM,admNotificationFindDlq,GET,/adm/api/notifications/delivery-logs/dlq,200,재개발 요청,실패,실패,FAIL,b4b6b18b43e9ff83436ceb8b1816b31594e8d6eb,cpf-admin/frontend/openapi/cpf-openapi.json,Operation-level error contract checked; runtime Controller/DTO/export zero-drift remains required.
ADM-admNotificationFindDeliveryAttempts,ADM,admNotificationFindDeliveryAttempts,GET,/adm/api/notifications/delivery-logs/{deliveryId}/attempts,200,재개발 요청,실패,실패,FAIL,b4b6b18b43e9ff83436ceb8b1816b31594e8d6eb,cpf-admin/frontend/openapi/cpf-openapi.json,Operation-level error contract checked; runtime Controller/DTO/export zero-drift remains required.
ADM-admNotificationCancelDelivery,ADM,admNotificationCancelDelivery,POST,/adm/api/notifications/delivery-logs/{deliveryId}/cancel,200,재개발 요청,실패,실패,FAIL,b4b6b18b43e9ff83436ceb8b1816b31594e8d6eb,cpf-admin/frontend/openapi/cpf-openapi.json,Operation-level error contract checked; runtime Controller/DTO/export zero-drift remains required.
ADM-admNotificationRetryDelivery,ADM,admNotificationRetryDelivery,POST,/adm/api/notifications/delivery-logs/{deliveryId}/retry,200,재개발 요청,실패,실패,FAIL,b4b6b18b43e9ff83436ceb8b1816b31594e8d6eb,cpf-admin/frontend/openapi/cpf-openapi.json,Operation-level error contract checked; runtime Controller/DTO/export zero-drift remains required.
ADM-admNotificationFindRules,ADM,admNotificationFindRules,GET,/adm/api/notifications/rules,200,재개발 요청,실패,실패,FAIL,b4b6b18b43e9ff83436ceb8b1816b31594e8d6eb,cpf-admin/frontend/openapi/cpf-openapi.json,Operation-level error contract checked; runtime Controller/DTO/export zero-drift remains required.
ADM-admNotificationSaveRule,ADM,admNotificationSaveRule,POST,/adm/api/notifications/rules,200,재개발 요청,실패,실패,FAIL,b4b6b18b43e9ff83436ceb8b1816b31594e8d6eb,cpf-admin/frontend/openapi/cpf-openapi.json,Operation-level error contract checked; runtime Controller/DTO/export zero-drift remains required.
ADM-admNotificationFindRule,ADM,admNotificationFindRule,GET,/adm/api/notifications/rules/{ruleId},200,재개발 요청,실패,실패,FAIL,b4b6b18b43e9ff83436ceb8b1816b31594e8d6eb,cpf-admin/frontend/openapi/cpf-openapi.json,Operation-level error contract checked; runtime Controller/DTO/export zero-drift remains required.
ADM-admNotificationUpdateRule,ADM,admNotificationUpdateRule,PUT,/adm/api/notifications/rules/{ruleId},200,재개발 요청,실패,실패,FAIL,b4b6b18b43e9ff83436ceb8b1816b31594e8d6eb,cpf-admin/frontend/openapi/cpf-openapi.json,Operation-level error contract checked; runtime Controller/DTO/export zero-drift remains required.
ADM-admNotificationDisableRule,ADM,admNotificationDisableRule,PUT,/adm/api/notifications/rules/{ruleId}/disable,200,재개발 요청,실패,실패,FAIL,b4b6b18b43e9ff83436ceb8b1816b31594e8d6eb,cpf-admin/frontend/openapi/cpf-openapi.json,Operation-level error contract checked; runtime Controller/DTO/export zero-drift remains required.
ADM-admNotificationSendTest,ADM,admNotificationSendTest,POST,/adm/api/notifications/rules/{ruleId}/test-send,200,재개발 요청,실패,실패,FAIL,b4b6b18b43e9ff83436ceb8b1816b31594e8d6eb,cpf-admin/frontend/openapi/cpf-openapi.json,Operation-level error contract checked; runtime Controller/DTO/export zero-drift remains required.
ADM-traceAdmByBusinessTransactionId,ADM,traceAdmByBusinessTransactionId,GET,/adm/api/observability/business-transactions/{businessTransactionId},200,재개발 요청,실패,실패,FAIL,b4b6b18b43e9ff83436ceb8b1816b31594e8d6eb,cpf-admin/frontend/openapi/cpf-openapi.json,Operation-level error contract checked; runtime Controller/DTO/export zero-drift remains required.
ADM-traceAdmByTraceId,ADM,traceAdmByTraceId,GET,/adm/api/observability/traces/{traceId},200,재개발 요청,실패,실패,FAIL,b4b6b18b43e9ff83436ceb8b1816b31594e8d6eb,cpf-admin/frontend/openapi/cpf-openapi.json,Operation-level error contract checked; runtime Controller/DTO/export zero-drift remains required.
ADM-traceAdmByTransactionId,ADM,traceAdmByTransactionId,GET,/adm/api/observability/transactions/{transactionId},200,재개발 요청,실패,실패,FAIL,b4b6b18b43e9ff83436ceb8b1816b31594e8d6eb,cpf-admin/frontend/openapi/cpf-openapi.json,Operation-level error contract checked; runtime Controller/DTO/export zero-drift remains required.
ADM-admOpenApiRefresh,ADM,admOpenApiRefresh,POST,/adm/api/openapi/refresh,200,재개발 요청,실패,실패,FAIL,b4b6b18b43e9ff83436ceb8b1816b31594e8d6eb,cpf-admin/frontend/openapi/cpf-openapi.json,Operation-level error contract checked; runtime Controller/DTO/export zero-drift remains required.
ADM-admOpenApiStatus,ADM,admOpenApiStatus,GET,/adm/api/openapi/status,200,재개발 요청,실패,실패,FAIL,b4b6b18b43e9ff83436ceb8b1816b31594e8d6eb,cpf-admin/frontend/openapi/cpf-openapi.json,Operation-level error contract checked; runtime Controller/DTO/export zero-drift remains required.
ADM-admOperatorFindOperators,ADM,admOperatorFindOperators,GET,/adm/api/operators,200,재개발 요청,실패,실패,FAIL,b4b6b18b43e9ff83436ceb8b1816b31594e8d6eb,cpf-admin/frontend/openapi/cpf-openapi.json,Operation-level error contract checked; runtime Controller/DTO/export zero-drift remains required.
ADM-admOperatorCreateOperator,ADM,admOperatorCreateOperator,POST,/adm/api/operators,200,재개발 요청,실패,실패,FAIL,b4b6b18b43e9ff83436ceb8b1816b31594e8d6eb,cpf-admin/frontend/openapi/cpf-openapi.json,Operation-level error contract checked; runtime Controller/DTO/export zero-drift remains required.
ADM-admOperatorFindMenus,ADM,admOperatorFindMenus,GET,/adm/api/operators/menus,200,재개발 요청,실패,실패,FAIL,b4b6b18b43e9ff83436ceb8b1816b31594e8d6eb,cpf-admin/frontend/openapi/cpf-openapi.json,Operation-level error contract checked; runtime Controller/DTO/export zero-drift remains required.
ADM-admOperatorFindCreateResult,ADM,admOperatorFindCreateResult,GET,/adm/api/operators/operations/{operationId},200,재개발 요청,실패,실패,FAIL,b4b6b18b43e9ff83436ceb8b1816b31594e8d6eb,cpf-admin/frontend/openapi/cpf-openapi.json,Operation-level error contract checked; runtime Controller/DTO/export zero-drift remains required.
ADM-admOperatorPasswordPolicy,ADM,admOperatorPasswordPolicy,GET,/adm/api/operators/password-policy,200,재개발 요청,실패,실패,FAIL,b4b6b18b43e9ff83436ceb8b1816b31594e8d6eb,cpf-admin/frontend/openapi/cpf-openapi.json,Operation-level error contract checked; runtime Controller/DTO/export zero-drift remains required.
ADM-admOperatorValidatePassword,ADM,admOperatorValidatePassword,GET,/adm/api/operators/password-policy/validate,200,재개발 요청,실패,실패,FAIL,b4b6b18b43e9ff83436ceb8b1816b31594e8d6eb,cpf-admin/frontend/openapi/cpf-openapi.json,Operation-level error contract checked; runtime Controller/DTO/export zero-drift remains required.
ADM-admOperatorFindRoles,ADM,admOperatorFindRoles,GET,/adm/api/operators/roles,200,재개발 요청,실패,실패,FAIL,b4b6b18b43e9ff83436ceb8b1816b31594e8d6eb,cpf-admin/frontend/openapi/cpf-openapi.json,Operation-level error contract checked; runtime Controller/DTO/export zero-drift remains required.
ADM-admOperatorFindSessions,ADM,admOperatorFindSessions,GET,/adm/api/operators/sessions,200,재개발 요청,실패,실패,FAIL,b4b6b18b43e9ff83436ceb8b1816b31594e8d6eb,cpf-admin/frontend/openapi/cpf-openapi.json,Operation-level error contract checked; runtime Controller/DTO/export zero-drift remains required.
ADM-admOperatorCleanupExpiredSessions,ADM,admOperatorCleanupExpiredSessions,POST,/adm/api/operators/sessions/cleanup-expired,200,재개발 요청,실패,실패,FAIL,b4b6b18b43e9ff83436ceb8b1816b31594e8d6eb,cpf-admin/frontend/openapi/cpf-openapi.json,Operation-level error contract checked; runtime Controller/DTO/export zero-drift remains required.
ADM-admOperatorRevokeSession,ADM,admOperatorRevokeSession,POST,/adm/api/operators/sessions/{sessionId}/revoke,200,재개발 요청,실패,실패,FAIL,b4b6b18b43e9ff83436ceb8b1816b31594e8d6eb,cpf-admin/frontend/openapi/cpf-openapi.json,Operation-level error contract checked; runtime Controller/DTO/export zero-drift remains required.
ADM-admOperatorUpdateContact,ADM,admOperatorUpdateContact,PUT,/adm/api/operators/{operatorId}/contacts,200,재개발 요청,실패,실패,FAIL,b4b6b18b43e9ff83436ceb8b1816b31594e8d6eb,cpf-admin/frontend/openapi/cpf-openapi.json,Operation-level error contract checked; runtime Controller/DTO/export zero-drift remains required.
ADM-admOperatorRawContact,ADM,admOperatorRawContact,POST,/adm/api/operators/{operatorId}/contacts/raw,200,재개발 요청,실패,실패,FAIL,b4b6b18b43e9ff83436ceb8b1816b31594e8d6eb,cpf-admin/frontend/openapi/cpf-openapi.json,Operation-level error contract checked; runtime Controller/DTO/export zero-drift remains required.
ADM-admOperatorChangePassword,ADM,admOperatorChangePassword,POST,/adm/api/operators/{operatorId}/password,200,재개발 요청,실패,실패,FAIL,b4b6b18b43e9ff83436ceb8b1816b31594e8d6eb,cpf-admin/frontend/openapi/cpf-openapi.json,Operation-level error contract checked; runtime Controller/DTO/export zero-drift remains required.
ADM-admOperatorResetPassword,ADM,admOperatorResetPassword,POST,/adm/api/operators/{operatorId}/password/reset,200,재개발 요청,실패,실패,FAIL,b4b6b18b43e9ff83436ceb8b1816b31594e8d6eb,cpf-admin/frontend/openapi/cpf-openapi.json,Operation-level error contract checked; runtime Controller/DTO/export zero-drift remains required.
ADM-admOperatorUpdateRoles,ADM,admOperatorUpdateRoles,PUT,/adm/api/operators/{operatorId}/roles,200,재개발 요청,실패,실패,FAIL,b4b6b18b43e9ff83436ceb8b1816b31594e8d6eb,cpf-admin/frontend/openapi/cpf-openapi.json,Operation-level error contract checked; runtime Controller/DTO/export zero-drift remains required.
ADM-admOperatorUpdateStatus,ADM,admOperatorUpdateStatus,PUT,/adm/api/operators/{operatorId}/status,200,재개발 요청,실패,실패,FAIL,b4b6b18b43e9ff83436ceb8b1816b31594e8d6eb,cpf-admin/frontend/openapi/cpf-openapi.json,Operation-level error contract checked; runtime Controller/DTO/export zero-drift remains required.
ADM-admOperatorUnlockOperator,ADM,admOperatorUnlockOperator,POST,/adm/api/operators/{operatorId}/unlock,200,재개발 요청,실패,실패,FAIL,b4b6b18b43e9ff83436ceb8b1816b31594e8d6eb,cpf-admin/frontend/openapi/cpf-openapi.json,Operation-level error contract checked; runtime Controller/DTO/export zero-drift remains required.
ADM-admParameterReferenceSearch,ADM,admParameterReferenceSearch,GET,/adm/api/parameter-references,200,재개발 요청,실패,실패,FAIL,b4b6b18b43e9ff83436ceb8b1816b31594e8d6eb,cpf-admin/frontend/openapi/cpf-openapi.json,Operation-level error contract checked; runtime Controller/DTO/export zero-drift remains required.
ADM-admPermissionFindApiPermissionMatrix,ADM,admPermissionFindApiPermissionMatrix,GET,/adm/api/permissions/api-matrix,200,재개발 요청,실패,실패,FAIL,b4b6b18b43e9ff83436ceb8b1816b31594e8d6eb,cpf-admin/frontend/openapi/cpf-openapi.json,Operation-level error contract checked; runtime Controller/DTO/export zero-drift remains required.
ADM-admPermissionFindApiPermissions,ADM,admPermissionFindApiPermissions,GET,/adm/api/permissions/api-permissions,200,재개발 요청,실패,실패,FAIL,b4b6b18b43e9ff83436ceb8b1816b31594e8d6eb,cpf-admin/frontend/openapi/cpf-openapi.json,Operation-level error contract checked; runtime Controller/DTO/export zero-drift remains required.
ADM-admPermissionCreateApiPermission,ADM,admPermissionCreateApiPermission,POST,/adm/api/permissions/api-permissions,200,재개발 요청,실패,실패,FAIL,b4b6b18b43e9ff83436ceb8b1816b31594e8d6eb,cpf-admin/frontend/openapi/cpf-openapi.json,Operation-level error contract checked; runtime Controller/DTO/export zero-drift remains required.
ADM-admPermissionFindApiPermission,ADM,admPermissionFindApiPermission,GET,/adm/api/permissions/api-permissions/{apiPermissionId},200,재개발 요청,실패,실패,FAIL,b4b6b18b43e9ff83436ceb8b1816b31594e8d6eb,cpf-admin/frontend/openapi/cpf-openapi.json,Operation-level error contract checked; runtime Controller/DTO/export zero-drift remains required.
ADM-admPermissionUpdateApiPermission,ADM,admPermissionUpdateApiPermission,PUT,/adm/api/permissions/api-permissions/{apiPermissionId},200,재개발 요청,실패,실패,FAIL,b4b6b18b43e9ff83436ceb8b1816b31594e8d6eb,cpf-admin/frontend/openapi/cpf-openapi.json,Operation-level error contract checked; runtime Controller/DTO/export zero-drift remains required.
ADM-admPermissionUpdateApiPermissionStatus,ADM,admPermissionUpdateApiPermissionStatus,PUT,/adm/api/permissions/api-permissions/{apiPermissionId}/status,200,재개발 요청,실패,실패,FAIL,b4b6b18b43e9ff83436ceb8b1816b31594e8d6eb,cpf-admin/frontend/openapi/cpf-openapi.json,Operation-level error contract checked; runtime Controller/DTO/export zero-drift remains required.
ADM-admPermissionFindButtonMatrix,ADM,admPermissionFindButtonMatrix,GET,/adm/api/permissions/button-matrix,200,재개발 요청,실패,실패,FAIL,b4b6b18b43e9ff83436ceb8b1816b31594e8d6eb,cpf-admin/frontend/openapi/cpf-openapi.json,Operation-level error contract checked; runtime Controller/DTO/export zero-drift remains required.
ADM-admPermissionFindButtons,ADM,admPermissionFindButtons,GET,/adm/api/permissions/buttons,200,재개발 요청,실패,실패,FAIL,b4b6b18b43e9ff83436ceb8b1816b31594e8d6eb,cpf-admin/frontend/openapi/cpf-openapi.json,Operation-level error contract checked; runtime Controller/DTO/export zero-drift remains required.
ADM-admPermissionCreateButton,ADM,admPermissionCreateButton,POST,/adm/api/permissions/buttons,200,재개발 요청,실패,실패,FAIL,b4b6b18b43e9ff83436ceb8b1816b31594e8d6eb,cpf-admin/frontend/openapi/cpf-openapi.json,Operation-level error contract checked; runtime Controller/DTO/export zero-drift remains required.
ADM-admPermissionFindButton,ADM,admPermissionFindButton,GET,/adm/api/permissions/buttons/{buttonId},200,재개발 요청,실패,실패,FAIL,b4b6b18b43e9ff83436ceb8b1816b31594e8d6eb,cpf-admin/frontend/openapi/cpf-openapi.json,Operation-level error contract checked; runtime Controller/DTO/export zero-drift remains required.
ADM-admPermissionUpdateButton,ADM,admPermissionUpdateButton,PUT,/adm/api/permissions/buttons/{buttonId},200,재개발 요청,실패,실패,FAIL,b4b6b18b43e9ff83436ceb8b1816b31594e8d6eb,cpf-admin/frontend/openapi/cpf-openapi.json,Operation-level error contract checked; runtime Controller/DTO/export zero-drift remains required.
ADM-admPermissionUpdateButtonStatus,ADM,admPermissionUpdateButtonStatus,PUT,/adm/api/permissions/buttons/{buttonId}/status,200,재개발 요청,실패,실패,FAIL,b4b6b18b43e9ff83436ceb8b1816b31594e8d6eb,cpf-admin/frontend/openapi/cpf-openapi.json,Operation-level error contract checked; runtime Controller/DTO/export zero-drift remains required.
ADM-admPermissionFindMenuMatrix,ADM,admPermissionFindMenuMatrix,GET,/adm/api/permissions/menu-matrix,200,재개발 요청,실패,실패,FAIL,b4b6b18b43e9ff83436ceb8b1816b31594e8d6eb,cpf-admin/frontend/openapi/cpf-openapi.json,Operation-level error contract checked; runtime Controller/DTO/export zero-drift remains required.
ADM-admPermissionFindManagedMenus,ADM,admPermissionFindManagedMenus,GET,/adm/api/permissions/menus,200,재개발 요청,실패,실패,FAIL,b4b6b18b43e9ff83436ceb8b1816b31594e8d6eb,cpf-admin/frontend/openapi/cpf-openapi.json,Operation-level error contract checked; runtime Controller/DTO/export zero-drift remains required.
ADM-admPermissionCreateMenu,ADM,admPermissionCreateMenu,POST,/adm/api/permissions/menus,200,재개발 요청,실패,실패,FAIL,b4b6b18b43e9ff83436ceb8b1816b31594e8d6eb,cpf-admin/frontend/openapi/cpf-openapi.json,Operation-level error contract checked; runtime Controller/DTO/export zero-drift remains required.
ADM-admPermissionFindManagedMenu,ADM,admPermissionFindManagedMenu,GET,/adm/api/permissions/menus/{menuId},200,재개발 요청,실패,실패,FAIL,b4b6b18b43e9ff83436ceb8b1816b31594e8d6eb,cpf-admin/frontend/openapi/cpf-openapi.json,Operation-level error contract checked; runtime Controller/DTO/export zero-drift remains required.
ADM-admPermissionUpdateMenu,ADM,admPermissionUpdateMenu,PUT,/adm/api/permissions/menus/{menuId},200,재개발 요청,실패,실패,FAIL,b4b6b18b43e9ff83436ceb8b1816b31594e8d6eb,cpf-admin/frontend/openapi/cpf-openapi.json,Operation-level error contract checked; runtime Controller/DTO/export zero-drift remains required.
ADM-admPermissionUpdateMenuStatus,ADM,admPermissionUpdateMenuStatus,PUT,/adm/api/permissions/menus/{menuId}/status,200,재개발 요청,실패,실패,FAIL,b4b6b18b43e9ff83436ceb8b1816b31594e8d6eb,cpf-admin/frontend/openapi/cpf-openapi.json,Operation-level error contract checked; runtime Controller/DTO/export zero-drift remains required.
ADM-admPermissionFindRoles,ADM,admPermissionFindRoles,GET,/adm/api/permissions/roles,200,재개발 요청,실패,실패,FAIL,b4b6b18b43e9ff83436ceb8b1816b31594e8d6eb,cpf-admin/frontend/openapi/cpf-openapi.json,Operation-level error contract checked; runtime Controller/DTO/export zero-drift remains required.
ADM-admPermissionCreateRole,ADM,admPermissionCreateRole,POST,/adm/api/permissions/roles,200,재개발 요청,실패,실패,FAIL,b4b6b18b43e9ff83436ceb8b1816b31594e8d6eb,cpf-admin/frontend/openapi/cpf-openapi.json,Operation-level error contract checked; runtime Controller/DTO/export zero-drift remains required.
ADM-admPermissionFindRole,ADM,admPermissionFindRole,GET,/adm/api/permissions/roles/{roleId},200,재개발 요청,실패,실패,FAIL,b4b6b18b43e9ff83436ceb8b1816b31594e8d6eb,cpf-admin/frontend/openapi/cpf-openapi.json,Operation-level error contract checked; runtime Controller/DTO/export zero-drift remains required.
ADM-admPermissionUpdateRole,ADM,admPermissionUpdateRole,PUT,/adm/api/permissions/roles/{roleId},200,재개발 요청,실패,실패,FAIL,b4b6b18b43e9ff83436ceb8b1816b31594e8d6eb,cpf-admin/frontend/openapi/cpf-openapi.json,Operation-level error contract checked; runtime Controller/DTO/export zero-drift remains required.
ADM-admPermissionUpdateRoleApiPermission,ADM,admPermissionUpdateRoleApiPermission,PUT,/adm/api/permissions/roles/{roleId}/api-permissions/{apiPermissionId},200,재개발 요청,실패,실패,FAIL,b4b6b18b43e9ff83436ceb8b1816b31594e8d6eb,cpf-admin/frontend/openapi/cpf-openapi.json,Operation-level error contract checked; runtime Controller/DTO/export zero-drift remains required.
ADM-admPermissionUpdateButtonPermission,ADM,admPermissionUpdateButtonPermission,PUT,/adm/api/permissions/roles/{roleId}/buttons/{buttonId},200,재개발 요청,실패,실패,FAIL,b4b6b18b43e9ff83436ceb8b1816b31594e8d6eb,cpf-admin/frontend/openapi/cpf-openapi.json,Operation-level error contract checked; runtime Controller/DTO/export zero-drift remains required.
ADM-admPermissionUpdateMenuPermission,ADM,admPermissionUpdateMenuPermission,PUT,/adm/api/permissions/roles/{roleId}/menus/{menuId},200,재개발 요청,실패,실패,FAIL,b4b6b18b43e9ff83436ceb8b1816b31594e8d6eb,cpf-admin/frontend/openapi/cpf-openapi.json,Operation-level error contract checked; runtime Controller/DTO/export zero-drift remains required.
ADM-admPermissionUpdateRoleStatus,ADM,admPermissionUpdateRoleStatus,PUT,/adm/api/permissions/roles/{roleId}/status,200,재개발 요청,실패,실패,FAIL,b4b6b18b43e9ff83436ceb8b1816b31594e8d6eb,cpf-admin/frontend/openapi/cpf-openapi.json,Operation-level error contract checked; runtime Controller/DTO/export zero-drift remains required.
ADM-admFeatureFlagSearch,ADM,admFeatureFlagSearch,GET,/adm/api/platform/feature-flags,200,재개발 요청,실패,실패,FAIL,b4b6b18b43e9ff83436ceb8b1816b31594e8d6eb,cpf-admin/frontend/openapi/cpf-openapi.json,Operation-level error contract checked; runtime Controller/DTO/export zero-drift remains required.
ADM-admFeatureFlagEvaluate,ADM,admFeatureFlagEvaluate,POST,/adm/api/platform/feature-flags/evaluate,200,재개발 요청,실패,실패,FAIL,b4b6b18b43e9ff83436ceb8b1816b31594e8d6eb,cpf-admin/frontend/openapi/cpf-openapi.json,Operation-level error contract checked; runtime Controller/DTO/export zero-drift remains required.
ADM-admFeatureFlagRequestOverride,ADM,admFeatureFlagRequestOverride,POST,/adm/api/platform/feature-flags/override-requests,200,재개발 요청,실패,실패,FAIL,b4b6b18b43e9ff83436ceb8b1816b31594e8d6eb,cpf-admin/frontend/openapi/cpf-openapi.json,Operation-level error contract checked; runtime Controller/DTO/export zero-drift remains required.
ADM-admFeatureFlagApproveOverride,ADM,admFeatureFlagApproveOverride,POST,/adm/api/platform/feature-flags/override-requests/{requestId}/approve,200,재개발 요청,실패,실패,FAIL,b4b6b18b43e9ff83436ceb8b1816b31594e8d6eb,cpf-admin/frontend/openapi/cpf-openapi.json,Operation-level error contract checked; runtime Controller/DTO/export zero-drift remains required.
ADM-admFeatureFlagRevokeOverride,ADM,admFeatureFlagRevokeOverride,POST,/adm/api/platform/feature-flags/override-requests/{requestId}/revoke,200,재개발 요청,실패,실패,FAIL,b4b6b18b43e9ff83436ceb8b1816b31594e8d6eb,cpf-admin/frontend/openapi/cpf-openapi.json,Operation-level error contract checked; runtime Controller/DTO/export zero-drift remains required.
ADM-admFeatureFlagFind,ADM,admFeatureFlagFind,GET,/adm/api/platform/feature-flags/{flagKey},200,재개발 요청,실패,실패,FAIL,b4b6b18b43e9ff83436ceb8b1816b31594e8d6eb,cpf-admin/frontend/openapi/cpf-openapi.json,Operation-level error contract checked; runtime Controller/DTO/export zero-drift remains required.
ADM-admFeatureFlagSetKillSwitch,ADM,admFeatureFlagSetKillSwitch,POST,/adm/api/platform/feature-flags/{flagKey}/kill-switch,200,재개발 요청,실패,실패,FAIL,b4b6b18b43e9ff83436ceb8b1816b31594e8d6eb,cpf-admin/frontend/openapi/cpf-openapi.json,Operation-level error contract checked; runtime Controller/DTO/export zero-drift remains required.
ADM-admResiliencePolicySearch,ADM,admResiliencePolicySearch,GET,/adm/api/platform/resilience-policies,200,재개발 요청,실패,실패,FAIL,b4b6b18b43e9ff83436ceb8b1816b31594e8d6eb,cpf-admin/frontend/openapi/cpf-openapi.json,Operation-level error contract checked; runtime Controller/DTO/export zero-drift remains required.
ADM-admResiliencePolicyRequest,ADM,admResiliencePolicyRequest,POST,/adm/api/platform/resilience-policies/requests,200,재개발 요청,실패,실패,FAIL,b4b6b18b43e9ff83436ceb8b1816b31594e8d6eb,cpf-admin/frontend/openapi/cpf-openapi.json,Operation-level error contract checked; runtime Controller/DTO/export zero-drift remains required.
ADM-admResiliencePolicyApprove,ADM,admResiliencePolicyApprove,POST,/adm/api/platform/resilience-policies/requests/{requestId}/approve,200,재개발 요청,실패,실패,FAIL,b4b6b18b43e9ff83436ceb8b1816b31594e8d6eb,cpf-admin/frontend/openapi/cpf-openapi.json,Operation-level error contract checked; runtime Controller/DTO/export zero-drift remains required.
ADM-admResiliencePolicyReject,ADM,admResiliencePolicyReject,POST,/adm/api/platform/resilience-policies/requests/{requestId}/reject,200,재개발 요청,실패,실패,FAIL,b4b6b18b43e9ff83436ceb8b1816b31594e8d6eb,cpf-admin/frontend/openapi/cpf-openapi.json,Operation-level error contract checked; runtime Controller/DTO/export zero-drift remains required.
ADM-admResiliencePolicyFind,ADM,admResiliencePolicyFind,GET,/adm/api/platform/resilience-policies/{operationId},200,재개발 요청,실패,실패,FAIL,b4b6b18b43e9ff83436ceb8b1816b31594e8d6eb,cpf-admin/frontend/openapi/cpf-openapi.json,Operation-level error contract checked; runtime Controller/DTO/export zero-drift remains required.
ADM-findAdmBatchJobInstanceLogs,ADM,findAdmBatchJobInstanceLogs,GET,/adm/api/reliability/batch-job-logs,200,재개발 요청,실패,실패,FAIL,b4b6b18b43e9ff83436ceb8b1816b31594e8d6eb,cpf-admin/frontend/openapi/cpf-openapi.json,Operation-level error contract checked; runtime Controller/DTO/export zero-drift remains required.
ADM-getAdmBatchJobInstanceLog,ADM,getAdmBatchJobInstanceLog,GET,/adm/api/reliability/batch-job-logs/{businessDate}/{jobName}/{jobInstanceId},200,재개발 요청,실패,실패,FAIL,b4b6b18b43e9ff83436ceb8b1816b31594e8d6eb,cpf-admin/frontend/openapi/cpf-openapi.json,Operation-level error contract checked; runtime Controller/DTO/export zero-drift remains required.
ADM-findAdmBrokerDlq,ADM,findAdmBrokerDlq,GET,/adm/api/reliability/broker/dlq,200,재개발 요청,실패,실패,FAIL,b4b6b18b43e9ff83436ceb8b1816b31594e8d6eb,cpf-admin/frontend/openapi/cpf-openapi.json,Operation-level error contract checked; runtime Controller/DTO/export zero-drift remains required.
ADM-requestAdmBrokerDlqReplay,ADM,requestAdmBrokerDlqReplay,POST,/adm/api/reliability/broker/dlq/{messageId}/replay,200,재개발 요청,실패,실패,FAIL,b4b6b18b43e9ff83436ceb8b1816b31594e8d6eb,cpf-admin/frontend/openapi/cpf-openapi.json,Operation-level error contract checked; runtime Controller/DTO/export zero-drift remains required.
ADM-findAdmBrokerInbox,ADM,findAdmBrokerInbox,GET,/adm/api/reliability/broker/inbox,200,재개발 요청,실패,실패,FAIL,b4b6b18b43e9ff83436ceb8b1816b31594e8d6eb,cpf-admin/frontend/openapi/cpf-openapi.json,Operation-level error contract checked; runtime Controller/DTO/export zero-drift remains required.
ADM-findAdmBrokerOutbox,ADM,findAdmBrokerOutbox,GET,/adm/api/reliability/broker/outbox,200,재개발 요청,실패,실패,FAIL,b4b6b18b43e9ff83436ceb8b1816b31594e8d6eb,cpf-admin/frontend/openapi/cpf-openapi.json,Operation-level error contract checked; runtime Controller/DTO/export zero-drift remains required.
ADM-findAdmFileTransferHistory,ADM,findAdmFileTransferHistory,GET,/adm/api/reliability/file-transfers,200,재개발 요청,실패,실패,FAIL,b4b6b18b43e9ff83436ceb8b1816b31594e8d6eb,cpf-admin/frontend/openapi/cpf-openapi.json,Operation-level error contract checked; runtime Controller/DTO/export zero-drift remains required.
ADM-findAdmIdempotencyRecords,ADM,findAdmIdempotencyRecords,GET,/adm/api/reliability/idempotency,200,재개발 요청,실패,실패,FAIL,b4b6b18b43e9ff83436ceb8b1816b31594e8d6eb,cpf-admin/frontend/openapi/cpf-openapi.json,Operation-level error contract checked; runtime Controller/DTO/export zero-drift remains required.
ADM-getAdmTransactionLogRecoveryStatus,ADM,getAdmTransactionLogRecoveryStatus,GET,/adm/api/reliability/transaction-log-recovery,200,재개발 요청,실패,실패,FAIL,b4b6b18b43e9ff83436ceb8b1816b31594e8d6eb,cpf-admin/frontend/openapi/cpf-openapi.json,Operation-level error contract checked; runtime Controller/DTO/export zero-drift remains required.
ADM-retryAdmTraceRecoveryPoison,ADM,retryAdmTraceRecoveryPoison,POST,/adm/api/reliability/transaction-log-recovery/poison/{target}/{recoveryEventId}/retry,200,재개발 요청,실패,실패,FAIL,b4b6b18b43e9ff83436ceb8b1816b31594e8d6eb,cpf-admin/frontend/openapi/cpf-openapi.json,Operation-level error contract checked; runtime Controller/DTO/export zero-drift remains required.
ADM-runAdmTransactionLogRecovery,ADM,runAdmTransactionLogRecovery,POST,/adm/api/reliability/transaction-log-recovery/run,200,재개발 요청,실패,실패,FAIL,b4b6b18b43e9ff83436ceb8b1816b31594e8d6eb,cpf-admin/frontend/openapi/cpf-openapi.json,Operation-level error contract checked; runtime Controller/DTO/export zero-drift remains required.
ADM-findAdmUnknownResults,ADM,findAdmUnknownResults,GET,/adm/api/reliability/unknown-results,200,재개발 요청,실패,실패,FAIL,b4b6b18b43e9ff83436ceb8b1816b31594e8d6eb,cpf-admin/frontend/openapi/cpf-openapi.json,Operation-level error contract checked; runtime Controller/DTO/export zero-drift remains required.
ADM-resolveAdmUnknownResult,ADM,resolveAdmUnknownResult,POST,/adm/api/reliability/unknown-results/{unknownId}/resolve,200,재개발 요청,실패,실패,FAIL,b4b6b18b43e9ff83436ceb8b1816b31594e8d6eb,cpf-admin/frontend/openapi/cpf-openapi.json,Operation-level error contract checked; runtime Controller/DTO/export zero-drift remains required.
ADM-admRemoteLogSearch,ADM,admRemoteLogSearch,GET,/adm/api/remote-logs,200,재개발 요청,실패,실패,FAIL,b4b6b18b43e9ff83436ceb8b1816b31594e8d6eb,cpf-admin/frontend/openapi/cpf-openapi.json,Operation-level error contract checked; runtime Controller/DTO/export zero-drift remains required.
ADM-admRemoteLogBundleJobCreate,ADM,admRemoteLogBundleJobCreate,POST,/adm/api/remote-logs/bundle-jobs,200,재개발 요청,실패,실패,FAIL,b4b6b18b43e9ff83436ceb8b1816b31594e8d6eb,cpf-admin/frontend/openapi/cpf-openapi.json,Operation-level error contract checked; runtime Controller/DTO/export zero-drift remains required.
ADM-admRemoteLogBundleJobFind,ADM,admRemoteLogBundleJobFind,GET,/adm/api/remote-logs/bundle-jobs/{jobId},200,재개발 요청,실패,실패,FAIL,b4b6b18b43e9ff83436ceb8b1816b31594e8d6eb,cpf-admin/frontend/openapi/cpf-openapi.json,Operation-level error contract checked; runtime Controller/DTO/export zero-drift remains required.
ADM-admRemoteLogBundleJobDownload,ADM,admRemoteLogBundleJobDownload,GET,/adm/api/remote-logs/bundle-jobs/{jobId}/download,200,재개발 요청,실패,실패,FAIL,b4b6b18b43e9ff83436ceb8b1816b31594e8d6eb,cpf-admin/frontend/openapi/cpf-openapi.json,Operation-level error contract checked; runtime Controller/DTO/export zero-drift remains required.
ADM-admRemoteLogBundleDownloadTokenIssue,ADM,admRemoteLogBundleDownloadTokenIssue,POST,/adm/api/remote-logs/bundle-jobs/{jobId}/download-tokens,200,재개발 요청,실패,실패,FAIL,b4b6b18b43e9ff83436ceb8b1816b31594e8d6eb,cpf-admin/frontend/openapi/cpf-openapi.json,Operation-level error contract checked; runtime Controller/DTO/export zero-drift remains required.
ADM-admRemoteLogBundleDownload,ADM,admRemoteLogBundleDownload,POST,/adm/api/remote-logs/bundles,200,재개발 요청,실패,실패,FAIL,b4b6b18b43e9ff83436ceb8b1816b31594e8d6eb,cpf-admin/frontend/openapi/cpf-openapi.json,Operation-level error contract checked; runtime Controller/DTO/export zero-drift remains required.
ADM-admRemoteLogDiagnostics,ADM,admRemoteLogDiagnostics,GET,/adm/api/remote-logs/diagnostics,200,재개발 요청,실패,실패,FAIL,b4b6b18b43e9ff83436ceb8b1816b31594e8d6eb,cpf-admin/frontend/openapi/cpf-openapi.json,Operation-level error contract checked; runtime Controller/DTO/export zero-drift remains required.
ADM-admRemoteLogDownload,ADM,admRemoteLogDownload,GET,/adm/api/remote-logs/{artifactId}/download,200,재개발 요청,실패,실패,FAIL,b4b6b18b43e9ff83436ceb8b1816b31594e8d6eb,cpf-admin/frontend/openapi/cpf-openapi.json,Operation-level error contract checked; runtime Controller/DTO/export zero-drift remains required.
ADM-admRemoteLogPreview,ADM,admRemoteLogPreview,GET,/adm/api/remote-logs/{artifactId}/preview,200,재개발 요청,실패,실패,FAIL,b4b6b18b43e9ff83436ceb8b1816b31594e8d6eb,cpf-admin/frontend/openapi/cpf-openapi.json,Operation-level error contract checked; runtime Controller/DTO/export zero-drift remains required.
ADM-admResponseCodeFindAll,ADM,admResponseCodeFindAll,GET,/adm/api/response-codes,200,재개발 요청,실패,실패,FAIL,b4b6b18b43e9ff83436ceb8b1816b31594e8d6eb,cpf-admin/frontend/openapi/cpf-openapi.json,Operation-level error contract checked; runtime Controller/DTO/export zero-drift remains required.
ADM-admResponseCodeCreate,ADM,admResponseCodeCreate,POST,/adm/api/response-codes,200,재개발 요청,실패,실패,FAIL,b4b6b18b43e9ff83436ceb8b1816b31594e8d6eb,cpf-admin/frontend/openapi/cpf-openapi.json,Operation-level error contract checked; runtime Controller/DTO/export zero-drift remains required.
ADM-admResponseCodeDelete,ADM,admResponseCodeDelete,DELETE,/adm/api/response-codes/{responseCode},200,재개발 요청,실패,실패,FAIL,b4b6b18b43e9ff83436ceb8b1816b31594e8d6eb,cpf-admin/frontend/openapi/cpf-openapi.json,Operation-level error contract checked; runtime Controller/DTO/export zero-drift remains required.
ADM-admResponseCodeFindOne,ADM,admResponseCodeFindOne,GET,/adm/api/response-codes/{responseCode},200,재개발 요청,실패,실패,FAIL,b4b6b18b43e9ff83436ceb8b1816b31594e8d6eb,cpf-admin/frontend/openapi/cpf-openapi.json,Operation-level error contract checked; runtime Controller/DTO/export zero-drift remains required.
ADM-admResponseCodeUpdate,ADM,admResponseCodeUpdate,PUT,/adm/api/response-codes/{responseCode},200,재개발 요청,실패,실패,FAIL,b4b6b18b43e9ff83436ceb8b1816b31594e8d6eb,cpf-admin/frontend/openapi/cpf-openapi.json,Operation-level error contract checked; runtime Controller/DTO/export zero-drift remains required.
ADM-admRuntimeControlFindCapabilities,ADM,admRuntimeControlFindCapabilities,GET,/adm/api/runtime-control/capabilities,200,재개발 요청,실패,실패,FAIL,b4b6b18b43e9ff83436ceb8b1816b31594e8d6eb,cpf-admin/frontend/openapi/cpf-openapi.json,Operation-level error contract checked; runtime Controller/DTO/export zero-drift remains required.
ADM-admRuntimeControlCreateChange,ADM,admRuntimeControlCreateChange,POST,/adm/api/runtime-control/changes,200,재개발 요청,실패,실패,FAIL,b4b6b18b43e9ff83436ceb8b1816b31594e8d6eb,cpf-admin/frontend/openapi/cpf-openapi.json,Operation-level error contract checked; runtime Controller/DTO/export zero-drift remains required.
ADM-admRuntimeControlFindChange,ADM,admRuntimeControlFindChange,GET,/adm/api/runtime-control/changes/{changeId},200,재개발 요청,실패,실패,FAIL,b4b6b18b43e9ff83436ceb8b1816b31594e8d6eb,cpf-admin/frontend/openapi/cpf-openapi.json,Operation-level error contract checked; runtime Controller/DTO/export zero-drift remains required.
ADM-admRuntimeControlVerifyAudit,ADM,admRuntimeControlVerifyAudit,GET,/adm/api/runtime-control/changes/{changeId}/audit/verify,200,재개발 요청,실패,실패,FAIL,b4b6b18b43e9ff83436ceb8b1816b31594e8d6eb,cpf-admin/frontend/openapi/cpf-openapi.json,Operation-level error contract checked; runtime Controller/DTO/export zero-drift remains required.
ADM-admRuntimeControlCancelChange,ADM,admRuntimeControlCancelChange,POST,/adm/api/runtime-control/changes/{changeId}/cancel,200,재개발 요청,실패,실패,FAIL,b4b6b18b43e9ff83436ceb8b1816b31594e8d6eb,cpf-admin/frontend/openapi/cpf-openapi.json,Operation-level error contract checked; runtime Controller/DTO/export zero-drift remains required.
ADM-admRuntimeControlRollbackChange,ADM,admRuntimeControlRollbackChange,POST,/adm/api/runtime-control/changes/{changeId}/rollback,200,재개발 요청,실패,실패,FAIL,b4b6b18b43e9ff83436ceb8b1816b31594e8d6eb,cpf-admin/frontend/openapi/cpf-openapi.json,Operation-level error contract checked; runtime Controller/DTO/export zero-drift remains required.
ADM-admRuntimeControlSaveGroup,ADM,admRuntimeControlSaveGroup,POST,/adm/api/runtime-control/groups,200,재개발 요청,실패,실패,FAIL,b4b6b18b43e9ff83436ceb8b1816b31594e8d6eb,cpf-admin/frontend/openapi/cpf-openapi.json,Operation-level error contract checked; runtime Controller/DTO/export zero-drift remains required.
ADM-admRuntimeControlDeleteGroup,ADM,admRuntimeControlDeleteGroup,DELETE,/adm/api/runtime-control/groups/{groupId},200,재개발 요청,실패,실패,FAIL,b4b6b18b43e9ff83436ceb8b1816b31594e8d6eb,cpf-admin/frontend/openapi/cpf-openapi.json,Operation-level error contract checked; runtime Controller/DTO/export zero-drift remains required.
ADM-admRuntimeControlFindGroup,ADM,admRuntimeControlFindGroup,GET,/adm/api/runtime-control/groups/{groupId},200,재개발 요청,실패,실패,FAIL,b4b6b18b43e9ff83436ceb8b1816b31594e8d6eb,cpf-admin/frontend/openapi/cpf-openapi.json,Operation-level error contract checked; runtime Controller/DTO/export zero-drift remains required.
ADM-admRuntimeControlChangeGroupMember,ADM,admRuntimeControlChangeGroupMember,POST,/adm/api/runtime-control/groups/{groupId}/members,200,재개발 요청,실패,실패,FAIL,b4b6b18b43e9ff83436ceb8b1816b31594e8d6eb,cpf-admin/frontend/openapi/cpf-openapi.json,Operation-level error contract checked; runtime Controller/DTO/export zero-drift remains required.
ADM-admRuntimeControlFindHealth,ADM,admRuntimeControlFindHealth,GET,/adm/api/runtime-control/health,200,재개발 요청,실패,실패,FAIL,b4b6b18b43e9ff83436ceb8b1816b31594e8d6eb,cpf-admin/frontend/openapi/cpf-openapi.json,Operation-level error contract checked; runtime Controller/DTO/export zero-drift remains required.
ADM-admRuntimeControlFindByOperation,ADM,admRuntimeControlFindByOperation,GET,/adm/api/runtime-control/operations/{operationId},200,재개발 요청,실패,실패,FAIL,b4b6b18b43e9ff83436ceb8b1816b31594e8d6eb,cpf-admin/frontend/openapi/cpf-openapi.json,Operation-level error contract checked; runtime Controller/DTO/export zero-drift remains required.
ADM-admRuntimeControlPreviewChange,ADM,admRuntimeControlPreviewChange,POST,/adm/api/runtime-control/preview-change,200,재개발 요청,실패,실패,FAIL,b4b6b18b43e9ff83436ceb8b1816b31594e8d6eb,cpf-admin/frontend/openapi/cpf-openapi.json,Operation-level error contract checked; runtime Controller/DTO/export zero-drift remains required.
ADM-admRuntimeControlPreviewTargets,ADM,admRuntimeControlPreviewTargets,POST,/adm/api/runtime-control/preview-targets,200,재개발 요청,실패,실패,FAIL,b4b6b18b43e9ff83436ceb8b1816b31594e8d6eb,cpf-admin/frontend/openapi/cpf-openapi.json,Operation-level error contract checked; runtime Controller/DTO/export zero-drift remains required.
ADM-admRuntimeControlFindStateCatalog,ADM,admRuntimeControlFindStateCatalog,GET,/adm/api/runtime-control/states,200,재개발 요청,실패,실패,FAIL,b4b6b18b43e9ff83436ceb8b1816b31594e8d6eb,cpf-admin/frontend/openapi/cpf-openapi.json,Operation-level error contract checked; runtime Controller/DTO/export zero-drift remains required.
ADM-admRuntimeControlFindStatus,ADM,admRuntimeControlFindStatus,GET,/adm/api/runtime-control/status,200,재개발 요청,실패,실패,FAIL,b4b6b18b43e9ff83436ceb8b1816b31594e8d6eb,cpf-admin/frontend/openapi/cpf-openapi.json,Operation-level error contract checked; runtime Controller/DTO/export zero-drift remains required.
ADM-admSecretFindMetadata,ADM,admSecretFindMetadata,GET,/adm/api/secrets/metadata,200,재개발 요청,실패,실패,FAIL,b4b6b18b43e9ff83436ceb8b1816b31594e8d6eb,cpf-admin/frontend/openapi/cpf-openapi.json,Operation-level error contract checked; runtime Controller/DTO/export zero-drift remains required.
ADM-admSecretFindProviders,ADM,admSecretFindProviders,GET,/adm/api/secrets/providers,200,재개발 요청,실패,실패,FAIL,b4b6b18b43e9ff83436ceb8b1816b31594e8d6eb,cpf-admin/frontend/openapi/cpf-openapi.json,Operation-level error contract checked; runtime Controller/DTO/export zero-drift remains required.
ADM-admSecretRotate,ADM,admSecretRotate,POST,/adm/api/secrets/rotate,200,재개발 요청,실패,실패,FAIL,b4b6b18b43e9ff83436ceb8b1816b31594e8d6eb,cpf-admin/frontend/openapi/cpf-openapi.json,Operation-level error contract checked; runtime Controller/DTO/export zero-drift remains required.
ADM-admSecurityFindIpAllowlist,ADM,admSecurityFindIpAllowlist,GET,/adm/api/security/ip-allowlist,200,재개발 요청,실패,실패,FAIL,b4b6b18b43e9ff83436ceb8b1816b31594e8d6eb,cpf-admin/frontend/openapi/cpf-openapi.json,Operation-level error contract checked; runtime Controller/DTO/export zero-drift remains required.
ADM-admSecuritySaveIpAllowlist,ADM,admSecuritySaveIpAllowlist,POST,/adm/api/security/ip-allowlist,200,재개발 요청,실패,실패,FAIL,b4b6b18b43e9ff83436ceb8b1816b31594e8d6eb,cpf-admin/frontend/openapi/cpf-openapi.json,Operation-level error contract checked; runtime Controller/DTO/export zero-drift remains required.
ADM-admSecurityFindMfaStates,ADM,admSecurityFindMfaStates,GET,/adm/api/security/mfa,200,재개발 요청,실패,실패,FAIL,b4b6b18b43e9ff83436ceb8b1816b31594e8d6eb,cpf-admin/frontend/openapi/cpf-openapi.json,Operation-level error contract checked; runtime Controller/DTO/export zero-drift remains required.
ADM-admSecurityDisableMfa,ADM,admSecurityDisableMfa,POST,/adm/api/security/mfa/{operatorId}/disable,200,재개발 요청,실패,실패,FAIL,b4b6b18b43e9ff83436ceb8b1816b31594e8d6eb,cpf-admin/frontend/openapi/cpf-openapi.json,Operation-level error contract checked; runtime Controller/DTO/export zero-drift remains required.
ADM-admSecurityRegisterMfa,ADM,admSecurityRegisterMfa,POST,/adm/api/security/mfa/{operatorId}/register,200,재개발 요청,실패,실패,FAIL,b4b6b18b43e9ff83436ceb8b1816b31594e8d6eb,cpf-admin/frontend/openapi/cpf-openapi.json,Operation-level error contract checked; runtime Controller/DTO/export zero-drift remains required.
ADM-admSecurityVerifyMfa,ADM,admSecurityVerifyMfa,POST,/adm/api/security/mfa/{operatorId}/verify,200,재개발 요청,실패,실패,FAIL,b4b6b18b43e9ff83436ceb8b1816b31594e8d6eb,cpf-admin/frontend/openapi/cpf-openapi.json,Operation-level error contract checked; runtime Controller/DTO/export zero-drift remains required.
ADM-admServiceRegistryFindCallHistory,ADM,admServiceRegistryFindCallHistory,GET,/adm/api/service-registry/call-history,200,재개발 요청,실패,실패,FAIL,b4b6b18b43e9ff83436ceb8b1816b31594e8d6eb,cpf-admin/frontend/openapi/cpf-openapi.json,Operation-level error contract checked; runtime Controller/DTO/export zero-drift remains required.
ADM-admServiceRegistryCapabilities,ADM,admServiceRegistryCapabilities,GET,/adm/api/service-registry/capabilities,200,재개발 요청,실패,실패,FAIL,b4b6b18b43e9ff83436ceb8b1816b31594e8d6eb,cpf-admin/frontend/openapi/cpf-openapi.json,Operation-level error contract checked; runtime Controller/DTO/export zero-drift remains required.
ADM-admServiceRegistryFindCircuitStates,ADM,admServiceRegistryFindCircuitStates,GET,/adm/api/service-registry/circuit-states,200,재개발 요청,실패,실패,FAIL,b4b6b18b43e9ff83436ceb8b1816b31594e8d6eb,cpf-admin/frontend/openapi/cpf-openapi.json,Operation-level error contract checked; runtime Controller/DTO/export zero-drift remains required.
ADM-admServiceRegistryFindEndpoints,ADM,admServiceRegistryFindEndpoints,GET,/adm/api/service-registry/endpoints,200,재개발 요청,실패,실패,FAIL,b4b6b18b43e9ff83436ceb8b1816b31594e8d6eb,cpf-admin/frontend/openapi/cpf-openapi.json,Operation-level error contract checked; runtime Controller/DTO/export zero-drift remains required.
ADM-admServiceRegistrySaveEndpoint,ADM,admServiceRegistrySaveEndpoint,POST,/adm/api/service-registry/endpoints,200,재개발 요청,실패,실패,FAIL,b4b6b18b43e9ff83436ceb8b1816b31594e8d6eb,cpf-admin/frontend/openapi/cpf-openapi.json,Operation-level error contract checked; runtime Controller/DTO/export zero-drift remains required.
ADM-admServiceRegistryDeleteEndpoint,ADM,admServiceRegistryDeleteEndpoint,DELETE,/adm/api/service-registry/endpoints/{endpointCode},200,재개발 요청,실패,실패,FAIL,b4b6b18b43e9ff83436ceb8b1816b31594e8d6eb,cpf-admin/frontend/openapi/cpf-openapi.json,Operation-level error contract checked; runtime Controller/DTO/export zero-drift remains required.
ADM-admServiceRegistryFindHealth,ADM,admServiceRegistryFindHealth,GET,/adm/api/service-registry/health,200,재개발 요청,실패,실패,FAIL,b4b6b18b43e9ff83436ceb8b1816b31594e8d6eb,cpf-admin/frontend/openapi/cpf-openapi.json,Operation-level error contract checked; runtime Controller/DTO/export zero-drift remains required.
ADM-admServiceRegistryFindInstances,ADM,admServiceRegistryFindInstances,GET,/adm/api/service-registry/instances,200,재개발 요청,실패,실패,FAIL,b4b6b18b43e9ff83436ceb8b1816b31594e8d6eb,cpf-admin/frontend/openapi/cpf-openapi.json,Operation-level error contract checked; runtime Controller/DTO/export zero-drift remains required.
ADM-admServiceRegistrySaveInstance,ADM,admServiceRegistrySaveInstance,POST,/adm/api/service-registry/instances,200,재개발 요청,실패,실패,FAIL,b4b6b18b43e9ff83436ceb8b1816b31594e8d6eb,cpf-admin/frontend/openapi/cpf-openapi.json,Operation-level error contract checked; runtime Controller/DTO/export zero-drift remains required.
ADM-admServiceRegistryDeleteInstance,ADM,admServiceRegistryDeleteInstance,DELETE,/adm/api/service-registry/instances/{instanceId},200,재개발 요청,실패,실패,FAIL,b4b6b18b43e9ff83436ceb8b1816b31594e8d6eb,cpf-admin/frontend/openapi/cpf-openapi.json,Operation-level error contract checked; runtime Controller/DTO/export zero-drift remains required.
ADM-admServiceRegistryFindRoutingPolicies,ADM,admServiceRegistryFindRoutingPolicies,GET,/adm/api/service-registry/routing-policies,200,재개발 요청,실패,실패,FAIL,b4b6b18b43e9ff83436ceb8b1816b31594e8d6eb,cpf-admin/frontend/openapi/cpf-openapi.json,Operation-level error contract checked; runtime Controller/DTO/export zero-drift remains required.
ADM-admServiceRegistryFindServices,ADM,admServiceRegistryFindServices,GET,/adm/api/service-registry/services,200,재개발 요청,실패,실패,FAIL,b4b6b18b43e9ff83436ceb8b1816b31594e8d6eb,cpf-admin/frontend/openapi/cpf-openapi.json,Operation-level error contract checked; runtime Controller/DTO/export zero-drift remains required.
ADM-admServiceRegistrySaveService,ADM,admServiceRegistrySaveService,POST,/adm/api/service-registry/services,200,재개발 요청,실패,실패,FAIL,b4b6b18b43e9ff83436ceb8b1816b31594e8d6eb,cpf-admin/frontend/openapi/cpf-openapi.json,Operation-level error contract checked; runtime Controller/DTO/export zero-drift remains required.
ADM-admServiceRegistryDeleteService,ADM,admServiceRegistryDeleteService,DELETE,/adm/api/service-registry/services/{serviceId},200,재개발 요청,실패,실패,FAIL,b4b6b18b43e9ff83436ceb8b1816b31594e8d6eb,cpf-admin/frontend/openapi/cpf-openapi.json,Operation-level error contract checked; runtime Controller/DTO/export zero-drift remains required.
ADM-admServiceRegistryChangeInstanceState,ADM,admServiceRegistryChangeInstanceState,POST,/adm/api/service-registry/services/{serviceId}/endpoints/{endpointCode}/instances/{instanceId}/state,200,재개발 요청,실패,실패,FAIL,b4b6b18b43e9ff83436ceb8b1816b31594e8d6eb,cpf-admin/frontend/openapi/cpf-openapi.json,Operation-level error contract checked; runtime Controller/DTO/export zero-drift remains required.
ADM-admStandardExecutionFindAll,ADM,admStandardExecutionFindAll,GET,/adm/api/standard-executions,200,재개발 요청,실패,실패,FAIL,b4b6b18b43e9ff83436ceb8b1816b31594e8d6eb,cpf-admin/frontend/openapi/cpf-openapi.json,Operation-level error contract checked; runtime Controller/DTO/export zero-drift remains required.
ADM-admStandardExecutionFindOne,ADM,admStandardExecutionFindOne,GET,/adm/api/standard-executions/{standardExecutionId},200,재개발 요청,실패,실패,FAIL,b4b6b18b43e9ff83436ceb8b1816b31594e8d6eb,cpf-admin/frontend/openapi/cpf-openapi.json,Operation-level error contract checked; runtime Controller/DTO/export zero-drift remains required.
ADM-admTransactionGroupFindGroups,ADM,admTransactionGroupFindGroups,GET,/adm/api/transaction-groups,200,재개발 요청,실패,실패,FAIL,b4b6b18b43e9ff83436ceb8b1816b31594e8d6eb,cpf-admin/frontend/openapi/cpf-openapi.json,Operation-level error contract checked; runtime Controller/DTO/export zero-drift remains required.
ADM-admTransactionGroupFindDetail,ADM,admTransactionGroupFindDetail,GET,/adm/api/transaction-groups/{transactionId},200,재개발 요청,실패,실패,FAIL,b4b6b18b43e9ff83436ceb8b1816b31594e8d6eb,cpf-admin/frontend/openapi/cpf-openapi.json,Operation-level error contract checked; runtime Controller/DTO/export zero-drift remains required.
ADM-admTransactionGroupFindExternalLogs,ADM,admTransactionGroupFindExternalLogs,GET,/adm/api/transaction-groups/{transactionId}/external-logs,200,재개발 요청,실패,실패,FAIL,b4b6b18b43e9ff83436ceb8b1816b31594e8d6eb,cpf-admin/frontend/openapi/cpf-openapi.json,Operation-level error contract checked; runtime Controller/DTO/export zero-drift remains required.
ADM-admTransactionGroupFindHeaders,ADM,admTransactionGroupFindHeaders,GET,/adm/api/transaction-groups/{transactionId}/headers,200,재개발 요청,실패,실패,FAIL,b4b6b18b43e9ff83436ceb8b1816b31594e8d6eb,cpf-admin/frontend/openapi/cpf-openapi.json,Operation-level error contract checked; runtime Controller/DTO/export zero-drift remains required.
ADM-admTransactionGroupFindSegments,ADM,admTransactionGroupFindSegments,GET,/adm/api/transaction-groups/{transactionId}/segments,200,재개발 요청,실패,실패,FAIL,b4b6b18b43e9ff83436ceb8b1816b31594e8d6eb,cpf-admin/frontend/openapi/cpf-openapi.json,Operation-level error contract checked; runtime Controller/DTO/export zero-drift remains required.
ADM-admTransactionGroupFindTimeline,ADM,admTransactionGroupFindTimeline,GET,/adm/api/transaction-groups/{transactionId}/timeline,200,재개발 요청,실패,실패,FAIL,b4b6b18b43e9ff83436ceb8b1816b31594e8d6eb,cpf-admin/frontend/openapi/cpf-openapi.json,Operation-level error contract checked; runtime Controller/DTO/export zero-drift remains required.
ADM-admTransactionMetaFindTransactions,ADM,admTransactionMetaFindTransactions,GET,/adm/api/transactions,200,재개발 요청,실패,실패,FAIL,b4b6b18b43e9ff83436ceb8b1816b31594e8d6eb,cpf-admin/frontend/openapi/cpf-openapi.json,Operation-level error contract checked; runtime Controller/DTO/export zero-drift remains required.
ADM-admTransactionMetaFindPage,ADM,admTransactionMetaFindPage,GET,/adm/api/transactions/page,200,재개발 요청,실패,실패,FAIL,b4b6b18b43e9ff83436ceb8b1816b31594e8d6eb,cpf-admin/frontend/openapi/cpf-openapi.json,Operation-level error contract checked; runtime Controller/DTO/export zero-drift remains required.
ADM-admTransactionMetaScan,ADM,admTransactionMetaScan,POST,/adm/api/transactions/scan,200,재개발 요청,실패,실패,FAIL,b4b6b18b43e9ff83436ceb8b1816b31594e8d6eb,cpf-admin/frontend/openapi/cpf-openapi.json,Operation-level error contract checked; runtime Controller/DTO/export zero-drift remains required.
ADM-admTransactionMetaFindTransaction,ADM,admTransactionMetaFindTransaction,GET,/adm/api/transactions/{transactionId},200,재개발 요청,실패,실패,FAIL,b4b6b18b43e9ff83436ceb8b1816b31594e8d6eb,cpf-admin/frontend/openapi/cpf-openapi.json,Operation-level error contract checked; runtime Controller/DTO/export zero-drift remains required.
ADM-admTransactionMetaInactivate,ADM,admTransactionMetaInactivate,POST,/adm/api/transactions/{transactionId}/inactive,200,재개발 요청,실패,실패,FAIL,b4b6b18b43e9ff83436ceb8b1816b31594e8d6eb,cpf-admin/frontend/openapi/cpf-openapi.json,Operation-level error contract checked; runtime Controller/DTO/export zero-drift remains required.
ADM-getAdmSystemVersion,ADM,getAdmSystemVersion,GET,/adm/api/v1/system/version,200,재개발 요청,실패,실패,FAIL,b4b6b18b43e9ff83436ceb8b1816b31594e8d6eb,cpf-admin/frontend/openapi/cpf-openapi.json,Operation-level error contract checked; runtime Controller/DTO/export zero-drift remains required.
BZA-bzaOperationFindAdminUsers,BZA,bzaOperationFindAdminUsers,GET,/api/bza/admin-users,200;401;403;429;500;503,재검수 요청,재확인 필요,재확인 필요,재확인 필요,b4b6b18b43e9ff83436ceb8b1816b31594e8d6eb,cpf-biz-admin/frontend/openapi/cpf-openapi.json,Operation-level error contract checked; runtime Controller/DTO/export zero-drift remains required.
BZA-bzaOperationSaveAdminUser,BZA,bzaOperationSaveAdminUser,POST,/api/bza/admin-users,200;401;403;409;422;429;500;503,재검수 요청,재확인 필요,재확인 필요,재확인 필요,b4b6b18b43e9ff83436ceb8b1816b31594e8d6eb,cpf-biz-admin/frontend/openapi/cpf-openapi.json,Operation-level error contract checked; runtime Controller/DTO/export zero-drift remains required.
BZA-bzaOperationFindAdminUsersPage,BZA,bzaOperationFindAdminUsersPage,GET,/api/bza/admin-users/page,200;401;403;429;500;503,재검수 요청,재확인 필요,재확인 필요,재확인 필요,b4b6b18b43e9ff83436ceb8b1816b31594e8d6eb,cpf-biz-admin/frontend/openapi/cpf-openapi.json,Operation-level error contract checked; runtime Controller/DTO/export zero-drift remains required.
BZA-bzaApprovalDelegations,BZA,bzaApprovalDelegations,GET,/api/bza/approvals/delegations,200;401;403;429;500;503,재검수 요청,재확인 필요,재확인 필요,재확인 필요,b4b6b18b43e9ff83436ceb8b1816b31594e8d6eb,cpf-biz-admin/frontend/openapi/cpf-openapi.json,Operation-level error contract checked; runtime Controller/DTO/export zero-drift remains required.
BZA-bzaApprovalDelegationSave,BZA,bzaApprovalDelegationSave,POST,/api/bza/approvals/delegations,200;401;403;409;422;429;500;503,재검수 요청,재확인 필요,재확인 필요,재확인 필요,b4b6b18b43e9ff83436ceb8b1816b31594e8d6eb,cpf-biz-admin/frontend/openapi/cpf-openapi.json,Operation-level error contract checked; runtime Controller/DTO/export zero-drift remains required.
BZA-bzaApprovalInbox,BZA,bzaApprovalInbox,GET,/api/bza/approvals/inbox,200;401;403;429;500;503,재검수 요청,재확인 필요,재확인 필요,재확인 필요,b4b6b18b43e9ff83436ceb8b1816b31594e8d6eb,cpf-biz-admin/frontend/openapi/cpf-openapi.json,Operation-level error contract checked; runtime Controller/DTO/export zero-drift remains required.
BZA-bzaApprovalPolicies,BZA,bzaApprovalPolicies,GET,/api/bza/approvals/policies,200;401;403;429;500;503,재검수 요청,재확인 필요,재확인 필요,재확인 필요,b4b6b18b43e9ff83436ceb8b1816b31594e8d6eb,cpf-biz-admin/frontend/openapi/cpf-openapi.json,Operation-level error contract checked; runtime Controller/DTO/export zero-drift remains required.
BZA-bzaApprovalPolicySave,BZA,bzaApprovalPolicySave,POST,/api/bza/approvals/policies,200;401;403;409;422;429;500;503,재검수 요청,재확인 필요,재확인 필요,재확인 필요,b4b6b18b43e9ff83436ceb8b1816b31594e8d6eb,cpf-biz-admin/frontend/openapi/cpf-openapi.json,Operation-level error contract checked; runtime Controller/DTO/export zero-drift remains required.
BZA-bzaApprovalPolicyDetail,BZA,bzaApprovalPolicyDetail,GET,/api/bza/approvals/policies/{policyCode}/{version},200;401;403;404;429;500;503,재검수 요청,재확인 필요,재확인 필요,재확인 필요,b4b6b18b43e9ff83436ceb8b1816b31594e8d6eb,cpf-biz-admin/frontend/openapi/cpf-openapi.json,Operation-level error contract checked; runtime Controller/DTO/export zero-drift remains required.
BZA-bzaApprovalPolicySimulate,BZA,bzaApprovalPolicySimulate,POST,/api/bza/approvals/simulate,200;401;403;409;422;429;500;503,재검수 요청,재확인 필요,재확인 필요,재확인 필요,b4b6b18b43e9ff83436ceb8b1816b31594e8d6eb,cpf-biz-admin/frontend/openapi/cpf-openapi.json,Operation-level error contract checked; runtime Controller/DTO/export zero-drift remains required.
BZA-bzaApprovalSubmissions,BZA,bzaApprovalSubmissions,GET,/api/bza/approvals/submissions,200;401;403;429;500;503,재검수 요청,재확인 필요,재확인 필요,재확인 필요,b4b6b18b43e9ff83436ceb8b1816b31594e8d6eb,cpf-biz-admin/frontend/openapi/cpf-openapi.json,Operation-level error contract checked; runtime Controller/DTO/export zero-drift remains required.
BZA-bzaApprovalPolicySubmit,BZA,bzaApprovalPolicySubmit,POST,/api/bza/approvals/submissions,200;401;403;409;422;429;500;503,재검수 요청,재확인 필요,재확인 필요,재확인 필요,b4b6b18b43e9ff83436ceb8b1816b31594e8d6eb,cpf-biz-admin/frontend/openapi/cpf-openapi.json,Operation-level error contract checked; runtime Controller/DTO/export zero-drift remains required.
BZA-bzaApprovalExpireDue,BZA,bzaApprovalExpireDue,POST,/api/bza/approvals/submissions/expire-due,200;401;403;409;422;429;500;503,재검수 요청,재확인 필요,재확인 필요,재확인 필요,b4b6b18b43e9ff83436ceb8b1816b31594e8d6eb,cpf-biz-admin/frontend/openapi/cpf-openapi.json,Operation-level error contract checked; runtime Controller/DTO/export zero-drift remains required.
BZA-bzaApprovalSubmissionDetail,BZA,bzaApprovalSubmissionDetail,GET,/api/bza/approvals/submissions/{approvalId},200;401;403;404;429;500;503,재검수 요청,재확인 필요,재확인 필요,재확인 필요,b4b6b18b43e9ff83436ceb8b1816b31594e8d6eb,cpf-biz-admin/frontend/openapi/cpf-openapi.json,Operation-level error contract checked; runtime Controller/DTO/export zero-drift remains required.
BZA-bzaApprovalCancel,BZA,bzaApprovalCancel,POST,/api/bza/approvals/submissions/{approvalId}/cancel,200;401;403;404;409;422;429;500;503,재검수 요청,재확인 필요,재확인 필요,재확인 필요,b4b6b18b43e9ff83436ceb8b1816b31594e8d6eb,cpf-biz-admin/frontend/openapi/cpf-openapi.json,Operation-level error contract checked; runtime Controller/DTO/export zero-drift remains required.
BZA-bzaApprovalResubmit,BZA,bzaApprovalResubmit,POST,/api/bza/approvals/submissions/{approvalId}/resubmit,200;401;403;404;409;422;429;500;503,재검수 요청,재확인 필요,재확인 필요,재확인 필요,b4b6b18b43e9ff83436ceb8b1816b31594e8d6eb,cpf-biz-admin/frontend/openapi/cpf-openapi.json,Operation-level error contract checked; runtime Controller/DTO/export zero-drift remains required.
BZA-bzaApprovalWithdraw,BZA,bzaApprovalWithdraw,POST,/api/bza/approvals/submissions/{approvalId}/withdraw,200;401;403;404;409;422;429;500;503,재검수 요청,재확인 필요,재확인 필요,재확인 필요,b4b6b18b43e9ff83436ceb8b1816b31594e8d6eb,cpf-biz-admin/frontend/openapi/cpf-openapi.json,Operation-level error contract checked; runtime Controller/DTO/export zero-drift remains required.
BZA-bzaApprovalParticipantDecision,BZA,bzaApprovalParticipantDecision,POST,/api/bza/approvals/{approvalId}/decisions,200;401;403;404;409;422;429;500;503,재검수 요청,재확인 필요,재확인 필요,재확인 필요,b4b6b18b43e9ff83436ceb8b1816b31594e8d6eb,cpf-biz-admin/frontend/openapi/cpf-openapi.json,Operation-level error contract checked; runtime Controller/DTO/export zero-drift remains required.
BZA-bzaSupportFindAttachments,BZA,bzaSupportFindAttachments,GET,/api/bza/attachments,200;401;403;429;500;503,재검수 요청,재확인 필요,재확인 필요,재확인 필요,b4b6b18b43e9ff83436ceb8b1816b31594e8d6eb,cpf-biz-admin/frontend/openapi/cpf-openapi.json,Operation-level error contract checked; runtime Controller/DTO/export zero-drift remains required.
BZA-bzaSupportUploadAttachment,BZA,bzaSupportUploadAttachment,POST,/api/bza/attachments,200;401;403;409;422;429;500;503,재검수 요청,재확인 필요,재확인 필요,재확인 필요,b4b6b18b43e9ff83436ceb8b1816b31594e8d6eb,cpf-biz-admin/frontend/openapi/cpf-openapi.json,Operation-level error contract checked; runtime Controller/DTO/export zero-drift remains required.
BZA-bzaSupportDownloadAttachment,BZA,bzaSupportDownloadAttachment,GET,/api/bza/attachments/{attachmentId}/download,200;401;403;404;429;500;503,재검수 요청,재확인 필요,재확인 필요,재확인 필요,b4b6b18b43e9ff83436ceb8b1816b31594e8d6eb,cpf-biz-admin/frontend/openapi/cpf-openapi.json,Operation-level error contract checked; runtime Controller/DTO/export zero-drift remains required.
BZA-bzaSupportRecheckAttachment,BZA,bzaSupportRecheckAttachment,POST,/api/bza/attachments/{attachmentId}/recheck,200;401;403;404;409;422;429;500;503,재검수 요청,재확인 필요,재확인 필요,재확인 필요,b4b6b18b43e9ff83436ceb8b1816b31594e8d6eb,cpf-biz-admin/frontend/openapi/cpf-openapi.json,Operation-level error contract checked; runtime Controller/DTO/export zero-drift remains required.
BZA-bzaSupportUpdateAttachmentSecurity,BZA,bzaSupportUpdateAttachmentSecurity,POST,/api/bza/attachments/{attachmentId}/security,200;401;403;404;409;422;429;500;503,재검수 요청,재확인 필요,재확인 필요,재확인 필요,b4b6b18b43e9ff83436ceb8b1816b31594e8d6eb,cpf-biz-admin/frontend/openapi/cpf-openapi.json,Operation-level error contract checked; runtime Controller/DTO/export zero-drift remains required.
BZA-bzaBusinessAuditVerify,BZA,bzaBusinessAuditVerify,GET,/api/bza/audits/verify,200;401;403;429;500;503,재검수 요청,재확인 필요,재확인 필요,재확인 필요,b4b6b18b43e9ff83436ceb8b1816b31594e8d6eb,cpf-biz-admin/frontend/openapi/cpf-openapi.json,Operation-level error contract checked; runtime Controller/DTO/export zero-drift remains required.
BZA-bzaAuthLogin,BZA,bzaAuthLogin,POST,/api/bza/auth/login,200;401;403;409;422;429;500;503,재검수 요청,재확인 필요,재확인 필요,재확인 필요,b4b6b18b43e9ff83436ceb8b1816b31594e8d6eb,cpf-biz-admin/frontend/openapi/cpf-openapi.json,Operation-level error contract checked; runtime Controller/DTO/export zero-drift remains required.
BZA-bzaAuthLoginHistories,BZA,bzaAuthLoginHistories,GET,/api/bza/auth/login-history,200;401;403;429;500;503,재검수 요청,재확인 필요,재확인 필요,재확인 필요,b4b6b18b43e9ff83436ceb8b1816b31594e8d6eb,cpf-biz-admin/frontend/openapi/cpf-openapi.json,Operation-level error contract checked; runtime Controller/DTO/export zero-drift remains required.
BZA-bzaAuthLogout,BZA,bzaAuthLogout,POST,/api/bza/auth/logout,200;401;403;409;422;429;500;503,재검수 요청,재확인 필요,재확인 필요,재확인 필요,b4b6b18b43e9ff83436ceb8b1816b31594e8d6eb,cpf-biz-admin/frontend/openapi/cpf-openapi.json,Operation-level error contract checked; runtime Controller/DTO/export zero-drift remains required.
BZA-bzaAuthMe,BZA,bzaAuthMe,GET,/api/bza/auth/me,200;401;403;429;500;503,재검수 요청,재확인 필요,재확인 필요,재확인 필요,b4b6b18b43e9ff83436ceb8b1816b31594e8d6eb,cpf-biz-admin/frontend/openapi/cpf-openapi.json,Operation-level error contract checked; runtime Controller/DTO/export zero-drift remains required.
BZA-bzaAuthChangePassword,BZA,bzaAuthChangePassword,POST,/api/bza/auth/password/change,200;401;403;409;422;429;500;503,재검수 요청,재확인 필요,재확인 필요,재확인 필요,b4b6b18b43e9ff83436ceb8b1816b31594e8d6eb,cpf-biz-admin/frontend/openapi/cpf-openapi.json,Operation-level error contract checked; runtime Controller/DTO/export zero-drift remains required.
BZA-bzaAuthRefresh,BZA,bzaAuthRefresh,POST,/api/bza/auth/refresh,200;401;403;409;422;429;500;503,재검수 요청,재확인 필요,재확인 필요,재확인 필요,b4b6b18b43e9ff83436ceb8b1816b31594e8d6eb,cpf-biz-admin/frontend/openapi/cpf-openapi.json,Operation-level error contract checked; runtime Controller/DTO/export zero-drift remains required.
BZA-bzaAuthSessions,BZA,bzaAuthSessions,GET,/api/bza/auth/sessions,200;401;403;429;500;503,재검수 요청,재확인 필요,재확인 필요,재확인 필요,b4b6b18b43e9ff83436ceb8b1816b31594e8d6eb,cpf-biz-admin/frontend/openapi/cpf-openapi.json,Operation-level error contract checked; runtime Controller/DTO/export zero-drift remains required.
BZA-bzaAuthRevokeSession,BZA,bzaAuthRevokeSession,POST,/api/bza/auth/sessions/{sessionId}/revoke,200;401;403;404;409;422;429;500;503,재검수 요청,재확인 필요,재확인 필요,재확인 필요,b4b6b18b43e9ff83436ceb8b1816b31594e8d6eb,cpf-biz-admin/frontend/openapi/cpf-openapi.json,Operation-level error contract checked; runtime Controller/DTO/export zero-drift remains required.
BZA-bzaBackofficeFindBusinessAudits,BZA,bzaBackofficeFindBusinessAudits,GET,/api/bza/backoffice/audits,200;401;403;429;500;503,재검수 요청,재확인 필요,재확인 필요,재확인 필요,b4b6b18b43e9ff83436ceb8b1816b31594e8d6eb,cpf-biz-admin/frontend/openapi/cpf-openapi.json,Operation-level error contract checked; runtime Controller/DTO/export zero-drift remains required.
BZA-bzaBackofficeFindEmployees,BZA,bzaBackofficeFindEmployees,GET,/api/bza/backoffice/employees,200;401;403;429;500;503,재검수 요청,재확인 필요,재확인 필요,재확인 필요,b4b6b18b43e9ff83436ceb8b1816b31594e8d6eb,cpf-biz-admin/frontend/openapi/cpf-openapi.json,Operation-level error contract checked; runtime Controller/DTO/export zero-drift remains required.
BZA-bzaBackofficeSaveEmployee,BZA,bzaBackofficeSaveEmployee,POST,/api/bza/backoffice/employees,200;401;403;409;422;429;500;503,재검수 요청,재확인 필요,재확인 필요,재확인 필요,b4b6b18b43e9ff83436ceb8b1816b31594e8d6eb,cpf-biz-admin/frontend/openapi/cpf-openapi.json,Operation-level error contract checked; runtime Controller/DTO/export zero-drift remains required.
BZA-bzaBackofficeFindEmployeesPage,BZA,bzaBackofficeFindEmployeesPage,GET,/api/bza/backoffice/employees/page,200;401;403;429;500;503,재검수 요청,재확인 필요,재확인 필요,재확인 필요,b4b6b18b43e9ff83436ceb8b1816b31594e8d6eb,cpf-biz-admin/frontend/openapi/cpf-openapi.json,Operation-level error contract checked; runtime Controller/DTO/export zero-drift remains required.
BZA-bzaBackofficeEmployeeRawContact,BZA,bzaBackofficeEmployeeRawContact,POST,/api/bza/backoffice/employees/{employeeNo}/contacts/raw,200;401;403;404;409;422;429;500;503,재검수 요청,재확인 필요,재확인 필요,재확인 필요,b4b6b18b43e9ff83436ceb8b1816b31594e8d6eb,cpf-biz-admin/frontend/openapi/cpf-openapi.json,Operation-level error contract checked; runtime Controller/DTO/export zero-drift remains required.
BZA-bzaBackofficeFindOrganizations,BZA,bzaBackofficeFindOrganizations,GET,/api/bza/backoffice/organizations,200;401;403;429;500;503,재검수 요청,재확인 필요,재확인 필요,재확인 필요,b4b6b18b43e9ff83436ceb8b1816b31594e8d6eb,cpf-biz-admin/frontend/openapi/cpf-openapi.json,Operation-level error contract checked; runtime Controller/DTO/export zero-drift remains required.
BZA-bzaBackofficeSaveOrganization,BZA,bzaBackofficeSaveOrganization,POST,/api/bza/backoffice/organizations,200;401;403;409;422;429;500;503,재검수 요청,재확인 필요,재확인 필요,재확인 필요,b4b6b18b43e9ff83436ceb8b1816b31594e8d6eb,cpf-biz-admin/frontend/openapi/cpf-openapi.json,Operation-level error contract checked; runtime Controller/DTO/export zero-drift remains required.
BZA-bzaBackofficeFindOrganizationsPage,BZA,bzaBackofficeFindOrganizationsPage,GET,/api/bza/backoffice/organizations/page,200;401;403;429;500;503,재검수 요청,재확인 필요,재확인 필요,재확인 필요,b4b6b18b43e9ff83436ceb8b1816b31594e8d6eb,cpf-biz-admin/frontend/openapi/cpf-openapi.json,Operation-level error contract checked; runtime Controller/DTO/export zero-drift remains required.
BZA-bzaBackofficeFindEffectivePermissions,BZA,bzaBackofficeFindEffectivePermissions,GET,/api/bza/backoffice/permissions/effective,200;401;403;429;500;503,재검수 요청,재확인 필요,재확인 필요,재확인 필요,b4b6b18b43e9ff83436ceb8b1816b31594e8d6eb,cpf-biz-admin/frontend/openapi/cpf-openapi.json,Operation-level error contract checked; runtime Controller/DTO/export zero-drift remains required.
BZA-bzaSupportDashboard,BZA,bzaSupportDashboard,GET,/api/bza/dashboard,200;401;403;429;500;503,재검수 요청,재확인 필요,재확인 필요,재확인 필요,b4b6b18b43e9ff83436ceb8b1816b31594e8d6eb,cpf-biz-admin/frontend/openapi/cpf-openapi.json,Operation-level error contract checked; runtime Controller/DTO/export zero-drift remains required.
BZA-bzaDirectoryFindAssignments,BZA,bzaDirectoryFindAssignments,GET,/api/bza/directory/assignments,200;401;403;429;500;503,재검수 요청,재확인 필요,재확인 필요,재확인 필요,b4b6b18b43e9ff83436ceb8b1816b31594e8d6eb,cpf-biz-admin/frontend/openapi/cpf-openapi.json,Operation-level error contract checked; runtime Controller/DTO/export zero-drift remains required.
BZA-bzaDirectorySaveAssignment,BZA,bzaDirectorySaveAssignment,POST,/api/bza/directory/assignments,200;401;403;409;422;429;500;503,재검수 요청,재확인 필요,재확인 필요,재확인 필요,b4b6b18b43e9ff83436ceb8b1816b31594e8d6eb,cpf-biz-admin/frontend/openapi/cpf-openapi.json,Operation-level error contract checked; runtime Controller/DTO/export zero-drift remains required.
BZA-bzaDirectoryFindAssignmentsPage,BZA,bzaDirectoryFindAssignmentsPage,GET,/api/bza/directory/assignments/page,200;401;403;429;500;503,재검수 요청,재확인 필요,재확인 필요,재확인 필요,b4b6b18b43e9ff83436ceb8b1816b31594e8d6eb,cpf-biz-admin/frontend/openapi/cpf-openapi.json,Operation-level error contract checked; runtime Controller/DTO/export zero-drift remains required.
BZA-bzaDirectoryFindJobTitles,BZA,bzaDirectoryFindJobTitles,GET,/api/bza/directory/job-titles,200;401;403;429;500;503,재검수 요청,재확인 필요,재확인 필요,재확인 필요,b4b6b18b43e9ff83436ceb8b1816b31594e8d6eb,cpf-biz-admin/frontend/openapi/cpf-openapi.json,Operation-level error contract checked; runtime Controller/DTO/export zero-drift remains required.
BZA-bzaDirectorySaveJobTitle,BZA,bzaDirectorySaveJobTitle,POST,/api/bza/directory/job-titles,200;401;403;409;422;429;500;503,재검수 요청,재확인 필요,재확인 필요,재확인 필요,b4b6b18b43e9ff83436ceb8b1816b31594e8d6eb,cpf-biz-admin/frontend/openapi/cpf-openapi.json,Operation-level error contract checked; runtime Controller/DTO/export zero-drift remains required.
BZA-bzaDirectoryFindJobTitlesPage,BZA,bzaDirectoryFindJobTitlesPage,GET,/api/bza/directory/job-titles/page,200;401;403;429;500;503,재검수 요청,재확인 필요,재확인 필요,재확인 필요,b4b6b18b43e9ff83436ceb8b1816b31594e8d6eb,cpf-biz-admin/frontend/openapi/cpf-openapi.json,Operation-level error contract checked; runtime Controller/DTO/export zero-drift remains required.
BZA-bzaDirectoryFindPositions,BZA,bzaDirectoryFindPositions,GET,/api/bza/directory/positions,200;401;403;429;500;503,재검수 요청,재확인 필요,재확인 필요,재확인 필요,b4b6b18b43e9ff83436ceb8b1816b31594e8d6eb,cpf-biz-admin/frontend/openapi/cpf-openapi.json,Operation-level error contract checked; runtime Controller/DTO/export zero-drift remains required.
BZA-bzaDirectorySavePosition,BZA,bzaDirectorySavePosition,POST,/api/bza/directory/positions,200;401;403;409;422;429;500;503,재검수 요청,재확인 필요,재확인 필요,재확인 필요,b4b6b18b43e9ff83436ceb8b1816b31594e8d6eb,cpf-biz-admin/frontend/openapi/cpf-openapi.json,Operation-level error contract checked; runtime Controller/DTO/export zero-drift remains required.
BZA-bzaDirectoryFindPositionsPage,BZA,bzaDirectoryFindPositionsPage,GET,/api/bza/directory/positions/page,200;401;403;429;500;503,재검수 요청,재확인 필요,재확인 필요,재확인 필요,b4b6b18b43e9ff83436ceb8b1816b31594e8d6eb,cpf-biz-admin/frontend/openapi/cpf-openapi.json,Operation-level error contract checked; runtime Controller/DTO/export zero-drift remains required.
BZA-bzaDirectoryFindResponsibilities,BZA,bzaDirectoryFindResponsibilities,GET,/api/bza/directory/responsibilities,200;401;403;429;500;503,재검수 요청,재확인 필요,재확인 필요,재확인 필요,b4b6b18b43e9ff83436ceb8b1816b31594e8d6eb,cpf-biz-admin/frontend/openapi/cpf-openapi.json,Operation-level error contract checked; runtime Controller/DTO/export zero-drift remains required.
BZA-bzaDirectorySaveResponsibility,BZA,bzaDirectorySaveResponsibility,POST,/api/bza/directory/responsibilities,200;401;403;409;422;429;500;503,재검수 요청,재확인 필요,재확인 필요,재확인 필요,b4b6b18b43e9ff83436ceb8b1816b31594e8d6eb,cpf-biz-admin/frontend/openapi/cpf-openapi.json,Operation-level error contract checked; runtime Controller/DTO/export zero-drift remains required.
BZA-bzaDirectoryFindResponsibilitiesPage,BZA,bzaDirectoryFindResponsibilitiesPage,GET,/api/bza/directory/responsibilities/page,200;401;403;429;500;503,재검수 요청,재확인 필요,재확인 필요,재확인 필요,b4b6b18b43e9ff83436ceb8b1816b31594e8d6eb,cpf-biz-admin/frontend/openapi/cpf-openapi.json,Operation-level error contract checked; runtime Controller/DTO/export zero-drift remains required.
BZA-bzaDirectoryFindUserRoles,BZA,bzaDirectoryFindUserRoles,GET,/api/bza/directory/user-roles,200;401;403;429;500;503,재검수 요청,재확인 필요,재확인 필요,재확인 필요,b4b6b18b43e9ff83436ceb8b1816b31594e8d6eb,cpf-biz-admin/frontend/openapi/cpf-openapi.json,Operation-level error contract checked; runtime Controller/DTO/export zero-drift remains required.
BZA-bzaDirectorySaveUserRole,BZA,bzaDirectorySaveUserRole,POST,/api/bza/directory/user-roles,200;401;403;409;422;429;500;503,재검수 요청,재확인 필요,재확인 필요,재확인 필요,b4b6b18b43e9ff83436ceb8b1816b31594e8d6eb,cpf-biz-admin/frontend/openapi/cpf-openapi.json,Operation-level error contract checked; runtime Controller/DTO/export zero-drift remains required.
BZA-bzaDirectoryFindUserRolesPage,BZA,bzaDirectoryFindUserRolesPage,GET,/api/bza/directory/user-roles/page,200;401;403;429;500;503,재검수 요청,재확인 필요,재확인 필요,재확인 필요,b4b6b18b43e9ff83436ceb8b1816b31594e8d6eb,cpf-biz-admin/frontend/openapi/cpf-openapi.json,Operation-level error contract checked; runtime Controller/DTO/export zero-drift remains required.
BZA-bzaSupportFindDownloadAudits,BZA,bzaSupportFindDownloadAudits,GET,/api/bza/download-audits,200;401;403;429;500;503,재검수 요청,재확인 필요,재확인 필요,재확인 필요,b4b6b18b43e9ff83436ceb8b1816b31594e8d6eb,cpf-biz-admin/frontend/openapi/cpf-openapi.json,Operation-level error contract checked; runtime Controller/DTO/export zero-drift remains required.
BZA-bzaOperationFindDownloadPolicies,BZA,bzaOperationFindDownloadPolicies,GET,/api/bza/downloads,200;401;403;429;500;503,재검수 요청,재확인 필요,재확인 필요,재확인 필요,b4b6b18b43e9ff83436ceb8b1816b31594e8d6eb,cpf-biz-admin/frontend/openapi/cpf-openapi.json,Operation-level error contract checked; runtime Controller/DTO/export zero-drift remains required.
BZA-bzaOperationFindMenus,BZA,bzaOperationFindMenus,GET,/api/bza/menus,200;401;403;429;500;503,재검수 요청,재확인 필요,재확인 필요,재확인 필요,b4b6b18b43e9ff83436ceb8b1816b31594e8d6eb,cpf-biz-admin/frontend/openapi/cpf-openapi.json,Operation-level error contract checked; runtime Controller/DTO/export zero-drift remains required.
BZA-bzaOperationSaveMenu,BZA,bzaOperationSaveMenu,POST,/api/bza/menus,200;401;403;409;422;429;500;503,재검수 요청,재확인 필요,재확인 필요,재확인 필요,b4b6b18b43e9ff83436ceb8b1816b31594e8d6eb,cpf-biz-admin/frontend/openapi/cpf-openapi.json,Operation-level error contract checked; runtime Controller/DTO/export zero-drift remains required.
BZA-bzaOperationFindMenusPage,BZA,bzaOperationFindMenusPage,GET,/api/bza/menus/page,200;401;403;429;500;503,재검수 요청,재확인 필요,재확인 필요,재확인 필요,b4b6b18b43e9ff83436ceb8b1816b31594e8d6eb,cpf-biz-admin/frontend/openapi/cpf-openapi.json,Operation-level error contract checked; runtime Controller/DTO/export zero-drift remains required.
BZA-bzaOperationDeleteMenu,BZA,bzaOperationDeleteMenu,DELETE,/api/bza/menus/{menuCode},200;401;403;404;409;422;429;500;503,재검수 요청,재확인 필요,재확인 필요,재확인 필요,b4b6b18b43e9ff83436ceb8b1816b31594e8d6eb,cpf-biz-admin/frontend/openapi/cpf-openapi.json,Operation-level error contract checked; runtime Controller/DTO/export zero-drift remains required.
BZA-bzaOperationFindMenuImpact,BZA,bzaOperationFindMenuImpact,GET,/api/bza/menus/{menuCode}/impact,200;401;403;404;429;500;503,재검수 요청,재확인 필요,재확인 필요,재확인 필요,b4b6b18b43e9ff83436ceb8b1816b31594e8d6eb,cpf-biz-admin/frontend/openapi/cpf-openapi.json,Operation-level error contract checked; runtime Controller/DTO/export zero-drift remains required.
BZA-bzaSupportFindNotifications,BZA,bzaSupportFindNotifications,GET,/api/bza/notifications,200;401;403;429;500;503,재검수 요청,재확인 필요,재확인 필요,재확인 필요,b4b6b18b43e9ff83436ceb8b1816b31594e8d6eb,cpf-biz-admin/frontend/openapi/cpf-openapi.json,Operation-level error contract checked; runtime Controller/DTO/export zero-drift remains required.
BZA-bzaSupportCreateNotification,BZA,bzaSupportCreateNotification,POST,/api/bza/notifications,200;401;403;409;422;429;500;503,재검수 요청,재확인 필요,재확인 필요,재확인 필요,b4b6b18b43e9ff83436ceb8b1816b31594e8d6eb,cpf-biz-admin/frontend/openapi/cpf-openapi.json,Operation-level error contract checked; runtime Controller/DTO/export zero-drift remains required.
BZA-bzaSupportReadAllNotifications,BZA,bzaSupportReadAllNotifications,POST,/api/bza/notifications/read-all,200;401;403;409;422;429;500;503,재검수 요청,재확인 필요,재확인 필요,재확인 필요,b4b6b18b43e9ff83436ceb8b1816b31594e8d6eb,cpf-biz-admin/frontend/openapi/cpf-openapi.json,Operation-level error contract checked; runtime Controller/DTO/export zero-drift remains required.
BZA-bzaSupportReadNotification,BZA,bzaSupportReadNotification,POST,/api/bza/notifications/{notificationId}/read,200;401;403;404;409;422;429;500;503,재검수 요청,재확인 필요,재확인 필요,재확인 필요,b4b6b18b43e9ff83436ceb8b1816b31594e8d6eb,cpf-biz-admin/frontend/openapi/cpf-openapi.json,Operation-level error contract checked; runtime Controller/DTO/export zero-drift remains required.
BZA-bzaOperationFindPermissions,BZA,bzaOperationFindPermissions,GET,/api/bza/permissions,200;401;403;429;500;503,재검수 요청,재확인 필요,재확인 필요,재확인 필요,b4b6b18b43e9ff83436ceb8b1816b31594e8d6eb,cpf-biz-admin/frontend/openapi/cpf-openapi.json,Operation-level error contract checked; runtime Controller/DTO/export zero-drift remains required.
BZA-bzaOperationSavePermission,BZA,bzaOperationSavePermission,POST,/api/bza/permissions,200;401;403;409;422;429;500;503,재검수 요청,재확인 필요,재확인 필요,재확인 필요,b4b6b18b43e9ff83436ceb8b1816b31594e8d6eb,cpf-biz-admin/frontend/openapi/cpf-openapi.json,Operation-level error contract checked; runtime Controller/DTO/export zero-drift remains required.
BZA-bzaSupportCompareRolePermissions,BZA,bzaSupportCompareRolePermissions,GET,/api/bza/permissions/compare,200;401;403;429;500;503,재검수 요청,재확인 필요,재확인 필요,재확인 필요,b4b6b18b43e9ff83436ceb8b1816b31594e8d6eb,cpf-biz-admin/frontend/openapi/cpf-openapi.json,Operation-level error contract checked; runtime Controller/DTO/export zero-drift remains required.
BZA-bzaOperationFindPermissionsPage,BZA,bzaOperationFindPermissionsPage,GET,/api/bza/permissions/page,200;401;403;429;500;503,재검수 요청,재확인 필요,재확인 필요,재확인 필요,b4b6b18b43e9ff83436ceb8b1816b31594e8d6eb,cpf-biz-admin/frontend/openapi/cpf-openapi.json,Operation-level error contract checked; runtime Controller/DTO/export zero-drift remains required.
BZA-bzaSupportSimulatePermission,BZA,bzaSupportSimulatePermission,POST,/api/bza/permissions/simulate,200;401;403;409;422;429;500;503,재검수 요청,재확인 필요,재확인 필요,재확인 필요,b4b6b18b43e9ff83436ceb8b1816b31594e8d6eb,cpf-biz-admin/frontend/openapi/cpf-openapi.json,Operation-level error contract checked; runtime Controller/DTO/export zero-drift remains required.
BZA-bzaOperationFindRoles,BZA,bzaOperationFindRoles,GET,/api/bza/roles,200;401;403;429;500;503,재검수 요청,재확인 필요,재확인 필요,재확인 필요,b4b6b18b43e9ff83436ceb8b1816b31594e8d6eb,cpf-biz-admin/frontend/openapi/cpf-openapi.json,Operation-level error contract checked; runtime Controller/DTO/export zero-drift remains required.
BZA-bzaOperationSaveRole,BZA,bzaOperationSaveRole,POST,/api/bza/roles,200;401;403;409;422;429;500;503,재검수 요청,재확인 필요,재확인 필요,재확인 필요,b4b6b18b43e9ff83436ceb8b1816b31594e8d6eb,cpf-biz-admin/frontend/openapi/cpf-openapi.json,Operation-level error contract checked; runtime Controller/DTO/export zero-drift remains required.
BZA-bzaOperationFindRolesPage,BZA,bzaOperationFindRolesPage,GET,/api/bza/roles/page,200;401;403;429;500;503,재검수 요청,재확인 필요,재확인 필요,재확인 필요,b4b6b18b43e9ff83436ceb8b1816b31594e8d6eb,cpf-biz-admin/frontend/openapi/cpf-openapi.json,Operation-level error contract checked; runtime Controller/DTO/export zero-drift remains required.
BZA-bzaSupportFindSavedSearches,BZA,bzaSupportFindSavedSearches,GET,/api/bza/saved-searches,200;401;403;429;500;503,재검수 요청,재확인 필요,재확인 필요,재확인 필요,b4b6b18b43e9ff83436ceb8b1816b31594e8d6eb,cpf-biz-admin/frontend/openapi/cpf-openapi.json,Operation-level error contract checked; runtime Controller/DTO/export zero-drift remains required.
BZA-bzaSupportSaveSavedSearch,BZA,bzaSupportSaveSavedSearch,POST,/api/bza/saved-searches,200;401;403;409;422;429;500;503,재검수 요청,재확인 필요,재확인 필요,재확인 필요,b4b6b18b43e9ff83436ceb8b1816b31594e8d6eb,cpf-biz-admin/frontend/openapi/cpf-openapi.json,Operation-level error contract checked; runtime Controller/DTO/export zero-drift remains required.
BZA-bzaSupportDisableSavedSearch,BZA,bzaSupportDisableSavedSearch,POST,/api/bza/saved-searches/{savedSearchId}/disable,200;401;403;404;409;422;429;500;503,재검수 요청,재확인 필요,재확인 필요,재확인 필요,b4b6b18b43e9ff83436ceb8b1816b31594e8d6eb,cpf-biz-admin/frontend/openapi/cpf-openapi.json,Operation-level error contract checked; runtime Controller/DTO/export zero-drift remains required.
BZA-bzaOperationFindSettings,BZA,bzaOperationFindSettings,GET,/api/bza/settings,200;401;403;429;500;503,재검수 요청,재확인 필요,재확인 필요,재확인 필요,b4b6b18b43e9ff83436ceb8b1816b31594e8d6eb,cpf-biz-admin/frontend/openapi/cpf-openapi.json,Operation-level error contract checked; runtime Controller/DTO/export zero-drift remains required.
