scenario_id,linked_requirement_id,canonical_requirement_ids,priority,area,scenario_type,title,actor,preconditions,test_data,steps,expected_result,failure_criteria,environment,topology,required_evidence,execution_status,baseline_sha,evidence_path,open_issue,next_action,execution_phase_id,execution_phase_name,execution_order,work_package_id,predecessor_phase_ids,blocking_phase_gate_id,feature_key,QA_검수여부,QA_검수회차,QA_검수결과,QA_검사내용,QA_미통과사유,QA_판정상태,QA_검수evidence
CPF-SC-000505,CPF-FR-002563,DB-FRESH,P0,DATA,POSITIVE,[DB-FRESH] 정상 수직 흐름,DB·Module Owner,최신 exact SHA; 유효 입력과 권한,정상 데이터,요청→검증→처리→저장/전달→응답→감사,정상 상태·side effect·tracking 일치,Mock-only 또는 Consumer 미호출,Java25·적용 DB/Provider/Browser/Process 환경,Local/Remote·single/multi-instance 중 적용,source SHA·command·environment·start/end·exit code·pre/post state·report/artifact hash·sanitization,미검증,f97655c1299936a1101bc3ec10239265ec3b502e,cpf-docs/evidence/qa/QA_PARALLEL_12WAY_QA-12B_R5_f97655c/db_review.md#db-fresh,"실제 Oracle/PostgreSQL/MariaDB, Java25/WAS, backup restore, process/network/disk/response-loss fault 실행은 최신 SHA에서 수행되지 않았다",목표 환경 scenario 실행 Evidence 반영 후 QA 재검수,P04,Canonical Data·DB Schema·Migration·Runtime Query,04-00000505,P04-DATA-DB-FRESH,P03,CPF-GATE-04,DB-FRESH,예,QA-12B-1,,"[DB-FRESH] 정상 수직 흐름의 요구 경로에 대응하는 Source/contract/Test 후보는 확인했다. 그러나 실제 Oracle/PostgreSQL/MariaDB, Java25/WAS, backup restore, process/network/disk/response-loss fault 실행은 최신 SHA에서 수행되지 않았다. 제품 실패로 단정하지 않고 환경차이 미검증으로 유지한다.",,검수 후 환경차이 미검증,cpf-docs/evidence/qa/QA_PARALLEL_12WAY_QA-12B_R5_f97655c/db_review.md#db-fresh
CPF-SC-000506,CPF-FR-002563,DB-FRESH,P0,DATA,INVALID,[DB-FRESH] 입력·경계 오류,DB·Module Owner,최신 exact SHA; 유효 Session,invalid/empty/oversize/unknown enum,각 invalid 제출,표준 field/path 오류·side effect 0,500/raw exception/부분 저장,Java25·적용 DB/Provider/Browser/Process 환경,Local/Remote·single/multi-instance 중 적용,source SHA·command·environment·start/end·exit code·pre/post state·report/artifact hash·sanitization,미검증,f97655c1299936a1101bc3ec10239265ec3b502e,cpf-docs/evidence/qa/QA_PARALLEL_12WAY_QA-12B_R5_f97655c/db_review.md#db-fresh,"실제 Oracle/PostgreSQL/MariaDB, Java25/WAS, backup restore, process/network/disk/response-loss fault 실행은 최신 SHA에서 수행되지 않았다",목표 환경 scenario 실행 Evidence 반영 후 QA 재검수,P04,Canonical Data·DB Schema·Migration·Runtime Query,04-00000506,P04-DATA-DB-FRESH,P03,CPF-GATE-04,DB-FRESH,예,QA-12B-1,,"[DB-FRESH] 입력·경계 오류의 요구 경로에 대응하는 Source/contract/Test 후보는 확인했다. 그러나 실제 Oracle/PostgreSQL/MariaDB, Java25/WAS, backup restore, process/network/disk/response-loss fault 실행은 최신 SHA에서 수행되지 않았다. 제품 실패로 단정하지 않고 환경차이 미검증으로 유지한다.",,검수 후 환경차이 미검증,cpf-docs/evidence/qa/QA_PARALLEL_12WAY_QA-12B_R5_f97655c/db_review.md#db-fresh
CPF-SC-000507,CPF-FR-002563,DB-FRESH,P0,DATA,UNAUTHORIZED,[DB-FRESH] 미인증·권한 부족,DB·Module Owner,최신 exact SHA; 권한 없는 principal,401/403 대상,UI 직접 URL/API/Method 호출,Server 거부·Audit·민감정보 0,버튼만 숨김/default allow,Java25·적용 DB/Provider/Browser/Process 환경,Local/Remote·single/multi-instance 중 적용,source SHA·command·environment·start/end·exit code·pre/post state·report/artifact hash·sanitization,실패,f97655c1299936a1101bc3ec10239265ec3b502e,cpf-docs/evidence/qa/QA_PARALLEL_12WAY_QA-12B_R5_f97655c/db_review.md#db-fresh,DB lifecycle script에 해당 보안·멱등성·UNKNOWN·kill·multi-instance 처리 경로가 없다,개발GPT 재개발 및 scenario 회귀 Test 후 QA 재검수,P04,Canonical Data·DB Schema·Migration·Runtime Query,04-00000507,P04-DATA-DB-FRESH,P03,CPF-GATE-04,DB-FRESH,예,QA-12B-1,미통과,"[DB-FRESH] 미인증·권한 부족의 precondition/steps/expected/failure criteria를 cpf-tools/db/cpf-db-lifecycle-contract.json;cpf-tools/db/vendor-pack-manifest.json;cpf-tools/db/vendor/{mariadb,postgresql,oracle};cpf-tools/scripts/initialize-cpf-database.ps1;cpf-tools/scripts/invoke-cpf-qa34-db-runtime-matrix.ps1;cpf-tools/scripts/verify-cpf-db-lifecycle-contract.py;cpf-starters/data/persistence-jdbc;cpf-core/src/main/java/com/cpf/core/api/database와 대조했다. 실제 Acceptance 실패: DB lifecycle script에 해당 보안·멱등성·UNKNOWN·kill·multi-instance 처리 경로가 없다.",DB lifecycle script에 해당 보안·멱등성·UNKNOWN·kill·multi-instance 처리 경로가 없다,미통과,cpf-docs/evidence/qa/QA_PARALLEL_12WAY_QA-12B_R5_f97655c/db_review.md#db-fresh
CPF-SC-000508,CPF-FR-002563,DB-FRESH,P0,DATA,CONFLICT,[DB-FRESH] Version·Hash 충돌,DB·Module Owner,최신 exact SHA; 기존 version,stale expectedVersion/다른 hash,동시/재시도 요청,409·기존 결과 보존·lost update 0,후행 요청 덮어씀,Java25·적용 DB/Provider/Browser/Process 환경,Local/Remote·single/multi-instance 중 적용,source SHA·command·environment·start/end·exit code·pre/post state·report/artifact hash·sanitization,미검증,f97655c1299936a1101bc3ec10239265ec3b502e,cpf-docs/evidence/qa/QA_PARALLEL_12WAY_QA-12B_R5_f97655c/db_review.md#db-fresh,"실제 Oracle/PostgreSQL/MariaDB, Java25/WAS, backup restore, process/network/disk/response-loss fault 실행은 최신 SHA에서 수행되지 않았다",목표 환경 scenario 실행 Evidence 반영 후 QA 재검수,P04,Canonical Data·DB Schema·Migration·Runtime Query,04-00000508,P04-DATA-DB-FRESH,P03,CPF-GATE-04,DB-FRESH,예,QA-12B-1,,"[DB-FRESH] Version·Hash 충돌의 요구 경로에 대응하는 Source/contract/Test 후보는 확인했다. 그러나 실제 Oracle/PostgreSQL/MariaDB, Java25/WAS, backup restore, process/network/disk/response-loss fault 실행은 최신 SHA에서 수행되지 않았다. 제품 실패로 단정하지 않고 환경차이 미검증으로 유지한다.",,검수 후 환경차이 미검증,cpf-docs/evidence/qa/QA_PARALLEL_12WAY_QA-12B_R5_f97655c/db_review.md#db-fresh
CPF-SC-000509,CPF-FR-002563,DB-FRESH,P0,DATA,DUPLICATE,[DB-FRESH] 중복 요청,DB·Module Owner,최신 exact SHA; 같은 operationId,동일/상이 payload,동시·순차 중복,"동일 replay, 다른 payload conflict",side effect 2회,Java25·적용 DB/Provider/Browser/Process 환경,Local/Remote·single/multi-instance 중 적용,source SHA·command·environment·start/end·exit code·pre/post state·report/artifact hash·sanitization,실패,f97655c1299936a1101bc3ec10239265ec3b502e,cpf-docs/evidence/qa/QA_PARALLEL_12WAY_QA-12B_R5_f97655c/db_review.md#db-fresh,DB lifecycle script에 해당 보안·멱등성·UNKNOWN·kill·multi-instance 처리 경로가 없다,개발GPT 재개발 및 scenario 회귀 Test 후 QA 재검수,P04,Canonical Data·DB Schema·Migration·Runtime Query,04-00000509,P04-DATA-DB-FRESH,P03,CPF-GATE-04,DB-FRESH,예,QA-12B-1,미통과,"[DB-FRESH] 중복 요청의 precondition/steps/expected/failure criteria를 cpf-tools/db/cpf-db-lifecycle-contract.json;cpf-tools/db/vendor-pack-manifest.json;cpf-tools/db/vendor/{mariadb,postgresql,oracle};cpf-tools/scripts/initialize-cpf-database.ps1;cpf-tools/scripts/invoke-cpf-qa34-db-runtime-matrix.ps1;cpf-tools/scripts/verify-cpf-db-lifecycle-contract.py;cpf-starters/data/persistence-jdbc;cpf-core/src/main/java/com/cpf/core/api/database와 대조했다. 실제 Acceptance 실패: DB lifecycle script에 해당 보안·멱등성·UNKNOWN·kill·multi-instance 처리 경로가 없다.",DB lifecycle script에 해당 보안·멱등성·UNKNOWN·kill·multi-instance 처리 경로가 없다,미통과,cpf-docs/evidence/qa/QA_PARALLEL_12WAY_QA-12B_R5_f97655c/db_review.md#db-fresh
CPF-SC-000510,CPF-FR-002563,DB-FRESH,P0,DATA,TIMEOUT_PRE,[DB-FRESH] Side effect 전 Timeout,DB·Module Owner,최신 exact SHA; dependency delay,connect/header timeout,timeout 주입,retryable failure·side effect 0,UNKNOWN/성공 오인,Java25·적용 DB/Provider/Browser/Process 환경,Local/Remote·single/multi-instance 중 적용,source SHA·command·environment·start/end·exit code·pre/post state·report/artifact hash·sanitization,실패,f97655c1299936a1101bc3ec10239265ec3b502e,cpf-docs/evidence/qa/QA_PARALLEL_12WAY_QA-12B_R5_f97655c/db_review.md#db-fresh,DB lifecycle script에 해당 보안·멱등성·UNKNOWN·kill·multi-instance 처리 경로가 없다,개발GPT 재개발 및 scenario 회귀 Test 후 QA 재검수,P04,Canonical Data·DB Schema·Migration·Runtime Query,04-00000510,P04-DATA-DB-FRESH,P03,CPF-GATE-04,DB-FRESH,예,QA-12B-1,미통과,"[DB-FRESH] Side effect 전 Timeout의 precondition/steps/expected/failure criteria를 cpf-tools/db/cpf-db-lifecycle-contract.json;cpf-tools/db/vendor-pack-manifest.json;cpf-tools/db/vendor/{mariadb,postgresql,oracle};cpf-tools/scripts/initialize-cpf-database.ps1;cpf-tools/scripts/invoke-cpf-qa34-db-runtime-matrix.ps1;cpf-tools/scripts/verify-cpf-db-lifecycle-contract.py;cpf-starters/data/persistence-jdbc;cpf-core/src/main/java/com/cpf/core/api/database와 대조했다. 실제 Acceptance 실패: DB lifecycle script에 해당 보안·멱등성·UNKNOWN·kill·multi-instance 처리 경로가 없다.",DB lifecycle script에 해당 보안·멱등성·UNKNOWN·kill·multi-instance 처리 경로가 없다,미통과,cpf-docs/evidence/qa/QA_PARALLEL_12WAY_QA-12B_R5_f97655c/db_review.md#db-fresh
CPF-SC-000511,CPF-FR-002563,DB-FRESH,P0,DATA,RESPONSE_LOSS,[DB-FRESH] Side effect 후 응답 유실,DB·Module Owner,최신 exact SHA; Owner commit,commit 후 reset,응답 차단,UNKNOWN·blind retry 금지·reconcile,자동 실패/무조건 retry,Java25·적용 DB/Provider/Browser/Process 환경,Local/Remote·single/multi-instance 중 적용,source SHA·command·environment·start/end·exit code·pre/post state·report/artifact hash·sanitization,실패,f97655c1299936a1101bc3ec10239265ec3b502e,cpf-docs/evidence/qa/QA_PARALLEL_12WAY_QA-12B_R5_f97655c/db_review.md#db-fresh,DB lifecycle script에 해당 보안·멱등성·UNKNOWN·kill·multi-instance 처리 경로가 없다,개발GPT 재개발 및 scenario 회귀 Test 후 QA 재검수,P04,Canonical Data·DB Schema·Migration·Runtime Query,04-00000511,P04-DATA-DB-FRESH,P03,CPF-GATE-04,DB-FRESH,예,QA-12B-1,미통과,"[DB-FRESH] Side effect 후 응답 유실의 precondition/steps/expected/failure criteria를 cpf-tools/db/cpf-db-lifecycle-contract.json;cpf-tools/db/vendor-pack-manifest.json;cpf-tools/db/vendor/{mariadb,postgresql,oracle};cpf-tools/scripts/initialize-cpf-database.ps1;cpf-tools/scripts/invoke-cpf-qa34-db-runtime-matrix.ps1;cpf-tools/scripts/verify-cpf-db-lifecycle-contract.py;cpf-starters/data/persistence-jdbc;cpf-core/src/main/java/com/cpf/core/api/database와 대조했다. 실제 Acceptance 실패: DB lifecycle script에 해당 보안·멱등성·UNKNOWN·kill·multi-instance 처리 경로가 없다.",DB lifecycle script에 해당 보안·멱등성·UNKNOWN·kill·multi-instance 처리 경로가 없다,미통과,cpf-docs/evidence/qa/QA_PARALLEL_12WAY_QA-12B_R5_f97655c/db_review.md#db-fresh
CPF-SC-000512,CPF-FR-002563,DB-FRESH,P0,DATA,PARTIAL,[DB-FRESH] 부분 실패,DB·Module Owner,최신 exact SHA; 다중 대상/항목,일부 target failure,group 실행,개별 성공/실패/unknown 보존,전체 성공/실패로 축약,Java25·적용 DB/Provider/Browser/Process 환경,Local/Remote·single/multi-instance 중 적용,source SHA·command·environment·start/end·exit code·pre/post state·report/artifact hash·sanitization,실패,f97655c1299936a1101bc3ec10239265ec3b502e,cpf-docs/evidence/qa/QA_PARALLEL_12WAY_QA-12B_R5_f97655c/db_review.md#db-fresh,DB lifecycle script에 해당 보안·멱등성·UNKNOWN·kill·multi-instance 처리 경로가 없다,개발GPT 재개발 및 scenario 회귀 Test 후 QA 재검수,P04,Canonical Data·DB Schema·Migration·Runtime Query,04-00000512,P04-DATA-DB-FRESH,P03,CPF-GATE-04,DB-FRESH,예,QA-12B-1,미통과,"[DB-FRESH] 부분 실패의 precondition/steps/expected/failure criteria를 cpf-tools/db/cpf-db-lifecycle-contract.json;cpf-tools/db/vendor-pack-manifest.json;cpf-tools/db/vendor/{mariadb,postgresql,oracle};cpf-tools/scripts/initialize-cpf-database.ps1;cpf-tools/scripts/invoke-cpf-qa34-db-runtime-matrix.ps1;cpf-tools/scripts/verify-cpf-db-lifecycle-contract.py;cpf-starters/data/persistence-jdbc;cpf-core/src/main/java/com/cpf/core/api/database와 대조했다. 실제 Acceptance 실패: DB lifecycle script에 해당 보안·멱등성·UNKNOWN·kill·multi-instance 처리 경로가 없다.",DB lifecycle script에 해당 보안·멱등성·UNKNOWN·kill·multi-instance 처리 경로가 없다,미통과,cpf-docs/evidence/qa/QA_PARALLEL_12WAY_QA-12B_R5_f97655c/db_review.md#db-fresh
CPF-SC-000513,CPF-FR-002563,DB-FRESH,P0,DATA,PROCESS_KILL,[DB-FRESH] Process Kill·Restart,DB·Module Owner,최신 exact SHA; durable state,worker kill,claim/apply 후 종료·재기동,lease 회수·stale fencing·복구,고아 상태·중복,Java25·적용 DB/Provider/Browser/Process 환경,Local/Remote·single/multi-instance 중 적용,source SHA·command·environment·start/end·exit code·pre/post state·report/artifact hash·sanitization,실패,f97655c1299936a1101bc3ec10239265ec3b502e,cpf-docs/evidence/qa/QA_PARALLEL_12WAY_QA-12B_R5_f97655c/db_review.md#db-fresh,DB lifecycle script에 해당 보안·멱등성·UNKNOWN·kill·multi-instance 처리 경로가 없다,개발GPT 재개발 및 scenario 회귀 Test 후 QA 재검수,P04,Canonical Data·DB Schema·Migration·Runtime Query,04-00000513,P04-DATA-DB-FRESH,P03,CPF-GATE-04,DB-FRESH,예,QA-12B-1,미통과,"[DB-FRESH] Process Kill·Restart의 precondition/steps/expected/failure criteria를 cpf-tools/db/cpf-db-lifecycle-contract.json;cpf-tools/db/vendor-pack-manifest.json;cpf-tools/db/vendor/{mariadb,postgresql,oracle};cpf-tools/scripts/initialize-cpf-database.ps1;cpf-tools/scripts/invoke-cpf-qa34-db-runtime-matrix.ps1;cpf-tools/scripts/verify-cpf-db-lifecycle-contract.py;cpf-starters/data/persistence-jdbc;cpf-core/src/main/java/com/cpf/core/api/database와 대조했다. 실제 Acceptance 실패: DB lifecycle script에 해당 보안·멱등성·UNKNOWN·kill·multi-instance 처리 경로가 없다.",DB lifecycle script에 해당 보안·멱등성·UNKNOWN·kill·multi-instance 처리 경로가 없다,미통과,cpf-docs/evidence/qa/QA_PARALLEL_12WAY_QA-12B_R5_f97655c/db_review.md#db-fresh
CPF-SC-000514,CPF-FR-002563,DB-FRESH,P0,DATA,MULTI_INSTANCE,[DB-FRESH] 다중 Instance,DB·Module Owner,최신 exact SHA; 2개 이상,공유 DB/queue,동시 처리·failover·rejoin,version/state 일치·중복 0,local state 의존,Java25·적용 DB/Provider/Browser/Process 환경,Local/Remote·single/multi-instance 중 적용,source SHA·command·environment·start/end·exit code·pre/post state·report/artifact hash·sanitization,실패,f97655c1299936a1101bc3ec10239265ec3b502e,cpf-docs/evidence/qa/QA_PARALLEL_12WAY_QA-12B_R5_f97655c/db_review.md#db-fresh,DB lifecycle script에 해당 보안·멱등성·UNKNOWN·kill·multi-instance 처리 경로가 없다,개발GPT 재개발 및 scenario 회귀 Test 후 QA 재검수,P04,Canonical Data·DB Schema·Migration·Runtime Query,04-00000514,P04-DATA-DB-FRESH,P03,CPF-GATE-04,DB-FRESH,예,QA-12B-1,미통과,"[DB-FRESH] 다중 Instance의 precondition/steps/expected/failure criteria를 cpf-tools/db/cpf-db-lifecycle-contract.json;cpf-tools/db/vendor-pack-manifest.json;cpf-tools/db/vendor/{mariadb,postgresql,oracle};cpf-tools/scripts/initialize-cpf-database.ps1;cpf-tools/scripts/invoke-cpf-qa34-db-runtime-matrix.ps1;cpf-tools/scripts/verify-cpf-db-lifecycle-contract.py;cpf-starters/data/persistence-jdbc;cpf-core/src/main/java/com/cpf/core/api/database와 대조했다. 실제 Acceptance 실패: DB lifecycle script에 해당 보안·멱등성·UNKNOWN·kill·multi-instance 처리 경로가 없다.",DB lifecycle script에 해당 보안·멱등성·UNKNOWN·kill·multi-instance 처리 경로가 없다,미통과,cpf-docs/evidence/qa/QA_PARALLEL_12WAY_QA-12B_R5_f97655c/db_review.md#db-fresh
CPF-SC-000515,CPF-FR-002563,DB-FRESH,P0,DATA,ROLLBACK,[DB-FRESH] Rollback/Forward Recovery,DB·Module Owner,최신 exact SHA; 변경 전 snapshot,적용 후 결함,rollback/forward fix,데이터 보존·actual 일치·audit,부분 rollback·drift,Java25·적용 DB/Provider/Browser/Process 환경,Local/Remote·single/multi-instance 중 적용,source SHA·command·environment·start/end·exit code·pre/post state·report/artifact hash·sanitization,미검증,f97655c1299936a1101bc3ec10239265ec3b502e,cpf-docs/evidence/qa/QA_PARALLEL_12WAY_QA-12B_R5_f97655c/db_review.md#db-fresh,"실제 Oracle/PostgreSQL/MariaDB, Java25/WAS, backup restore, process/network/disk/response-loss fault 실행은 최신 SHA에서 수행되지 않았다",목표 환경 scenario 실행 Evidence 반영 후 QA 재검수,P04,Canonical Data·DB Schema·Migration·Runtime Query,04-00000515,P04-DATA-DB-FRESH,P03,CPF-GATE-04,DB-FRESH,예,QA-12B-1,,"[DB-FRESH] Rollback/Forward Recovery의 요구 경로에 대응하는 Source/contract/Test 후보는 확인했다. 그러나 실제 Oracle/PostgreSQL/MariaDB, Java25/WAS, backup restore, process/network/disk/response-loss fault 실행은 최신 SHA에서 수행되지 않았다. 제품 실패로 단정하지 않고 환경차이 미검증으로 유지한다.",,검수 후 환경차이 미검증,cpf-docs/evidence/qa/QA_PARALLEL_12WAY_QA-12B_R5_f97655c/db_review.md#db-fresh
CPF-SC-000516,CPF-FR-002563,DB-FRESH,P0,DATA,SECURITY_LEAK,[DB-FRESH] 민감정보 누출,DB·Module Owner,최신 exact SHA; PII/Secret fixture,오류·Log·UI·Download,정상/실패 실행,원문 0 또는 승인 범위,Log/DOM/Storage/Evidence 원문,Java25·적용 DB/Provider/Browser/Process 환경,Local/Remote·single/multi-instance 중 적용,source SHA·command·environment·start/end·exit code·pre/post state·report/artifact hash·sanitization,미검증,f97655c1299936a1101bc3ec10239265ec3b502e,cpf-docs/evidence/qa/QA_PARALLEL_12WAY_QA-12B_R5_f97655c/db_review.md#db-fresh,"실제 Oracle/PostgreSQL/MariaDB, Java25/WAS, backup restore, process/network/disk/response-loss fault 실행은 최신 SHA에서 수행되지 않았다",목표 환경 scenario 실행 Evidence 반영 후 QA 재검수,P04,Canonical Data·DB Schema·Migration·Runtime Query,04-00000516,P04-DATA-DB-FRESH,P03,CPF-GATE-04,DB-FRESH,예,QA-12B-1,,"[DB-FRESH] 민감정보 누출의 요구 경로에 대응하는 Source/contract/Test 후보는 확인했다. 그러나 실제 Oracle/PostgreSQL/MariaDB, Java25/WAS, backup restore, process/network/disk/response-loss fault 실행은 최신 SHA에서 수행되지 않았다. 제품 실패로 단정하지 않고 환경차이 미검증으로 유지한다.",,검수 후 환경차이 미검증,cpf-docs/evidence/qa/QA_PARALLEL_12WAY_QA-12B_R5_f97655c/db_review.md#db-fresh
CPF-SC-000517,CPF-FR-002624,DB-MIGRATION,P0,DATA,POSITIVE,[DB-MIGRATION] 정상 수직 흐름,DB·Module Owner,최신 exact SHA; 유효 입력과 권한,정상 데이터,요청→검증→처리→저장/전달→응답→감사,정상 상태·side effect·tracking 일치,Mock-only 또는 Consumer 미호출,Java25·적용 DB/Provider/Browser/Process 환경,Local/Remote·single/multi-instance 중 적용,source SHA·command·environment·start/end·exit code·pre/post state·report/artifact hash·sanitization,미검증,f97655c1299936a1101bc3ec10239265ec3b502e,cpf-docs/evidence/qa/QA_PARALLEL_12WAY_QA-12B_R5_f97655c/db_review.md#db-migration,"실제 Oracle/PostgreSQL/MariaDB, Java25/WAS, backup restore, process/network/disk/response-loss fault 실행은 최신 SHA에서 수행되지 않았다",목표 환경 scenario 실행 Evidence 반영 후 QA 재검수,P04,Canonical Data·DB Schema·Migration·Runtime Query,04-00000517,P04-DATA-DB-MIGRATION,P03,CPF-GATE-04,DB-MIGRATION,예,QA-12B-1,,"[DB-MIGRATION] 정상 수직 흐름의 요구 경로에 대응하는 Source/contract/Test 후보는 확인했다. 그러나 실제 Oracle/PostgreSQL/MariaDB, Java25/WAS, backup restore, process/network/disk/response-loss fault 실행은 최신 SHA에서 수행되지 않았다. 제품 실패로 단정하지 않고 환경차이 미검증으로 유지한다.",,검수 후 환경차이 미검증,cpf-docs/evidence/qa/QA_PARALLEL_12WAY_QA-12B_R5_f97655c/db_review.md#db-migration
CPF-SC-000518,CPF-FR-002624,DB-MIGRATION,P0,DATA,INVALID,[DB-MIGRATION] 입력·경계 오류,DB·Module Owner,최신 exact SHA; 유효 Session,invalid/empty/oversize/unknown enum,각 invalid 제출,표준 field/path 오류·side effect 0,500/raw exception/부분 저장,Java25·적용 DB/Provider/Browser/Process 환경,Local/Remote·single/multi-instance 중 적용,source SHA·command·environment·start/end·exit code·pre/post state·report/artifact hash·sanitization,미검증,f97655c1299936a1101bc3ec10239265ec3b502e,cpf-docs/evidence/qa/QA_PARALLEL_12WAY_QA-12B_R5_f97655c/db_review.md#db-migration,"실제 Oracle/PostgreSQL/MariaDB, Java25/WAS, backup restore, process/network/disk/response-loss fault 실행은 최신 SHA에서 수행되지 않았다",목표 환경 scenario 실행 Evidence 반영 후 QA 재검수,P04,Canonical Data·DB Schema·Migration·Runtime Query,04-00000518,P04-DATA-DB-MIGRATION,P03,CPF-GATE-04,DB-MIGRATION,예,QA-12B-1,,"[DB-MIGRATION] 입력·경계 오류의 요구 경로에 대응하는 Source/contract/Test 후보는 확인했다. 그러나 실제 Oracle/PostgreSQL/MariaDB, Java25/WAS, backup restore, process/network/disk/response-loss fault 실행은 최신 SHA에서 수행되지 않았다. 제품 실패로 단정하지 않고 환경차이 미검증으로 유지한다.",,검수 후 환경차이 미검증,cpf-docs/evidence/qa/QA_PARALLEL_12WAY_QA-12B_R5_f97655c/db_review.md#db-migration
CPF-SC-000519,CPF-FR-002624,DB-MIGRATION,P0,DATA,UNAUTHORIZED,[DB-MIGRATION] 미인증·권한 부족,DB·Module Owner,최신 exact SHA; 권한 없는 principal,401/403 대상,UI 직접 URL/API/Method 호출,Server 거부·Audit·민감정보 0,버튼만 숨김/default allow,Java25·적용 DB/Provider/Browser/Process 환경,Local/Remote·single/multi-instance 중 적용,source SHA·command·environment·start/end·exit code·pre/post state·report/artifact hash·sanitization,실패,f97655c1299936a1101bc3ec10239265ec3b502e,cpf-docs/evidence/qa/QA_PARALLEL_12WAY_QA-12B_R5_f97655c/db_review.md#db-migration,DB lifecycle script에 해당 보안·멱등성·UNKNOWN·kill·multi-instance 처리 경로가 없다,개발GPT 재개발 및 scenario 회귀 Test 후 QA 재검수,P04,Canonical Data·DB Schema·Migration·Runtime Query,04-00000519,P04-DATA-DB-MIGRATION,P03,CPF-GATE-04,DB-MIGRATION,예,QA-12B-1,미통과,"[DB-MIGRATION] 미인증·권한 부족의 precondition/steps/expected/failure criteria를 cpf-tools/db/cpf-db-lifecycle-contract.json;cpf-tools/db/vendor-pack-manifest.json;cpf-tools/db/vendor/{mariadb,postgresql,oracle};cpf-tools/scripts/initialize-cpf-database.ps1;cpf-tools/scripts/invoke-cpf-qa34-db-runtime-matrix.ps1;cpf-tools/scripts/verify-cpf-db-lifecycle-contract.py;cpf-starters/data/persistence-jdbc;cpf-core/src/main/java/com/cpf/core/api/database와 대조했다. 실제 Acceptance 실패: DB lifecycle script에 해당 보안·멱등성·UNKNOWN·kill·multi-instance 처리 경로가 없다.",DB lifecycle script에 해당 보안·멱등성·UNKNOWN·kill·multi-instance 처리 경로가 없다,미통과,cpf-docs/evidence/qa/QA_PARALLEL_12WAY_QA-12B_R5_f97655c/db_review.md#db-migration
CPF-SC-000520,CPF-FR-002624,DB-MIGRATION,P0,DATA,CONFLICT,[DB-MIGRATION] Version·Hash 충돌,DB·Module Owner,최신 exact SHA; 기존 version,stale expectedVersion/다른 hash,동시/재시도 요청,409·기존 결과 보존·lost update 0,후행 요청 덮어씀,Java25·적용 DB/Provider/Browser/Process 환경,Local/Remote·single/multi-instance 중 적용,source SHA·command·environment·start/end·exit code·pre/post state·report/artifact hash·sanitization,미검증,f97655c1299936a1101bc3ec10239265ec3b502e,cpf-docs/evidence/qa/QA_PARALLEL_12WAY_QA-12B_R5_f97655c/db_review.md#db-migration,"실제 Oracle/PostgreSQL/MariaDB, Java25/WAS, backup restore, process/network/disk/response-loss fault 실행은 최신 SHA에서 수행되지 않았다",목표 환경 scenario 실행 Evidence 반영 후 QA 재검수,P04,Canonical Data·DB Schema·Migration·Runtime Query,04-00000520,P04-DATA-DB-MIGRATION,P03,CPF-GATE-04,DB-MIGRATION,예,QA-12B-1,,"[DB-MIGRATION] Version·Hash 충돌의 요구 경로에 대응하는 Source/contract/Test 후보는 확인했다. 그러나 실제 Oracle/PostgreSQL/MariaDB, Java25/WAS, backup restore, process/network/disk/response-loss fault 실행은 최신 SHA에서 수행되지 않았다. 제품 실패로 단정하지 않고 환경차이 미검증으로 유지한다.",,검수 후 환경차이 미검증,cpf-docs/evidence/qa/QA_PARALLEL_12WAY_QA-12B_R5_f97655c/db_review.md#db-migration
CPF-SC-000521,CPF-FR-002624,DB-MIGRATION,P0,DATA,DUPLICATE,[DB-MIGRATION] 중복 요청,DB·Module Owner,최신 exact SHA; 같은 operationId,동일/상이 payload,동시·순차 중복,"동일 replay, 다른 payload conflict",side effect 2회,Java25·적용 DB/Provider/Browser/Process 환경,Local/Remote·single/multi-instance 중 적용,source SHA·command·environment·start/end·exit code·pre/post state·report/artifact hash·sanitization,실패,f97655c1299936a1101bc3ec10239265ec3b502e,cpf-docs/evidence/qa/QA_PARALLEL_12WAY_QA-12B_R5_f97655c/db_review.md#db-migration,DB lifecycle script에 해당 보안·멱등성·UNKNOWN·kill·multi-instance 처리 경로가 없다,개발GPT 재개발 및 scenario 회귀 Test 후 QA 재검수,P04,Canonical Data·DB Schema·Migration·Runtime Query,04-00000521,P04-DATA-DB-MIGRATION,P03,CPF-GATE-04,DB-MIGRATION,예,QA-12B-1,미통과,"[DB-MIGRATION] 중복 요청의 precondition/steps/expected/failure criteria를 cpf-tools/db/cpf-db-lifecycle-contract.json;cpf-tools/db/vendor-pack-manifest.json;cpf-tools/db/vendor/{mariadb,postgresql,oracle};cpf-tools/scripts/initialize-cpf-database.ps1;cpf-tools/scripts/invoke-cpf-qa34-db-runtime-matrix.ps1;cpf-tools/scripts/verify-cpf-db-lifecycle-contract.py;cpf-starters/data/persistence-jdbc;cpf-core/src/main/java/com/cpf/core/api/database와 대조했다. 실제 Acceptance 실패: DB lifecycle script에 해당 보안·멱등성·UNKNOWN·kill·multi-instance 처리 경로가 없다.",DB lifecycle script에 해당 보안·멱등성·UNKNOWN·kill·multi-instance 처리 경로가 없다,미통과,cpf-docs/evidence/qa/QA_PARALLEL_12WAY_QA-12B_R5_f97655c/db_review.md#db-migration
CPF-SC-000522,CPF-FR-002624,DB-MIGRATION,P0,DATA,TIMEOUT_PRE,[DB-MIGRATION] Side effect 전 Timeout,DB·Module Owner,최신 exact SHA; dependency delay,connect/header timeout,timeout 주입,retryable failure·side effect 0,UNKNOWN/성공 오인,Java25·적용 DB/Provider/Browser/Process 환경,Local/Remote·single/multi-instance 중 적용,source SHA·command·environment·start/end·exit code·pre/post state·report/artifact hash·sanitization,실패,f97655c1299936a1101bc3ec10239265ec3b502e,cpf-docs/evidence/qa/QA_PARALLEL_12WAY_QA-12B_R5_f97655c/db_review.md#db-migration,DB lifecycle script에 해당 보안·멱등성·UNKNOWN·kill·multi-instance 처리 경로가 없다,개발GPT 재개발 및 scenario 회귀 Test 후 QA 재검수,P04,Canonical Data·DB Schema·Migration·Runtime Query,04-00000522,P04-DATA-DB-MIGRATION,P03,CPF-GATE-04,DB-MIGRATION,예,QA-12B-1,미통과,"[DB-MIGRATION] Side effect 전 Timeout의 precondition/steps/expected/failure criteria를 cpf-tools/db/cpf-db-lifecycle-contract.json;cpf-tools/db/vendor-pack-manifest.json;cpf-tools/db/vendor/{mariadb,postgresql,oracle};cpf-tools/scripts/initialize-cpf-database.ps1;cpf-tools/scripts/invoke-cpf-qa34-db-runtime-matrix.ps1;cpf-tools/scripts/verify-cpf-db-lifecycle-contract.py;cpf-starters/data/persistence-jdbc;cpf-core/src/main/java/com/cpf/core/api/database와 대조했다. 실제 Acceptance 실패: DB lifecycle script에 해당 보안·멱등성·UNKNOWN·kill·multi-instance 처리 경로가 없다.",DB lifecycle script에 해당 보안·멱등성·UNKNOWN·kill·multi-instance 처리 경로가 없다,미통과,cpf-docs/evidence/qa/QA_PARALLEL_12WAY_QA-12B_R5_f97655c/db_review.md#db-migration
CPF-SC-000523,CPF-FR-002624,DB-MIGRATION,P0,DATA,RESPONSE_LOSS,[DB-MIGRATION] Side effect 후 응답 유실,DB·Module Owner,최신 exact SHA; Owner commit,commit 후 reset,응답 차단,UNKNOWN·blind retry 금지·reconcile,자동 실패/무조건 retry,Java25·적용 DB/Provider/Browser/Process 환경,Local/Remote·single/multi-instance 중 적용,source SHA·command·environment·start/end·exit code·pre/post state·report/artifact hash·sanitization,실패,f97655c1299936a1101bc3ec10239265ec3b502e,cpf-docs/evidence/qa/QA_PARALLEL_12WAY_QA-12B_R5_f97655c/db_review.md#db-migration,DB lifecycle script에 해당 보안·멱등성·UNKNOWN·kill·multi-instance 처리 경로가 없다,개발GPT 재개발 및 scenario 회귀 Test 후 QA 재검수,P04,Canonical Data·DB Schema·Migration·Runtime Query,04-00000523,P04-DATA-DB-MIGRATION,P03,CPF-GATE-04,DB-MIGRATION,예,QA-12B-1,미통과,"[DB-MIGRATION] Side effect 후 응답 유실의 precondition/steps/expected/failure criteria를 cpf-tools/db/cpf-db-lifecycle-contract.json;cpf-tools/db/vendor-pack-manifest.json;cpf-tools/db/vendor/{mariadb,postgresql,oracle};cpf-tools/scripts/initialize-cpf-database.ps1;cpf-tools/scripts/invoke-cpf-qa34-db-runtime-matrix.ps1;cpf-tools/scripts/verify-cpf-db-lifecycle-contract.py;cpf-starters/data/persistence-jdbc;cpf-core/src/main/java/com/cpf/core/api/database와 대조했다. 실제 Acceptance 실패: DB lifecycle script에 해당 보안·멱등성·UNKNOWN·kill·multi-instance 처리 경로가 없다.",DB lifecycle script에 해당 보안·멱등성·UNKNOWN·kill·multi-instance 처리 경로가 없다,미통과,cpf-docs/evidence/qa/QA_PARALLEL_12WAY_QA-12B_R5_f97655c/db_review.md#db-migration
CPF-SC-000524,CPF-FR-002624,DB-MIGRATION,P0,DATA,PARTIAL,[DB-MIGRATION] 부분 실패,DB·Module Owner,최신 exact SHA; 다중 대상/항목,일부 target failure,group 실행,개별 성공/실패/unknown 보존,전체 성공/실패로 축약,Java25·적용 DB/Provider/Browser/Process 환경,Local/Remote·single/multi-instance 중 적용,source SHA·command·environment·start/end·exit code·pre/post state·report/artifact hash·sanitization,실패,f97655c1299936a1101bc3ec10239265ec3b502e,cpf-docs/evidence/qa/QA_PARALLEL_12WAY_QA-12B_R5_f97655c/db_review.md#db-migration,DB lifecycle script에 해당 보안·멱등성·UNKNOWN·kill·multi-instance 처리 경로가 없다,개발GPT 재개발 및 scenario 회귀 Test 후 QA 재검수,P04,Canonical Data·DB Schema·Migration·Runtime Query,04-00000524,P04-DATA-DB-MIGRATION,P03,CPF-GATE-04,DB-MIGRATION,예,QA-12B-1,미통과,"[DB-MIGRATION] 부분 실패의 precondition/steps/expected/failure criteria를 cpf-tools/db/cpf-db-lifecycle-contract.json;cpf-tools/db/vendor-pack-manifest.json;cpf-tools/db/vendor/{mariadb,postgresql,oracle};cpf-tools/scripts/initialize-cpf-database.ps1;cpf-tools/scripts/invoke-cpf-qa34-db-runtime-matrix.ps1;cpf-tools/scripts/verify-cpf-db-lifecycle-contract.py;cpf-starters/data/persistence-jdbc;cpf-core/src/main/java/com/cpf/core/api/database와 대조했다. 실제 Acceptance 실패: DB lifecycle script에 해당 보안·멱등성·UNKNOWN·kill·multi-instance 처리 경로가 없다.",DB lifecycle script에 해당 보안·멱등성·UNKNOWN·kill·multi-instance 처리 경로가 없다,미통과,cpf-docs/evidence/qa/QA_PARALLEL_12WAY_QA-12B_R5_f97655c/db_review.md#db-migration
CPF-SC-000525,CPF-FR-002624,DB-MIGRATION,P0,DATA,PROCESS_KILL,[DB-MIGRATION] Process Kill·Restart,DB·Module Owner,최신 exact SHA; durable state,worker kill,claim/apply 후 종료·재기동,lease 회수·stale fencing·복구,고아 상태·중복,Java25·적용 DB/Provider/Browser/Process 환경,Local/Remote·single/multi-instance 중 적용,source SHA·command·environment·start/end·exit code·pre/post state·report/artifact hash·sanitization,실패,f97655c1299936a1101bc3ec10239265ec3b502e,cpf-docs/evidence/qa/QA_PARALLEL_12WAY_QA-12B_R5_f97655c/db_review.md#db-migration,DB lifecycle script에 해당 보안·멱등성·UNKNOWN·kill·multi-instance 처리 경로가 없다,개발GPT 재개발 및 scenario 회귀 Test 후 QA 재검수,P04,Canonical Data·DB Schema·Migration·Runtime Query,04-00000525,P04-DATA-DB-MIGRATION,P03,CPF-GATE-04,DB-MIGRATION,예,QA-12B-1,미통과,"[DB-MIGRATION] Process Kill·Restart의 precondition/steps/expected/failure criteria를 cpf-tools/db/cpf-db-lifecycle-contract.json;cpf-tools/db/vendor-pack-manifest.json;cpf-tools/db/vendor/{mariadb,postgresql,oracle};cpf-tools/scripts/initialize-cpf-database.ps1;cpf-tools/scripts/invoke-cpf-qa34-db-runtime-matrix.ps1;cpf-tools/scripts/verify-cpf-db-lifecycle-contract.py;cpf-starters/data/persistence-jdbc;cpf-core/src/main/java/com/cpf/core/api/database와 대조했다. 실제 Acceptance 실패: DB lifecycle script에 해당 보안·멱등성·UNKNOWN·kill·multi-instance 처리 경로가 없다.",DB lifecycle script에 해당 보안·멱등성·UNKNOWN·kill·multi-instance 처리 경로가 없다,미통과,cpf-docs/evidence/qa/QA_PARALLEL_12WAY_QA-12B_R5_f97655c/db_review.md#db-migration
CPF-SC-000526,CPF-FR-002624,DB-MIGRATION,P0,DATA,MULTI_INSTANCE,[DB-MIGRATION] 다중 Instance,DB·Module Owner,최신 exact SHA; 2개 이상,공유 DB/queue,동시 처리·failover·rejoin,version/state 일치·중복 0,local state 의존,Java25·적용 DB/Provider/Browser/Process 환경,Local/Remote·single/multi-instance 중 적용,source SHA·command·environment·start/end·exit code·pre/post state·report/artifact hash·sanitization,실패,f97655c1299936a1101bc3ec10239265ec3b502e,cpf-docs/evidence/qa/QA_PARALLEL_12WAY_QA-12B_R5_f97655c/db_review.md#db-migration,DB lifecycle script에 해당 보안·멱등성·UNKNOWN·kill·multi-instance 처리 경로가 없다,개발GPT 재개발 및 scenario 회귀 Test 후 QA 재검수,P04,Canonical Data·DB Schema·Migration·Runtime Query,04-00000526,P04-DATA-DB-MIGRATION,P03,CPF-GATE-04,DB-MIGRATION,예,QA-12B-1,미통과,"[DB-MIGRATION] 다중 Instance의 precondition/steps/expected/failure criteria를 cpf-tools/db/cpf-db-lifecycle-contract.json;cpf-tools/db/vendor-pack-manifest.json;cpf-tools/db/vendor/{mariadb,postgresql,oracle};cpf-tools/scripts/initialize-cpf-database.ps1;cpf-tools/scripts/invoke-cpf-qa34-db-runtime-matrix.ps1;cpf-tools/scripts/verify-cpf-db-lifecycle-contract.py;cpf-starters/data/persistence-jdbc;cpf-core/src/main/java/com/cpf/core/api/database와 대조했다. 실제 Acceptance 실패: DB lifecycle script에 해당 보안·멱등성·UNKNOWN·kill·multi-instance 처리 경로가 없다.",DB lifecycle script에 해당 보안·멱등성·UNKNOWN·kill·multi-instance 처리 경로가 없다,미통과,cpf-docs/evidence/qa/QA_PARALLEL_12WAY_QA-12B_R5_f97655c/db_review.md#db-migration
CPF-SC-000527,CPF-FR-002624,DB-MIGRATION,P0,DATA,ROLLBACK,[DB-MIGRATION] Rollback/Forward Recovery,DB·Module Owner,최신 exact SHA; 변경 전 snapshot,적용 후 결함,rollback/forward fix,데이터 보존·actual 일치·audit,부분 rollback·drift,Java25·적용 DB/Provider/Browser/Process 환경,Local/Remote·single/multi-instance 중 적용,source SHA·command·environment·start/end·exit code·pre/post state·report/artifact hash·sanitization,미검증,f97655c1299936a1101bc3ec10239265ec3b502e,cpf-docs/evidence/qa/QA_PARALLEL_12WAY_QA-12B_R5_f97655c/db_review.md#db-migration,"실제 Oracle/PostgreSQL/MariaDB, Java25/WAS, backup restore, process/network/disk/response-loss fault 실행은 최신 SHA에서 수행되지 않았다",목표 환경 scenario 실행 Evidence 반영 후 QA 재검수,P04,Canonical Data·DB Schema·Migration·Runtime Query,04-00000527,P04-DATA-DB-MIGRATION,P03,CPF-GATE-04,DB-MIGRATION,예,QA-12B-1,,"[DB-MIGRATION] Rollback/Forward Recovery의 요구 경로에 대응하는 Source/contract/Test 후보는 확인했다. 그러나 실제 Oracle/PostgreSQL/MariaDB, Java25/WAS, backup restore, process/network/disk/response-loss fault 실행은 최신 SHA에서 수행되지 않았다. 제품 실패로 단정하지 않고 환경차이 미검증으로 유지한다.",,검수 후 환경차이 미검증,cpf-docs/evidence/qa/QA_PARALLEL_12WAY_QA-12B_R5_f97655c/db_review.md#db-migration
CPF-SC-000528,CPF-FR-002624,DB-MIGRATION,P0,DATA,SECURITY_LEAK,[DB-MIGRATION] 민감정보 누출,DB·Module Owner,최신 exact SHA; PII/Secret fixture,오류·Log·UI·Download,정상/실패 실행,원문 0 또는 승인 범위,Log/DOM/Storage/Evidence 원문,Java25·적용 DB/Provider/Browser/Process 환경,Local/Remote·single/multi-instance 중 적용,source SHA·command·environment·start/end·exit code·pre/post state·report/artifact hash·sanitization,미검증,f97655c1299936a1101bc3ec10239265ec3b502e,cpf-docs/evidence/qa/QA_PARALLEL_12WAY_QA-12B_R5_f97655c/db_review.md#db-migration,"실제 Oracle/PostgreSQL/MariaDB, Java25/WAS, backup restore, process/network/disk/response-loss fault 실행은 최신 SHA에서 수행되지 않았다",목표 환경 scenario 실행 Evidence 반영 후 QA 재검수,P04,Canonical Data·DB Schema·Migration·Runtime Query,04-00000528,P04-DATA-DB-MIGRATION,P03,CPF-GATE-04,DB-MIGRATION,예,QA-12B-1,,"[DB-MIGRATION] 민감정보 누출의 요구 경로에 대응하는 Source/contract/Test 후보는 확인했다. 그러나 실제 Oracle/PostgreSQL/MariaDB, Java25/WAS, backup restore, process/network/disk/response-loss fault 실행은 최신 SHA에서 수행되지 않았다. 제품 실패로 단정하지 않고 환경차이 미검증으로 유지한다.",,검수 후 환경차이 미검증,cpf-docs/evidence/qa/QA_PARALLEL_12WAY_QA-12B_R5_f97655c/db_review.md#db-migration
CPF-SC-000529,CPF-FR-002685,DB-ROLLBACK,P0,DATA,POSITIVE,[DB-ROLLBACK] 정상 수직 흐름,DB·Module Owner,최신 exact SHA; 유효 입력과 권한,정상 데이터,요청→검증→처리→저장/전달→응답→감사,정상 상태·side effect·tracking 일치,Mock-only 또는 Consumer 미호출,Java25·적용 DB/Provider/Browser/Process 환경,Local/Remote·single/multi-instance 중 적용,source SHA·command·environment·start/end·exit code·pre/post state·report/artifact hash·sanitization,미검증,f97655c1299936a1101bc3ec10239265ec3b502e,cpf-docs/evidence/qa/QA_PARALLEL_12WAY_QA-12B_R5_f97655c/db_review.md#db-rollback,"실제 Oracle/PostgreSQL/MariaDB, Java25/WAS, backup restore, process/network/disk/response-loss fault 실행은 최신 SHA에서 수행되지 않았다",목표 환경 scenario 실행 Evidence 반영 후 QA 재검수,P04,Canonical Data·DB Schema·Migration·Runtime Query,04-00000529,P04-DATA-DB-ROLLBACK,P03,CPF-GATE-04,DB-ROLLBACK,예,QA-12B-1,,"[DB-ROLLBACK] 정상 수직 흐름의 요구 경로에 대응하는 Source/contract/Test 후보는 확인했다. 그러나 실제 Oracle/PostgreSQL/MariaDB, Java25/WAS, backup restore, process/network/disk/response-loss fault 실행은 최신 SHA에서 수행되지 않았다. 제품 실패로 단정하지 않고 환경차이 미검증으로 유지한다.",,검수 후 환경차이 미검증,cpf-docs/evidence/qa/QA_PARALLEL_12WAY_QA-12B_R5_f97655c/db_review.md#db-rollback
CPF-SC-000530,CPF-FR-002685,DB-ROLLBACK,P0,DATA,INVALID,[DB-ROLLBACK] 입력·경계 오류,DB·Module Owner,최신 exact SHA; 유효 Session,invalid/empty/oversize/unknown enum,각 invalid 제출,표준 field/path 오류·side effect 0,500/raw exception/부분 저장,Java25·적용 DB/Provider/Browser/Process 환경,Local/Remote·single/multi-instance 중 적용,source SHA·command·environment·start/end·exit code·pre/post state·report/artifact hash·sanitization,미검증,f97655c1299936a1101bc3ec10239265ec3b502e,cpf-docs/evidence/qa/QA_PARALLEL_12WAY_QA-12B_R5_f97655c/db_review.md#db-rollback,"실제 Oracle/PostgreSQL/MariaDB, Java25/WAS, backup restore, process/network/disk/response-loss fault 실행은 최신 SHA에서 수행되지 않았다",목표 환경 scenario 실행 Evidence 반영 후 QA 재검수,P04,Canonical Data·DB Schema·Migration·Runtime Query,04-00000530,P04-DATA-DB-ROLLBACK,P03,CPF-GATE-04,DB-ROLLBACK,예,QA-12B-1,,"[DB-ROLLBACK] 입력·경계 오류의 요구 경로에 대응하는 Source/contract/Test 후보는 확인했다. 그러나 실제 Oracle/PostgreSQL/MariaDB, Java25/WAS, backup restore, process/network/disk/response-loss fault 실행은 최신 SHA에서 수행되지 않았다. 제품 실패로 단정하지 않고 환경차이 미검증으로 유지한다.",,검수 후 환경차이 미검증,cpf-docs/evidence/qa/QA_PARALLEL_12WAY_QA-12B_R5_f97655c/db_review.md#db-rollback
CPF-SC-000531,CPF-FR-002685,DB-ROLLBACK,P0,DATA,UNAUTHORIZED,[DB-ROLLBACK] 미인증·권한 부족,DB·Module Owner,최신 exact SHA; 권한 없는 principal,401/403 대상,UI 직접 URL/API/Method 호출,Server 거부·Audit·민감정보 0,버튼만 숨김/default allow,Java25·적용 DB/Provider/Browser/Process 환경,Local/Remote·single/multi-instance 중 적용,source SHA·command·environment·start/end·exit code·pre/post state·report/artifact hash·sanitization,실패,f97655c1299936a1101bc3ec10239265ec3b502e,cpf-docs/evidence/qa/QA_PARALLEL_12WAY_QA-12B_R5_f97655c/db_review.md#db-rollback,DB lifecycle script에 해당 보안·멱등성·UNKNOWN·kill·multi-instance 처리 경로가 없다,개발GPT 재개발 및 scenario 회귀 Test 후 QA 재검수,P04,Canonical Data·DB Schema·Migration·Runtime Query,04-00000531,P04-DATA-DB-ROLLBACK,P03,CPF-GATE-04,DB-ROLLBACK,예,QA-12B-1,미통과,"[DB-ROLLBACK] 미인증·권한 부족의 precondition/steps/expected/failure criteria를 cpf-tools/db/cpf-db-lifecycle-contract.json;cpf-tools/db/vendor-pack-manifest.json;cpf-tools/db/vendor/{mariadb,postgresql,oracle};cpf-tools/scripts/initialize-cpf-database.ps1;cpf-tools/scripts/invoke-cpf-qa34-db-runtime-matrix.ps1;cpf-tools/scripts/verify-cpf-db-lifecycle-contract.py;cpf-starters/data/persistence-jdbc;cpf-core/src/main/java/com/cpf/core/api/database와 대조했다. 실제 Acceptance 실패: DB lifecycle script에 해당 보안·멱등성·UNKNOWN·kill·multi-instance 처리 경로가 없다.",DB lifecycle script에 해당 보안·멱등성·UNKNOWN·kill·multi-instance 처리 경로가 없다,미통과,cpf-docs/evidence/qa/QA_PARALLEL_12WAY_QA-12B_R5_f97655c/db_review.md#db-rollback
CPF-SC-000532,CPF-FR-002685,DB-ROLLBACK,P0,DATA,CONFLICT,[DB-ROLLBACK] Version·Hash 충돌,DB·Module Owner,최신 exact SHA; 기존 version,stale expectedVersion/다른 hash,동시/재시도 요청,409·기존 결과 보존·lost update 0,후행 요청 덮어씀,Java25·적용 DB/Provider/Browser/Process 환경,Local/Remote·single/multi-instance 중 적용,source SHA·command·environment·start/end·exit code·pre/post state·report/artifact hash·sanitization,미검증,f97655c1299936a1101bc3ec10239265ec3b502e,cpf-docs/evidence/qa/QA_PARALLEL_12WAY_QA-12B_R5_f97655c/db_review.md#db-rollback,"실제 Oracle/PostgreSQL/MariaDB, Java25/WAS, backup restore, process/network/disk/response-loss fault 실행은 최신 SHA에서 수행되지 않았다",목표 환경 scenario 실행 Evidence 반영 후 QA 재검수,P04,Canonical Data·DB Schema·Migration·Runtime Query,04-00000532,P04-DATA-DB-ROLLBACK,P03,CPF-GATE-04,DB-ROLLBACK,예,QA-12B-1,,"[DB-ROLLBACK] Version·Hash 충돌의 요구 경로에 대응하는 Source/contract/Test 후보는 확인했다. 그러나 실제 Oracle/PostgreSQL/MariaDB, Java25/WAS, backup restore, process/network/disk/response-loss fault 실행은 최신 SHA에서 수행되지 않았다. 제품 실패로 단정하지 않고 환경차이 미검증으로 유지한다.",,검수 후 환경차이 미검증,cpf-docs/evidence/qa/QA_PARALLEL_12WAY_QA-12B_R5_f97655c/db_review.md#db-rollback
CPF-SC-000533,CPF-FR-002685,DB-ROLLBACK,P0,DATA,DUPLICATE,[DB-ROLLBACK] 중복 요청,DB·Module Owner,최신 exact SHA; 같은 operationId,동일/상이 payload,동시·순차 중복,"동일 replay, 다른 payload conflict",side effect 2회,Java25·적용 DB/Provider/Browser/Process 환경,Local/Remote·single/multi-instance 중 적용,source SHA·command·environment·start/end·exit code·pre/post state·report/artifact hash·sanitization,실패,f97655c1299936a1101bc3ec10239265ec3b502e,cpf-docs/evidence/qa/QA_PARALLEL_12WAY_QA-12B_R5_f97655c/db_review.md#db-rollback,DB lifecycle script에 해당 보안·멱등성·UNKNOWN·kill·multi-instance 처리 경로가 없다,개발GPT 재개발 및 scenario 회귀 Test 후 QA 재검수,P04,Canonical Data·DB Schema·Migration·Runtime Query,04-00000533,P04-DATA-DB-ROLLBACK,P03,CPF-GATE-04,DB-ROLLBACK,예,QA-12B-1,미통과,"[DB-ROLLBACK] 중복 요청의 precondition/steps/expected/failure criteria를 cpf-tools/db/cpf-db-lifecycle-contract.json;cpf-tools/db/vendor-pack-manifest.json;cpf-tools/db/vendor/{mariadb,postgresql,oracle};cpf-tools/scripts/initialize-cpf-database.ps1;cpf-tools/scripts/invoke-cpf-qa34-db-runtime-matrix.ps1;cpf-tools/scripts/verify-cpf-db-lifecycle-contract.py;cpf-starters/data/persistence-jdbc;cpf-core/src/main/java/com/cpf/core/api/database와 대조했다. 실제 Acceptance 실패: DB lifecycle script에 해당 보안·멱등성·UNKNOWN·kill·multi-instance 처리 경로가 없다.",DB lifecycle script에 해당 보안·멱등성·UNKNOWN·kill·multi-instance 처리 경로가 없다,미통과,cpf-docs/evidence/qa/QA_PARALLEL_12WAY_QA-12B_R5_f97655c/db_review.md#db-rollback
CPF-SC-000534,CPF-FR-002685,DB-ROLLBACK,P0,DATA,TIMEOUT_PRE,[DB-ROLLBACK] Side effect 전 Timeout,DB·Module Owner,최신 exact SHA; dependency delay,connect/header timeout,timeout 주입,retryable failure·side effect 0,UNKNOWN/성공 오인,Java25·적용 DB/Provider/Browser/Process 환경,Local/Remote·single/multi-instance 중 적용,source SHA·command·environment·start/end·exit code·pre/post state·report/artifact hash·sanitization,실패,f97655c1299936a1101bc3ec10239265ec3b502e,cpf-docs/evidence/qa/QA_PARALLEL_12WAY_QA-12B_R5_f97655c/db_review.md#db-rollback,DB lifecycle script에 해당 보안·멱등성·UNKNOWN·kill·multi-instance 처리 경로가 없다,개발GPT 재개발 및 scenario 회귀 Test 후 QA 재검수,P04,Canonical Data·DB Schema·Migration·Runtime Query,04-00000534,P04-DATA-DB-ROLLBACK,P03,CPF-GATE-04,DB-ROLLBACK,예,QA-12B-1,미통과,"[DB-ROLLBACK] Side effect 전 Timeout의 precondition/steps/expected/failure criteria를 cpf-tools/db/cpf-db-lifecycle-contract.json;cpf-tools/db/vendor-pack-manifest.json;cpf-tools/db/vendor/{mariadb,postgresql,oracle};cpf-tools/scripts/initialize-cpf-database.ps1;cpf-tools/scripts/invoke-cpf-qa34-db-runtime-matrix.ps1;cpf-tools/scripts/verify-cpf-db-lifecycle-contract.py;cpf-starters/data/persistence-jdbc;cpf-core/src/main/java/com/cpf/core/api/database와 대조했다. 실제 Acceptance 실패: DB lifecycle script에 해당 보안·멱등성·UNKNOWN·kill·multi-instance 처리 경로가 없다.",DB lifecycle script에 해당 보안·멱등성·UNKNOWN·kill·multi-instance 처리 경로가 없다,미통과,cpf-docs/evidence/qa/QA_PARALLEL_12WAY_QA-12B_R5_f97655c/db_review.md#db-rollback
CPF-SC-000535,CPF-FR-002685,DB-ROLLBACK,P0,DATA,RESPONSE_LOSS,[DB-ROLLBACK] Side effect 후 응답 유실,DB·Module Owner,최신 exact SHA; Owner commit,commit 후 reset,응답 차단,UNKNOWN·blind retry 금지·reconcile,자동 실패/무조건 retry,Java25·적용 DB/Provider/Browser/Process 환경,Local/Remote·single/multi-instance 중 적용,source SHA·command·environment·start/end·exit code·pre/post state·report/artifact hash·sanitization,실패,f97655c1299936a1101bc3ec10239265ec3b502e,cpf-docs/evidence/qa/QA_PARALLEL_12WAY_QA-12B_R5_f97655c/db_review.md#db-rollback,DB lifecycle script에 해당 보안·멱등성·UNKNOWN·kill·multi-instance 처리 경로가 없다,개발GPT 재개발 및 scenario 회귀 Test 후 QA 재검수,P04,Canonical Data·DB Schema·Migration·Runtime Query,04-00000535,P04-DATA-DB-ROLLBACK,P03,CPF-GATE-04,DB-ROLLBACK,예,QA-12B-1,미통과,"[DB-ROLLBACK] Side effect 후 응답 유실의 precondition/steps/expected/failure criteria를 cpf-tools/db/cpf-db-lifecycle-contract.json;cpf-tools/db/vendor-pack-manifest.json;cpf-tools/db/vendor/{mariadb,postgresql,oracle};cpf-tools/scripts/initialize-cpf-database.ps1;cpf-tools/scripts/invoke-cpf-qa34-db-runtime-matrix.ps1;cpf-tools/scripts/verify-cpf-db-lifecycle-contract.py;cpf-starters/data/persistence-jdbc;cpf-core/src/main/java/com/cpf/core/api/database와 대조했다. 실제 Acceptance 실패: DB lifecycle script에 해당 보안·멱등성·UNKNOWN·kill·multi-instance 처리 경로가 없다.",DB lifecycle script에 해당 보안·멱등성·UNKNOWN·kill·multi-instance 처리 경로가 없다,미통과,cpf-docs/evidence/qa/QA_PARALLEL_12WAY_QA-12B_R5_f97655c/db_review.md#db-rollback
CPF-SC-000536,CPF-FR-002685,DB-ROLLBACK,P0,DATA,PARTIAL,[DB-ROLLBACK] 부분 실패,DB·Module Owner,최신 exact SHA; 다중 대상/항목,일부 target failure,group 실행,개별 성공/실패/unknown 보존,전체 성공/실패로 축약,Java25·적용 DB/Provider/Browser/Process 환경,Local/Remote·single/multi-instance 중 적용,source SHA·command·environment·start/end·exit code·pre/post state·report/artifact hash·sanitization,실패,f97655c1299936a1101bc3ec10239265ec3b502e,cpf-docs/evidence/qa/QA_PARALLEL_12WAY_QA-12B_R5_f97655c/db_review.md#db-rollback,DB lifecycle script에 해당 보안·멱등성·UNKNOWN·kill·multi-instance 처리 경로가 없다,개발GPT 재개발 및 scenario 회귀 Test 후 QA 재검수,P04,Canonical Data·DB Schema·Migration·Runtime Query,04-00000536,P04-DATA-DB-ROLLBACK,P03,CPF-GATE-04,DB-ROLLBACK,예,QA-12B-1,미통과,"[DB-ROLLBACK] 부분 실패의 precondition/steps/expected/failure criteria를 cpf-tools/db/cpf-db-lifecycle-contract.json;cpf-tools/db/vendor-pack-manifest.json;cpf-tools/db/vendor/{mariadb,postgresql,oracle};cpf-tools/scripts/initialize-cpf-database.ps1;cpf-tools/scripts/invoke-cpf-qa34-db-runtime-matrix.ps1;cpf-tools/scripts/verify-cpf-db-lifecycle-contract.py;cpf-starters/data/persistence-jdbc;cpf-core/src/main/java/com/cpf/core/api/database와 대조했다. 실제 Acceptance 실패: DB lifecycle script에 해당 보안·멱등성·UNKNOWN·kill·multi-instance 처리 경로가 없다.",DB lifecycle script에 해당 보안·멱등성·UNKNOWN·kill·multi-instance 처리 경로가 없다,미통과,cpf-docs/evidence/qa/QA_PARALLEL_12WAY_QA-12B_R5_f97655c/db_review.md#db-rollback
CPF-SC-000537,CPF-FR-002685,DB-ROLLBACK,P0,DATA,PROCESS_KILL,[DB-ROLLBACK] Process Kill·Restart,DB·Module Owner,최신 exact SHA; durable state,worker kill,claim/apply 후 종료·재기동,lease 회수·stale fencing·복구,고아 상태·중복,Java25·적용 DB/Provider/Browser/Process 환경,Local/Remote·single/multi-instance 중 적용,source SHA·command·environment·start/end·exit code·pre/post state·report/artifact hash·sanitization,실패,f97655c1299936a1101bc3ec10239265ec3b502e,cpf-docs/evidence/qa/QA_PARALLEL_12WAY_QA-12B_R5_f97655c/db_review.md#db-rollback,DB lifecycle script에 해당 보안·멱등성·UNKNOWN·kill·multi-instance 처리 경로가 없다,개발GPT 재개발 및 scenario 회귀 Test 후 QA 재검수,P04,Canonical Data·DB Schema·Migration·Runtime Query,04-00000537,P04-DATA-DB-ROLLBACK,P03,CPF-GATE-04,DB-ROLLBACK,예,QA-12B-1,미통과,"[DB-ROLLBACK] Process Kill·Restart의 precondition/steps/expected/failure criteria를 cpf-tools/db/cpf-db-lifecycle-contract.json;cpf-tools/db/vendor-pack-manifest.json;cpf-tools/db/vendor/{mariadb,postgresql,oracle};cpf-tools/scripts/initialize-cpf-database.ps1;cpf-tools/scripts/invoke-cpf-qa34-db-runtime-matrix.ps1;cpf-tools/scripts/verify-cpf-db-lifecycle-contract.py;cpf-starters/data/persistence-jdbc;cpf-core/src/main/java/com/cpf/core/api/database와 대조했다. 실제 Acceptance 실패: DB lifecycle script에 해당 보안·멱등성·UNKNOWN·kill·multi-instance 처리 경로가 없다.",DB lifecycle script에 해당 보안·멱등성·UNKNOWN·kill·multi-instance 처리 경로가 없다,미통과,cpf-docs/evidence/qa/QA_PARALLEL_12WAY_QA-12B_R5_f97655c/db_review.md#db-rollback
CPF-SC-000538,CPF-FR-002685,DB-ROLLBACK,P0,DATA,MULTI_INSTANCE,[DB-ROLLBACK] 다중 Instance,DB·Module Owner,최신 exact SHA; 2개 이상,공유 DB/queue,동시 처리·failover·rejoin,version/state 일치·중복 0,local state 의존,Java25·적용 DB/Provider/Browser/Process 환경,Local/Remote·single/multi-instance 중 적용,source SHA·command·environment·start/end·exit code·pre/post state·report/artifact hash·sanitization,실패,f97655c1299936a1101bc3ec10239265ec3b502e,cpf-docs/evidence/qa/QA_PARALLEL_12WAY_QA-12B_R5_f97655c/db_review.md#db-rollback,DB lifecycle script에 해당 보안·멱등성·UNKNOWN·kill·multi-instance 처리 경로가 없다,개발GPT 재개발 및 scenario 회귀 Test 후 QA 재검수,P04,Canonical Data·DB Schema·Migration·Runtime Query,04-00000538,P04-DATA-DB-ROLLBACK,P03,CPF-GATE-04,DB-ROLLBACK,예,QA-12B-1,미통과,"[DB-ROLLBACK] 다중 Instance의 precondition/steps/expected/failure criteria를 cpf-tools/db/cpf-db-lifecycle-contract.json;cpf-tools/db/vendor-pack-manifest.json;cpf-tools/db/vendor/{mariadb,postgresql,oracle};cpf-tools/scripts/initialize-cpf-database.ps1;cpf-tools/scripts/invoke-cpf-qa34-db-runtime-matrix.ps1;cpf-tools/scripts/verify-cpf-db-lifecycle-contract.py;cpf-starters/data/persistence-jdbc;cpf-core/src/main/java/com/cpf/core/api/database와 대조했다. 실제 Acceptance 실패: DB lifecycle script에 해당 보안·멱등성·UNKNOWN·kill·multi-instance 처리 경로가 없다.",DB lifecycle script에 해당 보안·멱등성·UNKNOWN·kill·multi-instance 처리 경로가 없다,미통과,cpf-docs/evidence/qa/QA_PARALLEL_12WAY_QA-12B_R5_f97655c/db_review.md#db-rollback
CPF-SC-000539,CPF-FR-002685,DB-ROLLBACK,P0,DATA,ROLLBACK,[DB-ROLLBACK] Rollback/Forward Recovery,DB·Module Owner,최신 exact SHA; 변경 전 snapshot,적용 후 결함,rollback/forward fix,데이터 보존·actual 일치·audit,부분 rollback·drift,Java25·적용 DB/Provider/Browser/Process 환경,Local/Remote·single/multi-instance 중 적용,source SHA·command·environment·start/end·exit code·pre/post state·report/artifact hash·sanitization,미검증,f97655c1299936a1101bc3ec10239265ec3b502e,cpf-docs/evidence/qa/QA_PARALLEL_12WAY_QA-12B_R5_f97655c/db_review.md#db-rollback,"실제 Oracle/PostgreSQL/MariaDB, Java25/WAS, backup restore, process/network/disk/response-loss fault 실행은 최신 SHA에서 수행되지 않았다",목표 환경 scenario 실행 Evidence 반영 후 QA 재검수,P04,Canonical Data·DB Schema·Migration·Runtime Query,04-00000539,P04-DATA-DB-ROLLBACK,P03,CPF-GATE-04,DB-ROLLBACK,예,QA-12B-1,,"[DB-ROLLBACK] Rollback/Forward Recovery의 요구 경로에 대응하는 Source/contract/Test 후보는 확인했다. 그러나 실제 Oracle/PostgreSQL/MariaDB, Java25/WAS, backup restore, process/network/disk/response-loss fault 실행은 최신 SHA에서 수행되지 않았다. 제품 실패로 단정하지 않고 환경차이 미검증으로 유지한다.",,검수 후 환경차이 미검증,cpf-docs/evidence/qa/QA_PARALLEL_12WAY_QA-12B_R5_f97655c/db_review.md#db-rollback
CPF-SC-000540,CPF-FR-002685,DB-ROLLBACK,P0,DATA,SECURITY_LEAK,[DB-ROLLBACK] 민감정보 누출,DB·Module Owner,최신 exact SHA; PII/Secret fixture,오류·Log·UI·Download,정상/실패 실행,원문 0 또는 승인 범위,Log/DOM/Storage/Evidence 원문,Java25·적용 DB/Provider/Browser/Process 환경,Local/Remote·single/multi-instance 중 적용,source SHA·command·environment·start/end·exit code·pre/post state·report/artifact hash·sanitization,미검증,f97655c1299936a1101bc3ec10239265ec3b502e,cpf-docs/evidence/qa/QA_PARALLEL_12WAY_QA-12B_R5_f97655c/db_review.md#db-rollback,"실제 Oracle/PostgreSQL/MariaDB, Java25/WAS, backup restore, process/network/disk/response-loss fault 실행은 최신 SHA에서 수행되지 않았다",목표 환경 scenario 실행 Evidence 반영 후 QA 재검수,P04,Canonical Data·DB Schema·Migration·Runtime Query,04-00000540,P04-DATA-DB-ROLLBACK,P03,CPF-GATE-04,DB-ROLLBACK,예,QA-12B-1,,"[DB-ROLLBACK] 민감정보 누출의 요구 경로에 대응하는 Source/contract/Test 후보는 확인했다. 그러나 실제 Oracle/PostgreSQL/MariaDB, Java25/WAS, backup restore, process/network/disk/response-loss fault 실행은 최신 SHA에서 수행되지 않았다. 제품 실패로 단정하지 않고 환경차이 미검증으로 유지한다.",,검수 후 환경차이 미검증,cpf-docs/evidence/qa/QA_PARALLEL_12WAY_QA-12B_R5_f97655c/db_review.md#db-rollback
CPF-SC-000541,CPF-FR-002746,DB-BACKUP,P0,DATA,POSITIVE,[DB-BACKUP] 정상 수직 흐름,DB·Module Owner,최신 exact SHA; 유효 입력과 권한,정상 데이터,요청→검증→처리→저장/전달→응답→감사,정상 상태·side effect·tracking 일치,Mock-only 또는 Consumer 미호출,Java25·적용 DB/Provider/Browser/Process 환경,Local/Remote·single/multi-instance 중 적용,source SHA·command·environment·start/end·exit code·pre/post state·report/artifact hash·sanitization,실패,f97655c1299936a1101bc3ec10239265ec3b502e,cpf-docs/evidence/qa/QA_PARALLEL_12WAY_QA-12B_R5_f97655c/db_review.md#db-backup,해당 기능의 실제 backup/performance/multi-instance Runtime harness가 구현되지 않았다,개발GPT 재개발 및 scenario 회귀 Test 후 QA 재검수,P04,Canonical Data·DB Schema·Migration·Runtime Query,04-00000541,P04-DATA-DB-BACKUP,P03,CPF-GATE-04,DB-BACKUP,예,QA-12B-1,미통과,"[DB-BACKUP] 정상 수직 흐름의 precondition/steps/expected/failure criteria를 cpf-tools/db/cpf-db-lifecycle-contract.json;cpf-tools/db/vendor-pack-manifest.json;cpf-tools/db/vendor/{mariadb,postgresql,oracle};cpf-tools/scripts/initialize-cpf-database.ps1;cpf-tools/scripts/invoke-cpf-qa34-db-runtime-matrix.ps1;cpf-tools/scripts/verify-cpf-db-lifecycle-contract.py;cpf-starters/data/persistence-jdbc;cpf-core/src/main/java/com/cpf/core/api/database와 대조했다. 실제 Acceptance 실패: 해당 기능의 실제 backup/performance/multi-instance Runtime harness가 구현되지 않았다.",해당 기능의 실제 backup/performance/multi-instance Runtime harness가 구현되지 않았다,미통과,cpf-docs/evidence/qa/QA_PARALLEL_12WAY_QA-12B_R5_f97655c/db_review.md#db-backup
CPF-SC-000542,CPF-FR-002746,DB-BACKUP,P0,DATA,INVALID,[DB-BACKUP] 입력·경계 오류,DB·Module Owner,최신 exact SHA; 유효 Session,invalid/empty/oversize/unknown enum,각 invalid 제출,표준 field/path 오류·side effect 0,500/raw exception/부분 저장,Java25·적용 DB/Provider/Browser/Process 환경,Local/Remote·single/multi-instance 중 적용,source SHA·command·environment·start/end·exit code·pre/post state·report/artifact hash·sanitization,실패,f97655c1299936a1101bc3ec10239265ec3b502e,cpf-docs/evidence/qa/QA_PARALLEL_12WAY_QA-12B_R5_f97655c/db_review.md#db-backup,해당 기능의 실제 backup/performance/multi-instance Runtime harness가 구현되지 않았다,개발GPT 재개발 및 scenario 회귀 Test 후 QA 재검수,P04,Canonical Data·DB Schema·Migration·Runtime Query,04-00000542,P04-DATA-DB-BACKUP,P03,CPF-GATE-04,DB-BACKUP,예,QA-12B-1,미통과,"[DB-BACKUP] 입력·경계 오류의 precondition/steps/expected/failure criteria를 cpf-tools/db/cpf-db-lifecycle-contract.json;cpf-tools/db/vendor-pack-manifest.json;cpf-tools/db/vendor/{mariadb,postgresql,oracle};cpf-tools/scripts/initialize-cpf-database.ps1;cpf-tools/scripts/invoke-cpf-qa34-db-runtime-matrix.ps1;cpf-tools/scripts/verify-cpf-db-lifecycle-contract.py;cpf-starters/data/persistence-jdbc;cpf-core/src/main/java/com/cpf/core/api/database와 대조했다. 실제 Acceptance 실패: 해당 기능의 실제 backup/performance/multi-instance Runtime harness가 구현되지 않았다.",해당 기능의 실제 backup/performance/multi-instance Runtime harness가 구현되지 않았다,미통과,cpf-docs/evidence/qa/QA_PARALLEL_12WAY_QA-12B_R5_f97655c/db_review.md#db-backup
CPF-SC-000543,CPF-FR-002746,DB-BACKUP,P0,DATA,UNAUTHORIZED,[DB-BACKUP] 미인증·권한 부족,DB·Module Owner,최신 exact SHA; 권한 없는 principal,401/403 대상,UI 직접 URL/API/Method 호출,Server 거부·Audit·민감정보 0,버튼만 숨김/default allow,Java25·적용 DB/Provider/Browser/Process 환경,Local/Remote·single/multi-instance 중 적용,source SHA·command·environment·start/end·exit code·pre/post state·report/artifact hash·sanitization,실패,f97655c1299936a1101bc3ec10239265ec3b502e,cpf-docs/evidence/qa/QA_PARALLEL_12WAY_QA-12B_R5_f97655c/db_review.md#db-backup,해당 기능의 실제 backup/performance/multi-instance Runtime harness가 구현되지 않았다,개발GPT 재개발 및 scenario 회귀 Test 후 QA 재검수,P04,Canonical Data·DB Schema·Migration·Runtime Query,04-00000543,P04-DATA-DB-BACKUP,P03,CPF-GATE-04,DB-BACKUP,예,QA-12B-1,미통과,"[DB-BACKUP] 미인증·권한 부족의 precondition/steps/expected/failure criteria를 cpf-tools/db/cpf-db-lifecycle-contract.json;cpf-tools/db/vendor-pack-manifest.json;cpf-tools/db/vendor/{mariadb,postgresql,oracle};cpf-tools/scripts/initialize-cpf-database.ps1;cpf-tools/scripts/invoke-cpf-qa34-db-runtime-matrix.ps1;cpf-tools/scripts/verify-cpf-db-lifecycle-contract.py;cpf-starters/data/persistence-jdbc;cpf-core/src/main/java/com/cpf/core/api/database와 대조했다. 실제 Acceptance 실패: 해당 기능의 실제 backup/performance/multi-instance Runtime harness가 구현되지 않았다.",해당 기능의 실제 backup/performance/multi-instance Runtime harness가 구현되지 않았다,미통과,cpf-docs/evidence/qa/QA_PARALLEL_12WAY_QA-12B_R5_f97655c/db_review.md#db-backup
CPF-SC-000544,CPF-FR-002746,DB-BACKUP,P0,DATA,CONFLICT,[DB-BACKUP] Version·Hash 충돌,DB·Module Owner,최신 exact SHA; 기존 version,stale expectedVersion/다른 hash,동시/재시도 요청,409·기존 결과 보존·lost update 0,후행 요청 덮어씀,Java25·적용 DB/Provider/Browser/Process 환경,Local/Remote·single/multi-instance 중 적용,source SHA·command·environment·start/end·exit code·pre/post state·report/artifact hash·sanitization,실패,f97655c1299936a1101bc3ec10239265ec3b502e,cpf-docs/evidence/qa/QA_PARALLEL_12WAY_QA-12B_R5_f97655c/db_review.md#db-backup,해당 기능의 실제 backup/performance/multi-instance Runtime harness가 구현되지 않았다,개발GPT 재개발 및 scenario 회귀 Test 후 QA 재검수,P04,Canonical Data·DB Schema·Migration·Runtime Query,04-00000544,P04-DATA-DB-BACKUP,P03,CPF-GATE-04,DB-BACKUP,예,QA-12B-1,미통과,"[DB-BACKUP] Version·Hash 충돌의 precondition/steps/expected/failure criteria를 cpf-tools/db/cpf-db-lifecycle-contract.json;cpf-tools/db/vendor-pack-manifest.json;cpf-tools/db/vendor/{mariadb,postgresql,oracle};cpf-tools/scripts/initialize-cpf-database.ps1;cpf-tools/scripts/invoke-cpf-qa34-db-runtime-matrix.ps1;cpf-tools/scripts/verify-cpf-db-lifecycle-contract.py;cpf-starters/data/persistence-jdbc;cpf-core/src/main/java/com/cpf/core/api/database와 대조했다. 실제 Acceptance 실패: 해당 기능의 실제 backup/performance/multi-instance Runtime harness가 구현되지 않았다.",해당 기능의 실제 backup/performance/multi-instance Runtime harness가 구현되지 않았다,미통과,cpf-docs/evidence/qa/QA_PARALLEL_12WAY_QA-12B_R5_f97655c/db_review.md#db-backup
CPF-SC-000545,CPF-FR-002746,DB-BACKUP,P0,DATA,DUPLICATE,[DB-BACKUP] 중복 요청,DB·Module Owner,최신 exact SHA; 같은 operationId,동일/상이 payload,동시·순차 중복,"동일 replay, 다른 payload conflict",side effect 2회,Java25·적용 DB/Provider/Browser/Process 환경,Local/Remote·single/multi-instance 중 적용,source SHA·command·environment·start/end·exit code·pre/post state·report/artifact hash·sanitization,실패,f97655c1299936a1101bc3ec10239265ec3b502e,cpf-docs/evidence/qa/QA_PARALLEL_12WAY_QA-12B_R5_f97655c/db_review.md#db-backup,해당 기능의 실제 backup/performance/multi-instance Runtime harness가 구현되지 않았다,개발GPT 재개발 및 scenario 회귀 Test 후 QA 재검수,P04,Canonical Data·DB Schema·Migration·Runtime Query,04-00000545,P04-DATA-DB-BACKUP,P03,CPF-GATE-04,DB-BACKUP,예,QA-12B-1,미통과,"[DB-BACKUP] 중복 요청의 precondition/steps/expected/failure criteria를 cpf-tools/db/cpf-db-lifecycle-contract.json;cpf-tools/db/vendor-pack-manifest.json;cpf-tools/db/vendor/{mariadb,postgresql,oracle};cpf-tools/scripts/initialize-cpf-database.ps1;cpf-tools/scripts/invoke-cpf-qa34-db-runtime-matrix.ps1;cpf-tools/scripts/verify-cpf-db-lifecycle-contract.py;cpf-starters/data/persistence-jdbc;cpf-core/src/main/java/com/cpf/core/api/database와 대조했다. 실제 Acceptance 실패: 해당 기능의 실제 backup/performance/multi-instance Runtime harness가 구현되지 않았다.",해당 기능의 실제 backup/performance/multi-instance Runtime harness가 구현되지 않았다,미통과,cpf-docs/evidence/qa/QA_PARALLEL_12WAY_QA-12B_R5_f97655c/db_review.md#db-backup
CPF-SC-000546,CPF-FR-002746,DB-BACKUP,P0,DATA,TIMEOUT_PRE,[DB-BACKUP] Side effect 전 Timeout,DB·Module Owner,최신 exact SHA; dependency delay,connect/header timeout,timeout 주입,retryable failure·side effect 0,UNKNOWN/성공 오인,Java25·적용 DB/Provider/Browser/Process 환경,Local/Remote·single/multi-instance 중 적용,source SHA·command·environment·start/end·exit code·pre/post state·report/artifact hash·sanitization,실패,f97655c1299936a1101bc3ec10239265ec3b502e,cpf-docs/evidence/qa/QA_PARALLEL_12WAY_QA-12B_R5_f97655c/db_review.md#db-backup,해당 기능의 실제 backup/performance/multi-instance Runtime harness가 구현되지 않았다,개발GPT 재개발 및 scenario 회귀 Test 후 QA 재검수,P04,Canonical Data·DB Schema·Migration·Runtime Query,04-00000546,P04-DATA-DB-BACKUP,P03,CPF-GATE-04,DB-BACKUP,예,QA-12B-1,미통과,"[DB-BACKUP] Side effect 전 Timeout의 precondition/steps/expected/failure criteria를 cpf-tools/db/cpf-db-lifecycle-contract.json;cpf-tools/db/vendor-pack-manifest.json;cpf-tools/db/vendor/{mariadb,postgresql,oracle};cpf-tools/scripts/initialize-cpf-database.ps1;cpf-tools/scripts/invoke-cpf-qa34-db-runtime-matrix.ps1;cpf-tools/scripts/verify-cpf-db-lifecycle-contract.py;cpf-starters/data/persistence-jdbc;cpf-core/src/main/java/com/cpf/core/api/database와 대조했다. 실제 Acceptance 실패: 해당 기능의 실제 backup/performance/multi-instance Runtime harness가 구현되지 않았다.",해당 기능의 실제 backup/performance/multi-instance Runtime harness가 구현되지 않았다,미통과,cpf-docs/evidence/qa/QA_PARALLEL_12WAY_QA-12B_R5_f97655c/db_review.md#db-backup
CPF-SC-000547,CPF-FR-002746,DB-BACKUP,P0,DATA,RESPONSE_LOSS,[DB-BACKUP] Side effect 후 응답 유실,DB·Module Owner,최신 exact SHA; Owner commit,commit 후 reset,응답 차단,UNKNOWN·blind retry 금지·reconcile,자동 실패/무조건 retry,Java25·적용 DB/Provider/Browser/Process 환경,Local/Remote·single/multi-instance 중 적용,source SHA·command·environment·start/end·exit code·pre/post state·report/artifact hash·sanitization,실패,f97655c1299936a1101bc3ec10239265ec3b502e,cpf-docs/evidence/qa/QA_PARALLEL_12WAY_QA-12B_R5_f97655c/db_review.md#db-backup,해당 기능의 실제 backup/performance/multi-instance Runtime harness가 구현되지 않았다,개발GPT 재개발 및 scenario 회귀 Test 후 QA 재검수,P04,Canonical Data·DB Schema·Migration·Runtime Query,04-00000547,P04-DATA-DB-BACKUP,P03,CPF-GATE-04,DB-BACKUP,예,QA-12B-1,미통과,"[DB-BACKUP] Side effect 후 응답 유실의 precondition/steps/expected/failure criteria를 cpf-tools/db/cpf-db-lifecycle-contract.json;cpf-tools/db/vendor-pack-manifest.json;cpf-tools/db/vendor/{mariadb,postgresql,oracle};cpf-tools/scripts/initialize-cpf-database.ps1;cpf-tools/scripts/invoke-cpf-qa34-db-runtime-matrix.ps1;cpf-tools/scripts/verify-cpf-db-lifecycle-contract.py;cpf-starters/data/persistence-jdbc;cpf-core/src/main/java/com/cpf/core/api/database와 대조했다. 실제 Acceptance 실패: 해당 기능의 실제 backup/performance/multi-instance Runtime harness가 구현되지 않았다.",해당 기능의 실제 backup/performance/multi-instance Runtime harness가 구현되지 않았다,미통과,cpf-docs/evidence/qa/QA_PARALLEL_12WAY_QA-12B_R5_f97655c/db_review.md#db-backup
CPF-SC-000548,CPF-FR-002746,DB-BACKUP,P0,DATA,PARTIAL,[DB-BACKUP] 부분 실패,DB·Module Owner,최신 exact SHA; 다중 대상/항목,일부 target failure,group 실행,개별 성공/실패/unknown 보존,전체 성공/실패로 축약,Java25·적용 DB/Provider/Browser/Process 환경,Local/Remote·single/multi-instance 중 적용,source SHA·command·environment·start/end·exit code·pre/post state·report/artifact hash·sanitization,실패,f97655c1299936a1101bc3ec10239265ec3b502e,cpf-docs/evidence/qa/QA_PARALLEL_12WAY_QA-12B_R5_f97655c/db_review.md#db-backup,해당 기능의 실제 backup/performance/multi-instance Runtime harness가 구현되지 않았다,개발GPT 재개발 및 scenario 회귀 Test 후 QA 재검수,P04,Canonical Data·DB Schema·Migration·Runtime Query,04-00000548,P04-DATA-DB-BACKUP,P03,CPF-GATE-04,DB-BACKUP,예,QA-12B-1,미통과,"[DB-BACKUP] 부분 실패의 precondition/steps/expected/failure criteria를 cpf-tools/db/cpf-db-lifecycle-contract.json;cpf-tools/db/vendor-pack-manifest.json;cpf-tools/db/vendor/{mariadb,postgresql,oracle};cpf-tools/scripts/initialize-cpf-database.ps1;cpf-tools/scripts/invoke-cpf-qa34-db-runtime-matrix.ps1;cpf-tools/scripts/verify-cpf-db-lifecycle-contract.py;cpf-starters/data/persistence-jdbc;cpf-core/src/main/java/com/cpf/core/api/database와 대조했다. 실제 Acceptance 실패: 해당 기능의 실제 backup/performance/multi-instance Runtime harness가 구현되지 않았다.",해당 기능의 실제 backup/performance/multi-instance Runtime harness가 구현되지 않았다,미통과,cpf-docs/evidence/qa/QA_PARALLEL_12WAY_QA-12B_R5_f97655c/db_review.md#db-backup
CPF-SC-000549,CPF-FR-002746,DB-BACKUP,P0,DATA,PROCESS_KILL,[DB-BACKUP] Process Kill·Restart,DB·Module Owner,최신 exact SHA; durable state,worker kill,claim/apply 후 종료·재기동,lease 회수·stale fencing·복구,고아 상태·중복,Java25·적용 DB/Provider/Browser/Process 환경,Local/Remote·single/multi-instance 중 적용,source SHA·command·environment·start/end·exit code·pre/post state·report/artifact hash·sanitization,실패,f97655c1299936a1101bc3ec10239265ec3b502e,cpf-docs/evidence/qa/QA_PARALLEL_12WAY_QA-12B_R5_f97655c/db_review.md#db-backup,해당 기능의 실제 backup/performance/multi-instance Runtime harness가 구현되지 않았다,개발GPT 재개발 및 scenario 회귀 Test 후 QA 재검수,P04,Canonical Data·DB Schema·Migration·Runtime Query,04-00000549,P04-DATA-DB-BACKUP,P03,CPF-GATE-04,DB-BACKUP,예,QA-12B-1,미통과,"[DB-BACKUP] Process Kill·Restart의 precondition/steps/expected/failure criteria를 cpf-tools/db/cpf-db-lifecycle-contract.json;cpf-tools/db/vendor-pack-manifest.json;cpf-tools/db/vendor/{mariadb,postgresql,oracle};cpf-tools/scripts/initialize-cpf-database.ps1;cpf-tools/scripts/invoke-cpf-qa34-db-runtime-matrix.ps1;cpf-tools/scripts/verify-cpf-db-lifecycle-contract.py;cpf-starters/data/persistence-jdbc;cpf-core/src/main/java/com/cpf/core/api/database와 대조했다. 실제 Acceptance 실패: 해당 기능의 실제 backup/performance/multi-instance Runtime harness가 구현되지 않았다.",해당 기능의 실제 backup/performance/multi-instance Runtime harness가 구현되지 않았다,미통과,cpf-docs/evidence/qa/QA_PARALLEL_12WAY_QA-12B_R5_f97655c/db_review.md#db-backup
CPF-SC-000550,CPF-FR-002746,DB-BACKUP,P0,DATA,MULTI_INSTANCE,[DB-BACKUP] 다중 Instance,DB·Module Owner,최신 exact SHA; 2개 이상,공유 DB/queue,동시 처리·failover·rejoin,version/state 일치·중복 0,local state 의존,Java25·적용 DB/Provider/Browser/Process 환경,Local/Remote·single/multi-instance 중 적용,source SHA·command·environment·start/end·exit code·pre/post state·report/artifact hash·sanitization,실패,f97655c1299936a1101bc3ec10239265ec3b502e,cpf-docs/evidence/qa/QA_PARALLEL_12WAY_QA-12B_R5_f97655c/db_review.md#db-backup,해당 기능의 실제 backup/performance/multi-instance Runtime harness가 구현되지 않았다,개발GPT 재개발 및 scenario 회귀 Test 후 QA 재검수,P04,Canonical Data·DB Schema·Migration·Runtime Query,04-00000550,P04-DATA-DB-BACKUP,P03,CPF-GATE-04,DB-BACKUP,예,QA-12B-1,미통과,"[DB-BACKUP] 다중 Instance의 precondition/steps/expected/failure criteria를 cpf-tools/db/cpf-db-lifecycle-contract.json;cpf-tools/db/vendor-pack-manifest.json;cpf-tools/db/vendor/{mariadb,postgresql,oracle};cpf-tools/scripts/initialize-cpf-database.ps1;cpf-tools/scripts/invoke-cpf-qa34-db-runtime-matrix.ps1;cpf-tools/scripts/verify-cpf-db-lifecycle-contract.py;cpf-starters/data/persistence-jdbc;cpf-core/src/main/java/com/cpf/core/api/database와 대조했다. 실제 Acceptance 실패: 해당 기능의 실제 backup/performance/multi-instance Runtime harness가 구현되지 않았다.",해당 기능의 실제 backup/performance/multi-instance Runtime harness가 구현되지 않았다,미통과,cpf-docs/evidence/qa/QA_PARALLEL_12WAY_QA-12B_R5_f97655c/db_review.md#db-backup
CPF-SC-000551,CPF-FR-002746,DB-BACKUP,P0,DATA,ROLLBACK,[DB-BACKUP] Rollback/Forward Recovery,DB·Module Owner,최신 exact SHA; 변경 전 snapshot,적용 후 결함,rollback/forward fix,데이터 보존·actual 일치·audit,부분 rollback·drift,Java25·적용 DB/Provider/Browser/Process 환경,Local/Remote·single/multi-instance 중 적용,source SHA·command·environment·start/end·exit code·pre/post state·report/artifact hash·sanitization,실패,f97655c1299936a1101bc3ec10239265ec3b502e,cpf-docs/evidence/qa/QA_PARALLEL_12WAY_QA-12B_R5_f97655c/db_review.md#db-backup,해당 기능의 실제 backup/performance/multi-instance Runtime harness가 구현되지 않았다,개발GPT 재개발 및 scenario 회귀 Test 후 QA 재검수,P04,Canonical Data·DB Schema·Migration·Runtime Query,04-00000551,P04-DATA-DB-BACKUP,P03,CPF-GATE-04,DB-BACKUP,예,QA-12B-1,미통과,"[DB-BACKUP] Rollback/Forward Recovery의 precondition/steps/expected/failure criteria를 cpf-tools/db/cpf-db-lifecycle-contract.json;cpf-tools/db/vendor-pack-manifest.json;cpf-tools/db/vendor/{mariadb,postgresql,oracle};cpf-tools/scripts/initialize-cpf-database.ps1;cpf-tools/scripts/invoke-cpf-qa34-db-runtime-matrix.ps1;cpf-tools/scripts/verify-cpf-db-lifecycle-contract.py;cpf-starters/data/persistence-jdbc;cpf-core/src/main/java/com/cpf/core/api/database와 대조했다. 실제 Acceptance 실패: 해당 기능의 실제 backup/performance/multi-instance Runtime harness가 구현되지 않았다.",해당 기능의 실제 backup/performance/multi-instance Runtime harness가 구현되지 않았다,미통과,cpf-docs/evidence/qa/QA_PARALLEL_12WAY_QA-12B_R5_f97655c/db_review.md#db-backup
CPF-SC-000552,CPF-FR-002746,DB-BACKUP,P0,DATA,SECURITY_LEAK,[DB-BACKUP] 민감정보 누출,DB·Module Owner,최신 exact SHA; PII/Secret fixture,오류·Log·UI·Download,정상/실패 실행,원문 0 또는 승인 범위,Log/DOM/Storage/Evidence 원문,Java25·적용 DB/Provider/Browser/Process 환경,Local/Remote·single/multi-instance 중 적용,source SHA·command·environment·start/end·exit code·pre/post state·report/artifact hash·sanitization,실패,f97655c1299936a1101bc3ec10239265ec3b502e,cpf-docs/evidence/qa/QA_PARALLEL_12WAY_QA-12B_R5_f97655c/db_review.md#db-backup,해당 기능의 실제 backup/performance/multi-instance Runtime harness가 구현되지 않았다,개발GPT 재개발 및 scenario 회귀 Test 후 QA 재검수,P04,Canonical Data·DB Schema·Migration·Runtime Query,04-00000552,P04-DATA-DB-BACKUP,P03,CPF-GATE-04,DB-BACKUP,예,QA-12B-1,미통과,"[DB-BACKUP] 민감정보 누출의 precondition/steps/expected/failure criteria를 cpf-tools/db/cpf-db-lifecycle-contract.json;cpf-tools/db/vendor-pack-manifest.json;cpf-tools/db/vendor/{mariadb,postgresql,oracle};cpf-tools/scripts/initialize-cpf-database.ps1;cpf-tools/scripts/invoke-cpf-qa34-db-runtime-matrix.ps1;cpf-tools/scripts/verify-cpf-db-lifecycle-contract.py;cpf-starters/data/persistence-jdbc;cpf-core/src/main/java/com/cpf/core/api/database와 대조했다. 실제 Acceptance 실패: 해당 기능의 실제 backup/performance/multi-instance Runtime harness가 구현되지 않았다.",해당 기능의 실제 backup/performance/multi-instance Runtime harness가 구현되지 않았다,미통과,cpf-docs/evidence/qa/QA_PARALLEL_12WAY_QA-12B_R5_f97655c/db_review.md#db-backup
CPF-SC-000553,CPF-FR-002807,DB-MULTI-VENDOR,P0,DATA,POSITIVE,[DB-MULTI-VENDOR] 정상 수직 흐름,DB·Module Owner,최신 exact SHA; 유효 입력과 권한,정상 데이터,요청→검증→처리→저장/전달→응답→감사,정상 상태·side effect·tracking 일치,Mock-only 또는 Consumer 미호출,Java25·적용 DB/Provider/Browser/Process 환경,Local/Remote·single/multi-instance 중 적용,source SHA·command·environment·start/end·exit code·pre/post state·report/artifact hash·sanitization,미검증,f97655c1299936a1101bc3ec10239265ec3b502e,cpf-docs/evidence/qa/QA_PARALLEL_12WAY_QA-12B_R5_f97655c/db_review.md#db-multi-vendor,"실제 Oracle/PostgreSQL/MariaDB, Java25/WAS, backup restore, process/network/disk/response-loss fault 실행은 최신 SHA에서 수행되지 않았다",목표 환경 scenario 실행 Evidence 반영 후 QA 재검수,P04,Canonical Data·DB Schema·Migration·Runtime Query,04-00000553,P04-DATA-DB-MULTI-VENDOR,P03,CPF-GATE-04,DB-MULTI-VENDOR,예,QA-12B-1,,"[DB-MULTI-VENDOR] 정상 수직 흐름의 요구 경로에 대응하는 Source/contract/Test 후보는 확인했다. 그러나 실제 Oracle/PostgreSQL/MariaDB, Java25/WAS, backup restore, process/network/disk/response-loss fault 실행은 최신 SHA에서 수행되지 않았다. 제품 실패로 단정하지 않고 환경차이 미검증으로 유지한다.",,검수 후 환경차이 미검증,cpf-docs/evidence/qa/QA_PARALLEL_12WAY_QA-12B_R5_f97655c/db_review.md#db-multi-vendor
CPF-SC-000554,CPF-FR-002807,DB-MULTI-VENDOR,P0,DATA,INVALID,[DB-MULTI-VENDOR] 입력·경계 오류,DB·Module Owner,최신 exact SHA; 유효 Session,invalid/empty/oversize/unknown enum,각 invalid 제출,표준 field/path 오류·side effect 0,500/raw exception/부분 저장,Java25·적용 DB/Provider/Browser/Process 환경,Local/Remote·single/multi-instance 중 적용,source SHA·command·environment·start/end·exit code·pre/post state·report/artifact hash·sanitization,미검증,f97655c1299936a1101bc3ec10239265ec3b502e,cpf-docs/evidence/qa/QA_PARALLEL_12WAY_QA-12B_R5_f97655c/db_review.md#db-multi-vendor,"실제 Oracle/PostgreSQL/MariaDB, Java25/WAS, backup restore, process/network/disk/response-loss fault 실행은 최신 SHA에서 수행되지 않았다",목표 환경 scenario 실행 Evidence 반영 후 QA 재검수,P04,Canonical Data·DB Schema·Migration·Runtime Query,04-00000554,P04-DATA-DB-MULTI-VENDOR,P03,CPF-GATE-04,DB-MULTI-VENDOR,예,QA-12B-1,,"[DB-MULTI-VENDOR] 입력·경계 오류의 요구 경로에 대응하는 Source/contract/Test 후보는 확인했다. 그러나 실제 Oracle/PostgreSQL/MariaDB, Java25/WAS, backup restore, process/network/disk/response-loss fault 실행은 최신 SHA에서 수행되지 않았다. 제품 실패로 단정하지 않고 환경차이 미검증으로 유지한다.",,검수 후 환경차이 미검증,cpf-docs/evidence/qa/QA_PARALLEL_12WAY_QA-12B_R5_f97655c/db_review.md#db-multi-vendor
CPF-SC-000555,CPF-FR-002807,DB-MULTI-VENDOR,P0,DATA,UNAUTHORIZED,[DB-MULTI-VENDOR] 미인증·권한 부족,DB·Module Owner,최신 exact SHA; 권한 없는 principal,401/403 대상,UI 직접 URL/API/Method 호출,Server 거부·Audit·민감정보 0,버튼만 숨김/default allow,Java25·적용 DB/Provider/Browser/Process 환경,Local/Remote·single/multi-instance 중 적용,source SHA·command·environment·start/end·exit code·pre/post state·report/artifact hash·sanitization,실패,f97655c1299936a1101bc3ec10239265ec3b502e,cpf-docs/evidence/qa/QA_PARALLEL_12WAY_QA-12B_R5_f97655c/db_review.md#db-multi-vendor,DB lifecycle script에 해당 보안·멱등성·UNKNOWN·kill·multi-instance 처리 경로가 없다,개발GPT 재개발 및 scenario 회귀 Test 후 QA 재검수,P04,Canonical Data·DB Schema·Migration·Runtime Query,04-00000555,P04-DATA-DB-MULTI-VENDOR,P03,CPF-GATE-04,DB-MULTI-VENDOR,예,QA-12B-1,미통과,"[DB-MULTI-VENDOR] 미인증·권한 부족의 precondition/steps/expected/failure criteria를 cpf-tools/db/cpf-db-lifecycle-contract.json;cpf-tools/db/vendor-pack-manifest.json;cpf-tools/db/vendor/{mariadb,postgresql,oracle};cpf-tools/scripts/initialize-cpf-database.ps1;cpf-tools/scripts/invoke-cpf-qa34-db-runtime-matrix.ps1;cpf-tools/scripts/verify-cpf-db-lifecycle-contract.py;cpf-starters/data/persistence-jdbc;cpf-core/src/main/java/com/cpf/core/api/database와 대조했다. 실제 Acceptance 실패: DB lifecycle script에 해당 보안·멱등성·UNKNOWN·kill·multi-instance 처리 경로가 없다.",DB lifecycle script에 해당 보안·멱등성·UNKNOWN·kill·multi-instance 처리 경로가 없다,미통과,cpf-docs/evidence/qa/QA_PARALLEL_12WAY_QA-12B_R5_f97655c/db_review.md#db-multi-vendor
CPF-SC-000556,CPF-FR-002807,DB-MULTI-VENDOR,P0,DATA,CONFLICT,[DB-MULTI-VENDOR] Version·Hash 충돌,DB·Module Owner,최신 exact SHA; 기존 version,stale expectedVersion/다른 hash,동시/재시도 요청,409·기존 결과 보존·lost update 0,후행 요청 덮어씀,Java25·적용 DB/Provider/Browser/Process 환경,Local/Remote·single/multi-instance 중 적용,source SHA·command·environment·start/end·exit code·pre/post state·report/artifact hash·sanitization,미검증,f97655c1299936a1101bc3ec10239265ec3b502e,cpf-docs/evidence/qa/QA_PARALLEL_12WAY_QA-12B_R5_f97655c/db_review.md#db-multi-vendor,"실제 Oracle/PostgreSQL/MariaDB, Java25/WAS, backup restore, process/network/disk/response-loss fault 실행은 최신 SHA에서 수행되지 않았다",목표 환경 scenario 실행 Evidence 반영 후 QA 재검수,P04,Canonical Data·DB Schema·Migration·Runtime Query,04-00000556,P04-DATA-DB-MULTI-VENDOR,P03,CPF-GATE-04,DB-MULTI-VENDOR,예,QA-12B-1,,"[DB-MULTI-VENDOR] Version·Hash 충돌의 요구 경로에 대응하는 Source/contract/Test 후보는 확인했다. 그러나 실제 Oracle/PostgreSQL/MariaDB, Java25/WAS, backup restore, process/network/disk/response-loss fault 실행은 최신 SHA에서 수행되지 않았다. 제품 실패로 단정하지 않고 환경차이 미검증으로 유지한다.",,검수 후 환경차이 미검증,cpf-docs/evidence/qa/QA_PARALLEL_12WAY_QA-12B_R5_f97655c/db_review.md#db-multi-vendor
CPF-SC-000557,CPF-FR-002807,DB-MULTI-VENDOR,P0,DATA,DUPLICATE,[DB-MULTI-VENDOR] 중복 요청,DB·Module Owner,최신 exact SHA; 같은 operationId,동일/상이 payload,동시·순차 중복,"동일 replay, 다른 payload conflict",side effect 2회,Java25·적용 DB/Provider/Browser/Process 환경,Local/Remote·single/multi-instance 중 적용,source SHA·command·environment·start/end·exit code·pre/post state·report/artifact hash·sanitization,실패,f97655c1299936a1101bc3ec10239265ec3b502e,cpf-docs/evidence/qa/QA_PARALLEL_12WAY_QA-12B_R5_f97655c/db_review.md#db-multi-vendor,DB lifecycle script에 해당 보안·멱등성·UNKNOWN·kill·multi-instance 처리 경로가 없다,개발GPT 재개발 및 scenario 회귀 Test 후 QA 재검수,P04,Canonical Data·DB Schema·Migration·Runtime Query,04-00000557,P04-DATA-DB-MULTI-VENDOR,P03,CPF-GATE-04,DB-MULTI-VENDOR,예,QA-12B-1,미통과,"[DB-MULTI-VENDOR] 중복 요청의 precondition/steps/expected/failure criteria를 cpf-tools/db/cpf-db-lifecycle-contract.json;cpf-tools/db/vendor-pack-manifest.json;cpf-tools/db/vendor/{mariadb,postgresql,oracle};cpf-tools/scripts/initialize-cpf-database.ps1;cpf-tools/scripts/invoke-cpf-qa34-db-runtime-matrix.ps1;cpf-tools/scripts/verify-cpf-db-lifecycle-contract.py;cpf-starters/data/persistence-jdbc;cpf-core/src/main/java/com/cpf/core/api/database와 대조했다. 실제 Acceptance 실패: DB lifecycle script에 해당 보안·멱등성·UNKNOWN·kill·multi-instance 처리 경로가 없다.",DB lifecycle script에 해당 보안·멱등성·UNKNOWN·kill·multi-instance 처리 경로가 없다,미통과,cpf-docs/evidence/qa/QA_PARALLEL_12WAY_QA-12B_R5_f97655c/db_review.md#db-multi-vendor
CPF-SC-000558,CPF-FR-002807,DB-MULTI-VENDOR,P0,DATA,TIMEOUT_PRE,[DB-MULTI-VENDOR] Side effect 전 Timeout,DB·Module Owner,최신 exact SHA; dependency delay,connect/header timeout,timeout 주입,retryable failure·side effect 0,UNKNOWN/성공 오인,Java25·적용 DB/Provider/Browser/Process 환경,Local/Remote·single/multi-instance 중 적용,source SHA·command·environment·start/end·exit code·pre/post state·report/artifact hash·sanitization,실패,f97655c1299936a1101bc3ec10239265ec3b502e,cpf-docs/evidence/qa/QA_PARALLEL_12WAY_QA-12B_R5_f97655c/db_review.md#db-multi-vendor,DB lifecycle script에 해당 보안·멱등성·UNKNOWN·kill·multi-instance 처리 경로가 없다,개발GPT 재개발 및 scenario 회귀 Test 후 QA 재검수,P04,Canonical Data·DB Schema·Migration·Runtime Query,04-00000558,P04-DATA-DB-MULTI-VENDOR,P03,CPF-GATE-04,DB-MULTI-VENDOR,예,QA-12B-1,미통과,"[DB-MULTI-VENDOR] Side effect 전 Timeout의 precondition/steps/expected/failure criteria를 cpf-tools/db/cpf-db-lifecycle-contract.json;cpf-tools/db/vendor-pack-manifest.json;cpf-tools/db/vendor/{mariadb,postgresql,oracle};cpf-tools/scripts/initialize-cpf-database.ps1;cpf-tools/scripts/invoke-cpf-qa34-db-runtime-matrix.ps1;cpf-tools/scripts/verify-cpf-db-lifecycle-contract.py;cpf-starters/data/persistence-jdbc;cpf-core/src/main/java/com/cpf/core/api/database와 대조했다. 실제 Acceptance 실패: DB lifecycle script에 해당 보안·멱등성·UNKNOWN·kill·multi-instance 처리 경로가 없다.",DB lifecycle script에 해당 보안·멱등성·UNKNOWN·kill·multi-instance 처리 경로가 없다,미통과,cpf-docs/evidence/qa/QA_PARALLEL_12WAY_QA-12B_R5_f97655c/db_review.md#db-multi-vendor
CPF-SC-000559,CPF-FR-002807,DB-MULTI-VENDOR,P0,DATA,RESPONSE_LOSS,[DB-MULTI-VENDOR] Side effect 후 응답 유실,DB·Module Owner,최신 exact SHA; Owner commit,commit 후 reset,응답 차단,UNKNOWN·blind retry 금지·reconcile,자동 실패/무조건 retry,Java25·적용 DB/Provider/Browser/Process 환경,Local/Remote·single/multi-instance 중 적용,source SHA·command·environment·start/end·exit code·pre/post state·report/artifact hash·sanitization,실패,f97655c1299936a1101bc3ec10239265ec3b502e,cpf-docs/evidence/qa/QA_PARALLEL_12WAY_QA-12B_R5_f97655c/db_review.md#db-multi-vendor,DB lifecycle script에 해당 보안·멱등성·UNKNOWN·kill·multi-instance 처리 경로가 없다,개발GPT 재개발 및 scenario 회귀 Test 후 QA 재검수,P04,Canonical Data·DB Schema·Migration·Runtime Query,04-00000559,P04-DATA-DB-MULTI-VENDOR,P03,CPF-GATE-04,DB-MULTI-VENDOR,예,QA-12B-1,미통과,"[DB-MULTI-VENDOR] Side effect 후 응답 유실의 precondition/steps/expected/failure criteria를 cpf-tools/db/cpf-db-lifecycle-contract.json;cpf-tools/db/vendor-pack-manifest.json;cpf-tools/db/vendor/{mariadb,postgresql,oracle};cpf-tools/scripts/initialize-cpf-database.ps1;cpf-tools/scripts/invoke-cpf-qa34-db-runtime-matrix.ps1;cpf-tools/scripts/verify-cpf-db-lifecycle-contract.py;cpf-starters/data/persistence-jdbc;cpf-core/src/main/java/com/cpf/core/api/database와 대조했다. 실제 Acceptance 실패: DB lifecycle script에 해당 보안·멱등성·UNKNOWN·kill·multi-instance 처리 경로가 없다.",DB lifecycle script에 해당 보안·멱등성·UNKNOWN·kill·multi-instance 처리 경로가 없다,미통과,cpf-docs/evidence/qa/QA_PARALLEL_12WAY_QA-12B_R5_f97655c/db_review.md#db-multi-vendor
CPF-SC-000560,CPF-FR-002807,DB-MULTI-VENDOR,P0,DATA,PARTIAL,[DB-MULTI-VENDOR] 부분 실패,DB·Module Owner,최신 exact SHA; 다중 대상/항목,일부 target failure,group 실행,개별 성공/실패/unknown 보존,전체 성공/실패로 축약,Java25·적용 DB/Provider/Browser/Process 환경,Local/Remote·single/multi-instance 중 적용,source SHA·command·environment·start/end·exit code·pre/post state·report/artifact hash·sanitization,실패,f97655c1299936a1101bc3ec10239265ec3b502e,cpf-docs/evidence/qa/QA_PARALLEL_12WAY_QA-12B_R5_f97655c/db_review.md#db-multi-vendor,DB lifecycle script에 해당 보안·멱등성·UNKNOWN·kill·multi-instance 처리 경로가 없다,개발GPT 재개발 및 scenario 회귀 Test 후 QA 재검수,P04,Canonical Data·DB Schema·Migration·Runtime Query,04-00000560,P04-DATA-DB-MULTI-VENDOR,P03,CPF-GATE-04,DB-MULTI-VENDOR,예,QA-12B-1,미통과,"[DB-MULTI-VENDOR] 부분 실패의 precondition/steps/expected/failure criteria를 cpf-tools/db/cpf-db-lifecycle-contract.json;cpf-tools/db/vendor-pack-manifest.json;cpf-tools/db/vendor/{mariadb,postgresql,oracle};cpf-tools/scripts/initialize-cpf-database.ps1;cpf-tools/scripts/invoke-cpf-qa34-db-runtime-matrix.ps1;cpf-tools/scripts/verify-cpf-db-lifecycle-contract.py;cpf-starters/data/persistence-jdbc;cpf-core/src/main/java/com/cpf/core/api/database와 대조했다. 실제 Acceptance 실패: DB lifecycle script에 해당 보안·멱등성·UNKNOWN·kill·multi-instance 처리 경로가 없다.",DB lifecycle script에 해당 보안·멱등성·UNKNOWN·kill·multi-instance 처리 경로가 없다,미통과,cpf-docs/evidence/qa/QA_PARALLEL_12WAY_QA-12B_R5_f97655c/db_review.md#db-multi-vendor
CPF-SC-000561,CPF-FR-002807,DB-MULTI-VENDOR,P0,DATA,PROCESS_KILL,[DB-MULTI-VENDOR] Process Kill·Restart,DB·Module Owner,최신 exact SHA; durable state,worker kill,claim/apply 후 종료·재기동,lease 회수·stale fencing·복구,고아 상태·중복,Java25·적용 DB/Provider/Browser/Process 환경,Local/Remote·single/multi-instance 중 적용,source SHA·command·environment·start/end·exit code·pre/post state·report/artifact hash·sanitization,실패,f97655c1299936a1101bc3ec10239265ec3b502e,cpf-docs/evidence/qa/QA_PARALLEL_12WAY_QA-12B_R5_f97655c/db_review.md#db-multi-vendor,DB lifecycle script에 해당 보안·멱등성·UNKNOWN·kill·multi-instance 처리 경로가 없다,개발GPT 재개발 및 scenario 회귀 Test 후 QA 재검수,P04,Canonical Data·DB Schema·Migration·Runtime Query,04-00000561,P04-DATA-DB-MULTI-VENDOR,P03,CPF-GATE-04,DB-MULTI-VENDOR,예,QA-12B-1,미통과,"[DB-MULTI-VENDOR] Process Kill·Restart의 precondition/steps/expected/failure criteria를 cpf-tools/db/cpf-db-lifecycle-contract.json;cpf-tools/db/vendor-pack-manifest.json;cpf-tools/db/vendor/{mariadb,postgresql,oracle};cpf-tools/scripts/initialize-cpf-database.ps1;cpf-tools/scripts/invoke-cpf-qa34-db-runtime-matrix.ps1;cpf-tools/scripts/verify-cpf-db-lifecycle-contract.py;cpf-starters/data/persistence-jdbc;cpf-core/src/main/java/com/cpf/core/api/database와 대조했다. 실제 Acceptance 실패: DB lifecycle script에 해당 보안·멱등성·UNKNOWN·kill·multi-instance 처리 경로가 없다.",DB lifecycle script에 해당 보안·멱등성·UNKNOWN·kill·multi-instance 처리 경로가 없다,미통과,cpf-docs/evidence/qa/QA_PARALLEL_12WAY_QA-12B_R5_f97655c/db_review.md#db-multi-vendor
CPF-SC-000562,CPF-FR-002807,DB-MULTI-VENDOR,P0,DATA,MULTI_INSTANCE,[DB-MULTI-VENDOR] 다중 Instance,DB·Module Owner,최신 exact SHA; 2개 이상,공유 DB/queue,동시 처리·failover·rejoin,version/state 일치·중복 0,local state 의존,Java25·적용 DB/Provider/Browser/Process 환경,Local/Remote·single/multi-instance 중 적용,source SHA·command·environment·start/end·exit code·pre/post state·report/artifact hash·sanitization,실패,f97655c1299936a1101bc3ec10239265ec3b502e,cpf-docs/evidence/qa/QA_PARALLEL_12WAY_QA-12B_R5_f97655c/db_review.md#db-multi-vendor,DB lifecycle script에 해당 보안·멱등성·UNKNOWN·kill·multi-instance 처리 경로가 없다,개발GPT 재개발 및 scenario 회귀 Test 후 QA 재검수,P04,Canonical Data·DB Schema·Migration·Runtime Query,04-00000562,P04-DATA-DB-MULTI-VENDOR,P03,CPF-GATE-04,DB-MULTI-VENDOR,예,QA-12B-1,미통과,"[DB-MULTI-VENDOR] 다중 Instance의 precondition/steps/expected/failure criteria를 cpf-tools/db/cpf-db-lifecycle-contract.json;cpf-tools/db/vendor-pack-manifest.json;cpf-tools/db/vendor/{mariadb,postgresql,oracle};cpf-tools/scripts/initialize-cpf-database.ps1;cpf-tools/scripts/invoke-cpf-qa34-db-runtime-matrix.ps1;cpf-tools/scripts/verify-cpf-db-lifecycle-contract.py;cpf-starters/data/persistence-jdbc;cpf-core/src/main/java/com/cpf/core/api/database와 대조했다. 실제 Acceptance 실패: DB lifecycle script에 해당 보안·멱등성·UNKNOWN·kill·multi-instance 처리 경로가 없다.",DB lifecycle script에 해당 보안·멱등성·UNKNOWN·kill·multi-instance 처리 경로가 없다,미통과,cpf-docs/evidence/qa/QA_PARALLEL_12WAY_QA-12B_R5_f97655c/db_review.md#db-multi-vendor
CPF-SC-000563,CPF-FR-002807,DB-MULTI-VENDOR,P0,DATA,ROLLBACK,[DB-MULTI-VENDOR] Rollback/Forward Recovery,DB·Module Owner,최신 exact SHA; 변경 전 snapshot,적용 후 결함,rollback/forward fix,데이터 보존·actual 일치·audit,부분 rollback·drift,Java25·적용 DB/Provider/Browser/Process 환경,Local/Remote·single/multi-instance 중 적용,source SHA·command·environment·start/end·exit code·pre/post state·report/artifact hash·sanitization,미검증,f97655c1299936a1101bc3ec10239265ec3b502e,cpf-docs/evidence/qa/QA_PARALLEL_12WAY_QA-12B_R5_f97655c/db_review.md#db-multi-vendor,"실제 Oracle/PostgreSQL/MariaDB, Java25/WAS, backup restore, process/network/disk/response-loss fault 실행은 최신 SHA에서 수행되지 않았다",목표 환경 scenario 실행 Evidence 반영 후 QA 재검수,P04,Canonical Data·DB Schema·Migration·Runtime Query,04-00000563,P04-DATA-DB-MULTI-VENDOR,P03,CPF-GATE-04,DB-MULTI-VENDOR,예,QA-12B-1,,"[DB-MULTI-VENDOR] Rollback/Forward Recovery의 요구 경로에 대응하는 Source/contract/Test 후보는 확인했다. 그러나 실제 Oracle/PostgreSQL/MariaDB, Java25/WAS, backup restore, process/network/disk/response-loss fault 실행은 최신 SHA에서 수행되지 않았다. 제품 실패로 단정하지 않고 환경차이 미검증으로 유지한다.",,검수 후 환경차이 미검증,cpf-docs/evidence/qa/QA_PARALLEL_12WAY_QA-12B_R5_f97655c/db_review.md#db-multi-vendor
CPF-SC-000564,CPF-FR-002807,DB-MULTI-VENDOR,P0,DATA,SECURITY_LEAK,[DB-MULTI-VENDOR] 민감정보 누출,DB·Module Owner,최신 exact SHA; PII/Secret fixture,오류·Log·UI·Download,정상/실패 실행,원문 0 또는 승인 범위,Log/DOM/Storage/Evidence 원문,Java25·적용 DB/Provider/Browser/Process 환경,Local/Remote·single/multi-instance 중 적용,source SHA·command·environment·start/end·exit code·pre/post state·report/artifact hash·sanitization,미검증,f97655c1299936a1101bc3ec10239265ec3b502e,cpf-docs/evidence/qa/QA_PARALLEL_12WAY_QA-12B_R5_f97655c/db_review.md#db-multi-vendor,"실제 Oracle/PostgreSQL/MariaDB, Java25/WAS, backup restore, process/network/disk/response-loss fault 실행은 최신 SHA에서 수행되지 않았다",목표 환경 scenario 실행 Evidence 반영 후 QA 재검수,P04,Canonical Data·DB Schema·Migration·Runtime Query,04-00000564,P04-DATA-DB-MULTI-VENDOR,P03,CPF-GATE-04,DB-MULTI-VENDOR,예,QA-12B-1,,"[DB-MULTI-VENDOR] 민감정보 누출의 요구 경로에 대응하는 Source/contract/Test 후보는 확인했다. 그러나 실제 Oracle/PostgreSQL/MariaDB, Java25/WAS, backup restore, process/network/disk/response-loss fault 실행은 최신 SHA에서 수행되지 않았다. 제품 실패로 단정하지 않고 환경차이 미검증으로 유지한다.",,검수 후 환경차이 미검증,cpf-docs/evidence/qa/QA_PARALLEL_12WAY_QA-12B_R5_f97655c/db_review.md#db-multi-vendor
CPF-SC-000565,CPF-FR-002868,DB-SQL,P0,DATA,POSITIVE,[DB-SQL] 정상 수직 흐름,DB·Module Owner,최신 exact SHA; 유효 입력과 권한,정상 데이터,요청→검증→처리→저장/전달→응답→감사,정상 상태·side effect·tracking 일치,Mock-only 또는 Consumer 미호출,Java25·적용 DB/Provider/Browser/Process 환경,Local/Remote·single/multi-instance 중 적용,source SHA·command·environment·start/end·exit code·pre/post state·report/artifact hash·sanitization,미검증,f97655c1299936a1101bc3ec10239265ec3b502e,cpf-docs/evidence/qa/QA_PARALLEL_12WAY_QA-12B_R5_f97655c/db_review.md#db-sql,"실제 Oracle/PostgreSQL/MariaDB, Java25/WAS, backup restore, process/network/disk/response-loss fault 실행은 최신 SHA에서 수행되지 않았다",목표 환경 scenario 실행 Evidence 반영 후 QA 재검수,P04,Canonical Data·DB Schema·Migration·Runtime Query,04-00000565,P04-DATA-DB-SQL,P03,CPF-GATE-04,DB-SQL,예,QA-12B-1,,"[DB-SQL] 정상 수직 흐름의 요구 경로에 대응하는 Source/contract/Test 후보는 확인했다. 그러나 실제 Oracle/PostgreSQL/MariaDB, Java25/WAS, backup restore, process/network/disk/response-loss fault 실행은 최신 SHA에서 수행되지 않았다. 제품 실패로 단정하지 않고 환경차이 미검증으로 유지한다.",,검수 후 환경차이 미검증,cpf-docs/evidence/qa/QA_PARALLEL_12WAY_QA-12B_R5_f97655c/db_review.md#db-sql
CPF-SC-000566,CPF-FR-002868,DB-SQL,P0,DATA,INVALID,[DB-SQL] 입력·경계 오류,DB·Module Owner,최신 exact SHA; 유효 Session,invalid/empty/oversize/unknown enum,각 invalid 제출,표준 field/path 오류·side effect 0,500/raw exception/부분 저장,Java25·적용 DB/Provider/Browser/Process 환경,Local/Remote·single/multi-instance 중 적용,source SHA·command·environment·start/end·exit code·pre/post state·report/artifact hash·sanitization,미검증,f97655c1299936a1101bc3ec10239265ec3b502e,cpf-docs/evidence/qa/QA_PARALLEL_12WAY_QA-12B_R5_f97655c/db_review.md#db-sql,"실제 Oracle/PostgreSQL/MariaDB, Java25/WAS, backup restore, process/network/disk/response-loss fault 실행은 최신 SHA에서 수행되지 않았다",목표 환경 scenario 실행 Evidence 반영 후 QA 재검수,P04,Canonical Data·DB Schema·Migration·Runtime Query,04-00000566,P04-DATA-DB-SQL,P03,CPF-GATE-04,DB-SQL,예,QA-12B-1,,"[DB-SQL] 입력·경계 오류의 요구 경로에 대응하는 Source/contract/Test 후보는 확인했다. 그러나 실제 Oracle/PostgreSQL/MariaDB, Java25/WAS, backup restore, process/network/disk/response-loss fault 실행은 최신 SHA에서 수행되지 않았다. 제품 실패로 단정하지 않고 환경차이 미검증으로 유지한다.",,검수 후 환경차이 미검증,cpf-docs/evidence/qa/QA_PARALLEL_12WAY_QA-12B_R5_f97655c/db_review.md#db-sql
CPF-SC-000567,CPF-FR-002868,DB-SQL,P0,DATA,UNAUTHORIZED,[DB-SQL] 미인증·권한 부족,DB·Module Owner,최신 exact SHA; 권한 없는 principal,401/403 대상,UI 직접 URL/API/Method 호출,Server 거부·Audit·민감정보 0,버튼만 숨김/default allow,Java25·적용 DB/Provider/Browser/Process 환경,Local/Remote·single/multi-instance 중 적용,source SHA·command·environment·start/end·exit code·pre/post state·report/artifact hash·sanitization,실패,f97655c1299936a1101bc3ec10239265ec3b502e,cpf-docs/evidence/qa/QA_PARALLEL_12WAY_QA-12B_R5_f97655c/db_review.md#db-sql,DB lifecycle script에 해당 보안·멱등성·UNKNOWN·kill·multi-instance 처리 경로가 없다,개발GPT 재개발 및 scenario 회귀 Test 후 QA 재검수,P04,Canonical Data·DB Schema·Migration·Runtime Query,04-00000567,P04-DATA-DB-SQL,P03,CPF-GATE-04,DB-SQL,예,QA-12B-1,미통과,"[DB-SQL] 미인증·권한 부족의 precondition/steps/expected/failure criteria를 cpf-tools/db/cpf-db-lifecycle-contract.json;cpf-tools/db/vendor-pack-manifest.json;cpf-tools/db/vendor/{mariadb,postgresql,oracle};cpf-tools/scripts/initialize-cpf-database.ps1;cpf-tools/scripts/invoke-cpf-qa34-db-runtime-matrix.ps1;cpf-tools/scripts/verify-cpf-db-lifecycle-contract.py;cpf-starters/data/persistence-jdbc;cpf-core/src/main/java/com/cpf/core/api/database와 대조했다. 실제 Acceptance 실패: DB lifecycle script에 해당 보안·멱등성·UNKNOWN·kill·multi-instance 처리 경로가 없다.",DB lifecycle script에 해당 보안·멱등성·UNKNOWN·kill·multi-instance 처리 경로가 없다,미통과,cpf-docs/evidence/qa/QA_PARALLEL_12WAY_QA-12B_R5_f97655c/db_review.md#db-sql
CPF-SC-000568,CPF-FR-002868,DB-SQL,P0,DATA,CONFLICT,[DB-SQL] Version·Hash 충돌,DB·Module Owner,최신 exact SHA; 기존 version,stale expectedVersion/다른 hash,동시/재시도 요청,409·기존 결과 보존·lost update 0,후행 요청 덮어씀,Java25·적용 DB/Provider/Browser/Process 환경,Local/Remote·single/multi-instance 중 적용,source SHA·command·environment·start/end·exit code·pre/post state·report/artifact hash·sanitization,미검증,f97655c1299936a1101bc3ec10239265ec3b502e,cpf-docs/evidence/qa/QA_PARALLEL_12WAY_QA-12B_R5_f97655c/db_review.md#db-sql,"실제 Oracle/PostgreSQL/MariaDB, Java25/WAS, backup restore, process/network/disk/response-loss fault 실행은 최신 SHA에서 수행되지 않았다",목표 환경 scenario 실행 Evidence 반영 후 QA 재검수,P04,Canonical Data·DB Schema·Migration·Runtime Query,04-00000568,P04-DATA-DB-SQL,P03,CPF-GATE-04,DB-SQL,예,QA-12B-1,,"[DB-SQL] Version·Hash 충돌의 요구 경로에 대응하는 Source/contract/Test 후보는 확인했다. 그러나 실제 Oracle/PostgreSQL/MariaDB, Java25/WAS, backup restore, process/network/disk/response-loss fault 실행은 최신 SHA에서 수행되지 않았다. 제품 실패로 단정하지 않고 환경차이 미검증으로 유지한다.",,검수 후 환경차이 미검증,cpf-docs/evidence/qa/QA_PARALLEL_12WAY_QA-12B_R5_f97655c/db_review.md#db-sql
CPF-SC-000569,CPF-FR-002868,DB-SQL,P0,DATA,DUPLICATE,[DB-SQL] 중복 요청,DB·Module Owner,최신 exact SHA; 같은 operationId,동일/상이 payload,동시·순차 중복,"동일 replay, 다른 payload conflict",side effect 2회,Java25·적용 DB/Provider/Browser/Process 환경,Local/Remote·single/multi-instance 중 적용,source SHA·command·environment·start/end·exit code·pre/post state·report/artifact hash·sanitization,실패,f97655c1299936a1101bc3ec10239265ec3b502e,cpf-docs/evidence/qa/QA_PARALLEL_12WAY_QA-12B_R5_f97655c/db_review.md#db-sql,DB lifecycle script에 해당 보안·멱등성·UNKNOWN·kill·multi-instance 처리 경로가 없다,개발GPT 재개발 및 scenario 회귀 Test 후 QA 재검수,P04,Canonical Data·DB Schema·Migration·Runtime Query,04-00000569,P04-DATA-DB-SQL,P03,CPF-GATE-04,DB-SQL,예,QA-12B-1,미통과,"[DB-SQL] 중복 요청의 precondition/steps/expected/failure criteria를 cpf-tools/db/cpf-db-lifecycle-contract.json;cpf-tools/db/vendor-pack-manifest.json;cpf-tools/db/vendor/{mariadb,postgresql,oracle};cpf-tools/scripts/initialize-cpf-database.ps1;cpf-tools/scripts/invoke-cpf-qa34-db-runtime-matrix.ps1;cpf-tools/scripts/verify-cpf-db-lifecycle-contract.py;cpf-starters/data/persistence-jdbc;cpf-core/src/main/java/com/cpf/core/api/database와 대조했다. 실제 Acceptance 실패: DB lifecycle script에 해당 보안·멱등성·UNKNOWN·kill·multi-instance 처리 경로가 없다.",DB lifecycle script에 해당 보안·멱등성·UNKNOWN·kill·multi-instance 처리 경로가 없다,미통과,cpf-docs/evidence/qa/QA_PARALLEL_12WAY_QA-12B_R5_f97655c/db_review.md#db-sql
CPF-SC-000570,CPF-FR-002868,DB-SQL,P0,DATA,TIMEOUT_PRE,[DB-SQL] Side effect 전 Timeout,DB·Module Owner,최신 exact SHA; dependency delay,connect/header timeout,timeout 주입,retryable failure·side effect 0,UNKNOWN/성공 오인,Java25·적용 DB/Provider/Browser/Process 환경,Local/Remote·single/multi-instance 중 적용,source SHA·command·environment·start/end·exit code·pre/post state·report/artifact hash·sanitization,실패,f97655c1299936a1101bc3ec10239265ec3b502e,cpf-docs/evidence/qa/QA_PARALLEL_12WAY_QA-12B_R5_f97655c/db_review.md#db-sql,DB lifecycle script에 해당 보안·멱등성·UNKNOWN·kill·multi-instance 처리 경로가 없다,개발GPT 재개발 및 scenario 회귀 Test 후 QA 재검수,P04,Canonical Data·DB Schema·Migration·Runtime Query,04-00000570,P04-DATA-DB-SQL,P03,CPF-GATE-04,DB-SQL,예,QA-12B-1,미통과,"[DB-SQL] Side effect 전 Timeout의 precondition/steps/expected/failure criteria를 cpf-tools/db/cpf-db-lifecycle-contract.json;cpf-tools/db/vendor-pack-manifest.json;cpf-tools/db/vendor/{mariadb,postgresql,oracle};cpf-tools/scripts/initialize-cpf-database.ps1;cpf-tools/scripts/invoke-cpf-qa34-db-runtime-matrix.ps1;cpf-tools/scripts/verify-cpf-db-lifecycle-contract.py;cpf-starters/data/persistence-jdbc;cpf-core/src/main/java/com/cpf/core/api/database와 대조했다. 실제 Acceptance 실패: DB lifecycle script에 해당 보안·멱등성·UNKNOWN·kill·multi-instance 처리 경로가 없다.",DB lifecycle script에 해당 보안·멱등성·UNKNOWN·kill·multi-instance 처리 경로가 없다,미통과,cpf-docs/evidence/qa/QA_PARALLEL_12WAY_QA-12B_R5_f97655c/db_review.md#db-sql
CPF-SC-000571,CPF-FR-002868,DB-SQL,P0,DATA,RESPONSE_LOSS,[DB-SQL] Side effect 후 응답 유실,DB·Module Owner,최신 exact SHA; Owner commit,commit 후 reset,응답 차단,UNKNOWN·blind retry 금지·reconcile,자동 실패/무조건 retry,Java25·적용 DB/Provider/Browser/Process 환경,Local/Remote·single/multi-instance 중 적용,source SHA·command·environment·start/end·exit code·pre/post state·report/artifact hash·sanitization,실패,f97655c1299936a1101bc3ec10239265ec3b502e,cpf-docs/evidence/qa/QA_PARALLEL_12WAY_QA-12B_R5_f97655c/db_review.md#db-sql,DB lifecycle script에 해당 보안·멱등성·UNKNOWN·kill·multi-instance 처리 경로가 없다,개발GPT 재개발 및 scenario 회귀 Test 후 QA 재검수,P04,Canonical Data·DB Schema·Migration·Runtime Query,04-00000571,P04-DATA-DB-SQL,P03,CPF-GATE-04,DB-SQL,예,QA-12B-1,미통과,"[DB-SQL] Side effect 후 응답 유실의 precondition/steps/expected/failure criteria를 cpf-tools/db/cpf-db-lifecycle-contract.json;cpf-tools/db/vendor-pack-manifest.json;cpf-tools/db/vendor/{mariadb,postgresql,oracle};cpf-tools/scripts/initialize-cpf-database.ps1;cpf-tools/scripts/invoke-cpf-qa34-db-runtime-matrix.ps1;cpf-tools/scripts/verify-cpf-db-lifecycle-contract.py;cpf-starters/data/persistence-jdbc;cpf-core/src/main/java/com/cpf/core/api/database와 대조했다. 실제 Acceptance 실패: DB lifecycle script에 해당 보안·멱등성·UNKNOWN·kill·multi-instance 처리 경로가 없다.",DB lifecycle script에 해당 보안·멱등성·UNKNOWN·kill·multi-instance 처리 경로가 없다,미통과,cpf-docs/evidence/qa/QA_PARALLEL_12WAY_QA-12B_R5_f97655c/db_review.md#db-sql
CPF-SC-000572,CPF-FR-002868,DB-SQL,P0,DATA,PARTIAL,[DB-SQL] 부분 실패,DB·Module Owner,최신 exact SHA; 다중 대상/항목,일부 target failure,group 실행,개별 성공/실패/unknown 보존,전체 성공/실패로 축약,Java25·적용 DB/Provider/Browser/Process 환경,Local/Remote·single/multi-instance 중 적용,source SHA·command·environment·start/end·exit code·pre/post state·report/artifact hash·sanitization,실패,f97655c1299936a1101bc3ec10239265ec3b502e,cpf-docs/evidence/qa/QA_PARALLEL_12WAY_QA-12B_R5_f97655c/db_review.md#db-sql,DB lifecycle script에 해당 보안·멱등성·UNKNOWN·kill·multi-instance 처리 경로가 없다,개발GPT 재개발 및 scenario 회귀 Test 후 QA 재검수,P04,Canonical Data·DB Schema·Migration·Runtime Query,04-00000572,P04-DATA-DB-SQL,P03,CPF-GATE-04,DB-SQL,예,QA-12B-1,미통과,"[DB-SQL] 부분 실패의 precondition/steps/expected/failure criteria를 cpf-tools/db/cpf-db-lifecycle-contract.json;cpf-tools/db/vendor-pack-manifest.json;cpf-tools/db/vendor/{mariadb,postgresql,oracle};cpf-tools/scripts/initialize-cpf-database.ps1;cpf-tools/scripts/invoke-cpf-qa34-db-runtime-matrix.ps1;cpf-tools/scripts/verify-cpf-db-lifecycle-contract.py;cpf-starters/data/persistence-jdbc;cpf-core/src/main/java/com/cpf/core/api/database와 대조했다. 실제 Acceptance 실패: DB lifecycle script에 해당 보안·멱등성·UNKNOWN·kill·multi-instance 처리 경로가 없다.",DB lifecycle script에 해당 보안·멱등성·UNKNOWN·kill·multi-instance 처리 경로가 없다,미통과,cpf-docs/evidence/qa/QA_PARALLEL_12WAY_QA-12B_R5_f97655c/db_review.md#db-sql
CPF-SC-000573,CPF-FR-002868,DB-SQL,P0,DATA,PROCESS_KILL,[DB-SQL] Process Kill·Restart,DB·Module Owner,최신 exact SHA; durable state,worker kill,claim/apply 후 종료·재기동,lease 회수·stale fencing·복구,고아 상태·중복,Java25·적용 DB/Provider/Browser/Process 환경,Local/Remote·single/multi-instance 중 적용,source SHA·command·environment·start/end·exit code·pre/post state·report/artifact hash·sanitization,실패,f97655c1299936a1101bc3ec10239265ec3b502e,cpf-docs/evidence/qa/QA_PARALLEL_12WAY_QA-12B_R5_f97655c/db_review.md#db-sql,DB lifecycle script에 해당 보안·멱등성·UNKNOWN·kill·multi-instance 처리 경로가 없다,개발GPT 재개발 및 scenario 회귀 Test 후 QA 재검수,P04,Canonical Data·DB Schema·Migration·Runtime Query,04-00000573,P04-DATA-DB-SQL,P03,CPF-GATE-04,DB-SQL,예,QA-12B-1,미통과,"[DB-SQL] Process Kill·Restart의 precondition/steps/expected/failure criteria를 cpf-tools/db/cpf-db-lifecycle-contract.json;cpf-tools/db/vendor-pack-manifest.json;cpf-tools/db/vendor/{mariadb,postgresql,oracle};cpf-tools/scripts/initialize-cpf-database.ps1;cpf-tools/scripts/invoke-cpf-qa34-db-runtime-matrix.ps1;cpf-tools/scripts/verify-cpf-db-lifecycle-contract.py;cpf-starters/data/persistence-jdbc;cpf-core/src/main/java/com/cpf/core/api/database와 대조했다. 실제 Acceptance 실패: DB lifecycle script에 해당 보안·멱등성·UNKNOWN·kill·multi-instance 처리 경로가 없다.",DB lifecycle script에 해당 보안·멱등성·UNKNOWN·kill·multi-instance 처리 경로가 없다,미통과,cpf-docs/evidence/qa/QA_PARALLEL_12WAY_QA-12B_R5_f97655c/db_review.md#db-sql
CPF-SC-000574,CPF-FR-002868,DB-SQL,P0,DATA,MULTI_INSTANCE,[DB-SQL] 다중 Instance,DB·Module Owner,최신 exact SHA; 2개 이상,공유 DB/queue,동시 처리·failover·rejoin,version/state 일치·중복 0,local state 의존,Java25·적용 DB/Provider/Browser/Process 환경,Local/Remote·single/multi-instance 중 적용,source SHA·command·environment·start/end·exit code·pre/post state·report/artifact hash·sanitization,실패,f97655c1299936a1101bc3ec10239265ec3b502e,cpf-docs/evidence/qa/QA_PARALLEL_12WAY_QA-12B_R5_f97655c/db_review.md#db-sql,DB lifecycle script에 해당 보안·멱등성·UNKNOWN·kill·multi-instance 처리 경로가 없다,개발GPT 재개발 및 scenario 회귀 Test 후 QA 재검수,P04,Canonical Data·DB Schema·Migration·Runtime Query,04-00000574,P04-DATA-DB-SQL,P03,CPF-GATE-04,DB-SQL,예,QA-12B-1,미통과,"[DB-SQL] 다중 Instance의 precondition/steps/expected/failure criteria를 cpf-tools/db/cpf-db-lifecycle-contract.json;cpf-tools/db/vendor-pack-manifest.json;cpf-tools/db/vendor/{mariadb,postgresql,oracle};cpf-tools/scripts/initialize-cpf-database.ps1;cpf-tools/scripts/invoke-cpf-qa34-db-runtime-matrix.ps1;cpf-tools/scripts/verify-cpf-db-lifecycle-contract.py;cpf-starters/data/persistence-jdbc;cpf-core/src/main/java/com/cpf/core/api/database와 대조했다. 실제 Acceptance 실패: DB lifecycle script에 해당 보안·멱등성·UNKNOWN·kill·multi-instance 처리 경로가 없다.",DB lifecycle script에 해당 보안·멱등성·UNKNOWN·kill·multi-instance 처리 경로가 없다,미통과,cpf-docs/evidence/qa/QA_PARALLEL_12WAY_QA-12B_R5_f97655c/db_review.md#db-sql
CPF-SC-000575,CPF-FR-002868,DB-SQL,P0,DATA,ROLLBACK,[DB-SQL] Rollback/Forward Recovery,DB·Module Owner,최신 exact SHA; 변경 전 snapshot,적용 후 결함,rollback/forward fix,데이터 보존·actual 일치·audit,부분 rollback·drift,Java25·적용 DB/Provider/Browser/Process 환경,Local/Remote·single/multi-instance 중 적용,source SHA·command·environment·start/end·exit code·pre/post state·report/artifact hash·sanitization,미검증,f97655c1299936a1101bc3ec10239265ec3b502e,cpf-docs/evidence/qa/QA_PARALLEL_12WAY_QA-12B_R5_f97655c/db_review.md#db-sql,"실제 Oracle/PostgreSQL/MariaDB, Java25/WAS, backup restore, process/network/disk/response-loss fault 실행은 최신 SHA에서 수행되지 않았다",목표 환경 scenario 실행 Evidence 반영 후 QA 재검수,P04,Canonical Data·DB Schema·Migration·Runtime Query,04-00000575,P04-DATA-DB-SQL,P03,CPF-GATE-04,DB-SQL,예,QA-12B-1,,"[DB-SQL] Rollback/Forward Recovery의 요구 경로에 대응하는 Source/contract/Test 후보는 확인했다. 그러나 실제 Oracle/PostgreSQL/MariaDB, Java25/WAS, backup restore, process/network/disk/response-loss fault 실행은 최신 SHA에서 수행되지 않았다. 제품 실패로 단정하지 않고 환경차이 미검증으로 유지한다.",,검수 후 환경차이 미검증,cpf-docs/evidence/qa/QA_PARALLEL_12WAY_QA-12B_R5_f97655c/db_review.md#db-sql
CPF-SC-000576,CPF-FR-002868,DB-SQL,P0,DATA,SECURITY_LEAK,[DB-SQL] 민감정보 누출,DB·Module Owner,최신 exact SHA; PII/Secret fixture,오류·Log·UI·Download,정상/실패 실행,원문 0 또는 승인 범위,Log/DOM/Storage/Evidence 원문,Java25·적용 DB/Provider/Browser/Process 환경,Local/Remote·single/multi-instance 중 적용,source SHA·command·environment·start/end·exit code·pre/post state·report/artifact hash·sanitization,미검증,f97655c1299936a1101bc3ec10239265ec3b502e,cpf-docs/evidence/qa/QA_PARALLEL_12WAY_QA-12B_R5_f97655c/db_review.md#db-sql,"실제 Oracle/PostgreSQL/MariaDB, Java25/WAS, backup restore, process/network/disk/response-loss fault 실행은 최신 SHA에서 수행되지 않았다",목표 환경 scenario 실행 Evidence 반영 후 QA 재검수,P04,Canonical Data·DB Schema·Migration·Runtime Query,04-00000576,P04-DATA-DB-SQL,P03,CPF-GATE-04,DB-SQL,예,QA-12B-1,,"[DB-SQL] 민감정보 누출의 요구 경로에 대응하는 Source/contract/Test 후보는 확인했다. 그러나 실제 Oracle/PostgreSQL/MariaDB, Java25/WAS, backup restore, process/network/disk/response-loss fault 실행은 최신 SHA에서 수행되지 않았다. 제품 실패로 단정하지 않고 환경차이 미검증으로 유지한다.",,검수 후 환경차이 미검증,cpf-docs/evidence/qa/QA_PARALLEL_12WAY_QA-12B_R5_f97655c/db_review.md#db-sql
CPF-SC-000577,CPF-FR-002929,DB-PERF,P0,DATA,POSITIVE,[DB-PERF] 정상 수직 흐름,DB·Module Owner,최신 exact SHA; 유효 입력과 권한,정상 데이터,요청→검증→처리→저장/전달→응답→감사,정상 상태·side effect·tracking 일치,Mock-only 또는 Consumer 미호출,Java25·적용 DB/Provider/Browser/Process 환경,Local/Remote·single/multi-instance 중 적용,source SHA·command·environment·start/end·exit code·pre/post state·report/artifact hash·sanitization,실패,f97655c1299936a1101bc3ec10239265ec3b502e,cpf-docs/evidence/qa/QA_PARALLEL_12WAY_QA-12B_R5_f97655c/db_review.md#db-perf,해당 기능의 실제 backup/performance/multi-instance Runtime harness가 구현되지 않았다,개발GPT 재개발 및 scenario 회귀 Test 후 QA 재검수,P04,Canonical Data·DB Schema·Migration·Runtime Query,04-00000577,P04-DATA-DB-PERF,P03,CPF-GATE-04,DB-PERF,예,QA-12B-1,미통과,"[DB-PERF] 정상 수직 흐름의 precondition/steps/expected/failure criteria를 cpf-tools/db/cpf-db-lifecycle-contract.json;cpf-tools/db/vendor-pack-manifest.json;cpf-tools/db/vendor/{mariadb,postgresql,oracle};cpf-tools/scripts/initialize-cpf-database.ps1;cpf-tools/scripts/invoke-cpf-qa34-db-runtime-matrix.ps1;cpf-tools/scripts/verify-cpf-db-lifecycle-contract.py;cpf-starters/data/persistence-jdbc;cpf-core/src/main/java/com/cpf/core/api/database와 대조했다. 실제 Acceptance 실패: 해당 기능의 실제 backup/performance/multi-instance Runtime harness가 구현되지 않았다.",해당 기능의 실제 backup/performance/multi-instance Runtime harness가 구현되지 않았다,미통과,cpf-docs/evidence/qa/QA_PARALLEL_12WAY_QA-12B_R5_f97655c/db_review.md#db-perf
CPF-SC-000578,CPF-FR-002929,DB-PERF,P0,DATA,INVALID,[DB-PERF] 입력·경계 오류,DB·Module Owner,최신 exact SHA; 유효 Session,invalid/empty/oversize/unknown enum,각 invalid 제출,표준 field/path 오류·side effect 0,500/raw exception/부분 저장,Java25·적용 DB/Provider/Browser/Process 환경,Local/Remote·single/multi-instance 중 적용,source SHA·command·environment·start/end·exit code·pre/post state·report/artifact hash·sanitization,실패,f97655c1299936a1101bc3ec10239265ec3b502e,cpf-docs/evidence/qa/QA_PARALLEL_12WAY_QA-12B_R5_f97655c/db_review.md#db-perf,해당 기능의 실제 backup/performance/multi-instance Runtime harness가 구현되지 않았다,개발GPT 재개발 및 scenario 회귀 Test 후 QA 재검수,P04,Canonical Data·DB Schema·Migration·Runtime Query,04-00000578,P04-DATA-DB-PERF,P03,CPF-GATE-04,DB-PERF,예,QA-12B-1,미통과,"[DB-PERF] 입력·경계 오류의 precondition/steps/expected/failure criteria를 cpf-tools/db/cpf-db-lifecycle-contract.json;cpf-tools/db/vendor-pack-manifest.json;cpf-tools/db/vendor/{mariadb,postgresql,oracle};cpf-tools/scripts/initialize-cpf-database.ps1;cpf-tools/scripts/invoke-cpf-qa34-db-runtime-matrix.ps1;cpf-tools/scripts/verify-cpf-db-lifecycle-contract.py;cpf-starters/data/persistence-jdbc;cpf-core/src/main/java/com/cpf/core/api/database와 대조했다. 실제 Acceptance 실패: 해당 기능의 실제 backup/performance/multi-instance Runtime harness가 구현되지 않았다.",해당 기능의 실제 backup/performance/multi-instance Runtime harness가 구현되지 않았다,미통과,cpf-docs/evidence/qa/QA_PARALLEL_12WAY_QA-12B_R5_f97655c/db_review.md#db-perf
CPF-SC-000579,CPF-FR-002929,DB-PERF,P0,DATA,UNAUTHORIZED,[DB-PERF] 미인증·권한 부족,DB·Module Owner,최신 exact SHA; 권한 없는 principal,401/403 대상,UI 직접 URL/API/Method 호출,Server 거부·Audit·민감정보 0,버튼만 숨김/default allow,Java25·적용 DB/Provider/Browser/Process 환경,Local/Remote·single/multi-instance 중 적용,source SHA·command·environment·start/end·exit code·pre/post state·report/artifact hash·sanitization,실패,f97655c1299936a1101bc3ec10239265ec3b502e,cpf-docs/evidence/qa/QA_PARALLEL_12WAY_QA-12B_R5_f97655c/db_review.md#db-perf,해당 기능의 실제 backup/performance/multi-instance Runtime harness가 구현되지 않았다,개발GPT 재개발 및 scenario 회귀 Test 후 QA 재검수,P04,Canonical Data·DB Schema·Migration·Runtime Query,04-00000579,P04-DATA-DB-PERF,P03,CPF-GATE-04,DB-PERF,예,QA-12B-1,미통과,"[DB-PERF] 미인증·권한 부족의 precondition/steps/expected/failure criteria를 cpf-tools/db/cpf-db-lifecycle-contract.json;cpf-tools/db/vendor-pack-manifest.json;cpf-tools/db/vendor/{mariadb,postgresql,oracle};cpf-tools/scripts/initialize-cpf-database.ps1;cpf-tools/scripts/invoke-cpf-qa34-db-runtime-matrix.ps1;cpf-tools/scripts/verify-cpf-db-lifecycle-contract.py;cpf-starters/data/persistence-jdbc;cpf-core/src/main/java/com/cpf/core/api/database와 대조했다. 실제 Acceptance 실패: 해당 기능의 실제 backup/performance/multi-instance Runtime harness가 구현되지 않았다.",해당 기능의 실제 backup/performance/multi-instance Runtime harness가 구현되지 않았다,미통과,cpf-docs/evidence/qa/QA_PARALLEL_12WAY_QA-12B_R5_f97655c/db_review.md#db-perf
CPF-SC-000580,CPF-FR-002929,DB-PERF,P0,DATA,CONFLICT,[DB-PERF] Version·Hash 충돌,DB·Module Owner,최신 exact SHA; 기존 version,stale expectedVersion/다른 hash,동시/재시도 요청,409·기존 결과 보존·lost update 0,후행 요청 덮어씀,Java25·적용 DB/Provider/Browser/Process 환경,Local/Remote·single/multi-instance 중 적용,source SHA·command·environment·start/end·exit code·pre/post state·report/artifact hash·sanitization,실패,f97655c1299936a1101bc3ec10239265ec3b502e,cpf-docs/evidence/qa/QA_PARALLEL_12WAY_QA-12B_R5_f97655c/db_review.md#db-perf,해당 기능의 실제 backup/performance/multi-instance Runtime harness가 구현되지 않았다,개발GPT 재개발 및 scenario 회귀 Test 후 QA 재검수,P04,Canonical Data·DB Schema·Migration·Runtime Query,04-00000580,P04-DATA-DB-PERF,P03,CPF-GATE-04,DB-PERF,예,QA-12B-1,미통과,"[DB-PERF] Version·Hash 충돌의 precondition/steps/expected/failure criteria를 cpf-tools/db/cpf-db-lifecycle-contract.json;cpf-tools/db/vendor-pack-manifest.json;cpf-tools/db/vendor/{mariadb,postgresql,oracle};cpf-tools/scripts/initialize-cpf-database.ps1;cpf-tools/scripts/invoke-cpf-qa34-db-runtime-matrix.ps1;cpf-tools/scripts/verify-cpf-db-lifecycle-contract.py;cpf-starters/data/persistence-jdbc;cpf-core/src/main/java/com/cpf/core/api/database와 대조했다. 실제 Acceptance 실패: 해당 기능의 실제 backup/performance/multi-instance Runtime harness가 구현되지 않았다.",해당 기능의 실제 backup/performance/multi-instance Runtime harness가 구현되지 않았다,미통과,cpf-docs/evidence/qa/QA_PARALLEL_12WAY_QA-12B_R5_f97655c/db_review.md#db-perf
CPF-SC-000581,CPF-FR-002929,DB-PERF,P0,DATA,DUPLICATE,[DB-PERF] 중복 요청,DB·Module Owner,최신 exact SHA; 같은 operationId,동일/상이 payload,동시·순차 중복,"동일 replay, 다른 payload conflict",side effect 2회,Java25·적용 DB/Provider/Browser/Process 환경,Local/Remote·single/multi-instance 중 적용,source SHA·command·environment·start/end·exit code·pre/post state·report/artifact hash·sanitization,실패,f97655c1299936a1101bc3ec10239265ec3b502e,cpf-docs/evidence/qa/QA_PARALLEL_12WAY_QA-12B_R5_f97655c/db_review.md#db-perf,해당 기능의 실제 backup/performance/multi-instance Runtime harness가 구현되지 않았다,개발GPT 재개발 및 scenario 회귀 Test 후 QA 재검수,P04,Canonical Data·DB Schema·Migration·Runtime Query,04-00000581,P04-DATA-DB-PERF,P03,CPF-GATE-04,DB-PERF,예,QA-12B-1,미통과,"[DB-PERF] 중복 요청의 precondition/steps/expected/failure criteria를 cpf-tools/db/cpf-db-lifecycle-contract.json;cpf-tools/db/vendor-pack-manifest.json;cpf-tools/db/vendor/{mariadb,postgresql,oracle};cpf-tools/scripts/initialize-cpf-database.ps1;cpf-tools/scripts/invoke-cpf-qa34-db-runtime-matrix.ps1;cpf-tools/scripts/verify-cpf-db-lifecycle-contract.py;cpf-starters/data/persistence-jdbc;cpf-core/src/main/java/com/cpf/core/api/database와 대조했다. 실제 Acceptance 실패: 해당 기능의 실제 backup/performance/multi-instance Runtime harness가 구현되지 않았다.",해당 기능의 실제 backup/performance/multi-instance Runtime harness가 구현되지 않았다,미통과,cpf-docs/evidence/qa/QA_PARALLEL_12WAY_QA-12B_R5_f97655c/db_review.md#db-perf
CPF-SC-000582,CPF-FR-002929,DB-PERF,P0,DATA,TIMEOUT_PRE,[DB-PERF] Side effect 전 Timeout,DB·Module Owner,최신 exact SHA; dependency delay,connect/header timeout,timeout 주입,retryable failure·side effect 0,UNKNOWN/성공 오인,Java25·적용 DB/Provider/Browser/Process 환경,Local/Remote·single/multi-instance 중 적용,source SHA·command·environment·start/end·exit code·pre/post state·report/artifact hash·sanitization,실패,f97655c1299936a1101bc3ec10239265ec3b502e,cpf-docs/evidence/qa/QA_PARALLEL_12WAY_QA-12B_R5_f97655c/db_review.md#db-perf,해당 기능의 실제 backup/performance/multi-instance Runtime harness가 구현되지 않았다,개발GPT 재개발 및 scenario 회귀 Test 후 QA 재검수,P04,Canonical Data·DB Schema·Migration·Runtime Query,04-00000582,P04-DATA-DB-PERF,P03,CPF-GATE-04,DB-PERF,예,QA-12B-1,미통과,"[DB-PERF] Side effect 전 Timeout의 precondition/steps/expected/failure criteria를 cpf-tools/db/cpf-db-lifecycle-contract.json;cpf-tools/db/vendor-pack-manifest.json;cpf-tools/db/vendor/{mariadb,postgresql,oracle};cpf-tools/scripts/initialize-cpf-database.ps1;cpf-tools/scripts/invoke-cpf-qa34-db-runtime-matrix.ps1;cpf-tools/scripts/verify-cpf-db-lifecycle-contract.py;cpf-starters/data/persistence-jdbc;cpf-core/src/main/java/com/cpf/core/api/database와 대조했다. 실제 Acceptance 실패: 해당 기능의 실제 backup/performance/multi-instance Runtime harness가 구현되지 않았다.",해당 기능의 실제 backup/performance/multi-instance Runtime harness가 구현되지 않았다,미통과,cpf-docs/evidence/qa/QA_PARALLEL_12WAY_QA-12B_R5_f97655c/db_review.md#db-perf
CPF-SC-000583,CPF-FR-002929,DB-PERF,P0,DATA,RESPONSE_LOSS,[DB-PERF] Side effect 후 응답 유실,DB·Module Owner,최신 exact SHA; Owner commit,commit 후 reset,응답 차단,UNKNOWN·blind retry 금지·reconcile,자동 실패/무조건 retry,Java25·적용 DB/Provider/Browser/Process 환경,Local/Remote·single/multi-instance 중 적용,source SHA·command·environment·start/end·exit code·pre/post state·report/artifact hash·sanitization,실패,f97655c1299936a1101bc3ec10239265ec3b502e,cpf-docs/evidence/qa/QA_PARALLEL_12WAY_QA-12B_R5_f97655c/db_review.md#db-perf,해당 기능의 실제 backup/performance/multi-instance Runtime harness가 구현되지 않았다,개발GPT 재개발 및 scenario 회귀 Test 후 QA 재검수,P04,Canonical Data·DB Schema·Migration·Runtime Query,04-00000583,P04-DATA-DB-PERF,P03,CPF-GATE-04,DB-PERF,예,QA-12B-1,미통과,"[DB-PERF] Side effect 후 응답 유실의 precondition/steps/expected/failure criteria를 cpf-tools/db/cpf-db-lifecycle-contract.json;cpf-tools/db/vendor-pack-manifest.json;cpf-tools/db/vendor/{mariadb,postgresql,oracle};cpf-tools/scripts/initialize-cpf-database.ps1;cpf-tools/scripts/invoke-cpf-qa34-db-runtime-matrix.ps1;cpf-tools/scripts/verify-cpf-db-lifecycle-contract.py;cpf-starters/data/persistence-jdbc;cpf-core/src/main/java/com/cpf/core/api/database와 대조했다. 실제 Acceptance 실패: 해당 기능의 실제 backup/performance/multi-instance Runtime harness가 구현되지 않았다.",해당 기능의 실제 backup/performance/multi-instance Runtime harness가 구현되지 않았다,미통과,cpf-docs/evidence/qa/QA_PARALLEL_12WAY_QA-12B_R5_f97655c/db_review.md#db-perf
CPF-SC-000584,CPF-FR-002929,DB-PERF,P0,DATA,PARTIAL,[DB-PERF] 부분 실패,DB·Module Owner,최신 exact SHA; 다중 대상/항목,일부 target failure,group 실행,개별 성공/실패/unknown 보존,전체 성공/실패로 축약,Java25·적용 DB/Provider/Browser/Process 환경,Local/Remote·single/multi-instance 중 적용,source SHA·command·environment·start/end·exit code·pre/post state·report/artifact hash·sanitization,실패,f97655c1299936a1101bc3ec10239265ec3b502e,cpf-docs/evidence/qa/QA_PARALLEL_12WAY_QA-12B_R5_f97655c/db_review.md#db-perf,해당 기능의 실제 backup/performance/multi-instance Runtime harness가 구현되지 않았다,개발GPT 재개발 및 scenario 회귀 Test 후 QA 재검수,P04,Canonical Data·DB Schema·Migration·Runtime Query,04-00000584,P04-DATA-DB-PERF,P03,CPF-GATE-04,DB-PERF,예,QA-12B-1,미통과,"[DB-PERF] 부분 실패의 precondition/steps/expected/failure criteria를 cpf-tools/db/cpf-db-lifecycle-contract.json;cpf-tools/db/vendor-pack-manifest.json;cpf-tools/db/vendor/{mariadb,postgresql,oracle};cpf-tools/scripts/initialize-cpf-database.ps1;cpf-tools/scripts/invoke-cpf-qa34-db-runtime-matrix.ps1;cpf-tools/scripts/verify-cpf-db-lifecycle-contract.py;cpf-starters/data/persistence-jdbc;cpf-core/src/main/java/com/cpf/core/api/database와 대조했다. 실제 Acceptance 실패: 해당 기능의 실제 backup/performance/multi-instance Runtime harness가 구현되지 않았다.",해당 기능의 실제 backup/performance/multi-instance Runtime harness가 구현되지 않았다,미통과,cpf-docs/evidence/qa/QA_PARALLEL_12WAY_QA-12B_R5_f97655c/db_review.md#db-perf
CPF-SC-000585,CPF-FR-002929,DB-PERF,P0,DATA,PROCESS_KILL,[DB-PERF] Process Kill·Restart,DB·Module Owner,최신 exact SHA; durable state,worker kill,claim/apply 후 종료·재기동,lease 회수·stale fencing·복구,고아 상태·중복,Java25·적용 DB/Provider/Browser/Process 환경,Local/Remote·single/multi-instance 중 적용,source SHA·command·environment·start/end·exit code·pre/post state·report/artifact hash·sanitization,실패,f97655c1299936a1101bc3ec10239265ec3b502e,cpf-docs/evidence/qa/QA_PARALLEL_12WAY_QA-12B_R5_f97655c/db_review.md#db-perf,해당 기능의 실제 backup/performance/multi-instance Runtime harness가 구현되지 않았다,개발GPT 재개발 및 scenario 회귀 Test 후 QA 재검수,P04,Canonical Data·DB Schema·Migration·Runtime Query,04-00000585,P04-DATA-DB-PERF,P03,CPF-GATE-04,DB-PERF,예,QA-12B-1,미통과,"[DB-PERF] Process Kill·Restart의 precondition/steps/expected/failure criteria를 cpf-tools/db/cpf-db-lifecycle-contract.json;cpf-tools/db/vendor-pack-manifest.json;cpf-tools/db/vendor/{mariadb,postgresql,oracle};cpf-tools/scripts/initialize-cpf-database.ps1;cpf-tools/scripts/invoke-cpf-qa34-db-runtime-matrix.ps1;cpf-tools/scripts/verify-cpf-db-lifecycle-contract.py;cpf-starters/data/persistence-jdbc;cpf-core/src/main/java/com/cpf/core/api/database와 대조했다. 실제 Acceptance 실패: 해당 기능의 실제 backup/performance/multi-instance Runtime harness가 구현되지 않았다.",해당 기능의 실제 backup/performance/multi-instance Runtime harness가 구현되지 않았다,미통과,cpf-docs/evidence/qa/QA_PARALLEL_12WAY_QA-12B_R5_f97655c/db_review.md#db-perf
CPF-SC-000586,CPF-FR-002929,DB-PERF,P0,DATA,MULTI_INSTANCE,[DB-PERF] 다중 Instance,DB·Module Owner,최신 exact SHA; 2개 이상,공유 DB/queue,동시 처리·failover·rejoin,version/state 일치·중복 0,local state 의존,Java25·적용 DB/Provider/Browser/Process 환경,Local/Remote·single/multi-instance 중 적용,source SHA·command·environment·start/end·exit code·pre/post state·report/artifact hash·sanitization,실패,f97655c1299936a1101bc3ec10239265ec3b502e,cpf-docs/evidence/qa/QA_PARALLEL_12WAY_QA-12B_R5_f97655c/db_review.md#db-perf,해당 기능의 실제 backup/performance/multi-instance Runtime harness가 구현되지 않았다,개발GPT 재개발 및 scenario 회귀 Test 후 QA 재검수,P04,Canonical Data·DB Schema·Migration·Runtime Query,04-00000586,P04-DATA-DB-PERF,P03,CPF-GATE-04,DB-PERF,예,QA-12B-1,미통과,"[DB-PERF] 다중 Instance의 precondition/steps/expected/failure criteria를 cpf-tools/db/cpf-db-lifecycle-contract.json;cpf-tools/db/vendor-pack-manifest.json;cpf-tools/db/vendor/{mariadb,postgresql,oracle};cpf-tools/scripts/initialize-cpf-database.ps1;cpf-tools/scripts/invoke-cpf-qa34-db-runtime-matrix.ps1;cpf-tools/scripts/verify-cpf-db-lifecycle-contract.py;cpf-starters/data/persistence-jdbc;cpf-core/src/main/java/com/cpf/core/api/database와 대조했다. 실제 Acceptance 실패: 해당 기능의 실제 backup/performance/multi-instance Runtime harness가 구현되지 않았다.",해당 기능의 실제 backup/performance/multi-instance Runtime harness가 구현되지 않았다,미통과,cpf-docs/evidence/qa/QA_PARALLEL_12WAY_QA-12B_R5_f97655c/db_review.md#db-perf
CPF-SC-000587,CPF-FR-002929,DB-PERF,P0,DATA,ROLLBACK,[DB-PERF] Rollback/Forward Recovery,DB·Module Owner,최신 exact SHA; 변경 전 snapshot,적용 후 결함,rollback/forward fix,데이터 보존·actual 일치·audit,부분 rollback·drift,Java25·적용 DB/Provider/Browser/Process 환경,Local/Remote·single/multi-instance 중 적용,source SHA·command·environment·start/end·exit code·pre/post state·report/artifact hash·sanitization,실패,f97655c1299936a1101bc3ec10239265ec3b502e,cpf-docs/evidence/qa/QA_PARALLEL_12WAY_QA-12B_R5_f97655c/db_review.md#db-perf,해당 기능의 실제 backup/performance/multi-instance Runtime harness가 구현되지 않았다,개발GPT 재개발 및 scenario 회귀 Test 후 QA 재검수,P04,Canonical Data·DB Schema·Migration·Runtime Query,04-00000587,P04-DATA-DB-PERF,P03,CPF-GATE-04,DB-PERF,예,QA-12B-1,미통과,"[DB-PERF] Rollback/Forward Recovery의 precondition/steps/expected/failure criteria를 cpf-tools/db/cpf-db-lifecycle-contract.json;cpf-tools/db/vendor-pack-manifest.json;cpf-tools/db/vendor/{mariadb,postgresql,oracle};cpf-tools/scripts/initialize-cpf-database.ps1;cpf-tools/scripts/invoke-cpf-qa34-db-runtime-matrix.ps1;cpf-tools/scripts/verify-cpf-db-lifecycle-contract.py;cpf-starters/data/persistence-jdbc;cpf-core/src/main/java/com/cpf/core/api/database와 대조했다. 실제 Acceptance 실패: 해당 기능의 실제 backup/performance/multi-instance Runtime harness가 구현되지 않았다.",해당 기능의 실제 backup/performance/multi-instance Runtime harness가 구현되지 않았다,미통과,cpf-docs/evidence/qa/QA_PARALLEL_12WAY_QA-12B_R5_f97655c/db_review.md#db-perf
CPF-SC-000588,CPF-FR-002929,DB-PERF,P0,DATA,SECURITY_LEAK,[DB-PERF] 민감정보 누출,DB·Module Owner,최신 exact SHA; PII/Secret fixture,오류·Log·UI·Download,정상/실패 실행,원문 0 또는 승인 범위,Log/DOM/Storage/Evidence 원문,Java25·적용 DB/Provider/Browser/Process 환경,Local/Remote·single/multi-instance 중 적용,source SHA·command·environment·start/end·exit code·pre/post state·report/artifact hash·sanitization,실패,f97655c1299936a1101bc3ec10239265ec3b502e,cpf-docs/evidence/qa/QA_PARALLEL_12WAY_QA-12B_R5_f97655c/db_review.md#db-perf,해당 기능의 실제 backup/performance/multi-instance Runtime harness가 구현되지 않았다,개발GPT 재개발 및 scenario 회귀 Test 후 QA 재검수,P04,Canonical Data·DB Schema·Migration·Runtime Query,04-00000588,P04-DATA-DB-PERF,P03,CPF-GATE-04,DB-PERF,예,QA-12B-1,미통과,"[DB-PERF] 민감정보 누출의 precondition/steps/expected/failure criteria를 cpf-tools/db/cpf-db-lifecycle-contract.json;cpf-tools/db/vendor-pack-manifest.json;cpf-tools/db/vendor/{mariadb,postgresql,oracle};cpf-tools/scripts/initialize-cpf-database.ps1;cpf-tools/scripts/invoke-cpf-qa34-db-runtime-matrix.ps1;cpf-tools/scripts/verify-cpf-db-lifecycle-contract.py;cpf-starters/data/persistence-jdbc;cpf-core/src/main/java/com/cpf/core/api/database와 대조했다. 실제 Acceptance 실패: 해당 기능의 실제 backup/performance/multi-instance Runtime harness가 구현되지 않았다.",해당 기능의 실제 backup/performance/multi-instance Runtime harness가 구현되지 않았다,미통과,cpf-docs/evidence/qa/QA_PARALLEL_12WAY_QA-12B_R5_f97655c/db_review.md#db-perf
CPF-SC-000589,CPF-FR-002990,DB-MULTI,P0,DATA,POSITIVE,[DB-MULTI] 정상 수직 흐름,DB·Module Owner,최신 exact SHA; 유효 입력과 권한,정상 데이터,요청→검증→처리→저장/전달→응답→감사,정상 상태·side effect·tracking 일치,Mock-only 또는 Consumer 미호출,Java25·적용 DB/Provider/Browser/Process 환경,Local/Remote·single/multi-instance 중 적용,source SHA·command·environment·start/end·exit code·pre/post state·report/artifact hash·sanitization,실패,f97655c1299936a1101bc3ec10239265ec3b502e,cpf-docs/evidence/qa/QA_PARALLEL_12WAY_QA-12B_R5_f97655c/db_review.md#db-multi,해당 기능의 실제 backup/performance/multi-instance Runtime harness가 구현되지 않았다,개발GPT 재개발 및 scenario 회귀 Test 후 QA 재검수,P04,Canonical Data·DB Schema·Migration·Runtime Query,04-00000589,P04-DATA-DB-MULTI,P03,CPF-GATE-04,DB-MULTI,예,QA-12B-1,미통과,"[DB-MULTI] 정상 수직 흐름의 precondition/steps/expected/failure criteria를 cpf-tools/db/cpf-db-lifecycle-contract.json;cpf-tools/db/vendor-pack-manifest.json;cpf-tools/db/vendor/{mariadb,postgresql,oracle};cpf-tools/scripts/initialize-cpf-database.ps1;cpf-tools/scripts/invoke-cpf-qa34-db-runtime-matrix.ps1;cpf-tools/scripts/verify-cpf-db-lifecycle-contract.py;cpf-starters/data/persistence-jdbc;cpf-core/src/main/java/com/cpf/core/api/database와 대조했다. 실제 Acceptance 실패: 해당 기능의 실제 backup/performance/multi-instance Runtime harness가 구현되지 않았다.",해당 기능의 실제 backup/performance/multi-instance Runtime harness가 구현되지 않았다,미통과,cpf-docs/evidence/qa/QA_PARALLEL_12WAY_QA-12B_R5_f97655c/db_review.md#db-multi
CPF-SC-000590,CPF-FR-002990,DB-MULTI,P0,DATA,INVALID,[DB-MULTI] 입력·경계 오류,DB·Module Owner,최신 exact SHA; 유효 Session,invalid/empty/oversize/unknown enum,각 invalid 제출,표준 field/path 오류·side effect 0,500/raw exception/부분 저장,Java25·적용 DB/Provider/Browser/Process 환경,Local/Remote·single/multi-instance 중 적용,source SHA·command·environment·start/end·exit code·pre/post state·report/artifact hash·sanitization,실패,f97655c1299936a1101bc3ec10239265ec3b502e,cpf-docs/evidence/qa/QA_PARALLEL_12WAY_QA-12B_R5_f97655c/db_review.md#db-multi,해당 기능의 실제 backup/performance/multi-instance Runtime harness가 구현되지 않았다,개발GPT 재개발 및 scenario 회귀 Test 후 QA 재검수,P04,Canonical Data·DB Schema·Migration·Runtime Query,04-00000590,P04-DATA-DB-MULTI,P03,CPF-GATE-04,DB-MULTI,예,QA-12B-1,미통과,"[DB-MULTI] 입력·경계 오류의 precondition/steps/expected/failure criteria를 cpf-tools/db/cpf-db-lifecycle-contract.json;cpf-tools/db/vendor-pack-manifest.json;cpf-tools/db/vendor/{mariadb,postgresql,oracle};cpf-tools/scripts/initialize-cpf-database.ps1;cpf-tools/scripts/invoke-cpf-qa34-db-runtime-matrix.ps1;cpf-tools/scripts/verify-cpf-db-lifecycle-contract.py;cpf-starters/data/persistence-jdbc;cpf-core/src/main/java/com/cpf/core/api/database와 대조했다. 실제 Acceptance 실패: 해당 기능의 실제 backup/performance/multi-instance Runtime harness가 구현되지 않았다.",해당 기능의 실제 backup/performance/multi-instance Runtime harness가 구현되지 않았다,미통과,cpf-docs/evidence/qa/QA_PARALLEL_12WAY_QA-12B_R5_f97655c/db_review.md#db-multi
CPF-SC-000591,CPF-FR-002990,DB-MULTI,P0,DATA,UNAUTHORIZED,[DB-MULTI] 미인증·권한 부족,DB·Module Owner,최신 exact SHA; 권한 없는 principal,401/403 대상,UI 직접 URL/API/Method 호출,Server 거부·Audit·민감정보 0,버튼만 숨김/default allow,Java25·적용 DB/Provider/Browser/Process 환경,Local/Remote·single/multi-instance 중 적용,source SHA·command·environment·start/end·exit code·pre/post state·report/artifact hash·sanitization,실패,f97655c1299936a1101bc3ec10239265ec3b502e,cpf-docs/evidence/qa/QA_PARALLEL_12WAY_QA-12B_R5_f97655c/db_review.md#db-multi,해당 기능의 실제 backup/performance/multi-instance Runtime harness가 구현되지 않았다,개발GPT 재개발 및 scenario 회귀 Test 후 QA 재검수,P04,Canonical Data·DB Schema·Migration·Runtime Query,04-00000591,P04-DATA-DB-MULTI,P03,CPF-GATE-04,DB-MULTI,예,QA-12B-1,미통과,"[DB-MULTI] 미인증·권한 부족의 precondition/steps/expected/failure criteria를 cpf-tools/db/cpf-db-lifecycle-contract.json;cpf-tools/db/vendor-pack-manifest.json;cpf-tools/db/vendor/{mariadb,postgresql,oracle};cpf-tools/scripts/initialize-cpf-database.ps1;cpf-tools/scripts/invoke-cpf-qa34-db-runtime-matrix.ps1;cpf-tools/scripts/verify-cpf-db-lifecycle-contract.py;cpf-starters/data/persistence-jdbc;cpf-core/src/main/java/com/cpf/core/api/database와 대조했다. 실제 Acceptance 실패: 해당 기능의 실제 backup/performance/multi-instance Runtime harness가 구현되지 않았다.",해당 기능의 실제 backup/performance/multi-instance Runtime harness가 구현되지 않았다,미통과,cpf-docs/evidence/qa/QA_PARALLEL_12WAY_QA-12B_R5_f97655c/db_review.md#db-multi
CPF-SC-000592,CPF-FR-002990,DB-MULTI,P0,DATA,CONFLICT,[DB-MULTI] Version·Hash 충돌,DB·Module Owner,최신 exact SHA; 기존 version,stale expectedVersion/다른 hash,동시/재시도 요청,409·기존 결과 보존·lost update 0,후행 요청 덮어씀,Java25·적용 DB/Provider/Browser/Process 환경,Local/Remote·single/multi-instance 중 적용,source SHA·command·environment·start/end·exit code·pre/post state·report/artifact hash·sanitization,실패,f97655c1299936a1101bc3ec10239265ec3b502e,cpf-docs/evidence/qa/QA_PARALLEL_12WAY_QA-12B_R5_f97655c/db_review.md#db-multi,해당 기능의 실제 backup/performance/multi-instance Runtime harness가 구현되지 않았다,개발GPT 재개발 및 scenario 회귀 Test 후 QA 재검수,P04,Canonical Data·DB Schema·Migration·Runtime Query,04-00000592,P04-DATA-DB-MULTI,P03,CPF-GATE-04,DB-MULTI,예,QA-12B-1,미통과,"[DB-MULTI] Version·Hash 충돌의 precondition/steps/expected/failure criteria를 cpf-tools/db/cpf-db-lifecycle-contract.json;cpf-tools/db/vendor-pack-manifest.json;cpf-tools/db/vendor/{mariadb,postgresql,oracle};cpf-tools/scripts/initialize-cpf-database.ps1;cpf-tools/scripts/invoke-cpf-qa34-db-runtime-matrix.ps1;cpf-tools/scripts/verify-cpf-db-lifecycle-contract.py;cpf-starters/data/persistence-jdbc;cpf-core/src/main/java/com/cpf/core/api/database와 대조했다. 실제 Acceptance 실패: 해당 기능의 실제 backup/performance/multi-instance Runtime harness가 구현되지 않았다.",해당 기능의 실제 backup/performance/multi-instance Runtime harness가 구현되지 않았다,미통과,cpf-docs/evidence/qa/QA_PARALLEL_12WAY_QA-12B_R5_f97655c/db_review.md#db-multi
CPF-SC-000593,CPF-FR-002990,DB-MULTI,P0,DATA,DUPLICATE,[DB-MULTI] 중복 요청,DB·Module Owner,최신 exact SHA; 같은 operationId,동일/상이 payload,동시·순차 중복,"동일 replay, 다른 payload conflict",side effect 2회,Java25·적용 DB/Provider/Browser/Process 환경,Local/Remote·single/multi-instance 중 적용,source SHA·command·environment·start/end·exit code·pre/post state·report/artifact hash·sanitization,실패,f97655c1299936a1101bc3ec10239265ec3b502e,cpf-docs/evidence/qa/QA_PARALLEL_12WAY_QA-12B_R5_f97655c/db_review.md#db-multi,해당 기능의 실제 backup/performance/multi-instance Runtime harness가 구현되지 않았다,개발GPT 재개발 및 scenario 회귀 Test 후 QA 재검수,P04,Canonical Data·DB Schema·Migration·Runtime Query,04-00000593,P04-DATA-DB-MULTI,P03,CPF-GATE-04,DB-MULTI,예,QA-12B-1,미통과,"[DB-MULTI] 중복 요청의 precondition/steps/expected/failure criteria를 cpf-tools/db/cpf-db-lifecycle-contract.json;cpf-tools/db/vendor-pack-manifest.json;cpf-tools/db/vendor/{mariadb,postgresql,oracle};cpf-tools/scripts/initialize-cpf-database.ps1;cpf-tools/scripts/invoke-cpf-qa34-db-runtime-matrix.ps1;cpf-tools/scripts/verify-cpf-db-lifecycle-contract.py;cpf-starters/data/persistence-jdbc;cpf-core/src/main/java/com/cpf/core/api/database와 대조했다. 실제 Acceptance 실패: 해당 기능의 실제 backup/performance/multi-instance Runtime harness가 구현되지 않았다.",해당 기능의 실제 backup/performance/multi-instance Runtime harness가 구현되지 않았다,미통과,cpf-docs/evidence/qa/QA_PARALLEL_12WAY_QA-12B_R5_f97655c/db_review.md#db-multi
CPF-SC-000594,CPF-FR-002990,DB-MULTI,P0,DATA,TIMEOUT_PRE,[DB-MULTI] Side effect 전 Timeout,DB·Module Owner,최신 exact SHA; dependency delay,connect/header timeout,timeout 주입,retryable failure·side effect 0,UNKNOWN/성공 오인,Java25·적용 DB/Provider/Browser/Process 환경,Local/Remote·single/multi-instance 중 적용,source SHA·command·environment·start/end·exit code·pre/post state·report/artifact hash·sanitization,실패,f97655c1299936a1101bc3ec10239265ec3b502e,cpf-docs/evidence/qa/QA_PARALLEL_12WAY_QA-12B_R5_f97655c/db_review.md#db-multi,해당 기능의 실제 backup/performance/multi-instance Runtime harness가 구현되지 않았다,개발GPT 재개발 및 scenario 회귀 Test 후 QA 재검수,P04,Canonical Data·DB Schema·Migration·Runtime Query,04-00000594,P04-DATA-DB-MULTI,P03,CPF-GATE-04,DB-MULTI,예,QA-12B-1,미통과,"[DB-MULTI] Side effect 전 Timeout의 precondition/steps/expected/failure criteria를 cpf-tools/db/cpf-db-lifecycle-contract.json;cpf-tools/db/vendor-pack-manifest.json;cpf-tools/db/vendor/{mariadb,postgresql,oracle};cpf-tools/scripts/initialize-cpf-database.ps1;cpf-tools/scripts/invoke-cpf-qa34-db-runtime-matrix.ps1;cpf-tools/scripts/verify-cpf-db-lifecycle-contract.py;cpf-starters/data/persistence-jdbc;cpf-core/src/main/java/com/cpf/core/api/database와 대조했다. 실제 Acceptance 실패: 해당 기능의 실제 backup/performance/multi-instance Runtime harness가 구현되지 않았다.",해당 기능의 실제 backup/performance/multi-instance Runtime harness가 구현되지 않았다,미통과,cpf-docs/evidence/qa/QA_PARALLEL_12WAY_QA-12B_R5_f97655c/db_review.md#db-multi
CPF-SC-000595,CPF-FR-002990,DB-MULTI,P0,DATA,RESPONSE_LOSS,[DB-MULTI] Side effect 후 응답 유실,DB·Module Owner,최신 exact SHA; Owner commit,commit 후 reset,응답 차단,UNKNOWN·blind retry 금지·reconcile,자동 실패/무조건 retry,Java25·적용 DB/Provider/Browser/Process 환경,Local/Remote·single/multi-instance 중 적용,source SHA·command·environment·start/end·exit code·pre/post state·report/artifact hash·sanitization,실패,f97655c1299936a1101bc3ec10239265ec3b502e,cpf-docs/evidence/qa/QA_PARALLEL_12WAY_QA-12B_R5_f97655c/db_review.md#db-multi,해당 기능의 실제 backup/performance/multi-instance Runtime harness가 구현되지 않았다,개발GPT 재개발 및 scenario 회귀 Test 후 QA 재검수,P04,Canonical Data·DB Schema·Migration·Runtime Query,04-00000595,P04-DATA-DB-MULTI,P03,CPF-GATE-04,DB-MULTI,예,QA-12B-1,미통과,"[DB-MULTI] Side effect 후 응답 유실의 precondition/steps/expected/failure criteria를 cpf-tools/db/cpf-db-lifecycle-contract.json;cpf-tools/db/vendor-pack-manifest.json;cpf-tools/db/vendor/{mariadb,postgresql,oracle};cpf-tools/scripts/initialize-cpf-database.ps1;cpf-tools/scripts/invoke-cpf-qa34-db-runtime-matrix.ps1;cpf-tools/scripts/verify-cpf-db-lifecycle-contract.py;cpf-starters/data/persistence-jdbc;cpf-core/src/main/java/com/cpf/core/api/database와 대조했다. 실제 Acceptance 실패: 해당 기능의 실제 backup/performance/multi-instance Runtime harness가 구현되지 않았다.",해당 기능의 실제 backup/performance/multi-instance Runtime harness가 구현되지 않았다,미통과,cpf-docs/evidence/qa/QA_PARALLEL_12WAY_QA-12B_R5_f97655c/db_review.md#db-multi
CPF-SC-000596,CPF-FR-002990,DB-MULTI,P0,DATA,PARTIAL,[DB-MULTI] 부분 실패,DB·Module Owner,최신 exact SHA; 다중 대상/항목,일부 target failure,group 실행,개별 성공/실패/unknown 보존,전체 성공/실패로 축약,Java25·적용 DB/Provider/Browser/Process 환경,Local/Remote·single/multi-instance 중 적용,source SHA·command·environment·start/end·exit code·pre/post state·report/artifact hash·sanitization,실패,f97655c1299936a1101bc3ec10239265ec3b502e,cpf-docs/evidence/qa/QA_PARALLEL_12WAY_QA-12B_R5_f97655c/db_review.md#db-multi,해당 기능의 실제 backup/performance/multi-instance Runtime harness가 구현되지 않았다,개발GPT 재개발 및 scenario 회귀 Test 후 QA 재검수,P04,Canonical Data·DB Schema·Migration·Runtime Query,04-00000596,P04-DATA-DB-MULTI,P03,CPF-GATE-04,DB-MULTI,예,QA-12B-1,미통과,"[DB-MULTI] 부분 실패의 precondition/steps/expected/failure criteria를 cpf-tools/db/cpf-db-lifecycle-contract.json;cpf-tools/db/vendor-pack-manifest.json;cpf-tools/db/vendor/{mariadb,postgresql,oracle};cpf-tools/scripts/initialize-cpf-database.ps1;cpf-tools/scripts/invoke-cpf-qa34-db-runtime-matrix.ps1;cpf-tools/scripts/verify-cpf-db-lifecycle-contract.py;cpf-starters/data/persistence-jdbc;cpf-core/src/main/java/com/cpf/core/api/database와 대조했다. 실제 Acceptance 실패: 해당 기능의 실제 backup/performance/multi-instance Runtime harness가 구현되지 않았다.",해당 기능의 실제 backup/performance/multi-instance Runtime harness가 구현되지 않았다,미통과,cpf-docs/evidence/qa/QA_PARALLEL_12WAY_QA-12B_R5_f97655c/db_review.md#db-multi
CPF-SC-000597,CPF-FR-002990,DB-MULTI,P0,DATA,PROCESS_KILL,[DB-MULTI] Process Kill·Restart,DB·Module Owner,최신 exact SHA; durable state,worker kill,claim/apply 후 종료·재기동,lease 회수·stale fencing·복구,고아 상태·중복,Java25·적용 DB/Provider/Browser/Process 환경,Local/Remote·single/multi-instance 중 적용,source SHA·command·environment·start/end·exit code·pre/post state·report/artifact hash·sanitization,실패,f97655c1299936a1101bc3ec10239265ec3b502e,cpf-docs/evidence/qa/QA_PARALLEL_12WAY_QA-12B_R5_f97655c/db_review.md#db-multi,해당 기능의 실제 backup/performance/multi-instance Runtime harness가 구현되지 않았다,개발GPT 재개발 및 scenario 회귀 Test 후 QA 재검수,P04,Canonical Data·DB Schema·Migration·Runtime Query,04-00000597,P04-DATA-DB-MULTI,P03,CPF-GATE-04,DB-MULTI,예,QA-12B-1,미통과,"[DB-MULTI] Process Kill·Restart의 precondition/steps/expected/failure criteria를 cpf-tools/db/cpf-db-lifecycle-contract.json;cpf-tools/db/vendor-pack-manifest.json;cpf-tools/db/vendor/{mariadb,postgresql,oracle};cpf-tools/scripts/initialize-cpf-database.ps1;cpf-tools/scripts/invoke-cpf-qa34-db-runtime-matrix.ps1;cpf-tools/scripts/verify-cpf-db-lifecycle-contract.py;cpf-starters/data/persistence-jdbc;cpf-core/src/main/java/com/cpf/core/api/database와 대조했다. 실제 Acceptance 실패: 해당 기능의 실제 backup/performance/multi-instance Runtime harness가 구현되지 않았다.",해당 기능의 실제 backup/performance/multi-instance Runtime harness가 구현되지 않았다,미통과,cpf-docs/evidence/qa/QA_PARALLEL_12WAY_QA-12B_R5_f97655c/db_review.md#db-multi
CPF-SC-000598,CPF-FR-002990,DB-MULTI,P0,DATA,MULTI_INSTANCE,[DB-MULTI] 다중 Instance,DB·Module Owner,최신 exact SHA; 2개 이상,공유 DB/queue,동시 처리·failover·rejoin,version/state 일치·중복 0,local state 의존,Java25·적용 DB/Provider/Browser/Process 환경,Local/Remote·single/multi-instance 중 적용,source SHA·command·environment·start/end·exit code·pre/post state·report/artifact hash·sanitization,실패,f97655c1299936a1101bc3ec10239265ec3b502e,cpf-docs/evidence/qa/QA_PARALLEL_12WAY_QA-12B_R5_f97655c/db_review.md#db-multi,해당 기능의 실제 backup/performance/multi-instance Runtime harness가 구현되지 않았다,개발GPT 재개발 및 scenario 회귀 Test 후 QA 재검수,P04,Canonical Data·DB Schema·Migration·Runtime Query,04-00000598,P04-DATA-DB-MULTI,P03,CPF-GATE-04,DB-MULTI,예,QA-12B-1,미통과,"[DB-MULTI] 다중 Instance의 precondition/steps/expected/failure criteria를 cpf-tools/db/cpf-db-lifecycle-contract.json;cpf-tools/db/vendor-pack-manifest.json;cpf-tools/db/vendor/{mariadb,postgresql,oracle};cpf-tools/scripts/initialize-cpf-database.ps1;cpf-tools/scripts/invoke-cpf-qa34-db-runtime-matrix.ps1;cpf-tools/scripts/verify-cpf-db-lifecycle-contract.py;cpf-starters/data/persistence-jdbc;cpf-core/src/main/java/com/cpf/core/api/database와 대조했다. 실제 Acceptance 실패: 해당 기능의 실제 backup/performance/multi-instance Runtime harness가 구현되지 않았다.",해당 기능의 실제 backup/performance/multi-instance Runtime harness가 구현되지 않았다,미통과,cpf-docs/evidence/qa/QA_PARALLEL_12WAY_QA-12B_R5_f97655c/db_review.md#db-multi
CPF-SC-000599,CPF-FR-002990,DB-MULTI,P0,DATA,ROLLBACK,[DB-MULTI] Rollback/Forward Recovery,DB·Module Owner,최신 exact SHA; 변경 전 snapshot,적용 후 결함,rollback/forward fix,데이터 보존·actual 일치·audit,부분 rollback·drift,Java25·적용 DB/Provider/Browser/Process 환경,Local/Remote·single/multi-instance 중 적용,source SHA·command·environment·start/end·exit code·pre/post state·report/artifact hash·sanitization,실패,f97655c1299936a1101bc3ec10239265ec3b502e,cpf-docs/evidence/qa/QA_PARALLEL_12WAY_QA-12B_R5_f97655c/db_review.md#db-multi,해당 기능의 실제 backup/performance/multi-instance Runtime harness가 구현되지 않았다,개발GPT 재개발 및 scenario 회귀 Test 후 QA 재검수,P04,Canonical Data·DB Schema·Migration·Runtime Query,04-00000599,P04-DATA-DB-MULTI,P03,CPF-GATE-04,DB-MULTI,예,QA-12B-1,미통과,"[DB-MULTI] Rollback/Forward Recovery의 precondition/steps/expected/failure criteria를 cpf-tools/db/cpf-db-lifecycle-contract.json;cpf-tools/db/vendor-pack-manifest.json;cpf-tools/db/vendor/{mariadb,postgresql,oracle};cpf-tools/scripts/initialize-cpf-database.ps1;cpf-tools/scripts/invoke-cpf-qa34-db-runtime-matrix.ps1;cpf-tools/scripts/verify-cpf-db-lifecycle-contract.py;cpf-starters/data/persistence-jdbc;cpf-core/src/main/java/com/cpf/core/api/database와 대조했다. 실제 Acceptance 실패: 해당 기능의 실제 backup/performance/multi-instance Runtime harness가 구현되지 않았다.",해당 기능의 실제 backup/performance/multi-instance Runtime harness가 구현되지 않았다,미통과,cpf-docs/evidence/qa/QA_PARALLEL_12WAY_QA-12B_R5_f97655c/db_review.md#db-multi
CPF-SC-000600,CPF-FR-002990,DB-MULTI,P0,DATA,SECURITY_LEAK,[DB-MULTI] 민감정보 누출,DB·Module Owner,최신 exact SHA; PII/Secret fixture,오류·Log·UI·Download,정상/실패 실행,원문 0 또는 승인 범위,Log/DOM/Storage/Evidence 원문,Java25·적용 DB/Provider/Browser/Process 환경,Local/Remote·single/multi-instance 중 적용,source SHA·command·environment·start/end·exit code·pre/post state·report/artifact hash·sanitization,실패,f97655c1299936a1101bc3ec10239265ec3b502e,cpf-docs/evidence/qa/QA_PARALLEL_12WAY_QA-12B_R5_f97655c/db_review.md#db-multi,해당 기능의 실제 backup/performance/multi-instance Runtime harness가 구현되지 않았다,개발GPT 재개발 및 scenario 회귀 Test 후 QA 재검수,P04,Canonical Data·DB Schema·Migration·Runtime Query,04-00000600,P04-DATA-DB-MULTI,P03,CPF-GATE-04,DB-MULTI,예,QA-12B-1,미통과,"[DB-MULTI] 민감정보 누출의 precondition/steps/expected/failure criteria를 cpf-tools/db/cpf-db-lifecycle-contract.json;cpf-tools/db/vendor-pack-manifest.json;cpf-tools/db/vendor/{mariadb,postgresql,oracle};cpf-tools/scripts/initialize-cpf-database.ps1;cpf-tools/scripts/invoke-cpf-qa34-db-runtime-matrix.ps1;cpf-tools/scripts/verify-cpf-db-lifecycle-contract.py;cpf-starters/data/persistence-jdbc;cpf-core/src/main/java/com/cpf/core/api/database와 대조했다. 실제 Acceptance 실패: 해당 기능의 실제 backup/performance/multi-instance Runtime harness가 구현되지 않았다.",해당 기능의 실제 backup/performance/multi-instance Runtime harness가 구현되지 않았다,미통과,cpf-docs/evidence/qa/QA_PARALLEL_12WAY_QA-12B_R5_f97655c/db_review.md#db-multi
CPF-SC-000601,CPF-FR-003051,DATA-LINEAGE,P0,DATA,POSITIVE,[DATA-LINEAGE] 정상 수직 흐름,DB·Module Owner,최신 exact SHA; 유효 입력과 권한,정상 데이터,요청→검증→처리→저장/전달→응답→감사,정상 상태·side effect·tracking 일치,Mock-only 또는 Consumer 미호출,Java25·적용 DB/Provider/Browser/Process 환경,Local/Remote·single/multi-instance 중 적용,source SHA·command·environment·start/end·exit code·pre/post state·report/artifact hash·sanitization,실패,f97655c1299936a1101bc3ec10239265ec3b502e,cpf-docs/evidence/qa/QA_PARALLEL_12WAY_QA-12B_R5_f97655c/db_review.md#data-lineage,공개 interface 외 기본 구현·저장소·Consumer·복구 경로가 확인되지 않았다,개발GPT 재개발 및 scenario 회귀 Test 후 QA 재검수,P04,Canonical Data·DB Schema·Migration·Runtime Query,04-00000601,P04-DATA-DATA-LINEAGE,P03,CPF-GATE-04,DATA-LINEAGE,예,QA-12B-1,미통과,"[DATA-LINEAGE] 정상 수직 흐름의 precondition/steps/expected/failure criteria를 cpf-tools/db/cpf-db-lifecycle-contract.json;cpf-tools/db/vendor-pack-manifest.json;cpf-tools/db/vendor/{mariadb,postgresql,oracle};cpf-tools/scripts/initialize-cpf-database.ps1;cpf-tools/scripts/invoke-cpf-qa34-db-runtime-matrix.ps1;cpf-tools/scripts/verify-cpf-db-lifecycle-contract.py;cpf-starters/data/persistence-jdbc;cpf-core/src/main/java/com/cpf/core/api/database와 대조했다. 실제 Acceptance 실패: 공개 interface 외 기본 구현·저장소·Consumer·복구 경로가 확인되지 않았다.",공개 interface 외 기본 구현·저장소·Consumer·복구 경로가 확인되지 않았다,미통과,cpf-docs/evidence/qa/QA_PARALLEL_12WAY_QA-12B_R5_f97655c/db_review.md#data-lineage
CPF-SC-000602,CPF-FR-003051,DATA-LINEAGE,P0,DATA,INVALID,[DATA-LINEAGE] 입력·경계 오류,DB·Module Owner,최신 exact SHA; 유효 Session,invalid/empty/oversize/unknown enum,각 invalid 제출,표준 field/path 오류·side effect 0,500/raw exception/부분 저장,Java25·적용 DB/Provider/Browser/Process 환경,Local/Remote·single/multi-instance 중 적용,source SHA·command·environment·start/end·exit code·pre/post state·report/artifact hash·sanitization,실패,f97655c1299936a1101bc3ec10239265ec3b502e,cpf-docs/evidence/qa/QA_PARALLEL_12WAY_QA-12B_R5_f97655c/db_review.md#data-lineage,공개 interface 외 기본 구현·저장소·Consumer·복구 경로가 확인되지 않았다,개발GPT 재개발 및 scenario 회귀 Test 후 QA 재검수,P04,Canonical Data·DB Schema·Migration·Runtime Query,04-00000602,P04-DATA-DATA-LINEAGE,P03,CPF-GATE-04,DATA-LINEAGE,예,QA-12B-1,미통과,"[DATA-LINEAGE] 입력·경계 오류의 precondition/steps/expected/failure criteria를 cpf-tools/db/cpf-db-lifecycle-contract.json;cpf-tools/db/vendor-pack-manifest.json;cpf-tools/db/vendor/{mariadb,postgresql,oracle};cpf-tools/scripts/initialize-cpf-database.ps1;cpf-tools/scripts/invoke-cpf-qa34-db-runtime-matrix.ps1;cpf-tools/scripts/verify-cpf-db-lifecycle-contract.py;cpf-starters/data/persistence-jdbc;cpf-core/src/main/java/com/cpf/core/api/database와 대조했다. 실제 Acceptance 실패: 공개 interface 외 기본 구현·저장소·Consumer·복구 경로가 확인되지 않았다.",공개 interface 외 기본 구현·저장소·Consumer·복구 경로가 확인되지 않았다,미통과,cpf-docs/evidence/qa/QA_PARALLEL_12WAY_QA-12B_R5_f97655c/db_review.md#data-lineage
CPF-SC-000603,CPF-FR-003051,DATA-LINEAGE,P0,DATA,UNAUTHORIZED,[DATA-LINEAGE] 미인증·권한 부족,DB·Module Owner,최신 exact SHA; 권한 없는 principal,401/403 대상,UI 직접 URL/API/Method 호출,Server 거부·Audit·민감정보 0,버튼만 숨김/default allow,Java25·적용 DB/Provider/Browser/Process 환경,Local/Remote·single/multi-instance 중 적용,source SHA·command·environment·start/end·exit code·pre/post state·report/artifact hash·sanitization,실패,f97655c1299936a1101bc3ec10239265ec3b502e,cpf-docs/evidence/qa/QA_PARALLEL_12WAY_QA-12B_R5_f97655c/db_review.md#data-lineage,공개 interface 외 기본 구현·저장소·Consumer·복구 경로가 확인되지 않았다,개발GPT 재개발 및 scenario 회귀 Test 후 QA 재검수,P04,Canonical Data·DB Schema·Migration·Runtime Query,04-00000603,P04-DATA-DATA-LINEAGE,P03,CPF-GATE-04,DATA-LINEAGE,예,QA-12B-1,미통과,"[DATA-LINEAGE] 미인증·권한 부족의 precondition/steps/expected/failure criteria를 cpf-tools/db/cpf-db-lifecycle-contract.json;cpf-tools/db/vendor-pack-manifest.json;cpf-tools/db/vendor/{mariadb,postgresql,oracle};cpf-tools/scripts/initialize-cpf-database.ps1;cpf-tools/scripts/invoke-cpf-qa34-db-runtime-matrix.ps1;cpf-tools/scripts/verify-cpf-db-lifecycle-contract.py;cpf-starters/data/persistence-jdbc;cpf-core/src/main/java/com/cpf/core/api/database와 대조했다. 실제 Acceptance 실패: 공개 interface 외 기본 구현·저장소·Consumer·복구 경로가 확인되지 않았다.",공개 interface 외 기본 구현·저장소·Consumer·복구 경로가 확인되지 않았다,미통과,cpf-docs/evidence/qa/QA_PARALLEL_12WAY_QA-12B_R5_f97655c/db_review.md#data-lineage
CPF-SC-000604,CPF-FR-003051,DATA-LINEAGE,P0,DATA,CONFLICT,[DATA-LINEAGE] Version·Hash 충돌,DB·Module Owner,최신 exact SHA; 기존 version,stale expectedVersion/다른 hash,동시/재시도 요청,409·기존 결과 보존·lost update 0,후행 요청 덮어씀,Java25·적용 DB/Provider/Browser/Process 환경,Local/Remote·single/multi-instance 중 적용,source SHA·command·environment·start/end·exit code·pre/post state·report/artifact hash·sanitization,실패,f97655c1299936a1101bc3ec10239265ec3b502e,cpf-docs/evidence/qa/QA_PARALLEL_12WAY_QA-12B_R5_f97655c/db_review.md#data-lineage,공개 interface 외 기본 구현·저장소·Consumer·복구 경로가 확인되지 않았다,개발GPT 재개발 및 scenario 회귀 Test 후 QA 재검수,P04,Canonical Data·DB Schema·Migration·Runtime Query,04-00000604,P04-DATA-DATA-LINEAGE,P03,CPF-GATE-04,DATA-LINEAGE,예,QA-12B-1,미통과,"[DATA-LINEAGE] Version·Hash 충돌의 precondition/steps/expected/failure criteria를 cpf-tools/db/cpf-db-lifecycle-contract.json;cpf-tools/db/vendor-pack-manifest.json;cpf-tools/db/vendor/{mariadb,postgresql,oracle};cpf-tools/scripts/initialize-cpf-database.ps1;cpf-tools/scripts/invoke-cpf-qa34-db-runtime-matrix.ps1;cpf-tools/scripts/verify-cpf-db-lifecycle-contract.py;cpf-starters/data/persistence-jdbc;cpf-core/src/main/java/com/cpf/core/api/database와 대조했다. 실제 Acceptance 실패: 공개 interface 외 기본 구현·저장소·Consumer·복구 경로가 확인되지 않았다.",공개 interface 외 기본 구현·저장소·Consumer·복구 경로가 확인되지 않았다,미통과,cpf-docs/evidence/qa/QA_PARALLEL_12WAY_QA-12B_R5_f97655c/db_review.md#data-lineage
CPF-SC-000605,CPF-FR-003051,DATA-LINEAGE,P0,DATA,DUPLICATE,[DATA-LINEAGE] 중복 요청,DB·Module Owner,최신 exact SHA; 같은 operationId,동일/상이 payload,동시·순차 중복,"동일 replay, 다른 payload conflict",side effect 2회,Java25·적용 DB/Provider/Browser/Process 환경,Local/Remote·single/multi-instance 중 적용,source SHA·command·environment·start/end·exit code·pre/post state·report/artifact hash·sanitization,실패,f97655c1299936a1101bc3ec10239265ec3b502e,cpf-docs/evidence/qa/QA_PARALLEL_12WAY_QA-12B_R5_f97655c/db_review.md#data-lineage,공개 interface 외 기본 구현·저장소·Consumer·복구 경로가 확인되지 않았다,개발GPT 재개발 및 scenario 회귀 Test 후 QA 재검수,P04,Canonical Data·DB Schema·Migration·Runtime Query,04-00000605,P04-DATA-DATA-LINEAGE,P03,CPF-GATE-04,DATA-LINEAGE,예,QA-12B-1,미통과,"[DATA-LINEAGE] 중복 요청의 precondition/steps/expected/failure criteria를 cpf-tools/db/cpf-db-lifecycle-contract.json;cpf-tools/db/vendor-pack-manifest.json;cpf-tools/db/vendor/{mariadb,postgresql,oracle};cpf-tools/scripts/initialize-cpf-database.ps1;cpf-tools/scripts/invoke-cpf-qa34-db-runtime-matrix.ps1;cpf-tools/scripts/verify-cpf-db-lifecycle-contract.py;cpf-starters/data/persistence-jdbc;cpf-core/src/main/java/com/cpf/core/api/database와 대조했다. 실제 Acceptance 실패: 공개 interface 외 기본 구현·저장소·Consumer·복구 경로가 확인되지 않았다.",공개 interface 외 기본 구현·저장소·Consumer·복구 경로가 확인되지 않았다,미통과,cpf-docs/evidence/qa/QA_PARALLEL_12WAY_QA-12B_R5_f97655c/db_review.md#data-lineage
CPF-SC-000606,CPF-FR-003051,DATA-LINEAGE,P0,DATA,TIMEOUT_PRE,[DATA-LINEAGE] Side effect 전 Timeout,DB·Module Owner,최신 exact SHA; dependency delay,connect/header timeout,timeout 주입,retryable failure·side effect 0,UNKNOWN/성공 오인,Java25·적용 DB/Provider/Browser/Process 환경,Local/Remote·single/multi-instance 중 적용,source SHA·command·environment·start/end·exit code·pre/post state·report/artifact hash·sanitization,실패,f97655c1299936a1101bc3ec10239265ec3b502e,cpf-docs/evidence/qa/QA_PARALLEL_12WAY_QA-12B_R5_f97655c/db_review.md#data-lineage,공개 interface 외 기본 구현·저장소·Consumer·복구 경로가 확인되지 않았다,개발GPT 재개발 및 scenario 회귀 Test 후 QA 재검수,P04,Canonical Data·DB Schema·Migration·Runtime Query,04-00000606,P04-DATA-DATA-LINEAGE,P03,CPF-GATE-04,DATA-LINEAGE,예,QA-12B-1,미통과,"[DATA-LINEAGE] Side effect 전 Timeout의 precondition/steps/expected/failure criteria를 cpf-tools/db/cpf-db-lifecycle-contract.json;cpf-tools/db/vendor-pack-manifest.json;cpf-tools/db/vendor/{mariadb,postgresql,oracle};cpf-tools/scripts/initialize-cpf-database.ps1;cpf-tools/scripts/invoke-cpf-qa34-db-runtime-matrix.ps1;cpf-tools/scripts/verify-cpf-db-lifecycle-contract.py;cpf-starters/data/persistence-jdbc;cpf-core/src/main/java/com/cpf/core/api/database와 대조했다. 실제 Acceptance 실패: 공개 interface 외 기본 구현·저장소·Consumer·복구 경로가 확인되지 않았다.",공개 interface 외 기본 구현·저장소·Consumer·복구 경로가 확인되지 않았다,미통과,cpf-docs/evidence/qa/QA_PARALLEL_12WAY_QA-12B_R5_f97655c/db_review.md#data-lineage
CPF-SC-000607,CPF-FR-003051,DATA-LINEAGE,P0,DATA,RESPONSE_LOSS,[DATA-LINEAGE] Side effect 후 응답 유실,DB·Module Owner,최신 exact SHA; Owner commit,commit 후 reset,응답 차단,UNKNOWN·blind retry 금지·reconcile,자동 실패/무조건 retry,Java25·적용 DB/Provider/Browser/Process 환경,Local/Remote·single/multi-instance 중 적용,source SHA·command·environment·start/end·exit code·pre/post state·report/artifact hash·sanitization,실패,f97655c1299936a1101bc3ec10239265ec3b502e,cpf-docs/evidence/qa/QA_PARALLEL_12WAY_QA-12B_R5_f97655c/db_review.md#data-lineage,공개 interface 외 기본 구현·저장소·Consumer·복구 경로가 확인되지 않았다,개발GPT 재개발 및 scenario 회귀 Test 후 QA 재검수,P04,Canonical Data·DB Schema·Migration·Runtime Query,04-00000607,P04-DATA-DATA-LINEAGE,P03,CPF-GATE-04,DATA-LINEAGE,예,QA-12B-1,미통과,"[DATA-LINEAGE] Side effect 후 응답 유실의 precondition/steps/expected/failure criteria를 cpf-tools/db/cpf-db-lifecycle-contract.json;cpf-tools/db/vendor-pack-manifest.json;cpf-tools/db/vendor/{mariadb,postgresql,oracle};cpf-tools/scripts/initialize-cpf-database.ps1;cpf-tools/scripts/invoke-cpf-qa34-db-runtime-matrix.ps1;cpf-tools/scripts/verify-cpf-db-lifecycle-contract.py;cpf-starters/data/persistence-jdbc;cpf-core/src/main/java/com/cpf/core/api/database와 대조했다. 실제 Acceptance 실패: 공개 interface 외 기본 구현·저장소·Consumer·복구 경로가 확인되지 않았다.",공개 interface 외 기본 구현·저장소·Consumer·복구 경로가 확인되지 않았다,미통과,cpf-docs/evidence/qa/QA_PARALLEL_12WAY_QA-12B_R5_f97655c/db_review.md#data-lineage
CPF-SC-000608,CPF-FR-003051,DATA-LINEAGE,P0,DATA,PARTIAL,[DATA-LINEAGE] 부분 실패,DB·Module Owner,최신 exact SHA; 다중 대상/항목,일부 target failure,group 실행,개별 성공/실패/unknown 보존,전체 성공/실패로 축약,Java25·적용 DB/Provider/Browser/Process 환경,Local/Remote·single/multi-instance 중 적용,source SHA·command·environment·start/end·exit code·pre/post state·report/artifact hash·sanitization,실패,f97655c1299936a1101bc3ec10239265ec3b502e,cpf-docs/evidence/qa/QA_PARALLEL_12WAY_QA-12B_R5_f97655c/db_review.md#data-lineage,공개 interface 외 기본 구현·저장소·Consumer·복구 경로가 확인되지 않았다,개발GPT 재개발 및 scenario 회귀 Test 후 QA 재검수,P04,Canonical Data·DB Schema·Migration·Runtime Query,04-00000608,P04-DATA-DATA-LINEAGE,P03,CPF-GATE-04,DATA-LINEAGE,예,QA-12B-1,미통과,"[DATA-LINEAGE] 부분 실패의 precondition/steps/expected/failure criteria를 cpf-tools/db/cpf-db-lifecycle-contract.json;cpf-tools/db/vendor-pack-manifest.json;cpf-tools/db/vendor/{mariadb,postgresql,oracle};cpf-tools/scripts/initialize-cpf-database.ps1;cpf-tools/scripts/invoke-cpf-qa34-db-runtime-matrix.ps1;cpf-tools/scripts/verify-cpf-db-lifecycle-contract.py;cpf-starters/data/persistence-jdbc;cpf-core/src/main/java/com/cpf/core/api/database와 대조했다. 실제 Acceptance 실패: 공개 interface 외 기본 구현·저장소·Consumer·복구 경로가 확인되지 않았다.",공개 interface 외 기본 구현·저장소·Consumer·복구 경로가 확인되지 않았다,미통과,cpf-docs/evidence/qa/QA_PARALLEL_12WAY_QA-12B_R5_f97655c/db_review.md#data-lineage
CPF-SC-000609,CPF-FR-003051,DATA-LINEAGE,P0,DATA,PROCESS_KILL,[DATA-LINEAGE] Process Kill·Restart,DB·Module Owner,최신 exact SHA; durable state,worker kill,claim/apply 후 종료·재기동,lease 회수·stale fencing·복구,고아 상태·중복,Java25·적용 DB/Provider/Browser/Process 환경,Local/Remote·single/multi-instance 중 적용,source SHA·command·environment·start/end·exit code·pre/post state·report/artifact hash·sanitization,실패,f97655c1299936a1101bc3ec10239265ec3b502e,cpf-docs/evidence/qa/QA_PARALLEL_12WAY_QA-12B_R5_f97655c/db_review.md#data-lineage,공개 interface 외 기본 구현·저장소·Consumer·복구 경로가 확인되지 않았다,개발GPT 재개발 및 scenario 회귀 Test 후 QA 재검수,P04,Canonical Data·DB Schema·Migration·Runtime Query,04-00000609,P04-DATA-DATA-LINEAGE,P03,CPF-GATE-04,DATA-LINEAGE,예,QA-12B-1,미통과,"[DATA-LINEAGE] Process Kill·Restart의 precondition/steps/expected/failure criteria를 cpf-tools/db/cpf-db-lifecycle-contract.json;cpf-tools/db/vendor-pack-manifest.json;cpf-tools/db/vendor/{mariadb,postgresql,oracle};cpf-tools/scripts/initialize-cpf-database.ps1;cpf-tools/scripts/invoke-cpf-qa34-db-runtime-matrix.ps1;cpf-tools/scripts/verify-cpf-db-lifecycle-contract.py;cpf-starters/data/persistence-jdbc;cpf-core/src/main/java/com/cpf/core/api/database와 대조했다. 실제 Acceptance 실패: 공개 interface 외 기본 구현·저장소·Consumer·복구 경로가 확인되지 않았다.",공개 interface 외 기본 구현·저장소·Consumer·복구 경로가 확인되지 않았다,미통과,cpf-docs/evidence/qa/QA_PARALLEL_12WAY_QA-12B_R5_f97655c/db_review.md#data-lineage
CPF-SC-000610,CPF-FR-003051,DATA-LINEAGE,P0,DATA,MULTI_INSTANCE,[DATA-LINEAGE] 다중 Instance,DB·Module Owner,최신 exact SHA; 2개 이상,공유 DB/queue,동시 처리·failover·rejoin,version/state 일치·중복 0,local state 의존,Java25·적용 DB/Provider/Browser/Process 환경,Local/Remote·single/multi-instance 중 적용,source SHA·command·environment·start/end·exit code·pre/post state·report/artifact hash·sanitization,실패,f97655c1299936a1101bc3ec10239265ec3b502e,cpf-docs/evidence/qa/QA_PARALLEL_12WAY_QA-12B_R5_f97655c/db_review.md#data-lineage,공개 interface 외 기본 구현·저장소·Consumer·복구 경로가 확인되지 않았다,개발GPT 재개발 및 scenario 회귀 Test 후 QA 재검수,P04,Canonical Data·DB Schema·Migration·Runtime Query,04-00000610,P04-DATA-DATA-LINEAGE,P03,CPF-GATE-04,DATA-LINEAGE,예,QA-12B-1,미통과,"[DATA-LINEAGE] 다중 Instance의 precondition/steps/expected/failure criteria를 cpf-tools/db/cpf-db-lifecycle-contract.json;cpf-tools/db/vendor-pack-manifest.json;cpf-tools/db/vendor/{mariadb,postgresql,oracle};cpf-tools/scripts/initialize-cpf-database.ps1;cpf-tools/scripts/invoke-cpf-qa34-db-runtime-matrix.ps1;cpf-tools/scripts/verify-cpf-db-lifecycle-contract.py;cpf-starters/data/persistence-jdbc;cpf-core/src/main/java/com/cpf/core/api/database와 대조했다. 실제 Acceptance 실패: 공개 interface 외 기본 구현·저장소·Consumer·복구 경로가 확인되지 않았다.",공개 interface 외 기본 구현·저장소·Consumer·복구 경로가 확인되지 않았다,미통과,cpf-docs/evidence/qa/QA_PARALLEL_12WAY_QA-12B_R5_f97655c/db_review.md#data-lineage
CPF-SC-000611,CPF-FR-003051,DATA-LINEAGE,P0,DATA,ROLLBACK,[DATA-LINEAGE] Rollback/Forward Recovery,DB·Module Owner,최신 exact SHA; 변경 전 snapshot,적용 후 결함,rollback/forward fix,데이터 보존·actual 일치·audit,부분 rollback·drift,Java25·적용 DB/Provider/Browser/Process 환경,Local/Remote·single/multi-instance 중 적용,source SHA·command·environment·start/end·exit code·pre/post state·report/artifact hash·sanitization,실패,f97655c1299936a1101bc3ec10239265ec3b502e,cpf-docs/evidence/qa/QA_PARALLEL_12WAY_QA-12B_R5_f97655c/db_review.md#data-lineage,공개 interface 외 기본 구현·저장소·Consumer·복구 경로가 확인되지 않았다,개발GPT 재개발 및 scenario 회귀 Test 후 QA 재검수,P04,Canonical Data·DB Schema·Migration·Runtime Query,04-00000611,P04-DATA-DATA-LINEAGE,P03,CPF-GATE-04,DATA-LINEAGE,예,QA-12B-1,미통과,"[DATA-LINEAGE] Rollback/Forward Recovery의 precondition/steps/expected/failure criteria를 cpf-tools/db/cpf-db-lifecycle-contract.json;cpf-tools/db/vendor-pack-manifest.json;cpf-tools/db/vendor/{mariadb,postgresql,oracle};cpf-tools/scripts/initialize-cpf-database.ps1;cpf-tools/scripts/invoke-cpf-qa34-db-runtime-matrix.ps1;cpf-tools/scripts/verify-cpf-db-lifecycle-contract.py;cpf-starters/data/persistence-jdbc;cpf-core/src/main/java/com/cpf/core/api/database와 대조했다. 실제 Acceptance 실패: 공개 interface 외 기본 구현·저장소·Consumer·복구 경로가 확인되지 않았다.",공개 interface 외 기본 구현·저장소·Consumer·복구 경로가 확인되지 않았다,미통과,cpf-docs/evidence/qa/QA_PARALLEL_12WAY_QA-12B_R5_f97655c/db_review.md#data-lineage
CPF-SC-000612,CPF-FR-003051,DATA-LINEAGE,P0,DATA,SECURITY_LEAK,[DATA-LINEAGE] 민감정보 누출,DB·Module Owner,최신 exact SHA; PII/Secret fixture,오류·Log·UI·Download,정상/실패 실행,원문 0 또는 승인 범위,Log/DOM/Storage/Evidence 원문,Java25·적용 DB/Provider/Browser/Process 환경,Local/Remote·single/multi-instance 중 적용,source SHA·command·environment·start/end·exit code·pre/post state·report/artifact hash·sanitization,실패,f97655c1299936a1101bc3ec10239265ec3b502e,cpf-docs/evidence/qa/QA_PARALLEL_12WAY_QA-12B_R5_f97655c/db_review.md#data-lineage,공개 interface 외 기본 구현·저장소·Consumer·복구 경로가 확인되지 않았다,개발GPT 재개발 및 scenario 회귀 Test 후 QA 재검수,P04,Canonical Data·DB Schema·Migration·Runtime Query,04-00000612,P04-DATA-DATA-LINEAGE,P03,CPF-GATE-04,DATA-LINEAGE,예,QA-12B-1,미통과,"[DATA-LINEAGE] 민감정보 누출의 precondition/steps/expected/failure criteria를 cpf-tools/db/cpf-db-lifecycle-contract.json;cpf-tools/db/vendor-pack-manifest.json;cpf-tools/db/vendor/{mariadb,postgresql,oracle};cpf-tools/scripts/initialize-cpf-database.ps1;cpf-tools/scripts/invoke-cpf-qa34-db-runtime-matrix.ps1;cpf-tools/scripts/verify-cpf-db-lifecycle-contract.py;cpf-starters/data/persistence-jdbc;cpf-core/src/main/java/com/cpf/core/api/database와 대조했다. 실제 Acceptance 실패: 공개 interface 외 기본 구현·저장소·Consumer·복구 경로가 확인되지 않았다.",공개 interface 외 기본 구현·저장소·Consumer·복구 경로가 확인되지 않았다,미통과,cpf-docs/evidence/qa/QA_PARALLEL_12WAY_QA-12B_R5_f97655c/db_review.md#data-lineage
CPF-SC-000613,CPF-FR-003112,DATA-RETENTION,P0,DATA,POSITIVE,[DATA-RETENTION] 정상 수직 흐름,DB·Module Owner,최신 exact SHA; 유효 입력과 권한,정상 데이터,요청→검증→처리→저장/전달→응답→감사,정상 상태·side effect·tracking 일치,Mock-only 또는 Consumer 미호출,Java25·적용 DB/Provider/Browser/Process 환경,Local/Remote·single/multi-instance 중 적용,source SHA·command·environment·start/end·exit code·pre/post state·report/artifact hash·sanitization,실패,f97655c1299936a1101bc3ec10239265ec3b502e,cpf-docs/evidence/qa/QA_PARALLEL_12WAY_QA-12B_R5_f97655c/db_review.md#data-retention,공개 interface 외 기본 구현·저장소·Consumer·복구 경로가 확인되지 않았다,개발GPT 재개발 및 scenario 회귀 Test 후 QA 재검수,P04,Canonical Data·DB Schema·Migration·Runtime Query,04-00000613,P04-DATA-DATA-RETENTION,P03,CPF-GATE-04,DATA-RETENTION,예,QA-12B-1,미통과,"[DATA-RETENTION] 정상 수직 흐름의 precondition/steps/expected/failure criteria를 cpf-tools/db/cpf-db-lifecycle-contract.json;cpf-tools/db/vendor-pack-manifest.json;cpf-tools/db/vendor/{mariadb,postgresql,oracle};cpf-tools/scripts/initialize-cpf-database.ps1;cpf-tools/scripts/invoke-cpf-qa34-db-runtime-matrix.ps1;cpf-tools/scripts/verify-cpf-db-lifecycle-contract.py;cpf-starters/data/persistence-jdbc;cpf-core/src/main/java/com/cpf/core/api/database와 대조했다. 실제 Acceptance 실패: 공개 interface 외 기본 구현·저장소·Consumer·복구 경로가 확인되지 않았다.",공개 interface 외 기본 구현·저장소·Consumer·복구 경로가 확인되지 않았다,미통과,cpf-docs/evidence/qa/QA_PARALLEL_12WAY_QA-12B_R5_f97655c/db_review.md#data-retention
CPF-SC-000614,CPF-FR-003112,DATA-RETENTION,P0,DATA,INVALID,[DATA-RETENTION] 입력·경계 오류,DB·Module Owner,최신 exact SHA; 유효 Session,invalid/empty/oversize/unknown enum,각 invalid 제출,표준 field/path 오류·side effect 0,500/raw exception/부분 저장,Java25·적용 DB/Provider/Browser/Process 환경,Local/Remote·single/multi-instance 중 적용,source SHA·command·environment·start/end·exit code·pre/post state·report/artifact hash·sanitization,실패,f97655c1299936a1101bc3ec10239265ec3b502e,cpf-docs/evidence/qa/QA_PARALLEL_12WAY_QA-12B_R5_f97655c/db_review.md#data-retention,공개 interface 외 기본 구현·저장소·Consumer·복구 경로가 확인되지 않았다,개발GPT 재개발 및 scenario 회귀 Test 후 QA 재검수,P04,Canonical Data·DB Schema·Migration·Runtime Query,04-00000614,P04-DATA-DATA-RETENTION,P03,CPF-GATE-04,DATA-RETENTION,예,QA-12B-1,미통과,"[DATA-RETENTION] 입력·경계 오류의 precondition/steps/expected/failure criteria를 cpf-tools/db/cpf-db-lifecycle-contract.json;cpf-tools/db/vendor-pack-manifest.json;cpf-tools/db/vendor/{mariadb,postgresql,oracle};cpf-tools/scripts/initialize-cpf-database.ps1;cpf-tools/scripts/invoke-cpf-qa34-db-runtime-matrix.ps1;cpf-tools/scripts/verify-cpf-db-lifecycle-contract.py;cpf-starters/data/persistence-jdbc;cpf-core/src/main/java/com/cpf/core/api/database와 대조했다. 실제 Acceptance 실패: 공개 interface 외 기본 구현·저장소·Consumer·복구 경로가 확인되지 않았다.",공개 interface 외 기본 구현·저장소·Consumer·복구 경로가 확인되지 않았다,미통과,cpf-docs/evidence/qa/QA_PARALLEL_12WAY_QA-12B_R5_f97655c/db_review.md#data-retention
CPF-SC-000615,CPF-FR-003112,DATA-RETENTION,P0,DATA,UNAUTHORIZED,[DATA-RETENTION] 미인증·권한 부족,DB·Module Owner,최신 exact SHA; 권한 없는 principal,401/403 대상,UI 직접 URL/API/Method 호출,Server 거부·Audit·민감정보 0,버튼만 숨김/default allow,Java25·적용 DB/Provider/Browser/Process 환경,Local/Remote·single/multi-instance 중 적용,source SHA·command·environment·start/end·exit code·pre/post state·report/artifact hash·sanitization,실패,f97655c1299936a1101bc3ec10239265ec3b502e,cpf-docs/evidence/qa/QA_PARALLEL_12WAY_QA-12B_R5_f97655c/db_review.md#data-retention,공개 interface 외 기본 구현·저장소·Consumer·복구 경로가 확인되지 않았다,개발GPT 재개발 및 scenario 회귀 Test 후 QA 재검수,P04,Canonical Data·DB Schema·Migration·Runtime Query,04-00000615,P04-DATA-DATA-RETENTION,P03,CPF-GATE-04,DATA-RETENTION,예,QA-12B-1,미통과,"[DATA-RETENTION] 미인증·권한 부족의 precondition/steps/expected/failure criteria를 cpf-tools/db/cpf-db-lifecycle-contract.json;cpf-tools/db/vendor-pack-manifest.json;cpf-tools/db/vendor/{mariadb,postgresql,oracle};cpf-tools/scripts/initialize-cpf-database.ps1;cpf-tools/scripts/invoke-cpf-qa34-db-runtime-matrix.ps1;cpf-tools/scripts/verify-cpf-db-lifecycle-contract.py;cpf-starters/data/persistence-jdbc;cpf-core/src/main/java/com/cpf/core/api/database와 대조했다. 실제 Acceptance 실패: 공개 interface 외 기본 구현·저장소·Consumer·복구 경로가 확인되지 않았다.",공개 interface 외 기본 구현·저장소·Consumer·복구 경로가 확인되지 않았다,미통과,cpf-docs/evidence/qa/QA_PARALLEL_12WAY_QA-12B_R5_f97655c/db_review.md#data-retention
CPF-SC-000616,CPF-FR-003112,DATA-RETENTION,P0,DATA,CONFLICT,[DATA-RETENTION] Version·Hash 충돌,DB·Module Owner,최신 exact SHA; 기존 version,stale expectedVersion/다른 hash,동시/재시도 요청,409·기존 결과 보존·lost update 0,후행 요청 덮어씀,Java25·적용 DB/Provider/Browser/Process 환경,Local/Remote·single/multi-instance 중 적용,source SHA·command·environment·start/end·exit code·pre/post state·report/artifact hash·sanitization,실패,f97655c1299936a1101bc3ec10239265ec3b502e,cpf-docs/evidence/qa/QA_PARALLEL_12WAY_QA-12B_R5_f97655c/db_review.md#data-retention,공개 interface 외 기본 구현·저장소·Consumer·복구 경로가 확인되지 않았다,개발GPT 재개발 및 scenario 회귀 Test 후 QA 재검수,P04,Canonical Data·DB Schema·Migration·Runtime Query,04-00000616,P04-DATA-DATA-RETENTION,P03,CPF-GATE-04,DATA-RETENTION,예,QA-12B-1,미통과,"[DATA-RETENTION] Version·Hash 충돌의 precondition/steps/expected/failure criteria를 cpf-tools/db/cpf-db-lifecycle-contract.json;cpf-tools/db/vendor-pack-manifest.json;cpf-tools/db/vendor/{mariadb,postgresql,oracle};cpf-tools/scripts/initialize-cpf-database.ps1;cpf-tools/scripts/invoke-cpf-qa34-db-runtime-matrix.ps1;cpf-tools/scripts/verify-cpf-db-lifecycle-contract.py;cpf-starters/data/persistence-jdbc;cpf-core/src/main/java/com/cpf/core/api/database와 대조했다. 실제 Acceptance 실패: 공개 interface 외 기본 구현·저장소·Consumer·복구 경로가 확인되지 않았다.",공개 interface 외 기본 구현·저장소·Consumer·복구 경로가 확인되지 않았다,미통과,cpf-docs/evidence/qa/QA_PARALLEL_12WAY_QA-12B_R5_f97655c/db_review.md#data-retention
CPF-SC-000617,CPF-FR-003112,DATA-RETENTION,P0,DATA,DUPLICATE,[DATA-RETENTION] 중복 요청,DB·Module Owner,최신 exact SHA; 같은 operationId,동일/상이 payload,동시·순차 중복,"동일 replay, 다른 payload conflict",side effect 2회,Java25·적용 DB/Provider/Browser/Process 환경,Local/Remote·single/multi-instance 중 적용,source SHA·command·environment·start/end·exit code·pre/post state·report/artifact hash·sanitization,실패,f97655c1299936a1101bc3ec10239265ec3b502e,cpf-docs/evidence/qa/QA_PARALLEL_12WAY_QA-12B_R5_f97655c/db_review.md#data-retention,공개 interface 외 기본 구현·저장소·Consumer·복구 경로가 확인되지 않았다,개발GPT 재개발 및 scenario 회귀 Test 후 QA 재검수,P04,Canonical Data·DB Schema·Migration·Runtime Query,04-00000617,P04-DATA-DATA-RETENTION,P03,CPF-GATE-04,DATA-RETENTION,예,QA-12B-1,미통과,"[DATA-RETENTION] 중복 요청의 precondition/steps/expected/failure criteria를 cpf-tools/db/cpf-db-lifecycle-contract.json;cpf-tools/db/vendor-pack-manifest.json;cpf-tools/db/vendor/{mariadb,postgresql,oracle};cpf-tools/scripts/initialize-cpf-database.ps1;cpf-tools/scripts/invoke-cpf-qa34-db-runtime-matrix.ps1;cpf-tools/scripts/verify-cpf-db-lifecycle-contract.py;cpf-starters/data/persistence-jdbc;cpf-core/src/main/java/com/cpf/core/api/database와 대조했다. 실제 Acceptance 실패: 공개 interface 외 기본 구현·저장소·Consumer·복구 경로가 확인되지 않았다.",공개 interface 외 기본 구현·저장소·Consumer·복구 경로가 확인되지 않았다,미통과,cpf-docs/evidence/qa/QA_PARALLEL_12WAY_QA-12B_R5_f97655c/db_review.md#data-retention
CPF-SC-000618,CPF-FR-003112,DATA-RETENTION,P0,DATA,TIMEOUT_PRE,[DATA-RETENTION] Side effect 전 Timeout,DB·Module Owner,최신 exact SHA; dependency delay,connect/header timeout,timeout 주입,retryable failure·side effect 0,UNKNOWN/성공 오인,Java25·적용 DB/Provider/Browser/Process 환경,Local/Remote·single/multi-instance 중 적용,source SHA·command·environment·start/end·exit code·pre/post state·report/artifact hash·sanitization,실패,f97655c1299936a1101bc3ec10239265ec3b502e,cpf-docs/evidence/qa/QA_PARALLEL_12WAY_QA-12B_R5_f97655c/db_review.md#data-retention,공개 interface 외 기본 구현·저장소·Consumer·복구 경로가 확인되지 않았다,개발GPT 재개발 및 scenario 회귀 Test 후 QA 재검수,P04,Canonical Data·DB Schema·Migration·Runtime Query,04-00000618,P04-DATA-DATA-RETENTION,P03,CPF-GATE-04,DATA-RETENTION,예,QA-12B-1,미통과,"[DATA-RETENTION] Side effect 전 Timeout의 precondition/steps/expected/failure criteria를 cpf-tools/db/cpf-db-lifecycle-contract.json;cpf-tools/db/vendor-pack-manifest.json;cpf-tools/db/vendor/{mariadb,postgresql,oracle};cpf-tools/scripts/initialize-cpf-database.ps1;cpf-tools/scripts/invoke-cpf-qa34-db-runtime-matrix.ps1;cpf-tools/scripts/verify-cpf-db-lifecycle-contract.py;cpf-starters/data/persistence-jdbc;cpf-core/src/main/java/com/cpf/core/api/database와 대조했다. 실제 Acceptance 실패: 공개 interface 외 기본 구현·저장소·Consumer·복구 경로가 확인되지 않았다.",공개 interface 외 기본 구현·저장소·Consumer·복구 경로가 확인되지 않았다,미통과,cpf-docs/evidence/qa/QA_PARALLEL_12WAY_QA-12B_R5_f97655c/db_review.md#data-retention
CPF-SC-000619,CPF-FR-003112,DATA-RETENTION,P0,DATA,RESPONSE_LOSS,[DATA-RETENTION] Side effect 후 응답 유실,DB·Module Owner,최신 exact SHA; Owner commit,commit 후 reset,응답 차단,UNKNOWN·blind retry 금지·reconcile,자동 실패/무조건 retry,Java25·적용 DB/Provider/Browser/Process 환경,Local/Remote·single/multi-instance 중 적용,source SHA·command·environment·start/end·exit code·pre/post state·report/artifact hash·sanitization,실패,f97655c1299936a1101bc3ec10239265ec3b502e,cpf-docs/evidence/qa/QA_PARALLEL_12WAY_QA-12B_R5_f97655c/db_review.md#data-retention,공개 interface 외 기본 구현·저장소·Consumer·복구 경로가 확인되지 않았다,개발GPT 재개발 및 scenario 회귀 Test 후 QA 재검수,P04,Canonical Data·DB Schema·Migration·Runtime Query,04-00000619,P04-DATA-DATA-RETENTION,P03,CPF-GATE-04,DATA-RETENTION,예,QA-12B-1,미통과,"[DATA-RETENTION] Side effect 후 응답 유실의 precondition/steps/expected/failure criteria를 cpf-tools/db/cpf-db-lifecycle-contract.json;cpf-tools/db/vendor-pack-manifest.json;cpf-tools/db/vendor/{mariadb,postgresql,oracle};cpf-tools/scripts/initialize-cpf-database.ps1;cpf-tools/scripts/invoke-cpf-qa34-db-runtime-matrix.ps1;cpf-tools/scripts/verify-cpf-db-lifecycle-contract.py;cpf-starters/data/persistence-jdbc;cpf-core/src/main/java/com/cpf/core/api/database와 대조했다. 실제 Acceptance 실패: 공개 interface 외 기본 구현·저장소·Consumer·복구 경로가 확인되지 않았다.",공개 interface 외 기본 구현·저장소·Consumer·복구 경로가 확인되지 않았다,미통과,cpf-docs/evidence/qa/QA_PARALLEL_12WAY_QA-12B_R5_f97655c/db_review.md#data-retention
CPF-SC-000620,CPF-FR-003112,DATA-RETENTION,P0,DATA,PARTIAL,[DATA-RETENTION] 부분 실패,DB·Module Owner,최신 exact SHA; 다중 대상/항목,일부 target failure,group 실행,개별 성공/실패/unknown 보존,전체 성공/실패로 축약,Java25·적용 DB/Provider/Browser/Process 환경,Local/Remote·single/multi-instance 중 적용,source SHA·command·environment·start/end·exit code·pre/post state·report/artifact hash·sanitization,실패,f97655c1299936a1101bc3ec10239265ec3b502e,cpf-docs/evidence/qa/QA_PARALLEL_12WAY_QA-12B_R5_f97655c/db_review.md#data-retention,공개 interface 외 기본 구현·저장소·Consumer·복구 경로가 확인되지 않았다,개발GPT 재개발 및 scenario 회귀 Test 후 QA 재검수,P04,Canonical Data·DB Schema·Migration·Runtime Query,04-00000620,P04-DATA-DATA-RETENTION,P03,CPF-GATE-04,DATA-RETENTION,예,QA-12B-1,미통과,"[DATA-RETENTION] 부분 실패의 precondition/steps/expected/failure criteria를 cpf-tools/db/cpf-db-lifecycle-contract.json;cpf-tools/db/vendor-pack-manifest.json;cpf-tools/db/vendor/{mariadb,postgresql,oracle};cpf-tools/scripts/initialize-cpf-database.ps1;cpf-tools/scripts/invoke-cpf-qa34-db-runtime-matrix.ps1;cpf-tools/scripts/verify-cpf-db-lifecycle-contract.py;cpf-starters/data/persistence-jdbc;cpf-core/src/main/java/com/cpf/core/api/database와 대조했다. 실제 Acceptance 실패: 공개 interface 외 기본 구현·저장소·Consumer·복구 경로가 확인되지 않았다.",공개 interface 외 기본 구현·저장소·Consumer·복구 경로가 확인되지 않았다,미통과,cpf-docs/evidence/qa/QA_PARALLEL_12WAY_QA-12B_R5_f97655c/db_review.md#data-retention
CPF-SC-000621,CPF-FR-003112,DATA-RETENTION,P0,DATA,PROCESS_KILL,[DATA-RETENTION] Process Kill·Restart,DB·Module Owner,최신 exact SHA; durable state,worker kill,claim/apply 후 종료·재기동,lease 회수·stale fencing·복구,고아 상태·중복,Java25·적용 DB/Provider/Browser/Process 환경,Local/Remote·single/multi-instance 중 적용,source SHA·command·environment·start/end·exit code·pre/post state·report/artifact hash·sanitization,실패,f97655c1299936a1101bc3ec10239265ec3b502e,cpf-docs/evidence/qa/QA_PARALLEL_12WAY_QA-12B_R5_f97655c/db_review.md#data-retention,공개 interface 외 기본 구현·저장소·Consumer·복구 경로가 확인되지 않았다,개발GPT 재개발 및 scenario 회귀 Test 후 QA 재검수,P04,Canonical Data·DB Schema·Migration·Runtime Query,04-00000621,P04-DATA-DATA-RETENTION,P03,CPF-GATE-04,DATA-RETENTION,예,QA-12B-1,미통과,"[DATA-RETENTION] Process Kill·Restart의 precondition/steps/expected/failure criteria를 cpf-tools/db/cpf-db-lifecycle-contract.json;cpf-tools/db/vendor-pack-manifest.json;cpf-tools/db/vendor/{mariadb,postgresql,oracle};cpf-tools/scripts/initialize-cpf-database.ps1;cpf-tools/scripts/invoke-cpf-qa34-db-runtime-matrix.ps1;cpf-tools/scripts/verify-cpf-db-lifecycle-contract.py;cpf-starters/data/persistence-jdbc;cpf-core/src/main/java/com/cpf/core/api/database와 대조했다. 실제 Acceptance 실패: 공개 interface 외 기본 구현·저장소·Consumer·복구 경로가 확인되지 않았다.",공개 interface 외 기본 구현·저장소·Consumer·복구 경로가 확인되지 않았다,미통과,cpf-docs/evidence/qa/QA_PARALLEL_12WAY_QA-12B_R5_f97655c/db_review.md#data-retention
CPF-SC-000622,CPF-FR-003112,DATA-RETENTION,P0,DATA,MULTI_INSTANCE,[DATA-RETENTION] 다중 Instance,DB·Module Owner,최신 exact SHA; 2개 이상,공유 DB/queue,동시 처리·failover·rejoin,version/state 일치·중복 0,local state 의존,Java25·적용 DB/Provider/Browser/Process 환경,Local/Remote·single/multi-instance 중 적용,source SHA·command·environment·start/end·exit code·pre/post state·report/artifact hash·sanitization,실패,f97655c1299936a1101bc3ec10239265ec3b502e,cpf-docs/evidence/qa/QA_PARALLEL_12WAY_QA-12B_R5_f97655c/db_review.md#data-retention,공개 interface 외 기본 구현·저장소·Consumer·복구 경로가 확인되지 않았다,개발GPT 재개발 및 scenario 회귀 Test 후 QA 재검수,P04,Canonical Data·DB Schema·Migration·Runtime Query,04-00000622,P04-DATA-DATA-RETENTION,P03,CPF-GATE-04,DATA-RETENTION,예,QA-12B-1,미통과,"[DATA-RETENTION] 다중 Instance의 precondition/steps/expected/failure criteria를 cpf-tools/db/cpf-db-lifecycle-contract.json;cpf-tools/db/vendor-pack-manifest.json;cpf-tools/db/vendor/{mariadb,postgresql,oracle};cpf-tools/scripts/initialize-cpf-database.ps1;cpf-tools/scripts/invoke-cpf-qa34-db-runtime-matrix.ps1;cpf-tools/scripts/verify-cpf-db-lifecycle-contract.py;cpf-starters/data/persistence-jdbc;cpf-core/src/main/java/com/cpf/core/api/database와 대조했다. 실제 Acceptance 실패: 공개 interface 외 기본 구현·저장소·Consumer·복구 경로가 확인되지 않았다.",공개 interface 외 기본 구현·저장소·Consumer·복구 경로가 확인되지 않았다,미통과,cpf-docs/evidence/qa/QA_PARALLEL_12WAY_QA-12B_R5_f97655c/db_review.md#data-retention
CPF-SC-000623,CPF-FR-003112,DATA-RETENTION,P0,DATA,ROLLBACK,[DATA-RETENTION] Rollback/Forward Recovery,DB·Module Owner,최신 exact SHA; 변경 전 snapshot,적용 후 결함,rollback/forward fix,데이터 보존·actual 일치·audit,부분 rollback·drift,Java25·적용 DB/Provider/Browser/Process 환경,Local/Remote·single/multi-instance 중 적용,source SHA·command·environment·start/end·exit code·pre/post state·report/artifact hash·sanitization,실패,f97655c1299936a1101bc3ec10239265ec3b502e,cpf-docs/evidence/qa/QA_PARALLEL_12WAY_QA-12B_R5_f97655c/db_review.md#data-retention,공개 interface 외 기본 구현·저장소·Consumer·복구 경로가 확인되지 않았다,개발GPT 재개발 및 scenario 회귀 Test 후 QA 재검수,P04,Canonical Data·DB Schema·Migration·Runtime Query,04-00000623,P04-DATA-DATA-RETENTION,P03,CPF-GATE-04,DATA-RETENTION,예,QA-12B-1,미통과,"[DATA-RETENTION] Rollback/Forward Recovery의 precondition/steps/expected/failure criteria를 cpf-tools/db/cpf-db-lifecycle-contract.json;cpf-tools/db/vendor-pack-manifest.json;cpf-tools/db/vendor/{mariadb,postgresql,oracle};cpf-tools/scripts/initialize-cpf-database.ps1;cpf-tools/scripts/invoke-cpf-qa34-db-runtime-matrix.ps1;cpf-tools/scripts/verify-cpf-db-lifecycle-contract.py;cpf-starters/data/persistence-jdbc;cpf-core/src/main/java/com/cpf/core/api/database와 대조했다. 실제 Acceptance 실패: 공개 interface 외 기본 구현·저장소·Consumer·복구 경로가 확인되지 않았다.",공개 interface 외 기본 구현·저장소·Consumer·복구 경로가 확인되지 않았다,미통과,cpf-docs/evidence/qa/QA_PARALLEL_12WAY_QA-12B_R5_f97655c/db_review.md#data-retention
CPF-SC-000624,CPF-FR-003112,DATA-RETENTION,P0,DATA,SECURITY_LEAK,[DATA-RETENTION] 민감정보 누출,DB·Module Owner,최신 exact SHA; PII/Secret fixture,오류·Log·UI·Download,정상/실패 실행,원문 0 또는 승인 범위,Log/DOM/Storage/Evidence 원문,Java25·적용 DB/Provider/Browser/Process 환경,Local/Remote·single/multi-instance 중 적용,source SHA·command·environment·start/end·exit code·pre/post state·report/artifact hash·sanitization,실패,f97655c1299936a1101bc3ec10239265ec3b502e,cpf-docs/evidence/qa/QA_PARALLEL_12WAY_QA-12B_R5_f97655c/db_review.md#data-retention,공개 interface 외 기본 구현·저장소·Consumer·복구 경로가 확인되지 않았다,개발GPT 재개발 및 scenario 회귀 Test 후 QA 재검수,P04,Canonical Data·DB Schema·Migration·Runtime Query,04-00000624,P04-DATA-DATA-RETENTION,P03,CPF-GATE-04,DATA-RETENTION,예,QA-12B-1,미통과,"[DATA-RETENTION] 민감정보 누출의 precondition/steps/expected/failure criteria를 cpf-tools/db/cpf-db-lifecycle-contract.json;cpf-tools/db/vendor-pack-manifest.json;cpf-tools/db/vendor/{mariadb,postgresql,oracle};cpf-tools/scripts/initialize-cpf-database.ps1;cpf-tools/scripts/invoke-cpf-qa34-db-runtime-matrix.ps1;cpf-tools/scripts/verify-cpf-db-lifecycle-contract.py;cpf-starters/data/persistence-jdbc;cpf-core/src/main/java/com/cpf/core/api/database와 대조했다. 실제 Acceptance 실패: 공개 interface 외 기본 구현·저장소·Consumer·복구 경로가 확인되지 않았다.",공개 interface 외 기본 구현·저장소·Consumer·복구 경로가 확인되지 않았다,미통과,cpf-docs/evidence/qa/QA_PARALLEL_12WAY_QA-12B_R5_f97655c/db_review.md#data-retention
CPF-SC-000625,CPF-FR-003173,GWY-ENTRY,P0,GATEWAY,POSITIVE,[GWY-ENTRY] 정상 수직 흐름,Gateway 운영자·개발자,최신 exact SHA; 유효 입력과 권한,정상 데이터,요청→검증→처리→저장/전달→응답→감사,정상 상태·side effect·tracking 일치,Mock-only 또는 Consumer 미호출,Java25·적용 DB/Provider/Browser/Process 환경,Local/Remote·single/multi-instance 중 적용,source SHA·command·environment·start/end·exit code·pre/post state·report/artifact hash·sanitization,미검증,f97655c1299936a1101bc3ec10239265ec3b502e,cpf-docs/evidence/qa/QA_PARALLEL_12WAY_QA-12B_R5_f97655c/gateway_review.md#gwy-entry,"Java25 Gateway 기동, 실제 upstream, 다중 인스턴스, DNS/SSRF, timeout/response-loss/failover Browser·Fault 실행은 최신 SHA에서 수행되지 않았다",목표 환경 scenario 실행 Evidence 반영 후 QA 재검수,P07,Gateway·Batch·Messaging·외부연계·운영 Runtime,07-00000625,P07-GATEWAY-GWY-ENTRY,P05;P06,CPF-GATE-07,GWY-ENTRY,예,QA-12B-1,,"[GWY-ENTRY] 정상 수직 흐름의 요구 경로에 대응하는 Source/contract/Test 후보는 확인했다. 그러나 Java25 Gateway 기동, 실제 upstream, 다중 인스턴스, DNS/SSRF, timeout/response-loss/failover Browser·Fault 실행은 최신 SHA에서 수행되지 않았다. 제품 실패로 단정하지 않고 환경차이 미검증으로 유지한다.",,검수 후 환경차이 미검증,cpf-docs/evidence/qa/QA_PARALLEL_12WAY_QA-12B_R5_f97655c/gateway_review.md#gwy-entry
CPF-SC-000626,CPF-FR-003173,GWY-ENTRY,P0,GATEWAY,INVALID,[GWY-ENTRY] 입력·경계 오류,Gateway 운영자·개발자,최신 exact SHA; 유효 Session,invalid/empty/oversize/unknown enum,각 invalid 제출,표준 field/path 오류·side effect 0,500/raw exception/부분 저장,Java25·적용 DB/Provider/Browser/Process 환경,Local/Remote·single/multi-instance 중 적용,source SHA·command·environment·start/end·exit code·pre/post state·report/artifact hash·sanitization,미검증,f97655c1299936a1101bc3ec10239265ec3b502e,cpf-docs/evidence/qa/QA_PARALLEL_12WAY_QA-12B_R5_f97655c/gateway_review.md#gwy-entry,"Java25 Gateway 기동, 실제 upstream, 다중 인스턴스, DNS/SSRF, timeout/response-loss/failover Browser·Fault 실행은 최신 SHA에서 수행되지 않았다",목표 환경 scenario 실행 Evidence 반영 후 QA 재검수,P07,Gateway·Batch·Messaging·외부연계·운영 Runtime,07-00000626,P07-GATEWAY-GWY-ENTRY,P05;P06,CPF-GATE-07,GWY-ENTRY,예,QA-12B-1,,"[GWY-ENTRY] 입력·경계 오류의 요구 경로에 대응하는 Source/contract/Test 후보는 확인했다. 그러나 Java25 Gateway 기동, 실제 upstream, 다중 인스턴스, DNS/SSRF, timeout/response-loss/failover Browser·Fault 실행은 최신 SHA에서 수행되지 않았다. 제품 실패로 단정하지 않고 환경차이 미검증으로 유지한다.",,검수 후 환경차이 미검증,cpf-docs/evidence/qa/QA_PARALLEL_12WAY_QA-12B_R5_f97655c/gateway_review.md#gwy-entry
CPF-SC-000627,CPF-FR-003173,GWY-ENTRY,P0,GATEWAY,UNAUTHORIZED,[GWY-ENTRY] 미인증·권한 부족,Gateway 운영자·개발자,최신 exact SHA; 권한 없는 principal,401/403 대상,UI 직접 URL/API/Method 호출,Server 거부·Audit·민감정보 0,버튼만 숨김/default allow,Java25·적용 DB/Provider/Browser/Process 환경,Local/Remote·single/multi-instance 중 적용,source SHA·command·environment·start/end·exit code·pre/post state·report/artifact hash·sanitization,미검증,f97655c1299936a1101bc3ec10239265ec3b502e,cpf-docs/evidence/qa/QA_PARALLEL_12WAY_QA-12B_R5_f97655c/gateway_review.md#gwy-entry,"Java25 Gateway 기동, 실제 upstream, 다중 인스턴스, DNS/SSRF, timeout/response-loss/failover Browser·Fault 실행은 최신 SHA에서 수행되지 않았다",목표 환경 scenario 실행 Evidence 반영 후 QA 재검수,P07,Gateway·Batch·Messaging·외부연계·운영 Runtime,07-00000627,P07-GATEWAY-GWY-ENTRY,P05;P06,CPF-GATE-07,GWY-ENTRY,예,QA-12B-1,,"[GWY-ENTRY] 미인증·권한 부족의 요구 경로에 대응하는 Source/contract/Test 후보는 확인했다. 그러나 Java25 Gateway 기동, 실제 upstream, 다중 인스턴스, DNS/SSRF, timeout/response-loss/failover Browser·Fault 실행은 최신 SHA에서 수행되지 않았다. 제품 실패로 단정하지 않고 환경차이 미검증으로 유지한다.",,검수 후 환경차이 미검증,cpf-docs/evidence/qa/QA_PARALLEL_12WAY_QA-12B_R5_f97655c/gateway_review.md#gwy-entry
CPF-SC-000628,CPF-FR-003173,GWY-ENTRY,P0,GATEWAY,CONFLICT,[GWY-ENTRY] Version·Hash 충돌,Gateway 운영자·개발자,최신 exact SHA; 기존 version,stale expectedVersion/다른 hash,동시/재시도 요청,409·기존 결과 보존·lost update 0,후행 요청 덮어씀,Java25·적용 DB/Provider/Browser/Process 환경,Local/Remote·single/multi-instance 중 적용,source SHA·command·environment·start/end·exit code·pre/post state·report/artifact hash·sanitization,미검증,f97655c1299936a1101bc3ec10239265ec3b502e,cpf-docs/evidence/qa/QA_PARALLEL_12WAY_QA-12B_R5_f97655c/gateway_review.md#gwy-entry,"Java25 Gateway 기동, 실제 upstream, 다중 인스턴스, DNS/SSRF, timeout/response-loss/failover Browser·Fault 실행은 최신 SHA에서 수행되지 않았다",목표 환경 scenario 실행 Evidence 반영 후 QA 재검수,P07,Gateway·Batch·Messaging·외부연계·운영 Runtime,07-00000628,P07-GATEWAY-GWY-ENTRY,P05;P06,CPF-GATE-07,GWY-ENTRY,예,QA-12B-1,,"[GWY-ENTRY] Version·Hash 충돌의 요구 경로에 대응하는 Source/contract/Test 후보는 확인했다. 그러나 Java25 Gateway 기동, 실제 upstream, 다중 인스턴스, DNS/SSRF, timeout/response-loss/failover Browser·Fault 실행은 최신 SHA에서 수행되지 않았다. 제품 실패로 단정하지 않고 환경차이 미검증으로 유지한다.",,검수 후 환경차이 미검증,cpf-docs/evidence/qa/QA_PARALLEL_12WAY_QA-12B_R5_f97655c/gateway_review.md#gwy-entry
CPF-SC-000629,CPF-FR-003173,GWY-ENTRY,P0,GATEWAY,DUPLICATE,[GWY-ENTRY] 중복 요청,Gateway 운영자·개발자,최신 exact SHA; 같은 operationId,동일/상이 payload,동시·순차 중복,"동일 replay, 다른 payload conflict",side effect 2회,Java25·적용 DB/Provider/Browser/Process 환경,Local/Remote·single/multi-instance 중 적용,source SHA·command·environment·start/end·exit code·pre/post state·report/artifact hash·sanitization,미검증,f97655c1299936a1101bc3ec10239265ec3b502e,cpf-docs/evidence/qa/QA_PARALLEL_12WAY_QA-12B_R5_f97655c/gateway_review.md#gwy-entry,"Java25 Gateway 기동, 실제 upstream, 다중 인스턴스, DNS/SSRF, timeout/response-loss/failover Browser·Fault 실행은 최신 SHA에서 수행되지 않았다",목표 환경 scenario 실행 Evidence 반영 후 QA 재검수,P07,Gateway·Batch·Messaging·외부연계·운영 Runtime,07-00000629,P07-GATEWAY-GWY-ENTRY,P05;P06,CPF-GATE-07,GWY-ENTRY,예,QA-12B-1,,"[GWY-ENTRY] 중복 요청의 요구 경로에 대응하는 Source/contract/Test 후보는 확인했다. 그러나 Java25 Gateway 기동, 실제 upstream, 다중 인스턴스, DNS/SSRF, timeout/response-loss/failover Browser·Fault 실행은 최신 SHA에서 수행되지 않았다. 제품 실패로 단정하지 않고 환경차이 미검증으로 유지한다.",,검수 후 환경차이 미검증,cpf-docs/evidence/qa/QA_PARALLEL_12WAY_QA-12B_R5_f97655c/gateway_review.md#gwy-entry
CPF-SC-000630,CPF-FR-003173,GWY-ENTRY,P0,GATEWAY,TIMEOUT_PRE,[GWY-ENTRY] Side effect 전 Timeout,Gateway 운영자·개발자,최신 exact SHA; dependency delay,connect/header timeout,timeout 주입,retryable failure·side effect 0,UNKNOWN/성공 오인,Java25·적용 DB/Provider/Browser/Process 환경,Local/Remote·single/multi-instance 중 적용,source SHA·command·environment·start/end·exit code·pre/post state·report/artifact hash·sanitization,미검증,f97655c1299936a1101bc3ec10239265ec3b502e,cpf-docs/evidence/qa/QA_PARALLEL_12WAY_QA-12B_R5_f97655c/gateway_review.md#gwy-entry,"Java25 Gateway 기동, 실제 upstream, 다중 인스턴스, DNS/SSRF, timeout/response-loss/failover Browser·Fault 실행은 최신 SHA에서 수행되지 않았다",목표 환경 scenario 실행 Evidence 반영 후 QA 재검수,P07,Gateway·Batch·Messaging·외부연계·운영 Runtime,07-00000630,P07-GATEWAY-GWY-ENTRY,P05;P06,CPF-GATE-07,GWY-ENTRY,예,QA-12B-1,,"[GWY-ENTRY] Side effect 전 Timeout의 요구 경로에 대응하는 Source/contract/Test 후보는 확인했다. 그러나 Java25 Gateway 기동, 실제 upstream, 다중 인스턴스, DNS/SSRF, timeout/response-loss/failover Browser·Fault 실행은 최신 SHA에서 수행되지 않았다. 제품 실패로 단정하지 않고 환경차이 미검증으로 유지한다.",,검수 후 환경차이 미검증,cpf-docs/evidence/qa/QA_PARALLEL_12WAY_QA-12B_R5_f97655c/gateway_review.md#gwy-entry
CPF-SC-000631,CPF-FR-003173,GWY-ENTRY,P0,GATEWAY,RESPONSE_LOSS,[GWY-ENTRY] Side effect 후 응답 유실,Gateway 운영자·개발자,최신 exact SHA; Owner commit,commit 후 reset,응답 차단,UNKNOWN·blind retry 금지·reconcile,자동 실패/무조건 retry,Java25·적용 DB/Provider/Browser/Process 환경,Local/Remote·single/multi-instance 중 적용,source SHA·command·environment·start/end·exit code·pre/post state·report/artifact hash·sanitization,미검증,f97655c1299936a1101bc3ec10239265ec3b502e,cpf-docs/evidence/qa/QA_PARALLEL_12WAY_QA-12B_R5_f97655c/gateway_review.md#gwy-entry,"Java25 Gateway 기동, 실제 upstream, 다중 인스턴스, DNS/SSRF, timeout/response-loss/failover Browser·Fault 실행은 최신 SHA에서 수행되지 않았다",목표 환경 scenario 실행 Evidence 반영 후 QA 재검수,P07,Gateway·Batch·Messaging·외부연계·운영 Runtime,07-00000631,P07-GATEWAY-GWY-ENTRY,P05;P06,CPF-GATE-07,GWY-ENTRY,예,QA-12B-1,,"[GWY-ENTRY] Side effect 후 응답 유실의 요구 경로에 대응하는 Source/contract/Test 후보는 확인했다. 그러나 Java25 Gateway 기동, 실제 upstream, 다중 인스턴스, DNS/SSRF, timeout/response-loss/failover Browser·Fault 실행은 최신 SHA에서 수행되지 않았다. 제품 실패로 단정하지 않고 환경차이 미검증으로 유지한다.",,검수 후 환경차이 미검증,cpf-docs/evidence/qa/QA_PARALLEL_12WAY_QA-12B_R5_f97655c/gateway_review.md#gwy-entry
CPF-SC-000632,CPF-FR-003173,GWY-ENTRY,P0,GATEWAY,PARTIAL,[GWY-ENTRY] 부분 실패,Gateway 운영자·개발자,최신 exact SHA; 다중 대상/항목,일부 target failure,group 실행,개별 성공/실패/unknown 보존,전체 성공/실패로 축약,Java25·적용 DB/Provider/Browser/Process 환경,Local/Remote·single/multi-instance 중 적용,source SHA·command·environment·start/end·exit code·pre/post state·report/artifact hash·sanitization,미검증,f97655c1299936a1101bc3ec10239265ec3b502e,cpf-docs/evidence/qa/QA_PARALLEL_12WAY_QA-12B_R5_f97655c/gateway_review.md#gwy-entry,"Java25 Gateway 기동, 실제 upstream, 다중 인스턴스, DNS/SSRF, timeout/response-loss/failover Browser·Fault 실행은 최신 SHA에서 수행되지 않았다",목표 환경 scenario 실행 Evidence 반영 후 QA 재검수,P07,Gateway·Batch·Messaging·외부연계·운영 Runtime,07-00000632,P07-GATEWAY-GWY-ENTRY,P05;P06,CPF-GATE-07,GWY-ENTRY,예,QA-12B-1,,"[GWY-ENTRY] 부분 실패의 요구 경로에 대응하는 Source/contract/Test 후보는 확인했다. 그러나 Java25 Gateway 기동, 실제 upstream, 다중 인스턴스, DNS/SSRF, timeout/response-loss/failover Browser·Fault 실행은 최신 SHA에서 수행되지 않았다. 제품 실패로 단정하지 않고 환경차이 미검증으로 유지한다.",,검수 후 환경차이 미검증,cpf-docs/evidence/qa/QA_PARALLEL_12WAY_QA-12B_R5_f97655c/gateway_review.md#gwy-entry
CPF-SC-000633,CPF-FR-003173,GWY-ENTRY,P0,GATEWAY,PROCESS_KILL,[GWY-ENTRY] Process Kill·Restart,Gateway 운영자·개발자,최신 exact SHA; durable state,worker kill,claim/apply 후 종료·재기동,lease 회수·stale fencing·복구,고아 상태·중복,Java25·적용 DB/Provider/Browser/Process 환경,Local/Remote·single/multi-instance 중 적용,source SHA·command·environment·start/end·exit code·pre/post state·report/artifact hash·sanitization,미검증,f97655c1299936a1101bc3ec10239265ec3b502e,cpf-docs/evidence/qa/QA_PARALLEL_12WAY_QA-12B_R5_f97655c/gateway_review.md#gwy-entry,"Java25 Gateway 기동, 실제 upstream, 다중 인스턴스, DNS/SSRF, timeout/response-loss/failover Browser·Fault 실행은 최신 SHA에서 수행되지 않았다",목표 환경 scenario 실행 Evidence 반영 후 QA 재검수,P07,Gateway·Batch·Messaging·외부연계·운영 Runtime,07-00000633,P07-GATEWAY-GWY-ENTRY,P05;P06,CPF-GATE-07,GWY-ENTRY,예,QA-12B-1,,"[GWY-ENTRY] Process Kill·Restart의 요구 경로에 대응하는 Source/contract/Test 후보는 확인했다. 그러나 Java25 Gateway 기동, 실제 upstream, 다중 인스턴스, DNS/SSRF, timeout/response-loss/failover Browser·Fault 실행은 최신 SHA에서 수행되지 않았다. 제품 실패로 단정하지 않고 환경차이 미검증으로 유지한다.",,검수 후 환경차이 미검증,cpf-docs/evidence/qa/QA_PARALLEL_12WAY_QA-12B_R5_f97655c/gateway_review.md#gwy-entry
CPF-SC-000634,CPF-FR-003173,GWY-ENTRY,P0,GATEWAY,MULTI_INSTANCE,[GWY-ENTRY] 다중 Instance,Gateway 운영자·개발자,최신 exact SHA; 2개 이상,공유 DB/queue,동시 처리·failover·rejoin,version/state 일치·중복 0,local state 의존,Java25·적용 DB/Provider/Browser/Process 환경,Local/Remote·single/multi-instance 중 적용,source SHA·command·environment·start/end·exit code·pre/post state·report/artifact hash·sanitization,미검증,f97655c1299936a1101bc3ec10239265ec3b502e,cpf-docs/evidence/qa/QA_PARALLEL_12WAY_QA-12B_R5_f97655c/gateway_review.md#gwy-entry,"Java25 Gateway 기동, 실제 upstream, 다중 인스턴스, DNS/SSRF, timeout/response-loss/failover Browser·Fault 실행은 최신 SHA에서 수행되지 않았다",목표 환경 scenario 실행 Evidence 반영 후 QA 재검수,P07,Gateway·Batch·Messaging·외부연계·운영 Runtime,07-00000634,P07-GATEWAY-GWY-ENTRY,P05;P06,CPF-GATE-07,GWY-ENTRY,예,QA-12B-1,,"[GWY-ENTRY] 다중 Instance의 요구 경로에 대응하는 Source/contract/Test 후보는 확인했다. 그러나 Java25 Gateway 기동, 실제 upstream, 다중 인스턴스, DNS/SSRF, timeout/response-loss/failover Browser·Fault 실행은 최신 SHA에서 수행되지 않았다. 제품 실패로 단정하지 않고 환경차이 미검증으로 유지한다.",,검수 후 환경차이 미검증,cpf-docs/evidence/qa/QA_PARALLEL_12WAY_QA-12B_R5_f97655c/gateway_review.md#gwy-entry
CPF-SC-000635,CPF-FR-003173,GWY-ENTRY,P0,GATEWAY,ROLLBACK,[GWY-ENTRY] Rollback/Forward Recovery,Gateway 운영자·개발자,최신 exact SHA; 변경 전 snapshot,적용 후 결함,rollback/forward fix,데이터 보존·actual 일치·audit,부분 rollback·drift,Java25·적용 DB/Provider/Browser/Process 환경,Local/Remote·single/multi-instance 중 적용,source SHA·command·environment·start/end·exit code·pre/post state·report/artifact hash·sanitization,미검증,f97655c1299936a1101bc3ec10239265ec3b502e,cpf-docs/evidence/qa/QA_PARALLEL_12WAY_QA-12B_R5_f97655c/gateway_review.md#gwy-entry,"Java25 Gateway 기동, 실제 upstream, 다중 인스턴스, DNS/SSRF, timeout/response-loss/failover Browser·Fault 실행은 최신 SHA에서 수행되지 않았다",목표 환경 scenario 실행 Evidence 반영 후 QA 재검수,P07,Gateway·Batch·Messaging·외부연계·운영 Runtime,07-00000635,P07-GATEWAY-GWY-ENTRY,P05;P06,CPF-GATE-07,GWY-ENTRY,예,QA-12B-1,,"[GWY-ENTRY] Rollback/Forward Recovery의 요구 경로에 대응하는 Source/contract/Test 후보는 확인했다. 그러나 Java25 Gateway 기동, 실제 upstream, 다중 인스턴스, DNS/SSRF, timeout/response-loss/failover Browser·Fault 실행은 최신 SHA에서 수행되지 않았다. 제품 실패로 단정하지 않고 환경차이 미검증으로 유지한다.",,검수 후 환경차이 미검증,cpf-docs/evidence/qa/QA_PARALLEL_12WAY_QA-12B_R5_f97655c/gateway_review.md#gwy-entry
CPF-SC-000636,CPF-FR-003173,GWY-ENTRY,P0,GATEWAY,SECURITY_LEAK,[GWY-ENTRY] 민감정보 누출,Gateway 운영자·개발자,최신 exact SHA; PII/Secret fixture,오류·Log·UI·Download,정상/실패 실행,원문 0 또는 승인 범위,Log/DOM/Storage/Evidence 원문,Java25·적용 DB/Provider/Browser/Process 환경,Local/Remote·single/multi-instance 중 적용,source SHA·command·environment·start/end·exit code·pre/post state·report/artifact hash·sanitization,미검증,f97655c1299936a1101bc3ec10239265ec3b502e,cpf-docs/evidence/qa/QA_PARALLEL_12WAY_QA-12B_R5_f97655c/gateway_review.md#gwy-entry,"Java25 Gateway 기동, 실제 upstream, 다중 인스턴스, DNS/SSRF, timeout/response-loss/failover Browser·Fault 실행은 최신 SHA에서 수행되지 않았다",목표 환경 scenario 실행 Evidence 반영 후 QA 재검수,P07,Gateway·Batch·Messaging·외부연계·운영 Runtime,07-00000636,P07-GATEWAY-GWY-ENTRY,P05;P06,CPF-GATE-07,GWY-ENTRY,예,QA-12B-1,,"[GWY-ENTRY] 민감정보 누출의 요구 경로에 대응하는 Source/contract/Test 후보는 확인했다. 그러나 Java25 Gateway 기동, 실제 upstream, 다중 인스턴스, DNS/SSRF, timeout/response-loss/failover Browser·Fault 실행은 최신 SHA에서 수행되지 않았다. 제품 실패로 단정하지 않고 환경차이 미검증으로 유지한다.",,검수 후 환경차이 미검증,cpf-docs/evidence/qa/QA_PARALLEL_12WAY_QA-12B_R5_f97655c/gateway_review.md#gwy-entry
CPF-SC-000637,CPF-FR-003234,GWY-ROUTING,P0,GATEWAY,POSITIVE,[GWY-ROUTING] 정상 수직 흐름,Gateway 운영자·개발자,최신 exact SHA; 유효 입력과 권한,정상 데이터,요청→검증→처리→저장/전달→응답→감사,정상 상태·side effect·tracking 일치,Mock-only 또는 Consumer 미호출,Java25·적용 DB/Provider/Browser/Process 환경,Local/Remote·single/multi-instance 중 적용,source SHA·command·environment·start/end·exit code·pre/post state·report/artifact hash·sanitization,미검증,f97655c1299936a1101bc3ec10239265ec3b502e,cpf-docs/evidence/qa/QA_PARALLEL_12WAY_QA-12B_R5_f97655c/gateway_review.md#gwy-routing,"Java25 Gateway 기동, 실제 upstream, 다중 인스턴스, DNS/SSRF, timeout/response-loss/failover Browser·Fault 실행은 최신 SHA에서 수행되지 않았다",목표 환경 scenario 실행 Evidence 반영 후 QA 재검수,P07,Gateway·Batch·Messaging·외부연계·운영 Runtime,07-00000637,P07-GATEWAY-GWY-ROUTING,P05;P06,CPF-GATE-07,GWY-ROUTING,예,QA-12B-1,,"[GWY-ROUTING] 정상 수직 흐름의 요구 경로에 대응하는 Source/contract/Test 후보는 확인했다. 그러나 Java25 Gateway 기동, 실제 upstream, 다중 인스턴스, DNS/SSRF, timeout/response-loss/failover Browser·Fault 실행은 최신 SHA에서 수행되지 않았다. 제품 실패로 단정하지 않고 환경차이 미검증으로 유지한다.",,검수 후 환경차이 미검증,cpf-docs/evidence/qa/QA_PARALLEL_12WAY_QA-12B_R5_f97655c/gateway_review.md#gwy-routing
CPF-SC-000638,CPF-FR-003234,GWY-ROUTING,P0,GATEWAY,INVALID,[GWY-ROUTING] 입력·경계 오류,Gateway 운영자·개발자,최신 exact SHA; 유효 Session,invalid/empty/oversize/unknown enum,각 invalid 제출,표준 field/path 오류·side effect 0,500/raw exception/부분 저장,Java25·적용 DB/Provider/Browser/Process 환경,Local/Remote·single/multi-instance 중 적용,source SHA·command·environment·start/end·exit code·pre/post state·report/artifact hash·sanitization,미검증,f97655c1299936a1101bc3ec10239265ec3b502e,cpf-docs/evidence/qa/QA_PARALLEL_12WAY_QA-12B_R5_f97655c/gateway_review.md#gwy-routing,"Java25 Gateway 기동, 실제 upstream, 다중 인스턴스, DNS/SSRF, timeout/response-loss/failover Browser·Fault 실행은 최신 SHA에서 수행되지 않았다",목표 환경 scenario 실행 Evidence 반영 후 QA 재검수,P07,Gateway·Batch·Messaging·외부연계·운영 Runtime,07-00000638,P07-GATEWAY-GWY-ROUTING,P05;P06,CPF-GATE-07,GWY-ROUTING,예,QA-12B-1,,"[GWY-ROUTING] 입력·경계 오류의 요구 경로에 대응하는 Source/contract/Test 후보는 확인했다. 그러나 Java25 Gateway 기동, 실제 upstream, 다중 인스턴스, DNS/SSRF, timeout/response-loss/failover Browser·Fault 실행은 최신 SHA에서 수행되지 않았다. 제품 실패로 단정하지 않고 환경차이 미검증으로 유지한다.",,검수 후 환경차이 미검증,cpf-docs/evidence/qa/QA_PARALLEL_12WAY_QA-12B_R5_f97655c/gateway_review.md#gwy-routing
CPF-SC-000639,CPF-FR-003234,GWY-ROUTING,P0,GATEWAY,UNAUTHORIZED,[GWY-ROUTING] 미인증·권한 부족,Gateway 운영자·개발자,최신 exact SHA; 권한 없는 principal,401/403 대상,UI 직접 URL/API/Method 호출,Server 거부·Audit·민감정보 0,버튼만 숨김/default allow,Java25·적용 DB/Provider/Browser/Process 환경,Local/Remote·single/multi-instance 중 적용,source SHA·command·environment·start/end·exit code·pre/post state·report/artifact hash·sanitization,미검증,f97655c1299936a1101bc3ec10239265ec3b502e,cpf-docs/evidence/qa/QA_PARALLEL_12WAY_QA-12B_R5_f97655c/gateway_review.md#gwy-routing,"Java25 Gateway 기동, 실제 upstream, 다중 인스턴스, DNS/SSRF, timeout/response-loss/failover Browser·Fault 실행은 최신 SHA에서 수행되지 않았다",목표 환경 scenario 실행 Evidence 반영 후 QA 재검수,P07,Gateway·Batch·Messaging·외부연계·운영 Runtime,07-00000639,P07-GATEWAY-GWY-ROUTING,P05;P06,CPF-GATE-07,GWY-ROUTING,예,QA-12B-1,,"[GWY-ROUTING] 미인증·권한 부족의 요구 경로에 대응하는 Source/contract/Test 후보는 확인했다. 그러나 Java25 Gateway 기동, 실제 upstream, 다중 인스턴스, DNS/SSRF, timeout/response-loss/failover Browser·Fault 실행은 최신 SHA에서 수행되지 않았다. 제품 실패로 단정하지 않고 환경차이 미검증으로 유지한다.",,검수 후 환경차이 미검증,cpf-docs/evidence/qa/QA_PARALLEL_12WAY_QA-12B_R5_f97655c/gateway_review.md#gwy-routing
CPF-SC-000640,CPF-FR-003234,GWY-ROUTING,P0,GATEWAY,CONFLICT,[GWY-ROUTING] Version·Hash 충돌,Gateway 운영자·개발자,최신 exact SHA; 기존 version,stale expectedVersion/다른 hash,동시/재시도 요청,409·기존 결과 보존·lost update 0,후행 요청 덮어씀,Java25·적용 DB/Provider/Browser/Process 환경,Local/Remote·single/multi-instance 중 적용,source SHA·command·environment·start/end·exit code·pre/post state·report/artifact hash·sanitization,미검증,f97655c1299936a1101bc3ec10239265ec3b502e,cpf-docs/evidence/qa/QA_PARALLEL_12WAY_QA-12B_R5_f97655c/gateway_review.md#gwy-routing,"Java25 Gateway 기동, 실제 upstream, 다중 인스턴스, DNS/SSRF, timeout/response-loss/failover Browser·Fault 실행은 최신 SHA에서 수행되지 않았다",목표 환경 scenario 실행 Evidence 반영 후 QA 재검수,P07,Gateway·Batch·Messaging·외부연계·운영 Runtime,07-00000640,P07-GATEWAY-GWY-ROUTING,P05;P06,CPF-GATE-07,GWY-ROUTING,예,QA-12B-1,,"[GWY-ROUTING] Version·Hash 충돌의 요구 경로에 대응하는 Source/contract/Test 후보는 확인했다. 그러나 Java25 Gateway 기동, 실제 upstream, 다중 인스턴스, DNS/SSRF, timeout/response-loss/failover Browser·Fault 실행은 최신 SHA에서 수행되지 않았다. 제품 실패로 단정하지 않고 환경차이 미검증으로 유지한다.",,검수 후 환경차이 미검증,cpf-docs/evidence/qa/QA_PARALLEL_12WAY_QA-12B_R5_f97655c/gateway_review.md#gwy-routing
CPF-SC-000641,CPF-FR-003234,GWY-ROUTING,P0,GATEWAY,DUPLICATE,[GWY-ROUTING] 중복 요청,Gateway 운영자·개발자,최신 exact SHA; 같은 operationId,동일/상이 payload,동시·순차 중복,"동일 replay, 다른 payload conflict",side effect 2회,Java25·적용 DB/Provider/Browser/Process 환경,Local/Remote·single/multi-instance 중 적용,source SHA·command·environment·start/end·exit code·pre/post state·report/artifact hash·sanitization,미검증,f97655c1299936a1101bc3ec10239265ec3b502e,cpf-docs/evidence/qa/QA_PARALLEL_12WAY_QA-12B_R5_f97655c/gateway_review.md#gwy-routing,"Java25 Gateway 기동, 실제 upstream, 다중 인스턴스, DNS/SSRF, timeout/response-loss/failover Browser·Fault 실행은 최신 SHA에서 수행되지 않았다",목표 환경 scenario 실행 Evidence 반영 후 QA 재검수,P07,Gateway·Batch·Messaging·외부연계·운영 Runtime,07-00000641,P07-GATEWAY-GWY-ROUTING,P05;P06,CPF-GATE-07,GWY-ROUTING,예,QA-12B-1,,"[GWY-ROUTING] 중복 요청의 요구 경로에 대응하는 Source/contract/Test 후보는 확인했다. 그러나 Java25 Gateway 기동, 실제 upstream, 다중 인스턴스, DNS/SSRF, timeout/response-loss/failover Browser·Fault 실행은 최신 SHA에서 수행되지 않았다. 제품 실패로 단정하지 않고 환경차이 미검증으로 유지한다.",,검수 후 환경차이 미검증,cpf-docs/evidence/qa/QA_PARALLEL_12WAY_QA-12B_R5_f97655c/gateway_review.md#gwy-routing
CPF-SC-000642,CPF-FR-003234,GWY-ROUTING,P0,GATEWAY,TIMEOUT_PRE,[GWY-ROUTING] Side effect 전 Timeout,Gateway 운영자·개발자,최신 exact SHA; dependency delay,connect/header timeout,timeout 주입,retryable failure·side effect 0,UNKNOWN/성공 오인,Java25·적용 DB/Provider/Browser/Process 환경,Local/Remote·single/multi-instance 중 적용,source SHA·command·environment·start/end·exit code·pre/post state·report/artifact hash·sanitization,미검증,f97655c1299936a1101bc3ec10239265ec3b502e,cpf-docs/evidence/qa/QA_PARALLEL_12WAY_QA-12B_R5_f97655c/gateway_review.md#gwy-routing,"Java25 Gateway 기동, 실제 upstream, 다중 인스턴스, DNS/SSRF, timeout/response-loss/failover Browser·Fault 실행은 최신 SHA에서 수행되지 않았다",목표 환경 scenario 실행 Evidence 반영 후 QA 재검수,P07,Gateway·Batch·Messaging·외부연계·운영 Runtime,07-00000642,P07-GATEWAY-GWY-ROUTING,P05;P06,CPF-GATE-07,GWY-ROUTING,예,QA-12B-1,,"[GWY-ROUTING] Side effect 전 Timeout의 요구 경로에 대응하는 Source/contract/Test 후보는 확인했다. 그러나 Java25 Gateway 기동, 실제 upstream, 다중 인스턴스, DNS/SSRF, timeout/response-loss/failover Browser·Fault 실행은 최신 SHA에서 수행되지 않았다. 제품 실패로 단정하지 않고 환경차이 미검증으로 유지한다.",,검수 후 환경차이 미검증,cpf-docs/evidence/qa/QA_PARALLEL_12WAY_QA-12B_R5_f97655c/gateway_review.md#gwy-routing
CPF-SC-000643,CPF-FR-003234,GWY-ROUTING,P0,GATEWAY,RESPONSE_LOSS,[GWY-ROUTING] Side effect 후 응답 유실,Gateway 운영자·개발자,최신 exact SHA; Owner commit,commit 후 reset,응답 차단,UNKNOWN·blind retry 금지·reconcile,자동 실패/무조건 retry,Java25·적용 DB/Provider/Browser/Process 환경,Local/Remote·single/multi-instance 중 적용,source SHA·command·environment·start/end·exit code·pre/post state·report/artifact hash·sanitization,미검증,f97655c1299936a1101bc3ec10239265ec3b502e,cpf-docs/evidence/qa/QA_PARALLEL_12WAY_QA-12B_R5_f97655c/gateway_review.md#gwy-routing,"Java25 Gateway 기동, 실제 upstream, 다중 인스턴스, DNS/SSRF, timeout/response-loss/failover Browser·Fault 실행은 최신 SHA에서 수행되지 않았다",목표 환경 scenario 실행 Evidence 반영 후 QA 재검수,P07,Gateway·Batch·Messaging·외부연계·운영 Runtime,07-00000643,P07-GATEWAY-GWY-ROUTING,P05;P06,CPF-GATE-07,GWY-ROUTING,예,QA-12B-1,,"[GWY-ROUTING] Side effect 후 응답 유실의 요구 경로에 대응하는 Source/contract/Test 후보는 확인했다. 그러나 Java25 Gateway 기동, 실제 upstream, 다중 인스턴스, DNS/SSRF, timeout/response-loss/failover Browser·Fault 실행은 최신 SHA에서 수행되지 않았다. 제품 실패로 단정하지 않고 환경차이 미검증으로 유지한다.",,검수 후 환경차이 미검증,cpf-docs/evidence/qa/QA_PARALLEL_12WAY_QA-12B_R5_f97655c/gateway_review.md#gwy-routing
CPF-SC-000644,CPF-FR-003234,GWY-ROUTING,P0,GATEWAY,PARTIAL,[GWY-ROUTING] 부분 실패,Gateway 운영자·개발자,최신 exact SHA; 다중 대상/항목,일부 target failure,group 실행,개별 성공/실패/unknown 보존,전체 성공/실패로 축약,Java25·적용 DB/Provider/Browser/Process 환경,Local/Remote·single/multi-instance 중 적용,source SHA·command·environment·start/end·exit code·pre/post state·report/artifact hash·sanitization,미검증,f97655c1299936a1101bc3ec10239265ec3b502e,cpf-docs/evidence/qa/QA_PARALLEL_12WAY_QA-12B_R5_f97655c/gateway_review.md#gwy-routing,"Java25 Gateway 기동, 실제 upstream, 다중 인스턴스, DNS/SSRF, timeout/response-loss/failover Browser·Fault 실행은 최신 SHA에서 수행되지 않았다",목표 환경 scenario 실행 Evidence 반영 후 QA 재검수,P07,Gateway·Batch·Messaging·외부연계·운영 Runtime,07-00000644,P07-GATEWAY-GWY-ROUTING,P05;P06,CPF-GATE-07,GWY-ROUTING,예,QA-12B-1,,"[GWY-ROUTING] 부분 실패의 요구 경로에 대응하는 Source/contract/Test 후보는 확인했다. 그러나 Java25 Gateway 기동, 실제 upstream, 다중 인스턴스, DNS/SSRF, timeout/response-loss/failover Browser·Fault 실행은 최신 SHA에서 수행되지 않았다. 제품 실패로 단정하지 않고 환경차이 미검증으로 유지한다.",,검수 후 환경차이 미검증,cpf-docs/evidence/qa/QA_PARALLEL_12WAY_QA-12B_R5_f97655c/gateway_review.md#gwy-routing
CPF-SC-000645,CPF-FR-003234,GWY-ROUTING,P0,GATEWAY,PROCESS_KILL,[GWY-ROUTING] Process Kill·Restart,Gateway 운영자·개발자,최신 exact SHA; durable state,worker kill,claim/apply 후 종료·재기동,lease 회수·stale fencing·복구,고아 상태·중복,Java25·적용 DB/Provider/Browser/Process 환경,Local/Remote·single/multi-instance 중 적용,source SHA·command·environment·start/end·exit code·pre/post state·report/artifact hash·sanitization,미검증,f97655c1299936a1101bc3ec10239265ec3b502e,cpf-docs/evidence/qa/QA_PARALLEL_12WAY_QA-12B_R5_f97655c/gateway_review.md#gwy-routing,"Java25 Gateway 기동, 실제 upstream, 다중 인스턴스, DNS/SSRF, timeout/response-loss/failover Browser·Fault 실행은 최신 SHA에서 수행되지 않았다",목표 환경 scenario 실행 Evidence 반영 후 QA 재검수,P07,Gateway·Batch·Messaging·외부연계·운영 Runtime,07-00000645,P07-GATEWAY-GWY-ROUTING,P05;P06,CPF-GATE-07,GWY-ROUTING,예,QA-12B-1,,"[GWY-ROUTING] Process Kill·Restart의 요구 경로에 대응하는 Source/contract/Test 후보는 확인했다. 그러나 Java25 Gateway 기동, 실제 upstream, 다중 인스턴스, DNS/SSRF, timeout/response-loss/failover Browser·Fault 실행은 최신 SHA에서 수행되지 않았다. 제품 실패로 단정하지 않고 환경차이 미검증으로 유지한다.",,검수 후 환경차이 미검증,cpf-docs/evidence/qa/QA_PARALLEL_12WAY_QA-12B_R5_f97655c/gateway_review.md#gwy-routing
CPF-SC-000646,CPF-FR-003234,GWY-ROUTING,P0,GATEWAY,MULTI_INSTANCE,[GWY-ROUTING] 다중 Instance,Gateway 운영자·개발자,최신 exact SHA; 2개 이상,공유 DB/queue,동시 처리·failover·rejoin,version/state 일치·중복 0,local state 의존,Java25·적용 DB/Provider/Browser/Process 환경,Local/Remote·single/multi-instance 중 적용,source SHA·command·environment·start/end·exit code·pre/post state·report/artifact hash·sanitization,미검증,f97655c1299936a1101bc3ec10239265ec3b502e,cpf-docs/evidence/qa/QA_PARALLEL_12WAY_QA-12B_R5_f97655c/gateway_review.md#gwy-routing,"Java25 Gateway 기동, 실제 upstream, 다중 인스턴스, DNS/SSRF, timeout/response-loss/failover Browser·Fault 실행은 최신 SHA에서 수행되지 않았다",목표 환경 scenario 실행 Evidence 반영 후 QA 재검수,P07,Gateway·Batch·Messaging·외부연계·운영 Runtime,07-00000646,P07-GATEWAY-GWY-ROUTING,P05;P06,CPF-GATE-07,GWY-ROUTING,예,QA-12B-1,,"[GWY-ROUTING] 다중 Instance의 요구 경로에 대응하는 Source/contract/Test 후보는 확인했다. 그러나 Java25 Gateway 기동, 실제 upstream, 다중 인스턴스, DNS/SSRF, timeout/response-loss/failover Browser·Fault 실행은 최신 SHA에서 수행되지 않았다. 제품 실패로 단정하지 않고 환경차이 미검증으로 유지한다.",,검수 후 환경차이 미검증,cpf-docs/evidence/qa/QA_PARALLEL_12WAY_QA-12B_R5_f97655c/gateway_review.md#gwy-routing
CPF-SC-000647,CPF-FR-003234,GWY-ROUTING,P0,GATEWAY,ROLLBACK,[GWY-ROUTING] Rollback/Forward Recovery,Gateway 운영자·개발자,최신 exact SHA; 변경 전 snapshot,적용 후 결함,rollback/forward fix,데이터 보존·actual 일치·audit,부분 rollback·drift,Java25·적용 DB/Provider/Browser/Process 환경,Local/Remote·single/multi-instance 중 적용,source SHA·command·environment·start/end·exit code·pre/post state·report/artifact hash·sanitization,미검증,f97655c1299936a1101bc3ec10239265ec3b502e,cpf-docs/evidence/qa/QA_PARALLEL_12WAY_QA-12B_R5_f97655c/gateway_review.md#gwy-routing,"Java25 Gateway 기동, 실제 upstream, 다중 인스턴스, DNS/SSRF, timeout/response-loss/failover Browser·Fault 실행은 최신 SHA에서 수행되지 않았다",목표 환경 scenario 실행 Evidence 반영 후 QA 재검수,P07,Gateway·Batch·Messaging·외부연계·운영 Runtime,07-00000647,P07-GATEWAY-GWY-ROUTING,P05;P06,CPF-GATE-07,GWY-ROUTING,예,QA-12B-1,,"[GWY-ROUTING] Rollback/Forward Recovery의 요구 경로에 대응하는 Source/contract/Test 후보는 확인했다. 그러나 Java25 Gateway 기동, 실제 upstream, 다중 인스턴스, DNS/SSRF, timeout/response-loss/failover Browser·Fault 실행은 최신 SHA에서 수행되지 않았다. 제품 실패로 단정하지 않고 환경차이 미검증으로 유지한다.",,검수 후 환경차이 미검증,cpf-docs/evidence/qa/QA_PARALLEL_12WAY_QA-12B_R5_f97655c/gateway_review.md#gwy-routing
CPF-SC-000648,CPF-FR-003234,GWY-ROUTING,P0,GATEWAY,SECURITY_LEAK,[GWY-ROUTING] 민감정보 누출,Gateway 운영자·개발자,최신 exact SHA; PII/Secret fixture,오류·Log·UI·Download,정상/실패 실행,원문 0 또는 승인 범위,Log/DOM/Storage/Evidence 원문,Java25·적용 DB/Provider/Browser/Process 환경,Local/Remote·single/multi-instance 중 적용,source SHA·command·environment·start/end·exit code·pre/post state·report/artifact hash·sanitization,미검증,f97655c1299936a1101bc3ec10239265ec3b502e,cpf-docs/evidence/qa/QA_PARALLEL_12WAY_QA-12B_R5_f97655c/gateway_review.md#gwy-routing,"Java25 Gateway 기동, 실제 upstream, 다중 인스턴스, DNS/SSRF, timeout/response-loss/failover Browser·Fault 실행은 최신 SHA에서 수행되지 않았다",목표 환경 scenario 실행 Evidence 반영 후 QA 재검수,P07,Gateway·Batch·Messaging·외부연계·운영 Runtime,07-00000648,P07-GATEWAY-GWY-ROUTING,P05;P06,CPF-GATE-07,GWY-ROUTING,예,QA-12B-1,,"[GWY-ROUTING] 민감정보 누출의 요구 경로에 대응하는 Source/contract/Test 후보는 확인했다. 그러나 Java25 Gateway 기동, 실제 upstream, 다중 인스턴스, DNS/SSRF, timeout/response-loss/failover Browser·Fault 실행은 최신 SHA에서 수행되지 않았다. 제품 실패로 단정하지 않고 환경차이 미검증으로 유지한다.",,검수 후 환경차이 미검증,cpf-docs/evidence/qa/QA_PARALLEL_12WAY_QA-12B_R5_f97655c/gateway_review.md#gwy-routing
CPF-SC-000649,CPF-FR-003295,GWY-TRUST,P0,GATEWAY,POSITIVE,[GWY-TRUST] 정상 수직 흐름,Gateway 운영자·개발자,최신 exact SHA; 유효 입력과 권한,정상 데이터,요청→검증→처리→저장/전달→응답→감사,정상 상태·side effect·tracking 일치,Mock-only 또는 Consumer 미호출,Java25·적용 DB/Provider/Browser/Process 환경,Local/Remote·single/multi-instance 중 적용,source SHA·command·environment·start/end·exit code·pre/post state·report/artifact hash·sanitization,미검증,f97655c1299936a1101bc3ec10239265ec3b502e,cpf-docs/evidence/qa/QA_PARALLEL_12WAY_QA-12B_R5_f97655c/gateway_review.md#gwy-trust,"Java25 Gateway 기동, 실제 upstream, 다중 인스턴스, DNS/SSRF, timeout/response-loss/failover Browser·Fault 실행은 최신 SHA에서 수행되지 않았다",목표 환경 scenario 실행 Evidence 반영 후 QA 재검수,P07,Gateway·Batch·Messaging·외부연계·운영 Runtime,07-00000649,P07-GATEWAY-GWY-TRUST,P05;P06,CPF-GATE-07,GWY-TRUST,예,QA-12B-1,,"[GWY-TRUST] 정상 수직 흐름의 요구 경로에 대응하는 Source/contract/Test 후보는 확인했다. 그러나 Java25 Gateway 기동, 실제 upstream, 다중 인스턴스, DNS/SSRF, timeout/response-loss/failover Browser·Fault 실행은 최신 SHA에서 수행되지 않았다. 제품 실패로 단정하지 않고 환경차이 미검증으로 유지한다.",,검수 후 환경차이 미검증,cpf-docs/evidence/qa/QA_PARALLEL_12WAY_QA-12B_R5_f97655c/gateway_review.md#gwy-trust
CPF-SC-000650,CPF-FR-003295,GWY-TRUST,P0,GATEWAY,INVALID,[GWY-TRUST] 입력·경계 오류,Gateway 운영자·개발자,최신 exact SHA; 유효 Session,invalid/empty/oversize/unknown enum,각 invalid 제출,표준 field/path 오류·side effect 0,500/raw exception/부분 저장,Java25·적용 DB/Provider/Browser/Process 환경,Local/Remote·single/multi-instance 중 적용,source SHA·command·environment·start/end·exit code·pre/post state·report/artifact hash·sanitization,미검증,f97655c1299936a1101bc3ec10239265ec3b502e,cpf-docs/evidence/qa/QA_PARALLEL_12WAY_QA-12B_R5_f97655c/gateway_review.md#gwy-trust,"Java25 Gateway 기동, 실제 upstream, 다중 인스턴스, DNS/SSRF, timeout/response-loss/failover Browser·Fault 실행은 최신 SHA에서 수행되지 않았다",목표 환경 scenario 실행 Evidence 반영 후 QA 재검수,P07,Gateway·Batch·Messaging·외부연계·운영 Runtime,07-00000650,P07-GATEWAY-GWY-TRUST,P05;P06,CPF-GATE-07,GWY-TRUST,예,QA-12B-1,,"[GWY-TRUST] 입력·경계 오류의 요구 경로에 대응하는 Source/contract/Test 후보는 확인했다. 그러나 Java25 Gateway 기동, 실제 upstream, 다중 인스턴스, DNS/SSRF, timeout/response-loss/failover Browser·Fault 실행은 최신 SHA에서 수행되지 않았다. 제품 실패로 단정하지 않고 환경차이 미검증으로 유지한다.",,검수 후 환경차이 미검증,cpf-docs/evidence/qa/QA_PARALLEL_12WAY_QA-12B_R5_f97655c/gateway_review.md#gwy-trust
CPF-SC-000651,CPF-FR-003295,GWY-TRUST,P0,GATEWAY,UNAUTHORIZED,[GWY-TRUST] 미인증·권한 부족,Gateway 운영자·개발자,최신 exact SHA; 권한 없는 principal,401/403 대상,UI 직접 URL/API/Method 호출,Server 거부·Audit·민감정보 0,버튼만 숨김/default allow,Java25·적용 DB/Provider/Browser/Process 환경,Local/Remote·single/multi-instance 중 적용,source SHA·command·environment·start/end·exit code·pre/post state·report/artifact hash·sanitization,미검증,f97655c1299936a1101bc3ec10239265ec3b502e,cpf-docs/evidence/qa/QA_PARALLEL_12WAY_QA-12B_R5_f97655c/gateway_review.md#gwy-trust,"Java25 Gateway 기동, 실제 upstream, 다중 인스턴스, DNS/SSRF, timeout/response-loss/failover Browser·Fault 실행은 최신 SHA에서 수행되지 않았다",목표 환경 scenario 실행 Evidence 반영 후 QA 재검수,P07,Gateway·Batch·Messaging·외부연계·운영 Runtime,07-00000651,P07-GATEWAY-GWY-TRUST,P05;P06,CPF-GATE-07,GWY-TRUST,예,QA-12B-1,,"[GWY-TRUST] 미인증·권한 부족의 요구 경로에 대응하는 Source/contract/Test 후보는 확인했다. 그러나 Java25 Gateway 기동, 실제 upstream, 다중 인스턴스, DNS/SSRF, timeout/response-loss/failover Browser·Fault 실행은 최신 SHA에서 수행되지 않았다. 제품 실패로 단정하지 않고 환경차이 미검증으로 유지한다.",,검수 후 환경차이 미검증,cpf-docs/evidence/qa/QA_PARALLEL_12WAY_QA-12B_R5_f97655c/gateway_review.md#gwy-trust
CPF-SC-000652,CPF-FR-003295,GWY-TRUST,P0,GATEWAY,CONFLICT,[GWY-TRUST] Version·Hash 충돌,Gateway 운영자·개발자,최신 exact SHA; 기존 version,stale expectedVersion/다른 hash,동시/재시도 요청,409·기존 결과 보존·lost update 0,후행 요청 덮어씀,Java25·적용 DB/Provider/Browser/Process 환경,Local/Remote·single/multi-instance 중 적용,source SHA·command·environment·start/end·exit code·pre/post state·report/artifact hash·sanitization,미검증,f97655c1299936a1101bc3ec10239265ec3b502e,cpf-docs/evidence/qa/QA_PARALLEL_12WAY_QA-12B_R5_f97655c/gateway_review.md#gwy-trust,"Java25 Gateway 기동, 실제 upstream, 다중 인스턴스, DNS/SSRF, timeout/response-loss/failover Browser·Fault 실행은 최신 SHA에서 수행되지 않았다",목표 환경 scenario 실행 Evidence 반영 후 QA 재검수,P07,Gateway·Batch·Messaging·외부연계·운영 Runtime,07-00000652,P07-GATEWAY-GWY-TRUST,P05;P06,CPF-GATE-07,GWY-TRUST,예,QA-12B-1,,"[GWY-TRUST] Version·Hash 충돌의 요구 경로에 대응하는 Source/contract/Test 후보는 확인했다. 그러나 Java25 Gateway 기동, 실제 upstream, 다중 인스턴스, DNS/SSRF, timeout/response-loss/failover Browser·Fault 실행은 최신 SHA에서 수행되지 않았다. 제품 실패로 단정하지 않고 환경차이 미검증으로 유지한다.",,검수 후 환경차이 미검증,cpf-docs/evidence/qa/QA_PARALLEL_12WAY_QA-12B_R5_f97655c/gateway_review.md#gwy-trust
CPF-SC-000653,CPF-FR-003295,GWY-TRUST,P0,GATEWAY,DUPLICATE,[GWY-TRUST] 중복 요청,Gateway 운영자·개발자,최신 exact SHA; 같은 operationId,동일/상이 payload,동시·순차 중복,"동일 replay, 다른 payload conflict",side effect 2회,Java25·적용 DB/Provider/Browser/Process 환경,Local/Remote·single/multi-instance 중 적용,source SHA·command·environment·start/end·exit code·pre/post state·report/artifact hash·sanitization,미검증,f97655c1299936a1101bc3ec10239265ec3b502e,cpf-docs/evidence/qa/QA_PARALLEL_12WAY_QA-12B_R5_f97655c/gateway_review.md#gwy-trust,"Java25 Gateway 기동, 실제 upstream, 다중 인스턴스, DNS/SSRF, timeout/response-loss/failover Browser·Fault 실행은 최신 SHA에서 수행되지 않았다",목표 환경 scenario 실행 Evidence 반영 후 QA 재검수,P07,Gateway·Batch·Messaging·외부연계·운영 Runtime,07-00000653,P07-GATEWAY-GWY-TRUST,P05;P06,CPF-GATE-07,GWY-TRUST,예,QA-12B-1,,"[GWY-TRUST] 중복 요청의 요구 경로에 대응하는 Source/contract/Test 후보는 확인했다. 그러나 Java25 Gateway 기동, 실제 upstream, 다중 인스턴스, DNS/SSRF, timeout/response-loss/failover Browser·Fault 실행은 최신 SHA에서 수행되지 않았다. 제품 실패로 단정하지 않고 환경차이 미검증으로 유지한다.",,검수 후 환경차이 미검증,cpf-docs/evidence/qa/QA_PARALLEL_12WAY_QA-12B_R5_f97655c/gateway_review.md#gwy-trust
CPF-SC-000654,CPF-FR-003295,GWY-TRUST,P0,GATEWAY,TIMEOUT_PRE,[GWY-TRUST] Side effect 전 Timeout,Gateway 운영자·개발자,최신 exact SHA; dependency delay,connect/header timeout,timeout 주입,retryable failure·side effect 0,UNKNOWN/성공 오인,Java25·적용 DB/Provider/Browser/Process 환경,Local/Remote·single/multi-instance 중 적용,source SHA·command·environment·start/end·exit code·pre/post state·report/artifact hash·sanitization,미검증,f97655c1299936a1101bc3ec10239265ec3b502e,cpf-docs/evidence/qa/QA_PARALLEL_12WAY_QA-12B_R5_f97655c/gateway_review.md#gwy-trust,"Java25 Gateway 기동, 실제 upstream, 다중 인스턴스, DNS/SSRF, timeout/response-loss/failover Browser·Fault 실행은 최신 SHA에서 수행되지 않았다",목표 환경 scenario 실행 Evidence 반영 후 QA 재검수,P07,Gateway·Batch·Messaging·외부연계·운영 Runtime,07-00000654,P07-GATEWAY-GWY-TRUST,P05;P06,CPF-GATE-07,GWY-TRUST,예,QA-12B-1,,"[GWY-TRUST] Side effect 전 Timeout의 요구 경로에 대응하는 Source/contract/Test 후보는 확인했다. 그러나 Java25 Gateway 기동, 실제 upstream, 다중 인스턴스, DNS/SSRF, timeout/response-loss/failover Browser·Fault 실행은 최신 SHA에서 수행되지 않았다. 제품 실패로 단정하지 않고 환경차이 미검증으로 유지한다.",,검수 후 환경차이 미검증,cpf-docs/evidence/qa/QA_PARALLEL_12WAY_QA-12B_R5_f97655c/gateway_review.md#gwy-trust
CPF-SC-000655,CPF-FR-003295,GWY-TRUST,P0,GATEWAY,RESPONSE_LOSS,[GWY-TRUST] Side effect 후 응답 유실,Gateway 운영자·개발자,최신 exact SHA; Owner commit,commit 후 reset,응답 차단,UNKNOWN·blind retry 금지·reconcile,자동 실패/무조건 retry,Java25·적용 DB/Provider/Browser/Process 환경,Local/Remote·single/multi-instance 중 적용,source SHA·command·environment·start/end·exit code·pre/post state·report/artifact hash·sanitization,미검증,f97655c1299936a1101bc3ec10239265ec3b502e,cpf-docs/evidence/qa/QA_PARALLEL_12WAY_QA-12B_R5_f97655c/gateway_review.md#gwy-trust,"Java25 Gateway 기동, 실제 upstream, 다중 인스턴스, DNS/SSRF, timeout/response-loss/failover Browser·Fault 실행은 최신 SHA에서 수행되지 않았다",목표 환경 scenario 실행 Evidence 반영 후 QA 재검수,P07,Gateway·Batch·Messaging·외부연계·운영 Runtime,07-00000655,P07-GATEWAY-GWY-TRUST,P05;P06,CPF-GATE-07,GWY-TRUST,예,QA-12B-1,,"[GWY-TRUST] Side effect 후 응답 유실의 요구 경로에 대응하는 Source/contract/Test 후보는 확인했다. 그러나 Java25 Gateway 기동, 실제 upstream, 다중 인스턴스, DNS/SSRF, timeout/response-loss/failover Browser·Fault 실행은 최신 SHA에서 수행되지 않았다. 제품 실패로 단정하지 않고 환경차이 미검증으로 유지한다.",,검수 후 환경차이 미검증,cpf-docs/evidence/qa/QA_PARALLEL_12WAY_QA-12B_R5_f97655c/gateway_review.md#gwy-trust
CPF-SC-000656,CPF-FR-003295,GWY-TRUST,P0,GATEWAY,PARTIAL,[GWY-TRUST] 부분 실패,Gateway 운영자·개발자,최신 exact SHA; 다중 대상/항목,일부 target failure,group 실행,개별 성공/실패/unknown 보존,전체 성공/실패로 축약,Java25·적용 DB/Provider/Browser/Process 환경,Local/Remote·single/multi-instance 중 적용,source SHA·command·environment·start/end·exit code·pre/post state·report/artifact hash·sanitization,미검증,f97655c1299936a1101bc3ec10239265ec3b502e,cpf-docs/evidence/qa/QA_PARALLEL_12WAY_QA-12B_R5_f97655c/gateway_review.md#gwy-trust,"Java25 Gateway 기동, 실제 upstream, 다중 인스턴스, DNS/SSRF, timeout/response-loss/failover Browser·Fault 실행은 최신 SHA에서 수행되지 않았다",목표 환경 scenario 실행 Evidence 반영 후 QA 재검수,P07,Gateway·Batch·Messaging·외부연계·운영 Runtime,07-00000656,P07-GATEWAY-GWY-TRUST,P05;P06,CPF-GATE-07,GWY-TRUST,예,QA-12B-1,,"[GWY-TRUST] 부분 실패의 요구 경로에 대응하는 Source/contract/Test 후보는 확인했다. 그러나 Java25 Gateway 기동, 실제 upstream, 다중 인스턴스, DNS/SSRF, timeout/response-loss/failover Browser·Fault 실행은 최신 SHA에서 수행되지 않았다. 제품 실패로 단정하지 않고 환경차이 미검증으로 유지한다.",,검수 후 환경차이 미검증,cpf-docs/evidence/qa/QA_PARALLEL_12WAY_QA-12B_R5_f97655c/gateway_review.md#gwy-trust
CPF-SC-000657,CPF-FR-003295,GWY-TRUST,P0,GATEWAY,PROCESS_KILL,[GWY-TRUST] Process Kill·Restart,Gateway 운영자·개발자,최신 exact SHA; durable state,worker kill,claim/apply 후 종료·재기동,lease 회수·stale fencing·복구,고아 상태·중복,Java25·적용 DB/Provider/Browser/Process 환경,Local/Remote·single/multi-instance 중 적용,source SHA·command·environment·start/end·exit code·pre/post state·report/artifact hash·sanitization,미검증,f97655c1299936a1101bc3ec10239265ec3b502e,cpf-docs/evidence/qa/QA_PARALLEL_12WAY_QA-12B_R5_f97655c/gateway_review.md#gwy-trust,"Java25 Gateway 기동, 실제 upstream, 다중 인스턴스, DNS/SSRF, timeout/response-loss/failover Browser·Fault 실행은 최신 SHA에서 수행되지 않았다",목표 환경 scenario 실행 Evidence 반영 후 QA 재검수,P07,Gateway·Batch·Messaging·외부연계·운영 Runtime,07-00000657,P07-GATEWAY-GWY-TRUST,P05;P06,CPF-GATE-07,GWY-TRUST,예,QA-12B-1,,"[GWY-TRUST] Process Kill·Restart의 요구 경로에 대응하는 Source/contract/Test 후보는 확인했다. 그러나 Java25 Gateway 기동, 실제 upstream, 다중 인스턴스, DNS/SSRF, timeout/response-loss/failover Browser·Fault 실행은 최신 SHA에서 수행되지 않았다. 제품 실패로 단정하지 않고 환경차이 미검증으로 유지한다.",,검수 후 환경차이 미검증,cpf-docs/evidence/qa/QA_PARALLEL_12WAY_QA-12B_R5_f97655c/gateway_review.md#gwy-trust
CPF-SC-000658,CPF-FR-003295,GWY-TRUST,P0,GATEWAY,MULTI_INSTANCE,[GWY-TRUST] 다중 Instance,Gateway 운영자·개발자,최신 exact SHA; 2개 이상,공유 DB/queue,동시 처리·failover·rejoin,version/state 일치·중복 0,local state 의존,Java25·적용 DB/Provider/Browser/Process 환경,Local/Remote·single/multi-instance 중 적용,source SHA·command·environment·start/end·exit code·pre/post state·report/artifact hash·sanitization,미검증,f97655c1299936a1101bc3ec10239265ec3b502e,cpf-docs/evidence/qa/QA_PARALLEL_12WAY_QA-12B_R5_f97655c/gateway_review.md#gwy-trust,"Java25 Gateway 기동, 실제 upstream, 다중 인스턴스, DNS/SSRF, timeout/response-loss/failover Browser·Fault 실행은 최신 SHA에서 수행되지 않았다",목표 환경 scenario 실행 Evidence 반영 후 QA 재검수,P07,Gateway·Batch·Messaging·외부연계·운영 Runtime,07-00000658,P07-GATEWAY-GWY-TRUST,P05;P06,CPF-GATE-07,GWY-TRUST,예,QA-12B-1,,"[GWY-TRUST] 다중 Instance의 요구 경로에 대응하는 Source/contract/Test 후보는 확인했다. 그러나 Java25 Gateway 기동, 실제 upstream, 다중 인스턴스, DNS/SSRF, timeout/response-loss/failover Browser·Fault 실행은 최신 SHA에서 수행되지 않았다. 제품 실패로 단정하지 않고 환경차이 미검증으로 유지한다.",,검수 후 환경차이 미검증,cpf-docs/evidence/qa/QA_PARALLEL_12WAY_QA-12B_R5_f97655c/gateway_review.md#gwy-trust
CPF-SC-000659,CPF-FR-003295,GWY-TRUST,P0,GATEWAY,ROLLBACK,[GWY-TRUST] Rollback/Forward Recovery,Gateway 운영자·개발자,최신 exact SHA; 변경 전 snapshot,적용 후 결함,rollback/forward fix,데이터 보존·actual 일치·audit,부분 rollback·drift,Java25·적용 DB/Provider/Browser/Process 환경,Local/Remote·single/multi-instance 중 적용,source SHA·command·environment·start/end·exit code·pre/post state·report/artifact hash·sanitization,미검증,f97655c1299936a1101bc3ec10239265ec3b502e,cpf-docs/evidence/qa/QA_PARALLEL_12WAY_QA-12B_R5_f97655c/gateway_review.md#gwy-trust,"Java25 Gateway 기동, 실제 upstream, 다중 인스턴스, DNS/SSRF, timeout/response-loss/failover Browser·Fault 실행은 최신 SHA에서 수행되지 않았다",목표 환경 scenario 실행 Evidence 반영 후 QA 재검수,P07,Gateway·Batch·Messaging·외부연계·운영 Runtime,07-00000659,P07-GATEWAY-GWY-TRUST,P05;P06,CPF-GATE-07,GWY-TRUST,예,QA-12B-1,,"[GWY-TRUST] Rollback/Forward Recovery의 요구 경로에 대응하는 Source/contract/Test 후보는 확인했다. 그러나 Java25 Gateway 기동, 실제 upstream, 다중 인스턴스, DNS/SSRF, timeout/response-loss/failover Browser·Fault 실행은 최신 SHA에서 수행되지 않았다. 제품 실패로 단정하지 않고 환경차이 미검증으로 유지한다.",,검수 후 환경차이 미검증,cpf-docs/evidence/qa/QA_PARALLEL_12WAY_QA-12B_R5_f97655c/gateway_review.md#gwy-trust
CPF-SC-000660,CPF-FR-003295,GWY-TRUST,P0,GATEWAY,SECURITY_LEAK,[GWY-TRUST] 민감정보 누출,Gateway 운영자·개발자,최신 exact SHA; PII/Secret fixture,오류·Log·UI·Download,정상/실패 실행,원문 0 또는 승인 범위,Log/DOM/Storage/Evidence 원문,Java25·적용 DB/Provider/Browser/Process 환경,Local/Remote·single/multi-instance 중 적용,source SHA·command·environment·start/end·exit code·pre/post state·report/artifact hash·sanitization,미검증,f97655c1299936a1101bc3ec10239265ec3b502e,cpf-docs/evidence/qa/QA_PARALLEL_12WAY_QA-12B_R5_f97655c/gateway_review.md#gwy-trust,"Java25 Gateway 기동, 실제 upstream, 다중 인스턴스, DNS/SSRF, timeout/response-loss/failover Browser·Fault 실행은 최신 SHA에서 수행되지 않았다",목표 환경 scenario 실행 Evidence 반영 후 QA 재검수,P07,Gateway·Batch·Messaging·외부연계·운영 Runtime,07-00000660,P07-GATEWAY-GWY-TRUST,P05;P06,CPF-GATE-07,GWY-TRUST,예,QA-12B-1,,"[GWY-TRUST] 민감정보 누출의 요구 경로에 대응하는 Source/contract/Test 후보는 확인했다. 그러나 Java25 Gateway 기동, 실제 upstream, 다중 인스턴스, DNS/SSRF, timeout/response-loss/failover Browser·Fault 실행은 최신 SHA에서 수행되지 않았다. 제품 실패로 단정하지 않고 환경차이 미검증으로 유지한다.",,검수 후 환경차이 미검증,cpf-docs/evidence/qa/QA_PARALLEL_12WAY_QA-12B_R5_f97655c/gateway_review.md#gwy-trust
CPF-SC-000661,CPF-FR-003356,GWY-RESILIENCE,P0,GATEWAY,POSITIVE,[GWY-RESILIENCE] 정상 수직 흐름,Gateway 운영자·개발자,최신 exact SHA; 유효 입력과 권한,정상 데이터,요청→검증→처리→저장/전달→응답→감사,정상 상태·side effect·tracking 일치,Mock-only 또는 Consumer 미호출,Java25·적용 DB/Provider/Browser/Process 환경,Local/Remote·single/multi-instance 중 적용,source SHA·command·environment·start/end·exit code·pre/post state·report/artifact hash·sanitization,미검증,f97655c1299936a1101bc3ec10239265ec3b502e,cpf-docs/evidence/qa/QA_PARALLEL_12WAY_QA-12B_R5_f97655c/gateway_review.md#gwy-resilience,"Java25 Gateway 기동, 실제 upstream, 다중 인스턴스, DNS/SSRF, timeout/response-loss/failover Browser·Fault 실행은 최신 SHA에서 수행되지 않았다",목표 환경 scenario 실행 Evidence 반영 후 QA 재검수,P07,Gateway·Batch·Messaging·외부연계·운영 Runtime,07-00000661,P07-GATEWAY-GWY-RESILIENCE,P05;P06,CPF-GATE-07,GWY-RESILIENCE,예,QA-12B-1,,"[GWY-RESILIENCE] 정상 수직 흐름의 요구 경로에 대응하는 Source/contract/Test 후보는 확인했다. 그러나 Java25 Gateway 기동, 실제 upstream, 다중 인스턴스, DNS/SSRF, timeout/response-loss/failover Browser·Fault 실행은 최신 SHA에서 수행되지 않았다. 제품 실패로 단정하지 않고 환경차이 미검증으로 유지한다.",,검수 후 환경차이 미검증,cpf-docs/evidence/qa/QA_PARALLEL_12WAY_QA-12B_R5_f97655c/gateway_review.md#gwy-resilience
CPF-SC-000662,CPF-FR-003356,GWY-RESILIENCE,P0,GATEWAY,INVALID,[GWY-RESILIENCE] 입력·경계 오류,Gateway 운영자·개발자,최신 exact SHA; 유효 Session,invalid/empty/oversize/unknown enum,각 invalid 제출,표준 field/path 오류·side effect 0,500/raw exception/부분 저장,Java25·적용 DB/Provider/Browser/Process 환경,Local/Remote·single/multi-instance 중 적용,source SHA·command·environment·start/end·exit code·pre/post state·report/artifact hash·sanitization,미검증,f97655c1299936a1101bc3ec10239265ec3b502e,cpf-docs/evidence/qa/QA_PARALLEL_12WAY_QA-12B_R5_f97655c/gateway_review.md#gwy-resilience,"Java25 Gateway 기동, 실제 upstream, 다중 인스턴스, DNS/SSRF, timeout/response-loss/failover Browser·Fault 실행은 최신 SHA에서 수행되지 않았다",목표 환경 scenario 실행 Evidence 반영 후 QA 재검수,P07,Gateway·Batch·Messaging·외부연계·운영 Runtime,07-00000662,P07-GATEWAY-GWY-RESILIENCE,P05;P06,CPF-GATE-07,GWY-RESILIENCE,예,QA-12B-1,,"[GWY-RESILIENCE] 입력·경계 오류의 요구 경로에 대응하는 Source/contract/Test 후보는 확인했다. 그러나 Java25 Gateway 기동, 실제 upstream, 다중 인스턴스, DNS/SSRF, timeout/response-loss/failover Browser·Fault 실행은 최신 SHA에서 수행되지 않았다. 제품 실패로 단정하지 않고 환경차이 미검증으로 유지한다.",,검수 후 환경차이 미검증,cpf-docs/evidence/qa/QA_PARALLEL_12WAY_QA-12B_R5_f97655c/gateway_review.md#gwy-resilience
CPF-SC-000663,CPF-FR-003356,GWY-RESILIENCE,P0,GATEWAY,UNAUTHORIZED,[GWY-RESILIENCE] 미인증·권한 부족,Gateway 운영자·개발자,최신 exact SHA; 권한 없는 principal,401/403 대상,UI 직접 URL/API/Method 호출,Server 거부·Audit·민감정보 0,버튼만 숨김/default allow,Java25·적용 DB/Provider/Browser/Process 환경,Local/Remote·single/multi-instance 중 적용,source SHA·command·environment·start/end·exit code·pre/post state·report/artifact hash·sanitization,미검증,f97655c1299936a1101bc3ec10239265ec3b502e,cpf-docs/evidence/qa/QA_PARALLEL_12WAY_QA-12B_R5_f97655c/gateway_review.md#gwy-resilience,"Java25 Gateway 기동, 실제 upstream, 다중 인스턴스, DNS/SSRF, timeout/response-loss/failover Browser·Fault 실행은 최신 SHA에서 수행되지 않았다",목표 환경 scenario 실행 Evidence 반영 후 QA 재검수,P07,Gateway·Batch·Messaging·외부연계·운영 Runtime,07-00000663,P07-GATEWAY-GWY-RESILIENCE,P05;P06,CPF-GATE-07,GWY-RESILIENCE,예,QA-12B-1,,"[GWY-RESILIENCE] 미인증·권한 부족의 요구 경로에 대응하는 Source/contract/Test 후보는 확인했다. 그러나 Java25 Gateway 기동, 실제 upstream, 다중 인스턴스, DNS/SSRF, timeout/response-loss/failover Browser·Fault 실행은 최신 SHA에서 수행되지 않았다. 제품 실패로 단정하지 않고 환경차이 미검증으로 유지한다.",,검수 후 환경차이 미검증,cpf-docs/evidence/qa/QA_PARALLEL_12WAY_QA-12B_R5_f97655c/gateway_review.md#gwy-resilience
CPF-SC-000664,CPF-FR-003356,GWY-RESILIENCE,P0,GATEWAY,CONFLICT,[GWY-RESILIENCE] Version·Hash 충돌,Gateway 운영자·개발자,최신 exact SHA; 기존 version,stale expectedVersion/다른 hash,동시/재시도 요청,409·기존 결과 보존·lost update 0,후행 요청 덮어씀,Java25·적용 DB/Provider/Browser/Process 환경,Local/Remote·single/multi-instance 중 적용,source SHA·command·environment·start/end·exit code·pre/post state·report/artifact hash·sanitization,미검증,f97655c1299936a1101bc3ec10239265ec3b502e,cpf-docs/evidence/qa/QA_PARALLEL_12WAY_QA-12B_R5_f97655c/gateway_review.md#gwy-resilience,"Java25 Gateway 기동, 실제 upstream, 다중 인스턴스, DNS/SSRF, timeout/response-loss/failover Browser·Fault 실행은 최신 SHA에서 수행되지 않았다",목표 환경 scenario 실행 Evidence 반영 후 QA 재검수,P07,Gateway·Batch·Messaging·외부연계·운영 Runtime,07-00000664,P07-GATEWAY-GWY-RESILIENCE,P05;P06,CPF-GATE-07,GWY-RESILIENCE,예,QA-12B-1,,"[GWY-RESILIENCE] Version·Hash 충돌의 요구 경로에 대응하는 Source/contract/Test 후보는 확인했다. 그러나 Java25 Gateway 기동, 실제 upstream, 다중 인스턴스, DNS/SSRF, timeout/response-loss/failover Browser·Fault 실행은 최신 SHA에서 수행되지 않았다. 제품 실패로 단정하지 않고 환경차이 미검증으로 유지한다.",,검수 후 환경차이 미검증,cpf-docs/evidence/qa/QA_PARALLEL_12WAY_QA-12B_R5_f97655c/gateway_review.md#gwy-resilience
CPF-SC-000665,CPF-FR-003356,GWY-RESILIENCE,P0,GATEWAY,DUPLICATE,[GWY-RESILIENCE] 중복 요청,Gateway 운영자·개발자,최신 exact SHA; 같은 operationId,동일/상이 payload,동시·순차 중복,"동일 replay, 다른 payload conflict",side effect 2회,Java25·적용 DB/Provider/Browser/Process 환경,Local/Remote·single/multi-instance 중 적용,source SHA·command·environment·start/end·exit code·pre/post state·report/artifact hash·sanitization,미검증,f97655c1299936a1101bc3ec10239265ec3b502e,cpf-docs/evidence/qa/QA_PARALLEL_12WAY_QA-12B_R5_f97655c/gateway_review.md#gwy-resilience,"Java25 Gateway 기동, 실제 upstream, 다중 인스턴스, DNS/SSRF, timeout/response-loss/failover Browser·Fault 실행은 최신 SHA에서 수행되지 않았다",목표 환경 scenario 실행 Evidence 반영 후 QA 재검수,P07,Gateway·Batch·Messaging·외부연계·운영 Runtime,07-00000665,P07-GATEWAY-GWY-RESILIENCE,P05;P06,CPF-GATE-07,GWY-RESILIENCE,예,QA-12B-1,,"[GWY-RESILIENCE] 중복 요청의 요구 경로에 대응하는 Source/contract/Test 후보는 확인했다. 그러나 Java25 Gateway 기동, 실제 upstream, 다중 인스턴스, DNS/SSRF, timeout/response-loss/failover Browser·Fault 실행은 최신 SHA에서 수행되지 않았다. 제품 실패로 단정하지 않고 환경차이 미검증으로 유지한다.",,검수 후 환경차이 미검증,cpf-docs/evidence/qa/QA_PARALLEL_12WAY_QA-12B_R5_f97655c/gateway_review.md#gwy-resilience
CPF-SC-000666,CPF-FR-003356,GWY-RESILIENCE,P0,GATEWAY,TIMEOUT_PRE,[GWY-RESILIENCE] Side effect 전 Timeout,Gateway 운영자·개발자,최신 exact SHA; dependency delay,connect/header timeout,timeout 주입,retryable failure·side effect 0,UNKNOWN/성공 오인,Java25·적용 DB/Provider/Browser/Process 환경,Local/Remote·single/multi-instance 중 적용,source SHA·command·environment·start/end·exit code·pre/post state·report/artifact hash·sanitization,미검증,f97655c1299936a1101bc3ec10239265ec3b502e,cpf-docs/evidence/qa/QA_PARALLEL_12WAY_QA-12B_R5_f97655c/gateway_review.md#gwy-resilience,"Java25 Gateway 기동, 실제 upstream, 다중 인스턴스, DNS/SSRF, timeout/response-loss/failover Browser·Fault 실행은 최신 SHA에서 수행되지 않았다",목표 환경 scenario 실행 Evidence 반영 후 QA 재검수,P07,Gateway·Batch·Messaging·외부연계·운영 Runtime,07-00000666,P07-GATEWAY-GWY-RESILIENCE,P05;P06,CPF-GATE-07,GWY-RESILIENCE,예,QA-12B-1,,"[GWY-RESILIENCE] Side effect 전 Timeout의 요구 경로에 대응하는 Source/contract/Test 후보는 확인했다. 그러나 Java25 Gateway 기동, 실제 upstream, 다중 인스턴스, DNS/SSRF, timeout/response-loss/failover Browser·Fault 실행은 최신 SHA에서 수행되지 않았다. 제품 실패로 단정하지 않고 환경차이 미검증으로 유지한다.",,검수 후 환경차이 미검증,cpf-docs/evidence/qa/QA_PARALLEL_12WAY_QA-12B_R5_f97655c/gateway_review.md#gwy-resilience
CPF-SC-000667,CPF-FR-003356,GWY-RESILIENCE,P0,GATEWAY,RESPONSE_LOSS,[GWY-RESILIENCE] Side effect 후 응답 유실,Gateway 운영자·개발자,최신 exact SHA; Owner commit,commit 후 reset,응답 차단,UNKNOWN·blind retry 금지·reconcile,자동 실패/무조건 retry,Java25·적용 DB/Provider/Browser/Process 환경,Local/Remote·single/multi-instance 중 적용,source SHA·command·environment·start/end·exit code·pre/post state·report/artifact hash·sanitization,미검증,f97655c1299936a1101bc3ec10239265ec3b502e,cpf-docs/evidence/qa/QA_PARALLEL_12WAY_QA-12B_R5_f97655c/gateway_review.md#gwy-resilience,"Java25 Gateway 기동, 실제 upstream, 다중 인스턴스, DNS/SSRF, timeout/response-loss/failover Browser·Fault 실행은 최신 SHA에서 수행되지 않았다",목표 환경 scenario 실행 Evidence 반영 후 QA 재검수,P07,Gateway·Batch·Messaging·외부연계·운영 Runtime,07-00000667,P07-GATEWAY-GWY-RESILIENCE,P05;P06,CPF-GATE-07,GWY-RESILIENCE,예,QA-12B-1,,"[GWY-RESILIENCE] Side effect 후 응답 유실의 요구 경로에 대응하는 Source/contract/Test 후보는 확인했다. 그러나 Java25 Gateway 기동, 실제 upstream, 다중 인스턴스, DNS/SSRF, timeout/response-loss/failover Browser·Fault 실행은 최신 SHA에서 수행되지 않았다. 제품 실패로 단정하지 않고 환경차이 미검증으로 유지한다.",,검수 후 환경차이 미검증,cpf-docs/evidence/qa/QA_PARALLEL_12WAY_QA-12B_R5_f97655c/gateway_review.md#gwy-resilience
CPF-SC-000668,CPF-FR-003356,GWY-RESILIENCE,P0,GATEWAY,PARTIAL,[GWY-RESILIENCE] 부분 실패,Gateway 운영자·개발자,최신 exact SHA; 다중 대상/항목,일부 target failure,group 실행,개별 성공/실패/unknown 보존,전체 성공/실패로 축약,Java25·적용 DB/Provider/Browser/Process 환경,Local/Remote·single/multi-instance 중 적용,source SHA·command·environment·start/end·exit code·pre/post state·report/artifact hash·sanitization,미검증,f97655c1299936a1101bc3ec10239265ec3b502e,cpf-docs/evidence/qa/QA_PARALLEL_12WAY_QA-12B_R5_f97655c/gateway_review.md#gwy-resilience,"Java25 Gateway 기동, 실제 upstream, 다중 인스턴스, DNS/SSRF, timeout/response-loss/failover Browser·Fault 실행은 최신 SHA에서 수행되지 않았다",목표 환경 scenario 실행 Evidence 반영 후 QA 재검수,P07,Gateway·Batch·Messaging·외부연계·운영 Runtime,07-00000668,P07-GATEWAY-GWY-RESILIENCE,P05;P06,CPF-GATE-07,GWY-RESILIENCE,예,QA-12B-1,,"[GWY-RESILIENCE] 부분 실패의 요구 경로에 대응하는 Source/contract/Test 후보는 확인했다. 그러나 Java25 Gateway 기동, 실제 upstream, 다중 인스턴스, DNS/SSRF, timeout/response-loss/failover Browser·Fault 실행은 최신 SHA에서 수행되지 않았다. 제품 실패로 단정하지 않고 환경차이 미검증으로 유지한다.",,검수 후 환경차이 미검증,cpf-docs/evidence/qa/QA_PARALLEL_12WAY_QA-12B_R5_f97655c/gateway_review.md#gwy-resilience
CPF-SC-000669,CPF-FR-003356,GWY-RESILIENCE,P0,GATEWAY,PROCESS_KILL,[GWY-RESILIENCE] Process Kill·Restart,Gateway 운영자·개발자,최신 exact SHA; durable state,worker kill,claim/apply 후 종료·재기동,lease 회수·stale fencing·복구,고아 상태·중복,Java25·적용 DB/Provider/Browser/Process 환경,Local/Remote·single/multi-instance 중 적용,source SHA·command·environment·start/end·exit code·pre/post state·report/artifact hash·sanitization,미검증,f97655c1299936a1101bc3ec10239265ec3b502e,cpf-docs/evidence/qa/QA_PARALLEL_12WAY_QA-12B_R5_f97655c/gateway_review.md#gwy-resilience,"Java25 Gateway 기동, 실제 upstream, 다중 인스턴스, DNS/SSRF, timeout/response-loss/failover Browser·Fault 실행은 최신 SHA에서 수행되지 않았다",목표 환경 scenario 실행 Evidence 반영 후 QA 재검수,P07,Gateway·Batch·Messaging·외부연계·운영 Runtime,07-00000669,P07-GATEWAY-GWY-RESILIENCE,P05;P06,CPF-GATE-07,GWY-RESILIENCE,예,QA-12B-1,,"[GWY-RESILIENCE] Process Kill·Restart의 요구 경로에 대응하는 Source/contract/Test 후보는 확인했다. 그러나 Java25 Gateway 기동, 실제 upstream, 다중 인스턴스, DNS/SSRF, timeout/response-loss/failover Browser·Fault 실행은 최신 SHA에서 수행되지 않았다. 제품 실패로 단정하지 않고 환경차이 미검증으로 유지한다.",,검수 후 환경차이 미검증,cpf-docs/evidence/qa/QA_PARALLEL_12WAY_QA-12B_R5_f97655c/gateway_review.md#gwy-resilience
CPF-SC-000670,CPF-FR-003356,GWY-RESILIENCE,P0,GATEWAY,MULTI_INSTANCE,[GWY-RESILIENCE] 다중 Instance,Gateway 운영자·개발자,최신 exact SHA; 2개 이상,공유 DB/queue,동시 처리·failover·rejoin,version/state 일치·중복 0,local state 의존,Java25·적용 DB/Provider/Browser/Process 환경,Local/Remote·single/multi-instance 중 적용,source SHA·command·environment·start/end·exit code·pre/post state·report/artifact hash·sanitization,미검증,f97655c1299936a1101bc3ec10239265ec3b502e,cpf-docs/evidence/qa/QA_PARALLEL_12WAY_QA-12B_R5_f97655c/gateway_review.md#gwy-resilience,"Java25 Gateway 기동, 실제 upstream, 다중 인스턴스, DNS/SSRF, timeout/response-loss/failover Browser·Fault 실행은 최신 SHA에서 수행되지 않았다",목표 환경 scenario 실행 Evidence 반영 후 QA 재검수,P07,Gateway·Batch·Messaging·외부연계·운영 Runtime,07-00000670,P07-GATEWAY-GWY-RESILIENCE,P05;P06,CPF-GATE-07,GWY-RESILIENCE,예,QA-12B-1,,"[GWY-RESILIENCE] 다중 Instance의 요구 경로에 대응하는 Source/contract/Test 후보는 확인했다. 그러나 Java25 Gateway 기동, 실제 upstream, 다중 인스턴스, DNS/SSRF, timeout/response-loss/failover Browser·Fault 실행은 최신 SHA에서 수행되지 않았다. 제품 실패로 단정하지 않고 환경차이 미검증으로 유지한다.",,검수 후 환경차이 미검증,cpf-docs/evidence/qa/QA_PARALLEL_12WAY_QA-12B_R5_f97655c/gateway_review.md#gwy-resilience
CPF-SC-000671,CPF-FR-003356,GWY-RESILIENCE,P0,GATEWAY,ROLLBACK,[GWY-RESILIENCE] Rollback/Forward Recovery,Gateway 운영자·개발자,최신 exact SHA; 변경 전 snapshot,적용 후 결함,rollback/forward fix,데이터 보존·actual 일치·audit,부분 rollback·drift,Java25·적용 DB/Provider/Browser/Process 환경,Local/Remote·single/multi-instance 중 적용,source SHA·command·environment·start/end·exit code·pre/post state·report/artifact hash·sanitization,미검증,f97655c1299936a1101bc3ec10239265ec3b502e,cpf-docs/evidence/qa/QA_PARALLEL_12WAY_QA-12B_R5_f97655c/gateway_review.md#gwy-resilience,"Java25 Gateway 기동, 실제 upstream, 다중 인스턴스, DNS/SSRF, timeout/response-loss/failover Browser·Fault 실행은 최신 SHA에서 수행되지 않았다",목표 환경 scenario 실행 Evidence 반영 후 QA 재검수,P07,Gateway·Batch·Messaging·외부연계·운영 Runtime,07-00000671,P07-GATEWAY-GWY-RESILIENCE,P05;P06,CPF-GATE-07,GWY-RESILIENCE,예,QA-12B-1,,"[GWY-RESILIENCE] Rollback/Forward Recovery의 요구 경로에 대응하는 Source/contract/Test 후보는 확인했다. 그러나 Java25 Gateway 기동, 실제 upstream, 다중 인스턴스, DNS/SSRF, timeout/response-loss/failover Browser·Fault 실행은 최신 SHA에서 수행되지 않았다. 제품 실패로 단정하지 않고 환경차이 미검증으로 유지한다.",,검수 후 환경차이 미검증,cpf-docs/evidence/qa/QA_PARALLEL_12WAY_QA-12B_R5_f97655c/gateway_review.md#gwy-resilience
CPF-SC-000672,CPF-FR-003356,GWY-RESILIENCE,P0,GATEWAY,SECURITY_LEAK,[GWY-RESILIENCE] 민감정보 누출,Gateway 운영자·개발자,최신 exact SHA; PII/Secret fixture,오류·Log·UI·Download,정상/실패 실행,원문 0 또는 승인 범위,Log/DOM/Storage/Evidence 원문,Java25·적용 DB/Provider/Browser/Process 환경,Local/Remote·single/multi-instance 중 적용,source SHA·command·environment·start/end·exit code·pre/post state·report/artifact hash·sanitization,미검증,f97655c1299936a1101bc3ec10239265ec3b502e,cpf-docs/evidence/qa/QA_PARALLEL_12WAY_QA-12B_R5_f97655c/gateway_review.md#gwy-resilience,"Java25 Gateway 기동, 실제 upstream, 다중 인스턴스, DNS/SSRF, timeout/response-loss/failover Browser·Fault 실행은 최신 SHA에서 수행되지 않았다",목표 환경 scenario 실행 Evidence 반영 후 QA 재검수,P07,Gateway·Batch·Messaging·외부연계·운영 Runtime,07-00000672,P07-GATEWAY-GWY-RESILIENCE,P05;P06,CPF-GATE-07,GWY-RESILIENCE,예,QA-12B-1,,"[GWY-RESILIENCE] 민감정보 누출의 요구 경로에 대응하는 Source/contract/Test 후보는 확인했다. 그러나 Java25 Gateway 기동, 실제 upstream, 다중 인스턴스, DNS/SSRF, timeout/response-loss/failover Browser·Fault 실행은 최신 SHA에서 수행되지 않았다. 제품 실패로 단정하지 않고 환경차이 미검증으로 유지한다.",,검수 후 환경차이 미검증,cpf-docs/evidence/qa/QA_PARALLEL_12WAY_QA-12B_R5_f97655c/gateway_review.md#gwy-resilience
CPF-SC-000673,CPF-FR-003417,API-LIMIT,P0,GATEWAY,POSITIVE,[API-LIMIT] 정상 수직 흐름,Gateway 운영자·개발자,최신 exact SHA; 유효 입력과 권한,정상 데이터,요청→검증→처리→저장/전달→응답→감사,정상 상태·side effect·tracking 일치,Mock-only 또는 Consumer 미호출,Java25·적용 DB/Provider/Browser/Process 환경,Local/Remote·single/multi-instance 중 적용,source SHA·command·environment·start/end·exit code·pre/post state·report/artifact hash·sanitization,미검증,f97655c1299936a1101bc3ec10239265ec3b502e,cpf-docs/evidence/qa/QA_PARALLEL_12WAY_QA-12B_R5_f97655c/gateway_review.md#api-limit,"Java25 Gateway 기동, 실제 upstream, 다중 인스턴스, DNS/SSRF, timeout/response-loss/failover Browser·Fault 실행은 최신 SHA에서 수행되지 않았다",목표 환경 scenario 실행 Evidence 반영 후 QA 재검수,P07,Gateway·Batch·Messaging·외부연계·운영 Runtime,07-00000673,P07-GATEWAY-API-LIMIT,P05;P06,CPF-GATE-07,API-LIMIT,예,QA-12B-1,,"[API-LIMIT] 정상 수직 흐름의 요구 경로에 대응하는 Source/contract/Test 후보는 확인했다. 그러나 Java25 Gateway 기동, 실제 upstream, 다중 인스턴스, DNS/SSRF, timeout/response-loss/failover Browser·Fault 실행은 최신 SHA에서 수행되지 않았다. 제품 실패로 단정하지 않고 환경차이 미검증으로 유지한다.",,검수 후 환경차이 미검증,cpf-docs/evidence/qa/QA_PARALLEL_12WAY_QA-12B_R5_f97655c/gateway_review.md#api-limit
CPF-SC-000674,CPF-FR-003417,API-LIMIT,P0,GATEWAY,INVALID,[API-LIMIT] 입력·경계 오류,Gateway 운영자·개발자,최신 exact SHA; 유효 Session,invalid/empty/oversize/unknown enum,각 invalid 제출,표준 field/path 오류·side effect 0,500/raw exception/부분 저장,Java25·적용 DB/Provider/Browser/Process 환경,Local/Remote·single/multi-instance 중 적용,source SHA·command·environment·start/end·exit code·pre/post state·report/artifact hash·sanitization,미검증,f97655c1299936a1101bc3ec10239265ec3b502e,cpf-docs/evidence/qa/QA_PARALLEL_12WAY_QA-12B_R5_f97655c/gateway_review.md#api-limit,"Java25 Gateway 기동, 실제 upstream, 다중 인스턴스, DNS/SSRF, timeout/response-loss/failover Browser·Fault 실행은 최신 SHA에서 수행되지 않았다",목표 환경 scenario 실행 Evidence 반영 후 QA 재검수,P07,Gateway·Batch·Messaging·외부연계·운영 Runtime,07-00000674,P07-GATEWAY-API-LIMIT,P05;P06,CPF-GATE-07,API-LIMIT,예,QA-12B-1,,"[API-LIMIT] 입력·경계 오류의 요구 경로에 대응하는 Source/contract/Test 후보는 확인했다. 그러나 Java25 Gateway 기동, 실제 upstream, 다중 인스턴스, DNS/SSRF, timeout/response-loss/failover Browser·Fault 실행은 최신 SHA에서 수행되지 않았다. 제품 실패로 단정하지 않고 환경차이 미검증으로 유지한다.",,검수 후 환경차이 미검증,cpf-docs/evidence/qa/QA_PARALLEL_12WAY_QA-12B_R5_f97655c/gateway_review.md#api-limit
CPF-SC-000675,CPF-FR-003417,API-LIMIT,P0,GATEWAY,UNAUTHORIZED,[API-LIMIT] 미인증·권한 부족,Gateway 운영자·개발자,최신 exact SHA; 권한 없는 principal,401/403 대상,UI 직접 URL/API/Method 호출,Server 거부·Audit·민감정보 0,버튼만 숨김/default allow,Java25·적용 DB/Provider/Browser/Process 환경,Local/Remote·single/multi-instance 중 적용,source SHA·command·environment·start/end·exit code·pre/post state·report/artifact hash·sanitization,미검증,f97655c1299936a1101bc3ec10239265ec3b502e,cpf-docs/evidence/qa/QA_PARALLEL_12WAY_QA-12B_R5_f97655c/gateway_review.md#api-limit,"Java25 Gateway 기동, 실제 upstream, 다중 인스턴스, DNS/SSRF, timeout/response-loss/failover Browser·Fault 실행은 최신 SHA에서 수행되지 않았다",목표 환경 scenario 실행 Evidence 반영 후 QA 재검수,P07,Gateway·Batch·Messaging·외부연계·운영 Runtime,07-00000675,P07-GATEWAY-API-LIMIT,P05;P06,CPF-GATE-07,API-LIMIT,예,QA-12B-1,,"[API-LIMIT] 미인증·권한 부족의 요구 경로에 대응하는 Source/contract/Test 후보는 확인했다. 그러나 Java25 Gateway 기동, 실제 upstream, 다중 인스턴스, DNS/SSRF, timeout/response-loss/failover Browser·Fault 실행은 최신 SHA에서 수행되지 않았다. 제품 실패로 단정하지 않고 환경차이 미검증으로 유지한다.",,검수 후 환경차이 미검증,cpf-docs/evidence/qa/QA_PARALLEL_12WAY_QA-12B_R5_f97655c/gateway_review.md#api-limit
CPF-SC-000676,CPF-FR-003417,API-LIMIT,P0,GATEWAY,CONFLICT,[API-LIMIT] Version·Hash 충돌,Gateway 운영자·개발자,최신 exact SHA; 기존 version,stale expectedVersion/다른 hash,동시/재시도 요청,409·기존 결과 보존·lost update 0,후행 요청 덮어씀,Java25·적용 DB/Provider/Browser/Process 환경,Local/Remote·single/multi-instance 중 적용,source SHA·command·environment·start/end·exit code·pre/post state·report/artifact hash·sanitization,미검증,f97655c1299936a1101bc3ec10239265ec3b502e,cpf-docs/evidence/qa/QA_PARALLEL_12WAY_QA-12B_R5_f97655c/gateway_review.md#api-limit,"Java25 Gateway 기동, 실제 upstream, 다중 인스턴스, DNS/SSRF, timeout/response-loss/failover Browser·Fault 실행은 최신 SHA에서 수행되지 않았다",목표 환경 scenario 실행 Evidence 반영 후 QA 재검수,P07,Gateway·Batch·Messaging·외부연계·운영 Runtime,07-00000676,P07-GATEWAY-API-LIMIT,P05;P06,CPF-GATE-07,API-LIMIT,예,QA-12B-1,,"[API-LIMIT] Version·Hash 충돌의 요구 경로에 대응하는 Source/contract/Test 후보는 확인했다. 그러나 Java25 Gateway 기동, 실제 upstream, 다중 인스턴스, DNS/SSRF, timeout/response-loss/failover Browser·Fault 실행은 최신 SHA에서 수행되지 않았다. 제품 실패로 단정하지 않고 환경차이 미검증으로 유지한다.",,검수 후 환경차이 미검증,cpf-docs/evidence/qa/QA_PARALLEL_12WAY_QA-12B_R5_f97655c/gateway_review.md#api-limit
CPF-SC-000677,CPF-FR-003417,API-LIMIT,P0,GATEWAY,DUPLICATE,[API-LIMIT] 중복 요청,Gateway 운영자·개발자,최신 exact SHA; 같은 operationId,동일/상이 payload,동시·순차 중복,"동일 replay, 다른 payload conflict",side effect 2회,Java25·적용 DB/Provider/Browser/Process 환경,Local/Remote·single/multi-instance 중 적용,source SHA·command·environment·start/end·exit code·pre/post state·report/artifact hash·sanitization,미검증,f97655c1299936a1101bc3ec10239265ec3b502e,cpf-docs/evidence/qa/QA_PARALLEL_12WAY_QA-12B_R5_f97655c/gateway_review.md#api-limit,"Java25 Gateway 기동, 실제 upstream, 다중 인스턴스, DNS/SSRF, timeout/response-loss/failover Browser·Fault 실행은 최신 SHA에서 수행되지 않았다",목표 환경 scenario 실행 Evidence 반영 후 QA 재검수,P07,Gateway·Batch·Messaging·외부연계·운영 Runtime,07-00000677,P07-GATEWAY-API-LIMIT,P05;P06,CPF-GATE-07,API-LIMIT,예,QA-12B-1,,"[API-LIMIT] 중복 요청의 요구 경로에 대응하는 Source/contract/Test 후보는 확인했다. 그러나 Java25 Gateway 기동, 실제 upstream, 다중 인스턴스, DNS/SSRF, timeout/response-loss/failover Browser·Fault 실행은 최신 SHA에서 수행되지 않았다. 제품 실패로 단정하지 않고 환경차이 미검증으로 유지한다.",,검수 후 환경차이 미검증,cpf-docs/evidence/qa/QA_PARALLEL_12WAY_QA-12B_R5_f97655c/gateway_review.md#api-limit
CPF-SC-000678,CPF-FR-003417,API-LIMIT,P0,GATEWAY,TIMEOUT_PRE,[API-LIMIT] Side effect 전 Timeout,Gateway 운영자·개발자,최신 exact SHA; dependency delay,connect/header timeout,timeout 주입,retryable failure·side effect 0,UNKNOWN/성공 오인,Java25·적용 DB/Provider/Browser/Process 환경,Local/Remote·single/multi-instance 중 적용,source SHA·command·environment·start/end·exit code·pre/post state·report/artifact hash·sanitization,미검증,f97655c1299936a1101bc3ec10239265ec3b502e,cpf-docs/evidence/qa/QA_PARALLEL_12WAY_QA-12B_R5_f97655c/gateway_review.md#api-limit,"Java25 Gateway 기동, 실제 upstream, 다중 인스턴스, DNS/SSRF, timeout/response-loss/failover Browser·Fault 실행은 최신 SHA에서 수행되지 않았다",목표 환경 scenario 실행 Evidence 반영 후 QA 재검수,P07,Gateway·Batch·Messaging·외부연계·운영 Runtime,07-00000678,P07-GATEWAY-API-LIMIT,P05;P06,CPF-GATE-07,API-LIMIT,예,QA-12B-1,,"[API-LIMIT] Side effect 전 Timeout의 요구 경로에 대응하는 Source/contract/Test 후보는 확인했다. 그러나 Java25 Gateway 기동, 실제 upstream, 다중 인스턴스, DNS/SSRF, timeout/response-loss/failover Browser·Fault 실행은 최신 SHA에서 수행되지 않았다. 제품 실패로 단정하지 않고 환경차이 미검증으로 유지한다.",,검수 후 환경차이 미검증,cpf-docs/evidence/qa/QA_PARALLEL_12WAY_QA-12B_R5_f97655c/gateway_review.md#api-limit
CPF-SC-000679,CPF-FR-003417,API-LIMIT,P0,GATEWAY,RESPONSE_LOSS,[API-LIMIT] Side effect 후 응답 유실,Gateway 운영자·개발자,최신 exact SHA; Owner commit,commit 후 reset,응답 차단,UNKNOWN·blind retry 금지·reconcile,자동 실패/무조건 retry,Java25·적용 DB/Provider/Browser/Process 환경,Local/Remote·single/multi-instance 중 적용,source SHA·command·environment·start/end·exit code·pre/post state·report/artifact hash·sanitization,미검증,f97655c1299936a1101bc3ec10239265ec3b502e,cpf-docs/evidence/qa/QA_PARALLEL_12WAY_QA-12B_R5_f97655c/gateway_review.md#api-limit,"Java25 Gateway 기동, 실제 upstream, 다중 인스턴스, DNS/SSRF, timeout/response-loss/failover Browser·Fault 실행은 최신 SHA에서 수행되지 않았다",목표 환경 scenario 실행 Evidence 반영 후 QA 재검수,P07,Gateway·Batch·Messaging·외부연계·운영 Runtime,07-00000679,P07-GATEWAY-API-LIMIT,P05;P06,CPF-GATE-07,API-LIMIT,예,QA-12B-1,,"[API-LIMIT] Side effect 후 응답 유실의 요구 경로에 대응하는 Source/contract/Test 후보는 확인했다. 그러나 Java25 Gateway 기동, 실제 upstream, 다중 인스턴스, DNS/SSRF, timeout/response-loss/failover Browser·Fault 실행은 최신 SHA에서 수행되지 않았다. 제품 실패로 단정하지 않고 환경차이 미검증으로 유지한다.",,검수 후 환경차이 미검증,cpf-docs/evidence/qa/QA_PARALLEL_12WAY_QA-12B_R5_f97655c/gateway_review.md#api-limit
CPF-SC-000680,CPF-FR-003417,API-LIMIT,P0,GATEWAY,PARTIAL,[API-LIMIT] 부분 실패,Gateway 운영자·개발자,최신 exact SHA; 다중 대상/항목,일부 target failure,group 실행,개별 성공/실패/unknown 보존,전체 성공/실패로 축약,Java25·적용 DB/Provider/Browser/Process 환경,Local/Remote·single/multi-instance 중 적용,source SHA·command·environment·start/end·exit code·pre/post state·report/artifact hash·sanitization,미검증,f97655c1299936a1101bc3ec10239265ec3b502e,cpf-docs/evidence/qa/QA_PARALLEL_12WAY_QA-12B_R5_f97655c/gateway_review.md#api-limit,"Java25 Gateway 기동, 실제 upstream, 다중 인스턴스, DNS/SSRF, timeout/response-loss/failover Browser·Fault 실행은 최신 SHA에서 수행되지 않았다",목표 환경 scenario 실행 Evidence 반영 후 QA 재검수,P07,Gateway·Batch·Messaging·외부연계·운영 Runtime,07-00000680,P07-GATEWAY-API-LIMIT,P05;P06,CPF-GATE-07,API-LIMIT,예,QA-12B-1,,"[API-LIMIT] 부분 실패의 요구 경로에 대응하는 Source/contract/Test 후보는 확인했다. 그러나 Java25 Gateway 기동, 실제 upstream, 다중 인스턴스, DNS/SSRF, timeout/response-loss/failover Browser·Fault 실행은 최신 SHA에서 수행되지 않았다. 제품 실패로 단정하지 않고 환경차이 미검증으로 유지한다.",,검수 후 환경차이 미검증,cpf-docs/evidence/qa/QA_PARALLEL_12WAY_QA-12B_R5_f97655c/gateway_review.md#api-limit
CPF-SC-000681,CPF-FR-003417,API-LIMIT,P0,GATEWAY,PROCESS_KILL,[API-LIMIT] Process Kill·Restart,Gateway 운영자·개발자,최신 exact SHA; durable state,worker kill,claim/apply 후 종료·재기동,lease 회수·stale fencing·복구,고아 상태·중복,Java25·적용 DB/Provider/Browser/Process 환경,Local/Remote·single/multi-instance 중 적용,source SHA·command·environment·start/end·exit code·pre/post state·report/artifact hash·sanitization,미검증,f97655c1299936a1101bc3ec10239265ec3b502e,cpf-docs/evidence/qa/QA_PARALLEL_12WAY_QA-12B_R5_f97655c/gateway_review.md#api-limit,"Java25 Gateway 기동, 실제 upstream, 다중 인스턴스, DNS/SSRF, timeout/response-loss/failover Browser·Fault 실행은 최신 SHA에서 수행되지 않았다",목표 환경 scenario 실행 Evidence 반영 후 QA 재검수,P07,Gateway·Batch·Messaging·외부연계·운영 Runtime,07-00000681,P07-GATEWAY-API-LIMIT,P05;P06,CPF-GATE-07,API-LIMIT,예,QA-12B-1,,"[API-LIMIT] Process Kill·Restart의 요구 경로에 대응하는 Source/contract/Test 후보는 확인했다. 그러나 Java25 Gateway 기동, 실제 upstream, 다중 인스턴스, DNS/SSRF, timeout/response-loss/failover Browser·Fault 실행은 최신 SHA에서 수행되지 않았다. 제품 실패로 단정하지 않고 환경차이 미검증으로 유지한다.",,검수 후 환경차이 미검증,cpf-docs/evidence/qa/QA_PARALLEL_12WAY_QA-12B_R5_f97655c/gateway_review.md#api-limit
CPF-SC-000682,CPF-FR-003417,API-LIMIT,P0,GATEWAY,MULTI_INSTANCE,[API-LIMIT] 다중 Instance,Gateway 운영자·개발자,최신 exact SHA; 2개 이상,공유 DB/queue,동시 처리·failover·rejoin,version/state 일치·중복 0,local state 의존,Java25·적용 DB/Provider/Browser/Process 환경,Local/Remote·single/multi-instance 중 적용,source SHA·command·environment·start/end·exit code·pre/post state·report/artifact hash·sanitization,미검증,f97655c1299936a1101bc3ec10239265ec3b502e,cpf-docs/evidence/qa/QA_PARALLEL_12WAY_QA-12B_R5_f97655c/gateway_review.md#api-limit,"Java25 Gateway 기동, 실제 upstream, 다중 인스턴스, DNS/SSRF, timeout/response-loss/failover Browser·Fault 실행은 최신 SHA에서 수행되지 않았다",목표 환경 scenario 실행 Evidence 반영 후 QA 재검수,P07,Gateway·Batch·Messaging·외부연계·운영 Runtime,07-00000682,P07-GATEWAY-API-LIMIT,P05;P06,CPF-GATE-07,API-LIMIT,예,QA-12B-1,,"[API-LIMIT] 다중 Instance의 요구 경로에 대응하는 Source/contract/Test 후보는 확인했다. 그러나 Java25 Gateway 기동, 실제 upstream, 다중 인스턴스, DNS/SSRF, timeout/response-loss/failover Browser·Fault 실행은 최신 SHA에서 수행되지 않았다. 제품 실패로 단정하지 않고 환경차이 미검증으로 유지한다.",,검수 후 환경차이 미검증,cpf-docs/evidence/qa/QA_PARALLEL_12WAY_QA-12B_R5_f97655c/gateway_review.md#api-limit
CPF-SC-000683,CPF-FR-003417,API-LIMIT,P0,GATEWAY,ROLLBACK,[API-LIMIT] Rollback/Forward Recovery,Gateway 운영자·개발자,최신 exact SHA; 변경 전 snapshot,적용 후 결함,rollback/forward fix,데이터 보존·actual 일치·audit,부분 rollback·drift,Java25·적용 DB/Provider/Browser/Process 환경,Local/Remote·single/multi-instance 중 적용,source SHA·command·environment·start/end·exit code·pre/post state·report/artifact hash·sanitization,미검증,f97655c1299936a1101bc3ec10239265ec3b502e,cpf-docs/evidence/qa/QA_PARALLEL_12WAY_QA-12B_R5_f97655c/gateway_review.md#api-limit,"Java25 Gateway 기동, 실제 upstream, 다중 인스턴스, DNS/SSRF, timeout/response-loss/failover Browser·Fault 실행은 최신 SHA에서 수행되지 않았다",목표 환경 scenario 실행 Evidence 반영 후 QA 재검수,P07,Gateway·Batch·Messaging·외부연계·운영 Runtime,07-00000683,P07-GATEWAY-API-LIMIT,P05;P06,CPF-GATE-07,API-LIMIT,예,QA-12B-1,,"[API-LIMIT] Rollback/Forward Recovery의 요구 경로에 대응하는 Source/contract/Test 후보는 확인했다. 그러나 Java25 Gateway 기동, 실제 upstream, 다중 인스턴스, DNS/SSRF, timeout/response-loss/failover Browser·Fault 실행은 최신 SHA에서 수행되지 않았다. 제품 실패로 단정하지 않고 환경차이 미검증으로 유지한다.",,검수 후 환경차이 미검증,cpf-docs/evidence/qa/QA_PARALLEL_12WAY_QA-12B_R5_f97655c/gateway_review.md#api-limit
CPF-SC-000684,CPF-FR-003417,API-LIMIT,P0,GATEWAY,SECURITY_LEAK,[API-LIMIT] 민감정보 누출,Gateway 운영자·개발자,최신 exact SHA; PII/Secret fixture,오류·Log·UI·Download,정상/실패 실행,원문 0 또는 승인 범위,Log/DOM/Storage/Evidence 원문,Java25·적용 DB/Provider/Browser/Process 환경,Local/Remote·single/multi-instance 중 적용,source SHA·command·environment·start/end·exit code·pre/post state·report/artifact hash·sanitization,미검증,f97655c1299936a1101bc3ec10239265ec3b502e,cpf-docs/evidence/qa/QA_PARALLEL_12WAY_QA-12B_R5_f97655c/gateway_review.md#api-limit,"Java25 Gateway 기동, 실제 upstream, 다중 인스턴스, DNS/SSRF, timeout/response-loss/failover Browser·Fault 실행은 최신 SHA에서 수행되지 않았다",목표 환경 scenario 실행 Evidence 반영 후 QA 재검수,P07,Gateway·Batch·Messaging·외부연계·운영 Runtime,07-00000684,P07-GATEWAY-API-LIMIT,P05;P06,CPF-GATE-07,API-LIMIT,예,QA-12B-1,,"[API-LIMIT] 민감정보 누출의 요구 경로에 대응하는 Source/contract/Test 후보는 확인했다. 그러나 Java25 Gateway 기동, 실제 upstream, 다중 인스턴스, DNS/SSRF, timeout/response-loss/failover Browser·Fault 실행은 최신 SHA에서 수행되지 않았다. 제품 실패로 단정하지 않고 환경차이 미검증으로 유지한다.",,검수 후 환경차이 미검증,cpf-docs/evidence/qa/QA_PARALLEL_12WAY_QA-12B_R5_f97655c/gateway_review.md#api-limit
CPF-SC-000685,CPF-FR-003478,EXS-INST,P1,EXTERNAL,POSITIVE,[EXS-INST] 정상 수직 흐름,기관연계 개발자·운영자,최신 exact SHA; 유효 입력과 권한,정상 데이터,요청→검증→처리→저장/전달→응답→감사,정상 상태·side effect·tracking 일치,Mock-only 또는 Consumer 미호출,Java25·적용 DB/Provider/Browser/Process 환경,Local/Remote·single/multi-instance 중 적용,source SHA·command·environment·start/end·exit code·pre/post state·report/artifact hash·sanitization,실패,f97655c1299936a1101bc3ec10239265ec3b502e,cpf-docs/evidence/qa/QA_PARALLEL_12WAY_QA-12B_R5_f97655c/external_review.md#exs-inst,기관별 adapter와 실제 기관 Consumer 호출 경로가 확인되지 않았다,개발GPT 재개발 및 scenario 회귀 Test 후 QA 재검수,P07,Gateway·Batch·Messaging·외부연계·운영 Runtime,07-00000685,P07-EXTERNAL-EXS-INST,P05;P06,CPF-GATE-07,EXS-INST,예,QA-12B-1,미통과,"[EXS-INST] 정상 수직 흐름의 precondition/steps/expected/failure criteria를 cpf-starters/integration/{http-client,fixedlength,tcp,resilience};cpf-reference/src/main/java/com/cpf/reference/{external,filetransfer,servicecall};cpf-tools/generator/create-domain.ps1;cpf-admin/frontend/openapi/cpf-openapi.json와 대조했다. 실제 Acceptance 실패: 기관별 adapter와 실제 기관 Consumer 호출 경로가 확인되지 않았다.",기관별 adapter와 실제 기관 Consumer 호출 경로가 확인되지 않았다,미통과,cpf-docs/evidence/qa/QA_PARALLEL_12WAY_QA-12B_R5_f97655c/external_review.md#exs-inst
CPF-SC-000686,CPF-FR-003478,EXS-INST,P1,EXTERNAL,INVALID,[EXS-INST] 입력·경계 오류,기관연계 개발자·운영자,최신 exact SHA; 유효 Session,invalid/empty/oversize/unknown enum,각 invalid 제출,표준 field/path 오류·side effect 0,500/raw exception/부분 저장,Java25·적용 DB/Provider/Browser/Process 환경,Local/Remote·single/multi-instance 중 적용,source SHA·command·environment·start/end·exit code·pre/post state·report/artifact hash·sanitization,실패,f97655c1299936a1101bc3ec10239265ec3b502e,cpf-docs/evidence/qa/QA_PARALLEL_12WAY_QA-12B_R5_f97655c/external_review.md#exs-inst,기관별 adapter와 실제 기관 Consumer 호출 경로가 확인되지 않았다,개발GPT 재개발 및 scenario 회귀 Test 후 QA 재검수,P07,Gateway·Batch·Messaging·외부연계·운영 Runtime,07-00000686,P07-EXTERNAL-EXS-INST,P05;P06,CPF-GATE-07,EXS-INST,예,QA-12B-1,미통과,"[EXS-INST] 입력·경계 오류의 precondition/steps/expected/failure criteria를 cpf-starters/integration/{http-client,fixedlength,tcp,resilience};cpf-reference/src/main/java/com/cpf/reference/{external,filetransfer,servicecall};cpf-tools/generator/create-domain.ps1;cpf-admin/frontend/openapi/cpf-openapi.json와 대조했다. 실제 Acceptance 실패: 기관별 adapter와 실제 기관 Consumer 호출 경로가 확인되지 않았다.",기관별 adapter와 실제 기관 Consumer 호출 경로가 확인되지 않았다,미통과,cpf-docs/evidence/qa/QA_PARALLEL_12WAY_QA-12B_R5_f97655c/external_review.md#exs-inst
CPF-SC-000687,CPF-FR-003478,EXS-INST,P1,EXTERNAL,UNAUTHORIZED,[EXS-INST] 미인증·권한 부족,기관연계 개발자·운영자,최신 exact SHA; 권한 없는 principal,401/403 대상,UI 직접 URL/API/Method 호출,Server 거부·Audit·민감정보 0,버튼만 숨김/default allow,Java25·적용 DB/Provider/Browser/Process 환경,Local/Remote·single/multi-instance 중 적용,source SHA·command·environment·start/end·exit code·pre/post state·report/artifact hash·sanitization,실패,f97655c1299936a1101bc3ec10239265ec3b502e,cpf-docs/evidence/qa/QA_PARALLEL_12WAY_QA-12B_R5_f97655c/external_review.md#exs-inst,기관별 adapter와 실제 기관 Consumer 호출 경로가 확인되지 않았다,개발GPT 재개발 및 scenario 회귀 Test 후 QA 재검수,P07,Gateway·Batch·Messaging·외부연계·운영 Runtime,07-00000687,P07-EXTERNAL-EXS-INST,P05;P06,CPF-GATE-07,EXS-INST,예,QA-12B-1,미통과,"[EXS-INST] 미인증·권한 부족의 precondition/steps/expected/failure criteria를 cpf-starters/integration/{http-client,fixedlength,tcp,resilience};cpf-reference/src/main/java/com/cpf/reference/{external,filetransfer,servicecall};cpf-tools/generator/create-domain.ps1;cpf-admin/frontend/openapi/cpf-openapi.json와 대조했다. 실제 Acceptance 실패: 기관별 adapter와 실제 기관 Consumer 호출 경로가 확인되지 않았다.",기관별 adapter와 실제 기관 Consumer 호출 경로가 확인되지 않았다,미통과,cpf-docs/evidence/qa/QA_PARALLEL_12WAY_QA-12B_R5_f97655c/external_review.md#exs-inst
CPF-SC-000688,CPF-FR-003478,EXS-INST,P1,EXTERNAL,CONFLICT,[EXS-INST] Version·Hash 충돌,기관연계 개발자·운영자,최신 exact SHA; 기존 version,stale expectedVersion/다른 hash,동시/재시도 요청,409·기존 결과 보존·lost update 0,후행 요청 덮어씀,Java25·적용 DB/Provider/Browser/Process 환경,Local/Remote·single/multi-instance 중 적용,source SHA·command·environment·start/end·exit code·pre/post state·report/artifact hash·sanitization,실패,f97655c1299936a1101bc3ec10239265ec3b502e,cpf-docs/evidence/qa/QA_PARALLEL_12WAY_QA-12B_R5_f97655c/external_review.md#exs-inst,기관별 adapter와 실제 기관 Consumer 호출 경로가 확인되지 않았다,개발GPT 재개발 및 scenario 회귀 Test 후 QA 재검수,P07,Gateway·Batch·Messaging·외부연계·운영 Runtime,07-00000688,P07-EXTERNAL-EXS-INST,P05;P06,CPF-GATE-07,EXS-INST,예,QA-12B-1,미통과,"[EXS-INST] Version·Hash 충돌의 precondition/steps/expected/failure criteria를 cpf-starters/integration/{http-client,fixedlength,tcp,resilience};cpf-reference/src/main/java/com/cpf/reference/{external,filetransfer,servicecall};cpf-tools/generator/create-domain.ps1;cpf-admin/frontend/openapi/cpf-openapi.json와 대조했다. 실제 Acceptance 실패: 기관별 adapter와 실제 기관 Consumer 호출 경로가 확인되지 않았다.",기관별 adapter와 실제 기관 Consumer 호출 경로가 확인되지 않았다,미통과,cpf-docs/evidence/qa/QA_PARALLEL_12WAY_QA-12B_R5_f97655c/external_review.md#exs-inst
CPF-SC-000689,CPF-FR-003478,EXS-INST,P1,EXTERNAL,DUPLICATE,[EXS-INST] 중복 요청,기관연계 개발자·운영자,최신 exact SHA; 같은 operationId,동일/상이 payload,동시·순차 중복,"동일 replay, 다른 payload conflict",side effect 2회,Java25·적용 DB/Provider/Browser/Process 환경,Local/Remote·single/multi-instance 중 적용,source SHA·command·environment·start/end·exit code·pre/post state·report/artifact hash·sanitization,실패,f97655c1299936a1101bc3ec10239265ec3b502e,cpf-docs/evidence/qa/QA_PARALLEL_12WAY_QA-12B_R5_f97655c/external_review.md#exs-inst,기관별 adapter와 실제 기관 Consumer 호출 경로가 확인되지 않았다,개발GPT 재개발 및 scenario 회귀 Test 후 QA 재검수,P07,Gateway·Batch·Messaging·외부연계·운영 Runtime,07-00000689,P07-EXTERNAL-EXS-INST,P05;P06,CPF-GATE-07,EXS-INST,예,QA-12B-1,미통과,"[EXS-INST] 중복 요청의 precondition/steps/expected/failure criteria를 cpf-starters/integration/{http-client,fixedlength,tcp,resilience};cpf-reference/src/main/java/com/cpf/reference/{external,filetransfer,servicecall};cpf-tools/generator/create-domain.ps1;cpf-admin/frontend/openapi/cpf-openapi.json와 대조했다. 실제 Acceptance 실패: 기관별 adapter와 실제 기관 Consumer 호출 경로가 확인되지 않았다.",기관별 adapter와 실제 기관 Consumer 호출 경로가 확인되지 않았다,미통과,cpf-docs/evidence/qa/QA_PARALLEL_12WAY_QA-12B_R5_f97655c/external_review.md#exs-inst
CPF-SC-000690,CPF-FR-003478,EXS-INST,P1,EXTERNAL,TIMEOUT_PRE,[EXS-INST] Side effect 전 Timeout,기관연계 개발자·운영자,최신 exact SHA; dependency delay,connect/header timeout,timeout 주입,retryable failure·side effect 0,UNKNOWN/성공 오인,Java25·적용 DB/Provider/Browser/Process 환경,Local/Remote·single/multi-instance 중 적용,source SHA·command·environment·start/end·exit code·pre/post state·report/artifact hash·sanitization,실패,f97655c1299936a1101bc3ec10239265ec3b502e,cpf-docs/evidence/qa/QA_PARALLEL_12WAY_QA-12B_R5_f97655c/external_review.md#exs-inst,기관별 adapter와 실제 기관 Consumer 호출 경로가 확인되지 않았다,개발GPT 재개발 및 scenario 회귀 Test 후 QA 재검수,P07,Gateway·Batch·Messaging·외부연계·운영 Runtime,07-00000690,P07-EXTERNAL-EXS-INST,P05;P06,CPF-GATE-07,EXS-INST,예,QA-12B-1,미통과,"[EXS-INST] Side effect 전 Timeout의 precondition/steps/expected/failure criteria를 cpf-starters/integration/{http-client,fixedlength,tcp,resilience};cpf-reference/src/main/java/com/cpf/reference/{external,filetransfer,servicecall};cpf-tools/generator/create-domain.ps1;cpf-admin/frontend/openapi/cpf-openapi.json와 대조했다. 실제 Acceptance 실패: 기관별 adapter와 실제 기관 Consumer 호출 경로가 확인되지 않았다.",기관별 adapter와 실제 기관 Consumer 호출 경로가 확인되지 않았다,미통과,cpf-docs/evidence/qa/QA_PARALLEL_12WAY_QA-12B_R5_f97655c/external_review.md#exs-inst
CPF-SC-000691,CPF-FR-003478,EXS-INST,P1,EXTERNAL,RESPONSE_LOSS,[EXS-INST] Side effect 후 응답 유실,기관연계 개발자·운영자,최신 exact SHA; Owner commit,commit 후 reset,응답 차단,UNKNOWN·blind retry 금지·reconcile,자동 실패/무조건 retry,Java25·적용 DB/Provider/Browser/Process 환경,Local/Remote·single/multi-instance 중 적용,source SHA·command·environment·start/end·exit code·pre/post state·report/artifact hash·sanitization,실패,f97655c1299936a1101bc3ec10239265ec3b502e,cpf-docs/evidence/qa/QA_PARALLEL_12WAY_QA-12B_R5_f97655c/external_review.md#exs-inst,기관별 adapter와 실제 기관 Consumer 호출 경로가 확인되지 않았다,개발GPT 재개발 및 scenario 회귀 Test 후 QA 재검수,P07,Gateway·Batch·Messaging·외부연계·운영 Runtime,07-00000691,P07-EXTERNAL-EXS-INST,P05;P06,CPF-GATE-07,EXS-INST,예,QA-12B-1,미통과,"[EXS-INST] Side effect 후 응답 유실의 precondition/steps/expected/failure criteria를 cpf-starters/integration/{http-client,fixedlength,tcp,resilience};cpf-reference/src/main/java/com/cpf/reference/{external,filetransfer,servicecall};cpf-tools/generator/create-domain.ps1;cpf-admin/frontend/openapi/cpf-openapi.json와 대조했다. 실제 Acceptance 실패: 기관별 adapter와 실제 기관 Consumer 호출 경로가 확인되지 않았다.",기관별 adapter와 실제 기관 Consumer 호출 경로가 확인되지 않았다,미통과,cpf-docs/evidence/qa/QA_PARALLEL_12WAY_QA-12B_R5_f97655c/external_review.md#exs-inst
CPF-SC-000692,CPF-FR-003478,EXS-INST,P1,EXTERNAL,PARTIAL,[EXS-INST] 부분 실패,기관연계 개발자·운영자,최신 exact SHA; 다중 대상/항목,일부 target failure,group 실행,개별 성공/실패/unknown 보존,전체 성공/실패로 축약,Java25·적용 DB/Provider/Browser/Process 환경,Local/Remote·single/multi-instance 중 적용,source SHA·command·environment·start/end·exit code·pre/post state·report/artifact hash·sanitization,실패,f97655c1299936a1101bc3ec10239265ec3b502e,cpf-docs/evidence/qa/QA_PARALLEL_12WAY_QA-12B_R5_f97655c/external_review.md#exs-inst,기관별 adapter와 실제 기관 Consumer 호출 경로가 확인되지 않았다,개발GPT 재개발 및 scenario 회귀 Test 후 QA 재검수,P07,Gateway·Batch·Messaging·외부연계·운영 Runtime,07-00000692,P07-EXTERNAL-EXS-INST,P05;P06,CPF-GATE-07,EXS-INST,예,QA-12B-1,미통과,"[EXS-INST] 부분 실패의 precondition/steps/expected/failure criteria를 cpf-starters/integration/{http-client,fixedlength,tcp,resilience};cpf-reference/src/main/java/com/cpf/reference/{external,filetransfer,servicecall};cpf-tools/generator/create-domain.ps1;cpf-admin/frontend/openapi/cpf-openapi.json와 대조했다. 실제 Acceptance 실패: 기관별 adapter와 실제 기관 Consumer 호출 경로가 확인되지 않았다.",기관별 adapter와 실제 기관 Consumer 호출 경로가 확인되지 않았다,미통과,cpf-docs/evidence/qa/QA_PARALLEL_12WAY_QA-12B_R5_f97655c/external_review.md#exs-inst
CPF-SC-000693,CPF-FR-003478,EXS-INST,P1,EXTERNAL,PROCESS_KILL,[EXS-INST] Process Kill·Restart,기관연계 개발자·운영자,최신 exact SHA; durable state,worker kill,claim/apply 후 종료·재기동,lease 회수·stale fencing·복구,고아 상태·중복,Java25·적용 DB/Provider/Browser/Process 환경,Local/Remote·single/multi-instance 중 적용,source SHA·command·environment·start/end·exit code·pre/post state·report/artifact hash·sanitization,실패,f97655c1299936a1101bc3ec10239265ec3b502e,cpf-docs/evidence/qa/QA_PARALLEL_12WAY_QA-12B_R5_f97655c/external_review.md#exs-inst,기관별 adapter와 실제 기관 Consumer 호출 경로가 확인되지 않았다,개발GPT 재개발 및 scenario 회귀 Test 후 QA 재검수,P07,Gateway·Batch·Messaging·외부연계·운영 Runtime,07-00000693,P07-EXTERNAL-EXS-INST,P05;P06,CPF-GATE-07,EXS-INST,예,QA-12B-1,미통과,"[EXS-INST] Process Kill·Restart의 precondition/steps/expected/failure criteria를 cpf-starters/integration/{http-client,fixedlength,tcp,resilience};cpf-reference/src/main/java/com/cpf/reference/{external,filetransfer,servicecall};cpf-tools/generator/create-domain.ps1;cpf-admin/frontend/openapi/cpf-openapi.json와 대조했다. 실제 Acceptance 실패: 기관별 adapter와 실제 기관 Consumer 호출 경로가 확인되지 않았다.",기관별 adapter와 실제 기관 Consumer 호출 경로가 확인되지 않았다,미통과,cpf-docs/evidence/qa/QA_PARALLEL_12WAY_QA-12B_R5_f97655c/external_review.md#exs-inst
CPF-SC-000694,CPF-FR-003478,EXS-INST,P1,EXTERNAL,MULTI_INSTANCE,[EXS-INST] 다중 Instance,기관연계 개발자·운영자,최신 exact SHA; 2개 이상,공유 DB/queue,동시 처리·failover·rejoin,version/state 일치·중복 0,local state 의존,Java25·적용 DB/Provider/Browser/Process 환경,Local/Remote·single/multi-instance 중 적용,source SHA·command·environment·start/end·exit code·pre/post state·report/artifact hash·sanitization,실패,f97655c1299936a1101bc3ec10239265ec3b502e,cpf-docs/evidence/qa/QA_PARALLEL_12WAY_QA-12B_R5_f97655c/external_review.md#exs-inst,기관별 adapter와 실제 기관 Consumer 호출 경로가 확인되지 않았다,개발GPT 재개발 및 scenario 회귀 Test 후 QA 재검수,P07,Gateway·Batch·Messaging·외부연계·운영 Runtime,07-00000694,P07-EXTERNAL-EXS-INST,P05;P06,CPF-GATE-07,EXS-INST,예,QA-12B-1,미통과,"[EXS-INST] 다중 Instance의 precondition/steps/expected/failure criteria를 cpf-starters/integration/{http-client,fixedlength,tcp,resilience};cpf-reference/src/main/java/com/cpf/reference/{external,filetransfer,servicecall};cpf-tools/generator/create-domain.ps1;cpf-admin/frontend/openapi/cpf-openapi.json와 대조했다. 실제 Acceptance 실패: 기관별 adapter와 실제 기관 Consumer 호출 경로가 확인되지 않았다.",기관별 adapter와 실제 기관 Consumer 호출 경로가 확인되지 않았다,미통과,cpf-docs/evidence/qa/QA_PARALLEL_12WAY_QA-12B_R5_f97655c/external_review.md#exs-inst
CPF-SC-000695,CPF-FR-003478,EXS-INST,P1,EXTERNAL,ROLLBACK,[EXS-INST] Rollback/Forward Recovery,기관연계 개발자·운영자,최신 exact SHA; 변경 전 snapshot,적용 후 결함,rollback/forward fix,데이터 보존·actual 일치·audit,부분 rollback·drift,Java25·적용 DB/Provider/Browser/Process 환경,Local/Remote·single/multi-instance 중 적용,source SHA·command·environment·start/end·exit code·pre/post state·report/artifact hash·sanitization,실패,f97655c1299936a1101bc3ec10239265ec3b502e,cpf-docs/evidence/qa/QA_PARALLEL_12WAY_QA-12B_R5_f97655c/external_review.md#exs-inst,기관별 adapter와 실제 기관 Consumer 호출 경로가 확인되지 않았다,개발GPT 재개발 및 scenario 회귀 Test 후 QA 재검수,P07,Gateway·Batch·Messaging·외부연계·운영 Runtime,07-00000695,P07-EXTERNAL-EXS-INST,P05;P06,CPF-GATE-07,EXS-INST,예,QA-12B-1,미통과,"[EXS-INST] Rollback/Forward Recovery의 precondition/steps/expected/failure criteria를 cpf-starters/integration/{http-client,fixedlength,tcp,resilience};cpf-reference/src/main/java/com/cpf/reference/{external,filetransfer,servicecall};cpf-tools/generator/create-domain.ps1;cpf-admin/frontend/openapi/cpf-openapi.json와 대조했다. 실제 Acceptance 실패: 기관별 adapter와 실제 기관 Consumer 호출 경로가 확인되지 않았다.",기관별 adapter와 실제 기관 Consumer 호출 경로가 확인되지 않았다,미통과,cpf-docs/evidence/qa/QA_PARALLEL_12WAY_QA-12B_R5_f97655c/external_review.md#exs-inst
CPF-SC-000696,CPF-FR-003478,EXS-INST,P1,EXTERNAL,SECURITY_LEAK,[EXS-INST] 민감정보 누출,기관연계 개발자·운영자,최신 exact SHA; PII/Secret fixture,오류·Log·UI·Download,정상/실패 실행,원문 0 또는 승인 범위,Log/DOM/Storage/Evidence 원문,Java25·적용 DB/Provider/Browser/Process 환경,Local/Remote·single/multi-instance 중 적용,source SHA·command·environment·start/end·exit code·pre/post state·report/artifact hash·sanitization,실패,f97655c1299936a1101bc3ec10239265ec3b502e,cpf-docs/evidence/qa/QA_PARALLEL_12WAY_QA-12B_R5_f97655c/external_review.md#exs-inst,기관별 adapter와 실제 기관 Consumer 호출 경로가 확인되지 않았다,개발GPT 재개발 및 scenario 회귀 Test 후 QA 재검수,P07,Gateway·Batch·Messaging·외부연계·운영 Runtime,07-00000696,P07-EXTERNAL-EXS-INST,P05;P06,CPF-GATE-07,EXS-INST,예,QA-12B-1,미통과,"[EXS-INST] 민감정보 누출의 precondition/steps/expected/failure criteria를 cpf-starters/integration/{http-client,fixedlength,tcp,resilience};cpf-reference/src/main/java/com/cpf/reference/{external,filetransfer,servicecall};cpf-tools/generator/create-domain.ps1;cpf-admin/frontend/openapi/cpf-openapi.json와 대조했다. 실제 Acceptance 실패: 기관별 adapter와 실제 기관 Consumer 호출 경로가 확인되지 않았다.",기관별 adapter와 실제 기관 Consumer 호출 경로가 확인되지 않았다,미통과,cpf-docs/evidence/qa/QA_PARALLEL_12WAY_QA-12B_R5_f97655c/external_review.md#exs-inst
CPF-SC-000697,CPF-FR-003539,EXS-REST,P1,EXTERNAL,POSITIVE,[EXS-REST] 정상 수직 흐름,기관연계 개발자·운영자,최신 exact SHA; 유효 입력과 권한,정상 데이터,요청→검증→처리→저장/전달→응답→감사,정상 상태·side effect·tracking 일치,Mock-only 또는 Consumer 미호출,Java25·적용 DB/Provider/Browser/Process 환경,Local/Remote·single/multi-instance 중 적용,source SHA·command·environment·start/end·exit code·pre/post state·report/artifact hash·sanitization,미검증,f97655c1299936a1101bc3ec10239265ec3b502e,cpf-docs/evidence/qa/QA_PARALLEL_12WAY_QA-12B_R5_f97655c/external_review.md#exs-rest,"실제 기관계, TCP/Fixed 상대시스템, SFTP, 인증서, 네트워크 단절, response-loss/reconcile 실행은 최신 SHA에서 수행되지 않았다",목표 환경 scenario 실행 Evidence 반영 후 QA 재검수,P07,Gateway·Batch·Messaging·외부연계·운영 Runtime,07-00000697,P07-EXTERNAL-EXS-REST,P05;P06,CPF-GATE-07,EXS-REST,예,QA-12B-1,,"[EXS-REST] 정상 수직 흐름의 요구 경로에 대응하는 Source/contract/Test 후보는 확인했다. 그러나 실제 기관계, TCP/Fixed 상대시스템, SFTP, 인증서, 네트워크 단절, response-loss/reconcile 실행은 최신 SHA에서 수행되지 않았다. 제품 실패로 단정하지 않고 환경차이 미검증으로 유지한다.",,검수 후 환경차이 미검증,cpf-docs/evidence/qa/QA_PARALLEL_12WAY_QA-12B_R5_f97655c/external_review.md#exs-rest
CPF-SC-000698,CPF-FR-003539,EXS-REST,P1,EXTERNAL,INVALID,[EXS-REST] 입력·경계 오류,기관연계 개발자·운영자,최신 exact SHA; 유효 Session,invalid/empty/oversize/unknown enum,각 invalid 제출,표준 field/path 오류·side effect 0,500/raw exception/부분 저장,Java25·적용 DB/Provider/Browser/Process 환경,Local/Remote·single/multi-instance 중 적용,source SHA·command·environment·start/end·exit code·pre/post state·report/artifact hash·sanitization,미검증,f97655c1299936a1101bc3ec10239265ec3b502e,cpf-docs/evidence/qa/QA_PARALLEL_12WAY_QA-12B_R5_f97655c/external_review.md#exs-rest,"실제 기관계, TCP/Fixed 상대시스템, SFTP, 인증서, 네트워크 단절, response-loss/reconcile 실행은 최신 SHA에서 수행되지 않았다",목표 환경 scenario 실행 Evidence 반영 후 QA 재검수,P07,Gateway·Batch·Messaging·외부연계·운영 Runtime,07-00000698,P07-EXTERNAL-EXS-REST,P05;P06,CPF-GATE-07,EXS-REST,예,QA-12B-1,,"[EXS-REST] 입력·경계 오류의 요구 경로에 대응하는 Source/contract/Test 후보는 확인했다. 그러나 실제 기관계, TCP/Fixed 상대시스템, SFTP, 인증서, 네트워크 단절, response-loss/reconcile 실행은 최신 SHA에서 수행되지 않았다. 제품 실패로 단정하지 않고 환경차이 미검증으로 유지한다.",,검수 후 환경차이 미검증,cpf-docs/evidence/qa/QA_PARALLEL_12WAY_QA-12B_R5_f97655c/external_review.md#exs-rest
CPF-SC-000699,CPF-FR-003539,EXS-REST,P1,EXTERNAL,UNAUTHORIZED,[EXS-REST] 미인증·권한 부족,기관연계 개발자·운영자,최신 exact SHA; 권한 없는 principal,401/403 대상,UI 직접 URL/API/Method 호출,Server 거부·Audit·민감정보 0,버튼만 숨김/default allow,Java25·적용 DB/Provider/Browser/Process 환경,Local/Remote·single/multi-instance 중 적용,source SHA·command·environment·start/end·exit code·pre/post state·report/artifact hash·sanitization,미검증,f97655c1299936a1101bc3ec10239265ec3b502e,cpf-docs/evidence/qa/QA_PARALLEL_12WAY_QA-12B_R5_f97655c/external_review.md#exs-rest,"실제 기관계, TCP/Fixed 상대시스템, SFTP, 인증서, 네트워크 단절, response-loss/reconcile 실행은 최신 SHA에서 수행되지 않았다",목표 환경 scenario 실행 Evidence 반영 후 QA 재검수,P07,Gateway·Batch·Messaging·외부연계·운영 Runtime,07-00000699,P07-EXTERNAL-EXS-REST,P05;P06,CPF-GATE-07,EXS-REST,예,QA-12B-1,,"[EXS-REST] 미인증·권한 부족의 요구 경로에 대응하는 Source/contract/Test 후보는 확인했다. 그러나 실제 기관계, TCP/Fixed 상대시스템, SFTP, 인증서, 네트워크 단절, response-loss/reconcile 실행은 최신 SHA에서 수행되지 않았다. 제품 실패로 단정하지 않고 환경차이 미검증으로 유지한다.",,검수 후 환경차이 미검증,cpf-docs/evidence/qa/QA_PARALLEL_12WAY_QA-12B_R5_f97655c/external_review.md#exs-rest
CPF-SC-000700,CPF-FR-003539,EXS-REST,P1,EXTERNAL,CONFLICT,[EXS-REST] Version·Hash 충돌,기관연계 개발자·운영자,최신 exact SHA; 기존 version,stale expectedVersion/다른 hash,동시/재시도 요청,409·기존 결과 보존·lost update 0,후행 요청 덮어씀,Java25·적용 DB/Provider/Browser/Process 환경,Local/Remote·single/multi-instance 중 적용,source SHA·command·environment·start/end·exit code·pre/post state·report/artifact hash·sanitization,미검증,f97655c1299936a1101bc3ec10239265ec3b502e,cpf-docs/evidence/qa/QA_PARALLEL_12WAY_QA-12B_R5_f97655c/external_review.md#exs-rest,"실제 기관계, TCP/Fixed 상대시스템, SFTP, 인증서, 네트워크 단절, response-loss/reconcile 실행은 최신 SHA에서 수행되지 않았다",목표 환경 scenario 실행 Evidence 반영 후 QA 재검수,P07,Gateway·Batch·Messaging·외부연계·운영 Runtime,07-00000700,P07-EXTERNAL-EXS-REST,P05;P06,CPF-GATE-07,EXS-REST,예,QA-12B-1,,"[EXS-REST] Version·Hash 충돌의 요구 경로에 대응하는 Source/contract/Test 후보는 확인했다. 그러나 실제 기관계, TCP/Fixed 상대시스템, SFTP, 인증서, 네트워크 단절, response-loss/reconcile 실행은 최신 SHA에서 수행되지 않았다. 제품 실패로 단정하지 않고 환경차이 미검증으로 유지한다.",,검수 후 환경차이 미검증,cpf-docs/evidence/qa/QA_PARALLEL_12WAY_QA-12B_R5_f97655c/external_review.md#exs-rest
CPF-SC-000701,CPF-FR-003539,EXS-REST,P1,EXTERNAL,DUPLICATE,[EXS-REST] 중복 요청,기관연계 개발자·운영자,최신 exact SHA; 같은 operationId,동일/상이 payload,동시·순차 중복,"동일 replay, 다른 payload conflict",side effect 2회,Java25·적용 DB/Provider/Browser/Process 환경,Local/Remote·single/multi-instance 중 적용,source SHA·command·environment·start/end·exit code·pre/post state·report/artifact hash·sanitization,미검증,f97655c1299936a1101bc3ec10239265ec3b502e,cpf-docs/evidence/qa/QA_PARALLEL_12WAY_QA-12B_R5_f97655c/external_review.md#exs-rest,"실제 기관계, TCP/Fixed 상대시스템, SFTP, 인증서, 네트워크 단절, response-loss/reconcile 실행은 최신 SHA에서 수행되지 않았다",목표 환경 scenario 실행 Evidence 반영 후 QA 재검수,P07,Gateway·Batch·Messaging·외부연계·운영 Runtime,07-00000701,P07-EXTERNAL-EXS-REST,P05;P06,CPF-GATE-07,EXS-REST,예,QA-12B-1,,"[EXS-REST] 중복 요청의 요구 경로에 대응하는 Source/contract/Test 후보는 확인했다. 그러나 실제 기관계, TCP/Fixed 상대시스템, SFTP, 인증서, 네트워크 단절, response-loss/reconcile 실행은 최신 SHA에서 수행되지 않았다. 제품 실패로 단정하지 않고 환경차이 미검증으로 유지한다.",,검수 후 환경차이 미검증,cpf-docs/evidence/qa/QA_PARALLEL_12WAY_QA-12B_R5_f97655c/external_review.md#exs-rest
CPF-SC-000702,CPF-FR-003539,EXS-REST,P1,EXTERNAL,TIMEOUT_PRE,[EXS-REST] Side effect 전 Timeout,기관연계 개발자·운영자,최신 exact SHA; dependency delay,connect/header timeout,timeout 주입,retryable failure·side effect 0,UNKNOWN/성공 오인,Java25·적용 DB/Provider/Browser/Process 환경,Local/Remote·single/multi-instance 중 적용,source SHA·command·environment·start/end·exit code·pre/post state·report/artifact hash·sanitization,미검증,f97655c1299936a1101bc3ec10239265ec3b502e,cpf-docs/evidence/qa/QA_PARALLEL_12WAY_QA-12B_R5_f97655c/external_review.md#exs-rest,"실제 기관계, TCP/Fixed 상대시스템, SFTP, 인증서, 네트워크 단절, response-loss/reconcile 실행은 최신 SHA에서 수행되지 않았다",목표 환경 scenario 실행 Evidence 반영 후 QA 재검수,P07,Gateway·Batch·Messaging·외부연계·운영 Runtime,07-00000702,P07-EXTERNAL-EXS-REST,P05;P06,CPF-GATE-07,EXS-REST,예,QA-12B-1,,"[EXS-REST] Side effect 전 Timeout의 요구 경로에 대응하는 Source/contract/Test 후보는 확인했다. 그러나 실제 기관계, TCP/Fixed 상대시스템, SFTP, 인증서, 네트워크 단절, response-loss/reconcile 실행은 최신 SHA에서 수행되지 않았다. 제품 실패로 단정하지 않고 환경차이 미검증으로 유지한다.",,검수 후 환경차이 미검증,cpf-docs/evidence/qa/QA_PARALLEL_12WAY_QA-12B_R5_f97655c/external_review.md#exs-rest
CPF-SC-000703,CPF-FR-003539,EXS-REST,P1,EXTERNAL,RESPONSE_LOSS,[EXS-REST] Side effect 후 응답 유실,기관연계 개발자·운영자,최신 exact SHA; Owner commit,commit 후 reset,응답 차단,UNKNOWN·blind retry 금지·reconcile,자동 실패/무조건 retry,Java25·적용 DB/Provider/Browser/Process 환경,Local/Remote·single/multi-instance 중 적용,source SHA·command·environment·start/end·exit code·pre/post state·report/artifact hash·sanitization,미검증,f97655c1299936a1101bc3ec10239265ec3b502e,cpf-docs/evidence/qa/QA_PARALLEL_12WAY_QA-12B_R5_f97655c/external_review.md#exs-rest,"실제 기관계, TCP/Fixed 상대시스템, SFTP, 인증서, 네트워크 단절, response-loss/reconcile 실행은 최신 SHA에서 수행되지 않았다",목표 환경 scenario 실행 Evidence 반영 후 QA 재검수,P07,Gateway·Batch·Messaging·외부연계·운영 Runtime,07-00000703,P07-EXTERNAL-EXS-REST,P05;P06,CPF-GATE-07,EXS-REST,예,QA-12B-1,,"[EXS-REST] Side effect 후 응답 유실의 요구 경로에 대응하는 Source/contract/Test 후보는 확인했다. 그러나 실제 기관계, TCP/Fixed 상대시스템, SFTP, 인증서, 네트워크 단절, response-loss/reconcile 실행은 최신 SHA에서 수행되지 않았다. 제품 실패로 단정하지 않고 환경차이 미검증으로 유지한다.",,검수 후 환경차이 미검증,cpf-docs/evidence/qa/QA_PARALLEL_12WAY_QA-12B_R5_f97655c/external_review.md#exs-rest
CPF-SC-000704,CPF-FR-003539,EXS-REST,P1,EXTERNAL,PARTIAL,[EXS-REST] 부분 실패,기관연계 개발자·운영자,최신 exact SHA; 다중 대상/항목,일부 target failure,group 실행,개별 성공/실패/unknown 보존,전체 성공/실패로 축약,Java25·적용 DB/Provider/Browser/Process 환경,Local/Remote·single/multi-instance 중 적용,source SHA·command·environment·start/end·exit code·pre/post state·report/artifact hash·sanitization,미검증,f97655c1299936a1101bc3ec10239265ec3b502e,cpf-docs/evidence/qa/QA_PARALLEL_12WAY_QA-12B_R5_f97655c/external_review.md#exs-rest,"실제 기관계, TCP/Fixed 상대시스템, SFTP, 인증서, 네트워크 단절, response-loss/reconcile 실행은 최신 SHA에서 수행되지 않았다",목표 환경 scenario 실행 Evidence 반영 후 QA 재검수,P07,Gateway·Batch·Messaging·외부연계·운영 Runtime,07-00000704,P07-EXTERNAL-EXS-REST,P05;P06,CPF-GATE-07,EXS-REST,예,QA-12B-1,,"[EXS-REST] 부분 실패의 요구 경로에 대응하는 Source/contract/Test 후보는 확인했다. 그러나 실제 기관계, TCP/Fixed 상대시스템, SFTP, 인증서, 네트워크 단절, response-loss/reconcile 실행은 최신 SHA에서 수행되지 않았다. 제품 실패로 단정하지 않고 환경차이 미검증으로 유지한다.",,검수 후 환경차이 미검증,cpf-docs/evidence/qa/QA_PARALLEL_12WAY_QA-12B_R5_f97655c/external_review.md#exs-rest
CPF-SC-000705,CPF-FR-003539,EXS-REST,P1,EXTERNAL,PROCESS_KILL,[EXS-REST] Process Kill·Restart,기관연계 개발자·운영자,최신 exact SHA; durable state,worker kill,claim/apply 후 종료·재기동,lease 회수·stale fencing·복구,고아 상태·중복,Java25·적용 DB/Provider/Browser/Process 환경,Local/Remote·single/multi-instance 중 적용,source SHA·command·environment·start/end·exit code·pre/post state·report/artifact hash·sanitization,미검증,f97655c1299936a1101bc3ec10239265ec3b502e,cpf-docs/evidence/qa/QA_PARALLEL_12WAY_QA-12B_R5_f97655c/external_review.md#exs-rest,"실제 기관계, TCP/Fixed 상대시스템, SFTP, 인증서, 네트워크 단절, response-loss/reconcile 실행은 최신 SHA에서 수행되지 않았다",목표 환경 scenario 실행 Evidence 반영 후 QA 재검수,P07,Gateway·Batch·Messaging·외부연계·운영 Runtime,07-00000705,P07-EXTERNAL-EXS-REST,P05;P06,CPF-GATE-07,EXS-REST,예,QA-12B-1,,"[EXS-REST] Process Kill·Restart의 요구 경로에 대응하는 Source/contract/Test 후보는 확인했다. 그러나 실제 기관계, TCP/Fixed 상대시스템, SFTP, 인증서, 네트워크 단절, response-loss/reconcile 실행은 최신 SHA에서 수행되지 않았다. 제품 실패로 단정하지 않고 환경차이 미검증으로 유지한다.",,검수 후 환경차이 미검증,cpf-docs/evidence/qa/QA_PARALLEL_12WAY_QA-12B_R5_f97655c/external_review.md#exs-rest
CPF-SC-000706,CPF-FR-003539,EXS-REST,P1,EXTERNAL,MULTI_INSTANCE,[EXS-REST] 다중 Instance,기관연계 개발자·운영자,최신 exact SHA; 2개 이상,공유 DB/queue,동시 처리·failover·rejoin,version/state 일치·중복 0,local state 의존,Java25·적용 DB/Provider/Browser/Process 환경,Local/Remote·single/multi-instance 중 적용,source SHA·command·environment·start/end·exit code·pre/post state·report/artifact hash·sanitization,미검증,f97655c1299936a1101bc3ec10239265ec3b502e,cpf-docs/evidence/qa/QA_PARALLEL_12WAY_QA-12B_R5_f97655c/external_review.md#exs-rest,"실제 기관계, TCP/Fixed 상대시스템, SFTP, 인증서, 네트워크 단절, response-loss/reconcile 실행은 최신 SHA에서 수행되지 않았다",목표 환경 scenario 실행 Evidence 반영 후 QA 재검수,P07,Gateway·Batch·Messaging·외부연계·운영 Runtime,07-00000706,P07-EXTERNAL-EXS-REST,P05;P06,CPF-GATE-07,EXS-REST,예,QA-12B-1,,"[EXS-REST] 다중 Instance의 요구 경로에 대응하는 Source/contract/Test 후보는 확인했다. 그러나 실제 기관계, TCP/Fixed 상대시스템, SFTP, 인증서, 네트워크 단절, response-loss/reconcile 실행은 최신 SHA에서 수행되지 않았다. 제품 실패로 단정하지 않고 환경차이 미검증으로 유지한다.",,검수 후 환경차이 미검증,cpf-docs/evidence/qa/QA_PARALLEL_12WAY_QA-12B_R5_f97655c/external_review.md#exs-rest
CPF-SC-000707,CPF-FR-003539,EXS-REST,P1,EXTERNAL,ROLLBACK,[EXS-REST] Rollback/Forward Recovery,기관연계 개발자·운영자,최신 exact SHA; 변경 전 snapshot,적용 후 결함,rollback/forward fix,데이터 보존·actual 일치·audit,부분 rollback·drift,Java25·적용 DB/Provider/Browser/Process 환경,Local/Remote·single/multi-instance 중 적용,source SHA·command·environment·start/end·exit code·pre/post state·report/artifact hash·sanitization,미검증,f97655c1299936a1101bc3ec10239265ec3b502e,cpf-docs/evidence/qa/QA_PARALLEL_12WAY_QA-12B_R5_f97655c/external_review.md#exs-rest,"실제 기관계, TCP/Fixed 상대시스템, SFTP, 인증서, 네트워크 단절, response-loss/reconcile 실행은 최신 SHA에서 수행되지 않았다",목표 환경 scenario 실행 Evidence 반영 후 QA 재검수,P07,Gateway·Batch·Messaging·외부연계·운영 Runtime,07-00000707,P07-EXTERNAL-EXS-REST,P05;P06,CPF-GATE-07,EXS-REST,예,QA-12B-1,,"[EXS-REST] Rollback/Forward Recovery의 요구 경로에 대응하는 Source/contract/Test 후보는 확인했다. 그러나 실제 기관계, TCP/Fixed 상대시스템, SFTP, 인증서, 네트워크 단절, response-loss/reconcile 실행은 최신 SHA에서 수행되지 않았다. 제품 실패로 단정하지 않고 환경차이 미검증으로 유지한다.",,검수 후 환경차이 미검증,cpf-docs/evidence/qa/QA_PARALLEL_12WAY_QA-12B_R5_f97655c/external_review.md#exs-rest
CPF-SC-000708,CPF-FR-003539,EXS-REST,P1,EXTERNAL,SECURITY_LEAK,[EXS-REST] 민감정보 누출,기관연계 개발자·운영자,최신 exact SHA; PII/Secret fixture,오류·Log·UI·Download,정상/실패 실행,원문 0 또는 승인 범위,Log/DOM/Storage/Evidence 원문,Java25·적용 DB/Provider/Browser/Process 환경,Local/Remote·single/multi-instance 중 적용,source SHA·command·environment·start/end·exit code·pre/post state·report/artifact hash·sanitization,미검증,f97655c1299936a1101bc3ec10239265ec3b502e,cpf-docs/evidence/qa/QA_PARALLEL_12WAY_QA-12B_R5_f97655c/external_review.md#exs-rest,"실제 기관계, TCP/Fixed 상대시스템, SFTP, 인증서, 네트워크 단절, response-loss/reconcile 실행은 최신 SHA에서 수행되지 않았다",목표 환경 scenario 실행 Evidence 반영 후 QA 재검수,P07,Gateway·Batch·Messaging·외부연계·운영 Runtime,07-00000708,P07-EXTERNAL-EXS-REST,P05;P06,CPF-GATE-07,EXS-REST,예,QA-12B-1,,"[EXS-REST] 민감정보 누출의 요구 경로에 대응하는 Source/contract/Test 후보는 확인했다. 그러나 실제 기관계, TCP/Fixed 상대시스템, SFTP, 인증서, 네트워크 단절, response-loss/reconcile 실행은 최신 SHA에서 수행되지 않았다. 제품 실패로 단정하지 않고 환경차이 미검증으로 유지한다.",,검수 후 환경차이 미검증,cpf-docs/evidence/qa/QA_PARALLEL_12WAY_QA-12B_R5_f97655c/external_review.md#exs-rest
CPF-SC-000709,CPF-FR-003600,EXS-FIXED,P1,EXTERNAL,POSITIVE,[EXS-FIXED] 정상 수직 흐름,기관연계 개발자·운영자,최신 exact SHA; 유효 입력과 권한,정상 데이터,요청→검증→처리→저장/전달→응답→감사,정상 상태·side effect·tracking 일치,Mock-only 또는 Consumer 미호출,Java25·적용 DB/Provider/Browser/Process 환경,Local/Remote·single/multi-instance 중 적용,source SHA·command·environment·start/end·exit code·pre/post state·report/artifact hash·sanitization,미검증,f97655c1299936a1101bc3ec10239265ec3b502e,cpf-docs/evidence/qa/QA_PARALLEL_12WAY_QA-12B_R5_f97655c/external_review.md#exs-fixed,"실제 기관계, TCP/Fixed 상대시스템, SFTP, 인증서, 네트워크 단절, response-loss/reconcile 실행은 최신 SHA에서 수행되지 않았다",목표 환경 scenario 실행 Evidence 반영 후 QA 재검수,P07,Gateway·Batch·Messaging·외부연계·운영 Runtime,07-00000709,P07-EXTERNAL-EXS-FIXED,P05;P06,CPF-GATE-07,EXS-FIXED,예,QA-12B-1,,"[EXS-FIXED] 정상 수직 흐름의 요구 경로에 대응하는 Source/contract/Test 후보는 확인했다. 그러나 실제 기관계, TCP/Fixed 상대시스템, SFTP, 인증서, 네트워크 단절, response-loss/reconcile 실행은 최신 SHA에서 수행되지 않았다. 제품 실패로 단정하지 않고 환경차이 미검증으로 유지한다.",,검수 후 환경차이 미검증,cpf-docs/evidence/qa/QA_PARALLEL_12WAY_QA-12B_R5_f97655c/external_review.md#exs-fixed
CPF-SC-000710,CPF-FR-003600,EXS-FIXED,P1,EXTERNAL,INVALID,[EXS-FIXED] 입력·경계 오류,기관연계 개발자·운영자,최신 exact SHA; 유효 Session,invalid/empty/oversize/unknown enum,각 invalid 제출,표준 field/path 오류·side effect 0,500/raw exception/부분 저장,Java25·적용 DB/Provider/Browser/Process 환경,Local/Remote·single/multi-instance 중 적용,source SHA·command·environment·start/end·exit code·pre/post state·report/artifact hash·sanitization,미검증,f97655c1299936a1101bc3ec10239265ec3b502e,cpf-docs/evidence/qa/QA_PARALLEL_12WAY_QA-12B_R5_f97655c/external_review.md#exs-fixed,"실제 기관계, TCP/Fixed 상대시스템, SFTP, 인증서, 네트워크 단절, response-loss/reconcile 실행은 최신 SHA에서 수행되지 않았다",목표 환경 scenario 실행 Evidence 반영 후 QA 재검수,P07,Gateway·Batch·Messaging·외부연계·운영 Runtime,07-00000710,P07-EXTERNAL-EXS-FIXED,P05;P06,CPF-GATE-07,EXS-FIXED,예,QA-12B-1,,"[EXS-FIXED] 입력·경계 오류의 요구 경로에 대응하는 Source/contract/Test 후보는 확인했다. 그러나 실제 기관계, TCP/Fixed 상대시스템, SFTP, 인증서, 네트워크 단절, response-loss/reconcile 실행은 최신 SHA에서 수행되지 않았다. 제품 실패로 단정하지 않고 환경차이 미검증으로 유지한다.",,검수 후 환경차이 미검증,cpf-docs/evidence/qa/QA_PARALLEL_12WAY_QA-12B_R5_f97655c/external_review.md#exs-fixed
CPF-SC-000711,CPF-FR-003600,EXS-FIXED,P1,EXTERNAL,UNAUTHORIZED,[EXS-FIXED] 미인증·권한 부족,기관연계 개발자·운영자,최신 exact SHA; 권한 없는 principal,401/403 대상,UI 직접 URL/API/Method 호출,Server 거부·Audit·민감정보 0,버튼만 숨김/default allow,Java25·적용 DB/Provider/Browser/Process 환경,Local/Remote·single/multi-instance 중 적용,source SHA·command·environment·start/end·exit code·pre/post state·report/artifact hash·sanitization,미검증,f97655c1299936a1101bc3ec10239265ec3b502e,cpf-docs/evidence/qa/QA_PARALLEL_12WAY_QA-12B_R5_f97655c/external_review.md#exs-fixed,"실제 기관계, TCP/Fixed 상대시스템, SFTP, 인증서, 네트워크 단절, response-loss/reconcile 실행은 최신 SHA에서 수행되지 않았다",목표 환경 scenario 실행 Evidence 반영 후 QA 재검수,P07,Gateway·Batch·Messaging·외부연계·운영 Runtime,07-00000711,P07-EXTERNAL-EXS-FIXED,P05;P06,CPF-GATE-07,EXS-FIXED,예,QA-12B-1,,"[EXS-FIXED] 미인증·권한 부족의 요구 경로에 대응하는 Source/contract/Test 후보는 확인했다. 그러나 실제 기관계, TCP/Fixed 상대시스템, SFTP, 인증서, 네트워크 단절, response-loss/reconcile 실행은 최신 SHA에서 수행되지 않았다. 제품 실패로 단정하지 않고 환경차이 미검증으로 유지한다.",,검수 후 환경차이 미검증,cpf-docs/evidence/qa/QA_PARALLEL_12WAY_QA-12B_R5_f97655c/external_review.md#exs-fixed
CPF-SC-000712,CPF-FR-003600,EXS-FIXED,P1,EXTERNAL,CONFLICT,[EXS-FIXED] Version·Hash 충돌,기관연계 개발자·운영자,최신 exact SHA; 기존 version,stale expectedVersion/다른 hash,동시/재시도 요청,409·기존 결과 보존·lost update 0,후행 요청 덮어씀,Java25·적용 DB/Provider/Browser/Process 환경,Local/Remote·single/multi-instance 중 적용,source SHA·command·environment·start/end·exit code·pre/post state·report/artifact hash·sanitization,미검증,f97655c1299936a1101bc3ec10239265ec3b502e,cpf-docs/evidence/qa/QA_PARALLEL_12WAY_QA-12B_R5_f97655c/external_review.md#exs-fixed,"실제 기관계, TCP/Fixed 상대시스템, SFTP, 인증서, 네트워크 단절, response-loss/reconcile 실행은 최신 SHA에서 수행되지 않았다",목표 환경 scenario 실행 Evidence 반영 후 QA 재검수,P07,Gateway·Batch·Messaging·외부연계·운영 Runtime,07-00000712,P07-EXTERNAL-EXS-FIXED,P05;P06,CPF-GATE-07,EXS-FIXED,예,QA-12B-1,,"[EXS-FIXED] Version·Hash 충돌의 요구 경로에 대응하는 Source/contract/Test 후보는 확인했다. 그러나 실제 기관계, TCP/Fixed 상대시스템, SFTP, 인증서, 네트워크 단절, response-loss/reconcile 실행은 최신 SHA에서 수행되지 않았다. 제품 실패로 단정하지 않고 환경차이 미검증으로 유지한다.",,검수 후 환경차이 미검증,cpf-docs/evidence/qa/QA_PARALLEL_12WAY_QA-12B_R5_f97655c/external_review.md#exs-fixed
CPF-SC-000713,CPF-FR-003600,EXS-FIXED,P1,EXTERNAL,DUPLICATE,[EXS-FIXED] 중복 요청,기관연계 개발자·운영자,최신 exact SHA; 같은 operationId,동일/상이 payload,동시·순차 중복,"동일 replay, 다른 payload conflict",side effect 2회,Java25·적용 DB/Provider/Browser/Process 환경,Local/Remote·single/multi-instance 중 적용,source SHA·command·environment·start/end·exit code·pre/post state·report/artifact hash·sanitization,미검증,f97655c1299936a1101bc3ec10239265ec3b502e,cpf-docs/evidence/qa/QA_PARALLEL_12WAY_QA-12B_R5_f97655c/external_review.md#exs-fixed,"실제 기관계, TCP/Fixed 상대시스템, SFTP, 인증서, 네트워크 단절, response-loss/reconcile 실행은 최신 SHA에서 수행되지 않았다",목표 환경 scenario 실행 Evidence 반영 후 QA 재검수,P07,Gateway·Batch·Messaging·외부연계·운영 Runtime,07-00000713,P07-EXTERNAL-EXS-FIXED,P05;P06,CPF-GATE-07,EXS-FIXED,예,QA-12B-1,,"[EXS-FIXED] 중복 요청의 요구 경로에 대응하는 Source/contract/Test 후보는 확인했다. 그러나 실제 기관계, TCP/Fixed 상대시스템, SFTP, 인증서, 네트워크 단절, response-loss/reconcile 실행은 최신 SHA에서 수행되지 않았다. 제품 실패로 단정하지 않고 환경차이 미검증으로 유지한다.",,검수 후 환경차이 미검증,cpf-docs/evidence/qa/QA_PARALLEL_12WAY_QA-12B_R5_f97655c/external_review.md#exs-fixed
CPF-SC-000714,CPF-FR-003600,EXS-FIXED,P1,EXTERNAL,TIMEOUT_PRE,[EXS-FIXED] Side effect 전 Timeout,기관연계 개발자·운영자,최신 exact SHA; dependency delay,connect/header timeout,timeout 주입,retryable failure·side effect 0,UNKNOWN/성공 오인,Java25·적용 DB/Provider/Browser/Process 환경,Local/Remote·single/multi-instance 중 적용,source SHA·command·environment·start/end·exit code·pre/post state·report/artifact hash·sanitization,미검증,f97655c1299936a1101bc3ec10239265ec3b502e,cpf-docs/evidence/qa/QA_PARALLEL_12WAY_QA-12B_R5_f97655c/external_review.md#exs-fixed,"실제 기관계, TCP/Fixed 상대시스템, SFTP, 인증서, 네트워크 단절, response-loss/reconcile 실행은 최신 SHA에서 수행되지 않았다",목표 환경 scenario 실행 Evidence 반영 후 QA 재검수,P07,Gateway·Batch·Messaging·외부연계·운영 Runtime,07-00000714,P07-EXTERNAL-EXS-FIXED,P05;P06,CPF-GATE-07,EXS-FIXED,예,QA-12B-1,,"[EXS-FIXED] Side effect 전 Timeout의 요구 경로에 대응하는 Source/contract/Test 후보는 확인했다. 그러나 실제 기관계, TCP/Fixed 상대시스템, SFTP, 인증서, 네트워크 단절, response-loss/reconcile 실행은 최신 SHA에서 수행되지 않았다. 제품 실패로 단정하지 않고 환경차이 미검증으로 유지한다.",,검수 후 환경차이 미검증,cpf-docs/evidence/qa/QA_PARALLEL_12WAY_QA-12B_R5_f97655c/external_review.md#exs-fixed
CPF-SC-000715,CPF-FR-003600,EXS-FIXED,P1,EXTERNAL,RESPONSE_LOSS,[EXS-FIXED] Side effect 후 응답 유실,기관연계 개발자·운영자,최신 exact SHA; Owner commit,commit 후 reset,응답 차단,UNKNOWN·blind retry 금지·reconcile,자동 실패/무조건 retry,Java25·적용 DB/Provider/Browser/Process 환경,Local/Remote·single/multi-instance 중 적용,source SHA·command·environment·start/end·exit code·pre/post state·report/artifact hash·sanitization,미검증,f97655c1299936a1101bc3ec10239265ec3b502e,cpf-docs/evidence/qa/QA_PARALLEL_12WAY_QA-12B_R5_f97655c/external_review.md#exs-fixed,"실제 기관계, TCP/Fixed 상대시스템, SFTP, 인증서, 네트워크 단절, response-loss/reconcile 실행은 최신 SHA에서 수행되지 않았다",목표 환경 scenario 실행 Evidence 반영 후 QA 재검수,P07,Gateway·Batch·Messaging·외부연계·운영 Runtime,07-00000715,P07-EXTERNAL-EXS-FIXED,P05;P06,CPF-GATE-07,EXS-FIXED,예,QA-12B-1,,"[EXS-FIXED] Side effect 후 응답 유실의 요구 경로에 대응하는 Source/contract/Test 후보는 확인했다. 그러나 실제 기관계, TCP/Fixed 상대시스템, SFTP, 인증서, 네트워크 단절, response-loss/reconcile 실행은 최신 SHA에서 수행되지 않았다. 제품 실패로 단정하지 않고 환경차이 미검증으로 유지한다.",,검수 후 환경차이 미검증,cpf-docs/evidence/qa/QA_PARALLEL_12WAY_QA-12B_R5_f97655c/external_review.md#exs-fixed
CPF-SC-000716,CPF-FR-003600,EXS-FIXED,P1,EXTERNAL,PARTIAL,[EXS-FIXED] 부분 실패,기관연계 개발자·운영자,최신 exact SHA; 다중 대상/항목,일부 target failure,group 실행,개별 성공/실패/unknown 보존,전체 성공/실패로 축약,Java25·적용 DB/Provider/Browser/Process 환경,Local/Remote·single/multi-instance 중 적용,source SHA·command·environment·start/end·exit code·pre/post state·report/artifact hash·sanitization,미검증,f97655c1299936a1101bc3ec10239265ec3b502e,cpf-docs/evidence/qa/QA_PARALLEL_12WAY_QA-12B_R5_f97655c/external_review.md#exs-fixed,"실제 기관계, TCP/Fixed 상대시스템, SFTP, 인증서, 네트워크 단절, response-loss/reconcile 실행은 최신 SHA에서 수행되지 않았다",목표 환경 scenario 실행 Evidence 반영 후 QA 재검수,P07,Gateway·Batch·Messaging·외부연계·운영 Runtime,07-00000716,P07-EXTERNAL-EXS-FIXED,P05;P06,CPF-GATE-07,EXS-FIXED,예,QA-12B-1,,"[EXS-FIXED] 부분 실패의 요구 경로에 대응하는 Source/contract/Test 후보는 확인했다. 그러나 실제 기관계, TCP/Fixed 상대시스템, SFTP, 인증서, 네트워크 단절, response-loss/reconcile 실행은 최신 SHA에서 수행되지 않았다. 제품 실패로 단정하지 않고 환경차이 미검증으로 유지한다.",,검수 후 환경차이 미검증,cpf-docs/evidence/qa/QA_PARALLEL_12WAY_QA-12B_R5_f97655c/external_review.md#exs-fixed
CPF-SC-000717,CPF-FR-003600,EXS-FIXED,P1,EXTERNAL,PROCESS_KILL,[EXS-FIXED] Process Kill·Restart,기관연계 개발자·운영자,최신 exact SHA; durable state,worker kill,claim/apply 후 종료·재기동,lease 회수·stale fencing·복구,고아 상태·중복,Java25·적용 DB/Provider/Browser/Process 환경,Local/Remote·single/multi-instance 중 적용,source SHA·command·environment·start/end·exit code·pre/post state·report/artifact hash·sanitization,미검증,f97655c1299936a1101bc3ec10239265ec3b502e,cpf-docs/evidence/qa/QA_PARALLEL_12WAY_QA-12B_R5_f97655c/external_review.md#exs-fixed,"실제 기관계, TCP/Fixed 상대시스템, SFTP, 인증서, 네트워크 단절, response-loss/reconcile 실행은 최신 SHA에서 수행되지 않았다",목표 환경 scenario 실행 Evidence 반영 후 QA 재검수,P07,Gateway·Batch·Messaging·외부연계·운영 Runtime,07-00000717,P07-EXTERNAL-EXS-FIXED,P05;P06,CPF-GATE-07,EXS-FIXED,예,QA-12B-1,,"[EXS-FIXED] Process Kill·Restart의 요구 경로에 대응하는 Source/contract/Test 후보는 확인했다. 그러나 실제 기관계, TCP/Fixed 상대시스템, SFTP, 인증서, 네트워크 단절, response-loss/reconcile 실행은 최신 SHA에서 수행되지 않았다. 제품 실패로 단정하지 않고 환경차이 미검증으로 유지한다.",,검수 후 환경차이 미검증,cpf-docs/evidence/qa/QA_PARALLEL_12WAY_QA-12B_R5_f97655c/external_review.md#exs-fixed
CPF-SC-000718,CPF-FR-003600,EXS-FIXED,P1,EXTERNAL,MULTI_INSTANCE,[EXS-FIXED] 다중 Instance,기관연계 개발자·운영자,최신 exact SHA; 2개 이상,공유 DB/queue,동시 처리·failover·rejoin,version/state 일치·중복 0,local state 의존,Java25·적용 DB/Provider/Browser/Process 환경,Local/Remote·single/multi-instance 중 적용,source SHA·command·environment·start/end·exit code·pre/post state·report/artifact hash·sanitization,미검증,f97655c1299936a1101bc3ec10239265ec3b502e,cpf-docs/evidence/qa/QA_PARALLEL_12WAY_QA-12B_R5_f97655c/external_review.md#exs-fixed,"실제 기관계, TCP/Fixed 상대시스템, SFTP, 인증서, 네트워크 단절, response-loss/reconcile 실행은 최신 SHA에서 수행되지 않았다",목표 환경 scenario 실행 Evidence 반영 후 QA 재검수,P07,Gateway·Batch·Messaging·외부연계·운영 Runtime,07-00000718,P07-EXTERNAL-EXS-FIXED,P05;P06,CPF-GATE-07,EXS-FIXED,예,QA-12B-1,,"[EXS-FIXED] 다중 Instance의 요구 경로에 대응하는 Source/contract/Test 후보는 확인했다. 그러나 실제 기관계, TCP/Fixed 상대시스템, SFTP, 인증서, 네트워크 단절, response-loss/reconcile 실행은 최신 SHA에서 수행되지 않았다. 제품 실패로 단정하지 않고 환경차이 미검증으로 유지한다.",,검수 후 환경차이 미검증,cpf-docs/evidence/qa/QA_PARALLEL_12WAY_QA-12B_R5_f97655c/external_review.md#exs-fixed
CPF-SC-000719,CPF-FR-003600,EXS-FIXED,P1,EXTERNAL,ROLLBACK,[EXS-FIXED] Rollback/Forward Recovery,기관연계 개발자·운영자,최신 exact SHA; 변경 전 snapshot,적용 후 결함,rollback/forward fix,데이터 보존·actual 일치·audit,부분 rollback·drift,Java25·적용 DB/Provider/Browser/Process 환경,Local/Remote·single/multi-instance 중 적용,source SHA·command·environment·start/end·exit code·pre/post state·report/artifact hash·sanitization,미검증,f97655c1299936a1101bc3ec10239265ec3b502e,cpf-docs/evidence/qa/QA_PARALLEL_12WAY_QA-12B_R5_f97655c/external_review.md#exs-fixed,"실제 기관계, TCP/Fixed 상대시스템, SFTP, 인증서, 네트워크 단절, response-loss/reconcile 실행은 최신 SHA에서 수행되지 않았다",목표 환경 scenario 실행 Evidence 반영 후 QA 재검수,P07,Gateway·Batch·Messaging·외부연계·운영 Runtime,07-00000719,P07-EXTERNAL-EXS-FIXED,P05;P06,CPF-GATE-07,EXS-FIXED,예,QA-12B-1,,"[EXS-FIXED] Rollback/Forward Recovery의 요구 경로에 대응하는 Source/contract/Test 후보는 확인했다. 그러나 실제 기관계, TCP/Fixed 상대시스템, SFTP, 인증서, 네트워크 단절, response-loss/reconcile 실행은 최신 SHA에서 수행되지 않았다. 제품 실패로 단정하지 않고 환경차이 미검증으로 유지한다.",,검수 후 환경차이 미검증,cpf-docs/evidence/qa/QA_PARALLEL_12WAY_QA-12B_R5_f97655c/external_review.md#exs-fixed
CPF-SC-000720,CPF-FR-003600,EXS-FIXED,P1,EXTERNAL,SECURITY_LEAK,[EXS-FIXED] 민감정보 누출,기관연계 개발자·운영자,최신 exact SHA; PII/Secret fixture,오류·Log·UI·Download,정상/실패 실행,원문 0 또는 승인 범위,Log/DOM/Storage/Evidence 원문,Java25·적용 DB/Provider/Browser/Process 환경,Local/Remote·single/multi-instance 중 적용,source SHA·command·environment·start/end·exit code·pre/post state·report/artifact hash·sanitization,미검증,f97655c1299936a1101bc3ec10239265ec3b502e,cpf-docs/evidence/qa/QA_PARALLEL_12WAY_QA-12B_R5_f97655c/external_review.md#exs-fixed,"실제 기관계, TCP/Fixed 상대시스템, SFTP, 인증서, 네트워크 단절, response-loss/reconcile 실행은 최신 SHA에서 수행되지 않았다",목표 환경 scenario 실행 Evidence 반영 후 QA 재검수,P07,Gateway·Batch·Messaging·외부연계·운영 Runtime,07-00000720,P07-EXTERNAL-EXS-FIXED,P05;P06,CPF-GATE-07,EXS-FIXED,예,QA-12B-1,,"[EXS-FIXED] 민감정보 누출의 요구 경로에 대응하는 Source/contract/Test 후보는 확인했다. 그러나 실제 기관계, TCP/Fixed 상대시스템, SFTP, 인증서, 네트워크 단절, response-loss/reconcile 실행은 최신 SHA에서 수행되지 않았다. 제품 실패로 단정하지 않고 환경차이 미검증으로 유지한다.",,검수 후 환경차이 미검증,cpf-docs/evidence/qa/QA_PARALLEL_12WAY_QA-12B_R5_f97655c/external_review.md#exs-fixed
CPF-SC-000721,CPF-FR-003661,EXS-SEC,P1,EXTERNAL,POSITIVE,[EXS-SEC] 정상 수직 흐름,기관연계 개발자·운영자,최신 exact SHA; 유효 입력과 권한,정상 데이터,요청→검증→처리→저장/전달→응답→감사,정상 상태·side effect·tracking 일치,Mock-only 또는 Consumer 미호출,Java25·적용 DB/Provider/Browser/Process 환경,Local/Remote·single/multi-instance 중 적용,source SHA·command·environment·start/end·exit code·pre/post state·report/artifact hash·sanitization,미검증,f97655c1299936a1101bc3ec10239265ec3b502e,cpf-docs/evidence/qa/QA_PARALLEL_12WAY_QA-12B_R5_f97655c/external_review.md#exs-sec,"실제 기관계, TCP/Fixed 상대시스템, SFTP, 인증서, 네트워크 단절, response-loss/reconcile 실행은 최신 SHA에서 수행되지 않았다",목표 환경 scenario 실행 Evidence 반영 후 QA 재검수,P07,Gateway·Batch·Messaging·외부연계·운영 Runtime,07-00000721,P07-EXTERNAL-EXS-SEC,P05;P06,CPF-GATE-07,EXS-SEC,예,QA-12B-1,,"[EXS-SEC] 정상 수직 흐름의 요구 경로에 대응하는 Source/contract/Test 후보는 확인했다. 그러나 실제 기관계, TCP/Fixed 상대시스템, SFTP, 인증서, 네트워크 단절, response-loss/reconcile 실행은 최신 SHA에서 수행되지 않았다. 제품 실패로 단정하지 않고 환경차이 미검증으로 유지한다.",,검수 후 환경차이 미검증,cpf-docs/evidence/qa/QA_PARALLEL_12WAY_QA-12B_R5_f97655c/external_review.md#exs-sec
CPF-SC-000722,CPF-FR-003661,EXS-SEC,P1,EXTERNAL,INVALID,[EXS-SEC] 입력·경계 오류,기관연계 개발자·운영자,최신 exact SHA; 유효 Session,invalid/empty/oversize/unknown enum,각 invalid 제출,표준 field/path 오류·side effect 0,500/raw exception/부분 저장,Java25·적용 DB/Provider/Browser/Process 환경,Local/Remote·single/multi-instance 중 적용,source SHA·command·environment·start/end·exit code·pre/post state·report/artifact hash·sanitization,미검증,f97655c1299936a1101bc3ec10239265ec3b502e,cpf-docs/evidence/qa/QA_PARALLEL_12WAY_QA-12B_R5_f97655c/external_review.md#exs-sec,"실제 기관계, TCP/Fixed 상대시스템, SFTP, 인증서, 네트워크 단절, response-loss/reconcile 실행은 최신 SHA에서 수행되지 않았다",목표 환경 scenario 실행 Evidence 반영 후 QA 재검수,P07,Gateway·Batch·Messaging·외부연계·운영 Runtime,07-00000722,P07-EXTERNAL-EXS-SEC,P05;P06,CPF-GATE-07,EXS-SEC,예,QA-12B-1,,"[EXS-SEC] 입력·경계 오류의 요구 경로에 대응하는 Source/contract/Test 후보는 확인했다. 그러나 실제 기관계, TCP/Fixed 상대시스템, SFTP, 인증서, 네트워크 단절, response-loss/reconcile 실행은 최신 SHA에서 수행되지 않았다. 제품 실패로 단정하지 않고 환경차이 미검증으로 유지한다.",,검수 후 환경차이 미검증,cpf-docs/evidence/qa/QA_PARALLEL_12WAY_QA-12B_R5_f97655c/external_review.md#exs-sec
CPF-SC-000723,CPF-FR-003661,EXS-SEC,P1,EXTERNAL,UNAUTHORIZED,[EXS-SEC] 미인증·권한 부족,기관연계 개발자·운영자,최신 exact SHA; 권한 없는 principal,401/403 대상,UI 직접 URL/API/Method 호출,Server 거부·Audit·민감정보 0,버튼만 숨김/default allow,Java25·적용 DB/Provider/Browser/Process 환경,Local/Remote·single/multi-instance 중 적용,source SHA·command·environment·start/end·exit code·pre/post state·report/artifact hash·sanitization,미검증,f97655c1299936a1101bc3ec10239265ec3b502e,cpf-docs/evidence/qa/QA_PARALLEL_12WAY_QA-12B_R5_f97655c/external_review.md#exs-sec,"실제 기관계, TCP/Fixed 상대시스템, SFTP, 인증서, 네트워크 단절, response-loss/reconcile 실행은 최신 SHA에서 수행되지 않았다",목표 환경 scenario 실행 Evidence 반영 후 QA 재검수,P07,Gateway·Batch·Messaging·외부연계·운영 Runtime,07-00000723,P07-EXTERNAL-EXS-SEC,P05;P06,CPF-GATE-07,EXS-SEC,예,QA-12B-1,,"[EXS-SEC] 미인증·권한 부족의 요구 경로에 대응하는 Source/contract/Test 후보는 확인했다. 그러나 실제 기관계, TCP/Fixed 상대시스템, SFTP, 인증서, 네트워크 단절, response-loss/reconcile 실행은 최신 SHA에서 수행되지 않았다. 제품 실패로 단정하지 않고 환경차이 미검증으로 유지한다.",,검수 후 환경차이 미검증,cpf-docs/evidence/qa/QA_PARALLEL_12WAY_QA-12B_R5_f97655c/external_review.md#exs-sec
CPF-SC-000724,CPF-FR-003661,EXS-SEC,P1,EXTERNAL,CONFLICT,[EXS-SEC] Version·Hash 충돌,기관연계 개발자·운영자,최신 exact SHA; 기존 version,stale expectedVersion/다른 hash,동시/재시도 요청,409·기존 결과 보존·lost update 0,후행 요청 덮어씀,Java25·적용 DB/Provider/Browser/Process 환경,Local/Remote·single/multi-instance 중 적용,source SHA·command·environment·start/end·exit code·pre/post state·report/artifact hash·sanitization,미검증,f97655c1299936a1101bc3ec10239265ec3b502e,cpf-docs/evidence/qa/QA_PARALLEL_12WAY_QA-12B_R5_f97655c/external_review.md#exs-sec,"실제 기관계, TCP/Fixed 상대시스템, SFTP, 인증서, 네트워크 단절, response-loss/reconcile 실행은 최신 SHA에서 수행되지 않았다",목표 환경 scenario 실행 Evidence 반영 후 QA 재검수,P07,Gateway·Batch·Messaging·외부연계·운영 Runtime,07-00000724,P07-EXTERNAL-EXS-SEC,P05;P06,CPF-GATE-07,EXS-SEC,예,QA-12B-1,,"[EXS-SEC] Version·Hash 충돌의 요구 경로에 대응하는 Source/contract/Test 후보는 확인했다. 그러나 실제 기관계, TCP/Fixed 상대시스템, SFTP, 인증서, 네트워크 단절, response-loss/reconcile 실행은 최신 SHA에서 수행되지 않았다. 제품 실패로 단정하지 않고 환경차이 미검증으로 유지한다.",,검수 후 환경차이 미검증,cpf-docs/evidence/qa/QA_PARALLEL_12WAY_QA-12B_R5_f97655c/external_review.md#exs-sec
CPF-SC-000725,CPF-FR-003661,EXS-SEC,P1,EXTERNAL,DUPLICATE,[EXS-SEC] 중복 요청,기관연계 개발자·운영자,최신 exact SHA; 같은 operationId,동일/상이 payload,동시·순차 중복,"동일 replay, 다른 payload conflict",side effect 2회,Java25·적용 DB/Provider/Browser/Process 환경,Local/Remote·single/multi-instance 중 적용,source SHA·command·environment·start/end·exit code·pre/post state·report/artifact hash·sanitization,미검증,f97655c1299936a1101bc3ec10239265ec3b502e,cpf-docs/evidence/qa/QA_PARALLEL_12WAY_QA-12B_R5_f97655c/external_review.md#exs-sec,"실제 기관계, TCP/Fixed 상대시스템, SFTP, 인증서, 네트워크 단절, response-loss/reconcile 실행은 최신 SHA에서 수행되지 않았다",목표 환경 scenario 실행 Evidence 반영 후 QA 재검수,P07,Gateway·Batch·Messaging·외부연계·운영 Runtime,07-00000725,P07-EXTERNAL-EXS-SEC,P05;P06,CPF-GATE-07,EXS-SEC,예,QA-12B-1,,"[EXS-SEC] 중복 요청의 요구 경로에 대응하는 Source/contract/Test 후보는 확인했다. 그러나 실제 기관계, TCP/Fixed 상대시스템, SFTP, 인증서, 네트워크 단절, response-loss/reconcile 실행은 최신 SHA에서 수행되지 않았다. 제품 실패로 단정하지 않고 환경차이 미검증으로 유지한다.",,검수 후 환경차이 미검증,cpf-docs/evidence/qa/QA_PARALLEL_12WAY_QA-12B_R5_f97655c/external_review.md#exs-sec
CPF-SC-000726,CPF-FR-003661,EXS-SEC,P1,EXTERNAL,TIMEOUT_PRE,[EXS-SEC] Side effect 전 Timeout,기관연계 개발자·운영자,최신 exact SHA; dependency delay,connect/header timeout,timeout 주입,retryable failure·side effect 0,UNKNOWN/성공 오인,Java25·적용 DB/Provider/Browser/Process 환경,Local/Remote·single/multi-instance 중 적용,source SHA·command·environment·start/end·exit code·pre/post state·report/artifact hash·sanitization,미검증,f97655c1299936a1101bc3ec10239265ec3b502e,cpf-docs/evidence/qa/QA_PARALLEL_12WAY_QA-12B_R5_f97655c/external_review.md#exs-sec,"실제 기관계, TCP/Fixed 상대시스템, SFTP, 인증서, 네트워크 단절, response-loss/reconcile 실행은 최신 SHA에서 수행되지 않았다",목표 환경 scenario 실행 Evidence 반영 후 QA 재검수,P07,Gateway·Batch·Messaging·외부연계·운영 Runtime,07-00000726,P07-EXTERNAL-EXS-SEC,P05;P06,CPF-GATE-07,EXS-SEC,예,QA-12B-1,,"[EXS-SEC] Side effect 전 Timeout의 요구 경로에 대응하는 Source/contract/Test 후보는 확인했다. 그러나 실제 기관계, TCP/Fixed 상대시스템, SFTP, 인증서, 네트워크 단절, response-loss/reconcile 실행은 최신 SHA에서 수행되지 않았다. 제품 실패로 단정하지 않고 환경차이 미검증으로 유지한다.",,검수 후 환경차이 미검증,cpf-docs/evidence/qa/QA_PARALLEL_12WAY_QA-12B_R5_f97655c/external_review.md#exs-sec
CPF-SC-000727,CPF-FR-003661,EXS-SEC,P1,EXTERNAL,RESPONSE_LOSS,[EXS-SEC] Side effect 후 응답 유실,기관연계 개발자·운영자,최신 exact SHA; Owner commit,commit 후 reset,응답 차단,UNKNOWN·blind retry 금지·reconcile,자동 실패/무조건 retry,Java25·적용 DB/Provider/Browser/Process 환경,Local/Remote·single/multi-instance 중 적용,source SHA·command·environment·start/end·exit code·pre/post state·report/artifact hash·sanitization,미검증,f97655c1299936a1101bc3ec10239265ec3b502e,cpf-docs/evidence/qa/QA_PARALLEL_12WAY_QA-12B_R5_f97655c/external_review.md#exs-sec,"실제 기관계, TCP/Fixed 상대시스템, SFTP, 인증서, 네트워크 단절, response-loss/reconcile 실행은 최신 SHA에서 수행되지 않았다",목표 환경 scenario 실행 Evidence 반영 후 QA 재검수,P07,Gateway·Batch·Messaging·외부연계·운영 Runtime,07-00000727,P07-EXTERNAL-EXS-SEC,P05;P06,CPF-GATE-07,EXS-SEC,예,QA-12B-1,,"[EXS-SEC] Side effect 후 응답 유실의 요구 경로에 대응하는 Source/contract/Test 후보는 확인했다. 그러나 실제 기관계, TCP/Fixed 상대시스템, SFTP, 인증서, 네트워크 단절, response-loss/reconcile 실행은 최신 SHA에서 수행되지 않았다. 제품 실패로 단정하지 않고 환경차이 미검증으로 유지한다.",,검수 후 환경차이 미검증,cpf-docs/evidence/qa/QA_PARALLEL_12WAY_QA-12B_R5_f97655c/external_review.md#exs-sec
CPF-SC-000728,CPF-FR-003661,EXS-SEC,P1,EXTERNAL,PARTIAL,[EXS-SEC] 부분 실패,기관연계 개발자·운영자,최신 exact SHA; 다중 대상/항목,일부 target failure,group 실행,개별 성공/실패/unknown 보존,전체 성공/실패로 축약,Java25·적용 DB/Provider/Browser/Process 환경,Local/Remote·single/multi-instance 중 적용,source SHA·command·environment·start/end·exit code·pre/post state·report/artifact hash·sanitization,미검증,f97655c1299936a1101bc3ec10239265ec3b502e,cpf-docs/evidence/qa/QA_PARALLEL_12WAY_QA-12B_R5_f97655c/external_review.md#exs-sec,"실제 기관계, TCP/Fixed 상대시스템, SFTP, 인증서, 네트워크 단절, response-loss/reconcile 실행은 최신 SHA에서 수행되지 않았다",목표 환경 scenario 실행 Evidence 반영 후 QA 재검수,P07,Gateway·Batch·Messaging·외부연계·운영 Runtime,07-00000728,P07-EXTERNAL-EXS-SEC,P05;P06,CPF-GATE-07,EXS-SEC,예,QA-12B-1,,"[EXS-SEC] 부분 실패의 요구 경로에 대응하는 Source/contract/Test 후보는 확인했다. 그러나 실제 기관계, TCP/Fixed 상대시스템, SFTP, 인증서, 네트워크 단절, response-loss/reconcile 실행은 최신 SHA에서 수행되지 않았다. 제품 실패로 단정하지 않고 환경차이 미검증으로 유지한다.",,검수 후 환경차이 미검증,cpf-docs/evidence/qa/QA_PARALLEL_12WAY_QA-12B_R5_f97655c/external_review.md#exs-sec
CPF-SC-000729,CPF-FR-003661,EXS-SEC,P1,EXTERNAL,PROCESS_KILL,[EXS-SEC] Process Kill·Restart,기관연계 개발자·운영자,최신 exact SHA; durable state,worker kill,claim/apply 후 종료·재기동,lease 회수·stale fencing·복구,고아 상태·중복,Java25·적용 DB/Provider/Browser/Process 환경,Local/Remote·single/multi-instance 중 적용,source SHA·command·environment·start/end·exit code·pre/post state·report/artifact hash·sanitization,미검증,f97655c1299936a1101bc3ec10239265ec3b502e,cpf-docs/evidence/qa/QA_PARALLEL_12WAY_QA-12B_R5_f97655c/external_review.md#exs-sec,"실제 기관계, TCP/Fixed 상대시스템, SFTP, 인증서, 네트워크 단절, response-loss/reconcile 실행은 최신 SHA에서 수행되지 않았다",목표 환경 scenario 실행 Evidence 반영 후 QA 재검수,P07,Gateway·Batch·Messaging·외부연계·운영 Runtime,07-00000729,P07-EXTERNAL-EXS-SEC,P05;P06,CPF-GATE-07,EXS-SEC,예,QA-12B-1,,"[EXS-SEC] Process Kill·Restart의 요구 경로에 대응하는 Source/contract/Test 후보는 확인했다. 그러나 실제 기관계, TCP/Fixed 상대시스템, SFTP, 인증서, 네트워크 단절, response-loss/reconcile 실행은 최신 SHA에서 수행되지 않았다. 제품 실패로 단정하지 않고 환경차이 미검증으로 유지한다.",,검수 후 환경차이 미검증,cpf-docs/evidence/qa/QA_PARALLEL_12WAY_QA-12B_R5_f97655c/external_review.md#exs-sec
CPF-SC-000730,CPF-FR-003661,EXS-SEC,P1,EXTERNAL,MULTI_INSTANCE,[EXS-SEC] 다중 Instance,기관연계 개발자·운영자,최신 exact SHA; 2개 이상,공유 DB/queue,동시 처리·failover·rejoin,version/state 일치·중복 0,local state 의존,Java25·적용 DB/Provider/Browser/Process 환경,Local/Remote·single/multi-instance 중 적용,source SHA·command·environment·start/end·exit code·pre/post state·report/artifact hash·sanitization,미검증,f97655c1299936a1101bc3ec10239265ec3b502e,cpf-docs/evidence/qa/QA_PARALLEL_12WAY_QA-12B_R5_f97655c/external_review.md#exs-sec,"실제 기관계, TCP/Fixed 상대시스템, SFTP, 인증서, 네트워크 단절, response-loss/reconcile 실행은 최신 SHA에서 수행되지 않았다",목표 환경 scenario 실행 Evidence 반영 후 QA 재검수,P07,Gateway·Batch·Messaging·외부연계·운영 Runtime,07-00000730,P07-EXTERNAL-EXS-SEC,P05;P06,CPF-GATE-07,EXS-SEC,예,QA-12B-1,,"[EXS-SEC] 다중 Instance의 요구 경로에 대응하는 Source/contract/Test 후보는 확인했다. 그러나 실제 기관계, TCP/Fixed 상대시스템, SFTP, 인증서, 네트워크 단절, response-loss/reconcile 실행은 최신 SHA에서 수행되지 않았다. 제품 실패로 단정하지 않고 환경차이 미검증으로 유지한다.",,검수 후 환경차이 미검증,cpf-docs/evidence/qa/QA_PARALLEL_12WAY_QA-12B_R5_f97655c/external_review.md#exs-sec
CPF-SC-000731,CPF-FR-003661,EXS-SEC,P1,EXTERNAL,ROLLBACK,[EXS-SEC] Rollback/Forward Recovery,기관연계 개발자·운영자,최신 exact SHA; 변경 전 snapshot,적용 후 결함,rollback/forward fix,데이터 보존·actual 일치·audit,부분 rollback·drift,Java25·적용 DB/Provider/Browser/Process 환경,Local/Remote·single/multi-instance 중 적용,source SHA·command·environment·start/end·exit code·pre/post state·report/artifact hash·sanitization,미검증,f97655c1299936a1101bc3ec10239265ec3b502e,cpf-docs/evidence/qa/QA_PARALLEL_12WAY_QA-12B_R5_f97655c/external_review.md#exs-sec,"실제 기관계, TCP/Fixed 상대시스템, SFTP, 인증서, 네트워크 단절, response-loss/reconcile 실행은 최신 SHA에서 수행되지 않았다",목표 환경 scenario 실행 Evidence 반영 후 QA 재검수,P07,Gateway·Batch·Messaging·외부연계·운영 Runtime,07-00000731,P07-EXTERNAL-EXS-SEC,P05;P06,CPF-GATE-07,EXS-SEC,예,QA-12B-1,,"[EXS-SEC] Rollback/Forward Recovery의 요구 경로에 대응하는 Source/contract/Test 후보는 확인했다. 그러나 실제 기관계, TCP/Fixed 상대시스템, SFTP, 인증서, 네트워크 단절, response-loss/reconcile 실행은 최신 SHA에서 수행되지 않았다. 제품 실패로 단정하지 않고 환경차이 미검증으로 유지한다.",,검수 후 환경차이 미검증,cpf-docs/evidence/qa/QA_PARALLEL_12WAY_QA-12B_R5_f97655c/external_review.md#exs-sec
CPF-SC-000732,CPF-FR-003661,EXS-SEC,P1,EXTERNAL,SECURITY_LEAK,[EXS-SEC] 민감정보 누출,기관연계 개발자·운영자,최신 exact SHA; PII/Secret fixture,오류·Log·UI·Download,정상/실패 실행,원문 0 또는 승인 범위,Log/DOM/Storage/Evidence 원문,Java25·적용 DB/Provider/Browser/Process 환경,Local/Remote·single/multi-instance 중 적용,source SHA·command·environment·start/end·exit code·pre/post state·report/artifact hash·sanitization,미검증,f97655c1299936a1101bc3ec10239265ec3b502e,cpf-docs/evidence/qa/QA_PARALLEL_12WAY_QA-12B_R5_f97655c/external_review.md#exs-sec,"실제 기관계, TCP/Fixed 상대시스템, SFTP, 인증서, 네트워크 단절, response-loss/reconcile 실행은 최신 SHA에서 수행되지 않았다",목표 환경 scenario 실행 Evidence 반영 후 QA 재검수,P07,Gateway·Batch·Messaging·외부연계·운영 Runtime,07-00000732,P07-EXTERNAL-EXS-SEC,P05;P06,CPF-GATE-07,EXS-SEC,예,QA-12B-1,,"[EXS-SEC] 민감정보 누출의 요구 경로에 대응하는 Source/contract/Test 후보는 확인했다. 그러나 실제 기관계, TCP/Fixed 상대시스템, SFTP, 인증서, 네트워크 단절, response-loss/reconcile 실행은 최신 SHA에서 수행되지 않았다. 제품 실패로 단정하지 않고 환경차이 미검증으로 유지한다.",,검수 후 환경차이 미검증,cpf-docs/evidence/qa/QA_PARALLEL_12WAY_QA-12B_R5_f97655c/external_review.md#exs-sec
CPF-SC-000733,CPF-FR-003722,EXS-FILE,P1,EXTERNAL,POSITIVE,[EXS-FILE] 정상 수직 흐름,기관연계 개발자·운영자,최신 exact SHA; 유효 입력과 권한,정상 데이터,요청→검증→처리→저장/전달→응답→감사,정상 상태·side effect·tracking 일치,Mock-only 또는 Consumer 미호출,Java25·적용 DB/Provider/Browser/Process 환경,Local/Remote·single/multi-instance 중 적용,source SHA·command·environment·start/end·exit code·pre/post state·report/artifact hash·sanitization,미검증,f97655c1299936a1101bc3ec10239265ec3b502e,cpf-docs/evidence/qa/QA_PARALLEL_12WAY_QA-12B_R5_f97655c/external_review.md#exs-file,"실제 기관계, TCP/Fixed 상대시스템, SFTP, 인증서, 네트워크 단절, response-loss/reconcile 실행은 최신 SHA에서 수행되지 않았다",목표 환경 scenario 실행 Evidence 반영 후 QA 재검수,P07,Gateway·Batch·Messaging·외부연계·운영 Runtime,07-00000733,P07-EXTERNAL-EXS-FILE,P05;P06,CPF-GATE-07,EXS-FILE,예,QA-12B-1,,"[EXS-FILE] 정상 수직 흐름의 요구 경로에 대응하는 Source/contract/Test 후보는 확인했다. 그러나 실제 기관계, TCP/Fixed 상대시스템, SFTP, 인증서, 네트워크 단절, response-loss/reconcile 실행은 최신 SHA에서 수행되지 않았다. 제품 실패로 단정하지 않고 환경차이 미검증으로 유지한다.",,검수 후 환경차이 미검증,cpf-docs/evidence/qa/QA_PARALLEL_12WAY_QA-12B_R5_f97655c/external_review.md#exs-file
CPF-SC-000734,CPF-FR-003722,EXS-FILE,P1,EXTERNAL,INVALID,[EXS-FILE] 입력·경계 오류,기관연계 개발자·운영자,최신 exact SHA; 유효 Session,invalid/empty/oversize/unknown enum,각 invalid 제출,표준 field/path 오류·side effect 0,500/raw exception/부분 저장,Java25·적용 DB/Provider/Browser/Process 환경,Local/Remote·single/multi-instance 중 적용,source SHA·command·environment·start/end·exit code·pre/post state·report/artifact hash·sanitization,미검증,f97655c1299936a1101bc3ec10239265ec3b502e,cpf-docs/evidence/qa/QA_PARALLEL_12WAY_QA-12B_R5_f97655c/external_review.md#exs-file,"실제 기관계, TCP/Fixed 상대시스템, SFTP, 인증서, 네트워크 단절, response-loss/reconcile 실행은 최신 SHA에서 수행되지 않았다",목표 환경 scenario 실행 Evidence 반영 후 QA 재검수,P07,Gateway·Batch·Messaging·외부연계·운영 Runtime,07-00000734,P07-EXTERNAL-EXS-FILE,P05;P06,CPF-GATE-07,EXS-FILE,예,QA-12B-1,,"[EXS-FILE] 입력·경계 오류의 요구 경로에 대응하는 Source/contract/Test 후보는 확인했다. 그러나 실제 기관계, TCP/Fixed 상대시스템, SFTP, 인증서, 네트워크 단절, response-loss/reconcile 실행은 최신 SHA에서 수행되지 않았다. 제품 실패로 단정하지 않고 환경차이 미검증으로 유지한다.",,검수 후 환경차이 미검증,cpf-docs/evidence/qa/QA_PARALLEL_12WAY_QA-12B_R5_f97655c/external_review.md#exs-file
CPF-SC-000735,CPF-FR-003722,EXS-FILE,P1,EXTERNAL,UNAUTHORIZED,[EXS-FILE] 미인증·권한 부족,기관연계 개발자·운영자,최신 exact SHA; 권한 없는 principal,401/403 대상,UI 직접 URL/API/Method 호출,Server 거부·Audit·민감정보 0,버튼만 숨김/default allow,Java25·적용 DB/Provider/Browser/Process 환경,Local/Remote·single/multi-instance 중 적용,source SHA·command·environment·start/end·exit code·pre/post state·report/artifact hash·sanitization,미검증,f97655c1299936a1101bc3ec10239265ec3b502e,cpf-docs/evidence/qa/QA_PARALLEL_12WAY_QA-12B_R5_f97655c/external_review.md#exs-file,"실제 기관계, TCP/Fixed 상대시스템, SFTP, 인증서, 네트워크 단절, response-loss/reconcile 실행은 최신 SHA에서 수행되지 않았다",목표 환경 scenario 실행 Evidence 반영 후 QA 재검수,P07,Gateway·Batch·Messaging·외부연계·운영 Runtime,07-00000735,P07-EXTERNAL-EXS-FILE,P05;P06,CPF-GATE-07,EXS-FILE,예,QA-12B-1,,"[EXS-FILE] 미인증·권한 부족의 요구 경로에 대응하는 Source/contract/Test 후보는 확인했다. 그러나 실제 기관계, TCP/Fixed 상대시스템, SFTP, 인증서, 네트워크 단절, response-loss/reconcile 실행은 최신 SHA에서 수행되지 않았다. 제품 실패로 단정하지 않고 환경차이 미검증으로 유지한다.",,검수 후 환경차이 미검증,cpf-docs/evidence/qa/QA_PARALLEL_12WAY_QA-12B_R5_f97655c/external_review.md#exs-file
CPF-SC-000736,CPF-FR-003722,EXS-FILE,P1,EXTERNAL,CONFLICT,[EXS-FILE] Version·Hash 충돌,기관연계 개발자·운영자,최신 exact SHA; 기존 version,stale expectedVersion/다른 hash,동시/재시도 요청,409·기존 결과 보존·lost update 0,후행 요청 덮어씀,Java25·적용 DB/Provider/Browser/Process 환경,Local/Remote·single/multi-instance 중 적용,source SHA·command·environment·start/end·exit code·pre/post state·report/artifact hash·sanitization,미검증,f97655c1299936a1101bc3ec10239265ec3b502e,cpf-docs/evidence/qa/QA_PARALLEL_12WAY_QA-12B_R5_f97655c/external_review.md#exs-file,"실제 기관계, TCP/Fixed 상대시스템, SFTP, 인증서, 네트워크 단절, response-loss/reconcile 실행은 최신 SHA에서 수행되지 않았다",목표 환경 scenario 실행 Evidence 반영 후 QA 재검수,P07,Gateway·Batch·Messaging·외부연계·운영 Runtime,07-00000736,P07-EXTERNAL-EXS-FILE,P05;P06,CPF-GATE-07,EXS-FILE,예,QA-12B-1,,"[EXS-FILE] Version·Hash 충돌의 요구 경로에 대응하는 Source/contract/Test 후보는 확인했다. 그러나 실제 기관계, TCP/Fixed 상대시스템, SFTP, 인증서, 네트워크 단절, response-loss/reconcile 실행은 최신 SHA에서 수행되지 않았다. 제품 실패로 단정하지 않고 환경차이 미검증으로 유지한다.",,검수 후 환경차이 미검증,cpf-docs/evidence/qa/QA_PARALLEL_12WAY_QA-12B_R5_f97655c/external_review.md#exs-file
CPF-SC-000737,CPF-FR-003722,EXS-FILE,P1,EXTERNAL,DUPLICATE,[EXS-FILE] 중복 요청,기관연계 개발자·운영자,최신 exact SHA; 같은 operationId,동일/상이 payload,동시·순차 중복,"동일 replay, 다른 payload conflict",side effect 2회,Java25·적용 DB/Provider/Browser/Process 환경,Local/Remote·single/multi-instance 중 적용,source SHA·command·environment·start/end·exit code·pre/post state·report/artifact hash·sanitization,미검증,f97655c1299936a1101bc3ec10239265ec3b502e,cpf-docs/evidence/qa/QA_PARALLEL_12WAY_QA-12B_R5_f97655c/external_review.md#exs-file,"실제 기관계, TCP/Fixed 상대시스템, SFTP, 인증서, 네트워크 단절, response-loss/reconcile 실행은 최신 SHA에서 수행되지 않았다",목표 환경 scenario 실행 Evidence 반영 후 QA 재검수,P07,Gateway·Batch·Messaging·외부연계·운영 Runtime,07-00000737,P07-EXTERNAL-EXS-FILE,P05;P06,CPF-GATE-07,EXS-FILE,예,QA-12B-1,,"[EXS-FILE] 중복 요청의 요구 경로에 대응하는 Source/contract/Test 후보는 확인했다. 그러나 실제 기관계, TCP/Fixed 상대시스템, SFTP, 인증서, 네트워크 단절, response-loss/reconcile 실행은 최신 SHA에서 수행되지 않았다. 제품 실패로 단정하지 않고 환경차이 미검증으로 유지한다.",,검수 후 환경차이 미검증,cpf-docs/evidence/qa/QA_PARALLEL_12WAY_QA-12B_R5_f97655c/external_review.md#exs-file
CPF-SC-000738,CPF-FR-003722,EXS-FILE,P1,EXTERNAL,TIMEOUT_PRE,[EXS-FILE] Side effect 전 Timeout,기관연계 개발자·운영자,최신 exact SHA; dependency delay,connect/header timeout,timeout 주입,retryable failure·side effect 0,UNKNOWN/성공 오인,Java25·적용 DB/Provider/Browser/Process 환경,Local/Remote·single/multi-instance 중 적용,source SHA·command·environment·start/end·exit code·pre/post state·report/artifact hash·sanitization,미검증,f97655c1299936a1101bc3ec10239265ec3b502e,cpf-docs/evidence/qa/QA_PARALLEL_12WAY_QA-12B_R5_f97655c/external_review.md#exs-file,"실제 기관계, TCP/Fixed 상대시스템, SFTP, 인증서, 네트워크 단절, response-loss/reconcile 실행은 최신 SHA에서 수행되지 않았다",목표 환경 scenario 실행 Evidence 반영 후 QA 재검수,P07,Gateway·Batch·Messaging·외부연계·운영 Runtime,07-00000738,P07-EXTERNAL-EXS-FILE,P05;P06,CPF-GATE-07,EXS-FILE,예,QA-12B-1,,"[EXS-FILE] Side effect 전 Timeout의 요구 경로에 대응하는 Source/contract/Test 후보는 확인했다. 그러나 실제 기관계, TCP/Fixed 상대시스템, SFTP, 인증서, 네트워크 단절, response-loss/reconcile 실행은 최신 SHA에서 수행되지 않았다. 제품 실패로 단정하지 않고 환경차이 미검증으로 유지한다.",,검수 후 환경차이 미검증,cpf-docs/evidence/qa/QA_PARALLEL_12WAY_QA-12B_R5_f97655c/external_review.md#exs-file
CPF-SC-000739,CPF-FR-003722,EXS-FILE,P1,EXTERNAL,RESPONSE_LOSS,[EXS-FILE] Side effect 후 응답 유실,기관연계 개발자·운영자,최신 exact SHA; Owner commit,commit 후 reset,응답 차단,UNKNOWN·blind retry 금지·reconcile,자동 실패/무조건 retry,Java25·적용 DB/Provider/Browser/Process 환경,Local/Remote·single/multi-instance 중 적용,source SHA·command·environment·start/end·exit code·pre/post state·report/artifact hash·sanitization,미검증,f97655c1299936a1101bc3ec10239265ec3b502e,cpf-docs/evidence/qa/QA_PARALLEL_12WAY_QA-12B_R5_f97655c/external_review.md#exs-file,"실제 기관계, TCP/Fixed 상대시스템, SFTP, 인증서, 네트워크 단절, response-loss/reconcile 실행은 최신 SHA에서 수행되지 않았다",목표 환경 scenario 실행 Evidence 반영 후 QA 재검수,P07,Gateway·Batch·Messaging·외부연계·운영 Runtime,07-00000739,P07-EXTERNAL-EXS-FILE,P05;P06,CPF-GATE-07,EXS-FILE,예,QA-12B-1,,"[EXS-FILE] Side effect 후 응답 유실의 요구 경로에 대응하는 Source/contract/Test 후보는 확인했다. 그러나 실제 기관계, TCP/Fixed 상대시스템, SFTP, 인증서, 네트워크 단절, response-loss/reconcile 실행은 최신 SHA에서 수행되지 않았다. 제품 실패로 단정하지 않고 환경차이 미검증으로 유지한다.",,검수 후 환경차이 미검증,cpf-docs/evidence/qa/QA_PARALLEL_12WAY_QA-12B_R5_f97655c/external_review.md#exs-file
CPF-SC-000740,CPF-FR-003722,EXS-FILE,P1,EXTERNAL,PARTIAL,[EXS-FILE] 부분 실패,기관연계 개발자·운영자,최신 exact SHA; 다중 대상/항목,일부 target failure,group 실행,개별 성공/실패/unknown 보존,전체 성공/실패로 축약,Java25·적용 DB/Provider/Browser/Process 환경,Local/Remote·single/multi-instance 중 적용,source SHA·command·environment·start/end·exit code·pre/post state·report/artifact hash·sanitization,미검증,f97655c1299936a1101bc3ec10239265ec3b502e,cpf-docs/evidence/qa/QA_PARALLEL_12WAY_QA-12B_R5_f97655c/external_review.md#exs-file,"실제 기관계, TCP/Fixed 상대시스템, SFTP, 인증서, 네트워크 단절, response-loss/reconcile 실행은 최신 SHA에서 수행되지 않았다",목표 환경 scenario 실행 Evidence 반영 후 QA 재검수,P07,Gateway·Batch·Messaging·외부연계·운영 Runtime,07-00000740,P07-EXTERNAL-EXS-FILE,P05;P06,CPF-GATE-07,EXS-FILE,예,QA-12B-1,,"[EXS-FILE] 부분 실패의 요구 경로에 대응하는 Source/contract/Test 후보는 확인했다. 그러나 실제 기관계, TCP/Fixed 상대시스템, SFTP, 인증서, 네트워크 단절, response-loss/reconcile 실행은 최신 SHA에서 수행되지 않았다. 제품 실패로 단정하지 않고 환경차이 미검증으로 유지한다.",,검수 후 환경차이 미검증,cpf-docs/evidence/qa/QA_PARALLEL_12WAY_QA-12B_R5_f97655c/external_review.md#exs-file
CPF-SC-000741,CPF-FR-003722,EXS-FILE,P1,EXTERNAL,PROCESS_KILL,[EXS-FILE] Process Kill·Restart,기관연계 개발자·운영자,최신 exact SHA; durable state,worker kill,claim/apply 후 종료·재기동,lease 회수·stale fencing·복구,고아 상태·중복,Java25·적용 DB/Provider/Browser/Process 환경,Local/Remote·single/multi-instance 중 적용,source SHA·command·environment·start/end·exit code·pre/post state·report/artifact hash·sanitization,미검증,f97655c1299936a1101bc3ec10239265ec3b502e,cpf-docs/evidence/qa/QA_PARALLEL_12WAY_QA-12B_R5_f97655c/external_review.md#exs-file,"실제 기관계, TCP/Fixed 상대시스템, SFTP, 인증서, 네트워크 단절, response-loss/reconcile 실행은 최신 SHA에서 수행되지 않았다",목표 환경 scenario 실행 Evidence 반영 후 QA 재검수,P07,Gateway·Batch·Messaging·외부연계·운영 Runtime,07-00000741,P07-EXTERNAL-EXS-FILE,P05;P06,CPF-GATE-07,EXS-FILE,예,QA-12B-1,,"[EXS-FILE] Process Kill·Restart의 요구 경로에 대응하는 Source/contract/Test 후보는 확인했다. 그러나 실제 기관계, TCP/Fixed 상대시스템, SFTP, 인증서, 네트워크 단절, response-loss/reconcile 실행은 최신 SHA에서 수행되지 않았다. 제품 실패로 단정하지 않고 환경차이 미검증으로 유지한다.",,검수 후 환경차이 미검증,cpf-docs/evidence/qa/QA_PARALLEL_12WAY_QA-12B_R5_f97655c/external_review.md#exs-file
CPF-SC-000742,CPF-FR-003722,EXS-FILE,P1,EXTERNAL,MULTI_INSTANCE,[EXS-FILE] 다중 Instance,기관연계 개발자·운영자,최신 exact SHA; 2개 이상,공유 DB/queue,동시 처리·failover·rejoin,version/state 일치·중복 0,local state 의존,Java25·적용 DB/Provider/Browser/Process 환경,Local/Remote·single/multi-instance 중 적용,source SHA·command·environment·start/end·exit code·pre/post state·report/artifact hash·sanitization,미검증,f97655c1299936a1101bc3ec10239265ec3b502e,cpf-docs/evidence/qa/QA_PARALLEL_12WAY_QA-12B_R5_f97655c/external_review.md#exs-file,"실제 기관계, TCP/Fixed 상대시스템, SFTP, 인증서, 네트워크 단절, response-loss/reconcile 실행은 최신 SHA에서 수행되지 않았다",목표 환경 scenario 실행 Evidence 반영 후 QA 재검수,P07,Gateway·Batch·Messaging·외부연계·운영 Runtime,07-00000742,P07-EXTERNAL-EXS-FILE,P05;P06,CPF-GATE-07,EXS-FILE,예,QA-12B-1,,"[EXS-FILE] 다중 Instance의 요구 경로에 대응하는 Source/contract/Test 후보는 확인했다. 그러나 실제 기관계, TCP/Fixed 상대시스템, SFTP, 인증서, 네트워크 단절, response-loss/reconcile 실행은 최신 SHA에서 수행되지 않았다. 제품 실패로 단정하지 않고 환경차이 미검증으로 유지한다.",,검수 후 환경차이 미검증,cpf-docs/evidence/qa/QA_PARALLEL_12WAY_QA-12B_R5_f97655c/external_review.md#exs-file
CPF-SC-000743,CPF-FR-003722,EXS-FILE,P1,EXTERNAL,ROLLBACK,[EXS-FILE] Rollback/Forward Recovery,기관연계 개발자·운영자,최신 exact SHA; 변경 전 snapshot,적용 후 결함,rollback/forward fix,데이터 보존·actual 일치·audit,부분 rollback·drift,Java25·적용 DB/Provider/Browser/Process 환경,Local/Remote·single/multi-instance 중 적용,source SHA·command·environment·start/end·exit code·pre/post state·report/artifact hash·sanitization,미검증,f97655c1299936a1101bc3ec10239265ec3b502e,cpf-docs/evidence/qa/QA_PARALLEL_12WAY_QA-12B_R5_f97655c/external_review.md#exs-file,"실제 기관계, TCP/Fixed 상대시스템, SFTP, 인증서, 네트워크 단절, response-loss/reconcile 실행은 최신 SHA에서 수행되지 않았다",목표 환경 scenario 실행 Evidence 반영 후 QA 재검수,P07,Gateway·Batch·Messaging·외부연계·운영 Runtime,07-00000743,P07-EXTERNAL-EXS-FILE,P05;P06,CPF-GATE-07,EXS-FILE,예,QA-12B-1,,"[EXS-FILE] Rollback/Forward Recovery의 요구 경로에 대응하는 Source/contract/Test 후보는 확인했다. 그러나 실제 기관계, TCP/Fixed 상대시스템, SFTP, 인증서, 네트워크 단절, response-loss/reconcile 실행은 최신 SHA에서 수행되지 않았다. 제품 실패로 단정하지 않고 환경차이 미검증으로 유지한다.",,검수 후 환경차이 미검증,cpf-docs/evidence/qa/QA_PARALLEL_12WAY_QA-12B_R5_f97655c/external_review.md#exs-file
CPF-SC-000744,CPF-FR-003722,EXS-FILE,P1,EXTERNAL,SECURITY_LEAK,[EXS-FILE] 민감정보 누출,기관연계 개발자·운영자,최신 exact SHA; PII/Secret fixture,오류·Log·UI·Download,정상/실패 실행,원문 0 또는 승인 범위,Log/DOM/Storage/Evidence 원문,Java25·적용 DB/Provider/Browser/Process 환경,Local/Remote·single/multi-instance 중 적용,source SHA·command·environment·start/end·exit code·pre/post state·report/artifact hash·sanitization,미검증,f97655c1299936a1101bc3ec10239265ec3b502e,cpf-docs/evidence/qa/QA_PARALLEL_12WAY_QA-12B_R5_f97655c/external_review.md#exs-file,"실제 기관계, TCP/Fixed 상대시스템, SFTP, 인증서, 네트워크 단절, response-loss/reconcile 실행은 최신 SHA에서 수행되지 않았다",목표 환경 scenario 실행 Evidence 반영 후 QA 재검수,P07,Gateway·Batch·Messaging·외부연계·운영 Runtime,07-00000744,P07-EXTERNAL-EXS-FILE,P05;P06,CPF-GATE-07,EXS-FILE,예,QA-12B-1,,"[EXS-FILE] 민감정보 누출의 요구 경로에 대응하는 Source/contract/Test 후보는 확인했다. 그러나 실제 기관계, TCP/Fixed 상대시스템, SFTP, 인증서, 네트워크 단절, response-loss/reconcile 실행은 최신 SHA에서 수행되지 않았다. 제품 실패로 단정하지 않고 환경차이 미검증으로 유지한다.",,검수 후 환경차이 미검증,cpf-docs/evidence/qa/QA_PARALLEL_12WAY_QA-12B_R5_f97655c/external_review.md#exs-file
CPF-SC-000745,CPF-FR-003783,EXS-UNKNOWN,P1,EXTERNAL,POSITIVE,[EXS-UNKNOWN] 정상 수직 흐름,기관연계 개발자·운영자,최신 exact SHA; 유효 입력과 권한,정상 데이터,요청→검증→처리→저장/전달→응답→감사,정상 상태·side effect·tracking 일치,Mock-only 또는 Consumer 미호출,Java25·적용 DB/Provider/Browser/Process 환경,Local/Remote·single/multi-instance 중 적용,source SHA·command·environment·start/end·exit code·pre/post state·report/artifact hash·sanitization,미검증,f97655c1299936a1101bc3ec10239265ec3b502e,cpf-docs/evidence/qa/QA_PARALLEL_12WAY_QA-12B_R5_f97655c/external_review.md#exs-unknown,"실제 기관계, TCP/Fixed 상대시스템, SFTP, 인증서, 네트워크 단절, response-loss/reconcile 실행은 최신 SHA에서 수행되지 않았다",목표 환경 scenario 실행 Evidence 반영 후 QA 재검수,P07,Gateway·Batch·Messaging·외부연계·운영 Runtime,07-00000745,P07-EXTERNAL-EXS-UNKNOWN,P05;P06,CPF-GATE-07,EXS-UNKNOWN,예,QA-12B-1,,"[EXS-UNKNOWN] 정상 수직 흐름의 요구 경로에 대응하는 Source/contract/Test 후보는 확인했다. 그러나 실제 기관계, TCP/Fixed 상대시스템, SFTP, 인증서, 네트워크 단절, response-loss/reconcile 실행은 최신 SHA에서 수행되지 않았다. 제품 실패로 단정하지 않고 환경차이 미검증으로 유지한다.",,검수 후 환경차이 미검증,cpf-docs/evidence/qa/QA_PARALLEL_12WAY_QA-12B_R5_f97655c/external_review.md#exs-unknown
CPF-SC-000746,CPF-FR-003783,EXS-UNKNOWN,P1,EXTERNAL,INVALID,[EXS-UNKNOWN] 입력·경계 오류,기관연계 개발자·운영자,최신 exact SHA; 유효 Session,invalid/empty/oversize/unknown enum,각 invalid 제출,표준 field/path 오류·side effect 0,500/raw exception/부분 저장,Java25·적용 DB/Provider/Browser/Process 환경,Local/Remote·single/multi-instance 중 적용,source SHA·command·environment·start/end·exit code·pre/post state·report/artifact hash·sanitization,미검증,f97655c1299936a1101bc3ec10239265ec3b502e,cpf-docs/evidence/qa/QA_PARALLEL_12WAY_QA-12B_R5_f97655c/external_review.md#exs-unknown,"실제 기관계, TCP/Fixed 상대시스템, SFTP, 인증서, 네트워크 단절, response-loss/reconcile 실행은 최신 SHA에서 수행되지 않았다",목표 환경 scenario 실행 Evidence 반영 후 QA 재검수,P07,Gateway·Batch·Messaging·외부연계·운영 Runtime,07-00000746,P07-EXTERNAL-EXS-UNKNOWN,P05;P06,CPF-GATE-07,EXS-UNKNOWN,예,QA-12B-1,,"[EXS-UNKNOWN] 입력·경계 오류의 요구 경로에 대응하는 Source/contract/Test 후보는 확인했다. 그러나 실제 기관계, TCP/Fixed 상대시스템, SFTP, 인증서, 네트워크 단절, response-loss/reconcile 실행은 최신 SHA에서 수행되지 않았다. 제품 실패로 단정하지 않고 환경차이 미검증으로 유지한다.",,검수 후 환경차이 미검증,cpf-docs/evidence/qa/QA_PARALLEL_12WAY_QA-12B_R5_f97655c/external_review.md#exs-unknown
CPF-SC-000747,CPF-FR-003783,EXS-UNKNOWN,P1,EXTERNAL,UNAUTHORIZED,[EXS-UNKNOWN] 미인증·권한 부족,기관연계 개발자·운영자,최신 exact SHA; 권한 없는 principal,401/403 대상,UI 직접 URL/API/Method 호출,Server 거부·Audit·민감정보 0,버튼만 숨김/default allow,Java25·적용 DB/Provider/Browser/Process 환경,Local/Remote·single/multi-instance 중 적용,source SHA·command·environment·start/end·exit code·pre/post state·report/artifact hash·sanitization,미검증,f97655c1299936a1101bc3ec10239265ec3b502e,cpf-docs/evidence/qa/QA_PARALLEL_12WAY_QA-12B_R5_f97655c/external_review.md#exs-unknown,"실제 기관계, TCP/Fixed 상대시스템, SFTP, 인증서, 네트워크 단절, response-loss/reconcile 실행은 최신 SHA에서 수행되지 않았다",목표 환경 scenario 실행 Evidence 반영 후 QA 재검수,P07,Gateway·Batch·Messaging·외부연계·운영 Runtime,07-00000747,P07-EXTERNAL-EXS-UNKNOWN,P05;P06,CPF-GATE-07,EXS-UNKNOWN,예,QA-12B-1,,"[EXS-UNKNOWN] 미인증·권한 부족의 요구 경로에 대응하는 Source/contract/Test 후보는 확인했다. 그러나 실제 기관계, TCP/Fixed 상대시스템, SFTP, 인증서, 네트워크 단절, response-loss/reconcile 실행은 최신 SHA에서 수행되지 않았다. 제품 실패로 단정하지 않고 환경차이 미검증으로 유지한다.",,검수 후 환경차이 미검증,cpf-docs/evidence/qa/QA_PARALLEL_12WAY_QA-12B_R5_f97655c/external_review.md#exs-unknown
CPF-SC-000748,CPF-FR-003783,EXS-UNKNOWN,P1,EXTERNAL,CONFLICT,[EXS-UNKNOWN] Version·Hash 충돌,기관연계 개발자·운영자,최신 exact SHA; 기존 version,stale expectedVersion/다른 hash,동시/재시도 요청,409·기존 결과 보존·lost update 0,후행 요청 덮어씀,Java25·적용 DB/Provider/Browser/Process 환경,Local/Remote·single/multi-instance 중 적용,source SHA·command·environment·start/end·exit code·pre/post state·report/artifact hash·sanitization,미검증,f97655c1299936a1101bc3ec10239265ec3b502e,cpf-docs/evidence/qa/QA_PARALLEL_12WAY_QA-12B_R5_f97655c/external_review.md#exs-unknown,"실제 기관계, TCP/Fixed 상대시스템, SFTP, 인증서, 네트워크 단절, response-loss/reconcile 실행은 최신 SHA에서 수행되지 않았다",목표 환경 scenario 실행 Evidence 반영 후 QA 재검수,P07,Gateway·Batch·Messaging·외부연계·운영 Runtime,07-00000748,P07-EXTERNAL-EXS-UNKNOWN,P05;P06,CPF-GATE-07,EXS-UNKNOWN,예,QA-12B-1,,"[EXS-UNKNOWN] Version·Hash 충돌의 요구 경로에 대응하는 Source/contract/Test 후보는 확인했다. 그러나 실제 기관계, TCP/Fixed 상대시스템, SFTP, 인증서, 네트워크 단절, response-loss/reconcile 실행은 최신 SHA에서 수행되지 않았다. 제품 실패로 단정하지 않고 환경차이 미검증으로 유지한다.",,검수 후 환경차이 미검증,cpf-docs/evidence/qa/QA_PARALLEL_12WAY_QA-12B_R5_f97655c/external_review.md#exs-unknown
CPF-SC-000749,CPF-FR-003783,EXS-UNKNOWN,P1,EXTERNAL,DUPLICATE,[EXS-UNKNOWN] 중복 요청,기관연계 개발자·운영자,최신 exact SHA; 같은 operationId,동일/상이 payload,동시·순차 중복,"동일 replay, 다른 payload conflict",side effect 2회,Java25·적용 DB/Provider/Browser/Process 환경,Local/Remote·single/multi-instance 중 적용,source SHA·command·environment·start/end·exit code·pre/post state·report/artifact hash·sanitization,미검증,f97655c1299936a1101bc3ec10239265ec3b502e,cpf-docs/evidence/qa/QA_PARALLEL_12WAY_QA-12B_R5_f97655c/external_review.md#exs-unknown,"실제 기관계, TCP/Fixed 상대시스템, SFTP, 인증서, 네트워크 단절, response-loss/reconcile 실행은 최신 SHA에서 수행되지 않았다",목표 환경 scenario 실행 Evidence 반영 후 QA 재검수,P07,Gateway·Batch·Messaging·외부연계·운영 Runtime,07-00000749,P07-EXTERNAL-EXS-UNKNOWN,P05;P06,CPF-GATE-07,EXS-UNKNOWN,예,QA-12B-1,,"[EXS-UNKNOWN] 중복 요청의 요구 경로에 대응하는 Source/contract/Test 후보는 확인했다. 그러나 실제 기관계, TCP/Fixed 상대시스템, SFTP, 인증서, 네트워크 단절, response-loss/reconcile 실행은 최신 SHA에서 수행되지 않았다. 제품 실패로 단정하지 않고 환경차이 미검증으로 유지한다.",,검수 후 환경차이 미검증,cpf-docs/evidence/qa/QA_PARALLEL_12WAY_QA-12B_R5_f97655c/external_review.md#exs-unknown
CPF-SC-000750,CPF-FR-003783,EXS-UNKNOWN,P1,EXTERNAL,TIMEOUT_PRE,[EXS-UNKNOWN] Side effect 전 Timeout,기관연계 개발자·운영자,최신 exact SHA; dependency delay,connect/header timeout,timeout 주입,retryable failure·side effect 0,UNKNOWN/성공 오인,Java25·적용 DB/Provider/Browser/Process 환경,Local/Remote·single/multi-instance 중 적용,source SHA·command·environment·start/end·exit code·pre/post state·report/artifact hash·sanitization,미검증,f97655c1299936a1101bc3ec10239265ec3b502e,cpf-docs/evidence/qa/QA_PARALLEL_12WAY_QA-12B_R5_f97655c/external_review.md#exs-unknown,"실제 기관계, TCP/Fixed 상대시스템, SFTP, 인증서, 네트워크 단절, response-loss/reconcile 실행은 최신 SHA에서 수행되지 않았다",목표 환경 scenario 실행 Evidence 반영 후 QA 재검수,P07,Gateway·Batch·Messaging·외부연계·운영 Runtime,07-00000750,P07-EXTERNAL-EXS-UNKNOWN,P05;P06,CPF-GATE-07,EXS-UNKNOWN,예,QA-12B-1,,"[EXS-UNKNOWN] Side effect 전 Timeout의 요구 경로에 대응하는 Source/contract/Test 후보는 확인했다. 그러나 실제 기관계, TCP/Fixed 상대시스템, SFTP, 인증서, 네트워크 단절, response-loss/reconcile 실행은 최신 SHA에서 수행되지 않았다. 제품 실패로 단정하지 않고 환경차이 미검증으로 유지한다.",,검수 후 환경차이 미검증,cpf-docs/evidence/qa/QA_PARALLEL_12WAY_QA-12B_R5_f97655c/external_review.md#exs-unknown
CPF-SC-000751,CPF-FR-003783,EXS-UNKNOWN,P1,EXTERNAL,RESPONSE_LOSS,[EXS-UNKNOWN] Side effect 후 응답 유실,기관연계 개발자·운영자,최신 exact SHA; Owner commit,commit 후 reset,응답 차단,UNKNOWN·blind retry 금지·reconcile,자동 실패/무조건 retry,Java25·적용 DB/Provider/Browser/Process 환경,Local/Remote·single/multi-instance 중 적용,source SHA·command·environment·start/end·exit code·pre/post state·report/artifact hash·sanitization,미검증,f97655c1299936a1101bc3ec10239265ec3b502e,cpf-docs/evidence/qa/QA_PARALLEL_12WAY_QA-12B_R5_f97655c/external_review.md#exs-unknown,"실제 기관계, TCP/Fixed 상대시스템, SFTP, 인증서, 네트워크 단절, response-loss/reconcile 실행은 최신 SHA에서 수행되지 않았다",목표 환경 scenario 실행 Evidence 반영 후 QA 재검수,P07,Gateway·Batch·Messaging·외부연계·운영 Runtime,07-00000751,P07-EXTERNAL-EXS-UNKNOWN,P05;P06,CPF-GATE-07,EXS-UNKNOWN,예,QA-12B-1,,"[EXS-UNKNOWN] Side effect 후 응답 유실의 요구 경로에 대응하는 Source/contract/Test 후보는 확인했다. 그러나 실제 기관계, TCP/Fixed 상대시스템, SFTP, 인증서, 네트워크 단절, response-loss/reconcile 실행은 최신 SHA에서 수행되지 않았다. 제품 실패로 단정하지 않고 환경차이 미검증으로 유지한다.",,검수 후 환경차이 미검증,cpf-docs/evidence/qa/QA_PARALLEL_12WAY_QA-12B_R5_f97655c/external_review.md#exs-unknown
CPF-SC-000752,CPF-FR-003783,EXS-UNKNOWN,P1,EXTERNAL,PARTIAL,[EXS-UNKNOWN] 부분 실패,기관연계 개발자·운영자,최신 exact SHA; 다중 대상/항목,일부 target failure,group 실행,개별 성공/실패/unknown 보존,전체 성공/실패로 축약,Java25·적용 DB/Provider/Browser/Process 환경,Local/Remote·single/multi-instance 중 적용,source SHA·command·environment·start/end·exit code·pre/post state·report/artifact hash·sanitization,미검증,f97655c1299936a1101bc3ec10239265ec3b502e,cpf-docs/evidence/qa/QA_PARALLEL_12WAY_QA-12B_R5_f97655c/external_review.md#exs-unknown,"실제 기관계, TCP/Fixed 상대시스템, SFTP, 인증서, 네트워크 단절, response-loss/reconcile 실행은 최신 SHA에서 수행되지 않았다",목표 환경 scenario 실행 Evidence 반영 후 QA 재검수,P07,Gateway·Batch·Messaging·외부연계·운영 Runtime,07-00000752,P07-EXTERNAL-EXS-UNKNOWN,P05;P06,CPF-GATE-07,EXS-UNKNOWN,예,QA-12B-1,,"[EXS-UNKNOWN] 부분 실패의 요구 경로에 대응하는 Source/contract/Test 후보는 확인했다. 그러나 실제 기관계, TCP/Fixed 상대시스템, SFTP, 인증서, 네트워크 단절, response-loss/reconcile 실행은 최신 SHA에서 수행되지 않았다. 제품 실패로 단정하지 않고 환경차이 미검증으로 유지한다.",,검수 후 환경차이 미검증,cpf-docs/evidence/qa/QA_PARALLEL_12WAY_QA-12B_R5_f97655c/external_review.md#exs-unknown
CPF-SC-000753,CPF-FR-003783,EXS-UNKNOWN,P1,EXTERNAL,PROCESS_KILL,[EXS-UNKNOWN] Process Kill·Restart,기관연계 개발자·운영자,최신 exact SHA; durable state,worker kill,claim/apply 후 종료·재기동,lease 회수·stale fencing·복구,고아 상태·중복,Java25·적용 DB/Provider/Browser/Process 환경,Local/Remote·single/multi-instance 중 적용,source SHA·command·environment·start/end·exit code·pre/post state·report/artifact hash·sanitization,미검증,f97655c1299936a1101bc3ec10239265ec3b502e,cpf-docs/evidence/qa/QA_PARALLEL_12WAY_QA-12B_R5_f97655c/external_review.md#exs-unknown,"실제 기관계, TCP/Fixed 상대시스템, SFTP, 인증서, 네트워크 단절, response-loss/reconcile 실행은 최신 SHA에서 수행되지 않았다",목표 환경 scenario 실행 Evidence 반영 후 QA 재검수,P07,Gateway·Batch·Messaging·외부연계·운영 Runtime,07-00000753,P07-EXTERNAL-EXS-UNKNOWN,P05;P06,CPF-GATE-07,EXS-UNKNOWN,예,QA-12B-1,,"[EXS-UNKNOWN] Process Kill·Restart의 요구 경로에 대응하는 Source/contract/Test 후보는 확인했다. 그러나 실제 기관계, TCP/Fixed 상대시스템, SFTP, 인증서, 네트워크 단절, response-loss/reconcile 실행은 최신 SHA에서 수행되지 않았다. 제품 실패로 단정하지 않고 환경차이 미검증으로 유지한다.",,검수 후 환경차이 미검증,cpf-docs/evidence/qa/QA_PARALLEL_12WAY_QA-12B_R5_f97655c/external_review.md#exs-unknown
CPF-SC-000754,CPF-FR-003783,EXS-UNKNOWN,P1,EXTERNAL,MULTI_INSTANCE,[EXS-UNKNOWN] 다중 Instance,기관연계 개발자·운영자,최신 exact SHA; 2개 이상,공유 DB/queue,동시 처리·failover·rejoin,version/state 일치·중복 0,local state 의존,Java25·적용 DB/Provider/Browser/Process 환경,Local/Remote·single/multi-instance 중 적용,source SHA·command·environment·start/end·exit code·pre/post state·report/artifact hash·sanitization,미검증,f97655c1299936a1101bc3ec10239265ec3b502e,cpf-docs/evidence/qa/QA_PARALLEL_12WAY_QA-12B_R5_f97655c/external_review.md#exs-unknown,"실제 기관계, TCP/Fixed 상대시스템, SFTP, 인증서, 네트워크 단절, response-loss/reconcile 실행은 최신 SHA에서 수행되지 않았다",목표 환경 scenario 실행 Evidence 반영 후 QA 재검수,P07,Gateway·Batch·Messaging·외부연계·운영 Runtime,07-00000754,P07-EXTERNAL-EXS-UNKNOWN,P05;P06,CPF-GATE-07,EXS-UNKNOWN,예,QA-12B-1,,"[EXS-UNKNOWN] 다중 Instance의 요구 경로에 대응하는 Source/contract/Test 후보는 확인했다. 그러나 실제 기관계, TCP/Fixed 상대시스템, SFTP, 인증서, 네트워크 단절, response-loss/reconcile 실행은 최신 SHA에서 수행되지 않았다. 제품 실패로 단정하지 않고 환경차이 미검증으로 유지한다.",,검수 후 환경차이 미검증,cpf-docs/evidence/qa/QA_PARALLEL_12WAY_QA-12B_R5_f97655c/external_review.md#exs-unknown
CPF-SC-000755,CPF-FR-003783,EXS-UNKNOWN,P1,EXTERNAL,ROLLBACK,[EXS-UNKNOWN] Rollback/Forward Recovery,기관연계 개발자·운영자,최신 exact SHA; 변경 전 snapshot,적용 후 결함,rollback/forward fix,데이터 보존·actual 일치·audit,부분 rollback·drift,Java25·적용 DB/Provider/Browser/Process 환경,Local/Remote·single/multi-instance 중 적용,source SHA·command·environment·start/end·exit code·pre/post state·report/artifact hash·sanitization,미검증,f97655c1299936a1101bc3ec10239265ec3b502e,cpf-docs/evidence/qa/QA_PARALLEL_12WAY_QA-12B_R5_f97655c/external_review.md#exs-unknown,"실제 기관계, TCP/Fixed 상대시스템, SFTP, 인증서, 네트워크 단절, response-loss/reconcile 실행은 최신 SHA에서 수행되지 않았다",목표 환경 scenario 실행 Evidence 반영 후 QA 재검수,P07,Gateway·Batch·Messaging·외부연계·운영 Runtime,07-00000755,P07-EXTERNAL-EXS-UNKNOWN,P05;P06,CPF-GATE-07,EXS-UNKNOWN,예,QA-12B-1,,"[EXS-UNKNOWN] Rollback/Forward Recovery의 요구 경로에 대응하는 Source/contract/Test 후보는 확인했다. 그러나 실제 기관계, TCP/Fixed 상대시스템, SFTP, 인증서, 네트워크 단절, response-loss/reconcile 실행은 최신 SHA에서 수행되지 않았다. 제품 실패로 단정하지 않고 환경차이 미검증으로 유지한다.",,검수 후 환경차이 미검증,cpf-docs/evidence/qa/QA_PARALLEL_12WAY_QA-12B_R5_f97655c/external_review.md#exs-unknown
CPF-SC-000756,CPF-FR-003783,EXS-UNKNOWN,P1,EXTERNAL,SECURITY_LEAK,[EXS-UNKNOWN] 민감정보 누출,기관연계 개발자·운영자,최신 exact SHA; PII/Secret fixture,오류·Log·UI·Download,정상/실패 실행,원문 0 또는 승인 범위,Log/DOM/Storage/Evidence 원문,Java25·적용 DB/Provider/Browser/Process 환경,Local/Remote·single/multi-instance 중 적용,source SHA·command·environment·start/end·exit code·pre/post state·report/artifact hash·sanitization,미검증,f97655c1299936a1101bc3ec10239265ec3b502e,cpf-docs/evidence/qa/QA_PARALLEL_12WAY_QA-12B_R5_f97655c/external_review.md#exs-unknown,"실제 기관계, TCP/Fixed 상대시스템, SFTP, 인증서, 네트워크 단절, response-loss/reconcile 실행은 최신 SHA에서 수행되지 않았다",목표 환경 scenario 실행 Evidence 반영 후 QA 재검수,P07,Gateway·Batch·Messaging·외부연계·운영 Runtime,07-00000756,P07-EXTERNAL-EXS-UNKNOWN,P05;P06,CPF-GATE-07,EXS-UNKNOWN,예,QA-12B-1,,"[EXS-UNKNOWN] 민감정보 누출의 요구 경로에 대응하는 Source/contract/Test 후보는 확인했다. 그러나 실제 기관계, TCP/Fixed 상대시스템, SFTP, 인증서, 네트워크 단절, response-loss/reconcile 실행은 최신 SHA에서 수행되지 않았다. 제품 실패로 단정하지 않고 환경차이 미검증으로 유지한다.",,검수 후 환경차이 미검증,cpf-docs/evidence/qa/QA_PARALLEL_12WAY_QA-12B_R5_f97655c/external_review.md#exs-unknown
CPF-SC-000757,CPF-FR-003844,EXS-RECON,P1,EXTERNAL,POSITIVE,[EXS-RECON] 정상 수직 흐름,기관연계 개발자·운영자,최신 exact SHA; 유효 입력과 권한,정상 데이터,요청→검증→처리→저장/전달→응답→감사,정상 상태·side effect·tracking 일치,Mock-only 또는 Consumer 미호출,Java25·적용 DB/Provider/Browser/Process 환경,Local/Remote·single/multi-instance 중 적용,source SHA·command·environment·start/end·exit code·pre/post state·report/artifact hash·sanitization,미검증,f97655c1299936a1101bc3ec10239265ec3b502e,cpf-docs/evidence/qa/QA_PARALLEL_12WAY_QA-12B_R5_f97655c/external_review.md#exs-recon,"실제 기관계, TCP/Fixed 상대시스템, SFTP, 인증서, 네트워크 단절, response-loss/reconcile 실행은 최신 SHA에서 수행되지 않았다",목표 환경 scenario 실행 Evidence 반영 후 QA 재검수,P07,Gateway·Batch·Messaging·외부연계·운영 Runtime,07-00000757,P07-EXTERNAL-EXS-RECON,P05;P06,CPF-GATE-07,EXS-RECON,예,QA-12B-1,,"[EXS-RECON] 정상 수직 흐름의 요구 경로에 대응하는 Source/contract/Test 후보는 확인했다. 그러나 실제 기관계, TCP/Fixed 상대시스템, SFTP, 인증서, 네트워크 단절, response-loss/reconcile 실행은 최신 SHA에서 수행되지 않았다. 제품 실패로 단정하지 않고 환경차이 미검증으로 유지한다.",,검수 후 환경차이 미검증,cpf-docs/evidence/qa/QA_PARALLEL_12WAY_QA-12B_R5_f97655c/external_review.md#exs-recon
CPF-SC-000758,CPF-FR-003844,EXS-RECON,P1,EXTERNAL,INVALID,[EXS-RECON] 입력·경계 오류,기관연계 개발자·운영자,최신 exact SHA; 유효 Session,invalid/empty/oversize/unknown enum,각 invalid 제출,표준 field/path 오류·side effect 0,500/raw exception/부분 저장,Java25·적용 DB/Provider/Browser/Process 환경,Local/Remote·single/multi-instance 중 적용,source SHA·command·environment·start/end·exit code·pre/post state·report/artifact hash·sanitization,미검증,f97655c1299936a1101bc3ec10239265ec3b502e,cpf-docs/evidence/qa/QA_PARALLEL_12WAY_QA-12B_R5_f97655c/external_review.md#exs-recon,"실제 기관계, TCP/Fixed 상대시스템, SFTP, 인증서, 네트워크 단절, response-loss/reconcile 실행은 최신 SHA에서 수행되지 않았다",목표 환경 scenario 실행 Evidence 반영 후 QA 재검수,P07,Gateway·Batch·Messaging·외부연계·운영 Runtime,07-00000758,P07-EXTERNAL-EXS-RECON,P05;P06,CPF-GATE-07,EXS-RECON,예,QA-12B-1,,"[EXS-RECON] 입력·경계 오류의 요구 경로에 대응하는 Source/contract/Test 후보는 확인했다. 그러나 실제 기관계, TCP/Fixed 상대시스템, SFTP, 인증서, 네트워크 단절, response-loss/reconcile 실행은 최신 SHA에서 수행되지 않았다. 제품 실패로 단정하지 않고 환경차이 미검증으로 유지한다.",,검수 후 환경차이 미검증,cpf-docs/evidence/qa/QA_PARALLEL_12WAY_QA-12B_R5_f97655c/external_review.md#exs-recon
CPF-SC-000759,CPF-FR-003844,EXS-RECON,P1,EXTERNAL,UNAUTHORIZED,[EXS-RECON] 미인증·권한 부족,기관연계 개발자·운영자,최신 exact SHA; 권한 없는 principal,401/403 대상,UI 직접 URL/API/Method 호출,Server 거부·Audit·민감정보 0,버튼만 숨김/default allow,Java25·적용 DB/Provider/Browser/Process 환경,Local/Remote·single/multi-instance 중 적용,source SHA·command·environment·start/end·exit code·pre/post state·report/artifact hash·sanitization,미검증,f97655c1299936a1101bc3ec10239265ec3b502e,cpf-docs/evidence/qa/QA_PARALLEL_12WAY_QA-12B_R5_f97655c/external_review.md#exs-recon,"실제 기관계, TCP/Fixed 상대시스템, SFTP, 인증서, 네트워크 단절, response-loss/reconcile 실행은 최신 SHA에서 수행되지 않았다",목표 환경 scenario 실행 Evidence 반영 후 QA 재검수,P07,Gateway·Batch·Messaging·외부연계·운영 Runtime,07-00000759,P07-EXTERNAL-EXS-RECON,P05;P06,CPF-GATE-07,EXS-RECON,예,QA-12B-1,,"[EXS-RECON] 미인증·권한 부족의 요구 경로에 대응하는 Source/contract/Test 후보는 확인했다. 그러나 실제 기관계, TCP/Fixed 상대시스템, SFTP, 인증서, 네트워크 단절, response-loss/reconcile 실행은 최신 SHA에서 수행되지 않았다. 제품 실패로 단정하지 않고 환경차이 미검증으로 유지한다.",,검수 후 환경차이 미검증,cpf-docs/evidence/qa/QA_PARALLEL_12WAY_QA-12B_R5_f97655c/external_review.md#exs-recon
CPF-SC-000760,CPF-FR-003844,EXS-RECON,P1,EXTERNAL,CONFLICT,[EXS-RECON] Version·Hash 충돌,기관연계 개발자·운영자,최신 exact SHA; 기존 version,stale expectedVersion/다른 hash,동시/재시도 요청,409·기존 결과 보존·lost update 0,후행 요청 덮어씀,Java25·적용 DB/Provider/Browser/Process 환경,Local/Remote·single/multi-instance 중 적용,source SHA·command·environment·start/end·exit code·pre/post state·report/artifact hash·sanitization,미검증,f97655c1299936a1101bc3ec10239265ec3b502e,cpf-docs/evidence/qa/QA_PARALLEL_12WAY_QA-12B_R5_f97655c/external_review.md#exs-recon,"실제 기관계, TCP/Fixed 상대시스템, SFTP, 인증서, 네트워크 단절, response-loss/reconcile 실행은 최신 SHA에서 수행되지 않았다",목표 환경 scenario 실행 Evidence 반영 후 QA 재검수,P07,Gateway·Batch·Messaging·외부연계·운영 Runtime,07-00000760,P07-EXTERNAL-EXS-RECON,P05;P06,CPF-GATE-07,EXS-RECON,예,QA-12B-1,,"[EXS-RECON] Version·Hash 충돌의 요구 경로에 대응하는 Source/contract/Test 후보는 확인했다. 그러나 실제 기관계, TCP/Fixed 상대시스템, SFTP, 인증서, 네트워크 단절, response-loss/reconcile 실행은 최신 SHA에서 수행되지 않았다. 제품 실패로 단정하지 않고 환경차이 미검증으로 유지한다.",,검수 후 환경차이 미검증,cpf-docs/evidence/qa/QA_PARALLEL_12WAY_QA-12B_R5_f97655c/external_review.md#exs-recon
CPF-SC-000761,CPF-FR-003844,EXS-RECON,P1,EXTERNAL,DUPLICATE,[EXS-RECON] 중복 요청,기관연계 개발자·운영자,최신 exact SHA; 같은 operationId,동일/상이 payload,동시·순차 중복,"동일 replay, 다른 payload conflict",side effect 2회,Java25·적용 DB/Provider/Browser/Process 환경,Local/Remote·single/multi-instance 중 적용,source SHA·command·environment·start/end·exit code·pre/post state·report/artifact hash·sanitization,미검증,f97655c1299936a1101bc3ec10239265ec3b502e,cpf-docs/evidence/qa/QA_PARALLEL_12WAY_QA-12B_R5_f97655c/external_review.md#exs-recon,"실제 기관계, TCP/Fixed 상대시스템, SFTP, 인증서, 네트워크 단절, response-loss/reconcile 실행은 최신 SHA에서 수행되지 않았다",목표 환경 scenario 실행 Evidence 반영 후 QA 재검수,P07,Gateway·Batch·Messaging·외부연계·운영 Runtime,07-00000761,P07-EXTERNAL-EXS-RECON,P05;P06,CPF-GATE-07,EXS-RECON,예,QA-12B-1,,"[EXS-RECON] 중복 요청의 요구 경로에 대응하는 Source/contract/Test 후보는 확인했다. 그러나 실제 기관계, TCP/Fixed 상대시스템, SFTP, 인증서, 네트워크 단절, response-loss/reconcile 실행은 최신 SHA에서 수행되지 않았다. 제품 실패로 단정하지 않고 환경차이 미검증으로 유지한다.",,검수 후 환경차이 미검증,cpf-docs/evidence/qa/QA_PARALLEL_12WAY_QA-12B_R5_f97655c/external_review.md#exs-recon
CPF-SC-000762,CPF-FR-003844,EXS-RECON,P1,EXTERNAL,TIMEOUT_PRE,[EXS-RECON] Side effect 전 Timeout,기관연계 개발자·운영자,최신 exact SHA; dependency delay,connect/header timeout,timeout 주입,retryable failure·side effect 0,UNKNOWN/성공 오인,Java25·적용 DB/Provider/Browser/Process 환경,Local/Remote·single/multi-instance 중 적용,source SHA·command·environment·start/end·exit code·pre/post state·report/artifact hash·sanitization,미검증,f97655c1299936a1101bc3ec10239265ec3b502e,cpf-docs/evidence/qa/QA_PARALLEL_12WAY_QA-12B_R5_f97655c/external_review.md#exs-recon,"실제 기관계, TCP/Fixed 상대시스템, SFTP, 인증서, 네트워크 단절, response-loss/reconcile 실행은 최신 SHA에서 수행되지 않았다",목표 환경 scenario 실행 Evidence 반영 후 QA 재검수,P07,Gateway·Batch·Messaging·외부연계·운영 Runtime,07-00000762,P07-EXTERNAL-EXS-RECON,P05;P06,CPF-GATE-07,EXS-RECON,예,QA-12B-1,,"[EXS-RECON] Side effect 전 Timeout의 요구 경로에 대응하는 Source/contract/Test 후보는 확인했다. 그러나 실제 기관계, TCP/Fixed 상대시스템, SFTP, 인증서, 네트워크 단절, response-loss/reconcile 실행은 최신 SHA에서 수행되지 않았다. 제품 실패로 단정하지 않고 환경차이 미검증으로 유지한다.",,검수 후 환경차이 미검증,cpf-docs/evidence/qa/QA_PARALLEL_12WAY_QA-12B_R5_f97655c/external_review.md#exs-recon
CPF-SC-000763,CPF-FR-003844,EXS-RECON,P1,EXTERNAL,RESPONSE_LOSS,[EXS-RECON] Side effect 후 응답 유실,기관연계 개발자·운영자,최신 exact SHA; Owner commit,commit 후 reset,응답 차단,UNKNOWN·blind retry 금지·reconcile,자동 실패/무조건 retry,Java25·적용 DB/Provider/Browser/Process 환경,Local/Remote·single/multi-instance 중 적용,source SHA·command·environment·start/end·exit code·pre/post state·report/artifact hash·sanitization,미검증,f97655c1299936a1101bc3ec10239265ec3b502e,cpf-docs/evidence/qa/QA_PARALLEL_12WAY_QA-12B_R5_f97655c/external_review.md#exs-recon,"실제 기관계, TCP/Fixed 상대시스템, SFTP, 인증서, 네트워크 단절, response-loss/reconcile 실행은 최신 SHA에서 수행되지 않았다",목표 환경 scenario 실행 Evidence 반영 후 QA 재검수,P07,Gateway·Batch·Messaging·외부연계·운영 Runtime,07-00000763,P07-EXTERNAL-EXS-RECON,P05;P06,CPF-GATE-07,EXS-RECON,예,QA-12B-1,,"[EXS-RECON] Side effect 후 응답 유실의 요구 경로에 대응하는 Source/contract/Test 후보는 확인했다. 그러나 실제 기관계, TCP/Fixed 상대시스템, SFTP, 인증서, 네트워크 단절, response-loss/reconcile 실행은 최신 SHA에서 수행되지 않았다. 제품 실패로 단정하지 않고 환경차이 미검증으로 유지한다.",,검수 후 환경차이 미검증,cpf-docs/evidence/qa/QA_PARALLEL_12WAY_QA-12B_R5_f97655c/external_review.md#exs-recon
CPF-SC-000764,CPF-FR-003844,EXS-RECON,P1,EXTERNAL,PARTIAL,[EXS-RECON] 부분 실패,기관연계 개발자·운영자,최신 exact SHA; 다중 대상/항목,일부 target failure,group 실행,개별 성공/실패/unknown 보존,전체 성공/실패로 축약,Java25·적용 DB/Provider/Browser/Process 환경,Local/Remote·single/multi-instance 중 적용,source SHA·command·environment·start/end·exit code·pre/post state·report/artifact hash·sanitization,미검증,f97655c1299936a1101bc3ec10239265ec3b502e,cpf-docs/evidence/qa/QA_PARALLEL_12WAY_QA-12B_R5_f97655c/external_review.md#exs-recon,"실제 기관계, TCP/Fixed 상대시스템, SFTP, 인증서, 네트워크 단절, response-loss/reconcile 실행은 최신 SHA에서 수행되지 않았다",목표 환경 scenario 실행 Evidence 반영 후 QA 재검수,P07,Gateway·Batch·Messaging·외부연계·운영 Runtime,07-00000764,P07-EXTERNAL-EXS-RECON,P05;P06,CPF-GATE-07,EXS-RECON,예,QA-12B-1,,"[EXS-RECON] 부분 실패의 요구 경로에 대응하는 Source/contract/Test 후보는 확인했다. 그러나 실제 기관계, TCP/Fixed 상대시스템, SFTP, 인증서, 네트워크 단절, response-loss/reconcile 실행은 최신 SHA에서 수행되지 않았다. 제품 실패로 단정하지 않고 환경차이 미검증으로 유지한다.",,검수 후 환경차이 미검증,cpf-docs/evidence/qa/QA_PARALLEL_12WAY_QA-12B_R5_f97655c/external_review.md#exs-recon
CPF-SC-000765,CPF-FR-003844,EXS-RECON,P1,EXTERNAL,PROCESS_KILL,[EXS-RECON] Process Kill·Restart,기관연계 개발자·운영자,최신 exact SHA; durable state,worker kill,claim/apply 후 종료·재기동,lease 회수·stale fencing·복구,고아 상태·중복,Java25·적용 DB/Provider/Browser/Process 환경,Local/Remote·single/multi-instance 중 적용,source SHA·command·environment·start/end·exit code·pre/post state·report/artifact hash·sanitization,미검증,f97655c1299936a1101bc3ec10239265ec3b502e,cpf-docs/evidence/qa/QA_PARALLEL_12WAY_QA-12B_R5_f97655c/external_review.md#exs-recon,"실제 기관계, TCP/Fixed 상대시스템, SFTP, 인증서, 네트워크 단절, response-loss/reconcile 실행은 최신 SHA에서 수행되지 않았다",목표 환경 scenario 실행 Evidence 반영 후 QA 재검수,P07,Gateway·Batch·Messaging·외부연계·운영 Runtime,07-00000765,P07-EXTERNAL-EXS-RECON,P05;P06,CPF-GATE-07,EXS-RECON,예,QA-12B-1,,"[EXS-RECON] Process Kill·Restart의 요구 경로에 대응하는 Source/contract/Test 후보는 확인했다. 그러나 실제 기관계, TCP/Fixed 상대시스템, SFTP, 인증서, 네트워크 단절, response-loss/reconcile 실행은 최신 SHA에서 수행되지 않았다. 제품 실패로 단정하지 않고 환경차이 미검증으로 유지한다.",,검수 후 환경차이 미검증,cpf-docs/evidence/qa/QA_PARALLEL_12WAY_QA-12B_R5_f97655c/external_review.md#exs-recon
CPF-SC-000766,CPF-FR-003844,EXS-RECON,P1,EXTERNAL,MULTI_INSTANCE,[EXS-RECON] 다중 Instance,기관연계 개발자·운영자,최신 exact SHA; 2개 이상,공유 DB/queue,동시 처리·failover·rejoin,version/state 일치·중복 0,local state 의존,Java25·적용 DB/Provider/Browser/Process 환경,Local/Remote·single/multi-instance 중 적용,source SHA·command·environment·start/end·exit code·pre/post state·report/artifact hash·sanitization,미검증,f97655c1299936a1101bc3ec10239265ec3b502e,cpf-docs/evidence/qa/QA_PARALLEL_12WAY_QA-12B_R5_f97655c/external_review.md#exs-recon,"실제 기관계, TCP/Fixed 상대시스템, SFTP, 인증서, 네트워크 단절, response-loss/reconcile 실행은 최신 SHA에서 수행되지 않았다",목표 환경 scenario 실행 Evidence 반영 후 QA 재검수,P07,Gateway·Batch·Messaging·외부연계·운영 Runtime,07-00000766,P07-EXTERNAL-EXS-RECON,P05;P06,CPF-GATE-07,EXS-RECON,예,QA-12B-1,,"[EXS-RECON] 다중 Instance의 요구 경로에 대응하는 Source/contract/Test 후보는 확인했다. 그러나 실제 기관계, TCP/Fixed 상대시스템, SFTP, 인증서, 네트워크 단절, response-loss/reconcile 실행은 최신 SHA에서 수행되지 않았다. 제품 실패로 단정하지 않고 환경차이 미검증으로 유지한다.",,검수 후 환경차이 미검증,cpf-docs/evidence/qa/QA_PARALLEL_12WAY_QA-12B_R5_f97655c/external_review.md#exs-recon
CPF-SC-000767,CPF-FR-003844,EXS-RECON,P1,EXTERNAL,ROLLBACK,[EXS-RECON] Rollback/Forward Recovery,기관연계 개발자·운영자,최신 exact SHA; 변경 전 snapshot,적용 후 결함,rollback/forward fix,데이터 보존·actual 일치·audit,부분 rollback·drift,Java25·적용 DB/Provider/Browser/Process 환경,Local/Remote·single/multi-instance 중 적용,source SHA·command·environment·start/end·exit code·pre/post state·report/artifact hash·sanitization,미검증,f97655c1299936a1101bc3ec10239265ec3b502e,cpf-docs/evidence/qa/QA_PARALLEL_12WAY_QA-12B_R5_f97655c/external_review.md#exs-recon,"실제 기관계, TCP/Fixed 상대시스템, SFTP, 인증서, 네트워크 단절, response-loss/reconcile 실행은 최신 SHA에서 수행되지 않았다",목표 환경 scenario 실행 Evidence 반영 후 QA 재검수,P07,Gateway·Batch·Messaging·외부연계·운영 Runtime,07-00000767,P07-EXTERNAL-EXS-RECON,P05;P06,CPF-GATE-07,EXS-RECON,예,QA-12B-1,,"[EXS-RECON] Rollback/Forward Recovery의 요구 경로에 대응하는 Source/contract/Test 후보는 확인했다. 그러나 실제 기관계, TCP/Fixed 상대시스템, SFTP, 인증서, 네트워크 단절, response-loss/reconcile 실행은 최신 SHA에서 수행되지 않았다. 제품 실패로 단정하지 않고 환경차이 미검증으로 유지한다.",,검수 후 환경차이 미검증,cpf-docs/evidence/qa/QA_PARALLEL_12WAY_QA-12B_R5_f97655c/external_review.md#exs-recon
CPF-SC-000768,CPF-FR-003844,EXS-RECON,P1,EXTERNAL,SECURITY_LEAK,[EXS-RECON] 민감정보 누출,기관연계 개발자·운영자,최신 exact SHA; PII/Secret fixture,오류·Log·UI·Download,정상/실패 실행,원문 0 또는 승인 범위,Log/DOM/Storage/Evidence 원문,Java25·적용 DB/Provider/Browser/Process 환경,Local/Remote·single/multi-instance 중 적용,source SHA·command·environment·start/end·exit code·pre/post state·report/artifact hash·sanitization,미검증,f97655c1299936a1101bc3ec10239265ec3b502e,cpf-docs/evidence/qa/QA_PARALLEL_12WAY_QA-12B_R5_f97655c/external_review.md#exs-recon,"실제 기관계, TCP/Fixed 상대시스템, SFTP, 인증서, 네트워크 단절, response-loss/reconcile 실행은 최신 SHA에서 수행되지 않았다",목표 환경 scenario 실행 Evidence 반영 후 QA 재검수,P07,Gateway·Batch·Messaging·외부연계·운영 Runtime,07-00000768,P07-EXTERNAL-EXS-RECON,P05;P06,CPF-GATE-07,EXS-RECON,예,QA-12B-1,,"[EXS-RECON] 민감정보 누출의 요구 경로에 대응하는 Source/contract/Test 후보는 확인했다. 그러나 실제 기관계, TCP/Fixed 상대시스템, SFTP, 인증서, 네트워크 단절, response-loss/reconcile 실행은 최신 SHA에서 수행되지 않았다. 제품 실패로 단정하지 않고 환경차이 미검증으로 유지한다.",,검수 후 환경차이 미검증,cpf-docs/evidence/qa/QA_PARALLEL_12WAY_QA-12B_R5_f97655c/external_review.md#exs-recon
CPF-SC-000769,CPF-FR-003905,EVENT-CORE,P0,MESSAGING,POSITIVE,[EVENT-CORE] 정상 수직 흐름,Messaging 개발자·운영자,최신 exact SHA; 유효 입력과 권한,정상 데이터,요청→검증→처리→저장/전달→응답→감사,정상 상태·side effect·tracking 일치,Mock-only 또는 Consumer 미호출,Java25·적용 DB/Provider/Browser/Process 환경,Local/Remote·single/multi-instance 중 적용,source SHA·command·environment·start/end·exit code·pre/post state·report/artifact hash·sanitization,미검증,f97655c1299936a1101bc3ec10239265ec3b502e,cpf-docs/evidence/qa/QA_PARALLEL_12WAY_QA-12B_R5_f97655c/messaging_review.md#event-core,"실제 Kafka/JMS/IBM MQ/RabbitMQ, ACK/NACK, rebalance, broker kill, duplicate/order/DLQ replay 실행은 최신 SHA에서 수행되지 않았다",목표 환경 scenario 실행 Evidence 반영 후 QA 재검수,P05,Starter·Capability·Provider 기본 구현,05-00000769,P05-MESSAGING-EVENT-CORE,P03;P04,CPF-GATE-05,EVENT-CORE,예,QA-12B-1,,"[EVENT-CORE] 정상 수직 흐름의 요구 경로에 대응하는 Source/contract/Test 후보는 확인했다. 그러나 실제 Kafka/JMS/IBM MQ/RabbitMQ, ACK/NACK, rebalance, broker kill, duplicate/order/DLQ replay 실행은 최신 SHA에서 수행되지 않았다. 제품 실패로 단정하지 않고 환경차이 미검증으로 유지한다.",,검수 후 환경차이 미검증,cpf-docs/evidence/qa/QA_PARALLEL_12WAY_QA-12B_R5_f97655c/messaging_review.md#event-core
CPF-SC-000770,CPF-FR-003905,EVENT-CORE,P0,MESSAGING,INVALID,[EVENT-CORE] 입력·경계 오류,Messaging 개발자·운영자,최신 exact SHA; 유효 Session,invalid/empty/oversize/unknown enum,각 invalid 제출,표준 field/path 오류·side effect 0,500/raw exception/부분 저장,Java25·적용 DB/Provider/Browser/Process 환경,Local/Remote·single/multi-instance 중 적용,source SHA·command·environment·start/end·exit code·pre/post state·report/artifact hash·sanitization,미검증,f97655c1299936a1101bc3ec10239265ec3b502e,cpf-docs/evidence/qa/QA_PARALLEL_12WAY_QA-12B_R5_f97655c/messaging_review.md#event-core,"실제 Kafka/JMS/IBM MQ/RabbitMQ, ACK/NACK, rebalance, broker kill, duplicate/order/DLQ replay 실행은 최신 SHA에서 수행되지 않았다",목표 환경 scenario 실행 Evidence 반영 후 QA 재검수,P05,Starter·Capability·Provider 기본 구현,05-00000770,P05-MESSAGING-EVENT-CORE,P03;P04,CPF-GATE-05,EVENT-CORE,예,QA-12B-1,,"[EVENT-CORE] 입력·경계 오류의 요구 경로에 대응하는 Source/contract/Test 후보는 확인했다. 그러나 실제 Kafka/JMS/IBM MQ/RabbitMQ, ACK/NACK, rebalance, broker kill, duplicate/order/DLQ replay 실행은 최신 SHA에서 수행되지 않았다. 제품 실패로 단정하지 않고 환경차이 미검증으로 유지한다.",,검수 후 환경차이 미검증,cpf-docs/evidence/qa/QA_PARALLEL_12WAY_QA-12B_R5_f97655c/messaging_review.md#event-core
CPF-SC-000771,CPF-FR-003905,EVENT-CORE,P0,MESSAGING,UNAUTHORIZED,[EVENT-CORE] 미인증·권한 부족,Messaging 개발자·운영자,최신 exact SHA; 권한 없는 principal,401/403 대상,UI 직접 URL/API/Method 호출,Server 거부·Audit·민감정보 0,버튼만 숨김/default allow,Java25·적용 DB/Provider/Browser/Process 환경,Local/Remote·single/multi-instance 중 적용,source SHA·command·environment·start/end·exit code·pre/post state·report/artifact hash·sanitization,미검증,f97655c1299936a1101bc3ec10239265ec3b502e,cpf-docs/evidence/qa/QA_PARALLEL_12WAY_QA-12B_R5_f97655c/messaging_review.md#event-core,"실제 Kafka/JMS/IBM MQ/RabbitMQ, ACK/NACK, rebalance, broker kill, duplicate/order/DLQ replay 실행은 최신 SHA에서 수행되지 않았다",목표 환경 scenario 실행 Evidence 반영 후 QA 재검수,P05,Starter·Capability·Provider 기본 구현,05-00000771,P05-MESSAGING-EVENT-CORE,P03;P04,CPF-GATE-05,EVENT-CORE,예,QA-12B-1,,"[EVENT-CORE] 미인증·권한 부족의 요구 경로에 대응하는 Source/contract/Test 후보는 확인했다. 그러나 실제 Kafka/JMS/IBM MQ/RabbitMQ, ACK/NACK, rebalance, broker kill, duplicate/order/DLQ replay 실행은 최신 SHA에서 수행되지 않았다. 제품 실패로 단정하지 않고 환경차이 미검증으로 유지한다.",,검수 후 환경차이 미검증,cpf-docs/evidence/qa/QA_PARALLEL_12WAY_QA-12B_R5_f97655c/messaging_review.md#event-core
CPF-SC-000772,CPF-FR-003905,EVENT-CORE,P0,MESSAGING,CONFLICT,[EVENT-CORE] Version·Hash 충돌,Messaging 개발자·운영자,최신 exact SHA; 기존 version,stale expectedVersion/다른 hash,동시/재시도 요청,409·기존 결과 보존·lost update 0,후행 요청 덮어씀,Java25·적용 DB/Provider/Browser/Process 환경,Local/Remote·single/multi-instance 중 적용,source SHA·command·environment·start/end·exit code·pre/post state·report/artifact hash·sanitization,미검증,f97655c1299936a1101bc3ec10239265ec3b502e,cpf-docs/evidence/qa/QA_PARALLEL_12WAY_QA-12B_R5_f97655c/messaging_review.md#event-core,"실제 Kafka/JMS/IBM MQ/RabbitMQ, ACK/NACK, rebalance, broker kill, duplicate/order/DLQ replay 실행은 최신 SHA에서 수행되지 않았다",목표 환경 scenario 실행 Evidence 반영 후 QA 재검수,P05,Starter·Capability·Provider 기본 구현,05-00000772,P05-MESSAGING-EVENT-CORE,P03;P04,CPF-GATE-05,EVENT-CORE,예,QA-12B-1,,"[EVENT-CORE] Version·Hash 충돌의 요구 경로에 대응하는 Source/contract/Test 후보는 확인했다. 그러나 실제 Kafka/JMS/IBM MQ/RabbitMQ, ACK/NACK, rebalance, broker kill, duplicate/order/DLQ replay 실행은 최신 SHA에서 수행되지 않았다. 제품 실패로 단정하지 않고 환경차이 미검증으로 유지한다.",,검수 후 환경차이 미검증,cpf-docs/evidence/qa/QA_PARALLEL_12WAY_QA-12B_R5_f97655c/messaging_review.md#event-core
CPF-SC-000773,CPF-FR-003905,EVENT-CORE,P0,MESSAGING,DUPLICATE,[EVENT-CORE] 중복 요청,Messaging 개발자·운영자,최신 exact SHA; 같은 operationId,동일/상이 payload,동시·순차 중복,"동일 replay, 다른 payload conflict",side effect 2회,Java25·적용 DB/Provider/Browser/Process 환경,Local/Remote·single/multi-instance 중 적용,source SHA·command·environment·start/end·exit code·pre/post state·report/artifact hash·sanitization,미검증,f97655c1299936a1101bc3ec10239265ec3b502e,cpf-docs/evidence/qa/QA_PARALLEL_12WAY_QA-12B_R5_f97655c/messaging_review.md#event-core,"실제 Kafka/JMS/IBM MQ/RabbitMQ, ACK/NACK, rebalance, broker kill, duplicate/order/DLQ replay 실행은 최신 SHA에서 수행되지 않았다",목표 환경 scenario 실행 Evidence 반영 후 QA 재검수,P05,Starter·Capability·Provider 기본 구현,05-00000773,P05-MESSAGING-EVENT-CORE,P03;P04,CPF-GATE-05,EVENT-CORE,예,QA-12B-1,,"[EVENT-CORE] 중복 요청의 요구 경로에 대응하는 Source/contract/Test 후보는 확인했다. 그러나 실제 Kafka/JMS/IBM MQ/RabbitMQ, ACK/NACK, rebalance, broker kill, duplicate/order/DLQ replay 실행은 최신 SHA에서 수행되지 않았다. 제품 실패로 단정하지 않고 환경차이 미검증으로 유지한다.",,검수 후 환경차이 미검증,cpf-docs/evidence/qa/QA_PARALLEL_12WAY_QA-12B_R5_f97655c/messaging_review.md#event-core
CPF-SC-000774,CPF-FR-003905,EVENT-CORE,P0,MESSAGING,TIMEOUT_PRE,[EVENT-CORE] Side effect 전 Timeout,Messaging 개발자·운영자,최신 exact SHA; dependency delay,connect/header timeout,timeout 주입,retryable failure·side effect 0,UNKNOWN/성공 오인,Java25·적용 DB/Provider/Browser/Process 환경,Local/Remote·single/multi-instance 중 적용,source SHA·command·environment·start/end·exit code·pre/post state·report/artifact hash·sanitization,미검증,f97655c1299936a1101bc3ec10239265ec3b502e,cpf-docs/evidence/qa/QA_PARALLEL_12WAY_QA-12B_R5_f97655c/messaging_review.md#event-core,"실제 Kafka/JMS/IBM MQ/RabbitMQ, ACK/NACK, rebalance, broker kill, duplicate/order/DLQ replay 실행은 최신 SHA에서 수행되지 않았다",목표 환경 scenario 실행 Evidence 반영 후 QA 재검수,P05,Starter·Capability·Provider 기본 구현,05-00000774,P05-MESSAGING-EVENT-CORE,P03;P04,CPF-GATE-05,EVENT-CORE,예,QA-12B-1,,"[EVENT-CORE] Side effect 전 Timeout의 요구 경로에 대응하는 Source/contract/Test 후보는 확인했다. 그러나 실제 Kafka/JMS/IBM MQ/RabbitMQ, ACK/NACK, rebalance, broker kill, duplicate/order/DLQ replay 실행은 최신 SHA에서 수행되지 않았다. 제품 실패로 단정하지 않고 환경차이 미검증으로 유지한다.",,검수 후 환경차이 미검증,cpf-docs/evidence/qa/QA_PARALLEL_12WAY_QA-12B_R5_f97655c/messaging_review.md#event-core
CPF-SC-000775,CPF-FR-003905,EVENT-CORE,P0,MESSAGING,RESPONSE_LOSS,[EVENT-CORE] Side effect 후 응답 유실,Messaging 개발자·운영자,최신 exact SHA; Owner commit,commit 후 reset,응답 차단,UNKNOWN·blind retry 금지·reconcile,자동 실패/무조건 retry,Java25·적용 DB/Provider/Browser/Process 환경,Local/Remote·single/multi-instance 중 적용,source SHA·command·environment·start/end·exit code·pre/post state·report/artifact hash·sanitization,미검증,f97655c1299936a1101bc3ec10239265ec3b502e,cpf-docs/evidence/qa/QA_PARALLEL_12WAY_QA-12B_R5_f97655c/messaging_review.md#event-core,"실제 Kafka/JMS/IBM MQ/RabbitMQ, ACK/NACK, rebalance, broker kill, duplicate/order/DLQ replay 실행은 최신 SHA에서 수행되지 않았다",목표 환경 scenario 실행 Evidence 반영 후 QA 재검수,P05,Starter·Capability·Provider 기본 구현,05-00000775,P05-MESSAGING-EVENT-CORE,P03;P04,CPF-GATE-05,EVENT-CORE,예,QA-12B-1,,"[EVENT-CORE] Side effect 후 응답 유실의 요구 경로에 대응하는 Source/contract/Test 후보는 확인했다. 그러나 실제 Kafka/JMS/IBM MQ/RabbitMQ, ACK/NACK, rebalance, broker kill, duplicate/order/DLQ replay 실행은 최신 SHA에서 수행되지 않았다. 제품 실패로 단정하지 않고 환경차이 미검증으로 유지한다.",,검수 후 환경차이 미검증,cpf-docs/evidence/qa/QA_PARALLEL_12WAY_QA-12B_R5_f97655c/messaging_review.md#event-core
CPF-SC-000776,CPF-FR-003905,EVENT-CORE,P0,MESSAGING,PARTIAL,[EVENT-CORE] 부분 실패,Messaging 개발자·운영자,최신 exact SHA; 다중 대상/항목,일부 target failure,group 실행,개별 성공/실패/unknown 보존,전체 성공/실패로 축약,Java25·적용 DB/Provider/Browser/Process 환경,Local/Remote·single/multi-instance 중 적용,source SHA·command·environment·start/end·exit code·pre/post state·report/artifact hash·sanitization,미검증,f97655c1299936a1101bc3ec10239265ec3b502e,cpf-docs/evidence/qa/QA_PARALLEL_12WAY_QA-12B_R5_f97655c/messaging_review.md#event-core,"실제 Kafka/JMS/IBM MQ/RabbitMQ, ACK/NACK, rebalance, broker kill, duplicate/order/DLQ replay 실행은 최신 SHA에서 수행되지 않았다",목표 환경 scenario 실행 Evidence 반영 후 QA 재검수,P05,Starter·Capability·Provider 기본 구현,05-00000776,P05-MESSAGING-EVENT-CORE,P03;P04,CPF-GATE-05,EVENT-CORE,예,QA-12B-1,,"[EVENT-CORE] 부분 실패의 요구 경로에 대응하는 Source/contract/Test 후보는 확인했다. 그러나 실제 Kafka/JMS/IBM MQ/RabbitMQ, ACK/NACK, rebalance, broker kill, duplicate/order/DLQ replay 실행은 최신 SHA에서 수행되지 않았다. 제품 실패로 단정하지 않고 환경차이 미검증으로 유지한다.",,검수 후 환경차이 미검증,cpf-docs/evidence/qa/QA_PARALLEL_12WAY_QA-12B_R5_f97655c/messaging_review.md#event-core
CPF-SC-000777,CPF-FR-003905,EVENT-CORE,P0,MESSAGING,PROCESS_KILL,[EVENT-CORE] Process Kill·Restart,Messaging 개발자·운영자,최신 exact SHA; durable state,worker kill,claim/apply 후 종료·재기동,lease 회수·stale fencing·복구,고아 상태·중복,Java25·적용 DB/Provider/Browser/Process 환경,Local/Remote·single/multi-instance 중 적용,source SHA·command·environment·start/end·exit code·pre/post state·report/artifact hash·sanitization,미검증,f97655c1299936a1101bc3ec10239265ec3b502e,cpf-docs/evidence/qa/QA_PARALLEL_12WAY_QA-12B_R5_f97655c/messaging_review.md#event-core,"실제 Kafka/JMS/IBM MQ/RabbitMQ, ACK/NACK, rebalance, broker kill, duplicate/order/DLQ replay 실행은 최신 SHA에서 수행되지 않았다",목표 환경 scenario 실행 Evidence 반영 후 QA 재검수,P05,Starter·Capability·Provider 기본 구현,05-00000777,P05-MESSAGING-EVENT-CORE,P03;P04,CPF-GATE-05,EVENT-CORE,예,QA-12B-1,,"[EVENT-CORE] Process Kill·Restart의 요구 경로에 대응하는 Source/contract/Test 후보는 확인했다. 그러나 실제 Kafka/JMS/IBM MQ/RabbitMQ, ACK/NACK, rebalance, broker kill, duplicate/order/DLQ replay 실행은 최신 SHA에서 수행되지 않았다. 제품 실패로 단정하지 않고 환경차이 미검증으로 유지한다.",,검수 후 환경차이 미검증,cpf-docs/evidence/qa/QA_PARALLEL_12WAY_QA-12B_R5_f97655c/messaging_review.md#event-core
CPF-SC-000778,CPF-FR-003905,EVENT-CORE,P0,MESSAGING,MULTI_INSTANCE,[EVENT-CORE] 다중 Instance,Messaging 개발자·운영자,최신 exact SHA; 2개 이상,공유 DB/queue,동시 처리·failover·rejoin,version/state 일치·중복 0,local state 의존,Java25·적용 DB/Provider/Browser/Process 환경,Local/Remote·single/multi-instance 중 적용,source SHA·command·environment·start/end·exit code·pre/post state·report/artifact hash·sanitization,미검증,f97655c1299936a1101bc3ec10239265ec3b502e,cpf-docs/evidence/qa/QA_PARALLEL_12WAY_QA-12B_R5_f97655c/messaging_review.md#event-core,"실제 Kafka/JMS/IBM MQ/RabbitMQ, ACK/NACK, rebalance, broker kill, duplicate/order/DLQ replay 실행은 최신 SHA에서 수행되지 않았다",목표 환경 scenario 실행 Evidence 반영 후 QA 재검수,P05,Starter·Capability·Provider 기본 구현,05-00000778,P05-MESSAGING-EVENT-CORE,P03;P04,CPF-GATE-05,EVENT-CORE,예,QA-12B-1,,"[EVENT-CORE] 다중 Instance의 요구 경로에 대응하는 Source/contract/Test 후보는 확인했다. 그러나 실제 Kafka/JMS/IBM MQ/RabbitMQ, ACK/NACK, rebalance, broker kill, duplicate/order/DLQ replay 실행은 최신 SHA에서 수행되지 않았다. 제품 실패로 단정하지 않고 환경차이 미검증으로 유지한다.",,검수 후 환경차이 미검증,cpf-docs/evidence/qa/QA_PARALLEL_12WAY_QA-12B_R5_f97655c/messaging_review.md#event-core
CPF-SC-000779,CPF-FR-003905,EVENT-CORE,P0,MESSAGING,ROLLBACK,[EVENT-CORE] Rollback/Forward Recovery,Messaging 개발자·운영자,최신 exact SHA; 변경 전 snapshot,적용 후 결함,rollback/forward fix,데이터 보존·actual 일치·audit,부분 rollback·drift,Java25·적용 DB/Provider/Browser/Process 환경,Local/Remote·single/multi-instance 중 적용,source SHA·command·environment·start/end·exit code·pre/post state·report/artifact hash·sanitization,미검증,f97655c1299936a1101bc3ec10239265ec3b502e,cpf-docs/evidence/qa/QA_PARALLEL_12WAY_QA-12B_R5_f97655c/messaging_review.md#event-core,"실제 Kafka/JMS/IBM MQ/RabbitMQ, ACK/NACK, rebalance, broker kill, duplicate/order/DLQ replay 실행은 최신 SHA에서 수행되지 않았다",목표 환경 scenario 실행 Evidence 반영 후 QA 재검수,P05,Starter·Capability·Provider 기본 구현,05-00000779,P05-MESSAGING-EVENT-CORE,P03;P04,CPF-GATE-05,EVENT-CORE,예,QA-12B-1,,"[EVENT-CORE] Rollback/Forward Recovery의 요구 경로에 대응하는 Source/contract/Test 후보는 확인했다. 그러나 실제 Kafka/JMS/IBM MQ/RabbitMQ, ACK/NACK, rebalance, broker kill, duplicate/order/DLQ replay 실행은 최신 SHA에서 수행되지 않았다. 제품 실패로 단정하지 않고 환경차이 미검증으로 유지한다.",,검수 후 환경차이 미검증,cpf-docs/evidence/qa/QA_PARALLEL_12WAY_QA-12B_R5_f97655c/messaging_review.md#event-core
CPF-SC-000780,CPF-FR-003905,EVENT-CORE,P0,MESSAGING,SECURITY_LEAK,[EVENT-CORE] 민감정보 누출,Messaging 개발자·운영자,최신 exact SHA; PII/Secret fixture,오류·Log·UI·Download,정상/실패 실행,원문 0 또는 승인 범위,Log/DOM/Storage/Evidence 원문,Java25·적용 DB/Provider/Browser/Process 환경,Local/Remote·single/multi-instance 중 적용,source SHA·command·environment·start/end·exit code·pre/post state·report/artifact hash·sanitization,미검증,f97655c1299936a1101bc3ec10239265ec3b502e,cpf-docs/evidence/qa/QA_PARALLEL_12WAY_QA-12B_R5_f97655c/messaging_review.md#event-core,"실제 Kafka/JMS/IBM MQ/RabbitMQ, ACK/NACK, rebalance, broker kill, duplicate/order/DLQ replay 실행은 최신 SHA에서 수행되지 않았다",목표 환경 scenario 실행 Evidence 반영 후 QA 재검수,P05,Starter·Capability·Provider 기본 구현,05-00000780,P05-MESSAGING-EVENT-CORE,P03;P04,CPF-GATE-05,EVENT-CORE,예,QA-12B-1,,"[EVENT-CORE] 민감정보 누출의 요구 경로에 대응하는 Source/contract/Test 후보는 확인했다. 그러나 실제 Kafka/JMS/IBM MQ/RabbitMQ, ACK/NACK, rebalance, broker kill, duplicate/order/DLQ replay 실행은 최신 SHA에서 수행되지 않았다. 제품 실패로 단정하지 않고 환경차이 미검증으로 유지한다.",,검수 후 환경차이 미검증,cpf-docs/evidence/qa/QA_PARALLEL_12WAY_QA-12B_R5_f97655c/messaging_review.md#event-core
CPF-SC-000781,CPF-FR-003966,EVENT-OUTBOX,P0,MESSAGING,POSITIVE,[EVENT-OUTBOX] 정상 수직 흐름,Messaging 개발자·운영자,최신 exact SHA; 유효 입력과 권한,정상 데이터,요청→검증→처리→저장/전달→응답→감사,정상 상태·side effect·tracking 일치,Mock-only 또는 Consumer 미호출,Java25·적용 DB/Provider/Browser/Process 환경,Local/Remote·single/multi-instance 중 적용,source SHA·command·environment·start/end·exit code·pre/post state·report/artifact hash·sanitization,미검증,f97655c1299936a1101bc3ec10239265ec3b502e,cpf-docs/evidence/qa/QA_PARALLEL_12WAY_QA-12B_R5_f97655c/messaging_review.md#event-outbox,"실제 Kafka/JMS/IBM MQ/RabbitMQ, ACK/NACK, rebalance, broker kill, duplicate/order/DLQ replay 실행은 최신 SHA에서 수행되지 않았다",목표 환경 scenario 실행 Evidence 반영 후 QA 재검수,P05,Starter·Capability·Provider 기본 구현,05-00000781,P05-MESSAGING-EVENT-OUTBOX,P03;P04,CPF-GATE-05,EVENT-OUTBOX,예,QA-12B-1,,"[EVENT-OUTBOX] 정상 수직 흐름의 요구 경로에 대응하는 Source/contract/Test 후보는 확인했다. 그러나 실제 Kafka/JMS/IBM MQ/RabbitMQ, ACK/NACK, rebalance, broker kill, duplicate/order/DLQ replay 실행은 최신 SHA에서 수행되지 않았다. 제품 실패로 단정하지 않고 환경차이 미검증으로 유지한다.",,검수 후 환경차이 미검증,cpf-docs/evidence/qa/QA_PARALLEL_12WAY_QA-12B_R5_f97655c/messaging_review.md#event-outbox
CPF-SC-000782,CPF-FR-003966,EVENT-OUTBOX,P0,MESSAGING,INVALID,[EVENT-OUTBOX] 입력·경계 오류,Messaging 개발자·운영자,최신 exact SHA; 유효 Session,invalid/empty/oversize/unknown enum,각 invalid 제출,표준 field/path 오류·side effect 0,500/raw exception/부분 저장,Java25·적용 DB/Provider/Browser/Process 환경,Local/Remote·single/multi-instance 중 적용,source SHA·command·environment·start/end·exit code·pre/post state·report/artifact hash·sanitization,미검증,f97655c1299936a1101bc3ec10239265ec3b502e,cpf-docs/evidence/qa/QA_PARALLEL_12WAY_QA-12B_R5_f97655c/messaging_review.md#event-outbox,"실제 Kafka/JMS/IBM MQ/RabbitMQ, ACK/NACK, rebalance, broker kill, duplicate/order/DLQ replay 실행은 최신 SHA에서 수행되지 않았다",목표 환경 scenario 실행 Evidence 반영 후 QA 재검수,P05,Starter·Capability·Provider 기본 구현,05-00000782,P05-MESSAGING-EVENT-OUTBOX,P03;P04,CPF-GATE-05,EVENT-OUTBOX,예,QA-12B-1,,"[EVENT-OUTBOX] 입력·경계 오류의 요구 경로에 대응하는 Source/contract/Test 후보는 확인했다. 그러나 실제 Kafka/JMS/IBM MQ/RabbitMQ, ACK/NACK, rebalance, broker kill, duplicate/order/DLQ replay 실행은 최신 SHA에서 수행되지 않았다. 제품 실패로 단정하지 않고 환경차이 미검증으로 유지한다.",,검수 후 환경차이 미검증,cpf-docs/evidence/qa/QA_PARALLEL_12WAY_QA-12B_R5_f97655c/messaging_review.md#event-outbox
CPF-SC-000783,CPF-FR-003966,EVENT-OUTBOX,P0,MESSAGING,UNAUTHORIZED,[EVENT-OUTBOX] 미인증·권한 부족,Messaging 개발자·운영자,최신 exact SHA; 권한 없는 principal,401/403 대상,UI 직접 URL/API/Method 호출,Server 거부·Audit·민감정보 0,버튼만 숨김/default allow,Java25·적용 DB/Provider/Browser/Process 환경,Local/Remote·single/multi-instance 중 적용,source SHA·command·environment·start/end·exit code·pre/post state·report/artifact hash·sanitization,미검증,f97655c1299936a1101bc3ec10239265ec3b502e,cpf-docs/evidence/qa/QA_PARALLEL_12WAY_QA-12B_R5_f97655c/messaging_review.md#event-outbox,"실제 Kafka/JMS/IBM MQ/RabbitMQ, ACK/NACK, rebalance, broker kill, duplicate/order/DLQ replay 실행은 최신 SHA에서 수행되지 않았다",목표 환경 scenario 실행 Evidence 반영 후 QA 재검수,P05,Starter·Capability·Provider 기본 구현,05-00000783,P05-MESSAGING-EVENT-OUTBOX,P03;P04,CPF-GATE-05,EVENT-OUTBOX,예,QA-12B-1,,"[EVENT-OUTBOX] 미인증·권한 부족의 요구 경로에 대응하는 Source/contract/Test 후보는 확인했다. 그러나 실제 Kafka/JMS/IBM MQ/RabbitMQ, ACK/NACK, rebalance, broker kill, duplicate/order/DLQ replay 실행은 최신 SHA에서 수행되지 않았다. 제품 실패로 단정하지 않고 환경차이 미검증으로 유지한다.",,검수 후 환경차이 미검증,cpf-docs/evidence/qa/QA_PARALLEL_12WAY_QA-12B_R5_f97655c/messaging_review.md#event-outbox
CPF-SC-000784,CPF-FR-003966,EVENT-OUTBOX,P0,MESSAGING,CONFLICT,[EVENT-OUTBOX] Version·Hash 충돌,Messaging 개발자·운영자,최신 exact SHA; 기존 version,stale expectedVersion/다른 hash,동시/재시도 요청,409·기존 결과 보존·lost update 0,후행 요청 덮어씀,Java25·적용 DB/Provider/Browser/Process 환경,Local/Remote·single/multi-instance 중 적용,source SHA·command·environment·start/end·exit code·pre/post state·report/artifact hash·sanitization,미검증,f97655c1299936a1101bc3ec10239265ec3b502e,cpf-docs/evidence/qa/QA_PARALLEL_12WAY_QA-12B_R5_f97655c/messaging_review.md#event-outbox,"실제 Kafka/JMS/IBM MQ/RabbitMQ, ACK/NACK, rebalance, broker kill, duplicate/order/DLQ replay 실행은 최신 SHA에서 수행되지 않았다",목표 환경 scenario 실행 Evidence 반영 후 QA 재검수,P05,Starter·Capability·Provider 기본 구현,05-00000784,P05-MESSAGING-EVENT-OUTBOX,P03;P04,CPF-GATE-05,EVENT-OUTBOX,예,QA-12B-1,,"[EVENT-OUTBOX] Version·Hash 충돌의 요구 경로에 대응하는 Source/contract/Test 후보는 확인했다. 그러나 실제 Kafka/JMS/IBM MQ/RabbitMQ, ACK/NACK, rebalance, broker kill, duplicate/order/DLQ replay 실행은 최신 SHA에서 수행되지 않았다. 제품 실패로 단정하지 않고 환경차이 미검증으로 유지한다.",,검수 후 환경차이 미검증,cpf-docs/evidence/qa/QA_PARALLEL_12WAY_QA-12B_R5_f97655c/messaging_review.md#event-outbox
CPF-SC-000785,CPF-FR-003966,EVENT-OUTBOX,P0,MESSAGING,DUPLICATE,[EVENT-OUTBOX] 중복 요청,Messaging 개발자·운영자,최신 exact SHA; 같은 operationId,동일/상이 payload,동시·순차 중복,"동일 replay, 다른 payload conflict",side effect 2회,Java25·적용 DB/Provider/Browser/Process 환경,Local/Remote·single/multi-instance 중 적용,source SHA·command·environment·start/end·exit code·pre/post state·report/artifact hash·sanitization,미검증,f97655c1299936a1101bc3ec10239265ec3b502e,cpf-docs/evidence/qa/QA_PARALLEL_12WAY_QA-12B_R5_f97655c/messaging_review.md#event-outbox,"실제 Kafka/JMS/IBM MQ/RabbitMQ, ACK/NACK, rebalance, broker kill, duplicate/order/DLQ replay 실행은 최신 SHA에서 수행되지 않았다",목표 환경 scenario 실행 Evidence 반영 후 QA 재검수,P05,Starter·Capability·Provider 기본 구현,05-00000785,P05-MESSAGING-EVENT-OUTBOX,P03;P04,CPF-GATE-05,EVENT-OUTBOX,예,QA-12B-1,,"[EVENT-OUTBOX] 중복 요청의 요구 경로에 대응하는 Source/contract/Test 후보는 확인했다. 그러나 실제 Kafka/JMS/IBM MQ/RabbitMQ, ACK/NACK, rebalance, broker kill, duplicate/order/DLQ replay 실행은 최신 SHA에서 수행되지 않았다. 제품 실패로 단정하지 않고 환경차이 미검증으로 유지한다.",,검수 후 환경차이 미검증,cpf-docs/evidence/qa/QA_PARALLEL_12WAY_QA-12B_R5_f97655c/messaging_review.md#event-outbox
CPF-SC-000786,CPF-FR-003966,EVENT-OUTBOX,P0,MESSAGING,TIMEOUT_PRE,[EVENT-OUTBOX] Side effect 전 Timeout,Messaging 개발자·운영자,최신 exact SHA; dependency delay,connect/header timeout,timeout 주입,retryable failure·side effect 0,UNKNOWN/성공 오인,Java25·적용 DB/Provider/Browser/Process 환경,Local/Remote·single/multi-instance 중 적용,source SHA·command·environment·start/end·exit code·pre/post state·report/artifact hash·sanitization,미검증,f97655c1299936a1101bc3ec10239265ec3b502e,cpf-docs/evidence/qa/QA_PARALLEL_12WAY_QA-12B_R5_f97655c/messaging_review.md#event-outbox,"실제 Kafka/JMS/IBM MQ/RabbitMQ, ACK/NACK, rebalance, broker kill, duplicate/order/DLQ replay 실행은 최신 SHA에서 수행되지 않았다",목표 환경 scenario 실행 Evidence 반영 후 QA 재검수,P05,Starter·Capability·Provider 기본 구현,05-00000786,P05-MESSAGING-EVENT-OUTBOX,P03;P04,CPF-GATE-05,EVENT-OUTBOX,예,QA-12B-1,,"[EVENT-OUTBOX] Side effect 전 Timeout의 요구 경로에 대응하는 Source/contract/Test 후보는 확인했다. 그러나 실제 Kafka/JMS/IBM MQ/RabbitMQ, ACK/NACK, rebalance, broker kill, duplicate/order/DLQ replay 실행은 최신 SHA에서 수행되지 않았다. 제품 실패로 단정하지 않고 환경차이 미검증으로 유지한다.",,검수 후 환경차이 미검증,cpf-docs/evidence/qa/QA_PARALLEL_12WAY_QA-12B_R5_f97655c/messaging_review.md#event-outbox
CPF-SC-000787,CPF-FR-003966,EVENT-OUTBOX,P0,MESSAGING,RESPONSE_LOSS,[EVENT-OUTBOX] Side effect 후 응답 유실,Messaging 개발자·운영자,최신 exact SHA; Owner commit,commit 후 reset,응답 차단,UNKNOWN·blind retry 금지·reconcile,자동 실패/무조건 retry,Java25·적용 DB/Provider/Browser/Process 환경,Local/Remote·single/multi-instance 중 적용,source SHA·command·environment·start/end·exit code·pre/post state·report/artifact hash·sanitization,미검증,f97655c1299936a1101bc3ec10239265ec3b502e,cpf-docs/evidence/qa/QA_PARALLEL_12WAY_QA-12B_R5_f97655c/messaging_review.md#event-outbox,"실제 Kafka/JMS/IBM MQ/RabbitMQ, ACK/NACK, rebalance, broker kill, duplicate/order/DLQ replay 실행은 최신 SHA에서 수행되지 않았다",목표 환경 scenario 실행 Evidence 반영 후 QA 재검수,P05,Starter·Capability·Provider 기본 구현,05-00000787,P05-MESSAGING-EVENT-OUTBOX,P03;P04,CPF-GATE-05,EVENT-OUTBOX,예,QA-12B-1,,"[EVENT-OUTBOX] Side effect 후 응답 유실의 요구 경로에 대응하는 Source/contract/Test 후보는 확인했다. 그러나 실제 Kafka/JMS/IBM MQ/RabbitMQ, ACK/NACK, rebalance, broker kill, duplicate/order/DLQ replay 실행은 최신 SHA에서 수행되지 않았다. 제품 실패로 단정하지 않고 환경차이 미검증으로 유지한다.",,검수 후 환경차이 미검증,cpf-docs/evidence/qa/QA_PARALLEL_12WAY_QA-12B_R5_f97655c/messaging_review.md#event-outbox
CPF-SC-000788,CPF-FR-003966,EVENT-OUTBOX,P0,MESSAGING,PARTIAL,[EVENT-OUTBOX] 부분 실패,Messaging 개발자·운영자,최신 exact SHA; 다중 대상/항목,일부 target failure,group 실행,개별 성공/실패/unknown 보존,전체 성공/실패로 축약,Java25·적용 DB/Provider/Browser/Process 환경,Local/Remote·single/multi-instance 중 적용,source SHA·command·environment·start/end·exit code·pre/post state·report/artifact hash·sanitization,미검증,f97655c1299936a1101bc3ec10239265ec3b502e,cpf-docs/evidence/qa/QA_PARALLEL_12WAY_QA-12B_R5_f97655c/messaging_review.md#event-outbox,"실제 Kafka/JMS/IBM MQ/RabbitMQ, ACK/NACK, rebalance, broker kill, duplicate/order/DLQ replay 실행은 최신 SHA에서 수행되지 않았다",목표 환경 scenario 실행 Evidence 반영 후 QA 재검수,P05,Starter·Capability·Provider 기본 구현,05-00000788,P05-MESSAGING-EVENT-OUTBOX,P03;P04,CPF-GATE-05,EVENT-OUTBOX,예,QA-12B-1,,"[EVENT-OUTBOX] 부분 실패의 요구 경로에 대응하는 Source/contract/Test 후보는 확인했다. 그러나 실제 Kafka/JMS/IBM MQ/RabbitMQ, ACK/NACK, rebalance, broker kill, duplicate/order/DLQ replay 실행은 최신 SHA에서 수행되지 않았다. 제품 실패로 단정하지 않고 환경차이 미검증으로 유지한다.",,검수 후 환경차이 미검증,cpf-docs/evidence/qa/QA_PARALLEL_12WAY_QA-12B_R5_f97655c/messaging_review.md#event-outbox
CPF-SC-000789,CPF-FR-003966,EVENT-OUTBOX,P0,MESSAGING,PROCESS_KILL,[EVENT-OUTBOX] Process Kill·Restart,Messaging 개발자·운영자,최신 exact SHA; durable state,worker kill,claim/apply 후 종료·재기동,lease 회수·stale fencing·복구,고아 상태·중복,Java25·적용 DB/Provider/Browser/Process 환경,Local/Remote·single/multi-instance 중 적용,source SHA·command·environment·start/end·exit code·pre/post state·report/artifact hash·sanitization,미검증,f97655c1299936a1101bc3ec10239265ec3b502e,cpf-docs/evidence/qa/QA_PARALLEL_12WAY_QA-12B_R5_f97655c/messaging_review.md#event-outbox,"실제 Kafka/JMS/IBM MQ/RabbitMQ, ACK/NACK, rebalance, broker kill, duplicate/order/DLQ replay 실행은 최신 SHA에서 수행되지 않았다",목표 환경 scenario 실행 Evidence 반영 후 QA 재검수,P05,Starter·Capability·Provider 기본 구현,05-00000789,P05-MESSAGING-EVENT-OUTBOX,P03;P04,CPF-GATE-05,EVENT-OUTBOX,예,QA-12B-1,,"[EVENT-OUTBOX] Process Kill·Restart의 요구 경로에 대응하는 Source/contract/Test 후보는 확인했다. 그러나 실제 Kafka/JMS/IBM MQ/RabbitMQ, ACK/NACK, rebalance, broker kill, duplicate/order/DLQ replay 실행은 최신 SHA에서 수행되지 않았다. 제품 실패로 단정하지 않고 환경차이 미검증으로 유지한다.",,검수 후 환경차이 미검증,cpf-docs/evidence/qa/QA_PARALLEL_12WAY_QA-12B_R5_f97655c/messaging_review.md#event-outbox
CPF-SC-000790,CPF-FR-003966,EVENT-OUTBOX,P0,MESSAGING,MULTI_INSTANCE,[EVENT-OUTBOX] 다중 Instance,Messaging 개발자·운영자,최신 exact SHA; 2개 이상,공유 DB/queue,동시 처리·failover·rejoin,version/state 일치·중복 0,local state 의존,Java25·적용 DB/Provider/Browser/Process 환경,Local/Remote·single/multi-instance 중 적용,source SHA·command·environment·start/end·exit code·pre/post state·report/artifact hash·sanitization,미검증,f97655c1299936a1101bc3ec10239265ec3b502e,cpf-docs/evidence/qa/QA_PARALLEL_12WAY_QA-12B_R5_f97655c/messaging_review.md#event-outbox,"실제 Kafka/JMS/IBM MQ/RabbitMQ, ACK/NACK, rebalance, broker kill, duplicate/order/DLQ replay 실행은 최신 SHA에서 수행되지 않았다",목표 환경 scenario 실행 Evidence 반영 후 QA 재검수,P05,Starter·Capability·Provider 기본 구현,05-00000790,P05-MESSAGING-EVENT-OUTBOX,P03;P04,CPF-GATE-05,EVENT-OUTBOX,예,QA-12B-1,,"[EVENT-OUTBOX] 다중 Instance의 요구 경로에 대응하는 Source/contract/Test 후보는 확인했다. 그러나 실제 Kafka/JMS/IBM MQ/RabbitMQ, ACK/NACK, rebalance, broker kill, duplicate/order/DLQ replay 실행은 최신 SHA에서 수행되지 않았다. 제품 실패로 단정하지 않고 환경차이 미검증으로 유지한다.",,검수 후 환경차이 미검증,cpf-docs/evidence/qa/QA_PARALLEL_12WAY_QA-12B_R5_f97655c/messaging_review.md#event-outbox
CPF-SC-000791,CPF-FR-003966,EVENT-OUTBOX,P0,MESSAGING,ROLLBACK,[EVENT-OUTBOX] Rollback/Forward Recovery,Messaging 개발자·운영자,최신 exact SHA; 변경 전 snapshot,적용 후 결함,rollback/forward fix,데이터 보존·actual 일치·audit,부분 rollback·drift,Java25·적용 DB/Provider/Browser/Process 환경,Local/Remote·single/multi-instance 중 적용,source SHA·command·environment·start/end·exit code·pre/post state·report/artifact hash·sanitization,미검증,f97655c1299936a1101bc3ec10239265ec3b502e,cpf-docs/evidence/qa/QA_PARALLEL_12WAY_QA-12B_R5_f97655c/messaging_review.md#event-outbox,"실제 Kafka/JMS/IBM MQ/RabbitMQ, ACK/NACK, rebalance, broker kill, duplicate/order/DLQ replay 실행은 최신 SHA에서 수행되지 않았다",목표 환경 scenario 실행 Evidence 반영 후 QA 재검수,P05,Starter·Capability·Provider 기본 구현,05-00000791,P05-MESSAGING-EVENT-OUTBOX,P03;P04,CPF-GATE-05,EVENT-OUTBOX,예,QA-12B-1,,"[EVENT-OUTBOX] Rollback/Forward Recovery의 요구 경로에 대응하는 Source/contract/Test 후보는 확인했다. 그러나 실제 Kafka/JMS/IBM MQ/RabbitMQ, ACK/NACK, rebalance, broker kill, duplicate/order/DLQ replay 실행은 최신 SHA에서 수행되지 않았다. 제품 실패로 단정하지 않고 환경차이 미검증으로 유지한다.",,검수 후 환경차이 미검증,cpf-docs/evidence/qa/QA_PARALLEL_12WAY_QA-12B_R5_f97655c/messaging_review.md#event-outbox
CPF-SC-000792,CPF-FR-003966,EVENT-OUTBOX,P0,MESSAGING,SECURITY_LEAK,[EVENT-OUTBOX] 민감정보 누출,Messaging 개발자·운영자,최신 exact SHA; PII/Secret fixture,오류·Log·UI·Download,정상/실패 실행,원문 0 또는 승인 범위,Log/DOM/Storage/Evidence 원문,Java25·적용 DB/Provider/Browser/Process 환경,Local/Remote·single/multi-instance 중 적용,source SHA·command·environment·start/end·exit code·pre/post state·report/artifact hash·sanitization,미검증,f97655c1299936a1101bc3ec10239265ec3b502e,cpf-docs/evidence/qa/QA_PARALLEL_12WAY_QA-12B_R5_f97655c/messaging_review.md#event-outbox,"실제 Kafka/JMS/IBM MQ/RabbitMQ, ACK/NACK, rebalance, broker kill, duplicate/order/DLQ replay 실행은 최신 SHA에서 수행되지 않았다",목표 환경 scenario 실행 Evidence 반영 후 QA 재검수,P05,Starter·Capability·Provider 기본 구현,05-00000792,P05-MESSAGING-EVENT-OUTBOX,P03;P04,CPF-GATE-05,EVENT-OUTBOX,예,QA-12B-1,,"[EVENT-OUTBOX] 민감정보 누출의 요구 경로에 대응하는 Source/contract/Test 후보는 확인했다. 그러나 실제 Kafka/JMS/IBM MQ/RabbitMQ, ACK/NACK, rebalance, broker kill, duplicate/order/DLQ replay 실행은 최신 SHA에서 수행되지 않았다. 제품 실패로 단정하지 않고 환경차이 미검증으로 유지한다.",,검수 후 환경차이 미검증,cpf-docs/evidence/qa/QA_PARALLEL_12WAY_QA-12B_R5_f97655c/messaging_review.md#event-outbox
CPF-SC-000793,CPF-FR-004027,EVENT-BROKER,P0,MESSAGING,POSITIVE,[EVENT-BROKER] 정상 수직 흐름,Messaging 개발자·운영자,최신 exact SHA; 유효 입력과 권한,정상 데이터,요청→검증→처리→저장/전달→응답→감사,정상 상태·side effect·tracking 일치,Mock-only 또는 Consumer 미호출,Java25·적용 DB/Provider/Browser/Process 환경,Local/Remote·single/multi-instance 중 적용,source SHA·command·environment·start/end·exit code·pre/post state·report/artifact hash·sanitization,재확인 필요,f97655c1299936a1101bc3ec10239265ec3b502e,cpf-docs/evidence/qa/QA_PARALLEL_12WAY_QA-12B_R5_f97655c/EVENT_BROKER_SOURCE_REVIEW.md,"QA 직접보완 Source/Test는 Java 21 독립 compile/harness에서 정상·UNKNOWN·Provider 예외·입력 경계와 Controller→Sample→CpfBrokerClient 호출까지 성공했으나, 개발GPT 교차검토·Codex 독립검토·QA exact-SHA 독립 재검수와 Java25 Gradle Module Test가 완료되지 않았다.",Java25 Gradle·Spring context 실행 및 개발GPT/Codex 교차검토 후 QA 재검수,P05,Starter·Capability·Provider 기본 구현,05-00000793,P05-MESSAGING-EVENT-BROKER,P03;P04,CPF-GATE-05,EVENT-BROKER,예,QA-12B-R2-1,미통과,"[EVENT-BROKER] 정상 수직 흐름에 대해 QA 직접보완 후 독립 Harness를 실행했다. 정상 enqueue, UNKNOWN passthrough, provider exception, blank tracking/idempotency 사전 차단과 Controller→Sample→CpfBrokerClient 호출이 성공했다. 다만 Java25 Gradle/Spring context 및 독립 교차검토가 미완료다.","QA 직접보완 Source/Test는 Java 21 독립 compile/harness에서 정상·UNKNOWN·Provider 예외·입력 경계와 Controller→Sample→CpfBrokerClient 호출까지 성공했으나, 개발GPT 교차검토·Codex 독립검토·QA exact-SHA 독립 재검수와 Java25 Gradle Module Test가 완료되지 않았다.",미통과,cpf-docs/evidence/qa/QA_PARALLEL_12WAY_QA-12B_R5_f97655c/EVENT_BROKER_SOURCE_REVIEW.md
CPF-SC-000794,CPF-FR-004027,EVENT-BROKER,P0,MESSAGING,INVALID,[EVENT-BROKER] 입력·경계 오류,Messaging 개발자·운영자,최신 exact SHA; 유효 Session,invalid/empty/oversize/unknown enum,각 invalid 제출,표준 field/path 오류·side effect 0,500/raw exception/부분 저장,Java25·적용 DB/Provider/Browser/Process 환경,Local/Remote·single/multi-instance 중 적용,source SHA·command·environment·start/end·exit code·pre/post state·report/artifact hash·sanitization,재확인 필요,f97655c1299936a1101bc3ec10239265ec3b502e,cpf-docs/evidence/qa/QA_PARALLEL_12WAY_QA-12B_R5_f97655c/EVENT_BROKER_SOURCE_REVIEW.md,"QA 직접보완 Source/Test는 Java 21 독립 compile/harness에서 정상·UNKNOWN·Provider 예외·입력 경계와 Controller→Sample→CpfBrokerClient 호출까지 성공했으나, 개발GPT 교차검토·Codex 독립검토·QA exact-SHA 독립 재검수와 Java25 Gradle Module Test가 완료되지 않았다.",Java25 Gradle·Spring context 실행 및 개발GPT/Codex 교차검토 후 QA 재검수,P05,Starter·Capability·Provider 기본 구현,05-00000794,P05-MESSAGING-EVENT-BROKER,P03;P04,CPF-GATE-05,EVENT-BROKER,예,QA-12B-R2-1,미통과,"[EVENT-BROKER] 입력·경계 오류에 대해 QA 직접보완 후 독립 Harness를 실행했다. 정상 enqueue, UNKNOWN passthrough, provider exception, blank tracking/idempotency 사전 차단과 Controller→Sample→CpfBrokerClient 호출이 성공했다. 다만 Java25 Gradle/Spring context 및 독립 교차검토가 미완료다.","QA 직접보완 Source/Test는 Java 21 독립 compile/harness에서 정상·UNKNOWN·Provider 예외·입력 경계와 Controller→Sample→CpfBrokerClient 호출까지 성공했으나, 개발GPT 교차검토·Codex 독립검토·QA exact-SHA 독립 재검수와 Java25 Gradle Module Test가 완료되지 않았다.",미통과,cpf-docs/evidence/qa/QA_PARALLEL_12WAY_QA-12B_R5_f97655c/EVENT_BROKER_SOURCE_REVIEW.md
CPF-SC-000795,CPF-FR-004027,EVENT-BROKER,P0,MESSAGING,UNAUTHORIZED,[EVENT-BROKER] 미인증·권한 부족,Messaging 개발자·운영자,최신 exact SHA; 권한 없는 principal,401/403 대상,UI 직접 URL/API/Method 호출,Server 거부·Audit·민감정보 0,버튼만 숨김/default allow,Java25·적용 DB/Provider/Browser/Process 환경,Local/Remote·single/multi-instance 중 적용,source SHA·command·environment·start/end·exit code·pre/post state·report/artifact hash·sanitization,미검증,f97655c1299936a1101bc3ec10239265ec3b502e,cpf-docs/evidence/qa/QA_PARALLEL_12WAY_QA-12B_R5_f97655c/messaging_review.md#event-broker,"실제 Kafka/JMS/IBM MQ/RabbitMQ, ACK/NACK, rebalance, broker kill, duplicate/order/DLQ replay 실행은 최신 SHA에서 수행되지 않았다",목표 환경 scenario 실행 Evidence 반영 후 QA 재검수,P05,Starter·Capability·Provider 기본 구현,05-00000795,P05-MESSAGING-EVENT-BROKER,P03;P04,CPF-GATE-05,EVENT-BROKER,예,QA-12B-1,,"[EVENT-BROKER] 미인증·권한 부족의 요구 경로에 대응하는 Source/contract/Test 후보는 확인했다. 그러나 실제 Kafka/JMS/IBM MQ/RabbitMQ, ACK/NACK, rebalance, broker kill, duplicate/order/DLQ replay 실행은 최신 SHA에서 수행되지 않았다. 제품 실패로 단정하지 않고 환경차이 미검증으로 유지한다.",,검수 후 환경차이 미검증,cpf-docs/evidence/qa/QA_PARALLEL_12WAY_QA-12B_R5_f97655c/messaging_review.md#event-broker
CPF-SC-000796,CPF-FR-004027,EVENT-BROKER,P0,MESSAGING,CONFLICT,[EVENT-BROKER] Version·Hash 충돌,Messaging 개발자·운영자,최신 exact SHA; 기존 version,stale expectedVersion/다른 hash,동시/재시도 요청,409·기존 결과 보존·lost update 0,후행 요청 덮어씀,Java25·적용 DB/Provider/Browser/Process 환경,Local/Remote·single/multi-instance 중 적용,source SHA·command·environment·start/end·exit code·pre/post state·report/artifact hash·sanitization,미검증,f97655c1299936a1101bc3ec10239265ec3b502e,cpf-docs/evidence/qa/QA_PARALLEL_12WAY_QA-12B_R5_f97655c/messaging_review.md#event-broker,"실제 Kafka/JMS/IBM MQ/RabbitMQ, ACK/NACK, rebalance, broker kill, duplicate/order/DLQ replay 실행은 최신 SHA에서 수행되지 않았다",목표 환경 scenario 실행 Evidence 반영 후 QA 재검수,P05,Starter·Capability·Provider 기본 구현,05-00000796,P05-MESSAGING-EVENT-BROKER,P03;P04,CPF-GATE-05,EVENT-BROKER,예,QA-12B-1,,"[EVENT-BROKER] Version·Hash 충돌의 요구 경로에 대응하는 Source/contract/Test 후보는 확인했다. 그러나 실제 Kafka/JMS/IBM MQ/RabbitMQ, ACK/NACK, rebalance, broker kill, duplicate/order/DLQ replay 실행은 최신 SHA에서 수행되지 않았다. 제품 실패로 단정하지 않고 환경차이 미검증으로 유지한다.",,검수 후 환경차이 미검증,cpf-docs/evidence/qa/QA_PARALLEL_12WAY_QA-12B_R5_f97655c/messaging_review.md#event-broker
CPF-SC-000797,CPF-FR-004027,EVENT-BROKER,P0,MESSAGING,DUPLICATE,[EVENT-BROKER] 중복 요청,Messaging 개발자·운영자,최신 exact SHA; 같은 operationId,동일/상이 payload,동시·순차 중복,"동일 replay, 다른 payload conflict",side effect 2회,Java25·적용 DB/Provider/Browser/Process 환경,Local/Remote·single/multi-instance 중 적용,source SHA·command·environment·start/end·exit code·pre/post state·report/artifact hash·sanitization,미검증,f97655c1299936a1101bc3ec10239265ec3b502e,cpf-docs/evidence/qa/QA_PARALLEL_12WAY_QA-12B_R5_f97655c/messaging_review.md#event-broker,"실제 Kafka/JMS/IBM MQ/RabbitMQ, ACK/NACK, rebalance, broker kill, duplicate/order/DLQ replay 실행은 최신 SHA에서 수행되지 않았다",목표 환경 scenario 실행 Evidence 반영 후 QA 재검수,P05,Starter·Capability·Provider 기본 구현,05-00000797,P05-MESSAGING-EVENT-BROKER,P03;P04,CPF-GATE-05,EVENT-BROKER,예,QA-12B-1,,"[EVENT-BROKER] 중복 요청의 요구 경로에 대응하는 Source/contract/Test 후보는 확인했다. 그러나 실제 Kafka/JMS/IBM MQ/RabbitMQ, ACK/NACK, rebalance, broker kill, duplicate/order/DLQ replay 실행은 최신 SHA에서 수행되지 않았다. 제품 실패로 단정하지 않고 환경차이 미검증으로 유지한다.",,검수 후 환경차이 미검증,cpf-docs/evidence/qa/QA_PARALLEL_12WAY_QA-12B_R5_f97655c/messaging_review.md#event-broker
CPF-SC-000798,CPF-FR-004027,EVENT-BROKER,P0,MESSAGING,TIMEOUT_PRE,[EVENT-BROKER] Side effect 전 Timeout,Messaging 개발자·운영자,최신 exact SHA; dependency delay,connect/header timeout,timeout 주입,retryable failure·side effect 0,UNKNOWN/성공 오인,Java25·적용 DB/Provider/Browser/Process 환경,Local/Remote·single/multi-instance 중 적용,source SHA·command·environment·start/end·exit code·pre/post state·report/artifact hash·sanitization,미검증,f97655c1299936a1101bc3ec10239265ec3b502e,cpf-docs/evidence/qa/QA_PARALLEL_12WAY_QA-12B_R5_f97655c/messaging_review.md#event-broker,"실제 Kafka/JMS/IBM MQ/RabbitMQ, ACK/NACK, rebalance, broker kill, duplicate/order/DLQ replay 실행은 최신 SHA에서 수행되지 않았다",목표 환경 scenario 실행 Evidence 반영 후 QA 재검수,P05,Starter·Capability·Provider 기본 구현,05-00000798,P05-MESSAGING-EVENT-BROKER,P03;P04,CPF-GATE-05,EVENT-BROKER,예,QA-12B-1,,"[EVENT-BROKER] Side effect 전 Timeout의 요구 경로에 대응하는 Source/contract/Test 후보는 확인했다. 그러나 실제 Kafka/JMS/IBM MQ/RabbitMQ, ACK/NACK, rebalance, broker kill, duplicate/order/DLQ replay 실행은 최신 SHA에서 수행되지 않았다. 제품 실패로 단정하지 않고 환경차이 미검증으로 유지한다.",,검수 후 환경차이 미검증,cpf-docs/evidence/qa/QA_PARALLEL_12WAY_QA-12B_R5_f97655c/messaging_review.md#event-broker
CPF-SC-000799,CPF-FR-004027,EVENT-BROKER,P0,MESSAGING,RESPONSE_LOSS,[EVENT-BROKER] Side effect 후 응답 유실,Messaging 개발자·운영자,최신 exact SHA; Owner commit,commit 후 reset,응답 차단,UNKNOWN·blind retry 금지·reconcile,자동 실패/무조건 retry,Java25·적용 DB/Provider/Browser/Process 환경,Local/Remote·single/multi-instance 중 적용,source SHA·command·environment·start/end·exit code·pre/post state·report/artifact hash·sanitization,미검증,f97655c1299936a1101bc3ec10239265ec3b502e,cpf-docs/evidence/qa/QA_PARALLEL_12WAY_QA-12B_R5_f97655c/messaging_review.md#event-broker,"실제 Kafka/JMS/IBM MQ/RabbitMQ, ACK/NACK, rebalance, broker kill, duplicate/order/DLQ replay 실행은 최신 SHA에서 수행되지 않았다",목표 환경 scenario 실행 Evidence 반영 후 QA 재검수,P05,Starter·Capability·Provider 기본 구현,05-00000799,P05-MESSAGING-EVENT-BROKER,P03;P04,CPF-GATE-05,EVENT-BROKER,예,QA-12B-1,,"[EVENT-BROKER] Side effect 후 응답 유실의 요구 경로에 대응하는 Source/contract/Test 후보는 확인했다. 그러나 실제 Kafka/JMS/IBM MQ/RabbitMQ, ACK/NACK, rebalance, broker kill, duplicate/order/DLQ replay 실행은 최신 SHA에서 수행되지 않았다. 제품 실패로 단정하지 않고 환경차이 미검증으로 유지한다.",,검수 후 환경차이 미검증,cpf-docs/evidence/qa/QA_PARALLEL_12WAY_QA-12B_R5_f97655c/messaging_review.md#event-broker
CPF-SC-000800,CPF-FR-004027,EVENT-BROKER,P0,MESSAGING,PARTIAL,[EVENT-BROKER] 부분 실패,Messaging 개발자·운영자,최신 exact SHA; 다중 대상/항목,일부 target failure,group 실행,개별 성공/실패/unknown 보존,전체 성공/실패로 축약,Java25·적용 DB/Provider/Browser/Process 환경,Local/Remote·single/multi-instance 중 적용,source SHA·command·environment·start/end·exit code·pre/post state·report/artifact hash·sanitization,미검증,f97655c1299936a1101bc3ec10239265ec3b502e,cpf-docs/evidence/qa/QA_PARALLEL_12WAY_QA-12B_R5_f97655c/messaging_review.md#event-broker,"실제 Kafka/JMS/IBM MQ/RabbitMQ, ACK/NACK, rebalance, broker kill, duplicate/order/DLQ replay 실행은 최신 SHA에서 수행되지 않았다",목표 환경 scenario 실행 Evidence 반영 후 QA 재검수,P05,Starter·Capability·Provider 기본 구현,05-00000800,P05-MESSAGING-EVENT-BROKER,P03;P04,CPF-GATE-05,EVENT-BROKER,예,QA-12B-1,,"[EVENT-BROKER] 부분 실패의 요구 경로에 대응하는 Source/contract/Test 후보는 확인했다. 그러나 실제 Kafka/JMS/IBM MQ/RabbitMQ, ACK/NACK, rebalance, broker kill, duplicate/order/DLQ replay 실행은 최신 SHA에서 수행되지 않았다. 제품 실패로 단정하지 않고 환경차이 미검증으로 유지한다.",,검수 후 환경차이 미검증,cpf-docs/evidence/qa/QA_PARALLEL_12WAY_QA-12B_R5_f97655c/messaging_review.md#event-broker
CPF-SC-000801,CPF-FR-004027,EVENT-BROKER,P0,MESSAGING,PROCESS_KILL,[EVENT-BROKER] Process Kill·Restart,Messaging 개발자·운영자,최신 exact SHA; durable state,worker kill,claim/apply 후 종료·재기동,lease 회수·stale fencing·복구,고아 상태·중복,Java25·적용 DB/Provider/Browser/Process 환경,Local/Remote·single/multi-instance 중 적용,source SHA·command·environment·start/end·exit code·pre/post state·report/artifact hash·sanitization,미검증,f97655c1299936a1101bc3ec10239265ec3b502e,cpf-docs/evidence/qa/QA_PARALLEL_12WAY_QA-12B_R5_f97655c/messaging_review.md#event-broker,"실제 Kafka/JMS/IBM MQ/RabbitMQ, ACK/NACK, rebalance, broker kill, duplicate/order/DLQ replay 실행은 최신 SHA에서 수행되지 않았다",목표 환경 scenario 실행 Evidence 반영 후 QA 재검수,P05,Starter·Capability·Provider 기본 구현,05-00000801,P05-MESSAGING-EVENT-BROKER,P03;P04,CPF-GATE-05,EVENT-BROKER,예,QA-12B-1,,"[EVENT-BROKER] Process Kill·Restart의 요구 경로에 대응하는 Source/contract/Test 후보는 확인했다. 그러나 실제 Kafka/JMS/IBM MQ/RabbitMQ, ACK/NACK, rebalance, broker kill, duplicate/order/DLQ replay 실행은 최신 SHA에서 수행되지 않았다. 제품 실패로 단정하지 않고 환경차이 미검증으로 유지한다.",,검수 후 환경차이 미검증,cpf-docs/evidence/qa/QA_PARALLEL_12WAY_QA-12B_R5_f97655c/messaging_review.md#event-broker
CPF-SC-000802,CPF-FR-004027,EVENT-BROKER,P0,MESSAGING,MULTI_INSTANCE,[EVENT-BROKER] 다중 Instance,Messaging 개발자·운영자,최신 exact SHA; 2개 이상,공유 DB/queue,동시 처리·failover·rejoin,version/state 일치·중복 0,local state 의존,Java25·적용 DB/Provider/Browser/Process 환경,Local/Remote·single/multi-instance 중 적용,source SHA·command·environment·start/end·exit code·pre/post state·report/artifact hash·sanitization,미검증,f97655c1299936a1101bc3ec10239265ec3b502e,cpf-docs/evidence/qa/QA_PARALLEL_12WAY_QA-12B_R5_f97655c/messaging_review.md#event-broker,"실제 Kafka/JMS/IBM MQ/RabbitMQ, ACK/NACK, rebalance, broker kill, duplicate/order/DLQ replay 실행은 최신 SHA에서 수행되지 않았다",목표 환경 scenario 실행 Evidence 반영 후 QA 재검수,P05,Starter·Capability·Provider 기본 구현,05-00000802,P05-MESSAGING-EVENT-BROKER,P03;P04,CPF-GATE-05,EVENT-BROKER,예,QA-12B-1,,"[EVENT-BROKER] 다중 Instance의 요구 경로에 대응하는 Source/contract/Test 후보는 확인했다. 그러나 실제 Kafka/JMS/IBM MQ/RabbitMQ, ACK/NACK, rebalance, broker kill, duplicate/order/DLQ replay 실행은 최신 SHA에서 수행되지 않았다. 제품 실패로 단정하지 않고 환경차이 미검증으로 유지한다.",,검수 후 환경차이 미검증,cpf-docs/evidence/qa/QA_PARALLEL_12WAY_QA-12B_R5_f97655c/messaging_review.md#event-broker
CPF-SC-000803,CPF-FR-004027,EVENT-BROKER,P0,MESSAGING,ROLLBACK,[EVENT-BROKER] Rollback/Forward Recovery,Messaging 개발자·운영자,최신 exact SHA; 변경 전 snapshot,적용 후 결함,rollback/forward fix,데이터 보존·actual 일치·audit,부분 rollback·drift,Java25·적용 DB/Provider/Browser/Process 환경,Local/Remote·single/multi-instance 중 적용,source SHA·command·environment·start/end·exit code·pre/post state·report/artifact hash·sanitization,미검증,f97655c1299936a1101bc3ec10239265ec3b502e,cpf-docs/evidence/qa/QA_PARALLEL_12WAY_QA-12B_R5_f97655c/messaging_review.md#event-broker,"실제 Kafka/JMS/IBM MQ/RabbitMQ, ACK/NACK, rebalance, broker kill, duplicate/order/DLQ replay 실행은 최신 SHA에서 수행되지 않았다",목표 환경 scenario 실행 Evidence 반영 후 QA 재검수,P05,Starter·Capability·Provider 기본 구현,05-00000803,P05-MESSAGING-EVENT-BROKER,P03;P04,CPF-GATE-05,EVENT-BROKER,예,QA-12B-1,,"[EVENT-BROKER] Rollback/Forward Recovery의 요구 경로에 대응하는 Source/contract/Test 후보는 확인했다. 그러나 실제 Kafka/JMS/IBM MQ/RabbitMQ, ACK/NACK, rebalance, broker kill, duplicate/order/DLQ replay 실행은 최신 SHA에서 수행되지 않았다. 제품 실패로 단정하지 않고 환경차이 미검증으로 유지한다.",,검수 후 환경차이 미검증,cpf-docs/evidence/qa/QA_PARALLEL_12WAY_QA-12B_R5_f97655c/messaging_review.md#event-broker
CPF-SC-000804,CPF-FR-004027,EVENT-BROKER,P0,MESSAGING,SECURITY_LEAK,[EVENT-BROKER] 민감정보 누출,Messaging 개발자·운영자,최신 exact SHA; PII/Secret fixture,오류·Log·UI·Download,정상/실패 실행,원문 0 또는 승인 범위,Log/DOM/Storage/Evidence 원문,Java25·적용 DB/Provider/Browser/Process 환경,Local/Remote·single/multi-instance 중 적용,source SHA·command·environment·start/end·exit code·pre/post state·report/artifact hash·sanitization,미검증,f97655c1299936a1101bc3ec10239265ec3b502e,cpf-docs/evidence/qa/QA_PARALLEL_12WAY_QA-12B_R5_f97655c/messaging_review.md#event-broker,"실제 Kafka/JMS/IBM MQ/RabbitMQ, ACK/NACK, rebalance, broker kill, duplicate/order/DLQ replay 실행은 최신 SHA에서 수행되지 않았다",목표 환경 scenario 실행 Evidence 반영 후 QA 재검수,P05,Starter·Capability·Provider 기본 구현,05-00000804,P05-MESSAGING-EVENT-BROKER,P03;P04,CPF-GATE-05,EVENT-BROKER,예,QA-12B-1,,"[EVENT-BROKER] 민감정보 누출의 요구 경로에 대응하는 Source/contract/Test 후보는 확인했다. 그러나 실제 Kafka/JMS/IBM MQ/RabbitMQ, ACK/NACK, rebalance, broker kill, duplicate/order/DLQ replay 실행은 최신 SHA에서 수행되지 않았다. 제품 실패로 단정하지 않고 환경차이 미검증으로 유지한다.",,검수 후 환경차이 미검증,cpf-docs/evidence/qa/QA_PARALLEL_12WAY_QA-12B_R5_f97655c/messaging_review.md#event-broker
CPF-SC-000805,CPF-FR-004088,EVENT-MQ,P0,MESSAGING,POSITIVE,[EVENT-MQ] 정상 수직 흐름,Messaging 개발자·운영자,최신 exact SHA; 유효 입력과 권한,정상 데이터,요청→검증→처리→저장/전달→응답→감사,정상 상태·side effect·tracking 일치,Mock-only 또는 Consumer 미호출,Java25·적용 DB/Provider/Browser/Process 환경,Local/Remote·single/multi-instance 중 적용,source SHA·command·environment·start/end·exit code·pre/post state·report/artifact hash·sanitization,재확인 필요,f97655c1299936a1101bc3ec10239265ec3b502e,cpf-docs/evidence/qa/QA_PARALLEL_12WAY_QA-12B_R5_f97655c/PROVIDER_METADATA_SOURCE_REVIEW.md,EVENT-MQ metadata QA 직접보완 Harness는 통과했으나 Java25/real Provider/cross-review가 미완료다.,Java25 Module/real Provider 및 개발GPT/Codex 교차검토 후 QA 재검수,P05,Starter·Capability·Provider 기본 구현,05-00000805,P05-MESSAGING-EVENT-MQ,P03;P04,CPF-GATE-05,EVENT-MQ,예,QA-12B-R3-1,미통과,[EVENT-MQ] 정상 수직 흐름: 수정 전 contentType 또는 reserved metadata assertion 실패를 재현했고 수정 후 정상·입력 충돌·security spoofing Harness를 통과했다. EVENT-MQ metadata QA 직접보완 Harness는 통과했으나 Java25/real Provider/cross-review가 미완료다.,EVENT-MQ metadata QA 직접보완 Harness는 통과했으나 Java25/real Provider/cross-review가 미완료다.,미통과,cpf-docs/evidence/qa/QA_PARALLEL_12WAY_QA-12B_R5_f97655c/PROVIDER_METADATA_SOURCE_REVIEW.md
CPF-SC-000806,CPF-FR-004088,EVENT-MQ,P0,MESSAGING,INVALID,[EVENT-MQ] 입력·경계 오류,Messaging 개발자·운영자,최신 exact SHA; 유효 Session,invalid/empty/oversize/unknown enum,각 invalid 제출,표준 field/path 오류·side effect 0,500/raw exception/부분 저장,Java25·적용 DB/Provider/Browser/Process 환경,Local/Remote·single/multi-instance 중 적용,source SHA·command·environment·start/end·exit code·pre/post state·report/artifact hash·sanitization,재확인 필요,f97655c1299936a1101bc3ec10239265ec3b502e,cpf-docs/evidence/qa/QA_PARALLEL_12WAY_QA-12B_R5_f97655c/PROVIDER_METADATA_SOURCE_REVIEW.md,EVENT-MQ metadata QA 직접보완 Harness는 통과했으나 Java25/real Provider/cross-review가 미완료다.,Java25 Module/real Provider 및 개발GPT/Codex 교차검토 후 QA 재검수,P05,Starter·Capability·Provider 기본 구현,05-00000806,P05-MESSAGING-EVENT-MQ,P03;P04,CPF-GATE-05,EVENT-MQ,예,QA-12B-R3-1,미통과,[EVENT-MQ] 입력·경계 오류: 수정 전 contentType 또는 reserved metadata assertion 실패를 재현했고 수정 후 정상·입력 충돌·security spoofing Harness를 통과했다. EVENT-MQ metadata QA 직접보완 Harness는 통과했으나 Java25/real Provider/cross-review가 미완료다.,EVENT-MQ metadata QA 직접보완 Harness는 통과했으나 Java25/real Provider/cross-review가 미완료다.,미통과,cpf-docs/evidence/qa/QA_PARALLEL_12WAY_QA-12B_R5_f97655c/PROVIDER_METADATA_SOURCE_REVIEW.md
CPF-SC-000807,CPF-FR-004088,EVENT-MQ,P0,MESSAGING,UNAUTHORIZED,[EVENT-MQ] 미인증·권한 부족,Messaging 개발자·운영자,최신 exact SHA; 권한 없는 principal,401/403 대상,UI 직접 URL/API/Method 호출,Server 거부·Audit·민감정보 0,버튼만 숨김/default allow,Java25·적용 DB/Provider/Browser/Process 환경,Local/Remote·single/multi-instance 중 적용,source SHA·command·environment·start/end·exit code·pre/post state·report/artifact hash·sanitization,미검증,f97655c1299936a1101bc3ec10239265ec3b502e,cpf-docs/evidence/qa/QA_PARALLEL_12WAY_QA-12B_R5_f97655c/messaging_review.md#event-mq,"실제 Kafka/JMS/IBM MQ/RabbitMQ, ACK/NACK, rebalance, broker kill, duplicate/order/DLQ replay 실행은 최신 SHA에서 수행되지 않았다",목표 환경 scenario 실행 Evidence 반영 후 QA 재검수,P05,Starter·Capability·Provider 기본 구현,05-00000807,P05-MESSAGING-EVENT-MQ,P03;P04,CPF-GATE-05,EVENT-MQ,예,QA-12B-1,,"[EVENT-MQ] 미인증·권한 부족의 요구 경로에 대응하는 Source/contract/Test 후보는 확인했다. 그러나 실제 Kafka/JMS/IBM MQ/RabbitMQ, ACK/NACK, rebalance, broker kill, duplicate/order/DLQ replay 실행은 최신 SHA에서 수행되지 않았다. 제품 실패로 단정하지 않고 환경차이 미검증으로 유지한다.",,검수 후 환경차이 미검증,cpf-docs/evidence/qa/QA_PARALLEL_12WAY_QA-12B_R5_f97655c/messaging_review.md#event-mq
CPF-SC-000808,CPF-FR-004088,EVENT-MQ,P0,MESSAGING,CONFLICT,[EVENT-MQ] Version·Hash 충돌,Messaging 개발자·운영자,최신 exact SHA; 기존 version,stale expectedVersion/다른 hash,동시/재시도 요청,409·기존 결과 보존·lost update 0,후행 요청 덮어씀,Java25·적용 DB/Provider/Browser/Process 환경,Local/Remote·single/multi-instance 중 적용,source SHA·command·environment·start/end·exit code·pre/post state·report/artifact hash·sanitization,미검증,f97655c1299936a1101bc3ec10239265ec3b502e,cpf-docs/evidence/qa/QA_PARALLEL_12WAY_QA-12B_R5_f97655c/messaging_review.md#event-mq,"실제 Kafka/JMS/IBM MQ/RabbitMQ, ACK/NACK, rebalance, broker kill, duplicate/order/DLQ replay 실행은 최신 SHA에서 수행되지 않았다",목표 환경 scenario 실행 Evidence 반영 후 QA 재검수,P05,Starter·Capability·Provider 기본 구현,05-00000808,P05-MESSAGING-EVENT-MQ,P03;P04,CPF-GATE-05,EVENT-MQ,예,QA-12B-1,,"[EVENT-MQ] Version·Hash 충돌의 요구 경로에 대응하는 Source/contract/Test 후보는 확인했다. 그러나 실제 Kafka/JMS/IBM MQ/RabbitMQ, ACK/NACK, rebalance, broker kill, duplicate/order/DLQ replay 실행은 최신 SHA에서 수행되지 않았다. 제품 실패로 단정하지 않고 환경차이 미검증으로 유지한다.",,검수 후 환경차이 미검증,cpf-docs/evidence/qa/QA_PARALLEL_12WAY_QA-12B_R5_f97655c/messaging_review.md#event-mq
CPF-SC-000809,CPF-FR-004088,EVENT-MQ,P0,MESSAGING,DUPLICATE,[EVENT-MQ] 중복 요청,Messaging 개발자·운영자,최신 exact SHA; 같은 operationId,동일/상이 payload,동시·순차 중복,"동일 replay, 다른 payload conflict",side effect 2회,Java25·적용 DB/Provider/Browser/Process 환경,Local/Remote·single/multi-instance 중 적용,source SHA·command·environment·start/end·exit code·pre/post state·report/artifact hash·sanitization,미검증,f97655c1299936a1101bc3ec10239265ec3b502e,cpf-docs/evidence/qa/QA_PARALLEL_12WAY_QA-12B_R5_f97655c/messaging_review.md#event-mq,"실제 Kafka/JMS/IBM MQ/RabbitMQ, ACK/NACK, rebalance, broker kill, duplicate/order/DLQ replay 실행은 최신 SHA에서 수행되지 않았다",목표 환경 scenario 실행 Evidence 반영 후 QA 재검수,P05,Starter·Capability·Provider 기본 구현,05-00000809,P05-MESSAGING-EVENT-MQ,P03;P04,CPF-GATE-05,EVENT-MQ,예,QA-12B-1,,"[EVENT-MQ] 중복 요청의 요구 경로에 대응하는 Source/contract/Test 후보는 확인했다. 그러나 실제 Kafka/JMS/IBM MQ/RabbitMQ, ACK/NACK, rebalance, broker kill, duplicate/order/DLQ replay 실행은 최신 SHA에서 수행되지 않았다. 제품 실패로 단정하지 않고 환경차이 미검증으로 유지한다.",,검수 후 환경차이 미검증,cpf-docs/evidence/qa/QA_PARALLEL_12WAY_QA-12B_R5_f97655c/messaging_review.md#event-mq
CPF-SC-000810,CPF-FR-004088,EVENT-MQ,P0,MESSAGING,TIMEOUT_PRE,[EVENT-MQ] Side effect 전 Timeout,Messaging 개발자·운영자,최신 exact SHA; dependency delay,connect/header timeout,timeout 주입,retryable failure·side effect 0,UNKNOWN/성공 오인,Java25·적용 DB/Provider/Browser/Process 환경,Local/Remote·single/multi-instance 중 적용,source SHA·command·environment·start/end·exit code·pre/post state·report/artifact hash·sanitization,미검증,f97655c1299936a1101bc3ec10239265ec3b502e,cpf-docs/evidence/qa/QA_PARALLEL_12WAY_QA-12B_R5_f97655c/messaging_review.md#event-mq,"실제 Kafka/JMS/IBM MQ/RabbitMQ, ACK/NACK, rebalance, broker kill, duplicate/order/DLQ replay 실행은 최신 SHA에서 수행되지 않았다",목표 환경 scenario 실행 Evidence 반영 후 QA 재검수,P05,Starter·Capability·Provider 기본 구현,05-00000810,P05-MESSAGING-EVENT-MQ,P03;P04,CPF-GATE-05,EVENT-MQ,예,QA-12B-1,,"[EVENT-MQ] Side effect 전 Timeout의 요구 경로에 대응하는 Source/contract/Test 후보는 확인했다. 그러나 실제 Kafka/JMS/IBM MQ/RabbitMQ, ACK/NACK, rebalance, broker kill, duplicate/order/DLQ replay 실행은 최신 SHA에서 수행되지 않았다. 제품 실패로 단정하지 않고 환경차이 미검증으로 유지한다.",,검수 후 환경차이 미검증,cpf-docs/evidence/qa/QA_PARALLEL_12WAY_QA-12B_R5_f97655c/messaging_review.md#event-mq
CPF-SC-000811,CPF-FR-004088,EVENT-MQ,P0,MESSAGING,RESPONSE_LOSS,[EVENT-MQ] Side effect 후 응답 유실,Messaging 개발자·운영자,최신 exact SHA; Owner commit,commit 후 reset,응답 차단,UNKNOWN·blind retry 금지·reconcile,자동 실패/무조건 retry,Java25·적용 DB/Provider/Browser/Process 환경,Local/Remote·single/multi-instance 중 적용,source SHA·command·environment·start/end·exit code·pre/post state·report/artifact hash·sanitization,미검증,f97655c1299936a1101bc3ec10239265ec3b502e,cpf-docs/evidence/qa/QA_PARALLEL_12WAY_QA-12B_R5_f97655c/messaging_review.md#event-mq,"실제 Kafka/JMS/IBM MQ/RabbitMQ, ACK/NACK, rebalance, broker kill, duplicate/order/DLQ replay 실행은 최신 SHA에서 수행되지 않았다",목표 환경 scenario 실행 Evidence 반영 후 QA 재검수,P05,Starter·Capability·Provider 기본 구현,05-00000811,P05-MESSAGING-EVENT-MQ,P03;P04,CPF-GATE-05,EVENT-MQ,예,QA-12B-1,,"[EVENT-MQ] Side effect 후 응답 유실의 요구 경로에 대응하는 Source/contract/Test 후보는 확인했다. 그러나 실제 Kafka/JMS/IBM MQ/RabbitMQ, ACK/NACK, rebalance, broker kill, duplicate/order/DLQ replay 실행은 최신 SHA에서 수행되지 않았다. 제품 실패로 단정하지 않고 환경차이 미검증으로 유지한다.",,검수 후 환경차이 미검증,cpf-docs/evidence/qa/QA_PARALLEL_12WAY_QA-12B_R5_f97655c/messaging_review.md#event-mq
CPF-SC-000812,CPF-FR-004088,EVENT-MQ,P0,MESSAGING,PARTIAL,[EVENT-MQ] 부분 실패,Messaging 개발자·운영자,최신 exact SHA; 다중 대상/항목,일부 target failure,group 실행,개별 성공/실패/unknown 보존,전체 성공/실패로 축약,Java25·적용 DB/Provider/Browser/Process 환경,Local/Remote·single/multi-instance 중 적용,source SHA·command·environment·start/end·exit code·pre/post state·report/artifact hash·sanitization,미검증,f97655c1299936a1101bc3ec10239265ec3b502e,cpf-docs/evidence/qa/QA_PARALLEL_12WAY_QA-12B_R5_f97655c/messaging_review.md#event-mq,"실제 Kafka/JMS/IBM MQ/RabbitMQ, ACK/NACK, rebalance, broker kill, duplicate/order/DLQ replay 실행은 최신 SHA에서 수행되지 않았다",목표 환경 scenario 실행 Evidence 반영 후 QA 재검수,P05,Starter·Capability·Provider 기본 구현,05-00000812,P05-MESSAGING-EVENT-MQ,P03;P04,CPF-GATE-05,EVENT-MQ,예,QA-12B-1,,"[EVENT-MQ] 부분 실패의 요구 경로에 대응하는 Source/contract/Test 후보는 확인했다. 그러나 실제 Kafka/JMS/IBM MQ/RabbitMQ, ACK/NACK, rebalance, broker kill, duplicate/order/DLQ replay 실행은 최신 SHA에서 수행되지 않았다. 제품 실패로 단정하지 않고 환경차이 미검증으로 유지한다.",,검수 후 환경차이 미검증,cpf-docs/evidence/qa/QA_PARALLEL_12WAY_QA-12B_R5_f97655c/messaging_review.md#event-mq
CPF-SC-000813,CPF-FR-004088,EVENT-MQ,P0,MESSAGING,PROCESS_KILL,[EVENT-MQ] Process Kill·Restart,Messaging 개발자·운영자,최신 exact SHA; durable state,worker kill,claim/apply 후 종료·재기동,lease 회수·stale fencing·복구,고아 상태·중복,Java25·적용 DB/Provider/Browser/Process 환경,Local/Remote·single/multi-instance 중 적용,source SHA·command·environment·start/end·exit code·pre/post state·report/artifact hash·sanitization,미검증,f97655c1299936a1101bc3ec10239265ec3b502e,cpf-docs/evidence/qa/QA_PARALLEL_12WAY_QA-12B_R5_f97655c/messaging_review.md#event-mq,"실제 Kafka/JMS/IBM MQ/RabbitMQ, ACK/NACK, rebalance, broker kill, duplicate/order/DLQ replay 실행은 최신 SHA에서 수행되지 않았다",목표 환경 scenario 실행 Evidence 반영 후 QA 재검수,P05,Starter·Capability·Provider 기본 구현,05-00000813,P05-MESSAGING-EVENT-MQ,P03;P04,CPF-GATE-05,EVENT-MQ,예,QA-12B-1,,"[EVENT-MQ] Process Kill·Restart의 요구 경로에 대응하는 Source/contract/Test 후보는 확인했다. 그러나 실제 Kafka/JMS/IBM MQ/RabbitMQ, ACK/NACK, rebalance, broker kill, duplicate/order/DLQ replay 실행은 최신 SHA에서 수행되지 않았다. 제품 실패로 단정하지 않고 환경차이 미검증으로 유지한다.",,검수 후 환경차이 미검증,cpf-docs/evidence/qa/QA_PARALLEL_12WAY_QA-12B_R5_f97655c/messaging_review.md#event-mq
CPF-SC-000814,CPF-FR-004088,EVENT-MQ,P0,MESSAGING,MULTI_INSTANCE,[EVENT-MQ] 다중 Instance,Messaging 개발자·운영자,최신 exact SHA; 2개 이상,공유 DB/queue,동시 처리·failover·rejoin,version/state 일치·중복 0,local state 의존,Java25·적용 DB/Provider/Browser/Process 환경,Local/Remote·single/multi-instance 중 적용,source SHA·command·environment·start/end·exit code·pre/post state·report/artifact hash·sanitization,미검증,f97655c1299936a1101bc3ec10239265ec3b502e,cpf-docs/evidence/qa/QA_PARALLEL_12WAY_QA-12B_R5_f97655c/messaging_review.md#event-mq,"실제 Kafka/JMS/IBM MQ/RabbitMQ, ACK/NACK, rebalance, broker kill, duplicate/order/DLQ replay 실행은 최신 SHA에서 수행되지 않았다",목표 환경 scenario 실행 Evidence 반영 후 QA 재검수,P05,Starter·Capability·Provider 기본 구현,05-00000814,P05-MESSAGING-EVENT-MQ,P03;P04,CPF-GATE-05,EVENT-MQ,예,QA-12B-1,,"[EVENT-MQ] 다중 Instance의 요구 경로에 대응하는 Source/contract/Test 후보는 확인했다. 그러나 실제 Kafka/JMS/IBM MQ/RabbitMQ, ACK/NACK, rebalance, broker kill, duplicate/order/DLQ replay 실행은 최신 SHA에서 수행되지 않았다. 제품 실패로 단정하지 않고 환경차이 미검증으로 유지한다.",,검수 후 환경차이 미검증,cpf-docs/evidence/qa/QA_PARALLEL_12WAY_QA-12B_R5_f97655c/messaging_review.md#event-mq
CPF-SC-000815,CPF-FR-004088,EVENT-MQ,P0,MESSAGING,ROLLBACK,[EVENT-MQ] Rollback/Forward Recovery,Messaging 개발자·운영자,최신 exact SHA; 변경 전 snapshot,적용 후 결함,rollback/forward fix,데이터 보존·actual 일치·audit,부분 rollback·drift,Java25·적용 DB/Provider/Browser/Process 환경,Local/Remote·single/multi-instance 중 적용,source SHA·command·environment·start/end·exit code·pre/post state·report/artifact hash·sanitization,미검증,f97655c1299936a1101bc3ec10239265ec3b502e,cpf-docs/evidence/qa/QA_PARALLEL_12WAY_QA-12B_R5_f97655c/messaging_review.md#event-mq,"실제 Kafka/JMS/IBM MQ/RabbitMQ, ACK/NACK, rebalance, broker kill, duplicate/order/DLQ replay 실행은 최신 SHA에서 수행되지 않았다",목표 환경 scenario 실행 Evidence 반영 후 QA 재검수,P05,Starter·Capability·Provider 기본 구현,05-00000815,P05-MESSAGING-EVENT-MQ,P03;P04,CPF-GATE-05,EVENT-MQ,예,QA-12B-1,,"[EVENT-MQ] Rollback/Forward Recovery의 요구 경로에 대응하는 Source/contract/Test 후보는 확인했다. 그러나 실제 Kafka/JMS/IBM MQ/RabbitMQ, ACK/NACK, rebalance, broker kill, duplicate/order/DLQ replay 실행은 최신 SHA에서 수행되지 않았다. 제품 실패로 단정하지 않고 환경차이 미검증으로 유지한다.",,검수 후 환경차이 미검증,cpf-docs/evidence/qa/QA_PARALLEL_12WAY_QA-12B_R5_f97655c/messaging_review.md#event-mq
CPF-SC-000816,CPF-FR-004088,EVENT-MQ,P0,MESSAGING,SECURITY_LEAK,[EVENT-MQ] 민감정보 누출,Messaging 개발자·운영자,최신 exact SHA; PII/Secret fixture,오류·Log·UI·Download,정상/실패 실행,원문 0 또는 승인 범위,Log/DOM/Storage/Evidence 원문,Java25·적용 DB/Provider/Browser/Process 환경,Local/Remote·single/multi-instance 중 적용,source SHA·command·environment·start/end·exit code·pre/post state·report/artifact hash·sanitization,재확인 필요,f97655c1299936a1101bc3ec10239265ec3b502e,cpf-docs/evidence/qa/QA_PARALLEL_12WAY_QA-12B_R5_f97655c/PROVIDER_METADATA_SOURCE_REVIEW.md,EVENT-MQ metadata QA 직접보완 Harness는 통과했으나 Java25/real Provider/cross-review가 미완료다.,Java25 Module/real Provider 및 개발GPT/Codex 교차검토 후 QA 재검수,P05,Starter·Capability·Provider 기본 구현,05-00000816,P05-MESSAGING-EVENT-MQ,P03;P04,CPF-GATE-05,EVENT-MQ,예,QA-12B-R3-1,미통과,[EVENT-MQ] 민감정보 누출: 수정 전 contentType 또는 reserved metadata assertion 실패를 재현했고 수정 후 정상·입력 충돌·security spoofing Harness를 통과했다. EVENT-MQ metadata QA 직접보완 Harness는 통과했으나 Java25/real Provider/cross-review가 미완료다.,EVENT-MQ metadata QA 직접보완 Harness는 통과했으나 Java25/real Provider/cross-review가 미완료다.,미통과,cpf-docs/evidence/qa/QA_PARALLEL_12WAY_QA-12B_R5_f97655c/PROVIDER_METADATA_SOURCE_REVIEW.md
CPF-SC-000817,CPF-FR-004149,EVENT-JMS,P0,MESSAGING,POSITIVE,[EVENT-JMS] 정상 수직 흐름,Messaging 개발자·운영자,최신 exact SHA; 유효 입력과 권한,정상 데이터,요청→검증→처리→저장/전달→응답→감사,정상 상태·side effect·tracking 일치,Mock-only 또는 Consumer 미호출,Java25·적용 DB/Provider/Browser/Process 환경,Local/Remote·single/multi-instance 중 적용,source SHA·command·environment·start/end·exit code·pre/post state·report/artifact hash·sanitization,재확인 필요,f97655c1299936a1101bc3ec10239265ec3b502e,cpf-docs/evidence/qa/QA_PARALLEL_12WAY_QA-12B_R5_f97655c/PROVIDER_METADATA_SOURCE_REVIEW.md,EVENT-JMS metadata QA 직접보완 Harness는 통과했으나 Java25/real Provider/cross-review가 미완료다.,Java25 Module/real Provider 및 개발GPT/Codex 교차검토 후 QA 재검수,P05,Starter·Capability·Provider 기본 구현,05-00000817,P05-MESSAGING-EVENT-JMS,P03;P04,CPF-GATE-05,EVENT-JMS,예,QA-12B-R3-1,미통과,[EVENT-JMS] 정상 수직 흐름: 수정 전 contentType 또는 reserved metadata assertion 실패를 재현했고 수정 후 정상·입력 충돌·security spoofing Harness를 통과했다. EVENT-JMS metadata QA 직접보완 Harness는 통과했으나 Java25/real Provider/cross-review가 미완료다.,EVENT-JMS metadata QA 직접보완 Harness는 통과했으나 Java25/real Provider/cross-review가 미완료다.,미통과,cpf-docs/evidence/qa/QA_PARALLEL_12WAY_QA-12B_R5_f97655c/PROVIDER_METADATA_SOURCE_REVIEW.md
CPF-SC-000818,CPF-FR-004149,EVENT-JMS,P0,MESSAGING,INVALID,[EVENT-JMS] 입력·경계 오류,Messaging 개발자·운영자,최신 exact SHA; 유효 Session,invalid/empty/oversize/unknown enum,각 invalid 제출,표준 field/path 오류·side effect 0,500/raw exception/부분 저장,Java25·적용 DB/Provider/Browser/Process 환경,Local/Remote·single/multi-instance 중 적용,source SHA·command·environment·start/end·exit code·pre/post state·report/artifact hash·sanitization,재확인 필요,f97655c1299936a1101bc3ec10239265ec3b502e,cpf-docs/evidence/qa/QA_PARALLEL_12WAY_QA-12B_R5_f97655c/PROVIDER_METADATA_SOURCE_REVIEW.md,EVENT-JMS metadata QA 직접보완 Harness는 통과했으나 Java25/real Provider/cross-review가 미완료다.,Java25 Module/real Provider 및 개발GPT/Codex 교차검토 후 QA 재검수,P05,Starter·Capability·Provider 기본 구현,05-00000818,P05-MESSAGING-EVENT-JMS,P03;P04,CPF-GATE-05,EVENT-JMS,예,QA-12B-R3-1,미통과,[EVENT-JMS] 입력·경계 오류: 수정 전 contentType 또는 reserved metadata assertion 실패를 재현했고 수정 후 정상·입력 충돌·security spoofing Harness를 통과했다. EVENT-JMS metadata QA 직접보완 Harness는 통과했으나 Java25/real Provider/cross-review가 미완료다.,EVENT-JMS metadata QA 직접보완 Harness는 통과했으나 Java25/real Provider/cross-review가 미완료다.,미통과,cpf-docs/evidence/qa/QA_PARALLEL_12WAY_QA-12B_R5_f97655c/PROVIDER_METADATA_SOURCE_REVIEW.md
CPF-SC-000819,CPF-FR-004149,EVENT-JMS,P0,MESSAGING,UNAUTHORIZED,[EVENT-JMS] 미인증·권한 부족,Messaging 개발자·운영자,최신 exact SHA; 권한 없는 principal,401/403 대상,UI 직접 URL/API/Method 호출,Server 거부·Audit·민감정보 0,버튼만 숨김/default allow,Java25·적용 DB/Provider/Browser/Process 환경,Local/Remote·single/multi-instance 중 적용,source SHA·command·environment·start/end·exit code·pre/post state·report/artifact hash·sanitization,미검증,f97655c1299936a1101bc3ec10239265ec3b502e,cpf-docs/evidence/qa/QA_PARALLEL_12WAY_QA-12B_R5_f97655c/messaging_review.md#event-jms,"실제 Kafka/JMS/IBM MQ/RabbitMQ, ACK/NACK, rebalance, broker kill, duplicate/order/DLQ replay 실행은 최신 SHA에서 수행되지 않았다",목표 환경 scenario 실행 Evidence 반영 후 QA 재검수,P05,Starter·Capability·Provider 기본 구현,05-00000819,P05-MESSAGING-EVENT-JMS,P03;P04,CPF-GATE-05,EVENT-JMS,예,QA-12B-1,,"[EVENT-JMS] 미인증·권한 부족의 요구 경로에 대응하는 Source/contract/Test 후보는 확인했다. 그러나 실제 Kafka/JMS/IBM MQ/RabbitMQ, ACK/NACK, rebalance, broker kill, duplicate/order/DLQ replay 실행은 최신 SHA에서 수행되지 않았다. 제품 실패로 단정하지 않고 환경차이 미검증으로 유지한다.",,검수 후 환경차이 미검증,cpf-docs/evidence/qa/QA_PARALLEL_12WAY_QA-12B_R5_f97655c/messaging_review.md#event-jms
CPF-SC-000820,CPF-FR-004149,EVENT-JMS,P0,MESSAGING,CONFLICT,[EVENT-JMS] Version·Hash 충돌,Messaging 개발자·운영자,최신 exact SHA; 기존 version,stale expectedVersion/다른 hash,동시/재시도 요청,409·기존 결과 보존·lost update 0,후행 요청 덮어씀,Java25·적용 DB/Provider/Browser/Process 환경,Local/Remote·single/multi-instance 중 적용,source SHA·command·environment·start/end·exit code·pre/post state·report/artifact hash·sanitization,미검증,f97655c1299936a1101bc3ec10239265ec3b502e,cpf-docs/evidence/qa/QA_PARALLEL_12WAY_QA-12B_R5_f97655c/messaging_review.md#event-jms,"실제 Kafka/JMS/IBM MQ/RabbitMQ, ACK/NACK, rebalance, broker kill, duplicate/order/DLQ replay 실행은 최신 SHA에서 수행되지 않았다",목표 환경 scenario 실행 Evidence 반영 후 QA 재검수,P05,Starter·Capability·Provider 기본 구현,05-00000820,P05-MESSAGING-EVENT-JMS,P03;P04,CPF-GATE-05,EVENT-JMS,예,QA-12B-1,,"[EVENT-JMS] Version·Hash 충돌의 요구 경로에 대응하는 Source/contract/Test 후보는 확인했다. 그러나 실제 Kafka/JMS/IBM MQ/RabbitMQ, ACK/NACK, rebalance, broker kill, duplicate/order/DLQ replay 실행은 최신 SHA에서 수행되지 않았다. 제품 실패로 단정하지 않고 환경차이 미검증으로 유지한다.",,검수 후 환경차이 미검증,cpf-docs/evidence/qa/QA_PARALLEL_12WAY_QA-12B_R5_f97655c/messaging_review.md#event-jms
CPF-SC-000821,CPF-FR-004149,EVENT-JMS,P0,MESSAGING,DUPLICATE,[EVENT-JMS] 중복 요청,Messaging 개발자·운영자,최신 exact SHA; 같은 operationId,동일/상이 payload,동시·순차 중복,"동일 replay, 다른 payload conflict",side effect 2회,Java25·적용 DB/Provider/Browser/Process 환경,Local/Remote·single/multi-instance 중 적용,source SHA·command·environment·start/end·exit code·pre/post state·report/artifact hash·sanitization,미검증,f97655c1299936a1101bc3ec10239265ec3b502e,cpf-docs/evidence/qa/QA_PARALLEL_12WAY_QA-12B_R5_f97655c/messaging_review.md#event-jms,"실제 Kafka/JMS/IBM MQ/RabbitMQ, ACK/NACK, rebalance, broker kill, duplicate/order/DLQ replay 실행은 최신 SHA에서 수행되지 않았다",목표 환경 scenario 실행 Evidence 반영 후 QA 재검수,P05,Starter·Capability·Provider 기본 구현,05-00000821,P05-MESSAGING-EVENT-JMS,P03;P04,CPF-GATE-05,EVENT-JMS,예,QA-12B-1,,"[EVENT-JMS] 중복 요청의 요구 경로에 대응하는 Source/contract/Test 후보는 확인했다. 그러나 실제 Kafka/JMS/IBM MQ/RabbitMQ, ACK/NACK, rebalance, broker kill, duplicate/order/DLQ replay 실행은 최신 SHA에서 수행되지 않았다. 제품 실패로 단정하지 않고 환경차이 미검증으로 유지한다.",,검수 후 환경차이 미검증,cpf-docs/evidence/qa/QA_PARALLEL_12WAY_QA-12B_R5_f97655c/messaging_review.md#event-jms
CPF-SC-000822,CPF-FR-004149,EVENT-JMS,P0,MESSAGING,TIMEOUT_PRE,[EVENT-JMS] Side effect 전 Timeout,Messaging 개발자·운영자,최신 exact SHA; dependency delay,connect/header timeout,timeout 주입,retryable failure·side effect 0,UNKNOWN/성공 오인,Java25·적용 DB/Provider/Browser/Process 환경,Local/Remote·single/multi-instance 중 적용,source SHA·command·environment·start/end·exit code·pre/post state·report/artifact hash·sanitization,미검증,f97655c1299936a1101bc3ec10239265ec3b502e,cpf-docs/evidence/qa/QA_PARALLEL_12WAY_QA-12B_R5_f97655c/messaging_review.md#event-jms,"실제 Kafka/JMS/IBM MQ/RabbitMQ, ACK/NACK, rebalance, broker kill, duplicate/order/DLQ replay 실행은 최신 SHA에서 수행되지 않았다",목표 환경 scenario 실행 Evidence 반영 후 QA 재검수,P05,Starter·Capability·Provider 기본 구현,05-00000822,P05-MESSAGING-EVENT-JMS,P03;P04,CPF-GATE-05,EVENT-JMS,예,QA-12B-1,,"[EVENT-JMS] Side effect 전 Timeout의 요구 경로에 대응하는 Source/contract/Test 후보는 확인했다. 그러나 실제 Kafka/JMS/IBM MQ/RabbitMQ, ACK/NACK, rebalance, broker kill, duplicate/order/DLQ replay 실행은 최신 SHA에서 수행되지 않았다. 제품 실패로 단정하지 않고 환경차이 미검증으로 유지한다.",,검수 후 환경차이 미검증,cpf-docs/evidence/qa/QA_PARALLEL_12WAY_QA-12B_R5_f97655c/messaging_review.md#event-jms
CPF-SC-000823,CPF-FR-004149,EVENT-JMS,P0,MESSAGING,RESPONSE_LOSS,[EVENT-JMS] Side effect 후 응답 유실,Messaging 개발자·운영자,최신 exact SHA; Owner commit,commit 후 reset,응답 차단,UNKNOWN·blind retry 금지·reconcile,자동 실패/무조건 retry,Java25·적용 DB/Provider/Browser/Process 환경,Local/Remote·single/multi-instance 중 적용,source SHA·command·environment·start/end·exit code·pre/post state·report/artifact hash·sanitization,미검증,f97655c1299936a1101bc3ec10239265ec3b502e,cpf-docs/evidence/qa/QA_PARALLEL_12WAY_QA-12B_R5_f97655c/messaging_review.md#event-jms,"실제 Kafka/JMS/IBM MQ/RabbitMQ, ACK/NACK, rebalance, broker kill, duplicate/order/DLQ replay 실행은 최신 SHA에서 수행되지 않았다",목표 환경 scenario 실행 Evidence 반영 후 QA 재검수,P05,Starter·Capability·Provider 기본 구현,05-00000823,P05-MESSAGING-EVENT-JMS,P03;P04,CPF-GATE-05,EVENT-JMS,예,QA-12B-1,,"[EVENT-JMS] Side effect 후 응답 유실의 요구 경로에 대응하는 Source/contract/Test 후보는 확인했다. 그러나 실제 Kafka/JMS/IBM MQ/RabbitMQ, ACK/NACK, rebalance, broker kill, duplicate/order/DLQ replay 실행은 최신 SHA에서 수행되지 않았다. 제품 실패로 단정하지 않고 환경차이 미검증으로 유지한다.",,검수 후 환경차이 미검증,cpf-docs/evidence/qa/QA_PARALLEL_12WAY_QA-12B_R5_f97655c/messaging_review.md#event-jms
CPF-SC-000824,CPF-FR-004149,EVENT-JMS,P0,MESSAGING,PARTIAL,[EVENT-JMS] 부분 실패,Messaging 개발자·운영자,최신 exact SHA; 다중 대상/항목,일부 target failure,group 실행,개별 성공/실패/unknown 보존,전체 성공/실패로 축약,Java25·적용 DB/Provider/Browser/Process 환경,Local/Remote·single/multi-instance 중 적용,source SHA·command·environment·start/end·exit code·pre/post state·report/artifact hash·sanitization,미검증,f97655c1299936a1101bc3ec10239265ec3b502e,cpf-docs/evidence/qa/QA_PARALLEL_12WAY_QA-12B_R5_f97655c/messaging_review.md#event-jms,"실제 Kafka/JMS/IBM MQ/RabbitMQ, ACK/NACK, rebalance, broker kill, duplicate/order/DLQ replay 실행은 최신 SHA에서 수행되지 않았다",목표 환경 scenario 실행 Evidence 반영 후 QA 재검수,P05,Starter·Capability·Provider 기본 구현,05-00000824,P05-MESSAGING-EVENT-JMS,P03;P04,CPF-GATE-05,EVENT-JMS,예,QA-12B-1,,"[EVENT-JMS] 부분 실패의 요구 경로에 대응하는 Source/contract/Test 후보는 확인했다. 그러나 실제 Kafka/JMS/IBM MQ/RabbitMQ, ACK/NACK, rebalance, broker kill, duplicate/order/DLQ replay 실행은 최신 SHA에서 수행되지 않았다. 제품 실패로 단정하지 않고 환경차이 미검증으로 유지한다.",,검수 후 환경차이 미검증,cpf-docs/evidence/qa/QA_PARALLEL_12WAY_QA-12B_R5_f97655c/messaging_review.md#event-jms
CPF-SC-000825,CPF-FR-004149,EVENT-JMS,P0,MESSAGING,PROCESS_KILL,[EVENT-JMS] Process Kill·Restart,Messaging 개발자·운영자,최신 exact SHA; durable state,worker kill,claim/apply 후 종료·재기동,lease 회수·stale fencing·복구,고아 상태·중복,Java25·적용 DB/Provider/Browser/Process 환경,Local/Remote·single/multi-instance 중 적용,source SHA·command·environment·start/end·exit code·pre/post state·report/artifact hash·sanitization,미검증,f97655c1299936a1101bc3ec10239265ec3b502e,cpf-docs/evidence/qa/QA_PARALLEL_12WAY_QA-12B_R5_f97655c/messaging_review.md#event-jms,"실제 Kafka/JMS/IBM MQ/RabbitMQ, ACK/NACK, rebalance, broker kill, duplicate/order/DLQ replay 실행은 최신 SHA에서 수행되지 않았다",목표 환경 scenario 실행 Evidence 반영 후 QA 재검수,P05,Starter·Capability·Provider 기본 구현,05-00000825,P05-MESSAGING-EVENT-JMS,P03;P04,CPF-GATE-05,EVENT-JMS,예,QA-12B-1,,"[EVENT-JMS] Process Kill·Restart의 요구 경로에 대응하는 Source/contract/Test 후보는 확인했다. 그러나 실제 Kafka/JMS/IBM MQ/RabbitMQ, ACK/NACK, rebalance, broker kill, duplicate/order/DLQ replay 실행은 최신 SHA에서 수행되지 않았다. 제품 실패로 단정하지 않고 환경차이 미검증으로 유지한다.",,검수 후 환경차이 미검증,cpf-docs/evidence/qa/QA_PARALLEL_12WAY_QA-12B_R5_f97655c/messaging_review.md#event-jms
CPF-SC-000826,CPF-FR-004149,EVENT-JMS,P0,MESSAGING,MULTI_INSTANCE,[EVENT-JMS] 다중 Instance,Messaging 개발자·운영자,최신 exact SHA; 2개 이상,공유 DB/queue,동시 처리·failover·rejoin,version/state 일치·중복 0,local state 의존,Java25·적용 DB/Provider/Browser/Process 환경,Local/Remote·single/multi-instance 중 적용,source SHA·command·environment·start/end·exit code·pre/post state·report/artifact hash·sanitization,미검증,f97655c1299936a1101bc3ec10239265ec3b502e,cpf-docs/evidence/qa/QA_PARALLEL_12WAY_QA-12B_R5_f97655c/messaging_review.md#event-jms,"실제 Kafka/JMS/IBM MQ/RabbitMQ, ACK/NACK, rebalance, broker kill, duplicate/order/DLQ replay 실행은 최신 SHA에서 수행되지 않았다",목표 환경 scenario 실행 Evidence 반영 후 QA 재검수,P05,Starter·Capability·Provider 기본 구현,05-00000826,P05-MESSAGING-EVENT-JMS,P03;P04,CPF-GATE-05,EVENT-JMS,예,QA-12B-1,,"[EVENT-JMS] 다중 Instance의 요구 경로에 대응하는 Source/contract/Test 후보는 확인했다. 그러나 실제 Kafka/JMS/IBM MQ/RabbitMQ, ACK/NACK, rebalance, broker kill, duplicate/order/DLQ replay 실행은 최신 SHA에서 수행되지 않았다. 제품 실패로 단정하지 않고 환경차이 미검증으로 유지한다.",,검수 후 환경차이 미검증,cpf-docs/evidence/qa/QA_PARALLEL_12WAY_QA-12B_R5_f97655c/messaging_review.md#event-jms
CPF-SC-000827,CPF-FR-004149,EVENT-JMS,P0,MESSAGING,ROLLBACK,[EVENT-JMS] Rollback/Forward Recovery,Messaging 개발자·운영자,최신 exact SHA; 변경 전 snapshot,적용 후 결함,rollback/forward fix,데이터 보존·actual 일치·audit,부분 rollback·drift,Java25·적용 DB/Provider/Browser/Process 환경,Local/Remote·single/multi-instance 중 적용,source SHA·command·environment·start/end·exit code·pre/post state·report/artifact hash·sanitization,미검증,f97655c1299936a1101bc3ec10239265ec3b502e,cpf-docs/evidence/qa/QA_PARALLEL_12WAY_QA-12B_R5_f97655c/messaging_review.md#event-jms,"실제 Kafka/JMS/IBM MQ/RabbitMQ, ACK/NACK, rebalance, broker kill, duplicate/order/DLQ replay 실행은 최신 SHA에서 수행되지 않았다",목표 환경 scenario 실행 Evidence 반영 후 QA 재검수,P05,Starter·Capability·Provider 기본 구현,05-00000827,P05-MESSAGING-EVENT-JMS,P03;P04,CPF-GATE-05,EVENT-JMS,예,QA-12B-1,,"[EVENT-JMS] Rollback/Forward Recovery의 요구 경로에 대응하는 Source/contract/Test 후보는 확인했다. 그러나 실제 Kafka/JMS/IBM MQ/RabbitMQ, ACK/NACK, rebalance, broker kill, duplicate/order/DLQ replay 실행은 최신 SHA에서 수행되지 않았다. 제품 실패로 단정하지 않고 환경차이 미검증으로 유지한다.",,검수 후 환경차이 미검증,cpf-docs/evidence/qa/QA_PARALLEL_12WAY_QA-12B_R5_f97655c/messaging_review.md#event-jms
CPF-SC-000828,CPF-FR-004149,EVENT-JMS,P0,MESSAGING,SECURITY_LEAK,[EVENT-JMS] 민감정보 누출,Messaging 개발자·운영자,최신 exact SHA; PII/Secret fixture,오류·Log·UI·Download,정상/실패 실행,원문 0 또는 승인 범위,Log/DOM/Storage/Evidence 원문,Java25·적용 DB/Provider/Browser/Process 환경,Local/Remote·single/multi-instance 중 적용,source SHA·command·environment·start/end·exit code·pre/post state·report/artifact hash·sanitization,재확인 필요,f97655c1299936a1101bc3ec10239265ec3b502e,cpf-docs/evidence/qa/QA_PARALLEL_12WAY_QA-12B_R5_f97655c/PROVIDER_METADATA_SOURCE_REVIEW.md,EVENT-JMS metadata QA 직접보완 Harness는 통과했으나 Java25/real Provider/cross-review가 미완료다.,Java25 Module/real Provider 및 개발GPT/Codex 교차검토 후 QA 재검수,P05,Starter·Capability·Provider 기본 구현,05-00000828,P05-MESSAGING-EVENT-JMS,P03;P04,CPF-GATE-05,EVENT-JMS,예,QA-12B-R3-1,미통과,[EVENT-JMS] 민감정보 누출: 수정 전 contentType 또는 reserved metadata assertion 실패를 재현했고 수정 후 정상·입력 충돌·security spoofing Harness를 통과했다. EVENT-JMS metadata QA 직접보완 Harness는 통과했으나 Java25/real Provider/cross-review가 미완료다.,EVENT-JMS metadata QA 직접보완 Harness는 통과했으나 Java25/real Provider/cross-review가 미완료다.,미통과,cpf-docs/evidence/qa/QA_PARALLEL_12WAY_QA-12B_R5_f97655c/PROVIDER_METADATA_SOURCE_REVIEW.md
CPF-SC-000829,CPF-FR-004210,EVENT-IBM-MQ,P0,MESSAGING,POSITIVE,[EVENT-IBM-MQ] 정상 수직 흐름,Messaging 개발자·운영자,최신 exact SHA; 유효 입력과 권한,정상 데이터,요청→검증→처리→저장/전달→응답→감사,정상 상태·side effect·tracking 일치,Mock-only 또는 Consumer 미호출,Java25·적용 DB/Provider/Browser/Process 환경,Local/Remote·single/multi-instance 중 적용,source SHA·command·environment·start/end·exit code·pre/post state·report/artifact hash·sanitization,재확인 필요,f97655c1299936a1101bc3ec10239265ec3b502e,cpf-docs/evidence/qa/QA_PARALLEL_12WAY_QA-12B_R5_f97655c/PROVIDER_METADATA_SOURCE_REVIEW.md,EVENT-IBM-MQ metadata QA 직접보완 Harness는 통과했으나 Java25/real Provider/cross-review가 미완료다.,Java25 Module/real Provider 및 개발GPT/Codex 교차검토 후 QA 재검수,P05,Starter·Capability·Provider 기본 구현,05-00000829,P05-MESSAGING-EVENT-IBM-MQ,P03;P04,CPF-GATE-05,EVENT-IBM-MQ,예,QA-12B-R3-1,미통과,[EVENT-IBM-MQ] 정상 수직 흐름: 수정 전 contentType 또는 reserved metadata assertion 실패를 재현했고 수정 후 정상·입력 충돌·security spoofing Harness를 통과했다. EVENT-IBM-MQ metadata QA 직접보완 Harness는 통과했으나 Java25/real Provider/cross-review가 미완료다.,EVENT-IBM-MQ metadata QA 직접보완 Harness는 통과했으나 Java25/real Provider/cross-review가 미완료다.,미통과,cpf-docs/evidence/qa/QA_PARALLEL_12WAY_QA-12B_R5_f97655c/PROVIDER_METADATA_SOURCE_REVIEW.md
CPF-SC-000830,CPF-FR-004210,EVENT-IBM-MQ,P0,MESSAGING,INVALID,[EVENT-IBM-MQ] 입력·경계 오류,Messaging 개발자·운영자,최신 exact SHA; 유효 Session,invalid/empty/oversize/unknown enum,각 invalid 제출,표준 field/path 오류·side effect 0,500/raw exception/부분 저장,Java25·적용 DB/Provider/Browser/Process 환경,Local/Remote·single/multi-instance 중 적용,source SHA·command·environment·start/end·exit code·pre/post state·report/artifact hash·sanitization,재확인 필요,f97655c1299936a1101bc3ec10239265ec3b502e,cpf-docs/evidence/qa/QA_PARALLEL_12WAY_QA-12B_R5_f97655c/PROVIDER_METADATA_SOURCE_REVIEW.md,EVENT-IBM-MQ metadata QA 직접보완 Harness는 통과했으나 Java25/real Provider/cross-review가 미완료다.,Java25 Module/real Provider 및 개발GPT/Codex 교차검토 후 QA 재검수,P05,Starter·Capability·Provider 기본 구현,05-00000830,P05-MESSAGING-EVENT-IBM-MQ,P03;P04,CPF-GATE-05,EVENT-IBM-MQ,예,QA-12B-R3-1,미통과,[EVENT-IBM-MQ] 입력·경계 오류: 수정 전 contentType 또는 reserved metadata assertion 실패를 재현했고 수정 후 정상·입력 충돌·security spoofing Harness를 통과했다. EVENT-IBM-MQ metadata QA 직접보완 Harness는 통과했으나 Java25/real Provider/cross-review가 미완료다.,EVENT-IBM-MQ metadata QA 직접보완 Harness는 통과했으나 Java25/real Provider/cross-review가 미완료다.,미통과,cpf-docs/evidence/qa/QA_PARALLEL_12WAY_QA-12B_R5_f97655c/PROVIDER_METADATA_SOURCE_REVIEW.md
CPF-SC-000831,CPF-FR-004210,EVENT-IBM-MQ,P0,MESSAGING,UNAUTHORIZED,[EVENT-IBM-MQ] 미인증·권한 부족,Messaging 개발자·운영자,최신 exact SHA; 권한 없는 principal,401/403 대상,UI 직접 URL/API/Method 호출,Server 거부·Audit·민감정보 0,버튼만 숨김/default allow,Java25·적용 DB/Provider/Browser/Process 환경,Local/Remote·single/multi-instance 중 적용,source SHA·command·environment·start/end·exit code·pre/post state·report/artifact hash·sanitization,미검증,f97655c1299936a1101bc3ec10239265ec3b502e,cpf-docs/evidence/qa/QA_PARALLEL_12WAY_QA-12B_R5_f97655c/messaging_review.md#event-ibm-mq,"실제 Kafka/JMS/IBM MQ/RabbitMQ, ACK/NACK, rebalance, broker kill, duplicate/order/DLQ replay 실행은 최신 SHA에서 수행되지 않았다",목표 환경 scenario 실행 Evidence 반영 후 QA 재검수,P05,Starter·Capability·Provider 기본 구현,05-00000831,P05-MESSAGING-EVENT-IBM-MQ,P03;P04,CPF-GATE-05,EVENT-IBM-MQ,예,QA-12B-1,,"[EVENT-IBM-MQ] 미인증·권한 부족의 요구 경로에 대응하는 Source/contract/Test 후보는 확인했다. 그러나 실제 Kafka/JMS/IBM MQ/RabbitMQ, ACK/NACK, rebalance, broker kill, duplicate/order/DLQ replay 실행은 최신 SHA에서 수행되지 않았다. 제품 실패로 단정하지 않고 환경차이 미검증으로 유지한다.",,검수 후 환경차이 미검증,cpf-docs/evidence/qa/QA_PARALLEL_12WAY_QA-12B_R5_f97655c/messaging_review.md#event-ibm-mq
CPF-SC-000832,CPF-FR-004210,EVENT-IBM-MQ,P0,MESSAGING,CONFLICT,[EVENT-IBM-MQ] Version·Hash 충돌,Messaging 개발자·운영자,최신 exact SHA; 기존 version,stale expectedVersion/다른 hash,동시/재시도 요청,409·기존 결과 보존·lost update 0,후행 요청 덮어씀,Java25·적용 DB/Provider/Browser/Process 환경,Local/Remote·single/multi-instance 중 적용,source SHA·command·environment·start/end·exit code·pre/post state·report/artifact hash·sanitization,미검증,f97655c1299936a1101bc3ec10239265ec3b502e,cpf-docs/evidence/qa/QA_PARALLEL_12WAY_QA-12B_R5_f97655c/messaging_review.md#event-ibm-mq,"실제 Kafka/JMS/IBM MQ/RabbitMQ, ACK/NACK, rebalance, broker kill, duplicate/order/DLQ replay 실행은 최신 SHA에서 수행되지 않았다",목표 환경 scenario 실행 Evidence 반영 후 QA 재검수,P05,Starter·Capability·Provider 기본 구현,05-00000832,P05-MESSAGING-EVENT-IBM-MQ,P03;P04,CPF-GATE-05,EVENT-IBM-MQ,예,QA-12B-1,,"[EVENT-IBM-MQ] Version·Hash 충돌의 요구 경로에 대응하는 Source/contract/Test 후보는 확인했다. 그러나 실제 Kafka/JMS/IBM MQ/RabbitMQ, ACK/NACK, rebalance, broker kill, duplicate/order/DLQ replay 실행은 최신 SHA에서 수행되지 않았다. 제품 실패로 단정하지 않고 환경차이 미검증으로 유지한다.",,검수 후 환경차이 미검증,cpf-docs/evidence/qa/QA_PARALLEL_12WAY_QA-12B_R5_f97655c/messaging_review.md#event-ibm-mq
CPF-SC-000833,CPF-FR-004210,EVENT-IBM-MQ,P0,MESSAGING,DUPLICATE,[EVENT-IBM-MQ] 중복 요청,Messaging 개발자·운영자,최신 exact SHA; 같은 operationId,동일/상이 payload,동시·순차 중복,"동일 replay, 다른 payload conflict",side effect 2회,Java25·적용 DB/Provider/Browser/Process 환경,Local/Remote·single/multi-instance 중 적용,source SHA·command·environment·start/end·exit code·pre/post state·report/artifact hash·sanitization,미검증,f97655c1299936a1101bc3ec10239265ec3b502e,cpf-docs/evidence/qa/QA_PARALLEL_12WAY_QA-12B_R5_f97655c/messaging_review.md#event-ibm-mq,"실제 Kafka/JMS/IBM MQ/RabbitMQ, ACK/NACK, rebalance, broker kill, duplicate/order/DLQ replay 실행은 최신 SHA에서 수행되지 않았다",목표 환경 scenario 실행 Evidence 반영 후 QA 재검수,P05,Starter·Capability·Provider 기본 구현,05-00000833,P05-MESSAGING-EVENT-IBM-MQ,P03;P04,CPF-GATE-05,EVENT-IBM-MQ,예,QA-12B-1,,"[EVENT-IBM-MQ] 중복 요청의 요구 경로에 대응하는 Source/contract/Test 후보는 확인했다. 그러나 실제 Kafka/JMS/IBM MQ/RabbitMQ, ACK/NACK, rebalance, broker kill, duplicate/order/DLQ replay 실행은 최신 SHA에서 수행되지 않았다. 제품 실패로 단정하지 않고 환경차이 미검증으로 유지한다.",,검수 후 환경차이 미검증,cpf-docs/evidence/qa/QA_PARALLEL_12WAY_QA-12B_R5_f97655c/messaging_review.md#event-ibm-mq
CPF-SC-000834,CPF-FR-004210,EVENT-IBM-MQ,P0,MESSAGING,TIMEOUT_PRE,[EVENT-IBM-MQ] Side effect 전 Timeout,Messaging 개발자·운영자,최신 exact SHA; dependency delay,connect/header timeout,timeout 주입,retryable failure·side effect 0,UNKNOWN/성공 오인,Java25·적용 DB/Provider/Browser/Process 환경,Local/Remote·single/multi-instance 중 적용,source SHA·command·environment·start/end·exit code·pre/post state·report/artifact hash·sanitization,미검증,f97655c1299936a1101bc3ec10239265ec3b502e,cpf-docs/evidence/qa/QA_PARALLEL_12WAY_QA-12B_R5_f97655c/messaging_review.md#event-ibm-mq,"실제 Kafka/JMS/IBM MQ/RabbitMQ, ACK/NACK, rebalance, broker kill, duplicate/order/DLQ replay 실행은 최신 SHA에서 수행되지 않았다",목표 환경 scenario 실행 Evidence 반영 후 QA 재검수,P05,Starter·Capability·Provider 기본 구현,05-00000834,P05-MESSAGING-EVENT-IBM-MQ,P03;P04,CPF-GATE-05,EVENT-IBM-MQ,예,QA-12B-1,,"[EVENT-IBM-MQ] Side effect 전 Timeout의 요구 경로에 대응하는 Source/contract/Test 후보는 확인했다. 그러나 실제 Kafka/JMS/IBM MQ/RabbitMQ, ACK/NACK, rebalance, broker kill, duplicate/order/DLQ replay 실행은 최신 SHA에서 수행되지 않았다. 제품 실패로 단정하지 않고 환경차이 미검증으로 유지한다.",,검수 후 환경차이 미검증,cpf-docs/evidence/qa/QA_PARALLEL_12WAY_QA-12B_R5_f97655c/messaging_review.md#event-ibm-mq
CPF-SC-000835,CPF-FR-004210,EVENT-IBM-MQ,P0,MESSAGING,RESPONSE_LOSS,[EVENT-IBM-MQ] Side effect 후 응답 유실,Messaging 개발자·운영자,최신 exact SHA; Owner commit,commit 후 reset,응답 차단,UNKNOWN·blind retry 금지·reconcile,자동 실패/무조건 retry,Java25·적용 DB/Provider/Browser/Process 환경,Local/Remote·single/multi-instance 중 적용,source SHA·command·environment·start/end·exit code·pre/post state·report/artifact hash·sanitization,미검증,f97655c1299936a1101bc3ec10239265ec3b502e,cpf-docs/evidence/qa/QA_PARALLEL_12WAY_QA-12B_R5_f97655c/messaging_review.md#event-ibm-mq,"실제 Kafka/JMS/IBM MQ/RabbitMQ, ACK/NACK, rebalance, broker kill, duplicate/order/DLQ replay 실행은 최신 SHA에서 수행되지 않았다",목표 환경 scenario 실행 Evidence 반영 후 QA 재검수,P05,Starter·Capability·Provider 기본 구현,05-00000835,P05-MESSAGING-EVENT-IBM-MQ,P03;P04,CPF-GATE-05,EVENT-IBM-MQ,예,QA-12B-1,,"[EVENT-IBM-MQ] Side effect 후 응답 유실의 요구 경로에 대응하는 Source/contract/Test 후보는 확인했다. 그러나 실제 Kafka/JMS/IBM MQ/RabbitMQ, ACK/NACK, rebalance, broker kill, duplicate/order/DLQ replay 실행은 최신 SHA에서 수행되지 않았다. 제품 실패로 단정하지 않고 환경차이 미검증으로 유지한다.",,검수 후 환경차이 미검증,cpf-docs/evidence/qa/QA_PARALLEL_12WAY_QA-12B_R5_f97655c/messaging_review.md#event-ibm-mq
CPF-SC-000836,CPF-FR-004210,EVENT-IBM-MQ,P0,MESSAGING,PARTIAL,[EVENT-IBM-MQ] 부분 실패,Messaging 개발자·운영자,최신 exact SHA; 다중 대상/항목,일부 target failure,group 실행,개별 성공/실패/unknown 보존,전체 성공/실패로 축약,Java25·적용 DB/Provider/Browser/Process 환경,Local/Remote·single/multi-instance 중 적용,source SHA·command·environment·start/end·exit code·pre/post state·report/artifact hash·sanitization,미검증,f97655c1299936a1101bc3ec10239265ec3b502e,cpf-docs/evidence/qa/QA_PARALLEL_12WAY_QA-12B_R5_f97655c/messaging_review.md#event-ibm-mq,"실제 Kafka/JMS/IBM MQ/RabbitMQ, ACK/NACK, rebalance, broker kill, duplicate/order/DLQ replay 실행은 최신 SHA에서 수행되지 않았다",목표 환경 scenario 실행 Evidence 반영 후 QA 재검수,P05,Starter·Capability·Provider 기본 구현,05-00000836,P05-MESSAGING-EVENT-IBM-MQ,P03;P04,CPF-GATE-05,EVENT-IBM-MQ,예,QA-12B-1,,"[EVENT-IBM-MQ] 부분 실패의 요구 경로에 대응하는 Source/contract/Test 후보는 확인했다. 그러나 실제 Kafka/JMS/IBM MQ/RabbitMQ, ACK/NACK, rebalance, broker kill, duplicate/order/DLQ replay 실행은 최신 SHA에서 수행되지 않았다. 제품 실패로 단정하지 않고 환경차이 미검증으로 유지한다.",,검수 후 환경차이 미검증,cpf-docs/evidence/qa/QA_PARALLEL_12WAY_QA-12B_R5_f97655c/messaging_review.md#event-ibm-mq
CPF-SC-000837,CPF-FR-004210,EVENT-IBM-MQ,P0,MESSAGING,PROCESS_KILL,[EVENT-IBM-MQ] Process Kill·Restart,Messaging 개발자·운영자,최신 exact SHA; durable state,worker kill,claim/apply 후 종료·재기동,lease 회수·stale fencing·복구,고아 상태·중복,Java25·적용 DB/Provider/Browser/Process 환경,Local/Remote·single/multi-instance 중 적용,source SHA·command·environment·start/end·exit code·pre/post state·report/artifact hash·sanitization,미검증,f97655c1299936a1101bc3ec10239265ec3b502e,cpf-docs/evidence/qa/QA_PARALLEL_12WAY_QA-12B_R5_f97655c/messaging_review.md#event-ibm-mq,"실제 Kafka/JMS/IBM MQ/RabbitMQ, ACK/NACK, rebalance, broker kill, duplicate/order/DLQ replay 실행은 최신 SHA에서 수행되지 않았다",목표 환경 scenario 실행 Evidence 반영 후 QA 재검수,P05,Starter·Capability·Provider 기본 구현,05-00000837,P05-MESSAGING-EVENT-IBM-MQ,P03;P04,CPF-GATE-05,EVENT-IBM-MQ,예,QA-12B-1,,"[EVENT-IBM-MQ] Process Kill·Restart의 요구 경로에 대응하는 Source/contract/Test 후보는 확인했다. 그러나 실제 Kafka/JMS/IBM MQ/RabbitMQ, ACK/NACK, rebalance, broker kill, duplicate/order/DLQ replay 실행은 최신 SHA에서 수행되지 않았다. 제품 실패로 단정하지 않고 환경차이 미검증으로 유지한다.",,검수 후 환경차이 미검증,cpf-docs/evidence/qa/QA_PARALLEL_12WAY_QA-12B_R5_f97655c/messaging_review.md#event-ibm-mq
CPF-SC-000838,CPF-FR-004210,EVENT-IBM-MQ,P0,MESSAGING,MULTI_INSTANCE,[EVENT-IBM-MQ] 다중 Instance,Messaging 개발자·운영자,최신 exact SHA; 2개 이상,공유 DB/queue,동시 처리·failover·rejoin,version/state 일치·중복 0,local state 의존,Java25·적용 DB/Provider/Browser/Process 환경,Local/Remote·single/multi-instance 중 적용,source SHA·command·environment·start/end·exit code·pre/post state·report/artifact hash·sanitization,미검증,f97655c1299936a1101bc3ec10239265ec3b502e,cpf-docs/evidence/qa/QA_PARALLEL_12WAY_QA-12B_R5_f97655c/messaging_review.md#event-ibm-mq,"실제 Kafka/JMS/IBM MQ/RabbitMQ, ACK/NACK, rebalance, broker kill, duplicate/order/DLQ replay 실행은 최신 SHA에서 수행되지 않았다",목표 환경 scenario 실행 Evidence 반영 후 QA 재검수,P05,Starter·Capability·Provider 기본 구현,05-00000838,P05-MESSAGING-EVENT-IBM-MQ,P03;P04,CPF-GATE-05,EVENT-IBM-MQ,예,QA-12B-1,,"[EVENT-IBM-MQ] 다중 Instance의 요구 경로에 대응하는 Source/contract/Test 후보는 확인했다. 그러나 실제 Kafka/JMS/IBM MQ/RabbitMQ, ACK/NACK, rebalance, broker kill, duplicate/order/DLQ replay 실행은 최신 SHA에서 수행되지 않았다. 제품 실패로 단정하지 않고 환경차이 미검증으로 유지한다.",,검수 후 환경차이 미검증,cpf-docs/evidence/qa/QA_PARALLEL_12WAY_QA-12B_R5_f97655c/messaging_review.md#event-ibm-mq
CPF-SC-000839,CPF-FR-004210,EVENT-IBM-MQ,P0,MESSAGING,ROLLBACK,[EVENT-IBM-MQ] Rollback/Forward Recovery,Messaging 개발자·운영자,최신 exact SHA; 변경 전 snapshot,적용 후 결함,rollback/forward fix,데이터 보존·actual 일치·audit,부분 rollback·drift,Java25·적용 DB/Provider/Browser/Process 환경,Local/Remote·single/multi-instance 중 적용,source SHA·command·environment·start/end·exit code·pre/post state·report/artifact hash·sanitization,미검증,f97655c1299936a1101bc3ec10239265ec3b502e,cpf-docs/evidence/qa/QA_PARALLEL_12WAY_QA-12B_R5_f97655c/messaging_review.md#event-ibm-mq,"실제 Kafka/JMS/IBM MQ/RabbitMQ, ACK/NACK, rebalance, broker kill, duplicate/order/DLQ replay 실행은 최신 SHA에서 수행되지 않았다",목표 환경 scenario 실행 Evidence 반영 후 QA 재검수,P05,Starter·Capability·Provider 기본 구현,05-00000839,P05-MESSAGING-EVENT-IBM-MQ,P03;P04,CPF-GATE-05,EVENT-IBM-MQ,예,QA-12B-1,,"[EVENT-IBM-MQ] Rollback/Forward Recovery의 요구 경로에 대응하는 Source/contract/Test 후보는 확인했다. 그러나 실제 Kafka/JMS/IBM MQ/RabbitMQ, ACK/NACK, rebalance, broker kill, duplicate/order/DLQ replay 실행은 최신 SHA에서 수행되지 않았다. 제품 실패로 단정하지 않고 환경차이 미검증으로 유지한다.",,검수 후 환경차이 미검증,cpf-docs/evidence/qa/QA_PARALLEL_12WAY_QA-12B_R5_f97655c/messaging_review.md#event-ibm-mq
CPF-SC-000840,CPF-FR-004210,EVENT-IBM-MQ,P0,MESSAGING,SECURITY_LEAK,[EVENT-IBM-MQ] 민감정보 누출,Messaging 개발자·운영자,최신 exact SHA; PII/Secret fixture,오류·Log·UI·Download,정상/실패 실행,원문 0 또는 승인 범위,Log/DOM/Storage/Evidence 원문,Java25·적용 DB/Provider/Browser/Process 환경,Local/Remote·single/multi-instance 중 적용,source SHA·command·environment·start/end·exit code·pre/post state·report/artifact hash·sanitization,재확인 필요,f97655c1299936a1101bc3ec10239265ec3b502e,cpf-docs/evidence/qa/QA_PARALLEL_12WAY_QA-12B_R5_f97655c/PROVIDER_METADATA_SOURCE_REVIEW.md,EVENT-IBM-MQ metadata QA 직접보완 Harness는 통과했으나 Java25/real Provider/cross-review가 미완료다.,Java25 Module/real Provider 및 개발GPT/Codex 교차검토 후 QA 재검수,P05,Starter·Capability·Provider 기본 구현,05-00000840,P05-MESSAGING-EVENT-IBM-MQ,P03;P04,CPF-GATE-05,EVENT-IBM-MQ,예,QA-12B-R3-1,미통과,[EVENT-IBM-MQ] 민감정보 누출: 수정 전 contentType 또는 reserved metadata assertion 실패를 재현했고 수정 후 정상·입력 충돌·security spoofing Harness를 통과했다. EVENT-IBM-MQ metadata QA 직접보완 Harness는 통과했으나 Java25/real Provider/cross-review가 미완료다.,EVENT-IBM-MQ metadata QA 직접보완 Harness는 통과했으나 Java25/real Provider/cross-review가 미완료다.,미통과,cpf-docs/evidence/qa/QA_PARALLEL_12WAY_QA-12B_R5_f97655c/PROVIDER_METADATA_SOURCE_REVIEW.md
CPF-SC-000841,CPF-FR-004271,EVENT-AMQP,P0,MESSAGING,POSITIVE,[EVENT-AMQP] 정상 수직 흐름,Messaging 개발자·운영자,최신 exact SHA; 유효 입력과 권한,정상 데이터,요청→검증→처리→저장/전달→응답→감사,정상 상태·side effect·tracking 일치,Mock-only 또는 Consumer 미호출,Java25·적용 DB/Provider/Browser/Process 환경,Local/Remote·single/multi-instance 중 적용,source SHA·command·environment·start/end·exit code·pre/post state·report/artifact hash·sanitization,재확인 필요,f97655c1299936a1101bc3ec10239265ec3b502e,cpf-docs/evidence/qa/QA_PARALLEL_12WAY_QA-12B_R5_f97655c/PROVIDER_METADATA_SOURCE_REVIEW.md,EVENT-AMQP metadata QA 직접보완 Harness는 통과했으나 Java25/real Provider/cross-review가 미완료다.,Java25 Module/real Provider 및 개발GPT/Codex 교차검토 후 QA 재검수,P05,Starter·Capability·Provider 기본 구현,05-00000841,P05-MESSAGING-EVENT-AMQP,P03;P04,CPF-GATE-05,EVENT-AMQP,예,QA-12B-R3-1,미통과,[EVENT-AMQP] 정상 수직 흐름: 수정 전 contentType 또는 reserved metadata assertion 실패를 재현했고 수정 후 정상·입력 충돌·security spoofing Harness를 통과했다. EVENT-AMQP metadata QA 직접보완 Harness는 통과했으나 Java25/real Provider/cross-review가 미완료다.,EVENT-AMQP metadata QA 직접보완 Harness는 통과했으나 Java25/real Provider/cross-review가 미완료다.,미통과,cpf-docs/evidence/qa/QA_PARALLEL_12WAY_QA-12B_R5_f97655c/PROVIDER_METADATA_SOURCE_REVIEW.md
CPF-SC-000842,CPF-FR-004271,EVENT-AMQP,P0,MESSAGING,INVALID,[EVENT-AMQP] 입력·경계 오류,Messaging 개발자·운영자,최신 exact SHA; 유효 Session,invalid/empty/oversize/unknown enum,각 invalid 제출,표준 field/path 오류·side effect 0,500/raw exception/부분 저장,Java25·적용 DB/Provider/Browser/Process 환경,Local/Remote·single/multi-instance 중 적용,source SHA·command·environment·start/end·exit code·pre/post state·report/artifact hash·sanitization,재확인 필요,f97655c1299936a1101bc3ec10239265ec3b502e,cpf-docs/evidence/qa/QA_PARALLEL_12WAY_QA-12B_R5_f97655c/PROVIDER_METADATA_SOURCE_REVIEW.md,EVENT-AMQP metadata QA 직접보완 Harness는 통과했으나 Java25/real Provider/cross-review가 미완료다.,Java25 Module/real Provider 및 개발GPT/Codex 교차검토 후 QA 재검수,P05,Starter·Capability·Provider 기본 구현,05-00000842,P05-MESSAGING-EVENT-AMQP,P03;P04,CPF-GATE-05,EVENT-AMQP,예,QA-12B-R3-1,미통과,[EVENT-AMQP] 입력·경계 오류: 수정 전 contentType 또는 reserved metadata assertion 실패를 재현했고 수정 후 정상·입력 충돌·security spoofing Harness를 통과했다. EVENT-AMQP metadata QA 직접보완 Harness는 통과했으나 Java25/real Provider/cross-review가 미완료다.,EVENT-AMQP metadata QA 직접보완 Harness는 통과했으나 Java25/real Provider/cross-review가 미완료다.,미통과,cpf-docs/evidence/qa/QA_PARALLEL_12WAY_QA-12B_R5_f97655c/PROVIDER_METADATA_SOURCE_REVIEW.md
CPF-SC-000843,CPF-FR-004271,EVENT-AMQP,P0,MESSAGING,UNAUTHORIZED,[EVENT-AMQP] 미인증·권한 부족,Messaging 개발자·운영자,최신 exact SHA; 권한 없는 principal,401/403 대상,UI 직접 URL/API/Method 호출,Server 거부·Audit·민감정보 0,버튼만 숨김/default allow,Java25·적용 DB/Provider/Browser/Process 환경,Local/Remote·single/multi-instance 중 적용,source SHA·command·environment·start/end·exit code·pre/post state·report/artifact hash·sanitization,미검증,f97655c1299936a1101bc3ec10239265ec3b502e,cpf-docs/evidence/qa/QA_PARALLEL_12WAY_QA-12B_R5_f97655c/messaging_review.md#event-amqp,"실제 Kafka/JMS/IBM MQ/RabbitMQ, ACK/NACK, rebalance, broker kill, duplicate/order/DLQ replay 실행은 최신 SHA에서 수행되지 않았다",목표 환경 scenario 실행 Evidence 반영 후 QA 재검수,P05,Starter·Capability·Provider 기본 구현,05-00000843,P05-MESSAGING-EVENT-AMQP,P03;P04,CPF-GATE-05,EVENT-AMQP,예,QA-12B-1,,"[EVENT-AMQP] 미인증·권한 부족의 요구 경로에 대응하는 Source/contract/Test 후보는 확인했다. 그러나 실제 Kafka/JMS/IBM MQ/RabbitMQ, ACK/NACK, rebalance, broker kill, duplicate/order/DLQ replay 실행은 최신 SHA에서 수행되지 않았다. 제품 실패로 단정하지 않고 환경차이 미검증으로 유지한다.",,검수 후 환경차이 미검증,cpf-docs/evidence/qa/QA_PARALLEL_12WAY_QA-12B_R5_f97655c/messaging_review.md#event-amqp
CPF-SC-000844,CPF-FR-004271,EVENT-AMQP,P0,MESSAGING,CONFLICT,[EVENT-AMQP] Version·Hash 충돌,Messaging 개발자·운영자,최신 exact SHA; 기존 version,stale expectedVersion/다른 hash,동시/재시도 요청,409·기존 결과 보존·lost update 0,후행 요청 덮어씀,Java25·적용 DB/Provider/Browser/Process 환경,Local/Remote·single/multi-instance 중 적용,source SHA·command·environment·start/end·exit code·pre/post state·report/artifact hash·sanitization,미검증,f97655c1299936a1101bc3ec10239265ec3b502e,cpf-docs/evidence/qa/QA_PARALLEL_12WAY_QA-12B_R5_f97655c/messaging_review.md#event-amqp,"실제 Kafka/JMS/IBM MQ/RabbitMQ, ACK/NACK, rebalance, broker kill, duplicate/order/DLQ replay 실행은 최신 SHA에서 수행되지 않았다",목표 환경 scenario 실행 Evidence 반영 후 QA 재검수,P05,Starter·Capability·Provider 기본 구현,05-00000844,P05-MESSAGING-EVENT-AMQP,P03;P04,CPF-GATE-05,EVENT-AMQP,예,QA-12B-1,,"[EVENT-AMQP] Version·Hash 충돌의 요구 경로에 대응하는 Source/contract/Test 후보는 확인했다. 그러나 실제 Kafka/JMS/IBM MQ/RabbitMQ, ACK/NACK, rebalance, broker kill, duplicate/order/DLQ replay 실행은 최신 SHA에서 수행되지 않았다. 제품 실패로 단정하지 않고 환경차이 미검증으로 유지한다.",,검수 후 환경차이 미검증,cpf-docs/evidence/qa/QA_PARALLEL_12WAY_QA-12B_R5_f97655c/messaging_review.md#event-amqp
CPF-SC-000845,CPF-FR-004271,EVENT-AMQP,P0,MESSAGING,DUPLICATE,[EVENT-AMQP] 중복 요청,Messaging 개발자·운영자,최신 exact SHA; 같은 operationId,동일/상이 payload,동시·순차 중복,"동일 replay, 다른 payload conflict",side effect 2회,Java25·적용 DB/Provider/Browser/Process 환경,Local/Remote·single/multi-instance 중 적용,source SHA·command·environment·start/end·exit code·pre/post state·report/artifact hash·sanitization,미검증,f97655c1299936a1101bc3ec10239265ec3b502e,cpf-docs/evidence/qa/QA_PARALLEL_12WAY_QA-12B_R5_f97655c/messaging_review.md#event-amqp,"실제 Kafka/JMS/IBM MQ/RabbitMQ, ACK/NACK, rebalance, broker kill, duplicate/order/DLQ replay 실행은 최신 SHA에서 수행되지 않았다",목표 환경 scenario 실행 Evidence 반영 후 QA 재검수,P05,Starter·Capability·Provider 기본 구현,05-00000845,P05-MESSAGING-EVENT-AMQP,P03;P04,CPF-GATE-05,EVENT-AMQP,예,QA-12B-1,,"[EVENT-AMQP] 중복 요청의 요구 경로에 대응하는 Source/contract/Test 후보는 확인했다. 그러나 실제 Kafka/JMS/IBM MQ/RabbitMQ, ACK/NACK, rebalance, broker kill, duplicate/order/DLQ replay 실행은 최신 SHA에서 수행되지 않았다. 제품 실패로 단정하지 않고 환경차이 미검증으로 유지한다.",,검수 후 환경차이 미검증,cpf-docs/evidence/qa/QA_PARALLEL_12WAY_QA-12B_R5_f97655c/messaging_review.md#event-amqp
CPF-SC-000846,CPF-FR-004271,EVENT-AMQP,P0,MESSAGING,TIMEOUT_PRE,[EVENT-AMQP] Side effect 전 Timeout,Messaging 개발자·운영자,최신 exact SHA; dependency delay,connect/header timeout,timeout 주입,retryable failure·side effect 0,UNKNOWN/성공 오인,Java25·적용 DB/Provider/Browser/Process 환경,Local/Remote·single/multi-instance 중 적용,source SHA·command·environment·start/end·exit code·pre/post state·report/artifact hash·sanitization,미검증,f97655c1299936a1101bc3ec10239265ec3b502e,cpf-docs/evidence/qa/QA_PARALLEL_12WAY_QA-12B_R5_f97655c/messaging_review.md#event-amqp,"실제 Kafka/JMS/IBM MQ/RabbitMQ, ACK/NACK, rebalance, broker kill, duplicate/order/DLQ replay 실행은 최신 SHA에서 수행되지 않았다",목표 환경 scenario 실행 Evidence 반영 후 QA 재검수,P05,Starter·Capability·Provider 기본 구현,05-00000846,P05-MESSAGING-EVENT-AMQP,P03;P04,CPF-GATE-05,EVENT-AMQP,예,QA-12B-1,,"[EVENT-AMQP] Side effect 전 Timeout의 요구 경로에 대응하는 Source/contract/Test 후보는 확인했다. 그러나 실제 Kafka/JMS/IBM MQ/RabbitMQ, ACK/NACK, rebalance, broker kill, duplicate/order/DLQ replay 실행은 최신 SHA에서 수행되지 않았다. 제품 실패로 단정하지 않고 환경차이 미검증으로 유지한다.",,검수 후 환경차이 미검증,cpf-docs/evidence/qa/QA_PARALLEL_12WAY_QA-12B_R5_f97655c/messaging_review.md#event-amqp
CPF-SC-000847,CPF-FR-004271,EVENT-AMQP,P0,MESSAGING,RESPONSE_LOSS,[EVENT-AMQP] Side effect 후 응답 유실,Messaging 개발자·운영자,최신 exact SHA; Owner commit,commit 후 reset,응답 차단,UNKNOWN·blind retry 금지·reconcile,자동 실패/무조건 retry,Java25·적용 DB/Provider/Browser/Process 환경,Local/Remote·single/multi-instance 중 적용,source SHA·command·environment·start/end·exit code·pre/post state·report/artifact hash·sanitization,미검증,f97655c1299936a1101bc3ec10239265ec3b502e,cpf-docs/evidence/qa/QA_PARALLEL_12WAY_QA-12B_R5_f97655c/messaging_review.md#event-amqp,"실제 Kafka/JMS/IBM MQ/RabbitMQ, ACK/NACK, rebalance, broker kill, duplicate/order/DLQ replay 실행은 최신 SHA에서 수행되지 않았다",목표 환경 scenario 실행 Evidence 반영 후 QA 재검수,P05,Starter·Capability·Provider 기본 구현,05-00000847,P05-MESSAGING-EVENT-AMQP,P03;P04,CPF-GATE-05,EVENT-AMQP,예,QA-12B-1,,"[EVENT-AMQP] Side effect 후 응답 유실의 요구 경로에 대응하는 Source/contract/Test 후보는 확인했다. 그러나 실제 Kafka/JMS/IBM MQ/RabbitMQ, ACK/NACK, rebalance, broker kill, duplicate/order/DLQ replay 실행은 최신 SHA에서 수행되지 않았다. 제품 실패로 단정하지 않고 환경차이 미검증으로 유지한다.",,검수 후 환경차이 미검증,cpf-docs/evidence/qa/QA_PARALLEL_12WAY_QA-12B_R5_f97655c/messaging_review.md#event-amqp
CPF-SC-000848,CPF-FR-004271,EVENT-AMQP,P0,MESSAGING,PARTIAL,[EVENT-AMQP] 부분 실패,Messaging 개발자·운영자,최신 exact SHA; 다중 대상/항목,일부 target failure,group 실행,개별 성공/실패/unknown 보존,전체 성공/실패로 축약,Java25·적용 DB/Provider/Browser/Process 환경,Local/Remote·single/multi-instance 중 적용,source SHA·command·environment·start/end·exit code·pre/post state·report/artifact hash·sanitization,미검증,f97655c1299936a1101bc3ec10239265ec3b502e,cpf-docs/evidence/qa/QA_PARALLEL_12WAY_QA-12B_R5_f97655c/messaging_review.md#event-amqp,"실제 Kafka/JMS/IBM MQ/RabbitMQ, ACK/NACK, rebalance, broker kill, duplicate/order/DLQ replay 실행은 최신 SHA에서 수행되지 않았다",목표 환경 scenario 실행 Evidence 반영 후 QA 재검수,P05,Starter·Capability·Provider 기본 구현,05-00000848,P05-MESSAGING-EVENT-AMQP,P03;P04,CPF-GATE-05,EVENT-AMQP,예,QA-12B-1,,"[EVENT-AMQP] 부분 실패의 요구 경로에 대응하는 Source/contract/Test 후보는 확인했다. 그러나 실제 Kafka/JMS/IBM MQ/RabbitMQ, ACK/NACK, rebalance, broker kill, duplicate/order/DLQ replay 실행은 최신 SHA에서 수행되지 않았다. 제품 실패로 단정하지 않고 환경차이 미검증으로 유지한다.",,검수 후 환경차이 미검증,cpf-docs/evidence/qa/QA_PARALLEL_12WAY_QA-12B_R5_f97655c/messaging_review.md#event-amqp
CPF-SC-000849,CPF-FR-004271,EVENT-AMQP,P0,MESSAGING,PROCESS_KILL,[EVENT-AMQP] Process Kill·Restart,Messaging 개발자·운영자,최신 exact SHA; durable state,worker kill,claim/apply 후 종료·재기동,lease 회수·stale fencing·복구,고아 상태·중복,Java25·적용 DB/Provider/Browser/Process 환경,Local/Remote·single/multi-instance 중 적용,source SHA·command·environment·start/end·exit code·pre/post state·report/artifact hash·sanitization,미검증,f97655c1299936a1101bc3ec10239265ec3b502e,cpf-docs/evidence/qa/QA_PARALLEL_12WAY_QA-12B_R5_f97655c/messaging_review.md#event-amqp,"실제 Kafka/JMS/IBM MQ/RabbitMQ, ACK/NACK, rebalance, broker kill, duplicate/order/DLQ replay 실행은 최신 SHA에서 수행되지 않았다",목표 환경 scenario 실행 Evidence 반영 후 QA 재검수,P05,Starter·Capability·Provider 기본 구현,05-00000849,P05-MESSAGING-EVENT-AMQP,P03;P04,CPF-GATE-05,EVENT-AMQP,예,QA-12B-1,,"[EVENT-AMQP] Process Kill·Restart의 요구 경로에 대응하는 Source/contract/Test 후보는 확인했다. 그러나 실제 Kafka/JMS/IBM MQ/RabbitMQ, ACK/NACK, rebalance, broker kill, duplicate/order/DLQ replay 실행은 최신 SHA에서 수행되지 않았다. 제품 실패로 단정하지 않고 환경차이 미검증으로 유지한다.",,검수 후 환경차이 미검증,cpf-docs/evidence/qa/QA_PARALLEL_12WAY_QA-12B_R5_f97655c/messaging_review.md#event-amqp
CPF-SC-000850,CPF-FR-004271,EVENT-AMQP,P0,MESSAGING,MULTI_INSTANCE,[EVENT-AMQP] 다중 Instance,Messaging 개발자·운영자,최신 exact SHA; 2개 이상,공유 DB/queue,동시 처리·failover·rejoin,version/state 일치·중복 0,local state 의존,Java25·적용 DB/Provider/Browser/Process 환경,Local/Remote·single/multi-instance 중 적용,source SHA·command·environment·start/end·exit code·pre/post state·report/artifact hash·sanitization,미검증,f97655c1299936a1101bc3ec10239265ec3b502e,cpf-docs/evidence/qa/QA_PARALLEL_12WAY_QA-12B_R5_f97655c/messaging_review.md#event-amqp,"실제 Kafka/JMS/IBM MQ/RabbitMQ, ACK/NACK, rebalance, broker kill, duplicate/order/DLQ replay 실행은 최신 SHA에서 수행되지 않았다",목표 환경 scenario 실행 Evidence 반영 후 QA 재검수,P05,Starter·Capability·Provider 기본 구현,05-00000850,P05-MESSAGING-EVENT-AMQP,P03;P04,CPF-GATE-05,EVENT-AMQP,예,QA-12B-1,,"[EVENT-AMQP] 다중 Instance의 요구 경로에 대응하는 Source/contract/Test 후보는 확인했다. 그러나 실제 Kafka/JMS/IBM MQ/RabbitMQ, ACK/NACK, rebalance, broker kill, duplicate/order/DLQ replay 실행은 최신 SHA에서 수행되지 않았다. 제품 실패로 단정하지 않고 환경차이 미검증으로 유지한다.",,검수 후 환경차이 미검증,cpf-docs/evidence/qa/QA_PARALLEL_12WAY_QA-12B_R5_f97655c/messaging_review.md#event-amqp
CPF-SC-000851,CPF-FR-004271,EVENT-AMQP,P0,MESSAGING,ROLLBACK,[EVENT-AMQP] Rollback/Forward Recovery,Messaging 개발자·운영자,최신 exact SHA; 변경 전 snapshot,적용 후 결함,rollback/forward fix,데이터 보존·actual 일치·audit,부분 rollback·drift,Java25·적용 DB/Provider/Browser/Process 환경,Local/Remote·single/multi-instance 중 적용,source SHA·command·environment·start/end·exit code·pre/post state·report/artifact hash·sanitization,미검증,f97655c1299936a1101bc3ec10239265ec3b502e,cpf-docs/evidence/qa/QA_PARALLEL_12WAY_QA-12B_R5_f97655c/messaging_review.md#event-amqp,"실제 Kafka/JMS/IBM MQ/RabbitMQ, ACK/NACK, rebalance, broker kill, duplicate/order/DLQ replay 실행은 최신 SHA에서 수행되지 않았다",목표 환경 scenario 실행 Evidence 반영 후 QA 재검수,P05,Starter·Capability·Provider 기본 구현,05-00000851,P05-MESSAGING-EVENT-AMQP,P03;P04,CPF-GATE-05,EVENT-AMQP,예,QA-12B-1,,"[EVENT-AMQP] Rollback/Forward Recovery의 요구 경로에 대응하는 Source/contract/Test 후보는 확인했다. 그러나 실제 Kafka/JMS/IBM MQ/RabbitMQ, ACK/NACK, rebalance, broker kill, duplicate/order/DLQ replay 실행은 최신 SHA에서 수행되지 않았다. 제품 실패로 단정하지 않고 환경차이 미검증으로 유지한다.",,검수 후 환경차이 미검증,cpf-docs/evidence/qa/QA_PARALLEL_12WAY_QA-12B_R5_f97655c/messaging_review.md#event-amqp
CPF-SC-000852,CPF-FR-004271,EVENT-AMQP,P0,MESSAGING,SECURITY_LEAK,[EVENT-AMQP] 민감정보 누출,Messaging 개발자·운영자,최신 exact SHA; PII/Secret fixture,오류·Log·UI·Download,정상/실패 실행,원문 0 또는 승인 범위,Log/DOM/Storage/Evidence 원문,Java25·적용 DB/Provider/Browser/Process 환경,Local/Remote·single/multi-instance 중 적용,source SHA·command·environment·start/end·exit code·pre/post state·report/artifact hash·sanitization,재확인 필요,f97655c1299936a1101bc3ec10239265ec3b502e,cpf-docs/evidence/qa/QA_PARALLEL_12WAY_QA-12B_R5_f97655c/PROVIDER_METADATA_SOURCE_REVIEW.md,EVENT-AMQP metadata QA 직접보완 Harness는 통과했으나 Java25/real Provider/cross-review가 미완료다.,Java25 Module/real Provider 및 개발GPT/Codex 교차검토 후 QA 재검수,P05,Starter·Capability·Provider 기본 구현,05-00000852,P05-MESSAGING-EVENT-AMQP,P03;P04,CPF-GATE-05,EVENT-AMQP,예,QA-12B-R3-1,미통과,[EVENT-AMQP] 민감정보 누출: 수정 전 contentType 또는 reserved metadata assertion 실패를 재현했고 수정 후 정상·입력 충돌·security spoofing Harness를 통과했다. EVENT-AMQP metadata QA 직접보완 Harness는 통과했으나 Java25/real Provider/cross-review가 미완료다.,EVENT-AMQP metadata QA 직접보완 Harness는 통과했으나 Java25/real Provider/cross-review가 미완료다.,미통과,cpf-docs/evidence/qa/QA_PARALLEL_12WAY_QA-12B_R5_f97655c/PROVIDER_METADATA_SOURCE_REVIEW.md
CPF-SC-000853,CPF-FR-004332,EXS-TCP,P1,INTEGRATION,POSITIVE,[EXS-TCP] 정상 수직 흐름,연계 개발자·운영자,최신 exact SHA; 유효 입력과 권한,정상 데이터,요청→검증→처리→저장/전달→응답→감사,정상 상태·side effect·tracking 일치,Mock-only 또는 Consumer 미호출,Java25·적용 DB/Provider/Browser/Process 환경,Local/Remote·single/multi-instance 중 적용,source SHA·command·environment·start/end·exit code·pre/post state·report/artifact hash·sanitization,실패,f97655c1299936a1101bc3ec10239265ec3b502e,cpf-docs/evidence/qa/QA_PARALLEL_12WAY_QA-12B_R5_f97655c/EXS_TCP_SOURCE_REVIEW.md,EXS-TCP actual Product Consumer/Public API와 durable recovery가 없어 scenario 전체 acceptance를 입증하지 못했다.,재개발·교차검토 후 Java25/기관계/kill-restart scenario 재실행,P05,Starter·Capability·Provider 기본 구현,05-00000853,P05-INTEGRATION-EXS-TCP,P03;P04,CPF-GATE-05,EXS-TCP,예,QA-12B-R5,미통과,[EXS-TCP] 정상 수직 흐름를 loopback/EOF/concurrency Harness와 제품 Source 호출 경로로 재검수했다. EXS-TCP actual Product Consumer/Public API와 durable recovery가 없어 scenario 전체 acceptance를 입증하지 못했다.,EXS-TCP actual Product Consumer/Public API와 durable recovery가 없어 scenario 전체 acceptance를 입증하지 못했다.,미통과,cpf-docs/evidence/qa/QA_PARALLEL_12WAY_QA-12B_R5_f97655c/EXS_TCP_SOURCE_REVIEW.md
CPF-SC-000854,CPF-FR-004332,EXS-TCP,P1,INTEGRATION,INVALID,[EXS-TCP] 입력·경계 오류,연계 개발자·운영자,최신 exact SHA; 유효 Session,invalid/empty/oversize/unknown enum,각 invalid 제출,표준 field/path 오류·side effect 0,500/raw exception/부분 저장,Java25·적용 DB/Provider/Browser/Process 환경,Local/Remote·single/multi-instance 중 적용,source SHA·command·environment·start/end·exit code·pre/post state·report/artifact hash·sanitization,실패,f97655c1299936a1101bc3ec10239265ec3b502e,cpf-docs/evidence/qa/QA_PARALLEL_12WAY_QA-12B_R5_f97655c/EXS_TCP_SOURCE_REVIEW.md,QA가 공백 correlation 선행 거부를 보완·검증했으나 교차검토와 실제 Product Consumer가 남았다.,재개발·교차검토 후 Java25/기관계/kill-restart scenario 재실행,P05,Starter·Capability·Provider 기본 구현,05-00000854,P05-INTEGRATION-EXS-TCP,P03;P04,CPF-GATE-05,EXS-TCP,예,QA-12B-R5,미통과,[EXS-TCP] 입력·경계 오류를 loopback/EOF/concurrency Harness와 제품 Source 호출 경로로 재검수했다. QA가 공백 correlation 선행 거부를 보완·검증했으나 교차검토와 실제 Product Consumer가 남았다.,QA가 공백 correlation 선행 거부를 보완·검증했으나 교차검토와 실제 Product Consumer가 남았다.,미통과,cpf-docs/evidence/qa/QA_PARALLEL_12WAY_QA-12B_R5_f97655c/EXS_TCP_SOURCE_REVIEW.md
CPF-SC-000855,CPF-FR-004332,EXS-TCP,P1,INTEGRATION,UNAUTHORIZED,[EXS-TCP] 미인증·권한 부족,연계 개발자·운영자,최신 exact SHA; 권한 없는 principal,401/403 대상,UI 직접 URL/API/Method 호출,Server 거부·Audit·민감정보 0,버튼만 숨김/default allow,Java25·적용 DB/Provider/Browser/Process 환경,Local/Remote·single/multi-instance 중 적용,source SHA·command·environment·start/end·exit code·pre/post state·report/artifact hash·sanitization,실패,f97655c1299936a1101bc3ec10239265ec3b502e,cpf-docs/evidence/qa/QA_PARALLEL_12WAY_QA-12B_R5_f97655c/EXS_TCP_SOURCE_REVIEW.md,EXS-TCP actual Product Consumer/Public API와 durable recovery가 없어 scenario 전체 acceptance를 입증하지 못했다.,재개발·교차검토 후 Java25/기관계/kill-restart scenario 재실행,P05,Starter·Capability·Provider 기본 구현,05-00000855,P05-INTEGRATION-EXS-TCP,P03;P04,CPF-GATE-05,EXS-TCP,예,QA-12B-R5,미통과,[EXS-TCP] 미인증·권한 부족를 loopback/EOF/concurrency Harness와 제품 Source 호출 경로로 재검수했다. EXS-TCP actual Product Consumer/Public API와 durable recovery가 없어 scenario 전체 acceptance를 입증하지 못했다.,EXS-TCP actual Product Consumer/Public API와 durable recovery가 없어 scenario 전체 acceptance를 입증하지 못했다.,미통과,cpf-docs/evidence/qa/QA_PARALLEL_12WAY_QA-12B_R5_f97655c/EXS_TCP_SOURCE_REVIEW.md
CPF-SC-000856,CPF-FR-004332,EXS-TCP,P1,INTEGRATION,CONFLICT,[EXS-TCP] Version·Hash 충돌,연계 개발자·운영자,최신 exact SHA; 기존 version,stale expectedVersion/다른 hash,동시/재시도 요청,409·기존 결과 보존·lost update 0,후행 요청 덮어씀,Java25·적용 DB/Provider/Browser/Process 환경,Local/Remote·single/multi-instance 중 적용,source SHA·command·environment·start/end·exit code·pre/post state·report/artifact hash·sanitization,실패,f97655c1299936a1101bc3ec10239265ec3b502e,cpf-docs/evidence/qa/QA_PARALLEL_12WAY_QA-12B_R5_f97655c/EXS_TCP_SOURCE_REVIEW.md,EXS-TCP actual Product Consumer/Public API와 durable recovery가 없어 scenario 전체 acceptance를 입증하지 못했다.,재개발·교차검토 후 Java25/기관계/kill-restart scenario 재실행,P05,Starter·Capability·Provider 기본 구현,05-00000856,P05-INTEGRATION-EXS-TCP,P03;P04,CPF-GATE-05,EXS-TCP,예,QA-12B-R5,미통과,[EXS-TCP] Version·Hash 충돌를 loopback/EOF/concurrency Harness와 제품 Source 호출 경로로 재검수했다. EXS-TCP actual Product Consumer/Public API와 durable recovery가 없어 scenario 전체 acceptance를 입증하지 못했다.,EXS-TCP actual Product Consumer/Public API와 durable recovery가 없어 scenario 전체 acceptance를 입증하지 못했다.,미통과,cpf-docs/evidence/qa/QA_PARALLEL_12WAY_QA-12B_R5_f97655c/EXS_TCP_SOURCE_REVIEW.md
CPF-SC-000857,CPF-FR-004332,EXS-TCP,P1,INTEGRATION,DUPLICATE,[EXS-TCP] 중복 요청,연계 개발자·운영자,최신 exact SHA; 같은 operationId,동일/상이 payload,동시·순차 중복,"동일 replay, 다른 payload conflict",side effect 2회,Java25·적용 DB/Provider/Browser/Process 환경,Local/Remote·single/multi-instance 중 적용,source SHA·command·environment·start/end·exit code·pre/post state·report/artifact hash·sanitization,실패,f97655c1299936a1101bc3ec10239265ec3b502e,cpf-docs/evidence/qa/QA_PARALLEL_12WAY_QA-12B_R5_f97655c/EXS_TCP_SOURCE_REVIEW.md,EXS-TCP actual Product Consumer/Public API와 durable recovery가 없어 scenario 전체 acceptance를 입증하지 못했다.,재개발·교차검토 후 Java25/기관계/kill-restart scenario 재실행,P05,Starter·Capability·Provider 기본 구현,05-00000857,P05-INTEGRATION-EXS-TCP,P03;P04,CPF-GATE-05,EXS-TCP,예,QA-12B-R5,미통과,[EXS-TCP] 중복 요청를 loopback/EOF/concurrency Harness와 제품 Source 호출 경로로 재검수했다. EXS-TCP actual Product Consumer/Public API와 durable recovery가 없어 scenario 전체 acceptance를 입증하지 못했다.,EXS-TCP actual Product Consumer/Public API와 durable recovery가 없어 scenario 전체 acceptance를 입증하지 못했다.,미통과,cpf-docs/evidence/qa/QA_PARALLEL_12WAY_QA-12B_R5_f97655c/EXS_TCP_SOURCE_REVIEW.md
CPF-SC-000858,CPF-FR-004332,EXS-TCP,P1,INTEGRATION,TIMEOUT_PRE,[EXS-TCP] Side effect 전 Timeout,연계 개발자·운영자,최신 exact SHA; dependency delay,connect/header timeout,timeout 주입,retryable failure·side effect 0,UNKNOWN/성공 오인,Java25·적용 DB/Provider/Browser/Process 환경,Local/Remote·single/multi-instance 중 적용,source SHA·command·environment·start/end·exit code·pre/post state·report/artifact hash·sanitization,실패,f97655c1299936a1101bc3ec10239265ec3b502e,cpf-docs/evidence/qa/QA_PARALLEL_12WAY_QA-12B_R5_f97655c/EXS_TCP_SOURCE_REVIEW.md,QA가 pool capacity rejection을 side effect 전에 검증했으나 end-to-end deadline과 실제 Consumer가 남았다.,재개발·교차검토 후 Java25/기관계/kill-restart scenario 재실행,P05,Starter·Capability·Provider 기본 구현,05-00000858,P05-INTEGRATION-EXS-TCP,P03;P04,CPF-GATE-05,EXS-TCP,예,QA-12B-R5,미통과,[EXS-TCP] Side effect 전 Timeout를 loopback/EOF/concurrency Harness와 제품 Source 호출 경로로 재검수했다. QA가 pool capacity rejection을 side effect 전에 검증했으나 end-to-end deadline과 실제 Consumer가 남았다.,QA가 pool capacity rejection을 side effect 전에 검증했으나 end-to-end deadline과 실제 Consumer가 남았다.,미통과,cpf-docs/evidence/qa/QA_PARALLEL_12WAY_QA-12B_R5_f97655c/EXS_TCP_SOURCE_REVIEW.md
CPF-SC-000859,CPF-FR-004332,EXS-TCP,P1,INTEGRATION,RESPONSE_LOSS,[EXS-TCP] Side effect 후 응답 유실,연계 개발자·운영자,최신 exact SHA; Owner commit,commit 후 reset,응답 차단,UNKNOWN·blind retry 금지·reconcile,자동 실패/무조건 retry,Java25·적용 DB/Provider/Browser/Process 환경,Local/Remote·single/multi-instance 중 적용,source SHA·command·environment·start/end·exit code·pre/post state·report/artifact hash·sanitization,실패,f97655c1299936a1101bc3ec10239265ec3b502e,cpf-docs/evidence/qa/QA_PARALLEL_12WAY_QA-12B_R5_f97655c/EXS_TCP_SOURCE_REVIEW.md,EOF 후 UNKNOWN 기록은 검증했으나 durable 저장·actual reconcile·restart 복구가 없다.,재개발·교차검토 후 Java25/기관계/kill-restart scenario 재실행,P05,Starter·Capability·Provider 기본 구현,05-00000859,P05-INTEGRATION-EXS-TCP,P03;P04,CPF-GATE-05,EXS-TCP,예,QA-12B-R5,미통과,[EXS-TCP] Side effect 후 응답 유실를 loopback/EOF/concurrency Harness와 제품 Source 호출 경로로 재검수했다. EOF 후 UNKNOWN 기록은 검증했으나 durable 저장·actual reconcile·restart 복구가 없다.,EOF 후 UNKNOWN 기록은 검증했으나 durable 저장·actual reconcile·restart 복구가 없다.,미통과,cpf-docs/evidence/qa/QA_PARALLEL_12WAY_QA-12B_R5_f97655c/EXS_TCP_SOURCE_REVIEW.md
CPF-SC-000860,CPF-FR-004332,EXS-TCP,P1,INTEGRATION,PARTIAL,[EXS-TCP] 부분 실패,연계 개발자·운영자,최신 exact SHA; 다중 대상/항목,일부 target failure,group 실행,개별 성공/실패/unknown 보존,전체 성공/실패로 축약,Java25·적용 DB/Provider/Browser/Process 환경,Local/Remote·single/multi-instance 중 적용,source SHA·command·environment·start/end·exit code·pre/post state·report/artifact hash·sanitization,실패,f97655c1299936a1101bc3ec10239265ec3b502e,cpf-docs/evidence/qa/QA_PARALLEL_12WAY_QA-12B_R5_f97655c/EXS_TCP_SOURCE_REVIEW.md,QA가 UNKNOWN store 동시 상한을 보완했으나 기관 부분 실패와 durable recovery가 없다.,재개발·교차검토 후 Java25/기관계/kill-restart scenario 재실행,P05,Starter·Capability·Provider 기본 구현,05-00000860,P05-INTEGRATION-EXS-TCP,P03;P04,CPF-GATE-05,EXS-TCP,예,QA-12B-R5,미통과,[EXS-TCP] 부분 실패를 loopback/EOF/concurrency Harness와 제품 Source 호출 경로로 재검수했다. QA가 UNKNOWN store 동시 상한을 보완했으나 기관 부분 실패와 durable recovery가 없다.,QA가 UNKNOWN store 동시 상한을 보완했으나 기관 부분 실패와 durable recovery가 없다.,미통과,cpf-docs/evidence/qa/QA_PARALLEL_12WAY_QA-12B_R5_f97655c/EXS_TCP_SOURCE_REVIEW.md
CPF-SC-000861,CPF-FR-004332,EXS-TCP,P1,INTEGRATION,PROCESS_KILL,[EXS-TCP] Process Kill·Restart,연계 개발자·운영자,최신 exact SHA; durable state,worker kill,claim/apply 후 종료·재기동,lease 회수·stale fencing·복구,고아 상태·중복,Java25·적용 DB/Provider/Browser/Process 환경,Local/Remote·single/multi-instance 중 적용,source SHA·command·environment·start/end·exit code·pre/post state·report/artifact hash·sanitization,실패,f97655c1299936a1101bc3ec10239265ec3b502e,cpf-docs/evidence/qa/QA_PARALLEL_12WAY_QA-12B_R5_f97655c/EXS_TCP_SOURCE_REVIEW.md,EXS-TCP actual Product Consumer/Public API와 durable recovery가 없어 scenario 전체 acceptance를 입증하지 못했다.,재개발·교차검토 후 Java25/기관계/kill-restart scenario 재실행,P05,Starter·Capability·Provider 기본 구현,05-00000861,P05-INTEGRATION-EXS-TCP,P03;P04,CPF-GATE-05,EXS-TCP,예,QA-12B-R5,미통과,[EXS-TCP] Process Kill·Restart를 loopback/EOF/concurrency Harness와 제품 Source 호출 경로로 재검수했다. EXS-TCP actual Product Consumer/Public API와 durable recovery가 없어 scenario 전체 acceptance를 입증하지 못했다.,EXS-TCP actual Product Consumer/Public API와 durable recovery가 없어 scenario 전체 acceptance를 입증하지 못했다.,미통과,cpf-docs/evidence/qa/QA_PARALLEL_12WAY_QA-12B_R5_f97655c/EXS_TCP_SOURCE_REVIEW.md
CPF-SC-000862,CPF-FR-004332,EXS-TCP,P1,INTEGRATION,MULTI_INSTANCE,[EXS-TCP] 다중 Instance,연계 개발자·운영자,최신 exact SHA; 2개 이상,공유 DB/queue,동시 처리·failover·rejoin,version/state 일치·중복 0,local state 의존,Java25·적용 DB/Provider/Browser/Process 환경,Local/Remote·single/multi-instance 중 적용,source SHA·command·environment·start/end·exit code·pre/post state·report/artifact hash·sanitization,실패,f97655c1299936a1101bc3ec10239265ec3b502e,cpf-docs/evidence/qa/QA_PARALLEL_12WAY_QA-12B_R5_f97655c/EXS_TCP_SOURCE_REVIEW.md,EXS-TCP actual Product Consumer/Public API와 durable recovery가 없어 scenario 전체 acceptance를 입증하지 못했다.,재개발·교차검토 후 Java25/기관계/kill-restart scenario 재실행,P05,Starter·Capability·Provider 기본 구현,05-00000862,P05-INTEGRATION-EXS-TCP,P03;P04,CPF-GATE-05,EXS-TCP,예,QA-12B-R5,미통과,[EXS-TCP] 다중 Instance를 loopback/EOF/concurrency Harness와 제품 Source 호출 경로로 재검수했다. EXS-TCP actual Product Consumer/Public API와 durable recovery가 없어 scenario 전체 acceptance를 입증하지 못했다.,EXS-TCP actual Product Consumer/Public API와 durable recovery가 없어 scenario 전체 acceptance를 입증하지 못했다.,미통과,cpf-docs/evidence/qa/QA_PARALLEL_12WAY_QA-12B_R5_f97655c/EXS_TCP_SOURCE_REVIEW.md
CPF-SC-000863,CPF-FR-004332,EXS-TCP,P1,INTEGRATION,ROLLBACK,[EXS-TCP] Rollback/Forward Recovery,연계 개발자·운영자,최신 exact SHA; 변경 전 snapshot,적용 후 결함,rollback/forward fix,데이터 보존·actual 일치·audit,부분 rollback·drift,Java25·적용 DB/Provider/Browser/Process 환경,Local/Remote·single/multi-instance 중 적용,source SHA·command·environment·start/end·exit code·pre/post state·report/artifact hash·sanitization,실패,f97655c1299936a1101bc3ec10239265ec3b502e,cpf-docs/evidence/qa/QA_PARALLEL_12WAY_QA-12B_R5_f97655c/EXS_TCP_SOURCE_REVIEW.md,EXS-TCP actual Product Consumer/Public API와 durable recovery가 없어 scenario 전체 acceptance를 입증하지 못했다.,재개발·교차검토 후 Java25/기관계/kill-restart scenario 재실행,P05,Starter·Capability·Provider 기본 구현,05-00000863,P05-INTEGRATION-EXS-TCP,P03;P04,CPF-GATE-05,EXS-TCP,예,QA-12B-R5,미통과,[EXS-TCP] Rollback/Forward Recovery를 loopback/EOF/concurrency Harness와 제품 Source 호출 경로로 재검수했다. EXS-TCP actual Product Consumer/Public API와 durable recovery가 없어 scenario 전체 acceptance를 입증하지 못했다.,EXS-TCP actual Product Consumer/Public API와 durable recovery가 없어 scenario 전체 acceptance를 입증하지 못했다.,미통과,cpf-docs/evidence/qa/QA_PARALLEL_12WAY_QA-12B_R5_f97655c/EXS_TCP_SOURCE_REVIEW.md
CPF-SC-000864,CPF-FR-004332,EXS-TCP,P1,INTEGRATION,SECURITY_LEAK,[EXS-TCP] 민감정보 누출,연계 개발자·운영자,최신 exact SHA; PII/Secret fixture,오류·Log·UI·Download,정상/실패 실행,원문 0 또는 승인 범위,Log/DOM/Storage/Evidence 원문,Java25·적용 DB/Provider/Browser/Process 환경,Local/Remote·single/multi-instance 중 적용,source SHA·command·environment·start/end·exit code·pre/post state·report/artifact hash·sanitization,실패,f97655c1299936a1101bc3ec10239265ec3b502e,cpf-docs/evidence/qa/QA_PARALLEL_12WAY_QA-12B_R5_f97655c/EXS_TCP_SOURCE_REVIEW.md,EXS-TCP actual Product Consumer/Public API와 durable recovery가 없어 scenario 전체 acceptance를 입증하지 못했다.,재개발·교차검토 후 Java25/기관계/kill-restart scenario 재실행,P05,Starter·Capability·Provider 기본 구현,05-00000864,P05-INTEGRATION-EXS-TCP,P03;P04,CPF-GATE-05,EXS-TCP,예,QA-12B-R5,미통과,[EXS-TCP] 민감정보 누출를 loopback/EOF/concurrency Harness와 제품 Source 호출 경로로 재검수했다. EXS-TCP actual Product Consumer/Public API와 durable recovery가 없어 scenario 전체 acceptance를 입증하지 못했다.,EXS-TCP actual Product Consumer/Public API와 durable recovery가 없어 scenario 전체 acceptance를 입증하지 못했다.,미통과,cpf-docs/evidence/qa/QA_PARALLEL_12WAY_QA-12B_R5_f97655c/EXS_TCP_SOURCE_REVIEW.md
CPF-SC-000865,CPF-FR-004393,EVENT-DLQ,P0,MESSAGING,POSITIVE,[EVENT-DLQ] 정상 수직 흐름,Messaging 개발자·운영자,최신 exact SHA; 유효 입력과 권한,정상 데이터,요청→검증→처리→저장/전달→응답→감사,정상 상태·side effect·tracking 일치,Mock-only 또는 Consumer 미호출,Java25·적용 DB/Provider/Browser/Process 환경,Local/Remote·single/multi-instance 중 적용,source SHA·command·environment·start/end·exit code·pre/post state·report/artifact hash·sanitization,실패,f97655c1299936a1101bc3ec10239265ec3b502e,cpf-docs/evidence/qa/QA_PARALLEL_12WAY_QA-12B_R5_f97655c/EVENT_DLQ_BEFORE_AFTER.md,EVENT-DLQ replay approval·masking·version/CAS·UNKNOWN/fault·multi-instance 중 해당 Scenario Acceptance 축이 실제 제품 경로에서 미완결이다.,개발GPT 교차검토·잔여 재개발 → Codex 독립검토 → Java25/3DB/Broker Scenario 재실행,P05,Starter·Capability·Provider 기본 구현,05-00000865,P05-MESSAGING-EVENT-DLQ,P03;P04,CPF-GATE-05,EVENT-DLQ,예,QA-12B-R5,미통과,[EVENT-DLQ] 정상 수직 흐름를 Controller→Service→Replay facade→JDBC repository→Frontend/OpenAPI 경로와 전후 Harness로 검수했다. EVENT-DLQ replay approval·masking·version/CAS·UNKNOWN/fault·multi-instance 중 해당 Scenario Acceptance 축이 실제 제품 경로에서 미완결이다.,EVENT-DLQ replay approval·masking·version/CAS·UNKNOWN/fault·multi-instance 중 해당 Scenario Acceptance 축이 실제 제품 경로에서 미완결이다.,미통과,cpf-docs/evidence/qa/QA_PARALLEL_12WAY_QA-12B_R5_f97655c/EVENT_DLQ_BEFORE_AFTER.md
CPF-SC-000866,CPF-FR-004393,EVENT-DLQ,P0,MESSAGING,INVALID,[EVENT-DLQ] 입력·경계 오류,Messaging 개발자·운영자,최신 exact SHA; 유효 Session,invalid/empty/oversize/unknown enum,각 invalid 제출,표준 field/path 오류·side effect 0,500/raw exception/부분 저장,Java25·적용 DB/Provider/Browser/Process 환경,Local/Remote·single/multi-instance 중 적용,source SHA·command·environment·start/end·exit code·pre/post state·report/artifact hash·sanitization,실패,f97655c1299936a1101bc3ec10239265ec3b502e,cpf-docs/evidence/qa/QA_PARALLEL_12WAY_QA-12B_R5_f97655c/EVENT_DLQ_BEFORE_AFTER.md,QA가 blank ID/reason/limit/time range 선행검증을 보완했으나 교차검토와 전체 API 오류 응답 검증이 남았다.,개발GPT 교차검토·잔여 재개발 → Codex 독립검토 → Java25/3DB/Broker Scenario 재실행,P05,Starter·Capability·Provider 기본 구현,05-00000866,P05-MESSAGING-EVENT-DLQ,P03;P04,CPF-GATE-05,EVENT-DLQ,예,QA-12B-R5,미통과,[EVENT-DLQ] 입력·경계 오류를 Controller→Service→Replay facade→JDBC repository→Frontend/OpenAPI 경로와 전후 Harness로 검수했다. QA가 blank ID/reason/limit/time range 선행검증을 보완했으나 교차검토와 전체 API 오류 응답 검증이 남았다.,QA가 blank ID/reason/limit/time range 선행검증을 보완했으나 교차검토와 전체 API 오류 응답 검증이 남았다.,미통과,cpf-docs/evidence/qa/QA_PARALLEL_12WAY_QA-12B_R5_f97655c/EVENT_DLQ_BEFORE_AFTER.md
CPF-SC-000867,CPF-FR-004393,EVENT-DLQ,P0,MESSAGING,UNAUTHORIZED,[EVENT-DLQ] 미인증·권한 부족,Messaging 개발자·운영자,최신 exact SHA; 권한 없는 principal,401/403 대상,UI 직접 URL/API/Method 호출,Server 거부·Audit·민감정보 0,버튼만 숨김/default allow,Java25·적용 DB/Provider/Browser/Process 환경,Local/Remote·single/multi-instance 중 적용,source SHA·command·environment·start/end·exit code·pre/post state·report/artifact hash·sanitization,실패,f97655c1299936a1101bc3ec10239265ec3b502e,cpf-docs/evidence/qa/QA_PARALLEL_12WAY_QA-12B_R5_f97655c/EVENT_DLQ_BEFORE_AFTER.md,EVENT-DLQ replay approval·masking·version/CAS·UNKNOWN/fault·multi-instance 중 해당 Scenario Acceptance 축이 실제 제품 경로에서 미완결이다.,개발GPT 교차검토·잔여 재개발 → Codex 독립검토 → Java25/3DB/Broker Scenario 재실행,P05,Starter·Capability·Provider 기본 구현,05-00000867,P05-MESSAGING-EVENT-DLQ,P03;P04,CPF-GATE-05,EVENT-DLQ,예,QA-12B-R5,미통과,[EVENT-DLQ] 미인증·권한 부족를 Controller→Service→Replay facade→JDBC repository→Frontend/OpenAPI 경로와 전후 Harness로 검수했다. EVENT-DLQ replay approval·masking·version/CAS·UNKNOWN/fault·multi-instance 중 해당 Scenario Acceptance 축이 실제 제품 경로에서 미완결이다.,EVENT-DLQ replay approval·masking·version/CAS·UNKNOWN/fault·multi-instance 중 해당 Scenario Acceptance 축이 실제 제품 경로에서 미완결이다.,미통과,cpf-docs/evidence/qa/QA_PARALLEL_12WAY_QA-12B_R5_f97655c/EVENT_DLQ_BEFORE_AFTER.md
CPF-SC-000868,CPF-FR-004393,EVENT-DLQ,P0,MESSAGING,CONFLICT,[EVENT-DLQ] Version·Hash 충돌,Messaging 개발자·운영자,최신 exact SHA; 기존 version,stale expectedVersion/다른 hash,동시/재시도 요청,409·기존 결과 보존·lost update 0,후행 요청 덮어씀,Java25·적용 DB/Provider/Browser/Process 환경,Local/Remote·single/multi-instance 중 적용,source SHA·command·environment·start/end·exit code·pre/post state·report/artifact hash·sanitization,실패,f97655c1299936a1101bc3ec10239265ec3b502e,cpf-docs/evidence/qa/QA_PARALLEL_12WAY_QA-12B_R5_f97655c/EVENT_DLQ_BEFORE_AFTER.md,EVENT-DLQ replay approval·masking·version/CAS·UNKNOWN/fault·multi-instance 중 해당 Scenario Acceptance 축이 실제 제품 경로에서 미완결이다.,개발GPT 교차검토·잔여 재개발 → Codex 독립검토 → Java25/3DB/Broker Scenario 재실행,P05,Starter·Capability·Provider 기본 구현,05-00000868,P05-MESSAGING-EVENT-DLQ,P03;P04,CPF-GATE-05,EVENT-DLQ,예,QA-12B-R5,미통과,[EVENT-DLQ] Version·Hash 충돌를 Controller→Service→Replay facade→JDBC repository→Frontend/OpenAPI 경로와 전후 Harness로 검수했다. EVENT-DLQ replay approval·masking·version/CAS·UNKNOWN/fault·multi-instance 중 해당 Scenario Acceptance 축이 실제 제품 경로에서 미완결이다.,EVENT-DLQ replay approval·masking·version/CAS·UNKNOWN/fault·multi-instance 중 해당 Scenario Acceptance 축이 실제 제품 경로에서 미완결이다.,미통과,cpf-docs/evidence/qa/QA_PARALLEL_12WAY_QA-12B_R5_f97655c/EVENT_DLQ_BEFORE_AFTER.md
CPF-SC-000869,CPF-FR-004393,EVENT-DLQ,P0,MESSAGING,DUPLICATE,[EVENT-DLQ] 중복 요청,Messaging 개발자·운영자,최신 exact SHA; 같은 operationId,동일/상이 payload,동시·순차 중복,"동일 replay, 다른 payload conflict",side effect 2회,Java25·적용 DB/Provider/Browser/Process 환경,Local/Remote·single/multi-instance 중 적용,source SHA·command·environment·start/end·exit code·pre/post state·report/artifact hash·sanitization,실패,f97655c1299936a1101bc3ec10239265ec3b502e,cpf-docs/evidence/qa/QA_PARALLEL_12WAY_QA-12B_R5_f97655c/EVENT_DLQ_BEFORE_AFTER.md,EVENT-DLQ replay approval·masking·version/CAS·UNKNOWN/fault·multi-instance 중 해당 Scenario Acceptance 축이 실제 제품 경로에서 미완결이다.,개발GPT 교차검토·잔여 재개발 → Codex 독립검토 → Java25/3DB/Broker Scenario 재실행,P05,Starter·Capability·Provider 기본 구현,05-00000869,P05-MESSAGING-EVENT-DLQ,P03;P04,CPF-GATE-05,EVENT-DLQ,예,QA-12B-R5,미통과,[EVENT-DLQ] 중복 요청를 Controller→Service→Replay facade→JDBC repository→Frontend/OpenAPI 경로와 전후 Harness로 검수했다. EVENT-DLQ replay approval·masking·version/CAS·UNKNOWN/fault·multi-instance 중 해당 Scenario Acceptance 축이 실제 제품 경로에서 미완결이다.,EVENT-DLQ replay approval·masking·version/CAS·UNKNOWN/fault·multi-instance 중 해당 Scenario Acceptance 축이 실제 제품 경로에서 미완결이다.,미통과,cpf-docs/evidence/qa/QA_PARALLEL_12WAY_QA-12B_R5_f97655c/EVENT_DLQ_BEFORE_AFTER.md
CPF-SC-000870,CPF-FR-004393,EVENT-DLQ,P0,MESSAGING,TIMEOUT_PRE,[EVENT-DLQ] Side effect 전 Timeout,Messaging 개발자·운영자,최신 exact SHA; dependency delay,connect/header timeout,timeout 주입,retryable failure·side effect 0,UNKNOWN/성공 오인,Java25·적용 DB/Provider/Browser/Process 환경,Local/Remote·single/multi-instance 중 적용,source SHA·command·environment·start/end·exit code·pre/post state·report/artifact hash·sanitization,실패,f97655c1299936a1101bc3ec10239265ec3b502e,cpf-docs/evidence/qa/QA_PARALLEL_12WAY_QA-12B_R5_f97655c/EVENT_DLQ_BEFORE_AFTER.md,EVENT-DLQ replay approval·masking·version/CAS·UNKNOWN/fault·multi-instance 중 해당 Scenario Acceptance 축이 실제 제품 경로에서 미완결이다.,개발GPT 교차검토·잔여 재개발 → Codex 독립검토 → Java25/3DB/Broker Scenario 재실행,P05,Starter·Capability·Provider 기본 구현,05-00000870,P05-MESSAGING-EVENT-DLQ,P03;P04,CPF-GATE-05,EVENT-DLQ,예,QA-12B-R5,미통과,[EVENT-DLQ] Side effect 전 Timeout를 Controller→Service→Replay facade→JDBC repository→Frontend/OpenAPI 경로와 전후 Harness로 검수했다. EVENT-DLQ replay approval·masking·version/CAS·UNKNOWN/fault·multi-instance 중 해당 Scenario Acceptance 축이 실제 제품 경로에서 미완결이다.,EVENT-DLQ replay approval·masking·version/CAS·UNKNOWN/fault·multi-instance 중 해당 Scenario Acceptance 축이 실제 제품 경로에서 미완결이다.,미통과,cpf-docs/evidence/qa/QA_PARALLEL_12WAY_QA-12B_R5_f97655c/EVENT_DLQ_BEFORE_AFTER.md
CPF-SC-000871,CPF-FR-004393,EVENT-DLQ,P0,MESSAGING,RESPONSE_LOSS,[EVENT-DLQ] Side effect 후 응답 유실,Messaging 개발자·운영자,최신 exact SHA; Owner commit,commit 후 reset,응답 차단,UNKNOWN·blind retry 금지·reconcile,자동 실패/무조건 retry,Java25·적용 DB/Provider/Browser/Process 환경,Local/Remote·single/multi-instance 중 적용,source SHA·command·environment·start/end·exit code·pre/post state·report/artifact hash·sanitization,실패,f97655c1299936a1101bc3ec10239265ec3b502e,cpf-docs/evidence/qa/QA_PARALLEL_12WAY_QA-12B_R5_f97655c/EVENT_DLQ_BEFORE_AFTER.md,EVENT-DLQ replay approval·masking·version/CAS·UNKNOWN/fault·multi-instance 중 해당 Scenario Acceptance 축이 실제 제품 경로에서 미완결이다.,개발GPT 교차검토·잔여 재개발 → Codex 독립검토 → Java25/3DB/Broker Scenario 재실행,P05,Starter·Capability·Provider 기본 구현,05-00000871,P05-MESSAGING-EVENT-DLQ,P03;P04,CPF-GATE-05,EVENT-DLQ,예,QA-12B-R5,미통과,[EVENT-DLQ] Side effect 후 응답 유실를 Controller→Service→Replay facade→JDBC repository→Frontend/OpenAPI 경로와 전후 Harness로 검수했다. EVENT-DLQ replay approval·masking·version/CAS·UNKNOWN/fault·multi-instance 중 해당 Scenario Acceptance 축이 실제 제품 경로에서 미완결이다.,EVENT-DLQ replay approval·masking·version/CAS·UNKNOWN/fault·multi-instance 중 해당 Scenario Acceptance 축이 실제 제품 경로에서 미완결이다.,미통과,cpf-docs/evidence/qa/QA_PARALLEL_12WAY_QA-12B_R5_f97655c/EVENT_DLQ_BEFORE_AFTER.md
CPF-SC-000872,CPF-FR-004393,EVENT-DLQ,P0,MESSAGING,PARTIAL,[EVENT-DLQ] 부분 실패,Messaging 개발자·운영자,최신 exact SHA; 다중 대상/항목,일부 target failure,group 실행,개별 성공/실패/unknown 보존,전체 성공/실패로 축약,Java25·적용 DB/Provider/Browser/Process 환경,Local/Remote·single/multi-instance 중 적용,source SHA·command·environment·start/end·exit code·pre/post state·report/artifact hash·sanitization,실패,f97655c1299936a1101bc3ec10239265ec3b502e,cpf-docs/evidence/qa/QA_PARALLEL_12WAY_QA-12B_R5_f97655c/EVENT_DLQ_BEFORE_AFTER.md,원본 replay는 outbox 부재 시 3회 DB mutation 후 예외가 재현됐고 QA transaction/precheck 보완은 교차검토 전이다.,개발GPT 교차검토·잔여 재개발 → Codex 독립검토 → Java25/3DB/Broker Scenario 재실행,P05,Starter·Capability·Provider 기본 구현,05-00000872,P05-MESSAGING-EVENT-DLQ,P03;P04,CPF-GATE-05,EVENT-DLQ,예,QA-12B-R5,미통과,[EVENT-DLQ] 부분 실패를 Controller→Service→Replay facade→JDBC repository→Frontend/OpenAPI 경로와 전후 Harness로 검수했다. 원본 replay는 outbox 부재 시 3회 DB mutation 후 예외가 재현됐고 QA transaction/precheck 보완은 교차검토 전이다.,원본 replay는 outbox 부재 시 3회 DB mutation 후 예외가 재현됐고 QA transaction/precheck 보완은 교차검토 전이다.,미통과,cpf-docs/evidence/qa/QA_PARALLEL_12WAY_QA-12B_R5_f97655c/EVENT_DLQ_BEFORE_AFTER.md
CPF-SC-000873,CPF-FR-004393,EVENT-DLQ,P0,MESSAGING,PROCESS_KILL,[EVENT-DLQ] Process Kill·Restart,Messaging 개발자·운영자,최신 exact SHA; durable state,worker kill,claim/apply 후 종료·재기동,lease 회수·stale fencing·복구,고아 상태·중복,Java25·적용 DB/Provider/Browser/Process 환경,Local/Remote·single/multi-instance 중 적용,source SHA·command·environment·start/end·exit code·pre/post state·report/artifact hash·sanitization,실패,f97655c1299936a1101bc3ec10239265ec3b502e,cpf-docs/evidence/qa/QA_PARALLEL_12WAY_QA-12B_R5_f97655c/EVENT_DLQ_BEFORE_AFTER.md,EVENT-DLQ replay approval·masking·version/CAS·UNKNOWN/fault·multi-instance 중 해당 Scenario Acceptance 축이 실제 제품 경로에서 미완결이다.,개발GPT 교차검토·잔여 재개발 → Codex 독립검토 → Java25/3DB/Broker Scenario 재실행,P05,Starter·Capability·Provider 기본 구현,05-00000873,P05-MESSAGING-EVENT-DLQ,P03;P04,CPF-GATE-05,EVENT-DLQ,예,QA-12B-R5,미통과,[EVENT-DLQ] Process Kill·Restart를 Controller→Service→Replay facade→JDBC repository→Frontend/OpenAPI 경로와 전후 Harness로 검수했다. EVENT-DLQ replay approval·masking·version/CAS·UNKNOWN/fault·multi-instance 중 해당 Scenario Acceptance 축이 실제 제품 경로에서 미완결이다.,EVENT-DLQ replay approval·masking·version/CAS·UNKNOWN/fault·multi-instance 중 해당 Scenario Acceptance 축이 실제 제품 경로에서 미완결이다.,미통과,cpf-docs/evidence/qa/QA_PARALLEL_12WAY_QA-12B_R5_f97655c/EVENT_DLQ_BEFORE_AFTER.md
CPF-SC-000874,CPF-FR-004393,EVENT-DLQ,P0,MESSAGING,MULTI_INSTANCE,[EVENT-DLQ] 다중 Instance,Messaging 개발자·운영자,최신 exact SHA; 2개 이상,공유 DB/queue,동시 처리·failover·rejoin,version/state 일치·중복 0,local state 의존,Java25·적용 DB/Provider/Browser/Process 환경,Local/Remote·single/multi-instance 중 적용,source SHA·command·environment·start/end·exit code·pre/post state·report/artifact hash·sanitization,실패,f97655c1299936a1101bc3ec10239265ec3b502e,cpf-docs/evidence/qa/QA_PARALLEL_12WAY_QA-12B_R5_f97655c/EVENT_DLQ_BEFORE_AFTER.md,EVENT-DLQ replay approval·masking·version/CAS·UNKNOWN/fault·multi-instance 중 해당 Scenario Acceptance 축이 실제 제품 경로에서 미완결이다.,개발GPT 교차검토·잔여 재개발 → Codex 독립검토 → Java25/3DB/Broker Scenario 재실행,P05,Starter·Capability·Provider 기본 구현,05-00000874,P05-MESSAGING-EVENT-DLQ,P03;P04,CPF-GATE-05,EVENT-DLQ,예,QA-12B-R5,미통과,[EVENT-DLQ] 다중 Instance를 Controller→Service→Replay facade→JDBC repository→Frontend/OpenAPI 경로와 전후 Harness로 검수했다. EVENT-DLQ replay approval·masking·version/CAS·UNKNOWN/fault·multi-instance 중 해당 Scenario Acceptance 축이 실제 제품 경로에서 미완결이다.,EVENT-DLQ replay approval·masking·version/CAS·UNKNOWN/fault·multi-instance 중 해당 Scenario Acceptance 축이 실제 제품 경로에서 미완결이다.,미통과,cpf-docs/evidence/qa/QA_PARALLEL_12WAY_QA-12B_R5_f97655c/EVENT_DLQ_BEFORE_AFTER.md
CPF-SC-000875,CPF-FR-004393,EVENT-DLQ,P0,MESSAGING,ROLLBACK,[EVENT-DLQ] Rollback/Forward Recovery,Messaging 개발자·운영자,최신 exact SHA; 변경 전 snapshot,적용 후 결함,rollback/forward fix,데이터 보존·actual 일치·audit,부분 rollback·drift,Java25·적용 DB/Provider/Browser/Process 환경,Local/Remote·single/multi-instance 중 적용,source SHA·command·environment·start/end·exit code·pre/post state·report/artifact hash·sanitization,실패,f97655c1299936a1101bc3ec10239265ec3b502e,cpf-docs/evidence/qa/QA_PARALLEL_12WAY_QA-12B_R5_f97655c/EVENT_DLQ_BEFORE_AFTER.md,EVENT-DLQ replay approval·masking·version/CAS·UNKNOWN/fault·multi-instance 중 해당 Scenario Acceptance 축이 실제 제품 경로에서 미완결이다.,개발GPT 교차검토·잔여 재개발 → Codex 독립검토 → Java25/3DB/Broker Scenario 재실행,P05,Starter·Capability·Provider 기본 구현,05-00000875,P05-MESSAGING-EVENT-DLQ,P03;P04,CPF-GATE-05,EVENT-DLQ,예,QA-12B-R5,미통과,[EVENT-DLQ] Rollback/Forward Recovery를 Controller→Service→Replay facade→JDBC repository→Frontend/OpenAPI 경로와 전후 Harness로 검수했다. EVENT-DLQ replay approval·masking·version/CAS·UNKNOWN/fault·multi-instance 중 해당 Scenario Acceptance 축이 실제 제품 경로에서 미완결이다.,EVENT-DLQ replay approval·masking·version/CAS·UNKNOWN/fault·multi-instance 중 해당 Scenario Acceptance 축이 실제 제품 경로에서 미완결이다.,미통과,cpf-docs/evidence/qa/QA_PARALLEL_12WAY_QA-12B_R5_f97655c/EVENT_DLQ_BEFORE_AFTER.md
CPF-SC-000876,CPF-FR-004393,EVENT-DLQ,P0,MESSAGING,SECURITY_LEAK,[EVENT-DLQ] 민감정보 누출,Messaging 개발자·운영자,최신 exact SHA; PII/Secret fixture,오류·Log·UI·Download,정상/실패 실행,원문 0 또는 승인 범위,Log/DOM/Storage/Evidence 원문,Java25·적용 DB/Provider/Browser/Process 환경,Local/Remote·single/multi-instance 중 적용,source SHA·command·environment·start/end·exit code·pre/post state·report/artifact hash·sanitization,실패,f97655c1299936a1101bc3ec10239265ec3b502e,cpf-docs/evidence/qa/QA_PARALLEL_12WAY_QA-12B_R5_f97655c/EVENT_DLQ_BEFORE_AFTER.md,DLQ payload/header의 ADM 반환 전 masking과 승인된 원문조회 범위가 확인되지 않았다.,개발GPT 교차검토·잔여 재개발 → Codex 독립검토 → Java25/3DB/Broker Scenario 재실행,P05,Starter·Capability·Provider 기본 구현,05-00000876,P05-MESSAGING-EVENT-DLQ,P03;P04,CPF-GATE-05,EVENT-DLQ,예,QA-12B-R5,미통과,[EVENT-DLQ] 민감정보 누출를 Controller→Service→Replay facade→JDBC repository→Frontend/OpenAPI 경로와 전후 Harness로 검수했다. DLQ payload/header의 ADM 반환 전 masking과 승인된 원문조회 범위가 확인되지 않았다.,DLQ payload/header의 ADM 반환 전 masking과 승인된 원문조회 범위가 확인되지 않았다.,미통과,cpf-docs/evidence/qa/QA_PARALLEL_12WAY_QA-12B_R5_f97655c/EVENT_DLQ_BEFORE_AFTER.md
CPF-SC-000877,CPF-FR-004454,SAGA-CORE,P0,CORE,POSITIVE,[SAGA-CORE] 정상 수직 흐름,CPF Framework 개발자,최신 exact SHA; 유효 입력과 권한,정상 데이터,요청→검증→처리→저장/전달→응답→감사,정상 상태·side effect·tracking 일치,Mock-only 또는 Consumer 미호출,Java25·적용 DB/Provider/Browser/Process 환경,Local/Remote·single/multi-instance 중 적용,source SHA·command·environment·start/end·exit code·pre/post state·report/artifact hash·sanitization,실패,f97655c1299936a1101bc3ec10239265ec3b502e,cpf-docs/evidence/qa/QA_PARALLEL_12WAY_QA-12B_R5_f97655c/saga_review.md#saga-core,Saga state/step/compensation/manual recovery 제품 구현과 Runtime이 없다,개발GPT 재개발 및 scenario 회귀 Test 후 QA 재검수,P03,공통 계약·표준 타입·보안·오류·Context,03-00000877,P03-CORE-SAGA-CORE,P02,CPF-GATE-03,SAGA-CORE,예,QA-12B-1,미통과,[SAGA-CORE] 정상 수직 흐름의 precondition/steps/expected/failure criteria를 cpf-core/src/main/java/com/cpf/core/api/workflow/CpfWorkflow.java;cpf-admin/frontend/openapi/cpf-openapi.json;cpf-core/src/test/java/com/cpf/core/api와 대조했다. 실제 Acceptance 실패: Saga state/step/compensation/manual recovery 제품 구현과 Runtime이 없다.,Saga state/step/compensation/manual recovery 제품 구현과 Runtime이 없다,미통과,cpf-docs/evidence/qa/QA_PARALLEL_12WAY_QA-12B_R5_f97655c/saga_review.md#saga-core
CPF-SC-000878,CPF-FR-004454,SAGA-CORE,P0,CORE,INVALID,[SAGA-CORE] 입력·경계 오류,CPF Framework 개발자,최신 exact SHA; 유효 Session,invalid/empty/oversize/unknown enum,각 invalid 제출,표준 field/path 오류·side effect 0,500/raw exception/부분 저장,Java25·적용 DB/Provider/Browser/Process 환경,Local/Remote·single/multi-instance 중 적용,source SHA·command·environment·start/end·exit code·pre/post state·report/artifact hash·sanitization,실패,f97655c1299936a1101bc3ec10239265ec3b502e,cpf-docs/evidence/qa/QA_PARALLEL_12WAY_QA-12B_R5_f97655c/saga_review.md#saga-core,Saga state/step/compensation/manual recovery 제품 구현과 Runtime이 없다,개발GPT 재개발 및 scenario 회귀 Test 후 QA 재검수,P03,공통 계약·표준 타입·보안·오류·Context,03-00000878,P03-CORE-SAGA-CORE,P02,CPF-GATE-03,SAGA-CORE,예,QA-12B-1,미통과,[SAGA-CORE] 입력·경계 오류의 precondition/steps/expected/failure criteria를 cpf-core/src/main/java/com/cpf/core/api/workflow/CpfWorkflow.java;cpf-admin/frontend/openapi/cpf-openapi.json;cpf-core/src/test/java/com/cpf/core/api와 대조했다. 실제 Acceptance 실패: Saga state/step/compensation/manual recovery 제품 구현과 Runtime이 없다.,Saga state/step/compensation/manual recovery 제품 구현과 Runtime이 없다,미통과,cpf-docs/evidence/qa/QA_PARALLEL_12WAY_QA-12B_R5_f97655c/saga_review.md#saga-core
CPF-SC-000879,CPF-FR-004454,SAGA-CORE,P0,CORE,UNAUTHORIZED,[SAGA-CORE] 미인증·권한 부족,CPF Framework 개발자,최신 exact SHA; 권한 없는 principal,401/403 대상,UI 직접 URL/API/Method 호출,Server 거부·Audit·민감정보 0,버튼만 숨김/default allow,Java25·적용 DB/Provider/Browser/Process 환경,Local/Remote·single/multi-instance 중 적용,source SHA·command·environment·start/end·exit code·pre/post state·report/artifact hash·sanitization,실패,f97655c1299936a1101bc3ec10239265ec3b502e,cpf-docs/evidence/qa/QA_PARALLEL_12WAY_QA-12B_R5_f97655c/saga_review.md#saga-core,Saga state/step/compensation/manual recovery 제품 구현과 Runtime이 없다,개발GPT 재개발 및 scenario 회귀 Test 후 QA 재검수,P03,공통 계약·표준 타입·보안·오류·Context,03-00000879,P03-CORE-SAGA-CORE,P02,CPF-GATE-03,SAGA-CORE,예,QA-12B-1,미통과,[SAGA-CORE] 미인증·권한 부족의 precondition/steps/expected/failure criteria를 cpf-core/src/main/java/com/cpf/core/api/workflow/CpfWorkflow.java;cpf-admin/frontend/openapi/cpf-openapi.json;cpf-core/src/test/java/com/cpf/core/api와 대조했다. 실제 Acceptance 실패: Saga state/step/compensation/manual recovery 제품 구현과 Runtime이 없다.,Saga state/step/compensation/manual recovery 제품 구현과 Runtime이 없다,미통과,cpf-docs/evidence/qa/QA_PARALLEL_12WAY_QA-12B_R5_f97655c/saga_review.md#saga-core
CPF-SC-000880,CPF-FR-004454,SAGA-CORE,P0,CORE,CONFLICT,[SAGA-CORE] Version·Hash 충돌,CPF Framework 개발자,최신 exact SHA; 기존 version,stale expectedVersion/다른 hash,동시/재시도 요청,409·기존 결과 보존·lost update 0,후행 요청 덮어씀,Java25·적용 DB/Provider/Browser/Process 환경,Local/Remote·single/multi-instance 중 적용,source SHA·command·environment·start/end·exit code·pre/post state·report/artifact hash·sanitization,실패,f97655c1299936a1101bc3ec10239265ec3b502e,cpf-docs/evidence/qa/QA_PARALLEL_12WAY_QA-12B_R5_f97655c/saga_review.md#saga-core,Saga state/step/compensation/manual recovery 제품 구현과 Runtime이 없다,개발GPT 재개발 및 scenario 회귀 Test 후 QA 재검수,P03,공통 계약·표준 타입·보안·오류·Context,03-00000880,P03-CORE-SAGA-CORE,P02,CPF-GATE-03,SAGA-CORE,예,QA-12B-1,미통과,[SAGA-CORE] Version·Hash 충돌의 precondition/steps/expected/failure criteria를 cpf-core/src/main/java/com/cpf/core/api/workflow/CpfWorkflow.java;cpf-admin/frontend/openapi/cpf-openapi.json;cpf-core/src/test/java/com/cpf/core/api와 대조했다. 실제 Acceptance 실패: Saga state/step/compensation/manual recovery 제품 구현과 Runtime이 없다.,Saga state/step/compensation/manual recovery 제품 구현과 Runtime이 없다,미통과,cpf-docs/evidence/qa/QA_PARALLEL_12WAY_QA-12B_R5_f97655c/saga_review.md#saga-core
CPF-SC-000881,CPF-FR-004454,SAGA-CORE,P0,CORE,DUPLICATE,[SAGA-CORE] 중복 요청,CPF Framework 개발자,최신 exact SHA; 같은 operationId,동일/상이 payload,동시·순차 중복,"동일 replay, 다른 payload conflict",side effect 2회,Java25·적용 DB/Provider/Browser/Process 환경,Local/Remote·single/multi-instance 중 적용,source SHA·command·environment·start/end·exit code·pre/post state·report/artifact hash·sanitization,실패,f97655c1299936a1101bc3ec10239265ec3b502e,cpf-docs/evidence/qa/QA_PARALLEL_12WAY_QA-12B_R5_f97655c/saga_review.md#saga-core,Saga state/step/compensation/manual recovery 제품 구현과 Runtime이 없다,개발GPT 재개발 및 scenario 회귀 Test 후 QA 재검수,P03,공통 계약·표준 타입·보안·오류·Context,03-00000881,P03-CORE-SAGA-CORE,P02,CPF-GATE-03,SAGA-CORE,예,QA-12B-1,미통과,[SAGA-CORE] 중복 요청의 precondition/steps/expected/failure criteria를 cpf-core/src/main/java/com/cpf/core/api/workflow/CpfWorkflow.java;cpf-admin/frontend/openapi/cpf-openapi.json;cpf-core/src/test/java/com/cpf/core/api와 대조했다. 실제 Acceptance 실패: Saga state/step/compensation/manual recovery 제품 구현과 Runtime이 없다.,Saga state/step/compensation/manual recovery 제품 구현과 Runtime이 없다,미통과,cpf-docs/evidence/qa/QA_PARALLEL_12WAY_QA-12B_R5_f97655c/saga_review.md#saga-core
CPF-SC-000882,CPF-FR-004454,SAGA-CORE,P0,CORE,TIMEOUT_PRE,[SAGA-CORE] Side effect 전 Timeout,CPF Framework 개발자,최신 exact SHA; dependency delay,connect/header timeout,timeout 주입,retryable failure·side effect 0,UNKNOWN/성공 오인,Java25·적용 DB/Provider/Browser/Process 환경,Local/Remote·single/multi-instance 중 적용,source SHA·command·environment·start/end·exit code·pre/post state·report/artifact hash·sanitization,실패,f97655c1299936a1101bc3ec10239265ec3b502e,cpf-docs/evidence/qa/QA_PARALLEL_12WAY_QA-12B_R5_f97655c/saga_review.md#saga-core,Saga state/step/compensation/manual recovery 제품 구현과 Runtime이 없다,개발GPT 재개발 및 scenario 회귀 Test 후 QA 재검수,P03,공통 계약·표준 타입·보안·오류·Context,03-00000882,P03-CORE-SAGA-CORE,P02,CPF-GATE-03,SAGA-CORE,예,QA-12B-1,미통과,[SAGA-CORE] Side effect 전 Timeout의 precondition/steps/expected/failure criteria를 cpf-core/src/main/java/com/cpf/core/api/workflow/CpfWorkflow.java;cpf-admin/frontend/openapi/cpf-openapi.json;cpf-core/src/test/java/com/cpf/core/api와 대조했다. 실제 Acceptance 실패: Saga state/step/compensation/manual recovery 제품 구현과 Runtime이 없다.,Saga state/step/compensation/manual recovery 제품 구현과 Runtime이 없다,미통과,cpf-docs/evidence/qa/QA_PARALLEL_12WAY_QA-12B_R5_f97655c/saga_review.md#saga-core
CPF-SC-000883,CPF-FR-004454,SAGA-CORE,P0,CORE,RESPONSE_LOSS,[SAGA-CORE] Side effect 후 응답 유실,CPF Framework 개발자,최신 exact SHA; Owner commit,commit 후 reset,응답 차단,UNKNOWN·blind retry 금지·reconcile,자동 실패/무조건 retry,Java25·적용 DB/Provider/Browser/Process 환경,Local/Remote·single/multi-instance 중 적용,source SHA·command·environment·start/end·exit code·pre/post state·report/artifact hash·sanitization,실패,f97655c1299936a1101bc3ec10239265ec3b502e,cpf-docs/evidence/qa/QA_PARALLEL_12WAY_QA-12B_R5_f97655c/saga_review.md#saga-core,Saga state/step/compensation/manual recovery 제품 구현과 Runtime이 없다,개발GPT 재개발 및 scenario 회귀 Test 후 QA 재검수,P03,공통 계약·표준 타입·보안·오류·Context,03-00000883,P03-CORE-SAGA-CORE,P02,CPF-GATE-03,SAGA-CORE,예,QA-12B-1,미통과,[SAGA-CORE] Side effect 후 응답 유실의 precondition/steps/expected/failure criteria를 cpf-core/src/main/java/com/cpf/core/api/workflow/CpfWorkflow.java;cpf-admin/frontend/openapi/cpf-openapi.json;cpf-core/src/test/java/com/cpf/core/api와 대조했다. 실제 Acceptance 실패: Saga state/step/compensation/manual recovery 제품 구현과 Runtime이 없다.,Saga state/step/compensation/manual recovery 제품 구현과 Runtime이 없다,미통과,cpf-docs/evidence/qa/QA_PARALLEL_12WAY_QA-12B_R5_f97655c/saga_review.md#saga-core
CPF-SC-000884,CPF-FR-004454,SAGA-CORE,P0,CORE,PARTIAL,[SAGA-CORE] 부분 실패,CPF Framework 개발자,최신 exact SHA; 다중 대상/항목,일부 target failure,group 실행,개별 성공/실패/unknown 보존,전체 성공/실패로 축약,Java25·적용 DB/Provider/Browser/Process 환경,Local/Remote·single/multi-instance 중 적용,source SHA·command·environment·start/end·exit code·pre/post state·report/artifact hash·sanitization,실패,f97655c1299936a1101bc3ec10239265ec3b502e,cpf-docs/evidence/qa/QA_PARALLEL_12WAY_QA-12B_R5_f97655c/saga_review.md#saga-core,Saga state/step/compensation/manual recovery 제품 구현과 Runtime이 없다,개발GPT 재개발 및 scenario 회귀 Test 후 QA 재검수,P03,공통 계약·표준 타입·보안·오류·Context,03-00000884,P03-CORE-SAGA-CORE,P02,CPF-GATE-03,SAGA-CORE,예,QA-12B-1,미통과,[SAGA-CORE] 부분 실패의 precondition/steps/expected/failure criteria를 cpf-core/src/main/java/com/cpf/core/api/workflow/CpfWorkflow.java;cpf-admin/frontend/openapi/cpf-openapi.json;cpf-core/src/test/java/com/cpf/core/api와 대조했다. 실제 Acceptance 실패: Saga state/step/compensation/manual recovery 제품 구현과 Runtime이 없다.,Saga state/step/compensation/manual recovery 제품 구현과 Runtime이 없다,미통과,cpf-docs/evidence/qa/QA_PARALLEL_12WAY_QA-12B_R5_f97655c/saga_review.md#saga-core
CPF-SC-000885,CPF-FR-004454,SAGA-CORE,P0,CORE,PROCESS_KILL,[SAGA-CORE] Process Kill·Restart,CPF Framework 개발자,최신 exact SHA; durable state,worker kill,claim/apply 후 종료·재기동,lease 회수·stale fencing·복구,고아 상태·중복,Java25·적용 DB/Provider/Browser/Process 환경,Local/Remote·single/multi-instance 중 적용,source SHA·command·environment·start/end·exit code·pre/post state·report/artifact hash·sanitization,실패,f97655c1299936a1101bc3ec10239265ec3b502e,cpf-docs/evidence/qa/QA_PARALLEL_12WAY_QA-12B_R5_f97655c/saga_review.md#saga-core,Saga state/step/compensation/manual recovery 제품 구현과 Runtime이 없다,개발GPT 재개발 및 scenario 회귀 Test 후 QA 재검수,P03,공통 계약·표준 타입·보안·오류·Context,03-00000885,P03-CORE-SAGA-CORE,P02,CPF-GATE-03,SAGA-CORE,예,QA-12B-1,미통과,[SAGA-CORE] Process Kill·Restart의 precondition/steps/expected/failure criteria를 cpf-core/src/main/java/com/cpf/core/api/workflow/CpfWorkflow.java;cpf-admin/frontend/openapi/cpf-openapi.json;cpf-core/src/test/java/com/cpf/core/api와 대조했다. 실제 Acceptance 실패: Saga state/step/compensation/manual recovery 제품 구현과 Runtime이 없다.,Saga state/step/compensation/manual recovery 제품 구현과 Runtime이 없다,미통과,cpf-docs/evidence/qa/QA_PARALLEL_12WAY_QA-12B_R5_f97655c/saga_review.md#saga-core
CPF-SC-000886,CPF-FR-004454,SAGA-CORE,P0,CORE,MULTI_INSTANCE,[SAGA-CORE] 다중 Instance,CPF Framework 개발자,최신 exact SHA; 2개 이상,공유 DB/queue,동시 처리·failover·rejoin,version/state 일치·중복 0,local state 의존,Java25·적용 DB/Provider/Browser/Process 환경,Local/Remote·single/multi-instance 중 적용,source SHA·command·environment·start/end·exit code·pre/post state·report/artifact hash·sanitization,실패,f97655c1299936a1101bc3ec10239265ec3b502e,cpf-docs/evidence/qa/QA_PARALLEL_12WAY_QA-12B_R5_f97655c/saga_review.md#saga-core,Saga state/step/compensation/manual recovery 제품 구현과 Runtime이 없다,개발GPT 재개발 및 scenario 회귀 Test 후 QA 재검수,P03,공통 계약·표준 타입·보안·오류·Context,03-00000886,P03-CORE-SAGA-CORE,P02,CPF-GATE-03,SAGA-CORE,예,QA-12B-1,미통과,[SAGA-CORE] 다중 Instance의 precondition/steps/expected/failure criteria를 cpf-core/src/main/java/com/cpf/core/api/workflow/CpfWorkflow.java;cpf-admin/frontend/openapi/cpf-openapi.json;cpf-core/src/test/java/com/cpf/core/api와 대조했다. 실제 Acceptance 실패: Saga state/step/compensation/manual recovery 제품 구현과 Runtime이 없다.,Saga state/step/compensation/manual recovery 제품 구현과 Runtime이 없다,미통과,cpf-docs/evidence/qa/QA_PARALLEL_12WAY_QA-12B_R5_f97655c/saga_review.md#saga-core
CPF-SC-000887,CPF-FR-004454,SAGA-CORE,P0,CORE,ROLLBACK,[SAGA-CORE] Rollback/Forward Recovery,CPF Framework 개발자,최신 exact SHA; 변경 전 snapshot,적용 후 결함,rollback/forward fix,데이터 보존·actual 일치·audit,부분 rollback·drift,Java25·적용 DB/Provider/Browser/Process 환경,Local/Remote·single/multi-instance 중 적용,source SHA·command·environment·start/end·exit code·pre/post state·report/artifact hash·sanitization,실패,f97655c1299936a1101bc3ec10239265ec3b502e,cpf-docs/evidence/qa/QA_PARALLEL_12WAY_QA-12B_R5_f97655c/saga_review.md#saga-core,Saga state/step/compensation/manual recovery 제품 구현과 Runtime이 없다,개발GPT 재개발 및 scenario 회귀 Test 후 QA 재검수,P03,공통 계약·표준 타입·보안·오류·Context,03-00000887,P03-CORE-SAGA-CORE,P02,CPF-GATE-03,SAGA-CORE,예,QA-12B-1,미통과,[SAGA-CORE] Rollback/Forward Recovery의 precondition/steps/expected/failure criteria를 cpf-core/src/main/java/com/cpf/core/api/workflow/CpfWorkflow.java;cpf-admin/frontend/openapi/cpf-openapi.json;cpf-core/src/test/java/com/cpf/core/api와 대조했다. 실제 Acceptance 실패: Saga state/step/compensation/manual recovery 제품 구현과 Runtime이 없다.,Saga state/step/compensation/manual recovery 제품 구현과 Runtime이 없다,미통과,cpf-docs/evidence/qa/QA_PARALLEL_12WAY_QA-12B_R5_f97655c/saga_review.md#saga-core
CPF-SC-000888,CPF-FR-004454,SAGA-CORE,P0,CORE,SECURITY_LEAK,[SAGA-CORE] 민감정보 누출,CPF Framework 개발자,최신 exact SHA; PII/Secret fixture,오류·Log·UI·Download,정상/실패 실행,원문 0 또는 승인 범위,Log/DOM/Storage/Evidence 원문,Java25·적용 DB/Provider/Browser/Process 환경,Local/Remote·single/multi-instance 중 적용,source SHA·command·environment·start/end·exit code·pre/post state·report/artifact hash·sanitization,실패,f97655c1299936a1101bc3ec10239265ec3b502e,cpf-docs/evidence/qa/QA_PARALLEL_12WAY_QA-12B_R5_f97655c/saga_review.md#saga-core,Saga state/step/compensation/manual recovery 제품 구현과 Runtime이 없다,개발GPT 재개발 및 scenario 회귀 Test 후 QA 재검수,P03,공통 계약·표준 타입·보안·오류·Context,03-00000888,P03-CORE-SAGA-CORE,P02,CPF-GATE-03,SAGA-CORE,예,QA-12B-1,미통과,[SAGA-CORE] 민감정보 누출의 precondition/steps/expected/failure criteria를 cpf-core/src/main/java/com/cpf/core/api/workflow/CpfWorkflow.java;cpf-admin/frontend/openapi/cpf-openapi.json;cpf-core/src/test/java/com/cpf/core/api와 대조했다. 실제 Acceptance 실패: Saga state/step/compensation/manual recovery 제품 구현과 Runtime이 없다.,Saga state/step/compensation/manual recovery 제품 구현과 Runtime이 없다,미통과,cpf-docs/evidence/qa/QA_PARALLEL_12WAY_QA-12B_R5_f97655c/saga_review.md#saga-core
CPF-SC-000889,CPF-FR-004515,SAGA-COMP,P0,CORE,POSITIVE,[SAGA-COMP] 정상 수직 흐름,CPF Framework 개발자,최신 exact SHA; 유효 입력과 권한,정상 데이터,요청→검증→처리→저장/전달→응답→감사,정상 상태·side effect·tracking 일치,Mock-only 또는 Consumer 미호출,Java25·적용 DB/Provider/Browser/Process 환경,Local/Remote·single/multi-instance 중 적용,source SHA·command·environment·start/end·exit code·pre/post state·report/artifact hash·sanitization,실패,f97655c1299936a1101bc3ec10239265ec3b502e,cpf-docs/evidence/qa/QA_PARALLEL_12WAY_QA-12B_R5_f97655c/saga_review.md#saga-comp,Saga state/step/compensation/manual recovery 제품 구현과 Runtime이 없다,개발GPT 재개발 및 scenario 회귀 Test 후 QA 재검수,P03,공통 계약·표준 타입·보안·오류·Context,03-00000889,P03-CORE-SAGA-COMP,P02,CPF-GATE-03,SAGA-COMP,예,QA-12B-1,미통과,[SAGA-COMP] 정상 수직 흐름의 precondition/steps/expected/failure criteria를 cpf-core/src/main/java/com/cpf/core/api/workflow/CpfWorkflow.java;cpf-admin/frontend/openapi/cpf-openapi.json;cpf-core/src/test/java/com/cpf/core/api와 대조했다. 실제 Acceptance 실패: Saga state/step/compensation/manual recovery 제품 구현과 Runtime이 없다.,Saga state/step/compensation/manual recovery 제품 구현과 Runtime이 없다,미통과,cpf-docs/evidence/qa/QA_PARALLEL_12WAY_QA-12B_R5_f97655c/saga_review.md#saga-comp
CPF-SC-000890,CPF-FR-004515,SAGA-COMP,P0,CORE,INVALID,[SAGA-COMP] 입력·경계 오류,CPF Framework 개발자,최신 exact SHA; 유효 Session,invalid/empty/oversize/unknown enum,각 invalid 제출,표준 field/path 오류·side effect 0,500/raw exception/부분 저장,Java25·적용 DB/Provider/Browser/Process 환경,Local/Remote·single/multi-instance 중 적용,source SHA·command·environment·start/end·exit code·pre/post state·report/artifact hash·sanitization,실패,f97655c1299936a1101bc3ec10239265ec3b502e,cpf-docs/evidence/qa/QA_PARALLEL_12WAY_QA-12B_R5_f97655c/saga_review.md#saga-comp,Saga state/step/compensation/manual recovery 제품 구현과 Runtime이 없다,개발GPT 재개발 및 scenario 회귀 Test 후 QA 재검수,P03,공통 계약·표준 타입·보안·오류·Context,03-00000890,P03-CORE-SAGA-COMP,P02,CPF-GATE-03,SAGA-COMP,예,QA-12B-1,미통과,[SAGA-COMP] 입력·경계 오류의 precondition/steps/expected/failure criteria를 cpf-core/src/main/java/com/cpf/core/api/workflow/CpfWorkflow.java;cpf-admin/frontend/openapi/cpf-openapi.json;cpf-core/src/test/java/com/cpf/core/api와 대조했다. 실제 Acceptance 실패: Saga state/step/compensation/manual recovery 제품 구현과 Runtime이 없다.,Saga state/step/compensation/manual recovery 제품 구현과 Runtime이 없다,미통과,cpf-docs/evidence/qa/QA_PARALLEL_12WAY_QA-12B_R5_f97655c/saga_review.md#saga-comp
CPF-SC-000891,CPF-FR-004515,SAGA-COMP,P0,CORE,UNAUTHORIZED,[SAGA-COMP] 미인증·권한 부족,CPF Framework 개발자,최신 exact SHA; 권한 없는 principal,401/403 대상,UI 직접 URL/API/Method 호출,Server 거부·Audit·민감정보 0,버튼만 숨김/default allow,Java25·적용 DB/Provider/Browser/Process 환경,Local/Remote·single/multi-instance 중 적용,source SHA·command·environment·start/end·exit code·pre/post state·report/artifact hash·sanitization,실패,f97655c1299936a1101bc3ec10239265ec3b502e,cpf-docs/evidence/qa/QA_PARALLEL_12WAY_QA-12B_R5_f97655c/saga_review.md#saga-comp,Saga state/step/compensation/manual recovery 제품 구현과 Runtime이 없다,개발GPT 재개발 및 scenario 회귀 Test 후 QA 재검수,P03,공통 계약·표준 타입·보안·오류·Context,03-00000891,P03-CORE-SAGA-COMP,P02,CPF-GATE-03,SAGA-COMP,예,QA-12B-1,미통과,[SAGA-COMP] 미인증·권한 부족의 precondition/steps/expected/failure criteria를 cpf-core/src/main/java/com/cpf/core/api/workflow/CpfWorkflow.java;cpf-admin/frontend/openapi/cpf-openapi.json;cpf-core/src/test/java/com/cpf/core/api와 대조했다. 실제 Acceptance 실패: Saga state/step/compensation/manual recovery 제품 구현과 Runtime이 없다.,Saga state/step/compensation/manual recovery 제품 구현과 Runtime이 없다,미통과,cpf-docs/evidence/qa/QA_PARALLEL_12WAY_QA-12B_R5_f97655c/saga_review.md#saga-comp
CPF-SC-000892,CPF-FR-004515,SAGA-COMP,P0,CORE,CONFLICT,[SAGA-COMP] Version·Hash 충돌,CPF Framework 개발자,최신 exact SHA; 기존 version,stale expectedVersion/다른 hash,동시/재시도 요청,409·기존 결과 보존·lost update 0,후행 요청 덮어씀,Java25·적용 DB/Provider/Browser/Process 환경,Local/Remote·single/multi-instance 중 적용,source SHA·command·environment·start/end·exit code·pre/post state·report/artifact hash·sanitization,실패,f97655c1299936a1101bc3ec10239265ec3b502e,cpf-docs/evidence/qa/QA_PARALLEL_12WAY_QA-12B_R5_f97655c/saga_review.md#saga-comp,Saga state/step/compensation/manual recovery 제품 구현과 Runtime이 없다,개발GPT 재개발 및 scenario 회귀 Test 후 QA 재검수,P03,공통 계약·표준 타입·보안·오류·Context,03-00000892,P03-CORE-SAGA-COMP,P02,CPF-GATE-03,SAGA-COMP,예,QA-12B-1,미통과,[SAGA-COMP] Version·Hash 충돌의 precondition/steps/expected/failure criteria를 cpf-core/src/main/java/com/cpf/core/api/workflow/CpfWorkflow.java;cpf-admin/frontend/openapi/cpf-openapi.json;cpf-core/src/test/java/com/cpf/core/api와 대조했다. 실제 Acceptance 실패: Saga state/step/compensation/manual recovery 제품 구현과 Runtime이 없다.,Saga state/step/compensation/manual recovery 제품 구현과 Runtime이 없다,미통과,cpf-docs/evidence/qa/QA_PARALLEL_12WAY_QA-12B_R5_f97655c/saga_review.md#saga-comp
CPF-SC-000893,CPF-FR-004515,SAGA-COMP,P0,CORE,DUPLICATE,[SAGA-COMP] 중복 요청,CPF Framework 개발자,최신 exact SHA; 같은 operationId,동일/상이 payload,동시·순차 중복,"동일 replay, 다른 payload conflict",side effect 2회,Java25·적용 DB/Provider/Browser/Process 환경,Local/Remote·single/multi-instance 중 적용,source SHA·command·environment·start/end·exit code·pre/post state·report/artifact hash·sanitization,실패,f97655c1299936a1101bc3ec10239265ec3b502e,cpf-docs/evidence/qa/QA_PARALLEL_12WAY_QA-12B_R5_f97655c/saga_review.md#saga-comp,Saga state/step/compensation/manual recovery 제품 구현과 Runtime이 없다,개발GPT 재개발 및 scenario 회귀 Test 후 QA 재검수,P03,공통 계약·표준 타입·보안·오류·Context,03-00000893,P03-CORE-SAGA-COMP,P02,CPF-GATE-03,SAGA-COMP,예,QA-12B-1,미통과,[SAGA-COMP] 중복 요청의 precondition/steps/expected/failure criteria를 cpf-core/src/main/java/com/cpf/core/api/workflow/CpfWorkflow.java;cpf-admin/frontend/openapi/cpf-openapi.json;cpf-core/src/test/java/com/cpf/core/api와 대조했다. 실제 Acceptance 실패: Saga state/step/compensation/manual recovery 제품 구현과 Runtime이 없다.,Saga state/step/compensation/manual recovery 제품 구현과 Runtime이 없다,미통과,cpf-docs/evidence/qa/QA_PARALLEL_12WAY_QA-12B_R5_f97655c/saga_review.md#saga-comp
CPF-SC-000894,CPF-FR-004515,SAGA-COMP,P0,CORE,TIMEOUT_PRE,[SAGA-COMP] Side effect 전 Timeout,CPF Framework 개발자,최신 exact SHA; dependency delay,connect/header timeout,timeout 주입,retryable failure·side effect 0,UNKNOWN/성공 오인,Java25·적용 DB/Provider/Browser/Process 환경,Local/Remote·single/multi-instance 중 적용,source SHA·command·environment·start/end·exit code·pre/post state·report/artifact hash·sanitization,실패,f97655c1299936a1101bc3ec10239265ec3b502e,cpf-docs/evidence/qa/QA_PARALLEL_12WAY_QA-12B_R5_f97655c/saga_review.md#saga-comp,Saga state/step/compensation/manual recovery 제품 구현과 Runtime이 없다,개발GPT 재개발 및 scenario 회귀 Test 후 QA 재검수,P03,공통 계약·표준 타입·보안·오류·Context,03-00000894,P03-CORE-SAGA-COMP,P02,CPF-GATE-03,SAGA-COMP,예,QA-12B-1,미통과,[SAGA-COMP] Side effect 전 Timeout의 precondition/steps/expected/failure criteria를 cpf-core/src/main/java/com/cpf/core/api/workflow/CpfWorkflow.java;cpf-admin/frontend/openapi/cpf-openapi.json;cpf-core/src/test/java/com/cpf/core/api와 대조했다. 실제 Acceptance 실패: Saga state/step/compensation/manual recovery 제품 구현과 Runtime이 없다.,Saga state/step/compensation/manual recovery 제품 구현과 Runtime이 없다,미통과,cpf-docs/evidence/qa/QA_PARALLEL_12WAY_QA-12B_R5_f97655c/saga_review.md#saga-comp
CPF-SC-000895,CPF-FR-004515,SAGA-COMP,P0,CORE,RESPONSE_LOSS,[SAGA-COMP] Side effect 후 응답 유실,CPF Framework 개발자,최신 exact SHA; Owner commit,commit 후 reset,응답 차단,UNKNOWN·blind retry 금지·reconcile,자동 실패/무조건 retry,Java25·적용 DB/Provider/Browser/Process 환경,Local/Remote·single/multi-instance 중 적용,source SHA·command·environment·start/end·exit code·pre/post state·report/artifact hash·sanitization,실패,f97655c1299936a1101bc3ec10239265ec3b502e,cpf-docs/evidence/qa/QA_PARALLEL_12WAY_QA-12B_R5_f97655c/saga_review.md#saga-comp,Saga state/step/compensation/manual recovery 제품 구현과 Runtime이 없다,개발GPT 재개발 및 scenario 회귀 Test 후 QA 재검수,P03,공통 계약·표준 타입·보안·오류·Context,03-00000895,P03-CORE-SAGA-COMP,P02,CPF-GATE-03,SAGA-COMP,예,QA-12B-1,미통과,[SAGA-COMP] Side effect 후 응답 유실의 precondition/steps/expected/failure criteria를 cpf-core/src/main/java/com/cpf/core/api/workflow/CpfWorkflow.java;cpf-admin/frontend/openapi/cpf-openapi.json;cpf-core/src/test/java/com/cpf/core/api와 대조했다. 실제 Acceptance 실패: Saga state/step/compensation/manual recovery 제품 구현과 Runtime이 없다.,Saga state/step/compensation/manual recovery 제품 구현과 Runtime이 없다,미통과,cpf-docs/evidence/qa/QA_PARALLEL_12WAY_QA-12B_R5_f97655c/saga_review.md#saga-comp
CPF-SC-000896,CPF-FR-004515,SAGA-COMP,P0,CORE,PARTIAL,[SAGA-COMP] 부분 실패,CPF Framework 개발자,최신 exact SHA; 다중 대상/항목,일부 target failure,group 실행,개별 성공/실패/unknown 보존,전체 성공/실패로 축약,Java25·적용 DB/Provider/Browser/Process 환경,Local/Remote·single/multi-instance 중 적용,source SHA·command·environment·start/end·exit code·pre/post state·report/artifact hash·sanitization,실패,f97655c1299936a1101bc3ec10239265ec3b502e,cpf-docs/evidence/qa/QA_PARALLEL_12WAY_QA-12B_R5_f97655c/saga_review.md#saga-comp,Saga state/step/compensation/manual recovery 제품 구현과 Runtime이 없다,개발GPT 재개발 및 scenario 회귀 Test 후 QA 재검수,P03,공통 계약·표준 타입·보안·오류·Context,03-00000896,P03-CORE-SAGA-COMP,P02,CPF-GATE-03,SAGA-COMP,예,QA-12B-1,미통과,[SAGA-COMP] 부분 실패의 precondition/steps/expected/failure criteria를 cpf-core/src/main/java/com/cpf/core/api/workflow/CpfWorkflow.java;cpf-admin/frontend/openapi/cpf-openapi.json;cpf-core/src/test/java/com/cpf/core/api와 대조했다. 실제 Acceptance 실패: Saga state/step/compensation/manual recovery 제품 구현과 Runtime이 없다.,Saga state/step/compensation/manual recovery 제품 구현과 Runtime이 없다,미통과,cpf-docs/evidence/qa/QA_PARALLEL_12WAY_QA-12B_R5_f97655c/saga_review.md#saga-comp
CPF-SC-000897,CPF-FR-004515,SAGA-COMP,P0,CORE,PROCESS_KILL,[SAGA-COMP] Process Kill·Restart,CPF Framework 개발자,최신 exact SHA; durable state,worker kill,claim/apply 후 종료·재기동,lease 회수·stale fencing·복구,고아 상태·중복,Java25·적용 DB/Provider/Browser/Process 환경,Local/Remote·single/multi-instance 중 적용,source SHA·command·environment·start/end·exit code·pre/post state·report/artifact hash·sanitization,실패,f97655c1299936a1101bc3ec10239265ec3b502e,cpf-docs/evidence/qa/QA_PARALLEL_12WAY_QA-12B_R5_f97655c/saga_review.md#saga-comp,Saga state/step/compensation/manual recovery 제품 구현과 Runtime이 없다,개발GPT 재개발 및 scenario 회귀 Test 후 QA 재검수,P03,공통 계약·표준 타입·보안·오류·Context,03-00000897,P03-CORE-SAGA-COMP,P02,CPF-GATE-03,SAGA-COMP,예,QA-12B-1,미통과,[SAGA-COMP] Process Kill·Restart의 precondition/steps/expected/failure criteria를 cpf-core/src/main/java/com/cpf/core/api/workflow/CpfWorkflow.java;cpf-admin/frontend/openapi/cpf-openapi.json;cpf-core/src/test/java/com/cpf/core/api와 대조했다. 실제 Acceptance 실패: Saga state/step/compensation/manual recovery 제품 구현과 Runtime이 없다.,Saga state/step/compensation/manual recovery 제품 구현과 Runtime이 없다,미통과,cpf-docs/evidence/qa/QA_PARALLEL_12WAY_QA-12B_R5_f97655c/saga_review.md#saga-comp
CPF-SC-000898,CPF-FR-004515,SAGA-COMP,P0,CORE,MULTI_INSTANCE,[SAGA-COMP] 다중 Instance,CPF Framework 개발자,최신 exact SHA; 2개 이상,공유 DB/queue,동시 처리·failover·rejoin,version/state 일치·중복 0,local state 의존,Java25·적용 DB/Provider/Browser/Process 환경,Local/Remote·single/multi-instance 중 적용,source SHA·command·environment·start/end·exit code·pre/post state·report/artifact hash·sanitization,실패,f97655c1299936a1101bc3ec10239265ec3b502e,cpf-docs/evidence/qa/QA_PARALLEL_12WAY_QA-12B_R5_f97655c/saga_review.md#saga-comp,Saga state/step/compensation/manual recovery 제품 구현과 Runtime이 없다,개발GPT 재개발 및 scenario 회귀 Test 후 QA 재검수,P03,공통 계약·표준 타입·보안·오류·Context,03-00000898,P03-CORE-SAGA-COMP,P02,CPF-GATE-03,SAGA-COMP,예,QA-12B-1,미통과,[SAGA-COMP] 다중 Instance의 precondition/steps/expected/failure criteria를 cpf-core/src/main/java/com/cpf/core/api/workflow/CpfWorkflow.java;cpf-admin/frontend/openapi/cpf-openapi.json;cpf-core/src/test/java/com/cpf/core/api와 대조했다. 실제 Acceptance 실패: Saga state/step/compensation/manual recovery 제품 구현과 Runtime이 없다.,Saga state/step/compensation/manual recovery 제품 구현과 Runtime이 없다,미통과,cpf-docs/evidence/qa/QA_PARALLEL_12WAY_QA-12B_R5_f97655c/saga_review.md#saga-comp
CPF-SC-000899,CPF-FR-004515,SAGA-COMP,P0,CORE,ROLLBACK,[SAGA-COMP] Rollback/Forward Recovery,CPF Framework 개발자,최신 exact SHA; 변경 전 snapshot,적용 후 결함,rollback/forward fix,데이터 보존·actual 일치·audit,부분 rollback·drift,Java25·적용 DB/Provider/Browser/Process 환경,Local/Remote·single/multi-instance 중 적용,source SHA·command·environment·start/end·exit code·pre/post state·report/artifact hash·sanitization,실패,f97655c1299936a1101bc3ec10239265ec3b502e,cpf-docs/evidence/qa/QA_PARALLEL_12WAY_QA-12B_R5_f97655c/saga_review.md#saga-comp,Saga state/step/compensation/manual recovery 제품 구현과 Runtime이 없다,개발GPT 재개발 및 scenario 회귀 Test 후 QA 재검수,P03,공통 계약·표준 타입·보안·오류·Context,03-00000899,P03-CORE-SAGA-COMP,P02,CPF-GATE-03,SAGA-COMP,예,QA-12B-1,미통과,[SAGA-COMP] Rollback/Forward Recovery의 precondition/steps/expected/failure criteria를 cpf-core/src/main/java/com/cpf/core/api/workflow/CpfWorkflow.java;cpf-admin/frontend/openapi/cpf-openapi.json;cpf-core/src/test/java/com/cpf/core/api와 대조했다. 실제 Acceptance 실패: Saga state/step/compensation/manual recovery 제품 구현과 Runtime이 없다.,Saga state/step/compensation/manual recovery 제품 구현과 Runtime이 없다,미통과,cpf-docs/evidence/qa/QA_PARALLEL_12WAY_QA-12B_R5_f97655c/saga_review.md#saga-comp
CPF-SC-000900,CPF-FR-004515,SAGA-COMP,P0,CORE,SECURITY_LEAK,[SAGA-COMP] 민감정보 누출,CPF Framework 개발자,최신 exact SHA; PII/Secret fixture,오류·Log·UI·Download,정상/실패 실행,원문 0 또는 승인 범위,Log/DOM/Storage/Evidence 원문,Java25·적용 DB/Provider/Browser/Process 환경,Local/Remote·single/multi-instance 중 적용,source SHA·command·environment·start/end·exit code·pre/post state·report/artifact hash·sanitization,실패,f97655c1299936a1101bc3ec10239265ec3b502e,cpf-docs/evidence/qa/QA_PARALLEL_12WAY_QA-12B_R5_f97655c/saga_review.md#saga-comp,Saga state/step/compensation/manual recovery 제품 구현과 Runtime이 없다,개발GPT 재개발 및 scenario 회귀 Test 후 QA 재검수,P03,공통 계약·표준 타입·보안·오류·Context,03-00000900,P03-CORE-SAGA-COMP,P02,CPF-GATE-03,SAGA-COMP,예,QA-12B-1,미통과,[SAGA-COMP] 민감정보 누출의 precondition/steps/expected/failure criteria를 cpf-core/src/main/java/com/cpf/core/api/workflow/CpfWorkflow.java;cpf-admin/frontend/openapi/cpf-openapi.json;cpf-core/src/test/java/com/cpf/core/api와 대조했다. 실제 Acceptance 실패: Saga state/step/compensation/manual recovery 제품 구현과 Runtime이 없다.,Saga state/step/compensation/manual recovery 제품 구현과 Runtime이 없다,미통과,cpf-docs/evidence/qa/QA_PARALLEL_12WAY_QA-12B_R5_f97655c/saga_review.md#saga-comp
CPF-SC-000901,CPF-FR-004576,SAGA-MANUAL,P0,CORE,POSITIVE,[SAGA-MANUAL] 정상 수직 흐름,CPF Framework 개발자,최신 exact SHA; 유효 입력과 권한,정상 데이터,요청→검증→처리→저장/전달→응답→감사,정상 상태·side effect·tracking 일치,Mock-only 또는 Consumer 미호출,Java25·적용 DB/Provider/Browser/Process 환경,Local/Remote·single/multi-instance 중 적용,source SHA·command·environment·start/end·exit code·pre/post state·report/artifact hash·sanitization,실패,f97655c1299936a1101bc3ec10239265ec3b502e,cpf-docs/evidence/qa/QA_PARALLEL_12WAY_QA-12B_R5_f97655c/saga_review.md#saga-manual,Saga state/step/compensation/manual recovery 제품 구현과 Runtime이 없다,개발GPT 재개발 및 scenario 회귀 Test 후 QA 재검수,P03,공통 계약·표준 타입·보안·오류·Context,03-00000901,P03-CORE-SAGA-MANUAL,P02,CPF-GATE-03,SAGA-MANUAL,예,QA-12B-1,미통과,[SAGA-MANUAL] 정상 수직 흐름의 precondition/steps/expected/failure criteria를 cpf-core/src/main/java/com/cpf/core/api/workflow/CpfWorkflow.java;cpf-admin/frontend/openapi/cpf-openapi.json;cpf-core/src/test/java/com/cpf/core/api와 대조했다. 실제 Acceptance 실패: Saga state/step/compensation/manual recovery 제품 구현과 Runtime이 없다.,Saga state/step/compensation/manual recovery 제품 구현과 Runtime이 없다,미통과,cpf-docs/evidence/qa/QA_PARALLEL_12WAY_QA-12B_R5_f97655c/saga_review.md#saga-manual
CPF-SC-000902,CPF-FR-004576,SAGA-MANUAL,P0,CORE,INVALID,[SAGA-MANUAL] 입력·경계 오류,CPF Framework 개발자,최신 exact SHA; 유효 Session,invalid/empty/oversize/unknown enum,각 invalid 제출,표준 field/path 오류·side effect 0,500/raw exception/부분 저장,Java25·적용 DB/Provider/Browser/Process 환경,Local/Remote·single/multi-instance 중 적용,source SHA·command·environment·start/end·exit code·pre/post state·report/artifact hash·sanitization,실패,f97655c1299936a1101bc3ec10239265ec3b502e,cpf-docs/evidence/qa/QA_PARALLEL_12WAY_QA-12B_R5_f97655c/saga_review.md#saga-manual,Saga state/step/compensation/manual recovery 제품 구현과 Runtime이 없다,개발GPT 재개발 및 scenario 회귀 Test 후 QA 재검수,P03,공통 계약·표준 타입·보안·오류·Context,03-00000902,P03-CORE-SAGA-MANUAL,P02,CPF-GATE-03,SAGA-MANUAL,예,QA-12B-1,미통과,[SAGA-MANUAL] 입력·경계 오류의 precondition/steps/expected/failure criteria를 cpf-core/src/main/java/com/cpf/core/api/workflow/CpfWorkflow.java;cpf-admin/frontend/openapi/cpf-openapi.json;cpf-core/src/test/java/com/cpf/core/api와 대조했다. 실제 Acceptance 실패: Saga state/step/compensation/manual recovery 제품 구현과 Runtime이 없다.,Saga state/step/compensation/manual recovery 제품 구현과 Runtime이 없다,미통과,cpf-docs/evidence/qa/QA_PARALLEL_12WAY_QA-12B_R5_f97655c/saga_review.md#saga-manual
CPF-SC-000903,CPF-FR-004576,SAGA-MANUAL,P0,CORE,UNAUTHORIZED,[SAGA-MANUAL] 미인증·권한 부족,CPF Framework 개발자,최신 exact SHA; 권한 없는 principal,401/403 대상,UI 직접 URL/API/Method 호출,Server 거부·Audit·민감정보 0,버튼만 숨김/default allow,Java25·적용 DB/Provider/Browser/Process 환경,Local/Remote·single/multi-instance 중 적용,source SHA·command·environment·start/end·exit code·pre/post state·report/artifact hash·sanitization,실패,f97655c1299936a1101bc3ec10239265ec3b502e,cpf-docs/evidence/qa/QA_PARALLEL_12WAY_QA-12B_R5_f97655c/saga_review.md#saga-manual,Saga state/step/compensation/manual recovery 제품 구현과 Runtime이 없다,개발GPT 재개발 및 scenario 회귀 Test 후 QA 재검수,P03,공통 계약·표준 타입·보안·오류·Context,03-00000903,P03-CORE-SAGA-MANUAL,P02,CPF-GATE-03,SAGA-MANUAL,예,QA-12B-1,미통과,[SAGA-MANUAL] 미인증·권한 부족의 precondition/steps/expected/failure criteria를 cpf-core/src/main/java/com/cpf/core/api/workflow/CpfWorkflow.java;cpf-admin/frontend/openapi/cpf-openapi.json;cpf-core/src/test/java/com/cpf/core/api와 대조했다. 실제 Acceptance 실패: Saga state/step/compensation/manual recovery 제품 구현과 Runtime이 없다.,Saga state/step/compensation/manual recovery 제품 구현과 Runtime이 없다,미통과,cpf-docs/evidence/qa/QA_PARALLEL_12WAY_QA-12B_R5_f97655c/saga_review.md#saga-manual
CPF-SC-000904,CPF-FR-004576,SAGA-MANUAL,P0,CORE,CONFLICT,[SAGA-MANUAL] Version·Hash 충돌,CPF Framework 개발자,최신 exact SHA; 기존 version,stale expectedVersion/다른 hash,동시/재시도 요청,409·기존 결과 보존·lost update 0,후행 요청 덮어씀,Java25·적용 DB/Provider/Browser/Process 환경,Local/Remote·single/multi-instance 중 적용,source SHA·command·environment·start/end·exit code·pre/post state·report/artifact hash·sanitization,실패,f97655c1299936a1101bc3ec10239265ec3b502e,cpf-docs/evidence/qa/QA_PARALLEL_12WAY_QA-12B_R5_f97655c/saga_review.md#saga-manual,Saga state/step/compensation/manual recovery 제품 구현과 Runtime이 없다,개발GPT 재개발 및 scenario 회귀 Test 후 QA 재검수,P03,공통 계약·표준 타입·보안·오류·Context,03-00000904,P03-CORE-SAGA-MANUAL,P02,CPF-GATE-03,SAGA-MANUAL,예,QA-12B-1,미통과,[SAGA-MANUAL] Version·Hash 충돌의 precondition/steps/expected/failure criteria를 cpf-core/src/main/java/com/cpf/core/api/workflow/CpfWorkflow.java;cpf-admin/frontend/openapi/cpf-openapi.json;cpf-core/src/test/java/com/cpf/core/api와 대조했다. 실제 Acceptance 실패: Saga state/step/compensation/manual recovery 제품 구현과 Runtime이 없다.,Saga state/step/compensation/manual recovery 제품 구현과 Runtime이 없다,미통과,cpf-docs/evidence/qa/QA_PARALLEL_12WAY_QA-12B_R5_f97655c/saga_review.md#saga-manual
CPF-SC-000905,CPF-FR-004576,SAGA-MANUAL,P0,CORE,DUPLICATE,[SAGA-MANUAL] 중복 요청,CPF Framework 개발자,최신 exact SHA; 같은 operationId,동일/상이 payload,동시·순차 중복,"동일 replay, 다른 payload conflict",side effect 2회,Java25·적용 DB/Provider/Browser/Process 환경,Local/Remote·single/multi-instance 중 적용,source SHA·command·environment·start/end·exit code·pre/post state·report/artifact hash·sanitization,실패,f97655c1299936a1101bc3ec10239265ec3b502e,cpf-docs/evidence/qa/QA_PARALLEL_12WAY_QA-12B_R5_f97655c/saga_review.md#saga-manual,Saga state/step/compensation/manual recovery 제품 구현과 Runtime이 없다,개발GPT 재개발 및 scenario 회귀 Test 후 QA 재검수,P03,공통 계약·표준 타입·보안·오류·Context,03-00000905,P03-CORE-SAGA-MANUAL,P02,CPF-GATE-03,SAGA-MANUAL,예,QA-12B-1,미통과,[SAGA-MANUAL] 중복 요청의 precondition/steps/expected/failure criteria를 cpf-core/src/main/java/com/cpf/core/api/workflow/CpfWorkflow.java;cpf-admin/frontend/openapi/cpf-openapi.json;cpf-core/src/test/java/com/cpf/core/api와 대조했다. 실제 Acceptance 실패: Saga state/step/compensation/manual recovery 제품 구현과 Runtime이 없다.,Saga state/step/compensation/manual recovery 제품 구현과 Runtime이 없다,미통과,cpf-docs/evidence/qa/QA_PARALLEL_12WAY_QA-12B_R5_f97655c/saga_review.md#saga-manual
CPF-SC-000906,CPF-FR-004576,SAGA-MANUAL,P0,CORE,TIMEOUT_PRE,[SAGA-MANUAL] Side effect 전 Timeout,CPF Framework 개발자,최신 exact SHA; dependency delay,connect/header timeout,timeout 주입,retryable failure·side effect 0,UNKNOWN/성공 오인,Java25·적용 DB/Provider/Browser/Process 환경,Local/Remote·single/multi-instance 중 적용,source SHA·command·environment·start/end·exit code·pre/post state·report/artifact hash·sanitization,실패,f97655c1299936a1101bc3ec10239265ec3b502e,cpf-docs/evidence/qa/QA_PARALLEL_12WAY_QA-12B_R5_f97655c/saga_review.md#saga-manual,Saga state/step/compensation/manual recovery 제품 구현과 Runtime이 없다,개발GPT 재개발 및 scenario 회귀 Test 후 QA 재검수,P03,공통 계약·표준 타입·보안·오류·Context,03-00000906,P03-CORE-SAGA-MANUAL,P02,CPF-GATE-03,SAGA-MANUAL,예,QA-12B-1,미통과,[SAGA-MANUAL] Side effect 전 Timeout의 precondition/steps/expected/failure criteria를 cpf-core/src/main/java/com/cpf/core/api/workflow/CpfWorkflow.java;cpf-admin/frontend/openapi/cpf-openapi.json;cpf-core/src/test/java/com/cpf/core/api와 대조했다. 실제 Acceptance 실패: Saga state/step/compensation/manual recovery 제품 구현과 Runtime이 없다.,Saga state/step/compensation/manual recovery 제품 구현과 Runtime이 없다,미통과,cpf-docs/evidence/qa/QA_PARALLEL_12WAY_QA-12B_R5_f97655c/saga_review.md#saga-manual
CPF-SC-000907,CPF-FR-004576,SAGA-MANUAL,P0,CORE,RESPONSE_LOSS,[SAGA-MANUAL] Side effect 후 응답 유실,CPF Framework 개발자,최신 exact SHA; Owner commit,commit 후 reset,응답 차단,UNKNOWN·blind retry 금지·reconcile,자동 실패/무조건 retry,Java25·적용 DB/Provider/Browser/Process 환경,Local/Remote·single/multi-instance 중 적용,source SHA·command·environment·start/end·exit code·pre/post state·report/artifact hash·sanitization,실패,f97655c1299936a1101bc3ec10239265ec3b502e,cpf-docs/evidence/qa/QA_PARALLEL_12WAY_QA-12B_R5_f97655c/saga_review.md#saga-manual,Saga state/step/compensation/manual recovery 제품 구현과 Runtime이 없다,개발GPT 재개발 및 scenario 회귀 Test 후 QA 재검수,P03,공통 계약·표준 타입·보안·오류·Context,03-00000907,P03-CORE-SAGA-MANUAL,P02,CPF-GATE-03,SAGA-MANUAL,예,QA-12B-1,미통과,[SAGA-MANUAL] Side effect 후 응답 유실의 precondition/steps/expected/failure criteria를 cpf-core/src/main/java/com/cpf/core/api/workflow/CpfWorkflow.java;cpf-admin/frontend/openapi/cpf-openapi.json;cpf-core/src/test/java/com/cpf/core/api와 대조했다. 실제 Acceptance 실패: Saga state/step/compensation/manual recovery 제품 구현과 Runtime이 없다.,Saga state/step/compensation/manual recovery 제품 구현과 Runtime이 없다,미통과,cpf-docs/evidence/qa/QA_PARALLEL_12WAY_QA-12B_R5_f97655c/saga_review.md#saga-manual
CPF-SC-000908,CPF-FR-004576,SAGA-MANUAL,P0,CORE,PARTIAL,[SAGA-MANUAL] 부분 실패,CPF Framework 개발자,최신 exact SHA; 다중 대상/항목,일부 target failure,group 실행,개별 성공/실패/unknown 보존,전체 성공/실패로 축약,Java25·적용 DB/Provider/Browser/Process 환경,Local/Remote·single/multi-instance 중 적용,source SHA·command·environment·start/end·exit code·pre/post state·report/artifact hash·sanitization,실패,f97655c1299936a1101bc3ec10239265ec3b502e,cpf-docs/evidence/qa/QA_PARALLEL_12WAY_QA-12B_R5_f97655c/saga_review.md#saga-manual,Saga state/step/compensation/manual recovery 제품 구현과 Runtime이 없다,개발GPT 재개발 및 scenario 회귀 Test 후 QA 재검수,P03,공통 계약·표준 타입·보안·오류·Context,03-00000908,P03-CORE-SAGA-MANUAL,P02,CPF-GATE-03,SAGA-MANUAL,예,QA-12B-1,미통과,[SAGA-MANUAL] 부분 실패의 precondition/steps/expected/failure criteria를 cpf-core/src/main/java/com/cpf/core/api/workflow/CpfWorkflow.java;cpf-admin/frontend/openapi/cpf-openapi.json;cpf-core/src/test/java/com/cpf/core/api와 대조했다. 실제 Acceptance 실패: Saga state/step/compensation/manual recovery 제품 구현과 Runtime이 없다.,Saga state/step/compensation/manual recovery 제품 구현과 Runtime이 없다,미통과,cpf-docs/evidence/qa/QA_PARALLEL_12WAY_QA-12B_R5_f97655c/saga_review.md#saga-manual
CPF-SC-000909,CPF-FR-004576,SAGA-MANUAL,P0,CORE,PROCESS_KILL,[SAGA-MANUAL] Process Kill·Restart,CPF Framework 개발자,최신 exact SHA; durable state,worker kill,claim/apply 후 종료·재기동,lease 회수·stale fencing·복구,고아 상태·중복,Java25·적용 DB/Provider/Browser/Process 환경,Local/Remote·single/multi-instance 중 적용,source SHA·command·environment·start/end·exit code·pre/post state·report/artifact hash·sanitization,실패,f97655c1299936a1101bc3ec10239265ec3b502e,cpf-docs/evidence/qa/QA_PARALLEL_12WAY_QA-12B_R5_f97655c/saga_review.md#saga-manual,Saga state/step/compensation/manual recovery 제품 구현과 Runtime이 없다,개발GPT 재개발 및 scenario 회귀 Test 후 QA 재검수,P03,공통 계약·표준 타입·보안·오류·Context,03-00000909,P03-CORE-SAGA-MANUAL,P02,CPF-GATE-03,SAGA-MANUAL,예,QA-12B-1,미통과,[SAGA-MANUAL] Process Kill·Restart의 precondition/steps/expected/failure criteria를 cpf-core/src/main/java/com/cpf/core/api/workflow/CpfWorkflow.java;cpf-admin/frontend/openapi/cpf-openapi.json;cpf-core/src/test/java/com/cpf/core/api와 대조했다. 실제 Acceptance 실패: Saga state/step/compensation/manual recovery 제품 구현과 Runtime이 없다.,Saga state/step/compensation/manual recovery 제품 구현과 Runtime이 없다,미통과,cpf-docs/evidence/qa/QA_PARALLEL_12WAY_QA-12B_R5_f97655c/saga_review.md#saga-manual
CPF-SC-000910,CPF-FR-004576,SAGA-MANUAL,P0,CORE,MULTI_INSTANCE,[SAGA-MANUAL] 다중 Instance,CPF Framework 개발자,최신 exact SHA; 2개 이상,공유 DB/queue,동시 처리·failover·rejoin,version/state 일치·중복 0,local state 의존,Java25·적용 DB/Provider/Browser/Process 환경,Local/Remote·single/multi-instance 중 적용,source SHA·command·environment·start/end·exit code·pre/post state·report/artifact hash·sanitization,실패,f97655c1299936a1101bc3ec10239265ec3b502e,cpf-docs/evidence/qa/QA_PARALLEL_12WAY_QA-12B_R5_f97655c/saga_review.md#saga-manual,Saga state/step/compensation/manual recovery 제품 구현과 Runtime이 없다,개발GPT 재개발 및 scenario 회귀 Test 후 QA 재검수,P03,공통 계약·표준 타입·보안·오류·Context,03-00000910,P03-CORE-SAGA-MANUAL,P02,CPF-GATE-03,SAGA-MANUAL,예,QA-12B-1,미통과,[SAGA-MANUAL] 다중 Instance의 precondition/steps/expected/failure criteria를 cpf-core/src/main/java/com/cpf/core/api/workflow/CpfWorkflow.java;cpf-admin/frontend/openapi/cpf-openapi.json;cpf-core/src/test/java/com/cpf/core/api와 대조했다. 실제 Acceptance 실패: Saga state/step/compensation/manual recovery 제품 구현과 Runtime이 없다.,Saga state/step/compensation/manual recovery 제품 구현과 Runtime이 없다,미통과,cpf-docs/evidence/qa/QA_PARALLEL_12WAY_QA-12B_R5_f97655c/saga_review.md#saga-manual
CPF-SC-000911,CPF-FR-004576,SAGA-MANUAL,P0,CORE,ROLLBACK,[SAGA-MANUAL] Rollback/Forward Recovery,CPF Framework 개발자,최신 exact SHA; 변경 전 snapshot,적용 후 결함,rollback/forward fix,데이터 보존·actual 일치·audit,부분 rollback·drift,Java25·적용 DB/Provider/Browser/Process 환경,Local/Remote·single/multi-instance 중 적용,source SHA·command·environment·start/end·exit code·pre/post state·report/artifact hash·sanitization,실패,f97655c1299936a1101bc3ec10239265ec3b502e,cpf-docs/evidence/qa/QA_PARALLEL_12WAY_QA-12B_R5_f97655c/saga_review.md#saga-manual,Saga state/step/compensation/manual recovery 제품 구현과 Runtime이 없다,개발GPT 재개발 및 scenario 회귀 Test 후 QA 재검수,P03,공통 계약·표준 타입·보안·오류·Context,03-00000911,P03-CORE-SAGA-MANUAL,P02,CPF-GATE-03,SAGA-MANUAL,예,QA-12B-1,미통과,[SAGA-MANUAL] Rollback/Forward Recovery의 precondition/steps/expected/failure criteria를 cpf-core/src/main/java/com/cpf/core/api/workflow/CpfWorkflow.java;cpf-admin/frontend/openapi/cpf-openapi.json;cpf-core/src/test/java/com/cpf/core/api와 대조했다. 실제 Acceptance 실패: Saga state/step/compensation/manual recovery 제품 구현과 Runtime이 없다.,Saga state/step/compensation/manual recovery 제품 구현과 Runtime이 없다,미통과,cpf-docs/evidence/qa/QA_PARALLEL_12WAY_QA-12B_R5_f97655c/saga_review.md#saga-manual
CPF-SC-000912,CPF-FR-004576,SAGA-MANUAL,P0,CORE,SECURITY_LEAK,[SAGA-MANUAL] 민감정보 누출,CPF Framework 개발자,최신 exact SHA; PII/Secret fixture,오류·Log·UI·Download,정상/실패 실행,원문 0 또는 승인 범위,Log/DOM/Storage/Evidence 원문,Java25·적용 DB/Provider/Browser/Process 환경,Local/Remote·single/multi-instance 중 적용,source SHA·command·environment·start/end·exit code·pre/post state·report/artifact hash·sanitization,실패,f97655c1299936a1101bc3ec10239265ec3b502e,cpf-docs/evidence/qa/QA_PARALLEL_12WAY_QA-12B_R5_f97655c/saga_review.md#saga-manual,Saga state/step/compensation/manual recovery 제품 구현과 Runtime이 없다,개발GPT 재개발 및 scenario 회귀 Test 후 QA 재검수,P03,공통 계약·표준 타입·보안·오류·Context,03-00000912,P03-CORE-SAGA-MANUAL,P02,CPF-GATE-03,SAGA-MANUAL,예,QA-12B-1,미통과,[SAGA-MANUAL] 민감정보 누출의 precondition/steps/expected/failure criteria를 cpf-core/src/main/java/com/cpf/core/api/workflow/CpfWorkflow.java;cpf-admin/frontend/openapi/cpf-openapi.json;cpf-core/src/test/java/com/cpf/core/api와 대조했다. 실제 Acceptance 실패: Saga state/step/compensation/manual recovery 제품 구현과 Runtime이 없다.,Saga state/step/compensation/manual recovery 제품 구현과 Runtime이 없다,미통과,cpf-docs/evidence/qa/QA_PARALLEL_12WAY_QA-12B_R5_f97655c/saga_review.md#saga-manual
CPF-SC-000913,CPF-FR-004637,BAT-CORE,P0,BATCH,POSITIVE,[BAT-CORE] 정상 수직 흐름,Batch 개발자·운영자,최신 exact SHA; 유효 입력과 권한,정상 데이터,요청→검증→처리→저장/전달→응답→감사,정상 상태·side effect·tracking 일치,Mock-only 또는 Consumer 미호출,Java25·적용 DB/Provider/Browser/Process 환경,Local/Remote·single/multi-instance 중 적용,source SHA·command·environment·start/end·exit code·pre/post state·report/artifact hash·sanitization,미검증,f97655c1299936a1101bc3ec10239265ec3b502e,cpf-docs/evidence/qa/QA_PARALLEL_12WAY_QA-12B_R5_f97655c/batch_review.md#bat-core,"Java25 다중 Process, 실제 DB/Broker, lease/fencing, kill/restart, sync/async call과 Browser E2E는 최신 SHA에서 수행되지 않았다",목표 환경 scenario 실행 Evidence 반영 후 QA 재검수,P07,Gateway·Batch·Messaging·외부연계·운영 Runtime,07-00000913,P07-BATCH-BAT-CORE,P05;P06,CPF-GATE-07,BAT-CORE,예,QA-12B-1,,"[BAT-CORE] 정상 수직 흐름의 요구 경로에 대응하는 Source/contract/Test 후보는 확인했다. 그러나 Java25 다중 Process, 실제 DB/Broker, lease/fencing, kill/restart, sync/async call과 Browser E2E는 최신 SHA에서 수행되지 않았다. 제품 실패로 단정하지 않고 환경차이 미검증으로 유지한다.",,검수 후 환경차이 미검증,cpf-docs/evidence/qa/QA_PARALLEL_12WAY_QA-12B_R5_f97655c/batch_review.md#bat-core
CPF-SC-000914,CPF-FR-004637,BAT-CORE,P0,BATCH,INVALID,[BAT-CORE] 입력·경계 오류,Batch 개발자·운영자,최신 exact SHA; 유효 Session,invalid/empty/oversize/unknown enum,각 invalid 제출,표준 field/path 오류·side effect 0,500/raw exception/부분 저장,Java25·적용 DB/Provider/Browser/Process 환경,Local/Remote·single/multi-instance 중 적용,source SHA·command·environment·start/end·exit code·pre/post state·report/artifact hash·sanitization,미검증,f97655c1299936a1101bc3ec10239265ec3b502e,cpf-docs/evidence/qa/QA_PARALLEL_12WAY_QA-12B_R5_f97655c/batch_review.md#bat-core,"Java25 다중 Process, 실제 DB/Broker, lease/fencing, kill/restart, sync/async call과 Browser E2E는 최신 SHA에서 수행되지 않았다",목표 환경 scenario 실행 Evidence 반영 후 QA 재검수,P07,Gateway·Batch·Messaging·외부연계·운영 Runtime,07-00000914,P07-BATCH-BAT-CORE,P05;P06,CPF-GATE-07,BAT-CORE,예,QA-12B-1,,"[BAT-CORE] 입력·경계 오류의 요구 경로에 대응하는 Source/contract/Test 후보는 확인했다. 그러나 Java25 다중 Process, 실제 DB/Broker, lease/fencing, kill/restart, sync/async call과 Browser E2E는 최신 SHA에서 수행되지 않았다. 제품 실패로 단정하지 않고 환경차이 미검증으로 유지한다.",,검수 후 환경차이 미검증,cpf-docs/evidence/qa/QA_PARALLEL_12WAY_QA-12B_R5_f97655c/batch_review.md#bat-core
CPF-SC-000915,CPF-FR-004637,BAT-CORE,P0,BATCH,UNAUTHORIZED,[BAT-CORE] 미인증·권한 부족,Batch 개발자·운영자,최신 exact SHA; 권한 없는 principal,401/403 대상,UI 직접 URL/API/Method 호출,Server 거부·Audit·민감정보 0,버튼만 숨김/default allow,Java25·적용 DB/Provider/Browser/Process 환경,Local/Remote·single/multi-instance 중 적용,source SHA·command·environment·start/end·exit code·pre/post state·report/artifact hash·sanitization,미검증,f97655c1299936a1101bc3ec10239265ec3b502e,cpf-docs/evidence/qa/QA_PARALLEL_12WAY_QA-12B_R5_f97655c/batch_review.md#bat-core,"Java25 다중 Process, 실제 DB/Broker, lease/fencing, kill/restart, sync/async call과 Browser E2E는 최신 SHA에서 수행되지 않았다",목표 환경 scenario 실행 Evidence 반영 후 QA 재검수,P07,Gateway·Batch·Messaging·외부연계·운영 Runtime,07-00000915,P07-BATCH-BAT-CORE,P05;P06,CPF-GATE-07,BAT-CORE,예,QA-12B-1,,"[BAT-CORE] 미인증·권한 부족의 요구 경로에 대응하는 Source/contract/Test 후보는 확인했다. 그러나 Java25 다중 Process, 실제 DB/Broker, lease/fencing, kill/restart, sync/async call과 Browser E2E는 최신 SHA에서 수행되지 않았다. 제품 실패로 단정하지 않고 환경차이 미검증으로 유지한다.",,검수 후 환경차이 미검증,cpf-docs/evidence/qa/QA_PARALLEL_12WAY_QA-12B_R5_f97655c/batch_review.md#bat-core
CPF-SC-000916,CPF-FR-004637,BAT-CORE,P0,BATCH,CONFLICT,[BAT-CORE] Version·Hash 충돌,Batch 개발자·운영자,최신 exact SHA; 기존 version,stale expectedVersion/다른 hash,동시/재시도 요청,409·기존 결과 보존·lost update 0,후행 요청 덮어씀,Java25·적용 DB/Provider/Browser/Process 환경,Local/Remote·single/multi-instance 중 적용,source SHA·command·environment·start/end·exit code·pre/post state·report/artifact hash·sanitization,미검증,f97655c1299936a1101bc3ec10239265ec3b502e,cpf-docs/evidence/qa/QA_PARALLEL_12WAY_QA-12B_R5_f97655c/batch_review.md#bat-core,"Java25 다중 Process, 실제 DB/Broker, lease/fencing, kill/restart, sync/async call과 Browser E2E는 최신 SHA에서 수행되지 않았다",목표 환경 scenario 실행 Evidence 반영 후 QA 재검수,P07,Gateway·Batch·Messaging·외부연계·운영 Runtime,07-00000916,P07-BATCH-BAT-CORE,P05;P06,CPF-GATE-07,BAT-CORE,예,QA-12B-1,,"[BAT-CORE] Version·Hash 충돌의 요구 경로에 대응하는 Source/contract/Test 후보는 확인했다. 그러나 Java25 다중 Process, 실제 DB/Broker, lease/fencing, kill/restart, sync/async call과 Browser E2E는 최신 SHA에서 수행되지 않았다. 제품 실패로 단정하지 않고 환경차이 미검증으로 유지한다.",,검수 후 환경차이 미검증,cpf-docs/evidence/qa/QA_PARALLEL_12WAY_QA-12B_R5_f97655c/batch_review.md#bat-core
CPF-SC-000917,CPF-FR-004637,BAT-CORE,P0,BATCH,DUPLICATE,[BAT-CORE] 중복 요청,Batch 개발자·운영자,최신 exact SHA; 같은 operationId,동일/상이 payload,동시·순차 중복,"동일 replay, 다른 payload conflict",side effect 2회,Java25·적용 DB/Provider/Browser/Process 환경,Local/Remote·single/multi-instance 중 적용,source SHA·command·environment·start/end·exit code·pre/post state·report/artifact hash·sanitization,미검증,f97655c1299936a1101bc3ec10239265ec3b502e,cpf-docs/evidence/qa/QA_PARALLEL_12WAY_QA-12B_R5_f97655c/batch_review.md#bat-core,"Java25 다중 Process, 실제 DB/Broker, lease/fencing, kill/restart, sync/async call과 Browser E2E는 최신 SHA에서 수행되지 않았다",목표 환경 scenario 실행 Evidence 반영 후 QA 재검수,P07,Gateway·Batch·Messaging·외부연계·운영 Runtime,07-00000917,P07-BATCH-BAT-CORE,P05;P06,CPF-GATE-07,BAT-CORE,예,QA-12B-1,,"[BAT-CORE] 중복 요청의 요구 경로에 대응하는 Source/contract/Test 후보는 확인했다. 그러나 Java25 다중 Process, 실제 DB/Broker, lease/fencing, kill/restart, sync/async call과 Browser E2E는 최신 SHA에서 수행되지 않았다. 제품 실패로 단정하지 않고 환경차이 미검증으로 유지한다.",,검수 후 환경차이 미검증,cpf-docs/evidence/qa/QA_PARALLEL_12WAY_QA-12B_R5_f97655c/batch_review.md#bat-core
CPF-SC-000918,CPF-FR-004637,BAT-CORE,P0,BATCH,TIMEOUT_PRE,[BAT-CORE] Side effect 전 Timeout,Batch 개발자·운영자,최신 exact SHA; dependency delay,connect/header timeout,timeout 주입,retryable failure·side effect 0,UNKNOWN/성공 오인,Java25·적용 DB/Provider/Browser/Process 환경,Local/Remote·single/multi-instance 중 적용,source SHA·command·environment·start/end·exit code·pre/post state·report/artifact hash·sanitization,미검증,f97655c1299936a1101bc3ec10239265ec3b502e,cpf-docs/evidence/qa/QA_PARALLEL_12WAY_QA-12B_R5_f97655c/batch_review.md#bat-core,"Java25 다중 Process, 실제 DB/Broker, lease/fencing, kill/restart, sync/async call과 Browser E2E는 최신 SHA에서 수행되지 않았다",목표 환경 scenario 실행 Evidence 반영 후 QA 재검수,P07,Gateway·Batch·Messaging·외부연계·운영 Runtime,07-00000918,P07-BATCH-BAT-CORE,P05;P06,CPF-GATE-07,BAT-CORE,예,QA-12B-1,,"[BAT-CORE] Side effect 전 Timeout의 요구 경로에 대응하는 Source/contract/Test 후보는 확인했다. 그러나 Java25 다중 Process, 실제 DB/Broker, lease/fencing, kill/restart, sync/async call과 Browser E2E는 최신 SHA에서 수행되지 않았다. 제품 실패로 단정하지 않고 환경차이 미검증으로 유지한다.",,검수 후 환경차이 미검증,cpf-docs/evidence/qa/QA_PARALLEL_12WAY_QA-12B_R5_f97655c/batch_review.md#bat-core
CPF-SC-000919,CPF-FR-004637,BAT-CORE,P0,BATCH,RESPONSE_LOSS,[BAT-CORE] Side effect 후 응답 유실,Batch 개발자·운영자,최신 exact SHA; Owner commit,commit 후 reset,응답 차단,UNKNOWN·blind retry 금지·reconcile,자동 실패/무조건 retry,Java25·적용 DB/Provider/Browser/Process 환경,Local/Remote·single/multi-instance 중 적용,source SHA·command·environment·start/end·exit code·pre/post state·report/artifact hash·sanitization,미검증,f97655c1299936a1101bc3ec10239265ec3b502e,cpf-docs/evidence/qa/QA_PARALLEL_12WAY_QA-12B_R5_f97655c/batch_review.md#bat-core,"Java25 다중 Process, 실제 DB/Broker, lease/fencing, kill/restart, sync/async call과 Browser E2E는 최신 SHA에서 수행되지 않았다",목표 환경 scenario 실행 Evidence 반영 후 QA 재검수,P07,Gateway·Batch·Messaging·외부연계·운영 Runtime,07-00000919,P07-BATCH-BAT-CORE,P05;P06,CPF-GATE-07,BAT-CORE,예,QA-12B-1,,"[BAT-CORE] Side effect 후 응답 유실의 요구 경로에 대응하는 Source/contract/Test 후보는 확인했다. 그러나 Java25 다중 Process, 실제 DB/Broker, lease/fencing, kill/restart, sync/async call과 Browser E2E는 최신 SHA에서 수행되지 않았다. 제품 실패로 단정하지 않고 환경차이 미검증으로 유지한다.",,검수 후 환경차이 미검증,cpf-docs/evidence/qa/QA_PARALLEL_12WAY_QA-12B_R5_f97655c/batch_review.md#bat-core
CPF-SC-000920,CPF-FR-004637,BAT-CORE,P0,BATCH,PARTIAL,[BAT-CORE] 부분 실패,Batch 개발자·운영자,최신 exact SHA; 다중 대상/항목,일부 target failure,group 실행,개별 성공/실패/unknown 보존,전체 성공/실패로 축약,Java25·적용 DB/Provider/Browser/Process 환경,Local/Remote·single/multi-instance 중 적용,source SHA·command·environment·start/end·exit code·pre/post state·report/artifact hash·sanitization,미검증,f97655c1299936a1101bc3ec10239265ec3b502e,cpf-docs/evidence/qa/QA_PARALLEL_12WAY_QA-12B_R5_f97655c/batch_review.md#bat-core,"Java25 다중 Process, 실제 DB/Broker, lease/fencing, kill/restart, sync/async call과 Browser E2E는 최신 SHA에서 수행되지 않았다",목표 환경 scenario 실행 Evidence 반영 후 QA 재검수,P07,Gateway·Batch·Messaging·외부연계·운영 Runtime,07-00000920,P07-BATCH-BAT-CORE,P05;P06,CPF-GATE-07,BAT-CORE,예,QA-12B-1,,"[BAT-CORE] 부분 실패의 요구 경로에 대응하는 Source/contract/Test 후보는 확인했다. 그러나 Java25 다중 Process, 실제 DB/Broker, lease/fencing, kill/restart, sync/async call과 Browser E2E는 최신 SHA에서 수행되지 않았다. 제품 실패로 단정하지 않고 환경차이 미검증으로 유지한다.",,검수 후 환경차이 미검증,cpf-docs/evidence/qa/QA_PARALLEL_12WAY_QA-12B_R5_f97655c/batch_review.md#bat-core
CPF-SC-000921,CPF-FR-004637,BAT-CORE,P0,BATCH,PROCESS_KILL,[BAT-CORE] Process Kill·Restart,Batch 개발자·운영자,최신 exact SHA; durable state,worker kill,claim/apply 후 종료·재기동,lease 회수·stale fencing·복구,고아 상태·중복,Java25·적용 DB/Provider/Browser/Process 환경,Local/Remote·single/multi-instance 중 적용,source SHA·command·environment·start/end·exit code·pre/post state·report/artifact hash·sanitization,미검증,f97655c1299936a1101bc3ec10239265ec3b502e,cpf-docs/evidence/qa/QA_PARALLEL_12WAY_QA-12B_R5_f97655c/batch_review.md#bat-core,"Java25 다중 Process, 실제 DB/Broker, lease/fencing, kill/restart, sync/async call과 Browser E2E는 최신 SHA에서 수행되지 않았다",목표 환경 scenario 실행 Evidence 반영 후 QA 재검수,P07,Gateway·Batch·Messaging·외부연계·운영 Runtime,07-00000921,P07-BATCH-BAT-CORE,P05;P06,CPF-GATE-07,BAT-CORE,예,QA-12B-1,,"[BAT-CORE] Process Kill·Restart의 요구 경로에 대응하는 Source/contract/Test 후보는 확인했다. 그러나 Java25 다중 Process, 실제 DB/Broker, lease/fencing, kill/restart, sync/async call과 Browser E2E는 최신 SHA에서 수행되지 않았다. 제품 실패로 단정하지 않고 환경차이 미검증으로 유지한다.",,검수 후 환경차이 미검증,cpf-docs/evidence/qa/QA_PARALLEL_12WAY_QA-12B_R5_f97655c/batch_review.md#bat-core
CPF-SC-000922,CPF-FR-004637,BAT-CORE,P0,BATCH,MULTI_INSTANCE,[BAT-CORE] 다중 Instance,Batch 개발자·운영자,최신 exact SHA; 2개 이상,공유 DB/queue,동시 처리·failover·rejoin,version/state 일치·중복 0,local state 의존,Java25·적용 DB/Provider/Browser/Process 환경,Local/Remote·single/multi-instance 중 적용,source SHA·command·environment·start/end·exit code·pre/post state·report/artifact hash·sanitization,미검증,f97655c1299936a1101bc3ec10239265ec3b502e,cpf-docs/evidence/qa/QA_PARALLEL_12WAY_QA-12B_R5_f97655c/batch_review.md#bat-core,"Java25 다중 Process, 실제 DB/Broker, lease/fencing, kill/restart, sync/async call과 Browser E2E는 최신 SHA에서 수행되지 않았다",목표 환경 scenario 실행 Evidence 반영 후 QA 재검수,P07,Gateway·Batch·Messaging·외부연계·운영 Runtime,07-00000922,P07-BATCH-BAT-CORE,P05;P06,CPF-GATE-07,BAT-CORE,예,QA-12B-1,,"[BAT-CORE] 다중 Instance의 요구 경로에 대응하는 Source/contract/Test 후보는 확인했다. 그러나 Java25 다중 Process, 실제 DB/Broker, lease/fencing, kill/restart, sync/async call과 Browser E2E는 최신 SHA에서 수행되지 않았다. 제품 실패로 단정하지 않고 환경차이 미검증으로 유지한다.",,검수 후 환경차이 미검증,cpf-docs/evidence/qa/QA_PARALLEL_12WAY_QA-12B_R5_f97655c/batch_review.md#bat-core
CPF-SC-000923,CPF-FR-004637,BAT-CORE,P0,BATCH,ROLLBACK,[BAT-CORE] Rollback/Forward Recovery,Batch 개발자·운영자,최신 exact SHA; 변경 전 snapshot,적용 후 결함,rollback/forward fix,데이터 보존·actual 일치·audit,부분 rollback·drift,Java25·적용 DB/Provider/Browser/Process 환경,Local/Remote·single/multi-instance 중 적용,source SHA·command·environment·start/end·exit code·pre/post state·report/artifact hash·sanitization,미검증,f97655c1299936a1101bc3ec10239265ec3b502e,cpf-docs/evidence/qa/QA_PARALLEL_12WAY_QA-12B_R5_f97655c/batch_review.md#bat-core,"Java25 다중 Process, 실제 DB/Broker, lease/fencing, kill/restart, sync/async call과 Browser E2E는 최신 SHA에서 수행되지 않았다",목표 환경 scenario 실행 Evidence 반영 후 QA 재검수,P07,Gateway·Batch·Messaging·외부연계·운영 Runtime,07-00000923,P07-BATCH-BAT-CORE,P05;P06,CPF-GATE-07,BAT-CORE,예,QA-12B-1,,"[BAT-CORE] Rollback/Forward Recovery의 요구 경로에 대응하는 Source/contract/Test 후보는 확인했다. 그러나 Java25 다중 Process, 실제 DB/Broker, lease/fencing, kill/restart, sync/async call과 Browser E2E는 최신 SHA에서 수행되지 않았다. 제품 실패로 단정하지 않고 환경차이 미검증으로 유지한다.",,검수 후 환경차이 미검증,cpf-docs/evidence/qa/QA_PARALLEL_12WAY_QA-12B_R5_f97655c/batch_review.md#bat-core
CPF-SC-000924,CPF-FR-004637,BAT-CORE,P0,BATCH,SECURITY_LEAK,[BAT-CORE] 민감정보 누출,Batch 개발자·운영자,최신 exact SHA; PII/Secret fixture,오류·Log·UI·Download,정상/실패 실행,원문 0 또는 승인 범위,Log/DOM/Storage/Evidence 원문,Java25·적용 DB/Provider/Browser/Process 환경,Local/Remote·single/multi-instance 중 적용,source SHA·command·environment·start/end·exit code·pre/post state·report/artifact hash·sanitization,미검증,f97655c1299936a1101bc3ec10239265ec3b502e,cpf-docs/evidence/qa/QA_PARALLEL_12WAY_QA-12B_R5_f97655c/batch_review.md#bat-core,"Java25 다중 Process, 실제 DB/Broker, lease/fencing, kill/restart, sync/async call과 Browser E2E는 최신 SHA에서 수행되지 않았다",목표 환경 scenario 실행 Evidence 반영 후 QA 재검수,P07,Gateway·Batch·Messaging·외부연계·운영 Runtime,07-00000924,P07-BATCH-BAT-CORE,P05;P06,CPF-GATE-07,BAT-CORE,예,QA-12B-1,,"[BAT-CORE] 민감정보 누출의 요구 경로에 대응하는 Source/contract/Test 후보는 확인했다. 그러나 Java25 다중 Process, 실제 DB/Broker, lease/fencing, kill/restart, sync/async call과 Browser E2E는 최신 SHA에서 수행되지 않았다. 제품 실패로 단정하지 않고 환경차이 미검증으로 유지한다.",,검수 후 환경차이 미검증,cpf-docs/evidence/qa/QA_PARALLEL_12WAY_QA-12B_R5_f97655c/batch_review.md#bat-core
CPF-SC-000925,CPF-FR-004698,BAT-JOB,P0,BATCH,POSITIVE,[BAT-JOB] 정상 수직 흐름,Batch 개발자·운영자,최신 exact SHA; 유효 입력과 권한,정상 데이터,요청→검증→처리→저장/전달→응답→감사,정상 상태·side effect·tracking 일치,Mock-only 또는 Consumer 미호출,Java25·적용 DB/Provider/Browser/Process 환경,Local/Remote·single/multi-instance 중 적용,source SHA·command·environment·start/end·exit code·pre/post state·report/artifact hash·sanitization,미검증,f97655c1299936a1101bc3ec10239265ec3b502e,cpf-docs/evidence/qa/QA_PARALLEL_12WAY_QA-12B_R5_f97655c/batch_review.md#bat-job,"Java25 다중 Process, 실제 DB/Broker, lease/fencing, kill/restart, sync/async call과 Browser E2E는 최신 SHA에서 수행되지 않았다",목표 환경 scenario 실행 Evidence 반영 후 QA 재검수,P07,Gateway·Batch·Messaging·외부연계·운영 Runtime,07-00000925,P07-BATCH-BAT-JOB,P05;P06,CPF-GATE-07,BAT-JOB,예,QA-12B-1,,"[BAT-JOB] 정상 수직 흐름의 요구 경로에 대응하는 Source/contract/Test 후보는 확인했다. 그러나 Java25 다중 Process, 실제 DB/Broker, lease/fencing, kill/restart, sync/async call과 Browser E2E는 최신 SHA에서 수행되지 않았다. 제품 실패로 단정하지 않고 환경차이 미검증으로 유지한다.",,검수 후 환경차이 미검증,cpf-docs/evidence/qa/QA_PARALLEL_12WAY_QA-12B_R5_f97655c/batch_review.md#bat-job
CPF-SC-000926,CPF-FR-004698,BAT-JOB,P0,BATCH,INVALID,[BAT-JOB] 입력·경계 오류,Batch 개발자·운영자,최신 exact SHA; 유효 Session,invalid/empty/oversize/unknown enum,각 invalid 제출,표준 field/path 오류·side effect 0,500/raw exception/부분 저장,Java25·적용 DB/Provider/Browser/Process 환경,Local/Remote·single/multi-instance 중 적용,source SHA·command·environment·start/end·exit code·pre/post state·report/artifact hash·sanitization,미검증,f97655c1299936a1101bc3ec10239265ec3b502e,cpf-docs/evidence/qa/QA_PARALLEL_12WAY_QA-12B_R5_f97655c/batch_review.md#bat-job,"Java25 다중 Process, 실제 DB/Broker, lease/fencing, kill/restart, sync/async call과 Browser E2E는 최신 SHA에서 수행되지 않았다",목표 환경 scenario 실행 Evidence 반영 후 QA 재검수,P07,Gateway·Batch·Messaging·외부연계·운영 Runtime,07-00000926,P07-BATCH-BAT-JOB,P05;P06,CPF-GATE-07,BAT-JOB,예,QA-12B-1,,"[BAT-JOB] 입력·경계 오류의 요구 경로에 대응하는 Source/contract/Test 후보는 확인했다. 그러나 Java25 다중 Process, 실제 DB/Broker, lease/fencing, kill/restart, sync/async call과 Browser E2E는 최신 SHA에서 수행되지 않았다. 제품 실패로 단정하지 않고 환경차이 미검증으로 유지한다.",,검수 후 환경차이 미검증,cpf-docs/evidence/qa/QA_PARALLEL_12WAY_QA-12B_R5_f97655c/batch_review.md#bat-job
CPF-SC-000927,CPF-FR-004698,BAT-JOB,P0,BATCH,UNAUTHORIZED,[BAT-JOB] 미인증·권한 부족,Batch 개발자·운영자,최신 exact SHA; 권한 없는 principal,401/403 대상,UI 직접 URL/API/Method 호출,Server 거부·Audit·민감정보 0,버튼만 숨김/default allow,Java25·적용 DB/Provider/Browser/Process 환경,Local/Remote·single/multi-instance 중 적용,source SHA·command·environment·start/end·exit code·pre/post state·report/artifact hash·sanitization,미검증,f97655c1299936a1101bc3ec10239265ec3b502e,cpf-docs/evidence/qa/QA_PARALLEL_12WAY_QA-12B_R5_f97655c/batch_review.md#bat-job,"Java25 다중 Process, 실제 DB/Broker, lease/fencing, kill/restart, sync/async call과 Browser E2E는 최신 SHA에서 수행되지 않았다",목표 환경 scenario 실행 Evidence 반영 후 QA 재검수,P07,Gateway·Batch·Messaging·외부연계·운영 Runtime,07-00000927,P07-BATCH-BAT-JOB,P05;P06,CPF-GATE-07,BAT-JOB,예,QA-12B-1,,"[BAT-JOB] 미인증·권한 부족의 요구 경로에 대응하는 Source/contract/Test 후보는 확인했다. 그러나 Java25 다중 Process, 실제 DB/Broker, lease/fencing, kill/restart, sync/async call과 Browser E2E는 최신 SHA에서 수행되지 않았다. 제품 실패로 단정하지 않고 환경차이 미검증으로 유지한다.",,검수 후 환경차이 미검증,cpf-docs/evidence/qa/QA_PARALLEL_12WAY_QA-12B_R5_f97655c/batch_review.md#bat-job
CPF-SC-000928,CPF-FR-004698,BAT-JOB,P0,BATCH,CONFLICT,[BAT-JOB] Version·Hash 충돌,Batch 개발자·운영자,최신 exact SHA; 기존 version,stale expectedVersion/다른 hash,동시/재시도 요청,409·기존 결과 보존·lost update 0,후행 요청 덮어씀,Java25·적용 DB/Provider/Browser/Process 환경,Local/Remote·single/multi-instance 중 적용,source SHA·command·environment·start/end·exit code·pre/post state·report/artifact hash·sanitization,미검증,f97655c1299936a1101bc3ec10239265ec3b502e,cpf-docs/evidence/qa/QA_PARALLEL_12WAY_QA-12B_R5_f97655c/batch_review.md#bat-job,"Java25 다중 Process, 실제 DB/Broker, lease/fencing, kill/restart, sync/async call과 Browser E2E는 최신 SHA에서 수행되지 않았다",목표 환경 scenario 실행 Evidence 반영 후 QA 재검수,P07,Gateway·Batch·Messaging·외부연계·운영 Runtime,07-00000928,P07-BATCH-BAT-JOB,P05;P06,CPF-GATE-07,BAT-JOB,예,QA-12B-1,,"[BAT-JOB] Version·Hash 충돌의 요구 경로에 대응하는 Source/contract/Test 후보는 확인했다. 그러나 Java25 다중 Process, 실제 DB/Broker, lease/fencing, kill/restart, sync/async call과 Browser E2E는 최신 SHA에서 수행되지 않았다. 제품 실패로 단정하지 않고 환경차이 미검증으로 유지한다.",,검수 후 환경차이 미검증,cpf-docs/evidence/qa/QA_PARALLEL_12WAY_QA-12B_R5_f97655c/batch_review.md#bat-job
CPF-SC-000929,CPF-FR-004698,BAT-JOB,P0,BATCH,DUPLICATE,[BAT-JOB] 중복 요청,Batch 개발자·운영자,최신 exact SHA; 같은 operationId,동일/상이 payload,동시·순차 중복,"동일 replay, 다른 payload conflict",side effect 2회,Java25·적용 DB/Provider/Browser/Process 환경,Local/Remote·single/multi-instance 중 적용,source SHA·command·environment·start/end·exit code·pre/post state·report/artifact hash·sanitization,미검증,f97655c1299936a1101bc3ec10239265ec3b502e,cpf-docs/evidence/qa/QA_PARALLEL_12WAY_QA-12B_R5_f97655c/batch_review.md#bat-job,"Java25 다중 Process, 실제 DB/Broker, lease/fencing, kill/restart, sync/async call과 Browser E2E는 최신 SHA에서 수행되지 않았다",목표 환경 scenario 실행 Evidence 반영 후 QA 재검수,P07,Gateway·Batch·Messaging·외부연계·운영 Runtime,07-00000929,P07-BATCH-BAT-JOB,P05;P06,CPF-GATE-07,BAT-JOB,예,QA-12B-1,,"[BAT-JOB] 중복 요청의 요구 경로에 대응하는 Source/contract/Test 후보는 확인했다. 그러나 Java25 다중 Process, 실제 DB/Broker, lease/fencing, kill/restart, sync/async call과 Browser E2E는 최신 SHA에서 수행되지 않았다. 제품 실패로 단정하지 않고 환경차이 미검증으로 유지한다.",,검수 후 환경차이 미검증,cpf-docs/evidence/qa/QA_PARALLEL_12WAY_QA-12B_R5_f97655c/batch_review.md#bat-job
CPF-SC-000930,CPF-FR-004698,BAT-JOB,P0,BATCH,TIMEOUT_PRE,[BAT-JOB] Side effect 전 Timeout,Batch 개발자·운영자,최신 exact SHA; dependency delay,connect/header timeout,timeout 주입,retryable failure·side effect 0,UNKNOWN/성공 오인,Java25·적용 DB/Provider/Browser/Process 환경,Local/Remote·single/multi-instance 중 적용,source SHA·command·environment·start/end·exit code·pre/post state·report/artifact hash·sanitization,미검증,f97655c1299936a1101bc3ec10239265ec3b502e,cpf-docs/evidence/qa/QA_PARALLEL_12WAY_QA-12B_R5_f97655c/batch_review.md#bat-job,"Java25 다중 Process, 실제 DB/Broker, lease/fencing, kill/restart, sync/async call과 Browser E2E는 최신 SHA에서 수행되지 않았다",목표 환경 scenario 실행 Evidence 반영 후 QA 재검수,P07,Gateway·Batch·Messaging·외부연계·운영 Runtime,07-00000930,P07-BATCH-BAT-JOB,P05;P06,CPF-GATE-07,BAT-JOB,예,QA-12B-1,,"[BAT-JOB] Side effect 전 Timeout의 요구 경로에 대응하는 Source/contract/Test 후보는 확인했다. 그러나 Java25 다중 Process, 실제 DB/Broker, lease/fencing, kill/restart, sync/async call과 Browser E2E는 최신 SHA에서 수행되지 않았다. 제품 실패로 단정하지 않고 환경차이 미검증으로 유지한다.",,검수 후 환경차이 미검증,cpf-docs/evidence/qa/QA_PARALLEL_12WAY_QA-12B_R5_f97655c/batch_review.md#bat-job
CPF-SC-000931,CPF-FR-004698,BAT-JOB,P0,BATCH,RESPONSE_LOSS,[BAT-JOB] Side effect 후 응답 유실,Batch 개발자·운영자,최신 exact SHA; Owner commit,commit 후 reset,응답 차단,UNKNOWN·blind retry 금지·reconcile,자동 실패/무조건 retry,Java25·적용 DB/Provider/Browser/Process 환경,Local/Remote·single/multi-instance 중 적용,source SHA·command·environment·start/end·exit code·pre/post state·report/artifact hash·sanitization,미검증,f97655c1299936a1101bc3ec10239265ec3b502e,cpf-docs/evidence/qa/QA_PARALLEL_12WAY_QA-12B_R5_f97655c/batch_review.md#bat-job,"Java25 다중 Process, 실제 DB/Broker, lease/fencing, kill/restart, sync/async call과 Browser E2E는 최신 SHA에서 수행되지 않았다",목표 환경 scenario 실행 Evidence 반영 후 QA 재검수,P07,Gateway·Batch·Messaging·외부연계·운영 Runtime,07-00000931,P07-BATCH-BAT-JOB,P05;P06,CPF-GATE-07,BAT-JOB,예,QA-12B-1,,"[BAT-JOB] Side effect 후 응답 유실의 요구 경로에 대응하는 Source/contract/Test 후보는 확인했다. 그러나 Java25 다중 Process, 실제 DB/Broker, lease/fencing, kill/restart, sync/async call과 Browser E2E는 최신 SHA에서 수행되지 않았다. 제품 실패로 단정하지 않고 환경차이 미검증으로 유지한다.",,검수 후 환경차이 미검증,cpf-docs/evidence/qa/QA_PARALLEL_12WAY_QA-12B_R5_f97655c/batch_review.md#bat-job
CPF-SC-000932,CPF-FR-004698,BAT-JOB,P0,BATCH,PARTIAL,[BAT-JOB] 부분 실패,Batch 개발자·운영자,최신 exact SHA; 다중 대상/항목,일부 target failure,group 실행,개별 성공/실패/unknown 보존,전체 성공/실패로 축약,Java25·적용 DB/Provider/Browser/Process 환경,Local/Remote·single/multi-instance 중 적용,source SHA·command·environment·start/end·exit code·pre/post state·report/artifact hash·sanitization,미검증,f97655c1299936a1101bc3ec10239265ec3b502e,cpf-docs/evidence/qa/QA_PARALLEL_12WAY_QA-12B_R5_f97655c/batch_review.md#bat-job,"Java25 다중 Process, 실제 DB/Broker, lease/fencing, kill/restart, sync/async call과 Browser E2E는 최신 SHA에서 수행되지 않았다",목표 환경 scenario 실행 Evidence 반영 후 QA 재검수,P07,Gateway·Batch·Messaging·외부연계·운영 Runtime,07-00000932,P07-BATCH-BAT-JOB,P05;P06,CPF-GATE-07,BAT-JOB,예,QA-12B-1,,"[BAT-JOB] 부분 실패의 요구 경로에 대응하는 Source/contract/Test 후보는 확인했다. 그러나 Java25 다중 Process, 실제 DB/Broker, lease/fencing, kill/restart, sync/async call과 Browser E2E는 최신 SHA에서 수행되지 않았다. 제품 실패로 단정하지 않고 환경차이 미검증으로 유지한다.",,검수 후 환경차이 미검증,cpf-docs/evidence/qa/QA_PARALLEL_12WAY_QA-12B_R5_f97655c/batch_review.md#bat-job
CPF-SC-000933,CPF-FR-004698,BAT-JOB,P0,BATCH,PROCESS_KILL,[BAT-JOB] Process Kill·Restart,Batch 개발자·운영자,최신 exact SHA; durable state,worker kill,claim/apply 후 종료·재기동,lease 회수·stale fencing·복구,고아 상태·중복,Java25·적용 DB/Provider/Browser/Process 환경,Local/Remote·single/multi-instance 중 적용,source SHA·command·environment·start/end·exit code·pre/post state·report/artifact hash·sanitization,미검증,f97655c1299936a1101bc3ec10239265ec3b502e,cpf-docs/evidence/qa/QA_PARALLEL_12WAY_QA-12B_R5_f97655c/batch_review.md#bat-job,"Java25 다중 Process, 실제 DB/Broker, lease/fencing, kill/restart, sync/async call과 Browser E2E는 최신 SHA에서 수행되지 않았다",목표 환경 scenario 실행 Evidence 반영 후 QA 재검수,P07,Gateway·Batch·Messaging·외부연계·운영 Runtime,07-00000933,P07-BATCH-BAT-JOB,P05;P06,CPF-GATE-07,BAT-JOB,예,QA-12B-1,,"[BAT-JOB] Process Kill·Restart의 요구 경로에 대응하는 Source/contract/Test 후보는 확인했다. 그러나 Java25 다중 Process, 실제 DB/Broker, lease/fencing, kill/restart, sync/async call과 Browser E2E는 최신 SHA에서 수행되지 않았다. 제품 실패로 단정하지 않고 환경차이 미검증으로 유지한다.",,검수 후 환경차이 미검증,cpf-docs/evidence/qa/QA_PARALLEL_12WAY_QA-12B_R5_f97655c/batch_review.md#bat-job
CPF-SC-000934,CPF-FR-004698,BAT-JOB,P0,BATCH,MULTI_INSTANCE,[BAT-JOB] 다중 Instance,Batch 개발자·운영자,최신 exact SHA; 2개 이상,공유 DB/queue,동시 처리·failover·rejoin,version/state 일치·중복 0,local state 의존,Java25·적용 DB/Provider/Browser/Process 환경,Local/Remote·single/multi-instance 중 적용,source SHA·command·environment·start/end·exit code·pre/post state·report/artifact hash·sanitization,미검증,f97655c1299936a1101bc3ec10239265ec3b502e,cpf-docs/evidence/qa/QA_PARALLEL_12WAY_QA-12B_R5_f97655c/batch_review.md#bat-job,"Java25 다중 Process, 실제 DB/Broker, lease/fencing, kill/restart, sync/async call과 Browser E2E는 최신 SHA에서 수행되지 않았다",목표 환경 scenario 실행 Evidence 반영 후 QA 재검수,P07,Gateway·Batch·Messaging·외부연계·운영 Runtime,07-00000934,P07-BATCH-BAT-JOB,P05;P06,CPF-GATE-07,BAT-JOB,예,QA-12B-1,,"[BAT-JOB] 다중 Instance의 요구 경로에 대응하는 Source/contract/Test 후보는 확인했다. 그러나 Java25 다중 Process, 실제 DB/Broker, lease/fencing, kill/restart, sync/async call과 Browser E2E는 최신 SHA에서 수행되지 않았다. 제품 실패로 단정하지 않고 환경차이 미검증으로 유지한다.",,검수 후 환경차이 미검증,cpf-docs/evidence/qa/QA_PARALLEL_12WAY_QA-12B_R5_f97655c/batch_review.md#bat-job
CPF-SC-000935,CPF-FR-004698,BAT-JOB,P0,BATCH,ROLLBACK,[BAT-JOB] Rollback/Forward Recovery,Batch 개발자·운영자,최신 exact SHA; 변경 전 snapshot,적용 후 결함,rollback/forward fix,데이터 보존·actual 일치·audit,부분 rollback·drift,Java25·적용 DB/Provider/Browser/Process 환경,Local/Remote·single/multi-instance 중 적용,source SHA·command·environment·start/end·exit code·pre/post state·report/artifact hash·sanitization,미검증,f97655c1299936a1101bc3ec10239265ec3b502e,cpf-docs/evidence/qa/QA_PARALLEL_12WAY_QA-12B_R5_f97655c/batch_review.md#bat-job,"Java25 다중 Process, 실제 DB/Broker, lease/fencing, kill/restart, sync/async call과 Browser E2E는 최신 SHA에서 수행되지 않았다",목표 환경 scenario 실행 Evidence 반영 후 QA 재검수,P07,Gateway·Batch·Messaging·외부연계·운영 Runtime,07-00000935,P07-BATCH-BAT-JOB,P05;P06,CPF-GATE-07,BAT-JOB,예,QA-12B-1,,"[BAT-JOB] Rollback/Forward Recovery의 요구 경로에 대응하는 Source/contract/Test 후보는 확인했다. 그러나 Java25 다중 Process, 실제 DB/Broker, lease/fencing, kill/restart, sync/async call과 Browser E2E는 최신 SHA에서 수행되지 않았다. 제품 실패로 단정하지 않고 환경차이 미검증으로 유지한다.",,검수 후 환경차이 미검증,cpf-docs/evidence/qa/QA_PARALLEL_12WAY_QA-12B_R5_f97655c/batch_review.md#bat-job
CPF-SC-000936,CPF-FR-004698,BAT-JOB,P0,BATCH,SECURITY_LEAK,[BAT-JOB] 민감정보 누출,Batch 개발자·운영자,최신 exact SHA; PII/Secret fixture,오류·Log·UI·Download,정상/실패 실행,원문 0 또는 승인 범위,Log/DOM/Storage/Evidence 원문,Java25·적용 DB/Provider/Browser/Process 환경,Local/Remote·single/multi-instance 중 적용,source SHA·command·environment·start/end·exit code·pre/post state·report/artifact hash·sanitization,미검증,f97655c1299936a1101bc3ec10239265ec3b502e,cpf-docs/evidence/qa/QA_PARALLEL_12WAY_QA-12B_R5_f97655c/batch_review.md#bat-job,"Java25 다중 Process, 실제 DB/Broker, lease/fencing, kill/restart, sync/async call과 Browser E2E는 최신 SHA에서 수행되지 않았다",목표 환경 scenario 실행 Evidence 반영 후 QA 재검수,P07,Gateway·Batch·Messaging·외부연계·운영 Runtime,07-00000936,P07-BATCH-BAT-JOB,P05;P06,CPF-GATE-07,BAT-JOB,예,QA-12B-1,,"[BAT-JOB] 민감정보 누출의 요구 경로에 대응하는 Source/contract/Test 후보는 확인했다. 그러나 Java25 다중 Process, 실제 DB/Broker, lease/fencing, kill/restart, sync/async call과 Browser E2E는 최신 SHA에서 수행되지 않았다. 제품 실패로 단정하지 않고 환경차이 미검증으로 유지한다.",,검수 후 환경차이 미검증,cpf-docs/evidence/qa/QA_PARALLEL_12WAY_QA-12B_R5_f97655c/batch_review.md#bat-job
CPF-SC-000937,CPF-FR-004759,BAT-ITEM,P0,BATCH,POSITIVE,[BAT-ITEM] 정상 수직 흐름,Batch 개발자·운영자,최신 exact SHA; 유효 입력과 권한,정상 데이터,요청→검증→처리→저장/전달→응답→감사,정상 상태·side effect·tracking 일치,Mock-only 또는 Consumer 미호출,Java25·적용 DB/Provider/Browser/Process 환경,Local/Remote·single/multi-instance 중 적용,source SHA·command·environment·start/end·exit code·pre/post state·report/artifact hash·sanitization,미검증,f97655c1299936a1101bc3ec10239265ec3b502e,cpf-docs/evidence/qa/QA_PARALLEL_12WAY_QA-12B_R5_f97655c/batch_review.md#bat-item,"Java25 다중 Process, 실제 DB/Broker, lease/fencing, kill/restart, sync/async call과 Browser E2E는 최신 SHA에서 수행되지 않았다",목표 환경 scenario 실행 Evidence 반영 후 QA 재검수,P07,Gateway·Batch·Messaging·외부연계·운영 Runtime,07-00000937,P07-BATCH-BAT-ITEM,P05;P06,CPF-GATE-07,BAT-ITEM,예,QA-12B-1,,"[BAT-ITEM] 정상 수직 흐름의 요구 경로에 대응하는 Source/contract/Test 후보는 확인했다. 그러나 Java25 다중 Process, 실제 DB/Broker, lease/fencing, kill/restart, sync/async call과 Browser E2E는 최신 SHA에서 수행되지 않았다. 제품 실패로 단정하지 않고 환경차이 미검증으로 유지한다.",,검수 후 환경차이 미검증,cpf-docs/evidence/qa/QA_PARALLEL_12WAY_QA-12B_R5_f97655c/batch_review.md#bat-item
CPF-SC-000938,CPF-FR-004759,BAT-ITEM,P0,BATCH,INVALID,[BAT-ITEM] 입력·경계 오류,Batch 개발자·운영자,최신 exact SHA; 유효 Session,invalid/empty/oversize/unknown enum,각 invalid 제출,표준 field/path 오류·side effect 0,500/raw exception/부분 저장,Java25·적용 DB/Provider/Browser/Process 환경,Local/Remote·single/multi-instance 중 적용,source SHA·command·environment·start/end·exit code·pre/post state·report/artifact hash·sanitization,미검증,f97655c1299936a1101bc3ec10239265ec3b502e,cpf-docs/evidence/qa/QA_PARALLEL_12WAY_QA-12B_R5_f97655c/batch_review.md#bat-item,"Java25 다중 Process, 실제 DB/Broker, lease/fencing, kill/restart, sync/async call과 Browser E2E는 최신 SHA에서 수행되지 않았다",목표 환경 scenario 실행 Evidence 반영 후 QA 재검수,P07,Gateway·Batch·Messaging·외부연계·운영 Runtime,07-00000938,P07-BATCH-BAT-ITEM,P05;P06,CPF-GATE-07,BAT-ITEM,예,QA-12B-1,,"[BAT-ITEM] 입력·경계 오류의 요구 경로에 대응하는 Source/contract/Test 후보는 확인했다. 그러나 Java25 다중 Process, 실제 DB/Broker, lease/fencing, kill/restart, sync/async call과 Browser E2E는 최신 SHA에서 수행되지 않았다. 제품 실패로 단정하지 않고 환경차이 미검증으로 유지한다.",,검수 후 환경차이 미검증,cpf-docs/evidence/qa/QA_PARALLEL_12WAY_QA-12B_R5_f97655c/batch_review.md#bat-item
CPF-SC-000939,CPF-FR-004759,BAT-ITEM,P0,BATCH,UNAUTHORIZED,[BAT-ITEM] 미인증·권한 부족,Batch 개발자·운영자,최신 exact SHA; 권한 없는 principal,401/403 대상,UI 직접 URL/API/Method 호출,Server 거부·Audit·민감정보 0,버튼만 숨김/default allow,Java25·적용 DB/Provider/Browser/Process 환경,Local/Remote·single/multi-instance 중 적용,source SHA·command·environment·start/end·exit code·pre/post state·report/artifact hash·sanitization,미검증,f97655c1299936a1101bc3ec10239265ec3b502e,cpf-docs/evidence/qa/QA_PARALLEL_12WAY_QA-12B_R5_f97655c/batch_review.md#bat-item,"Java25 다중 Process, 실제 DB/Broker, lease/fencing, kill/restart, sync/async call과 Browser E2E는 최신 SHA에서 수행되지 않았다",목표 환경 scenario 실행 Evidence 반영 후 QA 재검수,P07,Gateway·Batch·Messaging·외부연계·운영 Runtime,07-00000939,P07-BATCH-BAT-ITEM,P05;P06,CPF-GATE-07,BAT-ITEM,예,QA-12B-1,,"[BAT-ITEM] 미인증·권한 부족의 요구 경로에 대응하는 Source/contract/Test 후보는 확인했다. 그러나 Java25 다중 Process, 실제 DB/Broker, lease/fencing, kill/restart, sync/async call과 Browser E2E는 최신 SHA에서 수행되지 않았다. 제품 실패로 단정하지 않고 환경차이 미검증으로 유지한다.",,검수 후 환경차이 미검증,cpf-docs/evidence/qa/QA_PARALLEL_12WAY_QA-12B_R5_f97655c/batch_review.md#bat-item
CPF-SC-000940,CPF-FR-004759,BAT-ITEM,P0,BATCH,CONFLICT,[BAT-ITEM] Version·Hash 충돌,Batch 개발자·운영자,최신 exact SHA; 기존 version,stale expectedVersion/다른 hash,동시/재시도 요청,409·기존 결과 보존·lost update 0,후행 요청 덮어씀,Java25·적용 DB/Provider/Browser/Process 환경,Local/Remote·single/multi-instance 중 적용,source SHA·command·environment·start/end·exit code·pre/post state·report/artifact hash·sanitization,미검증,f97655c1299936a1101bc3ec10239265ec3b502e,cpf-docs/evidence/qa/QA_PARALLEL_12WAY_QA-12B_R5_f97655c/batch_review.md#bat-item,"Java25 다중 Process, 실제 DB/Broker, lease/fencing, kill/restart, sync/async call과 Browser E2E는 최신 SHA에서 수행되지 않았다",목표 환경 scenario 실행 Evidence 반영 후 QA 재검수,P07,Gateway·Batch·Messaging·외부연계·운영 Runtime,07-00000940,P07-BATCH-BAT-ITEM,P05;P06,CPF-GATE-07,BAT-ITEM,예,QA-12B-1,,"[BAT-ITEM] Version·Hash 충돌의 요구 경로에 대응하는 Source/contract/Test 후보는 확인했다. 그러나 Java25 다중 Process, 실제 DB/Broker, lease/fencing, kill/restart, sync/async call과 Browser E2E는 최신 SHA에서 수행되지 않았다. 제품 실패로 단정하지 않고 환경차이 미검증으로 유지한다.",,검수 후 환경차이 미검증,cpf-docs/evidence/qa/QA_PARALLEL_12WAY_QA-12B_R5_f97655c/batch_review.md#bat-item
CPF-SC-000941,CPF-FR-004759,BAT-ITEM,P0,BATCH,DUPLICATE,[BAT-ITEM] 중복 요청,Batch 개발자·운영자,최신 exact SHA; 같은 operationId,동일/상이 payload,동시·순차 중복,"동일 replay, 다른 payload conflict",side effect 2회,Java25·적용 DB/Provider/Browser/Process 환경,Local/Remote·single/multi-instance 중 적용,source SHA·command·environment·start/end·exit code·pre/post state·report/artifact hash·sanitization,미검증,f97655c1299936a1101bc3ec10239265ec3b502e,cpf-docs/evidence/qa/QA_PARALLEL_12WAY_QA-12B_R5_f97655c/batch_review.md#bat-item,"Java25 다중 Process, 실제 DB/Broker, lease/fencing, kill/restart, sync/async call과 Browser E2E는 최신 SHA에서 수행되지 않았다",목표 환경 scenario 실행 Evidence 반영 후 QA 재검수,P07,Gateway·Batch·Messaging·외부연계·운영 Runtime,07-00000941,P07-BATCH-BAT-ITEM,P05;P06,CPF-GATE-07,BAT-ITEM,예,QA-12B-1,,"[BAT-ITEM] 중복 요청의 요구 경로에 대응하는 Source/contract/Test 후보는 확인했다. 그러나 Java25 다중 Process, 실제 DB/Broker, lease/fencing, kill/restart, sync/async call과 Browser E2E는 최신 SHA에서 수행되지 않았다. 제품 실패로 단정하지 않고 환경차이 미검증으로 유지한다.",,검수 후 환경차이 미검증,cpf-docs/evidence/qa/QA_PARALLEL_12WAY_QA-12B_R5_f97655c/batch_review.md#bat-item
CPF-SC-000942,CPF-FR-004759,BAT-ITEM,P0,BATCH,TIMEOUT_PRE,[BAT-ITEM] Side effect 전 Timeout,Batch 개발자·운영자,최신 exact SHA; dependency delay,connect/header timeout,timeout 주입,retryable failure·side effect 0,UNKNOWN/성공 오인,Java25·적용 DB/Provider/Browser/Process 환경,Local/Remote·single/multi-instance 중 적용,source SHA·command·environment·start/end·exit code·pre/post state·report/artifact hash·sanitization,미검증,f97655c1299936a1101bc3ec10239265ec3b502e,cpf-docs/evidence/qa/QA_PARALLEL_12WAY_QA-12B_R5_f97655c/batch_review.md#bat-item,"Java25 다중 Process, 실제 DB/Broker, lease/fencing, kill/restart, sync/async call과 Browser E2E는 최신 SHA에서 수행되지 않았다",목표 환경 scenario 실행 Evidence 반영 후 QA 재검수,P07,Gateway·Batch·Messaging·외부연계·운영 Runtime,07-00000942,P07-BATCH-BAT-ITEM,P05;P06,CPF-GATE-07,BAT-ITEM,예,QA-12B-1,,"[BAT-ITEM] Side effect 전 Timeout의 요구 경로에 대응하는 Source/contract/Test 후보는 확인했다. 그러나 Java25 다중 Process, 실제 DB/Broker, lease/fencing, kill/restart, sync/async call과 Browser E2E는 최신 SHA에서 수행되지 않았다. 제품 실패로 단정하지 않고 환경차이 미검증으로 유지한다.",,검수 후 환경차이 미검증,cpf-docs/evidence/qa/QA_PARALLEL_12WAY_QA-12B_R5_f97655c/batch_review.md#bat-item
CPF-SC-000943,CPF-FR-004759,BAT-ITEM,P0,BATCH,RESPONSE_LOSS,[BAT-ITEM] Side effect 후 응답 유실,Batch 개발자·운영자,최신 exact SHA; Owner commit,commit 후 reset,응답 차단,UNKNOWN·blind retry 금지·reconcile,자동 실패/무조건 retry,Java25·적용 DB/Provider/Browser/Process 환경,Local/Remote·single/multi-instance 중 적용,source SHA·command·environment·start/end·exit code·pre/post state·report/artifact hash·sanitization,미검증,f97655c1299936a1101bc3ec10239265ec3b502e,cpf-docs/evidence/qa/QA_PARALLEL_12WAY_QA-12B_R5_f97655c/batch_review.md#bat-item,"Java25 다중 Process, 실제 DB/Broker, lease/fencing, kill/restart, sync/async call과 Browser E2E는 최신 SHA에서 수행되지 않았다",목표 환경 scenario 실행 Evidence 반영 후 QA 재검수,P07,Gateway·Batch·Messaging·외부연계·운영 Runtime,07-00000943,P07-BATCH-BAT-ITEM,P05;P06,CPF-GATE-07,BAT-ITEM,예,QA-12B-1,,"[BAT-ITEM] Side effect 후 응답 유실의 요구 경로에 대응하는 Source/contract/Test 후보는 확인했다. 그러나 Java25 다중 Process, 실제 DB/Broker, lease/fencing, kill/restart, sync/async call과 Browser E2E는 최신 SHA에서 수행되지 않았다. 제품 실패로 단정하지 않고 환경차이 미검증으로 유지한다.",,검수 후 환경차이 미검증,cpf-docs/evidence/qa/QA_PARALLEL_12WAY_QA-12B_R5_f97655c/batch_review.md#bat-item
CPF-SC-000944,CPF-FR-004759,BAT-ITEM,P0,BATCH,PARTIAL,[BAT-ITEM] 부분 실패,Batch 개발자·운영자,최신 exact SHA; 다중 대상/항목,일부 target failure,group 실행,개별 성공/실패/unknown 보존,전체 성공/실패로 축약,Java25·적용 DB/Provider/Browser/Process 환경,Local/Remote·single/multi-instance 중 적용,source SHA·command·environment·start/end·exit code·pre/post state·report/artifact hash·sanitization,미검증,f97655c1299936a1101bc3ec10239265ec3b502e,cpf-docs/evidence/qa/QA_PARALLEL_12WAY_QA-12B_R5_f97655c/batch_review.md#bat-item,"Java25 다중 Process, 실제 DB/Broker, lease/fencing, kill/restart, sync/async call과 Browser E2E는 최신 SHA에서 수행되지 않았다",목표 환경 scenario 실행 Evidence 반영 후 QA 재검수,P07,Gateway·Batch·Messaging·외부연계·운영 Runtime,07-00000944,P07-BATCH-BAT-ITEM,P05;P06,CPF-GATE-07,BAT-ITEM,예,QA-12B-1,,"[BAT-ITEM] 부분 실패의 요구 경로에 대응하는 Source/contract/Test 후보는 확인했다. 그러나 Java25 다중 Process, 실제 DB/Broker, lease/fencing, kill/restart, sync/async call과 Browser E2E는 최신 SHA에서 수행되지 않았다. 제품 실패로 단정하지 않고 환경차이 미검증으로 유지한다.",,검수 후 환경차이 미검증,cpf-docs/evidence/qa/QA_PARALLEL_12WAY_QA-12B_R5_f97655c/batch_review.md#bat-item
CPF-SC-000945,CPF-FR-004759,BAT-ITEM,P0,BATCH,PROCESS_KILL,[BAT-ITEM] Process Kill·Restart,Batch 개발자·운영자,최신 exact SHA; durable state,worker kill,claim/apply 후 종료·재기동,lease 회수·stale fencing·복구,고아 상태·중복,Java25·적용 DB/Provider/Browser/Process 환경,Local/Remote·single/multi-instance 중 적용,source SHA·command·environment·start/end·exit code·pre/post state·report/artifact hash·sanitization,미검증,f97655c1299936a1101bc3ec10239265ec3b502e,cpf-docs/evidence/qa/QA_PARALLEL_12WAY_QA-12B_R5_f97655c/batch_review.md#bat-item,"Java25 다중 Process, 실제 DB/Broker, lease/fencing, kill/restart, sync/async call과 Browser E2E는 최신 SHA에서 수행되지 않았다",목표 환경 scenario 실행 Evidence 반영 후 QA 재검수,P07,Gateway·Batch·Messaging·외부연계·운영 Runtime,07-00000945,P07-BATCH-BAT-ITEM,P05;P06,CPF-GATE-07,BAT-ITEM,예,QA-12B-1,,"[BAT-ITEM] Process Kill·Restart의 요구 경로에 대응하는 Source/contract/Test 후보는 확인했다. 그러나 Java25 다중 Process, 실제 DB/Broker, lease/fencing, kill/restart, sync/async call과 Browser E2E는 최신 SHA에서 수행되지 않았다. 제품 실패로 단정하지 않고 환경차이 미검증으로 유지한다.",,검수 후 환경차이 미검증,cpf-docs/evidence/qa/QA_PARALLEL_12WAY_QA-12B_R5_f97655c/batch_review.md#bat-item
CPF-SC-000946,CPF-FR-004759,BAT-ITEM,P0,BATCH,MULTI_INSTANCE,[BAT-ITEM] 다중 Instance,Batch 개발자·운영자,최신 exact SHA; 2개 이상,공유 DB/queue,동시 처리·failover·rejoin,version/state 일치·중복 0,local state 의존,Java25·적용 DB/Provider/Browser/Process 환경,Local/Remote·single/multi-instance 중 적용,source SHA·command·environment·start/end·exit code·pre/post state·report/artifact hash·sanitization,미검증,f97655c1299936a1101bc3ec10239265ec3b502e,cpf-docs/evidence/qa/QA_PARALLEL_12WAY_QA-12B_R5_f97655c/batch_review.md#bat-item,"Java25 다중 Process, 실제 DB/Broker, lease/fencing, kill/restart, sync/async call과 Browser E2E는 최신 SHA에서 수행되지 않았다",목표 환경 scenario 실행 Evidence 반영 후 QA 재검수,P07,Gateway·Batch·Messaging·외부연계·운영 Runtime,07-00000946,P07-BATCH-BAT-ITEM,P05;P06,CPF-GATE-07,BAT-ITEM,예,QA-12B-1,,"[BAT-ITEM] 다중 Instance의 요구 경로에 대응하는 Source/contract/Test 후보는 확인했다. 그러나 Java25 다중 Process, 실제 DB/Broker, lease/fencing, kill/restart, sync/async call과 Browser E2E는 최신 SHA에서 수행되지 않았다. 제품 실패로 단정하지 않고 환경차이 미검증으로 유지한다.",,검수 후 환경차이 미검증,cpf-docs/evidence/qa/QA_PARALLEL_12WAY_QA-12B_R5_f97655c/batch_review.md#bat-item
CPF-SC-000947,CPF-FR-004759,BAT-ITEM,P0,BATCH,ROLLBACK,[BAT-ITEM] Rollback/Forward Recovery,Batch 개발자·운영자,최신 exact SHA; 변경 전 snapshot,적용 후 결함,rollback/forward fix,데이터 보존·actual 일치·audit,부분 rollback·drift,Java25·적용 DB/Provider/Browser/Process 환경,Local/Remote·single/multi-instance 중 적용,source SHA·command·environment·start/end·exit code·pre/post state·report/artifact hash·sanitization,미검증,f97655c1299936a1101bc3ec10239265ec3b502e,cpf-docs/evidence/qa/QA_PARALLEL_12WAY_QA-12B_R5_f97655c/batch_review.md#bat-item,"Java25 다중 Process, 실제 DB/Broker, lease/fencing, kill/restart, sync/async call과 Browser E2E는 최신 SHA에서 수행되지 않았다",목표 환경 scenario 실행 Evidence 반영 후 QA 재검수,P07,Gateway·Batch·Messaging·외부연계·운영 Runtime,07-00000947,P07-BATCH-BAT-ITEM,P05;P06,CPF-GATE-07,BAT-ITEM,예,QA-12B-1,,"[BAT-ITEM] Rollback/Forward Recovery의 요구 경로에 대응하는 Source/contract/Test 후보는 확인했다. 그러나 Java25 다중 Process, 실제 DB/Broker, lease/fencing, kill/restart, sync/async call과 Browser E2E는 최신 SHA에서 수행되지 않았다. 제품 실패로 단정하지 않고 환경차이 미검증으로 유지한다.",,검수 후 환경차이 미검증,cpf-docs/evidence/qa/QA_PARALLEL_12WAY_QA-12B_R5_f97655c/batch_review.md#bat-item
CPF-SC-000948,CPF-FR-004759,BAT-ITEM,P0,BATCH,SECURITY_LEAK,[BAT-ITEM] 민감정보 누출,Batch 개발자·운영자,최신 exact SHA; PII/Secret fixture,오류·Log·UI·Download,정상/실패 실행,원문 0 또는 승인 범위,Log/DOM/Storage/Evidence 원문,Java25·적용 DB/Provider/Browser/Process 환경,Local/Remote·single/multi-instance 중 적용,source SHA·command·environment·start/end·exit code·pre/post state·report/artifact hash·sanitization,미검증,f97655c1299936a1101bc3ec10239265ec3b502e,cpf-docs/evidence/qa/QA_PARALLEL_12WAY_QA-12B_R5_f97655c/batch_review.md#bat-item,"Java25 다중 Process, 실제 DB/Broker, lease/fencing, kill/restart, sync/async call과 Browser E2E는 최신 SHA에서 수행되지 않았다",목표 환경 scenario 실행 Evidence 반영 후 QA 재검수,P07,Gateway·Batch·Messaging·외부연계·운영 Runtime,07-00000948,P07-BATCH-BAT-ITEM,P05;P06,CPF-GATE-07,BAT-ITEM,예,QA-12B-1,,"[BAT-ITEM] 민감정보 누출의 요구 경로에 대응하는 Source/contract/Test 후보는 확인했다. 그러나 Java25 다중 Process, 실제 DB/Broker, lease/fencing, kill/restart, sync/async call과 Browser E2E는 최신 SHA에서 수행되지 않았다. 제품 실패로 단정하지 않고 환경차이 미검증으로 유지한다.",,검수 후 환경차이 미검증,cpf-docs/evidence/qa/QA_PARALLEL_12WAY_QA-12B_R5_f97655c/batch_review.md#bat-item
CPF-SC-000949,CPF-FR-004820,BAT-EXECUTOR,P0,BATCH,POSITIVE,[BAT-EXECUTOR] 정상 수직 흐름,Batch 개발자·운영자,최신 exact SHA; 유효 입력과 권한,정상 데이터,요청→검증→처리→저장/전달→응답→감사,정상 상태·side effect·tracking 일치,Mock-only 또는 Consumer 미호출,Java25·적용 DB/Provider/Browser/Process 환경,Local/Remote·single/multi-instance 중 적용,source SHA·command·environment·start/end·exit code·pre/post state·report/artifact hash·sanitization,미검증,f97655c1299936a1101bc3ec10239265ec3b502e,cpf-docs/evidence/qa/QA_PARALLEL_12WAY_QA-12B_R5_f97655c/batch_review.md#bat-executor,"Java25 다중 Process, 실제 DB/Broker, lease/fencing, kill/restart, sync/async call과 Browser E2E는 최신 SHA에서 수행되지 않았다",목표 환경 scenario 실행 Evidence 반영 후 QA 재검수,P07,Gateway·Batch·Messaging·외부연계·운영 Runtime,07-00000949,P07-BATCH-BAT-EXECUTOR,P05;P06,CPF-GATE-07,BAT-EXECUTOR,예,QA-12B-1,,"[BAT-EXECUTOR] 정상 수직 흐름의 요구 경로에 대응하는 Source/contract/Test 후보는 확인했다. 그러나 Java25 다중 Process, 실제 DB/Broker, lease/fencing, kill/restart, sync/async call과 Browser E2E는 최신 SHA에서 수행되지 않았다. 제품 실패로 단정하지 않고 환경차이 미검증으로 유지한다.",,검수 후 환경차이 미검증,cpf-docs/evidence/qa/QA_PARALLEL_12WAY_QA-12B_R5_f97655c/batch_review.md#bat-executor
CPF-SC-000950,CPF-FR-004820,BAT-EXECUTOR,P0,BATCH,INVALID,[BAT-EXECUTOR] 입력·경계 오류,Batch 개발자·운영자,최신 exact SHA; 유효 Session,invalid/empty/oversize/unknown enum,각 invalid 제출,표준 field/path 오류·side effect 0,500/raw exception/부분 저장,Java25·적용 DB/Provider/Browser/Process 환경,Local/Remote·single/multi-instance 중 적용,source SHA·command·environment·start/end·exit code·pre/post state·report/artifact hash·sanitization,미검증,f97655c1299936a1101bc3ec10239265ec3b502e,cpf-docs/evidence/qa/QA_PARALLEL_12WAY_QA-12B_R5_f97655c/batch_review.md#bat-executor,"Java25 다중 Process, 실제 DB/Broker, lease/fencing, kill/restart, sync/async call과 Browser E2E는 최신 SHA에서 수행되지 않았다",목표 환경 scenario 실행 Evidence 반영 후 QA 재검수,P07,Gateway·Batch·Messaging·외부연계·운영 Runtime,07-00000950,P07-BATCH-BAT-EXECUTOR,P05;P06,CPF-GATE-07,BAT-EXECUTOR,예,QA-12B-1,,"[BAT-EXECUTOR] 입력·경계 오류의 요구 경로에 대응하는 Source/contract/Test 후보는 확인했다. 그러나 Java25 다중 Process, 실제 DB/Broker, lease/fencing, kill/restart, sync/async call과 Browser E2E는 최신 SHA에서 수행되지 않았다. 제품 실패로 단정하지 않고 환경차이 미검증으로 유지한다.",,검수 후 환경차이 미검증,cpf-docs/evidence/qa/QA_PARALLEL_12WAY_QA-12B_R5_f97655c/batch_review.md#bat-executor
CPF-SC-000951,CPF-FR-004820,BAT-EXECUTOR,P0,BATCH,UNAUTHORIZED,[BAT-EXECUTOR] 미인증·권한 부족,Batch 개발자·운영자,최신 exact SHA; 권한 없는 principal,401/403 대상,UI 직접 URL/API/Method 호출,Server 거부·Audit·민감정보 0,버튼만 숨김/default allow,Java25·적용 DB/Provider/Browser/Process 환경,Local/Remote·single/multi-instance 중 적용,source SHA·command·environment·start/end·exit code·pre/post state·report/artifact hash·sanitization,미검증,f97655c1299936a1101bc3ec10239265ec3b502e,cpf-docs/evidence/qa/QA_PARALLEL_12WAY_QA-12B_R5_f97655c/batch_review.md#bat-executor,"Java25 다중 Process, 실제 DB/Broker, lease/fencing, kill/restart, sync/async call과 Browser E2E는 최신 SHA에서 수행되지 않았다",목표 환경 scenario 실행 Evidence 반영 후 QA 재검수,P07,Gateway·Batch·Messaging·외부연계·운영 Runtime,07-00000951,P07-BATCH-BAT-EXECUTOR,P05;P06,CPF-GATE-07,BAT-EXECUTOR,예,QA-12B-1,,"[BAT-EXECUTOR] 미인증·권한 부족의 요구 경로에 대응하는 Source/contract/Test 후보는 확인했다. 그러나 Java25 다중 Process, 실제 DB/Broker, lease/fencing, kill/restart, sync/async call과 Browser E2E는 최신 SHA에서 수행되지 않았다. 제품 실패로 단정하지 않고 환경차이 미검증으로 유지한다.",,검수 후 환경차이 미검증,cpf-docs/evidence/qa/QA_PARALLEL_12WAY_QA-12B_R5_f97655c/batch_review.md#bat-executor
CPF-SC-000952,CPF-FR-004820,BAT-EXECUTOR,P0,BATCH,CONFLICT,[BAT-EXECUTOR] Version·Hash 충돌,Batch 개발자·운영자,최신 exact SHA; 기존 version,stale expectedVersion/다른 hash,동시/재시도 요청,409·기존 결과 보존·lost update 0,후행 요청 덮어씀,Java25·적용 DB/Provider/Browser/Process 환경,Local/Remote·single/multi-instance 중 적용,source SHA·command·environment·start/end·exit code·pre/post state·report/artifact hash·sanitization,미검증,f97655c1299936a1101bc3ec10239265ec3b502e,cpf-docs/evidence/qa/QA_PARALLEL_12WAY_QA-12B_R5_f97655c/batch_review.md#bat-executor,"Java25 다중 Process, 실제 DB/Broker, lease/fencing, kill/restart, sync/async call과 Browser E2E는 최신 SHA에서 수행되지 않았다",목표 환경 scenario 실행 Evidence 반영 후 QA 재검수,P07,Gateway·Batch·Messaging·외부연계·운영 Runtime,07-00000952,P07-BATCH-BAT-EXECUTOR,P05;P06,CPF-GATE-07,BAT-EXECUTOR,예,QA-12B-1,,"[BAT-EXECUTOR] Version·Hash 충돌의 요구 경로에 대응하는 Source/contract/Test 후보는 확인했다. 그러나 Java25 다중 Process, 실제 DB/Broker, lease/fencing, kill/restart, sync/async call과 Browser E2E는 최신 SHA에서 수행되지 않았다. 제품 실패로 단정하지 않고 환경차이 미검증으로 유지한다.",,검수 후 환경차이 미검증,cpf-docs/evidence/qa/QA_PARALLEL_12WAY_QA-12B_R5_f97655c/batch_review.md#bat-executor
CPF-SC-000953,CPF-FR-004820,BAT-EXECUTOR,P0,BATCH,DUPLICATE,[BAT-EXECUTOR] 중복 요청,Batch 개발자·운영자,최신 exact SHA; 같은 operationId,동일/상이 payload,동시·순차 중복,"동일 replay, 다른 payload conflict",side effect 2회,Java25·적용 DB/Provider/Browser/Process 환경,Local/Remote·single/multi-instance 중 적용,source SHA·command·environment·start/end·exit code·pre/post state·report/artifact hash·sanitization,미검증,f97655c1299936a1101bc3ec10239265ec3b502e,cpf-docs/evidence/qa/QA_PARALLEL_12WAY_QA-12B_R5_f97655c/batch_review.md#bat-executor,"Java25 다중 Process, 실제 DB/Broker, lease/fencing, kill/restart, sync/async call과 Browser E2E는 최신 SHA에서 수행되지 않았다",목표 환경 scenario 실행 Evidence 반영 후 QA 재검수,P07,Gateway·Batch·Messaging·외부연계·운영 Runtime,07-00000953,P07-BATCH-BAT-EXECUTOR,P05;P06,CPF-GATE-07,BAT-EXECUTOR,예,QA-12B-1,,"[BAT-EXECUTOR] 중복 요청의 요구 경로에 대응하는 Source/contract/Test 후보는 확인했다. 그러나 Java25 다중 Process, 실제 DB/Broker, lease/fencing, kill/restart, sync/async call과 Browser E2E는 최신 SHA에서 수행되지 않았다. 제품 실패로 단정하지 않고 환경차이 미검증으로 유지한다.",,검수 후 환경차이 미검증,cpf-docs/evidence/qa/QA_PARALLEL_12WAY_QA-12B_R5_f97655c/batch_review.md#bat-executor
CPF-SC-000954,CPF-FR-004820,BAT-EXECUTOR,P0,BATCH,TIMEOUT_PRE,[BAT-EXECUTOR] Side effect 전 Timeout,Batch 개발자·운영자,최신 exact SHA; dependency delay,connect/header timeout,timeout 주입,retryable failure·side effect 0,UNKNOWN/성공 오인,Java25·적용 DB/Provider/Browser/Process 환경,Local/Remote·single/multi-instance 중 적용,source SHA·command·environment·start/end·exit code·pre/post state·report/artifact hash·sanitization,미검증,f97655c1299936a1101bc3ec10239265ec3b502e,cpf-docs/evidence/qa/QA_PARALLEL_12WAY_QA-12B_R5_f97655c/batch_review.md#bat-executor,"Java25 다중 Process, 실제 DB/Broker, lease/fencing, kill/restart, sync/async call과 Browser E2E는 최신 SHA에서 수행되지 않았다",목표 환경 scenario 실행 Evidence 반영 후 QA 재검수,P07,Gateway·Batch·Messaging·외부연계·운영 Runtime,07-00000954,P07-BATCH-BAT-EXECUTOR,P05;P06,CPF-GATE-07,BAT-EXECUTOR,예,QA-12B-1,,"[BAT-EXECUTOR] Side effect 전 Timeout의 요구 경로에 대응하는 Source/contract/Test 후보는 확인했다. 그러나 Java25 다중 Process, 실제 DB/Broker, lease/fencing, kill/restart, sync/async call과 Browser E2E는 최신 SHA에서 수행되지 않았다. 제품 실패로 단정하지 않고 환경차이 미검증으로 유지한다.",,검수 후 환경차이 미검증,cpf-docs/evidence/qa/QA_PARALLEL_12WAY_QA-12B_R5_f97655c/batch_review.md#bat-executor
CPF-SC-000955,CPF-FR-004820,BAT-EXECUTOR,P0,BATCH,RESPONSE_LOSS,[BAT-EXECUTOR] Side effect 후 응답 유실,Batch 개발자·운영자,최신 exact SHA; Owner commit,commit 후 reset,응답 차단,UNKNOWN·blind retry 금지·reconcile,자동 실패/무조건 retry,Java25·적용 DB/Provider/Browser/Process 환경,Local/Remote·single/multi-instance 중 적용,source SHA·command·environment·start/end·exit code·pre/post state·report/artifact hash·sanitization,미검증,f97655c1299936a1101bc3ec10239265ec3b502e,cpf-docs/evidence/qa/QA_PARALLEL_12WAY_QA-12B_R5_f97655c/batch_review.md#bat-executor,"Java25 다중 Process, 실제 DB/Broker, lease/fencing, kill/restart, sync/async call과 Browser E2E는 최신 SHA에서 수행되지 않았다",목표 환경 scenario 실행 Evidence 반영 후 QA 재검수,P07,Gateway·Batch·Messaging·외부연계·운영 Runtime,07-00000955,P07-BATCH-BAT-EXECUTOR,P05;P06,CPF-GATE-07,BAT-EXECUTOR,예,QA-12B-1,,"[BAT-EXECUTOR] Side effect 후 응답 유실의 요구 경로에 대응하는 Source/contract/Test 후보는 확인했다. 그러나 Java25 다중 Process, 실제 DB/Broker, lease/fencing, kill/restart, sync/async call과 Browser E2E는 최신 SHA에서 수행되지 않았다. 제품 실패로 단정하지 않고 환경차이 미검증으로 유지한다.",,검수 후 환경차이 미검증,cpf-docs/evidence/qa/QA_PARALLEL_12WAY_QA-12B_R5_f97655c/batch_review.md#bat-executor
CPF-SC-000956,CPF-FR-004820,BAT-EXECUTOR,P0,BATCH,PARTIAL,[BAT-EXECUTOR] 부분 실패,Batch 개발자·운영자,최신 exact SHA; 다중 대상/항목,일부 target failure,group 실행,개별 성공/실패/unknown 보존,전체 성공/실패로 축약,Java25·적용 DB/Provider/Browser/Process 환경,Local/Remote·single/multi-instance 중 적용,source SHA·command·environment·start/end·exit code·pre/post state·report/artifact hash·sanitization,미검증,f97655c1299936a1101bc3ec10239265ec3b502e,cpf-docs/evidence/qa/QA_PARALLEL_12WAY_QA-12B_R5_f97655c/batch_review.md#bat-executor,"Java25 다중 Process, 실제 DB/Broker, lease/fencing, kill/restart, sync/async call과 Browser E2E는 최신 SHA에서 수행되지 않았다",목표 환경 scenario 실행 Evidence 반영 후 QA 재검수,P07,Gateway·Batch·Messaging·외부연계·운영 Runtime,07-00000956,P07-BATCH-BAT-EXECUTOR,P05;P06,CPF-GATE-07,BAT-EXECUTOR,예,QA-12B-1,,"[BAT-EXECUTOR] 부분 실패의 요구 경로에 대응하는 Source/contract/Test 후보는 확인했다. 그러나 Java25 다중 Process, 실제 DB/Broker, lease/fencing, kill/restart, sync/async call과 Browser E2E는 최신 SHA에서 수행되지 않았다. 제품 실패로 단정하지 않고 환경차이 미검증으로 유지한다.",,검수 후 환경차이 미검증,cpf-docs/evidence/qa/QA_PARALLEL_12WAY_QA-12B_R5_f97655c/batch_review.md#bat-executor
CPF-SC-000957,CPF-FR-004820,BAT-EXECUTOR,P0,BATCH,PROCESS_KILL,[BAT-EXECUTOR] Process Kill·Restart,Batch 개발자·운영자,최신 exact SHA; durable state,worker kill,claim/apply 후 종료·재기동,lease 회수·stale fencing·복구,고아 상태·중복,Java25·적용 DB/Provider/Browser/Process 환경,Local/Remote·single/multi-instance 중 적용,source SHA·command·environment·start/end·exit code·pre/post state·report/artifact hash·sanitization,미검증,f97655c1299936a1101bc3ec10239265ec3b502e,cpf-docs/evidence/qa/QA_PARALLEL_12WAY_QA-12B_R5_f97655c/batch_review.md#bat-executor,"Java25 다중 Process, 실제 DB/Broker, lease/fencing, kill/restart, sync/async call과 Browser E2E는 최신 SHA에서 수행되지 않았다",목표 환경 scenario 실행 Evidence 반영 후 QA 재검수,P07,Gateway·Batch·Messaging·외부연계·운영 Runtime,07-00000957,P07-BATCH-BAT-EXECUTOR,P05;P06,CPF-GATE-07,BAT-EXECUTOR,예,QA-12B-1,,"[BAT-EXECUTOR] Process Kill·Restart의 요구 경로에 대응하는 Source/contract/Test 후보는 확인했다. 그러나 Java25 다중 Process, 실제 DB/Broker, lease/fencing, kill/restart, sync/async call과 Browser E2E는 최신 SHA에서 수행되지 않았다. 제품 실패로 단정하지 않고 환경차이 미검증으로 유지한다.",,검수 후 환경차이 미검증,cpf-docs/evidence/qa/QA_PARALLEL_12WAY_QA-12B_R5_f97655c/batch_review.md#bat-executor
CPF-SC-000958,CPF-FR-004820,BAT-EXECUTOR,P0,BATCH,MULTI_INSTANCE,[BAT-EXECUTOR] 다중 Instance,Batch 개발자·운영자,최신 exact SHA; 2개 이상,공유 DB/queue,동시 처리·failover·rejoin,version/state 일치·중복 0,local state 의존,Java25·적용 DB/Provider/Browser/Process 환경,Local/Remote·single/multi-instance 중 적용,source SHA·command·environment·start/end·exit code·pre/post state·report/artifact hash·sanitization,미검증,f97655c1299936a1101bc3ec10239265ec3b502e,cpf-docs/evidence/qa/QA_PARALLEL_12WAY_QA-12B_R5_f97655c/batch_review.md#bat-executor,"Java25 다중 Process, 실제 DB/Broker, lease/fencing, kill/restart, sync/async call과 Browser E2E는 최신 SHA에서 수행되지 않았다",목표 환경 scenario 실행 Evidence 반영 후 QA 재검수,P07,Gateway·Batch·Messaging·외부연계·운영 Runtime,07-00000958,P07-BATCH-BAT-EXECUTOR,P05;P06,CPF-GATE-07,BAT-EXECUTOR,예,QA-12B-1,,"[BAT-EXECUTOR] 다중 Instance의 요구 경로에 대응하는 Source/contract/Test 후보는 확인했다. 그러나 Java25 다중 Process, 실제 DB/Broker, lease/fencing, kill/restart, sync/async call과 Browser E2E는 최신 SHA에서 수행되지 않았다. 제품 실패로 단정하지 않고 환경차이 미검증으로 유지한다.",,검수 후 환경차이 미검증,cpf-docs/evidence/qa/QA_PARALLEL_12WAY_QA-12B_R5_f97655c/batch_review.md#bat-executor
CPF-SC-000959,CPF-FR-004820,BAT-EXECUTOR,P0,BATCH,ROLLBACK,[BAT-EXECUTOR] Rollback/Forward Recovery,Batch 개발자·운영자,최신 exact SHA; 변경 전 snapshot,적용 후 결함,rollback/forward fix,데이터 보존·actual 일치·audit,부분 rollback·drift,Java25·적용 DB/Provider/Browser/Process 환경,Local/Remote·single/multi-instance 중 적용,source SHA·command·environment·start/end·exit code·pre/post state·report/artifact hash·sanitization,미검증,f97655c1299936a1101bc3ec10239265ec3b502e,cpf-docs/evidence/qa/QA_PARALLEL_12WAY_QA-12B_R5_f97655c/batch_review.md#bat-executor,"Java25 다중 Process, 실제 DB/Broker, lease/fencing, kill/restart, sync/async call과 Browser E2E는 최신 SHA에서 수행되지 않았다",목표 환경 scenario 실행 Evidence 반영 후 QA 재검수,P07,Gateway·Batch·Messaging·외부연계·운영 Runtime,07-00000959,P07-BATCH-BAT-EXECUTOR,P05;P06,CPF-GATE-07,BAT-EXECUTOR,예,QA-12B-1,,"[BAT-EXECUTOR] Rollback/Forward Recovery의 요구 경로에 대응하는 Source/contract/Test 후보는 확인했다. 그러나 Java25 다중 Process, 실제 DB/Broker, lease/fencing, kill/restart, sync/async call과 Browser E2E는 최신 SHA에서 수행되지 않았다. 제품 실패로 단정하지 않고 환경차이 미검증으로 유지한다.",,검수 후 환경차이 미검증,cpf-docs/evidence/qa/QA_PARALLEL_12WAY_QA-12B_R5_f97655c/batch_review.md#bat-executor
CPF-SC-000960,CPF-FR-004820,BAT-EXECUTOR,P0,BATCH,SECURITY_LEAK,[BAT-EXECUTOR] 민감정보 누출,Batch 개발자·운영자,최신 exact SHA; PII/Secret fixture,오류·Log·UI·Download,정상/실패 실행,원문 0 또는 승인 범위,Log/DOM/Storage/Evidence 원문,Java25·적용 DB/Provider/Browser/Process 환경,Local/Remote·single/multi-instance 중 적용,source SHA·command·environment·start/end·exit code·pre/post state·report/artifact hash·sanitization,미검증,f97655c1299936a1101bc3ec10239265ec3b502e,cpf-docs/evidence/qa/QA_PARALLEL_12WAY_QA-12B_R5_f97655c/batch_review.md#bat-executor,"Java25 다중 Process, 실제 DB/Broker, lease/fencing, kill/restart, sync/async call과 Browser E2E는 최신 SHA에서 수행되지 않았다",목표 환경 scenario 실행 Evidence 반영 후 QA 재검수,P07,Gateway·Batch·Messaging·외부연계·운영 Runtime,07-00000960,P07-BATCH-BAT-EXECUTOR,P05;P06,CPF-GATE-07,BAT-EXECUTOR,예,QA-12B-1,,"[BAT-EXECUTOR] 민감정보 누출의 요구 경로에 대응하는 Source/contract/Test 후보는 확인했다. 그러나 Java25 다중 Process, 실제 DB/Broker, lease/fencing, kill/restart, sync/async call과 Browser E2E는 최신 SHA에서 수행되지 않았다. 제품 실패로 단정하지 않고 환경차이 미검증으로 유지한다.",,검수 후 환경차이 미검증,cpf-docs/evidence/qa/QA_PARALLEL_12WAY_QA-12B_R5_f97655c/batch_review.md#bat-executor
CPF-SC-000961,CPF-FR-004881,BAT-AGENT,P0,BATCH,POSITIVE,[BAT-AGENT] 정상 수직 흐름,Batch 개발자·운영자,최신 exact SHA; 유효 입력과 권한,정상 데이터,요청→검증→처리→저장/전달→응답→감사,정상 상태·side effect·tracking 일치,Mock-only 또는 Consumer 미호출,Java25·적용 DB/Provider/Browser/Process 환경,Local/Remote·single/multi-instance 중 적용,source SHA·command·environment·start/end·exit code·pre/post state·report/artifact hash·sanitization,미검증,f97655c1299936a1101bc3ec10239265ec3b502e,cpf-docs/evidence/qa/QA_PARALLEL_12WAY_QA-12B_R5_f97655c/batch_review.md#bat-agent,"Java25 다중 Process, 실제 DB/Broker, lease/fencing, kill/restart, sync/async call과 Browser E2E는 최신 SHA에서 수행되지 않았다",목표 환경 scenario 실행 Evidence 반영 후 QA 재검수,P07,Gateway·Batch·Messaging·외부연계·운영 Runtime,07-00000961,P07-BATCH-BAT-AGENT,P05;P06,CPF-GATE-07,BAT-AGENT,예,QA-12B-1,,"[BAT-AGENT] 정상 수직 흐름의 요구 경로에 대응하는 Source/contract/Test 후보는 확인했다. 그러나 Java25 다중 Process, 실제 DB/Broker, lease/fencing, kill/restart, sync/async call과 Browser E2E는 최신 SHA에서 수행되지 않았다. 제품 실패로 단정하지 않고 환경차이 미검증으로 유지한다.",,검수 후 환경차이 미검증,cpf-docs/evidence/qa/QA_PARALLEL_12WAY_QA-12B_R5_f97655c/batch_review.md#bat-agent
CPF-SC-000962,CPF-FR-004881,BAT-AGENT,P0,BATCH,INVALID,[BAT-AGENT] 입력·경계 오류,Batch 개발자·운영자,최신 exact SHA; 유효 Session,invalid/empty/oversize/unknown enum,각 invalid 제출,표준 field/path 오류·side effect 0,500/raw exception/부분 저장,Java25·적용 DB/Provider/Browser/Process 환경,Local/Remote·single/multi-instance 중 적용,source SHA·command·environment·start/end·exit code·pre/post state·report/artifact hash·sanitization,미검증,f97655c1299936a1101bc3ec10239265ec3b502e,cpf-docs/evidence/qa/QA_PARALLEL_12WAY_QA-12B_R5_f97655c/batch_review.md#bat-agent,"Java25 다중 Process, 실제 DB/Broker, lease/fencing, kill/restart, sync/async call과 Browser E2E는 최신 SHA에서 수행되지 않았다",목표 환경 scenario 실행 Evidence 반영 후 QA 재검수,P07,Gateway·Batch·Messaging·외부연계·운영 Runtime,07-00000962,P07-BATCH-BAT-AGENT,P05;P06,CPF-GATE-07,BAT-AGENT,예,QA-12B-1,,"[BAT-AGENT] 입력·경계 오류의 요구 경로에 대응하는 Source/contract/Test 후보는 확인했다. 그러나 Java25 다중 Process, 실제 DB/Broker, lease/fencing, kill/restart, sync/async call과 Browser E2E는 최신 SHA에서 수행되지 않았다. 제품 실패로 단정하지 않고 환경차이 미검증으로 유지한다.",,검수 후 환경차이 미검증,cpf-docs/evidence/qa/QA_PARALLEL_12WAY_QA-12B_R5_f97655c/batch_review.md#bat-agent
CPF-SC-000963,CPF-FR-004881,BAT-AGENT,P0,BATCH,UNAUTHORIZED,[BAT-AGENT] 미인증·권한 부족,Batch 개발자·운영자,최신 exact SHA; 권한 없는 principal,401/403 대상,UI 직접 URL/API/Method 호출,Server 거부·Audit·민감정보 0,버튼만 숨김/default allow,Java25·적용 DB/Provider/Browser/Process 환경,Local/Remote·single/multi-instance 중 적용,source SHA·command·environment·start/end·exit code·pre/post state·report/artifact hash·sanitization,미검증,f97655c1299936a1101bc3ec10239265ec3b502e,cpf-docs/evidence/qa/QA_PARALLEL_12WAY_QA-12B_R5_f97655c/batch_review.md#bat-agent,"Java25 다중 Process, 실제 DB/Broker, lease/fencing, kill/restart, sync/async call과 Browser E2E는 최신 SHA에서 수행되지 않았다",목표 환경 scenario 실행 Evidence 반영 후 QA 재검수,P07,Gateway·Batch·Messaging·외부연계·운영 Runtime,07-00000963,P07-BATCH-BAT-AGENT,P05;P06,CPF-GATE-07,BAT-AGENT,예,QA-12B-1,,"[BAT-AGENT] 미인증·권한 부족의 요구 경로에 대응하는 Source/contract/Test 후보는 확인했다. 그러나 Java25 다중 Process, 실제 DB/Broker, lease/fencing, kill/restart, sync/async call과 Browser E2E는 최신 SHA에서 수행되지 않았다. 제품 실패로 단정하지 않고 환경차이 미검증으로 유지한다.",,검수 후 환경차이 미검증,cpf-docs/evidence/qa/QA_PARALLEL_12WAY_QA-12B_R5_f97655c/batch_review.md#bat-agent
CPF-SC-000964,CPF-FR-004881,BAT-AGENT,P0,BATCH,CONFLICT,[BAT-AGENT] Version·Hash 충돌,Batch 개발자·운영자,최신 exact SHA; 기존 version,stale expectedVersion/다른 hash,동시/재시도 요청,409·기존 결과 보존·lost update 0,후행 요청 덮어씀,Java25·적용 DB/Provider/Browser/Process 환경,Local/Remote·single/multi-instance 중 적용,source SHA·command·environment·start/end·exit code·pre/post state·report/artifact hash·sanitization,미검증,f97655c1299936a1101bc3ec10239265ec3b502e,cpf-docs/evidence/qa/QA_PARALLEL_12WAY_QA-12B_R5_f97655c/batch_review.md#bat-agent,"Java25 다중 Process, 실제 DB/Broker, lease/fencing, kill/restart, sync/async call과 Browser E2E는 최신 SHA에서 수행되지 않았다",목표 환경 scenario 실행 Evidence 반영 후 QA 재검수,P07,Gateway·Batch·Messaging·외부연계·운영 Runtime,07-00000964,P07-BATCH-BAT-AGENT,P05;P06,CPF-GATE-07,BAT-AGENT,예,QA-12B-1,,"[BAT-AGENT] Version·Hash 충돌의 요구 경로에 대응하는 Source/contract/Test 후보는 확인했다. 그러나 Java25 다중 Process, 실제 DB/Broker, lease/fencing, kill/restart, sync/async call과 Browser E2E는 최신 SHA에서 수행되지 않았다. 제품 실패로 단정하지 않고 환경차이 미검증으로 유지한다.",,검수 후 환경차이 미검증,cpf-docs/evidence/qa/QA_PARALLEL_12WAY_QA-12B_R5_f97655c/batch_review.md#bat-agent
CPF-SC-000965,CPF-FR-004881,BAT-AGENT,P0,BATCH,DUPLICATE,[BAT-AGENT] 중복 요청,Batch 개발자·운영자,최신 exact SHA; 같은 operationId,동일/상이 payload,동시·순차 중복,"동일 replay, 다른 payload conflict",side effect 2회,Java25·적용 DB/Provider/Browser/Process 환경,Local/Remote·single/multi-instance 중 적용,source SHA·command·environment·start/end·exit code·pre/post state·report/artifact hash·sanitization,미검증,f97655c1299936a1101bc3ec10239265ec3b502e,cpf-docs/evidence/qa/QA_PARALLEL_12WAY_QA-12B_R5_f97655c/batch_review.md#bat-agent,"Java25 다중 Process, 실제 DB/Broker, lease/fencing, kill/restart, sync/async call과 Browser E2E는 최신 SHA에서 수행되지 않았다",목표 환경 scenario 실행 Evidence 반영 후 QA 재검수,P07,Gateway·Batch·Messaging·외부연계·운영 Runtime,07-00000965,P07-BATCH-BAT-AGENT,P05;P06,CPF-GATE-07,BAT-AGENT,예,QA-12B-1,,"[BAT-AGENT] 중복 요청의 요구 경로에 대응하는 Source/contract/Test 후보는 확인했다. 그러나 Java25 다중 Process, 실제 DB/Broker, lease/fencing, kill/restart, sync/async call과 Browser E2E는 최신 SHA에서 수행되지 않았다. 제품 실패로 단정하지 않고 환경차이 미검증으로 유지한다.",,검수 후 환경차이 미검증,cpf-docs/evidence/qa/QA_PARALLEL_12WAY_QA-12B_R5_f97655c/batch_review.md#bat-agent
CPF-SC-000966,CPF-FR-004881,BAT-AGENT,P0,BATCH,TIMEOUT_PRE,[BAT-AGENT] Side effect 전 Timeout,Batch 개발자·운영자,최신 exact SHA; dependency delay,connect/header timeout,timeout 주입,retryable failure·side effect 0,UNKNOWN/성공 오인,Java25·적용 DB/Provider/Browser/Process 환경,Local/Remote·single/multi-instance 중 적용,source SHA·command·environment·start/end·exit code·pre/post state·report/artifact hash·sanitization,미검증,f97655c1299936a1101bc3ec10239265ec3b502e,cpf-docs/evidence/qa/QA_PARALLEL_12WAY_QA-12B_R5_f97655c/batch_review.md#bat-agent,"Java25 다중 Process, 실제 DB/Broker, lease/fencing, kill/restart, sync/async call과 Browser E2E는 최신 SHA에서 수행되지 않았다",목표 환경 scenario 실행 Evidence 반영 후 QA 재검수,P07,Gateway·Batch·Messaging·외부연계·운영 Runtime,07-00000966,P07-BATCH-BAT-AGENT,P05;P06,CPF-GATE-07,BAT-AGENT,예,QA-12B-1,,"[BAT-AGENT] Side effect 전 Timeout의 요구 경로에 대응하는 Source/contract/Test 후보는 확인했다. 그러나 Java25 다중 Process, 실제 DB/Broker, lease/fencing, kill/restart, sync/async call과 Browser E2E는 최신 SHA에서 수행되지 않았다. 제품 실패로 단정하지 않고 환경차이 미검증으로 유지한다.",,검수 후 환경차이 미검증,cpf-docs/evidence/qa/QA_PARALLEL_12WAY_QA-12B_R5_f97655c/batch_review.md#bat-agent
CPF-SC-000967,CPF-FR-004881,BAT-AGENT,P0,BATCH,RESPONSE_LOSS,[BAT-AGENT] Side effect 후 응답 유실,Batch 개발자·운영자,최신 exact SHA; Owner commit,commit 후 reset,응답 차단,UNKNOWN·blind retry 금지·reconcile,자동 실패/무조건 retry,Java25·적용 DB/Provider/Browser/Process 환경,Local/Remote·single/multi-instance 중 적용,source SHA·command·environment·start/end·exit code·pre/post state·report/artifact hash·sanitization,미검증,f97655c1299936a1101bc3ec10239265ec3b502e,cpf-docs/evidence/qa/QA_PARALLEL_12WAY_QA-12B_R5_f97655c/batch_review.md#bat-agent,"Java25 다중 Process, 실제 DB/Broker, lease/fencing, kill/restart, sync/async call과 Browser E2E는 최신 SHA에서 수행되지 않았다",목표 환경 scenario 실행 Evidence 반영 후 QA 재검수,P07,Gateway·Batch·Messaging·외부연계·운영 Runtime,07-00000967,P07-BATCH-BAT-AGENT,P05;P06,CPF-GATE-07,BAT-AGENT,예,QA-12B-1,,"[BAT-AGENT] Side effect 후 응답 유실의 요구 경로에 대응하는 Source/contract/Test 후보는 확인했다. 그러나 Java25 다중 Process, 실제 DB/Broker, lease/fencing, kill/restart, sync/async call과 Browser E2E는 최신 SHA에서 수행되지 않았다. 제품 실패로 단정하지 않고 환경차이 미검증으로 유지한다.",,검수 후 환경차이 미검증,cpf-docs/evidence/qa/QA_PARALLEL_12WAY_QA-12B_R5_f97655c/batch_review.md#bat-agent
CPF-SC-000968,CPF-FR-004881,BAT-AGENT,P0,BATCH,PARTIAL,[BAT-AGENT] 부분 실패,Batch 개발자·운영자,최신 exact SHA; 다중 대상/항목,일부 target failure,group 실행,개별 성공/실패/unknown 보존,전체 성공/실패로 축약,Java25·적용 DB/Provider/Browser/Process 환경,Local/Remote·single/multi-instance 중 적용,source SHA·command·environment·start/end·exit code·pre/post state·report/artifact hash·sanitization,미검증,f97655c1299936a1101bc3ec10239265ec3b502e,cpf-docs/evidence/qa/QA_PARALLEL_12WAY_QA-12B_R5_f97655c/batch_review.md#bat-agent,"Java25 다중 Process, 실제 DB/Broker, lease/fencing, kill/restart, sync/async call과 Browser E2E는 최신 SHA에서 수행되지 않았다",목표 환경 scenario 실행 Evidence 반영 후 QA 재검수,P07,Gateway·Batch·Messaging·외부연계·운영 Runtime,07-00000968,P07-BATCH-BAT-AGENT,P05;P06,CPF-GATE-07,BAT-AGENT,예,QA-12B-1,,"[BAT-AGENT] 부분 실패의 요구 경로에 대응하는 Source/contract/Test 후보는 확인했다. 그러나 Java25 다중 Process, 실제 DB/Broker, lease/fencing, kill/restart, sync/async call과 Browser E2E는 최신 SHA에서 수행되지 않았다. 제품 실패로 단정하지 않고 환경차이 미검증으로 유지한다.",,검수 후 환경차이 미검증,cpf-docs/evidence/qa/QA_PARALLEL_12WAY_QA-12B_R5_f97655c/batch_review.md#bat-agent
CPF-SC-000969,CPF-FR-004881,BAT-AGENT,P0,BATCH,PROCESS_KILL,[BAT-AGENT] Process Kill·Restart,Batch 개발자·운영자,최신 exact SHA; durable state,worker kill,claim/apply 후 종료·재기동,lease 회수·stale fencing·복구,고아 상태·중복,Java25·적용 DB/Provider/Browser/Process 환경,Local/Remote·single/multi-instance 중 적용,source SHA·command·environment·start/end·exit code·pre/post state·report/artifact hash·sanitization,미검증,f97655c1299936a1101bc3ec10239265ec3b502e,cpf-docs/evidence/qa/QA_PARALLEL_12WAY_QA-12B_R5_f97655c/batch_review.md#bat-agent,"Java25 다중 Process, 실제 DB/Broker, lease/fencing, kill/restart, sync/async call과 Browser E2E는 최신 SHA에서 수행되지 않았다",목표 환경 scenario 실행 Evidence 반영 후 QA 재검수,P07,Gateway·Batch·Messaging·외부연계·운영 Runtime,07-00000969,P07-BATCH-BAT-AGENT,P05;P06,CPF-GATE-07,BAT-AGENT,예,QA-12B-1,,"[BAT-AGENT] Process Kill·Restart의 요구 경로에 대응하는 Source/contract/Test 후보는 확인했다. 그러나 Java25 다중 Process, 실제 DB/Broker, lease/fencing, kill/restart, sync/async call과 Browser E2E는 최신 SHA에서 수행되지 않았다. 제품 실패로 단정하지 않고 환경차이 미검증으로 유지한다.",,검수 후 환경차이 미검증,cpf-docs/evidence/qa/QA_PARALLEL_12WAY_QA-12B_R5_f97655c/batch_review.md#bat-agent
CPF-SC-000970,CPF-FR-004881,BAT-AGENT,P0,BATCH,MULTI_INSTANCE,[BAT-AGENT] 다중 Instance,Batch 개발자·운영자,최신 exact SHA; 2개 이상,공유 DB/queue,동시 처리·failover·rejoin,version/state 일치·중복 0,local state 의존,Java25·적용 DB/Provider/Browser/Process 환경,Local/Remote·single/multi-instance 중 적용,source SHA·command·environment·start/end·exit code·pre/post state·report/artifact hash·sanitization,미검증,f97655c1299936a1101bc3ec10239265ec3b502e,cpf-docs/evidence/qa/QA_PARALLEL_12WAY_QA-12B_R5_f97655c/batch_review.md#bat-agent,"Java25 다중 Process, 실제 DB/Broker, lease/fencing, kill/restart, sync/async call과 Browser E2E는 최신 SHA에서 수행되지 않았다",목표 환경 scenario 실행 Evidence 반영 후 QA 재검수,P07,Gateway·Batch·Messaging·외부연계·운영 Runtime,07-00000970,P07-BATCH-BAT-AGENT,P05;P06,CPF-GATE-07,BAT-AGENT,예,QA-12B-1,,"[BAT-AGENT] 다중 Instance의 요구 경로에 대응하는 Source/contract/Test 후보는 확인했다. 그러나 Java25 다중 Process, 실제 DB/Broker, lease/fencing, kill/restart, sync/async call과 Browser E2E는 최신 SHA에서 수행되지 않았다. 제품 실패로 단정하지 않고 환경차이 미검증으로 유지한다.",,검수 후 환경차이 미검증,cpf-docs/evidence/qa/QA_PARALLEL_12WAY_QA-12B_R5_f97655c/batch_review.md#bat-agent
CPF-SC-000971,CPF-FR-004881,BAT-AGENT,P0,BATCH,ROLLBACK,[BAT-AGENT] Rollback/Forward Recovery,Batch 개발자·운영자,최신 exact SHA; 변경 전 snapshot,적용 후 결함,rollback/forward fix,데이터 보존·actual 일치·audit,부분 rollback·drift,Java25·적용 DB/Provider/Browser/Process 환경,Local/Remote·single/multi-instance 중 적용,source SHA·command·environment·start/end·exit code·pre/post state·report/artifact hash·sanitization,미검증,f97655c1299936a1101bc3ec10239265ec3b502e,cpf-docs/evidence/qa/QA_PARALLEL_12WAY_QA-12B_R5_f97655c/batch_review.md#bat-agent,"Java25 다중 Process, 실제 DB/Broker, lease/fencing, kill/restart, sync/async call과 Browser E2E는 최신 SHA에서 수행되지 않았다",목표 환경 scenario 실행 Evidence 반영 후 QA 재검수,P07,Gateway·Batch·Messaging·외부연계·운영 Runtime,07-00000971,P07-BATCH-BAT-AGENT,P05;P06,CPF-GATE-07,BAT-AGENT,예,QA-12B-1,,"[BAT-AGENT] Rollback/Forward Recovery의 요구 경로에 대응하는 Source/contract/Test 후보는 확인했다. 그러나 Java25 다중 Process, 실제 DB/Broker, lease/fencing, kill/restart, sync/async call과 Browser E2E는 최신 SHA에서 수행되지 않았다. 제품 실패로 단정하지 않고 환경차이 미검증으로 유지한다.",,검수 후 환경차이 미검증,cpf-docs/evidence/qa/QA_PARALLEL_12WAY_QA-12B_R5_f97655c/batch_review.md#bat-agent
CPF-SC-000972,CPF-FR-004881,BAT-AGENT,P0,BATCH,SECURITY_LEAK,[BAT-AGENT] 민감정보 누출,Batch 개발자·운영자,최신 exact SHA; PII/Secret fixture,오류·Log·UI·Download,정상/실패 실행,원문 0 또는 승인 범위,Log/DOM/Storage/Evidence 원문,Java25·적용 DB/Provider/Browser/Process 환경,Local/Remote·single/multi-instance 중 적용,source SHA·command·environment·start/end·exit code·pre/post state·report/artifact hash·sanitization,미검증,f97655c1299936a1101bc3ec10239265ec3b502e,cpf-docs/evidence/qa/QA_PARALLEL_12WAY_QA-12B_R5_f97655c/batch_review.md#bat-agent,"Java25 다중 Process, 실제 DB/Broker, lease/fencing, kill/restart, sync/async call과 Browser E2E는 최신 SHA에서 수행되지 않았다",목표 환경 scenario 실행 Evidence 반영 후 QA 재검수,P07,Gateway·Batch·Messaging·외부연계·운영 Runtime,07-00000972,P07-BATCH-BAT-AGENT,P05;P06,CPF-GATE-07,BAT-AGENT,예,QA-12B-1,,"[BAT-AGENT] 민감정보 누출의 요구 경로에 대응하는 Source/contract/Test 후보는 확인했다. 그러나 Java25 다중 Process, 실제 DB/Broker, lease/fencing, kill/restart, sync/async call과 Browser E2E는 최신 SHA에서 수행되지 않았다. 제품 실패로 단정하지 않고 환경차이 미검증으로 유지한다.",,검수 후 환경차이 미검증,cpf-docs/evidence/qa/QA_PARALLEL_12WAY_QA-12B_R5_f97655c/batch_review.md#bat-agent
CPF-SC-000973,CPF-FR-004942,BAT-CALL-SYNC,P0,BATCH,POSITIVE,[BAT-CALL-SYNC] 정상 수직 흐름,Batch 개발자·운영자,최신 exact SHA; 유효 입력과 권한,정상 데이터,요청→검증→처리→저장/전달→응답→감사,정상 상태·side effect·tracking 일치,Mock-only 또는 Consumer 미호출,Java25·적용 DB/Provider/Browser/Process 환경,Local/Remote·single/multi-instance 중 적용,source SHA·command·environment·start/end·exit code·pre/post state·report/artifact hash·sanitization,미검증,f97655c1299936a1101bc3ec10239265ec3b502e,cpf-docs/evidence/qa/QA_PARALLEL_12WAY_QA-12B_R5_f97655c/batch_review.md#bat-call-sync,"Java25 다중 Process, 실제 DB/Broker, lease/fencing, kill/restart, sync/async call과 Browser E2E는 최신 SHA에서 수행되지 않았다",목표 환경 scenario 실행 Evidence 반영 후 QA 재검수,P07,Gateway·Batch·Messaging·외부연계·운영 Runtime,07-00000973,P07-BATCH-BAT-CALL-SYNC,P05;P06,CPF-GATE-07,BAT-CALL-SYNC,예,QA-12B-1,,"[BAT-CALL-SYNC] 정상 수직 흐름의 요구 경로에 대응하는 Source/contract/Test 후보는 확인했다. 그러나 Java25 다중 Process, 실제 DB/Broker, lease/fencing, kill/restart, sync/async call과 Browser E2E는 최신 SHA에서 수행되지 않았다. 제품 실패로 단정하지 않고 환경차이 미검증으로 유지한다.",,검수 후 환경차이 미검증,cpf-docs/evidence/qa/QA_PARALLEL_12WAY_QA-12B_R5_f97655c/batch_review.md#bat-call-sync
CPF-SC-000974,CPF-FR-004942,BAT-CALL-SYNC,P0,BATCH,INVALID,[BAT-CALL-SYNC] 입력·경계 오류,Batch 개발자·운영자,최신 exact SHA; 유효 Session,invalid/empty/oversize/unknown enum,각 invalid 제출,표준 field/path 오류·side effect 0,500/raw exception/부분 저장,Java25·적용 DB/Provider/Browser/Process 환경,Local/Remote·single/multi-instance 중 적용,source SHA·command·environment·start/end·exit code·pre/post state·report/artifact hash·sanitization,미검증,f97655c1299936a1101bc3ec10239265ec3b502e,cpf-docs/evidence/qa/QA_PARALLEL_12WAY_QA-12B_R5_f97655c/batch_review.md#bat-call-sync,"Java25 다중 Process, 실제 DB/Broker, lease/fencing, kill/restart, sync/async call과 Browser E2E는 최신 SHA에서 수행되지 않았다",목표 환경 scenario 실행 Evidence 반영 후 QA 재검수,P07,Gateway·Batch·Messaging·외부연계·운영 Runtime,07-00000974,P07-BATCH-BAT-CALL-SYNC,P05;P06,CPF-GATE-07,BAT-CALL-SYNC,예,QA-12B-1,,"[BAT-CALL-SYNC] 입력·경계 오류의 요구 경로에 대응하는 Source/contract/Test 후보는 확인했다. 그러나 Java25 다중 Process, 실제 DB/Broker, lease/fencing, kill/restart, sync/async call과 Browser E2E는 최신 SHA에서 수행되지 않았다. 제품 실패로 단정하지 않고 환경차이 미검증으로 유지한다.",,검수 후 환경차이 미검증,cpf-docs/evidence/qa/QA_PARALLEL_12WAY_QA-12B_R5_f97655c/batch_review.md#bat-call-sync
CPF-SC-000975,CPF-FR-004942,BAT-CALL-SYNC,P0,BATCH,UNAUTHORIZED,[BAT-CALL-SYNC] 미인증·권한 부족,Batch 개발자·운영자,최신 exact SHA; 권한 없는 principal,401/403 대상,UI 직접 URL/API/Method 호출,Server 거부·Audit·민감정보 0,버튼만 숨김/default allow,Java25·적용 DB/Provider/Browser/Process 환경,Local/Remote·single/multi-instance 중 적용,source SHA·command·environment·start/end·exit code·pre/post state·report/artifact hash·sanitization,미검증,f97655c1299936a1101bc3ec10239265ec3b502e,cpf-docs/evidence/qa/QA_PARALLEL_12WAY_QA-12B_R5_f97655c/batch_review.md#bat-call-sync,"Java25 다중 Process, 실제 DB/Broker, lease/fencing, kill/restart, sync/async call과 Browser E2E는 최신 SHA에서 수행되지 않았다",목표 환경 scenario 실행 Evidence 반영 후 QA 재검수,P07,Gateway·Batch·Messaging·외부연계·운영 Runtime,07-00000975,P07-BATCH-BAT-CALL-SYNC,P05;P06,CPF-GATE-07,BAT-CALL-SYNC,예,QA-12B-1,,"[BAT-CALL-SYNC] 미인증·권한 부족의 요구 경로에 대응하는 Source/contract/Test 후보는 확인했다. 그러나 Java25 다중 Process, 실제 DB/Broker, lease/fencing, kill/restart, sync/async call과 Browser E2E는 최신 SHA에서 수행되지 않았다. 제품 실패로 단정하지 않고 환경차이 미검증으로 유지한다.",,검수 후 환경차이 미검증,cpf-docs/evidence/qa/QA_PARALLEL_12WAY_QA-12B_R5_f97655c/batch_review.md#bat-call-sync
CPF-SC-000976,CPF-FR-004942,BAT-CALL-SYNC,P0,BATCH,CONFLICT,[BAT-CALL-SYNC] Version·Hash 충돌,Batch 개발자·운영자,최신 exact SHA; 기존 version,stale expectedVersion/다른 hash,동시/재시도 요청,409·기존 결과 보존·lost update 0,후행 요청 덮어씀,Java25·적용 DB/Provider/Browser/Process 환경,Local/Remote·single/multi-instance 중 적용,source SHA·command·environment·start/end·exit code·pre/post state·report/artifact hash·sanitization,미검증,f97655c1299936a1101bc3ec10239265ec3b502e,cpf-docs/evidence/qa/QA_PARALLEL_12WAY_QA-12B_R5_f97655c/batch_review.md#bat-call-sync,"Java25 다중 Process, 실제 DB/Broker, lease/fencing, kill/restart, sync/async call과 Browser E2E는 최신 SHA에서 수행되지 않았다",목표 환경 scenario 실행 Evidence 반영 후 QA 재검수,P07,Gateway·Batch·Messaging·외부연계·운영 Runtime,07-00000976,P07-BATCH-BAT-CALL-SYNC,P05;P06,CPF-GATE-07,BAT-CALL-SYNC,예,QA-12B-1,,"[BAT-CALL-SYNC] Version·Hash 충돌의 요구 경로에 대응하는 Source/contract/Test 후보는 확인했다. 그러나 Java25 다중 Process, 실제 DB/Broker, lease/fencing, kill/restart, sync/async call과 Browser E2E는 최신 SHA에서 수행되지 않았다. 제품 실패로 단정하지 않고 환경차이 미검증으로 유지한다.",,검수 후 환경차이 미검증,cpf-docs/evidence/qa/QA_PARALLEL_12WAY_QA-12B_R5_f97655c/batch_review.md#bat-call-sync
CPF-SC-000977,CPF-FR-004942,BAT-CALL-SYNC,P0,BATCH,DUPLICATE,[BAT-CALL-SYNC] 중복 요청,Batch 개발자·운영자,최신 exact SHA; 같은 operationId,동일/상이 payload,동시·순차 중복,"동일 replay, 다른 payload conflict",side effect 2회,Java25·적용 DB/Provider/Browser/Process 환경,Local/Remote·single/multi-instance 중 적용,source SHA·command·environment·start/end·exit code·pre/post state·report/artifact hash·sanitization,미검증,f97655c1299936a1101bc3ec10239265ec3b502e,cpf-docs/evidence/qa/QA_PARALLEL_12WAY_QA-12B_R5_f97655c/batch_review.md#bat-call-sync,"Java25 다중 Process, 실제 DB/Broker, lease/fencing, kill/restart, sync/async call과 Browser E2E는 최신 SHA에서 수행되지 않았다",목표 환경 scenario 실행 Evidence 반영 후 QA 재검수,P07,Gateway·Batch·Messaging·외부연계·운영 Runtime,07-00000977,P07-BATCH-BAT-CALL-SYNC,P05;P06,CPF-GATE-07,BAT-CALL-SYNC,예,QA-12B-1,,"[BAT-CALL-SYNC] 중복 요청의 요구 경로에 대응하는 Source/contract/Test 후보는 확인했다. 그러나 Java25 다중 Process, 실제 DB/Broker, lease/fencing, kill/restart, sync/async call과 Browser E2E는 최신 SHA에서 수행되지 않았다. 제품 실패로 단정하지 않고 환경차이 미검증으로 유지한다.",,검수 후 환경차이 미검증,cpf-docs/evidence/qa/QA_PARALLEL_12WAY_QA-12B_R5_f97655c/batch_review.md#bat-call-sync
CPF-SC-000978,CPF-FR-004942,BAT-CALL-SYNC,P0,BATCH,TIMEOUT_PRE,[BAT-CALL-SYNC] Side effect 전 Timeout,Batch 개발자·운영자,최신 exact SHA; dependency delay,connect/header timeout,timeout 주입,retryable failure·side effect 0,UNKNOWN/성공 오인,Java25·적용 DB/Provider/Browser/Process 환경,Local/Remote·single/multi-instance 중 적용,source SHA·command·environment·start/end·exit code·pre/post state·report/artifact hash·sanitization,미검증,f97655c1299936a1101bc3ec10239265ec3b502e,cpf-docs/evidence/qa/QA_PARALLEL_12WAY_QA-12B_R5_f97655c/batch_review.md#bat-call-sync,"Java25 다중 Process, 실제 DB/Broker, lease/fencing, kill/restart, sync/async call과 Browser E2E는 최신 SHA에서 수행되지 않았다",목표 환경 scenario 실행 Evidence 반영 후 QA 재검수,P07,Gateway·Batch·Messaging·외부연계·운영 Runtime,07-00000978,P07-BATCH-BAT-CALL-SYNC,P05;P06,CPF-GATE-07,BAT-CALL-SYNC,예,QA-12B-1,,"[BAT-CALL-SYNC] Side effect 전 Timeout의 요구 경로에 대응하는 Source/contract/Test 후보는 확인했다. 그러나 Java25 다중 Process, 실제 DB/Broker, lease/fencing, kill/restart, sync/async call과 Browser E2E는 최신 SHA에서 수행되지 않았다. 제품 실패로 단정하지 않고 환경차이 미검증으로 유지한다.",,검수 후 환경차이 미검증,cpf-docs/evidence/qa/QA_PARALLEL_12WAY_QA-12B_R5_f97655c/batch_review.md#bat-call-sync
CPF-SC-000979,CPF-FR-004942,BAT-CALL-SYNC,P0,BATCH,RESPONSE_LOSS,[BAT-CALL-SYNC] Side effect 후 응답 유실,Batch 개발자·운영자,최신 exact SHA; Owner commit,commit 후 reset,응답 차단,UNKNOWN·blind retry 금지·reconcile,자동 실패/무조건 retry,Java25·적용 DB/Provider/Browser/Process 환경,Local/Remote·single/multi-instance 중 적용,source SHA·command·environment·start/end·exit code·pre/post state·report/artifact hash·sanitization,미검증,f97655c1299936a1101bc3ec10239265ec3b502e,cpf-docs/evidence/qa/QA_PARALLEL_12WAY_QA-12B_R5_f97655c/batch_review.md#bat-call-sync,"Java25 다중 Process, 실제 DB/Broker, lease/fencing, kill/restart, sync/async call과 Browser E2E는 최신 SHA에서 수행되지 않았다",목표 환경 scenario 실행 Evidence 반영 후 QA 재검수,P07,Gateway·Batch·Messaging·외부연계·운영 Runtime,07-00000979,P07-BATCH-BAT-CALL-SYNC,P05;P06,CPF-GATE-07,BAT-CALL-SYNC,예,QA-12B-1,,"[BAT-CALL-SYNC] Side effect 후 응답 유실의 요구 경로에 대응하는 Source/contract/Test 후보는 확인했다. 그러나 Java25 다중 Process, 실제 DB/Broker, lease/fencing, kill/restart, sync/async call과 Browser E2E는 최신 SHA에서 수행되지 않았다. 제품 실패로 단정하지 않고 환경차이 미검증으로 유지한다.",,검수 후 환경차이 미검증,cpf-docs/evidence/qa/QA_PARALLEL_12WAY_QA-12B_R5_f97655c/batch_review.md#bat-call-sync
CPF-SC-000980,CPF-FR-004942,BAT-CALL-SYNC,P0,BATCH,PARTIAL,[BAT-CALL-SYNC] 부분 실패,Batch 개발자·운영자,최신 exact SHA; 다중 대상/항목,일부 target failure,group 실행,개별 성공/실패/unknown 보존,전체 성공/실패로 축약,Java25·적용 DB/Provider/Browser/Process 환경,Local/Remote·single/multi-instance 중 적용,source SHA·command·environment·start/end·exit code·pre/post state·report/artifact hash·sanitization,미검증,f97655c1299936a1101bc3ec10239265ec3b502e,cpf-docs/evidence/qa/QA_PARALLEL_12WAY_QA-12B_R5_f97655c/batch_review.md#bat-call-sync,"Java25 다중 Process, 실제 DB/Broker, lease/fencing, kill/restart, sync/async call과 Browser E2E는 최신 SHA에서 수행되지 않았다",목표 환경 scenario 실행 Evidence 반영 후 QA 재검수,P07,Gateway·Batch·Messaging·외부연계·운영 Runtime,07-00000980,P07-BATCH-BAT-CALL-SYNC,P05;P06,CPF-GATE-07,BAT-CALL-SYNC,예,QA-12B-1,,"[BAT-CALL-SYNC] 부분 실패의 요구 경로에 대응하는 Source/contract/Test 후보는 확인했다. 그러나 Java25 다중 Process, 실제 DB/Broker, lease/fencing, kill/restart, sync/async call과 Browser E2E는 최신 SHA에서 수행되지 않았다. 제품 실패로 단정하지 않고 환경차이 미검증으로 유지한다.",,검수 후 환경차이 미검증,cpf-docs/evidence/qa/QA_PARALLEL_12WAY_QA-12B_R5_f97655c/batch_review.md#bat-call-sync
CPF-SC-000981,CPF-FR-004942,BAT-CALL-SYNC,P0,BATCH,PROCESS_KILL,[BAT-CALL-SYNC] Process Kill·Restart,Batch 개발자·운영자,최신 exact SHA; durable state,worker kill,claim/apply 후 종료·재기동,lease 회수·stale fencing·복구,고아 상태·중복,Java25·적용 DB/Provider/Browser/Process 환경,Local/Remote·single/multi-instance 중 적용,source SHA·command·environment·start/end·exit code·pre/post state·report/artifact hash·sanitization,미검증,f97655c1299936a1101bc3ec10239265ec3b502e,cpf-docs/evidence/qa/QA_PARALLEL_12WAY_QA-12B_R5_f97655c/batch_review.md#bat-call-sync,"Java25 다중 Process, 실제 DB/Broker, lease/fencing, kill/restart, sync/async call과 Browser E2E는 최신 SHA에서 수행되지 않았다",목표 환경 scenario 실행 Evidence 반영 후 QA 재검수,P07,Gateway·Batch·Messaging·외부연계·운영 Runtime,07-00000981,P07-BATCH-BAT-CALL-SYNC,P05;P06,CPF-GATE-07,BAT-CALL-SYNC,예,QA-12B-1,,"[BAT-CALL-SYNC] Process Kill·Restart의 요구 경로에 대응하는 Source/contract/Test 후보는 확인했다. 그러나 Java25 다중 Process, 실제 DB/Broker, lease/fencing, kill/restart, sync/async call과 Browser E2E는 최신 SHA에서 수행되지 않았다. 제품 실패로 단정하지 않고 환경차이 미검증으로 유지한다.",,검수 후 환경차이 미검증,cpf-docs/evidence/qa/QA_PARALLEL_12WAY_QA-12B_R5_f97655c/batch_review.md#bat-call-sync
CPF-SC-000982,CPF-FR-004942,BAT-CALL-SYNC,P0,BATCH,MULTI_INSTANCE,[BAT-CALL-SYNC] 다중 Instance,Batch 개발자·운영자,최신 exact SHA; 2개 이상,공유 DB/queue,동시 처리·failover·rejoin,version/state 일치·중복 0,local state 의존,Java25·적용 DB/Provider/Browser/Process 환경,Local/Remote·single/multi-instance 중 적용,source SHA·command·environment·start/end·exit code·pre/post state·report/artifact hash·sanitization,미검증,f97655c1299936a1101bc3ec10239265ec3b502e,cpf-docs/evidence/qa/QA_PARALLEL_12WAY_QA-12B_R5_f97655c/batch_review.md#bat-call-sync,"Java25 다중 Process, 실제 DB/Broker, lease/fencing, kill/restart, sync/async call과 Browser E2E는 최신 SHA에서 수행되지 않았다",목표 환경 scenario 실행 Evidence 반영 후 QA 재검수,P07,Gateway·Batch·Messaging·외부연계·운영 Runtime,07-00000982,P07-BATCH-BAT-CALL-SYNC,P05;P06,CPF-GATE-07,BAT-CALL-SYNC,예,QA-12B-1,,"[BAT-CALL-SYNC] 다중 Instance의 요구 경로에 대응하는 Source/contract/Test 후보는 확인했다. 그러나 Java25 다중 Process, 실제 DB/Broker, lease/fencing, kill/restart, sync/async call과 Browser E2E는 최신 SHA에서 수행되지 않았다. 제품 실패로 단정하지 않고 환경차이 미검증으로 유지한다.",,검수 후 환경차이 미검증,cpf-docs/evidence/qa/QA_PARALLEL_12WAY_QA-12B_R5_f97655c/batch_review.md#bat-call-sync
CPF-SC-000983,CPF-FR-004942,BAT-CALL-SYNC,P0,BATCH,ROLLBACK,[BAT-CALL-SYNC] Rollback/Forward Recovery,Batch 개발자·운영자,최신 exact SHA; 변경 전 snapshot,적용 후 결함,rollback/forward fix,데이터 보존·actual 일치·audit,부분 rollback·drift,Java25·적용 DB/Provider/Browser/Process 환경,Local/Remote·single/multi-instance 중 적용,source SHA·command·environment·start/end·exit code·pre/post state·report/artifact hash·sanitization,미검증,f97655c1299936a1101bc3ec10239265ec3b502e,cpf-docs/evidence/qa/QA_PARALLEL_12WAY_QA-12B_R5_f97655c/batch_review.md#bat-call-sync,"Java25 다중 Process, 실제 DB/Broker, lease/fencing, kill/restart, sync/async call과 Browser E2E는 최신 SHA에서 수행되지 않았다",목표 환경 scenario 실행 Evidence 반영 후 QA 재검수,P07,Gateway·Batch·Messaging·외부연계·운영 Runtime,07-00000983,P07-BATCH-BAT-CALL-SYNC,P05;P06,CPF-GATE-07,BAT-CALL-SYNC,예,QA-12B-1,,"[BAT-CALL-SYNC] Rollback/Forward Recovery의 요구 경로에 대응하는 Source/contract/Test 후보는 확인했다. 그러나 Java25 다중 Process, 실제 DB/Broker, lease/fencing, kill/restart, sync/async call과 Browser E2E는 최신 SHA에서 수행되지 않았다. 제품 실패로 단정하지 않고 환경차이 미검증으로 유지한다.",,검수 후 환경차이 미검증,cpf-docs/evidence/qa/QA_PARALLEL_12WAY_QA-12B_R5_f97655c/batch_review.md#bat-call-sync
CPF-SC-000984,CPF-FR-004942,BAT-CALL-SYNC,P0,BATCH,SECURITY_LEAK,[BAT-CALL-SYNC] 민감정보 누출,Batch 개발자·운영자,최신 exact SHA; PII/Secret fixture,오류·Log·UI·Download,정상/실패 실행,원문 0 또는 승인 범위,Log/DOM/Storage/Evidence 원문,Java25·적용 DB/Provider/Browser/Process 환경,Local/Remote·single/multi-instance 중 적용,source SHA·command·environment·start/end·exit code·pre/post state·report/artifact hash·sanitization,미검증,f97655c1299936a1101bc3ec10239265ec3b502e,cpf-docs/evidence/qa/QA_PARALLEL_12WAY_QA-12B_R5_f97655c/batch_review.md#bat-call-sync,"Java25 다중 Process, 실제 DB/Broker, lease/fencing, kill/restart, sync/async call과 Browser E2E는 최신 SHA에서 수행되지 않았다",목표 환경 scenario 실행 Evidence 반영 후 QA 재검수,P07,Gateway·Batch·Messaging·외부연계·운영 Runtime,07-00000984,P07-BATCH-BAT-CALL-SYNC,P05;P06,CPF-GATE-07,BAT-CALL-SYNC,예,QA-12B-1,,"[BAT-CALL-SYNC] 민감정보 누출의 요구 경로에 대응하는 Source/contract/Test 후보는 확인했다. 그러나 Java25 다중 Process, 실제 DB/Broker, lease/fencing, kill/restart, sync/async call과 Browser E2E는 최신 SHA에서 수행되지 않았다. 제품 실패로 단정하지 않고 환경차이 미검증으로 유지한다.",,검수 후 환경차이 미검증,cpf-docs/evidence/qa/QA_PARALLEL_12WAY_QA-12B_R5_f97655c/batch_review.md#bat-call-sync
CPF-SC-000985,CPF-FR-005003,BAT-CALL-ASYNC,P0,BATCH,POSITIVE,[BAT-CALL-ASYNC] 정상 수직 흐름,Batch 개발자·운영자,최신 exact SHA; 유효 입력과 권한,정상 데이터,요청→검증→처리→저장/전달→응답→감사,정상 상태·side effect·tracking 일치,Mock-only 또는 Consumer 미호출,Java25·적용 DB/Provider/Browser/Process 환경,Local/Remote·single/multi-instance 중 적용,source SHA·command·environment·start/end·exit code·pre/post state·report/artifact hash·sanitization,미검증,f97655c1299936a1101bc3ec10239265ec3b502e,cpf-docs/evidence/qa/QA_PARALLEL_12WAY_QA-12B_R5_f97655c/batch_review.md#bat-call-async,"Java25 다중 Process, 실제 DB/Broker, lease/fencing, kill/restart, sync/async call과 Browser E2E는 최신 SHA에서 수행되지 않았다",목표 환경 scenario 실행 Evidence 반영 후 QA 재검수,P07,Gateway·Batch·Messaging·외부연계·운영 Runtime,07-00000985,P07-BATCH-BAT-CALL-ASYNC,P05;P06,CPF-GATE-07,BAT-CALL-ASYNC,예,QA-12B-1,,"[BAT-CALL-ASYNC] 정상 수직 흐름의 요구 경로에 대응하는 Source/contract/Test 후보는 확인했다. 그러나 Java25 다중 Process, 실제 DB/Broker, lease/fencing, kill/restart, sync/async call과 Browser E2E는 최신 SHA에서 수행되지 않았다. 제품 실패로 단정하지 않고 환경차이 미검증으로 유지한다.",,검수 후 환경차이 미검증,cpf-docs/evidence/qa/QA_PARALLEL_12WAY_QA-12B_R5_f97655c/batch_review.md#bat-call-async
CPF-SC-000986,CPF-FR-005003,BAT-CALL-ASYNC,P0,BATCH,INVALID,[BAT-CALL-ASYNC] 입력·경계 오류,Batch 개발자·운영자,최신 exact SHA; 유효 Session,invalid/empty/oversize/unknown enum,각 invalid 제출,표준 field/path 오류·side effect 0,500/raw exception/부분 저장,Java25·적용 DB/Provider/Browser/Process 환경,Local/Remote·single/multi-instance 중 적용,source SHA·command·environment·start/end·exit code·pre/post state·report/artifact hash·sanitization,미검증,f97655c1299936a1101bc3ec10239265ec3b502e,cpf-docs/evidence/qa/QA_PARALLEL_12WAY_QA-12B_R5_f97655c/batch_review.md#bat-call-async,"Java25 다중 Process, 실제 DB/Broker, lease/fencing, kill/restart, sync/async call과 Browser E2E는 최신 SHA에서 수행되지 않았다",목표 환경 scenario 실행 Evidence 반영 후 QA 재검수,P07,Gateway·Batch·Messaging·외부연계·운영 Runtime,07-00000986,P07-BATCH-BAT-CALL-ASYNC,P05;P06,CPF-GATE-07,BAT-CALL-ASYNC,예,QA-12B-1,,"[BAT-CALL-ASYNC] 입력·경계 오류의 요구 경로에 대응하는 Source/contract/Test 후보는 확인했다. 그러나 Java25 다중 Process, 실제 DB/Broker, lease/fencing, kill/restart, sync/async call과 Browser E2E는 최신 SHA에서 수행되지 않았다. 제품 실패로 단정하지 않고 환경차이 미검증으로 유지한다.",,검수 후 환경차이 미검증,cpf-docs/evidence/qa/QA_PARALLEL_12WAY_QA-12B_R5_f97655c/batch_review.md#bat-call-async
CPF-SC-000987,CPF-FR-005003,BAT-CALL-ASYNC,P0,BATCH,UNAUTHORIZED,[BAT-CALL-ASYNC] 미인증·권한 부족,Batch 개발자·운영자,최신 exact SHA; 권한 없는 principal,401/403 대상,UI 직접 URL/API/Method 호출,Server 거부·Audit·민감정보 0,버튼만 숨김/default allow,Java25·적용 DB/Provider/Browser/Process 환경,Local/Remote·single/multi-instance 중 적용,source SHA·command·environment·start/end·exit code·pre/post state·report/artifact hash·sanitization,미검증,f97655c1299936a1101bc3ec10239265ec3b502e,cpf-docs/evidence/qa/QA_PARALLEL_12WAY_QA-12B_R5_f97655c/batch_review.md#bat-call-async,"Java25 다중 Process, 실제 DB/Broker, lease/fencing, kill/restart, sync/async call과 Browser E2E는 최신 SHA에서 수행되지 않았다",목표 환경 scenario 실행 Evidence 반영 후 QA 재검수,P07,Gateway·Batch·Messaging·외부연계·운영 Runtime,07-00000987,P07-BATCH-BAT-CALL-ASYNC,P05;P06,CPF-GATE-07,BAT-CALL-ASYNC,예,QA-12B-1,,"[BAT-CALL-ASYNC] 미인증·권한 부족의 요구 경로에 대응하는 Source/contract/Test 후보는 확인했다. 그러나 Java25 다중 Process, 실제 DB/Broker, lease/fencing, kill/restart, sync/async call과 Browser E2E는 최신 SHA에서 수행되지 않았다. 제품 실패로 단정하지 않고 환경차이 미검증으로 유지한다.",,검수 후 환경차이 미검증,cpf-docs/evidence/qa/QA_PARALLEL_12WAY_QA-12B_R5_f97655c/batch_review.md#bat-call-async
CPF-SC-000988,CPF-FR-005003,BAT-CALL-ASYNC,P0,BATCH,CONFLICT,[BAT-CALL-ASYNC] Version·Hash 충돌,Batch 개발자·운영자,최신 exact SHA; 기존 version,stale expectedVersion/다른 hash,동시/재시도 요청,409·기존 결과 보존·lost update 0,후행 요청 덮어씀,Java25·적용 DB/Provider/Browser/Process 환경,Local/Remote·single/multi-instance 중 적용,source SHA·command·environment·start/end·exit code·pre/post state·report/artifact hash·sanitization,미검증,f97655c1299936a1101bc3ec10239265ec3b502e,cpf-docs/evidence/qa/QA_PARALLEL_12WAY_QA-12B_R5_f97655c/batch_review.md#bat-call-async,"Java25 다중 Process, 실제 DB/Broker, lease/fencing, kill/restart, sync/async call과 Browser E2E는 최신 SHA에서 수행되지 않았다",목표 환경 scenario 실행 Evidence 반영 후 QA 재검수,P07,Gateway·Batch·Messaging·외부연계·운영 Runtime,07-00000988,P07-BATCH-BAT-CALL-ASYNC,P05;P06,CPF-GATE-07,BAT-CALL-ASYNC,예,QA-12B-1,,"[BAT-CALL-ASYNC] Version·Hash 충돌의 요구 경로에 대응하는 Source/contract/Test 후보는 확인했다. 그러나 Java25 다중 Process, 실제 DB/Broker, lease/fencing, kill/restart, sync/async call과 Browser E2E는 최신 SHA에서 수행되지 않았다. 제품 실패로 단정하지 않고 환경차이 미검증으로 유지한다.",,검수 후 환경차이 미검증,cpf-docs/evidence/qa/QA_PARALLEL_12WAY_QA-12B_R5_f97655c/batch_review.md#bat-call-async
CPF-SC-000989,CPF-FR-005003,BAT-CALL-ASYNC,P0,BATCH,DUPLICATE,[BAT-CALL-ASYNC] 중복 요청,Batch 개발자·운영자,최신 exact SHA; 같은 operationId,동일/상이 payload,동시·순차 중복,"동일 replay, 다른 payload conflict",side effect 2회,Java25·적용 DB/Provider/Browser/Process 환경,Local/Remote·single/multi-instance 중 적용,source SHA·command·environment·start/end·exit code·pre/post state·report/artifact hash·sanitization,미검증,f97655c1299936a1101bc3ec10239265ec3b502e,cpf-docs/evidence/qa/QA_PARALLEL_12WAY_QA-12B_R5_f97655c/batch_review.md#bat-call-async,"Java25 다중 Process, 실제 DB/Broker, lease/fencing, kill/restart, sync/async call과 Browser E2E는 최신 SHA에서 수행되지 않았다",목표 환경 scenario 실행 Evidence 반영 후 QA 재검수,P07,Gateway·Batch·Messaging·외부연계·운영 Runtime,07-00000989,P07-BATCH-BAT-CALL-ASYNC,P05;P06,CPF-GATE-07,BAT-CALL-ASYNC,예,QA-12B-1,,"[BAT-CALL-ASYNC] 중복 요청의 요구 경로에 대응하는 Source/contract/Test 후보는 확인했다. 그러나 Java25 다중 Process, 실제 DB/Broker, lease/fencing, kill/restart, sync/async call과 Browser E2E는 최신 SHA에서 수행되지 않았다. 제품 실패로 단정하지 않고 환경차이 미검증으로 유지한다.",,검수 후 환경차이 미검증,cpf-docs/evidence/qa/QA_PARALLEL_12WAY_QA-12B_R5_f97655c/batch_review.md#bat-call-async
CPF-SC-000990,CPF-FR-005003,BAT-CALL-ASYNC,P0,BATCH,TIMEOUT_PRE,[BAT-CALL-ASYNC] Side effect 전 Timeout,Batch 개발자·운영자,최신 exact SHA; dependency delay,connect/header timeout,timeout 주입,retryable failure·side effect 0,UNKNOWN/성공 오인,Java25·적용 DB/Provider/Browser/Process 환경,Local/Remote·single/multi-instance 중 적용,source SHA·command·environment·start/end·exit code·pre/post state·report/artifact hash·sanitization,미검증,f97655c1299936a1101bc3ec10239265ec3b502e,cpf-docs/evidence/qa/QA_PARALLEL_12WAY_QA-12B_R5_f97655c/batch_review.md#bat-call-async,"Java25 다중 Process, 실제 DB/Broker, lease/fencing, kill/restart, sync/async call과 Browser E2E는 최신 SHA에서 수행되지 않았다",목표 환경 scenario 실행 Evidence 반영 후 QA 재검수,P07,Gateway·Batch·Messaging·외부연계·운영 Runtime,07-00000990,P07-BATCH-BAT-CALL-ASYNC,P05;P06,CPF-GATE-07,BAT-CALL-ASYNC,예,QA-12B-1,,"[BAT-CALL-ASYNC] Side effect 전 Timeout의 요구 경로에 대응하는 Source/contract/Test 후보는 확인했다. 그러나 Java25 다중 Process, 실제 DB/Broker, lease/fencing, kill/restart, sync/async call과 Browser E2E는 최신 SHA에서 수행되지 않았다. 제품 실패로 단정하지 않고 환경차이 미검증으로 유지한다.",,검수 후 환경차이 미검증,cpf-docs/evidence/qa/QA_PARALLEL_12WAY_QA-12B_R5_f97655c/batch_review.md#bat-call-async
CPF-SC-000991,CPF-FR-005003,BAT-CALL-ASYNC,P0,BATCH,RESPONSE_LOSS,[BAT-CALL-ASYNC] Side effect 후 응답 유실,Batch 개발자·운영자,최신 exact SHA; Owner commit,commit 후 reset,응답 차단,UNKNOWN·blind retry 금지·reconcile,자동 실패/무조건 retry,Java25·적용 DB/Provider/Browser/Process 환경,Local/Remote·single/multi-instance 중 적용,source SHA·command·environment·start/end·exit code·pre/post state·report/artifact hash·sanitization,미검증,f97655c1299936a1101bc3ec10239265ec3b502e,cpf-docs/evidence/qa/QA_PARALLEL_12WAY_QA-12B_R5_f97655c/batch_review.md#bat-call-async,"Java25 다중 Process, 실제 DB/Broker, lease/fencing, kill/restart, sync/async call과 Browser E2E는 최신 SHA에서 수행되지 않았다",목표 환경 scenario 실행 Evidence 반영 후 QA 재검수,P07,Gateway·Batch·Messaging·외부연계·운영 Runtime,07-00000991,P07-BATCH-BAT-CALL-ASYNC,P05;P06,CPF-GATE-07,BAT-CALL-ASYNC,예,QA-12B-1,,"[BAT-CALL-ASYNC] Side effect 후 응답 유실의 요구 경로에 대응하는 Source/contract/Test 후보는 확인했다. 그러나 Java25 다중 Process, 실제 DB/Broker, lease/fencing, kill/restart, sync/async call과 Browser E2E는 최신 SHA에서 수행되지 않았다. 제품 실패로 단정하지 않고 환경차이 미검증으로 유지한다.",,검수 후 환경차이 미검증,cpf-docs/evidence/qa/QA_PARALLEL_12WAY_QA-12B_R5_f97655c/batch_review.md#bat-call-async
CPF-SC-000992,CPF-FR-005003,BAT-CALL-ASYNC,P0,BATCH,PARTIAL,[BAT-CALL-ASYNC] 부분 실패,Batch 개발자·운영자,최신 exact SHA; 다중 대상/항목,일부 target failure,group 실행,개별 성공/실패/unknown 보존,전체 성공/실패로 축약,Java25·적용 DB/Provider/Browser/Process 환경,Local/Remote·single/multi-instance 중 적용,source SHA·command·environment·start/end·exit code·pre/post state·report/artifact hash·sanitization,미검증,f97655c1299936a1101bc3ec10239265ec3b502e,cpf-docs/evidence/qa/QA_PARALLEL_12WAY_QA-12B_R5_f97655c/batch_review.md#bat-call-async,"Java25 다중 Process, 실제 DB/Broker, lease/fencing, kill/restart, sync/async call과 Browser E2E는 최신 SHA에서 수행되지 않았다",목표 환경 scenario 실행 Evidence 반영 후 QA 재검수,P07,Gateway·Batch·Messaging·외부연계·운영 Runtime,07-00000992,P07-BATCH-BAT-CALL-ASYNC,P05;P06,CPF-GATE-07,BAT-CALL-ASYNC,예,QA-12B-1,,"[BAT-CALL-ASYNC] 부분 실패의 요구 경로에 대응하는 Source/contract/Test 후보는 확인했다. 그러나 Java25 다중 Process, 실제 DB/Broker, lease/fencing, kill/restart, sync/async call과 Browser E2E는 최신 SHA에서 수행되지 않았다. 제품 실패로 단정하지 않고 환경차이 미검증으로 유지한다.",,검수 후 환경차이 미검증,cpf-docs/evidence/qa/QA_PARALLEL_12WAY_QA-12B_R5_f97655c/batch_review.md#bat-call-async
CPF-SC-000993,CPF-FR-005003,BAT-CALL-ASYNC,P0,BATCH,PROCESS_KILL,[BAT-CALL-ASYNC] Process Kill·Restart,Batch 개발자·운영자,최신 exact SHA; durable state,worker kill,claim/apply 후 종료·재기동,lease 회수·stale fencing·복구,고아 상태·중복,Java25·적용 DB/Provider/Browser/Process 환경,Local/Remote·single/multi-instance 중 적용,source SHA·command·environment·start/end·exit code·pre/post state·report/artifact hash·sanitization,미검증,f97655c1299936a1101bc3ec10239265ec3b502e,cpf-docs/evidence/qa/QA_PARALLEL_12WAY_QA-12B_R5_f97655c/batch_review.md#bat-call-async,"Java25 다중 Process, 실제 DB/Broker, lease/fencing, kill/restart, sync/async call과 Browser E2E는 최신 SHA에서 수행되지 않았다",목표 환경 scenario 실행 Evidence 반영 후 QA 재검수,P07,Gateway·Batch·Messaging·외부연계·운영 Runtime,07-00000993,P07-BATCH-BAT-CALL-ASYNC,P05;P06,CPF-GATE-07,BAT-CALL-ASYNC,예,QA-12B-1,,"[BAT-CALL-ASYNC] Process Kill·Restart의 요구 경로에 대응하는 Source/contract/Test 후보는 확인했다. 그러나 Java25 다중 Process, 실제 DB/Broker, lease/fencing, kill/restart, sync/async call과 Browser E2E는 최신 SHA에서 수행되지 않았다. 제품 실패로 단정하지 않고 환경차이 미검증으로 유지한다.",,검수 후 환경차이 미검증,cpf-docs/evidence/qa/QA_PARALLEL_12WAY_QA-12B_R5_f97655c/batch_review.md#bat-call-async
CPF-SC-000994,CPF-FR-005003,BAT-CALL-ASYNC,P0,BATCH,MULTI_INSTANCE,[BAT-CALL-ASYNC] 다중 Instance,Batch 개발자·운영자,최신 exact SHA; 2개 이상,공유 DB/queue,동시 처리·failover·rejoin,version/state 일치·중복 0,local state 의존,Java25·적용 DB/Provider/Browser/Process 환경,Local/Remote·single/multi-instance 중 적용,source SHA·command·environment·start/end·exit code·pre/post state·report/artifact hash·sanitization,미검증,f97655c1299936a1101bc3ec10239265ec3b502e,cpf-docs/evidence/qa/QA_PARALLEL_12WAY_QA-12B_R5_f97655c/batch_review.md#bat-call-async,"Java25 다중 Process, 실제 DB/Broker, lease/fencing, kill/restart, sync/async call과 Browser E2E는 최신 SHA에서 수행되지 않았다",목표 환경 scenario 실행 Evidence 반영 후 QA 재검수,P07,Gateway·Batch·Messaging·외부연계·운영 Runtime,07-00000994,P07-BATCH-BAT-CALL-ASYNC,P05;P06,CPF-GATE-07,BAT-CALL-ASYNC,예,QA-12B-1,,"[BAT-CALL-ASYNC] 다중 Instance의 요구 경로에 대응하는 Source/contract/Test 후보는 확인했다. 그러나 Java25 다중 Process, 실제 DB/Broker, lease/fencing, kill/restart, sync/async call과 Browser E2E는 최신 SHA에서 수행되지 않았다. 제품 실패로 단정하지 않고 환경차이 미검증으로 유지한다.",,검수 후 환경차이 미검증,cpf-docs/evidence/qa/QA_PARALLEL_12WAY_QA-12B_R5_f97655c/batch_review.md#bat-call-async
CPF-SC-000995,CPF-FR-005003,BAT-CALL-ASYNC,P0,BATCH,ROLLBACK,[BAT-CALL-ASYNC] Rollback/Forward Recovery,Batch 개발자·운영자,최신 exact SHA; 변경 전 snapshot,적용 후 결함,rollback/forward fix,데이터 보존·actual 일치·audit,부분 rollback·drift,Java25·적용 DB/Provider/Browser/Process 환경,Local/Remote·single/multi-instance 중 적용,source SHA·command·environment·start/end·exit code·pre/post state·report/artifact hash·sanitization,미검증,f97655c1299936a1101bc3ec10239265ec3b502e,cpf-docs/evidence/qa/QA_PARALLEL_12WAY_QA-12B_R5_f97655c/batch_review.md#bat-call-async,"Java25 다중 Process, 실제 DB/Broker, lease/fencing, kill/restart, sync/async call과 Browser E2E는 최신 SHA에서 수행되지 않았다",목표 환경 scenario 실행 Evidence 반영 후 QA 재검수,P07,Gateway·Batch·Messaging·외부연계·운영 Runtime,07-00000995,P07-BATCH-BAT-CALL-ASYNC,P05;P06,CPF-GATE-07,BAT-CALL-ASYNC,예,QA-12B-1,,"[BAT-CALL-ASYNC] Rollback/Forward Recovery의 요구 경로에 대응하는 Source/contract/Test 후보는 확인했다. 그러나 Java25 다중 Process, 실제 DB/Broker, lease/fencing, kill/restart, sync/async call과 Browser E2E는 최신 SHA에서 수행되지 않았다. 제품 실패로 단정하지 않고 환경차이 미검증으로 유지한다.",,검수 후 환경차이 미검증,cpf-docs/evidence/qa/QA_PARALLEL_12WAY_QA-12B_R5_f97655c/batch_review.md#bat-call-async
CPF-SC-000996,CPF-FR-005003,BAT-CALL-ASYNC,P0,BATCH,SECURITY_LEAK,[BAT-CALL-ASYNC] 민감정보 누출,Batch 개발자·운영자,최신 exact SHA; PII/Secret fixture,오류·Log·UI·Download,정상/실패 실행,원문 0 또는 승인 범위,Log/DOM/Storage/Evidence 원문,Java25·적용 DB/Provider/Browser/Process 환경,Local/Remote·single/multi-instance 중 적용,source SHA·command·environment·start/end·exit code·pre/post state·report/artifact hash·sanitization,미검증,f97655c1299936a1101bc3ec10239265ec3b502e,cpf-docs/evidence/qa/QA_PARALLEL_12WAY_QA-12B_R5_f97655c/batch_review.md#bat-call-async,"Java25 다중 Process, 실제 DB/Broker, lease/fencing, kill/restart, sync/async call과 Browser E2E는 최신 SHA에서 수행되지 않았다",목표 환경 scenario 실행 Evidence 반영 후 QA 재검수,P07,Gateway·Batch·Messaging·외부연계·운영 Runtime,07-00000996,P07-BATCH-BAT-CALL-ASYNC,P05;P06,CPF-GATE-07,BAT-CALL-ASYNC,예,QA-12B-1,,"[BAT-CALL-ASYNC] 민감정보 누출의 요구 경로에 대응하는 Source/contract/Test 후보는 확인했다. 그러나 Java25 다중 Process, 실제 DB/Broker, lease/fencing, kill/restart, sync/async call과 Browser E2E는 최신 SHA에서 수행되지 않았다. 제품 실패로 단정하지 않고 환경차이 미검증으로 유지한다.",,검수 후 환경차이 미검증,cpf-docs/evidence/qa/QA_PARALLEL_12WAY_QA-12B_R5_f97655c/batch_review.md#bat-call-async
CPF-SC-000997,CPF-FR-005064,BAT-SHARED,P0,BATCH,POSITIVE,[BAT-SHARED] 정상 수직 흐름,Batch 개발자·운영자,최신 exact SHA; 유효 입력과 권한,정상 데이터,요청→검증→처리→저장/전달→응답→감사,정상 상태·side effect·tracking 일치,Mock-only 또는 Consumer 미호출,Java25·적용 DB/Provider/Browser/Process 환경,Local/Remote·single/multi-instance 중 적용,source SHA·command·environment·start/end·exit code·pre/post state·report/artifact hash·sanitization,미검증,f97655c1299936a1101bc3ec10239265ec3b502e,cpf-docs/evidence/qa/QA_PARALLEL_12WAY_QA-12B_R5_f97655c/batch_review.md#bat-shared,"Java25 다중 Process, 실제 DB/Broker, lease/fencing, kill/restart, sync/async call과 Browser E2E는 최신 SHA에서 수행되지 않았다",목표 환경 scenario 실행 Evidence 반영 후 QA 재검수,P07,Gateway·Batch·Messaging·외부연계·운영 Runtime,07-00000997,P07-BATCH-BAT-SHARED,P05;P06,CPF-GATE-07,BAT-SHARED,예,QA-12B-1,,"[BAT-SHARED] 정상 수직 흐름의 요구 경로에 대응하는 Source/contract/Test 후보는 확인했다. 그러나 Java25 다중 Process, 실제 DB/Broker, lease/fencing, kill/restart, sync/async call과 Browser E2E는 최신 SHA에서 수행되지 않았다. 제품 실패로 단정하지 않고 환경차이 미검증으로 유지한다.",,검수 후 환경차이 미검증,cpf-docs/evidence/qa/QA_PARALLEL_12WAY_QA-12B_R5_f97655c/batch_review.md#bat-shared
CPF-SC-000998,CPF-FR-005064,BAT-SHARED,P0,BATCH,INVALID,[BAT-SHARED] 입력·경계 오류,Batch 개발자·운영자,최신 exact SHA; 유효 Session,invalid/empty/oversize/unknown enum,각 invalid 제출,표준 field/path 오류·side effect 0,500/raw exception/부분 저장,Java25·적용 DB/Provider/Browser/Process 환경,Local/Remote·single/multi-instance 중 적용,source SHA·command·environment·start/end·exit code·pre/post state·report/artifact hash·sanitization,미검증,f97655c1299936a1101bc3ec10239265ec3b502e,cpf-docs/evidence/qa/QA_PARALLEL_12WAY_QA-12B_R5_f97655c/batch_review.md#bat-shared,"Java25 다중 Process, 실제 DB/Broker, lease/fencing, kill/restart, sync/async call과 Browser E2E는 최신 SHA에서 수행되지 않았다",목표 환경 scenario 실행 Evidence 반영 후 QA 재검수,P07,Gateway·Batch·Messaging·외부연계·운영 Runtime,07-00000998,P07-BATCH-BAT-SHARED,P05;P06,CPF-GATE-07,BAT-SHARED,예,QA-12B-1,,"[BAT-SHARED] 입력·경계 오류의 요구 경로에 대응하는 Source/contract/Test 후보는 확인했다. 그러나 Java25 다중 Process, 실제 DB/Broker, lease/fencing, kill/restart, sync/async call과 Browser E2E는 최신 SHA에서 수행되지 않았다. 제품 실패로 단정하지 않고 환경차이 미검증으로 유지한다.",,검수 후 환경차이 미검증,cpf-docs/evidence/qa/QA_PARALLEL_12WAY_QA-12B_R5_f97655c/batch_review.md#bat-shared
CPF-SC-000999,CPF-FR-005064,BAT-SHARED,P0,BATCH,UNAUTHORIZED,[BAT-SHARED] 미인증·권한 부족,Batch 개발자·운영자,최신 exact SHA; 권한 없는 principal,401/403 대상,UI 직접 URL/API/Method 호출,Server 거부·Audit·민감정보 0,버튼만 숨김/default allow,Java25·적용 DB/Provider/Browser/Process 환경,Local/Remote·single/multi-instance 중 적용,source SHA·command·environment·start/end·exit code·pre/post state·report/artifact hash·sanitization,미검증,f97655c1299936a1101bc3ec10239265ec3b502e,cpf-docs/evidence/qa/QA_PARALLEL_12WAY_QA-12B_R5_f97655c/batch_review.md#bat-shared,"Java25 다중 Process, 실제 DB/Broker, lease/fencing, kill/restart, sync/async call과 Browser E2E는 최신 SHA에서 수행되지 않았다",목표 환경 scenario 실행 Evidence 반영 후 QA 재검수,P07,Gateway·Batch·Messaging·외부연계·운영 Runtime,07-00000999,P07-BATCH-BAT-SHARED,P05;P06,CPF-GATE-07,BAT-SHARED,예,QA-12B-1,,"[BAT-SHARED] 미인증·권한 부족의 요구 경로에 대응하는 Source/contract/Test 후보는 확인했다. 그러나 Java25 다중 Process, 실제 DB/Broker, lease/fencing, kill/restart, sync/async call과 Browser E2E는 최신 SHA에서 수행되지 않았다. 제품 실패로 단정하지 않고 환경차이 미검증으로 유지한다.",,검수 후 환경차이 미검증,cpf-docs/evidence/qa/QA_PARALLEL_12WAY_QA-12B_R5_f97655c/batch_review.md#bat-shared
CPF-SC-001000,CPF-FR-005064,BAT-SHARED,P0,BATCH,CONFLICT,[BAT-SHARED] Version·Hash 충돌,Batch 개발자·운영자,최신 exact SHA; 기존 version,stale expectedVersion/다른 hash,동시/재시도 요청,409·기존 결과 보존·lost update 0,후행 요청 덮어씀,Java25·적용 DB/Provider/Browser/Process 환경,Local/Remote·single/multi-instance 중 적용,source SHA·command·environment·start/end·exit code·pre/post state·report/artifact hash·sanitization,미검증,f97655c1299936a1101bc3ec10239265ec3b502e,cpf-docs/evidence/qa/QA_PARALLEL_12WAY_QA-12B_R5_f97655c/batch_review.md#bat-shared,"Java25 다중 Process, 실제 DB/Broker, lease/fencing, kill/restart, sync/async call과 Browser E2E는 최신 SHA에서 수행되지 않았다",목표 환경 scenario 실행 Evidence 반영 후 QA 재검수,P07,Gateway·Batch·Messaging·외부연계·운영 Runtime,07-00001000,P07-BATCH-BAT-SHARED,P05;P06,CPF-GATE-07,BAT-SHARED,예,QA-12B-1,,"[BAT-SHARED] Version·Hash 충돌의 요구 경로에 대응하는 Source/contract/Test 후보는 확인했다. 그러나 Java25 다중 Process, 실제 DB/Broker, lease/fencing, kill/restart, sync/async call과 Browser E2E는 최신 SHA에서 수행되지 않았다. 제품 실패로 단정하지 않고 환경차이 미검증으로 유지한다.",,검수 후 환경차이 미검증,cpf-docs/evidence/qa/QA_PARALLEL_12WAY_QA-12B_R5_f97655c/batch_review.md#bat-shared
CPF-SC-001001,CPF-FR-005064,BAT-SHARED,P0,BATCH,DUPLICATE,[BAT-SHARED] 중복 요청,Batch 개발자·운영자,최신 exact SHA; 같은 operationId,동일/상이 payload,동시·순차 중복,"동일 replay, 다른 payload conflict",side effect 2회,Java25·적용 DB/Provider/Browser/Process 환경,Local/Remote·single/multi-instance 중 적용,source SHA·command·environment·start/end·exit code·pre/post state·report/artifact hash·sanitization,미검증,f97655c1299936a1101bc3ec10239265ec3b502e,cpf-docs/evidence/qa/QA_PARALLEL_12WAY_QA-12B_R5_f97655c/batch_review.md#bat-shared,"Java25 다중 Process, 실제 DB/Broker, lease/fencing, kill/restart, sync/async call과 Browser E2E는 최신 SHA에서 수행되지 않았다",목표 환경 scenario 실행 Evidence 반영 후 QA 재검수,P07,Gateway·Batch·Messaging·외부연계·운영 Runtime,07-00001001,P07-BATCH-BAT-SHARED,P05;P06,CPF-GATE-07,BAT-SHARED,예,QA-12B-1,,"[BAT-SHARED] 중복 요청의 요구 경로에 대응하는 Source/contract/Test 후보는 확인했다. 그러나 Java25 다중 Process, 실제 DB/Broker, lease/fencing, kill/restart, sync/async call과 Browser E2E는 최신 SHA에서 수행되지 않았다. 제품 실패로 단정하지 않고 환경차이 미검증으로 유지한다.",,검수 후 환경차이 미검증,cpf-docs/evidence/qa/QA_PARALLEL_12WAY_QA-12B_R5_f97655c/batch_review.md#bat-shared
CPF-SC-001002,CPF-FR-005064,BAT-SHARED,P0,BATCH,TIMEOUT_PRE,[BAT-SHARED] Side effect 전 Timeout,Batch 개발자·운영자,최신 exact SHA; dependency delay,connect/header timeout,timeout 주입,retryable failure·side effect 0,UNKNOWN/성공 오인,Java25·적용 DB/Provider/Browser/Process 환경,Local/Remote·single/multi-instance 중 적용,source SHA·command·environment·start/end·exit code·pre/post state·report/artifact hash·sanitization,미검증,f97655c1299936a1101bc3ec10239265ec3b502e,cpf-docs/evidence/qa/QA_PARALLEL_12WAY_QA-12B_R5_f97655c/batch_review.md#bat-shared,"Java25 다중 Process, 실제 DB/Broker, lease/fencing, kill/restart, sync/async call과 Browser E2E는 최신 SHA에서 수행되지 않았다",목표 환경 scenario 실행 Evidence 반영 후 QA 재검수,P07,Gateway·Batch·Messaging·외부연계·운영 Runtime,07-00001002,P07-BATCH-BAT-SHARED,P05;P06,CPF-GATE-07,BAT-SHARED,예,QA-12B-1,,"[BAT-SHARED] Side effect 전 Timeout의 요구 경로에 대응하는 Source/contract/Test 후보는 확인했다. 그러나 Java25 다중 Process, 실제 DB/Broker, lease/fencing, kill/restart, sync/async call과 Browser E2E는 최신 SHA에서 수행되지 않았다. 제품 실패로 단정하지 않고 환경차이 미검증으로 유지한다.",,검수 후 환경차이 미검증,cpf-docs/evidence/qa/QA_PARALLEL_12WAY_QA-12B_R5_f97655c/batch_review.md#bat-shared
CPF-SC-001003,CPF-FR-005064,BAT-SHARED,P0,BATCH,RESPONSE_LOSS,[BAT-SHARED] Side effect 후 응답 유실,Batch 개발자·운영자,최신 exact SHA; Owner commit,commit 후 reset,응답 차단,UNKNOWN·blind retry 금지·reconcile,자동 실패/무조건 retry,Java25·적용 DB/Provider/Browser/Process 환경,Local/Remote·single/multi-instance 중 적용,source SHA·command·environment·start/end·exit code·pre/post state·report/artifact hash·sanitization,미검증,f97655c1299936a1101bc3ec10239265ec3b502e,cpf-docs/evidence/qa/QA_PARALLEL_12WAY_QA-12B_R5_f97655c/batch_review.md#bat-shared,"Java25 다중 Process, 실제 DB/Broker, lease/fencing, kill/restart, sync/async call과 Browser E2E는 최신 SHA에서 수행되지 않았다",목표 환경 scenario 실행 Evidence 반영 후 QA 재검수,P07,Gateway·Batch·Messaging·외부연계·운영 Runtime,07-00001003,P07-BATCH-BAT-SHARED,P05;P06,CPF-GATE-07,BAT-SHARED,예,QA-12B-1,,"[BAT-SHARED] Side effect 후 응답 유실의 요구 경로에 대응하는 Source/contract/Test 후보는 확인했다. 그러나 Java25 다중 Process, 실제 DB/Broker, lease/fencing, kill/restart, sync/async call과 Browser E2E는 최신 SHA에서 수행되지 않았다. 제품 실패로 단정하지 않고 환경차이 미검증으로 유지한다.",,검수 후 환경차이 미검증,cpf-docs/evidence/qa/QA_PARALLEL_12WAY_QA-12B_R5_f97655c/batch_review.md#bat-shared
CPF-SC-001004,CPF-FR-005064,BAT-SHARED,P0,BATCH,PARTIAL,[BAT-SHARED] 부분 실패,Batch 개발자·운영자,최신 exact SHA; 다중 대상/항목,일부 target failure,group 실행,개별 성공/실패/unknown 보존,전체 성공/실패로 축약,Java25·적용 DB/Provider/Browser/Process 환경,Local/Remote·single/multi-instance 중 적용,source SHA·command·environment·start/end·exit code·pre/post state·report/artifact hash·sanitization,미검증,f97655c1299936a1101bc3ec10239265ec3b502e,cpf-docs/evidence/qa/QA_PARALLEL_12WAY_QA-12B_R5_f97655c/batch_review.md#bat-shared,"Java25 다중 Process, 실제 DB/Broker, lease/fencing, kill/restart, sync/async call과 Browser E2E는 최신 SHA에서 수행되지 않았다",목표 환경 scenario 실행 Evidence 반영 후 QA 재검수,P07,Gateway·Batch·Messaging·외부연계·운영 Runtime,07-00001004,P07-BATCH-BAT-SHARED,P05;P06,CPF-GATE-07,BAT-SHARED,예,QA-12B-1,,"[BAT-SHARED] 부분 실패의 요구 경로에 대응하는 Source/contract/Test 후보는 확인했다. 그러나 Java25 다중 Process, 실제 DB/Broker, lease/fencing, kill/restart, sync/async call과 Browser E2E는 최신 SHA에서 수행되지 않았다. 제품 실패로 단정하지 않고 환경차이 미검증으로 유지한다.",,검수 후 환경차이 미검증,cpf-docs/evidence/qa/QA_PARALLEL_12WAY_QA-12B_R5_f97655c/batch_review.md#bat-shared
CPF-SC-001005,CPF-FR-005064,BAT-SHARED,P0,BATCH,PROCESS_KILL,[BAT-SHARED] Process Kill·Restart,Batch 개발자·운영자,최신 exact SHA; durable state,worker kill,claim/apply 후 종료·재기동,lease 회수·stale fencing·복구,고아 상태·중복,Java25·적용 DB/Provider/Browser/Process 환경,Local/Remote·single/multi-instance 중 적용,source SHA·command·environment·start/end·exit code·pre/post state·report/artifact hash·sanitization,미검증,f97655c1299936a1101bc3ec10239265ec3b502e,cpf-docs/evidence/qa/QA_PARALLEL_12WAY_QA-12B_R5_f97655c/batch_review.md#bat-shared,"Java25 다중 Process, 실제 DB/Broker, lease/fencing, kill/restart, sync/async call과 Browser E2E는 최신 SHA에서 수행되지 않았다",목표 환경 scenario 실행 Evidence 반영 후 QA 재검수,P07,Gateway·Batch·Messaging·외부연계·운영 Runtime,07-00001005,P07-BATCH-BAT-SHARED,P05;P06,CPF-GATE-07,BAT-SHARED,예,QA-12B-1,,"[BAT-SHARED] Process Kill·Restart의 요구 경로에 대응하는 Source/contract/Test 후보는 확인했다. 그러나 Java25 다중 Process, 실제 DB/Broker, lease/fencing, kill/restart, sync/async call과 Browser E2E는 최신 SHA에서 수행되지 않았다. 제품 실패로 단정하지 않고 환경차이 미검증으로 유지한다.",,검수 후 환경차이 미검증,cpf-docs/evidence/qa/QA_PARALLEL_12WAY_QA-12B_R5_f97655c/batch_review.md#bat-shared
CPF-SC-001006,CPF-FR-005064,BAT-SHARED,P0,BATCH,MULTI_INSTANCE,[BAT-SHARED] 다중 Instance,Batch 개발자·운영자,최신 exact SHA; 2개 이상,공유 DB/queue,동시 처리·failover·rejoin,version/state 일치·중복 0,local state 의존,Java25·적용 DB/Provider/Browser/Process 환경,Local/Remote·single/multi-instance 중 적용,source SHA·command·environment·start/end·exit code·pre/post state·report/artifact hash·sanitization,미검증,f97655c1299936a1101bc3ec10239265ec3b502e,cpf-docs/evidence/qa/QA_PARALLEL_12WAY_QA-12B_R5_f97655c/batch_review.md#bat-shared,"Java25 다중 Process, 실제 DB/Broker, lease/fencing, kill/restart, sync/async call과 Browser E2E는 최신 SHA에서 수행되지 않았다",목표 환경 scenario 실행 Evidence 반영 후 QA 재검수,P07,Gateway·Batch·Messaging·외부연계·운영 Runtime,07-00001006,P07-BATCH-BAT-SHARED,P05;P06,CPF-GATE-07,BAT-SHARED,예,QA-12B-1,,"[BAT-SHARED] 다중 Instance의 요구 경로에 대응하는 Source/contract/Test 후보는 확인했다. 그러나 Java25 다중 Process, 실제 DB/Broker, lease/fencing, kill/restart, sync/async call과 Browser E2E는 최신 SHA에서 수행되지 않았다. 제품 실패로 단정하지 않고 환경차이 미검증으로 유지한다.",,검수 후 환경차이 미검증,cpf-docs/evidence/qa/QA_PARALLEL_12WAY_QA-12B_R5_f97655c/batch_review.md#bat-shared
CPF-SC-001007,CPF-FR-005064,BAT-SHARED,P0,BATCH,ROLLBACK,[BAT-SHARED] Rollback/Forward Recovery,Batch 개발자·운영자,최신 exact SHA; 변경 전 snapshot,적용 후 결함,rollback/forward fix,데이터 보존·actual 일치·audit,부분 rollback·drift,Java25·적용 DB/Provider/Browser/Process 환경,Local/Remote·single/multi-instance 중 적용,source SHA·command·environment·start/end·exit code·pre/post state·report/artifact hash·sanitization,미검증,f97655c1299936a1101bc3ec10239265ec3b502e,cpf-docs/evidence/qa/QA_PARALLEL_12WAY_QA-12B_R5_f97655c/batch_review.md#bat-shared,"Java25 다중 Process, 실제 DB/Broker, lease/fencing, kill/restart, sync/async call과 Browser E2E는 최신 SHA에서 수행되지 않았다",목표 환경 scenario 실행 Evidence 반영 후 QA 재검수,P07,Gateway·Batch·Messaging·외부연계·운영 Runtime,07-00001007,P07-BATCH-BAT-SHARED,P05;P06,CPF-GATE-07,BAT-SHARED,예,QA-12B-1,,"[BAT-SHARED] Rollback/Forward Recovery의 요구 경로에 대응하는 Source/contract/Test 후보는 확인했다. 그러나 Java25 다중 Process, 실제 DB/Broker, lease/fencing, kill/restart, sync/async call과 Browser E2E는 최신 SHA에서 수행되지 않았다. 제품 실패로 단정하지 않고 환경차이 미검증으로 유지한다.",,검수 후 환경차이 미검증,cpf-docs/evidence/qa/QA_PARALLEL_12WAY_QA-12B_R5_f97655c/batch_review.md#bat-shared
CPF-SC-001008,CPF-FR-005064,BAT-SHARED,P0,BATCH,SECURITY_LEAK,[BAT-SHARED] 민감정보 누출,Batch 개발자·운영자,최신 exact SHA; PII/Secret fixture,오류·Log·UI·Download,정상/실패 실행,원문 0 또는 승인 범위,Log/DOM/Storage/Evidence 원문,Java25·적용 DB/Provider/Browser/Process 환경,Local/Remote·single/multi-instance 중 적용,source SHA·command·environment·start/end·exit code·pre/post state·report/artifact hash·sanitization,미검증,f97655c1299936a1101bc3ec10239265ec3b502e,cpf-docs/evidence/qa/QA_PARALLEL_12WAY_QA-12B_R5_f97655c/batch_review.md#bat-shared,"Java25 다중 Process, 실제 DB/Broker, lease/fencing, kill/restart, sync/async call과 Browser E2E는 최신 SHA에서 수행되지 않았다",목표 환경 scenario 실행 Evidence 반영 후 QA 재검수,P07,Gateway·Batch·Messaging·외부연계·운영 Runtime,07-00001008,P07-BATCH-BAT-SHARED,P05;P06,CPF-GATE-07,BAT-SHARED,예,QA-12B-1,,"[BAT-SHARED] 민감정보 누출의 요구 경로에 대응하는 Source/contract/Test 후보는 확인했다. 그러나 Java25 다중 Process, 실제 DB/Broker, lease/fencing, kill/restart, sync/async call과 Browser E2E는 최신 SHA에서 수행되지 않았다. 제품 실패로 단정하지 않고 환경차이 미검증으로 유지한다.",,검수 후 환경차이 미검증,cpf-docs/evidence/qa/QA_PARALLEL_12WAY_QA-12B_R5_f97655c/batch_review.md#bat-shared
