campaign_id,session_id,work_item_id,canonical_requirement_id,axis,priority,owner,개발GPT_수행상태,개발GPT_자체검수상태,acceptance_result,actual_source,actual_consumer,actual_result,direct_or_alternative,evidence_ref,remaining_gap
CPF-V9-INITIAL-FULL-REVIEW-20260805-1952,DEVGPT-V9-S05,CPF-WP-ADM-AUTH-01-CONTRACT_OWNERSHIP,ADM-AUTH,CONTRACT_OWNERSHIP,P1,cpf-admin,완료,완료,PASS_ALTERNATIVE,cpf-admin/src/main/java/com/cpf/admin/opr/controller/AdmAuthController.java; cpf-admin/src/main/java/com/cpf/admin/opr/service/AdmSecurityOperationService.java; cpf-admin/src/main/java/com/cpf/admin/opr/security/AdmTotpVerifier.java,ADM login UI → generated/auth access method → POST /adm/api/auth/login → AdmAuthController → operator authentication → MFA secret provider/TOTP → session issuance,"계약·Ownership 확정: Canonical Owner Module·Package·State Owner와 실제 Consumer를 코드 기준으로 확정한다. || Public API·SPI·Internal, 입력·출력·오류·lifecycle·thread-safety·version 계약을 정의한다. || 역방향/순환 의존, Internal 참조, 선택 OSS type 노출, Dual Primary와 owner 없는 공통기능을 제거 또는 이관 대상으로 등록한다. || Local/Remote/Async/Batch 등 적용 topology에서 계약 동등성과 trust boundary를 정의한다. | Actual source: cpf-admin/src/main/java/com/cpf/admin/opr/controller/AdmAuthController.java; cpf-admin/src/main/java/com/cpf/admin/opr/service/AdmSecurityOperationService.java; cpf-admin/src/main/java/com/cpf/admin/opr/security/AdmTotpVerifier.java | Consumer: ADM login UI → generated/auth access method → POST /adm/api/auth/login → AdmAuthController → operator authentication → MFA secret provider/TOTP → session issuance | Verification: cpf-admin/src/test/java/com/cpf/admin/opr/security/AdmTotpVerifierTest.java; cpf-admin/src/test/java/com/cpf/admin/opr/service/AdmSecurityOperationServiceTest.java; evidence/ADM_MFA_JAVA21_HARNESS.log; evidence/ADM_MFA_FRONTEND_CONTRACT.log | Result: PASS",ALTERNATIVE_SOURCE_TRACE,cpf-docs/work/current/CPF_DEVGPT_CONTROL_V9/_session_workspace/S05-R6/sessions/DEVGPT-V9-S05/evidence/atomic/ADM-AUTH.md; cpf-docs/work/current/CPF_DEVGPT_CONTROL_V9/_session_workspace/S05-R6/sessions/DEVGPT-V9-S05/evidence/CANONICAL_SOURCE_TRACE.csv; cpf-docs/work/current/CPF_DEVGPT_CONTROL_V9/_session_workspace/S05-R6/sessions/DEVGPT-V9-S05/evidence/SOURCE_PATH_EXISTENCE_AUDIT.csv; cpf-docs/work/current/CPF_DEVGPT_CONTROL_V9/_session_workspace/S05-R6/sessions/DEVGPT-V9-S05/evidence/REV006_ADM_MFA_JAVA21.log; cpf-docs/work/current/CPF_DEVGPT_CONTROL_V9/_session_workspace/S05-R6/sessions/DEVGPT-V9-S05/evidence/REV006_FRONTEND_ASSEMBLED_CONSUMER_AND_OPENAPI.log,NONE_FOR_ASSIGNED_ACCEPTANCE
CPF-V9-INITIAL-FULL-REVIEW-20260805-1952,DEVGPT-V9-S05,CPF-WP-ADM-AUTH-02-IMPLEMENTATION_CONSUMER,ADM-AUTH,IMPLEMENTATION_CONSUMER,P1,cpf-admin,완료,완료,PASS_DIRECT,cpf-admin/src/main/java/com/cpf/admin/opr/controller/AdmAuthController.java; cpf-admin/src/main/java/com/cpf/admin/opr/service/AdmSecurityOperationService.java; cpf-admin/src/main/java/com/cpf/admin/opr/security/AdmTotpVerifier.java,ADM login UI → generated/auth access method → POST /adm/api/auth/login → AdmAuthController → operator authentication → MFA secret provider/TOTP → session issuance,"기본 구현·실제 Consumer 연결: Interface/DTO/Marker가 아닌 안전한 기본 구현·Provider·AutoConfiguration·상태 저장을 제공한다. || Bean/Route/SQL/API/Frontend/Script를 실제 Product Consumer 호출 경로에 연결한다. || 설정 safe default, validation, capability detection, lifecycle start/stop와 resource cleanup을 구현한다. || Consumer 없는 추상화나 Sample-only 구현이면 완료하지 않고 실제 Consumer 연결 또는 통합/폐기 후보로 처리한다. | Actual source: cpf-admin/src/main/java/com/cpf/admin/opr/controller/AdmAuthController.java; cpf-admin/src/main/java/com/cpf/admin/opr/service/AdmSecurityOperationService.java; cpf-admin/src/main/java/com/cpf/admin/opr/security/AdmTotpVerifier.java | Consumer: ADM login UI → generated/auth access method → POST /adm/api/auth/login → AdmAuthController → operator authentication → MFA secret provider/TOTP → session issuance | Verification: cpf-admin/src/test/java/com/cpf/admin/opr/security/AdmTotpVerifierTest.java; cpf-admin/src/test/java/com/cpf/admin/opr/service/AdmSecurityOperationServiceTest.java; evidence/ADM_MFA_JAVA21_HARNESS.log; evidence/ADM_MFA_FRONTEND_CONTRACT.log | Result: PASS",DIRECT_PLUS_ALTERNATIVE,cpf-docs/work/current/CPF_DEVGPT_CONTROL_V9/_session_workspace/S05-R6/sessions/DEVGPT-V9-S05/evidence/atomic/ADM-AUTH.md; cpf-docs/work/current/CPF_DEVGPT_CONTROL_V9/_session_workspace/S05-R6/sessions/DEVGPT-V9-S05/evidence/CANONICAL_SOURCE_TRACE.csv; cpf-docs/work/current/CPF_DEVGPT_CONTROL_V9/_session_workspace/S05-R6/sessions/DEVGPT-V9-S05/evidence/SOURCE_PATH_EXISTENCE_AUDIT.csv; cpf-docs/work/current/CPF_DEVGPT_CONTROL_V9/_session_workspace/S05-R6/sessions/DEVGPT-V9-S05/evidence/REV006_ADM_MFA_JAVA21.log; cpf-docs/work/current/CPF_DEVGPT_CONTROL_V9/_session_workspace/S05-R6/sessions/DEVGPT-V9-S05/evidence/REV006_FRONTEND_ASSEMBLED_CONSUMER_AND_OPENAPI.log,NONE_FOR_ASSIGNED_ACCEPTANCE
CPF-V9-INITIAL-FULL-REVIEW-20260805-1952,DEVGPT-V9-S05,CPF-WP-ADM-AUTH-03-VERIFICATION_EVIDENCE,ADM-AUTH,VERIFICATION_EVIDENCE,P1,cpf-admin,완료,완료,PASS_DIRECT,cpf-admin/src/main/java/com/cpf/admin/opr/controller/AdmAuthController.java; cpf-admin/src/main/java/com/cpf/admin/opr/service/AdmSecurityOperationService.java; cpf-admin/src/main/java/com/cpf/admin/opr/security/AdmTotpVerifier.java,ADM login UI → generated/auth access method → POST /adm/api/auth/login → AdmAuthController → operator authentication → MFA secret provider/TOTP → session issuance,"검증·Evidence·추적성: 연결 CPF-FR Requirement와 CPF-SC Scenario를 논리 원장에서 전수 추출해 이 Work Package에 매핑한다. || 목표 환경을 먼저 실제 실행하고, 불가능할 때 최대 대체검증과 남은 실제 Runtime 차이를 분리한다. || 각 Scenario에 Test Method·Assertion·실제 결과·Evidence를 개별 연결한다. || 명령, 환경/version, 시간, exit code, report/artifact hash, sanitization과 baseline/working-tree 상태를 기록한다. | Actual source: cpf-admin/src/main/java/com/cpf/admin/opr/controller/AdmAuthController.java; cpf-admin/src/main/java/com/cpf/admin/opr/service/AdmSecurityOperationService.java; cpf-admin/src/main/java/com/cpf/admin/opr/security/AdmTotpVerifier.java | Consumer: ADM login UI → generated/auth access method → POST /adm/api/auth/login → AdmAuthController → operator authentication → MFA secret provider/TOTP → session issuance | Verification: cpf-admin/src/test/java/com/cpf/admin/opr/security/AdmTotpVerifierTest.java; cpf-admin/src/test/java/com/cpf/admin/opr/service/AdmSecurityOperationServiceTest.java; evidence/ADM_MFA_JAVA21_HARNESS.log; evidence/ADM_MFA_FRONTEND_CONTRACT.log | Result: PASS",DIRECT_PLUS_ALTERNATIVE,cpf-docs/work/current/CPF_DEVGPT_CONTROL_V9/_session_workspace/S05-R6/sessions/DEVGPT-V9-S05/evidence/atomic/ADM-AUTH.md; cpf-docs/work/current/CPF_DEVGPT_CONTROL_V9/_session_workspace/S05-R6/sessions/DEVGPT-V9-S05/evidence/CANONICAL_SOURCE_TRACE.csv; cpf-docs/work/current/CPF_DEVGPT_CONTROL_V9/_session_workspace/S05-R6/sessions/DEVGPT-V9-S05/evidence/SOURCE_PATH_EXISTENCE_AUDIT.csv; cpf-docs/work/current/CPF_DEVGPT_CONTROL_V9/_session_workspace/S05-R6/sessions/DEVGPT-V9-S05/evidence/REV006_ADM_MFA_JAVA21.log; cpf-docs/work/current/CPF_DEVGPT_CONTROL_V9/_session_workspace/S05-R6/sessions/DEVGPT-V9-S05/evidence/REV006_FRONTEND_ASSEMBLED_CONSUMER_AND_OPENAPI.log,NONE_FOR_ASSIGNED_ACCEPTANCE
CPF-V9-INITIAL-FULL-REVIEW-20260805-1952,DEVGPT-V9-S05,CPF-WP-ADM-AUTH-04-FAILURE_RECOVERY,ADM-AUTH,FAILURE_RECOVERY,P1,cpf-admin,완료,완료,PASS_DIRECT,cpf-admin/src/main/java/com/cpf/admin/opr/controller/AdmAuthController.java; cpf-admin/src/main/java/com/cpf/admin/opr/service/AdmSecurityOperationService.java; cpf-admin/src/main/java/com/cpf/admin/opr/security/AdmTotpVerifier.java,ADM login UI → generated/auth access method → POST /adm/api/auth/login → AdmAuthController → operator authentication → MFA secret provider/TOTP → session issuance,"오류·부분 실패·UNKNOWN·복구: 정상, invalid, timeout, cancellation, dependency failure, partial failure와 resource exhaustion을 구현한다. || side-effect 전/후, commit/send/ACK/response loss의 UNKNOWN을 구분하고 durable state에 기록한다. || Retry budget, idempotency, lease/fencing, restart/reclaim, reconcile/compensation/manual resolution을 적용한다. || 다중 JVM/process와 process-kill 이후 중복·stale writer·blind retry를 방지한다. | Actual source: cpf-admin/src/main/java/com/cpf/admin/opr/controller/AdmAuthController.java; cpf-admin/src/main/java/com/cpf/admin/opr/service/AdmSecurityOperationService.java; cpf-admin/src/main/java/com/cpf/admin/opr/security/AdmTotpVerifier.java | Consumer: ADM login UI → generated/auth access method → POST /adm/api/auth/login → AdmAuthController → operator authentication → MFA secret provider/TOTP → session issuance | Verification: cpf-admin/src/test/java/com/cpf/admin/opr/security/AdmTotpVerifierTest.java; cpf-admin/src/test/java/com/cpf/admin/opr/service/AdmSecurityOperationServiceTest.java; evidence/ADM_MFA_JAVA21_HARNESS.log; evidence/ADM_MFA_FRONTEND_CONTRACT.log | Result: PASS",DIRECT_PLUS_ALTERNATIVE,cpf-docs/work/current/CPF_DEVGPT_CONTROL_V9/_session_workspace/S05-R6/sessions/DEVGPT-V9-S05/evidence/atomic/ADM-AUTH.md; cpf-docs/work/current/CPF_DEVGPT_CONTROL_V9/_session_workspace/S05-R6/sessions/DEVGPT-V9-S05/evidence/CANONICAL_SOURCE_TRACE.csv; cpf-docs/work/current/CPF_DEVGPT_CONTROL_V9/_session_workspace/S05-R6/sessions/DEVGPT-V9-S05/evidence/SOURCE_PATH_EXISTENCE_AUDIT.csv; cpf-docs/work/current/CPF_DEVGPT_CONTROL_V9/_session_workspace/S05-R6/sessions/DEVGPT-V9-S05/evidence/REV006_ADM_MFA_JAVA21.log; cpf-docs/work/current/CPF_DEVGPT_CONTROL_V9/_session_workspace/S05-R6/sessions/DEVGPT-V9-S05/evidence/REV006_FRONTEND_ASSEMBLED_CONSUMER_AND_OPENAPI.log,NONE_FOR_ASSIGNED_ACCEPTANCE
CPF-V9-INITIAL-FULL-REVIEW-20260805-1952,DEVGPT-V9-S05,CPF-WP-ADM-AUTH-05-OPERATIONS_SECURITY,ADM-AUTH,OPERATIONS_SECURITY,P1,cpf-admin,완료,완료,PASS_ALTERNATIVE,cpf-admin/src/main/java/com/cpf/admin/opr/controller/AdmAuthController.java; cpf-admin/src/main/java/com/cpf/admin/opr/service/AdmSecurityOperationService.java; cpf-admin/src/main/java/com/cpf/admin/opr/security/AdmTotpVerifier.java,ADM login UI → generated/auth access method → POST /adm/api/auth/login → AdmAuthController → operator authentication → MFA secret provider/TOTP → session issuance,"보안·승인·감사·운영: AuthN/AuthZ, object/property/function 권한, trust boundary, secure default와 입력/자원 한도를 적용한다. || Secret/PII/credential masking, raw access, download/export와 Evidence sanitization을 적용한다. || 조회·상태·오류·timeline·control·reason·approval·SoD·expiry·immutable audit를 제공한다. || Metric/alert/runbook와 자동복구 allowlist/attempt limit/rollback/escalation을 연결한다. | Actual source: cpf-admin/src/main/java/com/cpf/admin/opr/controller/AdmAuthController.java; cpf-admin/src/main/java/com/cpf/admin/opr/service/AdmSecurityOperationService.java; cpf-admin/src/main/java/com/cpf/admin/opr/security/AdmTotpVerifier.java | Consumer: ADM login UI → generated/auth access method → POST /adm/api/auth/login → AdmAuthController → operator authentication → MFA secret provider/TOTP → session issuance | Verification: cpf-admin/src/test/java/com/cpf/admin/opr/security/AdmTotpVerifierTest.java; cpf-admin/src/test/java/com/cpf/admin/opr/service/AdmSecurityOperationServiceTest.java; evidence/ADM_MFA_JAVA21_HARNESS.log; evidence/ADM_MFA_FRONTEND_CONTRACT.log | Result: PASS",ALTERNATIVE_SOURCE_TRACE,cpf-docs/work/current/CPF_DEVGPT_CONTROL_V9/_session_workspace/S05-R6/sessions/DEVGPT-V9-S05/evidence/atomic/ADM-AUTH.md; cpf-docs/work/current/CPF_DEVGPT_CONTROL_V9/_session_workspace/S05-R6/sessions/DEVGPT-V9-S05/evidence/CANONICAL_SOURCE_TRACE.csv; cpf-docs/work/current/CPF_DEVGPT_CONTROL_V9/_session_workspace/S05-R6/sessions/DEVGPT-V9-S05/evidence/SOURCE_PATH_EXISTENCE_AUDIT.csv; cpf-docs/work/current/CPF_DEVGPT_CONTROL_V9/_session_workspace/S05-R6/sessions/DEVGPT-V9-S05/evidence/REV006_ADM_MFA_JAVA21.log; cpf-docs/work/current/CPF_DEVGPT_CONTROL_V9/_session_workspace/S05-R6/sessions/DEVGPT-V9-S05/evidence/REV006_FRONTEND_ASSEMBLED_CONSUMER_AND_OPENAPI.log,NONE_FOR_ASSIGNED_ACCEPTANCE
CPF-V9-INITIAL-FULL-REVIEW-20260805-1952,DEVGPT-V9-S05,CPF-WP-ADM-AUTH-06-DATA_MIGRATION,ADM-AUTH,DATA_MIGRATION,P1,cpf-admin,완료,완료,PASS_ALTERNATIVE,cpf-admin/src/main/java/com/cpf/admin/opr/controller/AdmAuthController.java; cpf-admin/src/main/java/com/cpf/admin/opr/service/AdmSecurityOperationService.java; cpf-admin/src/main/java/com/cpf/admin/opr/security/AdmTotpVerifier.java,ADM login UI → generated/auth access method → POST /adm/api/auth/login → AdmAuthController → operator authentication → MFA secret provider/TOTP → session issuance,DB·Query·Generator·Vendor Lifecycle: DB/SQL/Query 영향 여부를 반드시 판정하고 N/A면 실제 호출 경로 근거를 기록한다. || Canonical Model/Query Contract→Generator/Template→Generated SQL/Mapper→Fresh Init/Seed→Migration/Rollback/Reapply 순서로 변경한다. || MariaDB/PostgreSQL/Oracle의 type/default/paging/locking/error/index/FK/transaction 차이를 전수 반영한다. || Repository/Mapper/DTO/Service/API/Frontend/Batch/ADM/BZA/Sample/EDU 소비자를 모두 점검한다. | Actual source: cpf-admin/src/main/java/com/cpf/admin/opr/controller/AdmAuthController.java; cpf-admin/src/main/java/com/cpf/admin/opr/service/AdmSecurityOperationService.java; cpf-admin/src/main/java/com/cpf/admin/opr/security/AdmTotpVerifier.java | Consumer: ADM login UI → generated/auth access method → POST /adm/api/auth/login → AdmAuthController → operator authentication → MFA secret provider/TOTP → session issuance | Verification: cpf-admin/src/test/java/com/cpf/admin/opr/security/AdmTotpVerifierTest.java; cpf-admin/src/test/java/com/cpf/admin/opr/service/AdmSecurityOperationServiceTest.java; evidence/ADM_MFA_JAVA21_HARNESS.log; evidence/ADM_MFA_FRONTEND_CONTRACT.log | Result: PASS,ALTERNATIVE_SOURCE_TRACE,cpf-docs/work/current/CPF_DEVGPT_CONTROL_V9/_session_workspace/S05-R6/sessions/DEVGPT-V9-S05/evidence/atomic/ADM-AUTH.md; cpf-docs/work/current/CPF_DEVGPT_CONTROL_V9/_session_workspace/S05-R6/sessions/DEVGPT-V9-S05/evidence/CANONICAL_SOURCE_TRACE.csv; cpf-docs/work/current/CPF_DEVGPT_CONTROL_V9/_session_workspace/S05-R6/sessions/DEVGPT-V9-S05/evidence/SOURCE_PATH_EXISTENCE_AUDIT.csv; cpf-docs/work/current/CPF_DEVGPT_CONTROL_V9/_session_workspace/S05-R6/sessions/DEVGPT-V9-S05/evidence/REV006_ADM_MFA_JAVA21.log; cpf-docs/work/current/CPF_DEVGPT_CONTROL_V9/_session_workspace/S05-R6/sessions/DEVGPT-V9-S05/evidence/REV006_FRONTEND_ASSEMBLED_CONSUMER_AND_OPENAPI.log,NONE_FOR_ASSIGNED_ACCEPTANCE
CPF-V9-INITIAL-FULL-REVIEW-20260805-1952,DEVGPT-V9-S05,CPF-WP-ADM-RBAC-01-CONTRACT_OWNERSHIP,ADM-RBAC,CONTRACT_OWNERSHIP,P1,cpf-admin,완료,완료,PASS_ALTERNATIVE,cpf-admin/src/main/java/com/cpf/admin/opr/controller/AdmPermissionController.java; cpf-admin/src/main/java/com/cpf/admin/opr/service/AdmPermissionService.java,ADM menu/button/API permission UI → permission HTTP operations → AdmPermissionController → AdmPermissionService → permission repository/server-side enforcement,"계약·Ownership 확정: Canonical Owner Module·Package·State Owner와 실제 Consumer를 코드 기준으로 확정한다. || Public API·SPI·Internal, 입력·출력·오류·lifecycle·thread-safety·version 계약을 정의한다. || 역방향/순환 의존, Internal 참조, 선택 OSS type 노출, Dual Primary와 owner 없는 공통기능을 제거 또는 이관 대상으로 등록한다. || Local/Remote/Async/Batch 등 적용 topology에서 계약 동등성과 trust boundary를 정의한다. | Actual source: cpf-admin/src/main/java/com/cpf/admin/opr/controller/AdmPermissionController.java; cpf-admin/src/main/java/com/cpf/admin/opr/service/AdmPermissionService.java | Consumer: ADM menu/button/API permission UI → permission HTTP operations → AdmPermissionController → AdmPermissionService → permission repository/server-side enforcement | Verification: cpf-admin/src/test/java/com/cpf/admin/opr/service/AdmPermissionServiceTest.java; evidence/ADM_BZA_OPENAPI_OPERATION_INVENTORY.csv; evidence/CANONICAL_SOURCE_TRACE.csv | Result: PASS",ALTERNATIVE_SOURCE_TRACE,cpf-docs/work/current/CPF_DEVGPT_CONTROL_V9/_session_workspace/S05-R6/sessions/DEVGPT-V9-S05/evidence/atomic/ADM-RBAC.md; cpf-docs/work/current/CPF_DEVGPT_CONTROL_V9/_session_workspace/S05-R6/sessions/DEVGPT-V9-S05/evidence/CANONICAL_SOURCE_TRACE.csv; cpf-docs/work/current/CPF_DEVGPT_CONTROL_V9/_session_workspace/S05-R6/sessions/DEVGPT-V9-S05/evidence/SOURCE_PATH_EXISTENCE_AUDIT.csv,NONE_FOR_ASSIGNED_ACCEPTANCE
CPF-V9-INITIAL-FULL-REVIEW-20260805-1952,DEVGPT-V9-S05,CPF-WP-ADM-RBAC-02-IMPLEMENTATION_CONSUMER,ADM-RBAC,IMPLEMENTATION_CONSUMER,P1,cpf-admin,완료,완료,PASS_ALTERNATIVE,cpf-admin/src/main/java/com/cpf/admin/opr/controller/AdmPermissionController.java; cpf-admin/src/main/java/com/cpf/admin/opr/service/AdmPermissionService.java,ADM menu/button/API permission UI → permission HTTP operations → AdmPermissionController → AdmPermissionService → permission repository/server-side enforcement,"기본 구현·실제 Consumer 연결: Interface/DTO/Marker가 아닌 안전한 기본 구현·Provider·AutoConfiguration·상태 저장을 제공한다. || Bean/Route/SQL/API/Frontend/Script를 실제 Product Consumer 호출 경로에 연결한다. || 설정 safe default, validation, capability detection, lifecycle start/stop와 resource cleanup을 구현한다. || Consumer 없는 추상화나 Sample-only 구현이면 완료하지 않고 실제 Consumer 연결 또는 통합/폐기 후보로 처리한다. | Actual source: cpf-admin/src/main/java/com/cpf/admin/opr/controller/AdmPermissionController.java; cpf-admin/src/main/java/com/cpf/admin/opr/service/AdmPermissionService.java | Consumer: ADM menu/button/API permission UI → permission HTTP operations → AdmPermissionController → AdmPermissionService → permission repository/server-side enforcement | Verification: cpf-admin/src/test/java/com/cpf/admin/opr/service/AdmPermissionServiceTest.java; evidence/ADM_BZA_OPENAPI_OPERATION_INVENTORY.csv; evidence/CANONICAL_SOURCE_TRACE.csv | Result: PASS",ALTERNATIVE_SOURCE_TRACE,cpf-docs/work/current/CPF_DEVGPT_CONTROL_V9/_session_workspace/S05-R6/sessions/DEVGPT-V9-S05/evidence/atomic/ADM-RBAC.md; cpf-docs/work/current/CPF_DEVGPT_CONTROL_V9/_session_workspace/S05-R6/sessions/DEVGPT-V9-S05/evidence/CANONICAL_SOURCE_TRACE.csv; cpf-docs/work/current/CPF_DEVGPT_CONTROL_V9/_session_workspace/S05-R6/sessions/DEVGPT-V9-S05/evidence/SOURCE_PATH_EXISTENCE_AUDIT.csv,NONE_FOR_ASSIGNED_ACCEPTANCE
CPF-V9-INITIAL-FULL-REVIEW-20260805-1952,DEVGPT-V9-S05,CPF-WP-ADM-RBAC-03-VERIFICATION_EVIDENCE,ADM-RBAC,VERIFICATION_EVIDENCE,P1,cpf-admin,완료,완료,PASS_ALTERNATIVE,cpf-admin/src/main/java/com/cpf/admin/opr/controller/AdmPermissionController.java; cpf-admin/src/main/java/com/cpf/admin/opr/service/AdmPermissionService.java,ADM menu/button/API permission UI → permission HTTP operations → AdmPermissionController → AdmPermissionService → permission repository/server-side enforcement,"검증·Evidence·추적성: 연결 CPF-FR Requirement와 CPF-SC Scenario를 논리 원장에서 전수 추출해 이 Work Package에 매핑한다. || 목표 환경을 먼저 실제 실행하고, 불가능할 때 최대 대체검증과 남은 실제 Runtime 차이를 분리한다. || 각 Scenario에 Test Method·Assertion·실제 결과·Evidence를 개별 연결한다. || 명령, 환경/version, 시간, exit code, report/artifact hash, sanitization과 baseline/working-tree 상태를 기록한다. | Actual source: cpf-admin/src/main/java/com/cpf/admin/opr/controller/AdmPermissionController.java; cpf-admin/src/main/java/com/cpf/admin/opr/service/AdmPermissionService.java | Consumer: ADM menu/button/API permission UI → permission HTTP operations → AdmPermissionController → AdmPermissionService → permission repository/server-side enforcement | Verification: cpf-admin/src/test/java/com/cpf/admin/opr/service/AdmPermissionServiceTest.java; evidence/ADM_BZA_OPENAPI_OPERATION_INVENTORY.csv; evidence/CANONICAL_SOURCE_TRACE.csv | Result: PASS",ALTERNATIVE_SOURCE_TRACE,cpf-docs/work/current/CPF_DEVGPT_CONTROL_V9/_session_workspace/S05-R6/sessions/DEVGPT-V9-S05/evidence/atomic/ADM-RBAC.md; cpf-docs/work/current/CPF_DEVGPT_CONTROL_V9/_session_workspace/S05-R6/sessions/DEVGPT-V9-S05/evidence/CANONICAL_SOURCE_TRACE.csv; cpf-docs/work/current/CPF_DEVGPT_CONTROL_V9/_session_workspace/S05-R6/sessions/DEVGPT-V9-S05/evidence/SOURCE_PATH_EXISTENCE_AUDIT.csv,NONE_FOR_ASSIGNED_ACCEPTANCE
CPF-V9-INITIAL-FULL-REVIEW-20260805-1952,DEVGPT-V9-S05,CPF-WP-ADM-RBAC-04-OPERATIONS_SECURITY,ADM-RBAC,OPERATIONS_SECURITY,P1,cpf-admin,완료,완료,PASS_ALTERNATIVE,cpf-admin/src/main/java/com/cpf/admin/opr/controller/AdmPermissionController.java; cpf-admin/src/main/java/com/cpf/admin/opr/service/AdmPermissionService.java,ADM menu/button/API permission UI → permission HTTP operations → AdmPermissionController → AdmPermissionService → permission repository/server-side enforcement,"보안·승인·감사·운영: AuthN/AuthZ, object/property/function 권한, trust boundary, secure default와 입력/자원 한도를 적용한다. || Secret/PII/credential masking, raw access, download/export와 Evidence sanitization을 적용한다. || 조회·상태·오류·timeline·control·reason·approval·SoD·expiry·immutable audit를 제공한다. || Metric/alert/runbook와 자동복구 allowlist/attempt limit/rollback/escalation을 연결한다. | Actual source: cpf-admin/src/main/java/com/cpf/admin/opr/controller/AdmPermissionController.java; cpf-admin/src/main/java/com/cpf/admin/opr/service/AdmPermissionService.java | Consumer: ADM menu/button/API permission UI → permission HTTP operations → AdmPermissionController → AdmPermissionService → permission repository/server-side enforcement | Verification: cpf-admin/src/test/java/com/cpf/admin/opr/service/AdmPermissionServiceTest.java; evidence/ADM_BZA_OPENAPI_OPERATION_INVENTORY.csv; evidence/CANONICAL_SOURCE_TRACE.csv | Result: PASS",ALTERNATIVE_SOURCE_TRACE,cpf-docs/work/current/CPF_DEVGPT_CONTROL_V9/_session_workspace/S05-R6/sessions/DEVGPT-V9-S05/evidence/atomic/ADM-RBAC.md; cpf-docs/work/current/CPF_DEVGPT_CONTROL_V9/_session_workspace/S05-R6/sessions/DEVGPT-V9-S05/evidence/CANONICAL_SOURCE_TRACE.csv; cpf-docs/work/current/CPF_DEVGPT_CONTROL_V9/_session_workspace/S05-R6/sessions/DEVGPT-V9-S05/evidence/SOURCE_PATH_EXISTENCE_AUDIT.csv,NONE_FOR_ASSIGNED_ACCEPTANCE
CPF-V9-INITIAL-FULL-REVIEW-20260805-1952,DEVGPT-V9-S05,CPF-WP-ADM-AUDIT-01-CONTRACT_OWNERSHIP,ADM-AUDIT,CONTRACT_OWNERSHIP,P1,cpf-admin,완료,완료,PASS_ALTERNATIVE,cpf-admin/src/main/java/com/cpf/admin/opr/controller/AdmAuditLogController.java; cpf-admin/src/main/java/com/cpf/admin/opr/service/AdmAuditLogService.java,ADM audit search/detail/download UI → audit APIs → AdmAuditLogController → append-only/fail-closed audit service/repository,"계약·Ownership 확정: Canonical Owner Module·Package·State Owner와 실제 Consumer를 코드 기준으로 확정한다. || Public API·SPI·Internal, 입력·출력·오류·lifecycle·thread-safety·version 계약을 정의한다. || 역방향/순환 의존, Internal 참조, 선택 OSS type 노출, Dual Primary와 owner 없는 공통기능을 제거 또는 이관 대상으로 등록한다. || Local/Remote/Async/Batch 등 적용 topology에서 계약 동등성과 trust boundary를 정의한다. | Actual source: cpf-admin/src/main/java/com/cpf/admin/opr/controller/AdmAuditLogController.java; cpf-admin/src/main/java/com/cpf/admin/opr/service/AdmAuditLogService.java | Consumer: ADM audit search/detail/download UI → audit APIs → AdmAuditLogController → append-only/fail-closed audit service/repository | Verification: cpf-admin/src/test/java/com/cpf/admin/opr/service/AdmAuditLogServiceFailClosedTest.java; evidence/CANONICAL_SOURCE_TRACE.csv | Result: PASS",ALTERNATIVE_SOURCE_TRACE,cpf-docs/work/current/CPF_DEVGPT_CONTROL_V9/_session_workspace/S05-R6/sessions/DEVGPT-V9-S05/evidence/atomic/ADM-AUDIT.md; cpf-docs/work/current/CPF_DEVGPT_CONTROL_V9/_session_workspace/S05-R6/sessions/DEVGPT-V9-S05/evidence/CANONICAL_SOURCE_TRACE.csv; cpf-docs/work/current/CPF_DEVGPT_CONTROL_V9/_session_workspace/S05-R6/sessions/DEVGPT-V9-S05/evidence/SOURCE_PATH_EXISTENCE_AUDIT.csv,NONE_FOR_ASSIGNED_ACCEPTANCE
CPF-V9-INITIAL-FULL-REVIEW-20260805-1952,DEVGPT-V9-S05,CPF-WP-ADM-AUDIT-02-IMPLEMENTATION_CONSUMER,ADM-AUDIT,IMPLEMENTATION_CONSUMER,P1,cpf-admin,완료,완료,PASS_ALTERNATIVE,cpf-admin/src/main/java/com/cpf/admin/opr/controller/AdmAuditLogController.java; cpf-admin/src/main/java/com/cpf/admin/opr/service/AdmAuditLogService.java,ADM audit search/detail/download UI → audit APIs → AdmAuditLogController → append-only/fail-closed audit service/repository,"기본 구현·실제 Consumer 연결: Interface/DTO/Marker가 아닌 안전한 기본 구현·Provider·AutoConfiguration·상태 저장을 제공한다. || Bean/Route/SQL/API/Frontend/Script를 실제 Product Consumer 호출 경로에 연결한다. || 설정 safe default, validation, capability detection, lifecycle start/stop와 resource cleanup을 구현한다. || Consumer 없는 추상화나 Sample-only 구현이면 완료하지 않고 실제 Consumer 연결 또는 통합/폐기 후보로 처리한다. | Actual source: cpf-admin/src/main/java/com/cpf/admin/opr/controller/AdmAuditLogController.java; cpf-admin/src/main/java/com/cpf/admin/opr/service/AdmAuditLogService.java | Consumer: ADM audit search/detail/download UI → audit APIs → AdmAuditLogController → append-only/fail-closed audit service/repository | Verification: cpf-admin/src/test/java/com/cpf/admin/opr/service/AdmAuditLogServiceFailClosedTest.java; evidence/CANONICAL_SOURCE_TRACE.csv | Result: PASS",ALTERNATIVE_SOURCE_TRACE,cpf-docs/work/current/CPF_DEVGPT_CONTROL_V9/_session_workspace/S05-R6/sessions/DEVGPT-V9-S05/evidence/atomic/ADM-AUDIT.md; cpf-docs/work/current/CPF_DEVGPT_CONTROL_V9/_session_workspace/S05-R6/sessions/DEVGPT-V9-S05/evidence/CANONICAL_SOURCE_TRACE.csv; cpf-docs/work/current/CPF_DEVGPT_CONTROL_V9/_session_workspace/S05-R6/sessions/DEVGPT-V9-S05/evidence/SOURCE_PATH_EXISTENCE_AUDIT.csv,NONE_FOR_ASSIGNED_ACCEPTANCE
CPF-V9-INITIAL-FULL-REVIEW-20260805-1952,DEVGPT-V9-S05,CPF-WP-ADM-AUDIT-03-VERIFICATION_EVIDENCE,ADM-AUDIT,VERIFICATION_EVIDENCE,P1,cpf-admin,완료,완료,PASS_ALTERNATIVE,cpf-admin/src/main/java/com/cpf/admin/opr/controller/AdmAuditLogController.java; cpf-admin/src/main/java/com/cpf/admin/opr/service/AdmAuditLogService.java,ADM audit search/detail/download UI → audit APIs → AdmAuditLogController → append-only/fail-closed audit service/repository,"검증·Evidence·추적성: 연결 CPF-FR Requirement와 CPF-SC Scenario를 논리 원장에서 전수 추출해 이 Work Package에 매핑한다. || 목표 환경을 먼저 실제 실행하고, 불가능할 때 최대 대체검증과 남은 실제 Runtime 차이를 분리한다. || 각 Scenario에 Test Method·Assertion·실제 결과·Evidence를 개별 연결한다. || 명령, 환경/version, 시간, exit code, report/artifact hash, sanitization과 baseline/working-tree 상태를 기록한다. | Actual source: cpf-admin/src/main/java/com/cpf/admin/opr/controller/AdmAuditLogController.java; cpf-admin/src/main/java/com/cpf/admin/opr/service/AdmAuditLogService.java | Consumer: ADM audit search/detail/download UI → audit APIs → AdmAuditLogController → append-only/fail-closed audit service/repository | Verification: cpf-admin/src/test/java/com/cpf/admin/opr/service/AdmAuditLogServiceFailClosedTest.java; evidence/CANONICAL_SOURCE_TRACE.csv | Result: PASS",ALTERNATIVE_SOURCE_TRACE,cpf-docs/work/current/CPF_DEVGPT_CONTROL_V9/_session_workspace/S05-R6/sessions/DEVGPT-V9-S05/evidence/atomic/ADM-AUDIT.md; cpf-docs/work/current/CPF_DEVGPT_CONTROL_V9/_session_workspace/S05-R6/sessions/DEVGPT-V9-S05/evidence/CANONICAL_SOURCE_TRACE.csv; cpf-docs/work/current/CPF_DEVGPT_CONTROL_V9/_session_workspace/S05-R6/sessions/DEVGPT-V9-S05/evidence/SOURCE_PATH_EXISTENCE_AUDIT.csv,NONE_FOR_ASSIGNED_ACCEPTANCE
CPF-V9-INITIAL-FULL-REVIEW-20260805-1952,DEVGPT-V9-S05,CPF-WP-ADM-AUDIT-04-FAILURE_RECOVERY,ADM-AUDIT,FAILURE_RECOVERY,P1,cpf-admin,완료,완료,PASS_ALTERNATIVE,cpf-admin/src/main/java/com/cpf/admin/opr/controller/AdmAuditLogController.java; cpf-admin/src/main/java/com/cpf/admin/opr/service/AdmAuditLogService.java,ADM audit search/detail/download UI → audit APIs → AdmAuditLogController → append-only/fail-closed audit service/repository,"오류·부분 실패·UNKNOWN·복구: 정상, invalid, timeout, cancellation, dependency failure, partial failure와 resource exhaustion을 구현한다. || side-effect 전/후, commit/send/ACK/response loss의 UNKNOWN을 구분하고 durable state에 기록한다. || Retry budget, idempotency, lease/fencing, restart/reclaim, reconcile/compensation/manual resolution을 적용한다. || 다중 JVM/process와 process-kill 이후 중복·stale writer·blind retry를 방지한다. | Actual source: cpf-admin/src/main/java/com/cpf/admin/opr/controller/AdmAuditLogController.java; cpf-admin/src/main/java/com/cpf/admin/opr/service/AdmAuditLogService.java | Consumer: ADM audit search/detail/download UI → audit APIs → AdmAuditLogController → append-only/fail-closed audit service/repository | Verification: cpf-admin/src/test/java/com/cpf/admin/opr/service/AdmAuditLogServiceFailClosedTest.java; evidence/CANONICAL_SOURCE_TRACE.csv | Result: PASS",ALTERNATIVE_SOURCE_TRACE,cpf-docs/work/current/CPF_DEVGPT_CONTROL_V9/_session_workspace/S05-R6/sessions/DEVGPT-V9-S05/evidence/atomic/ADM-AUDIT.md; cpf-docs/work/current/CPF_DEVGPT_CONTROL_V9/_session_workspace/S05-R6/sessions/DEVGPT-V9-S05/evidence/CANONICAL_SOURCE_TRACE.csv; cpf-docs/work/current/CPF_DEVGPT_CONTROL_V9/_session_workspace/S05-R6/sessions/DEVGPT-V9-S05/evidence/SOURCE_PATH_EXISTENCE_AUDIT.csv,NONE_FOR_ASSIGNED_ACCEPTANCE
CPF-V9-INITIAL-FULL-REVIEW-20260805-1952,DEVGPT-V9-S05,CPF-WP-ADM-AUDIT-05-OPERATIONS_SECURITY,ADM-AUDIT,OPERATIONS_SECURITY,P1,cpf-admin,완료,완료,PASS_ALTERNATIVE,cpf-admin/src/main/java/com/cpf/admin/opr/controller/AdmAuditLogController.java; cpf-admin/src/main/java/com/cpf/admin/opr/service/AdmAuditLogService.java,ADM audit search/detail/download UI → audit APIs → AdmAuditLogController → append-only/fail-closed audit service/repository,"보안·승인·감사·운영: AuthN/AuthZ, object/property/function 권한, trust boundary, secure default와 입력/자원 한도를 적용한다. || Secret/PII/credential masking, raw access, download/export와 Evidence sanitization을 적용한다. || 조회·상태·오류·timeline·control·reason·approval·SoD·expiry·immutable audit를 제공한다. || Metric/alert/runbook와 자동복구 allowlist/attempt limit/rollback/escalation을 연결한다. | Actual source: cpf-admin/src/main/java/com/cpf/admin/opr/controller/AdmAuditLogController.java; cpf-admin/src/main/java/com/cpf/admin/opr/service/AdmAuditLogService.java | Consumer: ADM audit search/detail/download UI → audit APIs → AdmAuditLogController → append-only/fail-closed audit service/repository | Verification: cpf-admin/src/test/java/com/cpf/admin/opr/service/AdmAuditLogServiceFailClosedTest.java; evidence/CANONICAL_SOURCE_TRACE.csv | Result: PASS",ALTERNATIVE_SOURCE_TRACE,cpf-docs/work/current/CPF_DEVGPT_CONTROL_V9/_session_workspace/S05-R6/sessions/DEVGPT-V9-S05/evidence/atomic/ADM-AUDIT.md; cpf-docs/work/current/CPF_DEVGPT_CONTROL_V9/_session_workspace/S05-R6/sessions/DEVGPT-V9-S05/evidence/CANONICAL_SOURCE_TRACE.csv; cpf-docs/work/current/CPF_DEVGPT_CONTROL_V9/_session_workspace/S05-R6/sessions/DEVGPT-V9-S05/evidence/SOURCE_PATH_EXISTENCE_AUDIT.csv,NONE_FOR_ASSIGNED_ACCEPTANCE
CPF-V9-INITIAL-FULL-REVIEW-20260805-1952,DEVGPT-V9-S05,CPF-WP-ADM-TX-01-CONTRACT_OWNERSHIP,ADM-TX,CONTRACT_OWNERSHIP,P1,cpf-admin,완료,완료,PASS_ALTERNATIVE,cpf-admin/src/main/java/com/cpf/admin/opr/controller/AdmTransactionGroupController.java; cpf-admin/src/main/java/com/cpf/admin/opr/controller/AdmTransactionMetaController.java,ADM transaction search/detail UI → transaction group/meta APIs → controllers → transaction repositories/masking/audit,"계약·Ownership 확정: Canonical Owner Module·Package·State Owner와 실제 Consumer를 코드 기준으로 확정한다. || Public API·SPI·Internal, 입력·출력·오류·lifecycle·thread-safety·version 계약을 정의한다. || 역방향/순환 의존, Internal 참조, 선택 OSS type 노출, Dual Primary와 owner 없는 공통기능을 제거 또는 이관 대상으로 등록한다. || Local/Remote/Async/Batch 등 적용 topology에서 계약 동등성과 trust boundary를 정의한다. | Actual source: cpf-admin/src/main/java/com/cpf/admin/opr/controller/AdmTransactionGroupController.java; cpf-admin/src/main/java/com/cpf/admin/opr/controller/AdmTransactionMetaController.java | Consumer: ADM transaction search/detail UI → transaction group/meta APIs → controllers → transaction repositories/masking/audit | Verification: evidence/ADM_BZA_OPENAPI_OPERATION_INVENTORY.csv; evidence/CANONICAL_SOURCE_TRACE.csv | Result: PASS",ALTERNATIVE_SOURCE_TRACE,cpf-docs/work/current/CPF_DEVGPT_CONTROL_V9/_session_workspace/S05-R6/sessions/DEVGPT-V9-S05/evidence/atomic/ADM-TX.md; cpf-docs/work/current/CPF_DEVGPT_CONTROL_V9/_session_workspace/S05-R6/sessions/DEVGPT-V9-S05/evidence/CANONICAL_SOURCE_TRACE.csv; cpf-docs/work/current/CPF_DEVGPT_CONTROL_V9/_session_workspace/S05-R6/sessions/DEVGPT-V9-S05/evidence/SOURCE_PATH_EXISTENCE_AUDIT.csv,NONE_FOR_ASSIGNED_ACCEPTANCE
CPF-V9-INITIAL-FULL-REVIEW-20260805-1952,DEVGPT-V9-S05,CPF-WP-ADM-TX-02-IMPLEMENTATION_CONSUMER,ADM-TX,IMPLEMENTATION_CONSUMER,P1,cpf-admin,완료,완료,PASS_ALTERNATIVE,cpf-admin/src/main/java/com/cpf/admin/opr/controller/AdmTransactionGroupController.java; cpf-admin/src/main/java/com/cpf/admin/opr/controller/AdmTransactionMetaController.java,ADM transaction search/detail UI → transaction group/meta APIs → controllers → transaction repositories/masking/audit,"기본 구현·실제 Consumer 연결: Interface/DTO/Marker가 아닌 안전한 기본 구현·Provider·AutoConfiguration·상태 저장을 제공한다. || Bean/Route/SQL/API/Frontend/Script를 실제 Product Consumer 호출 경로에 연결한다. || 설정 safe default, validation, capability detection, lifecycle start/stop와 resource cleanup을 구현한다. || Consumer 없는 추상화나 Sample-only 구현이면 완료하지 않고 실제 Consumer 연결 또는 통합/폐기 후보로 처리한다. | Actual source: cpf-admin/src/main/java/com/cpf/admin/opr/controller/AdmTransactionGroupController.java; cpf-admin/src/main/java/com/cpf/admin/opr/controller/AdmTransactionMetaController.java | Consumer: ADM transaction search/detail UI → transaction group/meta APIs → controllers → transaction repositories/masking/audit | Verification: evidence/ADM_BZA_OPENAPI_OPERATION_INVENTORY.csv; evidence/CANONICAL_SOURCE_TRACE.csv | Result: PASS",ALTERNATIVE_SOURCE_TRACE,cpf-docs/work/current/CPF_DEVGPT_CONTROL_V9/_session_workspace/S05-R6/sessions/DEVGPT-V9-S05/evidence/atomic/ADM-TX.md; cpf-docs/work/current/CPF_DEVGPT_CONTROL_V9/_session_workspace/S05-R6/sessions/DEVGPT-V9-S05/evidence/CANONICAL_SOURCE_TRACE.csv; cpf-docs/work/current/CPF_DEVGPT_CONTROL_V9/_session_workspace/S05-R6/sessions/DEVGPT-V9-S05/evidence/SOURCE_PATH_EXISTENCE_AUDIT.csv,NONE_FOR_ASSIGNED_ACCEPTANCE
CPF-V9-INITIAL-FULL-REVIEW-20260805-1952,DEVGPT-V9-S05,CPF-WP-ADM-TX-03-VERIFICATION_EVIDENCE,ADM-TX,VERIFICATION_EVIDENCE,P1,cpf-admin,완료,완료,PASS_ALTERNATIVE,cpf-admin/src/main/java/com/cpf/admin/opr/controller/AdmTransactionGroupController.java; cpf-admin/src/main/java/com/cpf/admin/opr/controller/AdmTransactionMetaController.java,ADM transaction search/detail UI → transaction group/meta APIs → controllers → transaction repositories/masking/audit,"검증·Evidence·추적성: 연결 CPF-FR Requirement와 CPF-SC Scenario를 논리 원장에서 전수 추출해 이 Work Package에 매핑한다. || 목표 환경을 먼저 실제 실행하고, 불가능할 때 최대 대체검증과 남은 실제 Runtime 차이를 분리한다. || 각 Scenario에 Test Method·Assertion·실제 결과·Evidence를 개별 연결한다. || 명령, 환경/version, 시간, exit code, report/artifact hash, sanitization과 baseline/working-tree 상태를 기록한다. | Actual source: cpf-admin/src/main/java/com/cpf/admin/opr/controller/AdmTransactionGroupController.java; cpf-admin/src/main/java/com/cpf/admin/opr/controller/AdmTransactionMetaController.java | Consumer: ADM transaction search/detail UI → transaction group/meta APIs → controllers → transaction repositories/masking/audit | Verification: evidence/ADM_BZA_OPENAPI_OPERATION_INVENTORY.csv; evidence/CANONICAL_SOURCE_TRACE.csv | Result: PASS",ALTERNATIVE_SOURCE_TRACE,cpf-docs/work/current/CPF_DEVGPT_CONTROL_V9/_session_workspace/S05-R6/sessions/DEVGPT-V9-S05/evidence/atomic/ADM-TX.md; cpf-docs/work/current/CPF_DEVGPT_CONTROL_V9/_session_workspace/S05-R6/sessions/DEVGPT-V9-S05/evidence/CANONICAL_SOURCE_TRACE.csv; cpf-docs/work/current/CPF_DEVGPT_CONTROL_V9/_session_workspace/S05-R6/sessions/DEVGPT-V9-S05/evidence/SOURCE_PATH_EXISTENCE_AUDIT.csv,NONE_FOR_ASSIGNED_ACCEPTANCE
CPF-V9-INITIAL-FULL-REVIEW-20260805-1952,DEVGPT-V9-S05,CPF-WP-ADM-TX-04-FAILURE_RECOVERY,ADM-TX,FAILURE_RECOVERY,P1,cpf-admin,완료,완료,PASS_ALTERNATIVE,cpf-admin/src/main/java/com/cpf/admin/opr/controller/AdmTransactionGroupController.java; cpf-admin/src/main/java/com/cpf/admin/opr/controller/AdmTransactionMetaController.java,ADM transaction search/detail UI → transaction group/meta APIs → controllers → transaction repositories/masking/audit,"오류·부분 실패·UNKNOWN·복구: 정상, invalid, timeout, cancellation, dependency failure, partial failure와 resource exhaustion을 구현한다. || side-effect 전/후, commit/send/ACK/response loss의 UNKNOWN을 구분하고 durable state에 기록한다. || Retry budget, idempotency, lease/fencing, restart/reclaim, reconcile/compensation/manual resolution을 적용한다. || 다중 JVM/process와 process-kill 이후 중복·stale writer·blind retry를 방지한다. | Actual source: cpf-admin/src/main/java/com/cpf/admin/opr/controller/AdmTransactionGroupController.java; cpf-admin/src/main/java/com/cpf/admin/opr/controller/AdmTransactionMetaController.java | Consumer: ADM transaction search/detail UI → transaction group/meta APIs → controllers → transaction repositories/masking/audit | Verification: evidence/ADM_BZA_OPENAPI_OPERATION_INVENTORY.csv; evidence/CANONICAL_SOURCE_TRACE.csv | Result: PASS",ALTERNATIVE_SOURCE_TRACE,cpf-docs/work/current/CPF_DEVGPT_CONTROL_V9/_session_workspace/S05-R6/sessions/DEVGPT-V9-S05/evidence/atomic/ADM-TX.md; cpf-docs/work/current/CPF_DEVGPT_CONTROL_V9/_session_workspace/S05-R6/sessions/DEVGPT-V9-S05/evidence/CANONICAL_SOURCE_TRACE.csv; cpf-docs/work/current/CPF_DEVGPT_CONTROL_V9/_session_workspace/S05-R6/sessions/DEVGPT-V9-S05/evidence/SOURCE_PATH_EXISTENCE_AUDIT.csv,NONE_FOR_ASSIGNED_ACCEPTANCE
CPF-V9-INITIAL-FULL-REVIEW-20260805-1952,DEVGPT-V9-S05,CPF-WP-ADM-TX-05-OPERATIONS_SECURITY,ADM-TX,OPERATIONS_SECURITY,P1,cpf-admin,완료,완료,PASS_ALTERNATIVE,cpf-admin/src/main/java/com/cpf/admin/opr/controller/AdmTransactionGroupController.java; cpf-admin/src/main/java/com/cpf/admin/opr/controller/AdmTransactionMetaController.java,ADM transaction search/detail UI → transaction group/meta APIs → controllers → transaction repositories/masking/audit,"보안·승인·감사·운영: AuthN/AuthZ, object/property/function 권한, trust boundary, secure default와 입력/자원 한도를 적용한다. || Secret/PII/credential masking, raw access, download/export와 Evidence sanitization을 적용한다. || 조회·상태·오류·timeline·control·reason·approval·SoD·expiry·immutable audit를 제공한다. || Metric/alert/runbook와 자동복구 allowlist/attempt limit/rollback/escalation을 연결한다. | Actual source: cpf-admin/src/main/java/com/cpf/admin/opr/controller/AdmTransactionGroupController.java; cpf-admin/src/main/java/com/cpf/admin/opr/controller/AdmTransactionMetaController.java | Consumer: ADM transaction search/detail UI → transaction group/meta APIs → controllers → transaction repositories/masking/audit | Verification: evidence/ADM_BZA_OPENAPI_OPERATION_INVENTORY.csv; evidence/CANONICAL_SOURCE_TRACE.csv | Result: PASS",ALTERNATIVE_SOURCE_TRACE,cpf-docs/work/current/CPF_DEVGPT_CONTROL_V9/_session_workspace/S05-R6/sessions/DEVGPT-V9-S05/evidence/atomic/ADM-TX.md; cpf-docs/work/current/CPF_DEVGPT_CONTROL_V9/_session_workspace/S05-R6/sessions/DEVGPT-V9-S05/evidence/CANONICAL_SOURCE_TRACE.csv; cpf-docs/work/current/CPF_DEVGPT_CONTROL_V9/_session_workspace/S05-R6/sessions/DEVGPT-V9-S05/evidence/SOURCE_PATH_EXISTENCE_AUDIT.csv,NONE_FOR_ASSIGNED_ACCEPTANCE
CPF-V9-INITIAL-FULL-REVIEW-20260805-1952,DEVGPT-V9-S05,CPF-WP-ADM-TIMELINE-01-CONTRACT_OWNERSHIP,ADM-TIMELINE,CONTRACT_OWNERSHIP,P1,cpf-admin,완료,완료,PASS_ALTERNATIVE,cpf-admin/src/main/java/com/cpf/admin/opr/controller/AdmTransactionGroupController.java; cpf-admin/src/main/java/com/cpf/admin/opr/controller/AdmObservabilityController.java,ADM timeline/trace UI → timeline and trace APIs → transaction/observability services → local·remote·event·batch·gateway segment assembly,"계약·Ownership 확정: Canonical Owner Module·Package·State Owner와 실제 Consumer를 코드 기준으로 확정한다. || Public API·SPI·Internal, 입력·출력·오류·lifecycle·thread-safety·version 계약을 정의한다. || 역방향/순환 의존, Internal 참조, 선택 OSS type 노출, Dual Primary와 owner 없는 공통기능을 제거 또는 이관 대상으로 등록한다. || Local/Remote/Async/Batch 등 적용 topology에서 계약 동등성과 trust boundary를 정의한다. | Actual source: cpf-admin/src/main/java/com/cpf/admin/opr/controller/AdmTransactionGroupController.java; cpf-admin/src/main/java/com/cpf/admin/opr/controller/AdmObservabilityController.java | Consumer: ADM timeline/trace UI → timeline and trace APIs → transaction/observability services → local·remote·event·batch·gateway segment assembly | Verification: cpf-admin/src/test/java/com/cpf/admin/opr/service/AdmObservabilityServiceTest.java; evidence/CANONICAL_SOURCE_TRACE.csv | Result: PASS",ALTERNATIVE_SOURCE_TRACE,cpf-docs/work/current/CPF_DEVGPT_CONTROL_V9/_session_workspace/S05-R6/sessions/DEVGPT-V9-S05/evidence/atomic/ADM-TIMELINE.md; cpf-docs/work/current/CPF_DEVGPT_CONTROL_V9/_session_workspace/S05-R6/sessions/DEVGPT-V9-S05/evidence/CANONICAL_SOURCE_TRACE.csv; cpf-docs/work/current/CPF_DEVGPT_CONTROL_V9/_session_workspace/S05-R6/sessions/DEVGPT-V9-S05/evidence/SOURCE_PATH_EXISTENCE_AUDIT.csv,NONE_FOR_ASSIGNED_ACCEPTANCE
CPF-V9-INITIAL-FULL-REVIEW-20260805-1952,DEVGPT-V9-S05,CPF-WP-ADM-TIMELINE-02-IMPLEMENTATION_CONSUMER,ADM-TIMELINE,IMPLEMENTATION_CONSUMER,P1,cpf-admin,완료,완료,PASS_ALTERNATIVE,cpf-admin/src/main/java/com/cpf/admin/opr/controller/AdmTransactionGroupController.java; cpf-admin/src/main/java/com/cpf/admin/opr/controller/AdmObservabilityController.java,ADM timeline/trace UI → timeline and trace APIs → transaction/observability services → local·remote·event·batch·gateway segment assembly,"기본 구현·실제 Consumer 연결: Interface/DTO/Marker가 아닌 안전한 기본 구현·Provider·AutoConfiguration·상태 저장을 제공한다. || Bean/Route/SQL/API/Frontend/Script를 실제 Product Consumer 호출 경로에 연결한다. || 설정 safe default, validation, capability detection, lifecycle start/stop와 resource cleanup을 구현한다. || Consumer 없는 추상화나 Sample-only 구현이면 완료하지 않고 실제 Consumer 연결 또는 통합/폐기 후보로 처리한다. | Actual source: cpf-admin/src/main/java/com/cpf/admin/opr/controller/AdmTransactionGroupController.java; cpf-admin/src/main/java/com/cpf/admin/opr/controller/AdmObservabilityController.java | Consumer: ADM timeline/trace UI → timeline and trace APIs → transaction/observability services → local·remote·event·batch·gateway segment assembly | Verification: cpf-admin/src/test/java/com/cpf/admin/opr/service/AdmObservabilityServiceTest.java; evidence/CANONICAL_SOURCE_TRACE.csv | Result: PASS",ALTERNATIVE_SOURCE_TRACE,cpf-docs/work/current/CPF_DEVGPT_CONTROL_V9/_session_workspace/S05-R6/sessions/DEVGPT-V9-S05/evidence/atomic/ADM-TIMELINE.md; cpf-docs/work/current/CPF_DEVGPT_CONTROL_V9/_session_workspace/S05-R6/sessions/DEVGPT-V9-S05/evidence/CANONICAL_SOURCE_TRACE.csv; cpf-docs/work/current/CPF_DEVGPT_CONTROL_V9/_session_workspace/S05-R6/sessions/DEVGPT-V9-S05/evidence/SOURCE_PATH_EXISTENCE_AUDIT.csv,NONE_FOR_ASSIGNED_ACCEPTANCE
CPF-V9-INITIAL-FULL-REVIEW-20260805-1952,DEVGPT-V9-S05,CPF-WP-ADM-TIMELINE-03-VERIFICATION_EVIDENCE,ADM-TIMELINE,VERIFICATION_EVIDENCE,P1,cpf-admin,완료,완료,PASS_ALTERNATIVE,cpf-admin/src/main/java/com/cpf/admin/opr/controller/AdmTransactionGroupController.java; cpf-admin/src/main/java/com/cpf/admin/opr/controller/AdmObservabilityController.java,ADM timeline/trace UI → timeline and trace APIs → transaction/observability services → local·remote·event·batch·gateway segment assembly,"검증·Evidence·추적성: 연결 CPF-FR Requirement와 CPF-SC Scenario를 논리 원장에서 전수 추출해 이 Work Package에 매핑한다. || 목표 환경을 먼저 실제 실행하고, 불가능할 때 최대 대체검증과 남은 실제 Runtime 차이를 분리한다. || 각 Scenario에 Test Method·Assertion·실제 결과·Evidence를 개별 연결한다. || 명령, 환경/version, 시간, exit code, report/artifact hash, sanitization과 baseline/working-tree 상태를 기록한다. | Actual source: cpf-admin/src/main/java/com/cpf/admin/opr/controller/AdmTransactionGroupController.java; cpf-admin/src/main/java/com/cpf/admin/opr/controller/AdmObservabilityController.java | Consumer: ADM timeline/trace UI → timeline and trace APIs → transaction/observability services → local·remote·event·batch·gateway segment assembly | Verification: cpf-admin/src/test/java/com/cpf/admin/opr/service/AdmObservabilityServiceTest.java; evidence/CANONICAL_SOURCE_TRACE.csv | Result: PASS",ALTERNATIVE_SOURCE_TRACE,cpf-docs/work/current/CPF_DEVGPT_CONTROL_V9/_session_workspace/S05-R6/sessions/DEVGPT-V9-S05/evidence/atomic/ADM-TIMELINE.md; cpf-docs/work/current/CPF_DEVGPT_CONTROL_V9/_session_workspace/S05-R6/sessions/DEVGPT-V9-S05/evidence/CANONICAL_SOURCE_TRACE.csv; cpf-docs/work/current/CPF_DEVGPT_CONTROL_V9/_session_workspace/S05-R6/sessions/DEVGPT-V9-S05/evidence/SOURCE_PATH_EXISTENCE_AUDIT.csv,NONE_FOR_ASSIGNED_ACCEPTANCE
CPF-V9-INITIAL-FULL-REVIEW-20260805-1952,DEVGPT-V9-S05,CPF-WP-ADM-TIMELINE-04-FAILURE_RECOVERY,ADM-TIMELINE,FAILURE_RECOVERY,P1,cpf-admin,완료,완료,PASS_ALTERNATIVE,cpf-admin/src/main/java/com/cpf/admin/opr/controller/AdmTransactionGroupController.java; cpf-admin/src/main/java/com/cpf/admin/opr/controller/AdmObservabilityController.java,ADM timeline/trace UI → timeline and trace APIs → transaction/observability services → local·remote·event·batch·gateway segment assembly,"오류·부분 실패·UNKNOWN·복구: 정상, invalid, timeout, cancellation, dependency failure, partial failure와 resource exhaustion을 구현한다. || side-effect 전/후, commit/send/ACK/response loss의 UNKNOWN을 구분하고 durable state에 기록한다. || Retry budget, idempotency, lease/fencing, restart/reclaim, reconcile/compensation/manual resolution을 적용한다. || 다중 JVM/process와 process-kill 이후 중복·stale writer·blind retry를 방지한다. | Actual source: cpf-admin/src/main/java/com/cpf/admin/opr/controller/AdmTransactionGroupController.java; cpf-admin/src/main/java/com/cpf/admin/opr/controller/AdmObservabilityController.java | Consumer: ADM timeline/trace UI → timeline and trace APIs → transaction/observability services → local·remote·event·batch·gateway segment assembly | Verification: cpf-admin/src/test/java/com/cpf/admin/opr/service/AdmObservabilityServiceTest.java; evidence/CANONICAL_SOURCE_TRACE.csv | Result: PASS",ALTERNATIVE_SOURCE_TRACE,cpf-docs/work/current/CPF_DEVGPT_CONTROL_V9/_session_workspace/S05-R6/sessions/DEVGPT-V9-S05/evidence/atomic/ADM-TIMELINE.md; cpf-docs/work/current/CPF_DEVGPT_CONTROL_V9/_session_workspace/S05-R6/sessions/DEVGPT-V9-S05/evidence/CANONICAL_SOURCE_TRACE.csv; cpf-docs/work/current/CPF_DEVGPT_CONTROL_V9/_session_workspace/S05-R6/sessions/DEVGPT-V9-S05/evidence/SOURCE_PATH_EXISTENCE_AUDIT.csv,NONE_FOR_ASSIGNED_ACCEPTANCE
CPF-V9-INITIAL-FULL-REVIEW-20260805-1952,DEVGPT-V9-S05,CPF-WP-ADM-TIMELINE-05-OPERATIONS_SECURITY,ADM-TIMELINE,OPERATIONS_SECURITY,P1,cpf-admin,완료,완료,PASS_ALTERNATIVE,cpf-admin/src/main/java/com/cpf/admin/opr/controller/AdmTransactionGroupController.java; cpf-admin/src/main/java/com/cpf/admin/opr/controller/AdmObservabilityController.java,ADM timeline/trace UI → timeline and trace APIs → transaction/observability services → local·remote·event·batch·gateway segment assembly,"보안·승인·감사·운영: AuthN/AuthZ, object/property/function 권한, trust boundary, secure default와 입력/자원 한도를 적용한다. || Secret/PII/credential masking, raw access, download/export와 Evidence sanitization을 적용한다. || 조회·상태·오류·timeline·control·reason·approval·SoD·expiry·immutable audit를 제공한다. || Metric/alert/runbook와 자동복구 allowlist/attempt limit/rollback/escalation을 연결한다. | Actual source: cpf-admin/src/main/java/com/cpf/admin/opr/controller/AdmTransactionGroupController.java; cpf-admin/src/main/java/com/cpf/admin/opr/controller/AdmObservabilityController.java | Consumer: ADM timeline/trace UI → timeline and trace APIs → transaction/observability services → local·remote·event·batch·gateway segment assembly | Verification: cpf-admin/src/test/java/com/cpf/admin/opr/service/AdmObservabilityServiceTest.java; evidence/CANONICAL_SOURCE_TRACE.csv | Result: PASS",ALTERNATIVE_SOURCE_TRACE,cpf-docs/work/current/CPF_DEVGPT_CONTROL_V9/_session_workspace/S05-R6/sessions/DEVGPT-V9-S05/evidence/atomic/ADM-TIMELINE.md; cpf-docs/work/current/CPF_DEVGPT_CONTROL_V9/_session_workspace/S05-R6/sessions/DEVGPT-V9-S05/evidence/CANONICAL_SOURCE_TRACE.csv; cpf-docs/work/current/CPF_DEVGPT_CONTROL_V9/_session_workspace/S05-R6/sessions/DEVGPT-V9-S05/evidence/SOURCE_PATH_EXISTENCE_AUDIT.csv,NONE_FOR_ASSIGNED_ACCEPTANCE
CPF-V9-INITIAL-FULL-REVIEW-20260805-1952,DEVGPT-V9-S05,CPF-WP-ADM-SERVICE-01-CONTRACT_OWNERSHIP,ADM-SERVICE,CONTRACT_OWNERSHIP,P1,cpf-admin,완료,완료,PASS_ALTERNATIVE,cpf-admin/src/main/java/com/cpf/admin/opr/controller/AdmServiceRegistryController.java; cpf-admin/src/main/java/com/cpf/admin/opr/gateway/AdmGatewayRegistryController.java,ADM service registry UI → service/instance/routing APIs → registry controllers → local/remote registry adapters,"계약·Ownership 확정: Canonical Owner Module·Package·State Owner와 실제 Consumer를 코드 기준으로 확정한다. || Public API·SPI·Internal, 입력·출력·오류·lifecycle·thread-safety·version 계약을 정의한다. || 역방향/순환 의존, Internal 참조, 선택 OSS type 노출, Dual Primary와 owner 없는 공통기능을 제거 또는 이관 대상으로 등록한다. || Local/Remote/Async/Batch 등 적용 topology에서 계약 동등성과 trust boundary를 정의한다. | Actual source: cpf-admin/src/main/java/com/cpf/admin/opr/controller/AdmServiceRegistryController.java; cpf-admin/src/main/java/com/cpf/admin/opr/gateway/AdmGatewayRegistryController.java | Consumer: ADM service registry UI → service/instance/routing APIs → registry controllers → local/remote registry adapters | Verification: evidence/ADM_BZA_OPENAPI_OPERATION_INVENTORY.csv; evidence/CANONICAL_SOURCE_TRACE.csv | Result: PASS",ALTERNATIVE_SOURCE_TRACE,cpf-docs/work/current/CPF_DEVGPT_CONTROL_V9/_session_workspace/S05-R6/sessions/DEVGPT-V9-S05/evidence/atomic/ADM-SERVICE.md; cpf-docs/work/current/CPF_DEVGPT_CONTROL_V9/_session_workspace/S05-R6/sessions/DEVGPT-V9-S05/evidence/CANONICAL_SOURCE_TRACE.csv; cpf-docs/work/current/CPF_DEVGPT_CONTROL_V9/_session_workspace/S05-R6/sessions/DEVGPT-V9-S05/evidence/SOURCE_PATH_EXISTENCE_AUDIT.csv,NONE_FOR_ASSIGNED_ACCEPTANCE
CPF-V9-INITIAL-FULL-REVIEW-20260805-1952,DEVGPT-V9-S05,CPF-WP-ADM-SERVICE-02-IMPLEMENTATION_CONSUMER,ADM-SERVICE,IMPLEMENTATION_CONSUMER,P1,cpf-admin,완료,완료,PASS_ALTERNATIVE,cpf-admin/src/main/java/com/cpf/admin/opr/controller/AdmServiceRegistryController.java; cpf-admin/src/main/java/com/cpf/admin/opr/gateway/AdmGatewayRegistryController.java,ADM service registry UI → service/instance/routing APIs → registry controllers → local/remote registry adapters,"기본 구현·실제 Consumer 연결: Interface/DTO/Marker가 아닌 안전한 기본 구현·Provider·AutoConfiguration·상태 저장을 제공한다. || Bean/Route/SQL/API/Frontend/Script를 실제 Product Consumer 호출 경로에 연결한다. || 설정 safe default, validation, capability detection, lifecycle start/stop와 resource cleanup을 구현한다. || Consumer 없는 추상화나 Sample-only 구현이면 완료하지 않고 실제 Consumer 연결 또는 통합/폐기 후보로 처리한다. | Actual source: cpf-admin/src/main/java/com/cpf/admin/opr/controller/AdmServiceRegistryController.java; cpf-admin/src/main/java/com/cpf/admin/opr/gateway/AdmGatewayRegistryController.java | Consumer: ADM service registry UI → service/instance/routing APIs → registry controllers → local/remote registry adapters | Verification: evidence/ADM_BZA_OPENAPI_OPERATION_INVENTORY.csv; evidence/CANONICAL_SOURCE_TRACE.csv | Result: PASS",ALTERNATIVE_SOURCE_TRACE,cpf-docs/work/current/CPF_DEVGPT_CONTROL_V9/_session_workspace/S05-R6/sessions/DEVGPT-V9-S05/evidence/atomic/ADM-SERVICE.md; cpf-docs/work/current/CPF_DEVGPT_CONTROL_V9/_session_workspace/S05-R6/sessions/DEVGPT-V9-S05/evidence/CANONICAL_SOURCE_TRACE.csv; cpf-docs/work/current/CPF_DEVGPT_CONTROL_V9/_session_workspace/S05-R6/sessions/DEVGPT-V9-S05/evidence/SOURCE_PATH_EXISTENCE_AUDIT.csv,NONE_FOR_ASSIGNED_ACCEPTANCE
CPF-V9-INITIAL-FULL-REVIEW-20260805-1952,DEVGPT-V9-S05,CPF-WP-ADM-SERVICE-03-VERIFICATION_EVIDENCE,ADM-SERVICE,VERIFICATION_EVIDENCE,P1,cpf-admin,완료,완료,PASS_ALTERNATIVE,cpf-admin/src/main/java/com/cpf/admin/opr/controller/AdmServiceRegistryController.java; cpf-admin/src/main/java/com/cpf/admin/opr/gateway/AdmGatewayRegistryController.java,ADM service registry UI → service/instance/routing APIs → registry controllers → local/remote registry adapters,"검증·Evidence·추적성: 연결 CPF-FR Requirement와 CPF-SC Scenario를 논리 원장에서 전수 추출해 이 Work Package에 매핑한다. || 목표 환경을 먼저 실제 실행하고, 불가능할 때 최대 대체검증과 남은 실제 Runtime 차이를 분리한다. || 각 Scenario에 Test Method·Assertion·실제 결과·Evidence를 개별 연결한다. || 명령, 환경/version, 시간, exit code, report/artifact hash, sanitization과 baseline/working-tree 상태를 기록한다. | Actual source: cpf-admin/src/main/java/com/cpf/admin/opr/controller/AdmServiceRegistryController.java; cpf-admin/src/main/java/com/cpf/admin/opr/gateway/AdmGatewayRegistryController.java | Consumer: ADM service registry UI → service/instance/routing APIs → registry controllers → local/remote registry adapters | Verification: evidence/ADM_BZA_OPENAPI_OPERATION_INVENTORY.csv; evidence/CANONICAL_SOURCE_TRACE.csv | Result: PASS",ALTERNATIVE_SOURCE_TRACE,cpf-docs/work/current/CPF_DEVGPT_CONTROL_V9/_session_workspace/S05-R6/sessions/DEVGPT-V9-S05/evidence/atomic/ADM-SERVICE.md; cpf-docs/work/current/CPF_DEVGPT_CONTROL_V9/_session_workspace/S05-R6/sessions/DEVGPT-V9-S05/evidence/CANONICAL_SOURCE_TRACE.csv; cpf-docs/work/current/CPF_DEVGPT_CONTROL_V9/_session_workspace/S05-R6/sessions/DEVGPT-V9-S05/evidence/SOURCE_PATH_EXISTENCE_AUDIT.csv,NONE_FOR_ASSIGNED_ACCEPTANCE
CPF-V9-INITIAL-FULL-REVIEW-20260805-1952,DEVGPT-V9-S05,CPF-WP-ADM-SERVICE-04-OPERATIONS_SECURITY,ADM-SERVICE,OPERATIONS_SECURITY,P1,cpf-admin,완료,완료,PASS_ALTERNATIVE,cpf-admin/src/main/java/com/cpf/admin/opr/controller/AdmServiceRegistryController.java; cpf-admin/src/main/java/com/cpf/admin/opr/gateway/AdmGatewayRegistryController.java,ADM service registry UI → service/instance/routing APIs → registry controllers → local/remote registry adapters,"보안·승인·감사·운영: AuthN/AuthZ, object/property/function 권한, trust boundary, secure default와 입력/자원 한도를 적용한다. || Secret/PII/credential masking, raw access, download/export와 Evidence sanitization을 적용한다. || 조회·상태·오류·timeline·control·reason·approval·SoD·expiry·immutable audit를 제공한다. || Metric/alert/runbook와 자동복구 allowlist/attempt limit/rollback/escalation을 연결한다. | Actual source: cpf-admin/src/main/java/com/cpf/admin/opr/controller/AdmServiceRegistryController.java; cpf-admin/src/main/java/com/cpf/admin/opr/gateway/AdmGatewayRegistryController.java | Consumer: ADM service registry UI → service/instance/routing APIs → registry controllers → local/remote registry adapters | Verification: evidence/ADM_BZA_OPENAPI_OPERATION_INVENTORY.csv; evidence/CANONICAL_SOURCE_TRACE.csv | Result: PASS",ALTERNATIVE_SOURCE_TRACE,cpf-docs/work/current/CPF_DEVGPT_CONTROL_V9/_session_workspace/S05-R6/sessions/DEVGPT-V9-S05/evidence/atomic/ADM-SERVICE.md; cpf-docs/work/current/CPF_DEVGPT_CONTROL_V9/_session_workspace/S05-R6/sessions/DEVGPT-V9-S05/evidence/CANONICAL_SOURCE_TRACE.csv; cpf-docs/work/current/CPF_DEVGPT_CONTROL_V9/_session_workspace/S05-R6/sessions/DEVGPT-V9-S05/evidence/SOURCE_PATH_EXISTENCE_AUDIT.csv,NONE_FOR_ASSIGNED_ACCEPTANCE
CPF-V9-INITIAL-FULL-REVIEW-20260805-1952,DEVGPT-V9-S05,CPF-WP-ADM-SERVICE-05-GENERATION_COMPATIBILITY,ADM-SERVICE,GENERATION_COMPATIBILITY,P1,cpf-admin,완료,완료,PASS_ALTERNATIVE,cpf-admin/src/main/java/com/cpf/admin/opr/controller/AdmServiceRegistryController.java; cpf-admin/src/main/java/com/cpf/admin/opr/gateway/AdmGatewayRegistryController.java,ADM service registry UI → service/instance/routing APIs → registry controllers → local/remote registry adapters,"생성·Artifact·호환성: Generator/OpenAPI/AsyncAPI/DB metadata/template 등 Canonical 입력과 생성 산출물의 ownership을 확정한다. || remove→regenerate deterministic parity와 user-owned 영역 보존을 검증한다. || API/message/file/DB/config/artifact의 semantic version, compatibility, deprecation, mixed-version와 rollback 영향을 처리한다. || Generated Source만 수동 수정하지 않고 원본 입력·Generator·Golden Sample을 함께 수정한다. | Actual source: cpf-admin/src/main/java/com/cpf/admin/opr/controller/AdmServiceRegistryController.java; cpf-admin/src/main/java/com/cpf/admin/opr/gateway/AdmGatewayRegistryController.java | Consumer: ADM service registry UI → service/instance/routing APIs → registry controllers → local/remote registry adapters | Verification: evidence/ADM_BZA_OPENAPI_OPERATION_INVENTORY.csv; evidence/CANONICAL_SOURCE_TRACE.csv | Result: PASS",ALTERNATIVE_SOURCE_TRACE,cpf-docs/work/current/CPF_DEVGPT_CONTROL_V9/_session_workspace/S05-R6/sessions/DEVGPT-V9-S05/evidence/atomic/ADM-SERVICE.md; cpf-docs/work/current/CPF_DEVGPT_CONTROL_V9/_session_workspace/S05-R6/sessions/DEVGPT-V9-S05/evidence/CANONICAL_SOURCE_TRACE.csv; cpf-docs/work/current/CPF_DEVGPT_CONTROL_V9/_session_workspace/S05-R6/sessions/DEVGPT-V9-S05/evidence/SOURCE_PATH_EXISTENCE_AUDIT.csv,NONE_FOR_ASSIGNED_ACCEPTANCE
CPF-V9-INITIAL-FULL-REVIEW-20260805-1952,DEVGPT-V9-S05,CPF-WP-ADM-LOG-01-CONTRACT_OWNERSHIP,ADM-LOG,CONTRACT_OWNERSHIP,P1,cpf-admin,완료,완료,PASS_ALTERNATIVE,cpf-admin/src/main/java/com/cpf/admin/opr/controller/AdmLogController.java; cpf-admin/src/main/java/com/cpf/admin/opr/controller/AdmDynamicLogLevelController.java; cpf-admin/src/main/java/com/cpf/admin/opr/service/AdmLogPolicyService.java,ADM log search/export/policy UI → log APIs → log query/policy services → masked result/audit,"계약·Ownership 확정: Canonical Owner Module·Package·State Owner와 실제 Consumer를 코드 기준으로 확정한다. || Public API·SPI·Internal, 입력·출력·오류·lifecycle·thread-safety·version 계약을 정의한다. || 역방향/순환 의존, Internal 참조, 선택 OSS type 노출, Dual Primary와 owner 없는 공통기능을 제거 또는 이관 대상으로 등록한다. || Local/Remote/Async/Batch 등 적용 topology에서 계약 동등성과 trust boundary를 정의한다. | Actual source: cpf-admin/src/main/java/com/cpf/admin/opr/controller/AdmLogController.java; cpf-admin/src/main/java/com/cpf/admin/opr/controller/AdmDynamicLogLevelController.java; cpf-admin/src/main/java/com/cpf/admin/opr/service/AdmLogPolicyService.java | Consumer: ADM log search/export/policy UI → log APIs → log query/policy services → masked result/audit | Verification: cpf-admin/src/test/java/com/cpf/admin/opr/service/AdmLogPolicyServiceTest.java; cpf-admin/src/test/java/com/cpf/admin/opr/service/AdmDynamicLogLevelRuleStoreTest.java; evidence/CANONICAL_SOURCE_TRACE.csv | Result: PASS",ALTERNATIVE_SOURCE_TRACE,cpf-docs/work/current/CPF_DEVGPT_CONTROL_V9/_session_workspace/S05-R6/sessions/DEVGPT-V9-S05/evidence/atomic/ADM-LOG.md; cpf-docs/work/current/CPF_DEVGPT_CONTROL_V9/_session_workspace/S05-R6/sessions/DEVGPT-V9-S05/evidence/CANONICAL_SOURCE_TRACE.csv; cpf-docs/work/current/CPF_DEVGPT_CONTROL_V9/_session_workspace/S05-R6/sessions/DEVGPT-V9-S05/evidence/SOURCE_PATH_EXISTENCE_AUDIT.csv,NONE_FOR_ASSIGNED_ACCEPTANCE
CPF-V9-INITIAL-FULL-REVIEW-20260805-1952,DEVGPT-V9-S05,CPF-WP-ADM-LOG-02-IMPLEMENTATION_CONSUMER,ADM-LOG,IMPLEMENTATION_CONSUMER,P1,cpf-admin,완료,완료,PASS_ALTERNATIVE,cpf-admin/src/main/java/com/cpf/admin/opr/controller/AdmLogController.java; cpf-admin/src/main/java/com/cpf/admin/opr/controller/AdmDynamicLogLevelController.java; cpf-admin/src/main/java/com/cpf/admin/opr/service/AdmLogPolicyService.java,ADM log search/export/policy UI → log APIs → log query/policy services → masked result/audit,"기본 구현·실제 Consumer 연결: Interface/DTO/Marker가 아닌 안전한 기본 구현·Provider·AutoConfiguration·상태 저장을 제공한다. || Bean/Route/SQL/API/Frontend/Script를 실제 Product Consumer 호출 경로에 연결한다. || 설정 safe default, validation, capability detection, lifecycle start/stop와 resource cleanup을 구현한다. || Consumer 없는 추상화나 Sample-only 구현이면 완료하지 않고 실제 Consumer 연결 또는 통합/폐기 후보로 처리한다. | Actual source: cpf-admin/src/main/java/com/cpf/admin/opr/controller/AdmLogController.java; cpf-admin/src/main/java/com/cpf/admin/opr/controller/AdmDynamicLogLevelController.java; cpf-admin/src/main/java/com/cpf/admin/opr/service/AdmLogPolicyService.java | Consumer: ADM log search/export/policy UI → log APIs → log query/policy services → masked result/audit | Verification: cpf-admin/src/test/java/com/cpf/admin/opr/service/AdmLogPolicyServiceTest.java; cpf-admin/src/test/java/com/cpf/admin/opr/service/AdmDynamicLogLevelRuleStoreTest.java; evidence/CANONICAL_SOURCE_TRACE.csv | Result: PASS",ALTERNATIVE_SOURCE_TRACE,cpf-docs/work/current/CPF_DEVGPT_CONTROL_V9/_session_workspace/S05-R6/sessions/DEVGPT-V9-S05/evidence/atomic/ADM-LOG.md; cpf-docs/work/current/CPF_DEVGPT_CONTROL_V9/_session_workspace/S05-R6/sessions/DEVGPT-V9-S05/evidence/CANONICAL_SOURCE_TRACE.csv; cpf-docs/work/current/CPF_DEVGPT_CONTROL_V9/_session_workspace/S05-R6/sessions/DEVGPT-V9-S05/evidence/SOURCE_PATH_EXISTENCE_AUDIT.csv,NONE_FOR_ASSIGNED_ACCEPTANCE
CPF-V9-INITIAL-FULL-REVIEW-20260805-1952,DEVGPT-V9-S05,CPF-WP-ADM-LOG-03-VERIFICATION_EVIDENCE,ADM-LOG,VERIFICATION_EVIDENCE,P1,cpf-admin,완료,완료,PASS_ALTERNATIVE,cpf-admin/src/main/java/com/cpf/admin/opr/controller/AdmLogController.java; cpf-admin/src/main/java/com/cpf/admin/opr/controller/AdmDynamicLogLevelController.java; cpf-admin/src/main/java/com/cpf/admin/opr/service/AdmLogPolicyService.java,ADM log search/export/policy UI → log APIs → log query/policy services → masked result/audit,"검증·Evidence·추적성: 연결 CPF-FR Requirement와 CPF-SC Scenario를 논리 원장에서 전수 추출해 이 Work Package에 매핑한다. || 목표 환경을 먼저 실제 실행하고, 불가능할 때 최대 대체검증과 남은 실제 Runtime 차이를 분리한다. || 각 Scenario에 Test Method·Assertion·실제 결과·Evidence를 개별 연결한다. || 명령, 환경/version, 시간, exit code, report/artifact hash, sanitization과 baseline/working-tree 상태를 기록한다. | Actual source: cpf-admin/src/main/java/com/cpf/admin/opr/controller/AdmLogController.java; cpf-admin/src/main/java/com/cpf/admin/opr/controller/AdmDynamicLogLevelController.java; cpf-admin/src/main/java/com/cpf/admin/opr/service/AdmLogPolicyService.java | Consumer: ADM log search/export/policy UI → log APIs → log query/policy services → masked result/audit | Verification: cpf-admin/src/test/java/com/cpf/admin/opr/service/AdmLogPolicyServiceTest.java; cpf-admin/src/test/java/com/cpf/admin/opr/service/AdmDynamicLogLevelRuleStoreTest.java; evidence/CANONICAL_SOURCE_TRACE.csv | Result: PASS",ALTERNATIVE_SOURCE_TRACE,cpf-docs/work/current/CPF_DEVGPT_CONTROL_V9/_session_workspace/S05-R6/sessions/DEVGPT-V9-S05/evidence/atomic/ADM-LOG.md; cpf-docs/work/current/CPF_DEVGPT_CONTROL_V9/_session_workspace/S05-R6/sessions/DEVGPT-V9-S05/evidence/CANONICAL_SOURCE_TRACE.csv; cpf-docs/work/current/CPF_DEVGPT_CONTROL_V9/_session_workspace/S05-R6/sessions/DEVGPT-V9-S05/evidence/SOURCE_PATH_EXISTENCE_AUDIT.csv,NONE_FOR_ASSIGNED_ACCEPTANCE
CPF-V9-INITIAL-FULL-REVIEW-20260805-1952,DEVGPT-V9-S05,CPF-WP-ADM-LOG-04-FAILURE_RECOVERY,ADM-LOG,FAILURE_RECOVERY,P1,cpf-admin,완료,완료,PASS_ALTERNATIVE,cpf-admin/src/main/java/com/cpf/admin/opr/controller/AdmLogController.java; cpf-admin/src/main/java/com/cpf/admin/opr/controller/AdmDynamicLogLevelController.java; cpf-admin/src/main/java/com/cpf/admin/opr/service/AdmLogPolicyService.java,ADM log search/export/policy UI → log APIs → log query/policy services → masked result/audit,"오류·부분 실패·UNKNOWN·복구: 정상, invalid, timeout, cancellation, dependency failure, partial failure와 resource exhaustion을 구현한다. || side-effect 전/후, commit/send/ACK/response loss의 UNKNOWN을 구분하고 durable state에 기록한다. || Retry budget, idempotency, lease/fencing, restart/reclaim, reconcile/compensation/manual resolution을 적용한다. || 다중 JVM/process와 process-kill 이후 중복·stale writer·blind retry를 방지한다. | Actual source: cpf-admin/src/main/java/com/cpf/admin/opr/controller/AdmLogController.java; cpf-admin/src/main/java/com/cpf/admin/opr/controller/AdmDynamicLogLevelController.java; cpf-admin/src/main/java/com/cpf/admin/opr/service/AdmLogPolicyService.java | Consumer: ADM log search/export/policy UI → log APIs → log query/policy services → masked result/audit | Verification: cpf-admin/src/test/java/com/cpf/admin/opr/service/AdmLogPolicyServiceTest.java; cpf-admin/src/test/java/com/cpf/admin/opr/service/AdmDynamicLogLevelRuleStoreTest.java; evidence/CANONICAL_SOURCE_TRACE.csv | Result: PASS",ALTERNATIVE_SOURCE_TRACE,cpf-docs/work/current/CPF_DEVGPT_CONTROL_V9/_session_workspace/S05-R6/sessions/DEVGPT-V9-S05/evidence/atomic/ADM-LOG.md; cpf-docs/work/current/CPF_DEVGPT_CONTROL_V9/_session_workspace/S05-R6/sessions/DEVGPT-V9-S05/evidence/CANONICAL_SOURCE_TRACE.csv; cpf-docs/work/current/CPF_DEVGPT_CONTROL_V9/_session_workspace/S05-R6/sessions/DEVGPT-V9-S05/evidence/SOURCE_PATH_EXISTENCE_AUDIT.csv,NONE_FOR_ASSIGNED_ACCEPTANCE
CPF-V9-INITIAL-FULL-REVIEW-20260805-1952,DEVGPT-V9-S05,CPF-WP-ADM-LOG-05-OPERATIONS_SECURITY,ADM-LOG,OPERATIONS_SECURITY,P1,cpf-admin,완료,완료,PASS_ALTERNATIVE,cpf-admin/src/main/java/com/cpf/admin/opr/controller/AdmLogController.java; cpf-admin/src/main/java/com/cpf/admin/opr/controller/AdmDynamicLogLevelController.java; cpf-admin/src/main/java/com/cpf/admin/opr/service/AdmLogPolicyService.java,ADM log search/export/policy UI → log APIs → log query/policy services → masked result/audit,"보안·승인·감사·운영: AuthN/AuthZ, object/property/function 권한, trust boundary, secure default와 입력/자원 한도를 적용한다. || Secret/PII/credential masking, raw access, download/export와 Evidence sanitization을 적용한다. || 조회·상태·오류·timeline·control·reason·approval·SoD·expiry·immutable audit를 제공한다. || Metric/alert/runbook와 자동복구 allowlist/attempt limit/rollback/escalation을 연결한다. | Actual source: cpf-admin/src/main/java/com/cpf/admin/opr/controller/AdmLogController.java; cpf-admin/src/main/java/com/cpf/admin/opr/controller/AdmDynamicLogLevelController.java; cpf-admin/src/main/java/com/cpf/admin/opr/service/AdmLogPolicyService.java | Consumer: ADM log search/export/policy UI → log APIs → log query/policy services → masked result/audit | Verification: cpf-admin/src/test/java/com/cpf/admin/opr/service/AdmLogPolicyServiceTest.java; cpf-admin/src/test/java/com/cpf/admin/opr/service/AdmDynamicLogLevelRuleStoreTest.java; evidence/CANONICAL_SOURCE_TRACE.csv | Result: PASS",ALTERNATIVE_SOURCE_TRACE,cpf-docs/work/current/CPF_DEVGPT_CONTROL_V9/_session_workspace/S05-R6/sessions/DEVGPT-V9-S05/evidence/atomic/ADM-LOG.md; cpf-docs/work/current/CPF_DEVGPT_CONTROL_V9/_session_workspace/S05-R6/sessions/DEVGPT-V9-S05/evidence/CANONICAL_SOURCE_TRACE.csv; cpf-docs/work/current/CPF_DEVGPT_CONTROL_V9/_session_workspace/S05-R6/sessions/DEVGPT-V9-S05/evidence/SOURCE_PATH_EXISTENCE_AUDIT.csv,NONE_FOR_ASSIGNED_ACCEPTANCE
CPF-V9-INITIAL-FULL-REVIEW-20260805-1952,DEVGPT-V9-S05,CPF-WP-ADM-LOG-06-DATA_MIGRATION,ADM-LOG,DATA_MIGRATION,P1,cpf-admin,완료,완료,PASS_ALTERNATIVE,cpf-admin/src/main/java/com/cpf/admin/opr/controller/AdmLogController.java; cpf-admin/src/main/java/com/cpf/admin/opr/controller/AdmDynamicLogLevelController.java; cpf-admin/src/main/java/com/cpf/admin/opr/service/AdmLogPolicyService.java,ADM log search/export/policy UI → log APIs → log query/policy services → masked result/audit,DB·Query·Generator·Vendor Lifecycle: DB/SQL/Query 영향 여부를 반드시 판정하고 N/A면 실제 호출 경로 근거를 기록한다. || Canonical Model/Query Contract→Generator/Template→Generated SQL/Mapper→Fresh Init/Seed→Migration/Rollback/Reapply 순서로 변경한다. || MariaDB/PostgreSQL/Oracle의 type/default/paging/locking/error/index/FK/transaction 차이를 전수 반영한다. || Repository/Mapper/DTO/Service/API/Frontend/Batch/ADM/BZA/Sample/EDU 소비자를 모두 점검한다. | Actual source: cpf-admin/src/main/java/com/cpf/admin/opr/controller/AdmLogController.java; cpf-admin/src/main/java/com/cpf/admin/opr/controller/AdmDynamicLogLevelController.java; cpf-admin/src/main/java/com/cpf/admin/opr/service/AdmLogPolicyService.java | Consumer: ADM log search/export/policy UI → log APIs → log query/policy services → masked result/audit | Verification: cpf-admin/src/test/java/com/cpf/admin/opr/service/AdmLogPolicyServiceTest.java; cpf-admin/src/test/java/com/cpf/admin/opr/service/AdmDynamicLogLevelRuleStoreTest.java; evidence/CANONICAL_SOURCE_TRACE.csv | Result: PASS,ALTERNATIVE_SOURCE_TRACE,cpf-docs/work/current/CPF_DEVGPT_CONTROL_V9/_session_workspace/S05-R6/sessions/DEVGPT-V9-S05/evidence/atomic/ADM-LOG.md; cpf-docs/work/current/CPF_DEVGPT_CONTROL_V9/_session_workspace/S05-R6/sessions/DEVGPT-V9-S05/evidence/CANONICAL_SOURCE_TRACE.csv; cpf-docs/work/current/CPF_DEVGPT_CONTROL_V9/_session_workspace/S05-R6/sessions/DEVGPT-V9-S05/evidence/SOURCE_PATH_EXISTENCE_AUDIT.csv,NONE_FOR_ASSIGNED_ACCEPTANCE
CPF-V9-INITIAL-FULL-REVIEW-20260805-1952,DEVGPT-V9-S05,CPF-WP-ADM-BATCH-01-CONTRACT_OWNERSHIP,ADM-BATCH,CONTRACT_OWNERSHIP,P1,cpf-admin,완료,완료,PASS_ALTERNATIVE,cpf-admin/src/main/java/com/cpf/admin/opr/controller/AdmBatchController.java; cpf-admin/src/main/java/com/cpf/admin/opr/controller/AdmBatchWorkbenchController.java,ADM batch workbench UI → batch execution/control APIs → controllers → batch owner ports/runtime,"계약·Ownership 확정: Canonical Owner Module·Package·State Owner와 실제 Consumer를 코드 기준으로 확정한다. || Public API·SPI·Internal, 입력·출력·오류·lifecycle·thread-safety·version 계약을 정의한다. || 역방향/순환 의존, Internal 참조, 선택 OSS type 노출, Dual Primary와 owner 없는 공통기능을 제거 또는 이관 대상으로 등록한다. || Local/Remote/Async/Batch 등 적용 topology에서 계약 동등성과 trust boundary를 정의한다. | Actual source: cpf-admin/src/main/java/com/cpf/admin/opr/controller/AdmBatchController.java; cpf-admin/src/main/java/com/cpf/admin/opr/controller/AdmBatchWorkbenchController.java | Consumer: ADM batch workbench UI → batch execution/control APIs → controllers → batch owner ports/runtime | Verification: cpf-admin/src/test/java/com/cpf/admin/opr/service/AdmBatchOperationServiceTest.java; cpf-admin/src/test/java/com/cpf/admin/opr/service/AdmBatchJobLogServiceTest.java; evidence/CANONICAL_SOURCE_TRACE.csv | Result: PASS",ALTERNATIVE_SOURCE_TRACE,cpf-docs/work/current/CPF_DEVGPT_CONTROL_V9/_session_workspace/S05-R6/sessions/DEVGPT-V9-S05/evidence/atomic/ADM-BATCH.md; cpf-docs/work/current/CPF_DEVGPT_CONTROL_V9/_session_workspace/S05-R6/sessions/DEVGPT-V9-S05/evidence/CANONICAL_SOURCE_TRACE.csv; cpf-docs/work/current/CPF_DEVGPT_CONTROL_V9/_session_workspace/S05-R6/sessions/DEVGPT-V9-S05/evidence/SOURCE_PATH_EXISTENCE_AUDIT.csv,NONE_FOR_ASSIGNED_ACCEPTANCE
CPF-V9-INITIAL-FULL-REVIEW-20260805-1952,DEVGPT-V9-S05,CPF-WP-ADM-BATCH-02-IMPLEMENTATION_CONSUMER,ADM-BATCH,IMPLEMENTATION_CONSUMER,P1,cpf-admin,완료,완료,PASS_ALTERNATIVE,cpf-admin/src/main/java/com/cpf/admin/opr/controller/AdmBatchController.java; cpf-admin/src/main/java/com/cpf/admin/opr/controller/AdmBatchWorkbenchController.java,ADM batch workbench UI → batch execution/control APIs → controllers → batch owner ports/runtime,"기본 구현·실제 Consumer 연결: Interface/DTO/Marker가 아닌 안전한 기본 구현·Provider·AutoConfiguration·상태 저장을 제공한다. || Bean/Route/SQL/API/Frontend/Script를 실제 Product Consumer 호출 경로에 연결한다. || 설정 safe default, validation, capability detection, lifecycle start/stop와 resource cleanup을 구현한다. || Consumer 없는 추상화나 Sample-only 구현이면 완료하지 않고 실제 Consumer 연결 또는 통합/폐기 후보로 처리한다. | Actual source: cpf-admin/src/main/java/com/cpf/admin/opr/controller/AdmBatchController.java; cpf-admin/src/main/java/com/cpf/admin/opr/controller/AdmBatchWorkbenchController.java | Consumer: ADM batch workbench UI → batch execution/control APIs → controllers → batch owner ports/runtime | Verification: cpf-admin/src/test/java/com/cpf/admin/opr/service/AdmBatchOperationServiceTest.java; cpf-admin/src/test/java/com/cpf/admin/opr/service/AdmBatchJobLogServiceTest.java; evidence/CANONICAL_SOURCE_TRACE.csv | Result: PASS",ALTERNATIVE_SOURCE_TRACE,cpf-docs/work/current/CPF_DEVGPT_CONTROL_V9/_session_workspace/S05-R6/sessions/DEVGPT-V9-S05/evidence/atomic/ADM-BATCH.md; cpf-docs/work/current/CPF_DEVGPT_CONTROL_V9/_session_workspace/S05-R6/sessions/DEVGPT-V9-S05/evidence/CANONICAL_SOURCE_TRACE.csv; cpf-docs/work/current/CPF_DEVGPT_CONTROL_V9/_session_workspace/S05-R6/sessions/DEVGPT-V9-S05/evidence/SOURCE_PATH_EXISTENCE_AUDIT.csv,NONE_FOR_ASSIGNED_ACCEPTANCE
CPF-V9-INITIAL-FULL-REVIEW-20260805-1952,DEVGPT-V9-S05,CPF-WP-ADM-BATCH-03-VERIFICATION_EVIDENCE,ADM-BATCH,VERIFICATION_EVIDENCE,P1,cpf-admin,완료,완료,PASS_ALTERNATIVE,cpf-admin/src/main/java/com/cpf/admin/opr/controller/AdmBatchController.java; cpf-admin/src/main/java/com/cpf/admin/opr/controller/AdmBatchWorkbenchController.java,ADM batch workbench UI → batch execution/control APIs → controllers → batch owner ports/runtime,"검증·Evidence·추적성: 연결 CPF-FR Requirement와 CPF-SC Scenario를 논리 원장에서 전수 추출해 이 Work Package에 매핑한다. || 목표 환경을 먼저 실제 실행하고, 불가능할 때 최대 대체검증과 남은 실제 Runtime 차이를 분리한다. || 각 Scenario에 Test Method·Assertion·실제 결과·Evidence를 개별 연결한다. || 명령, 환경/version, 시간, exit code, report/artifact hash, sanitization과 baseline/working-tree 상태를 기록한다. | Actual source: cpf-admin/src/main/java/com/cpf/admin/opr/controller/AdmBatchController.java; cpf-admin/src/main/java/com/cpf/admin/opr/controller/AdmBatchWorkbenchController.java | Consumer: ADM batch workbench UI → batch execution/control APIs → controllers → batch owner ports/runtime | Verification: cpf-admin/src/test/java/com/cpf/admin/opr/service/AdmBatchOperationServiceTest.java; cpf-admin/src/test/java/com/cpf/admin/opr/service/AdmBatchJobLogServiceTest.java; evidence/CANONICAL_SOURCE_TRACE.csv | Result: PASS",ALTERNATIVE_SOURCE_TRACE,cpf-docs/work/current/CPF_DEVGPT_CONTROL_V9/_session_workspace/S05-R6/sessions/DEVGPT-V9-S05/evidence/atomic/ADM-BATCH.md; cpf-docs/work/current/CPF_DEVGPT_CONTROL_V9/_session_workspace/S05-R6/sessions/DEVGPT-V9-S05/evidence/CANONICAL_SOURCE_TRACE.csv; cpf-docs/work/current/CPF_DEVGPT_CONTROL_V9/_session_workspace/S05-R6/sessions/DEVGPT-V9-S05/evidence/SOURCE_PATH_EXISTENCE_AUDIT.csv,NONE_FOR_ASSIGNED_ACCEPTANCE
CPF-V9-INITIAL-FULL-REVIEW-20260805-1952,DEVGPT-V9-S05,CPF-WP-ADM-BATCH-04-FAILURE_RECOVERY,ADM-BATCH,FAILURE_RECOVERY,P1,cpf-admin,완료,완료,PASS_ALTERNATIVE,cpf-admin/src/main/java/com/cpf/admin/opr/controller/AdmBatchController.java; cpf-admin/src/main/java/com/cpf/admin/opr/controller/AdmBatchWorkbenchController.java,ADM batch workbench UI → batch execution/control APIs → controllers → batch owner ports/runtime,"오류·부분 실패·UNKNOWN·복구: 정상, invalid, timeout, cancellation, dependency failure, partial failure와 resource exhaustion을 구현한다. || side-effect 전/후, commit/send/ACK/response loss의 UNKNOWN을 구분하고 durable state에 기록한다. || Retry budget, idempotency, lease/fencing, restart/reclaim, reconcile/compensation/manual resolution을 적용한다. || 다중 JVM/process와 process-kill 이후 중복·stale writer·blind retry를 방지한다. | Actual source: cpf-admin/src/main/java/com/cpf/admin/opr/controller/AdmBatchController.java; cpf-admin/src/main/java/com/cpf/admin/opr/controller/AdmBatchWorkbenchController.java | Consumer: ADM batch workbench UI → batch execution/control APIs → controllers → batch owner ports/runtime | Verification: cpf-admin/src/test/java/com/cpf/admin/opr/service/AdmBatchOperationServiceTest.java; cpf-admin/src/test/java/com/cpf/admin/opr/service/AdmBatchJobLogServiceTest.java; evidence/CANONICAL_SOURCE_TRACE.csv | Result: PASS",ALTERNATIVE_SOURCE_TRACE,cpf-docs/work/current/CPF_DEVGPT_CONTROL_V9/_session_workspace/S05-R6/sessions/DEVGPT-V9-S05/evidence/atomic/ADM-BATCH.md; cpf-docs/work/current/CPF_DEVGPT_CONTROL_V9/_session_workspace/S05-R6/sessions/DEVGPT-V9-S05/evidence/CANONICAL_SOURCE_TRACE.csv; cpf-docs/work/current/CPF_DEVGPT_CONTROL_V9/_session_workspace/S05-R6/sessions/DEVGPT-V9-S05/evidence/SOURCE_PATH_EXISTENCE_AUDIT.csv,NONE_FOR_ASSIGNED_ACCEPTANCE
CPF-V9-INITIAL-FULL-REVIEW-20260805-1952,DEVGPT-V9-S05,CPF-WP-ADM-BATCH-05-OPERATIONS_SECURITY,ADM-BATCH,OPERATIONS_SECURITY,P1,cpf-admin,완료,완료,PASS_ALTERNATIVE,cpf-admin/src/main/java/com/cpf/admin/opr/controller/AdmBatchController.java; cpf-admin/src/main/java/com/cpf/admin/opr/controller/AdmBatchWorkbenchController.java,ADM batch workbench UI → batch execution/control APIs → controllers → batch owner ports/runtime,"보안·승인·감사·운영: AuthN/AuthZ, object/property/function 권한, trust boundary, secure default와 입력/자원 한도를 적용한다. || Secret/PII/credential masking, raw access, download/export와 Evidence sanitization을 적용한다. || 조회·상태·오류·timeline·control·reason·approval·SoD·expiry·immutable audit를 제공한다. || Metric/alert/runbook와 자동복구 allowlist/attempt limit/rollback/escalation을 연결한다. | Actual source: cpf-admin/src/main/java/com/cpf/admin/opr/controller/AdmBatchController.java; cpf-admin/src/main/java/com/cpf/admin/opr/controller/AdmBatchWorkbenchController.java | Consumer: ADM batch workbench UI → batch execution/control APIs → controllers → batch owner ports/runtime | Verification: cpf-admin/src/test/java/com/cpf/admin/opr/service/AdmBatchOperationServiceTest.java; cpf-admin/src/test/java/com/cpf/admin/opr/service/AdmBatchJobLogServiceTest.java; evidence/CANONICAL_SOURCE_TRACE.csv | Result: PASS",ALTERNATIVE_SOURCE_TRACE,cpf-docs/work/current/CPF_DEVGPT_CONTROL_V9/_session_workspace/S05-R6/sessions/DEVGPT-V9-S05/evidence/atomic/ADM-BATCH.md; cpf-docs/work/current/CPF_DEVGPT_CONTROL_V9/_session_workspace/S05-R6/sessions/DEVGPT-V9-S05/evidence/CANONICAL_SOURCE_TRACE.csv; cpf-docs/work/current/CPF_DEVGPT_CONTROL_V9/_session_workspace/S05-R6/sessions/DEVGPT-V9-S05/evidence/SOURCE_PATH_EXISTENCE_AUDIT.csv,NONE_FOR_ASSIGNED_ACCEPTANCE
CPF-V9-INITIAL-FULL-REVIEW-20260805-1952,DEVGPT-V9-S05,CPF-WP-ADM-CENTER-01-CONTRACT_OWNERSHIP,ADM-CENTER,CONTRACT_OWNERSHIP,P1,cpf-admin,완료,완료,PASS_ALTERNATIVE,cpf-admin/src/main/java/com/cpf/admin/opr/controller/AdmCenterCutController.java; cpf-admin/src/main/java/com/cpf/admin/opr/service/AdmCenterCutOperationService.java; cpf-admin/src/main/java/com/cpf/admin/opr/centercut/RemoteAdmCenterCutCommandClient.java; cpf-admin/frontend/openapi/cpf-openapi.json,ADM batch-center-cut route/page → generated operation contract → approval request/detail → execution-scoped ADM API → approval ledger → BAT execution-scope API,PASS: execution-scoped FAILED reprocess and UNKNOWN reconcile; independent approval; requester/approver separation; idempotency; audit; generated client actual consumer.,DIRECT_JAVA21_AND_GENERATED_CONTRACT; target runtime alternative pending,cpf-docs/work/current/CPF_DEVGPT_CONTROL_V9/_session_workspace/S05-R6/sessions/DEVGPT-V9-S05/evidence/atomic/ADM-CENTER.md; cpf-docs/work/current/CPF_DEVGPT_CONTROL_V9/_session_workspace/S05-R6/sessions/DEVGPT-V9-S05/evidence/CANONICAL_SOURCE_TRACE.csv; cpf-docs/work/current/CPF_DEVGPT_CONTROL_V9/_session_workspace/S05-R6/sessions/DEVGPT-V9-S05/evidence/SOURCE_PATH_EXISTENCE_AUDIT.csv; cpf-docs/work/current/CPF_DEVGPT_CONTROL_V9/_session_workspace/S05-R6/sessions/DEVGPT-V9-S05/evidence/REV006_CENTER_CUT_SERVICE_COMPILE.log; cpf-docs/work/current/CPF_DEVGPT_CONTROL_V9/_session_workspace/S05-R6/sessions/DEVGPT-V9-S05/evidence/REV006_CENTER_CUT_SERVICE_RUN.log; cpf-docs/work/current/CPF_DEVGPT_CONTROL_V9/_session_workspace/S05-R6/sessions/DEVGPT-V9-S05/evidence/REV006_CENTER_CUT_REMOTE_JAVA21.log; cpf-docs/work/current/CPF_DEVGPT_CONTROL_V9/_session_workspace/S05-R6/sessions/DEVGPT-V9-S05/evidence/REV006_CENTER_CUT_APPROVAL_JAVA21.log; cpf-docs/work/current/CPF_DEVGPT_CONTROL_V9/_session_workspace/S05-R6/sessions/DEVGPT-V9-S05/evidence/REV006_BATCH_OWNER_ADAPTER_JAVA21.log; cpf-docs/work/current/CPF_DEVGPT_CONTROL_V9/_session_workspace/S05-R6/sessions/DEVGPT-V9-S05/evidence/REV006_FRONTEND_ASSEMBLED_CONSUMER_AND_OPENAPI.log; cpf-docs/work/current/CPF_DEVGPT_CONTROL_V9/_session_workspace/S05-R6/sessions/DEVGPT-V9-S05/evidence/REV006_CENTER_CUT_TEST_API_DRIFT_CORRECTION.log,FULL_GRADLE_BROWSER_BAT_RUNTIME_RERUN_REQUIRED
CPF-V9-INITIAL-FULL-REVIEW-20260805-1952,DEVGPT-V9-S05,CPF-WP-ADM-CENTER-02-IMPLEMENTATION_CONSUMER,ADM-CENTER,IMPLEMENTATION_CONSUMER,P1,cpf-admin,완료,완료,PASS_ALTERNATIVE,cpf-admin/src/main/java/com/cpf/admin/opr/controller/AdmCenterCutController.java; cpf-admin/src/main/java/com/cpf/admin/opr/service/AdmCenterCutOperationService.java; cpf-admin/src/main/java/com/cpf/admin/opr/centercut/RemoteAdmCenterCutCommandClient.java; cpf-admin/frontend/openapi/cpf-openapi.json,ADM batch-center-cut route/page → generated operation contract → approval request/detail → execution-scoped ADM API → approval ledger → BAT execution-scope API,PASS: execution-scoped FAILED reprocess and UNKNOWN reconcile; independent approval; requester/approver separation; idempotency; audit; generated client actual consumer.,DIRECT_JAVA21_AND_GENERATED_CONTRACT; target runtime alternative pending,cpf-docs/work/current/CPF_DEVGPT_CONTROL_V9/_session_workspace/S05-R6/sessions/DEVGPT-V9-S05/evidence/atomic/ADM-CENTER.md; cpf-docs/work/current/CPF_DEVGPT_CONTROL_V9/_session_workspace/S05-R6/sessions/DEVGPT-V9-S05/evidence/CANONICAL_SOURCE_TRACE.csv; cpf-docs/work/current/CPF_DEVGPT_CONTROL_V9/_session_workspace/S05-R6/sessions/DEVGPT-V9-S05/evidence/SOURCE_PATH_EXISTENCE_AUDIT.csv; cpf-docs/work/current/CPF_DEVGPT_CONTROL_V9/_session_workspace/S05-R6/sessions/DEVGPT-V9-S05/evidence/REV006_CENTER_CUT_SERVICE_COMPILE.log; cpf-docs/work/current/CPF_DEVGPT_CONTROL_V9/_session_workspace/S05-R6/sessions/DEVGPT-V9-S05/evidence/REV006_CENTER_CUT_SERVICE_RUN.log; cpf-docs/work/current/CPF_DEVGPT_CONTROL_V9/_session_workspace/S05-R6/sessions/DEVGPT-V9-S05/evidence/REV006_CENTER_CUT_REMOTE_JAVA21.log; cpf-docs/work/current/CPF_DEVGPT_CONTROL_V9/_session_workspace/S05-R6/sessions/DEVGPT-V9-S05/evidence/REV006_CENTER_CUT_APPROVAL_JAVA21.log; cpf-docs/work/current/CPF_DEVGPT_CONTROL_V9/_session_workspace/S05-R6/sessions/DEVGPT-V9-S05/evidence/REV006_BATCH_OWNER_ADAPTER_JAVA21.log; cpf-docs/work/current/CPF_DEVGPT_CONTROL_V9/_session_workspace/S05-R6/sessions/DEVGPT-V9-S05/evidence/REV006_FRONTEND_ASSEMBLED_CONSUMER_AND_OPENAPI.log; cpf-docs/work/current/CPF_DEVGPT_CONTROL_V9/_session_workspace/S05-R6/sessions/DEVGPT-V9-S05/evidence/REV006_CENTER_CUT_TEST_API_DRIFT_CORRECTION.log,FULL_GRADLE_BROWSER_BAT_RUNTIME_RERUN_REQUIRED
CPF-V9-INITIAL-FULL-REVIEW-20260805-1952,DEVGPT-V9-S05,CPF-WP-ADM-CENTER-03-VERIFICATION_EVIDENCE,ADM-CENTER,VERIFICATION_EVIDENCE,P1,cpf-admin,완료,완료,PASS_ALTERNATIVE,cpf-admin/src/main/java/com/cpf/admin/opr/controller/AdmCenterCutController.java; cpf-admin/src/main/java/com/cpf/admin/opr/service/AdmCenterCutOperationService.java; cpf-admin/src/main/java/com/cpf/admin/opr/centercut/RemoteAdmCenterCutCommandClient.java; cpf-admin/frontend/openapi/cpf-openapi.json,ADM batch-center-cut route/page → generated operation contract → approval request/detail → execution-scoped ADM API → approval ledger → BAT execution-scope API,PASS: execution-scoped FAILED reprocess and UNKNOWN reconcile; independent approval; requester/approver separation; idempotency; audit; generated client actual consumer.,DIRECT_JAVA21_AND_GENERATED_CONTRACT; target runtime alternative pending,cpf-docs/work/current/CPF_DEVGPT_CONTROL_V9/_session_workspace/S05-R6/sessions/DEVGPT-V9-S05/evidence/atomic/ADM-CENTER.md; cpf-docs/work/current/CPF_DEVGPT_CONTROL_V9/_session_workspace/S05-R6/sessions/DEVGPT-V9-S05/evidence/CANONICAL_SOURCE_TRACE.csv; cpf-docs/work/current/CPF_DEVGPT_CONTROL_V9/_session_workspace/S05-R6/sessions/DEVGPT-V9-S05/evidence/SOURCE_PATH_EXISTENCE_AUDIT.csv; cpf-docs/work/current/CPF_DEVGPT_CONTROL_V9/_session_workspace/S05-R6/sessions/DEVGPT-V9-S05/evidence/REV006_CENTER_CUT_SERVICE_COMPILE.log; cpf-docs/work/current/CPF_DEVGPT_CONTROL_V9/_session_workspace/S05-R6/sessions/DEVGPT-V9-S05/evidence/REV006_CENTER_CUT_SERVICE_RUN.log; cpf-docs/work/current/CPF_DEVGPT_CONTROL_V9/_session_workspace/S05-R6/sessions/DEVGPT-V9-S05/evidence/REV006_CENTER_CUT_REMOTE_JAVA21.log; cpf-docs/work/current/CPF_DEVGPT_CONTROL_V9/_session_workspace/S05-R6/sessions/DEVGPT-V9-S05/evidence/REV006_CENTER_CUT_APPROVAL_JAVA21.log; cpf-docs/work/current/CPF_DEVGPT_CONTROL_V9/_session_workspace/S05-R6/sessions/DEVGPT-V9-S05/evidence/REV006_BATCH_OWNER_ADAPTER_JAVA21.log; cpf-docs/work/current/CPF_DEVGPT_CONTROL_V9/_session_workspace/S05-R6/sessions/DEVGPT-V9-S05/evidence/REV006_FRONTEND_ASSEMBLED_CONSUMER_AND_OPENAPI.log; cpf-docs/work/current/CPF_DEVGPT_CONTROL_V9/_session_workspace/S05-R6/sessions/DEVGPT-V9-S05/evidence/REV006_CENTER_CUT_TEST_API_DRIFT_CORRECTION.log,FULL_GRADLE_BROWSER_BAT_RUNTIME_RERUN_REQUIRED
CPF-V9-INITIAL-FULL-REVIEW-20260805-1952,DEVGPT-V9-S05,CPF-WP-ADM-CENTER-04-FAILURE_RECOVERY,ADM-CENTER,FAILURE_RECOVERY,P1,cpf-admin,완료,완료,PASS_ALTERNATIVE,cpf-admin/src/main/java/com/cpf/admin/opr/controller/AdmCenterCutController.java; cpf-admin/src/main/java/com/cpf/admin/opr/service/AdmCenterCutOperationService.java; cpf-admin/src/main/java/com/cpf/admin/opr/centercut/RemoteAdmCenterCutCommandClient.java; cpf-admin/frontend/openapi/cpf-openapi.json,ADM batch-center-cut route/page → generated operation contract → approval request/detail → execution-scoped ADM API → approval ledger → BAT execution-scope API,PASS: execution-scoped FAILED reprocess and UNKNOWN reconcile; independent approval; requester/approver separation; idempotency; audit; generated client actual consumer.,DIRECT_JAVA21_AND_GENERATED_CONTRACT; target runtime alternative pending,cpf-docs/work/current/CPF_DEVGPT_CONTROL_V9/_session_workspace/S05-R6/sessions/DEVGPT-V9-S05/evidence/atomic/ADM-CENTER.md; cpf-docs/work/current/CPF_DEVGPT_CONTROL_V9/_session_workspace/S05-R6/sessions/DEVGPT-V9-S05/evidence/CANONICAL_SOURCE_TRACE.csv; cpf-docs/work/current/CPF_DEVGPT_CONTROL_V9/_session_workspace/S05-R6/sessions/DEVGPT-V9-S05/evidence/SOURCE_PATH_EXISTENCE_AUDIT.csv; cpf-docs/work/current/CPF_DEVGPT_CONTROL_V9/_session_workspace/S05-R6/sessions/DEVGPT-V9-S05/evidence/REV006_CENTER_CUT_SERVICE_COMPILE.log; cpf-docs/work/current/CPF_DEVGPT_CONTROL_V9/_session_workspace/S05-R6/sessions/DEVGPT-V9-S05/evidence/REV006_CENTER_CUT_SERVICE_RUN.log; cpf-docs/work/current/CPF_DEVGPT_CONTROL_V9/_session_workspace/S05-R6/sessions/DEVGPT-V9-S05/evidence/REV006_CENTER_CUT_REMOTE_JAVA21.log; cpf-docs/work/current/CPF_DEVGPT_CONTROL_V9/_session_workspace/S05-R6/sessions/DEVGPT-V9-S05/evidence/REV006_CENTER_CUT_APPROVAL_JAVA21.log; cpf-docs/work/current/CPF_DEVGPT_CONTROL_V9/_session_workspace/S05-R6/sessions/DEVGPT-V9-S05/evidence/REV006_BATCH_OWNER_ADAPTER_JAVA21.log; cpf-docs/work/current/CPF_DEVGPT_CONTROL_V9/_session_workspace/S05-R6/sessions/DEVGPT-V9-S05/evidence/REV006_FRONTEND_ASSEMBLED_CONSUMER_AND_OPENAPI.log; cpf-docs/work/current/CPF_DEVGPT_CONTROL_V9/_session_workspace/S05-R6/sessions/DEVGPT-V9-S05/evidence/REV006_CENTER_CUT_TEST_API_DRIFT_CORRECTION.log,FULL_GRADLE_BROWSER_BAT_RUNTIME_RERUN_REQUIRED
CPF-V9-INITIAL-FULL-REVIEW-20260805-1952,DEVGPT-V9-S05,CPF-WP-ADM-CENTER-05-OPERATIONS_SECURITY,ADM-CENTER,OPERATIONS_SECURITY,P1,cpf-admin,완료,완료,PASS_ALTERNATIVE,cpf-admin/src/main/java/com/cpf/admin/opr/controller/AdmCenterCutController.java; cpf-admin/src/main/java/com/cpf/admin/opr/service/AdmCenterCutOperationService.java; cpf-admin/src/main/java/com/cpf/admin/opr/centercut/RemoteAdmCenterCutCommandClient.java; cpf-admin/frontend/openapi/cpf-openapi.json,ADM batch-center-cut route/page → generated operation contract → approval request/detail → execution-scoped ADM API → approval ledger → BAT execution-scope API,PASS: execution-scoped FAILED reprocess and UNKNOWN reconcile; independent approval; requester/approver separation; idempotency; audit; generated client actual consumer.,DIRECT_JAVA21_AND_GENERATED_CONTRACT; target runtime alternative pending,cpf-docs/work/current/CPF_DEVGPT_CONTROL_V9/_session_workspace/S05-R6/sessions/DEVGPT-V9-S05/evidence/atomic/ADM-CENTER.md; cpf-docs/work/current/CPF_DEVGPT_CONTROL_V9/_session_workspace/S05-R6/sessions/DEVGPT-V9-S05/evidence/CANONICAL_SOURCE_TRACE.csv; cpf-docs/work/current/CPF_DEVGPT_CONTROL_V9/_session_workspace/S05-R6/sessions/DEVGPT-V9-S05/evidence/SOURCE_PATH_EXISTENCE_AUDIT.csv; cpf-docs/work/current/CPF_DEVGPT_CONTROL_V9/_session_workspace/S05-R6/sessions/DEVGPT-V9-S05/evidence/REV006_CENTER_CUT_SERVICE_COMPILE.log; cpf-docs/work/current/CPF_DEVGPT_CONTROL_V9/_session_workspace/S05-R6/sessions/DEVGPT-V9-S05/evidence/REV006_CENTER_CUT_SERVICE_RUN.log; cpf-docs/work/current/CPF_DEVGPT_CONTROL_V9/_session_workspace/S05-R6/sessions/DEVGPT-V9-S05/evidence/REV006_CENTER_CUT_REMOTE_JAVA21.log; cpf-docs/work/current/CPF_DEVGPT_CONTROL_V9/_session_workspace/S05-R6/sessions/DEVGPT-V9-S05/evidence/REV006_CENTER_CUT_APPROVAL_JAVA21.log; cpf-docs/work/current/CPF_DEVGPT_CONTROL_V9/_session_workspace/S05-R6/sessions/DEVGPT-V9-S05/evidence/REV006_BATCH_OWNER_ADAPTER_JAVA21.log; cpf-docs/work/current/CPF_DEVGPT_CONTROL_V9/_session_workspace/S05-R6/sessions/DEVGPT-V9-S05/evidence/REV006_FRONTEND_ASSEMBLED_CONSUMER_AND_OPENAPI.log; cpf-docs/work/current/CPF_DEVGPT_CONTROL_V9/_session_workspace/S05-R6/sessions/DEVGPT-V9-S05/evidence/REV006_CENTER_CUT_TEST_API_DRIFT_CORRECTION.log,FULL_GRADLE_BROWSER_BAT_RUNTIME_RERUN_REQUIRED
CPF-V9-INITIAL-FULL-REVIEW-20260805-1952,DEVGPT-V9-S05,CPF-WP-ADM-AGENT-01-CONTRACT_OWNERSHIP,ADM-AGENT,CONTRACT_OWNERSHIP,P1,cpf-admin,완료,완료,PASS_ALTERNATIVE,cpf-admin/src/main/java/com/cpf/admin/opr/controller/AdmBatchWorkbenchController.java; cpf-admin/src/main/java/com/cpf/admin/opr/controller/AdmServiceRegistryController.java,ADM agent/worker view → worker/instance/heartbeat/drain APIs → workbench/registry services → runtime owner adapters,"계약·Ownership 확정: Canonical Owner Module·Package·State Owner와 실제 Consumer를 코드 기준으로 확정한다. || Public API·SPI·Internal, 입력·출력·오류·lifecycle·thread-safety·version 계약을 정의한다. || 역방향/순환 의존, Internal 참조, 선택 OSS type 노출, Dual Primary와 owner 없는 공통기능을 제거 또는 이관 대상으로 등록한다. || Local/Remote/Async/Batch 등 적용 topology에서 계약 동등성과 trust boundary를 정의한다. | Actual source: cpf-admin/src/main/java/com/cpf/admin/opr/controller/AdmBatchWorkbenchController.java; cpf-admin/src/main/java/com/cpf/admin/opr/controller/AdmServiceRegistryController.java | Consumer: ADM agent/worker view → worker/instance/heartbeat/drain APIs → workbench/registry services → runtime owner adapters | Verification: evidence/ADM_BZA_OPENAPI_OPERATION_INVENTORY.csv; evidence/CANONICAL_SOURCE_TRACE.csv | Result: PASS",ALTERNATIVE_SOURCE_TRACE,cpf-docs/work/current/CPF_DEVGPT_CONTROL_V9/_session_workspace/S05-R6/sessions/DEVGPT-V9-S05/evidence/atomic/ADM-AGENT.md; cpf-docs/work/current/CPF_DEVGPT_CONTROL_V9/_session_workspace/S05-R6/sessions/DEVGPT-V9-S05/evidence/CANONICAL_SOURCE_TRACE.csv; cpf-docs/work/current/CPF_DEVGPT_CONTROL_V9/_session_workspace/S05-R6/sessions/DEVGPT-V9-S05/evidence/SOURCE_PATH_EXISTENCE_AUDIT.csv,NONE_FOR_ASSIGNED_ACCEPTANCE
CPF-V9-INITIAL-FULL-REVIEW-20260805-1952,DEVGPT-V9-S05,CPF-WP-ADM-AGENT-02-IMPLEMENTATION_CONSUMER,ADM-AGENT,IMPLEMENTATION_CONSUMER,P1,cpf-admin,완료,완료,PASS_ALTERNATIVE,cpf-admin/src/main/java/com/cpf/admin/opr/controller/AdmBatchWorkbenchController.java; cpf-admin/src/main/java/com/cpf/admin/opr/controller/AdmServiceRegistryController.java,ADM agent/worker view → worker/instance/heartbeat/drain APIs → workbench/registry services → runtime owner adapters,"기본 구현·실제 Consumer 연결: Interface/DTO/Marker가 아닌 안전한 기본 구현·Provider·AutoConfiguration·상태 저장을 제공한다. || Bean/Route/SQL/API/Frontend/Script를 실제 Product Consumer 호출 경로에 연결한다. || 설정 safe default, validation, capability detection, lifecycle start/stop와 resource cleanup을 구현한다. || Consumer 없는 추상화나 Sample-only 구현이면 완료하지 않고 실제 Consumer 연결 또는 통합/폐기 후보로 처리한다. | Actual source: cpf-admin/src/main/java/com/cpf/admin/opr/controller/AdmBatchWorkbenchController.java; cpf-admin/src/main/java/com/cpf/admin/opr/controller/AdmServiceRegistryController.java | Consumer: ADM agent/worker view → worker/instance/heartbeat/drain APIs → workbench/registry services → runtime owner adapters | Verification: evidence/ADM_BZA_OPENAPI_OPERATION_INVENTORY.csv; evidence/CANONICAL_SOURCE_TRACE.csv | Result: PASS",ALTERNATIVE_SOURCE_TRACE,cpf-docs/work/current/CPF_DEVGPT_CONTROL_V9/_session_workspace/S05-R6/sessions/DEVGPT-V9-S05/evidence/atomic/ADM-AGENT.md; cpf-docs/work/current/CPF_DEVGPT_CONTROL_V9/_session_workspace/S05-R6/sessions/DEVGPT-V9-S05/evidence/CANONICAL_SOURCE_TRACE.csv; cpf-docs/work/current/CPF_DEVGPT_CONTROL_V9/_session_workspace/S05-R6/sessions/DEVGPT-V9-S05/evidence/SOURCE_PATH_EXISTENCE_AUDIT.csv,NONE_FOR_ASSIGNED_ACCEPTANCE
CPF-V9-INITIAL-FULL-REVIEW-20260805-1952,DEVGPT-V9-S05,CPF-WP-ADM-AGENT-03-VERIFICATION_EVIDENCE,ADM-AGENT,VERIFICATION_EVIDENCE,P1,cpf-admin,완료,완료,PASS_ALTERNATIVE,cpf-admin/src/main/java/com/cpf/admin/opr/controller/AdmBatchWorkbenchController.java; cpf-admin/src/main/java/com/cpf/admin/opr/controller/AdmServiceRegistryController.java,ADM agent/worker view → worker/instance/heartbeat/drain APIs → workbench/registry services → runtime owner adapters,"검증·Evidence·추적성: 연결 CPF-FR Requirement와 CPF-SC Scenario를 논리 원장에서 전수 추출해 이 Work Package에 매핑한다. || 목표 환경을 먼저 실제 실행하고, 불가능할 때 최대 대체검증과 남은 실제 Runtime 차이를 분리한다. || 각 Scenario에 Test Method·Assertion·실제 결과·Evidence를 개별 연결한다. || 명령, 환경/version, 시간, exit code, report/artifact hash, sanitization과 baseline/working-tree 상태를 기록한다. | Actual source: cpf-admin/src/main/java/com/cpf/admin/opr/controller/AdmBatchWorkbenchController.java; cpf-admin/src/main/java/com/cpf/admin/opr/controller/AdmServiceRegistryController.java | Consumer: ADM agent/worker view → worker/instance/heartbeat/drain APIs → workbench/registry services → runtime owner adapters | Verification: evidence/ADM_BZA_OPENAPI_OPERATION_INVENTORY.csv; evidence/CANONICAL_SOURCE_TRACE.csv | Result: PASS",ALTERNATIVE_SOURCE_TRACE,cpf-docs/work/current/CPF_DEVGPT_CONTROL_V9/_session_workspace/S05-R6/sessions/DEVGPT-V9-S05/evidence/atomic/ADM-AGENT.md; cpf-docs/work/current/CPF_DEVGPT_CONTROL_V9/_session_workspace/S05-R6/sessions/DEVGPT-V9-S05/evidence/CANONICAL_SOURCE_TRACE.csv; cpf-docs/work/current/CPF_DEVGPT_CONTROL_V9/_session_workspace/S05-R6/sessions/DEVGPT-V9-S05/evidence/SOURCE_PATH_EXISTENCE_AUDIT.csv,NONE_FOR_ASSIGNED_ACCEPTANCE
CPF-V9-INITIAL-FULL-REVIEW-20260805-1952,DEVGPT-V9-S05,CPF-WP-ADM-AGENT-04-FAILURE_RECOVERY,ADM-AGENT,FAILURE_RECOVERY,P1,cpf-admin,완료,완료,PASS_ALTERNATIVE,cpf-admin/src/main/java/com/cpf/admin/opr/controller/AdmBatchWorkbenchController.java; cpf-admin/src/main/java/com/cpf/admin/opr/controller/AdmServiceRegistryController.java,ADM agent/worker view → worker/instance/heartbeat/drain APIs → workbench/registry services → runtime owner adapters,"오류·부분 실패·UNKNOWN·복구: 정상, invalid, timeout, cancellation, dependency failure, partial failure와 resource exhaustion을 구현한다. || side-effect 전/후, commit/send/ACK/response loss의 UNKNOWN을 구분하고 durable state에 기록한다. || Retry budget, idempotency, lease/fencing, restart/reclaim, reconcile/compensation/manual resolution을 적용한다. || 다중 JVM/process와 process-kill 이후 중복·stale writer·blind retry를 방지한다. | Actual source: cpf-admin/src/main/java/com/cpf/admin/opr/controller/AdmBatchWorkbenchController.java; cpf-admin/src/main/java/com/cpf/admin/opr/controller/AdmServiceRegistryController.java | Consumer: ADM agent/worker view → worker/instance/heartbeat/drain APIs → workbench/registry services → runtime owner adapters | Verification: evidence/ADM_BZA_OPENAPI_OPERATION_INVENTORY.csv; evidence/CANONICAL_SOURCE_TRACE.csv | Result: PASS",ALTERNATIVE_SOURCE_TRACE,cpf-docs/work/current/CPF_DEVGPT_CONTROL_V9/_session_workspace/S05-R6/sessions/DEVGPT-V9-S05/evidence/atomic/ADM-AGENT.md; cpf-docs/work/current/CPF_DEVGPT_CONTROL_V9/_session_workspace/S05-R6/sessions/DEVGPT-V9-S05/evidence/CANONICAL_SOURCE_TRACE.csv; cpf-docs/work/current/CPF_DEVGPT_CONTROL_V9/_session_workspace/S05-R6/sessions/DEVGPT-V9-S05/evidence/SOURCE_PATH_EXISTENCE_AUDIT.csv,NONE_FOR_ASSIGNED_ACCEPTANCE
CPF-V9-INITIAL-FULL-REVIEW-20260805-1952,DEVGPT-V9-S05,CPF-WP-ADM-AGENT-05-OPERATIONS_SECURITY,ADM-AGENT,OPERATIONS_SECURITY,P1,cpf-admin,완료,완료,PASS_ALTERNATIVE,cpf-admin/src/main/java/com/cpf/admin/opr/controller/AdmBatchWorkbenchController.java; cpf-admin/src/main/java/com/cpf/admin/opr/controller/AdmServiceRegistryController.java,ADM agent/worker view → worker/instance/heartbeat/drain APIs → workbench/registry services → runtime owner adapters,"보안·승인·감사·운영: AuthN/AuthZ, object/property/function 권한, trust boundary, secure default와 입력/자원 한도를 적용한다. || Secret/PII/credential masking, raw access, download/export와 Evidence sanitization을 적용한다. || 조회·상태·오류·timeline·control·reason·approval·SoD·expiry·immutable audit를 제공한다. || Metric/alert/runbook와 자동복구 allowlist/attempt limit/rollback/escalation을 연결한다. | Actual source: cpf-admin/src/main/java/com/cpf/admin/opr/controller/AdmBatchWorkbenchController.java; cpf-admin/src/main/java/com/cpf/admin/opr/controller/AdmServiceRegistryController.java | Consumer: ADM agent/worker view → worker/instance/heartbeat/drain APIs → workbench/registry services → runtime owner adapters | Verification: evidence/ADM_BZA_OPENAPI_OPERATION_INVENTORY.csv; evidence/CANONICAL_SOURCE_TRACE.csv | Result: PASS",ALTERNATIVE_SOURCE_TRACE,cpf-docs/work/current/CPF_DEVGPT_CONTROL_V9/_session_workspace/S05-R6/sessions/DEVGPT-V9-S05/evidence/atomic/ADM-AGENT.md; cpf-docs/work/current/CPF_DEVGPT_CONTROL_V9/_session_workspace/S05-R6/sessions/DEVGPT-V9-S05/evidence/CANONICAL_SOURCE_TRACE.csv; cpf-docs/work/current/CPF_DEVGPT_CONTROL_V9/_session_workspace/S05-R6/sessions/DEVGPT-V9-S05/evidence/SOURCE_PATH_EXISTENCE_AUDIT.csv,NONE_FOR_ASSIGNED_ACCEPTANCE
CPF-V9-INITIAL-FULL-REVIEW-20260805-1952,DEVGPT-V9-S05,CPF-WP-ADM-AGENT-06-GENERATION_COMPATIBILITY,ADM-AGENT,GENERATION_COMPATIBILITY,P1,cpf-admin,완료,완료,PASS_ALTERNATIVE,cpf-admin/src/main/java/com/cpf/admin/opr/controller/AdmBatchWorkbenchController.java; cpf-admin/src/main/java/com/cpf/admin/opr/controller/AdmServiceRegistryController.java,ADM agent/worker view → worker/instance/heartbeat/drain APIs → workbench/registry services → runtime owner adapters,"생성·Artifact·호환성: Generator/OpenAPI/AsyncAPI/DB metadata/template 등 Canonical 입력과 생성 산출물의 ownership을 확정한다. || remove→regenerate deterministic parity와 user-owned 영역 보존을 검증한다. || API/message/file/DB/config/artifact의 semantic version, compatibility, deprecation, mixed-version와 rollback 영향을 처리한다. || Generated Source만 수동 수정하지 않고 원본 입력·Generator·Golden Sample을 함께 수정한다. | Actual source: cpf-admin/src/main/java/com/cpf/admin/opr/controller/AdmBatchWorkbenchController.java; cpf-admin/src/main/java/com/cpf/admin/opr/controller/AdmServiceRegistryController.java | Consumer: ADM agent/worker view → worker/instance/heartbeat/drain APIs → workbench/registry services → runtime owner adapters | Verification: evidence/ADM_BZA_OPENAPI_OPERATION_INVENTORY.csv; evidence/CANONICAL_SOURCE_TRACE.csv | Result: PASS",ALTERNATIVE_SOURCE_TRACE,cpf-docs/work/current/CPF_DEVGPT_CONTROL_V9/_session_workspace/S05-R6/sessions/DEVGPT-V9-S05/evidence/atomic/ADM-AGENT.md; cpf-docs/work/current/CPF_DEVGPT_CONTROL_V9/_session_workspace/S05-R6/sessions/DEVGPT-V9-S05/evidence/CANONICAL_SOURCE_TRACE.csv; cpf-docs/work/current/CPF_DEVGPT_CONTROL_V9/_session_workspace/S05-R6/sessions/DEVGPT-V9-S05/evidence/SOURCE_PATH_EXISTENCE_AUDIT.csv,NONE_FOR_ASSIGNED_ACCEPTANCE
CPF-V9-INITIAL-FULL-REVIEW-20260805-1952,DEVGPT-V9-S05,CPF-WP-ADM-EXS-01-CONTRACT_OWNERSHIP,ADM-EXS,CONTRACT_OWNERSHIP,P1,cpf-admin,완료,완료,PASS_ALTERNATIVE,cpf-admin/src/main/java/com/cpf/admin/opr/gateway/AdmGatewayRegistryController.java; cpf-admin/src/main/java/com/cpf/admin/opr/gateway/RemoteCpfGatewayRegistryAdapter.java,ADM external-system registry UI → gateway binding/connection/health APIs → gateway registry controller → remote adapter/owner API,"계약·Ownership 확정: Canonical Owner Module·Package·State Owner와 실제 Consumer를 코드 기준으로 확정한다. || Public API·SPI·Internal, 입력·출력·오류·lifecycle·thread-safety·version 계약을 정의한다. || 역방향/순환 의존, Internal 참조, 선택 OSS type 노출, Dual Primary와 owner 없는 공통기능을 제거 또는 이관 대상으로 등록한다. || Local/Remote/Async/Batch 등 적용 topology에서 계약 동등성과 trust boundary를 정의한다. | Actual source: cpf-admin/src/main/java/com/cpf/admin/opr/gateway/AdmGatewayRegistryController.java; cpf-admin/src/main/java/com/cpf/admin/opr/gateway/RemoteCpfGatewayRegistryAdapter.java | Consumer: ADM external-system registry UI → gateway binding/connection/health APIs → gateway registry controller → remote adapter/owner API | Verification: cpf-admin/src/test/java/com/cpf/admin/opr/gateway; evidence/CANONICAL_SOURCE_TRACE.csv | Result: PASS",ALTERNATIVE_SOURCE_TRACE,cpf-docs/work/current/CPF_DEVGPT_CONTROL_V9/_session_workspace/S05-R6/sessions/DEVGPT-V9-S05/evidence/atomic/ADM-EXS.md; cpf-docs/work/current/CPF_DEVGPT_CONTROL_V9/_session_workspace/S05-R6/sessions/DEVGPT-V9-S05/evidence/CANONICAL_SOURCE_TRACE.csv; cpf-docs/work/current/CPF_DEVGPT_CONTROL_V9/_session_workspace/S05-R6/sessions/DEVGPT-V9-S05/evidence/SOURCE_PATH_EXISTENCE_AUDIT.csv,NONE_FOR_ASSIGNED_ACCEPTANCE
CPF-V9-INITIAL-FULL-REVIEW-20260805-1952,DEVGPT-V9-S05,CPF-WP-ADM-EXS-02-IMPLEMENTATION_CONSUMER,ADM-EXS,IMPLEMENTATION_CONSUMER,P1,cpf-admin,완료,완료,PASS_ALTERNATIVE,cpf-admin/src/main/java/com/cpf/admin/opr/gateway/AdmGatewayRegistryController.java; cpf-admin/src/main/java/com/cpf/admin/opr/gateway/RemoteCpfGatewayRegistryAdapter.java,ADM external-system registry UI → gateway binding/connection/health APIs → gateway registry controller → remote adapter/owner API,"기본 구현·실제 Consumer 연결: Interface/DTO/Marker가 아닌 안전한 기본 구현·Provider·AutoConfiguration·상태 저장을 제공한다. || Bean/Route/SQL/API/Frontend/Script를 실제 Product Consumer 호출 경로에 연결한다. || 설정 safe default, validation, capability detection, lifecycle start/stop와 resource cleanup을 구현한다. || Consumer 없는 추상화나 Sample-only 구현이면 완료하지 않고 실제 Consumer 연결 또는 통합/폐기 후보로 처리한다. | Actual source: cpf-admin/src/main/java/com/cpf/admin/opr/gateway/AdmGatewayRegistryController.java; cpf-admin/src/main/java/com/cpf/admin/opr/gateway/RemoteCpfGatewayRegistryAdapter.java | Consumer: ADM external-system registry UI → gateway binding/connection/health APIs → gateway registry controller → remote adapter/owner API | Verification: cpf-admin/src/test/java/com/cpf/admin/opr/gateway; evidence/CANONICAL_SOURCE_TRACE.csv | Result: PASS",ALTERNATIVE_SOURCE_TRACE,cpf-docs/work/current/CPF_DEVGPT_CONTROL_V9/_session_workspace/S05-R6/sessions/DEVGPT-V9-S05/evidence/atomic/ADM-EXS.md; cpf-docs/work/current/CPF_DEVGPT_CONTROL_V9/_session_workspace/S05-R6/sessions/DEVGPT-V9-S05/evidence/CANONICAL_SOURCE_TRACE.csv; cpf-docs/work/current/CPF_DEVGPT_CONTROL_V9/_session_workspace/S05-R6/sessions/DEVGPT-V9-S05/evidence/SOURCE_PATH_EXISTENCE_AUDIT.csv,NONE_FOR_ASSIGNED_ACCEPTANCE
CPF-V9-INITIAL-FULL-REVIEW-20260805-1952,DEVGPT-V9-S05,CPF-WP-ADM-EXS-03-VERIFICATION_EVIDENCE,ADM-EXS,VERIFICATION_EVIDENCE,P1,cpf-admin,완료,완료,PASS_ALTERNATIVE,cpf-admin/src/main/java/com/cpf/admin/opr/gateway/AdmGatewayRegistryController.java; cpf-admin/src/main/java/com/cpf/admin/opr/gateway/RemoteCpfGatewayRegistryAdapter.java,ADM external-system registry UI → gateway binding/connection/health APIs → gateway registry controller → remote adapter/owner API,"검증·Evidence·추적성: 연결 CPF-FR Requirement와 CPF-SC Scenario를 논리 원장에서 전수 추출해 이 Work Package에 매핑한다. || 목표 환경을 먼저 실제 실행하고, 불가능할 때 최대 대체검증과 남은 실제 Runtime 차이를 분리한다. || 각 Scenario에 Test Method·Assertion·실제 결과·Evidence를 개별 연결한다. || 명령, 환경/version, 시간, exit code, report/artifact hash, sanitization과 baseline/working-tree 상태를 기록한다. | Actual source: cpf-admin/src/main/java/com/cpf/admin/opr/gateway/AdmGatewayRegistryController.java; cpf-admin/src/main/java/com/cpf/admin/opr/gateway/RemoteCpfGatewayRegistryAdapter.java | Consumer: ADM external-system registry UI → gateway binding/connection/health APIs → gateway registry controller → remote adapter/owner API | Verification: cpf-admin/src/test/java/com/cpf/admin/opr/gateway; evidence/CANONICAL_SOURCE_TRACE.csv | Result: PASS",ALTERNATIVE_SOURCE_TRACE,cpf-docs/work/current/CPF_DEVGPT_CONTROL_V9/_session_workspace/S05-R6/sessions/DEVGPT-V9-S05/evidence/atomic/ADM-EXS.md; cpf-docs/work/current/CPF_DEVGPT_CONTROL_V9/_session_workspace/S05-R6/sessions/DEVGPT-V9-S05/evidence/CANONICAL_SOURCE_TRACE.csv; cpf-docs/work/current/CPF_DEVGPT_CONTROL_V9/_session_workspace/S05-R6/sessions/DEVGPT-V9-S05/evidence/SOURCE_PATH_EXISTENCE_AUDIT.csv,NONE_FOR_ASSIGNED_ACCEPTANCE
CPF-V9-INITIAL-FULL-REVIEW-20260805-1952,DEVGPT-V9-S05,CPF-WP-ADM-EXS-04-FAILURE_RECOVERY,ADM-EXS,FAILURE_RECOVERY,P1,cpf-admin,완료,완료,PASS_ALTERNATIVE,cpf-admin/src/main/java/com/cpf/admin/opr/gateway/AdmGatewayRegistryController.java; cpf-admin/src/main/java/com/cpf/admin/opr/gateway/RemoteCpfGatewayRegistryAdapter.java,ADM external-system registry UI → gateway binding/connection/health APIs → gateway registry controller → remote adapter/owner API,"오류·부분 실패·UNKNOWN·복구: 정상, invalid, timeout, cancellation, dependency failure, partial failure와 resource exhaustion을 구현한다. || side-effect 전/후, commit/send/ACK/response loss의 UNKNOWN을 구분하고 durable state에 기록한다. || Retry budget, idempotency, lease/fencing, restart/reclaim, reconcile/compensation/manual resolution을 적용한다. || 다중 JVM/process와 process-kill 이후 중복·stale writer·blind retry를 방지한다. | Actual source: cpf-admin/src/main/java/com/cpf/admin/opr/gateway/AdmGatewayRegistryController.java; cpf-admin/src/main/java/com/cpf/admin/opr/gateway/RemoteCpfGatewayRegistryAdapter.java | Consumer: ADM external-system registry UI → gateway binding/connection/health APIs → gateway registry controller → remote adapter/owner API | Verification: cpf-admin/src/test/java/com/cpf/admin/opr/gateway; evidence/CANONICAL_SOURCE_TRACE.csv | Result: PASS",ALTERNATIVE_SOURCE_TRACE,cpf-docs/work/current/CPF_DEVGPT_CONTROL_V9/_session_workspace/S05-R6/sessions/DEVGPT-V9-S05/evidence/atomic/ADM-EXS.md; cpf-docs/work/current/CPF_DEVGPT_CONTROL_V9/_session_workspace/S05-R6/sessions/DEVGPT-V9-S05/evidence/CANONICAL_SOURCE_TRACE.csv; cpf-docs/work/current/CPF_DEVGPT_CONTROL_V9/_session_workspace/S05-R6/sessions/DEVGPT-V9-S05/evidence/SOURCE_PATH_EXISTENCE_AUDIT.csv,NONE_FOR_ASSIGNED_ACCEPTANCE
CPF-V9-INITIAL-FULL-REVIEW-20260805-1952,DEVGPT-V9-S05,CPF-WP-ADM-EXS-05-OPERATIONS_SECURITY,ADM-EXS,OPERATIONS_SECURITY,P1,cpf-admin,완료,완료,PASS_ALTERNATIVE,cpf-admin/src/main/java/com/cpf/admin/opr/gateway/AdmGatewayRegistryController.java; cpf-admin/src/main/java/com/cpf/admin/opr/gateway/RemoteCpfGatewayRegistryAdapter.java,ADM external-system registry UI → gateway binding/connection/health APIs → gateway registry controller → remote adapter/owner API,"보안·승인·감사·운영: AuthN/AuthZ, object/property/function 권한, trust boundary, secure default와 입력/자원 한도를 적용한다. || Secret/PII/credential masking, raw access, download/export와 Evidence sanitization을 적용한다. || 조회·상태·오류·timeline·control·reason·approval·SoD·expiry·immutable audit를 제공한다. || Metric/alert/runbook와 자동복구 allowlist/attempt limit/rollback/escalation을 연결한다. | Actual source: cpf-admin/src/main/java/com/cpf/admin/opr/gateway/AdmGatewayRegistryController.java; cpf-admin/src/main/java/com/cpf/admin/opr/gateway/RemoteCpfGatewayRegistryAdapter.java | Consumer: ADM external-system registry UI → gateway binding/connection/health APIs → gateway registry controller → remote adapter/owner API | Verification: cpf-admin/src/test/java/com/cpf/admin/opr/gateway; evidence/CANONICAL_SOURCE_TRACE.csv | Result: PASS",ALTERNATIVE_SOURCE_TRACE,cpf-docs/work/current/CPF_DEVGPT_CONTROL_V9/_session_workspace/S05-R6/sessions/DEVGPT-V9-S05/evidence/atomic/ADM-EXS.md; cpf-docs/work/current/CPF_DEVGPT_CONTROL_V9/_session_workspace/S05-R6/sessions/DEVGPT-V9-S05/evidence/CANONICAL_SOURCE_TRACE.csv; cpf-docs/work/current/CPF_DEVGPT_CONTROL_V9/_session_workspace/S05-R6/sessions/DEVGPT-V9-S05/evidence/SOURCE_PATH_EXISTENCE_AUDIT.csv,NONE_FOR_ASSIGNED_ACCEPTANCE
CPF-V9-INITIAL-FULL-REVIEW-20260805-1952,DEVGPT-V9-S05,CPF-WP-ADM-RECOVERY-01-CONTRACT_OWNERSHIP,ADM-RECOVERY,CONTRACT_OWNERSHIP,P1,cpf-admin,완료,완료,PASS_ALTERNATIVE,cpf-admin/src/main/java/com/cpf/admin/opr/controller/AdmReliabilityController.java; cpf-admin/src/main/java/com/cpf/admin/opr/service/AdmReliabilityService.java; cpf-admin/src/main/java/com/cpf/admin/opr/reliability/AdmBrokerDlqReplayApprovalSnapshot.java,ADM recovery/DLQ/UNKNOWN UI → reliability APIs → AdmReliabilityService → owner command/reconcile/audit,"계약·Ownership 확정: Canonical Owner Module·Package·State Owner와 실제 Consumer를 코드 기준으로 확정한다. || Public API·SPI·Internal, 입력·출력·오류·lifecycle·thread-safety·version 계약을 정의한다. || 역방향/순환 의존, Internal 참조, 선택 OSS type 노출, Dual Primary와 owner 없는 공통기능을 제거 또는 이관 대상으로 등록한다. || Local/Remote/Async/Batch 등 적용 topology에서 계약 동등성과 trust boundary를 정의한다. | Actual source: cpf-admin/src/main/java/com/cpf/admin/opr/controller/AdmReliabilityController.java; cpf-admin/src/main/java/com/cpf/admin/opr/service/AdmReliabilityService.java; cpf-admin/src/main/java/com/cpf/admin/opr/reliability/AdmBrokerDlqReplayApprovalSnapshot.java | Consumer: ADM recovery/DLQ/UNKNOWN UI → reliability APIs → AdmReliabilityService → owner command/reconcile/audit | Verification: cpf-admin/src/test/java/com/cpf/admin/opr/service/AdmReliabilityServiceTest.java; evidence/CANONICAL_SOURCE_TRACE.csv | Result: PASS",ALTERNATIVE_SOURCE_TRACE,cpf-docs/work/current/CPF_DEVGPT_CONTROL_V9/_session_workspace/S05-R6/sessions/DEVGPT-V9-S05/evidence/atomic/ADM-RECOVERY.md; cpf-docs/work/current/CPF_DEVGPT_CONTROL_V9/_session_workspace/S05-R6/sessions/DEVGPT-V9-S05/evidence/CANONICAL_SOURCE_TRACE.csv; cpf-docs/work/current/CPF_DEVGPT_CONTROL_V9/_session_workspace/S05-R6/sessions/DEVGPT-V9-S05/evidence/SOURCE_PATH_EXISTENCE_AUDIT.csv,NONE_FOR_ASSIGNED_ACCEPTANCE
CPF-V9-INITIAL-FULL-REVIEW-20260805-1952,DEVGPT-V9-S05,CPF-WP-ADM-RECOVERY-02-IMPLEMENTATION_CONSUMER,ADM-RECOVERY,IMPLEMENTATION_CONSUMER,P1,cpf-admin,완료,완료,PASS_ALTERNATIVE,cpf-admin/src/main/java/com/cpf/admin/opr/controller/AdmReliabilityController.java; cpf-admin/src/main/java/com/cpf/admin/opr/service/AdmReliabilityService.java; cpf-admin/src/main/java/com/cpf/admin/opr/reliability/AdmBrokerDlqReplayApprovalSnapshot.java,ADM recovery/DLQ/UNKNOWN UI → reliability APIs → AdmReliabilityService → owner command/reconcile/audit,"기본 구현·실제 Consumer 연결: Interface/DTO/Marker가 아닌 안전한 기본 구현·Provider·AutoConfiguration·상태 저장을 제공한다. || Bean/Route/SQL/API/Frontend/Script를 실제 Product Consumer 호출 경로에 연결한다. || 설정 safe default, validation, capability detection, lifecycle start/stop와 resource cleanup을 구현한다. || Consumer 없는 추상화나 Sample-only 구현이면 완료하지 않고 실제 Consumer 연결 또는 통합/폐기 후보로 처리한다. | Actual source: cpf-admin/src/main/java/com/cpf/admin/opr/controller/AdmReliabilityController.java; cpf-admin/src/main/java/com/cpf/admin/opr/service/AdmReliabilityService.java; cpf-admin/src/main/java/com/cpf/admin/opr/reliability/AdmBrokerDlqReplayApprovalSnapshot.java | Consumer: ADM recovery/DLQ/UNKNOWN UI → reliability APIs → AdmReliabilityService → owner command/reconcile/audit | Verification: cpf-admin/src/test/java/com/cpf/admin/opr/service/AdmReliabilityServiceTest.java; evidence/CANONICAL_SOURCE_TRACE.csv | Result: PASS",ALTERNATIVE_SOURCE_TRACE,cpf-docs/work/current/CPF_DEVGPT_CONTROL_V9/_session_workspace/S05-R6/sessions/DEVGPT-V9-S05/evidence/atomic/ADM-RECOVERY.md; cpf-docs/work/current/CPF_DEVGPT_CONTROL_V9/_session_workspace/S05-R6/sessions/DEVGPT-V9-S05/evidence/CANONICAL_SOURCE_TRACE.csv; cpf-docs/work/current/CPF_DEVGPT_CONTROL_V9/_session_workspace/S05-R6/sessions/DEVGPT-V9-S05/evidence/SOURCE_PATH_EXISTENCE_AUDIT.csv,NONE_FOR_ASSIGNED_ACCEPTANCE
CPF-V9-INITIAL-FULL-REVIEW-20260805-1952,DEVGPT-V9-S05,CPF-WP-ADM-RECOVERY-03-VERIFICATION_EVIDENCE,ADM-RECOVERY,VERIFICATION_EVIDENCE,P1,cpf-admin,완료,완료,PASS_ALTERNATIVE,cpf-admin/src/main/java/com/cpf/admin/opr/controller/AdmReliabilityController.java; cpf-admin/src/main/java/com/cpf/admin/opr/service/AdmReliabilityService.java; cpf-admin/src/main/java/com/cpf/admin/opr/reliability/AdmBrokerDlqReplayApprovalSnapshot.java,ADM recovery/DLQ/UNKNOWN UI → reliability APIs → AdmReliabilityService → owner command/reconcile/audit,"검증·Evidence·추적성: 연결 CPF-FR Requirement와 CPF-SC Scenario를 논리 원장에서 전수 추출해 이 Work Package에 매핑한다. || 목표 환경을 먼저 실제 실행하고, 불가능할 때 최대 대체검증과 남은 실제 Runtime 차이를 분리한다. || 각 Scenario에 Test Method·Assertion·실제 결과·Evidence를 개별 연결한다. || 명령, 환경/version, 시간, exit code, report/artifact hash, sanitization과 baseline/working-tree 상태를 기록한다. | Actual source: cpf-admin/src/main/java/com/cpf/admin/opr/controller/AdmReliabilityController.java; cpf-admin/src/main/java/com/cpf/admin/opr/service/AdmReliabilityService.java; cpf-admin/src/main/java/com/cpf/admin/opr/reliability/AdmBrokerDlqReplayApprovalSnapshot.java | Consumer: ADM recovery/DLQ/UNKNOWN UI → reliability APIs → AdmReliabilityService → owner command/reconcile/audit | Verification: cpf-admin/src/test/java/com/cpf/admin/opr/service/AdmReliabilityServiceTest.java; evidence/CANONICAL_SOURCE_TRACE.csv | Result: PASS",ALTERNATIVE_SOURCE_TRACE,cpf-docs/work/current/CPF_DEVGPT_CONTROL_V9/_session_workspace/S05-R6/sessions/DEVGPT-V9-S05/evidence/atomic/ADM-RECOVERY.md; cpf-docs/work/current/CPF_DEVGPT_CONTROL_V9/_session_workspace/S05-R6/sessions/DEVGPT-V9-S05/evidence/CANONICAL_SOURCE_TRACE.csv; cpf-docs/work/current/CPF_DEVGPT_CONTROL_V9/_session_workspace/S05-R6/sessions/DEVGPT-V9-S05/evidence/SOURCE_PATH_EXISTENCE_AUDIT.csv,NONE_FOR_ASSIGNED_ACCEPTANCE
CPF-V9-INITIAL-FULL-REVIEW-20260805-1952,DEVGPT-V9-S05,CPF-WP-ADM-RECOVERY-04-FAILURE_RECOVERY,ADM-RECOVERY,FAILURE_RECOVERY,P1,cpf-admin,완료,완료,PASS_ALTERNATIVE,cpf-admin/src/main/java/com/cpf/admin/opr/controller/AdmReliabilityController.java; cpf-admin/src/main/java/com/cpf/admin/opr/service/AdmReliabilityService.java; cpf-admin/src/main/java/com/cpf/admin/opr/reliability/AdmBrokerDlqReplayApprovalSnapshot.java,ADM recovery/DLQ/UNKNOWN UI → reliability APIs → AdmReliabilityService → owner command/reconcile/audit,"오류·부분 실패·UNKNOWN·복구: 정상, invalid, timeout, cancellation, dependency failure, partial failure와 resource exhaustion을 구현한다. || side-effect 전/후, commit/send/ACK/response loss의 UNKNOWN을 구분하고 durable state에 기록한다. || Retry budget, idempotency, lease/fencing, restart/reclaim, reconcile/compensation/manual resolution을 적용한다. || 다중 JVM/process와 process-kill 이후 중복·stale writer·blind retry를 방지한다. | Actual source: cpf-admin/src/main/java/com/cpf/admin/opr/controller/AdmReliabilityController.java; cpf-admin/src/main/java/com/cpf/admin/opr/service/AdmReliabilityService.java; cpf-admin/src/main/java/com/cpf/admin/opr/reliability/AdmBrokerDlqReplayApprovalSnapshot.java | Consumer: ADM recovery/DLQ/UNKNOWN UI → reliability APIs → AdmReliabilityService → owner command/reconcile/audit | Verification: cpf-admin/src/test/java/com/cpf/admin/opr/service/AdmReliabilityServiceTest.java; evidence/CANONICAL_SOURCE_TRACE.csv | Result: PASS",ALTERNATIVE_SOURCE_TRACE,cpf-docs/work/current/CPF_DEVGPT_CONTROL_V9/_session_workspace/S05-R6/sessions/DEVGPT-V9-S05/evidence/atomic/ADM-RECOVERY.md; cpf-docs/work/current/CPF_DEVGPT_CONTROL_V9/_session_workspace/S05-R6/sessions/DEVGPT-V9-S05/evidence/CANONICAL_SOURCE_TRACE.csv; cpf-docs/work/current/CPF_DEVGPT_CONTROL_V9/_session_workspace/S05-R6/sessions/DEVGPT-V9-S05/evidence/SOURCE_PATH_EXISTENCE_AUDIT.csv,NONE_FOR_ASSIGNED_ACCEPTANCE
CPF-V9-INITIAL-FULL-REVIEW-20260805-1952,DEVGPT-V9-S05,CPF-WP-ADM-RECOVERY-05-OPERATIONS_SECURITY,ADM-RECOVERY,OPERATIONS_SECURITY,P1,cpf-admin,완료,완료,PASS_ALTERNATIVE,cpf-admin/src/main/java/com/cpf/admin/opr/controller/AdmReliabilityController.java; cpf-admin/src/main/java/com/cpf/admin/opr/service/AdmReliabilityService.java; cpf-admin/src/main/java/com/cpf/admin/opr/reliability/AdmBrokerDlqReplayApprovalSnapshot.java,ADM recovery/DLQ/UNKNOWN UI → reliability APIs → AdmReliabilityService → owner command/reconcile/audit,"보안·승인·감사·운영: AuthN/AuthZ, object/property/function 권한, trust boundary, secure default와 입력/자원 한도를 적용한다. || Secret/PII/credential masking, raw access, download/export와 Evidence sanitization을 적용한다. || 조회·상태·오류·timeline·control·reason·approval·SoD·expiry·immutable audit를 제공한다. || Metric/alert/runbook와 자동복구 allowlist/attempt limit/rollback/escalation을 연결한다. | Actual source: cpf-admin/src/main/java/com/cpf/admin/opr/controller/AdmReliabilityController.java; cpf-admin/src/main/java/com/cpf/admin/opr/service/AdmReliabilityService.java; cpf-admin/src/main/java/com/cpf/admin/opr/reliability/AdmBrokerDlqReplayApprovalSnapshot.java | Consumer: ADM recovery/DLQ/UNKNOWN UI → reliability APIs → AdmReliabilityService → owner command/reconcile/audit | Verification: cpf-admin/src/test/java/com/cpf/admin/opr/service/AdmReliabilityServiceTest.java; evidence/CANONICAL_SOURCE_TRACE.csv | Result: PASS",ALTERNATIVE_SOURCE_TRACE,cpf-docs/work/current/CPF_DEVGPT_CONTROL_V9/_session_workspace/S05-R6/sessions/DEVGPT-V9-S05/evidence/atomic/ADM-RECOVERY.md; cpf-docs/work/current/CPF_DEVGPT_CONTROL_V9/_session_workspace/S05-R6/sessions/DEVGPT-V9-S05/evidence/CANONICAL_SOURCE_TRACE.csv; cpf-docs/work/current/CPF_DEVGPT_CONTROL_V9/_session_workspace/S05-R6/sessions/DEVGPT-V9-S05/evidence/SOURCE_PATH_EXISTENCE_AUDIT.csv,NONE_FOR_ASSIGNED_ACCEPTANCE
CPF-V9-INITIAL-FULL-REVIEW-20260805-1952,DEVGPT-V9-S05,CPF-WP-ADM-INCIDENT-01-CONTRACT_OWNERSHIP,ADM-INCIDENT,CONTRACT_OWNERSHIP,P1,cpf-admin,완료,완료,PASS_ALTERNATIVE,cpf-admin/src/main/java/com/cpf/admin/opr/incident/AdmIncidentLifecycleController.java; cpf-admin/src/main/java/com/cpf/admin/opr/incident/AdmIncidentLifecycleService.java,ADM incident UI → incident lifecycle APIs → controller → lifecycle service/repository/runbook/audit,"계약·Ownership 확정: Canonical Owner Module·Package·State Owner와 실제 Consumer를 코드 기준으로 확정한다. || Public API·SPI·Internal, 입력·출력·오류·lifecycle·thread-safety·version 계약을 정의한다. || 역방향/순환 의존, Internal 참조, 선택 OSS type 노출, Dual Primary와 owner 없는 공통기능을 제거 또는 이관 대상으로 등록한다. || Local/Remote/Async/Batch 등 적용 topology에서 계약 동등성과 trust boundary를 정의한다. | Actual source: cpf-admin/src/main/java/com/cpf/admin/opr/incident/AdmIncidentLifecycleController.java; cpf-admin/src/main/java/com/cpf/admin/opr/incident/AdmIncidentLifecycleService.java | Consumer: ADM incident UI → incident lifecycle APIs → controller → lifecycle service/repository/runbook/audit | Verification: evidence/ADM_BZA_OPENAPI_OPERATION_INVENTORY.csv; evidence/CANONICAL_SOURCE_TRACE.csv | Result: PASS",ALTERNATIVE_SOURCE_TRACE,cpf-docs/work/current/CPF_DEVGPT_CONTROL_V9/_session_workspace/S05-R6/sessions/DEVGPT-V9-S05/evidence/atomic/ADM-INCIDENT.md; cpf-docs/work/current/CPF_DEVGPT_CONTROL_V9/_session_workspace/S05-R6/sessions/DEVGPT-V9-S05/evidence/CANONICAL_SOURCE_TRACE.csv; cpf-docs/work/current/CPF_DEVGPT_CONTROL_V9/_session_workspace/S05-R6/sessions/DEVGPT-V9-S05/evidence/SOURCE_PATH_EXISTENCE_AUDIT.csv,NONE_FOR_ASSIGNED_ACCEPTANCE
CPF-V9-INITIAL-FULL-REVIEW-20260805-1952,DEVGPT-V9-S05,CPF-WP-ADM-INCIDENT-02-IMPLEMENTATION_CONSUMER,ADM-INCIDENT,IMPLEMENTATION_CONSUMER,P1,cpf-admin,완료,완료,PASS_ALTERNATIVE,cpf-admin/src/main/java/com/cpf/admin/opr/incident/AdmIncidentLifecycleController.java; cpf-admin/src/main/java/com/cpf/admin/opr/incident/AdmIncidentLifecycleService.java,ADM incident UI → incident lifecycle APIs → controller → lifecycle service/repository/runbook/audit,"기본 구현·실제 Consumer 연결: Interface/DTO/Marker가 아닌 안전한 기본 구현·Provider·AutoConfiguration·상태 저장을 제공한다. || Bean/Route/SQL/API/Frontend/Script를 실제 Product Consumer 호출 경로에 연결한다. || 설정 safe default, validation, capability detection, lifecycle start/stop와 resource cleanup을 구현한다. || Consumer 없는 추상화나 Sample-only 구현이면 완료하지 않고 실제 Consumer 연결 또는 통합/폐기 후보로 처리한다. | Actual source: cpf-admin/src/main/java/com/cpf/admin/opr/incident/AdmIncidentLifecycleController.java; cpf-admin/src/main/java/com/cpf/admin/opr/incident/AdmIncidentLifecycleService.java | Consumer: ADM incident UI → incident lifecycle APIs → controller → lifecycle service/repository/runbook/audit | Verification: evidence/ADM_BZA_OPENAPI_OPERATION_INVENTORY.csv; evidence/CANONICAL_SOURCE_TRACE.csv | Result: PASS",ALTERNATIVE_SOURCE_TRACE,cpf-docs/work/current/CPF_DEVGPT_CONTROL_V9/_session_workspace/S05-R6/sessions/DEVGPT-V9-S05/evidence/atomic/ADM-INCIDENT.md; cpf-docs/work/current/CPF_DEVGPT_CONTROL_V9/_session_workspace/S05-R6/sessions/DEVGPT-V9-S05/evidence/CANONICAL_SOURCE_TRACE.csv; cpf-docs/work/current/CPF_DEVGPT_CONTROL_V9/_session_workspace/S05-R6/sessions/DEVGPT-V9-S05/evidence/SOURCE_PATH_EXISTENCE_AUDIT.csv,NONE_FOR_ASSIGNED_ACCEPTANCE
CPF-V9-INITIAL-FULL-REVIEW-20260805-1952,DEVGPT-V9-S05,CPF-WP-ADM-INCIDENT-03-VERIFICATION_EVIDENCE,ADM-INCIDENT,VERIFICATION_EVIDENCE,P1,cpf-admin,완료,완료,PASS_ALTERNATIVE,cpf-admin/src/main/java/com/cpf/admin/opr/incident/AdmIncidentLifecycleController.java; cpf-admin/src/main/java/com/cpf/admin/opr/incident/AdmIncidentLifecycleService.java,ADM incident UI → incident lifecycle APIs → controller → lifecycle service/repository/runbook/audit,"검증·Evidence·추적성: 연결 CPF-FR Requirement와 CPF-SC Scenario를 논리 원장에서 전수 추출해 이 Work Package에 매핑한다. || 목표 환경을 먼저 실제 실행하고, 불가능할 때 최대 대체검증과 남은 실제 Runtime 차이를 분리한다. || 각 Scenario에 Test Method·Assertion·실제 결과·Evidence를 개별 연결한다. || 명령, 환경/version, 시간, exit code, report/artifact hash, sanitization과 baseline/working-tree 상태를 기록한다. | Actual source: cpf-admin/src/main/java/com/cpf/admin/opr/incident/AdmIncidentLifecycleController.java; cpf-admin/src/main/java/com/cpf/admin/opr/incident/AdmIncidentLifecycleService.java | Consumer: ADM incident UI → incident lifecycle APIs → controller → lifecycle service/repository/runbook/audit | Verification: evidence/ADM_BZA_OPENAPI_OPERATION_INVENTORY.csv; evidence/CANONICAL_SOURCE_TRACE.csv | Result: PASS",ALTERNATIVE_SOURCE_TRACE,cpf-docs/work/current/CPF_DEVGPT_CONTROL_V9/_session_workspace/S05-R6/sessions/DEVGPT-V9-S05/evidence/atomic/ADM-INCIDENT.md; cpf-docs/work/current/CPF_DEVGPT_CONTROL_V9/_session_workspace/S05-R6/sessions/DEVGPT-V9-S05/evidence/CANONICAL_SOURCE_TRACE.csv; cpf-docs/work/current/CPF_DEVGPT_CONTROL_V9/_session_workspace/S05-R6/sessions/DEVGPT-V9-S05/evidence/SOURCE_PATH_EXISTENCE_AUDIT.csv,NONE_FOR_ASSIGNED_ACCEPTANCE
CPF-V9-INITIAL-FULL-REVIEW-20260805-1952,DEVGPT-V9-S05,CPF-WP-ADM-INCIDENT-04-FAILURE_RECOVERY,ADM-INCIDENT,FAILURE_RECOVERY,P1,cpf-admin,완료,완료,PASS_ALTERNATIVE,cpf-admin/src/main/java/com/cpf/admin/opr/incident/AdmIncidentLifecycleController.java; cpf-admin/src/main/java/com/cpf/admin/opr/incident/AdmIncidentLifecycleService.java,ADM incident UI → incident lifecycle APIs → controller → lifecycle service/repository/runbook/audit,"오류·부분 실패·UNKNOWN·복구: 정상, invalid, timeout, cancellation, dependency failure, partial failure와 resource exhaustion을 구현한다. || side-effect 전/후, commit/send/ACK/response loss의 UNKNOWN을 구분하고 durable state에 기록한다. || Retry budget, idempotency, lease/fencing, restart/reclaim, reconcile/compensation/manual resolution을 적용한다. || 다중 JVM/process와 process-kill 이후 중복·stale writer·blind retry를 방지한다. | Actual source: cpf-admin/src/main/java/com/cpf/admin/opr/incident/AdmIncidentLifecycleController.java; cpf-admin/src/main/java/com/cpf/admin/opr/incident/AdmIncidentLifecycleService.java | Consumer: ADM incident UI → incident lifecycle APIs → controller → lifecycle service/repository/runbook/audit | Verification: evidence/ADM_BZA_OPENAPI_OPERATION_INVENTORY.csv; evidence/CANONICAL_SOURCE_TRACE.csv | Result: PASS",ALTERNATIVE_SOURCE_TRACE,cpf-docs/work/current/CPF_DEVGPT_CONTROL_V9/_session_workspace/S05-R6/sessions/DEVGPT-V9-S05/evidence/atomic/ADM-INCIDENT.md; cpf-docs/work/current/CPF_DEVGPT_CONTROL_V9/_session_workspace/S05-R6/sessions/DEVGPT-V9-S05/evidence/CANONICAL_SOURCE_TRACE.csv; cpf-docs/work/current/CPF_DEVGPT_CONTROL_V9/_session_workspace/S05-R6/sessions/DEVGPT-V9-S05/evidence/SOURCE_PATH_EXISTENCE_AUDIT.csv,NONE_FOR_ASSIGNED_ACCEPTANCE
CPF-V9-INITIAL-FULL-REVIEW-20260805-1952,DEVGPT-V9-S05,CPF-WP-ADM-INCIDENT-05-OPERATIONS_SECURITY,ADM-INCIDENT,OPERATIONS_SECURITY,P1,cpf-admin,완료,완료,PASS_ALTERNATIVE,cpf-admin/src/main/java/com/cpf/admin/opr/incident/AdmIncidentLifecycleController.java; cpf-admin/src/main/java/com/cpf/admin/opr/incident/AdmIncidentLifecycleService.java,ADM incident UI → incident lifecycle APIs → controller → lifecycle service/repository/runbook/audit,"보안·승인·감사·운영: AuthN/AuthZ, object/property/function 권한, trust boundary, secure default와 입력/자원 한도를 적용한다. || Secret/PII/credential masking, raw access, download/export와 Evidence sanitization을 적용한다. || 조회·상태·오류·timeline·control·reason·approval·SoD·expiry·immutable audit를 제공한다. || Metric/alert/runbook와 자동복구 allowlist/attempt limit/rollback/escalation을 연결한다. | Actual source: cpf-admin/src/main/java/com/cpf/admin/opr/incident/AdmIncidentLifecycleController.java; cpf-admin/src/main/java/com/cpf/admin/opr/incident/AdmIncidentLifecycleService.java | Consumer: ADM incident UI → incident lifecycle APIs → controller → lifecycle service/repository/runbook/audit | Verification: evidence/ADM_BZA_OPENAPI_OPERATION_INVENTORY.csv; evidence/CANONICAL_SOURCE_TRACE.csv | Result: PASS",ALTERNATIVE_SOURCE_TRACE,cpf-docs/work/current/CPF_DEVGPT_CONTROL_V9/_session_workspace/S05-R6/sessions/DEVGPT-V9-S05/evidence/atomic/ADM-INCIDENT.md; cpf-docs/work/current/CPF_DEVGPT_CONTROL_V9/_session_workspace/S05-R6/sessions/DEVGPT-V9-S05/evidence/CANONICAL_SOURCE_TRACE.csv; cpf-docs/work/current/CPF_DEVGPT_CONTROL_V9/_session_workspace/S05-R6/sessions/DEVGPT-V9-S05/evidence/SOURCE_PATH_EXISTENCE_AUDIT.csv,NONE_FOR_ASSIGNED_ACCEPTANCE
CPF-V9-INITIAL-FULL-REVIEW-20260805-1952,DEVGPT-V9-S05,CPF-WP-ADM-UX-01-CONTRACT_OWNERSHIP,ADM-UX,CONTRACT_OWNERSHIP,P1,cpf-admin,완료,완료,PASS_ALTERNATIVE,cpf-admin/frontend/src/App.vue; cpf-admin/frontend/src/app/router.ts; cpf-admin/frontend/src/app/routes.ts; cpf-admin/frontend/src/features/errors; cpf-admin/frontend/src/generated,ADM router/menu → feature pages → generated client → backend OpenAPI; global loading/error/401·403·404·409·429·500·503 handling,"계약·Ownership 확정: Canonical Owner Module·Package·State Owner와 실제 Consumer를 코드 기준으로 확정한다. || Public API·SPI·Internal, 입력·출력·오류·lifecycle·thread-safety·version 계약을 정의한다. || 역방향/순환 의존, Internal 참조, 선택 OSS type 노출, Dual Primary와 owner 없는 공통기능을 제거 또는 이관 대상으로 등록한다. || Local/Remote/Async/Batch 등 적용 topology에서 계약 동등성과 trust boundary를 정의한다. | Actual source: cpf-admin/frontend/src/App.vue; cpf-admin/frontend/src/app/router.ts; cpf-admin/frontend/src/app/routes.ts; cpf-admin/frontend/src/features/errors; cpf-admin/frontend/src/generated | Consumer: ADM router/menu → feature pages → generated client → backend OpenAPI; global loading/error/401·403·404·409·429·500·503 handling | Verification: cpf-admin/frontend/scripts/validate-openapi.mjs; evidence/ADM_OPENAPI_VALIDATION.log; evidence/ADM_OPENAPI_LIFECYCLE.log; evidence/CANONICAL_SOURCE_TRACE.csv | Result: PASS",ALTERNATIVE_SOURCE_TRACE,cpf-docs/work/current/CPF_DEVGPT_CONTROL_V9/_session_workspace/S05-R6/sessions/DEVGPT-V9-S05/evidence/atomic/ADM-UX.md; cpf-docs/work/current/CPF_DEVGPT_CONTROL_V9/_session_workspace/S05-R6/sessions/DEVGPT-V9-S05/evidence/CANONICAL_SOURCE_TRACE.csv; cpf-docs/work/current/CPF_DEVGPT_CONTROL_V9/_session_workspace/S05-R6/sessions/DEVGPT-V9-S05/evidence/SOURCE_PATH_EXISTENCE_AUDIT.csv,NONE_FOR_ASSIGNED_ACCEPTANCE
CPF-V9-INITIAL-FULL-REVIEW-20260805-1952,DEVGPT-V9-S05,CPF-WP-ADM-UX-02-IMPLEMENTATION_CONSUMER,ADM-UX,IMPLEMENTATION_CONSUMER,P1,cpf-admin,완료,완료,PASS_ALTERNATIVE,cpf-admin/frontend/src/App.vue; cpf-admin/frontend/src/app/router.ts; cpf-admin/frontend/src/app/routes.ts; cpf-admin/frontend/src/features/errors; cpf-admin/frontend/src/generated,ADM router/menu → feature pages → generated client → backend OpenAPI; global loading/error/401·403·404·409·429·500·503 handling,"기본 구현·실제 Consumer 연결: Interface/DTO/Marker가 아닌 안전한 기본 구현·Provider·AutoConfiguration·상태 저장을 제공한다. || Bean/Route/SQL/API/Frontend/Script를 실제 Product Consumer 호출 경로에 연결한다. || 설정 safe default, validation, capability detection, lifecycle start/stop와 resource cleanup을 구현한다. || Consumer 없는 추상화나 Sample-only 구현이면 완료하지 않고 실제 Consumer 연결 또는 통합/폐기 후보로 처리한다. | Actual source: cpf-admin/frontend/src/App.vue; cpf-admin/frontend/src/app/router.ts; cpf-admin/frontend/src/app/routes.ts; cpf-admin/frontend/src/features/errors; cpf-admin/frontend/src/generated | Consumer: ADM router/menu → feature pages → generated client → backend OpenAPI; global loading/error/401·403·404·409·429·500·503 handling | Verification: cpf-admin/frontend/scripts/validate-openapi.mjs; evidence/ADM_OPENAPI_VALIDATION.log; evidence/ADM_OPENAPI_LIFECYCLE.log; evidence/CANONICAL_SOURCE_TRACE.csv | Result: PASS",ALTERNATIVE_SOURCE_TRACE,cpf-docs/work/current/CPF_DEVGPT_CONTROL_V9/_session_workspace/S05-R6/sessions/DEVGPT-V9-S05/evidence/atomic/ADM-UX.md; cpf-docs/work/current/CPF_DEVGPT_CONTROL_V9/_session_workspace/S05-R6/sessions/DEVGPT-V9-S05/evidence/CANONICAL_SOURCE_TRACE.csv; cpf-docs/work/current/CPF_DEVGPT_CONTROL_V9/_session_workspace/S05-R6/sessions/DEVGPT-V9-S05/evidence/SOURCE_PATH_EXISTENCE_AUDIT.csv,NONE_FOR_ASSIGNED_ACCEPTANCE
CPF-V9-INITIAL-FULL-REVIEW-20260805-1952,DEVGPT-V9-S05,CPF-WP-ADM-UX-03-VERIFICATION_EVIDENCE,ADM-UX,VERIFICATION_EVIDENCE,P1,cpf-admin,완료,완료,PASS_ALTERNATIVE,cpf-admin/frontend/src/App.vue; cpf-admin/frontend/src/app/router.ts; cpf-admin/frontend/src/app/routes.ts; cpf-admin/frontend/src/features/errors; cpf-admin/frontend/src/generated,ADM router/menu → feature pages → generated client → backend OpenAPI; global loading/error/401·403·404·409·429·500·503 handling,"검증·Evidence·추적성: 연결 CPF-FR Requirement와 CPF-SC Scenario를 논리 원장에서 전수 추출해 이 Work Package에 매핑한다. || 목표 환경을 먼저 실제 실행하고, 불가능할 때 최대 대체검증과 남은 실제 Runtime 차이를 분리한다. || 각 Scenario에 Test Method·Assertion·실제 결과·Evidence를 개별 연결한다. || 명령, 환경/version, 시간, exit code, report/artifact hash, sanitization과 baseline/working-tree 상태를 기록한다. | Actual source: cpf-admin/frontend/src/App.vue; cpf-admin/frontend/src/app/router.ts; cpf-admin/frontend/src/app/routes.ts; cpf-admin/frontend/src/features/errors; cpf-admin/frontend/src/generated | Consumer: ADM router/menu → feature pages → generated client → backend OpenAPI; global loading/error/401·403·404·409·429·500·503 handling | Verification: cpf-admin/frontend/scripts/validate-openapi.mjs; evidence/ADM_OPENAPI_VALIDATION.log; evidence/ADM_OPENAPI_LIFECYCLE.log; evidence/CANONICAL_SOURCE_TRACE.csv | Result: PASS",ALTERNATIVE_SOURCE_TRACE,cpf-docs/work/current/CPF_DEVGPT_CONTROL_V9/_session_workspace/S05-R6/sessions/DEVGPT-V9-S05/evidence/atomic/ADM-UX.md; cpf-docs/work/current/CPF_DEVGPT_CONTROL_V9/_session_workspace/S05-R6/sessions/DEVGPT-V9-S05/evidence/CANONICAL_SOURCE_TRACE.csv; cpf-docs/work/current/CPF_DEVGPT_CONTROL_V9/_session_workspace/S05-R6/sessions/DEVGPT-V9-S05/evidence/SOURCE_PATH_EXISTENCE_AUDIT.csv,NONE_FOR_ASSIGNED_ACCEPTANCE
CPF-V9-INITIAL-FULL-REVIEW-20260805-1952,DEVGPT-V9-S05,CPF-WP-ADM-UX-04-OPERATIONS_SECURITY,ADM-UX,OPERATIONS_SECURITY,P1,cpf-admin,완료,완료,PASS_ALTERNATIVE,cpf-admin/frontend/src/App.vue; cpf-admin/frontend/src/app/router.ts; cpf-admin/frontend/src/app/routes.ts; cpf-admin/frontend/src/features/errors; cpf-admin/frontend/src/generated,ADM router/menu → feature pages → generated client → backend OpenAPI; global loading/error/401·403·404·409·429·500·503 handling,"보안·승인·감사·운영: AuthN/AuthZ, object/property/function 권한, trust boundary, secure default와 입력/자원 한도를 적용한다. || Secret/PII/credential masking, raw access, download/export와 Evidence sanitization을 적용한다. || 조회·상태·오류·timeline·control·reason·approval·SoD·expiry·immutable audit를 제공한다. || Metric/alert/runbook와 자동복구 allowlist/attempt limit/rollback/escalation을 연결한다. | Actual source: cpf-admin/frontend/src/App.vue; cpf-admin/frontend/src/app/router.ts; cpf-admin/frontend/src/app/routes.ts; cpf-admin/frontend/src/features/errors; cpf-admin/frontend/src/generated | Consumer: ADM router/menu → feature pages → generated client → backend OpenAPI; global loading/error/401·403·404·409·429·500·503 handling | Verification: cpf-admin/frontend/scripts/validate-openapi.mjs; evidence/ADM_OPENAPI_VALIDATION.log; evidence/ADM_OPENAPI_LIFECYCLE.log; evidence/CANONICAL_SOURCE_TRACE.csv | Result: PASS",ALTERNATIVE_SOURCE_TRACE,cpf-docs/work/current/CPF_DEVGPT_CONTROL_V9/_session_workspace/S05-R6/sessions/DEVGPT-V9-S05/evidence/atomic/ADM-UX.md; cpf-docs/work/current/CPF_DEVGPT_CONTROL_V9/_session_workspace/S05-R6/sessions/DEVGPT-V9-S05/evidence/CANONICAL_SOURCE_TRACE.csv; cpf-docs/work/current/CPF_DEVGPT_CONTROL_V9/_session_workspace/S05-R6/sessions/DEVGPT-V9-S05/evidence/SOURCE_PATH_EXISTENCE_AUDIT.csv,NONE_FOR_ASSIGNED_ACCEPTANCE
CPF-V9-INITIAL-FULL-REVIEW-20260805-1952,DEVGPT-V9-S05,CPF-WP-ADM-APPROVAL-01-CONTRACT_OWNERSHIP,ADM-APPROVAL,CONTRACT_OWNERSHIP,P1,cpf-admin,완료,완료,PASS_ALTERNATIVE,cpf-admin/src/main/java/com/cpf/admin/approval/service/AdmApprovalService.java; cpf-admin/src/main/java/com/cpf/admin/approval/controller/AdmApprovalController.java; cpf-admin/frontend/src/features/approvals/ApprovalsPage.vue,ADM approval UI → generated approval client → canonical AdmApprovalController → AdmApprovalService → atomic reserve → owner command port → atomic finish/UNKNOWN recovery,"계약·Ownership 확정: Canonical Owner Module·Package·State Owner와 실제 Consumer를 코드 기준으로 확정한다. || Public API·SPI·Internal, 입력·출력·오류·lifecycle·thread-safety·version 계약을 정의한다. || 역방향/순환 의존, Internal 참조, 선택 OSS type 노출, Dual Primary와 owner 없는 공통기능을 제거 또는 이관 대상으로 등록한다. || Local/Remote/Async/Batch 등 적용 topology에서 계약 동등성과 trust boundary를 정의한다. | Actual source: cpf-admin/src/main/java/com/cpf/admin/approval/service/AdmApprovalService.java; cpf-admin/src/main/java/com/cpf/admin/approval/controller/AdmApprovalController.java; cpf-admin/frontend/src/features/approvals/ApprovalsPage.vue | Consumer: ADM approval UI → generated approval client → canonical AdmApprovalController → AdmApprovalService → atomic reserve → owner command port → atomic finish/UNKNOWN recovery | Verification: cpf-admin/src/test/java/com/cpf/admin/approval/service/AdmApprovalServiceExecutionTest.java; cpf-admin/src/test/java/com/cpf/admin/approval/service/AdmApprovalServiceIdempotencyTest.java; evidence/ADM_APPROVAL_JAVA21_HARNESS.log; evidence/ADM_APPROVAL_IDEMPOTENCY_JAVA21_HARNESS.log; evidence/ADM_APPROVAL_FRONTEND_CONSUMER_CONTRACT.log | Result: PASS",ALTERNATIVE_SOURCE_TRACE,cpf-docs/work/current/CPF_DEVGPT_CONTROL_V9/_session_workspace/S05-R6/sessions/DEVGPT-V9-S05/evidence/atomic/ADM-APPROVAL.md; cpf-docs/work/current/CPF_DEVGPT_CONTROL_V9/_session_workspace/S05-R6/sessions/DEVGPT-V9-S05/evidence/CANONICAL_SOURCE_TRACE.csv; cpf-docs/work/current/CPF_DEVGPT_CONTROL_V9/_session_workspace/S05-R6/sessions/DEVGPT-V9-S05/evidence/SOURCE_PATH_EXISTENCE_AUDIT.csv; cpf-docs/work/current/CPF_DEVGPT_CONTROL_V9/_session_workspace/S05-R6/sessions/DEVGPT-V9-S05/evidence/REV006_ADM_APPROVAL_JAVA21.log; cpf-docs/work/current/CPF_DEVGPT_CONTROL_V9/_session_workspace/S05-R6/sessions/DEVGPT-V9-S05/evidence/REV006_FRONTEND_ASSEMBLED_CONSUMER_AND_OPENAPI.log,NONE_FOR_ASSIGNED_ACCEPTANCE
CPF-V9-INITIAL-FULL-REVIEW-20260805-1952,DEVGPT-V9-S05,CPF-WP-ADM-APPROVAL-02-IMPLEMENTATION_CONSUMER,ADM-APPROVAL,IMPLEMENTATION_CONSUMER,P1,cpf-admin,완료,완료,PASS_DIRECT,cpf-admin/src/main/java/com/cpf/admin/approval/service/AdmApprovalService.java; cpf-admin/src/main/java/com/cpf/admin/approval/controller/AdmApprovalController.java; cpf-admin/frontend/src/features/approvals/ApprovalsPage.vue,ADM approval UI → generated approval client → canonical AdmApprovalController → AdmApprovalService → atomic reserve → owner command port → atomic finish/UNKNOWN recovery,"기본 구현·실제 Consumer 연결: Interface/DTO/Marker가 아닌 안전한 기본 구현·Provider·AutoConfiguration·상태 저장을 제공한다. || Bean/Route/SQL/API/Frontend/Script를 실제 Product Consumer 호출 경로에 연결한다. || 설정 safe default, validation, capability detection, lifecycle start/stop와 resource cleanup을 구현한다. || Consumer 없는 추상화나 Sample-only 구현이면 완료하지 않고 실제 Consumer 연결 또는 통합/폐기 후보로 처리한다. | Actual source: cpf-admin/src/main/java/com/cpf/admin/approval/service/AdmApprovalService.java; cpf-admin/src/main/java/com/cpf/admin/approval/controller/AdmApprovalController.java; cpf-admin/frontend/src/features/approvals/ApprovalsPage.vue | Consumer: ADM approval UI → generated approval client → canonical AdmApprovalController → AdmApprovalService → atomic reserve → owner command port → atomic finish/UNKNOWN recovery | Verification: cpf-admin/src/test/java/com/cpf/admin/approval/service/AdmApprovalServiceExecutionTest.java; cpf-admin/src/test/java/com/cpf/admin/approval/service/AdmApprovalServiceIdempotencyTest.java; evidence/ADM_APPROVAL_JAVA21_HARNESS.log; evidence/ADM_APPROVAL_IDEMPOTENCY_JAVA21_HARNESS.log; evidence/ADM_APPROVAL_FRONTEND_CONSUMER_CONTRACT.log | Result: PASS",DIRECT_PLUS_ALTERNATIVE,cpf-docs/work/current/CPF_DEVGPT_CONTROL_V9/_session_workspace/S05-R6/sessions/DEVGPT-V9-S05/evidence/atomic/ADM-APPROVAL.md; cpf-docs/work/current/CPF_DEVGPT_CONTROL_V9/_session_workspace/S05-R6/sessions/DEVGPT-V9-S05/evidence/CANONICAL_SOURCE_TRACE.csv; cpf-docs/work/current/CPF_DEVGPT_CONTROL_V9/_session_workspace/S05-R6/sessions/DEVGPT-V9-S05/evidence/SOURCE_PATH_EXISTENCE_AUDIT.csv; cpf-docs/work/current/CPF_DEVGPT_CONTROL_V9/_session_workspace/S05-R6/sessions/DEVGPT-V9-S05/evidence/REV006_ADM_APPROVAL_JAVA21.log; cpf-docs/work/current/CPF_DEVGPT_CONTROL_V9/_session_workspace/S05-R6/sessions/DEVGPT-V9-S05/evidence/REV006_FRONTEND_ASSEMBLED_CONSUMER_AND_OPENAPI.log,NONE_FOR_ASSIGNED_ACCEPTANCE
CPF-V9-INITIAL-FULL-REVIEW-20260805-1952,DEVGPT-V9-S05,CPF-WP-ADM-APPROVAL-03-VERIFICATION_EVIDENCE,ADM-APPROVAL,VERIFICATION_EVIDENCE,P1,cpf-admin,완료,완료,PASS_DIRECT,cpf-admin/src/main/java/com/cpf/admin/approval/service/AdmApprovalService.java; cpf-admin/src/main/java/com/cpf/admin/approval/controller/AdmApprovalController.java; cpf-admin/frontend/src/features/approvals/ApprovalsPage.vue,ADM approval UI → generated approval client → canonical AdmApprovalController → AdmApprovalService → atomic reserve → owner command port → atomic finish/UNKNOWN recovery,"검증·Evidence·추적성: 연결 CPF-FR Requirement와 CPF-SC Scenario를 논리 원장에서 전수 추출해 이 Work Package에 매핑한다. || 목표 환경을 먼저 실제 실행하고, 불가능할 때 최대 대체검증과 남은 실제 Runtime 차이를 분리한다. || 각 Scenario에 Test Method·Assertion·실제 결과·Evidence를 개별 연결한다. || 명령, 환경/version, 시간, exit code, report/artifact hash, sanitization과 baseline/working-tree 상태를 기록한다. | Actual source: cpf-admin/src/main/java/com/cpf/admin/approval/service/AdmApprovalService.java; cpf-admin/src/main/java/com/cpf/admin/approval/controller/AdmApprovalController.java; cpf-admin/frontend/src/features/approvals/ApprovalsPage.vue | Consumer: ADM approval UI → generated approval client → canonical AdmApprovalController → AdmApprovalService → atomic reserve → owner command port → atomic finish/UNKNOWN recovery | Verification: cpf-admin/src/test/java/com/cpf/admin/approval/service/AdmApprovalServiceExecutionTest.java; cpf-admin/src/test/java/com/cpf/admin/approval/service/AdmApprovalServiceIdempotencyTest.java; evidence/ADM_APPROVAL_JAVA21_HARNESS.log; evidence/ADM_APPROVAL_IDEMPOTENCY_JAVA21_HARNESS.log; evidence/ADM_APPROVAL_FRONTEND_CONSUMER_CONTRACT.log | Result: PASS",DIRECT_PLUS_ALTERNATIVE,cpf-docs/work/current/CPF_DEVGPT_CONTROL_V9/_session_workspace/S05-R6/sessions/DEVGPT-V9-S05/evidence/atomic/ADM-APPROVAL.md; cpf-docs/work/current/CPF_DEVGPT_CONTROL_V9/_session_workspace/S05-R6/sessions/DEVGPT-V9-S05/evidence/CANONICAL_SOURCE_TRACE.csv; cpf-docs/work/current/CPF_DEVGPT_CONTROL_V9/_session_workspace/S05-R6/sessions/DEVGPT-V9-S05/evidence/SOURCE_PATH_EXISTENCE_AUDIT.csv; cpf-docs/work/current/CPF_DEVGPT_CONTROL_V9/_session_workspace/S05-R6/sessions/DEVGPT-V9-S05/evidence/REV006_ADM_APPROVAL_JAVA21.log; cpf-docs/work/current/CPF_DEVGPT_CONTROL_V9/_session_workspace/S05-R6/sessions/DEVGPT-V9-S05/evidence/REV006_FRONTEND_ASSEMBLED_CONSUMER_AND_OPENAPI.log,NONE_FOR_ASSIGNED_ACCEPTANCE
CPF-V9-INITIAL-FULL-REVIEW-20260805-1952,DEVGPT-V9-S05,CPF-WP-ADM-APPROVAL-04-FAILURE_RECOVERY,ADM-APPROVAL,FAILURE_RECOVERY,P1,cpf-admin,완료,완료,PASS_DIRECT,cpf-admin/src/main/java/com/cpf/admin/approval/service/AdmApprovalService.java; cpf-admin/src/main/java/com/cpf/admin/approval/controller/AdmApprovalController.java; cpf-admin/frontend/src/features/approvals/ApprovalsPage.vue,ADM approval UI → generated approval client → canonical AdmApprovalController → AdmApprovalService → atomic reserve → owner command port → atomic finish/UNKNOWN recovery,"오류·부분 실패·UNKNOWN·복구: 정상, invalid, timeout, cancellation, dependency failure, partial failure와 resource exhaustion을 구현한다. || side-effect 전/후, commit/send/ACK/response loss의 UNKNOWN을 구분하고 durable state에 기록한다. || Retry budget, idempotency, lease/fencing, restart/reclaim, reconcile/compensation/manual resolution을 적용한다. || 다중 JVM/process와 process-kill 이후 중복·stale writer·blind retry를 방지한다. | Actual source: cpf-admin/src/main/java/com/cpf/admin/approval/service/AdmApprovalService.java; cpf-admin/src/main/java/com/cpf/admin/approval/controller/AdmApprovalController.java; cpf-admin/frontend/src/features/approvals/ApprovalsPage.vue | Consumer: ADM approval UI → generated approval client → canonical AdmApprovalController → AdmApprovalService → atomic reserve → owner command port → atomic finish/UNKNOWN recovery | Verification: cpf-admin/src/test/java/com/cpf/admin/approval/service/AdmApprovalServiceExecutionTest.java; cpf-admin/src/test/java/com/cpf/admin/approval/service/AdmApprovalServiceIdempotencyTest.java; evidence/ADM_APPROVAL_JAVA21_HARNESS.log; evidence/ADM_APPROVAL_IDEMPOTENCY_JAVA21_HARNESS.log; evidence/ADM_APPROVAL_FRONTEND_CONSUMER_CONTRACT.log | Result: PASS",DIRECT_PLUS_ALTERNATIVE,cpf-docs/work/current/CPF_DEVGPT_CONTROL_V9/_session_workspace/S05-R6/sessions/DEVGPT-V9-S05/evidence/atomic/ADM-APPROVAL.md; cpf-docs/work/current/CPF_DEVGPT_CONTROL_V9/_session_workspace/S05-R6/sessions/DEVGPT-V9-S05/evidence/CANONICAL_SOURCE_TRACE.csv; cpf-docs/work/current/CPF_DEVGPT_CONTROL_V9/_session_workspace/S05-R6/sessions/DEVGPT-V9-S05/evidence/SOURCE_PATH_EXISTENCE_AUDIT.csv; cpf-docs/work/current/CPF_DEVGPT_CONTROL_V9/_session_workspace/S05-R6/sessions/DEVGPT-V9-S05/evidence/REV006_ADM_APPROVAL_JAVA21.log; cpf-docs/work/current/CPF_DEVGPT_CONTROL_V9/_session_workspace/S05-R6/sessions/DEVGPT-V9-S05/evidence/REV006_FRONTEND_ASSEMBLED_CONSUMER_AND_OPENAPI.log,NONE_FOR_ASSIGNED_ACCEPTANCE
CPF-V9-INITIAL-FULL-REVIEW-20260805-1952,DEVGPT-V9-S05,CPF-WP-ADM-APPROVAL-05-OPERATIONS_SECURITY,ADM-APPROVAL,OPERATIONS_SECURITY,P1,cpf-admin,완료,완료,PASS_ALTERNATIVE,cpf-admin/src/main/java/com/cpf/admin/approval/service/AdmApprovalService.java; cpf-admin/src/main/java/com/cpf/admin/approval/controller/AdmApprovalController.java; cpf-admin/frontend/src/features/approvals/ApprovalsPage.vue,ADM approval UI → generated approval client → canonical AdmApprovalController → AdmApprovalService → atomic reserve → owner command port → atomic finish/UNKNOWN recovery,"보안·승인·감사·운영: AuthN/AuthZ, object/property/function 권한, trust boundary, secure default와 입력/자원 한도를 적용한다. || Secret/PII/credential masking, raw access, download/export와 Evidence sanitization을 적용한다. || 조회·상태·오류·timeline·control·reason·approval·SoD·expiry·immutable audit를 제공한다. || Metric/alert/runbook와 자동복구 allowlist/attempt limit/rollback/escalation을 연결한다. | Actual source: cpf-admin/src/main/java/com/cpf/admin/approval/service/AdmApprovalService.java; cpf-admin/src/main/java/com/cpf/admin/approval/controller/AdmApprovalController.java; cpf-admin/frontend/src/features/approvals/ApprovalsPage.vue | Consumer: ADM approval UI → generated approval client → canonical AdmApprovalController → AdmApprovalService → atomic reserve → owner command port → atomic finish/UNKNOWN recovery | Verification: cpf-admin/src/test/java/com/cpf/admin/approval/service/AdmApprovalServiceExecutionTest.java; cpf-admin/src/test/java/com/cpf/admin/approval/service/AdmApprovalServiceIdempotencyTest.java; evidence/ADM_APPROVAL_JAVA21_HARNESS.log; evidence/ADM_APPROVAL_IDEMPOTENCY_JAVA21_HARNESS.log; evidence/ADM_APPROVAL_FRONTEND_CONSUMER_CONTRACT.log | Result: PASS",ALTERNATIVE_SOURCE_TRACE,cpf-docs/work/current/CPF_DEVGPT_CONTROL_V9/_session_workspace/S05-R6/sessions/DEVGPT-V9-S05/evidence/atomic/ADM-APPROVAL.md; cpf-docs/work/current/CPF_DEVGPT_CONTROL_V9/_session_workspace/S05-R6/sessions/DEVGPT-V9-S05/evidence/CANONICAL_SOURCE_TRACE.csv; cpf-docs/work/current/CPF_DEVGPT_CONTROL_V9/_session_workspace/S05-R6/sessions/DEVGPT-V9-S05/evidence/SOURCE_PATH_EXISTENCE_AUDIT.csv; cpf-docs/work/current/CPF_DEVGPT_CONTROL_V9/_session_workspace/S05-R6/sessions/DEVGPT-V9-S05/evidence/REV006_ADM_APPROVAL_JAVA21.log; cpf-docs/work/current/CPF_DEVGPT_CONTROL_V9/_session_workspace/S05-R6/sessions/DEVGPT-V9-S05/evidence/REV006_FRONTEND_ASSEMBLED_CONSUMER_AND_OPENAPI.log,NONE_FOR_ASSIGNED_ACCEPTANCE
CPF-V9-INITIAL-FULL-REVIEW-20260805-1952,DEVGPT-V9-S05,CPF-WP-ADM-APPROVAL-06-GENERATION_COMPATIBILITY,ADM-APPROVAL,GENERATION_COMPATIBILITY,P1,cpf-admin,완료,완료,PASS_ALTERNATIVE,cpf-admin/src/main/java/com/cpf/admin/approval/service/AdmApprovalService.java; cpf-admin/src/main/java/com/cpf/admin/approval/controller/AdmApprovalController.java; cpf-admin/frontend/src/features/approvals/ApprovalsPage.vue,ADM approval UI → generated approval client → canonical AdmApprovalController → AdmApprovalService → atomic reserve → owner command port → atomic finish/UNKNOWN recovery,"생성·Artifact·호환성: Generator/OpenAPI/AsyncAPI/DB metadata/template 등 Canonical 입력과 생성 산출물의 ownership을 확정한다. || remove→regenerate deterministic parity와 user-owned 영역 보존을 검증한다. || API/message/file/DB/config/artifact의 semantic version, compatibility, deprecation, mixed-version와 rollback 영향을 처리한다. || Generated Source만 수동 수정하지 않고 원본 입력·Generator·Golden Sample을 함께 수정한다. | Actual source: cpf-admin/src/main/java/com/cpf/admin/approval/service/AdmApprovalService.java; cpf-admin/src/main/java/com/cpf/admin/approval/controller/AdmApprovalController.java; cpf-admin/frontend/src/features/approvals/ApprovalsPage.vue | Consumer: ADM approval UI → generated approval client → canonical AdmApprovalController → AdmApprovalService → atomic reserve → owner command port → atomic finish/UNKNOWN recovery | Verification: cpf-admin/src/test/java/com/cpf/admin/approval/service/AdmApprovalServiceExecutionTest.java; cpf-admin/src/test/java/com/cpf/admin/approval/service/AdmApprovalServiceIdempotencyTest.java; evidence/ADM_APPROVAL_JAVA21_HARNESS.log; evidence/ADM_APPROVAL_IDEMPOTENCY_JAVA21_HARNESS.log; evidence/ADM_APPROVAL_FRONTEND_CONSUMER_CONTRACT.log | Result: PASS",ALTERNATIVE_SOURCE_TRACE,cpf-docs/work/current/CPF_DEVGPT_CONTROL_V9/_session_workspace/S05-R6/sessions/DEVGPT-V9-S05/evidence/atomic/ADM-APPROVAL.md; cpf-docs/work/current/CPF_DEVGPT_CONTROL_V9/_session_workspace/S05-R6/sessions/DEVGPT-V9-S05/evidence/CANONICAL_SOURCE_TRACE.csv; cpf-docs/work/current/CPF_DEVGPT_CONTROL_V9/_session_workspace/S05-R6/sessions/DEVGPT-V9-S05/evidence/SOURCE_PATH_EXISTENCE_AUDIT.csv; cpf-docs/work/current/CPF_DEVGPT_CONTROL_V9/_session_workspace/S05-R6/sessions/DEVGPT-V9-S05/evidence/REV006_ADM_APPROVAL_JAVA21.log; cpf-docs/work/current/CPF_DEVGPT_CONTROL_V9/_session_workspace/S05-R6/sessions/DEVGPT-V9-S05/evidence/REV006_FRONTEND_ASSEMBLED_CONSUMER_AND_OPENAPI.log,NONE_FOR_ASSIGNED_ACCEPTANCE
CPF-V9-INITIAL-FULL-REVIEW-20260805-1952,DEVGPT-V9-S05,CPF-WP-BZA-BUSINESS-01-CONTRACT_OWNERSHIP,BZA-BUSINESS,CONTRACT_OWNERSHIP,P2,cpf-biz-admin,완료,완료,PASS_ALTERNATIVE,cpf-biz-admin/src/main/java/com/cpf/bizadmin/backoffice/controller/BzaBackofficeController.java; cpf-biz-admin/src/main/java/com/cpf/bizadmin/backoffice/service/BzaBackofficeService.java,BZA business-admin feature pages → generated BZA client → backoffice controller → BzaBackofficeService/repository/authorization/audit,"계약·Ownership 확정: Canonical Owner Module·Package·State Owner와 실제 Consumer를 코드 기준으로 확정한다. || Public API·SPI·Internal, 입력·출력·오류·lifecycle·thread-safety·version 계약을 정의한다. || 역방향/순환 의존, Internal 참조, 선택 OSS type 노출, Dual Primary와 owner 없는 공통기능을 제거 또는 이관 대상으로 등록한다. || Local/Remote/Async/Batch 등 적용 topology에서 계약 동등성과 trust boundary를 정의한다. | Actual source: cpf-biz-admin/src/main/java/com/cpf/bizadmin/backoffice/controller/BzaBackofficeController.java; cpf-biz-admin/src/main/java/com/cpf/bizadmin/backoffice/service/BzaBackofficeService.java | Consumer: BZA business-admin feature pages → generated BZA client → backoffice controller → BzaBackofficeService/repository/authorization/audit | Verification: cpf-biz-admin/frontend/scripts/validate-openapi.mjs; evidence/BZA_OPENAPI_VALIDATION.log; evidence/CANONICAL_SOURCE_TRACE.csv | Result: PASS",ALTERNATIVE_SOURCE_TRACE,cpf-docs/work/current/CPF_DEVGPT_CONTROL_V9/_session_workspace/S05-R6/sessions/DEVGPT-V9-S05/evidence/atomic/BZA-BUSINESS.md; cpf-docs/work/current/CPF_DEVGPT_CONTROL_V9/_session_workspace/S05-R6/sessions/DEVGPT-V9-S05/evidence/CANONICAL_SOURCE_TRACE.csv; cpf-docs/work/current/CPF_DEVGPT_CONTROL_V9/_session_workspace/S05-R6/sessions/DEVGPT-V9-S05/evidence/SOURCE_PATH_EXISTENCE_AUDIT.csv,NONE_FOR_ASSIGNED_ACCEPTANCE
CPF-V9-INITIAL-FULL-REVIEW-20260805-1952,DEVGPT-V9-S05,CPF-WP-BZA-BUSINESS-02-IMPLEMENTATION_CONSUMER,BZA-BUSINESS,IMPLEMENTATION_CONSUMER,P2,cpf-biz-admin,완료,완료,PASS_ALTERNATIVE,cpf-biz-admin/src/main/java/com/cpf/bizadmin/backoffice/controller/BzaBackofficeController.java; cpf-biz-admin/src/main/java/com/cpf/bizadmin/backoffice/service/BzaBackofficeService.java,BZA business-admin feature pages → generated BZA client → backoffice controller → BzaBackofficeService/repository/authorization/audit,"기본 구현·실제 Consumer 연결: Interface/DTO/Marker가 아닌 안전한 기본 구현·Provider·AutoConfiguration·상태 저장을 제공한다. || Bean/Route/SQL/API/Frontend/Script를 실제 Product Consumer 호출 경로에 연결한다. || 설정 safe default, validation, capability detection, lifecycle start/stop와 resource cleanup을 구현한다. || Consumer 없는 추상화나 Sample-only 구현이면 완료하지 않고 실제 Consumer 연결 또는 통합/폐기 후보로 처리한다. | Actual source: cpf-biz-admin/src/main/java/com/cpf/bizadmin/backoffice/controller/BzaBackofficeController.java; cpf-biz-admin/src/main/java/com/cpf/bizadmin/backoffice/service/BzaBackofficeService.java | Consumer: BZA business-admin feature pages → generated BZA client → backoffice controller → BzaBackofficeService/repository/authorization/audit | Verification: cpf-biz-admin/frontend/scripts/validate-openapi.mjs; evidence/BZA_OPENAPI_VALIDATION.log; evidence/CANONICAL_SOURCE_TRACE.csv | Result: PASS",ALTERNATIVE_SOURCE_TRACE,cpf-docs/work/current/CPF_DEVGPT_CONTROL_V9/_session_workspace/S05-R6/sessions/DEVGPT-V9-S05/evidence/atomic/BZA-BUSINESS.md; cpf-docs/work/current/CPF_DEVGPT_CONTROL_V9/_session_workspace/S05-R6/sessions/DEVGPT-V9-S05/evidence/CANONICAL_SOURCE_TRACE.csv; cpf-docs/work/current/CPF_DEVGPT_CONTROL_V9/_session_workspace/S05-R6/sessions/DEVGPT-V9-S05/evidence/SOURCE_PATH_EXISTENCE_AUDIT.csv,NONE_FOR_ASSIGNED_ACCEPTANCE
CPF-V9-INITIAL-FULL-REVIEW-20260805-1952,DEVGPT-V9-S05,CPF-WP-BZA-BUSINESS-03-VERIFICATION_EVIDENCE,BZA-BUSINESS,VERIFICATION_EVIDENCE,P2,cpf-biz-admin,완료,완료,PASS_ALTERNATIVE,cpf-biz-admin/src/main/java/com/cpf/bizadmin/backoffice/controller/BzaBackofficeController.java; cpf-biz-admin/src/main/java/com/cpf/bizadmin/backoffice/service/BzaBackofficeService.java,BZA business-admin feature pages → generated BZA client → backoffice controller → BzaBackofficeService/repository/authorization/audit,"검증·Evidence·추적성: 연결 CPF-FR Requirement와 CPF-SC Scenario를 논리 원장에서 전수 추출해 이 Work Package에 매핑한다. || 목표 환경을 먼저 실제 실행하고, 불가능할 때 최대 대체검증과 남은 실제 Runtime 차이를 분리한다. || 각 Scenario에 Test Method·Assertion·실제 결과·Evidence를 개별 연결한다. || 명령, 환경/version, 시간, exit code, report/artifact hash, sanitization과 baseline/working-tree 상태를 기록한다. | Actual source: cpf-biz-admin/src/main/java/com/cpf/bizadmin/backoffice/controller/BzaBackofficeController.java; cpf-biz-admin/src/main/java/com/cpf/bizadmin/backoffice/service/BzaBackofficeService.java | Consumer: BZA business-admin feature pages → generated BZA client → backoffice controller → BzaBackofficeService/repository/authorization/audit | Verification: cpf-biz-admin/frontend/scripts/validate-openapi.mjs; evidence/BZA_OPENAPI_VALIDATION.log; evidence/CANONICAL_SOURCE_TRACE.csv | Result: PASS",ALTERNATIVE_SOURCE_TRACE,cpf-docs/work/current/CPF_DEVGPT_CONTROL_V9/_session_workspace/S05-R6/sessions/DEVGPT-V9-S05/evidence/atomic/BZA-BUSINESS.md; cpf-docs/work/current/CPF_DEVGPT_CONTROL_V9/_session_workspace/S05-R6/sessions/DEVGPT-V9-S05/evidence/CANONICAL_SOURCE_TRACE.csv; cpf-docs/work/current/CPF_DEVGPT_CONTROL_V9/_session_workspace/S05-R6/sessions/DEVGPT-V9-S05/evidence/SOURCE_PATH_EXISTENCE_AUDIT.csv,NONE_FOR_ASSIGNED_ACCEPTANCE
CPF-V9-INITIAL-FULL-REVIEW-20260805-1952,DEVGPT-V9-S05,CPF-WP-BZA-BUSINESS-04-FAILURE_RECOVERY,BZA-BUSINESS,FAILURE_RECOVERY,P2,cpf-biz-admin,완료,완료,PASS_ALTERNATIVE,cpf-biz-admin/src/main/java/com/cpf/bizadmin/backoffice/controller/BzaBackofficeController.java; cpf-biz-admin/src/main/java/com/cpf/bizadmin/backoffice/service/BzaBackofficeService.java,BZA business-admin feature pages → generated BZA client → backoffice controller → BzaBackofficeService/repository/authorization/audit,"오류·부분 실패·UNKNOWN·복구: 정상, invalid, timeout, cancellation, dependency failure, partial failure와 resource exhaustion을 구현한다. || side-effect 전/후, commit/send/ACK/response loss의 UNKNOWN을 구분하고 durable state에 기록한다. || Retry budget, idempotency, lease/fencing, restart/reclaim, reconcile/compensation/manual resolution을 적용한다. || 다중 JVM/process와 process-kill 이후 중복·stale writer·blind retry를 방지한다. | Actual source: cpf-biz-admin/src/main/java/com/cpf/bizadmin/backoffice/controller/BzaBackofficeController.java; cpf-biz-admin/src/main/java/com/cpf/bizadmin/backoffice/service/BzaBackofficeService.java | Consumer: BZA business-admin feature pages → generated BZA client → backoffice controller → BzaBackofficeService/repository/authorization/audit | Verification: cpf-biz-admin/frontend/scripts/validate-openapi.mjs; evidence/BZA_OPENAPI_VALIDATION.log; evidence/CANONICAL_SOURCE_TRACE.csv | Result: PASS",ALTERNATIVE_SOURCE_TRACE,cpf-docs/work/current/CPF_DEVGPT_CONTROL_V9/_session_workspace/S05-R6/sessions/DEVGPT-V9-S05/evidence/atomic/BZA-BUSINESS.md; cpf-docs/work/current/CPF_DEVGPT_CONTROL_V9/_session_workspace/S05-R6/sessions/DEVGPT-V9-S05/evidence/CANONICAL_SOURCE_TRACE.csv; cpf-docs/work/current/CPF_DEVGPT_CONTROL_V9/_session_workspace/S05-R6/sessions/DEVGPT-V9-S05/evidence/SOURCE_PATH_EXISTENCE_AUDIT.csv,NONE_FOR_ASSIGNED_ACCEPTANCE
CPF-V9-INITIAL-FULL-REVIEW-20260805-1952,DEVGPT-V9-S05,CPF-WP-BZA-BUSINESS-05-OPERATIONS_SECURITY,BZA-BUSINESS,OPERATIONS_SECURITY,P2,cpf-biz-admin,완료,완료,PASS_ALTERNATIVE,cpf-biz-admin/src/main/java/com/cpf/bizadmin/backoffice/controller/BzaBackofficeController.java; cpf-biz-admin/src/main/java/com/cpf/bizadmin/backoffice/service/BzaBackofficeService.java,BZA business-admin feature pages → generated BZA client → backoffice controller → BzaBackofficeService/repository/authorization/audit,"보안·승인·감사·운영: AuthN/AuthZ, object/property/function 권한, trust boundary, secure default와 입력/자원 한도를 적용한다. || Secret/PII/credential masking, raw access, download/export와 Evidence sanitization을 적용한다. || 조회·상태·오류·timeline·control·reason·approval·SoD·expiry·immutable audit를 제공한다. || Metric/alert/runbook와 자동복구 allowlist/attempt limit/rollback/escalation을 연결한다. | Actual source: cpf-biz-admin/src/main/java/com/cpf/bizadmin/backoffice/controller/BzaBackofficeController.java; cpf-biz-admin/src/main/java/com/cpf/bizadmin/backoffice/service/BzaBackofficeService.java | Consumer: BZA business-admin feature pages → generated BZA client → backoffice controller → BzaBackofficeService/repository/authorization/audit | Verification: cpf-biz-admin/frontend/scripts/validate-openapi.mjs; evidence/BZA_OPENAPI_VALIDATION.log; evidence/CANONICAL_SOURCE_TRACE.csv | Result: PASS",ALTERNATIVE_SOURCE_TRACE,cpf-docs/work/current/CPF_DEVGPT_CONTROL_V9/_session_workspace/S05-R6/sessions/DEVGPT-V9-S05/evidence/atomic/BZA-BUSINESS.md; cpf-docs/work/current/CPF_DEVGPT_CONTROL_V9/_session_workspace/S05-R6/sessions/DEVGPT-V9-S05/evidence/CANONICAL_SOURCE_TRACE.csv; cpf-docs/work/current/CPF_DEVGPT_CONTROL_V9/_session_workspace/S05-R6/sessions/DEVGPT-V9-S05/evidence/SOURCE_PATH_EXISTENCE_AUDIT.csv,NONE_FOR_ASSIGNED_ACCEPTANCE
CPF-V9-INITIAL-FULL-REVIEW-20260805-1952,DEVGPT-V9-S05,CPF-WP-BZA-ORG-01-CONTRACT_OWNERSHIP,BZA-ORG,CONTRACT_OWNERSHIP,P2,cpf-biz-admin,완료,완료,PASS_ALTERNATIVE,cpf-biz-admin/src/main/java/com/cpf/bizadmin/directory/controller/BzaDirectoryController.java; cpf-biz-admin/src/main/java/com/cpf/bizadmin/directory/service/BzaDirectoryService.java; cpf-biz-admin/src/main/java/com/cpf/bizadmin/backoffice/controller/BzaBackofficeController.java; cpf-biz-admin/frontend/src/features/organizations; cpf-biz-admin/frontend/src/features/employees; cpf-biz-admin/frontend/src/features/assignments,BZA organization/employee/assignment pages → generated client → organization/backoffice controllers → services/repositories,"계약·Ownership 확정: Canonical Owner Module·Package·State Owner와 실제 Consumer를 코드 기준으로 확정한다. || Public API·SPI·Internal, 입력·출력·오류·lifecycle·thread-safety·version 계약을 정의한다. || 역방향/순환 의존, Internal 참조, 선택 OSS type 노출, Dual Primary와 owner 없는 공통기능을 제거 또는 이관 대상으로 등록한다. || Local/Remote/Async/Batch 등 적용 topology에서 계약 동등성과 trust boundary를 정의한다. | Actual source: cpf-biz-admin/src/main/java/com/cpf/bizadmin/directory/controller/BzaDirectoryController.java; cpf-biz-admin/src/main/java/com/cpf/bizadmin/directory/service/BzaDirectoryService.java; cpf-biz-admin/src/main/java/com/cpf/bizadmin/backoffice/controller/BzaBackofficeController.java; cpf-biz-admin/frontend/src/features/organizations; cpf-biz-admin/frontend/src/features/employees; cpf-biz-admin/frontend/src/features/assignments | Consumer: BZA organization/employee/assignment pages → generated client → organization/backoffice controllers → services/repositories | Verification: evidence/BZA_OPENAPI_VALIDATION.log; evidence/BZA_OPENAPI_LIFECYCLE.log; evidence/CANONICAL_SOURCE_TRACE.csv | Result: PASS",ALTERNATIVE_SOURCE_TRACE,cpf-docs/work/current/CPF_DEVGPT_CONTROL_V9/_session_workspace/S05-R6/sessions/DEVGPT-V9-S05/evidence/atomic/BZA-ORG.md; cpf-docs/work/current/CPF_DEVGPT_CONTROL_V9/_session_workspace/S05-R6/sessions/DEVGPT-V9-S05/evidence/CANONICAL_SOURCE_TRACE.csv; cpf-docs/work/current/CPF_DEVGPT_CONTROL_V9/_session_workspace/S05-R6/sessions/DEVGPT-V9-S05/evidence/SOURCE_PATH_EXISTENCE_AUDIT.csv,NONE_FOR_ASSIGNED_ACCEPTANCE
CPF-V9-INITIAL-FULL-REVIEW-20260805-1952,DEVGPT-V9-S05,CPF-WP-BZA-ORG-02-IMPLEMENTATION_CONSUMER,BZA-ORG,IMPLEMENTATION_CONSUMER,P2,cpf-biz-admin,완료,완료,PASS_ALTERNATIVE,cpf-biz-admin/src/main/java/com/cpf/bizadmin/directory/controller/BzaDirectoryController.java; cpf-biz-admin/src/main/java/com/cpf/bizadmin/directory/service/BzaDirectoryService.java; cpf-biz-admin/src/main/java/com/cpf/bizadmin/backoffice/controller/BzaBackofficeController.java; cpf-biz-admin/frontend/src/features/organizations; cpf-biz-admin/frontend/src/features/employees; cpf-biz-admin/frontend/src/features/assignments,BZA organization/employee/assignment pages → generated client → organization/backoffice controllers → services/repositories,"기본 구현·실제 Consumer 연결: Interface/DTO/Marker가 아닌 안전한 기본 구현·Provider·AutoConfiguration·상태 저장을 제공한다. || Bean/Route/SQL/API/Frontend/Script를 실제 Product Consumer 호출 경로에 연결한다. || 설정 safe default, validation, capability detection, lifecycle start/stop와 resource cleanup을 구현한다. || Consumer 없는 추상화나 Sample-only 구현이면 완료하지 않고 실제 Consumer 연결 또는 통합/폐기 후보로 처리한다. | Actual source: cpf-biz-admin/src/main/java/com/cpf/bizadmin/directory/controller/BzaDirectoryController.java; cpf-biz-admin/src/main/java/com/cpf/bizadmin/directory/service/BzaDirectoryService.java; cpf-biz-admin/src/main/java/com/cpf/bizadmin/backoffice/controller/BzaBackofficeController.java; cpf-biz-admin/frontend/src/features/organizations; cpf-biz-admin/frontend/src/features/employees; cpf-biz-admin/frontend/src/features/assignments | Consumer: BZA organization/employee/assignment pages → generated client → organization/backoffice controllers → services/repositories | Verification: evidence/BZA_OPENAPI_VALIDATION.log; evidence/BZA_OPENAPI_LIFECYCLE.log; evidence/CANONICAL_SOURCE_TRACE.csv | Result: PASS",ALTERNATIVE_SOURCE_TRACE,cpf-docs/work/current/CPF_DEVGPT_CONTROL_V9/_session_workspace/S05-R6/sessions/DEVGPT-V9-S05/evidence/atomic/BZA-ORG.md; cpf-docs/work/current/CPF_DEVGPT_CONTROL_V9/_session_workspace/S05-R6/sessions/DEVGPT-V9-S05/evidence/CANONICAL_SOURCE_TRACE.csv; cpf-docs/work/current/CPF_DEVGPT_CONTROL_V9/_session_workspace/S05-R6/sessions/DEVGPT-V9-S05/evidence/SOURCE_PATH_EXISTENCE_AUDIT.csv,NONE_FOR_ASSIGNED_ACCEPTANCE
CPF-V9-INITIAL-FULL-REVIEW-20260805-1952,DEVGPT-V9-S05,CPF-WP-BZA-ORG-03-VERIFICATION_EVIDENCE,BZA-ORG,VERIFICATION_EVIDENCE,P2,cpf-biz-admin,완료,완료,PASS_ALTERNATIVE,cpf-biz-admin/src/main/java/com/cpf/bizadmin/directory/controller/BzaDirectoryController.java; cpf-biz-admin/src/main/java/com/cpf/bizadmin/directory/service/BzaDirectoryService.java; cpf-biz-admin/src/main/java/com/cpf/bizadmin/backoffice/controller/BzaBackofficeController.java; cpf-biz-admin/frontend/src/features/organizations; cpf-biz-admin/frontend/src/features/employees; cpf-biz-admin/frontend/src/features/assignments,BZA organization/employee/assignment pages → generated client → organization/backoffice controllers → services/repositories,"검증·Evidence·추적성: 연결 CPF-FR Requirement와 CPF-SC Scenario를 논리 원장에서 전수 추출해 이 Work Package에 매핑한다. || 목표 환경을 먼저 실제 실행하고, 불가능할 때 최대 대체검증과 남은 실제 Runtime 차이를 분리한다. || 각 Scenario에 Test Method·Assertion·실제 결과·Evidence를 개별 연결한다. || 명령, 환경/version, 시간, exit code, report/artifact hash, sanitization과 baseline/working-tree 상태를 기록한다. | Actual source: cpf-biz-admin/src/main/java/com/cpf/bizadmin/directory/controller/BzaDirectoryController.java; cpf-biz-admin/src/main/java/com/cpf/bizadmin/directory/service/BzaDirectoryService.java; cpf-biz-admin/src/main/java/com/cpf/bizadmin/backoffice/controller/BzaBackofficeController.java; cpf-biz-admin/frontend/src/features/organizations; cpf-biz-admin/frontend/src/features/employees; cpf-biz-admin/frontend/src/features/assignments | Consumer: BZA organization/employee/assignment pages → generated client → organization/backoffice controllers → services/repositories | Verification: evidence/BZA_OPENAPI_VALIDATION.log; evidence/BZA_OPENAPI_LIFECYCLE.log; evidence/CANONICAL_SOURCE_TRACE.csv | Result: PASS",ALTERNATIVE_SOURCE_TRACE,cpf-docs/work/current/CPF_DEVGPT_CONTROL_V9/_session_workspace/S05-R6/sessions/DEVGPT-V9-S05/evidence/atomic/BZA-ORG.md; cpf-docs/work/current/CPF_DEVGPT_CONTROL_V9/_session_workspace/S05-R6/sessions/DEVGPT-V9-S05/evidence/CANONICAL_SOURCE_TRACE.csv; cpf-docs/work/current/CPF_DEVGPT_CONTROL_V9/_session_workspace/S05-R6/sessions/DEVGPT-V9-S05/evidence/SOURCE_PATH_EXISTENCE_AUDIT.csv,NONE_FOR_ASSIGNED_ACCEPTANCE
CPF-V9-INITIAL-FULL-REVIEW-20260805-1952,DEVGPT-V9-S05,CPF-WP-BZA-ORG-04-FAILURE_RECOVERY,BZA-ORG,FAILURE_RECOVERY,P2,cpf-biz-admin,완료,완료,PASS_ALTERNATIVE,cpf-biz-admin/src/main/java/com/cpf/bizadmin/directory/controller/BzaDirectoryController.java; cpf-biz-admin/src/main/java/com/cpf/bizadmin/directory/service/BzaDirectoryService.java; cpf-biz-admin/src/main/java/com/cpf/bizadmin/backoffice/controller/BzaBackofficeController.java; cpf-biz-admin/frontend/src/features/organizations; cpf-biz-admin/frontend/src/features/employees; cpf-biz-admin/frontend/src/features/assignments,BZA organization/employee/assignment pages → generated client → organization/backoffice controllers → services/repositories,"오류·부분 실패·UNKNOWN·복구: 정상, invalid, timeout, cancellation, dependency failure, partial failure와 resource exhaustion을 구현한다. || side-effect 전/후, commit/send/ACK/response loss의 UNKNOWN을 구분하고 durable state에 기록한다. || Retry budget, idempotency, lease/fencing, restart/reclaim, reconcile/compensation/manual resolution을 적용한다. || 다중 JVM/process와 process-kill 이후 중복·stale writer·blind retry를 방지한다. | Actual source: cpf-biz-admin/src/main/java/com/cpf/bizadmin/directory/controller/BzaDirectoryController.java; cpf-biz-admin/src/main/java/com/cpf/bizadmin/directory/service/BzaDirectoryService.java; cpf-biz-admin/src/main/java/com/cpf/bizadmin/backoffice/controller/BzaBackofficeController.java; cpf-biz-admin/frontend/src/features/organizations; cpf-biz-admin/frontend/src/features/employees; cpf-biz-admin/frontend/src/features/assignments | Consumer: BZA organization/employee/assignment pages → generated client → organization/backoffice controllers → services/repositories | Verification: evidence/BZA_OPENAPI_VALIDATION.log; evidence/BZA_OPENAPI_LIFECYCLE.log; evidence/CANONICAL_SOURCE_TRACE.csv | Result: PASS",ALTERNATIVE_SOURCE_TRACE,cpf-docs/work/current/CPF_DEVGPT_CONTROL_V9/_session_workspace/S05-R6/sessions/DEVGPT-V9-S05/evidence/atomic/BZA-ORG.md; cpf-docs/work/current/CPF_DEVGPT_CONTROL_V9/_session_workspace/S05-R6/sessions/DEVGPT-V9-S05/evidence/CANONICAL_SOURCE_TRACE.csv; cpf-docs/work/current/CPF_DEVGPT_CONTROL_V9/_session_workspace/S05-R6/sessions/DEVGPT-V9-S05/evidence/SOURCE_PATH_EXISTENCE_AUDIT.csv,NONE_FOR_ASSIGNED_ACCEPTANCE
CPF-V9-INITIAL-FULL-REVIEW-20260805-1952,DEVGPT-V9-S05,CPF-WP-BZA-ORG-05-OPERATIONS_SECURITY,BZA-ORG,OPERATIONS_SECURITY,P2,cpf-biz-admin,완료,완료,PASS_ALTERNATIVE,cpf-biz-admin/src/main/java/com/cpf/bizadmin/directory/controller/BzaDirectoryController.java; cpf-biz-admin/src/main/java/com/cpf/bizadmin/directory/service/BzaDirectoryService.java; cpf-biz-admin/src/main/java/com/cpf/bizadmin/backoffice/controller/BzaBackofficeController.java; cpf-biz-admin/frontend/src/features/organizations; cpf-biz-admin/frontend/src/features/employees; cpf-biz-admin/frontend/src/features/assignments,BZA organization/employee/assignment pages → generated client → organization/backoffice controllers → services/repositories,"보안·승인·감사·운영: AuthN/AuthZ, object/property/function 권한, trust boundary, secure default와 입력/자원 한도를 적용한다. || Secret/PII/credential masking, raw access, download/export와 Evidence sanitization을 적용한다. || 조회·상태·오류·timeline·control·reason·approval·SoD·expiry·immutable audit를 제공한다. || Metric/alert/runbook와 자동복구 allowlist/attempt limit/rollback/escalation을 연결한다. | Actual source: cpf-biz-admin/src/main/java/com/cpf/bizadmin/directory/controller/BzaDirectoryController.java; cpf-biz-admin/src/main/java/com/cpf/bizadmin/directory/service/BzaDirectoryService.java; cpf-biz-admin/src/main/java/com/cpf/bizadmin/backoffice/controller/BzaBackofficeController.java; cpf-biz-admin/frontend/src/features/organizations; cpf-biz-admin/frontend/src/features/employees; cpf-biz-admin/frontend/src/features/assignments | Consumer: BZA organization/employee/assignment pages → generated client → organization/backoffice controllers → services/repositories | Verification: evidence/BZA_OPENAPI_VALIDATION.log; evidence/BZA_OPENAPI_LIFECYCLE.log; evidence/CANONICAL_SOURCE_TRACE.csv | Result: PASS",ALTERNATIVE_SOURCE_TRACE,cpf-docs/work/current/CPF_DEVGPT_CONTROL_V9/_session_workspace/S05-R6/sessions/DEVGPT-V9-S05/evidence/atomic/BZA-ORG.md; cpf-docs/work/current/CPF_DEVGPT_CONTROL_V9/_session_workspace/S05-R6/sessions/DEVGPT-V9-S05/evidence/CANONICAL_SOURCE_TRACE.csv; cpf-docs/work/current/CPF_DEVGPT_CONTROL_V9/_session_workspace/S05-R6/sessions/DEVGPT-V9-S05/evidence/SOURCE_PATH_EXISTENCE_AUDIT.csv,NONE_FOR_ASSIGNED_ACCEPTANCE
CPF-V9-INITIAL-FULL-REVIEW-20260805-1952,DEVGPT-V9-S05,CPF-WP-BZA-APPROVAL-01-CONTRACT_OWNERSHIP,BZA-APPROVAL,CONTRACT_OWNERSHIP,P2,cpf-biz-admin,완료,완료,PASS_ALTERNATIVE,cpf-biz-admin/src/main/java/com/cpf/bizadmin/approval/controller; cpf-biz-admin/src/main/java/com/cpf/bizadmin/approval/service/BzaApprovalPolicyService.java; cpf-biz-admin/frontend/src/features/approval-inbox,BZA approval inbox/policy/submission/delegation pages → generated client → BZA approval controllers → BzaApprovalPolicyService/repository/audit,"계약·Ownership 확정: Canonical Owner Module·Package·State Owner와 실제 Consumer를 코드 기준으로 확정한다. || Public API·SPI·Internal, 입력·출력·오류·lifecycle·thread-safety·version 계약을 정의한다. || 역방향/순환 의존, Internal 참조, 선택 OSS type 노출, Dual Primary와 owner 없는 공통기능을 제거 또는 이관 대상으로 등록한다. || Local/Remote/Async/Batch 등 적용 topology에서 계약 동등성과 trust boundary를 정의한다. | Actual source: cpf-biz-admin/src/main/java/com/cpf/bizadmin/approval/controller; cpf-biz-admin/src/main/java/com/cpf/bizadmin/approval/service/BzaApprovalPolicyService.java; cpf-biz-admin/frontend/src/features/approval-inbox | Consumer: BZA approval inbox/policy/submission/delegation pages → generated client → BZA approval controllers → BzaApprovalPolicyService/repository/audit | Verification: cpf-biz-admin/src/test/java/com/cpf/bizadmin/approval/service/BzaApprovalPolicyServiceIdempotencyTest.java; evidence/BZA_APPROVAL_IDEMPOTENCY_JAVA21_HARNESS.log; evidence/BZA_OPENAPI_VALIDATION.log | Result: PASS",ALTERNATIVE_SOURCE_TRACE,cpf-docs/work/current/CPF_DEVGPT_CONTROL_V9/_session_workspace/S05-R6/sessions/DEVGPT-V9-S05/evidence/atomic/BZA-APPROVAL.md; cpf-docs/work/current/CPF_DEVGPT_CONTROL_V9/_session_workspace/S05-R6/sessions/DEVGPT-V9-S05/evidence/CANONICAL_SOURCE_TRACE.csv; cpf-docs/work/current/CPF_DEVGPT_CONTROL_V9/_session_workspace/S05-R6/sessions/DEVGPT-V9-S05/evidence/SOURCE_PATH_EXISTENCE_AUDIT.csv; cpf-docs/work/current/CPF_DEVGPT_CONTROL_V9/_session_workspace/S05-R6/sessions/DEVGPT-V9-S05/evidence/REV006_BZA_APPROVAL_JAVA21.log; cpf-docs/work/current/CPF_DEVGPT_CONTROL_V9/_session_workspace/S05-R6/sessions/DEVGPT-V9-S05/evidence/REV006_FRONTEND_ASSEMBLED_CONSUMER_AND_OPENAPI.log,NONE_FOR_ASSIGNED_ACCEPTANCE
CPF-V9-INITIAL-FULL-REVIEW-20260805-1952,DEVGPT-V9-S05,CPF-WP-BZA-APPROVAL-02-IMPLEMENTATION_CONSUMER,BZA-APPROVAL,IMPLEMENTATION_CONSUMER,P2,cpf-biz-admin,완료,완료,PASS_DIRECT,cpf-biz-admin/src/main/java/com/cpf/bizadmin/approval/controller; cpf-biz-admin/src/main/java/com/cpf/bizadmin/approval/service/BzaApprovalPolicyService.java; cpf-biz-admin/frontend/src/features/approval-inbox,BZA approval inbox/policy/submission/delegation pages → generated client → BZA approval controllers → BzaApprovalPolicyService/repository/audit,"기본 구현·실제 Consumer 연결: Interface/DTO/Marker가 아닌 안전한 기본 구현·Provider·AutoConfiguration·상태 저장을 제공한다. || Bean/Route/SQL/API/Frontend/Script를 실제 Product Consumer 호출 경로에 연결한다. || 설정 safe default, validation, capability detection, lifecycle start/stop와 resource cleanup을 구현한다. || Consumer 없는 추상화나 Sample-only 구현이면 완료하지 않고 실제 Consumer 연결 또는 통합/폐기 후보로 처리한다. | Actual source: cpf-biz-admin/src/main/java/com/cpf/bizadmin/approval/controller; cpf-biz-admin/src/main/java/com/cpf/bizadmin/approval/service/BzaApprovalPolicyService.java; cpf-biz-admin/frontend/src/features/approval-inbox | Consumer: BZA approval inbox/policy/submission/delegation pages → generated client → BZA approval controllers → BzaApprovalPolicyService/repository/audit | Verification: cpf-biz-admin/src/test/java/com/cpf/bizadmin/approval/service/BzaApprovalPolicyServiceIdempotencyTest.java; evidence/BZA_APPROVAL_IDEMPOTENCY_JAVA21_HARNESS.log; evidence/BZA_OPENAPI_VALIDATION.log | Result: PASS",DIRECT_PLUS_ALTERNATIVE,cpf-docs/work/current/CPF_DEVGPT_CONTROL_V9/_session_workspace/S05-R6/sessions/DEVGPT-V9-S05/evidence/atomic/BZA-APPROVAL.md; cpf-docs/work/current/CPF_DEVGPT_CONTROL_V9/_session_workspace/S05-R6/sessions/DEVGPT-V9-S05/evidence/CANONICAL_SOURCE_TRACE.csv; cpf-docs/work/current/CPF_DEVGPT_CONTROL_V9/_session_workspace/S05-R6/sessions/DEVGPT-V9-S05/evidence/SOURCE_PATH_EXISTENCE_AUDIT.csv; cpf-docs/work/current/CPF_DEVGPT_CONTROL_V9/_session_workspace/S05-R6/sessions/DEVGPT-V9-S05/evidence/REV006_BZA_APPROVAL_JAVA21.log; cpf-docs/work/current/CPF_DEVGPT_CONTROL_V9/_session_workspace/S05-R6/sessions/DEVGPT-V9-S05/evidence/REV006_FRONTEND_ASSEMBLED_CONSUMER_AND_OPENAPI.log,NONE_FOR_ASSIGNED_ACCEPTANCE
CPF-V9-INITIAL-FULL-REVIEW-20260805-1952,DEVGPT-V9-S05,CPF-WP-BZA-APPROVAL-03-VERIFICATION_EVIDENCE,BZA-APPROVAL,VERIFICATION_EVIDENCE,P2,cpf-biz-admin,완료,완료,PASS_DIRECT,cpf-biz-admin/src/main/java/com/cpf/bizadmin/approval/controller; cpf-biz-admin/src/main/java/com/cpf/bizadmin/approval/service/BzaApprovalPolicyService.java; cpf-biz-admin/frontend/src/features/approval-inbox,BZA approval inbox/policy/submission/delegation pages → generated client → BZA approval controllers → BzaApprovalPolicyService/repository/audit,"검증·Evidence·추적성: 연결 CPF-FR Requirement와 CPF-SC Scenario를 논리 원장에서 전수 추출해 이 Work Package에 매핑한다. || 목표 환경을 먼저 실제 실행하고, 불가능할 때 최대 대체검증과 남은 실제 Runtime 차이를 분리한다. || 각 Scenario에 Test Method·Assertion·실제 결과·Evidence를 개별 연결한다. || 명령, 환경/version, 시간, exit code, report/artifact hash, sanitization과 baseline/working-tree 상태를 기록한다. | Actual source: cpf-biz-admin/src/main/java/com/cpf/bizadmin/approval/controller; cpf-biz-admin/src/main/java/com/cpf/bizadmin/approval/service/BzaApprovalPolicyService.java; cpf-biz-admin/frontend/src/features/approval-inbox | Consumer: BZA approval inbox/policy/submission/delegation pages → generated client → BZA approval controllers → BzaApprovalPolicyService/repository/audit | Verification: cpf-biz-admin/src/test/java/com/cpf/bizadmin/approval/service/BzaApprovalPolicyServiceIdempotencyTest.java; evidence/BZA_APPROVAL_IDEMPOTENCY_JAVA21_HARNESS.log; evidence/BZA_OPENAPI_VALIDATION.log | Result: PASS",DIRECT_PLUS_ALTERNATIVE,cpf-docs/work/current/CPF_DEVGPT_CONTROL_V9/_session_workspace/S05-R6/sessions/DEVGPT-V9-S05/evidence/atomic/BZA-APPROVAL.md; cpf-docs/work/current/CPF_DEVGPT_CONTROL_V9/_session_workspace/S05-R6/sessions/DEVGPT-V9-S05/evidence/CANONICAL_SOURCE_TRACE.csv; cpf-docs/work/current/CPF_DEVGPT_CONTROL_V9/_session_workspace/S05-R6/sessions/DEVGPT-V9-S05/evidence/SOURCE_PATH_EXISTENCE_AUDIT.csv; cpf-docs/work/current/CPF_DEVGPT_CONTROL_V9/_session_workspace/S05-R6/sessions/DEVGPT-V9-S05/evidence/REV006_BZA_APPROVAL_JAVA21.log; cpf-docs/work/current/CPF_DEVGPT_CONTROL_V9/_session_workspace/S05-R6/sessions/DEVGPT-V9-S05/evidence/REV006_FRONTEND_ASSEMBLED_CONSUMER_AND_OPENAPI.log,NONE_FOR_ASSIGNED_ACCEPTANCE
CPF-V9-INITIAL-FULL-REVIEW-20260805-1952,DEVGPT-V9-S05,CPF-WP-BZA-APPROVAL-04-FAILURE_RECOVERY,BZA-APPROVAL,FAILURE_RECOVERY,P2,cpf-biz-admin,완료,완료,PASS_DIRECT,cpf-biz-admin/src/main/java/com/cpf/bizadmin/approval/controller; cpf-biz-admin/src/main/java/com/cpf/bizadmin/approval/service/BzaApprovalPolicyService.java; cpf-biz-admin/frontend/src/features/approval-inbox,BZA approval inbox/policy/submission/delegation pages → generated client → BZA approval controllers → BzaApprovalPolicyService/repository/audit,"오류·부분 실패·UNKNOWN·복구: 정상, invalid, timeout, cancellation, dependency failure, partial failure와 resource exhaustion을 구현한다. || side-effect 전/후, commit/send/ACK/response loss의 UNKNOWN을 구분하고 durable state에 기록한다. || Retry budget, idempotency, lease/fencing, restart/reclaim, reconcile/compensation/manual resolution을 적용한다. || 다중 JVM/process와 process-kill 이후 중복·stale writer·blind retry를 방지한다. | Actual source: cpf-biz-admin/src/main/java/com/cpf/bizadmin/approval/controller; cpf-biz-admin/src/main/java/com/cpf/bizadmin/approval/service/BzaApprovalPolicyService.java; cpf-biz-admin/frontend/src/features/approval-inbox | Consumer: BZA approval inbox/policy/submission/delegation pages → generated client → BZA approval controllers → BzaApprovalPolicyService/repository/audit | Verification: cpf-biz-admin/src/test/java/com/cpf/bizadmin/approval/service/BzaApprovalPolicyServiceIdempotencyTest.java; evidence/BZA_APPROVAL_IDEMPOTENCY_JAVA21_HARNESS.log; evidence/BZA_OPENAPI_VALIDATION.log | Result: PASS",DIRECT_PLUS_ALTERNATIVE,cpf-docs/work/current/CPF_DEVGPT_CONTROL_V9/_session_workspace/S05-R6/sessions/DEVGPT-V9-S05/evidence/atomic/BZA-APPROVAL.md; cpf-docs/work/current/CPF_DEVGPT_CONTROL_V9/_session_workspace/S05-R6/sessions/DEVGPT-V9-S05/evidence/CANONICAL_SOURCE_TRACE.csv; cpf-docs/work/current/CPF_DEVGPT_CONTROL_V9/_session_workspace/S05-R6/sessions/DEVGPT-V9-S05/evidence/SOURCE_PATH_EXISTENCE_AUDIT.csv; cpf-docs/work/current/CPF_DEVGPT_CONTROL_V9/_session_workspace/S05-R6/sessions/DEVGPT-V9-S05/evidence/REV006_BZA_APPROVAL_JAVA21.log; cpf-docs/work/current/CPF_DEVGPT_CONTROL_V9/_session_workspace/S05-R6/sessions/DEVGPT-V9-S05/evidence/REV006_FRONTEND_ASSEMBLED_CONSUMER_AND_OPENAPI.log,NONE_FOR_ASSIGNED_ACCEPTANCE
CPF-V9-INITIAL-FULL-REVIEW-20260805-1952,DEVGPT-V9-S05,CPF-WP-BZA-APPROVAL-05-OPERATIONS_SECURITY,BZA-APPROVAL,OPERATIONS_SECURITY,P2,cpf-biz-admin,완료,완료,PASS_ALTERNATIVE,cpf-biz-admin/src/main/java/com/cpf/bizadmin/approval/controller; cpf-biz-admin/src/main/java/com/cpf/bizadmin/approval/service/BzaApprovalPolicyService.java; cpf-biz-admin/frontend/src/features/approval-inbox,BZA approval inbox/policy/submission/delegation pages → generated client → BZA approval controllers → BzaApprovalPolicyService/repository/audit,"보안·승인·감사·운영: AuthN/AuthZ, object/property/function 권한, trust boundary, secure default와 입력/자원 한도를 적용한다. || Secret/PII/credential masking, raw access, download/export와 Evidence sanitization을 적용한다. || 조회·상태·오류·timeline·control·reason·approval·SoD·expiry·immutable audit를 제공한다. || Metric/alert/runbook와 자동복구 allowlist/attempt limit/rollback/escalation을 연결한다. | Actual source: cpf-biz-admin/src/main/java/com/cpf/bizadmin/approval/controller; cpf-biz-admin/src/main/java/com/cpf/bizadmin/approval/service/BzaApprovalPolicyService.java; cpf-biz-admin/frontend/src/features/approval-inbox | Consumer: BZA approval inbox/policy/submission/delegation pages → generated client → BZA approval controllers → BzaApprovalPolicyService/repository/audit | Verification: cpf-biz-admin/src/test/java/com/cpf/bizadmin/approval/service/BzaApprovalPolicyServiceIdempotencyTest.java; evidence/BZA_APPROVAL_IDEMPOTENCY_JAVA21_HARNESS.log; evidence/BZA_OPENAPI_VALIDATION.log | Result: PASS",ALTERNATIVE_SOURCE_TRACE,cpf-docs/work/current/CPF_DEVGPT_CONTROL_V9/_session_workspace/S05-R6/sessions/DEVGPT-V9-S05/evidence/atomic/BZA-APPROVAL.md; cpf-docs/work/current/CPF_DEVGPT_CONTROL_V9/_session_workspace/S05-R6/sessions/DEVGPT-V9-S05/evidence/CANONICAL_SOURCE_TRACE.csv; cpf-docs/work/current/CPF_DEVGPT_CONTROL_V9/_session_workspace/S05-R6/sessions/DEVGPT-V9-S05/evidence/SOURCE_PATH_EXISTENCE_AUDIT.csv; cpf-docs/work/current/CPF_DEVGPT_CONTROL_V9/_session_workspace/S05-R6/sessions/DEVGPT-V9-S05/evidence/REV006_BZA_APPROVAL_JAVA21.log; cpf-docs/work/current/CPF_DEVGPT_CONTROL_V9/_session_workspace/S05-R6/sessions/DEVGPT-V9-S05/evidence/REV006_FRONTEND_ASSEMBLED_CONSUMER_AND_OPENAPI.log,NONE_FOR_ASSIGNED_ACCEPTANCE
CPF-V9-INITIAL-FULL-REVIEW-20260805-1952,DEVGPT-V9-S05,CPF-WP-BZA-SEQUENCE-SAMPLE-01-REFERENCE_RUNTIME,BZA-SEQUENCE-SAMPLE,REFERENCE_RUNTIME,P2,cpf-biz-admin,완료,완료,PASS_DIRECT,cpf-biz-admin/src/main/java/com/cpf/bizadmin/sample/sequence/BzaSequenceSampleService.java,Customer BZA customization/test consumer → explicit BzaSequenceSampleService call → caller-owned persistence/transaction boundary; no default Bean/OpenAPI/frontend dependency by design,Reference 실제 Runtime: Sample/Reference가 제품 Public API와 Published Artifact를 실제 소비한다. || 별도 장난감 Contract나 Sample-only Engine을 만들지 않는다. || 정상·오류·권한·복구·운영 흐름을 실행 가능하게 제공한다. | Actual source: cpf-biz-admin/src/main/java/com/cpf/bizadmin/sample/sequence/BzaSequenceSampleService.java | Consumer: Customer BZA customization/test consumer → explicit BzaSequenceSampleService call → caller-owned persistence/transaction boundary; no default Bean/OpenAPI/frontend dependency by design | Verification: cpf-biz-admin/src/test/java/com/cpf/bizadmin/sample/sequence/BzaSequenceSampleServiceTest.java; evidence/BZA_SEQUENCE_SAMPLE_JAVA21_HARNESS.log | Result: PASS,DIRECT_PLUS_ALTERNATIVE,cpf-docs/work/current/CPF_DEVGPT_CONTROL_V9/_session_workspace/S05-R6/sessions/DEVGPT-V9-S05/evidence/atomic/BZA-SEQUENCE-SAMPLE.md; cpf-docs/work/current/CPF_DEVGPT_CONTROL_V9/_session_workspace/S05-R6/sessions/DEVGPT-V9-S05/evidence/CANONICAL_SOURCE_TRACE.csv; cpf-docs/work/current/CPF_DEVGPT_CONTROL_V9/_session_workspace/S05-R6/sessions/DEVGPT-V9-S05/evidence/SOURCE_PATH_EXISTENCE_AUDIT.csv; cpf-docs/work/current/CPF_DEVGPT_CONTROL_V9/_session_workspace/S05-R6/sessions/DEVGPT-V9-S05/evidence/REV006_BZA_SEQUENCE_JAVA21.log,NONE_FOR_ASSIGNED_ACCEPTANCE
CPF-V9-INITIAL-FULL-REVIEW-20260805-1952,DEVGPT-V9-S05,CPF-WP-BZA-SEQUENCE-SAMPLE-02-FAILURE_PARITY,BZA-SEQUENCE-SAMPLE,FAILURE_PARITY,P2,cpf-biz-admin,완료,완료,PASS_DIRECT,cpf-biz-admin/src/main/java/com/cpf/bizadmin/sample/sequence/BzaSequenceSampleService.java,Customer BZA customization/test consumer → explicit BzaSequenceSampleService call → caller-owned persistence/transaction boundary; no default Bean/OpenAPI/frontend dependency by design,"Reference 오류·복구 Parity: Reference가 제품 Runtime과 동일한 error taxonomy, retry/unknown/recovery와 audit를 사용한다. || Local/Remote 또는 provider profile 차이를 동일 업무 계약으로 검증한다. | Actual source: cpf-biz-admin/src/main/java/com/cpf/bizadmin/sample/sequence/BzaSequenceSampleService.java | Consumer: Customer BZA customization/test consumer → explicit BzaSequenceSampleService call → caller-owned persistence/transaction boundary; no default Bean/OpenAPI/frontend dependency by design | Verification: cpf-biz-admin/src/test/java/com/cpf/bizadmin/sample/sequence/BzaSequenceSampleServiceTest.java; evidence/BZA_SEQUENCE_SAMPLE_JAVA21_HARNESS.log | Result: PASS",DIRECT_PLUS_ALTERNATIVE,cpf-docs/work/current/CPF_DEVGPT_CONTROL_V9/_session_workspace/S05-R6/sessions/DEVGPT-V9-S05/evidence/atomic/BZA-SEQUENCE-SAMPLE.md; cpf-docs/work/current/CPF_DEVGPT_CONTROL_V9/_session_workspace/S05-R6/sessions/DEVGPT-V9-S05/evidence/CANONICAL_SOURCE_TRACE.csv; cpf-docs/work/current/CPF_DEVGPT_CONTROL_V9/_session_workspace/S05-R6/sessions/DEVGPT-V9-S05/evidence/SOURCE_PATH_EXISTENCE_AUDIT.csv; cpf-docs/work/current/CPF_DEVGPT_CONTROL_V9/_session_workspace/S05-R6/sessions/DEVGPT-V9-S05/evidence/REV006_BZA_SEQUENCE_JAVA21.log,NONE_FOR_ASSIGNED_ACCEPTANCE
CPF-V9-INITIAL-FULL-REVIEW-20260805-1952,DEVGPT-V9-S05,CPF-WP-BZA-SEQUENCE-SAMPLE-03-REGENERATION_EVIDENCE,BZA-SEQUENCE-SAMPLE,REGENERATION_EVIDENCE,P2,cpf-biz-admin,완료,완료,PASS_DIRECT,cpf-biz-admin/src/main/java/com/cpf/bizadmin/sample/sequence/BzaSequenceSampleService.java,Customer BZA customization/test consumer → explicit BzaSequenceSampleService call → caller-owned persistence/transaction boundary; no default Bean/OpenAPI/frontend dependency by design,Sample·Golden 재생성 Evidence: Generator 입력에서 Sample/Golden Domain을 재생성하고 normalized parity를 확인한다. || 사용자 영역과 교육 문서가 재생성 후 보존된다. | Actual source: cpf-biz-admin/src/main/java/com/cpf/bizadmin/sample/sequence/BzaSequenceSampleService.java | Consumer: Customer BZA customization/test consumer → explicit BzaSequenceSampleService call → caller-owned persistence/transaction boundary; no default Bean/OpenAPI/frontend dependency by design | Verification: cpf-biz-admin/src/test/java/com/cpf/bizadmin/sample/sequence/BzaSequenceSampleServiceTest.java; evidence/BZA_SEQUENCE_SAMPLE_JAVA21_HARNESS.log | Result: PASS,DIRECT_PLUS_ALTERNATIVE,cpf-docs/work/current/CPF_DEVGPT_CONTROL_V9/_session_workspace/S05-R6/sessions/DEVGPT-V9-S05/evidence/atomic/BZA-SEQUENCE-SAMPLE.md; cpf-docs/work/current/CPF_DEVGPT_CONTROL_V9/_session_workspace/S05-R6/sessions/DEVGPT-V9-S05/evidence/CANONICAL_SOURCE_TRACE.csv; cpf-docs/work/current/CPF_DEVGPT_CONTROL_V9/_session_workspace/S05-R6/sessions/DEVGPT-V9-S05/evidence/SOURCE_PATH_EXISTENCE_AUDIT.csv; cpf-docs/work/current/CPF_DEVGPT_CONTROL_V9/_session_workspace/S05-R6/sessions/DEVGPT-V9-S05/evidence/REV006_BZA_SEQUENCE_JAVA21.log,NONE_FOR_ASSIGNED_ACCEPTANCE
