requirement_id,requirement_title,priority,owner_module,owner_package,source_documents,canonical_requirement_ids,actual_consumer,acceptance_criteria,verification_method,record_type,requirement_level,parent_requirement_id,work_package_id,execution_phase_id,overall_status,development_status,verification_status,_part
CPF-FR-007809,,P1,cpf-admin control plane + runtime owner,com.cpf.admin,,OPS-CONFIG,모든 Runtime,플랫폼 운영자·SRE가 실제 제품 경로에서 기능 목적·업무 결과 기능을 사용할 때 runtime config catalog·schema·encryption·version·staged rollout·approval·dynamic apply·rollback·drift detection을 제공한다.의 결과와 상태·권한·Audit·복구 규칙이 일치해야 한다. Source/API/SQL/Test/Config/Frontend/Script와 exact-SHA Evidence가 연결돼야 한다.,PURPOSE Source trace + positive/negative test + 실제 Runtime/Browser/DB/Fault 적용 검증,REQUIREMENT,DETAILED_FUNCTION,CPF-RQ-000129,P07-OPS-OPS-CONFIG,P07,,재확인 필요,미검증,CPF_REQUIREMENT_MASTER_PART_005_CPF-FR-006466__CPF-FR-008079.csv
CPF-FR-007810,,P1,cpf-admin control plane + runtime owner,com.cpf.admin,,OPS-CONFIG,모든 Runtime,플랫폼 운영자·SRE가 실제 제품 경로에서 Owner·경계 기능을 사용할 때 runtime config catalog·schema·encryption·version·staged rollout·approval·dynamic apply·rollback·drift detection을 제공한다.의 결과와 상태·권한·Audit·복구 규칙이 일치해야 한다. Source/API/SQL/Test/Config/Frontend/Script와 exact-SHA Evidence가 연결돼야 한다.,OWNER Source trace + positive/negative test + 실제 Runtime/Browser/DB/Fault 적용 검증,REQUIREMENT,DETAILED_FUNCTION,CPF-RQ-000129,P07-OPS-OPS-CONFIG,P07,,재확인 필요,미검증,CPF_REQUIREMENT_MASTER_PART_005_CPF-FR-006466__CPF-FR-008079.csv
CPF-FR-007811,,P1,cpf-admin control plane + runtime owner,com.cpf.admin,,OPS-CONFIG,모든 Runtime,플랫폼 운영자·SRE가 실제 제품 경로에서 실제 Consumer 기능을 사용할 때 runtime config catalog·schema·encryption·version·staged rollout·approval·dynamic apply·rollback·drift detection을 제공한다.의 결과와 상태·권한·Audit·복구 규칙이 일치해야 한다. Source/API/SQL/Test/Config/Frontend/Script와 exact-SHA Evidence가 연결돼야 한다.,CONSUMER Source trace + positive/negative test + 실제 Runtime/Browser/DB/Fault 적용 검증,REQUIREMENT,DETAILED_FUNCTION,CPF-RQ-000129,P07-OPS-OPS-CONFIG,P07,,재확인 필요,미검증,CPF_REQUIREMENT_MASTER_PART_005_CPF-FR-006466__CPF-FR-008079.csv
CPF-FR-007812,,P1,cpf-admin control plane + runtime owner,com.cpf.admin,,OPS-CONFIG,모든 Runtime,플랫폼 운영자·SRE가 실제 제품 경로에서 Public API 기능을 사용할 때 runtime config catalog·schema·encryption·version·staged rollout·approval·dynamic apply·rollback·drift detection을 제공한다.의 결과와 상태·권한·Audit·복구 규칙이 일치해야 한다. Source/API/SQL/Test/Config/Frontend/Script와 exact-SHA Evidence가 연결돼야 한다.,PUBLIC_API Source trace + positive/negative test + 실제 Runtime/Browser/DB/Fault 적용 검증,REQUIREMENT,DETAILED_FUNCTION,CPF-RQ-000129,P07-OPS-OPS-CONFIG,P07,,재확인 필요,미검증,CPF_REQUIREMENT_MASTER_PART_005_CPF-FR-006466__CPF-FR-008079.csv
CPF-FR-007813,,P1,cpf-admin control plane + runtime owner,com.cpf.admin,,OPS-CONFIG,모든 Runtime,플랫폼 운영자·SRE가 실제 제품 경로에서 고객 확장 SPI 기능을 사용할 때 runtime config catalog·schema·encryption·version·staged rollout·approval·dynamic apply·rollback·drift detection을 제공한다.의 결과와 상태·권한·Audit·복구 규칙이 일치해야 한다. Source/API/SQL/Test/Config/Frontend/Script와 exact-SHA Evidence가 연결돼야 한다.,EXTENSION_SPI Source trace + positive/negative test + 실제 Runtime/Browser/DB/Fault 적용 검증,REQUIREMENT,DETAILED_FUNCTION,CPF-RQ-000129,P07-OPS-OPS-CONFIG,P07,,재확인 필요,미검증,CPF_REQUIREMENT_MASTER_PART_005_CPF-FR-006466__CPF-FR-008079.csv
CPF-FR-007814,,P1,cpf-admin control plane + runtime owner,com.cpf.admin,,OPS-CONFIG,모든 Runtime,플랫폼 운영자·SRE가 실제 제품 경로에서 Internal 구현 기능을 사용할 때 runtime config catalog·schema·encryption·version·staged rollout·approval·dynamic apply·rollback·drift detection을 제공한다.의 결과와 상태·권한·Audit·복구 규칙이 일치해야 한다. Source/API/SQL/Test/Config/Frontend/Script와 exact-SHA Evidence가 연결돼야 한다.,INTERNAL_IMPL Source trace + positive/negative test + 실제 Runtime/Browser/DB/Fault 적용 검증,REQUIREMENT,DETAILED_FUNCTION,CPF-RQ-000129,P07-OPS-OPS-CONFIG,P07,,재확인 필요,미검증,CPF_REQUIREMENT_MASTER_PART_005_CPF-FR-006466__CPF-FR-008079.csv
CPF-FR-007815,,P1,cpf-admin control plane + runtime owner,com.cpf.admin,,OPS-CONFIG,모든 Runtime,플랫폼 운영자·SRE가 실제 제품 경로에서 입력 계약 기능을 사용할 때 runtime config catalog·schema·encryption·version·staged rollout·approval·dynamic apply·rollback·drift detection을 제공한다.의 결과와 상태·권한·Audit·복구 규칙이 일치해야 한다. Source/API/SQL/Test/Config/Frontend/Script와 exact-SHA Evidence가 연결돼야 한다.,INPUT Source trace + positive/negative test + 실제 Runtime/Browser/DB/Fault 적용 검증,REQUIREMENT,DETAILED_FUNCTION,CPF-RQ-000129,P07-OPS-OPS-CONFIG,P07,,재확인 필요,미검증,CPF_REQUIREMENT_MASTER_PART_005_CPF-FR-006466__CPF-FR-008079.csv
CPF-FR-007816,,P1,cpf-admin control plane + runtime owner,com.cpf.admin,,OPS-CONFIG,모든 Runtime,플랫폼 운영자·SRE가 실제 제품 경로에서 출력 계약 기능을 사용할 때 runtime config catalog·schema·encryption·version·staged rollout·approval·dynamic apply·rollback·drift detection을 제공한다.의 결과와 상태·권한·Audit·복구 규칙이 일치해야 한다. Source/API/SQL/Test/Config/Frontend/Script와 exact-SHA Evidence가 연결돼야 한다.,OUTPUT Source trace + positive/negative test + 실제 Runtime/Browser/DB/Fault 적용 검증,REQUIREMENT,DETAILED_FUNCTION,CPF-RQ-000129,P07-OPS-OPS-CONFIG,P07,,재확인 필요,미검증,CPF_REQUIREMENT_MASTER_PART_005_CPF-FR-006466__CPF-FR-008079.csv
CPF-FR-007817,,P1,cpf-admin control plane + runtime owner,com.cpf.admin,,OPS-CONFIG,모든 Runtime,플랫폼 운영자·SRE가 실제 제품 경로에서 설정 계약 기능을 사용할 때 runtime config catalog·schema·encryption·version·staged rollout·approval·dynamic apply·rollback·drift detection을 제공한다.의 결과와 상태·권한·Audit·복구 규칙이 일치해야 한다. Source/API/SQL/Test/Config/Frontend/Script와 exact-SHA Evidence가 연결돼야 한다.,CONFIG Source trace + positive/negative test + 실제 Runtime/Browser/DB/Fault 적용 검증,REQUIREMENT,DETAILED_FUNCTION,CPF-RQ-000129,P07-OPS-OPS-CONFIG,P07,,재확인 필요,미검증,CPF_REQUIREMENT_MASTER_PART_005_CPF-FR-006466__CPF-FR-008079.csv
CPF-FR-007818,,P1,cpf-admin control plane + runtime owner,com.cpf.admin,,OPS-CONFIG,모든 Runtime,플랫폼 운영자·SRE가 실제 제품 경로에서 검증 기능을 사용할 때 runtime config catalog·schema·encryption·version·staged rollout·approval·dynamic apply·rollback·drift detection을 제공한다.의 결과와 상태·권한·Audit·복구 규칙이 일치해야 한다. Source/API/SQL/Test/Config/Frontend/Script와 exact-SHA Evidence가 연결돼야 한다.,VALIDATION Source trace + positive/negative test + 실제 Runtime/Browser/DB/Fault 적용 검증,REQUIREMENT,DETAILED_FUNCTION,CPF-RQ-000129,P07-OPS-OPS-CONFIG,P07,,재확인 필요,미검증,CPF_REQUIREMENT_MASTER_PART_005_CPF-FR-006466__CPF-FR-008079.csv
CPF-FR-007819,,P1,cpf-admin control plane + runtime owner,com.cpf.admin,,OPS-CONFIG,모든 Runtime,플랫폼 운영자·SRE가 실제 제품 경로에서 상태 Catalog 기능을 사용할 때 runtime config catalog·schema·encryption·version·staged rollout·approval·dynamic apply·rollback·drift detection을 제공한다.의 결과와 상태·권한·Audit·복구 규칙이 일치해야 한다. Source/API/SQL/Test/Config/Frontend/Script와 exact-SHA Evidence가 연결돼야 한다.,STATE Source trace + positive/negative test + 실제 Runtime/Browser/DB/Fault 적용 검증,REQUIREMENT,DETAILED_FUNCTION,CPF-RQ-000129,P07-OPS-OPS-CONFIG,P07,,재확인 필요,미검증,CPF_REQUIREMENT_MASTER_PART_005_CPF-FR-006466__CPF-FR-008079.csv
CPF-FR-007820,,P1,cpf-admin control plane + runtime owner,com.cpf.admin,,OPS-CONFIG,모든 Runtime,플랫폼 운영자·SRE가 실제 제품 경로에서 상태 전이 기능을 사용할 때 runtime config catalog·schema·encryption·version·staged rollout·approval·dynamic apply·rollback·drift detection을 제공한다.의 결과와 상태·권한·Audit·복구 규칙이 일치해야 한다. Source/API/SQL/Test/Config/Frontend/Script와 exact-SHA Evidence가 연결돼야 한다.,TRANSITION Source trace + positive/negative test + 실제 Runtime/Browser/DB/Fault 적용 검증,REQUIREMENT,DETAILED_FUNCTION,CPF-RQ-000129,P07-OPS-OPS-CONFIG,P07,,재확인 필요,미검증,CPF_REQUIREMENT_MASTER_PART_005_CPF-FR-006466__CPF-FR-008079.csv
CPF-FR-007821,,P1,cpf-admin control plane + runtime owner,com.cpf.admin,,OPS-CONFIG,모든 Runtime,플랫폼 운영자·SRE가 실제 제품 경로에서 명령 실행 기능을 사용할 때 runtime config catalog·schema·encryption·version·staged rollout·approval·dynamic apply·rollback·drift detection을 제공한다.의 결과와 상태·권한·Audit·복구 규칙이 일치해야 한다. Source/API/SQL/Test/Config/Frontend/Script와 exact-SHA Evidence가 연결돼야 한다.,COMMAND Source trace + positive/negative test + 실제 Runtime/Browser/DB/Fault 적용 검증,REQUIREMENT,DETAILED_FUNCTION,CPF-RQ-000129,P07-OPS-OPS-CONFIG,P07,,재확인 필요,미검증,CPF_REQUIREMENT_MASTER_PART_005_CPF-FR-006466__CPF-FR-008079.csv
CPF-FR-007822,,P1,cpf-admin control plane + runtime owner,com.cpf.admin,,OPS-CONFIG,모든 Runtime,플랫폼 운영자·SRE가 실제 제품 경로에서 조회·검색 기능을 사용할 때 runtime config catalog·schema·encryption·version·staged rollout·approval·dynamic apply·rollback·drift detection을 제공한다.의 결과와 상태·권한·Audit·복구 규칙이 일치해야 한다. Source/API/SQL/Test/Config/Frontend/Script와 exact-SHA Evidence가 연결돼야 한다.,QUERY Source trace + positive/negative test + 실제 Runtime/Browser/DB/Fault 적용 검증,REQUIREMENT,DETAILED_FUNCTION,CPF-RQ-000129,P07-OPS-OPS-CONFIG,P07,,재확인 필요,미검증,CPF_REQUIREMENT_MASTER_PART_005_CPF-FR-006466__CPF-FR-008079.csv
CPF-FR-007823,,P1,cpf-admin control plane + runtime owner,com.cpf.admin,,OPS-CONFIG,모든 Runtime,플랫폼 운영자·SRE가 실제 제품 경로에서 멱등성 기능을 사용할 때 runtime config catalog·schema·encryption·version·staged rollout·approval·dynamic apply·rollback·drift detection을 제공한다.의 결과와 상태·권한·Audit·복구 규칙이 일치해야 한다. Source/API/SQL/Test/Config/Frontend/Script와 exact-SHA Evidence가 연결돼야 한다.,IDEMPOTENCY Source trace + positive/negative test + 실제 Runtime/Browser/DB/Fault 적용 검증,REQUIREMENT,DETAILED_FUNCTION,CPF-RQ-000129,P07-OPS-OPS-CONFIG,P07,,재확인 필요,미검증,CPF_REQUIREMENT_MASTER_PART_005_CPF-FR-006466__CPF-FR-008079.csv
CPF-FR-007824,,P1,cpf-admin control plane + runtime owner,com.cpf.admin,,OPS-CONFIG,모든 Runtime,플랫폼 운영자·SRE가 실제 제품 경로에서 동시성 기능을 사용할 때 runtime config catalog·schema·encryption·version·staged rollout·approval·dynamic apply·rollback·drift detection을 제공한다.의 결과와 상태·권한·Audit·복구 규칙이 일치해야 한다. Source/API/SQL/Test/Config/Frontend/Script와 exact-SHA Evidence가 연결돼야 한다.,CONCURRENCY Source trace + positive/negative test + 실제 Runtime/Browser/DB/Fault 적용 검증,REQUIREMENT,DETAILED_FUNCTION,CPF-RQ-000129,P07-OPS-OPS-CONFIG,P07,,재확인 필요,미검증,CPF_REQUIREMENT_MASTER_PART_005_CPF-FR-006466__CPF-FR-008079.csv
CPF-FR-007825,,P1,cpf-admin control plane + runtime owner,com.cpf.admin,,OPS-CONFIG,모든 Runtime,플랫폼 운영자·SRE가 실제 제품 경로에서 Timeout Budget 기능을 사용할 때 runtime config catalog·schema·encryption·version·staged rollout·approval·dynamic apply·rollback·drift detection을 제공한다.의 결과와 상태·권한·Audit·복구 규칙이 일치해야 한다. Source/API/SQL/Test/Config/Frontend/Script와 exact-SHA Evidence가 연결돼야 한다.,DEADLINE Source trace + positive/negative test + 실제 Runtime/Browser/DB/Fault 적용 검증,REQUIREMENT,DETAILED_FUNCTION,CPF-RQ-000129,P07-OPS-OPS-CONFIG,P07,,재확인 필요,미검증,CPF_REQUIREMENT_MASTER_PART_005_CPF-FR-006466__CPF-FR-008079.csv
CPF-FR-007826,,P1,cpf-admin control plane + runtime owner,com.cpf.admin,,OPS-CONFIG,모든 Runtime,플랫폼 운영자·SRE가 실제 제품 경로에서 재시도 기능을 사용할 때 runtime config catalog·schema·encryption·version·staged rollout·approval·dynamic apply·rollback·drift detection을 제공한다.의 결과와 상태·권한·Audit·복구 규칙이 일치해야 한다. Source/API/SQL/Test/Config/Frontend/Script와 exact-SHA Evidence가 연결돼야 한다.,RETRY Source trace + positive/negative test + 실제 Runtime/Browser/DB/Fault 적용 검증,REQUIREMENT,DETAILED_FUNCTION,CPF-RQ-000129,P07-OPS-OPS-CONFIG,P07,,재확인 필요,미검증,CPF_REQUIREMENT_MASTER_PART_005_CPF-FR-006466__CPF-FR-008079.csv
CPF-FR-007827,,P1,cpf-admin control plane + runtime owner,com.cpf.admin,,OPS-CONFIG,모든 Runtime,플랫폼 운영자·SRE가 실제 제품 경로에서 Circuit·Bulkhead 기능을 사용할 때 runtime config catalog·schema·encryption·version·staged rollout·approval·dynamic apply·rollback·drift detection을 제공한다.의 결과와 상태·권한·Audit·복구 규칙이 일치해야 한다. Source/API/SQL/Test/Config/Frontend/Script와 exact-SHA Evidence가 연결돼야 한다.,CIRCUIT Source trace + positive/negative test + 실제 Runtime/Browser/DB/Fault 적용 검증,REQUIREMENT,DETAILED_FUNCTION,CPF-RQ-000129,P07-OPS-OPS-CONFIG,P07,,재확인 필요,미검증,CPF_REQUIREMENT_MASTER_PART_005_CPF-FR-006466__CPF-FR-008079.csv
CPF-FR-007828,,P1,cpf-admin control plane + runtime owner,com.cpf.admin,,OPS-CONFIG,모든 Runtime,플랫폼 운영자·SRE가 실제 제품 경로에서 결과 불명 기능을 사용할 때 runtime config catalog·schema·encryption·version·staged rollout·approval·dynamic apply·rollback·drift detection을 제공한다.의 결과와 상태·권한·Audit·복구 규칙이 일치해야 한다. Source/API/SQL/Test/Config/Frontend/Script와 exact-SHA Evidence가 연결돼야 한다.,UNKNOWN Source trace + positive/negative test + 실제 Runtime/Browser/DB/Fault 적용 검증,REQUIREMENT,DETAILED_FUNCTION,CPF-RQ-000129,P10-OPS-OPS-CONFIG,P10,,재확인 필요,미검증,CPF_REQUIREMENT_MASTER_PART_005_CPF-FR-006466__CPF-FR-008079.csv
CPF-FR-007829,,P1,cpf-admin control plane + runtime owner,com.cpf.admin,,OPS-CONFIG,모든 Runtime,플랫폼 운영자·SRE가 실제 제품 경로에서 대사 기능을 사용할 때 runtime config catalog·schema·encryption·version·staged rollout·approval·dynamic apply·rollback·drift detection을 제공한다.의 결과와 상태·권한·Audit·복구 규칙이 일치해야 한다. Source/API/SQL/Test/Config/Frontend/Script와 exact-SHA Evidence가 연결돼야 한다.,RECONCILE Source trace + positive/negative test + 실제 Runtime/Browser/DB/Fault 적용 검증,REQUIREMENT,DETAILED_FUNCTION,CPF-RQ-000129,P07-OPS-OPS-CONFIG,P07,,재확인 필요,미검증,CPF_REQUIREMENT_MASTER_PART_005_CPF-FR-006466__CPF-FR-008079.csv
CPF-FR-007830,,P1,cpf-admin control plane + runtime owner,com.cpf.admin,,OPS-CONFIG,모든 Runtime,플랫폼 운영자·SRE가 실제 제품 경로에서 복구 기능을 사용할 때 runtime config catalog·schema·encryption·version·staged rollout·approval·dynamic apply·rollback·drift detection을 제공한다.의 결과와 상태·권한·Audit·복구 규칙이 일치해야 한다. Source/API/SQL/Test/Config/Frontend/Script와 exact-SHA Evidence가 연결돼야 한다.,RECOVERY Source trace + positive/negative test + 실제 Runtime/Browser/DB/Fault 적용 검증,REQUIREMENT,DETAILED_FUNCTION,CPF-RQ-000129,P10-OPS-OPS-CONFIG,P10,,재확인 필요,미검증,CPF_REQUIREMENT_MASTER_PART_005_CPF-FR-006466__CPF-FR-008079.csv
CPF-FR-007831,,P1,cpf-admin control plane + runtime owner,com.cpf.admin,,OPS-CONFIG,모든 Runtime,플랫폼 운영자·SRE가 실제 제품 경로에서 보상 기능을 사용할 때 runtime config catalog·schema·encryption·version·staged rollout·approval·dynamic apply·rollback·drift detection을 제공한다.의 결과와 상태·권한·Audit·복구 규칙이 일치해야 한다. Source/API/SQL/Test/Config/Frontend/Script와 exact-SHA Evidence가 연결돼야 한다.,COMPENSATION Source trace + positive/negative test + 실제 Runtime/Browser/DB/Fault 적용 검증,REQUIREMENT,DETAILED_FUNCTION,CPF-RQ-000129,P07-OPS-OPS-CONFIG,P07,,재확인 필요,미검증,CPF_REQUIREMENT_MASTER_PART_005_CPF-FR-006466__CPF-FR-008079.csv
CPF-FR-007832,,P1,cpf-admin control plane + runtime owner,com.cpf.admin,,OPS-CONFIG,모든 Runtime,플랫폼 운영자·SRE가 실제 제품 경로에서 Rollback·Forward Recovery 기능을 사용할 때 runtime config catalog·schema·encryption·version·staged rollout·approval·dynamic apply·rollback·drift detection을 제공한다.의 결과와 상태·권한·Audit·복구 규칙이 일치해야 한다. Source/API/SQL/Test/Config/Frontend/Script와 exact-SHA Evidence가 연결돼야 한다.,ROLLBACK Source trace + positive/negative test + 실제 Runtime/Browser/DB/Fault 적용 검증,REQUIREMENT,DETAILED_FUNCTION,CPF-RQ-000129,P07-OPS-OPS-CONFIG,P07,,재확인 필요,미검증,CPF_REQUIREMENT_MASTER_PART_005_CPF-FR-006466__CPF-FR-008079.csv
CPF-FR-007833,,P1,cpf-admin control plane + runtime owner,com.cpf.admin,,OPS-CONFIG,모든 Runtime,플랫폼 운영자·SRE가 실제 제품 경로에서 다중 인스턴스 기능을 사용할 때 runtime config catalog·schema·encryption·version·staged rollout·approval·dynamic apply·rollback·drift detection을 제공한다.의 결과와 상태·권한·Audit·복구 규칙이 일치해야 한다. Source/API/SQL/Test/Config/Frontend/Script와 exact-SHA Evidence가 연결돼야 한다.,MULTI_INSTANCE Source trace + positive/negative test + 실제 Runtime/Browser/DB/Fault 적용 검증,REQUIREMENT,DETAILED_FUNCTION,CPF-RQ-000129,P10-OPS-OPS-CONFIG,P10,,재확인 필요,미검증,CPF_REQUIREMENT_MASTER_PART_005_CPF-FR-006466__CPF-FR-008079.csv
CPF-FR-007834,,P1,cpf-admin control plane + runtime owner,com.cpf.admin,,OPS-CONFIG,모든 Runtime,플랫폼 운영자·SRE가 실제 제품 경로에서 Local/Remote 동등성 기능을 사용할 때 runtime config catalog·schema·encryption·version·staged rollout·approval·dynamic apply·rollback·drift detection을 제공한다.의 결과와 상태·권한·Audit·복구 규칙이 일치해야 한다. Source/API/SQL/Test/Config/Frontend/Script와 exact-SHA Evidence가 연결돼야 한다.,LOCAL_REMOTE Source trace + positive/negative test + 실제 Runtime/Browser/DB/Fault 적용 검증,REQUIREMENT,DETAILED_FUNCTION,CPF-RQ-000129,P07-OPS-OPS-CONFIG,P07,,재확인 필요,미검증,CPF_REQUIREMENT_MASTER_PART_005_CPF-FR-006466__CPF-FR-008079.csv
CPF-FR-007835,,P1,cpf-admin control plane + runtime owner,com.cpf.admin,,OPS-CONFIG,모든 Runtime,플랫폼 운영자·SRE가 실제 제품 경로에서 혼합 버전 호환 기능을 사용할 때 runtime config catalog·schema·encryption·version·staged rollout·approval·dynamic apply·rollback·drift detection을 제공한다.의 결과와 상태·권한·Audit·복구 규칙이 일치해야 한다. Source/API/SQL/Test/Config/Frontend/Script와 exact-SHA Evidence가 연결돼야 한다.,MIXED_VERSION Source trace + positive/negative test + 실제 Runtime/Browser/DB/Fault 적용 검증,REQUIREMENT,DETAILED_FUNCTION,CPF-RQ-000129,P07-OPS-OPS-CONFIG,P07,,재확인 필요,미검증,CPF_REQUIREMENT_MASTER_PART_005_CPF-FR-006466__CPF-FR-008079.csv
CPF-FR-007836,,P1,cpf-admin control plane + runtime owner,com.cpf.admin,,OPS-CONFIG,모든 Runtime,플랫폼 운영자·SRE가 실제 제품 경로에서 인증 기능을 사용할 때 runtime config catalog·schema·encryption·version·staged rollout·approval·dynamic apply·rollback·drift detection을 제공한다.의 결과와 상태·권한·Audit·복구 규칙이 일치해야 한다. Source/API/SQL/Test/Config/Frontend/Script와 exact-SHA Evidence가 연결돼야 한다.,AUTHN Source trace + positive/negative test + 실제 Runtime/Browser/DB/Fault 적용 검증,REQUIREMENT,DETAILED_FUNCTION,CPF-RQ-000129,P07-OPS-OPS-CONFIG,P07,,재확인 필요,미검증,CPF_REQUIREMENT_MASTER_PART_005_CPF-FR-006466__CPF-FR-008079.csv
CPF-FR-007837,,P1,cpf-admin control plane + runtime owner,com.cpf.admin,,OPS-CONFIG,모든 Runtime,플랫폼 운영자·SRE가 실제 제품 경로에서 권한 기능을 사용할 때 runtime config catalog·schema·encryption·version·staged rollout·approval·dynamic apply·rollback·drift detection을 제공한다.의 결과와 상태·권한·Audit·복구 규칙이 일치해야 한다. Source/API/SQL/Test/Config/Frontend/Script와 exact-SHA Evidence가 연결돼야 한다.,AUTHZ Source trace + positive/negative test + 실제 Runtime/Browser/DB/Fault 적용 검증,REQUIREMENT,DETAILED_FUNCTION,CPF-RQ-000129,P07-OPS-OPS-CONFIG,P07,,재확인 필요,미검증,CPF_REQUIREMENT_MASTER_PART_005_CPF-FR-006466__CPF-FR-008079.csv
CPF-FR-007838,,P1,cpf-admin control plane + runtime owner,com.cpf.admin,,OPS-CONFIG,모든 Runtime,플랫폼 운영자·SRE가 실제 제품 경로에서 Data Scope 기능을 사용할 때 runtime config catalog·schema·encryption·version·staged rollout·approval·dynamic apply·rollback·drift detection을 제공한다.의 결과와 상태·권한·Audit·복구 규칙이 일치해야 한다. Source/API/SQL/Test/Config/Frontend/Script와 exact-SHA Evidence가 연결돼야 한다.,DATA_SCOPE Source trace + positive/negative test + 실제 Runtime/Browser/DB/Fault 적용 검증,REQUIREMENT,DETAILED_FUNCTION,CPF-RQ-000129,P07-OPS-OPS-CONFIG,P07,,재확인 필요,미검증,CPF_REQUIREMENT_MASTER_PART_005_CPF-FR-006466__CPF-FR-008079.csv
CPF-FR-007839,,P1,cpf-admin control plane + runtime owner,com.cpf.admin,,OPS-CONFIG,모든 Runtime,플랫폼 운영자·SRE가 실제 제품 경로에서 Masking·Privacy 기능을 사용할 때 runtime config catalog·schema·encryption·version·staged rollout·approval·dynamic apply·rollback·drift detection을 제공한다.의 결과와 상태·권한·Audit·복구 규칙이 일치해야 한다. Source/API/SQL/Test/Config/Frontend/Script와 exact-SHA Evidence가 연결돼야 한다.,MASKING Source trace + positive/negative test + 실제 Runtime/Browser/DB/Fault 적용 검증,REQUIREMENT,DETAILED_FUNCTION,CPF-RQ-000129,P07-OPS-OPS-CONFIG,P07,,재확인 필요,미검증,CPF_REQUIREMENT_MASTER_PART_005_CPF-FR-006466__CPF-FR-008079.csv
CPF-FR-007840,,P1,cpf-admin control plane + runtime owner,com.cpf.admin,,OPS-CONFIG,모든 Runtime,플랫폼 운영자·SRE가 실제 제품 경로에서 사유 기능을 사용할 때 runtime config catalog·schema·encryption·version·staged rollout·approval·dynamic apply·rollback·drift detection을 제공한다.의 결과와 상태·권한·Audit·복구 규칙이 일치해야 한다. Source/API/SQL/Test/Config/Frontend/Script와 exact-SHA Evidence가 연결돼야 한다.,REASON Source trace + positive/negative test + 실제 Runtime/Browser/DB/Fault 적용 검증,REQUIREMENT,DETAILED_FUNCTION,CPF-RQ-000129,P07-OPS-OPS-CONFIG,P07,,재확인 필요,미검증,CPF_REQUIREMENT_MASTER_PART_005_CPF-FR-006466__CPF-FR-008079.csv
CPF-FR-007841,,P1,cpf-admin control plane + runtime owner,com.cpf.admin,,OPS-CONFIG,모든 Runtime,플랫폼 운영자·SRE가 실제 제품 경로에서 승인 기능을 사용할 때 runtime config catalog·schema·encryption·version·staged rollout·approval·dynamic apply·rollback·drift detection을 제공한다.의 결과와 상태·권한·Audit·복구 규칙이 일치해야 한다. Source/API/SQL/Test/Config/Frontend/Script와 exact-SHA Evidence가 연결돼야 한다.,APPROVAL Source trace + positive/negative test + 실제 Runtime/Browser/DB/Fault 적용 검증,REQUIREMENT,DETAILED_FUNCTION,CPF-RQ-000129,P07-OPS-OPS-CONFIG,P07,,재확인 필요,미검증,CPF_REQUIREMENT_MASTER_PART_005_CPF-FR-006466__CPF-FR-008079.csv
CPF-FR-007842,,P1,cpf-admin control plane + runtime owner,com.cpf.admin,,OPS-CONFIG,모든 Runtime,플랫폼 운영자·SRE가 실제 제품 경로에서 감사 기능을 사용할 때 runtime config catalog·schema·encryption·version·staged rollout·approval·dynamic apply·rollback·drift detection을 제공한다.의 결과와 상태·권한·Audit·복구 규칙이 일치해야 한다. Source/API/SQL/Test/Config/Frontend/Script와 exact-SHA Evidence가 연결돼야 한다.,AUDIT Source trace + positive/negative test + 실제 Runtime/Browser/DB/Fault 적용 검증,REQUIREMENT,DETAILED_FUNCTION,CPF-RQ-000129,P07-OPS-OPS-CONFIG,P07,,재확인 필요,미검증,CPF_REQUIREMENT_MASTER_PART_005_CPF-FR-006466__CPF-FR-008079.csv
CPF-FR-007843,,P1,cpf-admin control plane + runtime owner,com.cpf.admin,,OPS-CONFIG,모든 Runtime,플랫폼 운영자·SRE가 실제 제품 경로에서 Log 기능을 사용할 때 runtime config catalog·schema·encryption·version·staged rollout·approval·dynamic apply·rollback·drift detection을 제공한다.의 결과와 상태·권한·Audit·복구 규칙이 일치해야 한다. Source/API/SQL/Test/Config/Frontend/Script와 exact-SHA Evidence가 연결돼야 한다.,LOG Source trace + positive/negative test + 실제 Runtime/Browser/DB/Fault 적용 검증,REQUIREMENT,DETAILED_FUNCTION,CPF-RQ-000129,P07-OPS-OPS-CONFIG,P07,,재확인 필요,미검증,CPF_REQUIREMENT_MASTER_PART_005_CPF-FR-006466__CPF-FR-008079.csv
CPF-FR-007844,,P1,cpf-admin control plane + runtime owner,com.cpf.admin,,OPS-CONFIG,모든 Runtime,플랫폼 운영자·SRE가 실제 제품 경로에서 Metric 기능을 사용할 때 runtime config catalog·schema·encryption·version·staged rollout·approval·dynamic apply·rollback·drift detection을 제공한다.의 결과와 상태·권한·Audit·복구 규칙이 일치해야 한다. Source/API/SQL/Test/Config/Frontend/Script와 exact-SHA Evidence가 연결돼야 한다.,METRIC Source trace + positive/negative test + 실제 Runtime/Browser/DB/Fault 적용 검증,REQUIREMENT,DETAILED_FUNCTION,CPF-RQ-000129,P07-OPS-OPS-CONFIG,P07,,재확인 필요,미검증,CPF_REQUIREMENT_MASTER_PART_005_CPF-FR-006466__CPF-FR-008079.csv
CPF-FR-007845,,P1,cpf-admin control plane + runtime owner,com.cpf.admin,,OPS-CONFIG,모든 Runtime,플랫폼 운영자·SRE가 실제 제품 경로에서 Trace 기능을 사용할 때 runtime config catalog·schema·encryption·version·staged rollout·approval·dynamic apply·rollback·drift detection을 제공한다.의 결과와 상태·권한·Audit·복구 규칙이 일치해야 한다. Source/API/SQL/Test/Config/Frontend/Script와 exact-SHA Evidence가 연결돼야 한다.,TRACE Source trace + positive/negative test + 실제 Runtime/Browser/DB/Fault 적용 검증,REQUIREMENT,DETAILED_FUNCTION,CPF-RQ-000129,P07-OPS-OPS-CONFIG,P07,,재확인 필요,미검증,CPF_REQUIREMENT_MASTER_PART_005_CPF-FR-006466__CPF-FR-008079.csv
CPF-FR-007846,,P1,cpf-admin control plane + runtime owner,com.cpf.admin,,OPS-CONFIG,모든 Runtime,플랫폼 운영자·SRE가 실제 제품 경로에서 Health·Readiness 기능을 사용할 때 runtime config catalog·schema·encryption·version·staged rollout·approval·dynamic apply·rollback·drift detection을 제공한다.의 결과와 상태·권한·Audit·복구 규칙이 일치해야 한다. Source/API/SQL/Test/Config/Frontend/Script와 exact-SHA Evidence가 연결돼야 한다.,HEALTH Source trace + positive/negative test + 실제 Runtime/Browser/DB/Fault 적용 검증,REQUIREMENT,DETAILED_FUNCTION,CPF-RQ-000129,P07-OPS-OPS-CONFIG,P07,,재확인 필요,미검증,CPF_REQUIREMENT_MASTER_PART_005_CPF-FR-006466__CPF-FR-008079.csv
CPF-FR-007847,,P1,cpf-admin control plane + runtime owner,com.cpf.admin,,OPS-CONFIG,모든 Runtime,플랫폼 운영자·SRE가 실제 제품 경로에서 Alert·Runbook 기능을 사용할 때 runtime config catalog·schema·encryption·version·staged rollout·approval·dynamic apply·rollback·drift detection을 제공한다.의 결과와 상태·권한·Audit·복구 규칙이 일치해야 한다. Source/API/SQL/Test/Config/Frontend/Script와 exact-SHA Evidence가 연결돼야 한다.,ALERT_RUNBOOK Source trace + positive/negative test + 실제 Runtime/Browser/DB/Fault 적용 검증,REQUIREMENT,DETAILED_FUNCTION,CPF-RQ-000129,P07-OPS-OPS-CONFIG,P07,,재확인 필요,미검증,CPF_REQUIREMENT_MASTER_PART_005_CPF-FR-006466__CPF-FR-008079.csv
CPF-FR-007848,,P1,cpf-admin control plane + runtime owner,com.cpf.admin,,OPS-CONFIG,모든 Runtime,플랫폼 운영자·SRE가 실제 제품 경로에서 Resource 상한 기능을 사용할 때 runtime config catalog·schema·encryption·version·staged rollout·approval·dynamic apply·rollback·drift detection을 제공한다.의 결과와 상태·권한·Audit·복구 규칙이 일치해야 한다. Source/API/SQL/Test/Config/Frontend/Script와 exact-SHA Evidence가 연결돼야 한다.,RESOURCE Source trace + positive/negative test + 실제 Runtime/Browser/DB/Fault 적용 검증,REQUIREMENT,DETAILED_FUNCTION,CPF-RQ-000129,P07-OPS-OPS-CONFIG,P07,,재확인 필요,미검증,CPF_REQUIREMENT_MASTER_PART_005_CPF-FR-006466__CPF-FR-008079.csv
CPF-FR-007849,,P1,cpf-admin control plane + runtime owner,com.cpf.admin,,OPS-CONFIG,모든 Runtime,플랫폼 운영자·SRE가 실제 제품 경로에서 DB Ownership 기능을 사용할 때 runtime config catalog·schema·encryption·version·staged rollout·approval·dynamic apply·rollback·drift detection을 제공한다.의 결과와 상태·권한·Audit·복구 규칙이 일치해야 한다. Source/API/SQL/Test/Config/Frontend/Script와 exact-SHA Evidence가 연결돼야 한다.,DB_OWNER Source trace + positive/negative test + 실제 Runtime/Browser/DB/Fault 적용 검증,REQUIREMENT,DETAILED_FUNCTION,CPF-RQ-000129,P07-OPS-OPS-CONFIG,P07,,재확인 필요,미검증,CPF_REQUIREMENT_MASTER_PART_005_CPF-FR-006466__CPF-FR-008079.csv
CPF-FR-007850,,P1,cpf-admin control plane + runtime owner,com.cpf.admin,,OPS-CONFIG,모든 Runtime,플랫폼 운영자·SRE가 실제 제품 경로에서 DB Schema 기능을 사용할 때 runtime config catalog·schema·encryption·version·staged rollout·approval·dynamic apply·rollback·drift detection을 제공한다.의 결과와 상태·권한·Audit·복구 규칙이 일치해야 한다. Source/API/SQL/Test/Config/Frontend/Script와 exact-SHA Evidence가 연결돼야 한다.,DB_SCHEMA Source trace + positive/negative test + 실제 Runtime/Browser/DB/Fault 적용 검증,REQUIREMENT,DETAILED_FUNCTION,CPF-RQ-000129,P07-OPS-OPS-CONFIG,P07,,재확인 필요,미검증,CPF_REQUIREMENT_MASTER_PART_005_CPF-FR-006466__CPF-FR-008079.csv
CPF-FR-007851,,P1,cpf-admin control plane + runtime owner,com.cpf.admin,,OPS-CONFIG,모든 Runtime,플랫폼 운영자·SRE가 실제 제품 경로에서 Runtime Query 기능을 사용할 때 runtime config catalog·schema·encryption·version·staged rollout·approval·dynamic apply·rollback·drift detection을 제공한다.의 결과와 상태·권한·Audit·복구 규칙이 일치해야 한다. Source/API/SQL/Test/Config/Frontend/Script와 exact-SHA Evidence가 연결돼야 한다.,DB_QUERY Source trace + positive/negative test + 실제 Runtime/Browser/DB/Fault 적용 검증,REQUIREMENT,DETAILED_FUNCTION,CPF-RQ-000129,P07-OPS-OPS-CONFIG,P07,,재확인 필요,미검증,CPF_REQUIREMENT_MASTER_PART_005_CPF-FR-006466__CPF-FR-008079.csv
CPF-FR-007852,,P1,cpf-admin control plane + runtime owner,com.cpf.admin,,OPS-CONFIG,모든 Runtime,플랫폼 운영자·SRE가 실제 제품 경로에서 Migration 기능을 사용할 때 runtime config catalog·schema·encryption·version·staged rollout·approval·dynamic apply·rollback·drift detection을 제공한다.의 결과와 상태·권한·Audit·복구 규칙이 일치해야 한다. Source/API/SQL/Test/Config/Frontend/Script와 exact-SHA Evidence가 연결돼야 한다.,DB_MIGRATION Source trace + positive/negative test + 실제 Runtime/Browser/DB/Fault 적용 검증,REQUIREMENT,DETAILED_FUNCTION,CPF-RQ-000129,P07-OPS-OPS-CONFIG,P07,,재확인 필요,미검증,CPF_REQUIREMENT_MASTER_PART_005_CPF-FR-006466__CPF-FR-008079.csv
CPF-FR-007853,,P1,cpf-admin control plane + runtime owner,com.cpf.admin,,OPS-CONFIG,모든 Runtime,플랫폼 운영자·SRE가 실제 제품 경로에서 DB Rollback 기능을 사용할 때 runtime config catalog·schema·encryption·version·staged rollout·approval·dynamic apply·rollback·drift detection을 제공한다.의 결과와 상태·권한·Audit·복구 규칙이 일치해야 한다. Source/API/SQL/Test/Config/Frontend/Script와 exact-SHA Evidence가 연결돼야 한다.,DB_ROLLBACK Source trace + positive/negative test + 실제 Runtime/Browser/DB/Fault 적용 검증,REQUIREMENT,DETAILED_FUNCTION,CPF-RQ-000129,P07-OPS-OPS-CONFIG,P07,,재확인 필요,미검증,CPF_REQUIREMENT_MASTER_PART_005_CPF-FR-006466__CPF-FR-008079.csv
CPF-FR-007854,,P1,cpf-admin control plane + runtime owner,com.cpf.admin,,OPS-CONFIG,모든 Runtime,플랫폼 운영자·SRE가 실제 제품 경로에서 3 Vendor 기능을 사용할 때 runtime config catalog·schema·encryption·version·staged rollout·approval·dynamic apply·rollback·drift detection을 제공한다.의 결과와 상태·권한·Audit·복구 규칙이 일치해야 한다. Source/API/SQL/Test/Config/Frontend/Script와 exact-SHA Evidence가 연결돼야 한다.,DB_VENDOR Source trace + positive/negative test + 실제 Runtime/Browser/DB/Fault 적용 검증,REQUIREMENT,DETAILED_FUNCTION,CPF-RQ-000129,P07-OPS-OPS-CONFIG,P07,,재확인 필요,미검증,CPF_REQUIREMENT_MASTER_PART_005_CPF-FR-006466__CPF-FR-008079.csv
CPF-FR-007855,,P1,cpf-admin control plane + runtime owner,com.cpf.admin,,OPS-CONFIG,모든 Runtime,플랫폼 운영자·SRE가 실제 제품 경로에서 API·OpenAPI 기능을 사용할 때 runtime config catalog·schema·encryption·version·staged rollout·approval·dynamic apply·rollback·drift detection을 제공한다.의 결과와 상태·권한·Audit·복구 규칙이 일치해야 한다. Source/API/SQL/Test/Config/Frontend/Script와 exact-SHA Evidence가 연결돼야 한다.,API_OPENAPI Source trace + positive/negative test + 실제 Runtime/Browser/DB/Fault 적용 검증,REQUIREMENT,DETAILED_FUNCTION,CPF-RQ-000129,P07-OPS-OPS-CONFIG,P07,,재확인 필요,미검증,CPF_REQUIREMENT_MASTER_PART_005_CPF-FR-006466__CPF-FR-008079.csv
CPF-FR-007856,,P1,cpf-admin control plane + runtime owner,com.cpf.admin,,OPS-CONFIG,모든 Runtime,플랫폼 운영자·SRE가 실제 제품 경로에서 Frontend 연결 기능을 사용할 때 runtime config catalog·schema·encryption·version·staged rollout·approval·dynamic apply·rollback·drift detection을 제공한다.의 결과와 상태·권한·Audit·복구 규칙이 일치해야 한다. Source/API/SQL/Test/Config/Frontend/Script와 exact-SHA Evidence가 연결돼야 한다.,FRONTEND Source trace + positive/negative test + 실제 Runtime/Browser/DB/Fault 적용 검증,REQUIREMENT,DETAILED_FUNCTION,CPF-RQ-000129,P07-OPS-OPS-CONFIG,P07,,재확인 필요,미검증,CPF_REQUIREMENT_MASTER_PART_005_CPF-FR-006466__CPF-FR-008079.csv
CPF-FR-007857,,P1,cpf-admin control plane + runtime owner,com.cpf.admin,,OPS-CONFIG,모든 Runtime,플랫폼 운영자·SRE가 실제 제품 경로에서 ADM 운영 기능 기능을 사용할 때 runtime config catalog·schema·encryption·version·staged rollout·approval·dynamic apply·rollback·drift detection을 제공한다.의 결과와 상태·권한·Audit·복구 규칙이 일치해야 한다. Source/API/SQL/Test/Config/Frontend/Script와 exact-SHA Evidence가 연결돼야 한다.,ADM_UI Source trace + positive/negative test + 실제 Runtime/Browser/DB/Fault 적용 검증,REQUIREMENT,DETAILED_FUNCTION,CPF-RQ-000129,P07-OPS-OPS-CONFIG,P07,,재확인 필요,미검증,CPF_REQUIREMENT_MASTER_PART_005_CPF-FR-006466__CPF-FR-008079.csv
CPF-FR-007858,,P1,cpf-admin control plane + runtime owner,com.cpf.admin,,OPS-CONFIG,모든 Runtime,플랫폼 운영자·SRE가 실제 제품 경로에서 BZA 업무 관리 기능을 사용할 때 runtime config catalog·schema·encryption·version·staged rollout·approval·dynamic apply·rollback·drift detection을 제공한다.의 결과와 상태·권한·Audit·복구 규칙이 일치해야 한다. Source/API/SQL/Test/Config/Frontend/Script와 exact-SHA Evidence가 연결돼야 한다.,BZA_UI Source trace + positive/negative test + 실제 Runtime/Browser/DB/Fault 적용 검증,REQUIREMENT,DETAILED_FUNCTION,CPF-RQ-000129,P07-OPS-OPS-CONFIG,P07,,재확인 필요,미검증,CPF_REQUIREMENT_MASTER_PART_005_CPF-FR-006466__CPF-FR-008079.csv
CPF-FR-007859,,P1,cpf-admin control plane + runtime owner,com.cpf.admin,,OPS-CONFIG,모든 Runtime,플랫폼 운영자·SRE가 실제 제품 경로에서 Generator 영향 기능을 사용할 때 runtime config catalog·schema·encryption·version·staged rollout·approval·dynamic apply·rollback·drift detection을 제공한다.의 결과와 상태·권한·Audit·복구 규칙이 일치해야 한다. Source/API/SQL/Test/Config/Frontend/Script와 exact-SHA Evidence가 연결돼야 한다.,GENERATOR Source trace + positive/negative test + 실제 Runtime/Browser/DB/Fault 적용 검증,REQUIREMENT,DETAILED_FUNCTION,CPF-RQ-000129,P07-OPS-OPS-CONFIG,P07,,재확인 필요,미검증,CPF_REQUIREMENT_MASTER_PART_005_CPF-FR-006466__CPF-FR-008079.csv
CPF-FR-007860,,P1,cpf-admin control plane + runtime owner,com.cpf.admin,,OPS-CONFIG,모든 Runtime,플랫폼 운영자·SRE가 실제 제품 경로에서 Sample·EDU 기능을 사용할 때 runtime config catalog·schema·encryption·version·staged rollout·approval·dynamic apply·rollback·drift detection을 제공한다.의 결과와 상태·권한·Audit·복구 규칙이 일치해야 한다. Source/API/SQL/Test/Config/Frontend/Script와 exact-SHA Evidence가 연결돼야 한다.,SAMPLE_EDU Source trace + positive/negative test + 실제 Runtime/Browser/DB/Fault 적용 검증,REQUIREMENT,DETAILED_FUNCTION,CPF-RQ-000129,P07-OPS-OPS-CONFIG,P07,,재확인 필요,미검증,CPF_REQUIREMENT_MASTER_PART_005_CPF-FR-006466__CPF-FR-008079.csv
CPF-FR-007861,,P1,cpf-admin control plane + runtime owner,com.cpf.admin,,OPS-CONFIG,모든 Runtime,플랫폼 운영자·SRE가 실제 제품 경로에서 JavaDoc·주석 기능을 사용할 때 runtime config catalog·schema·encryption·version·staged rollout·approval·dynamic apply·rollback·drift detection을 제공한다.의 결과와 상태·권한·Audit·복구 규칙이 일치해야 한다. Source/API/SQL/Test/Config/Frontend/Script와 exact-SHA Evidence가 연결돼야 한다.,JAVADOC Source trace + positive/negative test + 실제 Runtime/Browser/DB/Fault 적용 검증,REQUIREMENT,DETAILED_FUNCTION,CPF-RQ-000129,P07-OPS-OPS-CONFIG,P07,,재확인 필요,미검증,CPF_REQUIREMENT_MASTER_PART_005_CPF-FR-006466__CPF-FR-008079.csv
CPF-FR-007862,,P1,cpf-admin control plane + runtime owner,com.cpf.admin,,OPS-CONFIG,모든 Runtime,플랫폼 운영자·SRE가 실제 제품 경로에서 개발·운영 Guide 기능을 사용할 때 runtime config catalog·schema·encryption·version·staged rollout·approval·dynamic apply·rollback·drift detection을 제공한다.의 결과와 상태·권한·Audit·복구 규칙이 일치해야 한다. Source/API/SQL/Test/Config/Frontend/Script와 exact-SHA Evidence가 연결돼야 한다.,GUIDE Source trace + positive/negative test + 실제 Runtime/Browser/DB/Fault 적용 검증,REQUIREMENT,DETAILED_FUNCTION,CPF-RQ-000129,P07-OPS-OPS-CONFIG,P07,,재확인 필요,미검증,CPF_REQUIREMENT_MASTER_PART_005_CPF-FR-006466__CPF-FR-008079.csv
CPF-FR-007863,,P1,cpf-admin control plane + runtime owner,com.cpf.admin,,OPS-CONFIG,모든 Runtime,플랫폼 운영자·SRE가 실제 제품 경로에서 Unit Test 기능을 사용할 때 runtime config catalog·schema·encryption·version·staged rollout·approval·dynamic apply·rollback·drift detection을 제공한다.의 결과와 상태·권한·Audit·복구 규칙이 일치해야 한다. Source/API/SQL/Test/Config/Frontend/Script와 exact-SHA Evidence가 연결돼야 한다.,UNIT_TEST Source trace + positive/negative test + 실제 Runtime/Browser/DB/Fault 적용 검증,REQUIREMENT,DETAILED_FUNCTION,CPF-RQ-000129,P10-OPS-OPS-CONFIG,P10,,재확인 필요,미검증,CPF_REQUIREMENT_MASTER_PART_005_CPF-FR-006466__CPF-FR-008079.csv
CPF-FR-007864,,P1,cpf-admin control plane + runtime owner,com.cpf.admin,,OPS-CONFIG,모든 Runtime,플랫폼 운영자·SRE가 실제 제품 경로에서 Contract Test 기능을 사용할 때 runtime config catalog·schema·encryption·version·staged rollout·approval·dynamic apply·rollback·drift detection을 제공한다.의 결과와 상태·권한·Audit·복구 규칙이 일치해야 한다. Source/API/SQL/Test/Config/Frontend/Script와 exact-SHA Evidence가 연결돼야 한다.,CONTRACT_TEST Source trace + positive/negative test + 실제 Runtime/Browser/DB/Fault 적용 검증,REQUIREMENT,DETAILED_FUNCTION,CPF-RQ-000129,P10-OPS-OPS-CONFIG,P10,,재확인 필요,미검증,CPF_REQUIREMENT_MASTER_PART_005_CPF-FR-006466__CPF-FR-008079.csv
CPF-FR-007865,,P1,cpf-admin control plane + runtime owner,com.cpf.admin,,OPS-CONFIG,모든 Runtime,플랫폼 운영자·SRE가 실제 제품 경로에서 Integration Test 기능을 사용할 때 runtime config catalog·schema·encryption·version·staged rollout·approval·dynamic apply·rollback·drift detection을 제공한다.의 결과와 상태·권한·Audit·복구 규칙이 일치해야 한다. Source/API/SQL/Test/Config/Frontend/Script와 exact-SHA Evidence가 연결돼야 한다.,INTEGRATION_TEST Source trace + positive/negative test + 실제 Runtime/Browser/DB/Fault 적용 검증,REQUIREMENT,DETAILED_FUNCTION,CPF-RQ-000129,P10-OPS-OPS-CONFIG,P10,,재확인 필요,미검증,CPF_REQUIREMENT_MASTER_PART_005_CPF-FR-006466__CPF-FR-008079.csv
CPF-FR-007866,,P1,cpf-admin control plane + runtime owner,com.cpf.admin,,OPS-CONFIG,모든 Runtime,플랫폼 운영자·SRE가 실제 제품 경로에서 Runtime Test 기능을 사용할 때 runtime config catalog·schema·encryption·version·staged rollout·approval·dynamic apply·rollback·drift detection을 제공한다.의 결과와 상태·권한·Audit·복구 규칙이 일치해야 한다. Source/API/SQL/Test/Config/Frontend/Script와 exact-SHA Evidence가 연결돼야 한다.,RUNTIME_TEST Source trace + positive/negative test + 실제 Runtime/Browser/DB/Fault 적용 검증,REQUIREMENT,DETAILED_FUNCTION,CPF-RQ-000129,P10-OPS-OPS-CONFIG,P10,,재확인 필요,미검증,CPF_REQUIREMENT_MASTER_PART_005_CPF-FR-006466__CPF-FR-008079.csv
CPF-FR-007867,,P1,cpf-admin control plane + runtime owner,com.cpf.admin,,OPS-CONFIG,모든 Runtime,플랫폼 운영자·SRE가 실제 제품 경로에서 Fault Test 기능을 사용할 때 runtime config catalog·schema·encryption·version·staged rollout·approval·dynamic apply·rollback·drift detection을 제공한다.의 결과와 상태·권한·Audit·복구 규칙이 일치해야 한다. Source/API/SQL/Test/Config/Frontend/Script와 exact-SHA Evidence가 연결돼야 한다.,FAULT_TEST Source trace + positive/negative test + 실제 Runtime/Browser/DB/Fault 적용 검증,REQUIREMENT,DETAILED_FUNCTION,CPF-RQ-000129,P10-OPS-OPS-CONFIG,P10,,재확인 필요,미검증,CPF_REQUIREMENT_MASTER_PART_005_CPF-FR-006466__CPF-FR-008079.csv
CPF-FR-007868,,P1,cpf-admin control plane + runtime owner,com.cpf.admin,,OPS-CONFIG,모든 Runtime,플랫폼 운영자·SRE가 실제 제품 경로에서 Evidence 기능을 사용할 때 runtime config catalog·schema·encryption·version·staged rollout·approval·dynamic apply·rollback·drift detection을 제공한다.의 결과와 상태·권한·Audit·복구 규칙이 일치해야 한다. Source/API/SQL/Test/Config/Frontend/Script와 exact-SHA Evidence가 연결돼야 한다.,EVIDENCE Source trace + positive/negative test + 실제 Runtime/Browser/DB/Fault 적용 검증,REQUIREMENT,DETAILED_FUNCTION,CPF-RQ-000129,P10-OPS-OPS-CONFIG,P10,,재확인 필요,미검증,CPF_REQUIREMENT_MASTER_PART_005_CPF-FR-006466__CPF-FR-008079.csv
CPF-FR-007869,,P1,cpf-admin control plane + runtime owner,com.cpf.admin,,OPS-CONFIG,모든 Runtime,플랫폼 운영자·SRE가 실제 제품 경로에서 Hygiene 기능을 사용할 때 runtime config catalog·schema·encryption·version·staged rollout·approval·dynamic apply·rollback·drift detection을 제공한다.의 결과와 상태·권한·Audit·복구 규칙이 일치해야 한다. Source/API/SQL/Test/Config/Frontend/Script와 exact-SHA Evidence가 연결돼야 한다.,HYGIENE Source trace + positive/negative test + 실제 Runtime/Browser/DB/Fault 적용 검증,REQUIREMENT,DETAILED_FUNCTION,CPF-RQ-000129,P07-OPS-OPS-CONFIG,P07,,재확인 필요,미검증,CPF_REQUIREMENT_MASTER_PART_005_CPF-FR-006466__CPF-FR-008079.csv
CPF-FR-007870,,P1,cpf-admin control plane + runtime owner,com.cpf.admin,,OPS-DRIFT,모든 Runtime,플랫폼 운영자·SRE가 실제 제품 경로에서 기능 목적·업무 결과 기능을 사용할 때 Source/Artifact/Config/DB/Route/Permission/Runtime version의 desired-actual drift를 탐지·차단·복구한다.의 결과와 상태·권한·Audit·복구 규칙이 일치해야 한다. Source/API/SQL/Test/Config/Frontend/Script와 exact-SHA Evidence가 연결돼야 한다.,PURPOSE Source trace + positive/negative test + 실제 Runtime/Browser/DB/Fault 적용 검증,REQUIREMENT,DETAILED_FUNCTION,CPF-RQ-000130,P07-OPS-OPS-DRIFT,P07,,재확인 필요,미검증,CPF_REQUIREMENT_MASTER_PART_005_CPF-FR-006466__CPF-FR-008079.csv
CPF-FR-007871,,P1,cpf-admin control plane + runtime owner,com.cpf.admin,,OPS-DRIFT,모든 Runtime,플랫폼 운영자·SRE가 실제 제품 경로에서 Owner·경계 기능을 사용할 때 Source/Artifact/Config/DB/Route/Permission/Runtime version의 desired-actual drift를 탐지·차단·복구한다.의 결과와 상태·권한·Audit·복구 규칙이 일치해야 한다. Source/API/SQL/Test/Config/Frontend/Script와 exact-SHA Evidence가 연결돼야 한다.,OWNER Source trace + positive/negative test + 실제 Runtime/Browser/DB/Fault 적용 검증,REQUIREMENT,DETAILED_FUNCTION,CPF-RQ-000130,P07-OPS-OPS-DRIFT,P07,,재확인 필요,미검증,CPF_REQUIREMENT_MASTER_PART_005_CPF-FR-006466__CPF-FR-008079.csv
CPF-FR-007872,,P1,cpf-admin control plane + runtime owner,com.cpf.admin,,OPS-DRIFT,모든 Runtime,플랫폼 운영자·SRE가 실제 제품 경로에서 실제 Consumer 기능을 사용할 때 Source/Artifact/Config/DB/Route/Permission/Runtime version의 desired-actual drift를 탐지·차단·복구한다.의 결과와 상태·권한·Audit·복구 규칙이 일치해야 한다. Source/API/SQL/Test/Config/Frontend/Script와 exact-SHA Evidence가 연결돼야 한다.,CONSUMER Source trace + positive/negative test + 실제 Runtime/Browser/DB/Fault 적용 검증,REQUIREMENT,DETAILED_FUNCTION,CPF-RQ-000130,P07-OPS-OPS-DRIFT,P07,,재확인 필요,미검증,CPF_REQUIREMENT_MASTER_PART_005_CPF-FR-006466__CPF-FR-008079.csv
CPF-FR-007873,,P1,cpf-admin control plane + runtime owner,com.cpf.admin,,OPS-DRIFT,모든 Runtime,플랫폼 운영자·SRE가 실제 제품 경로에서 Public API 기능을 사용할 때 Source/Artifact/Config/DB/Route/Permission/Runtime version의 desired-actual drift를 탐지·차단·복구한다.의 결과와 상태·권한·Audit·복구 규칙이 일치해야 한다. Source/API/SQL/Test/Config/Frontend/Script와 exact-SHA Evidence가 연결돼야 한다.,PUBLIC_API Source trace + positive/negative test + 실제 Runtime/Browser/DB/Fault 적용 검증,REQUIREMENT,DETAILED_FUNCTION,CPF-RQ-000130,P07-OPS-OPS-DRIFT,P07,,재확인 필요,미검증,CPF_REQUIREMENT_MASTER_PART_005_CPF-FR-006466__CPF-FR-008079.csv
CPF-FR-007874,,P1,cpf-admin control plane + runtime owner,com.cpf.admin,,OPS-DRIFT,모든 Runtime,플랫폼 운영자·SRE가 실제 제품 경로에서 고객 확장 SPI 기능을 사용할 때 Source/Artifact/Config/DB/Route/Permission/Runtime version의 desired-actual drift를 탐지·차단·복구한다.의 결과와 상태·권한·Audit·복구 규칙이 일치해야 한다. Source/API/SQL/Test/Config/Frontend/Script와 exact-SHA Evidence가 연결돼야 한다.,EXTENSION_SPI Source trace + positive/negative test + 실제 Runtime/Browser/DB/Fault 적용 검증,REQUIREMENT,DETAILED_FUNCTION,CPF-RQ-000130,P07-OPS-OPS-DRIFT,P07,,재확인 필요,미검증,CPF_REQUIREMENT_MASTER_PART_005_CPF-FR-006466__CPF-FR-008079.csv
CPF-FR-007875,,P1,cpf-admin control plane + runtime owner,com.cpf.admin,,OPS-DRIFT,모든 Runtime,플랫폼 운영자·SRE가 실제 제품 경로에서 Internal 구현 기능을 사용할 때 Source/Artifact/Config/DB/Route/Permission/Runtime version의 desired-actual drift를 탐지·차단·복구한다.의 결과와 상태·권한·Audit·복구 규칙이 일치해야 한다. Source/API/SQL/Test/Config/Frontend/Script와 exact-SHA Evidence가 연결돼야 한다.,INTERNAL_IMPL Source trace + positive/negative test + 실제 Runtime/Browser/DB/Fault 적용 검증,REQUIREMENT,DETAILED_FUNCTION,CPF-RQ-000130,P07-OPS-OPS-DRIFT,P07,,재확인 필요,미검증,CPF_REQUIREMENT_MASTER_PART_005_CPF-FR-006466__CPF-FR-008079.csv
CPF-FR-007876,,P1,cpf-admin control plane + runtime owner,com.cpf.admin,,OPS-DRIFT,모든 Runtime,플랫폼 운영자·SRE가 실제 제품 경로에서 입력 계약 기능을 사용할 때 Source/Artifact/Config/DB/Route/Permission/Runtime version의 desired-actual drift를 탐지·차단·복구한다.의 결과와 상태·권한·Audit·복구 규칙이 일치해야 한다. Source/API/SQL/Test/Config/Frontend/Script와 exact-SHA Evidence가 연결돼야 한다.,INPUT Source trace + positive/negative test + 실제 Runtime/Browser/DB/Fault 적용 검증,REQUIREMENT,DETAILED_FUNCTION,CPF-RQ-000130,P07-OPS-OPS-DRIFT,P07,,재확인 필요,미검증,CPF_REQUIREMENT_MASTER_PART_005_CPF-FR-006466__CPF-FR-008079.csv
CPF-FR-007877,,P1,cpf-admin control plane + runtime owner,com.cpf.admin,,OPS-DRIFT,모든 Runtime,플랫폼 운영자·SRE가 실제 제품 경로에서 출력 계약 기능을 사용할 때 Source/Artifact/Config/DB/Route/Permission/Runtime version의 desired-actual drift를 탐지·차단·복구한다.의 결과와 상태·권한·Audit·복구 규칙이 일치해야 한다. Source/API/SQL/Test/Config/Frontend/Script와 exact-SHA Evidence가 연결돼야 한다.,OUTPUT Source trace + positive/negative test + 실제 Runtime/Browser/DB/Fault 적용 검증,REQUIREMENT,DETAILED_FUNCTION,CPF-RQ-000130,P07-OPS-OPS-DRIFT,P07,,재확인 필요,미검증,CPF_REQUIREMENT_MASTER_PART_005_CPF-FR-006466__CPF-FR-008079.csv
CPF-FR-007878,,P1,cpf-admin control plane + runtime owner,com.cpf.admin,,OPS-DRIFT,모든 Runtime,플랫폼 운영자·SRE가 실제 제품 경로에서 설정 계약 기능을 사용할 때 Source/Artifact/Config/DB/Route/Permission/Runtime version의 desired-actual drift를 탐지·차단·복구한다.의 결과와 상태·권한·Audit·복구 규칙이 일치해야 한다. Source/API/SQL/Test/Config/Frontend/Script와 exact-SHA Evidence가 연결돼야 한다.,CONFIG Source trace + positive/negative test + 실제 Runtime/Browser/DB/Fault 적용 검증,REQUIREMENT,DETAILED_FUNCTION,CPF-RQ-000130,P07-OPS-OPS-DRIFT,P07,,재확인 필요,미검증,CPF_REQUIREMENT_MASTER_PART_005_CPF-FR-006466__CPF-FR-008079.csv
CPF-FR-007879,,P1,cpf-admin control plane + runtime owner,com.cpf.admin,,OPS-DRIFT,모든 Runtime,플랫폼 운영자·SRE가 실제 제품 경로에서 검증 기능을 사용할 때 Source/Artifact/Config/DB/Route/Permission/Runtime version의 desired-actual drift를 탐지·차단·복구한다.의 결과와 상태·권한·Audit·복구 규칙이 일치해야 한다. Source/API/SQL/Test/Config/Frontend/Script와 exact-SHA Evidence가 연결돼야 한다.,VALIDATION Source trace + positive/negative test + 실제 Runtime/Browser/DB/Fault 적용 검증,REQUIREMENT,DETAILED_FUNCTION,CPF-RQ-000130,P07-OPS-OPS-DRIFT,P07,,재확인 필요,미검증,CPF_REQUIREMENT_MASTER_PART_005_CPF-FR-006466__CPF-FR-008079.csv
CPF-FR-007880,,P1,cpf-admin control plane + runtime owner,com.cpf.admin,,OPS-DRIFT,모든 Runtime,플랫폼 운영자·SRE가 실제 제품 경로에서 상태 Catalog 기능을 사용할 때 Source/Artifact/Config/DB/Route/Permission/Runtime version의 desired-actual drift를 탐지·차단·복구한다.의 결과와 상태·권한·Audit·복구 규칙이 일치해야 한다. Source/API/SQL/Test/Config/Frontend/Script와 exact-SHA Evidence가 연결돼야 한다.,STATE Source trace + positive/negative test + 실제 Runtime/Browser/DB/Fault 적용 검증,REQUIREMENT,DETAILED_FUNCTION,CPF-RQ-000130,P07-OPS-OPS-DRIFT,P07,,재확인 필요,미검증,CPF_REQUIREMENT_MASTER_PART_005_CPF-FR-006466__CPF-FR-008079.csv
CPF-FR-007881,,P1,cpf-admin control plane + runtime owner,com.cpf.admin,,OPS-DRIFT,모든 Runtime,플랫폼 운영자·SRE가 실제 제품 경로에서 상태 전이 기능을 사용할 때 Source/Artifact/Config/DB/Route/Permission/Runtime version의 desired-actual drift를 탐지·차단·복구한다.의 결과와 상태·권한·Audit·복구 규칙이 일치해야 한다. Source/API/SQL/Test/Config/Frontend/Script와 exact-SHA Evidence가 연결돼야 한다.,TRANSITION Source trace + positive/negative test + 실제 Runtime/Browser/DB/Fault 적용 검증,REQUIREMENT,DETAILED_FUNCTION,CPF-RQ-000130,P07-OPS-OPS-DRIFT,P07,,재확인 필요,미검증,CPF_REQUIREMENT_MASTER_PART_005_CPF-FR-006466__CPF-FR-008079.csv
CPF-FR-007882,,P1,cpf-admin control plane + runtime owner,com.cpf.admin,,OPS-DRIFT,모든 Runtime,플랫폼 운영자·SRE가 실제 제품 경로에서 명령 실행 기능을 사용할 때 Source/Artifact/Config/DB/Route/Permission/Runtime version의 desired-actual drift를 탐지·차단·복구한다.의 결과와 상태·권한·Audit·복구 규칙이 일치해야 한다. Source/API/SQL/Test/Config/Frontend/Script와 exact-SHA Evidence가 연결돼야 한다.,COMMAND Source trace + positive/negative test + 실제 Runtime/Browser/DB/Fault 적용 검증,REQUIREMENT,DETAILED_FUNCTION,CPF-RQ-000130,P07-OPS-OPS-DRIFT,P07,,재확인 필요,미검증,CPF_REQUIREMENT_MASTER_PART_005_CPF-FR-006466__CPF-FR-008079.csv
CPF-FR-007883,,P1,cpf-admin control plane + runtime owner,com.cpf.admin,,OPS-DRIFT,모든 Runtime,플랫폼 운영자·SRE가 실제 제품 경로에서 조회·검색 기능을 사용할 때 Source/Artifact/Config/DB/Route/Permission/Runtime version의 desired-actual drift를 탐지·차단·복구한다.의 결과와 상태·권한·Audit·복구 규칙이 일치해야 한다. Source/API/SQL/Test/Config/Frontend/Script와 exact-SHA Evidence가 연결돼야 한다.,QUERY Source trace + positive/negative test + 실제 Runtime/Browser/DB/Fault 적용 검증,REQUIREMENT,DETAILED_FUNCTION,CPF-RQ-000130,P07-OPS-OPS-DRIFT,P07,,재확인 필요,미검증,CPF_REQUIREMENT_MASTER_PART_005_CPF-FR-006466__CPF-FR-008079.csv
CPF-FR-007884,,P1,cpf-admin control plane + runtime owner,com.cpf.admin,,OPS-DRIFT,모든 Runtime,플랫폼 운영자·SRE가 실제 제품 경로에서 멱등성 기능을 사용할 때 Source/Artifact/Config/DB/Route/Permission/Runtime version의 desired-actual drift를 탐지·차단·복구한다.의 결과와 상태·권한·Audit·복구 규칙이 일치해야 한다. Source/API/SQL/Test/Config/Frontend/Script와 exact-SHA Evidence가 연결돼야 한다.,IDEMPOTENCY Source trace + positive/negative test + 실제 Runtime/Browser/DB/Fault 적용 검증,REQUIREMENT,DETAILED_FUNCTION,CPF-RQ-000130,P07-OPS-OPS-DRIFT,P07,,재확인 필요,미검증,CPF_REQUIREMENT_MASTER_PART_005_CPF-FR-006466__CPF-FR-008079.csv
CPF-FR-007885,,P1,cpf-admin control plane + runtime owner,com.cpf.admin,,OPS-DRIFT,모든 Runtime,플랫폼 운영자·SRE가 실제 제품 경로에서 동시성 기능을 사용할 때 Source/Artifact/Config/DB/Route/Permission/Runtime version의 desired-actual drift를 탐지·차단·복구한다.의 결과와 상태·권한·Audit·복구 규칙이 일치해야 한다. Source/API/SQL/Test/Config/Frontend/Script와 exact-SHA Evidence가 연결돼야 한다.,CONCURRENCY Source trace + positive/negative test + 실제 Runtime/Browser/DB/Fault 적용 검증,REQUIREMENT,DETAILED_FUNCTION,CPF-RQ-000130,P07-OPS-OPS-DRIFT,P07,,재확인 필요,미검증,CPF_REQUIREMENT_MASTER_PART_005_CPF-FR-006466__CPF-FR-008079.csv
CPF-FR-007886,,P1,cpf-admin control plane + runtime owner,com.cpf.admin,,OPS-DRIFT,모든 Runtime,플랫폼 운영자·SRE가 실제 제품 경로에서 Timeout Budget 기능을 사용할 때 Source/Artifact/Config/DB/Route/Permission/Runtime version의 desired-actual drift를 탐지·차단·복구한다.의 결과와 상태·권한·Audit·복구 규칙이 일치해야 한다. Source/API/SQL/Test/Config/Frontend/Script와 exact-SHA Evidence가 연결돼야 한다.,DEADLINE Source trace + positive/negative test + 실제 Runtime/Browser/DB/Fault 적용 검증,REQUIREMENT,DETAILED_FUNCTION,CPF-RQ-000130,P07-OPS-OPS-DRIFT,P07,,재확인 필요,미검증,CPF_REQUIREMENT_MASTER_PART_005_CPF-FR-006466__CPF-FR-008079.csv
CPF-FR-007887,,P1,cpf-admin control plane + runtime owner,com.cpf.admin,,OPS-DRIFT,모든 Runtime,플랫폼 운영자·SRE가 실제 제품 경로에서 재시도 기능을 사용할 때 Source/Artifact/Config/DB/Route/Permission/Runtime version의 desired-actual drift를 탐지·차단·복구한다.의 결과와 상태·권한·Audit·복구 규칙이 일치해야 한다. Source/API/SQL/Test/Config/Frontend/Script와 exact-SHA Evidence가 연결돼야 한다.,RETRY Source trace + positive/negative test + 실제 Runtime/Browser/DB/Fault 적용 검증,REQUIREMENT,DETAILED_FUNCTION,CPF-RQ-000130,P07-OPS-OPS-DRIFT,P07,,재확인 필요,미검증,CPF_REQUIREMENT_MASTER_PART_005_CPF-FR-006466__CPF-FR-008079.csv
CPF-FR-007888,,P1,cpf-admin control plane + runtime owner,com.cpf.admin,,OPS-DRIFT,모든 Runtime,플랫폼 운영자·SRE가 실제 제품 경로에서 Circuit·Bulkhead 기능을 사용할 때 Source/Artifact/Config/DB/Route/Permission/Runtime version의 desired-actual drift를 탐지·차단·복구한다.의 결과와 상태·권한·Audit·복구 규칙이 일치해야 한다. Source/API/SQL/Test/Config/Frontend/Script와 exact-SHA Evidence가 연결돼야 한다.,CIRCUIT Source trace + positive/negative test + 실제 Runtime/Browser/DB/Fault 적용 검증,REQUIREMENT,DETAILED_FUNCTION,CPF-RQ-000130,P07-OPS-OPS-DRIFT,P07,,재확인 필요,미검증,CPF_REQUIREMENT_MASTER_PART_005_CPF-FR-006466__CPF-FR-008079.csv
CPF-FR-007889,,P1,cpf-admin control plane + runtime owner,com.cpf.admin,,OPS-DRIFT,모든 Runtime,플랫폼 운영자·SRE가 실제 제품 경로에서 결과 불명 기능을 사용할 때 Source/Artifact/Config/DB/Route/Permission/Runtime version의 desired-actual drift를 탐지·차단·복구한다.의 결과와 상태·권한·Audit·복구 규칙이 일치해야 한다. Source/API/SQL/Test/Config/Frontend/Script와 exact-SHA Evidence가 연결돼야 한다.,UNKNOWN Source trace + positive/negative test + 실제 Runtime/Browser/DB/Fault 적용 검증,REQUIREMENT,DETAILED_FUNCTION,CPF-RQ-000130,P10-OPS-OPS-DRIFT,P10,,재확인 필요,미검증,CPF_REQUIREMENT_MASTER_PART_005_CPF-FR-006466__CPF-FR-008079.csv
CPF-FR-007890,,P1,cpf-admin control plane + runtime owner,com.cpf.admin,,OPS-DRIFT,모든 Runtime,플랫폼 운영자·SRE가 실제 제품 경로에서 대사 기능을 사용할 때 Source/Artifact/Config/DB/Route/Permission/Runtime version의 desired-actual drift를 탐지·차단·복구한다.의 결과와 상태·권한·Audit·복구 규칙이 일치해야 한다. Source/API/SQL/Test/Config/Frontend/Script와 exact-SHA Evidence가 연결돼야 한다.,RECONCILE Source trace + positive/negative test + 실제 Runtime/Browser/DB/Fault 적용 검증,REQUIREMENT,DETAILED_FUNCTION,CPF-RQ-000130,P07-OPS-OPS-DRIFT,P07,,재확인 필요,미검증,CPF_REQUIREMENT_MASTER_PART_005_CPF-FR-006466__CPF-FR-008079.csv
CPF-FR-007891,,P1,cpf-admin control plane + runtime owner,com.cpf.admin,,OPS-DRIFT,모든 Runtime,플랫폼 운영자·SRE가 실제 제품 경로에서 복구 기능을 사용할 때 Source/Artifact/Config/DB/Route/Permission/Runtime version의 desired-actual drift를 탐지·차단·복구한다.의 결과와 상태·권한·Audit·복구 규칙이 일치해야 한다. Source/API/SQL/Test/Config/Frontend/Script와 exact-SHA Evidence가 연결돼야 한다.,RECOVERY Source trace + positive/negative test + 실제 Runtime/Browser/DB/Fault 적용 검증,REQUIREMENT,DETAILED_FUNCTION,CPF-RQ-000130,P10-OPS-OPS-DRIFT,P10,,재확인 필요,미검증,CPF_REQUIREMENT_MASTER_PART_005_CPF-FR-006466__CPF-FR-008079.csv
CPF-FR-007892,,P1,cpf-admin control plane + runtime owner,com.cpf.admin,,OPS-DRIFT,모든 Runtime,플랫폼 운영자·SRE가 실제 제품 경로에서 보상 기능을 사용할 때 Source/Artifact/Config/DB/Route/Permission/Runtime version의 desired-actual drift를 탐지·차단·복구한다.의 결과와 상태·권한·Audit·복구 규칙이 일치해야 한다. Source/API/SQL/Test/Config/Frontend/Script와 exact-SHA Evidence가 연결돼야 한다.,COMPENSATION Source trace + positive/negative test + 실제 Runtime/Browser/DB/Fault 적용 검증,REQUIREMENT,DETAILED_FUNCTION,CPF-RQ-000130,P07-OPS-OPS-DRIFT,P07,,재확인 필요,미검증,CPF_REQUIREMENT_MASTER_PART_005_CPF-FR-006466__CPF-FR-008079.csv
CPF-FR-007893,,P1,cpf-admin control plane + runtime owner,com.cpf.admin,,OPS-DRIFT,모든 Runtime,플랫폼 운영자·SRE가 실제 제품 경로에서 Rollback·Forward Recovery 기능을 사용할 때 Source/Artifact/Config/DB/Route/Permission/Runtime version의 desired-actual drift를 탐지·차단·복구한다.의 결과와 상태·권한·Audit·복구 규칙이 일치해야 한다. Source/API/SQL/Test/Config/Frontend/Script와 exact-SHA Evidence가 연결돼야 한다.,ROLLBACK Source trace + positive/negative test + 실제 Runtime/Browser/DB/Fault 적용 검증,REQUIREMENT,DETAILED_FUNCTION,CPF-RQ-000130,P07-OPS-OPS-DRIFT,P07,,재확인 필요,미검증,CPF_REQUIREMENT_MASTER_PART_005_CPF-FR-006466__CPF-FR-008079.csv
CPF-FR-007894,,P1,cpf-admin control plane + runtime owner,com.cpf.admin,,OPS-DRIFT,모든 Runtime,플랫폼 운영자·SRE가 실제 제품 경로에서 다중 인스턴스 기능을 사용할 때 Source/Artifact/Config/DB/Route/Permission/Runtime version의 desired-actual drift를 탐지·차단·복구한다.의 결과와 상태·권한·Audit·복구 규칙이 일치해야 한다. Source/API/SQL/Test/Config/Frontend/Script와 exact-SHA Evidence가 연결돼야 한다.,MULTI_INSTANCE Source trace + positive/negative test + 실제 Runtime/Browser/DB/Fault 적용 검증,REQUIREMENT,DETAILED_FUNCTION,CPF-RQ-000130,P10-OPS-OPS-DRIFT,P10,,재확인 필요,미검증,CPF_REQUIREMENT_MASTER_PART_005_CPF-FR-006466__CPF-FR-008079.csv
CPF-FR-007895,,P1,cpf-admin control plane + runtime owner,com.cpf.admin,,OPS-DRIFT,모든 Runtime,플랫폼 운영자·SRE가 실제 제품 경로에서 Local/Remote 동등성 기능을 사용할 때 Source/Artifact/Config/DB/Route/Permission/Runtime version의 desired-actual drift를 탐지·차단·복구한다.의 결과와 상태·권한·Audit·복구 규칙이 일치해야 한다. Source/API/SQL/Test/Config/Frontend/Script와 exact-SHA Evidence가 연결돼야 한다.,LOCAL_REMOTE Source trace + positive/negative test + 실제 Runtime/Browser/DB/Fault 적용 검증,REQUIREMENT,DETAILED_FUNCTION,CPF-RQ-000130,P07-OPS-OPS-DRIFT,P07,,재확인 필요,미검증,CPF_REQUIREMENT_MASTER_PART_005_CPF-FR-006466__CPF-FR-008079.csv
CPF-FR-007896,,P1,cpf-admin control plane + runtime owner,com.cpf.admin,,OPS-DRIFT,모든 Runtime,플랫폼 운영자·SRE가 실제 제품 경로에서 혼합 버전 호환 기능을 사용할 때 Source/Artifact/Config/DB/Route/Permission/Runtime version의 desired-actual drift를 탐지·차단·복구한다.의 결과와 상태·권한·Audit·복구 규칙이 일치해야 한다. Source/API/SQL/Test/Config/Frontend/Script와 exact-SHA Evidence가 연결돼야 한다.,MIXED_VERSION Source trace + positive/negative test + 실제 Runtime/Browser/DB/Fault 적용 검증,REQUIREMENT,DETAILED_FUNCTION,CPF-RQ-000130,P07-OPS-OPS-DRIFT,P07,,재확인 필요,미검증,CPF_REQUIREMENT_MASTER_PART_005_CPF-FR-006466__CPF-FR-008079.csv
CPF-FR-007897,,P1,cpf-admin control plane + runtime owner,com.cpf.admin,,OPS-DRIFT,모든 Runtime,플랫폼 운영자·SRE가 실제 제품 경로에서 인증 기능을 사용할 때 Source/Artifact/Config/DB/Route/Permission/Runtime version의 desired-actual drift를 탐지·차단·복구한다.의 결과와 상태·권한·Audit·복구 규칙이 일치해야 한다. Source/API/SQL/Test/Config/Frontend/Script와 exact-SHA Evidence가 연결돼야 한다.,AUTHN Source trace + positive/negative test + 실제 Runtime/Browser/DB/Fault 적용 검증,REQUIREMENT,DETAILED_FUNCTION,CPF-RQ-000130,P07-OPS-OPS-DRIFT,P07,,재확인 필요,미검증,CPF_REQUIREMENT_MASTER_PART_005_CPF-FR-006466__CPF-FR-008079.csv
CPF-FR-007898,,P1,cpf-admin control plane + runtime owner,com.cpf.admin,,OPS-DRIFT,모든 Runtime,플랫폼 운영자·SRE가 실제 제품 경로에서 권한 기능을 사용할 때 Source/Artifact/Config/DB/Route/Permission/Runtime version의 desired-actual drift를 탐지·차단·복구한다.의 결과와 상태·권한·Audit·복구 규칙이 일치해야 한다. Source/API/SQL/Test/Config/Frontend/Script와 exact-SHA Evidence가 연결돼야 한다.,AUTHZ Source trace + positive/negative test + 실제 Runtime/Browser/DB/Fault 적용 검증,REQUIREMENT,DETAILED_FUNCTION,CPF-RQ-000130,P07-OPS-OPS-DRIFT,P07,,재확인 필요,미검증,CPF_REQUIREMENT_MASTER_PART_005_CPF-FR-006466__CPF-FR-008079.csv
CPF-FR-007899,,P1,cpf-admin control plane + runtime owner,com.cpf.admin,,OPS-DRIFT,모든 Runtime,플랫폼 운영자·SRE가 실제 제품 경로에서 Data Scope 기능을 사용할 때 Source/Artifact/Config/DB/Route/Permission/Runtime version의 desired-actual drift를 탐지·차단·복구한다.의 결과와 상태·권한·Audit·복구 규칙이 일치해야 한다. Source/API/SQL/Test/Config/Frontend/Script와 exact-SHA Evidence가 연결돼야 한다.,DATA_SCOPE Source trace + positive/negative test + 실제 Runtime/Browser/DB/Fault 적용 검증,REQUIREMENT,DETAILED_FUNCTION,CPF-RQ-000130,P07-OPS-OPS-DRIFT,P07,,재확인 필요,미검증,CPF_REQUIREMENT_MASTER_PART_005_CPF-FR-006466__CPF-FR-008079.csv
CPF-FR-007900,,P1,cpf-admin control plane + runtime owner,com.cpf.admin,,OPS-DRIFT,모든 Runtime,플랫폼 운영자·SRE가 실제 제품 경로에서 Masking·Privacy 기능을 사용할 때 Source/Artifact/Config/DB/Route/Permission/Runtime version의 desired-actual drift를 탐지·차단·복구한다.의 결과와 상태·권한·Audit·복구 규칙이 일치해야 한다. Source/API/SQL/Test/Config/Frontend/Script와 exact-SHA Evidence가 연결돼야 한다.,MASKING Source trace + positive/negative test + 실제 Runtime/Browser/DB/Fault 적용 검증,REQUIREMENT,DETAILED_FUNCTION,CPF-RQ-000130,P07-OPS-OPS-DRIFT,P07,,재확인 필요,미검증,CPF_REQUIREMENT_MASTER_PART_005_CPF-FR-006466__CPF-FR-008079.csv
CPF-FR-007901,,P1,cpf-admin control plane + runtime owner,com.cpf.admin,,OPS-DRIFT,모든 Runtime,플랫폼 운영자·SRE가 실제 제품 경로에서 사유 기능을 사용할 때 Source/Artifact/Config/DB/Route/Permission/Runtime version의 desired-actual drift를 탐지·차단·복구한다.의 결과와 상태·권한·Audit·복구 규칙이 일치해야 한다. Source/API/SQL/Test/Config/Frontend/Script와 exact-SHA Evidence가 연결돼야 한다.,REASON Source trace + positive/negative test + 실제 Runtime/Browser/DB/Fault 적용 검증,REQUIREMENT,DETAILED_FUNCTION,CPF-RQ-000130,P07-OPS-OPS-DRIFT,P07,,재확인 필요,미검증,CPF_REQUIREMENT_MASTER_PART_005_CPF-FR-006466__CPF-FR-008079.csv
CPF-FR-007902,,P1,cpf-admin control plane + runtime owner,com.cpf.admin,,OPS-DRIFT,모든 Runtime,플랫폼 운영자·SRE가 실제 제품 경로에서 승인 기능을 사용할 때 Source/Artifact/Config/DB/Route/Permission/Runtime version의 desired-actual drift를 탐지·차단·복구한다.의 결과와 상태·권한·Audit·복구 규칙이 일치해야 한다. Source/API/SQL/Test/Config/Frontend/Script와 exact-SHA Evidence가 연결돼야 한다.,APPROVAL Source trace + positive/negative test + 실제 Runtime/Browser/DB/Fault 적용 검증,REQUIREMENT,DETAILED_FUNCTION,CPF-RQ-000130,P07-OPS-OPS-DRIFT,P07,,재확인 필요,미검증,CPF_REQUIREMENT_MASTER_PART_005_CPF-FR-006466__CPF-FR-008079.csv
CPF-FR-007903,,P1,cpf-admin control plane + runtime owner,com.cpf.admin,,OPS-DRIFT,모든 Runtime,플랫폼 운영자·SRE가 실제 제품 경로에서 감사 기능을 사용할 때 Source/Artifact/Config/DB/Route/Permission/Runtime version의 desired-actual drift를 탐지·차단·복구한다.의 결과와 상태·권한·Audit·복구 규칙이 일치해야 한다. Source/API/SQL/Test/Config/Frontend/Script와 exact-SHA Evidence가 연결돼야 한다.,AUDIT Source trace + positive/negative test + 실제 Runtime/Browser/DB/Fault 적용 검증,REQUIREMENT,DETAILED_FUNCTION,CPF-RQ-000130,P07-OPS-OPS-DRIFT,P07,,재확인 필요,미검증,CPF_REQUIREMENT_MASTER_PART_005_CPF-FR-006466__CPF-FR-008079.csv
CPF-FR-007904,,P1,cpf-admin control plane + runtime owner,com.cpf.admin,,OPS-DRIFT,모든 Runtime,플랫폼 운영자·SRE가 실제 제품 경로에서 Log 기능을 사용할 때 Source/Artifact/Config/DB/Route/Permission/Runtime version의 desired-actual drift를 탐지·차단·복구한다.의 결과와 상태·권한·Audit·복구 규칙이 일치해야 한다. Source/API/SQL/Test/Config/Frontend/Script와 exact-SHA Evidence가 연결돼야 한다.,LOG Source trace + positive/negative test + 실제 Runtime/Browser/DB/Fault 적용 검증,REQUIREMENT,DETAILED_FUNCTION,CPF-RQ-000130,P07-OPS-OPS-DRIFT,P07,,재확인 필요,미검증,CPF_REQUIREMENT_MASTER_PART_005_CPF-FR-006466__CPF-FR-008079.csv
CPF-FR-007905,,P1,cpf-admin control plane + runtime owner,com.cpf.admin,,OPS-DRIFT,모든 Runtime,플랫폼 운영자·SRE가 실제 제품 경로에서 Metric 기능을 사용할 때 Source/Artifact/Config/DB/Route/Permission/Runtime version의 desired-actual drift를 탐지·차단·복구한다.의 결과와 상태·권한·Audit·복구 규칙이 일치해야 한다. Source/API/SQL/Test/Config/Frontend/Script와 exact-SHA Evidence가 연결돼야 한다.,METRIC Source trace + positive/negative test + 실제 Runtime/Browser/DB/Fault 적용 검증,REQUIREMENT,DETAILED_FUNCTION,CPF-RQ-000130,P07-OPS-OPS-DRIFT,P07,,재확인 필요,미검증,CPF_REQUIREMENT_MASTER_PART_005_CPF-FR-006466__CPF-FR-008079.csv
CPF-FR-007906,,P1,cpf-admin control plane + runtime owner,com.cpf.admin,,OPS-DRIFT,모든 Runtime,플랫폼 운영자·SRE가 실제 제품 경로에서 Trace 기능을 사용할 때 Source/Artifact/Config/DB/Route/Permission/Runtime version의 desired-actual drift를 탐지·차단·복구한다.의 결과와 상태·권한·Audit·복구 규칙이 일치해야 한다. Source/API/SQL/Test/Config/Frontend/Script와 exact-SHA Evidence가 연결돼야 한다.,TRACE Source trace + positive/negative test + 실제 Runtime/Browser/DB/Fault 적용 검증,REQUIREMENT,DETAILED_FUNCTION,CPF-RQ-000130,P07-OPS-OPS-DRIFT,P07,,재확인 필요,미검증,CPF_REQUIREMENT_MASTER_PART_005_CPF-FR-006466__CPF-FR-008079.csv
CPF-FR-007907,,P1,cpf-admin control plane + runtime owner,com.cpf.admin,,OPS-DRIFT,모든 Runtime,플랫폼 운영자·SRE가 실제 제품 경로에서 Health·Readiness 기능을 사용할 때 Source/Artifact/Config/DB/Route/Permission/Runtime version의 desired-actual drift를 탐지·차단·복구한다.의 결과와 상태·권한·Audit·복구 규칙이 일치해야 한다. Source/API/SQL/Test/Config/Frontend/Script와 exact-SHA Evidence가 연결돼야 한다.,HEALTH Source trace + positive/negative test + 실제 Runtime/Browser/DB/Fault 적용 검증,REQUIREMENT,DETAILED_FUNCTION,CPF-RQ-000130,P07-OPS-OPS-DRIFT,P07,,재확인 필요,미검증,CPF_REQUIREMENT_MASTER_PART_005_CPF-FR-006466__CPF-FR-008079.csv
CPF-FR-007908,,P1,cpf-admin control plane + runtime owner,com.cpf.admin,,OPS-DRIFT,모든 Runtime,플랫폼 운영자·SRE가 실제 제품 경로에서 Alert·Runbook 기능을 사용할 때 Source/Artifact/Config/DB/Route/Permission/Runtime version의 desired-actual drift를 탐지·차단·복구한다.의 결과와 상태·권한·Audit·복구 규칙이 일치해야 한다. Source/API/SQL/Test/Config/Frontend/Script와 exact-SHA Evidence가 연결돼야 한다.,ALERT_RUNBOOK Source trace + positive/negative test + 실제 Runtime/Browser/DB/Fault 적용 검증,REQUIREMENT,DETAILED_FUNCTION,CPF-RQ-000130,P07-OPS-OPS-DRIFT,P07,,재확인 필요,미검증,CPF_REQUIREMENT_MASTER_PART_005_CPF-FR-006466__CPF-FR-008079.csv
CPF-FR-007909,,P1,cpf-admin control plane + runtime owner,com.cpf.admin,,OPS-DRIFT,모든 Runtime,플랫폼 운영자·SRE가 실제 제품 경로에서 Resource 상한 기능을 사용할 때 Source/Artifact/Config/DB/Route/Permission/Runtime version의 desired-actual drift를 탐지·차단·복구한다.의 결과와 상태·권한·Audit·복구 규칙이 일치해야 한다. Source/API/SQL/Test/Config/Frontend/Script와 exact-SHA Evidence가 연결돼야 한다.,RESOURCE Source trace + positive/negative test + 실제 Runtime/Browser/DB/Fault 적용 검증,REQUIREMENT,DETAILED_FUNCTION,CPF-RQ-000130,P07-OPS-OPS-DRIFT,P07,,재확인 필요,미검증,CPF_REQUIREMENT_MASTER_PART_005_CPF-FR-006466__CPF-FR-008079.csv
CPF-FR-007910,,P1,cpf-admin control plane + runtime owner,com.cpf.admin,,OPS-DRIFT,모든 Runtime,플랫폼 운영자·SRE가 실제 제품 경로에서 DB Ownership 기능을 사용할 때 Source/Artifact/Config/DB/Route/Permission/Runtime version의 desired-actual drift를 탐지·차단·복구한다.의 결과와 상태·권한·Audit·복구 규칙이 일치해야 한다. Source/API/SQL/Test/Config/Frontend/Script와 exact-SHA Evidence가 연결돼야 한다.,DB_OWNER Source trace + positive/negative test + 실제 Runtime/Browser/DB/Fault 적용 검증,REQUIREMENT,DETAILED_FUNCTION,CPF-RQ-000130,P07-OPS-OPS-DRIFT,P07,,재확인 필요,미검증,CPF_REQUIREMENT_MASTER_PART_005_CPF-FR-006466__CPF-FR-008079.csv
CPF-FR-007911,,P1,cpf-admin control plane + runtime owner,com.cpf.admin,,OPS-DRIFT,모든 Runtime,플랫폼 운영자·SRE가 실제 제품 경로에서 DB Schema 기능을 사용할 때 Source/Artifact/Config/DB/Route/Permission/Runtime version의 desired-actual drift를 탐지·차단·복구한다.의 결과와 상태·권한·Audit·복구 규칙이 일치해야 한다. Source/API/SQL/Test/Config/Frontend/Script와 exact-SHA Evidence가 연결돼야 한다.,DB_SCHEMA Source trace + positive/negative test + 실제 Runtime/Browser/DB/Fault 적용 검증,REQUIREMENT,DETAILED_FUNCTION,CPF-RQ-000130,P07-OPS-OPS-DRIFT,P07,,재확인 필요,미검증,CPF_REQUIREMENT_MASTER_PART_005_CPF-FR-006466__CPF-FR-008079.csv
CPF-FR-007912,,P1,cpf-admin control plane + runtime owner,com.cpf.admin,,OPS-DRIFT,모든 Runtime,플랫폼 운영자·SRE가 실제 제품 경로에서 Runtime Query 기능을 사용할 때 Source/Artifact/Config/DB/Route/Permission/Runtime version의 desired-actual drift를 탐지·차단·복구한다.의 결과와 상태·권한·Audit·복구 규칙이 일치해야 한다. Source/API/SQL/Test/Config/Frontend/Script와 exact-SHA Evidence가 연결돼야 한다.,DB_QUERY Source trace + positive/negative test + 실제 Runtime/Browser/DB/Fault 적용 검증,REQUIREMENT,DETAILED_FUNCTION,CPF-RQ-000130,P07-OPS-OPS-DRIFT,P07,,재확인 필요,미검증,CPF_REQUIREMENT_MASTER_PART_005_CPF-FR-006466__CPF-FR-008079.csv
CPF-FR-007913,,P1,cpf-admin control plane + runtime owner,com.cpf.admin,,OPS-DRIFT,모든 Runtime,플랫폼 운영자·SRE가 실제 제품 경로에서 Migration 기능을 사용할 때 Source/Artifact/Config/DB/Route/Permission/Runtime version의 desired-actual drift를 탐지·차단·복구한다.의 결과와 상태·권한·Audit·복구 규칙이 일치해야 한다. Source/API/SQL/Test/Config/Frontend/Script와 exact-SHA Evidence가 연결돼야 한다.,DB_MIGRATION Source trace + positive/negative test + 실제 Runtime/Browser/DB/Fault 적용 검증,REQUIREMENT,DETAILED_FUNCTION,CPF-RQ-000130,P07-OPS-OPS-DRIFT,P07,,재확인 필요,미검증,CPF_REQUIREMENT_MASTER_PART_005_CPF-FR-006466__CPF-FR-008079.csv
CPF-FR-007914,,P1,cpf-admin control plane + runtime owner,com.cpf.admin,,OPS-DRIFT,모든 Runtime,플랫폼 운영자·SRE가 실제 제품 경로에서 DB Rollback 기능을 사용할 때 Source/Artifact/Config/DB/Route/Permission/Runtime version의 desired-actual drift를 탐지·차단·복구한다.의 결과와 상태·권한·Audit·복구 규칙이 일치해야 한다. Source/API/SQL/Test/Config/Frontend/Script와 exact-SHA Evidence가 연결돼야 한다.,DB_ROLLBACK Source trace + positive/negative test + 실제 Runtime/Browser/DB/Fault 적용 검증,REQUIREMENT,DETAILED_FUNCTION,CPF-RQ-000130,P07-OPS-OPS-DRIFT,P07,,재확인 필요,미검증,CPF_REQUIREMENT_MASTER_PART_005_CPF-FR-006466__CPF-FR-008079.csv
CPF-FR-007915,,P1,cpf-admin control plane + runtime owner,com.cpf.admin,,OPS-DRIFT,모든 Runtime,플랫폼 운영자·SRE가 실제 제품 경로에서 3 Vendor 기능을 사용할 때 Source/Artifact/Config/DB/Route/Permission/Runtime version의 desired-actual drift를 탐지·차단·복구한다.의 결과와 상태·권한·Audit·복구 규칙이 일치해야 한다. Source/API/SQL/Test/Config/Frontend/Script와 exact-SHA Evidence가 연결돼야 한다.,DB_VENDOR Source trace + positive/negative test + 실제 Runtime/Browser/DB/Fault 적용 검증,REQUIREMENT,DETAILED_FUNCTION,CPF-RQ-000130,P07-OPS-OPS-DRIFT,P07,,재확인 필요,미검증,CPF_REQUIREMENT_MASTER_PART_005_CPF-FR-006466__CPF-FR-008079.csv
CPF-FR-007916,,P1,cpf-admin control plane + runtime owner,com.cpf.admin,,OPS-DRIFT,모든 Runtime,플랫폼 운영자·SRE가 실제 제품 경로에서 API·OpenAPI 기능을 사용할 때 Source/Artifact/Config/DB/Route/Permission/Runtime version의 desired-actual drift를 탐지·차단·복구한다.의 결과와 상태·권한·Audit·복구 규칙이 일치해야 한다. Source/API/SQL/Test/Config/Frontend/Script와 exact-SHA Evidence가 연결돼야 한다.,API_OPENAPI Source trace + positive/negative test + 실제 Runtime/Browser/DB/Fault 적용 검증,REQUIREMENT,DETAILED_FUNCTION,CPF-RQ-000130,P07-OPS-OPS-DRIFT,P07,,재확인 필요,미검증,CPF_REQUIREMENT_MASTER_PART_005_CPF-FR-006466__CPF-FR-008079.csv
CPF-FR-007917,,P1,cpf-admin control plane + runtime owner,com.cpf.admin,,OPS-DRIFT,모든 Runtime,플랫폼 운영자·SRE가 실제 제품 경로에서 Frontend 연결 기능을 사용할 때 Source/Artifact/Config/DB/Route/Permission/Runtime version의 desired-actual drift를 탐지·차단·복구한다.의 결과와 상태·권한·Audit·복구 규칙이 일치해야 한다. Source/API/SQL/Test/Config/Frontend/Script와 exact-SHA Evidence가 연결돼야 한다.,FRONTEND Source trace + positive/negative test + 실제 Runtime/Browser/DB/Fault 적용 검증,REQUIREMENT,DETAILED_FUNCTION,CPF-RQ-000130,P07-OPS-OPS-DRIFT,P07,,재확인 필요,미검증,CPF_REQUIREMENT_MASTER_PART_005_CPF-FR-006466__CPF-FR-008079.csv
CPF-FR-007918,,P1,cpf-admin control plane + runtime owner,com.cpf.admin,,OPS-DRIFT,모든 Runtime,플랫폼 운영자·SRE가 실제 제품 경로에서 ADM 운영 기능 기능을 사용할 때 Source/Artifact/Config/DB/Route/Permission/Runtime version의 desired-actual drift를 탐지·차단·복구한다.의 결과와 상태·권한·Audit·복구 규칙이 일치해야 한다. Source/API/SQL/Test/Config/Frontend/Script와 exact-SHA Evidence가 연결돼야 한다.,ADM_UI Source trace + positive/negative test + 실제 Runtime/Browser/DB/Fault 적용 검증,REQUIREMENT,DETAILED_FUNCTION,CPF-RQ-000130,P07-OPS-OPS-DRIFT,P07,,재확인 필요,미검증,CPF_REQUIREMENT_MASTER_PART_005_CPF-FR-006466__CPF-FR-008079.csv
CPF-FR-007919,,P1,cpf-admin control plane + runtime owner,com.cpf.admin,,OPS-DRIFT,모든 Runtime,플랫폼 운영자·SRE가 실제 제품 경로에서 BZA 업무 관리 기능을 사용할 때 Source/Artifact/Config/DB/Route/Permission/Runtime version의 desired-actual drift를 탐지·차단·복구한다.의 결과와 상태·권한·Audit·복구 규칙이 일치해야 한다. Source/API/SQL/Test/Config/Frontend/Script와 exact-SHA Evidence가 연결돼야 한다.,BZA_UI Source trace + positive/negative test + 실제 Runtime/Browser/DB/Fault 적용 검증,REQUIREMENT,DETAILED_FUNCTION,CPF-RQ-000130,P07-OPS-OPS-DRIFT,P07,,재확인 필요,미검증,CPF_REQUIREMENT_MASTER_PART_005_CPF-FR-006466__CPF-FR-008079.csv
CPF-FR-007920,,P1,cpf-admin control plane + runtime owner,com.cpf.admin,,OPS-DRIFT,모든 Runtime,플랫폼 운영자·SRE가 실제 제품 경로에서 Generator 영향 기능을 사용할 때 Source/Artifact/Config/DB/Route/Permission/Runtime version의 desired-actual drift를 탐지·차단·복구한다.의 결과와 상태·권한·Audit·복구 규칙이 일치해야 한다. Source/API/SQL/Test/Config/Frontend/Script와 exact-SHA Evidence가 연결돼야 한다.,GENERATOR Source trace + positive/negative test + 실제 Runtime/Browser/DB/Fault 적용 검증,REQUIREMENT,DETAILED_FUNCTION,CPF-RQ-000130,P07-OPS-OPS-DRIFT,P07,,재확인 필요,미검증,CPF_REQUIREMENT_MASTER_PART_005_CPF-FR-006466__CPF-FR-008079.csv
CPF-FR-007921,,P1,cpf-admin control plane + runtime owner,com.cpf.admin,,OPS-DRIFT,모든 Runtime,플랫폼 운영자·SRE가 실제 제품 경로에서 Sample·EDU 기능을 사용할 때 Source/Artifact/Config/DB/Route/Permission/Runtime version의 desired-actual drift를 탐지·차단·복구한다.의 결과와 상태·권한·Audit·복구 규칙이 일치해야 한다. Source/API/SQL/Test/Config/Frontend/Script와 exact-SHA Evidence가 연결돼야 한다.,SAMPLE_EDU Source trace + positive/negative test + 실제 Runtime/Browser/DB/Fault 적용 검증,REQUIREMENT,DETAILED_FUNCTION,CPF-RQ-000130,P07-OPS-OPS-DRIFT,P07,,재확인 필요,미검증,CPF_REQUIREMENT_MASTER_PART_005_CPF-FR-006466__CPF-FR-008079.csv
CPF-FR-007922,,P1,cpf-admin control plane + runtime owner,com.cpf.admin,,OPS-DRIFT,모든 Runtime,플랫폼 운영자·SRE가 실제 제품 경로에서 JavaDoc·주석 기능을 사용할 때 Source/Artifact/Config/DB/Route/Permission/Runtime version의 desired-actual drift를 탐지·차단·복구한다.의 결과와 상태·권한·Audit·복구 규칙이 일치해야 한다. Source/API/SQL/Test/Config/Frontend/Script와 exact-SHA Evidence가 연결돼야 한다.,JAVADOC Source trace + positive/negative test + 실제 Runtime/Browser/DB/Fault 적용 검증,REQUIREMENT,DETAILED_FUNCTION,CPF-RQ-000130,P07-OPS-OPS-DRIFT,P07,,재확인 필요,미검증,CPF_REQUIREMENT_MASTER_PART_005_CPF-FR-006466__CPF-FR-008079.csv
CPF-FR-007923,,P1,cpf-admin control plane + runtime owner,com.cpf.admin,,OPS-DRIFT,모든 Runtime,플랫폼 운영자·SRE가 실제 제품 경로에서 개발·운영 Guide 기능을 사용할 때 Source/Artifact/Config/DB/Route/Permission/Runtime version의 desired-actual drift를 탐지·차단·복구한다.의 결과와 상태·권한·Audit·복구 규칙이 일치해야 한다. Source/API/SQL/Test/Config/Frontend/Script와 exact-SHA Evidence가 연결돼야 한다.,GUIDE Source trace + positive/negative test + 실제 Runtime/Browser/DB/Fault 적용 검증,REQUIREMENT,DETAILED_FUNCTION,CPF-RQ-000130,P07-OPS-OPS-DRIFT,P07,,재확인 필요,미검증,CPF_REQUIREMENT_MASTER_PART_005_CPF-FR-006466__CPF-FR-008079.csv
CPF-FR-007924,,P1,cpf-admin control plane + runtime owner,com.cpf.admin,,OPS-DRIFT,모든 Runtime,플랫폼 운영자·SRE가 실제 제품 경로에서 Unit Test 기능을 사용할 때 Source/Artifact/Config/DB/Route/Permission/Runtime version의 desired-actual drift를 탐지·차단·복구한다.의 결과와 상태·권한·Audit·복구 규칙이 일치해야 한다. Source/API/SQL/Test/Config/Frontend/Script와 exact-SHA Evidence가 연결돼야 한다.,UNIT_TEST Source trace + positive/negative test + 실제 Runtime/Browser/DB/Fault 적용 검증,REQUIREMENT,DETAILED_FUNCTION,CPF-RQ-000130,P10-OPS-OPS-DRIFT,P10,,재확인 필요,미검증,CPF_REQUIREMENT_MASTER_PART_005_CPF-FR-006466__CPF-FR-008079.csv
CPF-FR-007925,,P1,cpf-admin control plane + runtime owner,com.cpf.admin,,OPS-DRIFT,모든 Runtime,플랫폼 운영자·SRE가 실제 제품 경로에서 Contract Test 기능을 사용할 때 Source/Artifact/Config/DB/Route/Permission/Runtime version의 desired-actual drift를 탐지·차단·복구한다.의 결과와 상태·권한·Audit·복구 규칙이 일치해야 한다. Source/API/SQL/Test/Config/Frontend/Script와 exact-SHA Evidence가 연결돼야 한다.,CONTRACT_TEST Source trace + positive/negative test + 실제 Runtime/Browser/DB/Fault 적용 검증,REQUIREMENT,DETAILED_FUNCTION,CPF-RQ-000130,P10-OPS-OPS-DRIFT,P10,,재확인 필요,미검증,CPF_REQUIREMENT_MASTER_PART_005_CPF-FR-006466__CPF-FR-008079.csv
CPF-FR-007926,,P1,cpf-admin control plane + runtime owner,com.cpf.admin,,OPS-DRIFT,모든 Runtime,플랫폼 운영자·SRE가 실제 제품 경로에서 Integration Test 기능을 사용할 때 Source/Artifact/Config/DB/Route/Permission/Runtime version의 desired-actual drift를 탐지·차단·복구한다.의 결과와 상태·권한·Audit·복구 규칙이 일치해야 한다. Source/API/SQL/Test/Config/Frontend/Script와 exact-SHA Evidence가 연결돼야 한다.,INTEGRATION_TEST Source trace + positive/negative test + 실제 Runtime/Browser/DB/Fault 적용 검증,REQUIREMENT,DETAILED_FUNCTION,CPF-RQ-000130,P10-OPS-OPS-DRIFT,P10,,재확인 필요,미검증,CPF_REQUIREMENT_MASTER_PART_005_CPF-FR-006466__CPF-FR-008079.csv
CPF-FR-007927,,P1,cpf-admin control plane + runtime owner,com.cpf.admin,,OPS-DRIFT,모든 Runtime,플랫폼 운영자·SRE가 실제 제품 경로에서 Runtime Test 기능을 사용할 때 Source/Artifact/Config/DB/Route/Permission/Runtime version의 desired-actual drift를 탐지·차단·복구한다.의 결과와 상태·권한·Audit·복구 규칙이 일치해야 한다. Source/API/SQL/Test/Config/Frontend/Script와 exact-SHA Evidence가 연결돼야 한다.,RUNTIME_TEST Source trace + positive/negative test + 실제 Runtime/Browser/DB/Fault 적용 검증,REQUIREMENT,DETAILED_FUNCTION,CPF-RQ-000130,P10-OPS-OPS-DRIFT,P10,,재확인 필요,미검증,CPF_REQUIREMENT_MASTER_PART_005_CPF-FR-006466__CPF-FR-008079.csv
CPF-FR-007928,,P1,cpf-admin control plane + runtime owner,com.cpf.admin,,OPS-DRIFT,모든 Runtime,플랫폼 운영자·SRE가 실제 제품 경로에서 Fault Test 기능을 사용할 때 Source/Artifact/Config/DB/Route/Permission/Runtime version의 desired-actual drift를 탐지·차단·복구한다.의 결과와 상태·권한·Audit·복구 규칙이 일치해야 한다. Source/API/SQL/Test/Config/Frontend/Script와 exact-SHA Evidence가 연결돼야 한다.,FAULT_TEST Source trace + positive/negative test + 실제 Runtime/Browser/DB/Fault 적용 검증,REQUIREMENT,DETAILED_FUNCTION,CPF-RQ-000130,P10-OPS-OPS-DRIFT,P10,,재확인 필요,미검증,CPF_REQUIREMENT_MASTER_PART_005_CPF-FR-006466__CPF-FR-008079.csv
CPF-FR-007929,,P1,cpf-admin control plane + runtime owner,com.cpf.admin,,OPS-DRIFT,모든 Runtime,플랫폼 운영자·SRE가 실제 제품 경로에서 Evidence 기능을 사용할 때 Source/Artifact/Config/DB/Route/Permission/Runtime version의 desired-actual drift를 탐지·차단·복구한다.의 결과와 상태·권한·Audit·복구 규칙이 일치해야 한다. Source/API/SQL/Test/Config/Frontend/Script와 exact-SHA Evidence가 연결돼야 한다.,EVIDENCE Source trace + positive/negative test + 실제 Runtime/Browser/DB/Fault 적용 검증,REQUIREMENT,DETAILED_FUNCTION,CPF-RQ-000130,P10-OPS-OPS-DRIFT,P10,,재확인 필요,미검증,CPF_REQUIREMENT_MASTER_PART_005_CPF-FR-006466__CPF-FR-008079.csv
CPF-FR-007930,,P1,cpf-admin control plane + runtime owner,com.cpf.admin,,OPS-DRIFT,모든 Runtime,플랫폼 운영자·SRE가 실제 제품 경로에서 Hygiene 기능을 사용할 때 Source/Artifact/Config/DB/Route/Permission/Runtime version의 desired-actual drift를 탐지·차단·복구한다.의 결과와 상태·권한·Audit·복구 규칙이 일치해야 한다. Source/API/SQL/Test/Config/Frontend/Script와 exact-SHA Evidence가 연결돼야 한다.,HYGIENE Source trace + positive/negative test + 실제 Runtime/Browser/DB/Fault 적용 검증,REQUIREMENT,DETAILED_FUNCTION,CPF-RQ-000130,P07-OPS-OPS-DRIFT,P07,,재확인 필요,미검증,CPF_REQUIREMENT_MASTER_PART_005_CPF-FR-006466__CPF-FR-008079.csv
CPF-FR-017033,,P1,cpf-admin,com.cpf.admin,,OPS-DRIFT,플랫폼 운영자·보안관리자·감사자,System/Artifact Version의 화면 목적·Route·Menu가 실제 API·DB·권한·상태·Audit와 연결되고 정상·빈결과·권한부족·충돌·부분실패·세션만료에서 다음 행동을 알 수 있어야 한다. Browser build만 성공하거나 Mock/Raw JSON이면 실패다.,Route/Menu/API/Permission/DB parity + unit + Browser E2E + server authorization,REQUIREMENT,DETAILED_FUNCTION,UI-ADM-system-version,P09-ADM-UI-HOME,P09,,재확인 필요,미검증,CPF_REQUIREMENT_MASTER_PART_011_CPF-FR-016606__CPF-FR-018347.csv
CPF-FR-017034,,P1,cpf-admin,com.cpf.admin,,OPS-DRIFT,플랫폼 운영자·보안관리자·감사자,System/Artifact Version의 검색조건가 실제 API·DB·권한·상태·Audit와 연결되고 정상·빈결과·권한부족·충돌·부분실패·세션만료에서 다음 행동을 알 수 있어야 한다. Browser build만 성공하거나 Mock/Raw JSON이면 실패다.,Route/Menu/API/Permission/DB parity + unit + Browser E2E + server authorization,REQUIREMENT,DETAILED_FUNCTION,UI-ADM-system-version,P09-ADM-UI-HOME,P09,,재확인 필요,미검증,CPF_REQUIREMENT_MASTER_PART_011_CPF-FR-016606__CPF-FR-018347.csv
CPF-FR-017035,,P1,cpf-admin,com.cpf.admin,,OPS-DRIFT,플랫폼 운영자·보안관리자·감사자,System/Artifact Version의 Server Paging가 실제 API·DB·권한·상태·Audit와 연결되고 정상·빈결과·권한부족·충돌·부분실패·세션만료에서 다음 행동을 알 수 있어야 한다. Browser build만 성공하거나 Mock/Raw JSON이면 실패다.,Route/Menu/API/Permission/DB parity + unit + Browser E2E + server authorization,REQUIREMENT,DETAILED_FUNCTION,UI-ADM-system-version,P09-ADM-UI-HOME,P09,,재확인 필요,미검증,CPF_REQUIREMENT_MASTER_PART_011_CPF-FR-016606__CPF-FR-018347.csv
CPF-FR-017036,,P1,cpf-admin,com.cpf.admin,,OPS-DRIFT,플랫폼 운영자·보안관리자·감사자,System/Artifact Version의 목록 Column가 실제 API·DB·권한·상태·Audit와 연결되고 정상·빈결과·권한부족·충돌·부분실패·세션만료에서 다음 행동을 알 수 있어야 한다. Browser build만 성공하거나 Mock/Raw JSON이면 실패다.,Route/Menu/API/Permission/DB parity + unit + Browser E2E + server authorization,REQUIREMENT,DETAILED_FUNCTION,UI-ADM-system-version,P09-ADM-UI-HOME,P09,,재확인 필요,미검증,CPF_REQUIREMENT_MASTER_PART_011_CPF-FR-016606__CPF-FR-018347.csv
CPF-FR-017037,,P1,cpf-admin,com.cpf.admin,,OPS-DRIFT,플랫폼 운영자·보안관리자·감사자,System/Artifact Version의 상세가 실제 API·DB·권한·상태·Audit와 연결되고 정상·빈결과·권한부족·충돌·부분실패·세션만료에서 다음 행동을 알 수 있어야 한다. Browser build만 성공하거나 Mock/Raw JSON이면 실패다.,Route/Menu/API/Permission/DB parity + unit + Browser E2E + server authorization,REQUIREMENT,DETAILED_FUNCTION,UI-ADM-system-version,P09-ADM-UI-HOME,P09,,재확인 필요,미검증,CPF_REQUIREMENT_MASTER_PART_011_CPF-FR-016606__CPF-FR-018347.csv
CPF-FR-017038,,P1,cpf-admin,com.cpf.admin,,OPS-DRIFT,플랫폼 운영자·보안관리자·감사자,System/Artifact Version의 상태 UX가 실제 API·DB·권한·상태·Audit와 연결되고 정상·빈결과·권한부족·충돌·부분실패·세션만료에서 다음 행동을 알 수 있어야 한다. Browser build만 성공하거나 Mock/Raw JSON이면 실패다.,Route/Menu/API/Permission/DB parity + unit + Browser E2E + server authorization,REQUIREMENT,DETAILED_FUNCTION,UI-ADM-system-version,P09-ADM-UI-HOME,P09,,재확인 필요,미검증,CPF_REQUIREMENT_MASTER_PART_011_CPF-FR-016606__CPF-FR-018347.csv
CPF-FR-017039,,P0,cpf-admin,com.cpf.admin,,OPS-DRIFT,플랫폼 운영자·보안관리자·감사자,System/Artifact Version의 권한가 실제 API·DB·권한·상태·Audit와 연결되고 정상·빈결과·권한부족·충돌·부분실패·세션만료에서 다음 행동을 알 수 있어야 한다. Browser build만 성공하거나 Mock/Raw JSON이면 실패다.,Route/Menu/API/Permission/DB parity + unit + Browser E2E + server authorization,REQUIREMENT,DETAILED_FUNCTION,UI-ADM-system-version,P09-ADM-UI-HOME,P09,,재확인 필요,미검증,CPF_REQUIREMENT_MASTER_PART_011_CPF-FR-016606__CPF-FR-018347.csv
CPF-FR-017040,,P0,cpf-admin,com.cpf.admin,,OPS-DRIFT,플랫폼 운영자·보안관리자·감사자,System/Artifact Version의 PII·Secret가 실제 API·DB·권한·상태·Audit와 연결되고 정상·빈결과·권한부족·충돌·부분실패·세션만료에서 다음 행동을 알 수 있어야 한다. Browser build만 성공하거나 Mock/Raw JSON이면 실패다.,Route/Menu/API/Permission/DB parity + unit + Browser E2E + server authorization,REQUIREMENT,DETAILED_FUNCTION,UI-ADM-system-version,P09-ADM-UI-HOME,P09,,재확인 필요,미검증,CPF_REQUIREMENT_MASTER_PART_011_CPF-FR-016606__CPF-FR-018347.csv
CPF-FR-017041,,P0,cpf-admin,com.cpf.admin,,OPS-DRIFT,플랫폼 운영자·보안관리자·감사자,System/Artifact Version의 Audit·History가 실제 API·DB·권한·상태·Audit와 연결되고 정상·빈결과·권한부족·충돌·부분실패·세션만료에서 다음 행동을 알 수 있어야 한다. Browser build만 성공하거나 Mock/Raw JSON이면 실패다.,Route/Menu/API/Permission/DB parity + unit + Browser E2E + server authorization,REQUIREMENT,DETAILED_FUNCTION,UI-ADM-system-version,P09-ADM-UI-HOME,P09,,재확인 필요,미검증,CPF_REQUIREMENT_MASTER_PART_011_CPF-FR-016606__CPF-FR-018347.csv
CPF-FR-017042,,P1,cpf-admin,com.cpf.admin,,OPS-DRIFT,플랫폼 운영자·보안관리자·감사자,System/Artifact Version의 Deep Link가 실제 API·DB·권한·상태·Audit와 연결되고 정상·빈결과·권한부족·충돌·부분실패·세션만료에서 다음 행동을 알 수 있어야 한다. Browser build만 성공하거나 Mock/Raw JSON이면 실패다.,Route/Menu/API/Permission/DB parity + unit + Browser E2E + server authorization,REQUIREMENT,DETAILED_FUNCTION,UI-ADM-system-version,P09-ADM-UI-HOME,P09,,재확인 필요,미검증,CPF_REQUIREMENT_MASTER_PART_011_CPF-FR-016606__CPF-FR-018347.csv
CPF-FR-017043,,P1,cpf-admin,com.cpf.admin,,OPS-DRIFT,플랫폼 운영자·보안관리자·감사자,System/Artifact Version의 접근성가 실제 API·DB·권한·상태·Audit와 연결되고 정상·빈결과·권한부족·충돌·부분실패·세션만료에서 다음 행동을 알 수 있어야 한다. Browser build만 성공하거나 Mock/Raw JSON이면 실패다.,Route/Menu/API/Permission/DB parity + unit + Browser E2E + server authorization,REQUIREMENT,DETAILED_FUNCTION,UI-ADM-system-version,P09-ADM-UI-HOME,P09,,재확인 필요,미검증,CPF_REQUIREMENT_MASTER_PART_011_CPF-FR-016606__CPF-FR-018347.csv
CPF-FR-017044,,P1,cpf-admin,com.cpf.admin,,OPS-DRIFT,플랫폼 운영자·보안관리자·감사자,System/Artifact Version의 성능가 실제 API·DB·권한·상태·Audit와 연결되고 정상·빈결과·권한부족·충돌·부분실패·세션만료에서 다음 행동을 알 수 있어야 한다. Browser build만 성공하거나 Mock/Raw JSON이면 실패다.,Route/Menu/API/Permission/DB parity + unit + Browser E2E + server authorization,REQUIREMENT,DETAILED_FUNCTION,UI-ADM-system-version,P09-ADM-UI-HOME,P09,,재확인 필요,미검증,CPF_REQUIREMENT_MASTER_PART_011_CPF-FR-016606__CPF-FR-018347.csv
CPF-FR-017045,,P1,cpf-admin,com.cpf.admin,,OPS-DRIFT,플랫폼 운영자·보안관리자·감사자,System/Artifact Version의 API 정합가 실제 API·DB·권한·상태·Audit와 연결되고 정상·빈결과·권한부족·충돌·부분실패·세션만료에서 다음 행동을 알 수 있어야 한다. Browser build만 성공하거나 Mock/Raw JSON이면 실패다.,Route/Menu/API/Permission/DB parity + unit + Browser E2E + server authorization,REQUIREMENT,DETAILED_FUNCTION,UI-ADM-system-version,P09-ADM-UI-HOME,P09,,재확인 필요,미검증,CPF_REQUIREMENT_MASTER_PART_011_CPF-FR-016606__CPF-FR-018347.csv
CPF-FR-017046,,P1,cpf-admin,com.cpf.admin,,OPS-DRIFT,플랫폼 운영자·보안관리자·감사자,System/Artifact Version의 DB 정합가 실제 API·DB·권한·상태·Audit와 연결되고 정상·빈결과·권한부족·충돌·부분실패·세션만료에서 다음 행동을 알 수 있어야 한다. Browser build만 성공하거나 Mock/Raw JSON이면 실패다.,Route/Menu/API/Permission/DB parity + unit + Browser E2E + server authorization,REQUIREMENT,DETAILED_FUNCTION,UI-ADM-system-version,P09-ADM-UI-HOME,P09,,재확인 필요,미검증,CPF_REQUIREMENT_MASTER_PART_011_CPF-FR-016606__CPF-FR-018347.csv
CPF-FR-017047,,P0,cpf-admin,com.cpf.admin,,OPS-DRIFT,플랫폼 운영자·보안관리자·감사자,System/Artifact Version의 UI Evidence가 실제 API·DB·권한·상태·Audit와 연결되고 정상·빈결과·권한부족·충돌·부분실패·세션만료에서 다음 행동을 알 수 있어야 한다. Browser build만 성공하거나 Mock/Raw JSON이면 실패다.,Route/Menu/API/Permission/DB parity + unit + Browser E2E + server authorization,REQUIREMENT,DETAILED_FUNCTION,UI-ADM-system-version,P09-ADM-UI-HOME,P09,,재확인 필요,미검증,CPF_REQUIREMENT_MASTER_PART_011_CPF-FR-016606__CPF-FR-018347.csv
CPF-FR-017048,,P1,cpf-admin,com.cpf.admin,,OPS-DRIFT,플랫폼 운영자·보안관리자·감사자,System/Artifact Version의 대상 식별가 실제 API·DB·권한·상태·Audit와 연결되고 정상·빈결과·권한부족·충돌·부분실패·세션만료에서 다음 행동을 알 수 있어야 한다. Browser build만 성공하거나 Mock/Raw JSON이면 실패다.,Route/Menu/API/Permission/DB parity + unit + Browser E2E + server authorization,REQUIREMENT,DETAILED_FUNCTION,UI-ADM-system-version,P09-ADM-UI-HOME,P09,,재확인 필요,미검증,CPF_REQUIREMENT_MASTER_PART_011_CPF-FR-016606__CPF-FR-018347.csv
CPF-FR-017049,,P1,cpf-admin,com.cpf.admin,,OPS-DRIFT,플랫폼 운영자·보안관리자·감사자,System/Artifact Version의 연결 정보가 실제 API·DB·권한·상태·Audit와 연결되고 정상·빈결과·권한부족·충돌·부분실패·세션만료에서 다음 행동을 알 수 있어야 한다. Browser build만 성공하거나 Mock/Raw JSON이면 실패다.,Route/Menu/API/Permission/DB parity + unit + Browser E2E + server authorization,REQUIREMENT,DETAILED_FUNCTION,UI-ADM-system-version,P09-ADM-UI-HOME,P09,,재확인 필요,미검증,CPF_REQUIREMENT_MASTER_PART_011_CPF-FR-016606__CPF-FR-018347.csv
CPF-FR-017050,,P1,cpf-admin,com.cpf.admin,,OPS-DRIFT,플랫폼 운영자·보안관리자·감사자,System/Artifact Version의 Version Diff가 실제 API·DB·권한·상태·Audit와 연결되고 정상·빈결과·권한부족·충돌·부분실패·세션만료에서 다음 행동을 알 수 있어야 한다. Browser build만 성공하거나 Mock/Raw JSON이면 실패다.,Route/Menu/API/Permission/DB parity + unit + Browser E2E + server authorization,REQUIREMENT,DETAILED_FUNCTION,UI-ADM-system-version,P09-ADM-UI-HOME,P09,,재확인 필요,미검증,CPF_REQUIREMENT_MASTER_PART_011_CPF-FR-016606__CPF-FR-018347.csv
CPF-FR-017051,,P1,cpf-admin,com.cpf.admin,,OPS-DRIFT,플랫폼 운영자·보안관리자·감사자,System/Artifact Version의 안전한 이동가 실제 API·DB·권한·상태·Audit와 연결되고 정상·빈결과·권한부족·충돌·부분실패·세션만료에서 다음 행동을 알 수 있어야 한다. Browser build만 성공하거나 Mock/Raw JSON이면 실패다.,Route/Menu/API/Permission/DB parity + unit + Browser E2E + server authorization,REQUIREMENT,DETAILED_FUNCTION,UI-ADM-system-version,P09-ADM-UI-HOME,P09,,재확인 필요,미검증,CPF_REQUIREMENT_MASTER_PART_011_CPF-FR-016606__CPF-FR-018347.csv
CPF-FR-017269,,P0,cpf-admin,com.cpf.admin,,OPS-CONFIG,플랫폼 운영자·보안관리자·감사자,Target Snapshot Preview의 화면 목적·Route·Menu가 실제 API·DB·권한·상태·Audit와 연결되고 정상·빈결과·권한부족·충돌·부분실패·세션만료에서 다음 행동을 알 수 있어야 한다. Browser build만 성공하거나 Mock/Raw JSON이면 실패다.,Route/Menu/API/Permission/DB parity + unit + Browser E2E + server authorization,REQUIREMENT,DETAILED_FUNCTION,UI-ADM-target-preview,P09-ADM-UI-ONLINE,P09,,재확인 필요,미검증,CPF_REQUIREMENT_MASTER_PART_011_CPF-FR-016606__CPF-FR-018347.csv
CPF-FR-017270,,P0,cpf-admin,com.cpf.admin,,OPS-CONFIG,플랫폼 운영자·보안관리자·감사자,Target Snapshot Preview의 검색조건가 실제 API·DB·권한·상태·Audit와 연결되고 정상·빈결과·권한부족·충돌·부분실패·세션만료에서 다음 행동을 알 수 있어야 한다. Browser build만 성공하거나 Mock/Raw JSON이면 실패다.,Route/Menu/API/Permission/DB parity + unit + Browser E2E + server authorization,REQUIREMENT,DETAILED_FUNCTION,UI-ADM-target-preview,P09-ADM-UI-ONLINE,P09,,재확인 필요,미검증,CPF_REQUIREMENT_MASTER_PART_011_CPF-FR-016606__CPF-FR-018347.csv
CPF-FR-017271,,P0,cpf-admin,com.cpf.admin,,OPS-CONFIG,플랫폼 운영자·보안관리자·감사자,Target Snapshot Preview의 Server Paging가 실제 API·DB·권한·상태·Audit와 연결되고 정상·빈결과·권한부족·충돌·부분실패·세션만료에서 다음 행동을 알 수 있어야 한다. Browser build만 성공하거나 Mock/Raw JSON이면 실패다.,Route/Menu/API/Permission/DB parity + unit + Browser E2E + server authorization,REQUIREMENT,DETAILED_FUNCTION,UI-ADM-target-preview,P09-ADM-UI-ONLINE,P09,,재확인 필요,미검증,CPF_REQUIREMENT_MASTER_PART_011_CPF-FR-016606__CPF-FR-018347.csv
CPF-FR-017272,,P0,cpf-admin,com.cpf.admin,,OPS-CONFIG,플랫폼 운영자·보안관리자·감사자,Target Snapshot Preview의 목록 Column가 실제 API·DB·권한·상태·Audit와 연결되고 정상·빈결과·권한부족·충돌·부분실패·세션만료에서 다음 행동을 알 수 있어야 한다. Browser build만 성공하거나 Mock/Raw JSON이면 실패다.,Route/Menu/API/Permission/DB parity + unit + Browser E2E + server authorization,REQUIREMENT,DETAILED_FUNCTION,UI-ADM-target-preview,P09-ADM-UI-ONLINE,P09,,재확인 필요,미검증,CPF_REQUIREMENT_MASTER_PART_011_CPF-FR-016606__CPF-FR-018347.csv
CPF-FR-017273,,P0,cpf-admin,com.cpf.admin,,OPS-CONFIG,플랫폼 운영자·보안관리자·감사자,Target Snapshot Preview의 상세가 실제 API·DB·권한·상태·Audit와 연결되고 정상·빈결과·권한부족·충돌·부분실패·세션만료에서 다음 행동을 알 수 있어야 한다. Browser build만 성공하거나 Mock/Raw JSON이면 실패다.,Route/Menu/API/Permission/DB parity + unit + Browser E2E + server authorization,REQUIREMENT,DETAILED_FUNCTION,UI-ADM-target-preview,P09-ADM-UI-ONLINE,P09,,재확인 필요,미검증,CPF_REQUIREMENT_MASTER_PART_011_CPF-FR-016606__CPF-FR-018347.csv
CPF-FR-017274,,P0,cpf-admin,com.cpf.admin,,OPS-CONFIG,플랫폼 운영자·보안관리자·감사자,Target Snapshot Preview의 상태 UX가 실제 API·DB·권한·상태·Audit와 연결되고 정상·빈결과·권한부족·충돌·부분실패·세션만료에서 다음 행동을 알 수 있어야 한다. Browser build만 성공하거나 Mock/Raw JSON이면 실패다.,Route/Menu/API/Permission/DB parity + unit + Browser E2E + server authorization,REQUIREMENT,DETAILED_FUNCTION,UI-ADM-target-preview,P09-ADM-UI-ONLINE,P09,,재확인 필요,미검증,CPF_REQUIREMENT_MASTER_PART_011_CPF-FR-016606__CPF-FR-018347.csv
CPF-FR-017275,,P0,cpf-admin,com.cpf.admin,,OPS-CONFIG,플랫폼 운영자·보안관리자·감사자,Target Snapshot Preview의 권한가 실제 API·DB·권한·상태·Audit와 연결되고 정상·빈결과·권한부족·충돌·부분실패·세션만료에서 다음 행동을 알 수 있어야 한다. Browser build만 성공하거나 Mock/Raw JSON이면 실패다.,Route/Menu/API/Permission/DB parity + unit + Browser E2E + server authorization,REQUIREMENT,DETAILED_FUNCTION,UI-ADM-target-preview,P09-ADM-UI-ONLINE,P09,,재확인 필요,미검증,CPF_REQUIREMENT_MASTER_PART_011_CPF-FR-016606__CPF-FR-018347.csv
CPF-FR-017276,,P0,cpf-admin,com.cpf.admin,,OPS-CONFIG,플랫폼 운영자·보안관리자·감사자,Target Snapshot Preview의 PII·Secret가 실제 API·DB·권한·상태·Audit와 연결되고 정상·빈결과·권한부족·충돌·부분실패·세션만료에서 다음 행동을 알 수 있어야 한다. Browser build만 성공하거나 Mock/Raw JSON이면 실패다.,Route/Menu/API/Permission/DB parity + unit + Browser E2E + server authorization,REQUIREMENT,DETAILED_FUNCTION,UI-ADM-target-preview,P09-ADM-UI-ONLINE,P09,,재확인 필요,미검증,CPF_REQUIREMENT_MASTER_PART_011_CPF-FR-016606__CPF-FR-018347.csv
CPF-FR-017277,,P0,cpf-admin,com.cpf.admin,,OPS-CONFIG,플랫폼 운영자·보안관리자·감사자,Target Snapshot Preview의 Audit·History가 실제 API·DB·권한·상태·Audit와 연결되고 정상·빈결과·권한부족·충돌·부분실패·세션만료에서 다음 행동을 알 수 있어야 한다. Browser build만 성공하거나 Mock/Raw JSON이면 실패다.,Route/Menu/API/Permission/DB parity + unit + Browser E2E + server authorization,REQUIREMENT,DETAILED_FUNCTION,UI-ADM-target-preview,P09-ADM-UI-ONLINE,P09,,재확인 필요,미검증,CPF_REQUIREMENT_MASTER_PART_011_CPF-FR-016606__CPF-FR-018347.csv
CPF-FR-017278,,P0,cpf-admin,com.cpf.admin,,OPS-CONFIG,플랫폼 운영자·보안관리자·감사자,Target Snapshot Preview의 Deep Link가 실제 API·DB·권한·상태·Audit와 연결되고 정상·빈결과·권한부족·충돌·부분실패·세션만료에서 다음 행동을 알 수 있어야 한다. Browser build만 성공하거나 Mock/Raw JSON이면 실패다.,Route/Menu/API/Permission/DB parity + unit + Browser E2E + server authorization,REQUIREMENT,DETAILED_FUNCTION,UI-ADM-target-preview,P09-ADM-UI-ONLINE,P09,,재확인 필요,미검증,CPF_REQUIREMENT_MASTER_PART_011_CPF-FR-016606__CPF-FR-018347.csv
CPF-FR-017279,,P0,cpf-admin,com.cpf.admin,,OPS-CONFIG,플랫폼 운영자·보안관리자·감사자,Target Snapshot Preview의 접근성가 실제 API·DB·권한·상태·Audit와 연결되고 정상·빈결과·권한부족·충돌·부분실패·세션만료에서 다음 행동을 알 수 있어야 한다. Browser build만 성공하거나 Mock/Raw JSON이면 실패다.,Route/Menu/API/Permission/DB parity + unit + Browser E2E + server authorization,REQUIREMENT,DETAILED_FUNCTION,UI-ADM-target-preview,P09-ADM-UI-ONLINE,P09,,재확인 필요,미검증,CPF_REQUIREMENT_MASTER_PART_011_CPF-FR-016606__CPF-FR-018347.csv
CPF-FR-017280,,P0,cpf-admin,com.cpf.admin,,OPS-CONFIG,플랫폼 운영자·보안관리자·감사자,Target Snapshot Preview의 성능가 실제 API·DB·권한·상태·Audit와 연결되고 정상·빈결과·권한부족·충돌·부분실패·세션만료에서 다음 행동을 알 수 있어야 한다. Browser build만 성공하거나 Mock/Raw JSON이면 실패다.,Route/Menu/API/Permission/DB parity + unit + Browser E2E + server authorization,REQUIREMENT,DETAILED_FUNCTION,UI-ADM-target-preview,P09-ADM-UI-ONLINE,P09,,재확인 필요,미검증,CPF_REQUIREMENT_MASTER_PART_011_CPF-FR-016606__CPF-FR-018347.csv
CPF-FR-017281,,P0,cpf-admin,com.cpf.admin,,OPS-CONFIG,플랫폼 운영자·보안관리자·감사자,Target Snapshot Preview의 API 정합가 실제 API·DB·권한·상태·Audit와 연결되고 정상·빈결과·권한부족·충돌·부분실패·세션만료에서 다음 행동을 알 수 있어야 한다. Browser build만 성공하거나 Mock/Raw JSON이면 실패다.,Route/Menu/API/Permission/DB parity + unit + Browser E2E + server authorization,REQUIREMENT,DETAILED_FUNCTION,UI-ADM-target-preview,P09-ADM-UI-ONLINE,P09,,재확인 필요,미검증,CPF_REQUIREMENT_MASTER_PART_011_CPF-FR-016606__CPF-FR-018347.csv
CPF-FR-017282,,P0,cpf-admin,com.cpf.admin,,OPS-CONFIG,플랫폼 운영자·보안관리자·감사자,Target Snapshot Preview의 DB 정합가 실제 API·DB·권한·상태·Audit와 연결되고 정상·빈결과·권한부족·충돌·부분실패·세션만료에서 다음 행동을 알 수 있어야 한다. Browser build만 성공하거나 Mock/Raw JSON이면 실패다.,Route/Menu/API/Permission/DB parity + unit + Browser E2E + server authorization,REQUIREMENT,DETAILED_FUNCTION,UI-ADM-target-preview,P09-ADM-UI-ONLINE,P09,,재확인 필요,미검증,CPF_REQUIREMENT_MASTER_PART_011_CPF-FR-016606__CPF-FR-018347.csv
CPF-FR-017283,,P0,cpf-admin,com.cpf.admin,,OPS-CONFIG,플랫폼 운영자·보안관리자·감사자,Target Snapshot Preview의 UI Evidence가 실제 API·DB·권한·상태·Audit와 연결되고 정상·빈결과·권한부족·충돌·부분실패·세션만료에서 다음 행동을 알 수 있어야 한다. Browser build만 성공하거나 Mock/Raw JSON이면 실패다.,Route/Menu/API/Permission/DB parity + unit + Browser E2E + server authorization,REQUIREMENT,DETAILED_FUNCTION,UI-ADM-target-preview,P09-ADM-UI-ONLINE,P09,,재확인 필요,미검증,CPF_REQUIREMENT_MASTER_PART_011_CPF-FR-016606__CPF-FR-018347.csv
CPF-FR-017284,,P0,cpf-admin,com.cpf.admin,,OPS-CONFIG,플랫폼 운영자·보안관리자·감사자,Target Snapshot Preview의 구조화 Form가 실제 API·DB·권한·상태·Audit와 연결되고 정상·빈결과·권한부족·충돌·부분실패·세션만료에서 다음 행동을 알 수 있어야 한다. Browser build만 성공하거나 Mock/Raw JSON이면 실패다.,Route/Menu/API/Permission/DB parity + unit + Browser E2E + server authorization,REQUIREMENT,DETAILED_FUNCTION,UI-ADM-target-preview,P09-ADM-UI-ONLINE,P09,,재확인 필요,미검증,CPF_REQUIREMENT_MASTER_PART_011_CPF-FR-016606__CPF-FR-018347.csv
CPF-FR-017285,,P0,cpf-admin,com.cpf.admin,,OPS-CONFIG,플랫폼 운영자·보안관리자·감사자,Target Snapshot Preview의 Default·NULL가 실제 API·DB·권한·상태·Audit와 연결되고 정상·빈결과·권한부족·충돌·부분실패·세션만료에서 다음 행동을 알 수 있어야 한다. Browser build만 성공하거나 Mock/Raw JSON이면 실패다.,Route/Menu/API/Permission/DB parity + unit + Browser E2E + server authorization,REQUIREMENT,DETAILED_FUNCTION,UI-ADM-target-preview,P09-ADM-UI-ONLINE,P09,,재확인 필요,미검증,CPF_REQUIREMENT_MASTER_PART_011_CPF-FR-016606__CPF-FR-018347.csv
CPF-FR-017286,,P0,cpf-admin,com.cpf.admin,,OPS-CONFIG,플랫폼 운영자·보안관리자·감사자,Target Snapshot Preview의 Form Validation가 실제 API·DB·권한·상태·Audit와 연결되고 정상·빈결과·권한부족·충돌·부분실패·세션만료에서 다음 행동을 알 수 있어야 한다. Browser build만 성공하거나 Mock/Raw JSON이면 실패다.,Route/Menu/API/Permission/DB parity + unit + Browser E2E + server authorization,REQUIREMENT,DETAILED_FUNCTION,UI-ADM-target-preview,P09-ADM-UI-ONLINE,P09,,재확인 필요,미검증,CPF_REQUIREMENT_MASTER_PART_011_CPF-FR-016606__CPF-FR-018347.csv
CPF-FR-017287,,P0,cpf-admin,com.cpf.admin,,OPS-CONFIG,플랫폼 운영자·보안관리자·감사자,Target Snapshot Preview의 변경 Preview가 실제 API·DB·권한·상태·Audit와 연결되고 정상·빈결과·권한부족·충돌·부분실패·세션만료에서 다음 행동을 알 수 있어야 한다. Browser build만 성공하거나 Mock/Raw JSON이면 실패다.,Route/Menu/API/Permission/DB parity + unit + Browser E2E + server authorization,REQUIREMENT,DETAILED_FUNCTION,UI-ADM-target-preview,P09-ADM-UI-ONLINE,P09,,재확인 필요,미검증,CPF_REQUIREMENT_MASTER_PART_011_CPF-FR-016606__CPF-FR-018347.csv
CPF-FR-017288,,P0,cpf-admin,com.cpf.admin,,OPS-CONFIG,플랫폼 운영자·보안관리자·감사자,Target Snapshot Preview의 Expected Version가 실제 API·DB·권한·상태·Audit와 연결되고 정상·빈결과·권한부족·충돌·부분실패·세션만료에서 다음 행동을 알 수 있어야 한다. Browser build만 성공하거나 Mock/Raw JSON이면 실패다.,Route/Menu/API/Permission/DB parity + unit + Browser E2E + server authorization,REQUIREMENT,DETAILED_FUNCTION,UI-ADM-target-preview,P09-ADM-UI-ONLINE,P09,,재확인 필요,미검증,CPF_REQUIREMENT_MASTER_PART_011_CPF-FR-016606__CPF-FR-018347.csv
CPF-FR-017289,,P0,cpf-admin,com.cpf.admin,,OPS-CONFIG,플랫폼 운영자·보안관리자·감사자,Target Snapshot Preview의 제출 결과가 실제 API·DB·권한·상태·Audit와 연결되고 정상·빈결과·권한부족·충돌·부분실패·세션만료에서 다음 행동을 알 수 있어야 한다. Browser build만 성공하거나 Mock/Raw JSON이면 실패다.,Route/Menu/API/Permission/DB parity + unit + Browser E2E + server authorization,REQUIREMENT,DETAILED_FUNCTION,UI-ADM-target-preview,P09-ADM-UI-ONLINE,P09,,재확인 필요,미검증,CPF_REQUIREMENT_MASTER_PART_011_CPF-FR-016606__CPF-FR-018347.csv
CPF-FR-017378,,P0,cpf-admin,com.cpf.admin,,OPS-CONFIG,플랫폼 운영자·보안관리자·감사자,Cache Evict·Refresh·Reconcile의 화면 목적·Route·Menu가 실제 API·DB·권한·상태·Audit와 연결되고 정상·빈결과·권한부족·충돌·부분실패·세션만료에서 다음 행동을 알 수 있어야 한다. Browser build만 성공하거나 Mock/Raw JSON이면 실패다.,Route/Menu/API/Permission/DB parity + unit + Browser E2E + server authorization,REQUIREMENT,DETAILED_FUNCTION,UI-ADM-cache-control,P09-ADM-UI-ONLINE,P09,,재확인 필요,미검증,CPF_REQUIREMENT_MASTER_PART_011_CPF-FR-016606__CPF-FR-018347.csv
CPF-FR-017379,,P0,cpf-admin,com.cpf.admin,,OPS-CONFIG,플랫폼 운영자·보안관리자·감사자,Cache Evict·Refresh·Reconcile의 검색조건가 실제 API·DB·권한·상태·Audit와 연결되고 정상·빈결과·권한부족·충돌·부분실패·세션만료에서 다음 행동을 알 수 있어야 한다. Browser build만 성공하거나 Mock/Raw JSON이면 실패다.,Route/Menu/API/Permission/DB parity + unit + Browser E2E + server authorization,REQUIREMENT,DETAILED_FUNCTION,UI-ADM-cache-control,P09-ADM-UI-ONLINE,P09,,재확인 필요,미검증,CPF_REQUIREMENT_MASTER_PART_011_CPF-FR-016606__CPF-FR-018347.csv
CPF-FR-017380,,P0,cpf-admin,com.cpf.admin,,OPS-CONFIG,플랫폼 운영자·보안관리자·감사자,Cache Evict·Refresh·Reconcile의 Server Paging가 실제 API·DB·권한·상태·Audit와 연결되고 정상·빈결과·권한부족·충돌·부분실패·세션만료에서 다음 행동을 알 수 있어야 한다. Browser build만 성공하거나 Mock/Raw JSON이면 실패다.,Route/Menu/API/Permission/DB parity + unit + Browser E2E + server authorization,REQUIREMENT,DETAILED_FUNCTION,UI-ADM-cache-control,P09-ADM-UI-ONLINE,P09,,재확인 필요,미검증,CPF_REQUIREMENT_MASTER_PART_011_CPF-FR-016606__CPF-FR-018347.csv
CPF-FR-017381,,P0,cpf-admin,com.cpf.admin,,OPS-CONFIG,플랫폼 운영자·보안관리자·감사자,Cache Evict·Refresh·Reconcile의 목록 Column가 실제 API·DB·권한·상태·Audit와 연결되고 정상·빈결과·권한부족·충돌·부분실패·세션만료에서 다음 행동을 알 수 있어야 한다. Browser build만 성공하거나 Mock/Raw JSON이면 실패다.,Route/Menu/API/Permission/DB parity + unit + Browser E2E + server authorization,REQUIREMENT,DETAILED_FUNCTION,UI-ADM-cache-control,P09-ADM-UI-ONLINE,P09,,재확인 필요,미검증,CPF_REQUIREMENT_MASTER_PART_011_CPF-FR-016606__CPF-FR-018347.csv
CPF-FR-017382,,P0,cpf-admin,com.cpf.admin,,OPS-CONFIG,플랫폼 운영자·보안관리자·감사자,Cache Evict·Refresh·Reconcile의 상세가 실제 API·DB·권한·상태·Audit와 연결되고 정상·빈결과·권한부족·충돌·부분실패·세션만료에서 다음 행동을 알 수 있어야 한다. Browser build만 성공하거나 Mock/Raw JSON이면 실패다.,Route/Menu/API/Permission/DB parity + unit + Browser E2E + server authorization,REQUIREMENT,DETAILED_FUNCTION,UI-ADM-cache-control,P09-ADM-UI-ONLINE,P09,,재확인 필요,미검증,CPF_REQUIREMENT_MASTER_PART_011_CPF-FR-016606__CPF-FR-018347.csv
CPF-FR-017383,,P0,cpf-admin,com.cpf.admin,,OPS-CONFIG,플랫폼 운영자·보안관리자·감사자,Cache Evict·Refresh·Reconcile의 상태 UX가 실제 API·DB·권한·상태·Audit와 연결되고 정상·빈결과·권한부족·충돌·부분실패·세션만료에서 다음 행동을 알 수 있어야 한다. Browser build만 성공하거나 Mock/Raw JSON이면 실패다.,Route/Menu/API/Permission/DB parity + unit + Browser E2E + server authorization,REQUIREMENT,DETAILED_FUNCTION,UI-ADM-cache-control,P09-ADM-UI-ONLINE,P09,,재확인 필요,미검증,CPF_REQUIREMENT_MASTER_PART_011_CPF-FR-016606__CPF-FR-018347.csv
CPF-FR-017384,,P0,cpf-admin,com.cpf.admin,,OPS-CONFIG,플랫폼 운영자·보안관리자·감사자,Cache Evict·Refresh·Reconcile의 권한가 실제 API·DB·권한·상태·Audit와 연결되고 정상·빈결과·권한부족·충돌·부분실패·세션만료에서 다음 행동을 알 수 있어야 한다. Browser build만 성공하거나 Mock/Raw JSON이면 실패다.,Route/Menu/API/Permission/DB parity + unit + Browser E2E + server authorization,REQUIREMENT,DETAILED_FUNCTION,UI-ADM-cache-control,P09-ADM-UI-ONLINE,P09,,재확인 필요,미검증,CPF_REQUIREMENT_MASTER_PART_011_CPF-FR-016606__CPF-FR-018347.csv
CPF-FR-017385,,P0,cpf-admin,com.cpf.admin,,OPS-CONFIG,플랫폼 운영자·보안관리자·감사자,Cache Evict·Refresh·Reconcile의 PII·Secret가 실제 API·DB·권한·상태·Audit와 연결되고 정상·빈결과·권한부족·충돌·부분실패·세션만료에서 다음 행동을 알 수 있어야 한다. Browser build만 성공하거나 Mock/Raw JSON이면 실패다.,Route/Menu/API/Permission/DB parity + unit + Browser E2E + server authorization,REQUIREMENT,DETAILED_FUNCTION,UI-ADM-cache-control,P09-ADM-UI-ONLINE,P09,,재확인 필요,미검증,CPF_REQUIREMENT_MASTER_PART_011_CPF-FR-016606__CPF-FR-018347.csv
CPF-FR-017386,,P0,cpf-admin,com.cpf.admin,,OPS-CONFIG,플랫폼 운영자·보안관리자·감사자,Cache Evict·Refresh·Reconcile의 Audit·History가 실제 API·DB·권한·상태·Audit와 연결되고 정상·빈결과·권한부족·충돌·부분실패·세션만료에서 다음 행동을 알 수 있어야 한다. Browser build만 성공하거나 Mock/Raw JSON이면 실패다.,Route/Menu/API/Permission/DB parity + unit + Browser E2E + server authorization,REQUIREMENT,DETAILED_FUNCTION,UI-ADM-cache-control,P09-ADM-UI-ONLINE,P09,,재확인 필요,미검증,CPF_REQUIREMENT_MASTER_PART_011_CPF-FR-016606__CPF-FR-018347.csv
CPF-FR-017387,,P0,cpf-admin,com.cpf.admin,,OPS-CONFIG,플랫폼 운영자·보안관리자·감사자,Cache Evict·Refresh·Reconcile의 Deep Link가 실제 API·DB·권한·상태·Audit와 연결되고 정상·빈결과·권한부족·충돌·부분실패·세션만료에서 다음 행동을 알 수 있어야 한다. Browser build만 성공하거나 Mock/Raw JSON이면 실패다.,Route/Menu/API/Permission/DB parity + unit + Browser E2E + server authorization,REQUIREMENT,DETAILED_FUNCTION,UI-ADM-cache-control,P09-ADM-UI-ONLINE,P09,,재확인 필요,미검증,CPF_REQUIREMENT_MASTER_PART_011_CPF-FR-016606__CPF-FR-018347.csv
CPF-FR-017388,,P0,cpf-admin,com.cpf.admin,,OPS-CONFIG,플랫폼 운영자·보안관리자·감사자,Cache Evict·Refresh·Reconcile의 접근성가 실제 API·DB·권한·상태·Audit와 연결되고 정상·빈결과·권한부족·충돌·부분실패·세션만료에서 다음 행동을 알 수 있어야 한다. Browser build만 성공하거나 Mock/Raw JSON이면 실패다.,Route/Menu/API/Permission/DB parity + unit + Browser E2E + server authorization,REQUIREMENT,DETAILED_FUNCTION,UI-ADM-cache-control,P09-ADM-UI-ONLINE,P09,,재확인 필요,미검증,CPF_REQUIREMENT_MASTER_PART_011_CPF-FR-016606__CPF-FR-018347.csv
CPF-FR-017389,,P0,cpf-admin,com.cpf.admin,,OPS-CONFIG,플랫폼 운영자·보안관리자·감사자,Cache Evict·Refresh·Reconcile의 성능가 실제 API·DB·권한·상태·Audit와 연결되고 정상·빈결과·권한부족·충돌·부분실패·세션만료에서 다음 행동을 알 수 있어야 한다. Browser build만 성공하거나 Mock/Raw JSON이면 실패다.,Route/Menu/API/Permission/DB parity + unit + Browser E2E + server authorization,REQUIREMENT,DETAILED_FUNCTION,UI-ADM-cache-control,P09-ADM-UI-ONLINE,P09,,재확인 필요,미검증,CPF_REQUIREMENT_MASTER_PART_011_CPF-FR-016606__CPF-FR-018347.csv
CPF-FR-017390,,P0,cpf-admin,com.cpf.admin,,OPS-CONFIG,플랫폼 운영자·보안관리자·감사자,Cache Evict·Refresh·Reconcile의 API 정합가 실제 API·DB·권한·상태·Audit와 연결되고 정상·빈결과·권한부족·충돌·부분실패·세션만료에서 다음 행동을 알 수 있어야 한다. Browser build만 성공하거나 Mock/Raw JSON이면 실패다.,Route/Menu/API/Permission/DB parity + unit + Browser E2E + server authorization,REQUIREMENT,DETAILED_FUNCTION,UI-ADM-cache-control,P09-ADM-UI-ONLINE,P09,,재확인 필요,미검증,CPF_REQUIREMENT_MASTER_PART_011_CPF-FR-016606__CPF-FR-018347.csv
CPF-FR-017391,,P0,cpf-admin,com.cpf.admin,,OPS-CONFIG,플랫폼 운영자·보안관리자·감사자,Cache Evict·Refresh·Reconcile의 DB 정합가 실제 API·DB·권한·상태·Audit와 연결되고 정상·빈결과·권한부족·충돌·부분실패·세션만료에서 다음 행동을 알 수 있어야 한다. Browser build만 성공하거나 Mock/Raw JSON이면 실패다.,Route/Menu/API/Permission/DB parity + unit + Browser E2E + server authorization,REQUIREMENT,DETAILED_FUNCTION,UI-ADM-cache-control,P09-ADM-UI-ONLINE,P09,,재확인 필요,미검증,CPF_REQUIREMENT_MASTER_PART_011_CPF-FR-016606__CPF-FR-018347.csv
CPF-FR-017392,,P0,cpf-admin,com.cpf.admin,,OPS-CONFIG,플랫폼 운영자·보안관리자·감사자,Cache Evict·Refresh·Reconcile의 UI Evidence가 실제 API·DB·권한·상태·Audit와 연결되고 정상·빈결과·권한부족·충돌·부분실패·세션만료에서 다음 행동을 알 수 있어야 한다. Browser build만 성공하거나 Mock/Raw JSON이면 실패다.,Route/Menu/API/Permission/DB parity + unit + Browser E2E + server authorization,REQUIREMENT,DETAILED_FUNCTION,UI-ADM-cache-control,P09-ADM-UI-ONLINE,P09,,재확인 필요,미검증,CPF_REQUIREMENT_MASTER_PART_011_CPF-FR-016606__CPF-FR-018347.csv
CPF-FR-017393,,P0,cpf-admin,com.cpf.admin,,OPS-CONFIG,플랫폼 운영자·보안관리자·감사자,Cache Evict·Refresh·Reconcile의 대상 선택가 실제 API·DB·권한·상태·Audit와 연결되고 정상·빈결과·권한부족·충돌·부분실패·세션만료에서 다음 행동을 알 수 있어야 한다. Browser build만 성공하거나 Mock/Raw JSON이면 실패다.,Route/Menu/API/Permission/DB parity + unit + Browser E2E + server authorization,REQUIREMENT,DETAILED_FUNCTION,UI-ADM-cache-control,P09-ADM-UI-ONLINE,P09,,재확인 필요,미검증,CPF_REQUIREMENT_MASTER_PART_011_CPF-FR-016606__CPF-FR-018347.csv
CPF-FR-017394,,P0,cpf-admin,com.cpf.admin,,OPS-CONFIG,플랫폼 운영자·보안관리자·감사자,Cache Evict·Refresh·Reconcile의 영향 Preview가 실제 API·DB·권한·상태·Audit와 연결되고 정상·빈결과·권한부족·충돌·부분실패·세션만료에서 다음 행동을 알 수 있어야 한다. Browser build만 성공하거나 Mock/Raw JSON이면 실패다.,Route/Menu/API/Permission/DB parity + unit + Browser E2E + server authorization,REQUIREMENT,DETAILED_FUNCTION,UI-ADM-cache-control,P09-ADM-UI-ONLINE,P09,,재확인 필요,미검증,CPF_REQUIREMENT_MASTER_PART_011_CPF-FR-016606__CPF-FR-018347.csv
CPF-FR-017395,,P0,cpf-admin,com.cpf.admin,,OPS-CONFIG,플랫폼 운영자·보안관리자·감사자,Cache Evict·Refresh·Reconcile의 사유·승인가 실제 API·DB·권한·상태·Audit와 연결되고 정상·빈결과·권한부족·충돌·부분실패·세션만료에서 다음 행동을 알 수 있어야 한다. Browser build만 성공하거나 Mock/Raw JSON이면 실패다.,Route/Menu/API/Permission/DB parity + unit + Browser E2E + server authorization,REQUIREMENT,DETAILED_FUNCTION,UI-ADM-cache-control,P09-ADM-UI-ONLINE,P09,,재확인 필요,미검증,CPF_REQUIREMENT_MASTER_PART_011_CPF-FR-016606__CPF-FR-018347.csv
CPF-FR-017396,,P0,cpf-admin,com.cpf.admin,,OPS-CONFIG,플랫폼 운영자·보안관리자·감사자,Cache Evict·Refresh·Reconcile의 Command 멱등가 실제 API·DB·권한·상태·Audit와 연결되고 정상·빈결과·권한부족·충돌·부분실패·세션만료에서 다음 행동을 알 수 있어야 한다. Browser build만 성공하거나 Mock/Raw JSON이면 실패다.,Route/Menu/API/Permission/DB parity + unit + Browser E2E + server authorization,REQUIREMENT,DETAILED_FUNCTION,UI-ADM-cache-control,P09-ADM-UI-ONLINE,P09,,재확인 필요,미검증,CPF_REQUIREMENT_MASTER_PART_011_CPF-FR-016606__CPF-FR-018347.csv
CPF-FR-017397,,P0,cpf-admin,com.cpf.admin,,OPS-CONFIG,플랫폼 운영자·보안관리자·감사자,Cache Evict·Refresh·Reconcile의 비동기 상태가 실제 API·DB·권한·상태·Audit와 연결되고 정상·빈결과·권한부족·충돌·부분실패·세션만료에서 다음 행동을 알 수 있어야 한다. Browser build만 성공하거나 Mock/Raw JSON이면 실패다.,Route/Menu/API/Permission/DB parity + unit + Browser E2E + server authorization,REQUIREMENT,DETAILED_FUNCTION,UI-ADM-cache-control,P09-ADM-UI-ONLINE,P09,,재확인 필요,미검증,CPF_REQUIREMENT_MASTER_PART_011_CPF-FR-016606__CPF-FR-018347.csv
CPF-FR-017398,,P0,cpf-admin,com.cpf.admin,,OPS-CONFIG,플랫폼 운영자·보안관리자·감사자,Cache Evict·Refresh·Reconcile의 UNKNOWN 복구가 실제 API·DB·권한·상태·Audit와 연결되고 정상·빈결과·권한부족·충돌·부분실패·세션만료에서 다음 행동을 알 수 있어야 한다. Browser build만 성공하거나 Mock/Raw JSON이면 실패다.,Route/Menu/API/Permission/DB parity + unit + Browser E2E + server authorization,REQUIREMENT,DETAILED_FUNCTION,UI-ADM-cache-control,P09-ADM-UI-ONLINE,P09,,재확인 필요,미검증,CPF_REQUIREMENT_MASTER_PART_011_CPF-FR-016606__CPF-FR-018347.csv
CPF-FR-017399,,P0,cpf-admin,com.cpf.admin,,OPS-CONFIG,플랫폼 운영자·보안관리자·감사자,Cache Evict·Refresh·Reconcile의 취소·재시도가 실제 API·DB·권한·상태·Audit와 연결되고 정상·빈결과·권한부족·충돌·부분실패·세션만료에서 다음 행동을 알 수 있어야 한다. Browser build만 성공하거나 Mock/Raw JSON이면 실패다.,Route/Menu/API/Permission/DB parity + unit + Browser E2E + server authorization,REQUIREMENT,DETAILED_FUNCTION,UI-ADM-cache-control,P09-ADM-UI-ONLINE,P09,,재확인 필요,미검증,CPF_REQUIREMENT_MASTER_PART_011_CPF-FR-016606__CPF-FR-018347.csv
CPF-FR-017400,,P0,cpf-admin,com.cpf.admin,,OPS-CONFIG,플랫폼 운영자·보안관리자·감사자,Cache Evict·Refresh·Reconcile의 결과·감사가 실제 API·DB·권한·상태·Audit와 연결되고 정상·빈결과·권한부족·충돌·부분실패·세션만료에서 다음 행동을 알 수 있어야 한다. Browser build만 성공하거나 Mock/Raw JSON이면 실패다.,Route/Menu/API/Permission/DB parity + unit + Browser E2E + server authorization,REQUIREMENT,DETAILED_FUNCTION,UI-ADM-cache-control,P09-ADM-UI-ONLINE,P09,,재확인 필요,미검증,CPF_REQUIREMENT_MASTER_PART_011_CPF-FR-016606__CPF-FR-018347.csv
CPF-FR-017401,,P1,cpf-admin,com.cpf.admin,,OPS-CONFIG,플랫폼 운영자·보안관리자·감사자,Runtime Config Catalog의 화면 목적·Route·Menu가 실제 API·DB·권한·상태·Audit와 연결되고 정상·빈결과·권한부족·충돌·부분실패·세션만료에서 다음 행동을 알 수 있어야 한다. Browser build만 성공하거나 Mock/Raw JSON이면 실패다.,Route/Menu/API/Permission/DB parity + unit + Browser E2E + server authorization,REQUIREMENT,DETAILED_FUNCTION,UI-ADM-config-list,P09-ADM-UI-ONLINE,P09,,재확인 필요,미검증,CPF_REQUIREMENT_MASTER_PART_011_CPF-FR-016606__CPF-FR-018347.csv
CPF-FR-017402,,P1,cpf-admin,com.cpf.admin,,OPS-CONFIG,플랫폼 운영자·보안관리자·감사자,Runtime Config Catalog의 검색조건가 실제 API·DB·권한·상태·Audit와 연결되고 정상·빈결과·권한부족·충돌·부분실패·세션만료에서 다음 행동을 알 수 있어야 한다. Browser build만 성공하거나 Mock/Raw JSON이면 실패다.,Route/Menu/API/Permission/DB parity + unit + Browser E2E + server authorization,REQUIREMENT,DETAILED_FUNCTION,UI-ADM-config-list,P09-ADM-UI-ONLINE,P09,,재확인 필요,미검증,CPF_REQUIREMENT_MASTER_PART_011_CPF-FR-016606__CPF-FR-018347.csv
CPF-FR-017403,,P1,cpf-admin,com.cpf.admin,,OPS-CONFIG,플랫폼 운영자·보안관리자·감사자,Runtime Config Catalog의 Server Paging가 실제 API·DB·권한·상태·Audit와 연결되고 정상·빈결과·권한부족·충돌·부분실패·세션만료에서 다음 행동을 알 수 있어야 한다. Browser build만 성공하거나 Mock/Raw JSON이면 실패다.,Route/Menu/API/Permission/DB parity + unit + Browser E2E + server authorization,REQUIREMENT,DETAILED_FUNCTION,UI-ADM-config-list,P09-ADM-UI-ONLINE,P09,,재확인 필요,미검증,CPF_REQUIREMENT_MASTER_PART_011_CPF-FR-016606__CPF-FR-018347.csv
CPF-FR-017404,,P1,cpf-admin,com.cpf.admin,,OPS-CONFIG,플랫폼 운영자·보안관리자·감사자,Runtime Config Catalog의 목록 Column가 실제 API·DB·권한·상태·Audit와 연결되고 정상·빈결과·권한부족·충돌·부분실패·세션만료에서 다음 행동을 알 수 있어야 한다. Browser build만 성공하거나 Mock/Raw JSON이면 실패다.,Route/Menu/API/Permission/DB parity + unit + Browser E2E + server authorization,REQUIREMENT,DETAILED_FUNCTION,UI-ADM-config-list,P09-ADM-UI-ONLINE,P09,,재확인 필요,미검증,CPF_REQUIREMENT_MASTER_PART_011_CPF-FR-016606__CPF-FR-018347.csv
CPF-FR-017405,,P1,cpf-admin,com.cpf.admin,,OPS-CONFIG,플랫폼 운영자·보안관리자·감사자,Runtime Config Catalog의 상세가 실제 API·DB·권한·상태·Audit와 연결되고 정상·빈결과·권한부족·충돌·부분실패·세션만료에서 다음 행동을 알 수 있어야 한다. Browser build만 성공하거나 Mock/Raw JSON이면 실패다.,Route/Menu/API/Permission/DB parity + unit + Browser E2E + server authorization,REQUIREMENT,DETAILED_FUNCTION,UI-ADM-config-list,P09-ADM-UI-ONLINE,P09,,재확인 필요,미검증,CPF_REQUIREMENT_MASTER_PART_011_CPF-FR-016606__CPF-FR-018347.csv
CPF-FR-017406,,P1,cpf-admin,com.cpf.admin,,OPS-CONFIG,플랫폼 운영자·보안관리자·감사자,Runtime Config Catalog의 상태 UX가 실제 API·DB·권한·상태·Audit와 연결되고 정상·빈결과·권한부족·충돌·부분실패·세션만료에서 다음 행동을 알 수 있어야 한다. Browser build만 성공하거나 Mock/Raw JSON이면 실패다.,Route/Menu/API/Permission/DB parity + unit + Browser E2E + server authorization,REQUIREMENT,DETAILED_FUNCTION,UI-ADM-config-list,P09-ADM-UI-ONLINE,P09,,재확인 필요,미검증,CPF_REQUIREMENT_MASTER_PART_011_CPF-FR-016606__CPF-FR-018347.csv
CPF-FR-017407,,P0,cpf-admin,com.cpf.admin,,OPS-CONFIG,플랫폼 운영자·보안관리자·감사자,Runtime Config Catalog의 권한가 실제 API·DB·권한·상태·Audit와 연결되고 정상·빈결과·권한부족·충돌·부분실패·세션만료에서 다음 행동을 알 수 있어야 한다. Browser build만 성공하거나 Mock/Raw JSON이면 실패다.,Route/Menu/API/Permission/DB parity + unit + Browser E2E + server authorization,REQUIREMENT,DETAILED_FUNCTION,UI-ADM-config-list,P09-ADM-UI-ONLINE,P09,,재확인 필요,미검증,CPF_REQUIREMENT_MASTER_PART_011_CPF-FR-016606__CPF-FR-018347.csv
CPF-FR-017408,,P0,cpf-admin,com.cpf.admin,,OPS-CONFIG,플랫폼 운영자·보안관리자·감사자,Runtime Config Catalog의 PII·Secret가 실제 API·DB·권한·상태·Audit와 연결되고 정상·빈결과·권한부족·충돌·부분실패·세션만료에서 다음 행동을 알 수 있어야 한다. Browser build만 성공하거나 Mock/Raw JSON이면 실패다.,Route/Menu/API/Permission/DB parity + unit + Browser E2E + server authorization,REQUIREMENT,DETAILED_FUNCTION,UI-ADM-config-list,P09-ADM-UI-ONLINE,P09,,재확인 필요,미검증,CPF_REQUIREMENT_MASTER_PART_011_CPF-FR-016606__CPF-FR-018347.csv
CPF-FR-017409,,P0,cpf-admin,com.cpf.admin,,OPS-CONFIG,플랫폼 운영자·보안관리자·감사자,Runtime Config Catalog의 Audit·History가 실제 API·DB·권한·상태·Audit와 연결되고 정상·빈결과·권한부족·충돌·부분실패·세션만료에서 다음 행동을 알 수 있어야 한다. Browser build만 성공하거나 Mock/Raw JSON이면 실패다.,Route/Menu/API/Permission/DB parity + unit + Browser E2E + server authorization,REQUIREMENT,DETAILED_FUNCTION,UI-ADM-config-list,P09-ADM-UI-ONLINE,P09,,재확인 필요,미검증,CPF_REQUIREMENT_MASTER_PART_011_CPF-FR-016606__CPF-FR-018347.csv
CPF-FR-017410,,P1,cpf-admin,com.cpf.admin,,OPS-CONFIG,플랫폼 운영자·보안관리자·감사자,Runtime Config Catalog의 Deep Link가 실제 API·DB·권한·상태·Audit와 연결되고 정상·빈결과·권한부족·충돌·부분실패·세션만료에서 다음 행동을 알 수 있어야 한다. Browser build만 성공하거나 Mock/Raw JSON이면 실패다.,Route/Menu/API/Permission/DB parity + unit + Browser E2E + server authorization,REQUIREMENT,DETAILED_FUNCTION,UI-ADM-config-list,P09-ADM-UI-ONLINE,P09,,재확인 필요,미검증,CPF_REQUIREMENT_MASTER_PART_011_CPF-FR-016606__CPF-FR-018347.csv
CPF-FR-017411,,P1,cpf-admin,com.cpf.admin,,OPS-CONFIG,플랫폼 운영자·보안관리자·감사자,Runtime Config Catalog의 접근성가 실제 API·DB·권한·상태·Audit와 연결되고 정상·빈결과·권한부족·충돌·부분실패·세션만료에서 다음 행동을 알 수 있어야 한다. Browser build만 성공하거나 Mock/Raw JSON이면 실패다.,Route/Menu/API/Permission/DB parity + unit + Browser E2E + server authorization,REQUIREMENT,DETAILED_FUNCTION,UI-ADM-config-list,P09-ADM-UI-ONLINE,P09,,재확인 필요,미검증,CPF_REQUIREMENT_MASTER_PART_011_CPF-FR-016606__CPF-FR-018347.csv
CPF-FR-017412,,P1,cpf-admin,com.cpf.admin,,OPS-CONFIG,플랫폼 운영자·보안관리자·감사자,Runtime Config Catalog의 성능가 실제 API·DB·권한·상태·Audit와 연결되고 정상·빈결과·권한부족·충돌·부분실패·세션만료에서 다음 행동을 알 수 있어야 한다. Browser build만 성공하거나 Mock/Raw JSON이면 실패다.,Route/Menu/API/Permission/DB parity + unit + Browser E2E + server authorization,REQUIREMENT,DETAILED_FUNCTION,UI-ADM-config-list,P09-ADM-UI-ONLINE,P09,,재확인 필요,미검증,CPF_REQUIREMENT_MASTER_PART_011_CPF-FR-016606__CPF-FR-018347.csv
CPF-FR-017413,,P1,cpf-admin,com.cpf.admin,,OPS-CONFIG,플랫폼 운영자·보안관리자·감사자,Runtime Config Catalog의 API 정합가 실제 API·DB·권한·상태·Audit와 연결되고 정상·빈결과·권한부족·충돌·부분실패·세션만료에서 다음 행동을 알 수 있어야 한다. Browser build만 성공하거나 Mock/Raw JSON이면 실패다.,Route/Menu/API/Permission/DB parity + unit + Browser E2E + server authorization,REQUIREMENT,DETAILED_FUNCTION,UI-ADM-config-list,P09-ADM-UI-ONLINE,P09,,재확인 필요,미검증,CPF_REQUIREMENT_MASTER_PART_011_CPF-FR-016606__CPF-FR-018347.csv
CPF-FR-017414,,P1,cpf-admin,com.cpf.admin,,OPS-CONFIG,플랫폼 운영자·보안관리자·감사자,Runtime Config Catalog의 DB 정합가 실제 API·DB·권한·상태·Audit와 연결되고 정상·빈결과·권한부족·충돌·부분실패·세션만료에서 다음 행동을 알 수 있어야 한다. Browser build만 성공하거나 Mock/Raw JSON이면 실패다.,Route/Menu/API/Permission/DB parity + unit + Browser E2E + server authorization,REQUIREMENT,DETAILED_FUNCTION,UI-ADM-config-list,P09-ADM-UI-ONLINE,P09,,재확인 필요,미검증,CPF_REQUIREMENT_MASTER_PART_011_CPF-FR-016606__CPF-FR-018347.csv
CPF-FR-017415,,P0,cpf-admin,com.cpf.admin,,OPS-CONFIG,플랫폼 운영자·보안관리자·감사자,Runtime Config Catalog의 UI Evidence가 실제 API·DB·권한·상태·Audit와 연결되고 정상·빈결과·권한부족·충돌·부분실패·세션만료에서 다음 행동을 알 수 있어야 한다. Browser build만 성공하거나 Mock/Raw JSON이면 실패다.,Route/Menu/API/Permission/DB parity + unit + Browser E2E + server authorization,REQUIREMENT,DETAILED_FUNCTION,UI-ADM-config-list,P09-ADM-UI-ONLINE,P09,,재확인 필요,미검증,CPF_REQUIREMENT_MASTER_PART_011_CPF-FR-016606__CPF-FR-018347.csv
CPF-FR-017416,,P1,cpf-admin,com.cpf.admin,,OPS-CONFIG,플랫폼 운영자·보안관리자·감사자,Runtime Config Catalog의 행 선택가 실제 API·DB·권한·상태·Audit와 연결되고 정상·빈결과·권한부족·충돌·부분실패·세션만료에서 다음 행동을 알 수 있어야 한다. Browser build만 성공하거나 Mock/Raw JSON이면 실패다.,Route/Menu/API/Permission/DB parity + unit + Browser E2E + server authorization,REQUIREMENT,DETAILED_FUNCTION,UI-ADM-config-list,P09-ADM-UI-ONLINE,P09,,재확인 필요,미검증,CPF_REQUIREMENT_MASTER_PART_011_CPF-FR-016606__CPF-FR-018347.csv
CPF-FR-017417,,P1,cpf-admin,com.cpf.admin,,OPS-CONFIG,플랫폼 운영자·보안관리자·감사자,Runtime Config Catalog의 저장 검색가 실제 API·DB·권한·상태·Audit와 연결되고 정상·빈결과·권한부족·충돌·부분실패·세션만료에서 다음 행동을 알 수 있어야 한다. Browser build만 성공하거나 Mock/Raw JSON이면 실패다.,Route/Menu/API/Permission/DB parity + unit + Browser E2E + server authorization,REQUIREMENT,DETAILED_FUNCTION,UI-ADM-config-list,P09-ADM-UI-ONLINE,P09,,재확인 필요,미검증,CPF_REQUIREMENT_MASTER_PART_011_CPF-FR-016606__CPF-FR-018347.csv
CPF-FR-017418,,P1,cpf-admin,com.cpf.admin,,OPS-CONFIG,플랫폼 운영자·보안관리자·감사자,Runtime Config Catalog의 Export가 실제 API·DB·권한·상태·Audit와 연결되고 정상·빈결과·권한부족·충돌·부분실패·세션만료에서 다음 행동을 알 수 있어야 한다. Browser build만 성공하거나 Mock/Raw JSON이면 실패다.,Route/Menu/API/Permission/DB parity + unit + Browser E2E + server authorization,REQUIREMENT,DETAILED_FUNCTION,UI-ADM-config-list,P09-ADM-UI-ONLINE,P09,,재확인 필요,미검증,CPF_REQUIREMENT_MASTER_PART_011_CPF-FR-016606__CPF-FR-018347.csv
CPF-FR-017419,,P1,cpf-admin,com.cpf.admin,,OPS-CONFIG,플랫폼 운영자·보안관리자·감사자,Runtime Config Catalog의 행 Action가 실제 API·DB·권한·상태·Audit와 연결되고 정상·빈결과·권한부족·충돌·부분실패·세션만료에서 다음 행동을 알 수 있어야 한다. Browser build만 성공하거나 Mock/Raw JSON이면 실패다.,Route/Menu/API/Permission/DB parity + unit + Browser E2E + server authorization,REQUIREMENT,DETAILED_FUNCTION,UI-ADM-config-list,P09-ADM-UI-ONLINE,P09,,재확인 필요,미검증,CPF_REQUIREMENT_MASTER_PART_011_CPF-FR-016606__CPF-FR-018347.csv
CPF-FR-017420,,P0,cpf-admin,com.cpf.admin,,OPS-CONFIG,플랫폼 운영자·보안관리자·감사자,Runtime Config Detail의 화면 목적·Route·Menu가 실제 API·DB·권한·상태·Audit와 연결되고 정상·빈결과·권한부족·충돌·부분실패·세션만료에서 다음 행동을 알 수 있어야 한다. Browser build만 성공하거나 Mock/Raw JSON이면 실패다.,Route/Menu/API/Permission/DB parity + unit + Browser E2E + server authorization,REQUIREMENT,DETAILED_FUNCTION,UI-ADM-config-detail,P09-ADM-UI-ONLINE,P09,,재확인 필요,미검증,CPF_REQUIREMENT_MASTER_PART_011_CPF-FR-016606__CPF-FR-018347.csv
CPF-FR-017421,,P0,cpf-admin,com.cpf.admin,,OPS-CONFIG,플랫폼 운영자·보안관리자·감사자,Runtime Config Detail의 검색조건가 실제 API·DB·권한·상태·Audit와 연결되고 정상·빈결과·권한부족·충돌·부분실패·세션만료에서 다음 행동을 알 수 있어야 한다. Browser build만 성공하거나 Mock/Raw JSON이면 실패다.,Route/Menu/API/Permission/DB parity + unit + Browser E2E + server authorization,REQUIREMENT,DETAILED_FUNCTION,UI-ADM-config-detail,P09-ADM-UI-ONLINE,P09,,재확인 필요,미검증,CPF_REQUIREMENT_MASTER_PART_011_CPF-FR-016606__CPF-FR-018347.csv
CPF-FR-017422,,P0,cpf-admin,com.cpf.admin,,OPS-CONFIG,플랫폼 운영자·보안관리자·감사자,Runtime Config Detail의 Server Paging가 실제 API·DB·권한·상태·Audit와 연결되고 정상·빈결과·권한부족·충돌·부분실패·세션만료에서 다음 행동을 알 수 있어야 한다. Browser build만 성공하거나 Mock/Raw JSON이면 실패다.,Route/Menu/API/Permission/DB parity + unit + Browser E2E + server authorization,REQUIREMENT,DETAILED_FUNCTION,UI-ADM-config-detail,P09-ADM-UI-ONLINE,P09,,재확인 필요,미검증,CPF_REQUIREMENT_MASTER_PART_011_CPF-FR-016606__CPF-FR-018347.csv
CPF-FR-017423,,P0,cpf-admin,com.cpf.admin,,OPS-CONFIG,플랫폼 운영자·보안관리자·감사자,Runtime Config Detail의 목록 Column가 실제 API·DB·권한·상태·Audit와 연결되고 정상·빈결과·권한부족·충돌·부분실패·세션만료에서 다음 행동을 알 수 있어야 한다. Browser build만 성공하거나 Mock/Raw JSON이면 실패다.,Route/Menu/API/Permission/DB parity + unit + Browser E2E + server authorization,REQUIREMENT,DETAILED_FUNCTION,UI-ADM-config-detail,P09-ADM-UI-ONLINE,P09,,재확인 필요,미검증,CPF_REQUIREMENT_MASTER_PART_011_CPF-FR-016606__CPF-FR-018347.csv
CPF-FR-017424,,P0,cpf-admin,com.cpf.admin,,OPS-CONFIG,플랫폼 운영자·보안관리자·감사자,Runtime Config Detail의 상세가 실제 API·DB·권한·상태·Audit와 연결되고 정상·빈결과·권한부족·충돌·부분실패·세션만료에서 다음 행동을 알 수 있어야 한다. Browser build만 성공하거나 Mock/Raw JSON이면 실패다.,Route/Menu/API/Permission/DB parity + unit + Browser E2E + server authorization,REQUIREMENT,DETAILED_FUNCTION,UI-ADM-config-detail,P09-ADM-UI-ONLINE,P09,,재확인 필요,미검증,CPF_REQUIREMENT_MASTER_PART_011_CPF-FR-016606__CPF-FR-018347.csv
CPF-FR-017425,,P0,cpf-admin,com.cpf.admin,,OPS-CONFIG,플랫폼 운영자·보안관리자·감사자,Runtime Config Detail의 상태 UX가 실제 API·DB·권한·상태·Audit와 연결되고 정상·빈결과·권한부족·충돌·부분실패·세션만료에서 다음 행동을 알 수 있어야 한다. Browser build만 성공하거나 Mock/Raw JSON이면 실패다.,Route/Menu/API/Permission/DB parity + unit + Browser E2E + server authorization,REQUIREMENT,DETAILED_FUNCTION,UI-ADM-config-detail,P09-ADM-UI-ONLINE,P09,,재확인 필요,미검증,CPF_REQUIREMENT_MASTER_PART_011_CPF-FR-016606__CPF-FR-018347.csv
CPF-FR-017426,,P0,cpf-admin,com.cpf.admin,,OPS-CONFIG,플랫폼 운영자·보안관리자·감사자,Runtime Config Detail의 권한가 실제 API·DB·권한·상태·Audit와 연결되고 정상·빈결과·권한부족·충돌·부분실패·세션만료에서 다음 행동을 알 수 있어야 한다. Browser build만 성공하거나 Mock/Raw JSON이면 실패다.,Route/Menu/API/Permission/DB parity + unit + Browser E2E + server authorization,REQUIREMENT,DETAILED_FUNCTION,UI-ADM-config-detail,P09-ADM-UI-ONLINE,P09,,재확인 필요,미검증,CPF_REQUIREMENT_MASTER_PART_011_CPF-FR-016606__CPF-FR-018347.csv
CPF-FR-017427,,P0,cpf-admin,com.cpf.admin,,OPS-CONFIG,플랫폼 운영자·보안관리자·감사자,Runtime Config Detail의 PII·Secret가 실제 API·DB·권한·상태·Audit와 연결되고 정상·빈결과·권한부족·충돌·부분실패·세션만료에서 다음 행동을 알 수 있어야 한다. Browser build만 성공하거나 Mock/Raw JSON이면 실패다.,Route/Menu/API/Permission/DB parity + unit + Browser E2E + server authorization,REQUIREMENT,DETAILED_FUNCTION,UI-ADM-config-detail,P09-ADM-UI-ONLINE,P09,,재확인 필요,미검증,CPF_REQUIREMENT_MASTER_PART_011_CPF-FR-016606__CPF-FR-018347.csv
CPF-FR-017428,,P0,cpf-admin,com.cpf.admin,,OPS-CONFIG,플랫폼 운영자·보안관리자·감사자,Runtime Config Detail의 Audit·History가 실제 API·DB·권한·상태·Audit와 연결되고 정상·빈결과·권한부족·충돌·부분실패·세션만료에서 다음 행동을 알 수 있어야 한다. Browser build만 성공하거나 Mock/Raw JSON이면 실패다.,Route/Menu/API/Permission/DB parity + unit + Browser E2E + server authorization,REQUIREMENT,DETAILED_FUNCTION,UI-ADM-config-detail,P09-ADM-UI-ONLINE,P09,,재확인 필요,미검증,CPF_REQUIREMENT_MASTER_PART_011_CPF-FR-016606__CPF-FR-018347.csv
CPF-FR-017429,,P0,cpf-admin,com.cpf.admin,,OPS-CONFIG,플랫폼 운영자·보안관리자·감사자,Runtime Config Detail의 Deep Link가 실제 API·DB·권한·상태·Audit와 연결되고 정상·빈결과·권한부족·충돌·부분실패·세션만료에서 다음 행동을 알 수 있어야 한다. Browser build만 성공하거나 Mock/Raw JSON이면 실패다.,Route/Menu/API/Permission/DB parity + unit + Browser E2E + server authorization,REQUIREMENT,DETAILED_FUNCTION,UI-ADM-config-detail,P09-ADM-UI-ONLINE,P09,,재확인 필요,미검증,CPF_REQUIREMENT_MASTER_PART_011_CPF-FR-016606__CPF-FR-018347.csv
CPF-FR-017430,,P0,cpf-admin,com.cpf.admin,,OPS-CONFIG,플랫폼 운영자·보안관리자·감사자,Runtime Config Detail의 접근성가 실제 API·DB·권한·상태·Audit와 연결되고 정상·빈결과·권한부족·충돌·부분실패·세션만료에서 다음 행동을 알 수 있어야 한다. Browser build만 성공하거나 Mock/Raw JSON이면 실패다.,Route/Menu/API/Permission/DB parity + unit + Browser E2E + server authorization,REQUIREMENT,DETAILED_FUNCTION,UI-ADM-config-detail,P09-ADM-UI-ONLINE,P09,,재확인 필요,미검증,CPF_REQUIREMENT_MASTER_PART_011_CPF-FR-016606__CPF-FR-018347.csv
CPF-FR-017431,,P0,cpf-admin,com.cpf.admin,,OPS-CONFIG,플랫폼 운영자·보안관리자·감사자,Runtime Config Detail의 성능가 실제 API·DB·권한·상태·Audit와 연결되고 정상·빈결과·권한부족·충돌·부분실패·세션만료에서 다음 행동을 알 수 있어야 한다. Browser build만 성공하거나 Mock/Raw JSON이면 실패다.,Route/Menu/API/Permission/DB parity + unit + Browser E2E + server authorization,REQUIREMENT,DETAILED_FUNCTION,UI-ADM-config-detail,P09-ADM-UI-ONLINE,P09,,재확인 필요,미검증,CPF_REQUIREMENT_MASTER_PART_011_CPF-FR-016606__CPF-FR-018347.csv
CPF-FR-017432,,P0,cpf-admin,com.cpf.admin,,OPS-CONFIG,플랫폼 운영자·보안관리자·감사자,Runtime Config Detail의 API 정합가 실제 API·DB·권한·상태·Audit와 연결되고 정상·빈결과·권한부족·충돌·부분실패·세션만료에서 다음 행동을 알 수 있어야 한다. Browser build만 성공하거나 Mock/Raw JSON이면 실패다.,Route/Menu/API/Permission/DB parity + unit + Browser E2E + server authorization,REQUIREMENT,DETAILED_FUNCTION,UI-ADM-config-detail,P09-ADM-UI-ONLINE,P09,,재확인 필요,미검증,CPF_REQUIREMENT_MASTER_PART_011_CPF-FR-016606__CPF-FR-018347.csv
CPF-FR-017433,,P0,cpf-admin,com.cpf.admin,,OPS-CONFIG,플랫폼 운영자·보안관리자·감사자,Runtime Config Detail의 DB 정합가 실제 API·DB·권한·상태·Audit와 연결되고 정상·빈결과·권한부족·충돌·부분실패·세션만료에서 다음 행동을 알 수 있어야 한다. Browser build만 성공하거나 Mock/Raw JSON이면 실패다.,Route/Menu/API/Permission/DB parity + unit + Browser E2E + server authorization,REQUIREMENT,DETAILED_FUNCTION,UI-ADM-config-detail,P09-ADM-UI-ONLINE,P09,,재확인 필요,미검증,CPF_REQUIREMENT_MASTER_PART_011_CPF-FR-016606__CPF-FR-018347.csv
CPF-FR-017434,,P0,cpf-admin,com.cpf.admin,,OPS-CONFIG,플랫폼 운영자·보안관리자·감사자,Runtime Config Detail의 UI Evidence가 실제 API·DB·권한·상태·Audit와 연결되고 정상·빈결과·권한부족·충돌·부분실패·세션만료에서 다음 행동을 알 수 있어야 한다. Browser build만 성공하거나 Mock/Raw JSON이면 실패다.,Route/Menu/API/Permission/DB parity + unit + Browser E2E + server authorization,REQUIREMENT,DETAILED_FUNCTION,UI-ADM-config-detail,P09-ADM-UI-ONLINE,P09,,재확인 필요,미검증,CPF_REQUIREMENT_MASTER_PART_011_CPF-FR-016606__CPF-FR-018347.csv
CPF-FR-017435,,P0,cpf-admin,com.cpf.admin,,OPS-CONFIG,플랫폼 운영자·보안관리자·감사자,Runtime Config Detail의 구조화 Form가 실제 API·DB·권한·상태·Audit와 연결되고 정상·빈결과·권한부족·충돌·부분실패·세션만료에서 다음 행동을 알 수 있어야 한다. Browser build만 성공하거나 Mock/Raw JSON이면 실패다.,Route/Menu/API/Permission/DB parity + unit + Browser E2E + server authorization,REQUIREMENT,DETAILED_FUNCTION,UI-ADM-config-detail,P09-ADM-UI-ONLINE,P09,,재확인 필요,미검증,CPF_REQUIREMENT_MASTER_PART_011_CPF-FR-016606__CPF-FR-018347.csv
CPF-FR-017436,,P0,cpf-admin,com.cpf.admin,,OPS-CONFIG,플랫폼 운영자·보안관리자·감사자,Runtime Config Detail의 Default·NULL가 실제 API·DB·권한·상태·Audit와 연결되고 정상·빈결과·권한부족·충돌·부분실패·세션만료에서 다음 행동을 알 수 있어야 한다. Browser build만 성공하거나 Mock/Raw JSON이면 실패다.,Route/Menu/API/Permission/DB parity + unit + Browser E2E + server authorization,REQUIREMENT,DETAILED_FUNCTION,UI-ADM-config-detail,P09-ADM-UI-ONLINE,P09,,재확인 필요,미검증,CPF_REQUIREMENT_MASTER_PART_011_CPF-FR-016606__CPF-FR-018347.csv
CPF-FR-017437,,P0,cpf-admin,com.cpf.admin,,OPS-CONFIG,플랫폼 운영자·보안관리자·감사자,Runtime Config Detail의 Form Validation가 실제 API·DB·권한·상태·Audit와 연결되고 정상·빈결과·권한부족·충돌·부분실패·세션만료에서 다음 행동을 알 수 있어야 한다. Browser build만 성공하거나 Mock/Raw JSON이면 실패다.,Route/Menu/API/Permission/DB parity + unit + Browser E2E + server authorization,REQUIREMENT,DETAILED_FUNCTION,UI-ADM-config-detail,P09-ADM-UI-ONLINE,P09,,재확인 필요,미검증,CPF_REQUIREMENT_MASTER_PART_011_CPF-FR-016606__CPF-FR-018347.csv
CPF-FR-017438,,P0,cpf-admin,com.cpf.admin,,OPS-CONFIG,플랫폼 운영자·보안관리자·감사자,Runtime Config Detail의 변경 Preview가 실제 API·DB·권한·상태·Audit와 연결되고 정상·빈결과·권한부족·충돌·부분실패·세션만료에서 다음 행동을 알 수 있어야 한다. Browser build만 성공하거나 Mock/Raw JSON이면 실패다.,Route/Menu/API/Permission/DB parity + unit + Browser E2E + server authorization,REQUIREMENT,DETAILED_FUNCTION,UI-ADM-config-detail,P09-ADM-UI-ONLINE,P09,,재확인 필요,미검증,CPF_REQUIREMENT_MASTER_PART_011_CPF-FR-016606__CPF-FR-018347.csv
CPF-FR-017439,,P0,cpf-admin,com.cpf.admin,,OPS-CONFIG,플랫폼 운영자·보안관리자·감사자,Runtime Config Detail의 Expected Version가 실제 API·DB·권한·상태·Audit와 연결되고 정상·빈결과·권한부족·충돌·부분실패·세션만료에서 다음 행동을 알 수 있어야 한다. Browser build만 성공하거나 Mock/Raw JSON이면 실패다.,Route/Menu/API/Permission/DB parity + unit + Browser E2E + server authorization,REQUIREMENT,DETAILED_FUNCTION,UI-ADM-config-detail,P09-ADM-UI-ONLINE,P09,,재확인 필요,미검증,CPF_REQUIREMENT_MASTER_PART_011_CPF-FR-016606__CPF-FR-018347.csv
CPF-FR-017440,,P0,cpf-admin,com.cpf.admin,,OPS-CONFIG,플랫폼 운영자·보안관리자·감사자,Runtime Config Detail의 제출 결과가 실제 API·DB·권한·상태·Audit와 연결되고 정상·빈결과·권한부족·충돌·부분실패·세션만료에서 다음 행동을 알 수 있어야 한다. Browser build만 성공하거나 Mock/Raw JSON이면 실패다.,Route/Menu/API/Permission/DB parity + unit + Browser E2E + server authorization,REQUIREMENT,DETAILED_FUNCTION,UI-ADM-config-detail,P09-ADM-UI-ONLINE,P09,,재확인 필요,미검증,CPF_REQUIREMENT_MASTER_PART_011_CPF-FR-016606__CPF-FR-018347.csv
CPF-FR-017765,,P0,cpf-admin,com.cpf.admin,,OPS-DRIFT,플랫폼 운영자·보안관리자·감사자,Gateway Desired/Actual Drift의 화면 목적·Route·Menu가 실제 API·DB·권한·상태·Audit와 연결되고 정상·빈결과·권한부족·충돌·부분실패·세션만료에서 다음 행동을 알 수 있어야 한다. Browser build만 성공하거나 Mock/Raw JSON이면 실패다.,Route/Menu/API/Permission/DB parity + unit + Browser E2E + server authorization,REQUIREMENT,DETAILED_FUNCTION,UI-ADM-gateway-drift,P09-ADM-UI-GATEWAY,P09,,재확인 필요,미검증,CPF_REQUIREMENT_MASTER_PART_011_CPF-FR-016606__CPF-FR-018347.csv
CPF-FR-017766,,P0,cpf-admin,com.cpf.admin,,OPS-DRIFT,플랫폼 운영자·보안관리자·감사자,Gateway Desired/Actual Drift의 검색조건가 실제 API·DB·권한·상태·Audit와 연결되고 정상·빈결과·권한부족·충돌·부분실패·세션만료에서 다음 행동을 알 수 있어야 한다. Browser build만 성공하거나 Mock/Raw JSON이면 실패다.,Route/Menu/API/Permission/DB parity + unit + Browser E2E + server authorization,REQUIREMENT,DETAILED_FUNCTION,UI-ADM-gateway-drift,P09-ADM-UI-GATEWAY,P09,,재확인 필요,미검증,CPF_REQUIREMENT_MASTER_PART_011_CPF-FR-016606__CPF-FR-018347.csv
CPF-FR-017767,,P0,cpf-admin,com.cpf.admin,,OPS-DRIFT,플랫폼 운영자·보안관리자·감사자,Gateway Desired/Actual Drift의 Server Paging가 실제 API·DB·권한·상태·Audit와 연결되고 정상·빈결과·권한부족·충돌·부분실패·세션만료에서 다음 행동을 알 수 있어야 한다. Browser build만 성공하거나 Mock/Raw JSON이면 실패다.,Route/Menu/API/Permission/DB parity + unit + Browser E2E + server authorization,REQUIREMENT,DETAILED_FUNCTION,UI-ADM-gateway-drift,P09-ADM-UI-GATEWAY,P09,,재확인 필요,미검증,CPF_REQUIREMENT_MASTER_PART_011_CPF-FR-016606__CPF-FR-018347.csv
CPF-FR-017768,,P0,cpf-admin,com.cpf.admin,,OPS-DRIFT,플랫폼 운영자·보안관리자·감사자,Gateway Desired/Actual Drift의 목록 Column가 실제 API·DB·권한·상태·Audit와 연결되고 정상·빈결과·권한부족·충돌·부분실패·세션만료에서 다음 행동을 알 수 있어야 한다. Browser build만 성공하거나 Mock/Raw JSON이면 실패다.,Route/Menu/API/Permission/DB parity + unit + Browser E2E + server authorization,REQUIREMENT,DETAILED_FUNCTION,UI-ADM-gateway-drift,P09-ADM-UI-GATEWAY,P09,,재확인 필요,미검증,CPF_REQUIREMENT_MASTER_PART_011_CPF-FR-016606__CPF-FR-018347.csv
CPF-FR-017769,,P0,cpf-admin,com.cpf.admin,,OPS-DRIFT,플랫폼 운영자·보안관리자·감사자,Gateway Desired/Actual Drift의 상세가 실제 API·DB·권한·상태·Audit와 연결되고 정상·빈결과·권한부족·충돌·부분실패·세션만료에서 다음 행동을 알 수 있어야 한다. Browser build만 성공하거나 Mock/Raw JSON이면 실패다.,Route/Menu/API/Permission/DB parity + unit + Browser E2E + server authorization,REQUIREMENT,DETAILED_FUNCTION,UI-ADM-gateway-drift,P09-ADM-UI-GATEWAY,P09,,재확인 필요,미검증,CPF_REQUIREMENT_MASTER_PART_011_CPF-FR-016606__CPF-FR-018347.csv
CPF-FR-017770,,P0,cpf-admin,com.cpf.admin,,OPS-DRIFT,플랫폼 운영자·보안관리자·감사자,Gateway Desired/Actual Drift의 상태 UX가 실제 API·DB·권한·상태·Audit와 연결되고 정상·빈결과·권한부족·충돌·부분실패·세션만료에서 다음 행동을 알 수 있어야 한다. Browser build만 성공하거나 Mock/Raw JSON이면 실패다.,Route/Menu/API/Permission/DB parity + unit + Browser E2E + server authorization,REQUIREMENT,DETAILED_FUNCTION,UI-ADM-gateway-drift,P09-ADM-UI-GATEWAY,P09,,재확인 필요,미검증,CPF_REQUIREMENT_MASTER_PART_011_CPF-FR-016606__CPF-FR-018347.csv
CPF-FR-017771,,P0,cpf-admin,com.cpf.admin,,OPS-DRIFT,플랫폼 운영자·보안관리자·감사자,Gateway Desired/Actual Drift의 권한가 실제 API·DB·권한·상태·Audit와 연결되고 정상·빈결과·권한부족·충돌·부분실패·세션만료에서 다음 행동을 알 수 있어야 한다. Browser build만 성공하거나 Mock/Raw JSON이면 실패다.,Route/Menu/API/Permission/DB parity + unit + Browser E2E + server authorization,REQUIREMENT,DETAILED_FUNCTION,UI-ADM-gateway-drift,P09-ADM-UI-GATEWAY,P09,,재확인 필요,미검증,CPF_REQUIREMENT_MASTER_PART_011_CPF-FR-016606__CPF-FR-018347.csv
CPF-FR-017772,,P0,cpf-admin,com.cpf.admin,,OPS-DRIFT,플랫폼 운영자·보안관리자·감사자,Gateway Desired/Actual Drift의 PII·Secret가 실제 API·DB·권한·상태·Audit와 연결되고 정상·빈결과·권한부족·충돌·부분실패·세션만료에서 다음 행동을 알 수 있어야 한다. Browser build만 성공하거나 Mock/Raw JSON이면 실패다.,Route/Menu/API/Permission/DB parity + unit + Browser E2E + server authorization,REQUIREMENT,DETAILED_FUNCTION,UI-ADM-gateway-drift,P09-ADM-UI-GATEWAY,P09,,재확인 필요,미검증,CPF_REQUIREMENT_MASTER_PART_011_CPF-FR-016606__CPF-FR-018347.csv
CPF-FR-017773,,P0,cpf-admin,com.cpf.admin,,OPS-DRIFT,플랫폼 운영자·보안관리자·감사자,Gateway Desired/Actual Drift의 Audit·History가 실제 API·DB·권한·상태·Audit와 연결되고 정상·빈결과·권한부족·충돌·부분실패·세션만료에서 다음 행동을 알 수 있어야 한다. Browser build만 성공하거나 Mock/Raw JSON이면 실패다.,Route/Menu/API/Permission/DB parity + unit + Browser E2E + server authorization,REQUIREMENT,DETAILED_FUNCTION,UI-ADM-gateway-drift,P09-ADM-UI-GATEWAY,P09,,재확인 필요,미검증,CPF_REQUIREMENT_MASTER_PART_011_CPF-FR-016606__CPF-FR-018347.csv
CPF-FR-017774,,P0,cpf-admin,com.cpf.admin,,OPS-DRIFT,플랫폼 운영자·보안관리자·감사자,Gateway Desired/Actual Drift의 Deep Link가 실제 API·DB·권한·상태·Audit와 연결되고 정상·빈결과·권한부족·충돌·부분실패·세션만료에서 다음 행동을 알 수 있어야 한다. Browser build만 성공하거나 Mock/Raw JSON이면 실패다.,Route/Menu/API/Permission/DB parity + unit + Browser E2E + server authorization,REQUIREMENT,DETAILED_FUNCTION,UI-ADM-gateway-drift,P09-ADM-UI-GATEWAY,P09,,재확인 필요,미검증,CPF_REQUIREMENT_MASTER_PART_011_CPF-FR-016606__CPF-FR-018347.csv
CPF-FR-017775,,P0,cpf-admin,com.cpf.admin,,OPS-DRIFT,플랫폼 운영자·보안관리자·감사자,Gateway Desired/Actual Drift의 접근성가 실제 API·DB·권한·상태·Audit와 연결되고 정상·빈결과·권한부족·충돌·부분실패·세션만료에서 다음 행동을 알 수 있어야 한다. Browser build만 성공하거나 Mock/Raw JSON이면 실패다.,Route/Menu/API/Permission/DB parity + unit + Browser E2E + server authorization,REQUIREMENT,DETAILED_FUNCTION,UI-ADM-gateway-drift,P09-ADM-UI-GATEWAY,P09,,재확인 필요,미검증,CPF_REQUIREMENT_MASTER_PART_011_CPF-FR-016606__CPF-FR-018347.csv
CPF-FR-017776,,P0,cpf-admin,com.cpf.admin,,OPS-DRIFT,플랫폼 운영자·보안관리자·감사자,Gateway Desired/Actual Drift의 성능가 실제 API·DB·권한·상태·Audit와 연결되고 정상·빈결과·권한부족·충돌·부분실패·세션만료에서 다음 행동을 알 수 있어야 한다. Browser build만 성공하거나 Mock/Raw JSON이면 실패다.,Route/Menu/API/Permission/DB parity + unit + Browser E2E + server authorization,REQUIREMENT,DETAILED_FUNCTION,UI-ADM-gateway-drift,P09-ADM-UI-GATEWAY,P09,,재확인 필요,미검증,CPF_REQUIREMENT_MASTER_PART_011_CPF-FR-016606__CPF-FR-018347.csv
CPF-FR-017777,,P0,cpf-admin,com.cpf.admin,,OPS-DRIFT,플랫폼 운영자·보안관리자·감사자,Gateway Desired/Actual Drift의 API 정합가 실제 API·DB·권한·상태·Audit와 연결되고 정상·빈결과·권한부족·충돌·부분실패·세션만료에서 다음 행동을 알 수 있어야 한다. Browser build만 성공하거나 Mock/Raw JSON이면 실패다.,Route/Menu/API/Permission/DB parity + unit + Browser E2E + server authorization,REQUIREMENT,DETAILED_FUNCTION,UI-ADM-gateway-drift,P09-ADM-UI-GATEWAY,P09,,재확인 필요,미검증,CPF_REQUIREMENT_MASTER_PART_011_CPF-FR-016606__CPF-FR-018347.csv
CPF-FR-017778,,P0,cpf-admin,com.cpf.admin,,OPS-DRIFT,플랫폼 운영자·보안관리자·감사자,Gateway Desired/Actual Drift의 DB 정합가 실제 API·DB·권한·상태·Audit와 연결되고 정상·빈결과·권한부족·충돌·부분실패·세션만료에서 다음 행동을 알 수 있어야 한다. Browser build만 성공하거나 Mock/Raw JSON이면 실패다.,Route/Menu/API/Permission/DB parity + unit + Browser E2E + server authorization,REQUIREMENT,DETAILED_FUNCTION,UI-ADM-gateway-drift,P09-ADM-UI-GATEWAY,P09,,재확인 필요,미검증,CPF_REQUIREMENT_MASTER_PART_011_CPF-FR-016606__CPF-FR-018347.csv
CPF-FR-017779,,P0,cpf-admin,com.cpf.admin,,OPS-DRIFT,플랫폼 운영자·보안관리자·감사자,Gateway Desired/Actual Drift의 UI Evidence가 실제 API·DB·권한·상태·Audit와 연결되고 정상·빈결과·권한부족·충돌·부분실패·세션만료에서 다음 행동을 알 수 있어야 한다. Browser build만 성공하거나 Mock/Raw JSON이면 실패다.,Route/Menu/API/Permission/DB parity + unit + Browser E2E + server authorization,REQUIREMENT,DETAILED_FUNCTION,UI-ADM-gateway-drift,P09-ADM-UI-GATEWAY,P09,,재확인 필요,미검증,CPF_REQUIREMENT_MASTER_PART_011_CPF-FR-016606__CPF-FR-018347.csv
CPF-FR-017780,,P0,cpf-admin,com.cpf.admin,,OPS-DRIFT,플랫폼 운영자·보안관리자·감사자,Gateway Desired/Actual Drift의 Aggregation가 실제 API·DB·권한·상태·Audit와 연결되고 정상·빈결과·권한부족·충돌·부분실패·세션만료에서 다음 행동을 알 수 있어야 한다. Browser build만 성공하거나 Mock/Raw JSON이면 실패다.,Route/Menu/API/Permission/DB parity + unit + Browser E2E + server authorization,REQUIREMENT,DETAILED_FUNCTION,UI-ADM-gateway-drift,P09-ADM-UI-GATEWAY,P09,,재확인 필요,미검증,CPF_REQUIREMENT_MASTER_PART_011_CPF-FR-016606__CPF-FR-018347.csv
CPF-FR-017781,,P0,cpf-admin,com.cpf.admin,,OPS-DRIFT,플랫폼 운영자·보안관리자·감사자,Gateway Desired/Actual Drift의 KPI Drill-down가 실제 API·DB·권한·상태·Audit와 연결되고 정상·빈결과·권한부족·충돌·부분실패·세션만료에서 다음 행동을 알 수 있어야 한다. Browser build만 성공하거나 Mock/Raw JSON이면 실패다.,Route/Menu/API/Permission/DB parity + unit + Browser E2E + server authorization,REQUIREMENT,DETAILED_FUNCTION,UI-ADM-gateway-drift,P09-ADM-UI-GATEWAY,P09,,재확인 필요,미검증,CPF_REQUIREMENT_MASTER_PART_011_CPF-FR-016606__CPF-FR-018347.csv
CPF-FR-017782,,P0,cpf-admin,com.cpf.admin,,OPS-DRIFT,플랫폼 운영자·보안관리자·감사자,Gateway Desired/Actual Drift의 Refresh가 실제 API·DB·권한·상태·Audit와 연결되고 정상·빈결과·권한부족·충돌·부분실패·세션만료에서 다음 행동을 알 수 있어야 한다. Browser build만 성공하거나 Mock/Raw JSON이면 실패다.,Route/Menu/API/Permission/DB parity + unit + Browser E2E + server authorization,REQUIREMENT,DETAILED_FUNCTION,UI-ADM-gateway-drift,P09-ADM-UI-GATEWAY,P09,,재확인 필요,미검증,CPF_REQUIREMENT_MASTER_PART_011_CPF-FR-016606__CPF-FR-018347.csv
CPF-FR-017783,,P0,cpf-admin,com.cpf.admin,,OPS-DRIFT,플랫폼 운영자·보안관리자·감사자,Gateway Desired/Actual Drift의 Alert가 실제 API·DB·권한·상태·Audit와 연결되고 정상·빈결과·권한부족·충돌·부분실패·세션만료에서 다음 행동을 알 수 있어야 한다. Browser build만 성공하거나 Mock/Raw JSON이면 실패다.,Route/Menu/API/Permission/DB parity + unit + Browser E2E + server authorization,REQUIREMENT,DETAILED_FUNCTION,UI-ADM-gateway-drift,P09-ADM-UI-GATEWAY,P09,,재확인 필요,미검증,CPF_REQUIREMENT_MASTER_PART_011_CPF-FR-016606__CPF-FR-018347.csv
CPF-FR-019327,,P0,cpf-admin,com.cpf.admin,,OPS-CONFIG,플랫폼 운영자·보안관리자·감사자,Feature Flag의 화면 목적·Route·Menu가 실제 API·DB·권한·상태·Audit와 연결되고 정상·빈결과·권한부족·충돌·부분실패·세션만료에서 다음 행동을 알 수 있어야 한다. Browser build만 성공하거나 Mock/Raw JSON이면 실패다.,Route/Menu/API/Permission/DB parity + unit + Browser E2E + server authorization,REQUIREMENT,DETAILED_FUNCTION,UI-ADM-feature-flag,P09-ADM-UI-FRAMEWORK,P09,,재확인 필요,미검증,CPF_REQUIREMENT_MASTER_PART_012_CPF-FR-018348__CPF-FR-020080.csv
CPF-FR-019328,,P0,cpf-admin,com.cpf.admin,,OPS-CONFIG,플랫폼 운영자·보안관리자·감사자,Feature Flag의 검색조건가 실제 API·DB·권한·상태·Audit와 연결되고 정상·빈결과·권한부족·충돌·부분실패·세션만료에서 다음 행동을 알 수 있어야 한다. Browser build만 성공하거나 Mock/Raw JSON이면 실패다.,Route/Menu/API/Permission/DB parity + unit + Browser E2E + server authorization,REQUIREMENT,DETAILED_FUNCTION,UI-ADM-feature-flag,P09-ADM-UI-FRAMEWORK,P09,,재확인 필요,미검증,CPF_REQUIREMENT_MASTER_PART_012_CPF-FR-018348__CPF-FR-020080.csv
CPF-FR-019329,,P0,cpf-admin,com.cpf.admin,,OPS-CONFIG,플랫폼 운영자·보안관리자·감사자,Feature Flag의 Server Paging가 실제 API·DB·권한·상태·Audit와 연결되고 정상·빈결과·권한부족·충돌·부분실패·세션만료에서 다음 행동을 알 수 있어야 한다. Browser build만 성공하거나 Mock/Raw JSON이면 실패다.,Route/Menu/API/Permission/DB parity + unit + Browser E2E + server authorization,REQUIREMENT,DETAILED_FUNCTION,UI-ADM-feature-flag,P09-ADM-UI-FRAMEWORK,P09,,재확인 필요,미검증,CPF_REQUIREMENT_MASTER_PART_012_CPF-FR-018348__CPF-FR-020080.csv
CPF-FR-019330,,P0,cpf-admin,com.cpf.admin,,OPS-CONFIG,플랫폼 운영자·보안관리자·감사자,Feature Flag의 목록 Column가 실제 API·DB·권한·상태·Audit와 연결되고 정상·빈결과·권한부족·충돌·부분실패·세션만료에서 다음 행동을 알 수 있어야 한다. Browser build만 성공하거나 Mock/Raw JSON이면 실패다.,Route/Menu/API/Permission/DB parity + unit + Browser E2E + server authorization,REQUIREMENT,DETAILED_FUNCTION,UI-ADM-feature-flag,P09-ADM-UI-FRAMEWORK,P09,,재확인 필요,미검증,CPF_REQUIREMENT_MASTER_PART_012_CPF-FR-018348__CPF-FR-020080.csv
CPF-FR-019331,,P0,cpf-admin,com.cpf.admin,,OPS-CONFIG,플랫폼 운영자·보안관리자·감사자,Feature Flag의 상세가 실제 API·DB·권한·상태·Audit와 연결되고 정상·빈결과·권한부족·충돌·부분실패·세션만료에서 다음 행동을 알 수 있어야 한다. Browser build만 성공하거나 Mock/Raw JSON이면 실패다.,Route/Menu/API/Permission/DB parity + unit + Browser E2E + server authorization,REQUIREMENT,DETAILED_FUNCTION,UI-ADM-feature-flag,P09-ADM-UI-FRAMEWORK,P09,,재확인 필요,미검증,CPF_REQUIREMENT_MASTER_PART_012_CPF-FR-018348__CPF-FR-020080.csv
CPF-FR-019332,,P0,cpf-admin,com.cpf.admin,,OPS-CONFIG,플랫폼 운영자·보안관리자·감사자,Feature Flag의 상태 UX가 실제 API·DB·권한·상태·Audit와 연결되고 정상·빈결과·권한부족·충돌·부분실패·세션만료에서 다음 행동을 알 수 있어야 한다. Browser build만 성공하거나 Mock/Raw JSON이면 실패다.,Route/Menu/API/Permission/DB parity + unit + Browser E2E + server authorization,REQUIREMENT,DETAILED_FUNCTION,UI-ADM-feature-flag,P09-ADM-UI-FRAMEWORK,P09,,재확인 필요,미검증,CPF_REQUIREMENT_MASTER_PART_012_CPF-FR-018348__CPF-FR-020080.csv
CPF-FR-019333,,P0,cpf-admin,com.cpf.admin,,OPS-CONFIG,플랫폼 운영자·보안관리자·감사자,Feature Flag의 권한가 실제 API·DB·권한·상태·Audit와 연결되고 정상·빈결과·권한부족·충돌·부분실패·세션만료에서 다음 행동을 알 수 있어야 한다. Browser build만 성공하거나 Mock/Raw JSON이면 실패다.,Route/Menu/API/Permission/DB parity + unit + Browser E2E + server authorization,REQUIREMENT,DETAILED_FUNCTION,UI-ADM-feature-flag,P09-ADM-UI-FRAMEWORK,P09,,재확인 필요,미검증,CPF_REQUIREMENT_MASTER_PART_012_CPF-FR-018348__CPF-FR-020080.csv
CPF-FR-019334,,P0,cpf-admin,com.cpf.admin,,OPS-CONFIG,플랫폼 운영자·보안관리자·감사자,Feature Flag의 PII·Secret가 실제 API·DB·권한·상태·Audit와 연결되고 정상·빈결과·권한부족·충돌·부분실패·세션만료에서 다음 행동을 알 수 있어야 한다. Browser build만 성공하거나 Mock/Raw JSON이면 실패다.,Route/Menu/API/Permission/DB parity + unit + Browser E2E + server authorization,REQUIREMENT,DETAILED_FUNCTION,UI-ADM-feature-flag,P09-ADM-UI-FRAMEWORK,P09,,재확인 필요,미검증,CPF_REQUIREMENT_MASTER_PART_012_CPF-FR-018348__CPF-FR-020080.csv
CPF-FR-019335,,P0,cpf-admin,com.cpf.admin,,OPS-CONFIG,플랫폼 운영자·보안관리자·감사자,Feature Flag의 Audit·History가 실제 API·DB·권한·상태·Audit와 연결되고 정상·빈결과·권한부족·충돌·부분실패·세션만료에서 다음 행동을 알 수 있어야 한다. Browser build만 성공하거나 Mock/Raw JSON이면 실패다.,Route/Menu/API/Permission/DB parity + unit + Browser E2E + server authorization,REQUIREMENT,DETAILED_FUNCTION,UI-ADM-feature-flag,P09-ADM-UI-FRAMEWORK,P09,,재확인 필요,미검증,CPF_REQUIREMENT_MASTER_PART_012_CPF-FR-018348__CPF-FR-020080.csv
CPF-FR-019336,,P0,cpf-admin,com.cpf.admin,,OPS-CONFIG,플랫폼 운영자·보안관리자·감사자,Feature Flag의 Deep Link가 실제 API·DB·권한·상태·Audit와 연결되고 정상·빈결과·권한부족·충돌·부분실패·세션만료에서 다음 행동을 알 수 있어야 한다. Browser build만 성공하거나 Mock/Raw JSON이면 실패다.,Route/Menu/API/Permission/DB parity + unit + Browser E2E + server authorization,REQUIREMENT,DETAILED_FUNCTION,UI-ADM-feature-flag,P09-ADM-UI-FRAMEWORK,P09,,재확인 필요,미검증,CPF_REQUIREMENT_MASTER_PART_012_CPF-FR-018348__CPF-FR-020080.csv
CPF-FR-019337,,P0,cpf-admin,com.cpf.admin,,OPS-CONFIG,플랫폼 운영자·보안관리자·감사자,Feature Flag의 접근성가 실제 API·DB·권한·상태·Audit와 연결되고 정상·빈결과·권한부족·충돌·부분실패·세션만료에서 다음 행동을 알 수 있어야 한다. Browser build만 성공하거나 Mock/Raw JSON이면 실패다.,Route/Menu/API/Permission/DB parity + unit + Browser E2E + server authorization,REQUIREMENT,DETAILED_FUNCTION,UI-ADM-feature-flag,P09-ADM-UI-FRAMEWORK,P09,,재확인 필요,미검증,CPF_REQUIREMENT_MASTER_PART_012_CPF-FR-018348__CPF-FR-020080.csv
CPF-FR-019338,,P0,cpf-admin,com.cpf.admin,,OPS-CONFIG,플랫폼 운영자·보안관리자·감사자,Feature Flag의 성능가 실제 API·DB·권한·상태·Audit와 연결되고 정상·빈결과·권한부족·충돌·부분실패·세션만료에서 다음 행동을 알 수 있어야 한다. Browser build만 성공하거나 Mock/Raw JSON이면 실패다.,Route/Menu/API/Permission/DB parity + unit + Browser E2E + server authorization,REQUIREMENT,DETAILED_FUNCTION,UI-ADM-feature-flag,P09-ADM-UI-FRAMEWORK,P09,,재확인 필요,미검증,CPF_REQUIREMENT_MASTER_PART_012_CPF-FR-018348__CPF-FR-020080.csv
CPF-FR-019339,,P0,cpf-admin,com.cpf.admin,,OPS-CONFIG,플랫폼 운영자·보안관리자·감사자,Feature Flag의 API 정합가 실제 API·DB·권한·상태·Audit와 연결되고 정상·빈결과·권한부족·충돌·부분실패·세션만료에서 다음 행동을 알 수 있어야 한다. Browser build만 성공하거나 Mock/Raw JSON이면 실패다.,Route/Menu/API/Permission/DB parity + unit + Browser E2E + server authorization,REQUIREMENT,DETAILED_FUNCTION,UI-ADM-feature-flag,P09-ADM-UI-FRAMEWORK,P09,,재확인 필요,미검증,CPF_REQUIREMENT_MASTER_PART_012_CPF-FR-018348__CPF-FR-020080.csv
CPF-FR-019340,,P0,cpf-admin,com.cpf.admin,,OPS-CONFIG,플랫폼 운영자·보안관리자·감사자,Feature Flag의 DB 정합가 실제 API·DB·권한·상태·Audit와 연결되고 정상·빈결과·권한부족·충돌·부분실패·세션만료에서 다음 행동을 알 수 있어야 한다. Browser build만 성공하거나 Mock/Raw JSON이면 실패다.,Route/Menu/API/Permission/DB parity + unit + Browser E2E + server authorization,REQUIREMENT,DETAILED_FUNCTION,UI-ADM-feature-flag,P09-ADM-UI-FRAMEWORK,P09,,재확인 필요,미검증,CPF_REQUIREMENT_MASTER_PART_012_CPF-FR-018348__CPF-FR-020080.csv
CPF-FR-019341,,P0,cpf-admin,com.cpf.admin,,OPS-CONFIG,플랫폼 운영자·보안관리자·감사자,Feature Flag의 UI Evidence가 실제 API·DB·권한·상태·Audit와 연결되고 정상·빈결과·권한부족·충돌·부분실패·세션만료에서 다음 행동을 알 수 있어야 한다. Browser build만 성공하거나 Mock/Raw JSON이면 실패다.,Route/Menu/API/Permission/DB parity + unit + Browser E2E + server authorization,REQUIREMENT,DETAILED_FUNCTION,UI-ADM-feature-flag,P09-ADM-UI-FRAMEWORK,P09,,재확인 필요,미검증,CPF_REQUIREMENT_MASTER_PART_012_CPF-FR-018348__CPF-FR-020080.csv
CPF-FR-019342,,P0,cpf-admin,com.cpf.admin,,OPS-CONFIG,플랫폼 운영자·보안관리자·감사자,Feature Flag의 구조화 Form가 실제 API·DB·권한·상태·Audit와 연결되고 정상·빈결과·권한부족·충돌·부분실패·세션만료에서 다음 행동을 알 수 있어야 한다. Browser build만 성공하거나 Mock/Raw JSON이면 실패다.,Route/Menu/API/Permission/DB parity + unit + Browser E2E + server authorization,REQUIREMENT,DETAILED_FUNCTION,UI-ADM-feature-flag,P09-ADM-UI-FRAMEWORK,P09,,재확인 필요,미검증,CPF_REQUIREMENT_MASTER_PART_012_CPF-FR-018348__CPF-FR-020080.csv
CPF-FR-019343,,P0,cpf-admin,com.cpf.admin,,OPS-CONFIG,플랫폼 운영자·보안관리자·감사자,Feature Flag의 Default·NULL가 실제 API·DB·권한·상태·Audit와 연결되고 정상·빈결과·권한부족·충돌·부분실패·세션만료에서 다음 행동을 알 수 있어야 한다. Browser build만 성공하거나 Mock/Raw JSON이면 실패다.,Route/Menu/API/Permission/DB parity + unit + Browser E2E + server authorization,REQUIREMENT,DETAILED_FUNCTION,UI-ADM-feature-flag,P09-ADM-UI-FRAMEWORK,P09,,재확인 필요,미검증,CPF_REQUIREMENT_MASTER_PART_012_CPF-FR-018348__CPF-FR-020080.csv
CPF-FR-019344,,P0,cpf-admin,com.cpf.admin,,OPS-CONFIG,플랫폼 운영자·보안관리자·감사자,Feature Flag의 Form Validation가 실제 API·DB·권한·상태·Audit와 연결되고 정상·빈결과·권한부족·충돌·부분실패·세션만료에서 다음 행동을 알 수 있어야 한다. Browser build만 성공하거나 Mock/Raw JSON이면 실패다.,Route/Menu/API/Permission/DB parity + unit + Browser E2E + server authorization,REQUIREMENT,DETAILED_FUNCTION,UI-ADM-feature-flag,P09-ADM-UI-FRAMEWORK,P09,,재확인 필요,미검증,CPF_REQUIREMENT_MASTER_PART_012_CPF-FR-018348__CPF-FR-020080.csv
CPF-FR-019345,,P0,cpf-admin,com.cpf.admin,,OPS-CONFIG,플랫폼 운영자·보안관리자·감사자,Feature Flag의 변경 Preview가 실제 API·DB·권한·상태·Audit와 연결되고 정상·빈결과·권한부족·충돌·부분실패·세션만료에서 다음 행동을 알 수 있어야 한다. Browser build만 성공하거나 Mock/Raw JSON이면 실패다.,Route/Menu/API/Permission/DB parity + unit + Browser E2E + server authorization,REQUIREMENT,DETAILED_FUNCTION,UI-ADM-feature-flag,P09-ADM-UI-FRAMEWORK,P09,,재확인 필요,미검증,CPF_REQUIREMENT_MASTER_PART_012_CPF-FR-018348__CPF-FR-020080.csv
CPF-FR-019346,,P0,cpf-admin,com.cpf.admin,,OPS-CONFIG,플랫폼 운영자·보안관리자·감사자,Feature Flag의 Expected Version가 실제 API·DB·권한·상태·Audit와 연결되고 정상·빈결과·권한부족·충돌·부분실패·세션만료에서 다음 행동을 알 수 있어야 한다. Browser build만 성공하거나 Mock/Raw JSON이면 실패다.,Route/Menu/API/Permission/DB parity + unit + Browser E2E + server authorization,REQUIREMENT,DETAILED_FUNCTION,UI-ADM-feature-flag,P09-ADM-UI-FRAMEWORK,P09,,재확인 필요,미검증,CPF_REQUIREMENT_MASTER_PART_012_CPF-FR-018348__CPF-FR-020080.csv
CPF-FR-019347,,P0,cpf-admin,com.cpf.admin,,OPS-CONFIG,플랫폼 운영자·보안관리자·감사자,Feature Flag의 제출 결과가 실제 API·DB·권한·상태·Audit와 연결되고 정상·빈결과·권한부족·충돌·부분실패·세션만료에서 다음 행동을 알 수 있어야 한다. Browser build만 성공하거나 Mock/Raw JSON이면 실패다.,Route/Menu/API/Permission/DB parity + unit + Browser E2E + server authorization,REQUIREMENT,DETAILED_FUNCTION,UI-ADM-feature-flag,P09-ADM-UI-FRAMEWORK,P09,,재확인 필요,미검증,CPF_REQUIREMENT_MASTER_PART_012_CPF-FR-018348__CPF-FR-020080.csv
CPF-FR-019348,,P0,cpf-admin,com.cpf.admin,,OPS-DRIFT,플랫폼 운영자·보안관리자·감사자,Desired/Actual Drift의 화면 목적·Route·Menu가 실제 API·DB·권한·상태·Audit와 연결되고 정상·빈결과·권한부족·충돌·부분실패·세션만료에서 다음 행동을 알 수 있어야 한다. Browser build만 성공하거나 Mock/Raw JSON이면 실패다.,Route/Menu/API/Permission/DB parity + unit + Browser E2E + server authorization,REQUIREMENT,DETAILED_FUNCTION,UI-ADM-drift-dashboard,P09-ADM-UI-FRAMEWORK,P09,,재확인 필요,미검증,CPF_REQUIREMENT_MASTER_PART_012_CPF-FR-018348__CPF-FR-020080.csv
CPF-FR-019349,,P0,cpf-admin,com.cpf.admin,,OPS-DRIFT,플랫폼 운영자·보안관리자·감사자,Desired/Actual Drift의 검색조건가 실제 API·DB·권한·상태·Audit와 연결되고 정상·빈결과·권한부족·충돌·부분실패·세션만료에서 다음 행동을 알 수 있어야 한다. Browser build만 성공하거나 Mock/Raw JSON이면 실패다.,Route/Menu/API/Permission/DB parity + unit + Browser E2E + server authorization,REQUIREMENT,DETAILED_FUNCTION,UI-ADM-drift-dashboard,P09-ADM-UI-FRAMEWORK,P09,,재확인 필요,미검증,CPF_REQUIREMENT_MASTER_PART_012_CPF-FR-018348__CPF-FR-020080.csv
CPF-FR-019350,,P0,cpf-admin,com.cpf.admin,,OPS-DRIFT,플랫폼 운영자·보안관리자·감사자,Desired/Actual Drift의 Server Paging가 실제 API·DB·권한·상태·Audit와 연결되고 정상·빈결과·권한부족·충돌·부분실패·세션만료에서 다음 행동을 알 수 있어야 한다. Browser build만 성공하거나 Mock/Raw JSON이면 실패다.,Route/Menu/API/Permission/DB parity + unit + Browser E2E + server authorization,REQUIREMENT,DETAILED_FUNCTION,UI-ADM-drift-dashboard,P09-ADM-UI-FRAMEWORK,P09,,재확인 필요,미검증,CPF_REQUIREMENT_MASTER_PART_012_CPF-FR-018348__CPF-FR-020080.csv
CPF-FR-019351,,P0,cpf-admin,com.cpf.admin,,OPS-DRIFT,플랫폼 운영자·보안관리자·감사자,Desired/Actual Drift의 목록 Column가 실제 API·DB·권한·상태·Audit와 연결되고 정상·빈결과·권한부족·충돌·부분실패·세션만료에서 다음 행동을 알 수 있어야 한다. Browser build만 성공하거나 Mock/Raw JSON이면 실패다.,Route/Menu/API/Permission/DB parity + unit + Browser E2E + server authorization,REQUIREMENT,DETAILED_FUNCTION,UI-ADM-drift-dashboard,P09-ADM-UI-FRAMEWORK,P09,,재확인 필요,미검증,CPF_REQUIREMENT_MASTER_PART_012_CPF-FR-018348__CPF-FR-020080.csv
CPF-FR-019352,,P0,cpf-admin,com.cpf.admin,,OPS-DRIFT,플랫폼 운영자·보안관리자·감사자,Desired/Actual Drift의 상세가 실제 API·DB·권한·상태·Audit와 연결되고 정상·빈결과·권한부족·충돌·부분실패·세션만료에서 다음 행동을 알 수 있어야 한다. Browser build만 성공하거나 Mock/Raw JSON이면 실패다.,Route/Menu/API/Permission/DB parity + unit + Browser E2E + server authorization,REQUIREMENT,DETAILED_FUNCTION,UI-ADM-drift-dashboard,P09-ADM-UI-FRAMEWORK,P09,,재확인 필요,미검증,CPF_REQUIREMENT_MASTER_PART_012_CPF-FR-018348__CPF-FR-020080.csv
CPF-FR-019353,,P0,cpf-admin,com.cpf.admin,,OPS-DRIFT,플랫폼 운영자·보안관리자·감사자,Desired/Actual Drift의 상태 UX가 실제 API·DB·권한·상태·Audit와 연결되고 정상·빈결과·권한부족·충돌·부분실패·세션만료에서 다음 행동을 알 수 있어야 한다. Browser build만 성공하거나 Mock/Raw JSON이면 실패다.,Route/Menu/API/Permission/DB parity + unit + Browser E2E + server authorization,REQUIREMENT,DETAILED_FUNCTION,UI-ADM-drift-dashboard,P09-ADM-UI-FRAMEWORK,P09,,재확인 필요,미검증,CPF_REQUIREMENT_MASTER_PART_012_CPF-FR-018348__CPF-FR-020080.csv
CPF-FR-019354,,P0,cpf-admin,com.cpf.admin,,OPS-DRIFT,플랫폼 운영자·보안관리자·감사자,Desired/Actual Drift의 권한가 실제 API·DB·권한·상태·Audit와 연결되고 정상·빈결과·권한부족·충돌·부분실패·세션만료에서 다음 행동을 알 수 있어야 한다. Browser build만 성공하거나 Mock/Raw JSON이면 실패다.,Route/Menu/API/Permission/DB parity + unit + Browser E2E + server authorization,REQUIREMENT,DETAILED_FUNCTION,UI-ADM-drift-dashboard,P09-ADM-UI-FRAMEWORK,P09,,재확인 필요,미검증,CPF_REQUIREMENT_MASTER_PART_012_CPF-FR-018348__CPF-FR-020080.csv
CPF-FR-019355,,P0,cpf-admin,com.cpf.admin,,OPS-DRIFT,플랫폼 운영자·보안관리자·감사자,Desired/Actual Drift의 PII·Secret가 실제 API·DB·권한·상태·Audit와 연결되고 정상·빈결과·권한부족·충돌·부분실패·세션만료에서 다음 행동을 알 수 있어야 한다. Browser build만 성공하거나 Mock/Raw JSON이면 실패다.,Route/Menu/API/Permission/DB parity + unit + Browser E2E + server authorization,REQUIREMENT,DETAILED_FUNCTION,UI-ADM-drift-dashboard,P09-ADM-UI-FRAMEWORK,P09,,재확인 필요,미검증,CPF_REQUIREMENT_MASTER_PART_012_CPF-FR-018348__CPF-FR-020080.csv
CPF-FR-019356,,P0,cpf-admin,com.cpf.admin,,OPS-DRIFT,플랫폼 운영자·보안관리자·감사자,Desired/Actual Drift의 Audit·History가 실제 API·DB·권한·상태·Audit와 연결되고 정상·빈결과·권한부족·충돌·부분실패·세션만료에서 다음 행동을 알 수 있어야 한다. Browser build만 성공하거나 Mock/Raw JSON이면 실패다.,Route/Menu/API/Permission/DB parity + unit + Browser E2E + server authorization,REQUIREMENT,DETAILED_FUNCTION,UI-ADM-drift-dashboard,P09-ADM-UI-FRAMEWORK,P09,,재확인 필요,미검증,CPF_REQUIREMENT_MASTER_PART_012_CPF-FR-018348__CPF-FR-020080.csv
CPF-FR-019357,,P0,cpf-admin,com.cpf.admin,,OPS-DRIFT,플랫폼 운영자·보안관리자·감사자,Desired/Actual Drift의 Deep Link가 실제 API·DB·권한·상태·Audit와 연결되고 정상·빈결과·권한부족·충돌·부분실패·세션만료에서 다음 행동을 알 수 있어야 한다. Browser build만 성공하거나 Mock/Raw JSON이면 실패다.,Route/Menu/API/Permission/DB parity + unit + Browser E2E + server authorization,REQUIREMENT,DETAILED_FUNCTION,UI-ADM-drift-dashboard,P09-ADM-UI-FRAMEWORK,P09,,재확인 필요,미검증,CPF_REQUIREMENT_MASTER_PART_012_CPF-FR-018348__CPF-FR-020080.csv
CPF-FR-019358,,P0,cpf-admin,com.cpf.admin,,OPS-DRIFT,플랫폼 운영자·보안관리자·감사자,Desired/Actual Drift의 접근성가 실제 API·DB·권한·상태·Audit와 연결되고 정상·빈결과·권한부족·충돌·부분실패·세션만료에서 다음 행동을 알 수 있어야 한다. Browser build만 성공하거나 Mock/Raw JSON이면 실패다.,Route/Menu/API/Permission/DB parity + unit + Browser E2E + server authorization,REQUIREMENT,DETAILED_FUNCTION,UI-ADM-drift-dashboard,P09-ADM-UI-FRAMEWORK,P09,,재확인 필요,미검증,CPF_REQUIREMENT_MASTER_PART_012_CPF-FR-018348__CPF-FR-020080.csv
CPF-FR-019359,,P0,cpf-admin,com.cpf.admin,,OPS-DRIFT,플랫폼 운영자·보안관리자·감사자,Desired/Actual Drift의 성능가 실제 API·DB·권한·상태·Audit와 연결되고 정상·빈결과·권한부족·충돌·부분실패·세션만료에서 다음 행동을 알 수 있어야 한다. Browser build만 성공하거나 Mock/Raw JSON이면 실패다.,Route/Menu/API/Permission/DB parity + unit + Browser E2E + server authorization,REQUIREMENT,DETAILED_FUNCTION,UI-ADM-drift-dashboard,P09-ADM-UI-FRAMEWORK,P09,,재확인 필요,미검증,CPF_REQUIREMENT_MASTER_PART_012_CPF-FR-018348__CPF-FR-020080.csv
CPF-FR-019360,,P0,cpf-admin,com.cpf.admin,,OPS-DRIFT,플랫폼 운영자·보안관리자·감사자,Desired/Actual Drift의 API 정합가 실제 API·DB·권한·상태·Audit와 연결되고 정상·빈결과·권한부족·충돌·부분실패·세션만료에서 다음 행동을 알 수 있어야 한다. Browser build만 성공하거나 Mock/Raw JSON이면 실패다.,Route/Menu/API/Permission/DB parity + unit + Browser E2E + server authorization,REQUIREMENT,DETAILED_FUNCTION,UI-ADM-drift-dashboard,P09-ADM-UI-FRAMEWORK,P09,,재확인 필요,미검증,CPF_REQUIREMENT_MASTER_PART_012_CPF-FR-018348__CPF-FR-020080.csv
CPF-FR-019361,,P0,cpf-admin,com.cpf.admin,,OPS-DRIFT,플랫폼 운영자·보안관리자·감사자,Desired/Actual Drift의 DB 정합가 실제 API·DB·권한·상태·Audit와 연결되고 정상·빈결과·권한부족·충돌·부분실패·세션만료에서 다음 행동을 알 수 있어야 한다. Browser build만 성공하거나 Mock/Raw JSON이면 실패다.,Route/Menu/API/Permission/DB parity + unit + Browser E2E + server authorization,REQUIREMENT,DETAILED_FUNCTION,UI-ADM-drift-dashboard,P09-ADM-UI-FRAMEWORK,P09,,재확인 필요,미검증,CPF_REQUIREMENT_MASTER_PART_012_CPF-FR-018348__CPF-FR-020080.csv
CPF-FR-019362,,P0,cpf-admin,com.cpf.admin,,OPS-DRIFT,플랫폼 운영자·보안관리자·감사자,Desired/Actual Drift의 UI Evidence가 실제 API·DB·권한·상태·Audit와 연결되고 정상·빈결과·권한부족·충돌·부분실패·세션만료에서 다음 행동을 알 수 있어야 한다. Browser build만 성공하거나 Mock/Raw JSON이면 실패다.,Route/Menu/API/Permission/DB parity + unit + Browser E2E + server authorization,REQUIREMENT,DETAILED_FUNCTION,UI-ADM-drift-dashboard,P09-ADM-UI-FRAMEWORK,P09,,재확인 필요,미검증,CPF_REQUIREMENT_MASTER_PART_012_CPF-FR-018348__CPF-FR-020080.csv
CPF-FR-019363,,P0,cpf-admin,com.cpf.admin,,OPS-DRIFT,플랫폼 운영자·보안관리자·감사자,Desired/Actual Drift의 Aggregation가 실제 API·DB·권한·상태·Audit와 연결되고 정상·빈결과·권한부족·충돌·부분실패·세션만료에서 다음 행동을 알 수 있어야 한다. Browser build만 성공하거나 Mock/Raw JSON이면 실패다.,Route/Menu/API/Permission/DB parity + unit + Browser E2E + server authorization,REQUIREMENT,DETAILED_FUNCTION,UI-ADM-drift-dashboard,P09-ADM-UI-FRAMEWORK,P09,,재확인 필요,미검증,CPF_REQUIREMENT_MASTER_PART_012_CPF-FR-018348__CPF-FR-020080.csv
CPF-FR-019364,,P0,cpf-admin,com.cpf.admin,,OPS-DRIFT,플랫폼 운영자·보안관리자·감사자,Desired/Actual Drift의 KPI Drill-down가 실제 API·DB·권한·상태·Audit와 연결되고 정상·빈결과·권한부족·충돌·부분실패·세션만료에서 다음 행동을 알 수 있어야 한다. Browser build만 성공하거나 Mock/Raw JSON이면 실패다.,Route/Menu/API/Permission/DB parity + unit + Browser E2E + server authorization,REQUIREMENT,DETAILED_FUNCTION,UI-ADM-drift-dashboard,P09-ADM-UI-FRAMEWORK,P09,,재확인 필요,미검증,CPF_REQUIREMENT_MASTER_PART_012_CPF-FR-018348__CPF-FR-020080.csv
CPF-FR-019365,,P0,cpf-admin,com.cpf.admin,,OPS-DRIFT,플랫폼 운영자·보안관리자·감사자,Desired/Actual Drift의 Refresh가 실제 API·DB·권한·상태·Audit와 연결되고 정상·빈결과·권한부족·충돌·부분실패·세션만료에서 다음 행동을 알 수 있어야 한다. Browser build만 성공하거나 Mock/Raw JSON이면 실패다.,Route/Menu/API/Permission/DB parity + unit + Browser E2E + server authorization,REQUIREMENT,DETAILED_FUNCTION,UI-ADM-drift-dashboard,P09-ADM-UI-FRAMEWORK,P09,,재확인 필요,미검증,CPF_REQUIREMENT_MASTER_PART_012_CPF-FR-018348__CPF-FR-020080.csv
CPF-FR-019366,,P0,cpf-admin,com.cpf.admin,,OPS-DRIFT,플랫폼 운영자·보안관리자·감사자,Desired/Actual Drift의 Alert가 실제 API·DB·권한·상태·Audit와 연결되고 정상·빈결과·권한부족·충돌·부분실패·세션만료에서 다음 행동을 알 수 있어야 한다. Browser build만 성공하거나 Mock/Raw JSON이면 실패다.,Route/Menu/API/Permission/DB parity + unit + Browser E2E + server authorization,REQUIREMENT,DETAILED_FUNCTION,UI-ADM-drift-dashboard,P09-ADM-UI-FRAMEWORK,P09,,재확인 필요,미검증,CPF_REQUIREMENT_MASTER_PART_012_CPF-FR-018348__CPF-FR-020080.csv
CPF-FR-021605,,P1,cpf-admin control plane + runtime owner,com.cpf.admin + com.cpf.<owner>,,OPS-CONFIG/OPS-DRIFT/ADM-SERVICE,Log Level를 소비하는 모든 Runtime Instance,Log Level가 단일·Group·전체 Target에서 version·ACK·actual·drift·rollback까지 추적돼야 한다.,Log Level two-instance/offline/partial/restart/out-of-order/duplicate test,REQUIREMENT,DETAILED_FUNCTION,RTC-LOG-LEVEL,P07-RUNTIME-CONTROL-LOG-LEVEL,P07,,재확인 필요,미검증,CPF_REQUIREMENT_MASTER_PART_013_CPF-FR-020081__CPF-FR-021936.csv
CPF-FR-021615,,P1,cpf-admin control plane + runtime owner,com.cpf.admin + com.cpf.<owner>,,OPS-CONFIG/OPS-DRIFT/ADM-SERVICE,Log Policy를 소비하는 모든 Runtime Instance,Log Policy가 단일·Group·전체 Target에서 version·ACK·actual·drift·rollback까지 추적돼야 한다.,Log Policy two-instance/offline/partial/restart/out-of-order/duplicate test,REQUIREMENT,DETAILED_FUNCTION,RTC-LOG-POLICY,P07-RUNTIME-CONTROL-LOG-POLICY,P07,,재확인 필요,미검증,CPF_REQUIREMENT_MASTER_PART_013_CPF-FR-020081__CPF-FR-021936.csv
CPF-FR-021625,,P1,cpf-admin control plane + runtime owner,com.cpf.admin + com.cpf.<owner>,,OPS-CONFIG/OPS-DRIFT/ADM-SERVICE,Message Catalog를 소비하는 모든 Runtime Instance,Message Catalog가 단일·Group·전체 Target에서 version·ACK·actual·drift·rollback까지 추적돼야 한다.,Message Catalog two-instance/offline/partial/restart/out-of-order/duplicate test,REQUIREMENT,DETAILED_FUNCTION,RTC-MESSAGE-CATALOG,P07-RUNTIME-CONTROL-MESSAGE-CATALOG,P07,,재확인 필요,미검증,CPF_REQUIREMENT_MASTER_PART_013_CPF-FR-020081__CPF-FR-021936.csv
CPF-FR-021635,,P1,cpf-admin control plane + runtime owner,com.cpf.admin + com.cpf.<owner>,,OPS-CONFIG/OPS-DRIFT/ADM-SERVICE,Response Code를 소비하는 모든 Runtime Instance,Response Code가 단일·Group·전체 Target에서 version·ACK·actual·drift·rollback까지 추적돼야 한다.,Response Code two-instance/offline/partial/restart/out-of-order/duplicate test,REQUIREMENT,DETAILED_FUNCTION,RTC-RESPONSE-CODE,P07-RUNTIME-CONTROL-RESPONSE-CODE,P07,,재확인 필요,미검증,CPF_REQUIREMENT_MASTER_PART_013_CPF-FR-020081__CPF-FR-021936.csv
CPF-FR-021645,,P1,cpf-admin control plane + runtime owner,com.cpf.admin + com.cpf.<owner>,,OPS-CONFIG/OPS-DRIFT/ADM-SERVICE,Business Calendar를 소비하는 모든 Runtime Instance,Business Calendar가 단일·Group·전체 Target에서 version·ACK·actual·drift·rollback까지 추적돼야 한다.,Business Calendar two-instance/offline/partial/restart/out-of-order/duplicate test,REQUIREMENT,DETAILED_FUNCTION,RTC-BUSINESS-CALENDAR,P07-RUNTIME-CONTROL-BUSINESS-CALENDAR,P07,,재확인 필요,미검증,CPF_REQUIREMENT_MASTER_PART_013_CPF-FR-020081__CPF-FR-021936.csv
CPF-FR-021655,,P1,cpf-admin control plane + runtime owner,com.cpf.admin + com.cpf.<owner>,,OPS-CONFIG/OPS-DRIFT/ADM-SERVICE,Permission Manifest를 소비하는 모든 Runtime Instance,Permission Manifest가 단일·Group·전체 Target에서 version·ACK·actual·drift·rollback까지 추적돼야 한다.,Permission Manifest two-instance/offline/partial/restart/out-of-order/duplicate test,REQUIREMENT,DETAILED_FUNCTION,RTC-PERMISSION-MANIFEST,P07-RUNTIME-CONTROL-PERMISSION-MANIFEST,P07,,재확인 필요,미검증,CPF_REQUIREMENT_MASTER_PART_013_CPF-FR-020081__CPF-FR-021936.csv
CPF-FR-021665,,P1,cpf-admin control plane + runtime owner,com.cpf.admin + com.cpf.<owner>,,OPS-CONFIG/OPS-DRIFT/ADM-SERVICE,Feature Flag를 소비하는 모든 Runtime Instance,Feature Flag가 단일·Group·전체 Target에서 version·ACK·actual·drift·rollback까지 추적돼야 한다.,Feature Flag two-instance/offline/partial/restart/out-of-order/duplicate test,REQUIREMENT,DETAILED_FUNCTION,RTC-FEATURE-FLAG,P07-RUNTIME-CONTROL-FEATURE-FLAG,P07,,재확인 필요,미검증,CPF_REQUIREMENT_MASTER_PART_013_CPF-FR-020081__CPF-FR-021936.csv
CPF-FR-021675,,P1,cpf-admin control plane + runtime owner,com.cpf.admin + com.cpf.<owner>,,OPS-CONFIG/OPS-DRIFT/ADM-SERVICE,Tenant Capability를 소비하는 모든 Runtime Instance,Tenant Capability가 단일·Group·전체 Target에서 version·ACK·actual·drift·rollback까지 추적돼야 한다.,Tenant Capability two-instance/offline/partial/restart/out-of-order/duplicate test,REQUIREMENT,DETAILED_FUNCTION,RTC-TENANT-CAPABILITY,P07-RUNTIME-CONTROL-TENANT-CAPABILITY,P07,,재확인 필요,미검증,CPF_REQUIREMENT_MASTER_PART_013_CPF-FR-020081__CPF-FR-021936.csv
CPF-FR-021685,,P1,cpf-admin control plane + runtime owner,com.cpf.admin + com.cpf.<owner>,,OPS-CONFIG/OPS-DRIFT/ADM-SERVICE,Gateway Route를 소비하는 모든 Runtime Instance,Gateway Route가 단일·Group·전체 Target에서 version·ACK·actual·drift·rollback까지 추적돼야 한다.,Gateway Route two-instance/offline/partial/restart/out-of-order/duplicate test,REQUIREMENT,DETAILED_FUNCTION,RTC-GATEWAY-ROUTE,P07-RUNTIME-CONTROL-GATEWAY-ROUTE,P07,,재확인 필요,미검증,CPF_REQUIREMENT_MASTER_PART_013_CPF-FR-020081__CPF-FR-021936.csv
CPF-FR-021695,,P1,cpf-admin control plane + runtime owner,com.cpf.admin + com.cpf.<owner>,,OPS-CONFIG/OPS-DRIFT/ADM-SERVICE,Routing Weight를 소비하는 모든 Runtime Instance,Routing Weight가 단일·Group·전체 Target에서 version·ACK·actual·drift·rollback까지 추적돼야 한다.,Routing Weight two-instance/offline/partial/restart/out-of-order/duplicate test,REQUIREMENT,DETAILED_FUNCTION,RTC-ROUTING-WEIGHT,P07-RUNTIME-CONTROL-ROUTING-WEIGHT,P07,,재확인 필요,미검증,CPF_REQUIREMENT_MASTER_PART_013_CPF-FR-020081__CPF-FR-021936.csv
CPF-FR-021705,,P1,cpf-admin control plane + runtime owner,com.cpf.admin + com.cpf.<owner>,,OPS-CONFIG/OPS-DRIFT/ADM-SERVICE,Batch Schedule를 소비하는 모든 Runtime Instance,Batch Schedule가 단일·Group·전체 Target에서 version·ACK·actual·drift·rollback까지 추적돼야 한다.,Batch Schedule two-instance/offline/partial/restart/out-of-order/duplicate test,REQUIREMENT,DETAILED_FUNCTION,RTC-BATCH-SCHEDULE,P07-RUNTIME-CONTROL-BATCH-SCHEDULE,P07,,재확인 필요,미검증,CPF_REQUIREMENT_MASTER_PART_013_CPF-FR-020081__CPF-FR-021936.csv
CPF-FR-021715,,P1,cpf-admin control plane + runtime owner,com.cpf.admin + com.cpf.<owner>,,OPS-CONFIG/OPS-DRIFT/ADM-SERVICE,Worker Concurrency를 소비하는 모든 Runtime Instance,Worker Concurrency가 단일·Group·전체 Target에서 version·ACK·actual·drift·rollback까지 추적돼야 한다.,Worker Concurrency two-instance/offline/partial/restart/out-of-order/duplicate test,REQUIREMENT,DETAILED_FUNCTION,RTC-WORKER-CONCURRENCY,P07-RUNTIME-CONTROL-WORKER-CONCURRENCY,P07,,재확인 필요,미검증,CPF_REQUIREMENT_MASTER_PART_013_CPF-FR-020081__CPF-FR-021936.csv
CPF-FR-021725,,P1,cpf-admin control plane + runtime owner,com.cpf.admin + com.cpf.<owner>,,OPS-CONFIG/OPS-DRIFT/ADM-SERVICE,Rate Limit를 소비하는 모든 Runtime Instance,Rate Limit가 단일·Group·전체 Target에서 version·ACK·actual·drift·rollback까지 추적돼야 한다.,Rate Limit two-instance/offline/partial/restart/out-of-order/duplicate test,REQUIREMENT,DETAILED_FUNCTION,RTC-RATE-LIMIT,P07-RUNTIME-CONTROL-RATE-LIMIT,P07,,재확인 필요,미검증,CPF_REQUIREMENT_MASTER_PART_013_CPF-FR-020081__CPF-FR-021936.csv
CPF-FR-021735,,P1,cpf-admin control plane + runtime owner,com.cpf.admin + com.cpf.<owner>,,OPS-CONFIG/OPS-DRIFT/ADM-SERVICE,Masking Rule를 소비하는 모든 Runtime Instance,Masking Rule가 단일·Group·전체 Target에서 version·ACK·actual·drift·rollback까지 추적돼야 한다.,Masking Rule two-instance/offline/partial/restart/out-of-order/duplicate test,REQUIREMENT,DETAILED_FUNCTION,RTC-MASKING-RULE,P07-RUNTIME-CONTROL-MASKING-RULE,P07,,재확인 필요,미검증,CPF_REQUIREMENT_MASTER_PART_013_CPF-FR-020081__CPF-FR-021936.csv
CPF-FR-021745,,P1,cpf-admin control plane + runtime owner,com.cpf.admin + com.cpf.<owner>,,OPS-CONFIG/OPS-DRIFT/ADM-SERVICE,Secret Reference를 소비하는 모든 Runtime Instance,Secret Reference가 단일·Group·전체 Target에서 version·ACK·actual·drift·rollback까지 추적돼야 한다.,Secret Reference two-instance/offline/partial/restart/out-of-order/duplicate test,REQUIREMENT,DETAILED_FUNCTION,RTC-SECRET-REFERENCE,P07-RUNTIME-CONTROL-SECRET-REFERENCE,P07,,재확인 필요,미검증,CPF_REQUIREMENT_MASTER_PART_013_CPF-FR-020081__CPF-FR-021936.csv
CPF-FR-021755,,P1,cpf-admin control plane + runtime owner,com.cpf.admin + com.cpf.<owner>,,OPS-CONFIG/OPS-DRIFT/ADM-SERVICE,Broker Consumer를 소비하는 모든 Runtime Instance,Broker Consumer가 단일·Group·전체 Target에서 version·ACK·actual·drift·rollback까지 추적돼야 한다.,Broker Consumer two-instance/offline/partial/restart/out-of-order/duplicate test,REQUIREMENT,DETAILED_FUNCTION,RTC-BROKER-CONSUMER,P07-RUNTIME-CONTROL-BROKER-CONSUMER,P07,,재확인 필요,미검증,CPF_REQUIREMENT_MASTER_PART_013_CPF-FR-020081__CPF-FR-021936.csv
CPF-FR-021765,,P1,cpf-admin control plane + runtime owner,com.cpf.admin + com.cpf.<owner>,,OPS-CONFIG/OPS-DRIFT/ADM-SERVICE,Broker Retry/DLQ를 소비하는 모든 Runtime Instance,Broker Retry/DLQ가 단일·Group·전체 Target에서 version·ACK·actual·drift·rollback까지 추적돼야 한다.,Broker Retry/DLQ two-instance/offline/partial/restart/out-of-order/duplicate test,REQUIREMENT,DETAILED_FUNCTION,RTC-BROKER-RETRY-DLQ,P07-RUNTIME-CONTROL-BROKER-RETRY-DLQ,P07,,재확인 필요,미검증,CPF_REQUIREMENT_MASTER_PART_013_CPF-FR-020081__CPF-FR-021936.csv
CPF-FR-021775,,P1,cpf-admin control plane + runtime owner,com.cpf.admin + com.cpf.<owner>,,OPS-CONFIG/OPS-DRIFT/ADM-SERVICE,Schema Compatibility를 소비하는 모든 Runtime Instance,Schema Compatibility가 단일·Group·전체 Target에서 version·ACK·actual·drift·rollback까지 추적돼야 한다.,Schema Compatibility two-instance/offline/partial/restart/out-of-order/duplicate test,REQUIREMENT,DETAILED_FUNCTION,RTC-SCHEMA-COMPATIBILITY,P07-RUNTIME-CONTROL-SCHEMA-COMPATIBILITY,P07,,재확인 필요,미검증,CPF_REQUIREMENT_MASTER_PART_013_CPF-FR-020081__CPF-FR-021936.csv
CPF-FR-021785,,P1,cpf-admin control plane + runtime owner,com.cpf.admin + com.cpf.<owner>,,OPS-CONFIG/OPS-DRIFT/ADM-SERVICE,Cache Policy를 소비하는 모든 Runtime Instance,Cache Policy가 단일·Group·전체 Target에서 version·ACK·actual·drift·rollback까지 추적돼야 한다.,Cache Policy two-instance/offline/partial/restart/out-of-order/duplicate test,REQUIREMENT,DETAILED_FUNCTION,RTC-CACHE-POLICY,P07-RUNTIME-CONTROL-CACHE-POLICY,P07,,재확인 필요,미검증,CPF_REQUIREMENT_MASTER_PART_013_CPF-FR-020081__CPF-FR-021936.csv
CPF-FR-021795,,P1,cpf-admin control plane + runtime owner,com.cpf.admin + com.cpf.<owner>,,OPS-CONFIG/OPS-DRIFT/ADM-SERVICE,Connection Pool를 소비하는 모든 Runtime Instance,Connection Pool가 단일·Group·전체 Target에서 version·ACK·actual·drift·rollback까지 추적돼야 한다.,Connection Pool two-instance/offline/partial/restart/out-of-order/duplicate test,REQUIREMENT,DETAILED_FUNCTION,RTC-CONNECTION-POOL,P07-RUNTIME-CONTROL-CONNECTION-POOL,P07,,재확인 필요,미검증,CPF_REQUIREMENT_MASTER_PART_013_CPF-FR-020081__CPF-FR-021936.csv
CPF-FR-021805,,P1,cpf-admin control plane + runtime owner,com.cpf.admin + com.cpf.<owner>,,OPS-CONFIG/OPS-DRIFT/ADM-SERVICE,SLO Threshold를 소비하는 모든 Runtime Instance,SLO Threshold가 단일·Group·전체 Target에서 version·ACK·actual·drift·rollback까지 추적돼야 한다.,SLO Threshold two-instance/offline/partial/restart/out-of-order/duplicate test,REQUIREMENT,DETAILED_FUNCTION,RTC-SLO-THRESHOLD,P07-RUNTIME-CONTROL-SLO-THRESHOLD,P07,,재확인 필요,미검증,CPF_REQUIREMENT_MASTER_PART_013_CPF-FR-020081__CPF-FR-021936.csv
CPF-FR-021815,,P1,cpf-admin control plane + runtime owner,com.cpf.admin + com.cpf.<owner>,,OPS-CONFIG/OPS-DRIFT/ADM-SERVICE,Alert Threshold를 소비하는 모든 Runtime Instance,Alert Threshold가 단일·Group·전체 Target에서 version·ACK·actual·drift·rollback까지 추적돼야 한다.,Alert Threshold two-instance/offline/partial/restart/out-of-order/duplicate test,REQUIREMENT,DETAILED_FUNCTION,RTC-ALERT-THRESHOLD,P07-RUNTIME-CONTROL-ALERT-THRESHOLD,P07,,재확인 필요,미검증,CPF_REQUIREMENT_MASTER_PART_013_CPF-FR-020081__CPF-FR-021936.csv
CPF-FR-021825,,P1,cpf-admin control plane + runtime owner,com.cpf.admin + com.cpf.<owner>,,OPS-CONFIG/OPS-DRIFT/ADM-SERVICE,Trace Sampling를 소비하는 모든 Runtime Instance,Trace Sampling가 단일·Group·전체 Target에서 version·ACK·actual·drift·rollback까지 추적돼야 한다.,Trace Sampling two-instance/offline/partial/restart/out-of-order/duplicate test,REQUIREMENT,DETAILED_FUNCTION,RTC-TRACE-SAMPLING,P07-RUNTIME-CONTROL-TRACE-SAMPLING,P07,,재확인 필요,미검증,CPF_REQUIREMENT_MASTER_PART_013_CPF-FR-020081__CPF-FR-021936.csv
CPF-FR-021835,,P1,cpf-admin control plane + runtime owner,com.cpf.admin + com.cpf.<owner>,,OPS-CONFIG/OPS-DRIFT/ADM-SERVICE,Download Policy를 소비하는 모든 Runtime Instance,Download Policy가 단일·Group·전체 Target에서 version·ACK·actual·drift·rollback까지 추적돼야 한다.,Download Policy two-instance/offline/partial/restart/out-of-order/duplicate test,REQUIREMENT,DETAILED_FUNCTION,RTC-DOWNLOAD-POLICY,P07-RUNTIME-CONTROL-DOWNLOAD-POLICY,P07,,재확인 필요,미검증,CPF_REQUIREMENT_MASTER_PART_013_CPF-FR-020081__CPF-FR-021936.csv
CPF-FR-021845,,P1,cpf-admin control plane + runtime owner,com.cpf.admin + com.cpf.<owner>,,OPS-CONFIG/OPS-DRIFT/ADM-SERVICE,API Client Policy를 소비하는 모든 Runtime Instance,API Client Policy가 단일·Group·전체 Target에서 version·ACK·actual·drift·rollback까지 추적돼야 한다.,API Client Policy two-instance/offline/partial/restart/out-of-order/duplicate test,REQUIREMENT,DETAILED_FUNCTION,RTC-API-CLIENT-POLICY,P07-RUNTIME-CONTROL-API-CLIENT-POLICY,P07,,재확인 필요,미검증,CPF_REQUIREMENT_MASTER_PART_013_CPF-FR-020081__CPF-FR-021936.csv
CPF-FR-021855,,P1,cpf-admin control plane + runtime owner,com.cpf.admin + com.cpf.<owner>,,OPS-CONFIG/OPS-DRIFT/ADM-SERVICE,Maintenance Policy를 소비하는 모든 Runtime Instance,Maintenance Policy가 단일·Group·전체 Target에서 version·ACK·actual·drift·rollback까지 추적돼야 한다.,Maintenance Policy two-instance/offline/partial/restart/out-of-order/duplicate test,REQUIREMENT,DETAILED_FUNCTION,RTC-MAINTENANCE-POLICY,P07-RUNTIME-CONTROL-MAINTENANCE-POLICY,P07,,재확인 필요,미검증,CPF_REQUIREMENT_MASTER_PART_013_CPF-FR-020081__CPF-FR-021936.csv
CPF-FR-021865,,P1,cpf-admin control plane + runtime owner,com.cpf.admin + com.cpf.<owner>,,OPS-CONFIG/OPS-DRIFT/ADM-SERVICE,Health Threshold를 소비하는 모든 Runtime Instance,Health Threshold가 단일·Group·전체 Target에서 version·ACK·actual·drift·rollback까지 추적돼야 한다.,Health Threshold two-instance/offline/partial/restart/out-of-order/duplicate test,REQUIREMENT,DETAILED_FUNCTION,RTC-HEALTH-THRESHOLD,P07-RUNTIME-CONTROL-HEALTH-THRESHOLD,P07,,재확인 필요,미검증,CPF_REQUIREMENT_MASTER_PART_013_CPF-FR-020081__CPF-FR-021936.csv
CPF-FR-021875,,P1,cpf-admin control plane + runtime owner,com.cpf.admin + com.cpf.<owner>,,OPS-CONFIG/OPS-DRIFT/ADM-SERVICE,Certificate Activation를 소비하는 모든 Runtime Instance,Certificate Activation가 단일·Group·전체 Target에서 version·ACK·actual·drift·rollback까지 추적돼야 한다.,Certificate Activation two-instance/offline/partial/restart/out-of-order/duplicate test,REQUIREMENT,DETAILED_FUNCTION,RTC-CERTIFICATE-ACTIVATION,P07-RUNTIME-CONTROL-CERTIFICATE-ACTIVATION,P07,,재확인 필요,미검증,CPF_REQUIREMENT_MASTER_PART_013_CPF-FR-020081__CPF-FR-021936.csv
CPF-FR-021885,,P1,cpf-admin control plane + runtime owner,com.cpf.admin + com.cpf.<owner>,,OPS-CONFIG/OPS-DRIFT/ADM-SERVICE,Notification Rule를 소비하는 모든 Runtime Instance,Notification Rule가 단일·Group·전체 Target에서 version·ACK·actual·drift·rollback까지 추적돼야 한다.,Notification Rule two-instance/offline/partial/restart/out-of-order/duplicate test,REQUIREMENT,DETAILED_FUNCTION,RTC-NOTIFICATION-RULE,P07-RUNTIME-CONTROL-NOTIFICATION-RULE,P07,,재확인 필요,미검증,CPF_REQUIREMENT_MASTER_PART_013_CPF-FR-020081__CPF-FR-021936.csv
CPF-FR-021895,,P1,cpf-admin control plane + runtime owner,com.cpf.admin + com.cpf.<owner>,,OPS-CONFIG/OPS-DRIFT/ADM-SERVICE,External Endpoint를 소비하는 모든 Runtime Instance,External Endpoint가 단일·Group·전체 Target에서 version·ACK·actual·drift·rollback까지 추적돼야 한다.,External Endpoint two-instance/offline/partial/restart/out-of-order/duplicate test,REQUIREMENT,DETAILED_FUNCTION,RTC-EXTERNAL-ENDPOINT,P07-RUNTIME-CONTROL-EXTERNAL-ENDPOINT,P07,,재확인 필요,미검증,CPF_REQUIREMENT_MASTER_PART_013_CPF-FR-020081__CPF-FR-021936.csv
CPF-FR-021905,,P1,cpf-admin control plane + runtime owner,com.cpf.admin + com.cpf.<owner>,,OPS-CONFIG/OPS-DRIFT/ADM-SERVICE,Circuit Breaker Policy를 소비하는 모든 Runtime Instance,Circuit Breaker Policy가 단일·Group·전체 Target에서 version·ACK·actual·drift·rollback까지 추적돼야 한다.,Circuit Breaker Policy two-instance/offline/partial/restart/out-of-order/duplicate test,REQUIREMENT,DETAILED_FUNCTION,RTC-CIRCUIT-BREAKER-POLICY,P07-RUNTIME-CONTROL-CIRCUIT-BREAKER-POLICY,P07,,재확인 필요,미검증,CPF_REQUIREMENT_MASTER_PART_013_CPF-FR-020081__CPF-FR-021936.csv
CPF-FR-021915,,P1,cpf-admin control plane + runtime owner,com.cpf.admin + com.cpf.<owner>,,OPS-CONFIG/OPS-DRIFT/ADM-SERVICE,Timeout Budget를 소비하는 모든 Runtime Instance,Timeout Budget가 단일·Group·전체 Target에서 version·ACK·actual·drift·rollback까지 추적돼야 한다.,Timeout Budget two-instance/offline/partial/restart/out-of-order/duplicate test,REQUIREMENT,DETAILED_FUNCTION,RTC-TIMEOUT-BUDGET,P07-RUNTIME-CONTROL-TIMEOUT-BUDGET,P07,,재확인 필요,미검증,CPF_REQUIREMENT_MASTER_PART_013_CPF-FR-020081__CPF-FR-021936.csv
CPF-FR-021925,,P1,cpf-admin control plane + runtime owner,com.cpf.admin + com.cpf.<owner>,,OPS-CONFIG/OPS-DRIFT/ADM-SERVICE,Retry Policy를 소비하는 모든 Runtime Instance,Retry Policy가 단일·Group·전체 Target에서 version·ACK·actual·drift·rollback까지 추적돼야 한다.,Retry Policy two-instance/offline/partial/restart/out-of-order/duplicate test,REQUIREMENT,DETAILED_FUNCTION,RTC-RETRY-POLICY,P07-RUNTIME-CONTROL-RETRY-POLICY,P07,,재확인 필요,미검증,CPF_REQUIREMENT_MASTER_PART_013_CPF-FR-020081__CPF-FR-021936.csv
CPF-FR-021935,,P1,cpf-admin control plane + runtime owner,com.cpf.admin + com.cpf.<owner>,,OPS-CONFIG/OPS-DRIFT/ADM-SERVICE,Bulkhead를 소비하는 모든 Runtime Instance,Bulkhead가 단일·Group·전체 Target에서 version·ACK·actual·drift·rollback까지 추적돼야 한다.,Bulkhead two-instance/offline/partial/restart/out-of-order/duplicate test,REQUIREMENT,DETAILED_FUNCTION,RTC-BULKHEAD,P07-RUNTIME-CONTROL-BULKHEAD,P07,,재확인 필요,미검증,CPF_REQUIREMENT_MASTER_PART_013_CPF-FR-020081__CPF-FR-021936.csv
CPF-FR-021945,,P1,cpf-admin control plane + runtime owner,com.cpf.admin + com.cpf.<owner>,,OPS-CONFIG/OPS-DRIFT/ADM-SERVICE,File Transfer Policy를 소비하는 모든 Runtime Instance,File Transfer Policy가 단일·Group·전체 Target에서 version·ACK·actual·drift·rollback까지 추적돼야 한다.,File Transfer Policy two-instance/offline/partial/restart/out-of-order/duplicate test,REQUIREMENT,DETAILED_FUNCTION,RTC-FILE-TRANSFER-POLICY,P07-RUNTIME-CONTROL-FILE-TRANSFER-POLICY,P07,,재확인 필요,미검증,CPF_REQUIREMENT_MASTER_PART_014_CPF-FR-021937__CPF-FR-023551.csv
CPF-FR-021955,,P1,cpf-admin control plane + runtime owner,com.cpf.admin + com.cpf.<owner>,,OPS-CONFIG/OPS-DRIFT/ADM-SERVICE,Session Policy를 소비하는 모든 Runtime Instance,Session Policy가 단일·Group·전체 Target에서 version·ACK·actual·drift·rollback까지 추적돼야 한다.,Session Policy two-instance/offline/partial/restart/out-of-order/duplicate test,REQUIREMENT,DETAILED_FUNCTION,RTC-SESSION-POLICY,P07-RUNTIME-CONTROL-SESSION-POLICY,P07,,재확인 필요,미검증,CPF_REQUIREMENT_MASTER_PART_014_CPF-FR-021937__CPF-FR-023551.csv
CPF-FR-021965,,P1,cpf-admin control plane + runtime owner,com.cpf.admin + com.cpf.<owner>,,OPS-CONFIG/OPS-DRIFT/ADM-SERVICE,Password Policy를 소비하는 모든 Runtime Instance,Password Policy가 단일·Group·전체 Target에서 version·ACK·actual·drift·rollback까지 추적돼야 한다.,Password Policy two-instance/offline/partial/restart/out-of-order/duplicate test,REQUIREMENT,DETAILED_FUNCTION,RTC-PASSWORD-POLICY,P07-RUNTIME-CONTROL-PASSWORD-POLICY,P07,,재확인 필요,미검증,CPF_REQUIREMENT_MASTER_PART_014_CPF-FR-021937__CPF-FR-023551.csv
CPF-FR-021975,,P1,cpf-admin control plane + runtime owner,com.cpf.admin + com.cpf.<owner>,,OPS-CONFIG/OPS-DRIFT/ADM-SERVICE,MFA Policy를 소비하는 모든 Runtime Instance,MFA Policy가 단일·Group·전체 Target에서 version·ACK·actual·drift·rollback까지 추적돼야 한다.,MFA Policy two-instance/offline/partial/restart/out-of-order/duplicate test,REQUIREMENT,DETAILED_FUNCTION,RTC-MFA-POLICY,P07-RUNTIME-CONTROL-MFA-POLICY,P07,,재확인 필요,미검증,CPF_REQUIREMENT_MASTER_PART_014_CPF-FR-021937__CPF-FR-023551.csv
CPF-FR-021985,,P1,cpf-admin control plane + runtime owner,com.cpf.admin + com.cpf.<owner>,,OPS-CONFIG/OPS-DRIFT/ADM-SERVICE,IP Allowlist를 소비하는 모든 Runtime Instance,IP Allowlist가 단일·Group·전체 Target에서 version·ACK·actual·drift·rollback까지 추적돼야 한다.,IP Allowlist two-instance/offline/partial/restart/out-of-order/duplicate test,REQUIREMENT,DETAILED_FUNCTION,RTC-IP-ALLOWLIST,P07-RUNTIME-CONTROL-IP-ALLOWLIST,P07,,재확인 필요,미검증,CPF_REQUIREMENT_MASTER_PART_014_CPF-FR-021937__CPF-FR-023551.csv
CPF-FR-021995,,P1,cpf-admin control plane + runtime owner,com.cpf.admin + com.cpf.<owner>,,OPS-CONFIG/OPS-DRIFT/ADM-SERVICE,Audit Delivery를 소비하는 모든 Runtime Instance,Audit Delivery가 단일·Group·전체 Target에서 version·ACK·actual·drift·rollback까지 추적돼야 한다.,Audit Delivery two-instance/offline/partial/restart/out-of-order/duplicate test,REQUIREMENT,DETAILED_FUNCTION,RTC-AUDIT-DELIVERY,P07-RUNTIME-CONTROL-AUDIT-DELIVERY,P07,,재확인 필요,미검증,CPF_REQUIREMENT_MASTER_PART_014_CPF-FR-021937__CPF-FR-023551.csv
CPF-FR-022005,,P1,cpf-admin control plane + runtime owner,com.cpf.admin + com.cpf.<owner>,,OPS-CONFIG/OPS-DRIFT/ADM-SERVICE,Retention Policy를 소비하는 모든 Runtime Instance,Retention Policy가 단일·Group·전체 Target에서 version·ACK·actual·drift·rollback까지 추적돼야 한다.,Retention Policy two-instance/offline/partial/restart/out-of-order/duplicate test,REQUIREMENT,DETAILED_FUNCTION,RTC-RETENTION-POLICY,P07-RUNTIME-CONTROL-RETENTION-POLICY,P07,,재확인 필요,미검증,CPF_REQUIREMENT_MASTER_PART_014_CPF-FR-021937__CPF-FR-023551.csv
CPF-FR-022015,,P1,cpf-admin control plane + runtime owner,com.cpf.admin + com.cpf.<owner>,,OPS-CONFIG/OPS-DRIFT/ADM-SERVICE,Data Purge Policy를 소비하는 모든 Runtime Instance,Data Purge Policy가 단일·Group·전체 Target에서 version·ACK·actual·drift·rollback까지 추적돼야 한다.,Data Purge Policy two-instance/offline/partial/restart/out-of-order/duplicate test,REQUIREMENT,DETAILED_FUNCTION,RTC-DATA-PURGE-POLICY,P07-RUNTIME-CONTROL-DATA-PURGE-POLICY,P07,,재확인 필요,미검증,CPF_REQUIREMENT_MASTER_PART_014_CPF-FR-021937__CPF-FR-023551.csv
CPF-FR-022025,,P1,cpf-admin control plane + runtime owner,com.cpf.admin + com.cpf.<owner>,,OPS-CONFIG/OPS-DRIFT/ADM-SERVICE,Backup Policy를 소비하는 모든 Runtime Instance,Backup Policy가 단일·Group·전체 Target에서 version·ACK·actual·drift·rollback까지 추적돼야 한다.,Backup Policy two-instance/offline/partial/restart/out-of-order/duplicate test,REQUIREMENT,DETAILED_FUNCTION,RTC-BACKUP-POLICY,P07-RUNTIME-CONTROL-BACKUP-POLICY,P07,,재확인 필요,미검증,CPF_REQUIREMENT_MASTER_PART_014_CPF-FR-021937__CPF-FR-023551.csv
CPF-FR-022035,,P1,cpf-admin control plane + runtime owner,com.cpf.admin + com.cpf.<owner>,,OPS-CONFIG/OPS-DRIFT/ADM-SERVICE,DR Policy를 소비하는 모든 Runtime Instance,DR Policy가 단일·Group·전체 Target에서 version·ACK·actual·drift·rollback까지 추적돼야 한다.,DR Policy two-instance/offline/partial/restart/out-of-order/duplicate test,REQUIREMENT,DETAILED_FUNCTION,RTC-DR-POLICY,P07-RUNTIME-CONTROL-DR-POLICY,P07,,재확인 필요,미검증,CPF_REQUIREMENT_MASTER_PART_014_CPF-FR-021937__CPF-FR-023551.csv
CPF-FR-022045,,P1,cpf-admin control plane + runtime owner,com.cpf.admin + com.cpf.<owner>,,OPS-CONFIG/OPS-DRIFT/ADM-SERVICE,Canary Policy를 소비하는 모든 Runtime Instance,Canary Policy가 단일·Group·전체 Target에서 version·ACK·actual·drift·rollback까지 추적돼야 한다.,Canary Policy two-instance/offline/partial/restart/out-of-order/duplicate test,REQUIREMENT,DETAILED_FUNCTION,RTC-CANARY-POLICY,P07-RUNTIME-CONTROL-CANARY-POLICY,P07,,재확인 필요,미검증,CPF_REQUIREMENT_MASTER_PART_014_CPF-FR-021937__CPF-FR-023551.csv
CPF-FR-022055,,P1,cpf-admin control plane + runtime owner,com.cpf.admin + com.cpf.<owner>,,OPS-CONFIG/OPS-DRIFT/ADM-SERVICE,Deployment Policy를 소비하는 모든 Runtime Instance,Deployment Policy가 단일·Group·전체 Target에서 version·ACK·actual·drift·rollback까지 추적돼야 한다.,Deployment Policy two-instance/offline/partial/restart/out-of-order/duplicate test,REQUIREMENT,DETAILED_FUNCTION,RTC-DEPLOYMENT-POLICY,P07-RUNTIME-CONTROL-DEPLOYMENT-POLICY,P07,,재확인 필요,미검증,CPF_REQUIREMENT_MASTER_PART_014_CPF-FR-021937__CPF-FR-023551.csv
CPF-FR-022065,,P1,cpf-admin control plane + runtime owner,com.cpf.admin + com.cpf.<owner>,,OPS-CONFIG/OPS-DRIFT/ADM-SERVICE,Service Registry Metadata를 소비하는 모든 Runtime Instance,Service Registry Metadata가 단일·Group·전체 Target에서 version·ACK·actual·drift·rollback까지 추적돼야 한다.,Service Registry Metadata two-instance/offline/partial/restart/out-of-order/duplicate test,REQUIREMENT,DETAILED_FUNCTION,RTC-SERVICE-REGISTRY-METADATA,P07-RUNTIME-CONTROL-SERVICE-REGISTRY-METADATA,P07,,재확인 필요,미검증,CPF_REQUIREMENT_MASTER_PART_014_CPF-FR-021937__CPF-FR-023551.csv
CPF-FR-022075,,P1,cpf-admin control plane + runtime owner,com.cpf.admin + com.cpf.<owner>,,OPS-CONFIG/OPS-DRIFT/ADM-SERVICE,Runtime Group를 소비하는 모든 Runtime Instance,Runtime Group가 단일·Group·전체 Target에서 version·ACK·actual·drift·rollback까지 추적돼야 한다.,Runtime Group two-instance/offline/partial/restart/out-of-order/duplicate test,REQUIREMENT,DETAILED_FUNCTION,RTC-RUNTIME-GROUP,P07-RUNTIME-CONTROL-RUNTIME-GROUP,P07,,재확인 필요,미검증,CPF_REQUIREMENT_MASTER_PART_014_CPF-FR-021937__CPF-FR-023551.csv
CPF-FR-022085,,P1,cpf-admin control plane + runtime owner,com.cpf.admin + com.cpf.<owner>,,OPS-CONFIG/OPS-DRIFT/ADM-SERVICE,Target Selector를 소비하는 모든 Runtime Instance,Target Selector가 단일·Group·전체 Target에서 version·ACK·actual·drift·rollback까지 추적돼야 한다.,Target Selector two-instance/offline/partial/restart/out-of-order/duplicate test,REQUIREMENT,DETAILED_FUNCTION,RTC-TARGET-SELECTOR,P07-RUNTIME-CONTROL-TARGET-SELECTOR,P07,,재확인 필요,미검증,CPF_REQUIREMENT_MASTER_PART_014_CPF-FR-021937__CPF-FR-023551.csv
CPF-FR-022095,,P1,cpf-admin control plane + runtime owner,com.cpf.admin + com.cpf.<owner>,,OPS-CONFIG/OPS-DRIFT/ADM-SERVICE,Channel Policy를 소비하는 모든 Runtime Instance,Channel Policy가 단일·Group·전체 Target에서 version·ACK·actual·drift·rollback까지 추적돼야 한다.,Channel Policy two-instance/offline/partial/restart/out-of-order/duplicate test,REQUIREMENT,DETAILED_FUNCTION,RTC-CHANNEL-POLICY,P07-RUNTIME-CONTROL-CHANNEL-POLICY,P07,,재확인 필요,미검증,CPF_REQUIREMENT_MASTER_PART_014_CPF-FR-021937__CPF-FR-023551.csv
CPF-FR-022105,,P1,cpf-admin control plane + runtime owner,com.cpf.admin + com.cpf.<owner>,,OPS-CONFIG/OPS-DRIFT/ADM-SERVICE,Idempotency Policy를 소비하는 모든 Runtime Instance,Idempotency Policy가 단일·Group·전체 Target에서 version·ACK·actual·drift·rollback까지 추적돼야 한다.,Idempotency Policy two-instance/offline/partial/restart/out-of-order/duplicate test,REQUIREMENT,DETAILED_FUNCTION,RTC-IDEMPOTENCY-POLICY,P07-RUNTIME-CONTROL-IDEMPOTENCY-POLICY,P07,,재확인 필요,미검증,CPF_REQUIREMENT_MASTER_PART_014_CPF-FR-021937__CPF-FR-023551.csv
CPF-FR-022115,,P1,cpf-admin control plane + runtime owner,com.cpf.admin + com.cpf.<owner>,,OPS-CONFIG/OPS-DRIFT/ADM-SERVICE,Reconciliation Policy를 소비하는 모든 Runtime Instance,Reconciliation Policy가 단일·Group·전체 Target에서 version·ACK·actual·drift·rollback까지 추적돼야 한다.,Reconciliation Policy two-instance/offline/partial/restart/out-of-order/duplicate test,REQUIREMENT,DETAILED_FUNCTION,RTC-RECONCILIATION-POLICY,P07-RUNTIME-CONTROL-RECONCILIATION-POLICY,P07,,재확인 필요,미검증,CPF_REQUIREMENT_MASTER_PART_014_CPF-FR-021937__CPF-FR-023551.csv
CPF-FR-022125,,P1,cpf-admin control plane + runtime owner,com.cpf.admin + com.cpf.<owner>,,OPS-CONFIG/OPS-DRIFT/ADM-SERVICE,Approval Policy를 소비하는 모든 Runtime Instance,Approval Policy가 단일·Group·전체 Target에서 version·ACK·actual·drift·rollback까지 추적돼야 한다.,Approval Policy two-instance/offline/partial/restart/out-of-order/duplicate test,REQUIREMENT,DETAILED_FUNCTION,RTC-APPROVAL-POLICY,P07-RUNTIME-CONTROL-APPROVAL-POLICY,P07,,재확인 필요,미검증,CPF_REQUIREMENT_MASTER_PART_014_CPF-FR-021937__CPF-FR-023551.csv
CPF-FR-022135,,P1,cpf-admin control plane + runtime owner,com.cpf.admin + com.cpf.<owner>,,OPS-CONFIG/OPS-DRIFT/ADM-SERVICE,Break-glass Policy를 소비하는 모든 Runtime Instance,Break-glass Policy가 단일·Group·전체 Target에서 version·ACK·actual·drift·rollback까지 추적돼야 한다.,Break-glass Policy two-instance/offline/partial/restart/out-of-order/duplicate test,REQUIREMENT,DETAILED_FUNCTION,RTC-BREAK-GLASS-POLICY,P07-RUNTIME-CONTROL-BREAK-GLASS-POLICY,P07,,재확인 필요,미검증,CPF_REQUIREMENT_MASTER_PART_014_CPF-FR-021937__CPF-FR-023551.csv
