path,operation,owner,file_type,bytes,physical_lines,sha256,review_status,finding,review_basis,required_followup
build.gradle,ADD_OR_REPLACE,root-build,gradle,104736,2104,2628520c2d5dcdf23b450a0b33845c8c126dec57e3cd14045e17dd97875db705,미검증,정적 dependency 검토 대상이며 실제 Gradle configuration/compile/publication 미실행,Local R4 overlay static audit + GitHub exact commit stats,
cpf-admin/build.gradle,ADD_OR_REPLACE,cpf-admin,gradle,4981,115,98f1540ba57a169ef9d1869bdd2f6de723e2c1849bf2e5e2e65e6ff6f6b31bb4,미검증,정적 dependency 검토 대상이며 실제 Gradle configuration/compile/publication 미실행,Local R4 overlay static audit + GitHub exact commit stats,각 Consumer의 실제 Bean/Endpoint/Job/Screen 연결과 boot smoke를 구현한다.
cpf-batch/build.gradle,ADD_OR_REPLACE,cpf-batch,gradle,3599,75,937fa8a39516bd89898c2b8bf113e777b67f0d81cd70460002f20cdba6ca3d89,실패,모든 Batch subproject에 Runtime Profile 일괄 주입,Local R4 overlay static audit + GitHub exact commit stats,execution-runtime/scheduler/worker 등 실제 Runtime Project에만 필요한 Profile을 선언한다.
cpf-biz-admin/build.gradle,ADD_OR_REPLACE,cpf-biz-admin,gradle,4480,106,7db92c3b12f1236fbcc3370feca77937515fc349ba18244bac1fc9e62de78429,미검증,정적 dependency 검토 대상이며 실제 Gradle configuration/compile/publication 미실행,Local R4 overlay static audit + GitHub exact commit stats,각 Consumer의 실제 Bean/Endpoint/Job/Screen 연결과 boot smoke를 구현한다.
cpf-common/build.gradle,ADD_OR_REPLACE,cpf-common,gradle,1871,60,22541d81048d23ddddbd4b951426abba27e5008eb0c152e187cbbc15df26cb74,미검증,정적 dependency 검토 대상이며 실제 Gradle configuration/compile/publication 미실행,Local R4 overlay static audit + GitHub exact commit stats,
cpf-core/build.gradle,ADD_OR_REPLACE,cpf-core,gradle,3148,85,64cc05eb98d64a42526165a7a07da3248c0cc3b8e84b8cbda17f89f32e28cc6c,미검증,정적 dependency 검토 대상이며 실제 Gradle configuration/compile/publication 미실행,Local R4 overlay static audit + GitHub exact commit stats,
cpf-core/src/main/resources/META-INF/spring.factories,ADD_OR_REPLACE,cpf-core,factories,71,1,4ae7bba050305f0641887ffbab0b45402cf6270f532a1cf679c90dd9b529ac30,재확인 필요,정적 검토 대상,Local R4 overlay static audit + GitHub exact commit stats,
cpf-core/src/main/resources/META-INF/spring/org.springframework.boot.autoconfigure.AutoConfiguration.imports,ADD_OR_REPLACE,cpf-core,imports,206,4,0b9997698e63a0d72022bb2d2c19cabe19444c2c3a8915b90590536a502f7f56,재확인 필요,정적 검토 대상,Local R4 overlay static audit + GitHub exact commit stats,
cpf-docs/evidence/20260802/qa38/QA38_LOCAL_VERIFICATION_EVIDENCE.md,ADD_OR_REPLACE,governance/qa38,md,2416,35,47a9474e024c859e785bd363dd9bd20165112842db69d40abe9ec5fe119c0dd4,실패,Evidence SHA가 최신 54bcc108이 아니며 full build/runtime 미실행,Local R4 overlay static audit + GitHub exact commit stats,Push 후 exact SHA에서 모든 Gate를 다시 실행해 immutable Evidence를 재발급한다.
cpf-docs/quality/CPF_QA38_FINAL_REQUIREMENT_MATRIX.csv,ADD_OR_REPLACE,governance/qa38,csv,92309,157,cda98f4c9abe0bbafbdfcdf73e04befc0943a5853805d82fb45acd97f17c08c4,실패,Source 결함에도 156개 development_status 전부 완료,Local R4 overlay static audit + GitHub exact commit stats,Requirement→Source→Consumer→Test→Runtime→Evidence별 재판정하고 실패/부분 구현/미검증을 반영한다.
cpf-docs/quality/CPF_QA38_FINAL_SCENARIO_MATRIX.csv,ADD_OR_REPLACE,governance/qa38,csv,6060,53,a9861481290794c8f0942c2a7dbfbee16baccf822f10d4bcc564d558e782604c,재확인 필요,문법/정적 내용 검토 대상이며 최신 exact SHA 통합 실행 또는 정본 추적 필요,Local R4 overlay static audit + GitHub exact commit stats,
cpf-docs/work/codex/qa38/CPF_CODEX_QA38_FINAL_INDEPENDENT_VALIDATION_REQUEST.md,ADD_OR_REPLACE,governance/qa38,md,5583,111,70fae2072b2710aecf645cad3e6e54997010c4806e1cd904b4488c5739a1fabf,재확인 필요,QA38 이전 Base SHA 또는 완료 판정이 포함될 수 있어 최신 54bcc108 기준 currentization 필요,Local R4 overlay static audit + GitHub exact commit stats,
cpf-docs/work/codex/qa38/OPEN_ISSUES.md,ADD_OR_REPLACE,governance/qa38,md,563,12,72b6b5d6d620f13ef95945599b8166d82980137484031858eefca5dab2a27965,재확인 필요,QA38 이전 Base SHA 또는 완료 판정이 포함될 수 있어 최신 54bcc108 기준 currentization 필요,Local R4 overlay static audit + GitHub exact commit stats,
cpf-docs/work/codex/qa38/REQUIREMENT_STATUS.csv,ADD_OR_REPLACE,governance/qa38,csv,32740,157,83c926d9e30fda35a17a0e2778c1fdcc1b22a046d1fa2407d5e74d6dc91d9d4c,실패,Source 결함과 exact-SHA 미검증이 반영되지 않음,Local R4 overlay static audit + GitHub exact commit stats,Requirement→Source→Consumer→Test→Runtime→Evidence별 재판정하고 실패/부분 구현/미검증을 반영한다.
cpf-docs/work/codex/qa38/TEST_AND_EVIDENCE.md,ADD_OR_REPLACE,governance/qa38,md,590,19,5212dbe68c56e4515df00ae0c9400e1874e54c97bb24379ca81aeabe354c4215,재확인 필요,QA38 이전 Base SHA 또는 완료 판정이 포함될 수 있어 최신 54bcc108 기준 currentization 필요,Local R4 overlay static audit + GitHub exact commit stats,
cpf-docs/work/current/CPF_QA38_APPLY_AND_VERIFY.md,ADD_OR_REPLACE,governance/qa38,md,814,25,38b278246bbe17232132933533a9b8808c099e476d208a6a5494128c19ef6cac,재확인 필요,문법/정적 내용 검토 대상이며 최신 exact SHA 통합 실행 또는 정본 추적 필요,Local R4 overlay static audit + GitHub exact commit stats,Base SHA blob hash 기반 preimage 검사와 exact overlapping path report/merge handoff를 구현한다.
cpf-docs/work/current/CPF_QA38_INTEGRATED_DEVELOPMENT_BACKLOG.csv,ADD_OR_REPLACE,governance/qa38,csv,18850,157,32672d38a25d60be6f9104d66908bfc20862d0e4519f275c0dce20f7d152857a,재확인 필요,문법/정적 내용 검토 대상이며 최신 exact SHA 통합 실행 또는 정본 추적 필요,Local R4 overlay static audit + GitHub exact commit stats,
cpf-docs/work/current/CPF_QA38_SELF_DEVELOPED_REQUIREMENTS.csv,ADD_OR_REPLACE,governance/qa38,csv,92309,157,cda98f4c9abe0bbafbdfcdf73e04befc0943a5853805d82fb45acd97f17c08c4,실패,Source 결함에도 완료 상태 일괄 유지,Local R4 overlay static audit + GitHub exact commit stats,Requirement→Source→Consumer→Test→Runtime→Evidence별 재판정하고 실패/부분 구현/미검증을 반영한다.
cpf-docs/work/handover/CPF_QA38_HANDOVER.md,ADD_OR_REPLACE,governance/qa38,md,952,15,fee5a7aa05a87364556af9eb135ace4ab72ff8c150949fe6b53e82080cf2795e,재확인 필요,QA38 이전 Base SHA 또는 완료 판정이 포함될 수 있어 최신 54bcc108 기준 currentization 필요,Local R4 overlay static audit + GitHub exact commit stats,
cpf-docs/work/manifest/CPF_QA38_CHANGE_MANIFEST.csv,ADD_OR_REPLACE,governance/qa38,csv,96135,453,d67577c6922225339cfb8b65c876d0f3fc0f026b43197604fef3a514f7fd0047,재확인 필요,문법/정적 내용 검토 대상이며 최신 exact SHA 통합 실행 또는 정본 추적 필요,Local R4 overlay static audit + GitHub exact commit stats,
cpf-docs/work/manifest/CPF_QA38_CLEANUP_ONE_LINE.ps1.txt,ADD_OR_REPLACE,governance/qa38,txt,15909,1,29ec936745d591aa5f3fef34a41751e76d688440e30908ab32c7e5c845581026,재확인 필요,문법/정적 내용 검토 대상이며 최신 exact SHA 통합 실행 또는 정본 추적 필요,Local R4 overlay static audit + GitHub exact commit stats,
cpf-docs/work/manifest/CPF_QA38_DELETE_MANIFEST.txt,ADD_OR_REPLACE,governance/qa38,txt,13850,160,35fdee44e0d0583d7adce56b50b986f3319139f7cadd495a9b61fea1470a4fb3,재확인 필요,문법/정적 내용 검토 대상이며 최신 exact SHA 통합 실행 또는 정본 추적 필요,Local R4 overlay static audit + GitHub exact commit stats,
cpf-docs/work/manifest/CPF_QA38_DELETE_REVIEW.csv,ADD_OR_REPLACE,governance/qa38,csv,58095,161,9a14df32dec3fef1de2d9a0f44b56ae35ecd0e300c60aa3d2ba67d3d3ccb1dad,재확인 필요,문법/정적 내용 검토 대상이며 최신 exact SHA 통합 실행 또는 정본 추적 필요,Local R4 overlay static audit + GitHub exact commit stats,
cpf-docs/work/manifest/CPF_QA38_EMPTY_DIRECTORY_MANIFEST.txt,ADD_OR_REPLACE,governance/qa38,txt,1233,24,db8e7c2a79f0e80cbca837403fa2020f7e7c69482698a305f058c5aa4adb9a1d,재확인 필요,문법/정적 내용 검토 대상이며 최신 exact SHA 통합 실행 또는 정본 추적 필요,Local R4 overlay static audit + GitHub exact commit stats,
cpf-docs/work/manifest/CPF_QA38_FILES.sha256,ADD_OR_REPLACE,governance/qa38,sha256,71312,451,11eceaf8db00b3f4856e8cc43e3e8218016a2352881f9a717e15d50c3e21a3fd,재확인 필요,정적 검토 대상,Local R4 overlay static audit + GitHub exact commit stats,
cpf-docs/work/manifest/CPF_QA38_PACKAGE_MANIFEST.json,ADD_OR_REPLACE,governance/qa38,json,2196,57,d458aab42fade485efb42b465f9e225afdc50530b73bbf2b91ab74a0b80db3e0,실패,Base/latest/package revision이 최신 Push SHA와 불일치,Local R4 overlay static audit + GitHub exact commit stats,Push 후 exact SHA에서 모든 Gate를 다시 실행해 immutable Evidence를 재발급한다.
cpf-docs/work/manifest/CPF_QA38_PROTECTED_PATHS.txt,ADD_OR_REPLACE,governance/qa38,txt,112,4,a01ddcaca83a1a4247a74effad037fa76172680d85ffffec05afd9771794ae5c,재확인 필요,문법/정적 내용 검토 대상이며 최신 exact SHA 통합 실행 또는 정본 추적 필요,Local R4 overlay static audit + GitHub exact commit stats,
cpf-docs/work/review/CPF_QA38_POST_DEVELOPMENT_REVIEW.md,ADD_OR_REPLACE,governance/qa38,md,5030,76,fbea9aa4a5e0b6201ad30aa731bdf3ce148971c02a675588fc804f2a5d1ee1f4,재확인 필요,QA38 이전 Base SHA 또는 완료 판정이 포함될 수 있어 최신 54bcc108 기준 currentization 필요,Local R4 overlay static audit + GitHub exact commit stats,
cpf-docs/work/review/CPF_QA38_POST_PACKAGE_REVIEW.md,ADD_OR_REPLACE,governance/qa38,md,847,14,5537a04f8e5e3b4089a3cd9c16f47b84a9fa28044d5c0986132952e5a791b678,재확인 필요,QA38 이전 Base SHA 또는 완료 판정이 포함될 수 있어 최신 54bcc108 기준 currentization 필요,Local R4 overlay static audit + GitHub exact commit stats,
cpf-docs/work/review/CPF_QA38_PRE_DEVELOPMENT_REVIEW.md,ADD_OR_REPLACE,governance/qa38,md,2620,48,432bb17c8ac7a2506ec6fa3738c4eb0e4940d4c3d8c8ada3bb6ee0e58c700b02,재확인 필요,QA38 이전 Base SHA 또는 완료 판정이 포함될 수 있어 최신 54bcc108 기준 currentization 필요,Local R4 overlay static audit + GitHub exact commit stats,
cpf-docs/work/review/CPF_QA38_STARTER_INDEPENDENT_REVIEW.md,ADD_OR_REPLACE,governance/qa38,md,2157,50,32a30602c41d84f6b997dd9b9317f1ca393c85e758f3a0eddf90037551ff004f,재확인 필요,QA38 이전 Base SHA 또는 완료 판정이 포함될 수 있어 최신 54bcc108 기준 currentization 필요,Local R4 overlay static audit + GitHub exact commit stats,
cpf-docs/work/state/CPF_CODEX_CONTINUITY_STATE.md,ADD_OR_REPLACE,governance/qa38,md,456,9,5265d0cd72f283d0d7240b2fc4a0956326a540f9344f350ad697c2e52b4f141d,재확인 필요,QA38 이전 Base SHA 또는 완료 판정이 포함될 수 있어 최신 54bcc108 기준 currentization 필요,Local R4 overlay static audit + GitHub exact commit stats,
cpf-docs/work/state/CPF_CODEX_DECISION_LOG.md,ADD_OR_REPLACE,governance/qa38,md,981,16,f6338a0d217af2688f55b59733d403e2272c6bcedb0188579d72ab25be139116,재확인 필요,QA38 이전 Base SHA 또는 완료 판정이 포함될 수 있어 최신 54bcc108 기준 currentization 필요,Local R4 overlay static audit + GitHub exact commit stats,
cpf-gateway/build.gradle,ADD_OR_REPLACE,cpf-gateway,gradle,965,23,3f1d20d6cfae8790a6a5b955744a1357ed959b8c56bd74b658684fbe10d435d9,미검증,정적 dependency 검토 대상이며 실제 Gradle configuration/compile/publication 미실행,Local R4 overlay static audit + GitHub exact commit stats,각 Consumer의 실제 Bean/Endpoint/Job/Screen 연결과 boot smoke를 구현한다.
cpf-gateway/src/main/java/com/cpf/core/common/gateway/CpfGatewayRouteProviderAdapter.java,ADD_OR_REPLACE,cpf-gateway,java,2752,44,1160335eb3255813582b01246085b9b697b399910f6e92439a127f0e4d258ebb,미검증,정적 Source 검토 대상이며 최신 exact SHA Java 25 전체 compile/test 미실행,Local R4 overlay static audit + GitHub exact commit stats,
cpf-member/build.gradle,ADD_OR_REPLACE,cpf-member,gradle,7415,192,a25ddefd589a0081461be4717d1918400e26cb6ee74901f17733c947fe0f600b,미검증,정적 dependency 검토 대상이며 실제 Gradle configuration/compile/publication 미실행,Local R4 overlay static audit + GitHub exact commit stats,각 Consumer의 실제 Bean/Endpoint/Job/Screen 연결과 boot smoke를 구현한다.
cpf-reference/build.gradle,ADD_OR_REPLACE,cpf-reference,gradle,7285,161,f975f7bebcf1da9e5f0a11ac4a51b6496ee28be460a760f53f954d675bc02f8f,미검증,정적 dependency 검토 대상이며 실제 Gradle configuration/compile/publication 미실행,Local R4 overlay static audit + GitHub exact commit stats,각 Consumer의 실제 Bean/Endpoint/Job/Screen 연결과 boot smoke를 구현한다.
cpf-starters/aop-service-access/build.gradle,ADD_OR_REPLACE,aop-service-access,gradle,500,18,491d4690cbac3ea1bb82dca8fb596b7132fed1866177fdd773c27fecf9ae9e75,미검증,정적 dependency 검토 대상이며 실제 Gradle configuration/compile/publication 미실행,Local R4 overlay static audit + GitHub exact commit stats,
cpf-starters/aop-service-access/src/main/java/com/cpf/core/common/aop/ServiceAccessAspect.java,ADD_OR_REPLACE,aop-service-access,java,1734,43,3ddfce14d67d557bf71c40a02b2818c876e80802a8bbe22ed87649b746d59fcf,미검증,정적 Source 검토 대상이며 최신 exact SHA Java 25 전체 compile/test 미실행,Local R4 overlay static audit + GitHub exact commit stats,
cpf-starters/aop-service-access/src/main/java/com/cpf/core/config/CpfAopConfig.java,ADD_OR_REPLACE,aop-service-access,java,295,12,05a4e4ceb5893faf549afdc9310cc70893f569d7769d47da4e2658f446d42883,미검증,정적 Source 검토 대상이며 최신 exact SHA Java 25 전체 compile/test 미실행,Local R4 overlay static audit + GitHub exact commit stats,
cpf-starters/aop-service-access/src/main/resources/META-INF/spring/org.springframework.boot.autoconfigure.AutoConfiguration.imports,ADD_OR_REPLACE,aop-service-access,imports,33,1,35a02303567e75768e4ee4ab51dd034e32ceff7d6fa259db1da57b21f9d6a495,재확인 필요,정적 검토 대상,Local R4 overlay static audit + GitHub exact commit stats,
cpf-starters/aop-service-access/src/test/java/com/cpf/core/common/aop/CpfAspectPointcutMigrationTest.java,ADD_OR_REPLACE,aop-service-access,java,1560,34,6d8b2c7d98da717a323d70e4a2f6cf8444dcabcad48d779a9424379fde7a44c9,미검증,Test Source 존재를 확인했으나 최신 exact SHA의 Gradle 실행 Evidence 없음,Local R4 overlay static audit + GitHub exact commit stats,
cpf-starters/attachment/build.gradle,ADD_OR_REPLACE,attachment,gradle,405,16,67c2f90f08151ab15cb6033cd732e556674cb1e9997c2024e85a21539c87c491,미검증,정적 dependency 검토 대상이며 실제 Gradle configuration/compile/publication 미실행,Local R4 overlay static audit + GitHub exact commit stats,
cpf-starters/attachment/src/main/java/com/cpf/core/common/attachment/LocalCpfAttachmentStorageAdapter.java,ADD_OR_REPLACE,attachment,java,7621,12,9ffea7b85e765de32371b701c6d91ca8da4c55ecec9cbb909b0581a609a33b25,미검증,정적 Source 검토 대상이며 최신 exact SHA Java 25 전체 compile/test 미실행,Local R4 overlay static audit + GitHub exact commit stats,
cpf-starters/attachment/src/main/java/com/cpf/core/config/CpfAttachmentAutoConfiguration.java,ADD_OR_REPLACE,attachment,java,2760,49,1ae8152d6c3e42047ecdf1b88af3ff6c1b682d8fb37565d4ca6b8f31099b1585,미검증,정적 Source 검토 대상이며 최신 exact SHA Java 25 전체 compile/test 미실행,Local R4 overlay static audit + GitHub exact commit stats,
cpf-starters/attachment/src/main/resources/META-INF/spring/org.springframework.boot.autoconfigure.AutoConfiguration.imports,ADD_OR_REPLACE,attachment,imports,51,1,22e76f7475e8c821dc7c01fc914637b291114790138958377a918c59a1311bf9,재확인 필요,정적 검토 대상,Local R4 overlay static audit + GitHub exact commit stats,
cpf-starters/attachment/src/test/java/com/cpf/core/common/attachment/LocalCpfAttachmentStorageAdapterTest.java,ADD_OR_REPLACE,attachment,java,2770,66,898e7207d130efc33929cf0b700b5a1b30e1aaa3dbb68680c56ceb5a17b0f5d9,미검증,Test Source 존재를 확인했으나 최신 exact SHA의 Gradle 실행 Evidence 없음,Local R4 overlay static audit + GitHub exact commit stats,
cpf-starters/base/build.gradle,ADD_OR_REPLACE,base,gradle,652,20,a5e32859c64b696278bc3b70956d5a96132fa07591379ad530a92e987e425639,미검증,정적 dependency 검토 대상이며 실제 Gradle configuration/compile/publication 미실행,Local R4 overlay static audit + GitHub exact commit stats,
cpf-starters/base/src/main/java/com/cpf/core/common/product/CpfCapabilityRegistry.java,ADD_OR_REPLACE,base,java,1583,37,180da3f31650067943edd9407b963bca7726f6b80c2d2f1410a60c861cdce882,미검증,정적 Source 검토 대상이며 최신 exact SHA Java 25 전체 compile/test 미실행,Local R4 overlay static audit + GitHub exact commit stats,
cpf-starters/base/src/main/java/com/cpf/starter/base/CpfBaseAutoConfiguration.java,ADD_OR_REPLACE,base,java,1532,38,1dbe67529d189def5c44d64ab7162c5b5d4066d092734bd2c1e247e875610f18,미검증,정적 Source 검토 대상이며 최신 exact SHA Java 25 전체 compile/test 미실행,Local R4 overlay static audit + GitHub exact commit stats,
cpf-starters/base/src/main/java/com/cpf/starter/base/CpfBaseProperties.java,ADD_OR_REPLACE,base,java,1047,22,6d88ac53c15f67efd85086f2b0c2aa665ef0d4e9f4d59ea3c118045eadfb5bc2,미검증,정적 Source 검토 대상이며 최신 exact SHA Java 25 전체 compile/test 미실행,Local R4 overlay static audit + GitHub exact commit stats,
cpf-starters/base/src/main/java/com/cpf/starter/base/CpfCapabilityBinding.java,ADD_OR_REPLACE,base,java,844,25,1845099b48b96ed20ccaafdc5b6a577deacffbb71b95d19c94df621eb7e23b5c,미검증,정적 Source 검토 대상이며 최신 exact SHA Java 25 전체 compile/test 미실행,Local R4 overlay static audit + GitHub exact commit stats,
cpf-starters/base/src/main/java/com/cpf/starter/base/CpfCapabilityBindingRegistry.java,ADD_OR_REPLACE,base,java,3498,74,c73377062f8d25a196ef8d143126fcfad237fbfb856a619e821fa1370dfb9bbf,미검증,정적 Source 검토 대상이며 최신 exact SHA Java 25 전체 compile/test 미실행,Local R4 overlay static audit + GitHub exact commit stats,
cpf-starters/base/src/main/resources/META-INF/spring/org.springframework.boot.autoconfigure.AutoConfiguration.imports,ADD_OR_REPLACE,base,imports,46,1,29c05fc5adc65e103b19d57a3e52796a28f0d6d742a0e1469e060f8057672594,재확인 필요,정적 검토 대상,Local R4 overlay static audit + GitHub exact commit stats,
cpf-starters/base/src/main/resources/cpf-capability-profiles.json,ADD_OR_REPLACE,base,json,9419,366,5336d8fe2dc817cf108d6e172ac029ed58d77a525946c73d4a1281790e7aff82,재확인 필요,문법/정적 내용 검토 대상이며 최신 exact SHA 통합 실행 또는 정본 추적 필요,Local R4 overlay static audit + GitHub exact commit stats,
cpf-starters/base/src/test/java/com/cpf/core/common/product/CpfCapabilityRegistryTest.java,ADD_OR_REPLACE,base,java,547,12,833377e0f1f5c835a0a9d247653fa4b6162fe97c46921fc7a00b99959b1b2b46,미검증,Test Source 존재를 확인했으나 최신 exact SHA의 Gradle 실행 Evidence 없음,Local R4 overlay static audit + GitHub exact commit stats,
cpf-starters/base/src/test/java/com/cpf/starter/base/CpfCapabilityBindingRegistryTest.java,ADD_OR_REPLACE,base,java,992,21,f4a4759fc1482c88424fb454e352f3736f8c26cd527fc5eb4aa4c22648e45036,미검증,Test Source 존재를 확인했으나 최신 exact SHA의 Gradle 실행 Evidence 없음,Local R4 overlay static audit + GitHub exact commit stats,
cpf-starters/base/src/test/java/com/cpf/starter/base/CpfCapabilityProfileCatalogTest.java,ADD_OR_REPLACE,base,java,643,4,413e5e6ee2390fded40b33ca07ec2f28779a84e5768cec3f998c4ebed072c95f,미검증,Test Source 존재를 확인했으나 최신 exact SHA의 Gradle 실행 Evidence 없음,Local R4 overlay static audit + GitHub exact commit stats,
cpf-starters/cache-aggregate/build.gradle,ADD_OR_REPLACE,cache-aggregate,gradle,391,16,db74db643be48e3c06c00a930686ce26279d897e9b3398552fbbf7995d25bb23,미검증,정적 dependency 검토 대상이며 실제 Gradle configuration/compile/publication 미실행,Local R4 overlay static audit + GitHub exact commit stats,
cpf-starters/cache-valkey/build.gradle,ADD_OR_REPLACE,cache-valkey,gradle,704,13,c38391f34aa9842a264b2ffc75a5bbe5ced8cedea29df81bb4c1b3cb50857d50,미검증,정적 dependency 검토 대상이며 실제 Gradle configuration/compile/publication 미실행,Local R4 overlay static audit + GitHub exact commit stats,
cpf-starters/cache-valkey/src/main/java/com/cpf/common/cache/CpfCacheInvalidationCoordinator.java,ADD_OR_REPLACE,cache-valkey,java,4074,89,514ff3be3b3de75241a9dc67c571b90a7d9e10a51705065fbe3fe08b59ea882e,미검증,정적 Source 검토 대상이며 최신 exact SHA Java 25 전체 compile/test 미실행,Local R4 overlay static audit + GitHub exact commit stats,
cpf-starters/cache-valkey/src/main/java/com/cpf/common/cache/CpfJdbcCacheInvalidationStore.java,ADD_OR_REPLACE,cache-valkey,java,4456,95,e47b8bc7b5a233c5a8f56acba449574da62b04c641b12b57f693817ae4fc96aa,미검증,정적 Source 검토 대상이며 최신 exact SHA Java 25 전체 compile/test 미실행,Local R4 overlay static audit + GitHub exact commit stats,
cpf-starters/cache-valkey/src/main/java/com/cpf/common/cache/CpfRedisCacheProvider.java,ADD_OR_REPLACE,cache-valkey,java,11258,240,50eb30c164481e670977c871dad32ab5d9bdbcd77a4f199600d0c84ebf70929b,미검증,정적 Source 검토 대상이며 최신 exact SHA Java 25 전체 compile/test 미실행,Local R4 overlay static audit + GitHub exact commit stats,
cpf-starters/cache-valkey/src/main/java/com/cpf/common/cache/CpfRedisConnectionFactoryBuilder.java,ADD_OR_REPLACE,cache-valkey,java,4930,91,c85982ca15175c78bae460bfa76aba5ef8cb71a192eb2342266f89cd00c0296c,미검증,정적 Source 검토 대상이며 최신 exact SHA Java 25 전체 compile/test 미실행,Local R4 overlay static audit + GitHub exact commit stats,
cpf-starters/cache-valkey/src/main/java/com/cpf/common/cache/CpfRedisProperties.java,ADD_OR_REPLACE,cache-valkey,java,7757,102,3cb0a6c017d4a1f3143053d54ce7f57f6e3410e1d769bdf22d27b906892441df,미검증,정적 Source 검토 대상이며 최신 exact SHA Java 25 전체 compile/test 미실행,Local R4 overlay static audit + GitHub exact commit stats,
cpf-starters/cache-valkey/src/main/java/com/cpf/starter/cache/valkey/CpfRedisCompatibilityAutoConfiguration.java,ADD_OR_REPLACE,cache-valkey,java,6200,116,4cb6dcb81015502202c88399327c130f056ba89a08640a4d4598d265b414a5c5,미검증,정적 Source 검토 대상이며 최신 exact SHA Java 25 전체 compile/test 미실행,Local R4 overlay static audit + GitHub exact commit stats,
cpf-starters/cache-valkey/src/main/java/com/cpf/starter/cache/valkey/CpfValkeyAutoConfiguration.java,ADD_OR_REPLACE,cache-valkey,java,1508,3,3d37d552c60d95ef40590fae3bc7ab5071aea7042ffedcf1467f30ff8c0814e0,미검증,정적 Source 검토 대상이며 최신 exact SHA Java 25 전체 compile/test 미실행,Local R4 overlay static audit + GitHub exact commit stats,
cpf-starters/cache-valkey/src/main/java/com/cpf/starter/cache/valkey/CpfValkeyCache.java,ADD_OR_REPLACE,cache-valkey,java,959,5,eb65a3935e76ab51df94306f0cdf26f20beab215e9bdb203969122ae2410f33b,미검증,정적 Source 검토 대상이며 최신 exact SHA Java 25 전체 compile/test 미실행,Local R4 overlay static audit + GitHub exact commit stats,
cpf-starters/cache-valkey/src/main/java/com/cpf/starter/cache/valkey/CpfValkeyProperties.java,ADD_OR_REPLACE,cache-valkey,java,1299,3,dceeb1b0613e597043adfb09d94380888aa4e84693b4d8d74ccd723fdc8c2671,미검증,정적 Source 검토 대상이며 최신 exact SHA Java 25 전체 compile/test 미실행,Local R4 overlay static audit + GitHub exact commit stats,
cpf-starters/cache-valkey/src/main/resources/META-INF/spring/org.springframework.boot.autoconfigure.AutoConfiguration.imports,ADD_OR_REPLACE,cache-valkey,imports,124,2,de126e70756c84b3ec56850429dcd5d7100c08f6fd924e1fd4c349ec826ecd14,재확인 필요,정적 검토 대상,Local R4 overlay static audit + GitHub exact commit stats,
cpf-starters/cache-valkey/src/test/java/com/cpf/common/cache/CpfCacheInvalidationCoordinatorTest.java,ADD_OR_REPLACE,cache-valkey,java,5152,118,0f77df8d6624819cf22ce8f18f5af9b7d9b979ca01958f808914fcb2ce4363ec,미검증,Test Source 존재를 확인했으나 최신 exact SHA의 Gradle 실행 Evidence 없음,Local R4 overlay static audit + GitHub exact commit stats,
cpf-starters/cache/build.gradle,ADD_OR_REPLACE,cache,gradle,676,13,1127855681f65cc086d9b2040c1959eaaf2f581acd3aad3defc74d876b75f9eb,미검증,정적 dependency 검토 대상이며 실제 Gradle configuration/compile/publication 미실행,Local R4 overlay static audit + GitHub exact commit stats,
cpf-starters/cache/src/main/java/com/cpf/common/cache/CpfLocalCacheProvider.java,ADD_OR_REPLACE,cache,java,6548,156,144a12e7d5a6290eeb311235e30c33586992d1f616223183edc84828bbfdba4c,미검증,정적 Source 검토 대상이며 최신 exact SHA Java 25 전체 compile/test 미실행,Local R4 overlay static audit + GitHub exact commit stats,
cpf-starters/cache/src/main/java/com/cpf/common/config/CacheConfig.java,ADD_OR_REPLACE,cache,java,1006,29,597fcf5bffd06f63c04430cb17cde2943c87fcf5474710e74196f4ee2d7b9175,미검증,정적 Source 검토 대상이며 최신 exact SHA Java 25 전체 compile/test 미실행,Local R4 overlay static audit + GitHub exact commit stats,
cpf-starters/cache/src/main/java/com/cpf/starter/cache/CpfCacheAutoConfiguration.java,ADD_OR_REPLACE,cache,java,2351,47,ec8e5c2144c49fac411e3ecaeaaea977678bdfc55bc6b658c59a7b8fc2261c92,미검증,정적 Source 검토 대상이며 최신 exact SHA Java 25 전체 compile/test 미실행,Local R4 overlay static audit + GitHub exact commit stats,
cpf-starters/cache/src/test/java/com/cpf/common/cache/CpfLocalCacheProviderTest.java,ADD_OR_REPLACE,cache,java,2395,43,7210228b35a5d5abb53c66b9b846a45c9472af8babe23eb11a6c86a3e4b08f6d,미검증,Test Source 존재를 확인했으나 최신 exact SHA의 Gradle 실행 Evidence 없음,Local R4 overlay static audit + GitHub exact commit stats,
cpf-starters/channel-registry-jdbc/build.gradle,ADD_OR_REPLACE,channel-registry-jdbc,gradle,461,17,cb8540305f52ad6b20b96f3aa68417e2f7313daa6ba522a2a4abe5a0e37ebd9d,부분 구현,자체 DB lifecycle/test/consumer evidence 부족,Local R4 overlay static audit + GitHub exact commit stats,
cpf-starters/channel-registry-jdbc/src/main/java/com/cpf/core/channel/adapter/JdbcCpfChannelRegistryAdapter.java,ADD_OR_REPLACE,channel-registry-jdbc,java,7660,152,9401cd1d7bca0efd2c3a49f3cba67ed7594c3bad6af98241984639508ab34d49,부분 구현,자체 DB lifecycle/test/consumer evidence 부족,Local R4 overlay static audit + GitHub exact commit stats,
cpf-starters/channel-registry-jdbc/src/main/java/com/cpf/starter/channel/jdbc/CpfChannelRegistryJdbcAutoConfiguration.java,ADD_OR_REPLACE,channel-registry-jdbc,java,1182,16,25dd0fae1d656dc42b4cfe8d2589894181a9b5bd661baabfdebda15f07b29d8d,부분 구현,자체 DB lifecycle/test/consumer evidence 부족,Local R4 overlay static audit + GitHub exact commit stats,
cpf-starters/channel-registry-jdbc/src/main/resources/META-INF/spring/org.springframework.boot.autoconfigure.AutoConfiguration.imports,ADD_OR_REPLACE,channel-registry-jdbc,imports,69,1,47c72cb952b34ca2c91f2fb9aa102e8cd614a94817af9ae389a5f778db0c657b,부분 구현,자체 DB lifecycle/test/consumer evidence 부족,Local R4 overlay static audit + GitHub exact commit stats,
cpf-starters/file-archive/build.gradle,ADD_OR_REPLACE,file-archive,gradle,646,20,3c1487af79e95f85ac5809a108893d2483bbca586144cc501b5295cf711849eb,미검증,정적 dependency 검토 대상이며 실제 Gradle configuration/compile/publication 미실행,Local R4 overlay static audit + GitHub exact commit stats,
cpf-starters/file-archive/src/main/java/com/cpf/core/common/archive/LocalCpfArchiveService.java,ADD_OR_REPLACE,file-archive,java,26069,529,bf2ee39c911999cb716672f3b00a5a780ba5ac737587f4decc7a5e4d16ea1c87,미검증,정적 Source 검토 대상이며 최신 exact SHA Java 25 전체 compile/test 미실행,Local R4 overlay static audit + GitHub exact commit stats,Core API Port에 LocalCpfArchiveService를 연결하고 편의 Service는 그 Port를 위임하도록 통합한다.
cpf-starters/file-archive/src/main/java/com/cpf/starter/archive/CpfArchiveAutoConfiguration.java,ADD_OR_REPLACE,file-archive,java,462,1,93c837b966c75443bdc0948c2095a3ea9c638b3bcdbdaca3e958410ca35b845d,실패,Core Archive API 구현 대신 별도 단순 Service 등록,Local R4 overlay static audit + GitHub exact commit stats,Core API Port에 LocalCpfArchiveService를 연결하고 편의 Service는 그 Port를 위임하도록 통합한다.
cpf-starters/file-archive/src/main/java/com/cpf/starter/archive/CpfArchiveProperties.java,ADD_OR_REPLACE,file-archive,java,781,1,3c50feb58476d30bdd43fd355038b05d53a40da2fcb9f054b6eb5eb42618d59c,미검증,정적 Source 검토 대상이며 최신 exact SHA Java 25 전체 compile/test 미실행,Local R4 overlay static audit + GitHub exact commit stats,
cpf-starters/file-archive/src/main/java/com/cpf/starter/archive/CpfArchiveService.java,ADD_OR_REPLACE,file-archive,java,2015,5,6891fed9853841e0a189d959d161445d31e8d840c0395f892f460df28941053a,부분 구현,실제 LocalCpfArchiveService와 중복되는 ZIP-only 편의 구현,Local R4 overlay static audit + GitHub exact commit stats,Core API Port에 LocalCpfArchiveService를 연결하고 편의 Service는 그 Port를 위임하도록 통합한다.
cpf-starters/file-archive/src/main/resources/META-INF/spring/org.springframework.boot.autoconfigure.AutoConfiguration.imports,ADD_OR_REPLACE,file-archive,imports,52,1,210478bfded40f929ef2143e8a0f10d2df31a6f340dd0a7d05eed47a75c91015,재확인 필요,정적 검토 대상,Local R4 overlay static audit + GitHub exact commit stats,
cpf-starters/file-archive/src/test/java/com/cpf/core/common/archive/CpfArchiveChecksumTest.java,ADD_OR_REPLACE,file-archive,java,562,19,f55c05b93de7b4a555cab2ac632c25ae324fee1f5a6aeb25e5480dbaf042def5,미검증,Test Source 존재를 확인했으나 최신 exact SHA의 Gradle 실행 Evidence 없음,Local R4 overlay static audit + GitHub exact commit stats,
cpf-starters/file-archive/src/test/java/com/cpf/core/common/archive/CpfArchiveServiceTest.java,ADD_OR_REPLACE,file-archive,java,3550,80,3dc3ca6b00212ca213c82a18ed3cf9c123c619e37dee956d499f506fbe63436a,미검증,Test Source 존재를 확인했으나 최신 exact SHA의 Gradle 실행 Evidence 없음,Local R4 overlay static audit + GitHub exact commit stats,
cpf-starters/file-archive/src/test/java/com/cpf/core/common/archive/LocalCpfArchiveServiceStreamingTest.java,ADD_OR_REPLACE,file-archive,java,6188,130,2c7bfc63943d21386a989700a48ca0994b17c4737541a05db7c9a1d39a13aa5f,미검증,Test Source 존재를 확인했으나 최신 exact SHA의 Gradle 실행 Evidence 없음,Local R4 overlay static audit + GitHub exact commit stats,
cpf-starters/file-archive/src/test/java/com/cpf/starter/archive/CpfArchiveServiceTest.java,ADD_OR_REPLACE,file-archive,java,1023,6,ab442a833f9764dbb08e42f370cc165e984682f71f9681fbb5205d06b8af0ecb,미검증,Test Source 존재를 확인했으나 최신 exact SHA의 Gradle 실행 Evidence 없음,Local R4 overlay static audit + GitHub exact commit stats,
cpf-starters/http-client/build.gradle,ADD_OR_REPLACE,http-client,gradle,906,17,93f98a70826128b3345166c2150a66683ca71ffc35359fee6c1029052a191293,미검증,정적 dependency 검토 대상이며 실제 Gradle configuration/compile/publication 미실행,Local R4 overlay static audit + GitHub exact commit stats,CpfRuntimeCanonicalHash를 cpf-core 또는 독립 neutral contract로 이동하고 Service Registry JDBC를 HTTP에서 분리한다.
cpf-starters/http-client/src/main/java/com/cpf/core/common/http/CpfApiClientRuntimePolicy.java,ADD_OR_REPLACE,http-client,java,2306,10,67f8b50552f80369e7da15ecc42e8af0484dae78060b380acf349d1759fa3fca,미검증,정적 Source 검토 대상이며 최신 exact SHA Java 25 전체 compile/test 미실행,Local R4 overlay static audit + GitHub exact commit stats,
cpf-starters/http-client/src/main/java/com/cpf/core/common/http/CpfHttpClientProperties.java,ADD_OR_REPLACE,http-client,java,734,25,cb0abb289f8d2b08ffa8ddad06425028560027e5341a9852abd0e1373c9c6a14,미검증,정적 Source 검토 대상이며 최신 exact SHA Java 25 전체 compile/test 미실행,Local R4 overlay static audit + GitHub exact commit stats,
cpf-starters/http-client/src/main/java/com/cpf/core/common/http/CpfLocalServiceIdentity.java,ADD_OR_REPLACE,http-client,java,1859,42,b8035434574d946f7f94ce5e759fbb33f634d7515a42a7bb7c166a22e613b7ec,미검증,정적 Source 검토 대상이며 최신 exact SHA Java 25 전체 compile/test 미실행,Local R4 overlay static audit + GitHub exact commit stats,
cpf-starters/http-client/src/main/java/com/cpf/core/common/http/CpfRestClientInterceptor.java,ADD_OR_REPLACE,http-client,java,4894,120,a7622815da4df06cee3580daeb83ceadd2b51b30a97c2a379b41993cffdbea69,미검증,정적 Source 검토 대상이며 최신 exact SHA Java 25 전체 compile/test 미실행,Local R4 overlay static audit + GitHub exact commit stats,
cpf-starters/http-client/src/main/java/com/cpf/core/common/http/CpfServiceEndpointProperties.java,ADD_OR_REPLACE,http-client,java,1007,33,51aed64ceeb54e2c49554a69a366f037004dd6e84f48aa9b83a26b19e9cf58bb,미검증,정적 Source 검토 대상이며 최신 exact SHA Java 25 전체 compile/test 미실행,Local R4 overlay static audit + GitHub exact commit stats,
cpf-starters/http-client/src/main/java/com/cpf/core/common/http/CpfServiceEndpointRegistry.java,ADD_OR_REPLACE,http-client,java,5274,62,c2f97032c7d2a485402f640f41667f4e4c73d8866828f4f2fb7881e48f4fbeb1,미검증,정적 Source 검토 대상이며 최신 exact SHA Java 25 전체 compile/test 미실행,Local R4 overlay static audit + GitHub exact commit stats,
cpf-starters/http-client/src/main/java/com/cpf/core/common/http/CpfTargetServiceResolver.java,ADD_OR_REPLACE,http-client,java,1196,32,67d5256f9f0bb253b06bd1a3caf50588b2e474c6e7fc077e956053018fee1cc3,미검증,정적 Source 검토 대상이며 최신 exact SHA Java 25 전체 compile/test 미실행,Local R4 overlay static audit + GitHub exact commit stats,
cpf-starters/http-client/src/main/java/com/cpf/core/common/http/CpfWebClient.java,ADD_OR_REPLACE,http-client,java,17495,413,73d31c13e2b52f2416e1e35ad14924749c6bafca7487f3dc0745e082b87c019c,미검증,정적 Source 검토 대상이며 최신 exact SHA Java 25 전체 compile/test 미실행,Local R4 overlay static audit + GitHub exact commit stats,
cpf-starters/http-client/src/main/java/com/cpf/core/common/http/CpfWebClientConfig.java,ADD_OR_REPLACE,http-client,java,10268,228,74464d091e736e62cd921ffec16e008a1b19ecb23758bb35e7af1f2f39f772ab,미검증,정적 Source 검토 대상이며 최신 exact SHA Java 25 전체 compile/test 미실행,Local R4 overlay static audit + GitHub exact commit stats,
cpf-starters/http-client/src/main/java/com/cpf/core/common/servicecall/CpfEndpointRegistry.java,ADD_OR_REPLACE,http-client,java,814,24,1074fc535ab72a2d46b0248bf8388c828769e145f9fafdabff585349f0512d3a,미검증,정적 Source 검토 대상이며 최신 exact SHA Java 25 전체 compile/test 미실행,Local R4 overlay static audit + GitHub exact commit stats,
cpf-starters/http-client/src/main/java/com/cpf/core/common/servicecall/CpfEndpointResolver.java,ADD_OR_REPLACE,http-client,java,3110,63,c6b8b85b3097fda128d6349a769f85ed7f3b46ed83ac01a455f69cc3d9732caa,미검증,정적 Source 검토 대상이며 최신 exact SHA Java 25 전체 compile/test 미실행,Local R4 overlay static audit + GitHub exact commit stats,
cpf-starters/http-client/src/main/java/com/cpf/core/common/servicecall/CpfHealthAwareInstanceSelector.java,ADD_OR_REPLACE,http-client,java,6567,142,2fdbe009e06508da43fdb12cec238ef092b7df6b5dba0770c735823d5f891dfb,미검증,정적 Source 검토 대상이며 최신 exact SHA Java 25 전체 compile/test 미실행,Local R4 overlay static audit + GitHub exact commit stats,
cpf-starters/http-client/src/main/java/com/cpf/core/common/servicecall/CpfPolicyId.java,ADD_OR_REPLACE,http-client,java,456,15,efb91263e3feb8d7add5ed4aa83fc3b553e9c34097ca699fd76fb8f099cc10ae,미검증,정적 Source 검토 대상이며 최신 exact SHA Java 25 전체 compile/test 미실행,Local R4 overlay static audit + GitHub exact commit stats,
cpf-starters/http-client/src/main/java/com/cpf/core/common/servicecall/CpfRemoteFacadeProxySupport.java,ADD_OR_REPLACE,http-client,java,1005,29,e9f5b916bca5b711476875bc5eadc97c4e772cea56a772912534583f339b7a43,미검증,정적 Source 검토 대상이며 최신 exact SHA Java 25 전체 compile/test 미실행,Local R4 overlay static audit + GitHub exact commit stats,
cpf-starters/http-client/src/main/java/com/cpf/core/common/servicecall/CpfRoutingPolicyResolver.java,ADD_OR_REPLACE,http-client,java,688,20,32ff247878a316631f653fa1169d3d14cb766fb57809a58346f683abcdc1bed0,미검증,정적 Source 검토 대상이며 최신 exact SHA Java 25 전체 compile/test 미실행,Local R4 overlay static audit + GitHub exact commit stats,
cpf-starters/http-client/src/main/java/com/cpf/core/common/servicecall/CpfServiceCallEngine.java,ADD_OR_REPLACE,http-client,java,23182,522,995930bee52b71be3b812944241a2ddafd2fefcf7759cf9376c65659917287eb,미검증,정적 Source 검토 대상이며 최신 exact SHA Java 25 전체 compile/test 미실행,Local R4 overlay static audit + GitHub exact commit stats,
cpf-starters/http-client/src/main/java/com/cpf/core/common/servicecall/CpfServiceCallException.java,ADD_OR_REPLACE,http-client,java,541,17,4909bdf1d7ba05b932abc615c25a6697712ed29f170950f53aa4045d6e6cdaa3,미검증,정적 Source 검토 대상이며 최신 exact SHA Java 25 전체 compile/test 미실행,Local R4 overlay static audit + GitHub exact commit stats,
cpf-starters/http-client/src/main/java/com/cpf/core/common/servicecall/CpfServiceCallExecutorAdapter.java,ADD_OR_REPLACE,http-client,java,2740,44,ceab89e73fc7ee78256e94faa5b774d4d86968adef20dd66b6695e192e3fe8d9,미검증,정적 Source 검토 대상이며 최신 exact SHA Java 25 전체 compile/test 미실행,Local R4 overlay static audit + GitHub exact commit stats,
cpf-starters/http-client/src/main/java/com/cpf/core/common/servicecall/CpfServiceCallLogWriter.java,ADD_OR_REPLACE,http-client,java,2377,62,ed1ab0d8c67b8fd5d47ef290caf4f8cb554b240f3d3da738dc5c85b676752c50,미검증,정적 Source 검토 대상이며 최신 exact SHA Java 25 전체 compile/test 미실행,Local R4 overlay static audit + GitHub exact commit stats,
cpf-starters/http-client/src/main/java/com/cpf/core/common/servicecall/CpfServiceCallOptions.java,ADD_OR_REPLACE,http-client,java,853,28,a2f75007641fee5d373feebc3c612d5e18a4d9c57ecc060677a7d8fc205ad1a6,미검증,정적 Source 검토 대상이며 최신 exact SHA Java 25 전체 compile/test 미실행,Local R4 overlay static audit + GitHub exact commit stats,
cpf-starters/http-client/src/main/java/com/cpf/core/common/servicecall/CpfServiceCallProperties.java,ADD_OR_REPLACE,http-client,java,3129,103,3ce88dddcec1d70116d52269c16b59d8fbb0a6893e7bfac1000cbabbc76d3cc4,미검증,정적 Source 검토 대상이며 최신 exact SHA Java 25 전체 compile/test 미실행,Local R4 overlay static audit + GitHub exact commit stats,
cpf-starters/http-client/src/main/java/com/cpf/core/common/servicecall/CpfServiceCallerAdapter.java,ADD_OR_REPLACE,http-client,java,1833,29,fcf2789c10c95706405d0c60e117b42ccb3a640a364821b0cd8829bf17dcc6d4,미검증,정적 Source 검토 대상이며 최신 exact SHA Java 25 전체 compile/test 미실행,Local R4 overlay static audit + GitHub exact commit stats,
cpf-starters/http-client/src/main/java/com/cpf/core/common/servicecall/CpfServiceHealthChecker.java,ADD_OR_REPLACE,http-client,java,1278,32,44a42fcb508d8496e6b491e287c28161acc9ce00fdd7b1cc3dd33b5e1e214228,미검증,정적 Source 검토 대상이며 최신 exact SHA Java 25 전체 compile/test 미실행,Local R4 overlay static audit + GitHub exact commit stats,
cpf-starters/http-client/src/main/java/com/cpf/core/common/servicecall/CpfServiceInstanceRegistry.java,ADD_OR_REPLACE,http-client,java,981,26,04c887d1c553b5b95420c63df940955c549b03ac80a03b6f429b66b8e64ded27,미검증,정적 Source 검토 대상이며 최신 exact SHA Java 25 전체 compile/test 미실행,Local R4 overlay static audit + GitHub exact commit stats,
cpf-starters/http-client/src/main/java/com/cpf/core/common/servicecall/CpfServiceRegistry.java,ADD_OR_REPLACE,http-client,java,736,24,08fd90f08562b6bd51704c29b437127b26374830e8c44d179efd5f3601461ed6,미검증,정적 Source 검토 대상이며 최신 exact SHA Java 25 전체 compile/test 미실행,Local R4 overlay static audit + GitHub exact commit stats,
cpf-starters/http-client/src/main/java/com/cpf/core/common/servicecall/CpfServiceRegistryControlFacade.java,ADD_OR_REPLACE,http-client,java,3325,70,f8faac4bca36a07f6853866d2886d123b5542d4781aa0fa5ef30c6c34b7dbf6b,미검증,정적 Source 검토 대상이며 최신 exact SHA Java 25 전체 compile/test 미실행,Local R4 overlay static audit + GitHub exact commit stats,
cpf-starters/http-client/src/main/java/com/cpf/core/common/servicecall/CpfServiceRegistryQueryFacade.java,ADD_OR_REPLACE,http-client,java,3019,67,4381175bf66666096871de9044ed06954cc76f8bbd643ec14b15bf1eac4f47f9,미검증,정적 Source 검토 대상이며 최신 exact SHA Java 25 전체 compile/test 미실행,Local R4 overlay static audit + GitHub exact commit stats,
cpf-starters/http-client/src/main/java/com/cpf/core/common/servicecall/CpfServiceRegistryRepository.java,ADD_OR_REPLACE,http-client,java,42185,643,07fba623623d1dd063a031f41a5c11329e30c627f653607d672bb58c6d02872d,실패,Runtime Control 소유 CpfRuntimeCanonicalHash 미선언 참조 및 cycle 유발,Local R4 overlay static audit + GitHub exact commit stats,Owner 계약을 재배치하고 직접 의존성/API 노출을 교정하되 순환 의존은 금지한다.
cpf-starters/http-client/src/main/java/com/cpf/core/common/servicecall/CpfTypedServiceClient.java,ADD_OR_REPLACE,http-client,java,1016,36,562301bb339c3587340c2d96b8ba9a80f65821774650c16a0949da5184c44028,미검증,정적 Source 검토 대상이며 최신 exact SHA Java 25 전체 compile/test 미실행,Local R4 overlay static audit + GitHub exact commit stats,
cpf-starters/http-client/src/main/java/com/cpf/core/common/servicecall/ServiceCallAttemptEvent.java,ADD_OR_REPLACE,http-client,java,489,18,2cda3ac7495b61b03da160271c6caef2fd6b1369795bde1a1d6fd1b9474919bb,미검증,정적 Source 검토 대상이며 최신 exact SHA Java 25 전체 compile/test 미실행,Local R4 overlay static audit + GitHub exact commit stats,
cpf-starters/http-client/src/main/java/com/cpf/core/common/servicecall/ServiceCallAttemptObserver.java,ADD_OR_REPLACE,http-client,java,228,8,7579dc8ad2e7542bc0afb1f4e6d6ae981b31dadff66cdb4ac3fe04bd85fe86c9,미검증,정적 Source 검토 대상이며 최신 exact SHA Java 25 전체 compile/test 미실행,Local R4 overlay static audit + GitHub exact commit stats,
cpf-starters/http-client/src/main/java/com/cpf/core/common/servicecall/ServiceCallRequest.java,ADD_OR_REPLACE,http-client,java,3307,105,b05ca28db6daf538b90b8bb128eb07fbc04eba1587a1c1982141bcd61c7c78fe,미검증,정적 Source 검토 대상이며 최신 exact SHA Java 25 전체 compile/test 미실행,Local R4 overlay static audit + GitHub exact commit stats,
cpf-starters/http-client/src/main/java/com/cpf/core/common/servicecall/ServiceCallResolvedTarget.java,ADD_OR_REPLACE,http-client,java,1042,39,3186783cc24f93889c79bcebab9c8e6b676ceb7c7ceabed0920e6ce1671561c6,미검증,정적 Source 검토 대상이며 최신 exact SHA Java 25 전체 compile/test 미실행,Local R4 overlay static audit + GitHub exact commit stats,
cpf-starters/http-client/src/main/java/com/cpf/core/common/servicecall/ServiceCallResult.java,ADD_OR_REPLACE,http-client,java,2385,70,db6a350722d599c665a71b5f7ec11ec24c5d8f32d4966cb4d884acf58c7e791f,미검증,정적 Source 검토 대상이며 최신 exact SHA Java 25 전체 compile/test 미실행,Local R4 overlay static audit + GitHub exact commit stats,
cpf-starters/http-client/src/main/java/com/cpf/core/config/CpfServiceCallAutoConfiguration.java,ADD_OR_REPLACE,http-client,java,6093,149,a5f78a0beefa5daf03849ad6cf8c7a5361c2e71c1879c14509571dd47e628c0a,미검증,정적 Source 검토 대상이며 최신 exact SHA Java 25 전체 compile/test 미실행,Local R4 overlay static audit + GitHub exact commit stats,
cpf-starters/http-client/src/main/java/com/cpf/starter/http/CpfHttpClientAutoConfiguration.java,ADD_OR_REPLACE,http-client,java,710,11,bca848e07261ea615e16f7d84f9ba12696dbaf7ef837aaba3eca86b92d442bf4,미검증,정적 Source 검토 대상이며 최신 exact SHA Java 25 전체 compile/test 미실행,Local R4 overlay static audit + GitHub exact commit stats,
cpf-starters/http-client/src/main/java/com/cpf/starter/http/CpfHttpClientProperties.java,ADD_OR_REPLACE,http-client,java,1148,11,816a05ca6d0349ee92b1112ac07a4acdf1cb8d92210616347b08afe05dc2c751,미검증,정적 Source 검토 대상이며 최신 exact SHA Java 25 전체 compile/test 미실행,Local R4 overlay static audit + GitHub exact commit stats,
cpf-starters/http-client/src/main/java/com/cpf/starter/http/CpfTypedHttpClient.java,ADD_OR_REPLACE,http-client,java,2313,25,ee05da7698ddc97516b4c2a01841dbb41d7299241e8cb120c906dac42f99f833,미검증,정적 Source 검토 대상이며 최신 exact SHA Java 25 전체 compile/test 미실행,Local R4 overlay static audit + GitHub exact commit stats,
cpf-starters/http-client/src/main/resources/META-INF/spring/org.springframework.boot.autoconfigure.AutoConfiguration.imports,ADD_OR_REPLACE,http-client,imports,148,3,f6ac2d904560844a849dd8807f61625cf4585f8be4f77a4165dc59620c4377ba,재확인 필요,정적 검토 대상,Local R4 overlay static audit + GitHub exact commit stats,
cpf-starters/http-client/src/test/java/com/cpf/core/common/http/CpfRestClientInterceptorTest.java,ADD_OR_REPLACE,http-client,java,5442,132,0e94cae3753a00b25a05f4ea0f607fc83fb3c3cb8f7ed12e98a4e17b1a741e20,미검증,Test Source 존재를 확인했으나 최신 exact SHA의 Gradle 실행 Evidence 없음,Local R4 overlay static audit + GitHub exact commit stats,
cpf-starters/http-client/src/test/java/com/cpf/core/common/servicecall/CpfHealthAwareInstanceSelectorTest.java,ADD_OR_REPLACE,http-client,java,4909,115,7b2f65de3d09e8cf759e3ee64500b69d03bf89fe3f5c471c338e130db1d04e0a,미검증,Test Source 존재를 확인했으나 최신 exact SHA의 Gradle 실행 Evidence 없음,Local R4 overlay static audit + GitHub exact commit stats,
cpf-starters/http-client/src/test/java/com/cpf/core/common/servicecall/CpfServiceCallEngineTest.java,ADD_OR_REPLACE,http-client,java,17149,325,a18ac9726a19948b0a5b7aa4f005fecab865bcdb3a22fcdceaeedb88c37949ec,미검증,Test Source 존재를 확인했으나 최신 exact SHA의 Gradle 실행 Evidence 없음,Local R4 overlay static audit + GitHub exact commit stats,
cpf-starters/http-client/src/test/java/com/cpf/core/common/servicecall/CpfServiceCallLogWriterTest.java,ADD_OR_REPLACE,http-client,java,1322,37,afa7303c8f231fd15496a418b343d888ad809d1e984965fa608cea92ecf43cb5,미검증,Test Source 존재를 확인했으나 최신 exact SHA의 Gradle 실행 Evidence 없음,Local R4 overlay static audit + GitHub exact commit stats,
cpf-starters/integration-fixedlength-core/build.gradle,ADD_OR_REPLACE,integration-fixedlength-core,gradle,323,15,6964625f6eac33997424f791185dd8ebf32fab35ee8662ce3d416456f4d4ca41,미검증,정적 dependency 검토 대상이며 실제 Gradle configuration/compile/publication 미실행,Local R4 overlay static audit + GitHub exact commit stats,
cpf-starters/integration-fixedlength-core/src/main/java/com/cpf/integration/fixedlength/CpfBinaryFieldCodec.java,ADD_OR_REPLACE,integration-fixedlength-core,java,2112,11,5799817b175eaacc7b16e01b3603ae4fb36e7fa9c8ccd1b117f0233017240717,미검증,정적 Source 검토 대상이며 최신 exact SHA Java 25 전체 compile/test 미실행,Local R4 overlay static audit + GitHub exact commit stats,
cpf-starters/integration-fixedlength-core/src/main/java/com/cpf/integration/fixedlength/CpfFixedLengthCodec.java,ADD_OR_REPLACE,integration-fixedlength-core,java,2241,7,69f9f5be302502ca1cd69adc1e3a19b816a16c780611e45c4be8cad6f2664a92,미검증,정적 Source 검토 대상이며 최신 exact SHA Java 25 전체 compile/test 미실행,Local R4 overlay static audit + GitHub exact commit stats,
cpf-starters/integration-fixedlength-core/src/main/java/com/cpf/integration/fixedlength/CpfFixedLengthField.java,ADD_OR_REPLACE,integration-fixedlength-core,java,333,1,06f282547863bf8a57f078b44a9146f3167d6e8e33571f216ae0d8d4bf9422d2,미검증,정적 Source 검토 대상이며 최신 exact SHA Java 25 전체 compile/test 미실행,Local R4 overlay static audit + GitHub exact commit stats,
cpf-starters/integration-fixedlength-core/src/main/java/com/cpf/integration/fixedlength/CpfFixedLengthLayout.java,ADD_OR_REPLACE,integration-fixedlength-core,java,681,1,b2199792801be3fd7f58cd788173576c1d140510fef154be81565eda2e20804f,미검증,정적 Source 검토 대상이며 최신 exact SHA Java 25 전체 compile/test 미실행,Local R4 overlay static audit + GitHub exact commit stats,
cpf-starters/integration-fixedlength-core/src/test/java/com/cpf/integration/fixedlength/CpfBinaryFieldCodecTest.java,ADD_OR_REPLACE,integration-fixedlength-core,java,487,2,fd1fb3bc4345f6d9aa9d902b88f7e517d0d43d4f2792053f4387ec623f9d4261,미검증,Test Source 존재를 확인했으나 최신 exact SHA의 Gradle 실행 Evidence 없음,Local R4 overlay static audit + GitHub exact commit stats,
cpf-starters/integration-fixedlength-core/src/test/java/com/cpf/integration/fixedlength/CpfFixedLengthCodecTest.java,ADD_OR_REPLACE,integration-fixedlength-core,java,625,2,5eea2fca0b7aa8e5db4e4d6bc78b12aa0097343d1116ae71fa20bf36e5570567,미검증,Test Source 존재를 확인했으나 최신 exact SHA의 Gradle 실행 Evidence 없음,Local R4 overlay static audit + GitHub exact commit stats,
cpf-starters/integration-fixedlength/build.gradle,ADD_OR_REPLACE,integration-fixedlength,gradle,467,17,b72855329e2fc18591d47b6bba57894fafffc241a662e147a474a8b5c17d7479,미검증,정적 dependency 검토 대상이며 실제 Gradle configuration/compile/publication 미실행,Local R4 overlay static audit + GitHub exact commit stats,
cpf-starters/integration-fixedlength/src/main/java/com/cpf/starter/fixedlength/CpfFixedLengthAutoConfiguration.java,ADD_OR_REPLACE,integration-fixedlength,java,422,2,ac17b02366788cdfd6048609bc25fcca91507093f8c37324c22df9b8bae822a4,미검증,정적 Source 검토 대상이며 최신 exact SHA Java 25 전체 compile/test 미실행,Local R4 overlay static audit + GitHub exact commit stats,
cpf-starters/integration-fixedlength/src/main/resources/META-INF/spring/org.springframework.boot.autoconfigure.AutoConfiguration.imports,ADD_OR_REPLACE,integration-fixedlength,imports,60,1,a87b396bf96a09917c24f35bf782cdc22288159751f9c0f44e62a0ebece90099,재확인 필요,정적 검토 대상,Local R4 overlay static audit + GitHub exact commit stats,
cpf-starters/integration-ftps/build.gradle,ADD_OR_REPLACE,integration-ftps,gradle,614,12,c3a88401eebd00ccc8b595e16ff8030ff95f2ee8ebb24c5b2553b5d41fe5d097,부분 구현,Source/build.gradle은 있으나 Settings/BOM/Catalog/Platform에 미등록되어 제품 Build 대상이 아님,Local R4 overlay static audit + GitHub exact commit stats,
cpf-starters/integration-ftps/src/main/java/com/cpf/starter/ftps/CpfFtpsAutoConfiguration.java,ADD_OR_REPLACE,integration-ftps,java,604,1,2f78db4479102a7d5dbee53a1151861dc8639d5295bfb3b4df8a3c2625901cbf,부분 구현,Source/build.gradle은 있으나 Settings/BOM/Catalog/Platform에 미등록되어 제품 Build 대상이 아님,Local R4 overlay static audit + GitHub exact commit stats,
cpf-starters/integration-ftps/src/main/java/com/cpf/starter/ftps/CpfFtpsClient.java,ADD_OR_REPLACE,integration-ftps,java,2313,1,b6fed817524e92c484480faa4a4a8e5536c4d369b55649223ab1c3e110b78ac7,부분 구현,Source/build.gradle은 있으나 Settings/BOM/Catalog/Platform에 미등록되어 제품 Build 대상이 아님,Local R4 overlay static audit + GitHub exact commit stats,
cpf-starters/integration-ftps/src/main/java/com/cpf/starter/ftps/CpfFtpsProperties.java,ADD_OR_REPLACE,integration-ftps,java,1458,1,9f2088a64310a2a68f303e08a35ba7feb96c2d40fb4d40ff4e91f74a482fbb16,부분 구현,Source/build.gradle은 있으나 Settings/BOM/Catalog/Platform에 미등록되어 제품 Build 대상이 아님,Local R4 overlay static audit + GitHub exact commit stats,
cpf-starters/integration-ftps/src/main/resources/META-INF/spring/org.springframework.boot.autoconfigure.AutoConfiguration.imports,ADD_OR_REPLACE,integration-ftps,imports,46,1,15c9526f9ed7c4cac7a247cb0d02c033a6e5326dc67c7582acde741621407491,부분 구현,Source/build.gradle은 있으나 Settings/BOM/Catalog/Platform에 미등록되어 제품 Build 대상이 아님,Local R4 overlay static audit + GitHub exact commit stats,
cpf-starters/integration-grpc/build.gradle,ADD_OR_REPLACE,integration-grpc,gradle,569,12,5e316afefaa9f75c1b061776fabf7a31b0153dbe8403d510254e5d84dc990215,부분 구현,Source/build.gradle은 있으나 Settings/BOM/Catalog/Platform에 미등록되어 제품 Build 대상이 아님,Local R4 overlay static audit + GitHub exact commit stats,
cpf-starters/integration-grpc/src/main/java/com/cpf/starter/grpc/CpfGrpcAutoConfiguration.java,ADD_OR_REPLACE,integration-grpc,java,949,1,b42f8532e26d882190c80c1d3e61e8a51dbef597222c072f69ba1925786b2cc9,부분 구현,Source/build.gradle은 있으나 Settings/BOM/Catalog/Platform에 미등록되어 제품 Build 대상이 아님,Local R4 overlay static audit + GitHub exact commit stats,
cpf-starters/integration-grpc/src/main/java/com/cpf/starter/grpc/CpfGrpcClient.java,ADD_OR_REPLACE,integration-grpc,java,1852,1,ab22fac3dc909b1e22d71fc60c54ff07d477a6ec637baa9eef02446a8ee31327,부분 구현,Source/build.gradle은 있으나 Settings/BOM/Catalog/Platform에 미등록되어 제품 Build 대상이 아님,Local R4 overlay static audit + GitHub exact commit stats,
cpf-starters/integration-grpc/src/main/java/com/cpf/starter/grpc/CpfGrpcProperties.java,ADD_OR_REPLACE,integration-grpc,java,1177,1,0fb8c06db75adc6908a11b688a873700cdcdd5322d5ce634afce342a3889000f,부분 구현,Source/build.gradle은 있으나 Settings/BOM/Catalog/Platform에 미등록되어 제품 Build 대상이 아님,Local R4 overlay static audit + GitHub exact commit stats,
cpf-starters/integration-grpc/src/main/resources/META-INF/spring/org.springframework.boot.autoconfigure.AutoConfiguration.imports,ADD_OR_REPLACE,integration-grpc,imports,46,1,42c5064d3b492cab09e305177d45312127191c24ac19e6d9b8d9e50e193996be,부분 구현,Source/build.gradle은 있으나 Settings/BOM/Catalog/Platform에 미등록되어 제품 Build 대상이 아님,Local R4 overlay static audit + GitHub exact commit stats,
cpf-starters/integration-iso8583/build.gradle,ADD_OR_REPLACE,integration-iso8583,gradle,521,18,c9fd2889890167c3303566ad9970a5bfce7ce1af7e9a1427d9dfc49778e36ad6,미검증,정적 dependency 검토 대상이며 실제 Gradle configuration/compile/publication 미실행,Local R4 overlay static audit + GitHub exact commit stats,
cpf-starters/integration-iso8583/src/main/java/com/cpf/starter/iso8583/CpfIso8583Codec.java,ADD_OR_REPLACE,integration-iso8583,java,6136,130,2d98497c63e98e59af8fe7bd1eaf26b70cc8c04fc2fe24cf53ce63ed3e0913fd,미검증,정적 Source 검토 대상이며 최신 exact SHA Java 25 전체 compile/test 미실행,Local R4 overlay static audit + GitHub exact commit stats,
cpf-starters/integration-iso8583/src/main/java/com/cpf/starter/iso8583/CpfIso8583FieldSpec.java,ADD_OR_REPLACE,integration-iso8583,java,292,1,11785c6437ec22ff63303a38619083a5049b9313d061c98b6c207015efeb0a83,미검증,정적 Source 검토 대상이며 최신 exact SHA Java 25 전체 compile/test 미실행,Local R4 overlay static audit + GitHub exact commit stats,
cpf-starters/integration-iso8583/src/main/java/com/cpf/starter/iso8583/CpfIso8583HmacMacProvider.java,ADD_OR_REPLACE,integration-iso8583,java,815,1,3db2e9b25b833e66c98a4b468d183d23f8f279bf91986db12d8bb96802a32bb3,미검증,정적 Source 검토 대상이며 최신 exact SHA Java 25 전체 compile/test 미실행,Local R4 overlay static audit + GitHub exact commit stats,
cpf-starters/integration-iso8583/src/main/java/com/cpf/starter/iso8583/CpfIso8583Message.java,ADD_OR_REPLACE,integration-iso8583,java,272,1,f0b2909c6b32e55c3f168cee8db3e16d8b0eaef7b76852feaf3da0de00d4a5d2,미검증,정적 Source 검토 대상이며 최신 exact SHA Java 25 전체 compile/test 미실행,Local R4 overlay static audit + GitHub exact commit stats,
cpf-starters/integration-iso8583/src/test/java/com/cpf/starter/iso8583/CpfIso8583CodecTest.java,ADD_OR_REPLACE,integration-iso8583,java,692,4,2fbad8d1ac870e241716a151bbc47ee89e35fdd93f236c1aba781be52eb9ce1c,미검증,Test Source 존재를 확인했으나 최신 exact SHA의 Gradle 실행 Evidence 없음,Local R4 overlay static audit + GitHub exact commit stats,
cpf-starters/integration-object-storage-s3/build.gradle,ADD_OR_REPLACE,integration-object-storage-s3,gradle,595,12,1576bde51971009a6ef505ab78ee966dcb007ce1e87e8e69f911f339e7bf4475,부분 구현,Source/build.gradle은 있으나 Settings/BOM/Catalog/Platform에 미등록되어 제품 Build 대상이 아님,Local R4 overlay static audit + GitHub exact commit stats,
cpf-starters/integration-object-storage-s3/src/main/java/com/cpf/starter/objectstorage/CpfObjectStorageAutoConfiguration.java,ADD_OR_REPLACE,integration-object-storage-s3,java,1135,1,8c2a82eed2ffb2305f2d0178c914b6a8e11d62f5957997c37b602308b0fd269e,부분 구현,Source/build.gradle은 있으나 Settings/BOM/Catalog/Platform에 미등록되어 제품 Build 대상이 아님,Local R4 overlay static audit + GitHub exact commit stats,
cpf-starters/integration-object-storage-s3/src/main/java/com/cpf/starter/objectstorage/CpfObjectStorageClient.java,ADD_OR_REPLACE,integration-object-storage-s3,java,1744,1,0a1c2bb9eabd5e0c9bf8a73b37bc40c43595321bc557a33f99fec3e3a505b642,부분 구현,Source/build.gradle은 있으나 Settings/BOM/Catalog/Platform에 미등록되어 제품 Build 대상이 아님,Local R4 overlay static audit + GitHub exact commit stats,
cpf-starters/integration-object-storage-s3/src/main/java/com/cpf/starter/objectstorage/CpfObjectStorageProperties.java,ADD_OR_REPLACE,integration-object-storage-s3,java,1123,1,20be275c659cb119bc99aac4fa8847845e0ace0250b8d302da31f6206239e731,부분 구현,Source/build.gradle은 있으나 Settings/BOM/Catalog/Platform에 미등록되어 제품 Build 대상이 아님,Local R4 overlay static audit + GitHub exact commit stats,
cpf-starters/integration-object-storage-s3/src/main/resources/META-INF/spring/org.springframework.boot.autoconfigure.AutoConfiguration.imports,ADD_OR_REPLACE,integration-object-storage-s3,imports,64,1,9ffe325861de2dc5eb60f8e5a277bd7c9224d63e3ed8928c590f49e13bb67172,부분 구현,Source/build.gradle은 있으나 Settings/BOM/Catalog/Platform에 미등록되어 제품 Build 대상이 아님,Local R4 overlay static audit + GitHub exact commit stats,
cpf-starters/integration-realtime-webflux/build.gradle,ADD_OR_REPLACE,integration-realtime-webflux,gradle,566,11,f999c933d214c974c665cd159ab8efddcd2fb37865688512a1e24d481c96ed37,부분 구현,Source/build.gradle은 있으나 Settings/BOM/Catalog/Platform에 미등록되어 제품 Build 대상이 아님,Local R4 overlay static audit + GitHub exact commit stats,
cpf-starters/integration-realtime-webflux/src/main/java/com/cpf/starter/realtime/CpfRealtimeAutoConfiguration.java,ADD_OR_REPLACE,integration-realtime-webflux,java,1165,1,f35fa859404d6ddd7c62cfd8c9cfc1f1bc963c1adba0df1e6a7c5ae94c793b73,부분 구현,Source/build.gradle은 있으나 Settings/BOM/Catalog/Platform에 미등록되어 제품 Build 대상이 아님,Local R4 overlay static audit + GitHub exact commit stats,
cpf-starters/integration-realtime-webflux/src/main/java/com/cpf/starter/realtime/CpfRealtimeClient.java,ADD_OR_REPLACE,integration-realtime-webflux,java,1445,1,8395d9cccefdf0d8ed5035f8e2a138617751b8c7751d6685f8d03291d8a92544,부분 구현,Source/build.gradle은 있으나 Settings/BOM/Catalog/Platform에 미등록되어 제품 Build 대상이 아님,Local R4 overlay static audit + GitHub exact commit stats,
cpf-starters/integration-realtime-webflux/src/main/resources/META-INF/spring/org.springframework.boot.autoconfigure.AutoConfiguration.imports,ADD_OR_REPLACE,integration-realtime-webflux,imports,54,1,f75de3b30cd879a2b03cc6a778e70bf58a18409f50429b40e4ff594fbc165609,부분 구현,Source/build.gradle은 있으나 Settings/BOM/Catalog/Platform에 미등록되어 제품 Build 대상이 아님,Local R4 overlay static audit + GitHub exact commit stats,
cpf-starters/integration-sftp/build.gradle,ADD_OR_REPLACE,integration-sftp,gradle,700,21,5f91d36f92b5cae1fba4c70975ddd6cb334cc9f66b9292be63fd6f5f3316e39d,부분 구현,SFTP happy path는 있으나 SecretRef/KnownHosts/real health/resume conflict/reconcile가 미완성,Local R4 overlay static audit + GitHub exact commit stats,
cpf-starters/integration-sftp/src/main/java/com/cpf/core/common/filetransfer/CpfFileExchangeGateway.java,ADD_OR_REPLACE,integration-sftp,java,12145,277,f597e7087cf287e36f6acd318c22894e25b54b43ab0c8c20f06d7f68c2cf491e,부분 구현,SFTP happy path는 있으나 SecretRef/KnownHosts/real health/resume conflict/reconcile가 미완성,Local R4 overlay static audit + GitHub exact commit stats,
cpf-starters/integration-sftp/src/main/java/com/cpf/core/common/filetransfer/CpfFileTransferClientAdapter.java,ADD_OR_REPLACE,integration-sftp,java,1531,21,fb0280eff560ce46c4e88a50184341d4cd36724c494ab6bbfe011115676a439b,부분 구현,SFTP happy path는 있으나 SecretRef/KnownHosts/real health/resume conflict/reconcile가 미완성,Local R4 overlay static audit + GitHub exact commit stats,
cpf-starters/integration-sftp/src/main/java/com/cpf/core/common/filetransfer/CpfFileTransferEngine.java,ADD_OR_REPLACE,integration-sftp,java,4690,109,8d4b3b6fc117d177b99e77a94e9982ab5a5165adac6c733ecb30a57fef2f49a3,부분 구현,SFTP happy path는 있으나 SecretRef/KnownHosts/real health/resume conflict/reconcile가 미완성,Local R4 overlay static audit + GitHub exact commit stats,
cpf-starters/integration-sftp/src/main/java/com/cpf/core/common/filetransfer/CpfFileTransferRuntimeState.java,ADD_OR_REPLACE,integration-sftp,java,4002,45,b3b704f3b929110e8f8ff75f29d35a1c5a1ab14541bb5fd6ae8a14f6872aba60,부분 구현,SFTP happy path는 있으나 SecretRef/KnownHosts/real health/resume conflict/reconcile가 미완성,Local R4 overlay static audit + GitHub exact commit stats,
cpf-starters/integration-sftp/src/main/java/com/cpf/core/common/filetransfer/DeterministicCpfRemoteFileTransferAdapter.java,ADD_OR_REPLACE,integration-sftp,java,4392,98,c6e148a11d8bbb3f4fceffe062d0a411b6385582ae38bd8cc14604d6c3f7a5cc,부분 구현,SFTP happy path는 있으나 SecretRef/KnownHosts/real health/resume conflict/reconcile가 미완성,Local R4 overlay static audit + GitHub exact commit stats,
cpf-starters/integration-sftp/src/main/java/com/cpf/core/common/filetransfer/JdbcCpfFileTransferRepository.java,ADD_OR_REPLACE,integration-sftp,java,6080,159,c093591363171714099b5572ea8e100e73bf9a969a8392db867670932c47003f,부분 구현,SFTP happy path는 있으나 SecretRef/KnownHosts/real health/resume conflict/reconcile가 미완성,Local R4 overlay static audit + GitHub exact commit stats,
cpf-starters/integration-sftp/src/main/java/com/cpf/core/common/filetransfer/LocalCpfFileTransferAdapter.java,ADD_OR_REPLACE,integration-sftp,java,9230,212,251c80b047b598b07397763cfc03b16c136aee856ba9687c0780cbd5fcbe7c19,부분 구현,SFTP happy path는 있으나 SecretRef/KnownHosts/real health/resume conflict/reconcile가 미완성,Local R4 overlay static audit + GitHub exact commit stats,
cpf-starters/integration-sftp/src/main/java/com/cpf/starter/sftp/CpfSftpAutoConfiguration.java,ADD_OR_REPLACE,integration-sftp,java,1244,2,a018d98c272f8b59d09f604b41c9ce7d84d6fb6a0ad995095a1ca89c31c3e00c,부분 구현,SFTP happy path는 있으나 SecretRef/KnownHosts/real health/resume conflict/reconcile가 미완성,Local R4 overlay static audit + GitHub exact commit stats,
cpf-starters/integration-sftp/src/main/java/com/cpf/starter/sftp/CpfSftpClient.java,ADD_OR_REPLACE,integration-sftp,java,6509,15,b2a19ac142fdc103ce06f48e7fef729b69494aeb9259cb34b4148cf632460d35,부분 구현,SFTP happy path는 있으나 SecretRef/KnownHosts/real health/resume conflict/reconcile가 미완성,Local R4 overlay static audit + GitHub exact commit stats,
cpf-starters/integration-sftp/src/main/java/com/cpf/starter/sftp/CpfSftpProperties.java,ADD_OR_REPLACE,integration-sftp,java,1902,4,0002742264a6cea303ab67cbe1bcdd7d0ed88b22c01ad4a0818adcd942838599,부분 구현,SFTP happy path는 있으나 SecretRef/KnownHosts/real health/resume conflict/reconcile가 미완성,Local R4 overlay static audit + GitHub exact commit stats,
cpf-starters/integration-sftp/src/main/java/com/cpf/starter/sftp/CpfSftpTransferRecord.java,ADD_OR_REPLACE,integration-sftp,java,278,1,e7309089fd553a8f0a5460e2c9b39f15d13be621d24f800243a5a7a8a8a354c2,부분 구현,SFTP happy path는 있으나 SecretRef/KnownHosts/real health/resume conflict/reconcile가 미완성,Local R4 overlay static audit + GitHub exact commit stats,
cpf-starters/integration-sftp/src/main/java/com/cpf/starter/sftp/JdbcCpfSftpTransferLedger.java,ADD_OR_REPLACE,integration-sftp,java,1116,2,25d3f12ebb99818b13622d067bf34f19373056d720f6a61bd345a5b93b866997,부분 구현,SFTP happy path는 있으나 SecretRef/KnownHosts/real health/resume conflict/reconcile가 미완성,Local R4 overlay static audit + GitHub exact commit stats,
cpf-starters/integration-sftp/src/main/resources/META-INF/spring/org.springframework.boot.autoconfigure.AutoConfiguration.imports,ADD_OR_REPLACE,integration-sftp,imports,46,1,7b651bd7cff934ecd945d381da274bd04e02c3ce8a5ae13b0414893704ccc9a4,부분 구현,SFTP happy path는 있으나 SecretRef/KnownHosts/real health/resume conflict/reconcile가 미완성,Local R4 overlay static audit + GitHub exact commit stats,
cpf-starters/integration-sftp/src/main/resources/db/mariadb/migration/V1__cpf_sftp_transfer.sql,ADD_OR_REPLACE,integration-sftp,sql,733,3,075cbfd30d392a678adb9419d2811cec163e9aecd0a890ecf0ce20232eecadb2,부분 구현,SFTP happy path는 있으나 SecretRef/KnownHosts/real health/resume conflict/reconcile가 미완성,Local R4 overlay static audit + GitHub exact commit stats,
cpf-starters/integration-sftp/src/main/resources/db/mariadb/rollback/R1__cpf_sftp_transfer.sql,ADD_OR_REPLACE,integration-sftp,sql,30,1,aaab69a6b3bb01dc25c76e2f5440242d4d861ebf6fb9a7dc8d3d72271d050231,부분 구현,SFTP happy path는 있으나 SecretRef/KnownHosts/real health/resume conflict/reconcile가 미완성,Local R4 overlay static audit + GitHub exact commit stats,
cpf-starters/integration-sftp/src/main/resources/db/oracle/migration/V1__cpf_sftp_transfer.sql,ADD_OR_REPLACE,integration-sftp,sql,758,3,379497207be67d244a1dbcc15a66f6016d443d07a7b1b9534584f1a4c971e0fd,부분 구현,SFTP happy path는 있으나 SecretRef/KnownHosts/real health/resume conflict/reconcile가 미완성,Local R4 overlay static audit + GitHub exact commit stats,
cpf-starters/integration-sftp/src/main/resources/db/oracle/rollback/R1__cpf_sftp_transfer.sql,ADD_OR_REPLACE,integration-sftp,sql,30,1,aaab69a6b3bb01dc25c76e2f5440242d4d861ebf6fb9a7dc8d3d72271d050231,부분 구현,SFTP happy path는 있으나 SecretRef/KnownHosts/real health/resume conflict/reconcile가 미완성,Local R4 overlay static audit + GitHub exact commit stats,
cpf-starters/integration-sftp/src/main/resources/db/postgresql/migration/V1__cpf_sftp_transfer.sql,ADD_OR_REPLACE,integration-sftp,sql,742,3,1a0e8838ba251c55ed3454eb0af3f99d45267889d98550bf153f0a3c2fae427e,부분 구현,SFTP happy path는 있으나 SecretRef/KnownHosts/real health/resume conflict/reconcile가 미완성,Local R4 overlay static audit + GitHub exact commit stats,
cpf-starters/integration-sftp/src/main/resources/db/postgresql/rollback/R1__cpf_sftp_transfer.sql,ADD_OR_REPLACE,integration-sftp,sql,30,1,aaab69a6b3bb01dc25c76e2f5440242d4d861ebf6fb9a7dc8d3d72271d050231,부분 구현,SFTP happy path는 있으나 SecretRef/KnownHosts/real health/resume conflict/reconcile가 미완성,Local R4 overlay static audit + GitHub exact commit stats,
cpf-starters/integration-sftp/src/test/java/com/cpf/core/common/filetransfer/CpfFileExchangeGatewayTest.java,ADD_OR_REPLACE,integration-sftp,java,2362,65,d10ed110fe18cfb389b27982c9cf4d5cbed707e4a6a0b7927a4bfbaa17729fce,부분 구현,SFTP happy path는 있으나 SecretRef/KnownHosts/real health/resume conflict/reconcile가 미완성,Local R4 overlay static audit + GitHub exact commit stats,
cpf-starters/integration-sftp/src/test/java/com/cpf/core/common/filetransfer/DeterministicCpfRemoteFileTransferAdapterTest.java,ADD_OR_REPLACE,integration-sftp,java,2670,65,7c71222530e2f441ac2fe0d28b23eea98e7f07ceea25dab2b63bbe528681f92a,부분 구현,SFTP happy path는 있으나 SecretRef/KnownHosts/real health/resume conflict/reconcile가 미완성,Local R4 overlay static audit + GitHub exact commit stats,
cpf-starters/integration-sftp/src/test/java/com/cpf/core/common/filetransfer/JdbcCpfFileTransferRepositoryTest.java,ADD_OR_REPLACE,integration-sftp,java,3330,81,d5b067907e583743fb83932d9e21703c18e3a5a90cd159d59349773ca988efb8,부분 구현,SFTP happy path는 있으나 SecretRef/KnownHosts/real health/resume conflict/reconcile가 미완성,Local R4 overlay static audit + GitHub exact commit stats,
cpf-starters/integration-sftp/src/test/java/com/cpf/core/common/filetransfer/LocalCpfFileTransferAdapterTest.java,ADD_OR_REPLACE,integration-sftp,java,6318,175,648e3b3d433d41be431da22fc157850cefea8695f4247af8b9d1ec1f4c4ee29f,부분 구현,SFTP happy path는 있으나 SecretRef/KnownHosts/real health/resume conflict/reconcile가 미완성,Local R4 overlay static audit + GitHub exact commit stats,
cpf-starters/integration-smb/build.gradle,ADD_OR_REPLACE,integration-smb,gradle,527,11,f496ac8112271ece2818a98a27ba014fb11e859bdb357fffd41e3be104fa6e3b,부분 구현,Source/build.gradle은 있으나 Settings/BOM/Catalog/Platform에 미등록되어 제품 Build 대상이 아님,Local R4 overlay static audit + GitHub exact commit stats,
cpf-starters/integration-smb/src/main/java/com/cpf/starter/smb/CpfSmbAutoConfiguration.java,ADD_OR_REPLACE,integration-smb,java,596,1,e4e97d1c27c50805e3bfc7d8e4568575c6a95c2bca214b281cac661226f5ad73,부분 구현,Source/build.gradle은 있으나 Settings/BOM/Catalog/Platform에 미등록되어 제품 Build 대상이 아님,Local R4 overlay static audit + GitHub exact commit stats,
cpf-starters/integration-smb/src/main/java/com/cpf/starter/smb/CpfSmbClient.java,ADD_OR_REPLACE,integration-smb,java,2401,1,b33a4285a699c2481d096f1d392c2c6628805c7bd745336faec74a17da63a56f,부분 구현,Source/build.gradle은 있으나 Settings/BOM/Catalog/Platform에 미등록되어 제품 Build 대상이 아님,Local R4 overlay static audit + GitHub exact commit stats,
cpf-starters/integration-smb/src/main/java/com/cpf/starter/smb/CpfSmbProperties.java,ADD_OR_REPLACE,integration-smb,java,1058,1,bca67bfc362cd51d79720c1458a7fec45b0afd9d6f82e9b32c5e9d11f6b970d5,부분 구현,Source/build.gradle은 있으나 Settings/BOM/Catalog/Platform에 미등록되어 제품 Build 대상이 아님,Local R4 overlay static audit + GitHub exact commit stats,
cpf-starters/integration-smb/src/main/resources/META-INF/spring/org.springframework.boot.autoconfigure.AutoConfiguration.imports,ADD_OR_REPLACE,integration-smb,imports,44,1,8248512e3a8f7a24ea346110e892620b34e845e9a4b5ccc7e7849a048adeb185,부분 구현,Source/build.gradle은 있으나 Settings/BOM/Catalog/Platform에 미등록되어 제품 Build 대상이 아님,Local R4 overlay static audit + GitHub exact commit stats,
cpf-starters/integration-soap/build.gradle,ADD_OR_REPLACE,integration-soap,gradle,591,12,9726d4361ccfae2302fbfabc694d2194251fb3b3d9d56a89d6c1c63ec63660e9,부분 구현,Source/build.gradle은 있으나 Settings/BOM/Catalog/Platform에 미등록되어 제품 Build 대상이 아님,Local R4 overlay static audit + GitHub exact commit stats,
cpf-starters/integration-soap/src/main/java/com/cpf/starter/soap/CpfSoapAutoConfiguration.java,ADD_OR_REPLACE,integration-soap,java,1194,1,31271bcef802da4f1bd2d46ca8e97b254123c61f731925ffe7604cc76c28206e,부분 구현,Source/build.gradle은 있으나 Settings/BOM/Catalog/Platform에 미등록되어 제품 Build 대상이 아님,Local R4 overlay static audit + GitHub exact commit stats,
cpf-starters/integration-soap/src/main/java/com/cpf/starter/soap/CpfSoapClient.java,ADD_OR_REPLACE,integration-soap,java,1153,1,ad3077fd6533770486b6b3bf38572cf031f8bb823af8a5717ef3b1ae30e724b1,부분 구현,Source/build.gradle은 있으나 Settings/BOM/Catalog/Platform에 미등록되어 제품 Build 대상이 아님,Local R4 overlay static audit + GitHub exact commit stats,
cpf-starters/integration-soap/src/main/java/com/cpf/starter/soap/CpfSoapProperties.java,ADD_OR_REPLACE,integration-soap,java,1028,1,02000600fe3c5c41f1815c76f4a762f3b6aeee8aa100a0acf828dd7926c30d0e,부분 구현,Source/build.gradle은 있으나 Settings/BOM/Catalog/Platform에 미등록되어 제품 Build 대상이 아님,Local R4 overlay static audit + GitHub exact commit stats,
cpf-starters/integration-soap/src/main/resources/META-INF/spring/org.springframework.boot.autoconfigure.AutoConfiguration.imports,ADD_OR_REPLACE,integration-soap,imports,46,1,f3259201fed13944b001bce185a749f91f9d2ff5cc1852c5a814b0c35b0f42b6,부분 구현,Source/build.gradle은 있으나 Settings/BOM/Catalog/Platform에 미등록되어 제품 Build 대상이 아님,Local R4 overlay static audit + GitHub exact commit stats,
cpf-starters/integration-tcp/build.gradle,ADD_OR_REPLACE,integration-tcp,gradle,636,20,f94bbf3660b196cddf4fbcc86b243efa842e09577e2fe8338f1340df8eee73d8,부분 구현,Codec는 있으나 correlation/reconnect/persistent unknown/TLS identity가 transport에 완결 연결되지 않음,Local R4 overlay static audit + GitHub exact commit stats,
cpf-starters/integration-tcp/src/main/java/com/cpf/starter/tcp/CpfTcpAutoConfiguration.java,ADD_OR_REPLACE,integration-tcp,java,2680,7,6e7888f9cbc0326dab2de97c87476dda2742d45522c1c0eaf4d9a760004adfc6,부분 구현,Codec는 있으나 correlation/reconnect/persistent unknown/TLS identity가 transport에 완결 연결되지 않음,Local R4 overlay static audit + GitHub exact commit stats,
cpf-starters/integration-tcp/src/main/java/com/cpf/starter/tcp/CpfTcpClient.java,ADD_OR_REPLACE,integration-tcp,java,2283,5,bc5faea476c337e91c6d14520b4aca555b3be032c52c00b87affc58349513336,부분 구현,Codec는 있으나 correlation/reconnect/persistent unknown/TLS identity가 transport에 완결 연결되지 않음,Local R4 overlay static audit + GitHub exact commit stats,
cpf-starters/integration-tcp/src/main/java/com/cpf/starter/tcp/CpfTcpCorrelationRegistry.java,ADD_OR_REPLACE,integration-tcp,java,1742,2,e9e5d984dd58de097f6eec3426b0f2766ac99b0310a2302536053c9f73b8614e,부분 구현,Codec는 있으나 correlation/reconnect/persistent unknown/TLS identity가 transport에 완결 연결되지 않음,Local R4 overlay static audit + GitHub exact commit stats,
cpf-starters/integration-tcp/src/main/java/com/cpf/starter/tcp/CpfTcpDeterministicSimulator.java,ADD_OR_REPLACE,integration-tcp,java,1439,10,4a6ff47ca91e2b7466b8706da1e6696854f3fc0491793a80782a2abf56fd0b61,부분 구현,Codec는 있으나 correlation/reconnect/persistent unknown/TLS identity가 transport에 완결 연결되지 않음,Local R4 overlay static audit + GitHub exact commit stats,
cpf-starters/integration-tcp/src/main/java/com/cpf/starter/tcp/CpfTcpFrameCodec.java,ADD_OR_REPLACE,integration-tcp,java,4454,117,fa73a8884465d31a0541ead7cb085479872f457a73e8e6a8bd2202d3c6938d76,부분 구현,Codec는 있으나 correlation/reconnect/persistent unknown/TLS identity가 transport에 완결 연결되지 않음,Local R4 overlay static audit + GitHub exact commit stats,
cpf-starters/integration-tcp/src/main/java/com/cpf/starter/tcp/CpfTcpOperations.java,ADD_OR_REPLACE,integration-tcp,java,1118,1,80e2ed90c13d9c69f8feeba9c116b056a04f5df799967e4cca52ad8b78dd6bc4,부분 구현,Codec는 있으나 correlation/reconnect/persistent unknown/TLS identity가 transport에 완결 연결되지 않음,Local R4 overlay static audit + GitHub exact commit stats,
cpf-starters/integration-tcp/src/main/java/com/cpf/starter/tcp/CpfTcpProperties.java,ADD_OR_REPLACE,integration-tcp,java,5200,101,cd0811193cb19b7b4240e03fd68df81244625f646db54321556d83fbcce1fb37,부분 구현,Codec는 있으나 correlation/reconnect/persistent unknown/TLS identity가 transport에 완결 연결되지 않음,Local R4 overlay static audit + GitHub exact commit stats,
cpf-starters/integration-tcp/src/main/java/com/cpf/starter/tcp/CpfTcpReconnectPolicy.java,ADD_OR_REPLACE,integration-tcp,java,666,1,180ba6bed02cf025db618914538052d41641eca8d23817d819cdb892be9423d2,부분 구현,Codec는 있으나 correlation/reconnect/persistent unknown/TLS identity가 transport에 완결 연결되지 않음,Local R4 overlay static audit + GitHub exact commit stats,
cpf-starters/integration-tcp/src/main/java/com/cpf/starter/tcp/CpfTcpServer.java,ADD_OR_REPLACE,integration-tcp,java,2070,7,c63361f42d32c0ce5e273d176fa7db509c1d4a9e74b44c2a4020e659e8267cf2,부분 구현,Codec는 있으나 correlation/reconnect/persistent unknown/TLS identity가 transport에 완결 연결되지 않음,Local R4 overlay static audit + GitHub exact commit stats,
cpf-starters/integration-tcp/src/main/java/com/cpf/starter/tcp/CpfTcpTlsContextProvider.java,ADD_OR_REPLACE,integration-tcp,java,146,1,7e33430f2f5d260875fa45a6fb68ce4b26875a55fc554fdacc4618a8c542d3df,부분 구현,Codec는 있으나 correlation/reconnect/persistent unknown/TLS identity가 transport에 완결 연결되지 않음,Local R4 overlay static audit + GitHub exact commit stats,
cpf-starters/integration-tcp/src/main/java/com/cpf/starter/tcp/CpfTcpUnknownResult.java,ADD_OR_REPLACE,integration-tcp,java,258,1,34f7616f1938f3457929f1f1a911fb5b5b74faafffba76254e8172c0e0d888a3,부분 구현,Codec는 있으나 correlation/reconnect/persistent unknown/TLS identity가 transport에 완결 연결되지 않음,Local R4 overlay static audit + GitHub exact commit stats,
cpf-starters/integration-tcp/src/main/java/com/cpf/starter/tcp/CpfTcpUnknownResultStore.java,ADD_OR_REPLACE,integration-tcp,java,849,1,72781f9ff89344753f066a5026c4a60d61db86262d04c6f9059650cf380ced64,부분 구현,Codec는 있으나 correlation/reconnect/persistent unknown/TLS identity가 transport에 완결 연결되지 않음,Local R4 overlay static audit + GitHub exact commit stats,
cpf-starters/integration-tcp/src/main/java/com/cpf/starter/tcp/KeyStoreCpfTcpTlsContextProvider.java,ADD_OR_REPLACE,integration-tcp,java,1704,2,38a2ed31f9758af646128c75e6cfef0a6ed8225601fb629b2273d12995857b01,부분 구현,Codec는 있으나 correlation/reconnect/persistent unknown/TLS identity가 transport에 완결 연결되지 않음,Local R4 overlay static audit + GitHub exact commit stats,
cpf-starters/integration-tcp/src/main/resources/META-INF/spring/org.springframework.boot.autoconfigure.AutoConfiguration.imports,ADD_OR_REPLACE,integration-tcp,imports,44,1,298cf619def1a7267ddb9fe87cc1e8e0bff042c2e382de9f4bb01c8ba5d6475d,부분 구현,Codec는 있으나 correlation/reconnect/persistent unknown/TLS identity가 transport에 완결 연결되지 않음,Local R4 overlay static audit + GitHub exact commit stats,
cpf-starters/integration-tcp/src/test/java/com/cpf/starter/tcp/CpfTcpCorrelationRegistryTest.java,ADD_OR_REPLACE,integration-tcp,java,662,1,2a94a04decda38bf827834a219bd2914df8ae37a336a6e662b00492a0317fb16,부분 구현,Codec는 있으나 correlation/reconnect/persistent unknown/TLS identity가 transport에 완결 연결되지 않음,Local R4 overlay static audit + GitHub exact commit stats,
cpf-starters/integration-tcp/src/test/java/com/cpf/starter/tcp/CpfTcpFrameCodecTest.java,ADD_OR_REPLACE,integration-tcp,java,1376,8,dc722dbf9814e0c6dd9b046af51c07f041ae9daed39f2434929453f2aae1059d,부분 구현,Codec는 있으나 correlation/reconnect/persistent unknown/TLS identity가 transport에 완결 연결되지 않음,Local R4 overlay static audit + GitHub exact commit stats,
cpf-starters/integration-webhook/build.gradle,ADD_OR_REPLACE,integration-webhook,gradle,673,13,1d58e5733f9485be2bdb54739d1c73c5bfddc2b19ce4f0b11000bd25b6ff149f,부분 구현,Source/build.gradle은 있으나 Settings/BOM/Catalog/Platform에 미등록되어 제품 Build 대상이 아님,Local R4 overlay static audit + GitHub exact commit stats,
cpf-starters/integration-webhook/src/main/java/com/cpf/core/common/http/CpfWebhookCallbackClient.java,ADD_OR_REPLACE,integration-webhook,java,1736,8,3eb5de3f9fc5b7af4e31c258c758562a6bd9843f7be50605503cc3318c5761f1,부분 구현,Source/build.gradle은 있으나 Settings/BOM/Catalog/Platform에 미등록되어 제품 Build 대상이 아님,Local R4 overlay static audit + GitHub exact commit stats,
cpf-starters/integration-webhook/src/main/java/com/cpf/core/common/http/CpfWebhookRuntimePolicy.java,ADD_OR_REPLACE,integration-webhook,java,1991,10,c7116afc2071d64a8962048a1bbfd36ccdd621d75c81e4308a7362cec0962c11,부분 구현,Source/build.gradle은 있으나 Settings/BOM/Catalog/Platform에 미등록되어 제품 Build 대상이 아님,Local R4 overlay static audit + GitHub exact commit stats,
cpf-starters/integration-webhook/src/main/java/com/cpf/starter/webhook/CpfWebhookAutoConfiguration.java,ADD_OR_REPLACE,integration-webhook,java,990,1,7c60842b2fe1403190a41714df47012d13e8c5efc35f33aa2822cce304adad83,부분 구현,Source/build.gradle은 있으나 Settings/BOM/Catalog/Platform에 미등록되어 제품 Build 대상이 아님,Local R4 overlay static audit + GitHub exact commit stats,
cpf-starters/integration-webhook/src/main/java/com/cpf/starter/webhook/CpfWebhookClient.java,ADD_OR_REPLACE,integration-webhook,java,2475,1,273a87539995d8f1ceef99997d73ac2be3fe34bbc3d9e230c706dedafff39917,부분 구현,Source/build.gradle은 있으나 Settings/BOM/Catalog/Platform에 미등록되어 제품 Build 대상이 아님,Local R4 overlay static audit + GitHub exact commit stats,
cpf-starters/integration-webhook/src/main/java/com/cpf/starter/webhook/CpfWebhookCompatibilityAutoConfiguration.java,ADD_OR_REPLACE,integration-webhook,java,1158,27,758e74eb11dcb2eb5e9ad408fd709eb75249da94bb4d3538757b80a2c621b657,부분 구현,Source/build.gradle은 있으나 Settings/BOM/Catalog/Platform에 미등록되어 제품 Build 대상이 아님,Local R4 overlay static audit + GitHub exact commit stats,
cpf-starters/integration-webhook/src/main/resources/META-INF/spring/org.springframework.boot.autoconfigure.AutoConfiguration.imports,ADD_OR_REPLACE,integration-webhook,imports,117,2,8ae58661b0a759c097402cec7752af119c308c23929ce30c220c679d079d9194,부분 구현,Source/build.gradle은 있으나 Settings/BOM/Catalog/Platform에 미등록되어 제품 Build 대상이 아님,Local R4 overlay static audit + GitHub exact commit stats,
cpf-starters/integration-webhook/src/main/resources/db/mariadb/migration/V1__cpf_webhook.sql,ADD_OR_REPLACE,integration-webhook,sql,721,2,e061769b50e0950a4e6025657fb5d9f5e84d3375c50fcae5536f1c654a0fa0ba,부분 구현,Source/build.gradle은 있으나 Settings/BOM/Catalog/Platform에 미등록되어 제품 Build 대상이 아님,Local R4 overlay static audit + GitHub exact commit stats,
cpf-starters/integration-webhook/src/main/resources/db/mariadb/rollback/R1__cpf_webhook.sql,ADD_OR_REPLACE,integration-webhook,sql,33,1,8fb0c618a75a786547542b146f989718ab85b537926fd3eac187c2b988b1f8be,부분 구현,Source/build.gradle은 있으나 Settings/BOM/Catalog/Platform에 미등록되어 제품 Build 대상이 아님,Local R4 overlay static audit + GitHub exact commit stats,
cpf-starters/integration-webhook/src/main/resources/db/oracle/migration/V1__cpf_webhook.sql,ADD_OR_REPLACE,integration-webhook,sql,740,2,a77fa2b885067ad5fba383bd0a7fd6ec51eb33b5c82f13297e9fe3420e5c1af4,부분 구현,Source/build.gradle은 있으나 Settings/BOM/Catalog/Platform에 미등록되어 제품 Build 대상이 아님,Local R4 overlay static audit + GitHub exact commit stats,
cpf-starters/integration-webhook/src/main/resources/db/oracle/rollback/R1__cpf_webhook.sql,ADD_OR_REPLACE,integration-webhook,sql,33,1,8fb0c618a75a786547542b146f989718ab85b537926fd3eac187c2b988b1f8be,부분 구현,Source/build.gradle은 있으나 Settings/BOM/Catalog/Platform에 미등록되어 제품 Build 대상이 아님,Local R4 overlay static audit + GitHub exact commit stats,
cpf-starters/integration-webhook/src/main/resources/db/postgresql/migration/V1__cpf_webhook.sql,ADD_OR_REPLACE,integration-webhook,sql,730,2,4b7bcca95823e5b07bfceba2d1568eded2a29fc9db9be8e8d5401b496a30adc1,부분 구현,Source/build.gradle은 있으나 Settings/BOM/Catalog/Platform에 미등록되어 제품 Build 대상이 아님,Local R4 overlay static audit + GitHub exact commit stats,
cpf-starters/integration-webhook/src/main/resources/db/postgresql/rollback/R1__cpf_webhook.sql,ADD_OR_REPLACE,integration-webhook,sql,33,1,8fb0c618a75a786547542b146f989718ab85b537926fd3eac187c2b988b1f8be,부분 구현,Source/build.gradle은 있으나 Settings/BOM/Catalog/Platform에 미등록되어 제품 Build 대상이 아님,Local R4 overlay static audit + GitHub exact commit stats,
cpf-starters/messaging-ibm-mq/build.gradle,ADD_OR_REPLACE,messaging-ibm-mq,gradle,511,17,826df650ad36e04bca0fe8933305bfcbdb3132cd21a7bff721174e58ef5d2730,부분 구현,Vendor config/runtime/reconnect/test 미완성,Local R4 overlay static audit + GitHub exact commit stats,"IBM MQ Vendor Plugin SPI/Adapter, 직접 Reliability 계약 의존, CCDT/TLS/Reason Code/Reconnect 실제 구현을 완성한다."
cpf-starters/messaging-ibm-mq/src/main/java/com/cpf/starter/ibmmq/CpfIbmMqAutoConfiguration.java,ADD_OR_REPLACE,messaging-ibm-mq,java,1830,2,9f21a40db5e608921632f28b95250ff9b574ece5f58e234ac3c286215b9d3802,실패,Reliability CpfNamedBrokerClient 직접 의존 누락,Local R4 overlay static audit + GitHub exact commit stats,Owner 계약을 재배치하고 직접 의존성/API 노출을 교정하되 순환 의존은 금지한다.
cpf-starters/messaging-ibm-mq/src/main/java/com/cpf/starter/ibmmq/CpfIbmMqBrokerClient.java,ADD_OR_REPLACE,messaging-ibm-mq,java,1464,1,8e9a9d162edb35d7de7d2f19c179eef528e82bb261aac4b3b2ccd501b18ae696,부분 구현,Vendor config/runtime/reconnect/test 미완성,Local R4 overlay static audit + GitHub exact commit stats,
cpf-starters/messaging-ibm-mq/src/main/java/com/cpf/starter/ibmmq/CpfIbmMqProperties.java,ADD_OR_REPLACE,messaging-ibm-mq,java,2590,49,18ddcd249f950e5e132a18803c4c1020dc8f38e136a63e376e218bd2efcd58f9,부분 구현,Vendor config/runtime/reconnect/test 미완성,Local R4 overlay static audit + GitHub exact commit stats,"IBM MQ Vendor Plugin SPI/Adapter, 직접 Reliability 계약 의존, CCDT/TLS/Reason Code/Reconnect 실제 구현을 완성한다."
cpf-starters/messaging-ibm-mq/src/main/java/com/cpf/starter/ibmmq/CpfIbmMqReasonCodeMapper.java,ADD_OR_REPLACE,messaging-ibm-mq,java,427,1,05d099e624b1110671c52b723ff98f0c81fb57bfa29a2f4068e2123da65c0370,부분 구현,Vendor config/runtime/reconnect/test 미완성,Local R4 overlay static audit + GitHub exact commit stats,
cpf-starters/messaging-ibm-mq/src/main/resources/META-INF/spring/org.springframework.boot.autoconfigure.AutoConfiguration.imports,ADD_OR_REPLACE,messaging-ibm-mq,imports,48,1,7eb377e343e2a8eaacabb7f5636c9c81682a53fff3f8a7367eb17d29d9701827,부분 구현,Vendor config/runtime/reconnect/test 미완성,Local R4 overlay static audit + GitHub exact commit stats,
cpf-starters/messaging-jms/build.gradle,ADD_OR_REPLACE,messaging-jms,gradle,661,21,1e5ff771d1e3865b4fc821c18fddc89b9514de8da3e0253ec2aee142d40074dc,부분 구현,JMS provider 골격 대비 consume/redelivery/reconcile/test 미완성,Local R4 overlay static audit + GitHub exact commit stats,
cpf-starters/messaging-jms/src/main/java/com/cpf/starter/jms/CpfJmsAutoConfiguration.java,ADD_OR_REPLACE,messaging-jms,java,1919,3,f943a72c0b0c92deda960520f85acb411917a9ee1502f01ed07df73445aea311,부분 구현,JMS provider 골격 대비 consume/redelivery/reconcile/test 미완성,Local R4 overlay static audit + GitHub exact commit stats,
cpf-starters/messaging-jms/src/main/java/com/cpf/starter/jms/CpfJmsBrokerClient.java,ADD_OR_REPLACE,messaging-jms,java,1370,4,2e94d9edfbe88ee1d61726ea628d7b41a2f3cf1b6e6fd38076326639d67e2ea3,부분 구현,JMS provider 골격 대비 consume/redelivery/reconcile/test 미완성,Local R4 overlay static audit + GitHub exact commit stats,
cpf-starters/messaging-jms/src/main/java/com/cpf/starter/jms/CpfJmsProperties.java,ADD_OR_REPLACE,messaging-jms,java,1562,3,f10a7f482c5d3b9bee2503f974c5edf80d3d2b82f44c768a0500a932ff8fae1f,부분 구현,JMS provider 골격 대비 consume/redelivery/reconcile/test 미완성,Local R4 overlay static audit + GitHub exact commit stats,
cpf-starters/messaging-jms/src/main/resources/META-INF/spring/org.springframework.boot.autoconfigure.AutoConfiguration.imports,ADD_OR_REPLACE,messaging-jms,imports,44,1,55e2ec095acce1b4c941eda0ac04351051b078c2a1445f67f47da35342ea8edb,부분 구현,JMS provider 골격 대비 consume/redelivery/reconcile/test 미완성,Local R4 overlay static audit + GitHub exact commit stats,
cpf-starters/messaging-kafka/build.gradle,ADD_OR_REPLACE,messaging-kafka,gradle,865,22,142841fc56524d3ef314eda09650739d8f29b6f69da0c28c1d467804698f821d,부분 구현,binding 추가 대비 provider full scenario exact-SHA 미검증,Local R4 overlay static audit + GitHub exact commit stats,
cpf-starters/messaging-kafka/src/main/java/com/cpf/starter/kafka/CpfKafkaBindingAutoConfiguration.java,ADD_OR_REPLACE,messaging-kafka,java,879,13,3dcca3ab760c79de37db4a8191a2ade80a9c7a26b2ca3780c0594fa2830564d2,부분 구현,binding 추가 대비 provider full scenario exact-SHA 미검증,Local R4 overlay static audit + GitHub exact commit stats,
cpf-starters/messaging-kafka/src/main/resources/META-INF/spring/org.springframework.boot.autoconfigure.AutoConfiguration.imports,ADD_OR_REPLACE,messaging-kafka,imports,103,2,f0a407239fcbf8e99088e1caed4d46980a2f98ab0800de08860969dc76d0492a,부분 구현,binding 추가 대비 provider full scenario exact-SHA 미검증,Local R4 overlay static audit + GitHub exact commit stats,
cpf-starters/messaging-rabbitmq/build.gradle,ADD_OR_REPLACE,messaging-rabbitmq,gradle,654,20,149016aba894263ec3b8de474233d979a14cf870ae329e51638d97bd50c22988,부분 구현,provider producer 골격 대비 consume/ack/DLX/recovery/test 미완성,Local R4 overlay static audit + GitHub exact commit stats,
cpf-starters/messaging-rabbitmq/src/main/java/com/cpf/starter/rabbitmq/CpfRabbitMqAutoConfiguration.java,ADD_OR_REPLACE,messaging-rabbitmq,java,2613,14,b01302f95597f947817eb18316cd9fb8a998963f2de75447e334d173d016ae67,부분 구현,provider producer 골격 대비 consume/ack/DLX/recovery/test 미완성,Local R4 overlay static audit + GitHub exact commit stats,
cpf-starters/messaging-rabbitmq/src/main/java/com/cpf/starter/rabbitmq/CpfRabbitMqBrokerClient.java,ADD_OR_REPLACE,messaging-rabbitmq,java,1797,17,e01b479d7bbe4fbcd6c4ad4fb281013049a1ada6ec64ed13fc4540e2f5c7c6e7,부분 구현,provider producer 골격 대비 consume/ack/DLX/recovery/test 미완성,Local R4 overlay static audit + GitHub exact commit stats,
cpf-starters/messaging-rabbitmq/src/main/java/com/cpf/starter/rabbitmq/CpfRabbitMqProperties.java,ADD_OR_REPLACE,messaging-rabbitmq,java,2431,7,ea1364878a0d51e124272e2861d4d3eada4c0e8e65008b5f3ebabb3f812ea159,부분 구현,provider producer 골격 대비 consume/ack/DLX/recovery/test 미완성,Local R4 overlay static audit + GitHub exact commit stats,
cpf-starters/messaging-rabbitmq/src/main/resources/META-INF/spring/org.springframework.boot.autoconfigure.AutoConfiguration.imports,ADD_OR_REPLACE,messaging-rabbitmq,imports,54,1,77e5885bb3984315caf27f3734939543c9fe18c22c3b8893de4eac23ebf920e8,부분 구현,provider producer 골격 대비 consume/ack/DLX/recovery/test 미완성,Local R4 overlay static audit + GitHub exact commit stats,
cpf-starters/messaging-reliability-jdbc/build.gradle,ADD_OR_REPLACE,messaging-reliability-jdbc,gradle,760,22,ca1825df06e56ac8508256617a0278d39fdb49c5b664164180494907307b2f36,미검증,정적 dependency 검토 대상이며 실제 Gradle configuration/compile/publication 미실행,Local R4 overlay static audit + GitHub exact commit stats,
cpf-starters/messaging-reliability-jdbc/src/main/java/com/cpf/core/common/broker/CpfBrokerBridgeAdapter.java,ADD_OR_REPLACE,messaging-reliability-jdbc,java,6663,166,61037230f90942c5b5a595afcef13434df7ed41578acda9f0287071890fc07f1,미검증,정적 Source 검토 대상이며 최신 exact SHA Java 25 전체 compile/test 미실행,Local R4 overlay static audit + GitHub exact commit stats,
cpf-starters/messaging-reliability-jdbc/src/main/java/com/cpf/core/common/broker/CpfBrokerConsumerRuntimePolicy.java,ADD_OR_REPLACE,messaging-reliability-jdbc,java,4744,105,ec6d5ea695d66ef078ce43e9276ef15bdbf31358a463473da5c82e6eb0ac3a91,미검증,정적 Source 검토 대상이며 최신 exact SHA Java 25 전체 compile/test 미실행,Local R4 overlay static audit + GitHub exact commit stats,
cpf-starters/messaging-reliability-jdbc/src/main/java/com/cpf/core/common/broker/CpfBrokerConsumerWorker.java,ADD_OR_REPLACE,messaging-reliability-jdbc,java,3601,78,91240c67835cf9bc735012c8046640d14251ae0db3f7b15f70f97ae2bdcc4f0a,미검증,정적 Source 검토 대상이며 최신 exact SHA Java 25 전체 compile/test 미실행,Local R4 overlay static audit + GitHub exact commit stats,
cpf-starters/messaging-reliability-jdbc/src/main/java/com/cpf/core/common/broker/CpfBrokerPublisherWorker.java,ADD_OR_REPLACE,messaging-reliability-jdbc,java,2963,73,93171098bf4362af1e0f2cb2d3d217750bda4556e5994847e8dc96bb6081cf31,미검증,정적 Source 검토 대상이며 최신 exact SHA Java 25 전체 compile/test 미실행,Local R4 overlay static audit + GitHub exact commit stats,
cpf-starters/messaging-reliability-jdbc/src/main/java/com/cpf/core/common/broker/JdbcCpfBrokerReliabilityRepository.java,ADD_OR_REPLACE,messaging-reliability-jdbc,java,21513,521,366bef4e5db32118e23eae3396776705394540361c872d76af11808db8147977,미검증,정적 Source 검토 대상이며 최신 exact SHA Java 25 전체 compile/test 미실행,Local R4 overlay static audit + GitHub exact commit stats,
cpf-starters/messaging-reliability-jdbc/src/main/java/com/cpf/starter/messaging/reliability/CpfBrokerClientRouter.java,ADD_OR_REPLACE,messaging-reliability-jdbc,java,1736,19,f751bc19ef8b16d4d4aafc6dbe322f9a7fa97c187c936426f815b6994d966152,미검증,정적 Source 검토 대상이며 최신 exact SHA Java 25 전체 compile/test 미실행,Local R4 overlay static audit + GitHub exact commit stats,
cpf-starters/messaging-reliability-jdbc/src/main/java/com/cpf/starter/messaging/reliability/CpfBrokerReliabilityAutoConfiguration.java,ADD_OR_REPLACE,messaging-reliability-jdbc,java,2911,28,8f73ab29e78dbda25d47dd0588b00d602eb0c63b53edaf9c9536c4505c1e830e,미검증,정적 Source 검토 대상이며 최신 exact SHA Java 25 전체 compile/test 미실행,Local R4 overlay static audit + GitHub exact commit stats,
cpf-starters/messaging-reliability-jdbc/src/main/java/com/cpf/starter/messaging/reliability/CpfBrokerReliabilityOperations.java,ADD_OR_REPLACE,messaging-reliability-jdbc,java,1115,13,a5adf1bb99061bd789ed45c757224032c1550a370db91d26a76a7477c865cc39,미검증,정적 Source 검토 대상이며 최신 exact SHA Java 25 전체 compile/test 미실행,Local R4 overlay static audit + GitHub exact commit stats,
cpf-starters/messaging-reliability-jdbc/src/main/java/com/cpf/starter/messaging/reliability/CpfMessageCompatibilityGuard.java,ADD_OR_REPLACE,messaging-reliability-jdbc,java,964,10,0ccb566f819b1620547e82d4f96992d21dec804d8c0bc3518fba40c855ca9725,미검증,정적 Source 검토 대상이며 최신 exact SHA Java 25 전체 compile/test 미실행,Local R4 overlay static audit + GitHub exact commit stats,
cpf-starters/messaging-reliability-jdbc/src/main/java/com/cpf/starter/messaging/reliability/CpfMessagingReliabilityProperties.java,ADD_OR_REPLACE,messaging-reliability-jdbc,java,1261,9,10fe83103deec19c2cc4525d224947d72e7df1c4fe4dbe80e5bccd7b7f3e1f2b,미검증,정적 Source 검토 대상이며 최신 exact SHA Java 25 전체 compile/test 미실행,Local R4 overlay static audit + GitHub exact commit stats,
cpf-starters/messaging-reliability-jdbc/src/main/java/com/cpf/starter/messaging/reliability/CpfNamedBrokerClient.java,ADD_OR_REPLACE,messaging-reliability-jdbc,java,393,3,7d9d15f8d983db18c1fcfe7029b074995038225128cc66afb431934c6b9a573d,미검증,정적 Source 검토 대상이며 최신 exact SHA Java 25 전체 compile/test 미실행,Local R4 overlay static audit + GitHub exact commit stats,
cpf-starters/messaging-reliability-jdbc/src/main/resources/META-INF/spring/org.springframework.boot.autoconfigure.AutoConfiguration.imports,ADD_OR_REPLACE,messaging-reliability-jdbc,imports,76,1,f662f4887494b0eec5edfedfeaebccdb0d34626988415932866d18ca71af60fa,재확인 필요,정적 검토 대상,Local R4 overlay static audit + GitHub exact commit stats,
cpf-starters/messaging-reliability-jdbc/src/main/resources/db/mariadb/migration/V1__cpf_broker_reliability.sql,ADD_OR_REPLACE,messaging-reliability-jdbc,sql,2883,73,766bbfae253df4fd0a562242b74c34050715b7ac1b6c89313acc187bc47ad423,미검증,SQL Source/정적 parity 대상이나 실제 3 Vendor lifecycle 실행 Evidence 없음,Local R4 overlay static audit + GitHub exact commit stats,
cpf-starters/messaging-reliability-jdbc/src/main/resources/db/mariadb/rollback/R1__cpf_broker_reliability.sql,ADD_OR_REPLACE,messaging-reliability-jdbc,sql,86,3,362c174e24a47c9de7e0ab2ea83903ba87f9f40b37e02fac5120df371a46e4a5,미검증,SQL Source/정적 parity 대상이나 실제 3 Vendor lifecycle 실행 Evidence 없음,Local R4 overlay static audit + GitHub exact commit stats,
cpf-starters/messaging-reliability-jdbc/src/main/resources/db/oracle/migration/V1__cpf_broker_reliability.sql,ADD_OR_REPLACE,messaging-reliability-jdbc,sql,2940,73,0eaf0dfeb38df8923c49813cc515ac40175ec9965c178416e262680926c50198,미검증,SQL Source/정적 parity 대상이나 실제 3 Vendor lifecycle 실행 Evidence 없음,Local R4 overlay static audit + GitHub exact commit stats,
cpf-starters/messaging-reliability-jdbc/src/main/resources/db/oracle/rollback/R1__cpf_broker_reliability.sql,ADD_OR_REPLACE,messaging-reliability-jdbc,sql,86,3,362c174e24a47c9de7e0ab2ea83903ba87f9f40b37e02fac5120df371a46e4a5,미검증,SQL Source/정적 parity 대상이나 실제 3 Vendor lifecycle 실행 Evidence 없음,Local R4 overlay static audit + GitHub exact commit stats,
cpf-starters/messaging-reliability-jdbc/src/main/resources/db/postgresql/migration/V1__cpf_broker_reliability.sql,ADD_OR_REPLACE,messaging-reliability-jdbc,sql,2899,73,b35fe881bd79bf448ab7faa7ac96084f098f8a669d3ea4cce9ceec529568e133,미검증,SQL Source/정적 parity 대상이나 실제 3 Vendor lifecycle 실행 Evidence 없음,Local R4 overlay static audit + GitHub exact commit stats,
cpf-starters/messaging-reliability-jdbc/src/main/resources/db/postgresql/rollback/R1__cpf_broker_reliability.sql,ADD_OR_REPLACE,messaging-reliability-jdbc,sql,86,3,362c174e24a47c9de7e0ab2ea83903ba87f9f40b37e02fac5120df371a46e4a5,미검증,SQL Source/정적 parity 대상이나 실제 3 Vendor lifecycle 실행 Evidence 없음,Local R4 overlay static audit + GitHub exact commit stats,
cpf-starters/messaging-reliability-jdbc/src/test/java/com/cpf/core/common/broker/CpfBrokerBridgeAdapterTest.java,ADD_OR_REPLACE,messaging-reliability-jdbc,java,2012,49,5e153071df80894963cd0371ad1548c2baa9e7bcf798113376f88eb4a2a49ff9,미검증,Test Source 존재를 확인했으나 최신 exact SHA의 Gradle 실행 Evidence 없음,Local R4 overlay static audit + GitHub exact commit stats,
cpf-starters/messaging-reliability-jdbc/src/test/java/com/cpf/core/common/broker/CpfBrokerWorkerTest.java,ADD_OR_REPLACE,messaging-reliability-jdbc,java,4602,123,3dddc0794fb63b6e066a1f7b8c4fa5c00e5756a97b08f96dad0eb91caa0fa0f4,미검증,Test Source 존재를 확인했으나 최신 exact SHA의 Gradle 실행 Evidence 없음,Local R4 overlay static audit + GitHub exact commit stats,
cpf-starters/messaging-reliability-jdbc/src/test/java/com/cpf/core/common/broker/JdbcCpfBrokerReliabilityRepositoryTest.java,ADD_OR_REPLACE,messaging-reliability-jdbc,java,5978,143,f5bed3abe55470e4ee96eef23579b9a3f5ec624de0e9dab56f407015bb7e5cf5,미검증,Test Source 존재를 확인했으나 최신 exact SHA의 Gradle 실행 Evidence 없음,Local R4 overlay static audit + GitHub exact commit stats,
cpf-starters/messaging-reliability-jdbc/src/test/java/com/cpf/starter/messaging/reliability/CpfBrokerClientRouterTest.java,ADD_OR_REPLACE,messaging-reliability-jdbc,java,1159,7,5e31c5c41081f8bbfc3a840f49f34421a5da44565bc60eda4c176e6305d8dae6,미검증,Test Source 존재를 확인했으나 최신 exact SHA의 Gradle 실행 Evidence 없음,Local R4 overlay static audit + GitHub exact commit stats,
cpf-starters/messaging-reliability-jdbc/src/test/java/com/cpf/starter/messaging/reliability/CpfMessageCompatibilityGuardTest.java,ADD_OR_REPLACE,messaging-reliability-jdbc,java,797,6,3f11dfa6cec5ee0cfd7a364a57a773f94626658ffb8145617e00e69988e7ebe6,미검증,Test Source 존재를 확인했으나 최신 exact SHA의 Gradle 실행 Evidence 없음,Local R4 overlay static audit + GitHub exact commit stats,
cpf-starters/notification-email/build.gradle,ADD_OR_REPLACE,notification-email,gradle,485,17,2b6a3a2df8f413e990f03dd7a21aa343ea393e29d30b2e4ad915985a0675ea64,부분 구현,Template/attachment/bounce/DSN/reconcile 미완성,Local R4 overlay static audit + GitHub exact commit stats,
cpf-starters/notification-email/src/main/java/com/cpf/starter/notification/email/CpfEmailNotificationAutoConfiguration.java,ADD_OR_REPLACE,notification-email,java,783,2,c9431951b924f86d609e4e507af7efe5b86501f1cf732dc6f0ddeb0fa238e40b,부분 구현,Template/attachment/bounce/DSN/reconcile 미완성,Local R4 overlay static audit + GitHub exact commit stats,
cpf-starters/notification-email/src/main/java/com/cpf/starter/notification/email/CpfEmailNotificationProvider.java,ADD_OR_REPLACE,notification-email,java,998,2,cb82464548d5da66bb25cb1d6c06a4f506554926867fc91cd24398b4c74aae02,부분 구현,Template/attachment/bounce/DSN/reconcile 미완성,Local R4 overlay static audit + GitHub exact commit stats,
cpf-starters/notification-email/src/main/resources/META-INF/spring/org.springframework.boot.autoconfigure.AutoConfiguration.imports,ADD_OR_REPLACE,notification-email,imports,73,1,df82ae22009f94f829b16ef305c380bd41a126efe860848882532c0a6315259b,부분 구현,Template/attachment/bounce/DSN/reconcile 미완성,Local R4 overlay static audit + GitHub exact commit stats,
cpf-starters/notification-sms-spi/build.gradle,ADD_OR_REPLACE,notification-sms-spi,gradle,535,18,b05c58fb3ecc4c154e6c36c9597f0c9228134852525877a1adfe85d8dcef945d,부분 구현,Idempotency/receipt가 in-memory이고 rate/callback/shared runtime 미완성,Local R4 overlay static audit + GitHub exact commit stats,
cpf-starters/notification-sms-spi/src/main/java/com/cpf/notification/sms/CpfSmsAutoConfiguration.java,ADD_OR_REPLACE,notification-sms-spi,java,589,1,ab3e2afcf458d2edf8878cf4b1a098957a5439ec0a226d545a8b6d1a14ea2669,부분 구현,Idempotency/receipt가 in-memory이고 rate/callback/shared runtime 미완성,Local R4 overlay static audit + GitHub exact commit stats,
cpf-starters/notification-sms-spi/src/main/java/com/cpf/notification/sms/CpfSmsDispatcher.java,ADD_OR_REPLACE,notification-sms-spi,java,1083,1,dde8fbff6df27ebfcc2ae971054f7c2455d38ebdec13e6a3323053d0fce95ec8,부분 구현,Idempotency/receipt가 in-memory이고 rate/callback/shared runtime 미완성,Local R4 overlay static audit + GitHub exact commit stats,
cpf-starters/notification-sms-spi/src/main/java/com/cpf/notification/sms/CpfSmsNotificationAdapter.java,ADD_OR_REPLACE,notification-sms-spi,java,583,1,81ae450f314bea6b69f529ac591ebf24f7a6b9ef6ffaf377fc90b5fa186c60cb,부분 구현,Idempotency/receipt가 in-memory이고 rate/callback/shared runtime 미완성,Local R4 overlay static audit + GitHub exact commit stats,
cpf-starters/notification-sms-spi/src/main/java/com/cpf/notification/sms/CpfSmsProvider.java,ADD_OR_REPLACE,notification-sms-spi,java,237,1,8a12b5927cdd5b4bca814355c19dfa6106f9865eee1c7eddbdc5c71cba56376f,부분 구현,Idempotency/receipt가 in-memory이고 rate/callback/shared runtime 미완성,Local R4 overlay static audit + GitHub exact commit stats,
cpf-starters/notification-sms-spi/src/main/resources/META-INF/spring/org.springframework.boot.autoconfigure.AutoConfiguration.imports,ADD_OR_REPLACE,notification-sms-spi,imports,49,1,4c851156d96e33815fe25118ae23c9437abbfa058638e61d41646deaf8e7c1cf,부분 구현,Idempotency/receipt가 in-memory이고 rate/callback/shared runtime 미완성,Local R4 overlay static audit + GitHub exact commit stats,
cpf-starters/notification-sms-spi/src/test/java/com/cpf/notification/sms/CpfSmsDispatcherTest.java,ADD_OR_REPLACE,notification-sms-spi,java,919,5,d068b1ede33bcda8eb69c2288c71fc0131c53d343f948212dc7847f9ca70b89d,부분 구현,Idempotency/receipt가 in-memory이고 rate/callback/shared runtime 미완성,Local R4 overlay static audit + GitHub exact commit stats,
cpf-starters/notification/build.gradle,ADD_OR_REPLACE,notification,gradle,689,21,98b2eab9e8383679962725e8fd71bc1381fbbb33d4d00666fb510d18276fa4d0,부분 구현,Outbox lease recovery/multi-instance/unknown reconcile/persisted preference가 미완성,Local R4 overlay static audit + GitHub exact commit stats,
cpf-starters/notification/src/main/java/com/cpf/starter/notification/CpfNotificationAutoConfiguration.java,ADD_OR_REPLACE,notification,java,828,2,b9191d9b483a7c0e7c653ae4a932b789470d180c2c2872cfa655697c44665137,부분 구현,Outbox lease recovery/multi-instance/unknown reconcile/persisted preference가 미완성,Local R4 overlay static audit + GitHub exact commit stats,
cpf-starters/notification/src/main/java/com/cpf/starter/notification/CpfNotificationPreferencePolicy.java,ADD_OR_REPLACE,notification,java,1487,1,90cddcdb04b7910506f6c4d72ad24b61e0b6a7e26244b7a1bd830177c4ddc22a,부분 구현,Outbox lease recovery/multi-instance/unknown reconcile/persisted preference가 미완성,Local R4 overlay static audit + GitHub exact commit stats,
cpf-starters/notification/src/main/java/com/cpf/starter/notification/CpfNotificationProvider.java,ADD_OR_REPLACE,notification,java,157,1,7ae5b8489cfff7b8b8820e35cbdb3389decc60fb4c0c80b88a4ffa3675cf39c2,부분 구현,Outbox lease recovery/multi-instance/unknown reconcile/persisted preference가 미완성,Local R4 overlay static audit + GitHub exact commit stats,
cpf-starters/notification/src/main/java/com/cpf/starter/notification/CpfNotificationRequest.java,ADD_OR_REPLACE,notification,java,753,1,f93968648d49a35fbc727a1ee1239fec30e5143b82ac7bc96028693fa7294c95,부분 구현,Outbox lease recovery/multi-instance/unknown reconcile/persisted preference가 미완성,Local R4 overlay static audit + GitHub exact commit stats,
cpf-starters/notification/src/main/java/com/cpf/starter/notification/CpfNotificationResult.java,ADD_OR_REPLACE,notification,java,557,1,106a4dbb337069077591bd52daed07ec5a8f0ef2cea8e3dbfa9db772e64cd3a5,부분 구현,Outbox lease recovery/multi-instance/unknown reconcile/persisted preference가 미완성,Local R4 overlay static audit + GitHub exact commit stats,
cpf-starters/notification/src/main/java/com/cpf/starter/notification/CpfNotificationWorker.java,ADD_OR_REPLACE,notification,java,1699,1,c1da38fc26adaae414f88ae787dafc4bcfd518b8085cb4e2e74a6daf28ef2e19,부분 구현,Outbox lease recovery/multi-instance/unknown reconcile/persisted preference가 미완성,Local R4 overlay static audit + GitHub exact commit stats,
cpf-starters/notification/src/main/java/com/cpf/starter/notification/JdbcCpfNotificationOutbox.java,ADD_OR_REPLACE,notification,java,4662,6,d504f84e8bfc7c566ae0f0f3fd5565c0a87ef37c25a1bf728c841955a9be737b,부분 구현,Outbox lease recovery/multi-instance/unknown reconcile/persisted preference가 미완성,Local R4 overlay static audit + GitHub exact commit stats,
cpf-starters/notification/src/main/resources/META-INF/spring/org.springframework.boot.autoconfigure.AutoConfiguration.imports,ADD_OR_REPLACE,notification,imports,62,1,26964eca01f7bdbab22aabc84f48478ca4bf2b166bb273fc69bf0dfe3fa3792d,부분 구현,Outbox lease recovery/multi-instance/unknown reconcile/persisted preference가 미완성,Local R4 overlay static audit + GitHub exact commit stats,
cpf-starters/notification/src/main/resources/db/mariadb/migration/V1__cpf_notification.sql,ADD_OR_REPLACE,notification,sql,1067,3,a9261af05eccd1e8e4928b4ee55a5659fb33cd3479c7516d01b4438482b92b1c,부분 구현,Outbox lease recovery/multi-instance/unknown reconcile/persisted preference가 미완성,Local R4 overlay static audit + GitHub exact commit stats,
cpf-starters/notification/src/main/resources/db/mariadb/rollback/R1__cpf_notification.sql,ADD_OR_REPLACE,notification,sql,36,1,c0c3a3bdd5ccd17920632e492d932e4ea0a6c2378dda835148abbd0fb4141209,부분 구현,Outbox lease recovery/multi-instance/unknown reconcile/persisted preference가 미완성,Local R4 overlay static audit + GitHub exact commit stats,
cpf-starters/notification/src/main/resources/db/oracle/migration/V1__cpf_notification.sql,ADD_OR_REPLACE,notification,sql,1091,3,1dfac31fdad9a52e0a1f8d5242d781cf4412fb601cffb88f171d709da4b47f67,부분 구현,Outbox lease recovery/multi-instance/unknown reconcile/persisted preference가 미완성,Local R4 overlay static audit + GitHub exact commit stats,
cpf-starters/notification/src/main/resources/db/oracle/rollback/R1__cpf_notification.sql,ADD_OR_REPLACE,notification,sql,36,1,c0c3a3bdd5ccd17920632e492d932e4ea0a6c2378dda835148abbd0fb4141209,부분 구현,Outbox lease recovery/multi-instance/unknown reconcile/persisted preference가 미완성,Local R4 overlay static audit + GitHub exact commit stats,
cpf-starters/notification/src/main/resources/db/postgresql/migration/V1__cpf_notification.sql,ADD_OR_REPLACE,notification,sql,1076,3,6ae01f9ca59e2274993d125d0b04dfe85751865caca6eea481f46e636271cdaf,부분 구현,Outbox lease recovery/multi-instance/unknown reconcile/persisted preference가 미완성,Local R4 overlay static audit + GitHub exact commit stats,
cpf-starters/notification/src/main/resources/db/postgresql/rollback/R1__cpf_notification.sql,ADD_OR_REPLACE,notification,sql,36,1,c0c3a3bdd5ccd17920632e492d932e4ea0a6c2378dda835148abbd0fb4141209,부분 구현,Outbox lease recovery/multi-instance/unknown reconcile/persisted preference가 미완성,Local R4 overlay static audit + GitHub exact commit stats,
cpf-starters/notification/src/test/java/com/cpf/starter/notification/CpfNotificationPreferencePolicyTest.java,ADD_OR_REPLACE,notification,java,696,4,cedc039e26a8fb8e247a0714bbe65cfc9f6966a0dea4098c3e6a5adc3e1dc53d,부분 구현,Outbox lease recovery/multi-instance/unknown reconcile/persisted preference가 미완성,Local R4 overlay static audit + GitHub exact commit stats,
cpf-starters/observability-otlp/build.gradle,ADD_OR_REPLACE,observability-otlp,gradle,663,20,cfbf2ae4e8211f98e76c07eadb57ca0a8ed102ce2f533bd1de3f5758f446684d,부분 구현,OTLP context/runtime test 및 exporter failure 검증 부재,Local R4 overlay static audit + GitHub exact commit stats,
cpf-starters/observability-otlp/src/main/java/com/cpf/starter/observability/otlp/CpfOtlpAutoConfiguration.java,ADD_OR_REPLACE,observability-otlp,java,1461,19,fc977d70491a6251ad080732118cffc491e02e25492a74ddbc93daf0bea125a8,부분 구현,OTLP context/runtime test 및 exporter failure 검증 부재,Local R4 overlay static audit + GitHub exact commit stats,
cpf-starters/observability-otlp/src/main/java/com/cpf/starter/observability/otlp/CpfOtlpProperties.java,ADD_OR_REPLACE,observability-otlp,java,1019,7,219d4e9ba337d58bb6408535a12a93fbb81535645dc0899733949395a15e87cf,부분 구현,OTLP context/runtime test 및 exporter failure 검증 부재,Local R4 overlay static audit + GitHub exact commit stats,
cpf-starters/observability-otlp/src/main/resources/META-INF/spring/org.springframework.boot.autoconfigure.AutoConfiguration.imports,ADD_OR_REPLACE,observability-otlp,imports,60,1,47b74e6bdddbf4d91818a4a504d429ea3c0937a4252130ab80dc2546e6906faf,부분 구현,OTLP context/runtime test 및 exporter failure 검증 부재,Local R4 overlay static audit + GitHub exact commit stats,
cpf-starters/observability/build.gradle,ADD_OR_REPLACE,observability,gradle,813,16,1bf776f9c488e207fb9e550a84101fe6091b9b78f283006be901afcae850d117,미검증,정적 dependency 검토 대상이며 실제 Gradle configuration/compile/publication 미실행,Local R4 overlay static audit + GitHub exact commit stats,
cpf-starters/observability/src/main/java/com/cpf/core/common/logging/DynamicTransactionLogLevelService.java,ADD_OR_REPLACE,observability,java,6054,152,9792f685b88ba317a235f59fbd84b44d23f0a7ca7bc7a4d842177743d7f43ccd,미검증,정적 Source 검토 대상이며 최신 exact SHA Java 25 전체 compile/test 미실행,Local R4 overlay static audit + GitHub exact commit stats,
cpf-starters/observability/src/main/java/com/cpf/core/common/logging/LoggingAspect.java,ADD_OR_REPLACE,observability,java,50444,1039,7a135d78181b55527811a4297cf69934bc79ff6aea21e68842032dcefad3f21c,미검증,정적 Source 검토 대상이며 최신 exact SHA Java 25 전체 compile/test 미실행,Local R4 overlay static audit + GitHub exact commit stats,
cpf-starters/observability/src/main/java/com/cpf/core/common/remotelog/InMemoryCpfRemoteLogBundleJobAdapter.java,ADD_OR_REPLACE,observability,java,12280,289,768b36fa72c9ebc727067041b9556b22f20586e027a662e1ac13a8fe8db384e3,미검증,정적 Source 검토 대상이며 최신 exact SHA Java 25 전체 compile/test 미실행,Local R4 overlay static audit + GitHub exact commit stats,
cpf-starters/observability/src/main/java/com/cpf/core/common/remotelog/LocalCpfRemoteLogArtifactAdapter.java,ADD_OR_REPLACE,observability,java,12470,275,74d77c900fa969c69eb083cf5ddaeaa58ace96b3a4ff06bd339e1a76ce9e0a24,미검증,정적 Source 검토 대상이며 최신 exact SHA Java 25 전체 compile/test 미실행,Local R4 overlay static audit + GitHub exact commit stats,
cpf-starters/observability/src/main/java/com/cpf/core/common/remotelog/LocalCpfRemoteLogNodeClient.java,ADD_OR_REPLACE,observability,java,1647,49,48a479ceacf45a2e15a7b03f3819565a24916c4e5a498ad2f4e9c3a8ac8f6900,미검증,정적 Source 검토 대상이며 최신 exact SHA Java 25 전체 compile/test 미실행,Local R4 overlay static audit + GitHub exact commit stats,
cpf-starters/observability/src/main/java/com/cpf/core/common/remotelog/LocalCpfRemoteLogNodeRegistry.java,ADD_OR_REPLACE,observability,java,1297,35,0630899d2713fef3055bfc55e233aec9c1cf67381ce0bd624c718da88eecd99e,미검증,정적 Source 검토 대상이며 최신 exact SHA Java 25 전체 compile/test 미실행,Local R4 overlay static audit + GitHub exact commit stats,
cpf-starters/observability/src/main/java/com/cpf/core/common/remotelog/RoutingCpfRemoteLogArtifactAdapter.java,ADD_OR_REPLACE,observability,java,13229,279,3d3d85ab66a31eb61011d823e935c3cc5e668cc0838a4a45a79c9ca493ca3cb2,미검증,정적 Source 검토 대상이며 최신 exact SHA Java 25 전체 compile/test 미실행,Local R4 overlay static audit + GitHub exact commit stats,
cpf-starters/observability/src/main/java/com/cpf/core/config/CpfLogEnvironmentPostProcessor.java,ADD_OR_REPLACE,observability,java,1791,40,f8b5034d616ef5a8a99731434b98d1a3302c6ce9192d66ff846eba1c60ab5214,미검증,정적 Source 검토 대상이며 최신 exact SHA Java 25 전체 compile/test 미실행,Local R4 overlay static audit + GitHub exact commit stats,
cpf-starters/observability/src/main/java/com/cpf/core/config/CpfLogPolicyAutoConfiguration.java,ADD_OR_REPLACE,observability,java,1618,42,7f7e9ac7853a7440f2519a4a091909a0b846d77c5ca39442e8764f85f51ae571,미검증,정적 Source 검토 대상이며 최신 exact SHA Java 25 전체 compile/test 미실행,Local R4 overlay static audit + GitHub exact commit stats,
cpf-starters/observability/src/main/java/com/cpf/core/config/CpfLogRecoveryAutoConfiguration.java,ADD_OR_REPLACE,observability,java,569,18,073aa3e20e8f9e25b4f10e60ed759ba505192ef0603dc434dab0a9e27997eabf,미검증,정적 Source 검토 대상이며 최신 exact SHA Java 25 전체 compile/test 미실행,Local R4 overlay static audit + GitHub exact commit stats,
cpf-starters/observability/src/main/resources/META-INF/spring.factories,ADD_OR_REPLACE,observability,factories,107,2,4094374256047d7bde94acbe4f73b20927245ca708f36f67cc7d8af675968cc3,재확인 필요,정적 검토 대상,Local R4 overlay static audit + GitHub exact commit stats,
cpf-starters/observability/src/main/resources/META-INF/spring/org.springframework.boot.autoconfigure.AutoConfiguration.imports,ADD_OR_REPLACE,observability,imports,102,2,74dda1c1041aff9216fda8ed9ce7e2f6658391af32c03ebe82793a3f993b3d56,재확인 필요,정적 검토 대상,Local R4 overlay static audit + GitHub exact commit stats,
cpf-starters/observability/src/test/java/com/cpf/core/common/logging/DynamicTransactionLogLevelServiceTest.java,ADD_OR_REPLACE,observability,java,2097,47,88ed0172661877327b6e02ef388138cbfa742786863dc9a99830945cd64b54a8,미검증,Test Source 존재를 확인했으나 최신 exact SHA의 Gradle 실행 Evidence 없음,Local R4 overlay static audit + GitHub exact commit stats,
cpf-starters/observability/src/test/java/com/cpf/core/common/logging/LoggingAspectMetadataTest.java,ADD_OR_REPLACE,observability,java,5781,126,b8d6e1b08f2c133e0997bbc0d4ec07461884cec8626357f1a057b437afe79f94,미검증,Test Source 존재를 확인했으나 최신 exact SHA의 Gradle 실행 Evidence 없음,Local R4 overlay static audit + GitHub exact commit stats,
cpf-starters/observability/src/test/java/com/cpf/core/common/remotelog/InMemoryCpfRemoteLogBundleJobAdapterTest.java,ADD_OR_REPLACE,observability,java,5843,130,8763eb4f832ae5279be92d265518feda11f8f429bbcaab98ad474d17ab43e56d,미검증,Test Source 존재를 확인했으나 최신 exact SHA의 Gradle 실행 Evidence 없음,Local R4 overlay static audit + GitHub exact commit stats,
cpf-starters/observability/src/test/java/com/cpf/core/common/remotelog/LocalCpfRemoteLogArtifactAdapterTest.java,ADD_OR_REPLACE,observability,java,4536,91,b24895aa0e88dcba34284a3b2de734bffe8df8883f5be03d156b85c79ff633d1,미검증,Test Source 존재를 확인했으나 최신 exact SHA의 Gradle 실행 Evidence 없음,Local R4 overlay static audit + GitHub exact commit stats,
cpf-starters/observability/src/test/java/com/cpf/core/common/remotelog/RoutingCpfRemoteLogArtifactAdapterTest.java,ADD_OR_REPLACE,observability,java,8892,196,8511e7022891b102e36e763ff5b91c9cc6231726d41a535a2ef33268dc622c97,미검증,Test Source 존재를 확인했으나 최신 exact SHA의 Gradle 실행 Evidence 없음,Local R4 overlay static audit + GitHub exact commit stats,
cpf-starters/openapi-webmvc/build.gradle,ADD_OR_REPLACE,openapi-webmvc,gradle,525,18,f1dd07aedf01289ba9688caab773817129c5cd4bfeaf72b8382b3fa77841303c,미검증,정적 dependency 검토 대상이며 실제 Gradle configuration/compile/publication 미실행,Local R4 overlay static audit + GitHub exact commit stats,
cpf-starters/openapi-webmvc/src/main/java/com/cpf/core/config/CpfOpenApiAutoConfiguration.java,ADD_OR_REPLACE,openapi-webmvc,java,16550,294,369782059666d750805a1bda6e324ddb0265e7843086f99feea42d8a03264f41,미검증,정적 Source 검토 대상이며 최신 exact SHA Java 25 전체 compile/test 미실행,Local R4 overlay static audit + GitHub exact commit stats,
cpf-starters/openapi-webmvc/src/main/resources/META-INF/spring/org.springframework.boot.autoconfigure.AutoConfiguration.imports,ADD_OR_REPLACE,openapi-webmvc,imports,48,1,fbcb085f08b5d1785f7d95d3425f564d9c7148d1d321294ec9fe9322a8a0b1f7,재확인 필요,정적 검토 대상,Local R4 overlay static audit + GitHub exact commit stats,
cpf-starters/openapi-webmvc/src/test/java/com/cpf/core/config/CpfOpenApiAutoConfigurationTest.java,ADD_OR_REPLACE,openapi-webmvc,java,7282,174,eddd4bf4040ce31e4d7478a888c560274b02325a258724affd415231f152f675,미검증,Test Source 존재를 확인했으나 최신 exact SHA의 Gradle 실행 Evidence 없음,Local R4 overlay static audit + GitHub exact commit stats,
cpf-starters/persistence-jdbc/build.gradle,ADD_OR_REPLACE,persistence-jdbc,gradle,752,22,f7edd5c45d2988e19d35ebc2ae8e357ac544130c7e067e4a91ec21e4c0f11bb4,미검증,정적 dependency 검토 대상이며 실제 Gradle configuration/compile/publication 미실행,Local R4 overlay static audit + GitHub exact commit stats,
cpf-starters/persistence-jdbc/src/main/java/com/cpf/common/config/CmnDataSourceConfig.java,ADD_OR_REPLACE,persistence-jdbc,java,1251,27,9cce370896195b011ea98a808a7df41c5cdc2a6c507cd79cd2deff74fe694a58,미검증,정적 Source 검토 대상이며 최신 exact SHA Java 25 전체 compile/test 미실행,Local R4 overlay static audit + GitHub exact commit stats,
cpf-starters/persistence-jdbc/src/main/java/com/cpf/common/config/CmnSampleDataSourceConfig.java,ADD_OR_REPLACE,persistence-jdbc,java,2382,51,dbe0948d0078339d4557ee30fe489abf376dab585c51c57e7f28f5a99f546769,미검증,정적 Source 검토 대상이며 최신 exact SHA Java 25 전체 compile/test 미실행,Local R4 overlay static audit + GitHub exact commit stats,
cpf-starters/persistence-jdbc/src/main/java/com/cpf/core/common/database/CpfConnectionPoolRuntimeController.java,ADD_OR_REPLACE,persistence-jdbc,java,9211,177,e717268cad052272a9e2e851f8091402f87dd482be95584f61b465eeda45e729,미검증,정적 Source 검토 대상이며 최신 exact SHA Java 25 전체 compile/test 미실행,Local R4 overlay static audit + GitHub exact commit stats,
cpf-starters/persistence-jdbc/src/main/java/com/cpf/core/common/database/CpfDataSourceResolver.java,ADD_OR_REPLACE,persistence-jdbc,java,4129,90,ea98a234543369e5fed36a41693c33122495a68c5e3a51c704530dfea4f0ab4e,미검증,정적 Source 검토 대상이며 최신 exact SHA Java 25 전체 compile/test 미실행,Local R4 overlay static audit + GitHub exact commit stats,
cpf-starters/persistence-jdbc/src/main/java/com/cpf/core/common/database/CpfJdbcReplicaHealthMonitor.java,ADD_OR_REPLACE,persistence-jdbc,java,4071,79,3609bb06dbdf084f60a7003bacb58af33cd99d1a63e3ecd59ad07e1fe8f0ddf2,미검증,정적 Source 검토 대상이며 최신 exact SHA Java 25 전체 compile/test 미실행,Local R4 overlay static audit + GitHub exact commit stats,
cpf-starters/persistence-jdbc/src/main/java/com/cpf/core/common/database/CpfReadRoutingRuntimePolicy.java,ADD_OR_REPLACE,persistence-jdbc,java,2461,51,4e9f989c31ab545757867f114a44bcf8c6394111cabe698476e561b9320bfba9,미검증,정적 Source 검토 대상이며 최신 exact SHA Java 25 전체 compile/test 미실행,Local R4 overlay static audit + GitHub exact commit stats,
cpf-starters/persistence-jdbc/src/main/java/com/cpf/core/common/database/CpfReadWriteRoutingDataSource.java,ADD_OR_REPLACE,persistence-jdbc,java,2219,47,d32cecaa7c8448e9db3307df313a20eabeb844a26400c9b9f21f398a59911112,미검증,정적 Source 검토 대상이며 최신 exact SHA Java 25 전체 compile/test 미실행,Local R4 overlay static audit + GitHub exact commit stats,
cpf-starters/persistence-jdbc/src/main/java/com/cpf/core/config/CpfDataSourceConfig.java,ADD_OR_REPLACE,persistence-jdbc,java,4752,99,031c716514d1dc92ca67cd6edd2f2082912f99dde98939227e63a1e8d605da42,미검증,정적 Source 검토 대상이며 최신 exact SHA Java 25 전체 compile/test 미실행,Local R4 overlay static audit + GitHub exact commit stats,
cpf-starters/persistence-jdbc/src/main/java/com/cpf/starter/persistence/jdbc/CpfJdbcStarterAutoConfiguration.java,ADD_OR_REPLACE,persistence-jdbc,java,2481,50,167b786e28bc7476fde1d16ae9e8d0c425f81f9941fd98494e586896c8ada81b,미검증,정적 Source 검토 대상이며 최신 exact SHA Java 25 전체 compile/test 미실행,Local R4 overlay static audit + GitHub exact commit stats,
cpf-starters/persistence-jdbc/src/main/java/com/cpf/starter/persistence/jdbc/CpfJdbcStarterProperties.java,ADD_OR_REPLACE,persistence-jdbc,java,1339,25,ce56a8637a03bf317a7c492799a8b2fe83886a522284303e24a4149bab9df2f6,미검증,정적 Source 검토 대상이며 최신 exact SHA Java 25 전체 compile/test 미실행,Local R4 overlay static audit + GitHub exact commit stats,
cpf-starters/persistence-jdbc/src/main/resources/META-INF/spring/org.springframework.boot.autoconfigure.AutoConfiguration.imports,ADD_OR_REPLACE,persistence-jdbc,imports,105,2,199a0f6d751d36135dffb7ebd32dc1a387973ad64c3619baae8aa387b4630d7c,재확인 필요,정적 검토 대상,Local R4 overlay static audit + GitHub exact commit stats,
cpf-starters/persistence-jdbc/src/test/java/com/cpf/common/config/CmnDataSourceConfigTest.java,ADD_OR_REPLACE,persistence-jdbc,java,2066,53,f17ac825fbde3c4439777b26949c6a7d4905b0c0ffd4d8db47dfb9658aa9311a,미검증,Test Source 존재를 확인했으나 최신 exact SHA의 Gradle 실행 Evidence 없음,Local R4 overlay static audit + GitHub exact commit stats,
cpf-starters/persistence-jdbc/src/test/java/com/cpf/core/common/database/CpfCoreRuntimeSqlPortabilityTest.java,ADD_OR_REPLACE,persistence-jdbc,java,6184,145,3126202b712f7e0128f5fc9b539a7214bb91271f3cb8958cfd0b0309743a0161,미검증,Test Source 존재를 확인했으나 최신 exact SHA의 Gradle 실행 Evidence 없음,Local R4 overlay static audit + GitHub exact commit stats,
cpf-starters/persistence-jdbc/src/test/java/com/cpf/core/common/database/CpfDataSourceResolverTest.java,ADD_OR_REPLACE,persistence-jdbc,java,5234,112,75dbc57211968a6cc70e308b9755d3504ec0e863b49c9312712e9d3b3518a855,미검증,Test Source 존재를 확인했으나 최신 exact SHA의 Gradle 실행 Evidence 없음,Local R4 overlay static audit + GitHub exact commit stats,
cpf-starters/persistence-jdbc/src/test/java/com/cpf/core/config/CpfDataSourceConfigTest.java,ADD_OR_REPLACE,persistence-jdbc,java,3451,77,e74b120903b44d153866e5d657e402f03f85a1f9fa24487e29e86a18e0bb2b5e,미검증,Test Source 존재를 확인했으나 최신 exact SHA의 Gradle 실행 Evidence 없음,Local R4 overlay static audit + GitHub exact commit stats,
cpf-starters/persistence-mybatis/build.gradle,ADD_OR_REPLACE,persistence-mybatis,gradle,604,19,1e6a491425d70088fcf9395655b45216d7c8414448f76d23233bb2b5be43431b,부분 구현,이관 Source는 있으나 자체 module test 0 및 full compile 미검증,Local R4 overlay static audit + GitHub exact commit stats,
cpf-starters/persistence-mybatis/src/main/java/com/cpf/common/config/CmnMyBatisConfig.java,ADD_OR_REPLACE,persistence-mybatis,java,2415,61,71e1081275fa4620c690aa494f36d81eda71cfa94cae4802832d56d64b580e99,부분 구현,이관 Source는 있으나 자체 module test 0 및 full compile 미검증,Local R4 overlay static audit + GitHub exact commit stats,
cpf-starters/persistence-mybatis/src/main/java/com/cpf/core/config/CpfMyBatisConfig.java,ADD_OR_REPLACE,persistence-mybatis,java,2092,50,20508e0f5dba8864040e3a8f89749459e33fe234eb54fe2cfe55d75e069766be,부분 구현,이관 Source는 있으나 자체 module test 0 및 full compile 미검증,Local R4 overlay static audit + GitHub exact commit stats,
cpf-starters/persistence-mybatis/src/main/java/com/cpf/core/mapper/common/logging/TransactionLogMapper.java,ADD_OR_REPLACE,persistence-mybatis,java,849,20,a937979b7eb4ab12eb5610bdd661589b2f7628b427b44816f96df936163a9939,부분 구현,이관 Source는 있으나 자체 module test 0 및 full compile 미검증,Local R4 overlay static audit + GitHub exact commit stats,
cpf-starters/persistence-mybatis/src/main/java/com/cpf/core/mapper/common/logging/TransactionSegmentMapper.java,ADD_OR_REPLACE,persistence-mybatis,java,478,16,9b3a3b947057e4806a8382b54740ea14d945793edb602bf3ebb61c3d72212ea4,부분 구현,이관 Source는 있으나 자체 module test 0 및 full compile 미검증,Local R4 overlay static audit + GitHub exact commit stats,
cpf-starters/persistence-mybatis/src/main/resources/META-INF/spring/org.springframework.boot.autoconfigure.AutoConfiguration.imports,ADD_OR_REPLACE,persistence-mybatis,imports,37,1,d1aae53656106aa63818ec8c9eb48596868114a449e4760558a7c3849dbf82f5,부분 구현,이관 Source는 있으나 자체 module test 0 및 full compile 미검증,Local R4 overlay static audit + GitHub exact commit stats,
cpf-starters/persistence-mybatis/src/main/resources/mybatis/config/cpf-mybatis-config.xml,ADD_OR_REPLACE,persistence-mybatis,xml,527,12,efe1ef2cf12db6d00879e7518a6776d98aa7c99d8e33561b2c87e2ec49bbaeed,부분 구현,이관 Source는 있으나 자체 module test 0 및 full compile 미검증,Local R4 overlay static audit + GitHub exact commit stats,
cpf-starters/profiles/browser-bff-session/build.gradle,ADD_OR_REPLACE,profiles,gradle,413,9,e1449bf0f064d51a990da903f29c8baac013a16f36990b84f402a167e184c9cc,미검증,정적 dependency 검토 대상이며 실제 Gradle configuration/compile/publication 미실행,Local R4 overlay static audit + GitHub exact commit stats,
cpf-starters/profiles/domain-web-api/build.gradle,ADD_OR_REPLACE,profiles,gradle,443,10,1214a1ad2582e7020d861f42d86b7122a58ba36bb01ec28e0a710f7bdd36727f,미검증,정적 dependency 검토 대상이며 실제 Gradle configuration/compile/publication 미실행,Local R4 overlay static audit + GitHub exact commit stats,
cpf-starters/profiles/event-jms-ibm-mq/build.gradle,ADD_OR_REPLACE,profiles,gradle,517,11,74f67f96dd788f875e51c9131989b611daea93d989b31ae042a152f6c3ed079f,미검증,정적 dependency 검토 대상이며 실제 Gradle configuration/compile/publication 미실행,Local R4 overlay static audit + GitHub exact commit stats,
cpf-starters/profiles/event-kafka/build.gradle,ADD_OR_REPLACE,profiles,gradle,465,10,d372e5a63f07eb9bba5336c2906f082b8156b901fc9a24838dd87ff7c89e6e9b,미검증,정적 dependency 검토 대상이며 실제 Gradle configuration/compile/publication 미실행,Local R4 overlay static audit + GitHub exact commit stats,
cpf-starters/profiles/event-rabbitmq/build.gradle,ADD_OR_REPLACE,profiles,gradle,471,10,814b830464a798eb49085659b04f4d4f45165161f259fbed173f6dde1afe05de,미검증,정적 dependency 검토 대상이며 실제 Gradle configuration/compile/publication 미실행,Local R4 overlay static audit + GitHub exact commit stats,
cpf-starters/profiles/integration-tcp/build.gradle,ADD_OR_REPLACE,profiles,gradle,571,12,0815e549f5cc3eb0e1549b9ae58711745849e9d0d66251df6cd8ed3f1dead8b8,미검증,정적 dependency 검토 대상이며 실제 Gradle configuration/compile/publication 미실행,Local R4 overlay static audit + GitHub exact commit stats,
cpf-starters/profiles/minimal-boot-domain/build.gradle,ADD_OR_REPLACE,profiles,gradle,314,7,f02b339599dff8ff682870805b776525b5c37f93ea70f84901fd7abb65ac5995,미검증,정적 dependency 검토 대상이며 실제 Gradle configuration/compile/publication 미실행,Local R4 overlay static audit + GitHub exact commit stats,
cpf-starters/profiles/notification-service/build.gradle,ADD_OR_REPLACE,profiles,gradle,508,11,a7df3538c885fa49aff3ffaccd2fa167b3209b95ccbfb07b26ef159e3f90da70,미검증,정적 dependency 검토 대상이며 실제 Gradle configuration/compile/publication 미실행,Local R4 overlay static audit + GitHub exact commit stats,
cpf-starters/profiles/observable-resilient-service/build.gradle,ADD_OR_REPLACE,profiles,gradle,426,9,b73c7303765ec05fec8fb45c02c501ee8a938a40b5d33d54d70083bd1323fa54,미검증,정적 dependency 검토 대상이며 실제 Gradle configuration/compile/publication 미실행,Local R4 overlay static audit + GitHub exact commit stats,
cpf-starters/profiles/persistence-mybatis/build.gradle,ADD_OR_REPLACE,profiles,gradle,378,8,06a90a84edc112ac86ab51df22dfdf8c5da7e1ae6dba01ae863cc8c6e4eaf25d,미검증,정적 dependency 검토 대상이며 실제 Gradle configuration/compile/publication 미실행,Local R4 overlay static audit + GitHub exact commit stats,
cpf-starters/profiles/scheduled-service/build.gradle,ADD_OR_REPLACE,profiles,gradle,413,9,295cc5417dd59e4dee8d64b3b78174450936415d7ae55dc40951c7e3abded544,미검증,정적 dependency 검토 대상이며 실제 Gradle configuration/compile/publication 미실행,Local R4 overlay static audit + GitHub exact commit stats,
cpf-starters/profiles/secure-resource-api/build.gradle,ADD_OR_REPLACE,profiles,gradle,493,10,88c982592c0a575f6e7b886c83d36de5fe87b7ba4a0478a794a21827f5245457,미검증,정적 dependency 검토 대상이며 실제 Gradle configuration/compile/publication 미실행,Local R4 overlay static audit + GitHub exact commit stats,
cpf-starters/profiles/sftp-integration/build.gradle,ADD_OR_REPLACE,profiles,gradle,457,10,43fc9066b760773d7d69aa1a44d8e76e3cc1f2da80e1675b3dd531b4957cbab3,미검증,정적 dependency 검토 대상이며 실제 Gradle configuration/compile/publication 미실행,Local R4 overlay static audit + GitHub exact commit stats,
cpf-starters/runtime-control-client/build.gradle,ADD_OR_REPLACE,runtime-control-client,gradle,877,24,38cd0e316a0cfe005defdce696e9797702fa31c27e79a8dc34549b5bd4ab6719,미검증,정적 dependency 검토 대상이며 실제 Gradle configuration/compile/publication 미실행,Local R4 overlay static audit + GitHub exact commit stats,CpfRuntimeCanonicalHash를 cpf-core 또는 독립 neutral contract로 이동하고 Service Registry JDBC를 HTTP에서 분리한다.
cpf-starters/runtime-control-client/src/main/java/com/cpf/common/config/CmnRuntimeControlAutoConfiguration.java,ADD_OR_REPLACE,runtime-control-client,java,2789,53,fe260e61de483bb8ccf397c1538676785a07fc9c88c5209f34a9e4799ef6b611,미검증,정적 Source 검토 대상이며 최신 exact SHA Java 25 전체 compile/test 미실행,Local R4 overlay static audit + GitHub exact commit stats,
cpf-starters/runtime-control-client/src/main/java/com/cpf/core/common/runtimecontrol/CpfRuntimeCanonicalHash.java,ADD_OR_REPLACE,runtime-control-client,java,4921,112,ef68f3b99ffd76c3b66d36f222990f1f15837c280bc092ecd63136f562350287,미검증,정적 Source 검토 대상이며 최신 exact SHA Java 25 전체 compile/test 미실행,Local R4 overlay static audit + GitHub exact commit stats,
cpf-starters/runtime-control-client/src/main/java/com/cpf/core/common/runtimecontrol/CpfRuntimeControlAgent.java,ADD_OR_REPLACE,runtime-control-client,java,10508,198,7a2c2407f41c3a310b70c58f946b93992b7a5535c81ee299f6ac44a06b9d28f9,미검증,정적 Source 검토 대상이며 최신 exact SHA Java 25 전체 compile/test 미실행,Local R4 overlay static audit + GitHub exact commit stats,
cpf-starters/runtime-control-client/src/main/java/com/cpf/core/common/runtimecontrol/CpfRuntimeControlPlaneRepository.java,ADD_OR_REPLACE,runtime-control-client,java,78422,1111,17a99a8cbcd244f0a46e59a4b07abd5f0ec52250c9b6ca99906eb935a80b3a30,미검증,정적 Source 검토 대상이며 최신 exact SHA Java 25 전체 compile/test 미실행,Local R4 overlay static audit + GitHub exact commit stats,
cpf-starters/runtime-control-client/src/main/java/com/cpf/core/common/runtimecontrol/CpfRuntimeControlPlaneService.java,ADD_OR_REPLACE,runtime-control-client,java,21805,296,e705d4c402044a2c0c708805d3cafe1053d9f22954b0260978691e0c3f3d9c1d,미검증,정적 Source 검토 대상이며 최신 exact SHA Java 25 전체 compile/test 미실행,Local R4 overlay static audit + GitHub exact commit stats,
cpf-starters/runtime-control-client/src/main/java/com/cpf/core/common/runtimecontrol/CpfRuntimeControlReconciler.java,ADD_OR_REPLACE,runtime-control-client,java,2534,51,309e59fb4edea4ce383dc2f2c6467e72dfdd854ef916145d8f82fecbe9e8ed78,미검증,정적 Source 검토 대상이며 최신 exact SHA Java 25 전체 compile/test 미실행,Local R4 overlay static audit + GitHub exact commit stats,
cpf-starters/runtime-control-client/src/main/java/com/cpf/core/common/runtimecontrol/CpfRuntimeFenceException.java,ADD_OR_REPLACE,runtime-control-client,java,394,11,4791f443d39841f9a7c41ec8da140df6832faea1331caecf581dad9bf2665481,미검증,정적 Source 검토 대상이며 최신 exact SHA Java 25 전체 compile/test 미실행,Local R4 overlay static audit + GitHub exact commit stats,
cpf-starters/runtime-control-client/src/main/java/com/cpf/core/common/runtimecontrol/CpfRuntimeHttpControlPlaneClient.java,ADD_OR_REPLACE,runtime-control-client,java,3826,81,42ac9ad7c9e91fd81291794b8fe5c7a745319ad3c468ed5e4b61de741db0bbc7,미검증,정적 Source 검토 대상이며 최신 exact SHA Java 25 전체 compile/test 미실행,Local R4 overlay static audit + GitHub exact commit stats,
cpf-starters/runtime-control-client/src/main/java/com/cpf/core/common/runtimecontrol/CpfRuntimeInstanceInboxStore.java,ADD_OR_REPLACE,runtime-control-client,java,9221,190,d46778aed5db29f7a1e3952b463397bdc1c6b0022277984dade927ebe1b3e858,미검증,정적 Source 검토 대상이며 최신 exact SHA Java 25 전체 compile/test 미실행,Local R4 overlay static audit + GitHub exact commit stats,
cpf-starters/runtime-control-client/src/main/java/com/cpf/core/common/runtimecontrol/CpfRuntimePayloadJson.java,ADD_OR_REPLACE,runtime-control-client,java,3097,73,6f40a393d545ec54d5601bd3982dec93006a1b8a2e086fab8e937ae23798a63b,미검증,정적 Source 검토 대상이며 최신 exact SHA Java 25 전체 compile/test 미실행,Local R4 overlay static audit + GitHub exact commit stats,
cpf-starters/runtime-control-client/src/main/java/com/cpf/core/common/runtimecontrol/CpfRuntimeRateLimitException.java,ADD_OR_REPLACE,runtime-control-client,java,403,11,ae9df675923e416dffeec52cb601a80af64a851f05421a4e1fb2be25270c7709,미검증,정적 Source 검토 대상이며 최신 exact SHA Java 25 전체 compile/test 미실행,Local R4 overlay static audit + GitHub exact commit stats,
cpf-starters/runtime-control-client/src/main/java/com/cpf/core/common/runtimecontrol/CpfRuntimeVersionConflictException.java,ADD_OR_REPLACE,runtime-control-client,java,483,11,cdc29de27feeefc8d8e2fb8a5eba5f435082a197c0fac736b29e5f080b163b18,미검증,정적 Source 검토 대상이며 최신 exact SHA Java 25 전체 compile/test 미실행,Local R4 overlay static audit + GitHub exact commit stats,
cpf-starters/runtime-control-client/src/main/java/com/cpf/core/common/runtimecontrol/applier/CpfApiClientRuntimeApplier.java,ADD_OR_REPLACE,runtime-control-client,java,3061,81,078cdf750a4cbd1b0c2750149c98e443761297110d0ad3ef5a3405382242f4d5,미검증,정적 Source 검토 대상이며 최신 exact SHA Java 25 전체 compile/test 미실행,Local R4 overlay static audit + GitHub exact commit stats,
cpf-starters/runtime-control-client/src/main/java/com/cpf/core/common/runtimecontrol/applier/CpfAttachmentPolicyRuntimeApplier.java,ADD_OR_REPLACE,runtime-control-client,java,2985,74,78ea7c3c1d9395864698f84ba487706b6b058ee58de3aceb43f4970838d8928b,미검증,정적 Source 검토 대상이며 최신 exact SHA Java 25 전체 compile/test 미실행,Local R4 overlay static audit + GitHub exact commit stats,
cpf-starters/runtime-control-client/src/main/java/com/cpf/core/common/runtimecontrol/applier/CpfBrokerConsumerRuntimeApplier.java,ADD_OR_REPLACE,runtime-control-client,java,5523,102,9cd1c9920629a4d1b00035b6c9221a749d225ad4571df6320eaa902942030fe7,미검증,정적 Source 검토 대상이며 최신 exact SHA Java 25 전체 compile/test 미실행,Local R4 overlay static audit + GitHub exact commit stats,
cpf-starters/runtime-control-client/src/main/java/com/cpf/core/common/runtimecontrol/applier/CpfBrokerRetryDlqRuntimeApplier.java,ADD_OR_REPLACE,runtime-control-client,java,3369,67,9d19065a524977decac5d7950f03cc878b6a84040369b276656701bdfde55e25,미검증,정적 Source 검토 대상이며 최신 exact SHA Java 25 전체 compile/test 미실행,Local R4 overlay static audit + GitHub exact commit stats,
cpf-starters/runtime-control-client/src/main/java/com/cpf/core/common/runtimecontrol/applier/CpfChannelPolicyRuntimeApplier.java,ADD_OR_REPLACE,runtime-control-client,java,1762,35,6d894bd3724fc4f09596fa6c483fa6e252190afcb43b57e35194a16a4c36255b,미검증,정적 Source 검토 대상이며 최신 exact SHA Java 25 전체 compile/test 미실행,Local R4 overlay static audit + GitHub exact commit stats,
cpf-starters/runtime-control-client/src/main/java/com/cpf/core/common/runtimecontrol/applier/CpfConnectionPoolRuntimeApplier.java,ADD_OR_REPLACE,runtime-control-client,java,3150,52,f2eabcf30dce64fe24a066e8f61b2011197daf0e863e991a855f40fc3b294912,미검증,정적 Source 검토 대상이며 최신 exact SHA Java 25 전체 compile/test 미실행,Local R4 overlay static audit + GitHub exact commit stats,
cpf-starters/runtime-control-client/src/main/java/com/cpf/core/common/runtimecontrol/applier/CpfDbReadRoutingRuntimeApplier.java,ADD_OR_REPLACE,runtime-control-client,java,2723,50,bbc0e60beef4dc890172c4f7e7c05aa0e31b452b122804af1b9f57f49cb43b10,미검증,정적 Source 검토 대상이며 최신 exact SHA Java 25 전체 compile/test 미실행,Local R4 overlay static audit + GitHub exact commit stats,
cpf-starters/runtime-control-client/src/main/java/com/cpf/core/common/runtimecontrol/applier/CpfDownloadPolicyRuntimeApplier.java,ADD_OR_REPLACE,runtime-control-client,java,2290,58,5a60333cd68fe651e55a9c9f40ff6543101008e7cd719f23051a9fd7c85f834d,미검증,정적 Source 검토 대상이며 최신 exact SHA Java 25 전체 compile/test 미실행,Local R4 overlay static audit + GitHub exact commit stats,
cpf-starters/runtime-control-client/src/main/java/com/cpf/core/common/runtimecontrol/applier/CpfDynamicLogLevelRuntimeApplier.java,ADD_OR_REPLACE,runtime-control-client,java,5823,113,360de54b652b9a13c9cebae07754e21c0c73ccc19a99b36945805b28ece909fa,실패,Observability 구현 미선언 참조,Local R4 overlay static audit + GitHub exact commit stats,Owner 계약을 재배치하고 직접 의존성/API 노출을 교정하되 순환 의존은 금지한다.
cpf-starters/runtime-control-client/src/main/java/com/cpf/core/common/runtimecontrol/applier/CpfExternalInstitutionRuntimeApplier.java,ADD_OR_REPLACE,runtime-control-client,java,7842,143,f9fb21a437a53ba1458bceae13016c9d0fec0be56f171fdc35cf8ebe9425f51f,미검증,정적 Source 검토 대상이며 최신 exact SHA Java 25 전체 compile/test 미실행,Local R4 overlay static audit + GitHub exact commit stats,
cpf-starters/runtime-control-client/src/main/java/com/cpf/core/common/runtimecontrol/applier/CpfFilePolicyRuntimeApplier.java,ADD_OR_REPLACE,runtime-control-client,java,2894,73,12e6ad7403551a6632c6698df261ee2a8b8ac4895053428f92f4693ecf854f5a,미검증,정적 Source 검토 대상이며 최신 exact SHA Java 25 전체 compile/test 미실행,Local R4 overlay static audit + GitHub exact commit stats,
cpf-starters/runtime-control-client/src/main/java/com/cpf/core/common/runtimecontrol/applier/CpfFixedLayoutRuntimeApplier.java,ADD_OR_REPLACE,runtime-control-client,java,2089,57,1fba79ef6befa13f7128f6b650c56d4bc69138757a7b7a6139e7f0575602d90d,미검증,정적 Source 검토 대상이며 최신 exact SHA Java 25 전체 compile/test 미실행,Local R4 overlay static audit + GitHub exact commit stats,
cpf-starters/runtime-control-client/src/main/java/com/cpf/core/common/runtimecontrol/applier/CpfFixedLengthLayoutPayloadDecoder.java,ADD_OR_REPLACE,runtime-control-client,java,4098,63,cfb1cfd791f5c28ea3db453fbefd9a34edb68fbdeca5af958b8759cb9223f99e,미검증,정적 Source 검토 대상이며 최신 exact SHA Java 25 전체 compile/test 미실행,Local R4 overlay static audit + GitHub exact commit stats,
cpf-starters/runtime-control-client/src/main/java/com/cpf/core/common/runtimecontrol/applier/CpfMaskingPolicyRuntimeApplier.java,ADD_OR_REPLACE,runtime-control-client,java,2742,56,e78b4bbc8ff2070dce820c2a61f3db8db1e84f6e7799f0fcf5ff0edd1777859e,미검증,정적 Source 검토 대상이며 최신 exact SHA Java 25 전체 compile/test 미실행,Local R4 overlay static audit + GitHub exact commit stats,
cpf-starters/runtime-control-client/src/main/java/com/cpf/core/common/runtimecontrol/applier/CpfPasswordPolicyRuntimeApplier.java,ADD_OR_REPLACE,runtime-control-client,java,3776,54,788dffcaa92f16ede0503bb94b3974ef423c9484ceb25ecd19c4d2d425723ca2,미검증,정적 Source 검토 대상이며 최신 exact SHA Java 25 전체 compile/test 미실행,Local R4 overlay static audit + GitHub exact commit stats,
cpf-starters/runtime-control-client/src/main/java/com/cpf/core/common/runtimecontrol/applier/CpfReconciliationRuntimeApplier.java,ADD_OR_REPLACE,runtime-control-client,java,2974,77,dfbdb1144fdef60a7106edf95a364b683cbb227ff8b82f3ea205794b575422c0,미검증,정적 Source 검토 대상이며 최신 exact SHA Java 25 전체 compile/test 미실행,Local R4 overlay static audit + GitHub exact commit stats,
cpf-starters/runtime-control-client/src/main/java/com/cpf/core/common/runtimecontrol/applier/CpfSchemaRegistryRuntimeApplier.java,ADD_OR_REPLACE,runtime-control-client,java,2932,74,b6249e1bbe82597cae8787eb40e8037b6f0eac23396bbda1f886db7e7152c640,미검증,정적 Source 검토 대상이며 최신 exact SHA Java 25 전체 compile/test 미실행,Local R4 overlay static audit + GitHub exact commit stats,
cpf-starters/runtime-control-client/src/main/java/com/cpf/core/common/runtimecontrol/applier/CpfSecurityMaterialRuntimeApplier.java,ADD_OR_REPLACE,runtime-control-client,java,2197,32,1f54d321d255bcd6cf0e0d693832c695c10e6cb5c2218946bba975436cf3606c,미검증,정적 Source 검토 대상이며 최신 exact SHA Java 25 전체 compile/test 미실행,Local R4 overlay static audit + GitHub exact commit stats,
cpf-starters/runtime-control-client/src/main/java/com/cpf/core/common/runtimecontrol/applier/CpfServiceRegistryRuntimeVerifierApplier.java,ADD_OR_REPLACE,runtime-control-client,java,5305,93,b61806422d49a4b35bf91caa9a8c993769a12af1fe1b101835eb2c651277ee04,미검증,정적 Source 검토 대상이며 최신 exact SHA Java 25 전체 compile/test 미실행,Local R4 overlay static audit + GitHub exact commit stats,
cpf-starters/runtime-control-client/src/main/java/com/cpf/core/common/runtimecontrol/applier/CpfSftpTransferRuntimeApplier.java,ADD_OR_REPLACE,runtime-control-client,java,4986,119,111f53e0f3675f6c32c495e263ce82139040bb143f3a5d1c8b54f807ff3166c8,미검증,정적 Source 검토 대상이며 최신 exact SHA Java 25 전체 compile/test 미실행,Local R4 overlay static audit + GitHub exact commit stats,
cpf-starters/runtime-control-client/src/main/java/com/cpf/core/common/runtimecontrol/applier/CpfTraceSamplingRuntimeApplier.java,ADD_OR_REPLACE,runtime-control-client,java,3581,75,88c93078500030ac82141389cd6ab16aa422eae0bea00a59cb7181e218a96d39,미검증,정적 Source 검토 대상이며 최신 exact SHA Java 25 전체 compile/test 미실행,Local R4 overlay static audit + GitHub exact commit stats,
cpf-starters/runtime-control-client/src/main/java/com/cpf/core/common/runtimecontrol/applier/CpfWebhookCallbackRuntimeApplier.java,ADD_OR_REPLACE,runtime-control-client,java,4300,102,525338938fb1ea29a0c87343cd44457f82f9e41be1986c111f6a298cf6ca8e30,실패,미등록 Webhook 구현 미선언 참조,Local R4 overlay static audit + GitHub exact commit stats,Owner 계약을 재배치하고 직접 의존성/API 노출을 교정하되 순환 의존은 금지한다.
cpf-starters/runtime-control-client/src/main/java/com/cpf/core/config/CpfRuntimeControlAutoConfiguration.java,ADD_OR_REPLACE,runtime-control-client,java,25798,472,68da803f003a31bbf653c998733c72d4e873aceac1e6e3b5ae798f93ecd4a7cf,실패,"Webhook/Observability optional 구현 직접 참조, 미선언 classpath, God Starter",Local R4 overlay static audit + GitHub exact commit stats,Owner 계약을 재배치하고 직접 의존성/API 노출을 교정하되 순환 의존은 금지한다.
cpf-starters/runtime-control-client/src/main/resources/META-INF/spring/org.springframework.boot.autoconfigure.AutoConfiguration.imports,ADD_OR_REPLACE,runtime-control-client,imports,112,2,b49d982bbef3abf2f0fd9c9807b0490a6451a32fa3aafe658a0533a61a958e53,재확인 필요,정적 검토 대상,Local R4 overlay static audit + GitHub exact commit stats,
cpf-starters/runtime-control-client/src/test/java/com/cpf/core/common/runtimecontrol/CpfRuntimeCanonicalHashTest.java,ADD_OR_REPLACE,runtime-control-client,java,1195,35,d9664d5a1cd0869c2048e0dae6f1b537d2aefffba5398d4dbe7c6f0b1bb86d10,미검증,Test Source 존재를 확인했으나 최신 exact SHA의 Gradle 실행 Evidence 없음,Local R4 overlay static audit + GitHub exact commit stats,
cpf-starters/runtime-control-client/src/test/java/com/cpf/core/common/runtimecontrol/applier/CpfExternalInstitutionRuntimeApplierTest.java,ADD_OR_REPLACE,runtime-control-client,java,2406,49,278b594d1a58631ba01071bbe65f9c961038dec524c3ccf7eaaaab87d9a5f059,미검증,Test Source 존재를 확인했으나 최신 exact SHA의 Gradle 실행 Evidence 없음,Local R4 overlay static audit + GitHub exact commit stats,
cpf-starters/scheduler-quartz/build.gradle,ADD_OR_REPLACE,scheduler-quartz,gradle,555,18,89c771cb79019a2ba30d5acc61a8e7d75c80feb6982c1e919e8f746cc15c10a4,부분 구현,JDBC JobStore/3 Vendor schema/cluster recovery/test 부재,Local R4 overlay static audit + GitHub exact commit stats,"JDBC JobStore, schema lifecycle, cluster node/fencing/misfire/recovery/operations를 구현한다."
cpf-starters/scheduler-quartz/src/main/java/com/cpf/starter/quartz/CpfQuartzAutoConfiguration.java,ADD_OR_REPLACE,scheduler-quartz,java,1280,2,b86c0c19ac2e77734d7749deeee11faaa3edd403db0cb590a5052b2f4cd09b32,부분 구현,JDBC JobStore/3 Vendor schema/cluster recovery/test 부재,Local R4 overlay static audit + GitHub exact commit stats,
cpf-starters/scheduler-quartz/src/main/java/com/cpf/starter/quartz/CpfQuartzProperties.java,ADD_OR_REPLACE,scheduler-quartz,java,1014,1,83767a2ec88db064476b6ccae6e147f9210bd0443029fff7bfc1da7462b58c22,부분 구현,JDBC JobStore/3 Vendor schema/cluster recovery/test 부재,Local R4 overlay static audit + GitHub exact commit stats,
cpf-starters/scheduler-quartz/src/main/resources/META-INF/spring/org.springframework.boot.autoconfigure.AutoConfiguration.imports,ADD_OR_REPLACE,scheduler-quartz,imports,50,1,1c1a2bdaf3f6e5a68cbeb489af735ceabe09cca2dbd48f9781479da5c96425f3,부분 구현,JDBC JobStore/3 Vendor schema/cluster recovery/test 부재,Local R4 overlay static audit + GitHub exact commit stats,
cpf-starters/security-aggregate/build.gradle,ADD_OR_REPLACE,security-aggregate,gradle,467,17,885ed8670a163380a902697d72ccd952c7db587831eea82e9d4638e10b01ee4d,미검증,정적 dependency 검토 대상이며 실제 Gradle configuration/compile/publication 미실행,Local R4 overlay static audit + GitHub exact commit stats,
cpf-starters/security-resource-server/build.gradle,ADD_OR_REPLACE,security-resource-server,gradle,604,19,5a3b131bfeb533edbab794c644bfaf56d27b0532abac83e174192d876db04ac7,부분 구현,"empty audience fail-open, clockSkew 미적용, readiness 부정확",Local R4 overlay static audit + GitHub exact commit stats,
cpf-starters/security-resource-server/src/main/java/com/cpf/starter/security/resource/CpfAudienceValidator.java,ADD_OR_REPLACE,security-resource-server,java,874,18,af71d1f25a6ee664e34980f05559e689726d69f15e6c8c2395f2198881d8c414,부분 구현,"empty audience fail-open, clockSkew 미적용, readiness 부정확",Local R4 overlay static audit + GitHub exact commit stats,
cpf-starters/security-resource-server/src/main/java/com/cpf/starter/security/resource/CpfResourceServerAutoConfiguration.java,ADD_OR_REPLACE,security-resource-server,java,2972,56,643ac2db846d92b9ec080103a6227932ef48780ea5a8cf0e7bca4a419afbe7c7,부분 구현,"empty audience fail-open, clockSkew 미적용, readiness 부정확",Local R4 overlay static audit + GitHub exact commit stats,
cpf-starters/security-resource-server/src/main/java/com/cpf/starter/security/resource/CpfResourceServerProperties.java,ADD_OR_REPLACE,security-resource-server,java,2068,39,3ba9e3fa5d9907ebc15fc4c39b8e4a536d73701907d3c57dc5b821f48ce2371d,부분 구현,"empty audience fail-open, clockSkew 미적용, readiness 부정확",Local R4 overlay static audit + GitHub exact commit stats,
cpf-starters/security-resource-server/src/main/resources/META-INF/spring/org.springframework.boot.autoconfigure.AutoConfiguration.imports,ADD_OR_REPLACE,security-resource-server,imports,69,1,8d3dca5e30ea70b21bcffef521ac4b713c077c4ed3f5d549036da5dc552d5350,부분 구현,"empty audience fail-open, clockSkew 미적용, readiness 부정확",Local R4 overlay static audit + GitHub exact commit stats,
cpf-starters/security-resource-server/src/test/java/com/cpf/starter/security/resource/CpfResourceServerPropertiesTest.java,ADD_OR_REPLACE,security-resource-server,java,393,9,04a81d9a6f306302876daea372e1cad844334324110dd67b0596ee3af4237ac9,부분 구현,"empty audience fail-open, clockSkew 미적용, readiness 부정확",Local R4 overlay static audit + GitHub exact commit stats,
cpf-starters/security-service-identity/build.gradle,ADD_OR_REPLACE,security-service-identity,gradle,706,21,c7e5ab330dd247f9ad85685aeef3a5cc3057cd24d194647d2703435ffd4b25f7,부분 구현,raw secret 및 nonce replay protection 부재,Local R4 overlay static audit + GitHub exact commit stats,
cpf-starters/security-service-identity/src/main/java/com/cpf/starter/security/identity/CpfServiceIdentityAutoConfiguration.java,ADD_OR_REPLACE,security-service-identity,java,1097,15,8ca2422df4020df272caba739d0944a1347b14c12211cfa34eb9cb9b4aa26966,부분 구현,raw secret 및 nonce replay protection 부재,Local R4 overlay static audit + GitHub exact commit stats,
cpf-starters/security-service-identity/src/main/java/com/cpf/starter/security/identity/CpfServiceIdentityProperties.java,ADD_OR_REPLACE,security-service-identity,java,1860,28,2f9d1cd50690fde6bfc75f22327a294272e381b3ad1a47bfd5325e23ca7b55c9,부분 구현,raw secret 및 nonce replay protection 부재,Local R4 overlay static audit + GitHub exact commit stats,
cpf-starters/security-service-identity/src/main/java/com/cpf/starter/security/identity/CpfServiceIdentityTokenService.java,ADD_OR_REPLACE,security-service-identity,java,3477,50,1112662023ad2ae892f8be855220ff8ad9ad1e1e9ecd005a39a9a868dc66f8b9,부분 구현,raw secret 및 nonce replay protection 부재,Local R4 overlay static audit + GitHub exact commit stats,
cpf-starters/security-service-identity/src/main/resources/META-INF/spring/org.springframework.boot.autoconfigure.AutoConfiguration.imports,ADD_OR_REPLACE,security-service-identity,imports,70,1,8009cb0e9cc120b078822cb09a038258499a981e24026a07b224452a643dbe1c,부분 구현,raw secret 및 nonce replay protection 부재,Local R4 overlay static audit + GitHub exact commit stats,
cpf-starters/security-service-identity/src/test/java/com/cpf/starter/security/identity/CpfServiceIdentityTokenServiceTest.java,ADD_OR_REPLACE,security-service-identity,java,1157,7,4584af88e48488a97ca752e19954f27ae6542b3b07ff7a900c95a85121132cd4,부분 구현,raw secret 및 nonce replay protection 부재,Local R4 overlay static audit + GitHub exact commit stats,
cpf-starters/security/build.gradle,ADD_OR_REPLACE,security,gradle,1239,21,52d077e0ffeda87d7f7cf3f20f88655729171632f02120a85995c76908b7e1ba,미검증,정적 dependency 검토 대상이며 실제 Gradle configuration/compile/publication 미실행,Local R4 overlay static audit + GitHub exact commit stats,
cpf-starters/tabular-poi/build.gradle,ADD_OR_REPLACE,tabular-poi,gradle,517,11,c5d61a5c422493a3edf2d663d77e9a85aee30396ab431797e409a9f15e2f1c34,미검증,정적 dependency 검토 대상이며 실제 Gradle configuration/compile/publication 미실행,Local R4 overlay static audit + GitHub exact commit stats,
cpf-starters/tabular-poi/src/main/java/com/cpf/common/tabular/CpfTabularAutoConfiguration.java,ADD_OR_REPLACE,tabular-poi,java,559,13,67a4a43a05029fb95a397d7974938b48abf467a20b803eab2559c3952577251d,미검증,정적 Source 검토 대상이며 최신 exact SHA Java 25 전체 compile/test 미실행,Local R4 overlay static audit + GitHub exact commit stats,
cpf-starters/tabular-poi/src/main/java/com/cpf/common/tabular/CpfXlsxTabularAdapter.java,ADD_OR_REPLACE,tabular-poi,java,14004,240,48a1da29e19059e68e560ecba61d87b0dd73f412a4ca4b2541cdb9b861dd7d96,미검증,정적 Source 검토 대상이며 최신 exact SHA Java 25 전체 compile/test 미실행,Local R4 overlay static audit + GitHub exact commit stats,
cpf-starters/tabular-poi/src/main/java/com/cpf/starter/tabular/CpfTabularPoiAutoConfiguration.java,ADD_OR_REPLACE,tabular-poi,java,290,1,ffb697588e9ab5c48765c386717e4a61955c3afe3851c4d80433ba7ea3256726,미검증,정적 Source 검토 대상이며 최신 exact SHA Java 25 전체 compile/test 미실행,Local R4 overlay static audit + GitHub exact commit stats,
cpf-starters/tabular-poi/src/main/java/com/cpf/starter/tabular/CpfXlsxService.java,ADD_OR_REPLACE,tabular-poi,java,1586,4,a331143579a3f99a9ed02027722507902788e3948c25be505e495eada08b9e58,미검증,정적 Source 검토 대상이며 최신 exact SHA Java 25 전체 compile/test 미실행,Local R4 overlay static audit + GitHub exact commit stats,
cpf-starters/tabular-poi/src/main/resources/META-INF/spring/org.springframework.boot.autoconfigure.AutoConfiguration.imports,ADD_OR_REPLACE,tabular-poi,imports,106,2,a1caeac45b99f965c1583a9dd39c5a3f3ef5f7e460ceae972c57cbe268152620,재확인 필요,정적 검토 대상,Local R4 overlay static audit + GitHub exact commit stats,
cpf-starters/tabular-poi/src/test/java/com/cpf/common/tabular/CpfXlsxTabularAdapterTest.java,ADD_OR_REPLACE,tabular-poi,java,2273,56,7cee0b91e54faa3b0153283daef2bb8280bfc590567ce2957908b3026229ad64,미검증,Test Source 존재를 확인했으나 최신 exact SHA의 Gradle 실행 Evidence 없음,Local R4 overlay static audit + GitHub exact commit stats,
cpf-starters/validation/build.gradle,ADD_OR_REPLACE,validation,gradle,467,17,3258a619f2fc87c37686c86aeec49f6d4baee43c695e6dc3011057852b9e97fd,부분 구현,Bean 조립만 존재하고 negative/context test 0,Local R4 overlay static audit + GitHub exact commit stats,
cpf-starters/validation/src/main/java/com/cpf/starter/validation/CpfValidationAutoConfiguration.java,ADD_OR_REPLACE,validation,java,543,2,9669b0e5f88f86790cf8dd3dbd1ea0975533f459a54e5c2f4598a3730549a2f0,부분 구현,Bean 조립만 존재하고 negative/context test 0,Local R4 overlay static audit + GitHub exact commit stats,
cpf-starters/validation/src/main/resources/META-INF/spring/org.springframework.boot.autoconfigure.AutoConfiguration.imports,ADD_OR_REPLACE,validation,imports,58,1,470413ac704aecbf8878f8d40bb60a0d2db780a0215560736ab2d5b779280b74,부분 구현,Bean 조립만 존재하고 negative/context test 0,Local R4 overlay static audit + GitHub exact commit stats,
cpf-tools/build/platform-bom/build.gradle,ADD_OR_REPLACE,cpf-tools,gradle,10976,206,a4de34917be23c4c15ba1ee8e82f283b14a0ce46a2aadd7dbe1feeb4b7c8c438,실패,51개 BOM constraint가 single quote literal ${project.version} 사용,Local R4 overlay static audit + GitHub exact commit stats,단일 Artifact Registry에서 Settings/BOM/Catalog/Properties/Publication Matrix를 생성하도록 통합한다.
cpf-tools/generator/contracts/capability-profiles.json,ADD_OR_REPLACE,generator,json,9419,366,5336d8fe2dc817cf108d6e172ac029ed58d77a525946c73d4a1281790e7aff82,재확인 필요,문법/정적 내용 검토 대상이며 최신 exact SHA 통합 실행 또는 정본 추적 필요,Local R4 overlay static audit + GitHub exact commit stats,Provider Binding으로 Leaf Starter와 Profile Lock을 실제 재해석하고 Capability 없는 Binding은 fail-closed한다.
cpf-tools/generator/contracts/central-domain-template-contract.json,ADD_OR_REPLACE,generator,json,6596,245,a0cf3f30a8533394213e1fc1d67e2c2e235e6e19a2aadfbcacacfb7c98e3486f,재확인 필요,문법/정적 내용 검토 대상이며 최신 exact SHA 통합 실행 또는 정본 추적 필요,Local R4 overlay static audit + GitHub exact commit stats,
cpf-tools/generator/create-domain.ps1,ADD_OR_REPLACE,generator,ps1,143097,2992,dff1336e83bd51b851eef7247519e06b354adc3781ad1b0f02fe20a3a43d02a9,실패,ProviderBindings가 생성 dependency를 변경하지 않고 metadata에만 기록,Local R4 overlay static audit + GitHub exact commit stats,Provider Binding으로 Leaf Starter와 Profile Lock을 실제 재해석하고 Capability 없는 Binding은 fail-closed한다.
cpf-tools/release/cpf-final-artifact-catalog.json,ADD_OR_REPLACE,cpf-tools,json,25496,789,837ab4a32ddc27778d47c2ab02b1e67f13cd56bea2c8da4d2bc6cfae40bb392b,실패,7개 Integration Artifact 누락 및 qa38ExactSha stale,Local R4 overlay static audit + GitHub exact commit stats,단일 Artifact Registry에서 Settings/BOM/Catalog/Properties/Publication Matrix를 생성하도록 통합한다.
cpf-tools/scripts/apply-qa38-root-overlay.ps1,ADD_OR_REPLACE,cpf-tools,ps1,3175,71,4d808f71f73d934a76bbeb63e65fdc87e288d82814e7a153d0ffbc7a5ab21fbe,부분 구현,R4 강제 덮어쓰기 방식으로 overlapping shared change 보존 계약 부족,Local R4 overlay static audit + GitHub exact commit stats,Base SHA blob hash 기반 preimage 검사와 exact overlapping path report/merge handoff를 구현한다.
cpf-tools/scripts/verify-qa38-starter-closure.ps1,ADD_OR_REPLACE,cpf-tools,ps1,7803,105,076604ceff2814e212838310563e7ea10a7833d7c89e26f924b2ab1851fed90f,실패,하드코딩 Module 목록과 파일 존재 중심 false-green,Local R4 overlay static audit + GitHub exact commit stats,"Repository discovery 기반 module closure, FQN classpath, Bean consumer, generated POM 검증을 추가한다."
cpf-tools/verification/core-only-consumer/build.gradle,ADD_OR_REPLACE,cpf-tools,gradle,294,7,b8ddca6d59d4af721528d26716b2665306a9f8d6ee755b4c50af169778d83ef4,미검증,정적 dependency 검토 대상이며 실제 Gradle configuration/compile/publication 미실행,Local R4 overlay static audit + GitHub exact commit stats,
cpf-tools/verification/core-only-consumer/src/test/java/com/cpf/verification/CoreOnlyConsumerTest.java,ADD_OR_REPLACE,cpf-tools,java,358,9,22eca1decfd9ba170b065eec86f95a17f935c90a4d69a182a996a7736a286d7e,부분 구현,class name만 검사하며 실제 core-only boot/classpath를 증명하지 않음,Local R4 overlay static audit + GitHub exact commit stats,"독립 Application, dependency lock, context boot, forbidden classpath assertion을 구현한다."
cpf-tools/verification/qa38/harness/QA38MessagingIdentityHarness.java,ADD_OR_REPLACE,cpf-tools,java,3656,40,ec427abcf3967127e5861ebd146415b359991932b79e41a0dad5e89b5387a75f,미검증,정적 Source 검토 대상이며 최신 exact SHA Java 25 전체 compile/test 미실행,Local R4 overlay static audit + GitHub exact commit stats,
cpf-tools/verification/qa38/harness/Qa38PureRuntimeHarness.java,ADD_OR_REPLACE,cpf-tools,java,8530,65,b2ab416755d664e582da18ebea1755fcec37522a71919b86f59a93f783b34b5e,미검증,정적 Source 검토 대상이며 최신 exact SHA Java 25 전체 compile/test 미실행,Local R4 overlay static audit + GitHub exact commit stats,
cpf-tools/verification/qa38/run-qa38-messaging-identity-harness.ps1,ADD_OR_REPLACE,cpf-tools,ps1,2294,32,235c3f98476610b81456b4921702ab0b553ea7e902b1197335b3ea84e6f4fcfa,재확인 필요,문법/정적 내용 검토 대상이며 최신 exact SHA 통합 실행 또는 정본 추적 필요,Local R4 overlay static audit + GitHub exact commit stats,
cpf-tools/verification/qa38/run-qa38-pure-runtime-harness.ps1,ADD_OR_REPLACE,cpf-tools,ps1,4465,55,e080ff54eb8b741ef63c6e2364333a9170ed5fdebd58365e662ccec0ec1931e6,재확인 필요,문법/정적 내용 검토 대상이며 최신 exact SHA 통합 실행 또는 정본 추적 필요,Local R4 overlay static audit + GitHub exact commit stats,
cpf-tools/verification/qa38/verify-qa38-java-duplicates.py,ADD_OR_REPLACE,cpf-tools,py,2891,69,8badaec783732425d70d10afc93beb6de13ce61bda47b2ed68f11d35795eb98b,재확인 필요,문법/정적 내용 검토 대상이며 최신 exact SHA 통합 실행 또는 정본 추적 필요,Local R4 overlay static audit + GitHub exact commit stats,
cpf-tools/verification/qa38/verify-qa38-sql-parity.py,ADD_OR_REPLACE,cpf-tools,py,3814,88,2b7c994dea770fe0764acf2a641469a1c5ef3bf1372a717c7ec891f207a7157c,재확인 필요,문법/정적 내용 검토 대상이며 최신 exact SHA 통합 실행 또는 정본 추적 필요,Local R4 overlay static audit + GitHub exact commit stats,
cpf-tools/verification/qa38/verify-qa38-structure.py,ADD_OR_REPLACE,cpf-tools,py,13977,271,d6e22a2e49072101cce1d9ee48196b468ab03bb364c3ab0c8eddf7f8341efc5b,실패,미등록 Module/Classpath/BOM/Bean 단절을 놓치는 false-green,Local R4 overlay static audit + GitHub exact commit stats,"Repository discovery 기반 module closure, FQN classpath, Bean consumer, generated POM 검증을 추가한다."
gradle/cpf-platform.properties,ADD_OR_REPLACE,root-build,properties,2768,59,11c65957015e2ef43a6fac8faa2eac09cd28957a80188dd2a33f7a3fe1a37dff,실패,7개 Integration Artifact와 aggregate version entry 누락,Local R4 overlay static audit + GitHub exact commit stats,단일 Artifact Registry에서 Settings/BOM/Catalog/Properties/Publication Matrix를 생성하도록 통합한다.
gradle/cpf-stack.properties,ADD_OR_REPLACE,root-build,properties,483,16,ddf54521c94932c9b058b036f750abfa8f1d1ee12cad39ae890996490380d392,재확인 필요,문법/정적 내용 검토 대상이며 최신 exact SHA 통합 실행 또는 정본 추적 필요,Local R4 overlay static audit + GitHub exact commit stats,
settings.gradle,ADD_OR_REPLACE,root-build,gradle,12618,171,023863c139b18595b76f8ce05692a7089bf9a4f8e138d6cb56f8d20028f9021c,실패,7개 Integration 제품 Module이 Settings에 미등록,Local R4 overlay static audit + GitHub exact commit stats,"7개 Module을 정식 Project로 등록하고 Artifact Catalog·BOM·Platform Properties·Profile·Consumer까지 연결하거나, 지원 대상이 아니면 Source와 완료표시를 제거한다."
cpf-docs/work/manifest/CPF_QA38_DELETE_ONLY_ONE_LINE_R4.ps1.txt,ADD_OR_REPLACE,qa38-manifest,txt,1338,1,758f9b906f4491a7cf0856881cce09507abb159f9f582f1333ba52e8d0dc114a,재확인 필요,문법/정적 내용 검토 대상이며 최신 exact SHA 통합 실행 또는 정본 추적 필요,Local R4 overlay static audit + GitHub exact commit stats,
cpf-common/src/main/java/com/cpf/common/cache/CpfCacheAutoConfiguration.java,DELETE,legacy owner,java,,,,재확인 필요,Delete Manifest에 포함됨. 최신 HEAD에서 정확한 부재와 대체 Consumer를 작업트리 Gate로 재확인해야 함.,QA38 exact Delete Manifest + pushed rename/delete commit,"최신 HEAD에서 path 부재, 대체 Source 존재, 남은 import 0을 검증"
cpf-common/src/main/java/com/cpf/common/cache/CpfCacheInvalidationCoordinator.java,DELETE,legacy owner,java,,,,재확인 필요,Delete Manifest에 포함됨. 최신 HEAD에서 정확한 부재와 대체 Consumer를 작업트리 Gate로 재확인해야 함.,QA38 exact Delete Manifest + pushed rename/delete commit,"최신 HEAD에서 path 부재, 대체 Source 존재, 남은 import 0을 검증"
cpf-common/src/main/java/com/cpf/common/cache/CpfJdbcCacheInvalidationStore.java,DELETE,legacy owner,java,,,,재확인 필요,Delete Manifest에 포함됨. 최신 HEAD에서 정확한 부재와 대체 Consumer를 작업트리 Gate로 재확인해야 함.,QA38 exact Delete Manifest + pushed rename/delete commit,"최신 HEAD에서 path 부재, 대체 Source 존재, 남은 import 0을 검증"
cpf-common/src/main/java/com/cpf/common/cache/CpfLocalCacheProvider.java,DELETE,legacy owner,java,,,,재확인 필요,Delete Manifest에 포함됨. 최신 HEAD에서 정확한 부재와 대체 Consumer를 작업트리 Gate로 재확인해야 함.,QA38 exact Delete Manifest + pushed rename/delete commit,"최신 HEAD에서 path 부재, 대체 Source 존재, 남은 import 0을 검증"
cpf-common/src/main/java/com/cpf/common/cache/CpfRedisCacheProvider.java,DELETE,legacy owner,java,,,,재확인 필요,Delete Manifest에 포함됨. 최신 HEAD에서 정확한 부재와 대체 Consumer를 작업트리 Gate로 재확인해야 함.,QA38 exact Delete Manifest + pushed rename/delete commit,"최신 HEAD에서 path 부재, 대체 Source 존재, 남은 import 0을 검증"
cpf-common/src/main/java/com/cpf/common/cache/CpfRedisConnectionFactoryBuilder.java,DELETE,legacy owner,java,,,,재확인 필요,Delete Manifest에 포함됨. 최신 HEAD에서 정확한 부재와 대체 Consumer를 작업트리 Gate로 재확인해야 함.,QA38 exact Delete Manifest + pushed rename/delete commit,"최신 HEAD에서 path 부재, 대체 Source 존재, 남은 import 0을 검증"
cpf-common/src/main/java/com/cpf/common/cache/CpfRedisProperties.java,DELETE,legacy owner,java,,,,재확인 필요,Delete Manifest에 포함됨. 최신 HEAD에서 정확한 부재와 대체 Consumer를 작업트리 Gate로 재확인해야 함.,QA38 exact Delete Manifest + pushed rename/delete commit,"최신 HEAD에서 path 부재, 대체 Source 존재, 남은 import 0을 검증"
cpf-common/src/main/java/com/cpf/common/config/CacheConfig.java,DELETE,legacy owner,java,,,,재확인 필요,Delete Manifest에 포함됨. 최신 HEAD에서 정확한 부재와 대체 Consumer를 작업트리 Gate로 재확인해야 함.,QA38 exact Delete Manifest + pushed rename/delete commit,"최신 HEAD에서 path 부재, 대체 Source 존재, 남은 import 0을 검증"
cpf-common/src/main/java/com/cpf/common/config/CmnDataSourceConfig.java,DELETE,legacy owner,java,,,,재확인 필요,Delete Manifest에 포함됨. 최신 HEAD에서 정확한 부재와 대체 Consumer를 작업트리 Gate로 재확인해야 함.,QA38 exact Delete Manifest + pushed rename/delete commit,"최신 HEAD에서 path 부재, 대체 Source 존재, 남은 import 0을 검증"
cpf-common/src/main/java/com/cpf/common/config/CmnMyBatisConfig.java,DELETE,legacy owner,java,,,,재확인 필요,Delete Manifest에 포함됨. 최신 HEAD에서 정확한 부재와 대체 Consumer를 작업트리 Gate로 재확인해야 함.,QA38 exact Delete Manifest + pushed rename/delete commit,"최신 HEAD에서 path 부재, 대체 Source 존재, 남은 import 0을 검증"
cpf-common/src/main/java/com/cpf/common/config/CmnRuntimeControlAutoConfiguration.java,DELETE,legacy owner,java,,,,재확인 필요,Delete Manifest에 포함됨. 최신 HEAD에서 정확한 부재와 대체 Consumer를 작업트리 Gate로 재확인해야 함.,QA38 exact Delete Manifest + pushed rename/delete commit,"최신 HEAD에서 path 부재, 대체 Source 존재, 남은 import 0을 검증"
cpf-common/src/main/java/com/cpf/common/config/CmnSampleDataSourceConfig.java,DELETE,legacy owner,java,,,,재확인 필요,Delete Manifest에 포함됨. 최신 HEAD에서 정확한 부재와 대체 Consumer를 작업트리 Gate로 재확인해야 함.,QA38 exact Delete Manifest + pushed rename/delete commit,"최신 HEAD에서 path 부재, 대체 Source 존재, 남은 import 0을 검증"
cpf-common/src/main/java/com/cpf/common/tabular/CpfTabularAutoConfiguration.java,DELETE,legacy owner,java,,,,재확인 필요,Delete Manifest에 포함됨. 최신 HEAD에서 정확한 부재와 대체 Consumer를 작업트리 Gate로 재확인해야 함.,QA38 exact Delete Manifest + pushed rename/delete commit,"최신 HEAD에서 path 부재, 대체 Source 존재, 남은 import 0을 검증"
cpf-common/src/main/java/com/cpf/common/tabular/CpfXlsxTabularAdapter.java,DELETE,legacy owner,java,,,,재확인 필요,Delete Manifest에 포함됨. 최신 HEAD에서 정확한 부재와 대체 Consumer를 작업트리 Gate로 재확인해야 함.,QA38 exact Delete Manifest + pushed rename/delete commit,"최신 HEAD에서 path 부재, 대체 Source 존재, 남은 import 0을 검증"
cpf-common/src/main/resources/META-INF/spring/org.springframework.boot.autoconfigure.AutoConfiguration.imports,DELETE,legacy owner,imports,,,,재확인 필요,Delete Manifest에 포함됨. 최신 HEAD에서 정확한 부재와 대체 Consumer를 작업트리 Gate로 재확인해야 함.,QA38 exact Delete Manifest + pushed rename/delete commit,"최신 HEAD에서 path 부재, 대체 Source 존재, 남은 import 0을 검증"
cpf-common/src/test/java/com/cpf/common/cache/CpfCacheInvalidationCoordinatorTest.java,DELETE,legacy owner,java,,,,재확인 필요,Delete Manifest에 포함됨. 최신 HEAD에서 정확한 부재와 대체 Consumer를 작업트리 Gate로 재확인해야 함.,QA38 exact Delete Manifest + pushed rename/delete commit,"최신 HEAD에서 path 부재, 대체 Source 존재, 남은 import 0을 검증"
cpf-common/src/test/java/com/cpf/common/cache/CpfLocalCacheProviderTest.java,DELETE,legacy owner,java,,,,재확인 필요,Delete Manifest에 포함됨. 최신 HEAD에서 정확한 부재와 대체 Consumer를 작업트리 Gate로 재확인해야 함.,QA38 exact Delete Manifest + pushed rename/delete commit,"최신 HEAD에서 path 부재, 대체 Source 존재, 남은 import 0을 검증"
cpf-common/src/test/java/com/cpf/common/config/CmnDataSourceConfigTest.java,DELETE,legacy owner,java,,,,재확인 필요,Delete Manifest에 포함됨. 최신 HEAD에서 정확한 부재와 대체 Consumer를 작업트리 Gate로 재확인해야 함.,QA38 exact Delete Manifest + pushed rename/delete commit,"최신 HEAD에서 path 부재, 대체 Source 존재, 남은 import 0을 검증"
cpf-common/src/test/java/com/cpf/common/tabular/CpfXlsxTabularAdapterTest.java,DELETE,legacy owner,java,,,,재확인 필요,Delete Manifest에 포함됨. 최신 HEAD에서 정확한 부재와 대체 Consumer를 작업트리 Gate로 재확인해야 함.,QA38 exact Delete Manifest + pushed rename/delete commit,"최신 HEAD에서 path 부재, 대체 Source 존재, 남은 import 0을 검증"
cpf-core/src/main/java/com/cpf/core/channel/adapter/JdbcCpfChannelRegistryAdapter.java,DELETE,legacy owner,java,,,,재확인 필요,Delete Manifest에 포함됨. 최신 HEAD에서 정확한 부재와 대체 Consumer를 작업트리 Gate로 재확인해야 함.,QA38 exact Delete Manifest + pushed rename/delete commit,"최신 HEAD에서 path 부재, 대체 Source 존재, 남은 import 0을 검증"
cpf-core/src/main/java/com/cpf/core/common/aop/ServiceAccessAspect.java,DELETE,legacy owner,java,,,,재확인 필요,Delete Manifest에 포함됨. 최신 HEAD에서 정확한 부재와 대체 Consumer를 작업트리 Gate로 재확인해야 함.,QA38 exact Delete Manifest + pushed rename/delete commit,"최신 HEAD에서 path 부재, 대체 Source 존재, 남은 import 0을 검증"
cpf-core/src/main/java/com/cpf/core/common/archive/LocalCpfArchiveService.java,DELETE,legacy owner,java,,,,재확인 필요,Delete Manifest에 포함됨. 최신 HEAD에서 정확한 부재와 대체 Consumer를 작업트리 Gate로 재확인해야 함.,QA38 exact Delete Manifest + pushed rename/delete commit,"최신 HEAD에서 path 부재, 대체 Source 존재, 남은 import 0을 검증"
cpf-core/src/main/java/com/cpf/core/common/attachment/LocalCpfAttachmentStorageAdapter.java,DELETE,legacy owner,java,,,,재확인 필요,Delete Manifest에 포함됨. 최신 HEAD에서 정확한 부재와 대체 Consumer를 작업트리 Gate로 재확인해야 함.,QA38 exact Delete Manifest + pushed rename/delete commit,"최신 HEAD에서 path 부재, 대체 Source 존재, 남은 import 0을 검증"
cpf-core/src/main/java/com/cpf/core/common/broker/CpfBrokerBridgeAdapter.java,DELETE,legacy owner,java,,,,재확인 필요,Delete Manifest에 포함됨. 최신 HEAD에서 정확한 부재와 대체 Consumer를 작업트리 Gate로 재확인해야 함.,QA38 exact Delete Manifest + pushed rename/delete commit,"최신 HEAD에서 path 부재, 대체 Source 존재, 남은 import 0을 검증"
cpf-core/src/main/java/com/cpf/core/common/broker/CpfBrokerConsumerRuntimePolicy.java,DELETE,legacy owner,java,,,,재확인 필요,Delete Manifest에 포함됨. 최신 HEAD에서 정확한 부재와 대체 Consumer를 작업트리 Gate로 재확인해야 함.,QA38 exact Delete Manifest + pushed rename/delete commit,"최신 HEAD에서 path 부재, 대체 Source 존재, 남은 import 0을 검증"
cpf-core/src/main/java/com/cpf/core/common/broker/CpfBrokerConsumerWorker.java,DELETE,legacy owner,java,,,,재확인 필요,Delete Manifest에 포함됨. 최신 HEAD에서 정확한 부재와 대체 Consumer를 작업트리 Gate로 재확인해야 함.,QA38 exact Delete Manifest + pushed rename/delete commit,"최신 HEAD에서 path 부재, 대체 Source 존재, 남은 import 0을 검증"
cpf-core/src/main/java/com/cpf/core/common/broker/CpfBrokerPublisherWorker.java,DELETE,legacy owner,java,,,,재확인 필요,Delete Manifest에 포함됨. 최신 HEAD에서 정확한 부재와 대체 Consumer를 작업트리 Gate로 재확인해야 함.,QA38 exact Delete Manifest + pushed rename/delete commit,"최신 HEAD에서 path 부재, 대체 Source 존재, 남은 import 0을 검증"
cpf-core/src/main/java/com/cpf/core/common/broker/JdbcCpfBrokerReliabilityRepository.java,DELETE,legacy owner,java,,,,재확인 필요,Delete Manifest에 포함됨. 최신 HEAD에서 정확한 부재와 대체 Consumer를 작업트리 Gate로 재확인해야 함.,QA38 exact Delete Manifest + pushed rename/delete commit,"최신 HEAD에서 path 부재, 대체 Source 존재, 남은 import 0을 검증"
cpf-core/src/main/java/com/cpf/core/common/database/CpfConnectionPoolRuntimeController.java,DELETE,legacy owner,java,,,,재확인 필요,Delete Manifest에 포함됨. 최신 HEAD에서 정확한 부재와 대체 Consumer를 작업트리 Gate로 재확인해야 함.,QA38 exact Delete Manifest + pushed rename/delete commit,"최신 HEAD에서 path 부재, 대체 Source 존재, 남은 import 0을 검증"
cpf-core/src/main/java/com/cpf/core/common/database/CpfDataSourceResolver.java,DELETE,legacy owner,java,,,,재확인 필요,Delete Manifest에 포함됨. 최신 HEAD에서 정확한 부재와 대체 Consumer를 작업트리 Gate로 재확인해야 함.,QA38 exact Delete Manifest + pushed rename/delete commit,"최신 HEAD에서 path 부재, 대체 Source 존재, 남은 import 0을 검증"
cpf-core/src/main/java/com/cpf/core/common/database/CpfJdbcReplicaHealthMonitor.java,DELETE,legacy owner,java,,,,재확인 필요,Delete Manifest에 포함됨. 최신 HEAD에서 정확한 부재와 대체 Consumer를 작업트리 Gate로 재확인해야 함.,QA38 exact Delete Manifest + pushed rename/delete commit,"최신 HEAD에서 path 부재, 대체 Source 존재, 남은 import 0을 검증"
cpf-core/src/main/java/com/cpf/core/common/database/CpfReadRoutingRuntimePolicy.java,DELETE,legacy owner,java,,,,재확인 필요,Delete Manifest에 포함됨. 최신 HEAD에서 정확한 부재와 대체 Consumer를 작업트리 Gate로 재확인해야 함.,QA38 exact Delete Manifest + pushed rename/delete commit,"최신 HEAD에서 path 부재, 대체 Source 존재, 남은 import 0을 검증"
cpf-core/src/main/java/com/cpf/core/common/database/CpfReadWriteRoutingDataSource.java,DELETE,legacy owner,java,,,,재확인 필요,Delete Manifest에 포함됨. 최신 HEAD에서 정확한 부재와 대체 Consumer를 작업트리 Gate로 재확인해야 함.,QA38 exact Delete Manifest + pushed rename/delete commit,"최신 HEAD에서 path 부재, 대체 Source 존재, 남은 import 0을 검증"
cpf-core/src/main/java/com/cpf/core/common/filetransfer/CpfFileExchangeGateway.java,DELETE,legacy owner,java,,,,재확인 필요,Delete Manifest에 포함됨. 최신 HEAD에서 정확한 부재와 대체 Consumer를 작업트리 Gate로 재확인해야 함.,QA38 exact Delete Manifest + pushed rename/delete commit,"최신 HEAD에서 path 부재, 대체 Source 존재, 남은 import 0을 검증"
cpf-core/src/main/java/com/cpf/core/common/filetransfer/CpfFileTransferClientAdapter.java,DELETE,legacy owner,java,,,,재확인 필요,Delete Manifest에 포함됨. 최신 HEAD에서 정확한 부재와 대체 Consumer를 작업트리 Gate로 재확인해야 함.,QA38 exact Delete Manifest + pushed rename/delete commit,"최신 HEAD에서 path 부재, 대체 Source 존재, 남은 import 0을 검증"
cpf-core/src/main/java/com/cpf/core/common/filetransfer/CpfFileTransferEngine.java,DELETE,legacy owner,java,,,,재확인 필요,Delete Manifest에 포함됨. 최신 HEAD에서 정확한 부재와 대체 Consumer를 작업트리 Gate로 재확인해야 함.,QA38 exact Delete Manifest + pushed rename/delete commit,"최신 HEAD에서 path 부재, 대체 Source 존재, 남은 import 0을 검증"
cpf-core/src/main/java/com/cpf/core/common/filetransfer/CpfFileTransferRuntimeState.java,DELETE,legacy owner,java,,,,재확인 필요,Delete Manifest에 포함됨. 최신 HEAD에서 정확한 부재와 대체 Consumer를 작업트리 Gate로 재확인해야 함.,QA38 exact Delete Manifest + pushed rename/delete commit,"최신 HEAD에서 path 부재, 대체 Source 존재, 남은 import 0을 검증"
cpf-core/src/main/java/com/cpf/core/common/filetransfer/DeterministicCpfRemoteFileTransferAdapter.java,DELETE,legacy owner,java,,,,재확인 필요,Delete Manifest에 포함됨. 최신 HEAD에서 정확한 부재와 대체 Consumer를 작업트리 Gate로 재확인해야 함.,QA38 exact Delete Manifest + pushed rename/delete commit,"최신 HEAD에서 path 부재, 대체 Source 존재, 남은 import 0을 검증"
cpf-core/src/main/java/com/cpf/core/common/filetransfer/JdbcCpfFileTransferRepository.java,DELETE,legacy owner,java,,,,재확인 필요,Delete Manifest에 포함됨. 최신 HEAD에서 정확한 부재와 대체 Consumer를 작업트리 Gate로 재확인해야 함.,QA38 exact Delete Manifest + pushed rename/delete commit,"최신 HEAD에서 path 부재, 대체 Source 존재, 남은 import 0을 검증"
cpf-core/src/main/java/com/cpf/core/common/filetransfer/LocalCpfFileTransferAdapter.java,DELETE,legacy owner,java,,,,재확인 필요,Delete Manifest에 포함됨. 최신 HEAD에서 정확한 부재와 대체 Consumer를 작업트리 Gate로 재확인해야 함.,QA38 exact Delete Manifest + pushed rename/delete commit,"최신 HEAD에서 path 부재, 대체 Source 존재, 남은 import 0을 검증"
cpf-core/src/main/java/com/cpf/core/common/gateway/CpfGatewayRouteProviderAdapter.java,DELETE,legacy owner,java,,,,재확인 필요,Delete Manifest에 포함됨. 최신 HEAD에서 정확한 부재와 대체 Consumer를 작업트리 Gate로 재확인해야 함.,QA38 exact Delete Manifest + pushed rename/delete commit,"최신 HEAD에서 path 부재, 대체 Source 존재, 남은 import 0을 검증"
cpf-core/src/main/java/com/cpf/core/common/http/CpfApiClientRuntimePolicy.java,DELETE,legacy owner,java,,,,재확인 필요,Delete Manifest에 포함됨. 최신 HEAD에서 정확한 부재와 대체 Consumer를 작업트리 Gate로 재확인해야 함.,QA38 exact Delete Manifest + pushed rename/delete commit,"최신 HEAD에서 path 부재, 대체 Source 존재, 남은 import 0을 검증"
cpf-core/src/main/java/com/cpf/core/common/http/CpfHttpClientProperties.java,DELETE,legacy owner,java,,,,재확인 필요,Delete Manifest에 포함됨. 최신 HEAD에서 정확한 부재와 대체 Consumer를 작업트리 Gate로 재확인해야 함.,QA38 exact Delete Manifest + pushed rename/delete commit,"최신 HEAD에서 path 부재, 대체 Source 존재, 남은 import 0을 검증"
cpf-core/src/main/java/com/cpf/core/common/http/CpfLocalServiceIdentity.java,DELETE,legacy owner,java,,,,재확인 필요,Delete Manifest에 포함됨. 최신 HEAD에서 정확한 부재와 대체 Consumer를 작업트리 Gate로 재확인해야 함.,QA38 exact Delete Manifest + pushed rename/delete commit,"최신 HEAD에서 path 부재, 대체 Source 존재, 남은 import 0을 검증"
cpf-core/src/main/java/com/cpf/core/common/http/CpfRestClientInterceptor.java,DELETE,legacy owner,java,,,,재확인 필요,Delete Manifest에 포함됨. 최신 HEAD에서 정확한 부재와 대체 Consumer를 작업트리 Gate로 재확인해야 함.,QA38 exact Delete Manifest + pushed rename/delete commit,"최신 HEAD에서 path 부재, 대체 Source 존재, 남은 import 0을 검증"
cpf-core/src/main/java/com/cpf/core/common/http/CpfServiceEndpointProperties.java,DELETE,legacy owner,java,,,,재확인 필요,Delete Manifest에 포함됨. 최신 HEAD에서 정확한 부재와 대체 Consumer를 작업트리 Gate로 재확인해야 함.,QA38 exact Delete Manifest + pushed rename/delete commit,"최신 HEAD에서 path 부재, 대체 Source 존재, 남은 import 0을 검증"
cpf-core/src/main/java/com/cpf/core/common/http/CpfServiceEndpointRegistry.java,DELETE,legacy owner,java,,,,재확인 필요,Delete Manifest에 포함됨. 최신 HEAD에서 정확한 부재와 대체 Consumer를 작업트리 Gate로 재확인해야 함.,QA38 exact Delete Manifest + pushed rename/delete commit,"최신 HEAD에서 path 부재, 대체 Source 존재, 남은 import 0을 검증"
cpf-core/src/main/java/com/cpf/core/common/http/CpfTargetServiceResolver.java,DELETE,legacy owner,java,,,,재확인 필요,Delete Manifest에 포함됨. 최신 HEAD에서 정확한 부재와 대체 Consumer를 작업트리 Gate로 재확인해야 함.,QA38 exact Delete Manifest + pushed rename/delete commit,"최신 HEAD에서 path 부재, 대체 Source 존재, 남은 import 0을 검증"
cpf-core/src/main/java/com/cpf/core/common/http/CpfWebClient.java,DELETE,legacy owner,java,,,,재확인 필요,Delete Manifest에 포함됨. 최신 HEAD에서 정확한 부재와 대체 Consumer를 작업트리 Gate로 재확인해야 함.,QA38 exact Delete Manifest + pushed rename/delete commit,"최신 HEAD에서 path 부재, 대체 Source 존재, 남은 import 0을 검증"
cpf-core/src/main/java/com/cpf/core/common/http/CpfWebClientConfig.java,DELETE,legacy owner,java,,,,재확인 필요,Delete Manifest에 포함됨. 최신 HEAD에서 정확한 부재와 대체 Consumer를 작업트리 Gate로 재확인해야 함.,QA38 exact Delete Manifest + pushed rename/delete commit,"최신 HEAD에서 path 부재, 대체 Source 존재, 남은 import 0을 검증"
cpf-core/src/main/java/com/cpf/core/common/http/CpfWebhookCallbackClient.java,DELETE,legacy owner,java,,,,재확인 필요,Delete Manifest에 포함됨. 최신 HEAD에서 정확한 부재와 대체 Consumer를 작업트리 Gate로 재확인해야 함.,QA38 exact Delete Manifest + pushed rename/delete commit,"최신 HEAD에서 path 부재, 대체 Source 존재, 남은 import 0을 검증"
cpf-core/src/main/java/com/cpf/core/common/http/CpfWebhookRuntimePolicy.java,DELETE,legacy owner,java,,,,재확인 필요,Delete Manifest에 포함됨. 최신 HEAD에서 정확한 부재와 대체 Consumer를 작업트리 Gate로 재확인해야 함.,QA38 exact Delete Manifest + pushed rename/delete commit,"최신 HEAD에서 path 부재, 대체 Source 존재, 남은 import 0을 검증"
cpf-core/src/main/java/com/cpf/core/common/logging/DynamicTransactionLogLevelService.java,DELETE,legacy owner,java,,,,재확인 필요,Delete Manifest에 포함됨. 최신 HEAD에서 정확한 부재와 대체 Consumer를 작업트리 Gate로 재확인해야 함.,QA38 exact Delete Manifest + pushed rename/delete commit,"최신 HEAD에서 path 부재, 대체 Source 존재, 남은 import 0을 검증"
cpf-core/src/main/java/com/cpf/core/common/logging/LoggingAspect.java,DELETE,legacy owner,java,,,,재확인 필요,Delete Manifest에 포함됨. 최신 HEAD에서 정확한 부재와 대체 Consumer를 작업트리 Gate로 재확인해야 함.,QA38 exact Delete Manifest + pushed rename/delete commit,"최신 HEAD에서 path 부재, 대체 Source 존재, 남은 import 0을 검증"
cpf-core/src/main/java/com/cpf/core/common/product/CpfCapabilityRegistry.java,DELETE,legacy owner,java,,,,재확인 필요,Delete Manifest에 포함됨. 최신 HEAD에서 정확한 부재와 대체 Consumer를 작업트리 Gate로 재확인해야 함.,QA38 exact Delete Manifest + pushed rename/delete commit,"최신 HEAD에서 path 부재, 대체 Source 존재, 남은 import 0을 검증"
cpf-core/src/main/java/com/cpf/core/common/remotelog/InMemoryCpfRemoteLogBundleJobAdapter.java,DELETE,legacy owner,java,,,,재확인 필요,Delete Manifest에 포함됨. 최신 HEAD에서 정확한 부재와 대체 Consumer를 작업트리 Gate로 재확인해야 함.,QA38 exact Delete Manifest + pushed rename/delete commit,"최신 HEAD에서 path 부재, 대체 Source 존재, 남은 import 0을 검증"
cpf-core/src/main/java/com/cpf/core/common/remotelog/LocalCpfRemoteLogArtifactAdapter.java,DELETE,legacy owner,java,,,,재확인 필요,Delete Manifest에 포함됨. 최신 HEAD에서 정확한 부재와 대체 Consumer를 작업트리 Gate로 재확인해야 함.,QA38 exact Delete Manifest + pushed rename/delete commit,"최신 HEAD에서 path 부재, 대체 Source 존재, 남은 import 0을 검증"
cpf-core/src/main/java/com/cpf/core/common/remotelog/LocalCpfRemoteLogNodeClient.java,DELETE,legacy owner,java,,,,재확인 필요,Delete Manifest에 포함됨. 최신 HEAD에서 정확한 부재와 대체 Consumer를 작업트리 Gate로 재확인해야 함.,QA38 exact Delete Manifest + pushed rename/delete commit,"최신 HEAD에서 path 부재, 대체 Source 존재, 남은 import 0을 검증"
cpf-core/src/main/java/com/cpf/core/common/remotelog/LocalCpfRemoteLogNodeRegistry.java,DELETE,legacy owner,java,,,,재확인 필요,Delete Manifest에 포함됨. 최신 HEAD에서 정확한 부재와 대체 Consumer를 작업트리 Gate로 재확인해야 함.,QA38 exact Delete Manifest + pushed rename/delete commit,"최신 HEAD에서 path 부재, 대체 Source 존재, 남은 import 0을 검증"
cpf-core/src/main/java/com/cpf/core/common/remotelog/RoutingCpfRemoteLogArtifactAdapter.java,DELETE,legacy owner,java,,,,재확인 필요,Delete Manifest에 포함됨. 최신 HEAD에서 정확한 부재와 대체 Consumer를 작업트리 Gate로 재확인해야 함.,QA38 exact Delete Manifest + pushed rename/delete commit,"최신 HEAD에서 path 부재, 대체 Source 존재, 남은 import 0을 검증"
cpf-core/src/main/java/com/cpf/core/common/runtimecontrol/CpfRuntimeCanonicalHash.java,DELETE,legacy owner,java,,,,재확인 필요,Delete Manifest에 포함됨. 최신 HEAD에서 정확한 부재와 대체 Consumer를 작업트리 Gate로 재확인해야 함.,QA38 exact Delete Manifest + pushed rename/delete commit,"최신 HEAD에서 path 부재, 대체 Source 존재, 남은 import 0을 검증"
cpf-core/src/main/java/com/cpf/core/common/runtimecontrol/CpfRuntimeControlAgent.java,DELETE,legacy owner,java,,,,재확인 필요,Delete Manifest에 포함됨. 최신 HEAD에서 정확한 부재와 대체 Consumer를 작업트리 Gate로 재확인해야 함.,QA38 exact Delete Manifest + pushed rename/delete commit,"최신 HEAD에서 path 부재, 대체 Source 존재, 남은 import 0을 검증"
cpf-core/src/main/java/com/cpf/core/common/runtimecontrol/CpfRuntimeControlPlaneRepository.java,DELETE,legacy owner,java,,,,재확인 필요,Delete Manifest에 포함됨. 최신 HEAD에서 정확한 부재와 대체 Consumer를 작업트리 Gate로 재확인해야 함.,QA38 exact Delete Manifest + pushed rename/delete commit,"최신 HEAD에서 path 부재, 대체 Source 존재, 남은 import 0을 검증"
cpf-core/src/main/java/com/cpf/core/common/runtimecontrol/CpfRuntimeControlPlaneService.java,DELETE,legacy owner,java,,,,재확인 필요,Delete Manifest에 포함됨. 최신 HEAD에서 정확한 부재와 대체 Consumer를 작업트리 Gate로 재확인해야 함.,QA38 exact Delete Manifest + pushed rename/delete commit,"최신 HEAD에서 path 부재, 대체 Source 존재, 남은 import 0을 검증"
cpf-core/src/main/java/com/cpf/core/common/runtimecontrol/CpfRuntimeControlReconciler.java,DELETE,legacy owner,java,,,,재확인 필요,Delete Manifest에 포함됨. 최신 HEAD에서 정확한 부재와 대체 Consumer를 작업트리 Gate로 재확인해야 함.,QA38 exact Delete Manifest + pushed rename/delete commit,"최신 HEAD에서 path 부재, 대체 Source 존재, 남은 import 0을 검증"
cpf-core/src/main/java/com/cpf/core/common/runtimecontrol/CpfRuntimeFenceException.java,DELETE,legacy owner,java,,,,재확인 필요,Delete Manifest에 포함됨. 최신 HEAD에서 정확한 부재와 대체 Consumer를 작업트리 Gate로 재확인해야 함.,QA38 exact Delete Manifest + pushed rename/delete commit,"최신 HEAD에서 path 부재, 대체 Source 존재, 남은 import 0을 검증"
cpf-core/src/main/java/com/cpf/core/common/runtimecontrol/CpfRuntimeHttpControlPlaneClient.java,DELETE,legacy owner,java,,,,재확인 필요,Delete Manifest에 포함됨. 최신 HEAD에서 정확한 부재와 대체 Consumer를 작업트리 Gate로 재확인해야 함.,QA38 exact Delete Manifest + pushed rename/delete commit,"최신 HEAD에서 path 부재, 대체 Source 존재, 남은 import 0을 검증"
cpf-core/src/main/java/com/cpf/core/common/runtimecontrol/CpfRuntimeInstanceInboxStore.java,DELETE,legacy owner,java,,,,재확인 필요,Delete Manifest에 포함됨. 최신 HEAD에서 정확한 부재와 대체 Consumer를 작업트리 Gate로 재확인해야 함.,QA38 exact Delete Manifest + pushed rename/delete commit,"최신 HEAD에서 path 부재, 대체 Source 존재, 남은 import 0을 검증"
cpf-core/src/main/java/com/cpf/core/common/runtimecontrol/CpfRuntimePayloadJson.java,DELETE,legacy owner,java,,,,재확인 필요,Delete Manifest에 포함됨. 최신 HEAD에서 정확한 부재와 대체 Consumer를 작업트리 Gate로 재확인해야 함.,QA38 exact Delete Manifest + pushed rename/delete commit,"최신 HEAD에서 path 부재, 대체 Source 존재, 남은 import 0을 검증"
cpf-core/src/main/java/com/cpf/core/common/runtimecontrol/CpfRuntimeRateLimitException.java,DELETE,legacy owner,java,,,,재확인 필요,Delete Manifest에 포함됨. 최신 HEAD에서 정확한 부재와 대체 Consumer를 작업트리 Gate로 재확인해야 함.,QA38 exact Delete Manifest + pushed rename/delete commit,"최신 HEAD에서 path 부재, 대체 Source 존재, 남은 import 0을 검증"
cpf-core/src/main/java/com/cpf/core/common/runtimecontrol/CpfRuntimeVersionConflictException.java,DELETE,legacy owner,java,,,,재확인 필요,Delete Manifest에 포함됨. 최신 HEAD에서 정확한 부재와 대체 Consumer를 작업트리 Gate로 재확인해야 함.,QA38 exact Delete Manifest + pushed rename/delete commit,"최신 HEAD에서 path 부재, 대체 Source 존재, 남은 import 0을 검증"
cpf-core/src/main/java/com/cpf/core/common/runtimecontrol/applier/CpfApiClientRuntimeApplier.java,DELETE,legacy owner,java,,,,재확인 필요,Delete Manifest에 포함됨. 최신 HEAD에서 정확한 부재와 대체 Consumer를 작업트리 Gate로 재확인해야 함.,QA38 exact Delete Manifest + pushed rename/delete commit,"최신 HEAD에서 path 부재, 대체 Source 존재, 남은 import 0을 검증"
cpf-core/src/main/java/com/cpf/core/common/runtimecontrol/applier/CpfAttachmentPolicyRuntimeApplier.java,DELETE,legacy owner,java,,,,재확인 필요,Delete Manifest에 포함됨. 최신 HEAD에서 정확한 부재와 대체 Consumer를 작업트리 Gate로 재확인해야 함.,QA38 exact Delete Manifest + pushed rename/delete commit,"최신 HEAD에서 path 부재, 대체 Source 존재, 남은 import 0을 검증"
cpf-core/src/main/java/com/cpf/core/common/runtimecontrol/applier/CpfBrokerConsumerRuntimeApplier.java,DELETE,legacy owner,java,,,,재확인 필요,Delete Manifest에 포함됨. 최신 HEAD에서 정확한 부재와 대체 Consumer를 작업트리 Gate로 재확인해야 함.,QA38 exact Delete Manifest + pushed rename/delete commit,"최신 HEAD에서 path 부재, 대체 Source 존재, 남은 import 0을 검증"
cpf-core/src/main/java/com/cpf/core/common/runtimecontrol/applier/CpfBrokerRetryDlqRuntimeApplier.java,DELETE,legacy owner,java,,,,재확인 필요,Delete Manifest에 포함됨. 최신 HEAD에서 정확한 부재와 대체 Consumer를 작업트리 Gate로 재확인해야 함.,QA38 exact Delete Manifest + pushed rename/delete commit,"최신 HEAD에서 path 부재, 대체 Source 존재, 남은 import 0을 검증"
cpf-core/src/main/java/com/cpf/core/common/runtimecontrol/applier/CpfChannelPolicyRuntimeApplier.java,DELETE,legacy owner,java,,,,재확인 필요,Delete Manifest에 포함됨. 최신 HEAD에서 정확한 부재와 대체 Consumer를 작업트리 Gate로 재확인해야 함.,QA38 exact Delete Manifest + pushed rename/delete commit,"최신 HEAD에서 path 부재, 대체 Source 존재, 남은 import 0을 검증"
cpf-core/src/main/java/com/cpf/core/common/runtimecontrol/applier/CpfConnectionPoolRuntimeApplier.java,DELETE,legacy owner,java,,,,재확인 필요,Delete Manifest에 포함됨. 최신 HEAD에서 정확한 부재와 대체 Consumer를 작업트리 Gate로 재확인해야 함.,QA38 exact Delete Manifest + pushed rename/delete commit,"최신 HEAD에서 path 부재, 대체 Source 존재, 남은 import 0을 검증"
cpf-core/src/main/java/com/cpf/core/common/runtimecontrol/applier/CpfDbReadRoutingRuntimeApplier.java,DELETE,legacy owner,java,,,,재확인 필요,Delete Manifest에 포함됨. 최신 HEAD에서 정확한 부재와 대체 Consumer를 작업트리 Gate로 재확인해야 함.,QA38 exact Delete Manifest + pushed rename/delete commit,"최신 HEAD에서 path 부재, 대체 Source 존재, 남은 import 0을 검증"
cpf-core/src/main/java/com/cpf/core/common/runtimecontrol/applier/CpfDownloadPolicyRuntimeApplier.java,DELETE,legacy owner,java,,,,재확인 필요,Delete Manifest에 포함됨. 최신 HEAD에서 정확한 부재와 대체 Consumer를 작업트리 Gate로 재확인해야 함.,QA38 exact Delete Manifest + pushed rename/delete commit,"최신 HEAD에서 path 부재, 대체 Source 존재, 남은 import 0을 검증"
cpf-core/src/main/java/com/cpf/core/common/runtimecontrol/applier/CpfDynamicLogLevelRuntimeApplier.java,DELETE,legacy owner,java,,,,재확인 필요,Delete Manifest에 포함됨. 최신 HEAD에서 정확한 부재와 대체 Consumer를 작업트리 Gate로 재확인해야 함.,QA38 exact Delete Manifest + pushed rename/delete commit,"최신 HEAD에서 path 부재, 대체 Source 존재, 남은 import 0을 검증"
cpf-core/src/main/java/com/cpf/core/common/runtimecontrol/applier/CpfExternalInstitutionRuntimeApplier.java,DELETE,legacy owner,java,,,,재확인 필요,Delete Manifest에 포함됨. 최신 HEAD에서 정확한 부재와 대체 Consumer를 작업트리 Gate로 재확인해야 함.,QA38 exact Delete Manifest + pushed rename/delete commit,"최신 HEAD에서 path 부재, 대체 Source 존재, 남은 import 0을 검증"
cpf-core/src/main/java/com/cpf/core/common/runtimecontrol/applier/CpfFilePolicyRuntimeApplier.java,DELETE,legacy owner,java,,,,재확인 필요,Delete Manifest에 포함됨. 최신 HEAD에서 정확한 부재와 대체 Consumer를 작업트리 Gate로 재확인해야 함.,QA38 exact Delete Manifest + pushed rename/delete commit,"최신 HEAD에서 path 부재, 대체 Source 존재, 남은 import 0을 검증"
cpf-core/src/main/java/com/cpf/core/common/runtimecontrol/applier/CpfFixedLayoutRuntimeApplier.java,DELETE,legacy owner,java,,,,재확인 필요,Delete Manifest에 포함됨. 최신 HEAD에서 정확한 부재와 대체 Consumer를 작업트리 Gate로 재확인해야 함.,QA38 exact Delete Manifest + pushed rename/delete commit,"최신 HEAD에서 path 부재, 대체 Source 존재, 남은 import 0을 검증"
cpf-core/src/main/java/com/cpf/core/common/runtimecontrol/applier/CpfFixedLengthLayoutPayloadDecoder.java,DELETE,legacy owner,java,,,,재확인 필요,Delete Manifest에 포함됨. 최신 HEAD에서 정확한 부재와 대체 Consumer를 작업트리 Gate로 재확인해야 함.,QA38 exact Delete Manifest + pushed rename/delete commit,"최신 HEAD에서 path 부재, 대체 Source 존재, 남은 import 0을 검증"
cpf-core/src/main/java/com/cpf/core/common/runtimecontrol/applier/CpfMaskingPolicyRuntimeApplier.java,DELETE,legacy owner,java,,,,재확인 필요,Delete Manifest에 포함됨. 최신 HEAD에서 정확한 부재와 대체 Consumer를 작업트리 Gate로 재확인해야 함.,QA38 exact Delete Manifest + pushed rename/delete commit,"최신 HEAD에서 path 부재, 대체 Source 존재, 남은 import 0을 검증"
cpf-core/src/main/java/com/cpf/core/common/runtimecontrol/applier/CpfPasswordPolicyRuntimeApplier.java,DELETE,legacy owner,java,,,,재확인 필요,Delete Manifest에 포함됨. 최신 HEAD에서 정확한 부재와 대체 Consumer를 작업트리 Gate로 재확인해야 함.,QA38 exact Delete Manifest + pushed rename/delete commit,"최신 HEAD에서 path 부재, 대체 Source 존재, 남은 import 0을 검증"
cpf-core/src/main/java/com/cpf/core/common/runtimecontrol/applier/CpfReconciliationRuntimeApplier.java,DELETE,legacy owner,java,,,,재확인 필요,Delete Manifest에 포함됨. 최신 HEAD에서 정확한 부재와 대체 Consumer를 작업트리 Gate로 재확인해야 함.,QA38 exact Delete Manifest + pushed rename/delete commit,"최신 HEAD에서 path 부재, 대체 Source 존재, 남은 import 0을 검증"
cpf-core/src/main/java/com/cpf/core/common/runtimecontrol/applier/CpfSchemaRegistryRuntimeApplier.java,DELETE,legacy owner,java,,,,재확인 필요,Delete Manifest에 포함됨. 최신 HEAD에서 정확한 부재와 대체 Consumer를 작업트리 Gate로 재확인해야 함.,QA38 exact Delete Manifest + pushed rename/delete commit,"최신 HEAD에서 path 부재, 대체 Source 존재, 남은 import 0을 검증"
cpf-core/src/main/java/com/cpf/core/common/runtimecontrol/applier/CpfSecurityMaterialRuntimeApplier.java,DELETE,legacy owner,java,,,,재확인 필요,Delete Manifest에 포함됨. 최신 HEAD에서 정확한 부재와 대체 Consumer를 작업트리 Gate로 재확인해야 함.,QA38 exact Delete Manifest + pushed rename/delete commit,"최신 HEAD에서 path 부재, 대체 Source 존재, 남은 import 0을 검증"
cpf-core/src/main/java/com/cpf/core/common/runtimecontrol/applier/CpfServiceRegistryRuntimeVerifierApplier.java,DELETE,legacy owner,java,,,,재확인 필요,Delete Manifest에 포함됨. 최신 HEAD에서 정확한 부재와 대체 Consumer를 작업트리 Gate로 재확인해야 함.,QA38 exact Delete Manifest + pushed rename/delete commit,"최신 HEAD에서 path 부재, 대체 Source 존재, 남은 import 0을 검증"
cpf-core/src/main/java/com/cpf/core/common/runtimecontrol/applier/CpfSftpTransferRuntimeApplier.java,DELETE,legacy owner,java,,,,재확인 필요,Delete Manifest에 포함됨. 최신 HEAD에서 정확한 부재와 대체 Consumer를 작업트리 Gate로 재확인해야 함.,QA38 exact Delete Manifest + pushed rename/delete commit,"최신 HEAD에서 path 부재, 대체 Source 존재, 남은 import 0을 검증"
cpf-core/src/main/java/com/cpf/core/common/runtimecontrol/applier/CpfTraceSamplingRuntimeApplier.java,DELETE,legacy owner,java,,,,재확인 필요,Delete Manifest에 포함됨. 최신 HEAD에서 정확한 부재와 대체 Consumer를 작업트리 Gate로 재확인해야 함.,QA38 exact Delete Manifest + pushed rename/delete commit,"최신 HEAD에서 path 부재, 대체 Source 존재, 남은 import 0을 검증"
cpf-core/src/main/java/com/cpf/core/common/runtimecontrol/applier/CpfWebhookCallbackRuntimeApplier.java,DELETE,legacy owner,java,,,,재확인 필요,Delete Manifest에 포함됨. 최신 HEAD에서 정확한 부재와 대체 Consumer를 작업트리 Gate로 재확인해야 함.,QA38 exact Delete Manifest + pushed rename/delete commit,"최신 HEAD에서 path 부재, 대체 Source 존재, 남은 import 0을 검증"
cpf-core/src/main/java/com/cpf/core/common/servicecall/CpfEndpointRegistry.java,DELETE,legacy owner,java,,,,재확인 필요,Delete Manifest에 포함됨. 최신 HEAD에서 정확한 부재와 대체 Consumer를 작업트리 Gate로 재확인해야 함.,QA38 exact Delete Manifest + pushed rename/delete commit,"최신 HEAD에서 path 부재, 대체 Source 존재, 남은 import 0을 검증"
cpf-core/src/main/java/com/cpf/core/common/servicecall/CpfEndpointResolver.java,DELETE,legacy owner,java,,,,재확인 필요,Delete Manifest에 포함됨. 최신 HEAD에서 정확한 부재와 대체 Consumer를 작업트리 Gate로 재확인해야 함.,QA38 exact Delete Manifest + pushed rename/delete commit,"최신 HEAD에서 path 부재, 대체 Source 존재, 남은 import 0을 검증"
cpf-core/src/main/java/com/cpf/core/common/servicecall/CpfHealthAwareInstanceSelector.java,DELETE,legacy owner,java,,,,재확인 필요,Delete Manifest에 포함됨. 최신 HEAD에서 정확한 부재와 대체 Consumer를 작업트리 Gate로 재확인해야 함.,QA38 exact Delete Manifest + pushed rename/delete commit,"최신 HEAD에서 path 부재, 대체 Source 존재, 남은 import 0을 검증"
cpf-core/src/main/java/com/cpf/core/common/servicecall/CpfPolicyId.java,DELETE,legacy owner,java,,,,재확인 필요,Delete Manifest에 포함됨. 최신 HEAD에서 정확한 부재와 대체 Consumer를 작업트리 Gate로 재확인해야 함.,QA38 exact Delete Manifest + pushed rename/delete commit,"최신 HEAD에서 path 부재, 대체 Source 존재, 남은 import 0을 검증"
cpf-core/src/main/java/com/cpf/core/common/servicecall/CpfRemoteFacadeProxySupport.java,DELETE,legacy owner,java,,,,재확인 필요,Delete Manifest에 포함됨. 최신 HEAD에서 정확한 부재와 대체 Consumer를 작업트리 Gate로 재확인해야 함.,QA38 exact Delete Manifest + pushed rename/delete commit,"최신 HEAD에서 path 부재, 대체 Source 존재, 남은 import 0을 검증"
cpf-core/src/main/java/com/cpf/core/common/servicecall/CpfRoutingPolicyResolver.java,DELETE,legacy owner,java,,,,재확인 필요,Delete Manifest에 포함됨. 최신 HEAD에서 정확한 부재와 대체 Consumer를 작업트리 Gate로 재확인해야 함.,QA38 exact Delete Manifest + pushed rename/delete commit,"최신 HEAD에서 path 부재, 대체 Source 존재, 남은 import 0을 검증"
cpf-core/src/main/java/com/cpf/core/common/servicecall/CpfServiceCallEngine.java,DELETE,legacy owner,java,,,,재확인 필요,Delete Manifest에 포함됨. 최신 HEAD에서 정확한 부재와 대체 Consumer를 작업트리 Gate로 재확인해야 함.,QA38 exact Delete Manifest + pushed rename/delete commit,"최신 HEAD에서 path 부재, 대체 Source 존재, 남은 import 0을 검증"
cpf-core/src/main/java/com/cpf/core/common/servicecall/CpfServiceCallException.java,DELETE,legacy owner,java,,,,재확인 필요,Delete Manifest에 포함됨. 최신 HEAD에서 정확한 부재와 대체 Consumer를 작업트리 Gate로 재확인해야 함.,QA38 exact Delete Manifest + pushed rename/delete commit,"최신 HEAD에서 path 부재, 대체 Source 존재, 남은 import 0을 검증"
cpf-core/src/main/java/com/cpf/core/common/servicecall/CpfServiceCallExecutorAdapter.java,DELETE,legacy owner,java,,,,재확인 필요,Delete Manifest에 포함됨. 최신 HEAD에서 정확한 부재와 대체 Consumer를 작업트리 Gate로 재확인해야 함.,QA38 exact Delete Manifest + pushed rename/delete commit,"최신 HEAD에서 path 부재, 대체 Source 존재, 남은 import 0을 검증"
cpf-core/src/main/java/com/cpf/core/common/servicecall/CpfServiceCallLogWriter.java,DELETE,legacy owner,java,,,,재확인 필요,Delete Manifest에 포함됨. 최신 HEAD에서 정확한 부재와 대체 Consumer를 작업트리 Gate로 재확인해야 함.,QA38 exact Delete Manifest + pushed rename/delete commit,"최신 HEAD에서 path 부재, 대체 Source 존재, 남은 import 0을 검증"
cpf-core/src/main/java/com/cpf/core/common/servicecall/CpfServiceCallOptions.java,DELETE,legacy owner,java,,,,재확인 필요,Delete Manifest에 포함됨. 최신 HEAD에서 정확한 부재와 대체 Consumer를 작업트리 Gate로 재확인해야 함.,QA38 exact Delete Manifest + pushed rename/delete commit,"최신 HEAD에서 path 부재, 대체 Source 존재, 남은 import 0을 검증"
cpf-core/src/main/java/com/cpf/core/common/servicecall/CpfServiceCallProperties.java,DELETE,legacy owner,java,,,,재확인 필요,Delete Manifest에 포함됨. 최신 HEAD에서 정확한 부재와 대체 Consumer를 작업트리 Gate로 재확인해야 함.,QA38 exact Delete Manifest + pushed rename/delete commit,"최신 HEAD에서 path 부재, 대체 Source 존재, 남은 import 0을 검증"
cpf-core/src/main/java/com/cpf/core/common/servicecall/CpfServiceCallerAdapter.java,DELETE,legacy owner,java,,,,재확인 필요,Delete Manifest에 포함됨. 최신 HEAD에서 정확한 부재와 대체 Consumer를 작업트리 Gate로 재확인해야 함.,QA38 exact Delete Manifest + pushed rename/delete commit,"최신 HEAD에서 path 부재, 대체 Source 존재, 남은 import 0을 검증"
cpf-core/src/main/java/com/cpf/core/common/servicecall/CpfServiceHealthChecker.java,DELETE,legacy owner,java,,,,재확인 필요,Delete Manifest에 포함됨. 최신 HEAD에서 정확한 부재와 대체 Consumer를 작업트리 Gate로 재확인해야 함.,QA38 exact Delete Manifest + pushed rename/delete commit,"최신 HEAD에서 path 부재, 대체 Source 존재, 남은 import 0을 검증"
cpf-core/src/main/java/com/cpf/core/common/servicecall/CpfServiceInstanceRegistry.java,DELETE,legacy owner,java,,,,재확인 필요,Delete Manifest에 포함됨. 최신 HEAD에서 정확한 부재와 대체 Consumer를 작업트리 Gate로 재확인해야 함.,QA38 exact Delete Manifest + pushed rename/delete commit,"최신 HEAD에서 path 부재, 대체 Source 존재, 남은 import 0을 검증"
cpf-core/src/main/java/com/cpf/core/common/servicecall/CpfServiceRegistry.java,DELETE,legacy owner,java,,,,재확인 필요,Delete Manifest에 포함됨. 최신 HEAD에서 정확한 부재와 대체 Consumer를 작업트리 Gate로 재확인해야 함.,QA38 exact Delete Manifest + pushed rename/delete commit,"최신 HEAD에서 path 부재, 대체 Source 존재, 남은 import 0을 검증"
cpf-core/src/main/java/com/cpf/core/common/servicecall/CpfServiceRegistryControlFacade.java,DELETE,legacy owner,java,,,,재확인 필요,Delete Manifest에 포함됨. 최신 HEAD에서 정확한 부재와 대체 Consumer를 작업트리 Gate로 재확인해야 함.,QA38 exact Delete Manifest + pushed rename/delete commit,"최신 HEAD에서 path 부재, 대체 Source 존재, 남은 import 0을 검증"
cpf-core/src/main/java/com/cpf/core/common/servicecall/CpfServiceRegistryQueryFacade.java,DELETE,legacy owner,java,,,,재확인 필요,Delete Manifest에 포함됨. 최신 HEAD에서 정확한 부재와 대체 Consumer를 작업트리 Gate로 재확인해야 함.,QA38 exact Delete Manifest + pushed rename/delete commit,"최신 HEAD에서 path 부재, 대체 Source 존재, 남은 import 0을 검증"
cpf-core/src/main/java/com/cpf/core/common/servicecall/CpfServiceRegistryRepository.java,DELETE,legacy owner,java,,,,재확인 필요,Delete Manifest에 포함됨. 최신 HEAD에서 정확한 부재와 대체 Consumer를 작업트리 Gate로 재확인해야 함.,QA38 exact Delete Manifest + pushed rename/delete commit,"최신 HEAD에서 path 부재, 대체 Source 존재, 남은 import 0을 검증"
cpf-core/src/main/java/com/cpf/core/common/servicecall/CpfTypedServiceClient.java,DELETE,legacy owner,java,,,,재확인 필요,Delete Manifest에 포함됨. 최신 HEAD에서 정확한 부재와 대체 Consumer를 작업트리 Gate로 재확인해야 함.,QA38 exact Delete Manifest + pushed rename/delete commit,"최신 HEAD에서 path 부재, 대체 Source 존재, 남은 import 0을 검증"
cpf-core/src/main/java/com/cpf/core/common/servicecall/ServiceCallAttemptEvent.java,DELETE,legacy owner,java,,,,재확인 필요,Delete Manifest에 포함됨. 최신 HEAD에서 정확한 부재와 대체 Consumer를 작업트리 Gate로 재확인해야 함.,QA38 exact Delete Manifest + pushed rename/delete commit,"최신 HEAD에서 path 부재, 대체 Source 존재, 남은 import 0을 검증"
cpf-core/src/main/java/com/cpf/core/common/servicecall/ServiceCallAttemptObserver.java,DELETE,legacy owner,java,,,,재확인 필요,Delete Manifest에 포함됨. 최신 HEAD에서 정확한 부재와 대체 Consumer를 작업트리 Gate로 재확인해야 함.,QA38 exact Delete Manifest + pushed rename/delete commit,"최신 HEAD에서 path 부재, 대체 Source 존재, 남은 import 0을 검증"
cpf-core/src/main/java/com/cpf/core/common/servicecall/ServiceCallRequest.java,DELETE,legacy owner,java,,,,재확인 필요,Delete Manifest에 포함됨. 최신 HEAD에서 정확한 부재와 대체 Consumer를 작업트리 Gate로 재확인해야 함.,QA38 exact Delete Manifest + pushed rename/delete commit,"최신 HEAD에서 path 부재, 대체 Source 존재, 남은 import 0을 검증"
cpf-core/src/main/java/com/cpf/core/common/servicecall/ServiceCallResolvedTarget.java,DELETE,legacy owner,java,,,,재확인 필요,Delete Manifest에 포함됨. 최신 HEAD에서 정확한 부재와 대체 Consumer를 작업트리 Gate로 재확인해야 함.,QA38 exact Delete Manifest + pushed rename/delete commit,"최신 HEAD에서 path 부재, 대체 Source 존재, 남은 import 0을 검증"
cpf-core/src/main/java/com/cpf/core/common/servicecall/ServiceCallResult.java,DELETE,legacy owner,java,,,,재확인 필요,Delete Manifest에 포함됨. 최신 HEAD에서 정확한 부재와 대체 Consumer를 작업트리 Gate로 재확인해야 함.,QA38 exact Delete Manifest + pushed rename/delete commit,"최신 HEAD에서 path 부재, 대체 Source 존재, 남은 import 0을 검증"
cpf-core/src/main/java/com/cpf/core/config/CpfAopConfig.java,DELETE,legacy owner,java,,,,재확인 필요,Delete Manifest에 포함됨. 최신 HEAD에서 정확한 부재와 대체 Consumer를 작업트리 Gate로 재확인해야 함.,QA38 exact Delete Manifest + pushed rename/delete commit,"최신 HEAD에서 path 부재, 대체 Source 존재, 남은 import 0을 검증"
cpf-core/src/main/java/com/cpf/core/config/CpfAttachmentAutoConfiguration.java,DELETE,legacy owner,java,,,,재확인 필요,Delete Manifest에 포함됨. 최신 HEAD에서 정확한 부재와 대체 Consumer를 작업트리 Gate로 재확인해야 함.,QA38 exact Delete Manifest + pushed rename/delete commit,"최신 HEAD에서 path 부재, 대체 Source 존재, 남은 import 0을 검증"
cpf-core/src/main/java/com/cpf/core/config/CpfDataSourceConfig.java,DELETE,legacy owner,java,,,,재확인 필요,Delete Manifest에 포함됨. 최신 HEAD에서 정확한 부재와 대체 Consumer를 작업트리 Gate로 재확인해야 함.,QA38 exact Delete Manifest + pushed rename/delete commit,"최신 HEAD에서 path 부재, 대체 Source 존재, 남은 import 0을 검증"
cpf-core/src/main/java/com/cpf/core/config/CpfLogEnvironmentPostProcessor.java,DELETE,legacy owner,java,,,,재확인 필요,Delete Manifest에 포함됨. 최신 HEAD에서 정확한 부재와 대체 Consumer를 작업트리 Gate로 재확인해야 함.,QA38 exact Delete Manifest + pushed rename/delete commit,"최신 HEAD에서 path 부재, 대체 Source 존재, 남은 import 0을 검증"
cpf-core/src/main/java/com/cpf/core/config/CpfLogPolicyAutoConfiguration.java,DELETE,legacy owner,java,,,,재확인 필요,Delete Manifest에 포함됨. 최신 HEAD에서 정확한 부재와 대체 Consumer를 작업트리 Gate로 재확인해야 함.,QA38 exact Delete Manifest + pushed rename/delete commit,"최신 HEAD에서 path 부재, 대체 Source 존재, 남은 import 0을 검증"
cpf-core/src/main/java/com/cpf/core/config/CpfLogRecoveryAutoConfiguration.java,DELETE,legacy owner,java,,,,재확인 필요,Delete Manifest에 포함됨. 최신 HEAD에서 정확한 부재와 대체 Consumer를 작업트리 Gate로 재확인해야 함.,QA38 exact Delete Manifest + pushed rename/delete commit,"최신 HEAD에서 path 부재, 대체 Source 존재, 남은 import 0을 검증"
cpf-core/src/main/java/com/cpf/core/config/CpfMyBatisConfig.java,DELETE,legacy owner,java,,,,재확인 필요,Delete Manifest에 포함됨. 최신 HEAD에서 정확한 부재와 대체 Consumer를 작업트리 Gate로 재확인해야 함.,QA38 exact Delete Manifest + pushed rename/delete commit,"최신 HEAD에서 path 부재, 대체 Source 존재, 남은 import 0을 검증"
cpf-core/src/main/java/com/cpf/core/config/CpfOpenApiAutoConfiguration.java,DELETE,legacy owner,java,,,,재확인 필요,Delete Manifest에 포함됨. 최신 HEAD에서 정확한 부재와 대체 Consumer를 작업트리 Gate로 재확인해야 함.,QA38 exact Delete Manifest + pushed rename/delete commit,"최신 HEAD에서 path 부재, 대체 Source 존재, 남은 import 0을 검증"
cpf-core/src/main/java/com/cpf/core/config/CpfRuntimeControlAutoConfiguration.java,DELETE,legacy owner,java,,,,재확인 필요,Delete Manifest에 포함됨. 최신 HEAD에서 정확한 부재와 대체 Consumer를 작업트리 Gate로 재확인해야 함.,QA38 exact Delete Manifest + pushed rename/delete commit,"최신 HEAD에서 path 부재, 대체 Source 존재, 남은 import 0을 검증"
cpf-core/src/main/java/com/cpf/core/config/CpfSecurityAutoConfiguration.java,DELETE,legacy owner,java,,,,재확인 필요,Delete Manifest에 포함됨. 최신 HEAD에서 정확한 부재와 대체 Consumer를 작업트리 Gate로 재확인해야 함.,QA38 exact Delete Manifest + pushed rename/delete commit,"최신 HEAD에서 path 부재, 대체 Source 존재, 남은 import 0을 검증"
cpf-core/src/main/java/com/cpf/core/config/CpfServiceCallAutoConfiguration.java,DELETE,legacy owner,java,,,,재확인 필요,Delete Manifest에 포함됨. 최신 HEAD에서 정확한 부재와 대체 Consumer를 작업트리 Gate로 재확인해야 함.,QA38 exact Delete Manifest + pushed rename/delete commit,"최신 HEAD에서 path 부재, 대체 Source 존재, 남은 import 0을 검증"
cpf-core/src/main/java/com/cpf/core/mapper/common/logging/TransactionLogMapper.java,DELETE,legacy owner,java,,,,재확인 필요,Delete Manifest에 포함됨. 최신 HEAD에서 정확한 부재와 대체 Consumer를 작업트리 Gate로 재확인해야 함.,QA38 exact Delete Manifest + pushed rename/delete commit,"최신 HEAD에서 path 부재, 대체 Source 존재, 남은 import 0을 검증"
cpf-core/src/main/java/com/cpf/core/mapper/common/logging/TransactionSegmentMapper.java,DELETE,legacy owner,java,,,,재확인 필요,Delete Manifest에 포함됨. 최신 HEAD에서 정확한 부재와 대체 Consumer를 작업트리 Gate로 재확인해야 함.,QA38 exact Delete Manifest + pushed rename/delete commit,"최신 HEAD에서 path 부재, 대체 Source 존재, 남은 import 0을 검증"
cpf-core/src/main/resources/mybatis/config/cpf-mybatis-config.xml,DELETE,legacy owner,xml,,,,재확인 필요,Delete Manifest에 포함됨. 최신 HEAD에서 정확한 부재와 대체 Consumer를 작업트리 Gate로 재확인해야 함.,QA38 exact Delete Manifest + pushed rename/delete commit,"최신 HEAD에서 path 부재, 대체 Source 존재, 남은 import 0을 검증"
cpf-core/src/test/java/com/cpf/core/common/aop/CpfAspectPointcutMigrationTest.java,DELETE,legacy owner,java,,,,재확인 필요,Delete Manifest에 포함됨. 최신 HEAD에서 정확한 부재와 대체 Consumer를 작업트리 Gate로 재확인해야 함.,QA38 exact Delete Manifest + pushed rename/delete commit,"최신 HEAD에서 path 부재, 대체 Source 존재, 남은 import 0을 검증"
cpf-core/src/test/java/com/cpf/core/common/archive/CpfArchiveChecksumTest.java,DELETE,legacy owner,java,,,,재확인 필요,Delete Manifest에 포함됨. 최신 HEAD에서 정확한 부재와 대체 Consumer를 작업트리 Gate로 재확인해야 함.,QA38 exact Delete Manifest + pushed rename/delete commit,"최신 HEAD에서 path 부재, 대체 Source 존재, 남은 import 0을 검증"
cpf-core/src/test/java/com/cpf/core/common/archive/CpfArchiveServiceTest.java,DELETE,legacy owner,java,,,,재확인 필요,Delete Manifest에 포함됨. 최신 HEAD에서 정확한 부재와 대체 Consumer를 작업트리 Gate로 재확인해야 함.,QA38 exact Delete Manifest + pushed rename/delete commit,"최신 HEAD에서 path 부재, 대체 Source 존재, 남은 import 0을 검증"
cpf-core/src/test/java/com/cpf/core/common/archive/LocalCpfArchiveServiceStreamingTest.java,DELETE,legacy owner,java,,,,재확인 필요,Delete Manifest에 포함됨. 최신 HEAD에서 정확한 부재와 대체 Consumer를 작업트리 Gate로 재확인해야 함.,QA38 exact Delete Manifest + pushed rename/delete commit,"최신 HEAD에서 path 부재, 대체 Source 존재, 남은 import 0을 검증"
cpf-core/src/test/java/com/cpf/core/common/attachment/LocalCpfAttachmentStorageAdapterTest.java,DELETE,legacy owner,java,,,,재확인 필요,Delete Manifest에 포함됨. 최신 HEAD에서 정확한 부재와 대체 Consumer를 작업트리 Gate로 재확인해야 함.,QA38 exact Delete Manifest + pushed rename/delete commit,"최신 HEAD에서 path 부재, 대체 Source 존재, 남은 import 0을 검증"
cpf-core/src/test/java/com/cpf/core/common/broker/CpfBrokerBridgeAdapterTest.java,DELETE,legacy owner,java,,,,재확인 필요,Delete Manifest에 포함됨. 최신 HEAD에서 정확한 부재와 대체 Consumer를 작업트리 Gate로 재확인해야 함.,QA38 exact Delete Manifest + pushed rename/delete commit,"최신 HEAD에서 path 부재, 대체 Source 존재, 남은 import 0을 검증"
cpf-core/src/test/java/com/cpf/core/common/broker/CpfBrokerWorkerTest.java,DELETE,legacy owner,java,,,,재확인 필요,Delete Manifest에 포함됨. 최신 HEAD에서 정확한 부재와 대체 Consumer를 작업트리 Gate로 재확인해야 함.,QA38 exact Delete Manifest + pushed rename/delete commit,"최신 HEAD에서 path 부재, 대체 Source 존재, 남은 import 0을 검증"
cpf-core/src/test/java/com/cpf/core/common/broker/JdbcCpfBrokerReliabilityRepositoryTest.java,DELETE,legacy owner,java,,,,재확인 필요,Delete Manifest에 포함됨. 최신 HEAD에서 정확한 부재와 대체 Consumer를 작업트리 Gate로 재확인해야 함.,QA38 exact Delete Manifest + pushed rename/delete commit,"최신 HEAD에서 path 부재, 대체 Source 존재, 남은 import 0을 검증"
cpf-core/src/test/java/com/cpf/core/common/database/CpfCoreRuntimeSqlPortabilityTest.java,DELETE,legacy owner,java,,,,재확인 필요,Delete Manifest에 포함됨. 최신 HEAD에서 정확한 부재와 대체 Consumer를 작업트리 Gate로 재확인해야 함.,QA38 exact Delete Manifest + pushed rename/delete commit,"최신 HEAD에서 path 부재, 대체 Source 존재, 남은 import 0을 검증"
cpf-core/src/test/java/com/cpf/core/common/database/CpfDataSourceResolverTest.java,DELETE,legacy owner,java,,,,재확인 필요,Delete Manifest에 포함됨. 최신 HEAD에서 정확한 부재와 대체 Consumer를 작업트리 Gate로 재확인해야 함.,QA38 exact Delete Manifest + pushed rename/delete commit,"최신 HEAD에서 path 부재, 대체 Source 존재, 남은 import 0을 검증"
cpf-core/src/test/java/com/cpf/core/common/filetransfer/CpfFileExchangeGatewayTest.java,DELETE,legacy owner,java,,,,재확인 필요,Delete Manifest에 포함됨. 최신 HEAD에서 정확한 부재와 대체 Consumer를 작업트리 Gate로 재확인해야 함.,QA38 exact Delete Manifest + pushed rename/delete commit,"최신 HEAD에서 path 부재, 대체 Source 존재, 남은 import 0을 검증"
cpf-core/src/test/java/com/cpf/core/common/filetransfer/DeterministicCpfRemoteFileTransferAdapterTest.java,DELETE,legacy owner,java,,,,재확인 필요,Delete Manifest에 포함됨. 최신 HEAD에서 정확한 부재와 대체 Consumer를 작업트리 Gate로 재확인해야 함.,QA38 exact Delete Manifest + pushed rename/delete commit,"최신 HEAD에서 path 부재, 대체 Source 존재, 남은 import 0을 검증"
cpf-core/src/test/java/com/cpf/core/common/filetransfer/JdbcCpfFileTransferRepositoryTest.java,DELETE,legacy owner,java,,,,재확인 필요,Delete Manifest에 포함됨. 최신 HEAD에서 정확한 부재와 대체 Consumer를 작업트리 Gate로 재확인해야 함.,QA38 exact Delete Manifest + pushed rename/delete commit,"최신 HEAD에서 path 부재, 대체 Source 존재, 남은 import 0을 검증"
cpf-core/src/test/java/com/cpf/core/common/filetransfer/LocalCpfFileTransferAdapterTest.java,DELETE,legacy owner,java,,,,재확인 필요,Delete Manifest에 포함됨. 최신 HEAD에서 정확한 부재와 대체 Consumer를 작업트리 Gate로 재확인해야 함.,QA38 exact Delete Manifest + pushed rename/delete commit,"최신 HEAD에서 path 부재, 대체 Source 존재, 남은 import 0을 검증"
cpf-core/src/test/java/com/cpf/core/common/http/CpfRestClientInterceptorTest.java,DELETE,legacy owner,java,,,,재확인 필요,Delete Manifest에 포함됨. 최신 HEAD에서 정확한 부재와 대체 Consumer를 작업트리 Gate로 재확인해야 함.,QA38 exact Delete Manifest + pushed rename/delete commit,"최신 HEAD에서 path 부재, 대체 Source 존재, 남은 import 0을 검증"
cpf-core/src/test/java/com/cpf/core/common/logging/DynamicTransactionLogLevelServiceTest.java,DELETE,legacy owner,java,,,,재확인 필요,Delete Manifest에 포함됨. 최신 HEAD에서 정확한 부재와 대체 Consumer를 작업트리 Gate로 재확인해야 함.,QA38 exact Delete Manifest + pushed rename/delete commit,"최신 HEAD에서 path 부재, 대체 Source 존재, 남은 import 0을 검증"
cpf-core/src/test/java/com/cpf/core/common/logging/LoggingAspectMetadataTest.java,DELETE,legacy owner,java,,,,재확인 필요,Delete Manifest에 포함됨. 최신 HEAD에서 정확한 부재와 대체 Consumer를 작업트리 Gate로 재확인해야 함.,QA38 exact Delete Manifest + pushed rename/delete commit,"최신 HEAD에서 path 부재, 대체 Source 존재, 남은 import 0을 검증"
cpf-core/src/test/java/com/cpf/core/common/product/CpfCapabilityRegistryTest.java,DELETE,legacy owner,java,,,,재확인 필요,Delete Manifest에 포함됨. 최신 HEAD에서 정확한 부재와 대체 Consumer를 작업트리 Gate로 재확인해야 함.,QA38 exact Delete Manifest + pushed rename/delete commit,"최신 HEAD에서 path 부재, 대체 Source 존재, 남은 import 0을 검증"
cpf-core/src/test/java/com/cpf/core/common/remotelog/InMemoryCpfRemoteLogBundleJobAdapterTest.java,DELETE,legacy owner,java,,,,재확인 필요,Delete Manifest에 포함됨. 최신 HEAD에서 정확한 부재와 대체 Consumer를 작업트리 Gate로 재확인해야 함.,QA38 exact Delete Manifest + pushed rename/delete commit,"최신 HEAD에서 path 부재, 대체 Source 존재, 남은 import 0을 검증"
cpf-core/src/test/java/com/cpf/core/common/remotelog/LocalCpfRemoteLogArtifactAdapterTest.java,DELETE,legacy owner,java,,,,재확인 필요,Delete Manifest에 포함됨. 최신 HEAD에서 정확한 부재와 대체 Consumer를 작업트리 Gate로 재확인해야 함.,QA38 exact Delete Manifest + pushed rename/delete commit,"최신 HEAD에서 path 부재, 대체 Source 존재, 남은 import 0을 검증"
cpf-core/src/test/java/com/cpf/core/common/remotelog/RoutingCpfRemoteLogArtifactAdapterTest.java,DELETE,legacy owner,java,,,,재확인 필요,Delete Manifest에 포함됨. 최신 HEAD에서 정확한 부재와 대체 Consumer를 작업트리 Gate로 재확인해야 함.,QA38 exact Delete Manifest + pushed rename/delete commit,"최신 HEAD에서 path 부재, 대체 Source 존재, 남은 import 0을 검증"
cpf-core/src/test/java/com/cpf/core/common/runtimecontrol/CpfRuntimeCanonicalHashTest.java,DELETE,legacy owner,java,,,,재확인 필요,Delete Manifest에 포함됨. 최신 HEAD에서 정확한 부재와 대체 Consumer를 작업트리 Gate로 재확인해야 함.,QA38 exact Delete Manifest + pushed rename/delete commit,"최신 HEAD에서 path 부재, 대체 Source 존재, 남은 import 0을 검증"
cpf-core/src/test/java/com/cpf/core/common/runtimecontrol/applier/CpfExternalInstitutionRuntimeApplierTest.java,DELETE,legacy owner,java,,,,재확인 필요,Delete Manifest에 포함됨. 최신 HEAD에서 정확한 부재와 대체 Consumer를 작업트리 Gate로 재확인해야 함.,QA38 exact Delete Manifest + pushed rename/delete commit,"최신 HEAD에서 path 부재, 대체 Source 존재, 남은 import 0을 검증"
cpf-core/src/test/java/com/cpf/core/common/servicecall/CpfHealthAwareInstanceSelectorTest.java,DELETE,legacy owner,java,,,,재확인 필요,Delete Manifest에 포함됨. 최신 HEAD에서 정확한 부재와 대체 Consumer를 작업트리 Gate로 재확인해야 함.,QA38 exact Delete Manifest + pushed rename/delete commit,"최신 HEAD에서 path 부재, 대체 Source 존재, 남은 import 0을 검증"
cpf-core/src/test/java/com/cpf/core/common/servicecall/CpfServiceCallEngineTest.java,DELETE,legacy owner,java,,,,재확인 필요,Delete Manifest에 포함됨. 최신 HEAD에서 정확한 부재와 대체 Consumer를 작업트리 Gate로 재확인해야 함.,QA38 exact Delete Manifest + pushed rename/delete commit,"최신 HEAD에서 path 부재, 대체 Source 존재, 남은 import 0을 검증"
cpf-core/src/test/java/com/cpf/core/common/servicecall/CpfServiceCallLogWriterTest.java,DELETE,legacy owner,java,,,,재확인 필요,Delete Manifest에 포함됨. 최신 HEAD에서 정확한 부재와 대체 Consumer를 작업트리 Gate로 재확인해야 함.,QA38 exact Delete Manifest + pushed rename/delete commit,"최신 HEAD에서 path 부재, 대체 Source 존재, 남은 import 0을 검증"
cpf-core/src/test/java/com/cpf/core/config/CpfDataSourceConfigTest.java,DELETE,legacy owner,java,,,,재확인 필요,Delete Manifest에 포함됨. 최신 HEAD에서 정확한 부재와 대체 Consumer를 작업트리 Gate로 재확인해야 함.,QA38 exact Delete Manifest + pushed rename/delete commit,"최신 HEAD에서 path 부재, 대체 Source 존재, 남은 import 0을 검증"
cpf-core/src/test/java/com/cpf/core/config/CpfOpenApiAutoConfigurationTest.java,DELETE,legacy owner,java,,,,재확인 필요,Delete Manifest에 포함됨. 최신 HEAD에서 정확한 부재와 대체 Consumer를 작업트리 Gate로 재확인해야 함.,QA38 exact Delete Manifest + pushed rename/delete commit,"최신 HEAD에서 path 부재, 대체 Source 존재, 남은 import 0을 검증"
