scenario_id,requirement_id,priority,phase,scenario_type,title,preconditions,steps,expected_result,required_evidence,mandatory,initial_status
QA32-S001,OSS-GOV-001,P0,P1_OSS_FIRST_MIGRATION,POSITIVE_VERTICAL_SLICE,OSS-first Build-vs-Buy·라이선스 정책 정본화 정상 수직 Slice,"Repository HEAD와 시작 SHA를 기록하고 전체 Gradle/npm/Python/PowerShell 의존성, 배포 ZIP/JAR/Container, 생성 Template의 현재 구현 및 consumer inventory를 확보한다.","Build-vs-Buy Matrix와 ADR을 작성하고 MIT/Apache-2.0/BSD-2/3/ISC 자동 허용, MPL/EPL/LGPL 조건부 승인, GPL/AGPL/SSPL/RSAL/BSL/Unknown 기본 거부. 정확한 artifact/version/license/NOTICE/source URL/전이 의존성을 기록을 구현한다. UI/API/Owner/DB 또는 State/Runtime Consumer/실패·복구/Audit가 해당되는 경우 모두 연결한 뒤 실제 실행한다.",범용 엔진·UI는 승인된 permissive OSS를 Primary Path로 사용하고 CPF는 정책·계약·승인·감사·Control Plane만 소유이 실제 Primary Path에서 동작하며 legacy fallback 없이 성공한다.,"ADR, Build-vs-Buy Matrix, ORT 결과, CycloneDX/Syft SBOM, THIRD-PARTY-NOTICES, 예외 승인 원장",Y,NOT_EXECUTED
QA32-S002,OSS-GOV-001,P0,P1_OSS_FIRST_MIGRATION,NEGATIVE_FAILURE_INJECTION,OSS-first Build-vs-Buy·라이선스 정책 정본화 실패·우회 차단,"Repository HEAD와 시작 SHA를 기록하고 전체 Gradle/npm/Python/PowerShell 의존성, 배포 ZIP/JAR/Container, 생성 Template의 현재 구현 및 consumer inventory를 확보한다.","다음 실패·오용 조건을 fixture 또는 실제 환경으로 주입한다: 허용 OSS 정상 빌드; 금지/Unknown 전이 의존성 주입 시 CI 실패; 라이선스 파일 누락 시 Release 실패. 또한 금지된 부분 구현 방식(문서에 OSS 이름만 추가, dependency만 추가, 기존 자체 구현을 Primary로 유지, 라이선스 Unknown을 경고로만 처리)을 의도적으로 재현한다.","위험 입력·불완전 구현·정책 우회는 fail-closed로 차단되고, 상태·오류·원장·복구 가능성이 명확히 기록된다.","Negative fixture 결과, Exit Code, typed error/state, audit/ledger, ADR, Build-vs-Buy Matrix, ORT 결과, CycloneDX/Syft SBOM, THIRD-PARTY-NOTICES, 예외 승인 원장",Y,NOT_EXECUTED
QA32-S003,OSS-GOV-001,P0,P1_OSS_FIRST_MIGRATION,COMPLETION_GATE,OSS-first Build-vs-Buy·라이선스 정책 정본화 완료 판정 Gate,모든 변경이 Working Tree에 존재하고 Result Matrix 초안이 작성되어 있다.,"정적·Architecture Gate(직접·전이 license allow/deny Gate; prohibited coordinate fixture; NOTICE/SBOM parity; dependency substitution drift 검사)를 실행하고 동일 패턴을 repository 전체, generator template, generated source, published artifact에서 재검색한다.","미구현·부분 구현·미검증 행이 남으면 완료가 거부된다. 모든 소비자 이관, legacy 제거, 실행 Evidence가 있을 때만 완료된다.","Gate command/환경/시작·종료시각/Exit Code/report hash; ADR, Build-vs-Buy Matrix, ORT 결과, CycloneDX/Syft SBOM, THIRD-PARTY-NOTICES, 예외 승인 원장",Y,NOT_EXECUTED
QA32-S004,OSS-GOV-001,P0,P1_OSS_FIRST_MIGRATION,P0_RECOVERY_REHEARSAL,OSS-first Build-vs-Buy·라이선스 정책 정본화 장애 중단·재시작·복구,실제 또는 격리된 동등 환경에서 처리 중 상태와 persistent evidence가 준비되어 있다.,"처리 중 process kill, response loss, duplicate retry, stale worker/instance, restart를 조합하여 주입하고 reconciliation 또는 rollback을 실행한다.",데이터 손상·중복 side effect·권한 우회 없이 실제 상태가 확정되며 UNKNOWN_RESULT는 임의 성공/실패로 축약되지 않는다.,"전후 DB/ledger/state diff, recovery command, exact artifact/source SHA, final actual state",Y,NOT_EXECUTED
QA32-S005,OSS-ARCH-001,P0,P1_OSS_FIRST_MIGRATION,POSITIVE_VERTICAL_SLICE,Core/Common API·SPI·Autoconfigure·기능별 Starter 분리 정상 수직 Slice,"Repository HEAD와 시작 SHA를 기록하고 cpf-core, cpf-common, 모든 consumer, published POM/module metadata/BOM의 현재 구현 및 consumer inventory를 확보한다.",cpf-core-api/spi/autoconfigure 및 starter-web/security/kafka/cache/excel/mybatis/observability 등 실제 사용 단위로 분리. public signature와 published dependency graph를 정리하고 BOM에서 호환 버전을 통제을 구현한다. UI/API/Owner/DB 또는 State/Runtime Consumer/실패·복구/Audit가 해당되는 경우 모두 연결한 뒤 실제 실행한다.,배포 독립 API/SPI는 가볍게 유지하고 기능별 adapter/autoconfigure/starter를 opt-in으로 분리이 실제 Primary Path에서 동작하며 legacy fallback 없이 성공한다.,"모듈 graph, POM/BOM/SBOM, consumer compile/runtime matrix, legacy dependency 제거 목록",Y,NOT_EXECUTED
QA32-S006,OSS-ARCH-001,P0,P1_OSS_FIRST_MIGRATION,NEGATIVE_FAILURE_INJECTION,Core/Common API·SPI·Autoconfigure·기능별 Starter 분리 실패·우회 차단,"Repository HEAD와 시작 SHA를 기록하고 cpf-core, cpf-common, 모든 consumer, published POM/module metadata/BOM의 현재 구현 및 consumer inventory를 확보한다.",다음 실패·오용 조건을 fixture 또는 실제 환경으로 주입한다: 각 starter 포함/미포함 기동; same-JVM/분리 WAS; 중복 autoconfigure; missing optional provider fail-closed. 또한 금지된 부분 구현 방식(새 모듈명만 만들고 기존 api 의존성 유지; consumer가 여전히 transitive 기술 의존성을 받음; duplicate bean/autoconfigure 병존)을 의도적으로 재현한다.,"위험 입력·불완전 구현·정책 우회는 fail-closed로 차단되고, 상태·오류·원장·복구 가능성이 명확히 기록된다.","Negative fixture 결과, Exit Code, typed error/state, audit/ledger, 모듈 graph, POM/BOM/SBOM, consumer compile/runtime matrix, legacy dependency 제거 목록",Y,NOT_EXECUTED
QA32-S007,OSS-ARCH-001,P0,P1_OSS_FIRST_MIGRATION,COMPLETION_GATE,Core/Common API·SPI·Autoconfigure·기능별 Starter 분리 완료 판정 Gate,모든 변경이 Working Tree에 존재하고 Result Matrix 초안이 작성되어 있다.,"정적·Architecture Gate(jdeps/Gradle dependencyInsight/published POM 검증; forbidden api dependency Architecture Test; 모든 consumer 최소 classpath test)를 실행하고 동일 패턴을 repository 전체, generator template, generated source, published artifact에서 재검색한다.","미구현·부분 구현·미검증 행이 남으면 완료가 거부된다. 모든 소비자 이관, legacy 제거, 실행 Evidence가 있을 때만 완료된다.","Gate command/환경/시작·종료시각/Exit Code/report hash; 모듈 graph, POM/BOM/SBOM, consumer compile/runtime matrix, legacy dependency 제거 목록",Y,NOT_EXECUTED
QA32-S008,OSS-ARCH-001,P0,P1_OSS_FIRST_MIGRATION,P0_RECOVERY_REHEARSAL,Core/Common API·SPI·Autoconfigure·기능별 Starter 분리 장애 중단·재시작·복구,실제 또는 격리된 동등 환경에서 처리 중 상태와 persistent evidence가 준비되어 있다.,"처리 중 process kill, response loss, duplicate retry, stale worker/instance, restart를 조합하여 주입하고 reconciliation 또는 rollback을 실행한다.",데이터 손상·중복 side effect·권한 우회 없이 실제 상태가 확정되며 UNKNOWN_RESULT는 임의 성공/실패로 축약되지 않는다.,"전후 DB/ledger/state diff, recovery command, exact artifact/source SHA, final actual state",Y,NOT_EXECUTED
QA32-S009,OSS-UI-001,P1,P1_OSS_FIRST_MIGRATION,POSITIVE_VERTICAL_SLICE,Element Plus + TanStack Table Primary UI 전환 정상 수직 Slice,"Repository HEAD와 시작 SHA를 기록하고 cpf-admin/frontend, cpf-biz-admin/frontend, 공통 UI Wrapper 및 생성 화면의 현재 구현 및 consumer inventory를 확보한다.",Element Plus/TanStack Table exact version pin; 공통 wrapper; server paging/sort/filter/column state/virtualization; 기존 custom table/dialog/pager/menu consumer 전수 이관 및 사용되지 않는 legacy 제거을 구현한다. UI/API/Owner/DB 또는 State/Runtime Consumer/실패·복구/Audit가 해당되는 경우 모두 연결한 뒤 실제 실행한다.,"일반 Widget은 Element Plus, 고급 서버 Table은 TanStack Table을 사용하며 CPF Wrapper가 권한·감사·PII·Design Token을 소유이 실제 Primary Path에서 동작하며 legacy fallback 없이 성공한다.","화면별 migration parity matrix, Playwright trace/screenshot, bundle size, legacy import 0, accessibility report",Y,NOT_EXECUTED
QA32-S010,OSS-UI-001,P1,P1_OSS_FIRST_MIGRATION,NEGATIVE_FAILURE_INJECTION,Element Plus + TanStack Table Primary UI 전환 실패·우회 차단,"Repository HEAD와 시작 SHA를 기록하고 cpf-admin/frontend, cpf-biz-admin/frontend, 공통 UI Wrapper 및 생성 화면의 현재 구현 및 consumer inventory를 확보한다.",다음 실패·오용 조건을 fixture 또는 실제 환경으로 주입한다: ADM/BZA 주요 메뉴 E2E; 10만 건 server paging; keyboard/focus/ARIA; permission/PII masking; responsive layout. 또한 금지된 부분 구현 방식(라이브러리 설치만 하고 기존 화면 미이관; 일부 화면만 전환; 두 Table 엔진 병존; wrapper 없이 기능 화면이 vendor API에 무분별하게 결합)을 의도적으로 재현한다.,"위험 입력·불완전 구현·정책 우회는 fail-closed로 차단되고, 상태·오류·원장·복구 가능성이 명확히 기록된다.","Negative fixture 결과, Exit Code, typed error/state, audit/ledger, 화면별 migration parity matrix, Playwright trace/screenshot, bundle size, legacy import 0, accessibility report",Y,NOT_EXECUTED
QA32-S011,OSS-UI-001,P1,P1_OSS_FIRST_MIGRATION,COMPLETION_GATE,Element Plus + TanStack Table Primary UI 전환 완료 판정 Gate,모든 변경이 Working Tree에 존재하고 Result Matrix 초안이 작성되어 있다.,"정적·Architecture Gate(forbidden legacy component import scanner; dependency lock; wrapper-only architecture rule; bundle duplicate check)를 실행하고 동일 패턴을 repository 전체, generator template, generated source, published artifact에서 재검색한다.","미구현·부분 구현·미검증 행이 남으면 완료가 거부된다. 모든 소비자 이관, legacy 제거, 실행 Evidence가 있을 때만 완료된다.","Gate command/환경/시작·종료시각/Exit Code/report hash; 화면별 migration parity matrix, Playwright trace/screenshot, bundle size, legacy import 0, accessibility report",Y,NOT_EXECUTED
QA32-S012,OSS-FE-001,P1,P1_OSS_FIRST_MIGRATION,POSITIVE_VERTICAL_SLICE,Vue Router + Pinia + TanStack Vue Query + Zod 표준화 정상 수직 Slice,"Repository HEAD와 시작 SHA를 기록하고 ADM/BZA routing, client state, server state, forms, generated domain frontend template의 현재 구현 및 consumer inventory를 확보한다.",Vue Router route guard/deep link; Pinia는 사용자·환경·UI state만; TanStack Query는 server cache/cancel/invalidation; Zod schema는 frontend validation과 backend error mapping 보조. 기존 수동 경로 전수 이관을 구현한다. UI/API/Owner/DB 또는 State/Runtime Consumer/실패·복구/Audit가 해당되는 경우 모두 연결한 뒤 실제 실행한다.,Routing·client state·server state·form validation의 단일 표준과 명확한 소유 경계이 실제 Primary Path에서 동작하며 legacy fallback 없이 성공한다.,"route map, store/query inventory, E2E 결과, legacy router/fetch/mixin 제거 증적",Y,NOT_EXECUTED
QA32-S013,OSS-FE-001,P1,P1_OSS_FIRST_MIGRATION,NEGATIVE_FAILURE_INJECTION,Vue Router + Pinia + TanStack Vue Query + Zod 표준화 실패·우회 차단,"Repository HEAD와 시작 SHA를 기록하고 ADM/BZA routing, client state, server state, forms, generated domain frontend template의 현재 구현 및 consumer inventory를 확보한다.",다음 실패·오용 조건을 fixture 또는 실제 환경으로 주입한다: Back/Forward/Refresh/Deep Link; stale request cancellation; mutation conflict/unknown; form cross-field/nullable/error focus. 또한 금지된 부분 구현 방식(Pinia에 서버 응답을 영구 캐시; mutation 자동 retry; hash router fallback 유지; Zod만 통과하면 backend 검증 생략)을 의도적으로 재현한다.,"위험 입력·불완전 구현·정책 우회는 fail-closed로 차단되고, 상태·오류·원장·복구 가능성이 명확히 기록된다.","Negative fixture 결과, Exit Code, typed error/state, audit/ledger, route map, store/query inventory, E2E 결과, legacy router/fetch/mixin 제거 증적",Y,NOT_EXECUTED
QA32-S014,OSS-FE-001,P1,P1_OSS_FIRST_MIGRATION,COMPLETION_GATE,Vue Router + Pinia + TanStack Vue Query + Zod 표준화 완료 판정 Gate,모든 변경이 Working Tree에 존재하고 Result Matrix 초안이 작성되어 있다.,"정적·Architecture Gate(manual fetch/hashchange/global mutable scanner; query key convention test; route registry parity; form schema drift test)를 실행하고 동일 패턴을 repository 전체, generator template, generated source, published artifact에서 재검색한다.","미구현·부분 구현·미검증 행이 남으면 완료가 거부된다. 모든 소비자 이관, legacy 제거, 실행 Evidence가 있을 때만 완료된다.","Gate command/환경/시작·종료시각/Exit Code/report hash; route map, store/query inventory, E2E 결과, legacy router/fetch/mixin 제거 증적",Y,NOT_EXECUTED
QA32-S015,OSS-API-001,P1,P1_OSS_FIRST_MIGRATION,POSITIVE_VERTICAL_SLICE,ADM/BZA Orval Type-safe Client 전환 정상 수직 Slice,"Repository HEAD와 시작 SHA를 기록하고 springdoc OpenAPI, ADM/BZA frontend API 호출, BFF endpoint, generated client의 현재 구현 및 consumer inventory를 확보한다.","Orval exact pin, config/template hash, 공통 mutator, credentials/CSRF/header/error adapter, nullable/enum/date/multipart/download 지원. 생성 코드 직접 수정 금지; 수동 endpoint 문자열 전수 제거을 구현한다. UI/API/Owner/DB 또는 State/Runtime Consumer/실패·복구/Audit가 해당되는 경우 모두 연결한 뒤 실제 실행한다.",OpenAPI 정본에서 Orval Vue Query client를 재현 생성하고 기능 코드가 생성 Client/승인된 Adapter만 사용이 실제 Primary Path에서 동작하며 legacy fallback 없이 성공한다.,"OpenAPI SHA, Orval version/config hash, generated manifest, contract/E2E 결과, raw endpoint 0",Y,NOT_EXECUTED
QA32-S016,OSS-API-001,P1,P1_OSS_FIRST_MIGRATION,NEGATIVE_FAILURE_INJECTION,ADM/BZA Orval Type-safe Client 전환 실패·우회 차단,"Repository HEAD와 시작 SHA를 기록하고 springdoc OpenAPI, ADM/BZA frontend API 호출, BFF endpoint, generated client의 현재 구현 및 consumer inventory를 확보한다.","다음 실패·오용 조건을 fixture 또는 실제 환경으로 주입한다: 401/403/409/422/500, timeout/cancel, file upload/download, paging arrays, mutation invalidation. 또한 금지된 부분 구현 방식(일부 API만 생성; 생성 코드 복사 후 수동 수정; Spec drift를 무시; raw fetch escape hatch가 무제한)을 의도적으로 재현한다.","위험 입력·불완전 구현·정책 우회는 fail-closed로 차단되고, 상태·오류·원장·복구 가능성이 명확히 기록된다.","Negative fixture 결과, Exit Code, typed error/state, audit/ledger, OpenAPI SHA, Orval version/config hash, generated manifest, contract/E2E 결과, raw endpoint 0",Y,NOT_EXECUTED
QA32-S017,OSS-API-001,P1,P1_OSS_FIRST_MIGRATION,COMPLETION_GATE,ADM/BZA Orval Type-safe Client 전환 완료 판정 Gate,모든 변경이 Working Tree에 존재하고 Result Matrix 초안이 작성되어 있다.,"정적·Architecture Gate(OpenAPI hash→generated diff Gate; forbidden raw fetch scanner with narrow allowlist; generated code clean regeneration test)를 실행하고 동일 패턴을 repository 전체, generator template, generated source, published artifact에서 재검색한다.","미구현·부분 구현·미검증 행이 남으면 완료가 거부된다. 모든 소비자 이관, legacy 제거, 실행 Evidence가 있을 때만 완료된다.","Gate command/환경/시작·종료시각/Exit Code/report hash; OpenAPI SHA, Orval version/config hash, generated manifest, contract/E2E 결과, raw endpoint 0",Y,NOT_EXECUTED
QA32-S018,OSS-BFF-001,P0,P1_OSS_FIRST_MIGRATION,POSITIVE_VERTICAL_SLICE,ADM/BZA BFF + Server-side Session 정상 수직 Slice,"Repository HEAD와 시작 SHA를 기록하고 ADM/BZA browser, backend security, Spring Session JDBC, cookies, CSRF, role changes의 현재 구현 및 consumer inventory를 확보한다.",ADM/BZA backend가 각각 BFF 역할; Spring Security + Spring Session JDBC; CSRF; session fixation 방지; 로그인/권한변경/강제로그아웃/idle/absolute timeout; cookie namespace 분리; 내부 호출 token exchange/service credential을 구현한다. UI/API/Owner/DB 또는 State/Runtime Consumer/실패·복구/Audit가 해당되는 경우 모두 연결한 뒤 실제 실행한다.,Browser는 Secure HttpOnly SameSite Cookie 기반 서버 Session만 사용하고 Refresh/Access Token 원문에 접근하지 않음이 실제 Primary Path에서 동작하며 legacy fallback 없이 성공한다.,"Browser trace, Set-Cookie flags, CSRF evidence, DB session rows, permission revalidation, security negative report",Y,NOT_EXECUTED
QA32-S019,OSS-BFF-001,P0,P1_OSS_FIRST_MIGRATION,NEGATIVE_FAILURE_INJECTION,ADM/BZA BFF + Server-side Session 실패·우회 차단,"Repository HEAD와 시작 SHA를 기록하고 ADM/BZA browser, backend security, Spring Session JDBC, cookies, CSRF, role changes의 현재 구현 및 consumer inventory를 확보한다.",다음 실패·오용 조건을 fixture 또는 실제 환경으로 주입한다: 다중 인스턴스 login/failover; CSRF 공격; session fixation; role revoke; forced logout; concurrent session 정책; cookie theft replay. 또한 금지된 부분 구현 방식(localStorage/sessionStorage에 token 저장; JS readable cookie; Gateway가 browser session 정본; 권한 변경 후 기존 session 계속 허용)을 의도적으로 재현한다.,"위험 입력·불완전 구현·정책 우회는 fail-closed로 차단되고, 상태·오류·원장·복구 가능성이 명확히 기록된다.","Negative fixture 결과, Exit Code, typed error/state, audit/ledger, Browser trace, Set-Cookie flags, CSRF evidence, DB session rows, permission revalidation, security negative report",Y,NOT_EXECUTED
QA32-S020,OSS-BFF-001,P0,P1_OSS_FIRST_MIGRATION,COMPLETION_GATE,ADM/BZA BFF + Server-side Session 완료 판정 Gate,모든 변경이 Working Tree에 존재하고 Result Matrix 초안이 작성되어 있다.,"정적·Architecture Gate(token storage scanner; cookie/header security test; method security/API permission parity; session repository schema migration Gate)를 실행하고 동일 패턴을 repository 전체, generator template, generated source, published artifact에서 재검색한다.","미구현·부분 구현·미검증 행이 남으면 완료가 거부된다. 모든 소비자 이관, legacy 제거, 실행 Evidence가 있을 때만 완료된다.","Gate command/환경/시작·종료시각/Exit Code/report hash; Browser trace, Set-Cookie flags, CSRF evidence, DB session rows, permission revalidation, security negative report",Y,NOT_EXECUTED
QA32-S021,OSS-BFF-001,P0,P1_OSS_FIRST_MIGRATION,P0_RECOVERY_REHEARSAL,ADM/BZA BFF + Server-side Session 장애 중단·재시작·복구,실제 또는 격리된 동등 환경에서 처리 중 상태와 persistent evidence가 준비되어 있다.,"처리 중 process kill, response loss, duplicate retry, stale worker/instance, restart를 조합하여 주입하고 reconciliation 또는 rollback을 실행한다.",데이터 손상·중복 side effect·권한 우회 없이 실제 상태가 확정되며 UNKNOWN_RESULT는 임의 성공/실패로 축약되지 않는다.,"전후 DB/ledger/state diff, recovery command, exact artifact/source SHA, final actual state",Y,NOT_EXECUTED
QA32-S022,OSS-GWY-001,P0,P1_OSS_FIRST_MIGRATION,POSITIVE_VERTICAL_SLICE,Spring Cloud Gateway Server Web MVC + Embedded Tomcat 단일 Data Plane 정상 수직 Slice,"Repository HEAD와 시작 SHA를 기록하고 cpf-gateway, route/control-plane adapters, build.gradle, deployment scripts의 현재 구현 및 consumer inventory를 확보한다.",spring-cloud-starter-gateway-server-webmvc와 호환 Release Train/BOM pin; CPF neutral route/policy→SCG predicate/filter mapping; embedded Tomcat bootJar; bootWar 비활성; current custom HTTP forwarding consumer 전수 이관·legacy 제거; stateless scale-out을 구현한다. UI/API/Owner/DB 또는 State/Runtime Consumer/실패·복구/Audit가 해당되는 경우 모두 연결한 뒤 실제 실행한다.,SCG Server Web MVC를 유일한 Primary Data Plane으로 사용하고 단일 실행형 cpf-gateway.jar를 제공; WebFlux artifact는 구현하지 않음이 실제 Primary Path에서 동작하며 legacy fallback 없이 성공한다.,"실행형 JAR hash, dependency tree, route parity matrix, load test, legacy deletion manifest, no webflux artifact evidence",Y,NOT_EXECUTED
QA32-S023,OSS-GWY-001,P0,P1_OSS_FIRST_MIGRATION,NEGATIVE_FAILURE_INJECTION,Spring Cloud Gateway Server Web MVC + Embedded Tomcat 단일 Data Plane 실패·우회 차단,"Repository HEAD와 시작 SHA를 기록하고 cpf-gateway, route/control-plane adapters, build.gradle, deployment scripts의 현재 구현 및 consumer inventory를 확보한다.",다음 실패·오용 조건을 fixture 또는 실제 환경으로 주입한다: routing/rewrite/header/CORS/rate limit/retry/timeout/streaming/download; multi-instance scale-out; route update/rollback; downstream failure. 또한 금지된 부분 구현 방식(SCG dependency만 추가하고 custom proxy가 실제 요청 처리; WebMVC/WebFlux 동시 classpath; bootWar/두 jar 병존; unsupported route가 silently ignored)을 의도적으로 재현한다.,"위험 입력·불완전 구현·정책 우회는 fail-closed로 차단되고, 상태·오류·원장·복구 가능성이 명확히 기록된다.","Negative fixture 결과, Exit Code, typed error/state, audit/ledger, 실행형 JAR hash, dependency tree, route parity matrix, load test, legacy deletion manifest, no webflux artifact evidence",Y,NOT_EXECUTED
QA32-S024,OSS-GWY-001,P0,P1_OSS_FIRST_MIGRATION,COMPLETION_GATE,Spring Cloud Gateway Server Web MVC + Embedded Tomcat 단일 Data Plane 완료 판정 Gate,모든 변경이 Working Tree에 존재하고 Result Matrix 초안이 작성되어 있다.,"정적·Architecture Gate(SCG route mapping contract; custom proxy import/bean 0 Gate; artifact contains Tomcat and no WebFlux/Netty; route/filter capability matrix)를 실행하고 동일 패턴을 repository 전체, generator template, generated source, published artifact에서 재검색한다.","미구현·부분 구현·미검증 행이 남으면 완료가 거부된다. 모든 소비자 이관, legacy 제거, 실행 Evidence가 있을 때만 완료된다.","Gate command/환경/시작·종료시각/Exit Code/report hash; 실행형 JAR hash, dependency tree, route parity matrix, load test, legacy deletion manifest, no webflux artifact evidence",Y,NOT_EXECUTED
QA32-S025,OSS-GWY-001,P0,P1_OSS_FIRST_MIGRATION,P0_RECOVERY_REHEARSAL,Spring Cloud Gateway Server Web MVC + Embedded Tomcat 단일 Data Plane 장애 중단·재시작·복구,실제 또는 격리된 동등 환경에서 처리 중 상태와 persistent evidence가 준비되어 있다.,"처리 중 process kill, response loss, duplicate retry, stale worker/instance, restart를 조합하여 주입하고 reconciliation 또는 rollback을 실행한다.",데이터 손상·중복 side effect·권한 우회 없이 실제 상태가 확정되며 UNKNOWN_RESULT는 임의 성공/실패로 축약되지 않는다.,"전후 DB/ledger/state diff, recovery command, exact artifact/source SHA, final actual state",Y,NOT_EXECUTED
QA32-S026,OSS-MSG-001,P0,P1_OSS_FIRST_MIGRATION,POSITIVE_VERTICAL_SLICE,Kafka Primary + In-memory Test Adapter + Testcontainers Kafka 정상 수직 Slice,"Repository HEAD와 시작 SHA를 기록하고 message API/SPI, producers/consumers, batch/event flows, testkit, deployment의 현재 구현 및 consumer inventory를 확보한다.",CpfMessagePort/API와 kafka adapter/starter 분리; schema/version/header/idempotency/DLT/retry/attempt ledger; at-least-once + consumer idempotency 정본; AMQP primary 제거. In-memory는 publish/consume/header/duplicate injection만 구현을 구현한다. UI/API/Owner/DB 또는 State/Runtime Consumer/실패·복구/Audit가 해당되는 경우 모두 연결한 뒤 실제 실행한다.,"Kafka를 유일한 Product Messaging Primary로 사용하고 unit에는 단순 In-memory adapter, integration에는 실제 Kafka Testcontainers 사용이 실제 Primary Path에서 동작하며 legacy fallback 없이 성공한다.","Kafka container logs, topic config, producer/consumer metrics, ledger, duplicate side-effect 0, in-memory contract parity",Y,NOT_EXECUTED
QA32-S027,OSS-MSG-001,P0,P1_OSS_FIRST_MIGRATION,NEGATIVE_FAILURE_INJECTION,Kafka Primary + In-memory Test Adapter + Testcontainers Kafka 실패·우회 차단,"Repository HEAD와 시작 SHA를 기록하고 message API/SPI, producers/consumers, batch/event flows, testkit, deployment의 현재 구현 및 consumer inventory를 확보한다.",다음 실패·오용 조건을 fixture 또는 실제 환경으로 주입한다: partition/order/rebalance/consumer crash/duplicate/redelivery/DLT/broker outage/offset recovery/schema incompatibility. 또한 금지된 부분 구현 방식(In-memory test만으로 Kafka 완료; exactly-once를 DB side effect 포함 증명 없이 선언; spring-kafka가 core api에 잔존; Kafka와 AMQP 동시 기본)을 의도적으로 재현한다.,"위험 입력·불완전 구현·정책 우회는 fail-closed로 차단되고, 상태·오류·원장·복구 가능성이 명확히 기록된다.","Negative fixture 결과, Exit Code, typed error/state, audit/ledger, Kafka container logs, topic config, producer/consumer metrics, ledger, duplicate side-effect 0, in-memory contract parity",Y,NOT_EXECUTED
QA32-S028,OSS-MSG-001,P0,P1_OSS_FIRST_MIGRATION,COMPLETION_GATE,Kafka Primary + In-memory Test Adapter + Testcontainers Kafka 완료 판정 Gate,모든 변경이 Working Tree에 존재하고 Result Matrix 초안이 작성되어 있다.,"정적·Architecture Gate(core public graph에서 kafka/amqp 0; topic/config schema lint; serializer compatibility; Testcontainers required integration Gate)를 실행하고 동일 패턴을 repository 전체, generator template, generated source, published artifact에서 재검색한다.","미구현·부분 구현·미검증 행이 남으면 완료가 거부된다. 모든 소비자 이관, legacy 제거, 실행 Evidence가 있을 때만 완료된다.","Gate command/환경/시작·종료시각/Exit Code/report hash; Kafka container logs, topic config, producer/consumer metrics, ledger, duplicate side-effect 0, in-memory contract parity",Y,NOT_EXECUTED
QA32-S029,OSS-MSG-001,P0,P1_OSS_FIRST_MIGRATION,P0_RECOVERY_REHEARSAL,Kafka Primary + In-memory Test Adapter + Testcontainers Kafka 장애 중단·재시작·복구,실제 또는 격리된 동등 환경에서 처리 중 상태와 persistent evidence가 준비되어 있다.,"처리 중 process kill, response loss, duplicate retry, stale worker/instance, restart를 조합하여 주입하고 reconciliation 또는 rollback을 실행한다.",데이터 손상·중복 side effect·권한 우회 없이 실제 상태가 확정되며 UNKNOWN_RESULT는 임의 성공/실패로 축약되지 않는다.,"전후 DB/ledger/state diff, recovery command, exact artifact/source SHA, final actual state",Y,NOT_EXECUTED
QA32-S030,OSS-RES-001,P1,P1_OSS_FIRST_MIGRATION,POSITIVE_VERTICAL_SLICE,Spring Cloud CircuitBreaker + Resilience4j 표준화 정상 수직 Slice,Repository HEAD와 시작 SHA를 기록하고 HTTP/service call/gateway/agent/broker adapters와 runtime policy의 현재 구현 및 consumer inventory를 확보한다.,"Spring Cloud CircuitBreaker abstraction, centralized policy adapter, timeout/bulkhead/circuit/retry/rate limiter; mutation retry는 idempotency/operationId 보장 시만; gateway와 중복 적용 금지을 구현한다. UI/API/Owner/DB 또는 State/Runtime Consumer/실패·복구/Audit가 해당되는 경우 모두 연결한 뒤 실제 실행한다.",표준 호출 경계에서 Resilience4j 구현을 사용하고 CPF가 retry 허용·idempotency·request hash·attempt ledger를 소유이 실제 Primary Path에서 동작하며 legacy fallback 없이 성공한다.,"Attempt별 상태/시간/target/policy version, metrics, fault injection results",Y,NOT_EXECUTED
QA32-S031,OSS-RES-001,P1,P1_OSS_FIRST_MIGRATION,NEGATIVE_FAILURE_INJECTION,Spring Cloud CircuitBreaker + Resilience4j 표준화 실패·우회 차단,Repository HEAD와 시작 SHA를 기록하고 HTTP/service call/gateway/agent/broker adapters와 runtime policy의 현재 구현 및 consumer inventory를 확보한다.,"다음 실패·오용 조건을 fixture 또는 실제 환경으로 주입한다: timeout, half-open, bulkhead exhaustion, response loss, unknown/reconcile, retry budget exhaustion. 또한 금지된 부분 구현 방식(annotation을 업무 코드에 무분별하게 분산; 모든 exception 자동 retry; timeout 이후 side effect를 FAILED로 단정)을 의도적으로 재현한다.","위험 입력·불완전 구현·정책 우회는 fail-closed로 차단되고, 상태·오류·원장·복구 가능성이 명확히 기록된다.","Negative fixture 결과, Exit Code, typed error/state, audit/ledger, Attempt별 상태/시간/target/policy version, metrics, fault injection results",Y,NOT_EXECUTED
QA32-S032,OSS-RES-001,P1,P1_OSS_FIRST_MIGRATION,COMPLETION_GATE,Spring Cloud CircuitBreaker + Resilience4j 표준화 완료 판정 Gate,모든 변경이 Working Tree에 존재하고 Result Matrix 초안이 작성되어 있다.,"정적·Architecture Gate(forbidden direct retry loop/sleep scanner; policy location architecture test; duplicate resilience layer detector)를 실행하고 동일 패턴을 repository 전체, generator template, generated source, published artifact에서 재검색한다.","미구현·부분 구현·미검증 행이 남으면 완료가 거부된다. 모든 소비자 이관, legacy 제거, 실행 Evidence가 있을 때만 완료된다.","Gate command/환경/시작·종료시각/Exit Code/report hash; Attempt별 상태/시간/target/policy version, metrics, fault injection results",Y,NOT_EXECUTED
QA32-S033,OSS-BATCH-001,P1,P1_OSS_FIRST_MIGRATION,POSITIVE_VERTICAL_SLICE,Spring Batch 실행 Metadata 엔진 범위 도입 정상 수직 Slice,"Repository HEAD와 시작 SHA를 기록하고 cpf-batch control/scheduler/worker, job definition, execution context, restart의 현재 구현 및 consumer inventory를 확보한다.",동일 Job 시나리오 parity 후 metadata owner 이관; CPF definition/version→Spring Batch mapping; current custom duplicate metadata 제거; operator UI와 restart/stop 연결을 구현한다. UI/API/Owner/DB 또는 State/Runtime Consumer/실패·복구/Audit가 해당되는 경우 모두 연결한 뒤 실제 실행한다.,Spring Batch는 Job/Step/JobRepository/ExecutionContext/Restart/Partition을 담당하고 CPF는 승인·Topology·Agent·Unknown·File/Shell·Fencing을 유지이 실제 Primary Path에서 동작하며 legacy fallback 없이 성공한다.,"Job/Step DB rows, CPF approval/attempt ledger link, restart evidence, parity matrix",Y,NOT_EXECUTED
QA32-S034,OSS-BATCH-001,P1,P1_OSS_FIRST_MIGRATION,NEGATIVE_FAILURE_INJECTION,Spring Batch 실행 Metadata 엔진 범위 도입 실패·우회 차단,"Repository HEAD와 시작 SHA를 기록하고 cpf-batch control/scheduler/worker, job definition, execution context, restart의 현재 구현 및 consumer inventory를 확보한다.","다음 실패·오용 조건을 fixture 또는 실제 환경으로 주입한다: restart after crash, skip/retry, partition, stop/abandon, response loss, remote worker failure, operator reconciliation. 또한 금지된 부분 구현 방식(Spring Batch dependency만 추가; 기존 execution metadata와 이중 정본; 승인·unknown을 Spring Batch 기본 상태로 축약)을 의도적으로 재현한다.","위험 입력·불완전 구현·정책 우회는 fail-closed로 차단되고, 상태·오류·원장·복구 가능성이 명확히 기록된다.","Negative fixture 결과, Exit Code, typed error/state, audit/ledger, Job/Step DB rows, CPF approval/attempt ledger link, restart evidence, parity matrix",Y,NOT_EXECUTED
QA32-S035,OSS-BATCH-001,P1,P1_OSS_FIRST_MIGRATION,COMPLETION_GATE,Spring Batch 실행 Metadata 엔진 범위 도입 완료 판정 Gate,모든 변경이 Working Tree에 존재하고 Result Matrix 초안이 작성되어 있다.,"정적·Architecture Gate(dual owner/table scanner; JobRepository schema lifecycle; job/step mapping contract; legacy metadata access 0)를 실행하고 동일 패턴을 repository 전체, generator template, generated source, published artifact에서 재검색한다.","미구현·부분 구현·미검증 행이 남으면 완료가 거부된다. 모든 소비자 이관, legacy 제거, 실행 Evidence가 있을 때만 완료된다.","Gate command/환경/시작·종료시각/Exit Code/report hash; Job/Step DB rows, CPF approval/attempt ledger link, restart evidence, parity matrix",Y,NOT_EXECUTED
QA32-S036,OSS-SCHED-001,P1,P1_OSS_FIRST_MIGRATION,POSITIVE_VERTICAL_SLICE,db-scheduler 기본 Trigger + Quartz 고급 선택 Adapter 정상 수직 Slice,"Repository HEAD와 시작 SHA를 기록하고 cpf-batch scheduler, cron/misfire/cluster takeover의 현재 구현 및 consumer inventory를 확보한다.",CpfScheduleTriggerPort 뒤 adapter; trigger owner와 Job execution owner 분리; misfire/lease/takeover/audit; 현재 custom scheduler consumer parity 후 제거을 구현한다. UI/API/Owner/DB 또는 State/Runtime Consumer/실패·복구/Audit가 해당되는 경우 모두 연결한 뒤 실제 실행한다.,단순 persistent cluster trigger는 db-scheduler를 기본으로 하고 고급 calendar/JTA 요구가 입증된 경우만 Quartz adapter이 실제 Primary Path에서 동작하며 legacy fallback 없이 성공한다.,"trigger table/lease/audit, duplicate execution 0, failover timing",Y,NOT_EXECUTED
QA32-S037,OSS-SCHED-001,P1,P1_OSS_FIRST_MIGRATION,NEGATIVE_FAILURE_INJECTION,db-scheduler 기본 Trigger + Quartz 고급 선택 Adapter 실패·우회 차단,"Repository HEAD와 시작 SHA를 기록하고 cpf-batch scheduler, cron/misfire/cluster takeover의 현재 구현 및 consumer inventory를 확보한다.","다음 실패·오용 조건을 fixture 또는 실제 환경으로 주입한다: node crash takeover, clock skew, misfire, duplicate fire, disabled window, trigger→Spring Batch handoff. 또한 금지된 부분 구현 방식(Spring @Scheduled를 분산 정본으로 사용; db-scheduler와 Quartz 동시 기본; trigger 성공을 job 성공으로 기록)을 의도적으로 재현한다.","위험 입력·불완전 구현·정책 우회는 fail-closed로 차단되고, 상태·오류·원장·복구 가능성이 명확히 기록된다.","Negative fixture 결과, Exit Code, typed error/state, audit/ledger, trigger table/lease/audit, duplicate execution 0, failover timing",Y,NOT_EXECUTED
QA32-S038,OSS-SCHED-001,P1,P1_OSS_FIRST_MIGRATION,COMPLETION_GATE,db-scheduler 기본 Trigger + Quartz 고급 선택 Adapter 완료 판정 Gate,모든 변경이 Working Tree에 존재하고 Result Matrix 초안이 작성되어 있다.,"정적·Architecture Gate(single active adapter Gate; schedule definition drift; cluster lock/fencing test; optional Quartz absence build)를 실행하고 동일 패턴을 repository 전체, generator template, generated source, published artifact에서 재검색한다.","미구현·부분 구현·미검증 행이 남으면 완료가 거부된다. 모든 소비자 이관, legacy 제거, 실행 Evidence가 있을 때만 완료된다.","Gate command/환경/시작·종료시각/Exit Code/report hash; trigger table/lease/audit, duplicate execution 0, failover timing",Y,NOT_EXECUTED
QA32-S039,OSS-DB-001,P0,P1_OSS_FIRST_MIGRATION,POSITIVE_VERTICAL_SLICE,Flyway OSS Core Migration 정본 정상 수직 Slice,"Repository HEAD와 시작 SHA를 기록하고 cpf-tools/db vendor packs, all schemas, install/upgrade/reapply/rollback의 현재 구현 및 consumer inventory를 확보한다.",org.flywaydb OSS allowlist; DB별 module; canonical location/schema/history; baseline/repair 승인; forward-fix와 백업/복원; Teams/Enterprise artifact 금지을 구현한다. UI/API/Owner/DB 또는 State/Runtime Consumer/실패·복구/Audit가 해당되는 경우 모두 연결한 뒤 실제 실행한다.,Flyway OSS Core를 migration history/order/checksum engine으로 사용하고 CPF vendor SQL·restore/rollback/evidence를 유지이 실제 Primary Path에서 동작하며 legacy fallback 없이 성공한다.,"Flyway info/validate/migrate output, DB version, schema diff, rollback/restore evidence",Y,NOT_EXECUTED
QA32-S040,OSS-DB-001,P0,P1_OSS_FIRST_MIGRATION,NEGATIVE_FAILURE_INJECTION,Flyway OSS Core Migration 정본 실패·우회 차단,"Repository HEAD와 시작 SHA를 기록하고 cpf-tools/db vendor packs, all schemas, install/upgrade/reapply/rollback의 현재 구현 및 consumer inventory를 확보한다.","다음 실패·오용 조건을 fixture 또는 실제 환경으로 주입한다: MariaDB/PostgreSQL/Oracle fresh install, N-1 upgrade, failed migration, checksum tamper, restore and re-run. 또한 금지된 부분 구현 방식(Flyway 파일만 추가하고 기존 실행 path 사용; repair 자동 실행; 상용 Undo 의존; 한 DB만 검증)을 의도적으로 재현한다.","위험 입력·불완전 구현·정책 우회는 fail-closed로 차단되고, 상태·오류·원장·복구 가능성이 명확히 기록된다.","Negative fixture 결과, Exit Code, typed error/state, audit/ledger, Flyway info/validate/migrate output, DB version, schema diff, rollback/restore evidence",Y,NOT_EXECUTED
QA32-S041,OSS-DB-001,P0,P1_OSS_FIRST_MIGRATION,COMPLETION_GATE,Flyway OSS Core Migration 정본 완료 판정 Gate,모든 변경이 Working Tree에 존재하고 Result Matrix 초안이 작성되어 있다.,"정적·Architecture Gate(artifact coordinate allowlist; checksum/catalog parity; migration naming/order; 3DB clean/upgrade/rollback/reinstall Gate)를 실행하고 동일 패턴을 repository 전체, generator template, generated source, published artifact에서 재검색한다.","미구현·부분 구현·미검증 행이 남으면 완료가 거부된다. 모든 소비자 이관, legacy 제거, 실행 Evidence가 있을 때만 완료된다.","Gate command/환경/시작·종료시각/Exit Code/report hash; Flyway info/validate/migrate output, DB version, schema diff, rollback/restore evidence",Y,NOT_EXECUTED
QA32-S042,OSS-DB-001,P0,P1_OSS_FIRST_MIGRATION,P0_RECOVERY_REHEARSAL,Flyway OSS Core Migration 정본 장애 중단·재시작·복구,실제 또는 격리된 동등 환경에서 처리 중 상태와 persistent evidence가 준비되어 있다.,"처리 중 process kill, response loss, duplicate retry, stale worker/instance, restart를 조합하여 주입하고 reconciliation 또는 rollback을 실행한다.",데이터 손상·중복 side effect·권한 우회 없이 실제 상태가 확정되며 UNKNOWN_RESULT는 임의 성공/실패로 축약되지 않는다.,"전후 DB/ledger/state diff, recovery command, exact artifact/source SHA, final actual state",Y,NOT_EXECUTED
QA32-S043,OSS-OBS-001,P1,P1_OSS_FIRST_MIGRATION,POSITIVE_VERTICAL_SLICE,Micrometer Observation + OpenTelemetry OTLP 정상 수직 Slice,Repository HEAD와 시작 SHA를 기록하고 metrics/traces/log correlation across modules and public API의 현재 구현 및 consumer inventory를 확보한다.,"Observation convention, trace/span attributes allowlist, masking/cardinality budget, OTLP adapter; OTel types public API 금지; agent와 starter 중복 계측 방지을 구현한다. UI/API/Owner/DB 또는 State/Runtime Consumer/실패·복구/Audit가 해당되는 경우 모두 연결한 뒤 실제 실행한다.","Application instrumentation은 Micrometer Observation, export는 OTel/OTLP adapter/agent로 분리이 실제 Primary Path에서 동작하며 legacy fallback 없이 성공한다.","trace/metric/log correlation, exporter config, masking report, overhead benchmark",Y,NOT_EXECUTED
QA32-S044,OSS-OBS-001,P1,P1_OSS_FIRST_MIGRATION,NEGATIVE_FAILURE_INJECTION,Micrometer Observation + OpenTelemetry OTLP 실패·우회 차단,Repository HEAD와 시작 SHA를 기록하고 metrics/traces/log correlation across modules and public API의 현재 구현 및 consumer inventory를 확보한다.,"다음 실패·오용 조건을 fixture 또는 실제 환경으로 주입한다: cross-service trace, Kafka propagation, error/timeout/unknown, collector outage, sampling change. 또한 금지된 부분 구현 방식(SDK type를 API/SPI에 노출; PII/high-cardinality attribute; agent+manual duplicate spans)을 의도적으로 재현한다.","위험 입력·불완전 구현·정책 우회는 fail-closed로 차단되고, 상태·오류·원장·복구 가능성이 명확히 기록된다.","Negative fixture 결과, Exit Code, typed error/state, audit/ledger, trace/metric/log correlation, exporter config, masking report, overhead benchmark",Y,NOT_EXECUTED
QA32-S045,OSS-OBS-001,P1,P1_OSS_FIRST_MIGRATION,COMPLETION_GATE,Micrometer Observation + OpenTelemetry OTLP 완료 판정 Gate,모든 변경이 Working Tree에 존재하고 Result Matrix 초안이 작성되어 있다.,"정적·Architecture Gate(jdeps/public signature gate; telemetry duplicate detector; attribute allowlist/cardinality tests)를 실행하고 동일 패턴을 repository 전체, generator template, generated source, published artifact에서 재검색한다.","미구현·부분 구현·미검증 행이 남으면 완료가 거부된다. 모든 소비자 이관, legacy 제거, 실행 Evidence가 있을 때만 완료된다.","Gate command/환경/시작·종료시각/Exit Code/report hash; trace/metric/log correlation, exporter config, masking report, overhead benchmark",Y,NOT_EXECUTED
QA32-S046,OSS-CACHE-001,P1,P1_OSS_FIRST_MIGRATION,POSITIVE_VERTICAL_SLICE,Caffeine L1 + 선택형 Valkey L2 Provider 정상 수직 Slice,"Repository HEAD와 시작 SHA를 기록하고 cpf-common cache, session/cache/lock/invalidation adapters의 현재 구현 및 consumer inventory를 확보한다.",cpf-cache-api/starter-caffeine/starter-valkey; TTL/key/invalidation/fail mode; Redis server 번들 제거; client protocol compatibility; Spring Session JDBC 기본 유지을 구현한다. UI/API/Owner/DB 또는 State/Runtime Consumer/실패·복구/Audit가 해당되는 경우 모두 연결한 뒤 실제 실행한다.,Caffeine local cache와 opt-in Valkey-compatible distributed adapter를 분리하고 DB를 Source of Truth로 유지이 실제 Primary Path에서 동작하며 legacy fallback 없이 성공한다.,"dependency graph, cache metrics, provider test, no server bundle evidence",Y,NOT_EXECUTED
QA32-S047,OSS-CACHE-001,P1,P1_OSS_FIRST_MIGRATION,NEGATIVE_FAILURE_INJECTION,Caffeine L1 + 선택형 Valkey L2 Provider 실패·우회 차단,"Repository HEAD와 시작 SHA를 기록하고 cpf-common cache, session/cache/lock/invalidation adapters의 현재 구현 및 consumer inventory를 확보한다.","다음 실패·오용 조건을 fixture 또는 실제 환경으로 주입한다: cache stampede, stale invalidation, provider outage, multi-instance, fail-open/closed, recovery. 또한 금지된 부분 구현 방식(Valkey를 필수 기동조건; Redis/Valkey server binary를 제품에 번들; cache miss/error를 source success로 위장)을 의도적으로 재현한다.","위험 입력·불완전 구현·정책 우회는 fail-closed로 차단되고, 상태·오류·원장·복구 가능성이 명확히 기록된다.","Negative fixture 결과, Exit Code, typed error/state, audit/ledger, dependency graph, cache metrics, provider test, no server bundle evidence",Y,NOT_EXECUTED
QA32-S048,OSS-CACHE-001,P1,P1_OSS_FIRST_MIGRATION,COMPLETION_GATE,Caffeine L1 + 선택형 Valkey L2 Provider 완료 판정 Gate,모든 변경이 Working Tree에 존재하고 Result Matrix 초안이 작성되어 있다.,"정적·Architecture Gate(consumer dependency graph; server binary/package scan; cache key/TTL policy test; provider absence startup matrix)를 실행하고 동일 패턴을 repository 전체, generator template, generated source, published artifact에서 재검색한다.","미구현·부분 구현·미검증 행이 남으면 완료가 거부된다. 모든 소비자 이관, legacy 제거, 실행 Evidence가 있을 때만 완료된다.","Gate command/환경/시작·종료시각/Exit Code/report hash; dependency graph, cache metrics, provider test, no server bundle evidence",Y,NOT_EXECUTED
QA32-S049,OSS-FLAG-001,P2,P1_OSS_FIRST_MIGRATION,POSITIVE_VERTICAL_SLICE,OpenFeature SDK + CPF Provider 정상 수직 Slice,Repository HEAD와 시작 SHA를 기록하고 향후 feature flag client/control plane의 현재 구현 및 consumer inventory를 확보한다.,"OpenFeature provider, evaluation context policy, default/fallback, version/audit; no feature implemented이면 ADR로 명시적 제외을 구현한다. UI/API/Owner/DB 또는 State/Runtime Consumer/실패·복구/Audit가 해당되는 경우 모두 연결한 뒤 실제 실행한다.",Feature Flag 요구가 실제 범위일 때 OpenFeature API를 사용하고 CPF가 provider/control/audit를 구현이 실제 Primary Path에서 동작하며 legacy fallback 없이 성공한다.,"ADR 또는 구현 evidence, evaluation logs without PII, rollback",Y,NOT_EXECUTED
QA32-S050,OSS-FLAG-001,P2,P1_OSS_FIRST_MIGRATION,NEGATIVE_FAILURE_INJECTION,OpenFeature SDK + CPF Provider 실패·우회 차단,Repository HEAD와 시작 SHA를 기록하고 향후 feature flag client/control plane의 현재 구현 및 consumer inventory를 확보한다.,"다음 실패·오용 조건을 fixture 또는 실제 환경으로 주입한다: provider outage, stale config, targeting, kill switch, multi-instance version conflict. 또한 금지된 부분 구현 방식(요구 없이 engine/UI를 선행 구현; 평가 실패 시 위험 기능 자동 활성; vendor-specific API public 노출)을 의도적으로 재현한다.","위험 입력·불완전 구현·정책 우회는 fail-closed로 차단되고, 상태·오류·원장·복구 가능성이 명확히 기록된다.","Negative fixture 결과, Exit Code, typed error/state, audit/ledger, ADR 또는 구현 evidence, evaluation logs without PII, rollback",Y,NOT_EXECUTED
QA32-S051,OSS-FLAG-001,P2,P1_OSS_FIRST_MIGRATION,COMPLETION_GATE,OpenFeature SDK + CPF Provider 완료 판정 Gate,모든 변경이 Working Tree에 존재하고 Result Matrix 초안이 작성되어 있다.,"정적·Architecture Gate(provider contract; flag inventory; fallback/kill-switch architecture tests)를 실행하고 동일 패턴을 repository 전체, generator template, generated source, published artifact에서 재검색한다.","미구현·부분 구현·미검증 행이 남으면 완료가 거부된다. 모든 소비자 이관, legacy 제거, 실행 Evidence가 있을 때만 완료된다.","Gate command/환경/시작·종료시각/Exit Code/report hash; ADR 또는 구현 evidence, evaluation logs without PII, rollback",Y,NOT_EXECUTED
QA32-S052,OSS-SECRET-001,P0,P1_OSS_FIRST_MIGRATION,POSITIVE_VERTICAL_SLICE,CPF SecretProvider SPI + 고객 관리 Secret Store 정상 수직 Slice,Repository HEAD와 시작 SHA를 기록하고 전체 secret reference/resolve/rotation/runtime configuration의 현재 구현 및 consumer inventory를 확보한다.,"provider SPI, reference allowlist, environment classification, version/rotation/expiry, char[] lifecycle, masking. HashiCorp Vault server 등 제한 라이선스 서버 번들 금지을 구현한다. UI/API/Owner/DB 또는 State/Runtime Consumer/실패·복구/Audit가 해당되는 경우 모두 연결한 뒤 실제 실행한다.",CPF는 reference/lifecycle/audit만 소유하고 원문 저장은 고객 관리 Vault/OpenBao/Cloud Service 등에 위임이 실제 Primary Path에서 동작하며 legacy fallback 없이 성공한다.,"provider metadata, no plaintext scan, rotation test, access audit",Y,NOT_EXECUTED
QA32-S053,OSS-SECRET-001,P0,P1_OSS_FIRST_MIGRATION,NEGATIVE_FAILURE_INJECTION,CPF SecretProvider SPI + 고객 관리 Secret Store 실패·우회 차단,Repository HEAD와 시작 SHA를 기록하고 전체 secret reference/resolve/rotation/runtime configuration의 현재 구현 및 consumer inventory를 확보한다.,"다음 실패·오용 조건을 fixture 또는 실제 환경으로 주입한다: missing/revoked/rotated secret, provider outage, wrong environment, audit/masking, concurrent rotation. 또한 금지된 부분 구현 방식(CPF DB에 범용 secret 원문 저장; production에서 ENV provider 무제한; command line/log/evidence 노출)을 의도적으로 재현한다.","위험 입력·불완전 구현·정책 우회는 fail-closed로 차단되고, 상태·오류·원장·복구 가능성이 명확히 기록된다.","Negative fixture 결과, Exit Code, typed error/state, audit/ledger, provider metadata, no plaintext scan, rotation test, access audit",Y,NOT_EXECUTED
QA32-S054,OSS-SECRET-001,P0,P1_OSS_FIRST_MIGRATION,COMPLETION_GATE,CPF SecretProvider SPI + 고객 관리 Secret Store 완료 판정 Gate,모든 변경이 Working Tree에 존재하고 Result Matrix 초안이 작성되어 있다.,"정적·Architecture Gate(secret scanner; provider allowlist; server binary/license scan; reference-only API architecture test)를 실행하고 동일 패턴을 repository 전체, generator template, generated source, published artifact에서 재검색한다.","미구현·부분 구현·미검증 행이 남으면 완료가 거부된다. 모든 소비자 이관, legacy 제거, 실행 Evidence가 있을 때만 완료된다.","Gate command/환경/시작·종료시각/Exit Code/report hash; provider metadata, no plaintext scan, rotation test, access audit",Y,NOT_EXECUTED
QA32-S055,OSS-SECRET-001,P0,P1_OSS_FIRST_MIGRATION,P0_RECOVERY_REHEARSAL,CPF SecretProvider SPI + 고객 관리 Secret Store 장애 중단·재시작·복구,실제 또는 격리된 동등 환경에서 처리 중 상태와 persistent evidence가 준비되어 있다.,"처리 중 process kill, response loss, duplicate retry, stale worker/instance, restart를 조합하여 주입하고 reconciliation 또는 rollback을 실행한다.",데이터 손상·중복 side effect·권한 우회 없이 실제 상태가 확정되며 UNKNOWN_RESULT는 임의 성공/실패로 축약되지 않는다.,"전후 DB/ledger/state diff, recovery command, exact artifact/source SHA, final actual state",Y,NOT_EXECUTED
QA32-S056,OSS-SUPPLY-001,P0,P1_OSS_FIRST_MIGRATION,POSITIVE_VERTICAL_SLICE,CycloneDX + ORT + Final Artifact Syft + Grype 정상 수직 Slice,Repository HEAD와 시작 SHA를 기록하고 Gradle/npm/source/final JAR/ZIP/container/filesystem release pipeline의 현재 구현 및 consumer inventory를 확보한다.,PR fast scan와 Release full scan 분리; Java/npm/OS/shaded/generated/bundled package 포함; SBOM parity; license notice; CVE severity/exception/expiry policy; offline DB snapshot provenance을 구현한다. UI/API/Owner/DB 또는 State/Runtime Consumer/실패·복구/Audit가 해당되는 경우 모두 연결한 뒤 실제 실행한다.,"Build graph는 CycloneDX, compliance는 ORT, 최종 산출물 inventory는 Syft, vulnerability는 Grype로 검증이 실제 Primary Path에서 동작하며 legacy fallback 없이 성공한다.","4개 도구 output/hash, merged decision report, THIRD-PARTY-NOTICES, exceptions, final artifact hash",Y,NOT_EXECUTED
QA32-S057,OSS-SUPPLY-001,P0,P1_OSS_FIRST_MIGRATION,NEGATIVE_FAILURE_INJECTION,CycloneDX + ORT + Final Artifact Syft + Grype 실패·우회 차단,Repository HEAD와 시작 SHA를 기록하고 Gradle/npm/source/final JAR/ZIP/container/filesystem release pipeline의 현재 구현 및 consumer inventory를 확보한다.,"다음 실패·오용 조건을 fixture 또는 실제 환경으로 주입한다: clean release, unknown license injection, shaded dependency, vulnerable package fixture, offline scan, scanner failure. 또한 금지된 부분 구현 방식(도구 설치만 하고 Release Gate 미연결; Source SBOM만 생성; findings를 경고로 처리; final artifact 미스캔)을 의도적으로 재현한다.","위험 입력·불완전 구현·정책 우회는 fail-closed로 차단되고, 상태·오류·원장·복구 가능성이 명확히 기록된다.","Negative fixture 결과, Exit Code, typed error/state, audit/ledger, 4개 도구 output/hash, merged decision report, THIRD-PARTY-NOTICES, exceptions, final artifact hash",Y,NOT_EXECUTED
QA32-S058,OSS-SUPPLY-001,P0,P1_OSS_FIRST_MIGRATION,COMPLETION_GATE,CycloneDX + ORT + Final Artifact Syft + Grype 완료 판정 Gate,모든 변경이 Working Tree에 존재하고 Result Matrix 초안이 작성되어 있다.,"정적·Architecture Gate(tool version pin/lock; known prohibited fixture; SBOM component parity; missing NOTICE/Unknown/CVE threshold fail tests)를 실행하고 동일 패턴을 repository 전체, generator template, generated source, published artifact에서 재검색한다.","미구현·부분 구현·미검증 행이 남으면 완료가 거부된다. 모든 소비자 이관, legacy 제거, 실행 Evidence가 있을 때만 완료된다.","Gate command/환경/시작·종료시각/Exit Code/report hash; 4개 도구 output/hash, merged decision report, THIRD-PARTY-NOTICES, exceptions, final artifact hash",Y,NOT_EXECUTED
QA32-S059,OSS-SUPPLY-001,P0,P1_OSS_FIRST_MIGRATION,P0_RECOVERY_REHEARSAL,CycloneDX + ORT + Final Artifact Syft + Grype 장애 중단·재시작·복구,실제 또는 격리된 동등 환경에서 처리 중 상태와 persistent evidence가 준비되어 있다.,"처리 중 process kill, response loss, duplicate retry, stale worker/instance, restart를 조합하여 주입하고 reconciliation 또는 rollback을 실행한다.",데이터 손상·중복 side effect·권한 우회 없이 실제 상태가 확정되며 UNKNOWN_RESULT는 임의 성공/실패로 축약되지 않는다.,"전후 DB/ledger/state diff, recovery command, exact artifact/source SHA, final actual state",Y,NOT_EXECUTED
QA32-S060,OSS-TEST-001,P1,P1_OSS_FIRST_MIGRATION,POSITIVE_VERTICAL_SLICE,Playwright·접근성·OSS Migration Parity Gate 정상 수직 Slice,"Repository HEAD와 시작 SHA를 기록하고 ADM/BZA UI, gateway, messaging, batch, DB, all adopted OSS의 현재 구현 및 consumer inventory를 확보한다.",Playwright Chromium/Firefox/WebKit; eslint accessibility; contract/performance/security parity; screenshots/traces masking; migration wave별 rollback plan을 구현한다. UI/API/Owner/DB 또는 State/Runtime Consumer/실패·복구/Audit가 해당되는 경우 모두 연결한 뒤 실제 실행한다.,OSS 교체는 동일 기능·보안·성능·복구 Scenario가 통과하고 legacy 제거까지 완료되어야 함이 실제 Primary Path에서 동작하며 legacy fallback 없이 성공한다.,"browser traces, performance baselines, migration diff, rollback rehearsal",Y,NOT_EXECUTED
QA32-S061,OSS-TEST-001,P1,P1_OSS_FIRST_MIGRATION,NEGATIVE_FAILURE_INJECTION,Playwright·접근성·OSS Migration Parity Gate 실패·우회 차단,"Repository HEAD와 시작 SHA를 기록하고 ADM/BZA UI, gateway, messaging, batch, DB, all adopted OSS의 현재 구현 및 consumer inventory를 확보한다.","다음 실패·오용 조건을 fixture 또는 실제 환경으로 주입한다: deep link, role/action, paging/sort/filter, keyboard, failure/recovery, load, scale-out. 또한 금지된 부분 구현 방식(compile/test만으로 migration 완료; happy path만; 한 browser만; legacy fallback으로 pass)을 의도적으로 재현한다.","위험 입력·불완전 구현·정책 우회는 fail-closed로 차단되고, 상태·오류·원장·복구 가능성이 명확히 기록된다.","Negative fixture 결과, Exit Code, typed error/state, audit/ledger, browser traces, performance baselines, migration diff, rollback rehearsal",Y,NOT_EXECUTED
QA32-S062,OSS-TEST-001,P1,P1_OSS_FIRST_MIGRATION,COMPLETION_GATE,Playwright·접근성·OSS Migration Parity Gate 완료 판정 Gate,모든 변경이 Working Tree에 존재하고 Result Matrix 초안이 작성되어 있다.,"정적·Architecture Gate(parity matrix completeness; scenario coverage; legacy path disabled fixture; evidence schema validator)를 실행하고 동일 패턴을 repository 전체, generator template, generated source, published artifact에서 재검색한다.","미구현·부분 구현·미검증 행이 남으면 완료가 거부된다. 모든 소비자 이관, legacy 제거, 실행 Evidence가 있을 때만 완료된다.","Gate command/환경/시작·종료시각/Exit Code/report hash; browser traces, performance baselines, migration diff, rollback rehearsal",Y,NOT_EXECUTED
QA32-S063,BUILD-DEP-001,P0,P2_BUILD_SUPPLY_GENERATOR,POSITIVE_VERTICAL_SLICE,MyBatis Boot 4 단일 버전 정합성 정상 수직 Slice,Repository HEAD와 시작 SHA를 기록하고 모든 Gradle 모듈·published POM·generated domain의 현재 구현 및 consumer inventory를 확보한다.,모든 직접 선언 제거 또는 BOM alias 사용; published graph도 동일을 구현한다. UI/API/Owner/DB 또는 State/Runtime Consumer/실패·복구/Audit가 해당되는 경우 모두 연결한 뒤 실제 실행한다.,Boot 4 호환 MyBatis starter 4.x 단일 버전을 BOM/lock으로 강제이 실제 Primary Path에서 동작하며 legacy fallback 없이 성공한다.,lockfile/POM/SBOM/resolved graph,Y,NOT_EXECUTED
QA32-S064,BUILD-DEP-001,P0,P2_BUILD_SUPPLY_GENERATOR,NEGATIVE_FAILURE_INJECTION,MyBatis Boot 4 단일 버전 정합성 실패·우회 차단,Repository HEAD와 시작 SHA를 기록하고 모든 Gradle 모듈·published POM·generated domain의 현재 구현 및 consumer inventory를 확보한다.,"다음 실패·오용 조건을 fixture 또는 실제 환경으로 주입한다: 모든 module test, generated consumer, 3DB mapper smoke. 또한 금지된 부분 구현 방식(한 모듈만 수정; runtime classpath만 보고 published POM 불일치 방치)을 의도적으로 재현한다.","위험 입력·불완전 구현·정책 우회는 fail-closed로 차단되고, 상태·오류·원장·복구 가능성이 명확히 기록된다.","Negative fixture 결과, Exit Code, typed error/state, audit/ledger, lockfile/POM/SBOM/resolved graph",Y,NOT_EXECUTED
QA32-S065,BUILD-DEP-001,P0,P2_BUILD_SUPPLY_GENERATOR,COMPLETION_GATE,MyBatis Boot 4 단일 버전 정합성 완료 판정 Gate,모든 변경이 Working Tree에 존재하고 Result Matrix 초안이 작성되어 있다.,"정적·Architecture Gate(dependencyInsight/convergence/POM scan)를 실행하고 동일 패턴을 repository 전체, generator template, generated source, published artifact에서 재검색한다.","미구현·부분 구현·미검증 행이 남으면 완료가 거부된다. 모든 소비자 이관, legacy 제거, 실행 Evidence가 있을 때만 완료된다.",Gate command/환경/시작·종료시각/Exit Code/report hash; lockfile/POM/SBOM/resolved graph,Y,NOT_EXECUTED
QA32-S066,BUILD-DEP-001,P0,P2_BUILD_SUPPLY_GENERATOR,P0_RECOVERY_REHEARSAL,MyBatis Boot 4 단일 버전 정합성 장애 중단·재시작·복구,실제 또는 격리된 동등 환경에서 처리 중 상태와 persistent evidence가 준비되어 있다.,"처리 중 process kill, response loss, duplicate retry, stale worker/instance, restart를 조합하여 주입하고 reconciliation 또는 rollback을 실행한다.",데이터 손상·중복 side effect·권한 우회 없이 실제 상태가 확정되며 UNKNOWN_RESULT는 임의 성공/실패로 축약되지 않는다.,"전후 DB/ledger/state diff, recovery command, exact artifact/source SHA, final actual state",Y,NOT_EXECUTED
QA32-S067,BUILD-DEP-002,P0,P2_BUILD_SUPPLY_GENERATOR,POSITIVE_VERTICAL_SLICE,Dependency Convergence·BOM·Lock State Gate 정상 수직 Slice,Repository HEAD와 시작 SHA를 기록하고 전체 configurations와 included builds의 현재 구현 및 consumer inventory를 확보한다.,BOM/platform/constraint/lockfiles 정리; dynamic/changing version 금지을 구현한다. UI/API/Owner/DB 또는 State/Runtime Consumer/실패·복구/Audit가 해당되는 경우 모두 연결한 뒤 실제 실행한다.,직접·전이·plugin 버전이 정본과 lock에 수렴이 실제 Primary Path에서 동작하며 legacy fallback 없이 성공한다.,"lockfiles, dependency report, hashes",Y,NOT_EXECUTED
QA32-S068,BUILD-DEP-002,P0,P2_BUILD_SUPPLY_GENERATOR,NEGATIVE_FAILURE_INJECTION,Dependency Convergence·BOM·Lock State Gate 실패·우회 차단,Repository HEAD와 시작 SHA를 기록하고 전체 configurations와 included builds의 현재 구현 및 consumer inventory를 확보한다.,"다음 실패·오용 조건을 fixture 또는 실제 환경으로 주입한다: 빈 cache 재빌드, dependency tamper. 또한 금지된 부분 구현 방식(선언만 추가하고 lockfile 미갱신; conflict를 Gradle 선택에 맡김)을 의도적으로 재현한다.","위험 입력·불완전 구현·정책 우회는 fail-closed로 차단되고, 상태·오류·원장·복구 가능성이 명확히 기록된다.","Negative fixture 결과, Exit Code, typed error/state, audit/ledger, lockfiles, dependency report, hashes",Y,NOT_EXECUTED
QA32-S069,BUILD-DEP-002,P0,P2_BUILD_SUPPLY_GENERATOR,COMPLETION_GATE,Dependency Convergence·BOM·Lock State Gate 완료 판정 Gate,모든 변경이 Working Tree에 존재하고 Result Matrix 초안이 작성되어 있다.,"정적·Architecture Gate(all configuration convergence; lock drift)를 실행하고 동일 패턴을 repository 전체, generator template, generated source, published artifact에서 재검색한다.","미구현·부분 구현·미검증 행이 남으면 완료가 거부된다. 모든 소비자 이관, legacy 제거, 실행 Evidence가 있을 때만 완료된다.","Gate command/환경/시작·종료시각/Exit Code/report hash; lockfiles, dependency report, hashes",Y,NOT_EXECUTED
QA32-S070,BUILD-DEP-002,P0,P2_BUILD_SUPPLY_GENERATOR,P0_RECOVERY_REHEARSAL,Dependency Convergence·BOM·Lock State Gate 장애 중단·재시작·복구,실제 또는 격리된 동등 환경에서 처리 중 상태와 persistent evidence가 준비되어 있다.,"처리 중 process kill, response loss, duplicate retry, stale worker/instance, restart를 조합하여 주입하고 reconciliation 또는 rollback을 실행한다.",데이터 손상·중복 side effect·권한 우회 없이 실제 상태가 확정되며 UNKNOWN_RESULT는 임의 성공/실패로 축약되지 않는다.,"전후 DB/ledger/state diff, recovery command, exact artifact/source SHA, final actual state",Y,NOT_EXECUTED
QA32-S071,BUILD-PROV-001,P0,P2_BUILD_SUPPLY_GENERATOR,POSITIVE_VERTICAL_SLICE,Release Provenance Fail-closed 정상 수직 Slice,Repository HEAD와 시작 SHA를 기록하고 release/source archive/CI/JAR manifest의 현재 구현 및 consumer inventory를 확보한다.,Git→CI SHA→signed source manifest resolver; release에서 UNKNOWN 금지을 구현한다. UI/API/Owner/DB 또는 State/Runtime Consumer/실패·복구/Audit가 해당되는 경우 모두 연결한 뒤 실제 실행한다.,Release artifact는 repo/commit/ref/source manifest와 cryptographically 연결이 실제 Primary Path에서 동작하며 legacy fallback 없이 성공한다.,"signed provenance, JAR/SBOM/manifest parity",Y,NOT_EXECUTED
QA32-S072,BUILD-PROV-001,P0,P2_BUILD_SUPPLY_GENERATOR,NEGATIVE_FAILURE_INJECTION,Release Provenance Fail-closed 실패·우회 차단,Repository HEAD와 시작 SHA를 기록하고 release/source archive/CI/JAR manifest의 현재 구현 및 consumer inventory를 확보한다.,"다음 실패·오용 조건을 fixture 또는 실제 환경으로 주입한다: git 없음, detached, shallow, source archive, mismatch. 또한 금지된 부분 구현 방식(일반 build fallback을 release에도 허용)을 의도적으로 재현한다.","위험 입력·불완전 구현·정책 우회는 fail-closed로 차단되고, 상태·오류·원장·복구 가능성이 명확히 기록된다.","Negative fixture 결과, Exit Code, typed error/state, audit/ledger, signed provenance, JAR/SBOM/manifest parity",Y,NOT_EXECUTED
QA32-S073,BUILD-PROV-001,P0,P2_BUILD_SUPPLY_GENERATOR,COMPLETION_GATE,Release Provenance Fail-closed 완료 판정 Gate,모든 변경이 Working Tree에 존재하고 Result Matrix 초안이 작성되어 있다.,"정적·Architecture Gate(provenance schema/identity gate)를 실행하고 동일 패턴을 repository 전체, generator template, generated source, published artifact에서 재검색한다.","미구현·부분 구현·미검증 행이 남으면 완료가 거부된다. 모든 소비자 이관, legacy 제거, 실행 Evidence가 있을 때만 완료된다.","Gate command/환경/시작·종료시각/Exit Code/report hash; signed provenance, JAR/SBOM/manifest parity",Y,NOT_EXECUTED
QA32-S074,BUILD-PROV-001,P0,P2_BUILD_SUPPLY_GENERATOR,P0_RECOVERY_REHEARSAL,Release Provenance Fail-closed 장애 중단·재시작·복구,실제 또는 격리된 동등 환경에서 처리 중 상태와 persistent evidence가 준비되어 있다.,"처리 중 process kill, response loss, duplicate retry, stale worker/instance, restart를 조합하여 주입하고 reconciliation 또는 rollback을 실행한다.",데이터 손상·중복 side effect·권한 우회 없이 실제 상태가 확정되며 UNKNOWN_RESULT는 임의 성공/실패로 축약되지 않는다.,"전후 DB/ledger/state diff, recovery command, exact artifact/source SHA, final actual state",Y,NOT_EXECUTED
QA32-S075,BUILD-ART-001,P1,P2_BUILD_SUPPLY_GENERATOR,POSITIVE_VERTICAL_SLICE,Artifact Mode 계약 단일화 정상 수직 Slice,Repository HEAD와 시작 SHA를 기록하고 root/settings/plugin/generator/scripts의 현재 구현 및 consumer inventory를 확보한다.,CI/release에서 explicit mode; AUTO local only; common resolver을 구현한다. UI/API/Owner/DB 또는 State/Runtime Consumer/실패·복구/Audit가 해당되는 경우 모두 연결한 뒤 실제 실행한다.,Mode와 결정 출처·허용 repo·publish/read 정책을 단일 정본화이 실제 Primary Path에서 동작하며 legacy fallback 없이 성공한다.,mode decision/effective repos,Y,NOT_EXECUTED
QA32-S076,BUILD-ART-001,P1,P2_BUILD_SUPPLY_GENERATOR,NEGATIVE_FAILURE_INJECTION,Artifact Mode 계약 단일화 실패·우회 차단,Repository HEAD와 시작 SHA를 기록하고 root/settings/plugin/generator/scripts의 현재 구현 및 consumer inventory를 확보한다.,"다음 실패·오용 조건을 fixture 또는 실제 환경으로 주입한다: all modes, missing config, CI AUTO rejection. 또한 금지된 부분 구현 방식(일부 script만 수정; silent local fallback)을 의도적으로 재현한다.","위험 입력·불완전 구현·정책 우회는 fail-closed로 차단되고, 상태·오류·원장·복구 가능성이 명확히 기록된다.","Negative fixture 결과, Exit Code, typed error/state, audit/ledger, mode decision/effective repos",Y,NOT_EXECUTED
QA32-S077,BUILD-ART-001,P1,P2_BUILD_SUPPLY_GENERATOR,COMPLETION_GATE,Artifact Mode 계약 단일화 완료 판정 Gate,모든 변경이 Working Tree에 존재하고 Result Matrix 초안이 작성되어 있다.,"정적·Architecture Gate(mode parity scanner)를 실행하고 동일 패턴을 repository 전체, generator template, generated source, published artifact에서 재검색한다.","미구현·부분 구현·미검증 행이 남으면 완료가 거부된다. 모든 소비자 이관, legacy 제거, 실행 Evidence가 있을 때만 완료된다.",Gate command/환경/시작·종료시각/Exit Code/report hash; mode decision/effective repos,Y,NOT_EXECUTED
QA32-S078,BUILD-ART-002,P1,P2_BUILD_SUPPLY_GENERATOR,POSITIVE_VERTICAL_SLICE,Full Offline/Air-gap Repository 정책 정상 수직 Slice,"Repository HEAD와 시작 SHA를 기록하고 plugins, third-party, included builds, npm, tools의 현재 구현 및 consumer inventory를 확보한다.",approved offline bundle/mirror; isolated caches; network block을 구현한다. UI/API/Owner/DB 또는 State/Runtime Consumer/실패·복구/Audit가 해당되는 경우 모두 연결한 뒤 실제 실행한다.,FULL_OFFLINE에서 모든 plugin/library/tool/network resolution 0이 실제 Primary Path에서 동작하며 legacy fallback 없이 성공한다.,"resolution events, packet/network evidence",Y,NOT_EXECUTED
QA32-S079,BUILD-ART-002,P1,P2_BUILD_SUPPLY_GENERATOR,NEGATIVE_FAILURE_INJECTION,Full Offline/Air-gap Repository 정책 실패·우회 차단,"Repository HEAD와 시작 SHA를 기록하고 plugins, third-party, included builds, npm, tools의 현재 구현 및 consumer inventory를 확보한다.",다음 실패·오용 조건을 fixture 또는 실제 환경으로 주입한다: empty cache+blocked network all builds. 또한 금지된 부분 구현 방식(CPF artifact만 offline으로 두고 완전 offline 주장)을 의도적으로 재현한다.,"위험 입력·불완전 구현·정책 우회는 fail-closed로 차단되고, 상태·오류·원장·복구 가능성이 명확히 기록된다.","Negative fixture 결과, Exit Code, typed error/state, audit/ledger, resolution events, packet/network evidence",Y,NOT_EXECUTED
QA32-S080,BUILD-ART-002,P1,P2_BUILD_SUPPLY_GENERATOR,COMPLETION_GATE,Full Offline/Air-gap Repository 정책 완료 판정 Gate,모든 변경이 Working Tree에 존재하고 Result Matrix 초안이 작성되어 있다.,"정적·Architecture Gate(repo URL/network access gate)를 실행하고 동일 패턴을 repository 전체, generator template, generated source, published artifact에서 재검색한다.","미구현·부분 구현·미검증 행이 남으면 완료가 거부된다. 모든 소비자 이관, legacy 제거, 실행 Evidence가 있을 때만 완료된다.","Gate command/환경/시작·종료시각/Exit Code/report hash; resolution events, packet/network evidence",Y,NOT_EXECUTED
QA32-S081,BUILD-PKG-001,P1,P2_BUILD_SUPPLY_GENERATOR,POSITIVE_VERTICAL_SLICE,Jar/War Deployment Matrix·Runtime Smoke 정상 수직 Slice,Repository HEAD와 시작 SHA를 기록하고 all applications의 현재 구현 및 consumer inventory를 확보한다.,제품별 canonical artifact; unsupported packaging disable을 구현한다. UI/API/Owner/DB 또는 State/Runtime Consumer/실패·복구/Audit가 해당되는 경우 모두 연결한 뒤 실제 실행한다.,지원 artifact 종류별 start/health/shutdown/upgrade를 실제 증명이 실제 Primary Path에서 동작하며 legacy fallback 없이 성공한다.,artifact hashes/logs,Y,NOT_EXECUTED
QA32-S082,BUILD-PKG-001,P1,P2_BUILD_SUPPLY_GENERATOR,NEGATIVE_FAILURE_INJECTION,Jar/War Deployment Matrix·Runtime Smoke 실패·우회 차단,Repository HEAD와 시작 SHA를 기록하고 all applications의 현재 구현 및 consumer inventory를 확보한다.,다음 실패·오용 조건을 fixture 또는 실제 환경으로 주입한다: embedded/external runtime smoke. 또한 금지된 부분 구현 방식(archive 생성만으로 배포 완료)을 의도적으로 재현한다.,"위험 입력·불완전 구현·정책 우회는 fail-closed로 차단되고, 상태·오류·원장·복구 가능성이 명확히 기록된다.","Negative fixture 결과, Exit Code, typed error/state, audit/ledger, artifact hashes/logs",Y,NOT_EXECUTED
QA32-S083,BUILD-PKG-001,P1,P2_BUILD_SUPPLY_GENERATOR,COMPLETION_GATE,Jar/War Deployment Matrix·Runtime Smoke 완료 판정 Gate,모든 변경이 Working Tree에 존재하고 Result Matrix 초안이 작성되어 있다.,"정적·Architecture Gate(artifact task matrix)를 실행하고 동일 패턴을 repository 전체, generator template, generated source, published artifact에서 재검색한다.","미구현·부분 구현·미검증 행이 남으면 완료가 거부된다. 모든 소비자 이관, legacy 제거, 실행 Evidence가 있을 때만 완료된다.",Gate command/환경/시작·종료시각/Exit Code/report hash; artifact hashes/logs,Y,NOT_EXECUTED
QA32-S084,BUILD-FE-001,P1,P2_BUILD_SUPPLY_GENERATOR,POSITIVE_VERTICAL_SLICE,Node/npm Toolchain 고정 정상 수직 Slice,Repository HEAD와 시작 SHA를 기록하고 ADM/BZA/generator/CI의 현재 구현 및 consumer inventory를 확보한다.,engines/packageManager/corepack/toolchain manifest; npm ci only을 구현한다. UI/API/Owner/DB 또는 State/Runtime Consumer/실패·복구/Audit가 해당되는 경우 모두 연결한 뒤 실제 실행한다.,Node/npm exact supported range와 package manager version 고정이 실제 Primary Path에서 동작하며 legacy fallback 없이 성공한다.,versions/lock hash,Y,NOT_EXECUTED
QA32-S085,BUILD-FE-001,P1,P2_BUILD_SUPPLY_GENERATOR,NEGATIVE_FAILURE_INJECTION,Node/npm Toolchain 고정 실패·우회 차단,Repository HEAD와 시작 SHA를 기록하고 ADM/BZA/generator/CI의 현재 구현 및 consumer inventory를 확보한다.,다음 실패·오용 조건을 fixture 또는 실제 환경으로 주입한다: clean cache build on OS matrix. 또한 금지된 부분 구현 방식(로컬 버전만 문서화)을 의도적으로 재현한다.,"위험 입력·불완전 구현·정책 우회는 fail-closed로 차단되고, 상태·오류·원장·복구 가능성이 명확히 기록된다.","Negative fixture 결과, Exit Code, typed error/state, audit/ledger, versions/lock hash",Y,NOT_EXECUTED
QA32-S086,BUILD-FE-001,P1,P2_BUILD_SUPPLY_GENERATOR,COMPLETION_GATE,Node/npm Toolchain 고정 완료 판정 Gate,모든 변경이 Working Tree에 존재하고 Result Matrix 초안이 작성되어 있다.,"정적·Architecture Gate(version preflight/lock drift)를 실행하고 동일 패턴을 repository 전체, generator template, generated source, published artifact에서 재검색한다.","미구현·부분 구현·미검증 행이 남으면 완료가 거부된다. 모든 소비자 이관, legacy 제거, 실행 Evidence가 있을 때만 완료된다.",Gate command/환경/시작·종료시각/Exit Code/report hash; versions/lock hash,Y,NOT_EXECUTED
QA32-S087,BUILD-FE-002,P1,P2_BUILD_SUPPLY_GENERATOR,POSITIVE_VERTICAL_SLICE,Frontend Dependency·Bundle Evidence 정확성 정상 수직 Slice,Repository HEAD와 시작 SHA를 기록하고 ADM/BZA build/artifact의 현재 구현 및 consumer inventory를 확보한다.,"npm ci logs, registry/network, npm ls, bundle manifest, asset graph을 구현한다. UI/API/Owner/DB 또는 State/Runtime Consumer/실패·복구/Audit가 해당되는 경우 모두 연결한 뒤 실제 실행한다.",실제 dependency state와 source가 bundle에 재현 연결이 실제 Primary Path에서 동작하며 legacy fallback 없이 성공한다.,"commands, hashes, browser console",Y,NOT_EXECUTED
QA32-S088,BUILD-FE-002,P1,P2_BUILD_SUPPLY_GENERATOR,NEGATIVE_FAILURE_INJECTION,Frontend Dependency·Bundle Evidence 정확성 실패·우회 차단,Repository HEAD와 시작 SHA를 기록하고 ADM/BZA build/artifact의 현재 구현 및 consumer inventory를 확보한다.,"다음 실패·오용 조건을 fixture 또는 실제 환경으로 주입한다: offline build, missing asset, dynamic import, browser load. 또한 금지된 부분 구현 방식(정적 파일 존재만으로 PASS)을 의도적으로 재현한다.","위험 입력·불완전 구현·정책 우회는 fail-closed로 차단되고, 상태·오류·원장·복구 가능성이 명확히 기록된다.","Negative fixture 결과, Exit Code, typed error/state, audit/ledger, commands, hashes, browser console",Y,NOT_EXECUTED
QA32-S089,BUILD-FE-002,P1,P2_BUILD_SUPPLY_GENERATOR,COMPLETION_GATE,Frontend Dependency·Bundle Evidence 정확성 완료 판정 Gate,모든 변경이 Working Tree에 존재하고 Result Matrix 초안이 작성되어 있다.,"정적·Architecture Gate(lock/dependency/bundle parity)를 실행하고 동일 패턴을 repository 전체, generator template, generated source, published artifact에서 재검색한다.","미구현·부분 구현·미검증 행이 남으면 완료가 거부된다. 모든 소비자 이관, legacy 제거, 실행 Evidence가 있을 때만 완료된다.","Gate command/환경/시작·종료시각/Exit Code/report hash; commands, hashes, browser console",Y,NOT_EXECUTED
QA32-S090,BUILD-GEN-001,P1,P2_BUILD_SUPPLY_GENERATOR,POSITIVE_VERTICAL_SLICE,Domain Template Contract 정상 수직 Slice,Repository HEAD와 시작 SHA를 기록하고 generator templates/generated domains의 현재 구현 및 consumer inventory를 확보한다.,"structured template, ownership, regeneration safety, extension points을 구현한다. UI/API/Owner/DB 또는 State/Runtime Consumer/실패·복구/Audit가 해당되는 경우 모두 연결한 뒤 실제 실행한다.",template manifest와 generated output schema/ownership/version contract이 실제 Primary Path에서 동작하며 legacy fallback 없이 성공한다.,generated diff/manifests,Y,NOT_EXECUTED
QA32-S091,BUILD-GEN-001,P1,P2_BUILD_SUPPLY_GENERATOR,NEGATIVE_FAILURE_INJECTION,Domain Template Contract 실패·우회 차단,Repository HEAD와 시작 SHA를 기록하고 generator templates/generated domains의 현재 구현 및 consumer inventory를 확보한다.,다음 실패·오용 조건을 fixture 또는 실제 환경으로 주입한다: create/recreate/upgrade/custom edit preservation. 또한 금지된 부분 구현 방식(샘플 한 번 생성만)을 의도적으로 재현한다.,"위험 입력·불완전 구현·정책 우회는 fail-closed로 차단되고, 상태·오류·원장·복구 가능성이 명확히 기록된다.","Negative fixture 결과, Exit Code, typed error/state, audit/ledger, generated diff/manifests",Y,NOT_EXECUTED
QA32-S092,BUILD-GEN-001,P1,P2_BUILD_SUPPLY_GENERATOR,COMPLETION_GATE,Domain Template Contract 완료 판정 Gate,모든 변경이 Working Tree에 존재하고 Result Matrix 초안이 작성되어 있다.,"정적·Architecture Gate(template/output schema gate)를 실행하고 동일 패턴을 repository 전체, generator template, generated source, published artifact에서 재검색한다.","미구현·부분 구현·미검증 행이 남으면 완료가 거부된다. 모든 소비자 이관, legacy 제거, 실행 Evidence가 있을 때만 완료된다.",Gate command/환경/시작·종료시각/Exit Code/report hash; generated diff/manifests,Y,NOT_EXECUTED
QA32-S093,BUILD-GEN-002,P1,P2_BUILD_SUPPLY_GENERATOR,POSITIVE_VERTICAL_SLICE,Structured Standalone Export 정상 수직 Slice,Repository HEAD와 시작 SHA를 기록하고 export-domain-repository의 현재 구현 및 consumer inventory를 확보한다.,"manifest/template AST, exact transformation count, no project deps을 구현한다. UI/API/Owner/DB 또는 State/Runtime Consumer/실패·복구/Audit가 해당되는 경우 모두 연결한 뒤 실제 실행한다.",canonical structured standalone build를 직접 생성이 실제 Primary Path에서 동작하며 legacy fallback 없이 성공한다.,export manifest/build logs,Y,NOT_EXECUTED
QA32-S094,BUILD-GEN-002,P1,P2_BUILD_SUPPLY_GENERATOR,NEGATIVE_FAILURE_INJECTION,Structured Standalone Export 실패·우회 차단,Repository HEAD와 시작 SHA를 기록하고 export-domain-repository의 현재 구현 및 consumer inventory를 확보한다.,다음 실패·오용 조건을 fixture 또는 실제 환경으로 주입한다: standalone build all modes. 또한 금지된 부분 구현 방식(regex replace 성공처럼 보임; zero-match 무시)을 의도적으로 재현한다.,"위험 입력·불완전 구현·정책 우회는 fail-closed로 차단되고, 상태·오류·원장·복구 가능성이 명확히 기록된다.","Negative fixture 결과, Exit Code, typed error/state, audit/ledger, export manifest/build logs",Y,NOT_EXECUTED
QA32-S095,BUILD-GEN-002,P1,P2_BUILD_SUPPLY_GENERATOR,COMPLETION_GATE,Structured Standalone Export 완료 판정 Gate,모든 변경이 Working Tree에 존재하고 Result Matrix 초안이 작성되어 있다.,"정적·Architecture Gate(resolved graph/forbidden refs)를 실행하고 동일 패턴을 repository 전체, generator template, generated source, published artifact에서 재검색한다.","미구현·부분 구현·미검증 행이 남으면 완료가 거부된다. 모든 소비자 이관, legacy 제거, 실행 Evidence가 있을 때만 완료된다.",Gate command/환경/시작·종료시각/Exit Code/report hash; export manifest/build logs,Y,NOT_EXECUTED
QA32-S096,BUILD-GEN-003,P1,P2_BUILD_SUPPLY_GENERATOR,POSITIVE_VERTICAL_SLICE,Standalone Federation Boundary Gate 정상 수직 Slice,Repository HEAD와 시작 SHA를 기록하고 source/resources/metadata/bytecode의 현재 구현 및 consumer inventory를 확보한다.,text/binary/archive/bytecode/Gradle graph/POM/SBOM scan을 구현한다. UI/API/Owner/DB 또는 State/Runtime Consumer/실패·복구/Audit가 해당되는 경우 모두 연결한 뒤 실제 실행한다.,root/internal dependency가 모든 표현과 산출물에서 0이 실제 Primary Path에서 동작하며 legacy fallback 없이 성공한다.,scan report/graph,Y,NOT_EXECUTED
QA32-S097,BUILD-GEN-003,P1,P2_BUILD_SUPPLY_GENERATOR,NEGATIVE_FAILURE_INJECTION,Standalone Federation Boundary Gate 실패·우회 차단,Repository HEAD와 시작 SHA를 기록하고 source/resources/metadata/bytecode의 현재 구현 및 consumer inventory를 확보한다.,다음 실패·오용 조건을 fixture 또는 실제 환경으로 주입한다: standalone runtime/public API. 또한 금지된 부분 구현 방식(java/gradle grep만)을 의도적으로 재현한다.,"위험 입력·불완전 구현·정책 우회는 fail-closed로 차단되고, 상태·오류·원장·복구 가능성이 명확히 기록된다.","Negative fixture 결과, Exit Code, typed error/state, audit/ledger, scan report/graph",Y,NOT_EXECUTED
QA32-S098,BUILD-GEN-003,P1,P2_BUILD_SUPPLY_GENERATOR,COMPLETION_GATE,Standalone Federation Boundary Gate 완료 판정 Gate,모든 변경이 Working Tree에 존재하고 Result Matrix 초안이 작성되어 있다.,"정적·Architecture Gate(mutated bypass fixtures)를 실행하고 동일 패턴을 repository 전체, generator template, generated source, published artifact에서 재검색한다.","미구현·부분 구현·미검증 행이 남으면 완료가 거부된다. 모든 소비자 이관, legacy 제거, 실행 Evidence가 있을 때만 완료된다.",Gate command/환경/시작·종료시각/Exit Code/report hash; scan report/graph,Y,NOT_EXECUTED
QA32-S099,BUILD-ART-003,P1,P2_BUILD_SUPPLY_GENERATOR,POSITIVE_VERTICAL_SLICE,Repository/Publication Policy Drift Gate 정상 수직 Slice,Repository HEAD와 시작 SHA를 기록하고 root/included/plugin/BOM/export/smoke의 현재 구현 및 consumer inventory를 확보한다.,policy component/init script/settings plugin을 구현한다. UI/API/Owner/DB 또는 State/Runtime Consumer/실패·복구/Audit가 해당되는 경우 모두 연결한 뒤 실제 실행한다.,단일 정책과 contract test로 모든 build path 일치이 실제 Primary Path에서 동작하며 legacy fallback 없이 성공한다.,policy snapshot,Y,NOT_EXECUTED
QA32-S100,BUILD-ART-003,P1,P2_BUILD_SUPPLY_GENERATOR,NEGATIVE_FAILURE_INJECTION,Repository/Publication Policy Drift Gate 실패·우회 차단,Repository HEAD와 시작 SHA를 기록하고 root/included/plugin/BOM/export/smoke의 현재 구현 및 consumer inventory를 확보한다.,다음 실패·오용 조건을 fixture 또는 실제 환경으로 주입한다: mode matrix. 또한 금지된 부분 구현 방식(한 경로만 수정)을 의도적으로 재현한다.,"위험 입력·불완전 구현·정책 우회는 fail-closed로 차단되고, 상태·오류·원장·복구 가능성이 명확히 기록된다.","Negative fixture 결과, Exit Code, typed error/state, audit/ledger, policy snapshot",Y,NOT_EXECUTED
QA32-S101,BUILD-ART-003,P1,P2_BUILD_SUPPLY_GENERATOR,COMPLETION_GATE,Repository/Publication Policy Drift Gate 완료 판정 Gate,모든 변경이 Working Tree에 존재하고 Result Matrix 초안이 작성되어 있다.,"정적·Architecture Gate(repository declarations comparison)를 실행하고 동일 패턴을 repository 전체, generator template, generated source, published artifact에서 재검색한다.","미구현·부분 구현·미검증 행이 남으면 완료가 거부된다. 모든 소비자 이관, legacy 제거, 실행 Evidence가 있을 때만 완료된다.",Gate command/환경/시작·종료시각/Exit Code/report hash; policy snapshot,Y,NOT_EXECUTED
QA32-S102,BUILD-ART-004,P1,P2_BUILD_SUPPLY_GENERATOR,POSITIVE_VERTICAL_SLICE,Artifact Promotion Failure Injection 정상 수직 Slice,Repository HEAD와 시작 SHA를 기록하고 staging→promoted repository의 현재 구현 및 consumer inventory를 확보한다.,"immutable staging, manifest barrier, backup/rollback/fencing을 구현한다. UI/API/Owner/DB 또는 State/Runtime Consumer/실패·복구/Audit가 해당되는 경우 모두 연결한 뒤 실제 실행한다.",부분 업로드·hash mismatch·lock loss에도 promoted 상태 불변이 실제 Primary Path에서 동작하며 legacy fallback 없이 성공한다.,before/after inventory/hashes,Y,NOT_EXECUTED
QA32-S103,BUILD-ART-004,P1,P2_BUILD_SUPPLY_GENERATOR,NEGATIVE_FAILURE_INJECTION,Artifact Promotion Failure Injection 실패·우회 차단,Repository HEAD와 시작 SHA를 기록하고 staging→promoted repository의 현재 구현 및 consumer inventory를 확보한다.,"다음 실패·오용 조건을 fixture 또는 실제 환경으로 주입한다: disk full, kill, concurrent promote, tamper. 또한 금지된 부분 구현 방식(복사 성공만 검증)을 의도적으로 재현한다.","위험 입력·불완전 구현·정책 우회는 fail-closed로 차단되고, 상태·오류·원장·복구 가능성이 명확히 기록된다.","Negative fixture 결과, Exit Code, typed error/state, audit/ledger, before/after inventory/hashes",Y,NOT_EXECUTED
QA32-S104,BUILD-ART-004,P1,P2_BUILD_SUPPLY_GENERATOR,COMPLETION_GATE,Artifact Promotion Failure Injection 완료 판정 Gate,모든 변경이 Working Tree에 존재하고 Result Matrix 초안이 작성되어 있다.,"정적·Architecture Gate(promotion invariant gate)를 실행하고 동일 패턴을 repository 전체, generator template, generated source, published artifact에서 재검색한다.","미구현·부분 구현·미검증 행이 남으면 완료가 거부된다. 모든 소비자 이관, legacy 제거, 실행 Evidence가 있을 때만 완료된다.",Gate command/환경/시작·종료시각/Exit Code/report hash; before/after inventory/hashes,Y,NOT_EXECUTED
QA32-S105,BUILD-API-001,P2,P2_BUILD_SUPPLY_GENERATOR,POSITIVE_VERTICAL_SLICE,java-library API Dependency 최소화 정상 수직 Slice,Repository HEAD와 시작 SHA를 기록하고 published libraries의 현재 구현 및 consumer inventory를 확보한다.,"jdeps/public signature review, implementation scope을 구현한다. UI/API/Owner/DB 또는 State/Runtime Consumer/실패·복구/Audit가 해당되는 경우 모두 연결한 뒤 실제 실행한다.",최소 API/SPI만 published compile graph에 노출이 실제 Primary Path에서 동작하며 legacy fallback 없이 성공한다.,POM/jdeps,Y,NOT_EXECUTED
QA32-S106,BUILD-API-001,P2,P2_BUILD_SUPPLY_GENERATOR,NEGATIVE_FAILURE_INJECTION,java-library API Dependency 최소화 실패·우회 차단,Repository HEAD와 시작 SHA를 기록하고 published libraries의 현재 구현 및 consumer inventory를 확보한다.,다음 실패·오용 조건을 fixture 또는 실제 환경으로 주입한다: consumer minimal compile. 또한 금지된 부분 구현 방식(compile 성공만)을 의도적으로 재현한다.,"위험 입력·불완전 구현·정책 우회는 fail-closed로 차단되고, 상태·오류·원장·복구 가능성이 명확히 기록된다.","Negative fixture 결과, Exit Code, typed error/state, audit/ledger, POM/jdeps",Y,NOT_EXECUTED
QA32-S107,BUILD-API-001,P2,P2_BUILD_SUPPLY_GENERATOR,COMPLETION_GATE,java-library API Dependency 최소화 완료 판정 Gate,모든 변경이 Working Tree에 존재하고 Result Matrix 초안이 작성되어 있다.,"정적·Architecture Gate(api leakage gate)를 실행하고 동일 패턴을 repository 전체, generator template, generated source, published artifact에서 재검색한다.","미구현·부분 구현·미검증 행이 남으면 완료가 거부된다. 모든 소비자 이관, legacy 제거, 실행 Evidence가 있을 때만 완료된다.",Gate command/환경/시작·종료시각/Exit Code/report hash; POM/jdeps,Y,NOT_EXECUTED
QA32-S108,BUILD-REL-001,P1,P2_BUILD_SUPPLY_GENERATOR,POSITIVE_VERTICAL_SLICE,Release Ref 정책 단일화 정상 수직 Slice,Repository HEAD와 시작 SHA를 기록하고 release/final/governance/workflows의 현재 구현 및 consumer inventory를 확보한다.,"default branch metadata, tag/ref rules, detached support, clean worktree을 구현한다. UI/API/Owner/DB 또는 State/Runtime Consumer/실패·복구/Audit가 해당되는 경우 모두 연결한 뒤 실제 실행한다.",approved branch/tag/commit policy와 exact identity이 실제 Primary Path에서 동작하며 legacy fallback 없이 성공한다.,ref decision/evidence,Y,NOT_EXECUTED
QA32-S109,BUILD-REL-001,P1,P2_BUILD_SUPPLY_GENERATOR,NEGATIVE_FAILURE_INJECTION,Release Ref 정책 단일화 실패·우회 차단,Repository HEAD와 시작 SHA를 기록하고 release/final/governance/workflows의 현재 구현 및 consumer inventory를 확보한다.,다음 실패·오용 조건을 fixture 또는 실제 환경으로 주입한다: branch/tag/detached/fork/source archive. 또한 금지된 부분 구현 방식(master를 main으로 문자열 교체만)을 의도적으로 재현한다.,"위험 입력·불완전 구현·정책 우회는 fail-closed로 차단되고, 상태·오류·원장·복구 가능성이 명확히 기록된다.","Negative fixture 결과, Exit Code, typed error/state, audit/ledger, ref decision/evidence",Y,NOT_EXECUTED
QA32-S110,BUILD-REL-001,P1,P2_BUILD_SUPPLY_GENERATOR,COMPLETION_GATE,Release Ref 정책 단일화 완료 판정 Gate,모든 변경이 Working Tree에 존재하고 Result Matrix 초안이 작성되어 있다.,"정적·Architecture Gate(hardcoded branch scanner)를 실행하고 동일 패턴을 repository 전체, generator template, generated source, published artifact에서 재검색한다.","미구현·부분 구현·미검증 행이 남으면 완료가 거부된다. 모든 소비자 이관, legacy 제거, 실행 Evidence가 있을 때만 완료된다.",Gate command/환경/시작·종료시각/Exit Code/report hash; ref decision/evidence,Y,NOT_EXECUTED
QA32-S111,BUILD-PROV-002,P1,P2_BUILD_SUPPLY_GENERATOR,POSITIVE_VERTICAL_SLICE,Artifact 무결성 Metadata 의미 명확화 정상 수직 Slice,Repository HEAD와 시작 SHA를 기록하고 JAR manifest/release manifest/SBOM의 현재 구현 및 consumer inventory를 확보한다.,artifact digest sidecar/manifest/signature and coordinate binding을 구현한다. UI/API/Owner/DB 또는 State/Runtime Consumer/실패·복구/Audit가 해당되는 경우 모두 연결한 뒤 실제 실행한다.,외부 signed linkage와 digest semantics 명확화이 실제 Primary Path에서 동작하며 legacy fallback 없이 성공한다.,hash/signature/manifest,Y,NOT_EXECUTED
QA32-S112,BUILD-PROV-002,P1,P2_BUILD_SUPPLY_GENERATOR,NEGATIVE_FAILURE_INJECTION,Artifact 무결성 Metadata 의미 명확화 실패·우회 차단,Repository HEAD와 시작 SHA를 기록하고 JAR manifest/release manifest/SBOM의 현재 구현 및 consumer inventory를 확보한다.,다음 실패·오용 조건을 fixture 또는 실제 환경으로 주입한다: tamper/repack. 또한 금지된 부분 구현 방식(placeholder metadata 유지)을 의도적으로 재현한다.,"위험 입력·불완전 구현·정책 우회는 fail-closed로 차단되고, 상태·오류·원장·복구 가능성이 명확히 기록된다.","Negative fixture 결과, Exit Code, typed error/state, audit/ledger, hash/signature/manifest",Y,NOT_EXECUTED
QA32-S113,BUILD-PROV-002,P1,P2_BUILD_SUPPLY_GENERATOR,COMPLETION_GATE,Artifact 무결성 Metadata 의미 명확화 완료 판정 Gate,모든 변경이 Working Tree에 존재하고 Result Matrix 초안이 작성되어 있다.,"정적·Architecture Gate(metadata schema/parity)를 실행하고 동일 패턴을 repository 전체, generator template, generated source, published artifact에서 재검색한다.","미구현·부분 구현·미검증 행이 남으면 완료가 거부된다. 모든 소비자 이관, legacy 제거, 실행 Evidence가 있을 때만 완료된다.",Gate command/환경/시작·종료시각/Exit Code/report hash; hash/signature/manifest,Y,NOT_EXECUTED
QA32-S114,BUILD-GEN-004,P1,P2_BUILD_SUPPLY_GENERATOR,POSITIVE_VERTICAL_SLICE,생성 Domain Dependency 재현성 정상 수직 Slice,Repository HEAD와 시작 SHA를 기록하고 generated build/lock의 현재 구현 및 consumer inventory를 확보한다.,lock/version catalog/offline cache provenance을 구현한다. UI/API/Owner/DB 또는 State/Runtime Consumer/실패·복구/Audit가 해당되는 경우 모두 연결한 뒤 실제 실행한다.,same input/toolchain/repository snapshot→same graph이 실제 Primary Path에서 동작하며 legacy fallback 없이 성공한다.,lock/graph diff,Y,NOT_EXECUTED
QA32-S115,BUILD-GEN-004,P1,P2_BUILD_SUPPLY_GENERATOR,NEGATIVE_FAILURE_INJECTION,생성 Domain Dependency 재현성 실패·우회 차단,Repository HEAD와 시작 SHA를 기록하고 generated build/lock의 현재 구현 및 consumer inventory를 확보한다.,다음 실패·오용 조건을 fixture 또는 실제 환경으로 주입한다: two clean generations. 또한 금지된 부분 구현 방식(생성 성공만)을 의도적으로 재현한다.,"위험 입력·불완전 구현·정책 우회는 fail-closed로 차단되고, 상태·오류·원장·복구 가능성이 명확히 기록된다.","Negative fixture 결과, Exit Code, typed error/state, audit/ledger, lock/graph diff",Y,NOT_EXECUTED
QA32-S116,BUILD-GEN-004,P1,P2_BUILD_SUPPLY_GENERATOR,COMPLETION_GATE,생성 Domain Dependency 재현성 완료 판정 Gate,모든 변경이 Working Tree에 존재하고 Result Matrix 초안이 작성되어 있다.,"정적·Architecture Gate(graph hash)를 실행하고 동일 패턴을 repository 전체, generator template, generated source, published artifact에서 재검색한다.","미구현·부분 구현·미검증 행이 남으면 완료가 거부된다. 모든 소비자 이관, legacy 제거, 실행 Evidence가 있을 때만 완료된다.",Gate command/환경/시작·종료시각/Exit Code/report hash; lock/graph diff,Y,NOT_EXECUTED
QA32-S117,BUILD-PKG-002,P1,P2_BUILD_SUPPLY_GENERATOR,POSITIVE_VERTICAL_SLICE,실행 Artifact Dependency 정밀 검증 정상 수직 Slice,Repository HEAD와 시작 SHA를 기록하고 bootJar/war/lib의 현재 구현 및 consumer inventory를 확보한다.,"unpack index, duplicates, forbidden libs, classpath order을 구현한다. UI/API/Owner/DB 또는 State/Runtime Consumer/실패·복구/Audit가 해당되는 경우 모두 연결한 뒤 실제 실행한다.",실제 archive dependency coordinate/version/hash를 검증이 실제 Primary Path에서 동작하며 legacy fallback 없이 성공한다.,inventory/SBOM parity,Y,NOT_EXECUTED
QA32-S118,BUILD-PKG-002,P1,P2_BUILD_SUPPLY_GENERATOR,NEGATIVE_FAILURE_INJECTION,실행 Artifact Dependency 정밀 검증 실패·우회 차단,Repository HEAD와 시작 SHA를 기록하고 bootJar/war/lib의 현재 구현 및 consumer inventory를 확보한다.,다음 실패·오용 조건을 fixture 또는 실제 환경으로 주입한다: wrong version/duplicate injection. 또한 금지된 부분 구현 방식(core/common 이름 존재만)을 의도적으로 재현한다.,"위험 입력·불완전 구현·정책 우회는 fail-closed로 차단되고, 상태·오류·원장·복구 가능성이 명확히 기록된다.","Negative fixture 결과, Exit Code, typed error/state, audit/ledger, inventory/SBOM parity",Y,NOT_EXECUTED
QA32-S119,BUILD-PKG-002,P1,P2_BUILD_SUPPLY_GENERATOR,COMPLETION_GATE,실행 Artifact Dependency 정밀 검증 완료 판정 Gate,모든 변경이 Working Tree에 존재하고 Result Matrix 초안이 작성되어 있다.,"정적·Architecture Gate(archive inventory gate)를 실행하고 동일 패턴을 repository 전체, generator template, generated source, published artifact에서 재검색한다.","미구현·부분 구현·미검증 행이 남으면 완료가 거부된다. 모든 소비자 이관, legacy 제거, 실행 Evidence가 있을 때만 완료된다.",Gate command/환경/시작·종료시각/Exit Code/report hash; inventory/SBOM parity,Y,NOT_EXECUTED
QA32-S120,BUILD-ART-005,P1,P2_BUILD_SUPPLY_GENERATOR,POSITIVE_VERTICAL_SLICE,검증 경로 Artifact Mode 일치 정상 수직 Slice,Repository HEAD와 시작 SHA를 기록하고 smoke/export/verify scripts의 현재 구현 및 consumer inventory를 확보한다.,verification wrapper and evidence을 구현한다. UI/API/Owner/DB 또는 State/Runtime Consumer/실패·복구/Audit가 해당되는 경우 모두 연결한 뒤 실제 실행한다.,검증마다 실제 mode/repos/cache/network 상태 기록·준수이 실제 Primary Path에서 동작하며 legacy fallback 없이 성공한다.,actual repositories/cache,Y,NOT_EXECUTED
QA32-S121,BUILD-ART-005,P1,P2_BUILD_SUPPLY_GENERATOR,NEGATIVE_FAILURE_INJECTION,검증 경로 Artifact Mode 일치 실패·우회 차단,Repository HEAD와 시작 SHA를 기록하고 smoke/export/verify scripts의 현재 구현 및 consumer inventory를 확보한다.,"다음 실패·오용 조건을 fixture 또는 실제 환경으로 주입한다: network blocked, empty cache. 또한 금지된 부분 구현 방식(task 이름만 offline)을 의도적으로 재현한다.","위험 입력·불완전 구현·정책 우회는 fail-closed로 차단되고, 상태·오류·원장·복구 가능성이 명확히 기록된다.","Negative fixture 결과, Exit Code, typed error/state, audit/ledger, actual repositories/cache",Y,NOT_EXECUTED
QA32-S122,BUILD-ART-005,P1,P2_BUILD_SUPPLY_GENERATOR,COMPLETION_GATE,검증 경로 Artifact Mode 일치 완료 판정 Gate,모든 변경이 Working Tree에 존재하고 Result Matrix 초안이 작성되어 있다.,"정적·Architecture Gate(mode evidence gate)를 실행하고 동일 패턴을 repository 전체, generator template, generated source, published artifact에서 재검색한다.","미구현·부분 구현·미검증 행이 남으면 완료가 거부된다. 모든 소비자 이관, legacy 제거, 실행 Evidence가 있을 때만 완료된다.",Gate command/환경/시작·종료시각/Exit Code/report hash; actual repositories/cache,Y,NOT_EXECUTED
QA32-S123,BUILD-PROV-003,P0,P2_BUILD_SUPPLY_GENERATOR,POSITIVE_VERTICAL_SLICE,Source Identity 미확인 시 Artifact 재사용 차단 정상 수직 Slice,Repository HEAD와 시작 SHA를 기록하고 verify-local-artifact-propagation/generator의 현재 구현 및 consumer inventory를 확보한다.,strict resolver and signed source manifest fallback을 구현한다. UI/API/Owner/DB 또는 State/Runtime Consumer/실패·복구/Audit가 해당되는 경우 모두 연결한 뒤 실제 실행한다.,source identity 검증 불가 시 reuse/promoted 판정 실패이 실제 Primary Path에서 동작하며 legacy fallback 없이 성공한다.,resolver output/reuse decision,Y,NOT_EXECUTED
QA32-S124,BUILD-PROV-003,P0,P2_BUILD_SUPPLY_GENERATOR,NEGATIVE_FAILURE_INJECTION,Source Identity 미확인 시 Artifact 재사용 차단 실패·우회 차단,Repository HEAD와 시작 SHA를 기록하고 verify-local-artifact-propagation/generator의 현재 구현 및 consumer inventory를 확보한다.,다음 실패·오용 조건을 fixture 또는 실제 환경으로 주입한다: git missing/damaged/mismatch. 또한 금지된 부분 구현 방식(UNKNOWN을 경고로 통과)을 의도적으로 재현한다.,"위험 입력·불완전 구현·정책 우회는 fail-closed로 차단되고, 상태·오류·원장·복구 가능성이 명확히 기록된다.","Negative fixture 결과, Exit Code, typed error/state, audit/ledger, resolver output/reuse decision",Y,NOT_EXECUTED
QA32-S125,BUILD-PROV-003,P0,P2_BUILD_SUPPLY_GENERATOR,COMPLETION_GATE,Source Identity 미확인 시 Artifact 재사용 차단 완료 판정 Gate,모든 변경이 Working Tree에 존재하고 Result Matrix 초안이 작성되어 있다.,"정적·Architecture Gate(unknown identity fixture)를 실행하고 동일 패턴을 repository 전체, generator template, generated source, published artifact에서 재검색한다.","미구현·부분 구현·미검증 행이 남으면 완료가 거부된다. 모든 소비자 이관, legacy 제거, 실행 Evidence가 있을 때만 완료된다.",Gate command/환경/시작·종료시각/Exit Code/report hash; resolver output/reuse decision,Y,NOT_EXECUTED
QA32-S126,BUILD-PROV-003,P0,P2_BUILD_SUPPLY_GENERATOR,P0_RECOVERY_REHEARSAL,Source Identity 미확인 시 Artifact 재사용 차단 장애 중단·재시작·복구,실제 또는 격리된 동등 환경에서 처리 중 상태와 persistent evidence가 준비되어 있다.,"처리 중 process kill, response loss, duplicate retry, stale worker/instance, restart를 조합하여 주입하고 reconciliation 또는 rollback을 실행한다.",데이터 손상·중복 side effect·권한 우회 없이 실제 상태가 확정되며 UNKNOWN_RESULT는 임의 성공/실패로 축약되지 않는다.,"전후 DB/ledger/state diff, recovery command, exact artifact/source SHA, final actual state",Y,NOT_EXECUTED
QA32-S127,BUILD-ART-006,P1,P2_BUILD_SUPPLY_GENERATOR,POSITIVE_VERTICAL_SLICE,Offline Bundle 콘텐츠 Allowlist·Secret Hygiene 정상 수직 Slice,Repository HEAD와 시작 SHA를 기록하고 vendor packs/offline ZIP의 현재 구현 및 consumer inventory를 확보한다.,path/ext/size/count/secret/symlink/executable allowlist을 구현한다. UI/API/Owner/DB 또는 State/Runtime Consumer/실패·복구/Audit가 해당되는 경우 모두 연결한 뒤 실제 실행한다.,manifest-listed safe files만 bundle이 실제 Primary Path에서 동작하며 legacy fallback 없이 성공한다.,inventory/hashes/scan,Y,NOT_EXECUTED
QA32-S128,BUILD-ART-006,P1,P2_BUILD_SUPPLY_GENERATOR,NEGATIVE_FAILURE_INJECTION,Offline Bundle 콘텐츠 Allowlist·Secret Hygiene 실패·우회 차단,Repository HEAD와 시작 SHA를 기록하고 vendor packs/offline ZIP의 현재 구현 및 consumer inventory를 확보한다.,"다음 실패·오용 조건을 fixture 또는 실제 환경으로 주입한다: malicious extra file, symlink, secret. 또한 금지된 부분 구현 방식(source와 동일하면 안전하다고 판정)을 의도적으로 재현한다.","위험 입력·불완전 구현·정책 우회는 fail-closed로 차단되고, 상태·오류·원장·복구 가능성이 명확히 기록된다.","Negative fixture 결과, Exit Code, typed error/state, audit/ledger, inventory/hashes/scan",Y,NOT_EXECUTED
QA32-S129,BUILD-ART-006,P1,P2_BUILD_SUPPLY_GENERATOR,COMPLETION_GATE,Offline Bundle 콘텐츠 Allowlist·Secret Hygiene 완료 판정 Gate,모든 변경이 Working Tree에 존재하고 Result Matrix 초안이 작성되어 있다.,"정적·Architecture Gate(content scanner)를 실행하고 동일 패턴을 repository 전체, generator template, generated source, published artifact에서 재검색한다.","미구현·부분 구현·미검증 행이 남으면 완료가 거부된다. 모든 소비자 이관, legacy 제거, 실행 Evidence가 있을 때만 완료된다.",Gate command/환경/시작·종료시각/Exit Code/report hash; inventory/hashes/scan,Y,NOT_EXECUTED
QA32-S130,BUILD-GOV-001,P1,P2_BUILD_SUPPLY_GENERATOR,POSITIVE_VERTICAL_SLICE,GitHub Governance Tool·Repository Portability 정상 수직 Slice,Repository HEAD와 시작 SHA를 기록하고 verify-github-governance/CI의 현재 구현 및 consumer inventory를 확보한다.,"preflight, GHES/fork/rate limit support을 구현한다. UI/API/Owner/DB 또는 State/Runtime Consumer/실패·복구/Audit가 해당되는 경우 모두 연결한 뒤 실제 실행한다.","repo metadata 기반, tool/API adapter, UNVERIFIED fail closed이 실제 Primary Path에서 동작하며 legacy fallback 없이 성공한다.",query metadata/result,Y,NOT_EXECUTED
QA32-S131,BUILD-GOV-001,P1,P2_BUILD_SUPPLY_GENERATOR,NEGATIVE_FAILURE_INJECTION,GitHub Governance Tool·Repository Portability 실패·우회 차단,Repository HEAD와 시작 SHA를 기록하고 verify-github-governance/CI의 현재 구현 및 consumer inventory를 확보한다.,다음 실패·오용 조건을 fixture 또는 실제 환경으로 주입한다: auth/rate/fork/default branch. 또한 금지된 부분 구현 방식(CLI 설치 문제를 제품 실패와 혼동)을 의도적으로 재현한다.,"위험 입력·불완전 구현·정책 우회는 fail-closed로 차단되고, 상태·오류·원장·복구 가능성이 명확히 기록된다.","Negative fixture 결과, Exit Code, typed error/state, audit/ledger, query metadata/result",Y,NOT_EXECUTED
QA32-S132,BUILD-GOV-001,P1,P2_BUILD_SUPPLY_GENERATOR,COMPLETION_GATE,GitHub Governance Tool·Repository Portability 완료 판정 Gate,모든 변경이 Working Tree에 존재하고 Result Matrix 초안이 작성되어 있다.,"정적·Architecture Gate(portability tests)를 실행하고 동일 패턴을 repository 전체, generator template, generated source, published artifact에서 재검색한다.","미구현·부분 구현·미검증 행이 남으면 완료가 거부된다. 모든 소비자 이관, legacy 제거, 실행 Evidence가 있을 때만 완료된다.",Gate command/환경/시작·종료시각/Exit Code/report hash; query metadata/result,Y,NOT_EXECUTED
QA32-S133,BUILD-OBS-001,P1,P2_BUILD_SUPPLY_GENERATOR,POSITIVE_VERTICAL_SLICE,Build·Generator 검증 실패 진단 보존 정상 수직 Slice,Repository HEAD와 시작 SHA를 기록하고 scripts/subprocess의 현재 구현 및 consumer inventory를 확보한다.,"capture files, distinguish stale vs integrity/security failure을 구현한다. UI/API/Owner/DB 또는 State/Runtime Consumer/실패·복구/Audit가 해당되는 경우 모두 연결한 뒤 실제 실행한다.",failure code와 sanitized diagnostics 보존이 실제 Primary Path에서 동작하며 legacy fallback 없이 성공한다.,diagnostic/evidence,Y,NOT_EXECUTED
QA32-S134,BUILD-OBS-001,P1,P2_BUILD_SUPPLY_GENERATOR,NEGATIVE_FAILURE_INJECTION,Build·Generator 검증 실패 진단 보존 실패·우회 차단,Repository HEAD와 시작 SHA를 기록하고 scripts/subprocess의 현재 구현 및 consumer inventory를 확보한다.,다음 실패·오용 조건을 fixture 또는 실제 환경으로 주입한다: failing child process. 또한 금지된 부분 구현 방식(후속 성공으로 실패 덮기)을 의도적으로 재현한다.,"위험 입력·불완전 구현·정책 우회는 fail-closed로 차단되고, 상태·오류·원장·복구 가능성이 명확히 기록된다.","Negative fixture 결과, Exit Code, typed error/state, audit/ledger, diagnostic/evidence",Y,NOT_EXECUTED
QA32-S135,BUILD-OBS-001,P1,P2_BUILD_SUPPLY_GENERATOR,COMPLETION_GATE,Build·Generator 검증 실패 진단 보존 완료 판정 Gate,모든 변경이 Working Tree에 존재하고 Result Matrix 초안이 작성되어 있다.,"정적·Architecture Gate(suppression scanner)를 실행하고 동일 패턴을 repository 전체, generator template, generated source, published artifact에서 재검색한다.","미구현·부분 구현·미검증 행이 남으면 완료가 거부된다. 모든 소비자 이관, legacy 제거, 실행 Evidence가 있을 때만 완료된다.",Gate command/환경/시작·종료시각/Exit Code/report hash; diagnostic/evidence,Y,NOT_EXECUTED
QA32-S136,SRC-ABSENCE-001,P1,P3_SOURCE_SECURITY_RELIABILITY,POSITIVE_VERTICAL_SLICE,Optional·Nullable 부재 상태 Typed Contract 정상 수직 Slice,Repository HEAD와 시작 SHA를 기록하고 all product/generated source의 현재 구현 및 consumer inventory를 확보한다.,"presence contract, nullability annotations, concurrency-safe lookup을 구현한다. UI/API/Owner/DB 또는 State/Runtime Consumer/실패·복구/Audit가 해당되는 경우 모두 연결한 뒤 실제 실행한다.",업무 부재를 typed error/state로 처리이 실제 Primary Path에서 동작하며 legacy fallback 없이 성공한다.,error code/API response,Y,NOT_EXECUTED
QA32-S137,SRC-ABSENCE-001,P1,P3_SOURCE_SECURITY_RELIABILITY,NEGATIVE_FAILURE_INJECTION,Optional·Nullable 부재 상태 Typed Contract 실패·우회 차단,Repository HEAD와 시작 SHA를 기록하고 all product/generated source의 현재 구현 및 consumer inventory를 확보한다.,다음 실패·오용 조건을 fixture 또는 실제 환경으로 주입한다: missing/concurrent delete. 또한 금지된 부분 구현 방식(한 파일만 수정)을 의도적으로 재현한다.,"위험 입력·불완전 구현·정책 우회는 fail-closed로 차단되고, 상태·오류·원장·복구 가능성이 명확히 기록된다.","Negative fixture 결과, Exit Code, typed error/state, audit/ledger, error code/API response",Y,NOT_EXECUTED
QA32-S138,SRC-ABSENCE-001,P1,P3_SOURCE_SECURITY_RELIABILITY,COMPLETION_GATE,Optional·Nullable 부재 상태 Typed Contract 완료 판정 Gate,모든 변경이 Working Tree에 존재하고 Result Matrix 초안이 작성되어 있다.,"정적·Architecture Gate(static optional rule)를 실행하고 동일 패턴을 repository 전체, generator template, generated source, published artifact에서 재검색한다.","미구현·부분 구현·미검증 행이 남으면 완료가 거부된다. 모든 소비자 이관, legacy 제거, 실행 Evidence가 있을 때만 완료된다.",Gate command/환경/시작·종료시각/Exit Code/report hash; error code/API response,Y,NOT_EXECUTED
QA32-S139,SRC-ERR-001,P1,P3_SOURCE_SECURITY_RELIABILITY,POSITIVE_VERTICAL_SLICE,Exception Taxonomy·Unknown Recovery Contract 정상 수직 Slice,Repository HEAD와 시작 SHA를 기록하고 all runtime/source/scripts의 현재 구현 및 consumer inventory를 확보한다.,"typed exceptions, interrupt restore, root cause masking/audit을 구현한다. UI/API/Owner/DB 또는 State/Runtime Consumer/실패·복구/Audit가 해당되는 경우 모두 연결한 뒤 실제 실행한다.",validation/auth/timeout/transport/conflict/unknown 분류와 recovery이 실제 Primary Path에서 동작하며 legacy fallback 없이 성공한다.,error/ledger/reconcile,Y,NOT_EXECUTED
QA32-S140,SRC-ERR-001,P1,P3_SOURCE_SECURITY_RELIABILITY,NEGATIVE_FAILURE_INJECTION,Exception Taxonomy·Unknown Recovery Contract 실패·우회 차단,Repository HEAD와 시작 SHA를 기록하고 all runtime/source/scripts의 현재 구현 및 consumer inventory를 확보한다.,다음 실패·오용 조건을 fixture 또는 실제 환경으로 주입한다: timeout/interruption/partial side effect. 또한 금지된 부분 구현 방식(catch를 로그만 남기고 계속)을 의도적으로 재현한다.,"위험 입력·불완전 구현·정책 우회는 fail-closed로 차단되고, 상태·오류·원장·복구 가능성이 명확히 기록된다.","Negative fixture 결과, Exit Code, typed error/state, audit/ledger, error/ledger/reconcile",Y,NOT_EXECUTED
QA32-S141,SRC-ERR-001,P1,P3_SOURCE_SECURITY_RELIABILITY,COMPLETION_GATE,Exception Taxonomy·Unknown Recovery Contract 완료 판정 Gate,모든 변경이 Working Tree에 존재하고 Result Matrix 초안이 작성되어 있다.,"정적·Architecture Gate(catch/printStackTrace gate)를 실행하고 동일 패턴을 repository 전체, generator template, generated source, published artifact에서 재검색한다.","미구현·부분 구현·미검증 행이 남으면 완료가 거부된다. 모든 소비자 이관, legacy 제거, 실행 Evidence가 있을 때만 완료된다.",Gate command/환경/시작·종료시각/Exit Code/report hash; error/ledger/reconcile,Y,NOT_EXECUTED
QA32-S142,SRC-CONC-001,P1,P3_SOURCE_SECURITY_RELIABILITY,POSITIVE_VERTICAL_SLICE,Blocking Wait·Polling·Cancellation·Executor Lifecycle 정상 수직 Slice,Repository HEAD와 시작 SHA를 기록하고 threads/schedulers/SSE/workers의 현재 구현 및 consumer inventory를 확보한다.,"no request-thread sleep, shutdown, queue/backpressure, deadline을 구현한다. UI/API/Owner/DB 또는 State/Runtime Consumer/실패·복구/Audit가 해당되는 경우 모두 연결한 뒤 실제 실행한다.",owned bounded executors 또는 virtual-thread policy와 cancellation이 실제 Primary Path에서 동작하며 legacy fallback 없이 성공한다.,thread/heap/queue metrics,Y,NOT_EXECUTED
QA32-S143,SRC-CONC-001,P1,P3_SOURCE_SECURITY_RELIABILITY,NEGATIVE_FAILURE_INJECTION,Blocking Wait·Polling·Cancellation·Executor Lifecycle 실패·우회 차단,Repository HEAD와 시작 SHA를 기록하고 threads/schedulers/SSE/workers의 현재 구현 및 consumer inventory를 확보한다.,"다음 실패·오용 조건을 fixture 또는 실제 환경으로 주입한다: slow consumer, shutdown, load. 또한 금지된 부분 구현 방식(Thread.sleep만 다른 sleep로 교체)을 의도적으로 재현한다.","위험 입력·불완전 구현·정책 우회는 fail-closed로 차단되고, 상태·오류·원장·복구 가능성이 명확히 기록된다.","Negative fixture 결과, Exit Code, typed error/state, audit/ledger, thread/heap/queue metrics",Y,NOT_EXECUTED
QA32-S144,SRC-CONC-001,P1,P3_SOURCE_SECURITY_RELIABILITY,COMPLETION_GATE,Blocking Wait·Polling·Cancellation·Executor Lifecycle 완료 판정 Gate,모든 변경이 Working Tree에 존재하고 Result Matrix 초안이 작성되어 있다.,"정적·Architecture Gate(thread/executor scanner)를 실행하고 동일 패턴을 repository 전체, generator template, generated source, published artifact에서 재검색한다.","미구현·부분 구현·미검증 행이 남으면 완료가 거부된다. 모든 소비자 이관, legacy 제거, 실행 Evidence가 있을 때만 완료된다.",Gate command/환경/시작·종료시각/Exit Code/report hash; thread/heap/queue metrics,Y,NOT_EXECUTED
QA32-S145,SRC-EXEC-001,P0,P3_SOURCE_SECURITY_RELIABILITY,POSITIVE_VERTICAL_SLICE,Privileged Process Execution Security Boundary 정상 수직 Slice,Repository HEAD와 시작 SHA를 기록하고 Java/PowerShell/shell/agents의 현재 구현 및 consumer inventory를 확보한다.,"no shell string concat, canonical executable, minimal env, timeout/process tree/output bound을 구현한다. UI/API/Owner/DB 또는 State/Runtime Consumer/실패·복구/Audit가 해당되는 경우 모두 연결한 뒤 실제 실행한다.",structured allowlisted command execution with trust and audit이 실제 Primary Path에서 동작하며 legacy fallback 없이 성공한다.,command audit/result,Y,NOT_EXECUTED
QA32-S146,SRC-EXEC-001,P0,P3_SOURCE_SECURITY_RELIABILITY,NEGATIVE_FAILURE_INJECTION,Privileged Process Execution Security Boundary 실패·우회 차단,Repository HEAD와 시작 SHA를 기록하고 Java/PowerShell/shell/agents의 현재 구현 및 consumer inventory를 확보한다.,다음 실패·오용 조건을 fixture 또는 실제 환경으로 주입한다: injection/path/env/output/kill. 또한 금지된 부분 구현 방식(ProcessBuilder wrapper만 추가)을 의도적으로 재현한다.,"위험 입력·불완전 구현·정책 우회는 fail-closed로 차단되고, 상태·오류·원장·복구 가능성이 명확히 기록된다.","Negative fixture 결과, Exit Code, typed error/state, audit/ledger, command audit/result",Y,NOT_EXECUTED
QA32-S147,SRC-EXEC-001,P0,P3_SOURCE_SECURITY_RELIABILITY,COMPLETION_GATE,Privileged Process Execution Security Boundary 완료 판정 Gate,모든 변경이 Working Tree에 존재하고 Result Matrix 초안이 작성되어 있다.,"정적·Architecture Gate(command architecture scanner)를 실행하고 동일 패턴을 repository 전체, generator template, generated source, published artifact에서 재검색한다.","미구현·부분 구현·미검증 행이 남으면 완료가 거부된다. 모든 소비자 이관, legacy 제거, 실행 Evidence가 있을 때만 완료된다.",Gate command/환경/시작·종료시각/Exit Code/report hash; command audit/result,Y,NOT_EXECUTED
QA32-S148,SRC-EXEC-001,P0,P3_SOURCE_SECURITY_RELIABILITY,P0_RECOVERY_REHEARSAL,Privileged Process Execution Security Boundary 장애 중단·재시작·복구,실제 또는 격리된 동등 환경에서 처리 중 상태와 persistent evidence가 준비되어 있다.,"처리 중 process kill, response loss, duplicate retry, stale worker/instance, restart를 조합하여 주입하고 reconciliation 또는 rollback을 실행한다.",데이터 손상·중복 side effect·권한 우회 없이 실제 상태가 확정되며 UNKNOWN_RESULT는 임의 성공/실패로 축약되지 않는다.,"전후 DB/ledger/state diff, recovery command, exact artifact/source SHA, final actual state",Y,NOT_EXECUTED
QA32-S149,SRC-EGRESS-001,P1,P3_SOURCE_SECURITY_RELIABILITY,POSITIVE_VERTICAL_SLICE,Outbound Network·HTTP Resilience·Egress 통제 정상 수직 Slice,Repository HEAD와 시작 SHA를 기록하고 WebClient/RestClient/socket/scripts의 현재 구현 및 consumer inventory를 확보한다.,scheme/authority/host/IP/redirect/TLS/timeouts/idempotency을 구현한다. UI/API/Owner/DB 또는 State/Runtime Consumer/실패·복구/Audit가 해당되는 경우 모두 연결한 뒤 실제 실행한다.,approved client/endpoint registry and canonical URI policy이 실제 Primary Path에서 동작하며 legacy fallback 없이 성공한다.,policy decision/traces,Y,NOT_EXECUTED
QA32-S150,SRC-EGRESS-001,P1,P3_SOURCE_SECURITY_RELIABILITY,NEGATIVE_FAILURE_INJECTION,Outbound Network·HTTP Resilience·Egress 통제 실패·우회 차단,Repository HEAD와 시작 SHA를 기록하고 WebClient/RestClient/socket/scripts의 현재 구현 및 consumer inventory를 확보한다.,다음 실패·오용 조건을 fixture 또는 실제 환경으로 주입한다: SSRF/DNS rebinding/redirect/timeout. 또한 금지된 부분 구현 방식(localhost 문자열만 제거)을 의도적으로 재현한다.,"위험 입력·불완전 구현·정책 우회는 fail-closed로 차단되고, 상태·오류·원장·복구 가능성이 명확히 기록된다.","Negative fixture 결과, Exit Code, typed error/state, audit/ledger, policy decision/traces",Y,NOT_EXECUTED
QA32-S151,SRC-EGRESS-001,P1,P3_SOURCE_SECURITY_RELIABILITY,COMPLETION_GATE,Outbound Network·HTTP Resilience·Egress 통제 완료 판정 Gate,모든 변경이 Working Tree에 존재하고 Result Matrix 초안이 작성되어 있다.,"정적·Architecture Gate(raw client/URI scanner)를 실행하고 동일 패턴을 repository 전체, generator template, generated source, published artifact에서 재검색한다.","미구현·부분 구현·미검증 행이 남으면 완료가 거부된다. 모든 소비자 이관, legacy 제거, 실행 Evidence가 있을 때만 완료된다.",Gate command/환경/시작·종료시각/Exit Code/report hash; policy decision/traces,Y,NOT_EXECUTED
QA32-S152,CFG-ENV-001,P1,P2_BUILD_SUPPLY_GENERATOR,POSITIVE_VERTICAL_SLICE,환경·Profile·Secret Fixture 경계 정상 수직 Slice,Repository HEAD와 시작 SHA를 기록하고 application/env/generator/tests의 현재 구현 및 consumer inventory를 확보한다.,no prod loopback/default secret; profile isolation; required config을 구현한다. UI/API/Owner/DB 또는 State/Runtime Consumer/실패·복구/Audit가 해당되는 경우 모두 연결한 뒤 실제 실행한다.,environment classification과 prod fail-closed이 실제 Primary Path에서 동작하며 legacy fallback 없이 성공한다.,effective config masked,Y,NOT_EXECUTED
QA32-S153,CFG-ENV-001,P1,P2_BUILD_SUPPLY_GENERATOR,NEGATIVE_FAILURE_INJECTION,환경·Profile·Secret Fixture 경계 실패·우회 차단,Repository HEAD와 시작 SHA를 기록하고 application/env/generator/tests의 현재 구현 및 consumer inventory를 확보한다.,"다음 실패·오용 조건을 fixture 또는 실제 환경으로 주입한다: renamed/empty profile, missing vars. 또한 금지된 부분 구현 방식(__REPLACE_BY_ENV__ 존재만으로 안전 판단)을 의도적으로 재현한다.","위험 입력·불완전 구현·정책 우회는 fail-closed로 차단되고, 상태·오류·원장·복구 가능성이 명확히 기록된다.","Negative fixture 결과, Exit Code, typed error/state, audit/ledger, effective config masked",Y,NOT_EXECUTED
QA32-S154,CFG-ENV-001,P1,P2_BUILD_SUPPLY_GENERATOR,COMPLETION_GATE,환경·Profile·Secret Fixture 경계 완료 판정 Gate,모든 변경이 Working Tree에 존재하고 Result Matrix 초안이 작성되어 있다.,"정적·Architecture Gate(config scanner/profile tests)를 실행하고 동일 패턴을 repository 전체, generator template, generated source, published artifact에서 재검색한다.","미구현·부분 구현·미검증 행이 남으면 완료가 거부된다. 모든 소비자 이관, legacy 제거, 실행 Evidence가 있을 때만 완료된다.",Gate command/환경/시작·종료시각/Exit Code/report hash; effective config masked,Y,NOT_EXECUTED
QA32-S155,SRC-INCOMPLETE-001,P1,P3_SOURCE_SECURITY_RELIABILITY,POSITIVE_VERTICAL_SLICE,Reachable Stub·Placeholder·Unsupported Path 차단 정상 수직 Slice,Repository HEAD와 시작 SHA를 기록하고 product/generated runtime source의 현재 구현 및 consumer inventory를 확보한다.,capability discovery and allowlisted unsupported with owner/expiry을 구현한다. UI/API/Owner/DB 또는 State/Runtime Consumer/실패·복구/Audit가 해당되는 경우 모두 연결한 뒤 실제 실행한다.,release scope reachable path는 fully implemented or disabled capability이 실제 Primary Path에서 동작하며 legacy fallback 없이 성공한다.,inventory/results,Y,NOT_EXECUTED
QA32-S156,SRC-INCOMPLETE-001,P1,P3_SOURCE_SECURITY_RELIABILITY,NEGATIVE_FAILURE_INJECTION,Reachable Stub·Placeholder·Unsupported Path 차단 실패·우회 차단,Repository HEAD와 시작 SHA를 기록하고 product/generated runtime source의 현재 구현 및 consumer inventory를 확보한다.,다음 실패·오용 조건을 fixture 또는 실제 환경으로 주입한다: invoke every capability. 또한 금지된 부분 구현 방식(문서 TODO 개수로 완료 판단; throw stub 방치)을 의도적으로 재현한다.,"위험 입력·불완전 구현·정책 우회는 fail-closed로 차단되고, 상태·오류·원장·복구 가능성이 명확히 기록된다.","Negative fixture 결과, Exit Code, typed error/state, audit/ledger, inventory/results",Y,NOT_EXECUTED
QA32-S157,SRC-INCOMPLETE-001,P1,P3_SOURCE_SECURITY_RELIABILITY,COMPLETION_GATE,Reachable Stub·Placeholder·Unsupported Path 차단 완료 판정 Gate,모든 변경이 Working Tree에 존재하고 Result Matrix 초안이 작성되어 있다.,"정적·Architecture Gate(stub scanner/coverage)를 실행하고 동일 패턴을 repository 전체, generator template, generated source, published artifact에서 재검색한다.","미구현·부분 구현·미검증 행이 남으면 완료가 거부된다. 모든 소비자 이관, legacy 제거, 실행 Evidence가 있을 때만 완료된다.",Gate command/환경/시작·종료시각/Exit Code/report hash; inventory/results,Y,NOT_EXECUTED
QA32-S158,SEC-SCRIPT-001,P1,P3_SOURCE_SECURITY_RELIABILITY,POSITIVE_VERTICAL_SLICE,PowerShell Script 신뢰·실행 경계 정상 수직 Slice,Repository HEAD와 시작 SHA를 기록하고 all ps1 invocations의 현재 구현 및 consumer inventory를 확보한다.,"no unrestricted Bypass, no dynamic download/Invoke-Expression을 구현한다. UI/API/Owner/DB 또는 State/Runtime Consumer/실패·복구/Audit가 해당되는 경우 모두 연결한 뒤 실제 실행한다.",trusted canonical scripts with hash/signature evidence이 실제 Primary Path에서 동작하며 legacy fallback 없이 성공한다.,script hash/exit,Y,NOT_EXECUTED
QA32-S159,SEC-SCRIPT-001,P1,P3_SOURCE_SECURITY_RELIABILITY,NEGATIVE_FAILURE_INJECTION,PowerShell Script 신뢰·실행 경계 실패·우회 차단,Repository HEAD와 시작 SHA를 기록하고 all ps1 invocations의 현재 구현 및 consumer inventory를 확보한다.,다음 실패·오용 조건을 fixture 또는 실제 환경으로 주입한다: tampered/outside/symlink script. 또한 금지된 부분 구현 방식(호출 문자열만 변경)을 의도적으로 재현한다.,"위험 입력·불완전 구현·정책 우회는 fail-closed로 차단되고, 상태·오류·원장·복구 가능성이 명확히 기록된다.","Negative fixture 결과, Exit Code, typed error/state, audit/ledger, script hash/exit",Y,NOT_EXECUTED
QA32-S160,SEC-SCRIPT-001,P1,P3_SOURCE_SECURITY_RELIABILITY,COMPLETION_GATE,PowerShell Script 신뢰·실행 경계 완료 판정 Gate,모든 변경이 Working Tree에 존재하고 Result Matrix 초안이 작성되어 있다.,"정적·Architecture Gate(script invocation scanner)를 실행하고 동일 패턴을 repository 전체, generator template, generated source, published artifact에서 재검색한다.","미구현·부분 구현·미검증 행이 남으면 완료가 거부된다. 모든 소비자 이관, legacy 제거, 실행 Evidence가 있을 때만 완료된다.",Gate command/환경/시작·종료시각/Exit Code/report hash; script hash/exit,Y,NOT_EXECUTED
QA32-S161,BUILD-PS-001,P2,P2_BUILD_SUPPLY_GENERATOR,POSITIVE_VERTICAL_SLICE,PowerShell Runtime·호환성·HTTP 계약 정상 수직 Slice,Repository HEAD와 시작 SHA를 기록하고 all ps1의 현재 구현 및 consumer inventory를 확보한다.,"version preflight, no UseBasicParsing, ExitCode/JSON schema을 구현한다. UI/API/Owner/DB 또는 State/Runtime Consumer/실패·복구/Audit가 해당되는 경우 모두 연결한 뒤 실제 실행한다.",pinned supported pwsh and strict error/encoding/http behavior이 실제 Primary Path에서 동작하며 legacy fallback 없이 성공한다.,version/logs,Y,NOT_EXECUTED
QA32-S162,BUILD-PS-001,P2,P2_BUILD_SUPPLY_GENERATOR,NEGATIVE_FAILURE_INJECTION,PowerShell Runtime·호환성·HTTP 계약 실패·우회 차단,Repository HEAD와 시작 SHA를 기록하고 all ps1의 현재 구현 및 consumer inventory를 확보한다.,"다음 실패·오용 조건을 fixture 또는 실제 환경으로 주입한다: Windows/Linux, HTTP errors. 또한 금지된 부분 구현 방식(PowerShell 7에서만 우연히 통과)을 의도적으로 재현한다.","위험 입력·불완전 구현·정책 우회는 fail-closed로 차단되고, 상태·오류·원장·복구 가능성이 명확히 기록된다.","Negative fixture 결과, Exit Code, typed error/state, audit/ledger, version/logs",Y,NOT_EXECUTED
QA32-S163,BUILD-PS-001,P2,P2_BUILD_SUPPLY_GENERATOR,COMPLETION_GATE,PowerShell Runtime·호환성·HTTP 계약 완료 판정 Gate,모든 변경이 Working Tree에 존재하고 Result Matrix 초안이 작성되어 있다.,"정적·Architecture Gate(PSScriptAnalyzer/custom gate)를 실행하고 동일 패턴을 repository 전체, generator template, generated source, published artifact에서 재검색한다.","미구현·부분 구현·미검증 행이 남으면 완료가 거부된다. 모든 소비자 이관, legacy 제거, 실행 Evidence가 있을 때만 완료된다.",Gate command/환경/시작·종료시각/Exit Code/report hash; version/logs,Y,NOT_EXECUTED
QA32-S164,SRC-FS-001,P1,P3_SOURCE_SECURITY_RELIABILITY,POSITIVE_VERTICAL_SLICE,Runtime File·Directory Security Boundary 정상 수직 Slice,Repository HEAD와 시작 SHA를 기록하고 files/temp/archive/spool/upload의 현재 구현 및 consumer inventory를 확보한다.,"safe path service, permissions, retention, ownership을 구현한다. UI/API/Owner/DB 또는 State/Runtime Consumer/실패·복구/Audit가 해당되는 경우 모두 연결한 뒤 실제 실행한다.","canonical allowed roots, no-follow, atomic lifecycle, quota이 실제 Primary Path에서 동작하며 legacy fallback 없이 성공한다.",file inventory/audit,Y,NOT_EXECUTED
QA32-S165,SRC-FS-001,P1,P3_SOURCE_SECURITY_RELIABILITY,NEGATIVE_FAILURE_INJECTION,Runtime File·Directory Security Boundary 실패·우회 차단,Repository HEAD와 시작 SHA를 기록하고 files/temp/archive/spool/upload의 현재 구현 및 consumer inventory를 확보한다.,다음 실패·오용 조건을 fixture 또는 실제 환경으로 주입한다: traversal/symlink/race/disk full. 또한 금지된 부분 구현 방식(normalize만 사용)을 의도적으로 재현한다.,"위험 입력·불완전 구현·정책 우회는 fail-closed로 차단되고, 상태·오류·원장·복구 가능성이 명확히 기록된다.","Negative fixture 결과, Exit Code, typed error/state, audit/ledger, file inventory/audit",Y,NOT_EXECUTED
QA32-S166,SRC-FS-001,P1,P3_SOURCE_SECURITY_RELIABILITY,COMPLETION_GATE,Runtime File·Directory Security Boundary 완료 판정 Gate,모든 변경이 Working Tree에 존재하고 Result Matrix 초안이 작성되어 있다.,"정적·Architecture Gate(file API architecture gate)를 실행하고 동일 패턴을 repository 전체, generator template, generated source, published artifact에서 재검색한다.","미구현·부분 구현·미검증 행이 남으면 완료가 거부된다. 모든 소비자 이관, legacy 제거, 실행 Evidence가 있을 때만 완료된다.",Gate command/환경/시작·종료시각/Exit Code/report hash; file inventory/audit,Y,NOT_EXECUTED
QA32-S167,SRC-REFLECT-001,P2,P3_SOURCE_SECURITY_RELIABILITY,POSITIVE_VERTICAL_SLICE,Reflection·Dynamic Loading·DTO Mapping 경계 정상 수직 Slice,Repository HEAD와 시작 SHA를 기록하고 reflection/class/resource loading의 현재 구현 및 consumer inventory를 확보한다.,"limited setAccessible, JPMS/native metadata을 구현한다. UI/API/Owner/DB 또는 State/Runtime Consumer/실패·복구/Audit가 해당되는 경우 모두 연결한 뒤 실제 실행한다.",registered type/package/resource allowlist and public access preferred이 실제 Primary Path에서 동작하며 legacy fallback 없이 성공한다.,allowlist/tests,Y,NOT_EXECUTED
QA32-S168,SRC-REFLECT-001,P2,P3_SOURCE_SECURITY_RELIABILITY,NEGATIVE_FAILURE_INJECTION,Reflection·Dynamic Loading·DTO Mapping 경계 실패·우회 차단,Repository HEAD와 시작 SHA를 기록하고 reflection/class/resource loading의 현재 구현 및 consumer inventory를 확보한다.,다음 실패·오용 조건을 fixture 또는 실제 환경으로 주입한다: unregistered class/private access. 또한 금지된 부분 구현 방식(API 존재만 제거하거나 무제한 allowlist)을 의도적으로 재현한다.,"위험 입력·불완전 구현·정책 우회는 fail-closed로 차단되고, 상태·오류·원장·복구 가능성이 명확히 기록된다.","Negative fixture 결과, Exit Code, typed error/state, audit/ledger, allowlist/tests",Y,NOT_EXECUTED
QA32-S169,SRC-REFLECT-001,P2,P3_SOURCE_SECURITY_RELIABILITY,COMPLETION_GATE,Reflection·Dynamic Loading·DTO Mapping 경계 완료 판정 Gate,모든 변경이 Working Tree에 존재하고 Result Matrix 초안이 작성되어 있다.,"정적·Architecture Gate(reflection scanner)를 실행하고 동일 패턴을 repository 전체, generator template, generated source, published artifact에서 재검색한다.","미구현·부분 구현·미검증 행이 남으면 완료가 거부된다. 모든 소비자 이관, legacy 제거, 실행 Evidence가 있을 때만 완료된다.",Gate command/환경/시작·종료시각/Exit Code/report hash; allowlist/tests,Y,NOT_EXECUTED
QA32-S170,SRC-DESER-001,P1,P3_SOURCE_SECURITY_RELIABILITY,POSITIVE_VERTICAL_SLICE,JSON 역직렬화 입력 계약 정상 수직 Slice,Repository HEAD와 시작 SHA를 기록하고 ObjectMapper/external JSON/manifest의 현재 구현 및 consumer inventory를 확보한다.,"no default typing, polymorphic allowlist, unknown/duplicate/size policy을 구현한다. UI/API/Owner/DB 또는 State/Runtime Consumer/실패·복구/Audit가 해당되는 경우 모두 연결한 뒤 실제 실행한다.",typed DTO/schema and parser resource limits이 실제 Primary Path에서 동작하며 legacy fallback 없이 성공한다.,schema/test results,Y,NOT_EXECUTED
QA32-S171,SRC-DESER-001,P1,P3_SOURCE_SECURITY_RELIABILITY,NEGATIVE_FAILURE_INJECTION,JSON 역직렬화 입력 계약 실패·우회 차단,Repository HEAD와 시작 SHA를 기록하고 ObjectMapper/external JSON/manifest의 현재 구현 및 consumer inventory를 확보한다.,다음 실패·오용 조건을 fixture 또는 실제 환경으로 주입한다: deep/large/type confusion/duplicate. 또한 금지된 부분 구현 방식(ObjectMapper singleton만 만들고 raw input 유지)을 의도적으로 재현한다.,"위험 입력·불완전 구현·정책 우회는 fail-closed로 차단되고, 상태·오류·원장·복구 가능성이 명확히 기록된다.","Negative fixture 결과, Exit Code, typed error/state, audit/ledger, schema/test results",Y,NOT_EXECUTED
QA32-S172,SRC-DESER-001,P1,P3_SOURCE_SECURITY_RELIABILITY,COMPLETION_GATE,JSON 역직렬화 입력 계약 완료 판정 Gate,모든 변경이 Working Tree에 존재하고 Result Matrix 초안이 작성되어 있다.,"정적·Architecture Gate(deser scanner/schema gate)를 실행하고 동일 패턴을 repository 전체, generator template, generated source, published artifact에서 재검색한다.","미구현·부분 구현·미검증 행이 남으면 완료가 거부된다. 모든 소비자 이관, legacy 제거, 실행 Evidence가 있을 때만 완료된다.",Gate command/환경/시작·종료시각/Exit Code/report hash; schema/test results,Y,NOT_EXECUTED
QA32-S173,SEC-CRYPTO-001,P1,P3_SOURCE_SECURITY_RELIABILITY,POSITIVE_VERTICAL_SLICE,Cryptography Algorithm·Key Lifecycle Gate 정상 수직 Slice,Repository HEAD와 시작 SHA를 기록하고 hash/cipher/mac/signature/token의 현재 구현 및 consumer inventory를 확보한다.,"AEAD, strong KDF, constant time, key ID/version/revocation을 구현한다. UI/API/Owner/DB 또는 State/Runtime Consumer/실패·복구/Audit가 해당되는 경우 모두 연결한 뒤 실제 실행한다.",approved algorithms and provider-backed key lifecycle이 실제 Primary Path에서 동작하며 legacy fallback 없이 성공한다.,algorithm/key metadata,Y,NOT_EXECUTED
QA32-S174,SEC-CRYPTO-001,P1,P3_SOURCE_SECURITY_RELIABILITY,NEGATIVE_FAILURE_INJECTION,Cryptography Algorithm·Key Lifecycle Gate 실패·우회 차단,Repository HEAD와 시작 SHA를 기록하고 hash/cipher/mac/signature/token의 현재 구현 및 consumer inventory를 확보한다.,다음 실패·오용 조건을 fixture 또는 실제 환경으로 주입한다: tamper/nonce/key rotation. 또한 금지된 부분 구현 방식(API 이름만 바꿈)을 의도적으로 재현한다.,"위험 입력·불완전 구현·정책 우회는 fail-closed로 차단되고, 상태·오류·원장·복구 가능성이 명확히 기록된다.","Negative fixture 결과, Exit Code, typed error/state, audit/ledger, algorithm/key metadata",Y,NOT_EXECUTED
QA32-S175,SEC-CRYPTO-001,P1,P3_SOURCE_SECURITY_RELIABILITY,COMPLETION_GATE,Cryptography Algorithm·Key Lifecycle Gate 완료 판정 Gate,모든 변경이 Working Tree에 존재하고 Result Matrix 초안이 작성되어 있다.,"정적·Architecture Gate(crypto scanner/known-answer)를 실행하고 동일 패턴을 repository 전체, generator template, generated source, published artifact에서 재검색한다.","미구현·부분 구현·미검증 행이 남으면 완료가 거부된다. 모든 소비자 이관, legacy 제거, 실행 Evidence가 있을 때만 완료된다.",Gate command/환경/시작·종료시각/Exit Code/report hash; algorithm/key metadata,Y,NOT_EXECUTED
QA32-S176,SRC-SQL-001,P1,P3_SOURCE_SECURITY_RELIABILITY,POSITIVE_VERTICAL_SLICE,동적 SQL·Query Construction 공통 계약 정상 수직 Slice,Repository HEAD와 시작 SHA를 기록하고 JDBC/MyBatis/vendor SQL의 현재 구현 및 consumer inventory를 확보한다.,query timeout/max rows and 3DB tests을 구현한다. UI/API/Owner/DB 또는 State/Runtime Consumer/실패·복구/Audit가 해당되는 경우 모두 연결한 뒤 실제 실행한다.,values bind; identifiers/ordering allowlist/catalog이 실제 Primary Path에서 동작하며 legacy fallback 없이 성공한다.,query/test evidence,Y,NOT_EXECUTED
QA32-S177,SRC-SQL-001,P1,P3_SOURCE_SECURITY_RELIABILITY,NEGATIVE_FAILURE_INJECTION,동적 SQL·Query Construction 공통 계약 실패·우회 차단,Repository HEAD와 시작 SHA를 기록하고 JDBC/MyBatis/vendor SQL의 현재 구현 및 consumer inventory를 확보한다.,다음 실패·오용 조건을 fixture 또는 실제 환경으로 주입한다: injection/invalid identifier. 또한 금지된 부분 구현 방식(StringBuilder 전부 금지 또는 값 concat 방치)을 의도적으로 재현한다.,"위험 입력·불완전 구현·정책 우회는 fail-closed로 차단되고, 상태·오류·원장·복구 가능성이 명확히 기록된다.","Negative fixture 결과, Exit Code, typed error/state, audit/ledger, query/test evidence",Y,NOT_EXECUTED
QA32-S178,SRC-SQL-001,P1,P3_SOURCE_SECURITY_RELIABILITY,COMPLETION_GATE,동적 SQL·Query Construction 공통 계약 완료 판정 Gate,모든 변경이 Working Tree에 존재하고 Result Matrix 초안이 작성되어 있다.,"정적·Architecture Gate(SQL taint/static gate)를 실행하고 동일 패턴을 repository 전체, generator template, generated source, published artifact에서 재검색한다.","미구현·부분 구현·미검증 행이 남으면 완료가 거부된다. 모든 소비자 이관, legacy 제거, 실행 Evidence가 있을 때만 완료된다.",Gate command/환경/시작·종료시각/Exit Code/report hash; query/test evidence,Y,NOT_EXECUTED
QA32-S179,SRC-RESOURCE-001,P1,P3_SOURCE_SECURITY_RELIABILITY,POSITIVE_VERTICAL_SLICE,Bounded Streaming·Memory·Disk·Process Output 자원 계약 정상 수직 Slice,Repository HEAD와 시작 SHA를 기록하고 files/http/archive/log/process/spool의 현재 구현 및 consumer inventory를 확보한다.,size/count/ratio/concurrency/quota/cleanup/backpressure을 구현한다. UI/API/Owner/DB 또는 State/Runtime Consumer/실패·복구/Audit가 해당되는 경우 모두 연결한 뒤 실제 실행한다.,streaming and layered resource budgets이 실제 Primary Path에서 동작하며 legacy fallback 없이 성공한다.,JFR/heap/disk/FD,Y,NOT_EXECUTED
QA32-S180,SRC-RESOURCE-001,P1,P3_SOURCE_SECURITY_RELIABILITY,NEGATIVE_FAILURE_INJECTION,Bounded Streaming·Memory·Disk·Process Output 자원 계약 실패·우회 차단,Repository HEAD와 시작 SHA를 기록하고 files/http/archive/log/process/spool의 현재 구현 및 consumer inventory를 확보한다.,다음 실패·오용 조건을 fixture 또는 실제 환경으로 주입한다: OOM/disk full/zip bomb/output flood. 또한 금지된 부분 구현 방식(개별 5MB 상한만 추가)을 의도적으로 재현한다.,"위험 입력·불완전 구현·정책 우회는 fail-closed로 차단되고, 상태·오류·원장·복구 가능성이 명확히 기록된다.","Negative fixture 결과, Exit Code, typed error/state, audit/ledger, JFR/heap/disk/FD",Y,NOT_EXECUTED
QA32-S181,SRC-RESOURCE-001,P1,P3_SOURCE_SECURITY_RELIABILITY,COMPLETION_GATE,Bounded Streaming·Memory·Disk·Process Output 자원 계약 완료 판정 Gate,모든 변경이 Working Tree에 존재하고 Result Matrix 초안이 작성되어 있다.,"정적·Architecture Gate(resource API inventory)를 실행하고 동일 패턴을 repository 전체, generator template, generated source, published artifact에서 재검색한다.","미구현·부분 구현·미검증 행이 남으면 완료가 거부된다. 모든 소비자 이관, legacy 제거, 실행 Evidence가 있을 때만 완료된다.",Gate command/환경/시작·종료시각/Exit Code/report hash; JFR/heap/disk/FD,Y,NOT_EXECUTED
QA32-S182,SEC-BOOTSTRAP-001,P0,P3_SOURCE_SECURITY_RELIABILITY,POSITIVE_VERTICAL_SLICE,특권 초기 관리자 Bootstrap 수명주기 정상 수직 Slice,Repository HEAD와 시작 SHA를 기록하고 ADM/BZA/service account의 현재 구현 및 consumer inventory를 확보한다.,"environment classification, nonce/fingerprint, reconciliation을 구현한다. UI/API/Owner/DB 또는 State/Runtime Consumer/실패·복구/Audit가 해당되는 경우 모두 연결한 뒤 실제 실행한다.",one-time approved expiring bootstrap and disable-after-success이 실제 Primary Path에서 동작하며 legacy fallback 없이 성공한다.,approval/audit,Y,NOT_EXECUTED
QA32-S183,SEC-BOOTSTRAP-001,P0,P3_SOURCE_SECURITY_RELIABILITY,NEGATIVE_FAILURE_INJECTION,특권 초기 관리자 Bootstrap 수명주기 실패·우회 차단,Repository HEAD와 시작 SHA를 기록하고 ADM/BZA/service account의 현재 구현 및 consumer inventory를 확보한다.,다음 실패·오용 조건을 fixture 또는 실제 환경으로 주입한다: restart/concurrent/stolen env/expired. 또한 금지된 부분 구현 방식(강한 비밀번호만 추가)을 의도적으로 재현한다.,"위험 입력·불완전 구현·정책 우회는 fail-closed로 차단되고, 상태·오류·원장·복구 가능성이 명확히 기록된다.","Negative fixture 결과, Exit Code, typed error/state, audit/ledger, approval/audit",Y,NOT_EXECUTED
QA32-S184,SEC-BOOTSTRAP-001,P0,P3_SOURCE_SECURITY_RELIABILITY,COMPLETION_GATE,특권 초기 관리자 Bootstrap 수명주기 완료 판정 Gate,모든 변경이 Working Tree에 존재하고 Result Matrix 초안이 작성되어 있다.,"정적·Architecture Gate(bootstrap gate)를 실행하고 동일 패턴을 repository 전체, generator template, generated source, published artifact에서 재검색한다.","미구현·부분 구현·미검증 행이 남으면 완료가 거부된다. 모든 소비자 이관, legacy 제거, 실행 Evidence가 있을 때만 완료된다.",Gate command/환경/시작·종료시각/Exit Code/report hash; approval/audit,Y,NOT_EXECUTED
QA32-S185,SEC-BOOTSTRAP-001,P0,P3_SOURCE_SECURITY_RELIABILITY,P0_RECOVERY_REHEARSAL,특권 초기 관리자 Bootstrap 수명주기 장애 중단·재시작·복구,실제 또는 격리된 동등 환경에서 처리 중 상태와 persistent evidence가 준비되어 있다.,"처리 중 process kill, response loss, duplicate retry, stale worker/instance, restart를 조합하여 주입하고 reconciliation 또는 rollback을 실행한다.",데이터 손상·중복 side effect·권한 우회 없이 실제 상태가 확정되며 UNKNOWN_RESULT는 임의 성공/실패로 축약되지 않는다.,"전후 DB/ledger/state diff, recovery command, exact artifact/source SHA, final actual state",Y,NOT_EXECUTED
QA32-S186,OPS-DEPLOY-001,P0,P4_RUNTIME_OPERATIONS,POSITIVE_VERTICAL_SLICE,배포·Rollback 상태기계와 Lock Ownership 계약 정상 수직 Slice,Repository HEAD와 시작 SHA를 기록하고 deployment/agent/installer의 현재 구현 및 consumer inventory를 확보한다.,"only changed instances, reconcile unknown을 구현한다. UI/API/Owner/DB 또는 State/Runtime Consumer/실패·복구/Audit가 해당되는 경우 모두 연결한 뒤 실제 실행한다.","per-instance journal, selective reverse rollback, fencing이 실제 Primary Path에서 동작하며 legacy fallback 없이 성공한다.",journal/final actual,Y,NOT_EXECUTED
QA32-S187,OPS-DEPLOY-001,P0,P4_RUNTIME_OPERATIONS,NEGATIVE_FAILURE_INJECTION,배포·Rollback 상태기계와 Lock Ownership 계약 실패·우회 차단,Repository HEAD와 시작 SHA를 기록하고 deployment/agent/installer의 현재 구현 및 consumer inventory를 확보한다.,다음 실패·오용 조건을 fixture 또는 실제 환경으로 주입한다: failure each stage/kill/lock contention. 또한 금지된 부분 구현 방식(try/finally만 추가)을 의도적으로 재현한다.,"위험 입력·불완전 구현·정책 우회는 fail-closed로 차단되고, 상태·오류·원장·복구 가능성이 명확히 기록된다.","Negative fixture 결과, Exit Code, typed error/state, audit/ledger, journal/final actual",Y,NOT_EXECUTED
QA32-S188,OPS-DEPLOY-001,P0,P4_RUNTIME_OPERATIONS,COMPLETION_GATE,배포·Rollback 상태기계와 Lock Ownership 계약 완료 판정 Gate,모든 변경이 Working Tree에 존재하고 Result Matrix 초안이 작성되어 있다.,"정적·Architecture Gate(state-machine tests)를 실행하고 동일 패턴을 repository 전체, generator template, generated source, published artifact에서 재검색한다.","미구현·부분 구현·미검증 행이 남으면 완료가 거부된다. 모든 소비자 이관, legacy 제거, 실행 Evidence가 있을 때만 완료된다.",Gate command/환경/시작·종료시각/Exit Code/report hash; journal/final actual,Y,NOT_EXECUTED
QA32-S189,OPS-DEPLOY-001,P0,P4_RUNTIME_OPERATIONS,P0_RECOVERY_REHEARSAL,배포·Rollback 상태기계와 Lock Ownership 계약 장애 중단·재시작·복구,실제 또는 격리된 동등 환경에서 처리 중 상태와 persistent evidence가 준비되어 있다.,"처리 중 process kill, response loss, duplicate retry, stale worker/instance, restart를 조합하여 주입하고 reconciliation 또는 rollback을 실행한다.",데이터 손상·중복 side effect·권한 우회 없이 실제 상태가 확정되며 UNKNOWN_RESULT는 임의 성공/실패로 축약되지 않는다.,"전후 DB/ledger/state diff, recovery command, exact artifact/source SHA, final actual state",Y,NOT_EXECUTED
QA32-S190,OPS-PROBE-001,P1,P4_RUNTIME_OPERATIONS,POSITIVE_VERTICAL_SLICE,Health·Readiness·Functional Smoke Probe 계약 정상 수직 Slice,Repository HEAD와 시작 SHA를 기록하고 all probes/smoke의 현재 구현 및 consumer inventory를 확보한다.,liveness/readiness/functional separation을 구현한다. UI/API/Owner/DB 또는 State/Runtime Consumer/실패·복구/Audit가 해당되는 경우 모두 연결한 뒤 실제 실행한다.,typed staged probes with actual deadlines/schema/auth이 실제 Primary Path에서 동작하며 legacy fallback 없이 성공한다.,probe structured result,Y,NOT_EXECUTED
QA32-S191,OPS-PROBE-001,P1,P4_RUNTIME_OPERATIONS,NEGATIVE_FAILURE_INJECTION,Health·Readiness·Functional Smoke Probe 계약 실패·우회 차단,Repository HEAD와 시작 SHA를 기록하고 all probes/smoke의 현재 구현 및 consumer inventory를 확보한다.,다음 실패·오용 조건을 fixture 또는 실제 환경으로 주입한다: slow/invalid body/500 UP/auth/TLS. 또한 금지된 부분 구현 방식(HTTP 200만 확인)을 의도적으로 재현한다.,"위험 입력·불완전 구현·정책 우회는 fail-closed로 차단되고, 상태·오류·원장·복구 가능성이 명확히 기록된다.","Negative fixture 결과, Exit Code, typed error/state, audit/ledger, probe structured result",Y,NOT_EXECUTED
QA32-S192,OPS-PROBE-001,P1,P4_RUNTIME_OPERATIONS,COMPLETION_GATE,Health·Readiness·Functional Smoke Probe 계약 완료 판정 Gate,모든 변경이 Working Tree에 존재하고 Result Matrix 초안이 작성되어 있다.,"정적·Architecture Gate(probe contract gate)를 실행하고 동일 패턴을 repository 전체, generator template, generated source, published artifact에서 재검색한다.","미구현·부분 구현·미검증 행이 남으면 완료가 거부된다. 모든 소비자 이관, legacy 제거, 실행 Evidence가 있을 때만 완료된다.",Gate command/환경/시작·종료시각/Exit Code/report hash; probe structured result,Y,NOT_EXECUTED
QA32-S193,SEC-ARTIFACT-001,P0,P3_SOURCE_SECURITY_RELIABILITY,POSITIVE_VERTICAL_SLICE,Runtime Artifact Trust·Signature·Anti-Rollback 계약 정상 수직 Slice,Repository HEAD와 시작 SHA를 기록하고 installer/offline/release의 현재 구현 및 consumer inventory를 확보한다.,"trust anchor, rotation/revocation, immutable staging을 구현한다. UI/API/Owner/DB 또는 State/Runtime Consumer/실패·복구/Audit가 해당되는 경우 모두 연결한 뒤 실제 실행한다.",signed canonical manifest binds exact bytes and anti-rollback이 실제 Primary Path에서 동작하며 legacy fallback 없이 성공한다.,trust decision/hash,Y,NOT_EXECUTED
QA32-S194,SEC-ARTIFACT-001,P0,P3_SOURCE_SECURITY_RELIABILITY,NEGATIVE_FAILURE_INJECTION,Runtime Artifact Trust·Signature·Anti-Rollback 계약 실패·우회 차단,Repository HEAD와 시작 SHA를 기록하고 installer/offline/release의 현재 구현 및 consumer inventory를 확보한다.,다음 실패·오용 조건을 fixture 또는 실제 환경으로 주입한다: wrong signer/key/swap/downgrade. 또한 금지된 부분 구현 방식(checksum+signature 문자열만)을 의도적으로 재현한다.,"위험 입력·불완전 구현·정책 우회는 fail-closed로 차단되고, 상태·오류·원장·복구 가능성이 명확히 기록된다.","Negative fixture 결과, Exit Code, typed error/state, audit/ledger, trust decision/hash",Y,NOT_EXECUTED
QA32-S195,SEC-ARTIFACT-001,P0,P3_SOURCE_SECURITY_RELIABILITY,COMPLETION_GATE,Runtime Artifact Trust·Signature·Anti-Rollback 계약 완료 판정 Gate,모든 변경이 Working Tree에 존재하고 Result Matrix 초안이 작성되어 있다.,"정적·Architecture Gate(artifact trust gate)를 실행하고 동일 패턴을 repository 전체, generator template, generated source, published artifact에서 재검색한다.","미구현·부분 구현·미검증 행이 남으면 완료가 거부된다. 모든 소비자 이관, legacy 제거, 실행 Evidence가 있을 때만 완료된다.",Gate command/환경/시작·종료시각/Exit Code/report hash; trust decision/hash,Y,NOT_EXECUTED
QA32-S196,SEC-ARTIFACT-001,P0,P3_SOURCE_SECURITY_RELIABILITY,P0_RECOVERY_REHEARSAL,Runtime Artifact Trust·Signature·Anti-Rollback 계약 장애 중단·재시작·복구,실제 또는 격리된 동등 환경에서 처리 중 상태와 persistent evidence가 준비되어 있다.,"처리 중 process kill, response loss, duplicate retry, stale worker/instance, restart를 조합하여 주입하고 reconciliation 또는 rollback을 실행한다.",데이터 손상·중복 side effect·권한 우회 없이 실제 상태가 확정되며 UNKNOWN_RESULT는 임의 성공/실패로 축약되지 않는다.,"전후 DB/ledger/state diff, recovery command, exact artifact/source SHA, final actual state",Y,NOT_EXECUTED
QA32-S197,SEC-HTTP-001,P1,P3_SOURCE_SECURITY_RELIABILITY,POSITIVE_VERTICAL_SLICE,Inbound HTTP·CORS·TLS·Runtime Policy 안전 계약 정상 수직 Slice,Repository HEAD와 시작 SHA를 기록하고 gateway/admin/runtime policy의 현재 구현 및 consumer inventory를 확보한다.,"origin URI, secure cookies, HSTS/CSP, forwarded trust을 구현한다. UI/API/Owner/DB 또는 State/Runtime Consumer/실패·복구/Audit가 해당되는 경우 모두 연결한 뒤 실제 실행한다.",canonical browser/proxy security policy with approval/rollback이 실제 Primary Path에서 동작하며 legacy fallback 없이 성공한다.,browser headers/audit,Y,NOT_EXECUTED
QA32-S198,SEC-HTTP-001,P1,P3_SOURCE_SECURITY_RELIABILITY,NEGATIVE_FAILURE_INJECTION,Inbound HTTP·CORS·TLS·Runtime Policy 안전 계약 실패·우회 차단,Repository HEAD와 시작 SHA를 기록하고 gateway/admin/runtime policy의 현재 구현 및 consumer inventory를 확보한다.,다음 실패·오용 조건을 fixture 또는 실제 환경으로 주입한다: preflight/CRLF/punycode/version conflict. 또한 금지된 부분 구현 방식(wildcard check 하나만)을 의도적으로 재현한다.,"위험 입력·불완전 구현·정책 우회는 fail-closed로 차단되고, 상태·오류·원장·복구 가능성이 명확히 기록된다.","Negative fixture 결과, Exit Code, typed error/state, audit/ledger, browser headers/audit",Y,NOT_EXECUTED
QA32-S199,SEC-HTTP-001,P1,P3_SOURCE_SECURITY_RELIABILITY,COMPLETION_GATE,Inbound HTTP·CORS·TLS·Runtime Policy 안전 계약 완료 판정 Gate,모든 변경이 Working Tree에 존재하고 Result Matrix 초안이 작성되어 있다.,"정적·Architecture Gate(security header/CORS gate)를 실행하고 동일 패턴을 repository 전체, generator template, generated source, published artifact에서 재검색한다.","미구현·부분 구현·미검증 행이 남으면 완료가 거부된다. 모든 소비자 이관, legacy 제거, 실행 Evidence가 있을 때만 완료된다.",Gate command/환경/시작·종료시각/Exit Code/report hash; browser headers/audit,Y,NOT_EXECUTED
QA32-S200,SEC-PARSER-001,P2,P3_SOURCE_SECURITY_RELIABILITY,POSITIVE_VERTICAL_SLICE,XML·Office·Structured Parser 공통 보안 계약 정상 수직 Slice,Repository HEAD와 시작 SHA를 기록하고 XML/POI/YAML/CSV parsers의 현재 구현 및 consumer inventory를 확보한다.,"secure processing, external entities off, size/depth/macro/formula policy을 구현한다. UI/API/Owner/DB 또는 State/Runtime Consumer/실패·복구/Audit가 해당되는 경우 모두 연결한 뒤 실제 실행한다.",common secure parser factories and malicious corpus이 실제 Primary Path에서 동작하며 legacy fallback 없이 성공한다.,feature snapshot/corpus,Y,NOT_EXECUTED
QA32-S201,SEC-PARSER-001,P2,P3_SOURCE_SECURITY_RELIABILITY,NEGATIVE_FAILURE_INJECTION,XML·Office·Structured Parser 공통 보안 계약 실패·우회 차단,Repository HEAD와 시작 SHA를 기록하고 XML/POI/YAML/CSV parsers의 현재 구현 및 consumer inventory를 확보한다.,다음 실패·오용 조건을 fixture 또는 실제 환경으로 주입한다: XXE/billion laughs/zip bomb/macro. 또한 금지된 부분 구현 방식(현재 XLSX 한 파일만 안전)을 의도적으로 재현한다.,"위험 입력·불완전 구현·정책 우회는 fail-closed로 차단되고, 상태·오류·원장·복구 가능성이 명확히 기록된다.","Negative fixture 결과, Exit Code, typed error/state, audit/ledger, feature snapshot/corpus",Y,NOT_EXECUTED
QA32-S202,SEC-PARSER-001,P2,P3_SOURCE_SECURITY_RELIABILITY,COMPLETION_GATE,XML·Office·Structured Parser 공통 보안 계약 완료 판정 Gate,모든 변경이 Working Tree에 존재하고 Result Matrix 초안이 작성되어 있다.,"정적·Architecture Gate(parser construction gate)를 실행하고 동일 패턴을 repository 전체, generator template, generated source, published artifact에서 재검색한다.","미구현·부분 구현·미검증 행이 남으면 완료가 거부된다. 모든 소비자 이관, legacy 제거, 실행 Evidence가 있을 때만 완료된다.",Gate command/환경/시작·종료시각/Exit Code/report hash; feature snapshot/corpus,Y,NOT_EXECUTED
