record_type,record_id,related_requirement_id,development_status,verification_status,source_or_evidence_paths,notes
REQUIREMENT,OSS-GOV-001,OSS-GOV-001,완료,미검증,"cpf-batch/execution-runtime/**;cpf-batch/worker/src/main/java/com/cpf/batch/worker/SpringBatchWorkerStepHandler.java;cpf-tools/db/vendor/{oracle,postgresql,mariadb}/**/V82__*.sql;cpf-tools/db/vendor/{oracle,postgresql,mariadb}/**/V84__*.sql;cpf-admin/frontend/**;cpf-biz-admin/frontend/**;cpf-starters/security/**;cpf-tools/db/vendor/{oracle,postgresql,mariadb}/**/V83__*.sql;cpf-tools/supply-chain/**;cpf-tools/scripts/generate-cpf-supply-chain-evidence.ps1;cpf-docs/legal/THIRD_PARTY_NOTICES_QA32.md;cpf-batch/control-server/src/main/java/com/cpf/batch/control/deploy/**;cpf-batch/host-agent/src/main/java/com/cpf/batch/agent/**;settings.gradle;build.gradle;gradle/cpf-stack.properties;cpf-tools/scripts/verify-cpf-qa32-generator.py;cpf-tools/scripts/verify-cpf-qa32-primary-engines.py;cpf-tools/scripts/verify-cpf-qa32-completion.py;cpf-docs/quality/CPF_20260730_QA32_RESULT_MATRIX.csv",정적 Gate 통과; Java25/3DB/Kafka/Playwright exact-SHA Runtime 검증 필요
REQUIREMENT,OSS-ARCH-001,OSS-ARCH-001,완료,미검증,"cpf-admin/frontend/**;cpf-biz-admin/frontend/**;cpf-starters/security/**;cpf-tools/db/vendor/{oracle,postgresql,mariadb}/**/V83__*.sql;cpf-starters/messaging-kafka/**;cpf-batch/execution-runtime/src/main/java/com/cpf/batch/execution/CpfBatchKafka*.java;cpf-starters/observability/**;cpf-starters/cache/**;cpf-tools/supply-chain/**;cpf-tools/scripts/generate-cpf-supply-chain-evidence.ps1;cpf-docs/legal/THIRD_PARTY_NOTICES_QA32.md;settings.gradle;build.gradle;gradle/cpf-stack.properties;cpf-tools/scripts/verify-cpf-qa32-generator.py;cpf-tools/scripts/verify-cpf-qa32-repository-security.py;cpf-tools/scripts/verify-cpf-qa32-primary-engines.py;cpf-tools/scripts/verify-cpf-qa32-completion.py;cpf-docs/quality/CPF_20260730_QA32_RESULT_MATRIX.csv",정적 Gate 통과; Java25/3DB/Kafka/Playwright exact-SHA Runtime 검증 필요
REQUIREMENT,OSS-UI-001,OSS-UI-001,완료,미검증,"cpf-admin/frontend/**;cpf-biz-admin/frontend/**;cpf-starters/security/**;cpf-tools/db/vendor/{oracle,postgresql,mariadb}/**/V83__*.sql;cpf-starters/observability/**;cpf-tools/supply-chain/**;cpf-tools/scripts/generate-cpf-supply-chain-evidence.ps1;cpf-docs/legal/THIRD_PARTY_NOTICES_QA32.md;settings.gradle;build.gradle;gradle/cpf-stack.properties;cpf-tools/scripts/verify-cpf-qa32-generator.py;cpf-tools/scripts/verify-cpf-qa32-primary-engines.py;cpf-tools/scripts/verify-cpf-qa32-completion.py;cpf-docs/quality/CPF_20260730_QA32_RESULT_MATRIX.csv",정적 Gate 통과; Java25/3DB/Kafka/Playwright exact-SHA Runtime 검증 필요
REQUIREMENT,OSS-FE-001,OSS-FE-001,완료,미검증,"cpf-admin/frontend/**;cpf-biz-admin/frontend/**;cpf-starters/security/**;cpf-tools/db/vendor/{oracle,postgresql,mariadb}/**/V83__*.sql;cpf-starters/resilience/**;cpf-starters/cache/**",정적 Gate 통과; Java25/3DB/Kafka/Playwright exact-SHA Runtime 검증 필요
REQUIREMENT,OSS-API-001,OSS-API-001,완료,미검증,"cpf-admin/frontend/**;cpf-biz-admin/frontend/**;cpf-starters/security/**;cpf-tools/db/vendor/{oracle,postgresql,mariadb}/**/V83__*.sql;cpf-tools/scripts/verify-cpf-qa32-primary-engines.py;cpf-tools/scripts/verify-cpf-qa32-completion.py;cpf-docs/quality/CPF_20260730_QA32_RESULT_MATRIX.csv",정적 Gate 통과; Java25/3DB/Kafka/Playwright exact-SHA Runtime 검증 필요
REQUIREMENT,OSS-BFF-001,OSS-BFF-001,완료,미검증,"cpf-gateway/src/main/java/com/cpf/gateway/scg/**;cpf-gateway/build.gradle;cpf-docs/work/manifest/CPF_20260731_QA32_DELETE_MANIFEST.txt;cpf-admin/frontend/**;cpf-biz-admin/frontend/**;cpf-starters/security/**;cpf-tools/db/vendor/{oracle,postgresql,mariadb}/**/V83__*.sql;cpf-starters/observability/**;cpf-starters/featureflag/**;cpf-tools/supply-chain/**;cpf-tools/scripts/generate-cpf-supply-chain-evidence.ps1;cpf-docs/legal/THIRD_PARTY_NOTICES_QA32.md;cpf-batch/control-server/src/main/java/com/cpf/batch/control/deploy/**;cpf-batch/host-agent/src/main/java/com/cpf/batch/agent/**;cpf-tools/scripts/verify-cpf-qa32-repository-security.py;cpf-tools/scripts/verify-cpf-qa32-primary-engines.py;cpf-tools/scripts/verify-cpf-qa32-completion.py;cpf-docs/quality/CPF_20260730_QA32_RESULT_MATRIX.csv",정적 Gate 통과; Java25/3DB/Kafka/Playwright exact-SHA Runtime 검증 필요
REQUIREMENT,OSS-GWY-001,OSS-GWY-001,완료,미검증,"cpf-gateway/src/main/java/com/cpf/gateway/scg/**;cpf-gateway/build.gradle;cpf-docs/work/manifest/CPF_20260731_QA32_DELETE_MANIFEST.txt;cpf-admin/frontend/**;cpf-biz-admin/frontend/**;cpf-starters/security/**;cpf-tools/db/vendor/{oracle,postgresql,mariadb}/**/V83__*.sql;cpf-starters/resilience/**;cpf-tools/supply-chain/**;cpf-tools/scripts/generate-cpf-supply-chain-evidence.ps1;cpf-docs/legal/THIRD_PARTY_NOTICES_QA32.md;cpf-batch/control-server/src/main/java/com/cpf/batch/control/deploy/**;cpf-batch/host-agent/src/main/java/com/cpf/batch/agent/**;settings.gradle;build.gradle;gradle/cpf-stack.properties;cpf-tools/scripts/verify-cpf-qa32-generator.py;cpf-tools/scripts/verify-cpf-qa32-primary-engines.py;cpf-tools/scripts/verify-cpf-qa32-completion.py;cpf-docs/quality/CPF_20260730_QA32_RESULT_MATRIX.csv",정적 Gate 통과; Java25/3DB/Kafka/Playwright exact-SHA Runtime 검증 필요
REQUIREMENT,OSS-MSG-001,OSS-MSG-001,완료,미검증,"cpf-batch/execution-runtime/**;cpf-batch/worker/src/main/java/com/cpf/batch/worker/SpringBatchWorkerStepHandler.java;cpf-tools/db/vendor/{oracle,postgresql,mariadb}/**/V82__*.sql;cpf-tools/db/vendor/{oracle,postgresql,mariadb}/**/V84__*.sql;cpf-admin/frontend/**;cpf-biz-admin/frontend/**;cpf-starters/security/**;cpf-tools/db/vendor/{oracle,postgresql,mariadb}/**/V83__*.sql;cpf-starters/messaging-kafka/**;cpf-batch/execution-runtime/src/main/java/com/cpf/batch/execution/CpfBatchKafka*.java;cpf-starters/resilience/**;cpf-starters/observability/**;cpf-tools/supply-chain/**;cpf-tools/scripts/generate-cpf-supply-chain-evidence.ps1;cpf-docs/legal/THIRD_PARTY_NOTICES_QA32.md;cpf-batch/control-server/src/main/java/com/cpf/batch/control/deploy/**;cpf-batch/host-agent/src/main/java/com/cpf/batch/agent/**;cpf-tools/scripts/verify-cpf-qa32-primary-engines.py;cpf-tools/scripts/verify-cpf-qa32-completion.py;cpf-docs/quality/CPF_20260730_QA32_RESULT_MATRIX.csv",정적 Gate 통과; Java25/3DB/Kafka/Playwright exact-SHA Runtime 검증 필요
REQUIREMENT,OSS-RES-001,OSS-RES-001,완료,미검증,"cpf-gateway/src/main/java/com/cpf/gateway/scg/**;cpf-gateway/build.gradle;cpf-docs/work/manifest/CPF_20260731_QA32_DELETE_MANIFEST.txt;cpf-admin/frontend/**;cpf-biz-admin/frontend/**;cpf-starters/security/**;cpf-tools/db/vendor/{oracle,postgresql,mariadb}/**/V83__*.sql;cpf-starters/messaging-kafka/**;cpf-batch/execution-runtime/src/main/java/com/cpf/batch/execution/CpfBatchKafka*.java;cpf-starters/resilience/**;cpf-starters/observability/**;cpf-batch/control-server/src/main/java/com/cpf/batch/control/deploy/**;cpf-batch/host-agent/src/main/java/com/cpf/batch/agent/**;cpf-tools/scripts/verify-cpf-qa32-repository-security.py;cpf-tools/scripts/verify-cpf-qa32-primary-engines.py;cpf-tools/scripts/verify-cpf-qa32-completion.py;cpf-docs/quality/CPF_20260730_QA32_RESULT_MATRIX.csv",정적 Gate 통과; Java25/3DB/Kafka/Playwright exact-SHA Runtime 검증 필요
REQUIREMENT,OSS-BATCH-001,OSS-BATCH-001,완료,미검증,"cpf-batch/execution-runtime/**;cpf-batch/worker/src/main/java/com/cpf/batch/worker/SpringBatchWorkerStepHandler.java;cpf-tools/db/vendor/{oracle,postgresql,mariadb}/**/V82__*.sql;cpf-tools/db/vendor/{oracle,postgresql,mariadb}/**/V84__*.sql;cpf-admin/frontend/**;cpf-biz-admin/frontend/**;cpf-starters/security/**;cpf-tools/db/vendor/{oracle,postgresql,mariadb}/**/V83__*.sql;cpf-starters/messaging-kafka/**;cpf-batch/execution-runtime/src/main/java/com/cpf/batch/execution/CpfBatchKafka*.java;cpf-starters/observability/**;cpf-tools/supply-chain/**;cpf-tools/scripts/generate-cpf-supply-chain-evidence.ps1;cpf-docs/legal/THIRD_PARTY_NOTICES_QA32.md;settings.gradle;build.gradle;gradle/cpf-stack.properties;cpf-tools/scripts/verify-cpf-qa32-generator.py;cpf-tools/scripts/verify-cpf-qa32-repository-security.py;cpf-tools/scripts/verify-cpf-qa32-primary-engines.py;cpf-tools/scripts/verify-cpf-qa32-completion.py;cpf-docs/quality/CPF_20260730_QA32_RESULT_MATRIX.csv",정적 Gate 통과; Java25/3DB/Kafka/Playwright exact-SHA Runtime 검증 필요
REQUIREMENT,OSS-SCHED-001,OSS-SCHED-001,완료,미검증,"cpf-batch/execution-runtime/**;cpf-batch/worker/src/main/java/com/cpf/batch/worker/SpringBatchWorkerStepHandler.java;cpf-tools/db/vendor/{oracle,postgresql,mariadb}/**/V82__*.sql;cpf-tools/db/vendor/{oracle,postgresql,mariadb}/**/V84__*.sql;cpf-admin/frontend/**;cpf-biz-admin/frontend/**;cpf-starters/security/**;cpf-tools/db/vendor/{oracle,postgresql,mariadb}/**/V83__*.sql;cpf-tools/supply-chain/**;cpf-tools/scripts/generate-cpf-supply-chain-evidence.ps1;cpf-docs/legal/THIRD_PARTY_NOTICES_QA32.md;settings.gradle;build.gradle;gradle/cpf-stack.properties;cpf-tools/scripts/verify-cpf-qa32-generator.py;cpf-tools/scripts/verify-cpf-qa32-primary-engines.py;cpf-tools/scripts/verify-cpf-qa32-completion.py;cpf-docs/quality/CPF_20260730_QA32_RESULT_MATRIX.csv",정적 Gate 통과; Java25/3DB/Kafka/Playwright exact-SHA Runtime 검증 필요
REQUIREMENT,OSS-DB-001,OSS-DB-001,완료,미검증,cpf-batch/control-server/src/main/java/com/cpf/batch/control/deploy/**;cpf-batch/host-agent/src/main/java/com/cpf/batch/agent/**;cpf-tools/scripts/verify-cpf-qa32-repository-security.py;cpf-tools/scripts/verify-cpf-qa32-primary-engines.py;cpf-tools/scripts/verify-cpf-qa32-completion.py;cpf-docs/quality/CPF_20260730_QA32_RESULT_MATRIX.csv,정적 Gate 통과; Java25/3DB/Kafka/Playwright exact-SHA Runtime 검증 필요
REQUIREMENT,OSS-OBS-001,OSS-OBS-001,완료,미검증,cpf-starters/messaging-kafka/**;cpf-batch/execution-runtime/src/main/java/com/cpf/batch/execution/CpfBatchKafka*.java;cpf-starters/observability/**;cpf-tools/supply-chain/**;cpf-tools/scripts/generate-cpf-supply-chain-evidence.ps1;cpf-docs/legal/THIRD_PARTY_NOTICES_QA32.md;cpf-batch/control-server/src/main/java/com/cpf/batch/control/deploy/**;cpf-batch/host-agent/src/main/java/com/cpf/batch/agent/**;cpf-tools/scripts/verify-cpf-qa32-primary-engines.py;cpf-tools/scripts/verify-cpf-qa32-completion.py;cpf-docs/quality/CPF_20260730_QA32_RESULT_MATRIX.csv,정적 Gate 통과; Java25/3DB/Kafka/Playwright exact-SHA Runtime 검증 필요
REQUIREMENT,OSS-CACHE-001,OSS-CACHE-001,완료,미검증,"cpf-admin/frontend/**;cpf-biz-admin/frontend/**;cpf-starters/security/**;cpf-tools/db/vendor/{oracle,postgresql,mariadb}/**/V83__*.sql;cpf-starters/observability/**;cpf-starters/cache/**;settings.gradle;build.gradle;gradle/cpf-stack.properties;cpf-tools/scripts/verify-cpf-qa32-generator.py;cpf-tools/scripts/verify-cpf-qa32-primary-engines.py;cpf-tools/scripts/verify-cpf-qa32-completion.py;cpf-docs/quality/CPF_20260730_QA32_RESULT_MATRIX.csv",정적 Gate 통과; Java25/3DB/Kafka/Playwright exact-SHA Runtime 검증 필요
REQUIREMENT,OSS-FLAG-001,OSS-FLAG-001,완료,미검증,"cpf-admin/frontend/**;cpf-biz-admin/frontend/**;cpf-starters/security/**;cpf-tools/db/vendor/{oracle,postgresql,mariadb}/**/V83__*.sql;cpf-starters/featureflag/**;cpf-batch/control-server/src/main/java/com/cpf/batch/control/deploy/**;cpf-batch/host-agent/src/main/java/com/cpf/batch/agent/**;cpf-tools/scripts/verify-cpf-qa32-primary-engines.py;cpf-tools/scripts/verify-cpf-qa32-completion.py;cpf-docs/quality/CPF_20260730_QA32_RESULT_MATRIX.csv",정적 Gate 통과; Java25/3DB/Kafka/Playwright exact-SHA Runtime 검증 필요
REQUIREMENT,OSS-SECRET-001,OSS-SECRET-001,완료,미검증,cpf-starters/secret/**;cpf-biz-admin/src/main/java/com/cpf/bizadmin/auth/service/BzaBootstrapRunner.java;cpf-tools/supply-chain/**;cpf-tools/scripts/generate-cpf-supply-chain-evidence.ps1;cpf-docs/legal/THIRD_PARTY_NOTICES_QA32.md;cpf-tools/scripts/verify-cpf-qa32-repository-security.py;cpf-tools/scripts/verify-cpf-qa32-primary-engines.py;cpf-tools/scripts/verify-cpf-qa32-completion.py;cpf-docs/quality/CPF_20260730_QA32_RESULT_MATRIX.csv,정적 Gate 통과; Java25/3DB/Kafka/Playwright exact-SHA Runtime 검증 필요
REQUIREMENT,OSS-SUPPLY-001,OSS-SUPPLY-001,완료,미검증,"cpf-admin/frontend/**;cpf-biz-admin/frontend/**;cpf-starters/security/**;cpf-tools/db/vendor/{oracle,postgresql,mariadb}/**/V83__*.sql;cpf-tools/supply-chain/**;cpf-tools/scripts/generate-cpf-supply-chain-evidence.ps1;cpf-docs/legal/THIRD_PARTY_NOTICES_QA32.md;cpf-batch/control-server/src/main/java/com/cpf/batch/control/deploy/**;cpf-batch/host-agent/src/main/java/com/cpf/batch/agent/**;settings.gradle;build.gradle;gradle/cpf-stack.properties;cpf-tools/scripts/verify-cpf-qa32-generator.py;cpf-tools/scripts/verify-cpf-qa32-repository-security.py;cpf-tools/scripts/verify-cpf-qa32-primary-engines.py;cpf-tools/scripts/verify-cpf-qa32-completion.py;cpf-docs/quality/CPF_20260730_QA32_RESULT_MATRIX.csv",정적 Gate 통과; Java25/3DB/Kafka/Playwright exact-SHA Runtime 검증 필요
REQUIREMENT,OSS-TEST-001,OSS-TEST-001,완료,미검증,"cpf-batch/execution-runtime/**;cpf-batch/worker/src/main/java/com/cpf/batch/worker/SpringBatchWorkerStepHandler.java;cpf-tools/db/vendor/{oracle,postgresql,mariadb}/**/V82__*.sql;cpf-tools/db/vendor/{oracle,postgresql,mariadb}/**/V84__*.sql;cpf-gateway/src/main/java/com/cpf/gateway/scg/**;cpf-gateway/build.gradle;cpf-docs/work/manifest/CPF_20260731_QA32_DELETE_MANIFEST.txt;cpf-admin/frontend/**;cpf-biz-admin/frontend/**;cpf-starters/security/**;cpf-tools/db/vendor/{oracle,postgresql,mariadb}/**/V83__*.sql;cpf-starters/messaging-kafka/**;cpf-batch/execution-runtime/src/main/java/com/cpf/batch/execution/CpfBatchKafka*.java;cpf-starters/observability/**;cpf-tools/supply-chain/**;cpf-tools/scripts/generate-cpf-supply-chain-evidence.ps1;cpf-docs/legal/THIRD_PARTY_NOTICES_QA32.md;cpf-batch/control-server/src/main/java/com/cpf/batch/control/deploy/**;cpf-batch/host-agent/src/main/java/com/cpf/batch/agent/**;cpf-tools/scripts/verify-cpf-qa32-repository-security.py;cpf-tools/scripts/verify-cpf-qa32-primary-engines.py;cpf-tools/scripts/verify-cpf-qa32-completion.py;cpf-docs/quality/CPF_20260730_QA32_RESULT_MATRIX.csv",정적 Gate 통과; Java25/3DB/Kafka/Playwright exact-SHA Runtime 검증 필요
REQUIREMENT,BUILD-DEP-001,BUILD-DEP-001,완료,미검증,"cpf-admin/frontend/**;cpf-biz-admin/frontend/**;cpf-starters/security/**;cpf-tools/db/vendor/{oracle,postgresql,mariadb}/**/V83__*.sql;cpf-tools/supply-chain/**;cpf-tools/scripts/generate-cpf-supply-chain-evidence.ps1;cpf-docs/legal/THIRD_PARTY_NOTICES_QA32.md;settings.gradle;build.gradle;gradle/cpf-stack.properties;cpf-tools/scripts/verify-cpf-qa32-generator.py",정적 Gate 통과; Java25/3DB/Kafka/Playwright exact-SHA Runtime 검증 필요
REQUIREMENT,BUILD-DEP-002,BUILD-DEP-002,완료,미검증,"cpf-admin/frontend/**;cpf-biz-admin/frontend/**;cpf-starters/security/**;cpf-tools/db/vendor/{oracle,postgresql,mariadb}/**/V83__*.sql;cpf-starters/cache/**;cpf-tools/supply-chain/**;cpf-tools/scripts/generate-cpf-supply-chain-evidence.ps1;cpf-docs/legal/THIRD_PARTY_NOTICES_QA32.md;settings.gradle;build.gradle;gradle/cpf-stack.properties;cpf-tools/scripts/verify-cpf-qa32-generator.py;cpf-tools/scripts/verify-cpf-qa32-primary-engines.py;cpf-tools/scripts/verify-cpf-qa32-completion.py;cpf-docs/quality/CPF_20260730_QA32_RESULT_MATRIX.csv",정적 Gate 통과; Java25/3DB/Kafka/Playwright exact-SHA Runtime 검증 필요
REQUIREMENT,BUILD-PROV-001,BUILD-PROV-001,완료,미검증,"cpf-admin/frontend/**;cpf-biz-admin/frontend/**;cpf-starters/security/**;cpf-tools/db/vendor/{oracle,postgresql,mariadb}/**/V83__*.sql;cpf-tools/supply-chain/**;cpf-tools/scripts/generate-cpf-supply-chain-evidence.ps1;cpf-docs/legal/THIRD_PARTY_NOTICES_QA32.md;cpf-core/src/main/java/com/cpf/core/api/archive/**;cpf-core/src/main/java/com/cpf/core/api/attachment/**;cpf-core/src/main/java/com/cpf/core/common/archive/LocalCpfArchiveService.java;cpf-core/src/main/java/com/cpf/core/common/attachment/LocalCpfAttachmentStorageAdapter.java;cpf-batch/control-server/src/main/java/com/cpf/batch/control/deploy/**;cpf-batch/host-agent/src/main/java/com/cpf/batch/agent/**;settings.gradle;build.gradle;gradle/cpf-stack.properties;cpf-tools/scripts/verify-cpf-qa32-generator.py;cpf-tools/scripts/verify-cpf-qa32-repository-security.py;cpf-tools/scripts/verify-cpf-qa32-primary-engines.py;cpf-tools/scripts/verify-cpf-qa32-completion.py;cpf-docs/quality/CPF_20260730_QA32_RESULT_MATRIX.csv",정적 Gate 통과; Java25/3DB/Kafka/Playwright exact-SHA Runtime 검증 필요
REQUIREMENT,BUILD-ART-001,BUILD-ART-001,완료,미검증,"cpf-admin/frontend/**;cpf-biz-admin/frontend/**;cpf-starters/security/**;cpf-tools/db/vendor/{oracle,postgresql,mariadb}/**/V83__*.sql;cpf-batch/control-server/src/main/java/com/cpf/batch/control/deploy/**;cpf-batch/host-agent/src/main/java/com/cpf/batch/agent/**;settings.gradle;build.gradle;gradle/cpf-stack.properties;cpf-tools/scripts/verify-cpf-qa32-generator.py;cpf-tools/scripts/verify-cpf-qa32-primary-engines.py;cpf-tools/scripts/verify-cpf-qa32-completion.py;cpf-docs/quality/CPF_20260730_QA32_RESULT_MATRIX.csv",정적 Gate 통과; Java25/3DB/Kafka/Playwright exact-SHA Runtime 검증 필요
REQUIREMENT,BUILD-ART-002,BUILD-ART-002,완료,미검증,"cpf-admin/frontend/**;cpf-biz-admin/frontend/**;cpf-starters/security/**;cpf-tools/db/vendor/{oracle,postgresql,mariadb}/**/V83__*.sql;cpf-starters/cache/**;cpf-tools/supply-chain/**;cpf-tools/scripts/generate-cpf-supply-chain-evidence.ps1;cpf-docs/legal/THIRD_PARTY_NOTICES_QA32.md;cpf-batch/control-server/src/main/java/com/cpf/batch/control/deploy/**;cpf-batch/host-agent/src/main/java/com/cpf/batch/agent/**;settings.gradle;build.gradle;gradle/cpf-stack.properties;cpf-tools/scripts/verify-cpf-qa32-generator.py;cpf-tools/scripts/verify-cpf-qa32-primary-engines.py;cpf-tools/scripts/verify-cpf-qa32-completion.py;cpf-docs/quality/CPF_20260730_QA32_RESULT_MATRIX.csv",정적 Gate 통과; Java25/3DB/Kafka/Playwright exact-SHA Runtime 검증 필요
REQUIREMENT,BUILD-PKG-001,BUILD-PKG-001,완료,미검증,"cpf-admin/frontend/**;cpf-biz-admin/frontend/**;cpf-starters/security/**;cpf-tools/db/vendor/{oracle,postgresql,mariadb}/**/V83__*.sql;cpf-tools/supply-chain/**;cpf-tools/scripts/generate-cpf-supply-chain-evidence.ps1;cpf-docs/legal/THIRD_PARTY_NOTICES_QA32.md;cpf-core/src/main/java/com/cpf/core/api/archive/**;cpf-core/src/main/java/com/cpf/core/api/attachment/**;cpf-core/src/main/java/com/cpf/core/common/archive/LocalCpfArchiveService.java;cpf-core/src/main/java/com/cpf/core/common/attachment/LocalCpfAttachmentStorageAdapter.java;cpf-batch/control-server/src/main/java/com/cpf/batch/control/deploy/**;cpf-batch/host-agent/src/main/java/com/cpf/batch/agent/**;settings.gradle;build.gradle;gradle/cpf-stack.properties;cpf-tools/scripts/verify-cpf-qa32-generator.py;cpf-tools/scripts/verify-cpf-qa32-primary-engines.py;cpf-tools/scripts/verify-cpf-qa32-completion.py;cpf-docs/quality/CPF_20260730_QA32_RESULT_MATRIX.csv",정적 Gate 통과; Java25/3DB/Kafka/Playwright exact-SHA Runtime 검증 필요
REQUIREMENT,BUILD-FE-001,BUILD-FE-001,완료,미검증,"cpf-admin/frontend/**;cpf-biz-admin/frontend/**;cpf-starters/security/**;cpf-tools/db/vendor/{oracle,postgresql,mariadb}/**/V83__*.sql;cpf-starters/cache/**;cpf-tools/supply-chain/**;cpf-tools/scripts/generate-cpf-supply-chain-evidence.ps1;cpf-docs/legal/THIRD_PARTY_NOTICES_QA32.md;settings.gradle;build.gradle;gradle/cpf-stack.properties;cpf-tools/scripts/verify-cpf-qa32-generator.py;cpf-tools/scripts/verify-cpf-qa32-primary-engines.py;cpf-tools/scripts/verify-cpf-qa32-completion.py;cpf-docs/quality/CPF_20260730_QA32_RESULT_MATRIX.csv",정적 Gate 통과; Java25/3DB/Kafka/Playwright exact-SHA Runtime 검증 필요
REQUIREMENT,BUILD-FE-002,BUILD-FE-002,완료,미검증,"cpf-admin/frontend/**;cpf-biz-admin/frontend/**;cpf-starters/security/**;cpf-tools/db/vendor/{oracle,postgresql,mariadb}/**/V83__*.sql;cpf-tools/supply-chain/**;cpf-tools/scripts/generate-cpf-supply-chain-evidence.ps1;cpf-docs/legal/THIRD_PARTY_NOTICES_QA32.md;cpf-batch/control-server/src/main/java/com/cpf/batch/control/deploy/**;cpf-batch/host-agent/src/main/java/com/cpf/batch/agent/**;settings.gradle;build.gradle;gradle/cpf-stack.properties;cpf-tools/scripts/verify-cpf-qa32-generator.py;cpf-tools/scripts/verify-cpf-qa32-primary-engines.py;cpf-tools/scripts/verify-cpf-qa32-completion.py;cpf-docs/quality/CPF_20260730_QA32_RESULT_MATRIX.csv",정적 Gate 통과; Java25/3DB/Kafka/Playwright exact-SHA Runtime 검증 필요
REQUIREMENT,BUILD-GEN-001,BUILD-GEN-001,완료,미검증,"cpf-admin/frontend/**;cpf-biz-admin/frontend/**;cpf-starters/security/**;cpf-tools/db/vendor/{oracle,postgresql,mariadb}/**/V83__*.sql;settings.gradle;build.gradle;gradle/cpf-stack.properties;cpf-tools/scripts/verify-cpf-qa32-generator.py;cpf-tools/scripts/verify-cpf-qa32-primary-engines.py;cpf-tools/scripts/verify-cpf-qa32-completion.py;cpf-docs/quality/CPF_20260730_QA32_RESULT_MATRIX.csv",정적 Gate 통과; Java25/3DB/Kafka/Playwright exact-SHA Runtime 검증 필요
REQUIREMENT,BUILD-GEN-002,BUILD-GEN-002,완료,미검증,"cpf-admin/frontend/**;cpf-biz-admin/frontend/**;cpf-starters/security/**;cpf-tools/db/vendor/{oracle,postgresql,mariadb}/**/V83__*.sql;cpf-tools/supply-chain/**;cpf-tools/scripts/generate-cpf-supply-chain-evidence.ps1;cpf-docs/legal/THIRD_PARTY_NOTICES_QA32.md;settings.gradle;build.gradle;gradle/cpf-stack.properties;cpf-tools/scripts/verify-cpf-qa32-generator.py",정적 Gate 통과; Java25/3DB/Kafka/Playwright exact-SHA Runtime 검증 필요
REQUIREMENT,BUILD-GEN-003,BUILD-GEN-003,완료,미검증,"cpf-admin/frontend/**;cpf-biz-admin/frontend/**;cpf-starters/security/**;cpf-tools/db/vendor/{oracle,postgresql,mariadb}/**/V83__*.sql;cpf-tools/supply-chain/**;cpf-tools/scripts/generate-cpf-supply-chain-evidence.ps1;cpf-docs/legal/THIRD_PARTY_NOTICES_QA32.md;cpf-core/src/main/java/com/cpf/core/api/archive/**;cpf-core/src/main/java/com/cpf/core/api/attachment/**;cpf-core/src/main/java/com/cpf/core/common/archive/LocalCpfArchiveService.java;cpf-core/src/main/java/com/cpf/core/common/attachment/LocalCpfAttachmentStorageAdapter.java;settings.gradle;build.gradle;gradle/cpf-stack.properties;cpf-tools/scripts/verify-cpf-qa32-generator.py;cpf-tools/scripts/verify-cpf-qa32-primary-engines.py;cpf-tools/scripts/verify-cpf-qa32-completion.py;cpf-docs/quality/CPF_20260730_QA32_RESULT_MATRIX.csv",정적 Gate 통과; Java25/3DB/Kafka/Playwright exact-SHA Runtime 검증 필요
REQUIREMENT,BUILD-ART-003,BUILD-ART-003,완료,미검증,"cpf-admin/frontend/**;cpf-biz-admin/frontend/**;cpf-starters/security/**;cpf-tools/db/vendor/{oracle,postgresql,mariadb}/**/V83__*.sql;cpf-tools/supply-chain/**;cpf-tools/scripts/generate-cpf-supply-chain-evidence.ps1;cpf-docs/legal/THIRD_PARTY_NOTICES_QA32.md;cpf-batch/control-server/src/main/java/com/cpf/batch/control/deploy/**;cpf-batch/host-agent/src/main/java/com/cpf/batch/agent/**;settings.gradle;build.gradle;gradle/cpf-stack.properties;cpf-tools/scripts/verify-cpf-qa32-generator.py;cpf-tools/scripts/verify-cpf-qa32-primary-engines.py;cpf-tools/scripts/verify-cpf-qa32-completion.py;cpf-docs/quality/CPF_20260730_QA32_RESULT_MATRIX.csv",정적 Gate 통과; Java25/3DB/Kafka/Playwright exact-SHA Runtime 검증 필요
REQUIREMENT,BUILD-ART-004,BUILD-ART-004,완료,미검증,"cpf-admin/frontend/**;cpf-biz-admin/frontend/**;cpf-starters/security/**;cpf-tools/db/vendor/{oracle,postgresql,mariadb}/**/V83__*.sql;cpf-batch/control-server/src/main/java/com/cpf/batch/control/deploy/**;cpf-batch/host-agent/src/main/java/com/cpf/batch/agent/**;settings.gradle;build.gradle;gradle/cpf-stack.properties;cpf-tools/scripts/verify-cpf-qa32-generator.py;cpf-tools/scripts/verify-cpf-qa32-primary-engines.py;cpf-tools/scripts/verify-cpf-qa32-completion.py;cpf-docs/quality/CPF_20260730_QA32_RESULT_MATRIX.csv",정적 Gate 통과; Java25/3DB/Kafka/Playwright exact-SHA Runtime 검증 필요
REQUIREMENT,BUILD-API-001,BUILD-API-001,완료,미검증,"cpf-admin/frontend/**;cpf-biz-admin/frontend/**;cpf-starters/security/**;cpf-tools/db/vendor/{oracle,postgresql,mariadb}/**/V83__*.sql;settings.gradle;build.gradle;gradle/cpf-stack.properties;cpf-tools/scripts/verify-cpf-qa32-generator.py;cpf-tools/scripts/verify-cpf-qa32-primary-engines.py;cpf-tools/scripts/verify-cpf-qa32-completion.py;cpf-docs/quality/CPF_20260730_QA32_RESULT_MATRIX.csv",정적 Gate 통과; Java25/3DB/Kafka/Playwright exact-SHA Runtime 검증 필요
REQUIREMENT,BUILD-REL-001,BUILD-REL-001,완료,미검증,"cpf-admin/frontend/**;cpf-biz-admin/frontend/**;cpf-starters/security/**;cpf-tools/db/vendor/{oracle,postgresql,mariadb}/**/V83__*.sql;cpf-tools/supply-chain/**;cpf-tools/scripts/generate-cpf-supply-chain-evidence.ps1;cpf-docs/legal/THIRD_PARTY_NOTICES_QA32.md;cpf-core/src/main/java/com/cpf/core/api/archive/**;cpf-core/src/main/java/com/cpf/core/api/attachment/**;cpf-core/src/main/java/com/cpf/core/common/archive/LocalCpfArchiveService.java;cpf-core/src/main/java/com/cpf/core/common/attachment/LocalCpfAttachmentStorageAdapter.java;settings.gradle;build.gradle;gradle/cpf-stack.properties;cpf-tools/scripts/verify-cpf-qa32-generator.py;cpf-tools/scripts/verify-cpf-qa32-primary-engines.py;cpf-tools/scripts/verify-cpf-qa32-completion.py;cpf-docs/quality/CPF_20260730_QA32_RESULT_MATRIX.csv",정적 Gate 통과; Java25/3DB/Kafka/Playwright exact-SHA Runtime 검증 필요
REQUIREMENT,BUILD-PROV-002,BUILD-PROV-002,완료,미검증,"cpf-admin/frontend/**;cpf-biz-admin/frontend/**;cpf-starters/security/**;cpf-tools/db/vendor/{oracle,postgresql,mariadb}/**/V83__*.sql;cpf-tools/supply-chain/**;cpf-tools/scripts/generate-cpf-supply-chain-evidence.ps1;cpf-docs/legal/THIRD_PARTY_NOTICES_QA32.md;cpf-batch/control-server/src/main/java/com/cpf/batch/control/deploy/**;cpf-batch/host-agent/src/main/java/com/cpf/batch/agent/**;settings.gradle;build.gradle;gradle/cpf-stack.properties;cpf-tools/scripts/verify-cpf-qa32-generator.py",정적 Gate 통과; Java25/3DB/Kafka/Playwright exact-SHA Runtime 검증 필요
REQUIREMENT,BUILD-GEN-004,BUILD-GEN-004,완료,미검증,"cpf-admin/frontend/**;cpf-biz-admin/frontend/**;cpf-starters/security/**;cpf-tools/db/vendor/{oracle,postgresql,mariadb}/**/V83__*.sql;cpf-starters/cache/**;settings.gradle;build.gradle;gradle/cpf-stack.properties;cpf-tools/scripts/verify-cpf-qa32-generator.py;cpf-tools/scripts/verify-cpf-qa32-primary-engines.py;cpf-tools/scripts/verify-cpf-qa32-completion.py;cpf-docs/quality/CPF_20260730_QA32_RESULT_MATRIX.csv",정적 Gate 통과; Java25/3DB/Kafka/Playwright exact-SHA Runtime 검증 필요
REQUIREMENT,BUILD-PKG-002,BUILD-PKG-002,완료,미검증,"cpf-admin/frontend/**;cpf-biz-admin/frontend/**;cpf-starters/security/**;cpf-tools/db/vendor/{oracle,postgresql,mariadb}/**/V83__*.sql;cpf-tools/supply-chain/**;cpf-tools/scripts/generate-cpf-supply-chain-evidence.ps1;cpf-docs/legal/THIRD_PARTY_NOTICES_QA32.md;cpf-core/src/main/java/com/cpf/core/api/archive/**;cpf-core/src/main/java/com/cpf/core/api/attachment/**;cpf-core/src/main/java/com/cpf/core/common/archive/LocalCpfArchiveService.java;cpf-core/src/main/java/com/cpf/core/common/attachment/LocalCpfAttachmentStorageAdapter.java;cpf-batch/control-server/src/main/java/com/cpf/batch/control/deploy/**;cpf-batch/host-agent/src/main/java/com/cpf/batch/agent/**;settings.gradle;build.gradle;gradle/cpf-stack.properties;cpf-tools/scripts/verify-cpf-qa32-generator.py;cpf-tools/scripts/verify-cpf-qa32-primary-engines.py;cpf-tools/scripts/verify-cpf-qa32-completion.py;cpf-docs/quality/CPF_20260730_QA32_RESULT_MATRIX.csv",정적 Gate 통과; Java25/3DB/Kafka/Playwright exact-SHA Runtime 검증 필요
REQUIREMENT,BUILD-ART-005,BUILD-ART-005,완료,미검증,"cpf-admin/frontend/**;cpf-biz-admin/frontend/**;cpf-starters/security/**;cpf-tools/db/vendor/{oracle,postgresql,mariadb}/**/V83__*.sql;cpf-starters/cache/**;cpf-tools/supply-chain/**;cpf-tools/scripts/generate-cpf-supply-chain-evidence.ps1;cpf-docs/legal/THIRD_PARTY_NOTICES_QA32.md;cpf-batch/control-server/src/main/java/com/cpf/batch/control/deploy/**;cpf-batch/host-agent/src/main/java/com/cpf/batch/agent/**;settings.gradle;build.gradle;gradle/cpf-stack.properties;cpf-tools/scripts/verify-cpf-qa32-generator.py;cpf-tools/scripts/verify-cpf-qa32-primary-engines.py;cpf-tools/scripts/verify-cpf-qa32-completion.py;cpf-docs/quality/CPF_20260730_QA32_RESULT_MATRIX.csv",정적 Gate 통과; Java25/3DB/Kafka/Playwright exact-SHA Runtime 검증 필요
REQUIREMENT,BUILD-PROV-003,BUILD-PROV-003,완료,미검증,"cpf-admin/frontend/**;cpf-biz-admin/frontend/**;cpf-starters/security/**;cpf-tools/db/vendor/{oracle,postgresql,mariadb}/**/V83__*.sql;cpf-batch/control-server/src/main/java/com/cpf/batch/control/deploy/**;cpf-batch/host-agent/src/main/java/com/cpf/batch/agent/**;settings.gradle;build.gradle;gradle/cpf-stack.properties;cpf-tools/scripts/verify-cpf-qa32-generator.py;cpf-tools/scripts/verify-cpf-qa32-primary-engines.py;cpf-tools/scripts/verify-cpf-qa32-completion.py;cpf-docs/quality/CPF_20260730_QA32_RESULT_MATRIX.csv",정적 Gate 통과; Java25/3DB/Kafka/Playwright exact-SHA Runtime 검증 필요
REQUIREMENT,BUILD-ART-006,BUILD-ART-006,완료,미검증,"cpf-admin/frontend/**;cpf-biz-admin/frontend/**;cpf-starters/security/**;cpf-tools/db/vendor/{oracle,postgresql,mariadb}/**/V83__*.sql;cpf-starters/secret/**;cpf-biz-admin/src/main/java/com/cpf/bizadmin/auth/service/BzaBootstrapRunner.java;cpf-batch/control-server/src/main/java/com/cpf/batch/control/deploy/**;cpf-batch/host-agent/src/main/java/com/cpf/batch/agent/**;settings.gradle;build.gradle;gradle/cpf-stack.properties;cpf-tools/scripts/verify-cpf-qa32-generator.py;cpf-tools/scripts/verify-cpf-qa32-primary-engines.py;cpf-tools/scripts/verify-cpf-qa32-completion.py;cpf-docs/quality/CPF_20260730_QA32_RESULT_MATRIX.csv",정적 Gate 통과; Java25/3DB/Kafka/Playwright exact-SHA Runtime 검증 필요
REQUIREMENT,BUILD-GOV-001,BUILD-GOV-001,완료,미검증,"cpf-admin/frontend/**;cpf-biz-admin/frontend/**;cpf-starters/security/**;cpf-tools/db/vendor/{oracle,postgresql,mariadb}/**/V83__*.sql;cpf-tools/supply-chain/**;cpf-tools/scripts/generate-cpf-supply-chain-evidence.ps1;cpf-docs/legal/THIRD_PARTY_NOTICES_QA32.md;settings.gradle;build.gradle;gradle/cpf-stack.properties;cpf-tools/scripts/verify-cpf-qa32-generator.py;cpf-tools/scripts/verify-cpf-qa32-primary-engines.py;cpf-tools/scripts/verify-cpf-qa32-completion.py;cpf-docs/quality/CPF_20260730_QA32_RESULT_MATRIX.csv",정적 Gate 통과; Java25/3DB/Kafka/Playwright exact-SHA Runtime 검증 필요
REQUIREMENT,BUILD-OBS-001,BUILD-OBS-001,완료,미검증,"cpf-admin/frontend/**;cpf-biz-admin/frontend/**;cpf-starters/security/**;cpf-tools/db/vendor/{oracle,postgresql,mariadb}/**/V83__*.sql;settings.gradle;build.gradle;gradle/cpf-stack.properties;cpf-tools/scripts/verify-cpf-qa32-generator.py;cpf-tools/scripts/verify-cpf-qa32-repository-security.py;cpf-tools/scripts/verify-cpf-qa32-primary-engines.py;cpf-tools/scripts/verify-cpf-qa32-completion.py;cpf-docs/quality/CPF_20260730_QA32_RESULT_MATRIX.csv",정적 Gate 통과; Java25/3DB/Kafka/Playwright exact-SHA Runtime 검증 필요
REQUIREMENT,SRC-ABSENCE-001,SRC-ABSENCE-001,완료,미검증,cpf-tools/scripts/verify-cpf-qa32-repository-security.py,정적 Gate 통과; Java25/3DB/Kafka/Playwright exact-SHA Runtime 검증 필요
REQUIREMENT,SRC-ERR-001,SRC-ERR-001,완료,미검증,cpf-starters/resilience/**;cpf-starters/observability/**;cpf-tools/supply-chain/**;cpf-tools/scripts/generate-cpf-supply-chain-evidence.ps1;cpf-docs/legal/THIRD_PARTY_NOTICES_QA32.md;cpf-tools/scripts/verify-cpf-qa32-repository-security.py;cpf-tools/scripts/verify-cpf-qa32-primary-engines.py;cpf-tools/scripts/verify-cpf-qa32-completion.py;cpf-docs/quality/CPF_20260730_QA32_RESULT_MATRIX.csv,정적 Gate 통과; Java25/3DB/Kafka/Playwright exact-SHA Runtime 검증 필요
REQUIREMENT,SRC-CONC-001,SRC-CONC-001,완료,미검증,"cpf-batch/execution-runtime/**;cpf-batch/worker/src/main/java/com/cpf/batch/worker/SpringBatchWorkerStepHandler.java;cpf-tools/db/vendor/{oracle,postgresql,mariadb}/**/V82__*.sql;cpf-tools/db/vendor/{oracle,postgresql,mariadb}/**/V84__*.sql;cpf-starters/observability/**",정적 Gate 통과; Java25/3DB/Kafka/Playwright exact-SHA Runtime 검증 필요
REQUIREMENT,SRC-EXEC-001,SRC-EXEC-001,완료,미검증,"cpf-batch/execution-runtime/**;cpf-batch/worker/src/main/java/com/cpf/batch/worker/SpringBatchWorkerStepHandler.java;cpf-tools/db/vendor/{oracle,postgresql,mariadb}/**/V82__*.sql;cpf-tools/db/vendor/{oracle,postgresql,mariadb}/**/V84__*.sql;cpf-admin/frontend/**;cpf-biz-admin/frontend/**;cpf-starters/security/**;cpf-tools/db/vendor/{oracle,postgresql,mariadb}/**/V83__*.sql;cpf-batch/control-server/src/main/java/com/cpf/batch/control/deploy/**;cpf-batch/host-agent/src/main/java/com/cpf/batch/agent/**;settings.gradle;build.gradle;gradle/cpf-stack.properties;cpf-tools/scripts/verify-cpf-qa32-generator.py;cpf-tools/scripts/verify-cpf-qa32-repository-security.py",정적 Gate 통과; Java25/3DB/Kafka/Playwright exact-SHA Runtime 검증 필요
REQUIREMENT,SRC-EGRESS-001,SRC-EGRESS-001,완료,미검증,cpf-starters/resilience/**;cpf-starters/observability/**;cpf-batch/control-server/src/main/java/com/cpf/batch/control/deploy/**;cpf-batch/host-agent/src/main/java/com/cpf/batch/agent/**;cpf-tools/scripts/verify-cpf-qa32-repository-security.py;cpf-tools/scripts/verify-cpf-qa32-primary-engines.py;cpf-tools/scripts/verify-cpf-qa32-completion.py;cpf-docs/quality/CPF_20260730_QA32_RESULT_MATRIX.csv,정적 Gate 통과; Java25/3DB/Kafka/Playwright exact-SHA Runtime 검증 필요
REQUIREMENT,CFG-ENV-001,CFG-ENV-001,완료,미검증,"cpf-admin/frontend/**;cpf-biz-admin/frontend/**;cpf-starters/security/**;cpf-tools/db/vendor/{oracle,postgresql,mariadb}/**/V83__*.sql;cpf-starters/secret/**;cpf-biz-admin/src/main/java/com/cpf/bizadmin/auth/service/BzaBootstrapRunner.java;settings.gradle;build.gradle;gradle/cpf-stack.properties;cpf-tools/scripts/verify-cpf-qa32-generator.py",정적 Gate 통과; Java25/3DB/Kafka/Playwright exact-SHA Runtime 검증 필요
REQUIREMENT,SRC-INCOMPLETE-001,SRC-INCOMPLETE-001,완료,미검증,cpf-tools/supply-chain/**;cpf-tools/scripts/generate-cpf-supply-chain-evidence.ps1;cpf-docs/legal/THIRD_PARTY_NOTICES_QA32.md;cpf-tools/scripts/verify-cpf-qa32-repository-security.py,정적 Gate 통과; Java25/3DB/Kafka/Playwright exact-SHA Runtime 검증 필요
REQUIREMENT,SEC-SCRIPT-001,SEC-SCRIPT-001,완료,미검증,"cpf-batch/execution-runtime/**;cpf-batch/worker/src/main/java/com/cpf/batch/worker/SpringBatchWorkerStepHandler.java;cpf-tools/db/vendor/{oracle,postgresql,mariadb}/**/V82__*.sql;cpf-tools/db/vendor/{oracle,postgresql,mariadb}/**/V84__*.sql;cpf-tools/scripts/verify-cpf-qa32-repository-security.py;cpf-tools/scripts/verify-cpf-qa32-primary-engines.py;cpf-tools/scripts/verify-cpf-qa32-completion.py;cpf-docs/quality/CPF_20260730_QA32_RESULT_MATRIX.csv",정적 Gate 통과; Java25/3DB/Kafka/Playwright exact-SHA Runtime 검증 필요
REQUIREMENT,BUILD-PS-001,BUILD-PS-001,완료,미검증,"cpf-batch/execution-runtime/**;cpf-batch/worker/src/main/java/com/cpf/batch/worker/SpringBatchWorkerStepHandler.java;cpf-tools/db/vendor/{oracle,postgresql,mariadb}/**/V82__*.sql;cpf-tools/db/vendor/{oracle,postgresql,mariadb}/**/V84__*.sql;cpf-admin/frontend/**;cpf-biz-admin/frontend/**;cpf-starters/security/**;cpf-tools/db/vendor/{oracle,postgresql,mariadb}/**/V83__*.sql;cpf-tools/supply-chain/**;cpf-tools/scripts/generate-cpf-supply-chain-evidence.ps1;cpf-docs/legal/THIRD_PARTY_NOTICES_QA32.md;cpf-batch/control-server/src/main/java/com/cpf/batch/control/deploy/**;cpf-batch/host-agent/src/main/java/com/cpf/batch/agent/**;settings.gradle;build.gradle;gradle/cpf-stack.properties;cpf-tools/scripts/verify-cpf-qa32-generator.py;cpf-tools/scripts/verify-cpf-qa32-primary-engines.py;cpf-tools/scripts/verify-cpf-qa32-completion.py;cpf-docs/quality/CPF_20260730_QA32_RESULT_MATRIX.csv",정적 Gate 통과; Java25/3DB/Kafka/Playwright exact-SHA Runtime 검증 필요
REQUIREMENT,SRC-FS-001,SRC-FS-001,완료,미검증,cpf-core/src/main/java/com/cpf/core/api/archive/**;cpf-core/src/main/java/com/cpf/core/api/attachment/**;cpf-core/src/main/java/com/cpf/core/common/archive/LocalCpfArchiveService.java;cpf-core/src/main/java/com/cpf/core/common/attachment/LocalCpfAttachmentStorageAdapter.java;cpf-tools/scripts/verify-cpf-qa32-repository-security.py;cpf-tools/scripts/verify-cpf-qa32-primary-engines.py;cpf-tools/scripts/verify-cpf-qa32-completion.py;cpf-docs/quality/CPF_20260730_QA32_RESULT_MATRIX.csv,정적 Gate 통과; Java25/3DB/Kafka/Playwright exact-SHA Runtime 검증 필요
REQUIREMENT,SRC-REFLECT-001,SRC-REFLECT-001,완료,미검증,cpf-core/src/main/java/com/cpf/core/api/archive/**;cpf-core/src/main/java/com/cpf/core/api/attachment/**;cpf-core/src/main/java/com/cpf/core/common/archive/LocalCpfArchiveService.java;cpf-core/src/main/java/com/cpf/core/common/attachment/LocalCpfAttachmentStorageAdapter.java;settings.gradle;build.gradle;gradle/cpf-stack.properties;cpf-tools/scripts/verify-cpf-qa32-generator.py;cpf-tools/scripts/verify-cpf-qa32-repository-security.py,정적 Gate 통과; Java25/3DB/Kafka/Playwright exact-SHA Runtime 검증 필요
REQUIREMENT,SRC-DESER-001,SRC-DESER-001,완료,미검증,cpf-core/src/main/java/com/cpf/core/api/archive/**;cpf-core/src/main/java/com/cpf/core/api/attachment/**;cpf-core/src/main/java/com/cpf/core/common/archive/LocalCpfArchiveService.java;cpf-core/src/main/java/com/cpf/core/common/attachment/LocalCpfAttachmentStorageAdapter.java;cpf-tools/scripts/verify-cpf-qa32-repository-security.py;cpf-tools/scripts/verify-cpf-qa32-primary-engines.py;cpf-tools/scripts/verify-cpf-qa32-completion.py;cpf-docs/quality/CPF_20260730_QA32_RESULT_MATRIX.csv,정적 Gate 통과; Java25/3DB/Kafka/Playwright exact-SHA Runtime 검증 필요
REQUIREMENT,SEC-CRYPTO-001,SEC-CRYPTO-001,완료,미검증,cpf-tools/scripts/verify-cpf-qa32-repository-security.py;cpf-tools/scripts/verify-cpf-qa32-primary-engines.py;cpf-tools/scripts/verify-cpf-qa32-completion.py;cpf-docs/quality/CPF_20260730_QA32_RESULT_MATRIX.csv,정적 Gate 통과; Java25/3DB/Kafka/Playwright exact-SHA Runtime 검증 필요
REQUIREMENT,SRC-SQL-001,SRC-SQL-001,완료,미검증,"cpf-admin/frontend/**;cpf-biz-admin/frontend/**;cpf-starters/security/**;cpf-tools/db/vendor/{oracle,postgresql,mariadb}/**/V83__*.sql;settings.gradle;build.gradle;gradle/cpf-stack.properties;cpf-tools/scripts/verify-cpf-qa32-generator.py;cpf-tools/scripts/verify-cpf-qa32-repository-security.py;cpf-tools/scripts/verify-cpf-qa32-primary-engines.py;cpf-tools/scripts/verify-cpf-qa32-completion.py;cpf-docs/quality/CPF_20260730_QA32_RESULT_MATRIX.csv",정적 Gate 통과; Java25/3DB/Kafka/Playwright exact-SHA Runtime 검증 필요
REQUIREMENT,SRC-RESOURCE-001,SRC-RESOURCE-001,완료,미검증,cpf-core/src/main/java/com/cpf/core/api/archive/**;cpf-core/src/main/java/com/cpf/core/api/attachment/**;cpf-core/src/main/java/com/cpf/core/common/archive/LocalCpfArchiveService.java;cpf-core/src/main/java/com/cpf/core/common/attachment/LocalCpfAttachmentStorageAdapter.java;cpf-batch/control-server/src/main/java/com/cpf/batch/control/deploy/**;cpf-batch/host-agent/src/main/java/com/cpf/batch/agent/**;cpf-tools/scripts/verify-cpf-qa32-repository-security.py;cpf-tools/scripts/verify-cpf-qa32-primary-engines.py;cpf-tools/scripts/verify-cpf-qa32-completion.py;cpf-docs/quality/CPF_20260730_QA32_RESULT_MATRIX.csv,정적 Gate 통과; Java25/3DB/Kafka/Playwright exact-SHA Runtime 검증 필요
REQUIREMENT,SEC-BOOTSTRAP-001,SEC-BOOTSTRAP-001,완료,미검증,"cpf-admin/frontend/**;cpf-biz-admin/frontend/**;cpf-starters/security/**;cpf-tools/db/vendor/{oracle,postgresql,mariadb}/**/V83__*.sql;cpf-biz-admin/src/main/java/com/cpf/bizadmin/auth/service/BzaBootstrapRunner.java;cpf-tools/db/vendor/{oracle,postgresql,mariadb}/**/V85__*.sql;cpf-tools/scripts/verify-cpf-qa32-repository-security.py;cpf-tools/scripts/verify-cpf-qa32-primary-engines.py;cpf-tools/scripts/verify-cpf-qa32-completion.py;cpf-docs/quality/CPF_20260730_QA32_RESULT_MATRIX.csv",정적 Gate 통과; Java25/3DB/Kafka/Playwright exact-SHA Runtime 검증 필요
REQUIREMENT,OPS-DEPLOY-001,OPS-DEPLOY-001,완료,미검증,"cpf-batch/execution-runtime/**;cpf-batch/worker/src/main/java/com/cpf/batch/worker/SpringBatchWorkerStepHandler.java;cpf-tools/db/vendor/{oracle,postgresql,mariadb}/**/V82__*.sql;cpf-tools/db/vendor/{oracle,postgresql,mariadb}/**/V84__*.sql;cpf-admin/frontend/**;cpf-biz-admin/frontend/**;cpf-starters/security/**;cpf-tools/db/vendor/{oracle,postgresql,mariadb}/**/V83__*.sql;cpf-batch/control-server/src/main/java/com/cpf/batch/control/deploy/**;cpf-batch/host-agent/src/main/java/com/cpf/batch/agent/**;cpf-tools/scripts/verify-cpf-qa32-primary-engines.py;cpf-tools/scripts/verify-cpf-qa32-completion.py;cpf-docs/quality/CPF_20260730_QA32_RESULT_MATRIX.csv",정적 Gate 통과; Java25/3DB/Kafka/Playwright exact-SHA Runtime 검증 필요
REQUIREMENT,OPS-PROBE-001,OPS-PROBE-001,완료,미검증,cpf-tools/supply-chain/**;cpf-tools/scripts/generate-cpf-supply-chain-evidence.ps1;cpf-docs/legal/THIRD_PARTY_NOTICES_QA32.md;cpf-batch/control-server/src/main/java/com/cpf/batch/control/deploy/**;cpf-batch/host-agent/src/main/java/com/cpf/batch/agent/**;cpf-tools/scripts/verify-cpf-qa32-primary-engines.py;cpf-tools/scripts/verify-cpf-qa32-completion.py;cpf-docs/quality/CPF_20260730_QA32_RESULT_MATRIX.csv,정적 Gate 통과; Java25/3DB/Kafka/Playwright exact-SHA Runtime 검증 필요
REQUIREMENT,SEC-ARTIFACT-001,SEC-ARTIFACT-001,완료,미검증,cpf-batch/control-server/src/main/java/com/cpf/batch/control/deploy/**;cpf-batch/host-agent/src/main/java/com/cpf/batch/agent/**;settings.gradle;build.gradle;gradle/cpf-stack.properties;cpf-tools/scripts/verify-cpf-qa32-generator.py;cpf-tools/scripts/verify-cpf-qa32-repository-security.py;cpf-tools/scripts/verify-cpf-qa32-primary-engines.py;cpf-tools/scripts/verify-cpf-qa32-completion.py;cpf-docs/quality/CPF_20260730_QA32_RESULT_MATRIX.csv,정적 Gate 통과; Java25/3DB/Kafka/Playwright exact-SHA Runtime 검증 필요
REQUIREMENT,SEC-HTTP-001,SEC-HTTP-001,완료,미검증,"cpf-gateway/src/main/java/com/cpf/gateway/scg/**;cpf-gateway/build.gradle;cpf-docs/work/manifest/CPF_20260731_QA32_DELETE_MANIFEST.txt;cpf-admin/frontend/**;cpf-biz-admin/frontend/**;cpf-starters/security/**;cpf-tools/db/vendor/{oracle,postgresql,mariadb}/**/V83__*.sql;cpf-batch/control-server/src/main/java/com/cpf/batch/control/deploy/**;cpf-batch/host-agent/src/main/java/com/cpf/batch/agent/**;cpf-tools/scripts/verify-cpf-qa32-repository-security.py;cpf-tools/scripts/verify-cpf-qa32-primary-engines.py;cpf-tools/scripts/verify-cpf-qa32-completion.py;cpf-docs/quality/CPF_20260730_QA32_RESULT_MATRIX.csv",정적 Gate 통과; Java25/3DB/Kafka/Playwright exact-SHA Runtime 검증 필요
REQUIREMENT,SEC-PARSER-001,SEC-PARSER-001,완료,미검증,cpf-starters/featureflag/**;cpf-tools/scripts/verify-cpf-qa32-repository-security.py;cpf-tools/scripts/verify-cpf-qa32-primary-engines.py;cpf-tools/scripts/verify-cpf-qa32-completion.py;cpf-docs/quality/CPF_20260730_QA32_RESULT_MATRIX.csv,정적 Gate 통과; Java25/3DB/Kafka/Playwright exact-SHA Runtime 검증 필요
DEFECT,QA31-D001,,완료,완료,cpf-tools/scripts/verify-cpf-qa32-repository-security.py;cpf-tools/scripts/verify-cpf-qa32-primary-engines.py;cpf-tools/scripts/verify-cpf-qa32-completion.py;cpf-docs/quality/CPF_20260730_QA32_RESULT_MATRIX.csv,정적 Source/Gate로 재검증
DEFECT,QA31-D002,,완료,완료,cpf-tools/supply-chain/**;cpf-tools/scripts/generate-cpf-supply-chain-evidence.ps1;cpf-docs/legal/THIRD_PARTY_NOTICES_QA32.md;cpf-tools/scripts/verify-cpf-qa32-primary-engines.py;cpf-tools/scripts/verify-cpf-qa32-completion.py;cpf-docs/quality/CPF_20260730_QA32_RESULT_MATRIX.csv,정적 Source/Gate로 재검증
DEFECT,QA31-D003,,완료,완료,cpf-gateway/src/main/java/com/cpf/gateway/scg/**;cpf-gateway/build.gradle;cpf-docs/work/manifest/CPF_20260731_QA32_DELETE_MANIFEST.txt;cpf-tools/supply-chain/**;cpf-tools/scripts/generate-cpf-supply-chain-evidence.ps1;cpf-docs/legal/THIRD_PARTY_NOTICES_QA32.md;cpf-tools/scripts/verify-cpf-qa32-primary-engines.py;cpf-tools/scripts/verify-cpf-qa32-completion.py;cpf-docs/quality/CPF_20260730_QA32_RESULT_MATRIX.csv,정적 Source/Gate로 재검증
DEFECT,QA31-D004,,완료,완료,cpf-tools/supply-chain/**;cpf-tools/scripts/generate-cpf-supply-chain-evidence.ps1;cpf-docs/legal/THIRD_PARTY_NOTICES_QA32.md;cpf-tools/scripts/verify-cpf-qa32-primary-engines.py;cpf-tools/scripts/verify-cpf-qa32-completion.py;cpf-docs/quality/CPF_20260730_QA32_RESULT_MATRIX.csv,정적 Source/Gate로 재검증
DEFECT,QA31-D005,,완료,완료,"cpf-admin/frontend/**;cpf-biz-admin/frontend/**;cpf-starters/security/**;cpf-tools/db/vendor/{oracle,postgresql,mariadb}/**/V83__*.sql;cpf-tools/scripts/verify-cpf-qa32-primary-engines.py;cpf-tools/scripts/verify-cpf-qa32-completion.py;cpf-docs/quality/CPF_20260730_QA32_RESULT_MATRIX.csv",정적 Source/Gate로 재검증
DEFECT,QA31-D006,,완료,완료,cpf-tools/scripts/verify-cpf-qa32-repository-security.py;cpf-tools/scripts/verify-cpf-qa32-primary-engines.py;cpf-tools/scripts/verify-cpf-qa32-completion.py;cpf-docs/quality/CPF_20260730_QA32_RESULT_MATRIX.csv,정적 Source/Gate로 재검증
DEFECT,QA31-D007,,완료,완료,"cpf-admin/frontend/**;cpf-biz-admin/frontend/**;cpf-starters/security/**;cpf-tools/db/vendor/{oracle,postgresql,mariadb}/**/V83__*.sql;settings.gradle;build.gradle;gradle/cpf-stack.properties;cpf-tools/scripts/verify-cpf-qa32-generator.py;cpf-tools/scripts/verify-cpf-qa32-primary-engines.py;cpf-tools/scripts/verify-cpf-qa32-completion.py;cpf-docs/quality/CPF_20260730_QA32_RESULT_MATRIX.csv",정적 Source/Gate로 재검증
DEFECT,QA31-D008,,완료,완료,cpf-gateway/src/main/java/com/cpf/gateway/scg/**;cpf-gateway/build.gradle;cpf-docs/work/manifest/CPF_20260731_QA32_DELETE_MANIFEST.txt;cpf-tools/scripts/verify-cpf-qa32-primary-engines.py;cpf-tools/scripts/verify-cpf-qa32-completion.py;cpf-docs/quality/CPF_20260730_QA32_RESULT_MATRIX.csv,정적 Source/Gate로 재검증
DEFECT,QA31-D009,,완료,완료,cpf-gateway/src/main/java/com/cpf/gateway/scg/**;cpf-gateway/build.gradle;cpf-docs/work/manifest/CPF_20260731_QA32_DELETE_MANIFEST.txt;cpf-tools/scripts/verify-cpf-qa32-primary-engines.py;cpf-tools/scripts/verify-cpf-qa32-completion.py;cpf-docs/quality/CPF_20260730_QA32_RESULT_MATRIX.csv,정적 Source/Gate로 재검증
DEFECT,QA31-D010,,완료,완료,"cpf-batch/execution-runtime/**;cpf-batch/worker/src/main/java/com/cpf/batch/worker/SpringBatchWorkerStepHandler.java;cpf-tools/db/vendor/{oracle,postgresql,mariadb}/**/V82__*.sql;cpf-tools/db/vendor/{oracle,postgresql,mariadb}/**/V84__*.sql;cpf-gateway/src/main/java/com/cpf/gateway/scg/**;cpf-gateway/build.gradle;cpf-docs/work/manifest/CPF_20260731_QA32_DELETE_MANIFEST.txt;cpf-tools/scripts/verify-cpf-qa32-primary-engines.py;cpf-tools/scripts/verify-cpf-qa32-completion.py;cpf-docs/quality/CPF_20260730_QA32_RESULT_MATRIX.csv",정적 Source/Gate로 재검증
DEFECT,QA31-D011,,완료,완료,"cpf-batch/execution-runtime/**;cpf-batch/worker/src/main/java/com/cpf/batch/worker/SpringBatchWorkerStepHandler.java;cpf-tools/db/vendor/{oracle,postgresql,mariadb}/**/V82__*.sql;cpf-tools/db/vendor/{oracle,postgresql,mariadb}/**/V84__*.sql;cpf-gateway/src/main/java/com/cpf/gateway/scg/**;cpf-gateway/build.gradle;cpf-docs/work/manifest/CPF_20260731_QA32_DELETE_MANIFEST.txt;cpf-batch/control-server/src/main/java/com/cpf/batch/control/deploy/**;cpf-batch/host-agent/src/main/java/com/cpf/batch/agent/**;cpf-tools/scripts/verify-cpf-qa32-primary-engines.py;cpf-tools/scripts/verify-cpf-qa32-completion.py;cpf-docs/quality/CPF_20260730_QA32_RESULT_MATRIX.csv",정적 Source/Gate로 재검증
DEFECT,QA31-D012,,완료,미검증,cpf-gateway/src/main/java/com/cpf/gateway/scg/**;cpf-gateway/build.gradle;cpf-docs/work/manifest/CPF_20260731_QA32_DELETE_MANIFEST.txt;cpf-starters/resilience/**;cpf-tools/scripts/verify-cpf-qa32-primary-engines.py;cpf-tools/scripts/verify-cpf-qa32-completion.py;cpf-docs/quality/CPF_20260730_QA32_RESULT_MATRIX.csv,Root cause 수정 및 반복 방지 Gate 반영; Runtime 성격은 exact-SHA 재검증 필요
DEFECT,QA31-D013,,완료,완료,"cpf-gateway/src/main/java/com/cpf/gateway/scg/**;cpf-gateway/build.gradle;cpf-docs/work/manifest/CPF_20260731_QA32_DELETE_MANIFEST.txt;cpf-admin/frontend/**;cpf-biz-admin/frontend/**;cpf-starters/security/**;cpf-tools/db/vendor/{oracle,postgresql,mariadb}/**/V83__*.sql;cpf-tools/scripts/verify-cpf-qa32-primary-engines.py;cpf-tools/scripts/verify-cpf-qa32-completion.py;cpf-docs/quality/CPF_20260730_QA32_RESULT_MATRIX.csv",정적 Source/Gate로 재검증
DEFECT,QA31-D014,,완료,완료,cpf-gateway/src/main/java/com/cpf/gateway/scg/**;cpf-gateway/build.gradle;cpf-docs/work/manifest/CPF_20260731_QA32_DELETE_MANIFEST.txt;cpf-tools/scripts/verify-cpf-qa32-repository-security.py;cpf-tools/scripts/verify-cpf-qa32-primary-engines.py;cpf-tools/scripts/verify-cpf-qa32-completion.py;cpf-docs/quality/CPF_20260730_QA32_RESULT_MATRIX.csv,정적 Source/Gate로 재검증
DEFECT,QA31-D015,,완료,완료,"cpf-gateway/src/main/java/com/cpf/gateway/scg/**;cpf-gateway/build.gradle;cpf-docs/work/manifest/CPF_20260731_QA32_DELETE_MANIFEST.txt;cpf-admin/frontend/**;cpf-biz-admin/frontend/**;cpf-starters/security/**;cpf-tools/db/vendor/{oracle,postgresql,mariadb}/**/V83__*.sql;cpf-tools/scripts/verify-cpf-qa32-primary-engines.py;cpf-tools/scripts/verify-cpf-qa32-completion.py;cpf-docs/quality/CPF_20260730_QA32_RESULT_MATRIX.csv",정적 Source/Gate로 재검증
DEFECT,QA31-D016,,완료,미검증,"cpf-batch/execution-runtime/**;cpf-batch/worker/src/main/java/com/cpf/batch/worker/SpringBatchWorkerStepHandler.java;cpf-tools/db/vendor/{oracle,postgresql,mariadb}/**/V82__*.sql;cpf-tools/db/vendor/{oracle,postgresql,mariadb}/**/V84__*.sql",Root cause 수정 및 반복 방지 Gate 반영; Runtime 성격은 exact-SHA 재검증 필요
DEFECT,QA31-D017,,완료,미검증,"cpf-batch/execution-runtime/**;cpf-batch/worker/src/main/java/com/cpf/batch/worker/SpringBatchWorkerStepHandler.java;cpf-tools/db/vendor/{oracle,postgresql,mariadb}/**/V82__*.sql;cpf-tools/db/vendor/{oracle,postgresql,mariadb}/**/V84__*.sql;cpf-tools/scripts/verify-cpf-qa32-primary-engines.py;cpf-tools/scripts/verify-cpf-qa32-completion.py;cpf-docs/quality/CPF_20260730_QA32_RESULT_MATRIX.csv",Root cause 수정 및 반복 방지 Gate 반영; Runtime 성격은 exact-SHA 재검증 필요
DEFECT,QA31-D018,,완료,미검증,"cpf-batch/execution-runtime/**;cpf-batch/worker/src/main/java/com/cpf/batch/worker/SpringBatchWorkerStepHandler.java;cpf-tools/db/vendor/{oracle,postgresql,mariadb}/**/V82__*.sql;cpf-tools/db/vendor/{oracle,postgresql,mariadb}/**/V84__*.sql;cpf-admin/frontend/**;cpf-biz-admin/frontend/**;cpf-starters/security/**;cpf-tools/db/vendor/{oracle,postgresql,mariadb}/**/V83__*.sql",Root cause 수정 및 반복 방지 Gate 반영; Runtime 성격은 exact-SHA 재검증 필요
DEFECT,QA31-D019,,완료,미검증,"cpf-batch/execution-runtime/**;cpf-batch/worker/src/main/java/com/cpf/batch/worker/SpringBatchWorkerStepHandler.java;cpf-tools/db/vendor/{oracle,postgresql,mariadb}/**/V82__*.sql;cpf-tools/db/vendor/{oracle,postgresql,mariadb}/**/V84__*.sql;cpf-tools/scripts/verify-cpf-qa32-primary-engines.py;cpf-tools/scripts/verify-cpf-qa32-completion.py;cpf-docs/quality/CPF_20260730_QA32_RESULT_MATRIX.csv",Root cause 수정 및 반복 방지 Gate 반영; Runtime 성격은 exact-SHA 재검증 필요
DEFECT,QA31-D020,,완료,미검증,"cpf-batch/execution-runtime/**;cpf-batch/worker/src/main/java/com/cpf/batch/worker/SpringBatchWorkerStepHandler.java;cpf-tools/db/vendor/{oracle,postgresql,mariadb}/**/V82__*.sql;cpf-tools/db/vendor/{oracle,postgresql,mariadb}/**/V84__*.sql;cpf-starters/secret/**;cpf-biz-admin/src/main/java/com/cpf/bizadmin/auth/service/BzaBootstrapRunner.java;cpf-batch/control-server/src/main/java/com/cpf/batch/control/deploy/**;cpf-batch/host-agent/src/main/java/com/cpf/batch/agent/**;cpf-tools/scripts/verify-cpf-qa32-repository-security.py;cpf-tools/scripts/verify-cpf-qa32-primary-engines.py;cpf-tools/scripts/verify-cpf-qa32-completion.py;cpf-docs/quality/CPF_20260730_QA32_RESULT_MATRIX.csv",Root cause 수정 및 반복 방지 Gate 반영; Runtime 성격은 exact-SHA 재검증 필요
DEFECT,QA31-D021,,완료,미검증,"cpf-admin/frontend/**;cpf-biz-admin/frontend/**;cpf-starters/security/**;cpf-tools/db/vendor/{oracle,postgresql,mariadb}/**/V83__*.sql;cpf-starters/secret/**;cpf-biz-admin/src/main/java/com/cpf/bizadmin/auth/service/BzaBootstrapRunner.java",Root cause 수정 및 반복 방지 Gate 반영; Runtime 성격은 exact-SHA 재검증 필요
DEFECT,QA31-D022,,완료,미검증,"cpf-admin/frontend/**;cpf-biz-admin/frontend/**;cpf-starters/security/**;cpf-tools/db/vendor/{oracle,postgresql,mariadb}/**/V83__*.sql",Root cause 수정 및 반복 방지 Gate 반영; Runtime 성격은 exact-SHA 재검증 필요
DEFECT,QA31-D023,,완료,미검증,"cpf-admin/frontend/**;cpf-biz-admin/frontend/**;cpf-starters/security/**;cpf-tools/db/vendor/{oracle,postgresql,mariadb}/**/V83__*.sql;cpf-tools/supply-chain/**;cpf-tools/scripts/generate-cpf-supply-chain-evidence.ps1;cpf-docs/legal/THIRD_PARTY_NOTICES_QA32.md",Root cause 수정 및 반복 방지 Gate 반영; Runtime 성격은 exact-SHA 재검증 필요
DEFECT,QA32-D024,"BUILD-PROV-001,BUILD-PROV-003,BUILD-REL-001",완료,완료,"cpf-admin/frontend/**;cpf-biz-admin/frontend/**;cpf-starters/security/**;cpf-tools/db/vendor/{oracle,postgresql,mariadb}/**/V83__*.sql;cpf-tools/supply-chain/**;cpf-tools/scripts/generate-cpf-supply-chain-evidence.ps1;cpf-docs/legal/THIRD_PARTY_NOTICES_QA32.md;cpf-batch/control-server/src/main/java/com/cpf/batch/control/deploy/**;cpf-batch/host-agent/src/main/java/com/cpf/batch/agent/**;settings.gradle;build.gradle;gradle/cpf-stack.properties;cpf-tools/scripts/verify-cpf-qa32-generator.py;cpf-tools/scripts/verify-cpf-qa32-repository-security.py;cpf-tools/scripts/verify-cpf-qa32-primary-engines.py;cpf-tools/scripts/verify-cpf-qa32-completion.py;cpf-docs/quality/CPF_20260730_QA32_RESULT_MATRIX.csv",정적 Source/Gate로 재검증
DEFECT,QA32-D025,"OSS-TEST-001,BUILD-OBS-001",완료,완료,"cpf-admin/frontend/**;cpf-biz-admin/frontend/**;cpf-starters/security/**;cpf-tools/db/vendor/{oracle,postgresql,mariadb}/**/V83__*.sql;cpf-tools/supply-chain/**;cpf-tools/scripts/generate-cpf-supply-chain-evidence.ps1;cpf-docs/legal/THIRD_PARTY_NOTICES_QA32.md;settings.gradle;build.gradle;gradle/cpf-stack.properties;cpf-tools/scripts/verify-cpf-qa32-generator.py;cpf-tools/scripts/verify-cpf-qa32-primary-engines.py;cpf-tools/scripts/verify-cpf-qa32-completion.py;cpf-docs/quality/CPF_20260730_QA32_RESULT_MATRIX.csv",정적 Source/Gate로 재검증
DEFECT,QA32-D026,"BUILD-GOV-001,OSS-SUPPLY-001,OSS-TEST-001",완료,완료,"cpf-batch/execution-runtime/**;cpf-batch/worker/src/main/java/com/cpf/batch/worker/SpringBatchWorkerStepHandler.java;cpf-tools/db/vendor/{oracle,postgresql,mariadb}/**/V82__*.sql;cpf-tools/db/vendor/{oracle,postgresql,mariadb}/**/V84__*.sql;cpf-admin/frontend/**;cpf-biz-admin/frontend/**;cpf-starters/security/**;cpf-tools/db/vendor/{oracle,postgresql,mariadb}/**/V83__*.sql;cpf-tools/supply-chain/**;cpf-tools/scripts/generate-cpf-supply-chain-evidence.ps1;cpf-docs/legal/THIRD_PARTY_NOTICES_QA32.md;cpf-batch/control-server/src/main/java/com/cpf/batch/control/deploy/**;cpf-batch/host-agent/src/main/java/com/cpf/batch/agent/**;settings.gradle;build.gradle;gradle/cpf-stack.properties;cpf-tools/scripts/verify-cpf-qa32-generator.py;cpf-tools/scripts/verify-cpf-qa32-repository-security.py;cpf-tools/scripts/verify-cpf-qa32-primary-engines.py;cpf-tools/scripts/verify-cpf-qa32-completion.py;cpf-docs/quality/CPF_20260730_QA32_RESULT_MATRIX.csv",정적 Source/Gate로 재검증
DEFECT,QA32-D027,"OSS-UI-001,OSS-FE-001,OSS-API-001,OSS-TEST-001",완료,완료,"cpf-admin/frontend/**;cpf-biz-admin/frontend/**;cpf-starters/security/**;cpf-tools/db/vendor/{oracle,postgresql,mariadb}/**/V83__*.sql;cpf-tools/supply-chain/**;cpf-tools/scripts/generate-cpf-supply-chain-evidence.ps1;cpf-docs/legal/THIRD_PARTY_NOTICES_QA32.md;settings.gradle;build.gradle;gradle/cpf-stack.properties;cpf-tools/scripts/verify-cpf-qa32-generator.py;cpf-tools/scripts/verify-cpf-qa32-primary-engines.py;cpf-tools/scripts/verify-cpf-qa32-completion.py;cpf-docs/quality/CPF_20260730_QA32_RESULT_MATRIX.csv",정적 Source/Gate로 재검증
DEFECT,QA32-D028,"OSS-UI-001,OSS-FE-001,OSS-API-001,OSS-TEST-001",완료,완료,"cpf-admin/frontend/**;cpf-biz-admin/frontend/**;cpf-starters/security/**;cpf-tools/db/vendor/{oracle,postgresql,mariadb}/**/V83__*.sql;cpf-tools/supply-chain/**;cpf-tools/scripts/generate-cpf-supply-chain-evidence.ps1;cpf-docs/legal/THIRD_PARTY_NOTICES_QA32.md;settings.gradle;build.gradle;gradle/cpf-stack.properties;cpf-tools/scripts/verify-cpf-qa32-generator.py;cpf-tools/scripts/verify-cpf-qa32-primary-engines.py;cpf-tools/scripts/verify-cpf-qa32-completion.py;cpf-docs/quality/CPF_20260730_QA32_RESULT_MATRIX.csv",정적 Source/Gate로 재검증
DEFECT,QA32-D029,"OSS-GWY-001,BUILD-PKG-001,BUILD-PKG-002",완료,완료,"cpf-gateway/src/main/java/com/cpf/gateway/scg/**;cpf-gateway/build.gradle;cpf-docs/work/manifest/CPF_20260731_QA32_DELETE_MANIFEST.txt;cpf-admin/frontend/**;cpf-biz-admin/frontend/**;cpf-starters/security/**;cpf-tools/db/vendor/{oracle,postgresql,mariadb}/**/V83__*.sql;cpf-batch/control-server/src/main/java/com/cpf/batch/control/deploy/**;cpf-batch/host-agent/src/main/java/com/cpf/batch/agent/**;settings.gradle;build.gradle;gradle/cpf-stack.properties;cpf-tools/scripts/verify-cpf-qa32-generator.py;cpf-tools/scripts/verify-cpf-qa32-primary-engines.py;cpf-tools/scripts/verify-cpf-qa32-completion.py;cpf-docs/quality/CPF_20260730_QA32_RESULT_MATRIX.csv",정적 Source/Gate로 재검증
DEFECT,QA32-D030,"OSS-ARCH-001,BUILD-API-001",완료,완료,"cpf-admin/frontend/**;cpf-biz-admin/frontend/**;cpf-starters/security/**;cpf-tools/db/vendor/{oracle,postgresql,mariadb}/**/V83__*.sql;cpf-starters/messaging-kafka/**;cpf-batch/execution-runtime/src/main/java/com/cpf/batch/execution/CpfBatchKafka*.java;settings.gradle;build.gradle;gradle/cpf-stack.properties;cpf-tools/scripts/verify-cpf-qa32-generator.py",정적 Source/Gate로 재검증
DEFECT,QA32-D031,"OSS-ARCH-001,BUILD-API-001,OSS-CACHE-001",완료,완료,"cpf-admin/frontend/**;cpf-biz-admin/frontend/**;cpf-starters/security/**;cpf-tools/db/vendor/{oracle,postgresql,mariadb}/**/V83__*.sql;cpf-starters/cache/**;settings.gradle;build.gradle;gradle/cpf-stack.properties;cpf-tools/scripts/verify-cpf-qa32-generator.py",정적 Source/Gate로 재검증
DEFECT,QA32-D032,"BUILD-DEP-001,BUILD-DEP-002",완료,완료,"cpf-admin/frontend/**;cpf-biz-admin/frontend/**;cpf-starters/security/**;cpf-tools/db/vendor/{oracle,postgresql,mariadb}/**/V83__*.sql;settings.gradle;build.gradle;gradle/cpf-stack.properties;cpf-tools/scripts/verify-cpf-qa32-generator.py",정적 Source/Gate로 재검증
DEFECT,QA32-D033,"OSS-MSG-001,OSS-ARCH-001",완료,미검증,"cpf-admin/frontend/**;cpf-biz-admin/frontend/**;cpf-starters/security/**;cpf-tools/db/vendor/{oracle,postgresql,mariadb}/**/V83__*.sql;cpf-starters/messaging-kafka/**;cpf-batch/execution-runtime/src/main/java/com/cpf/batch/execution/CpfBatchKafka*.java;settings.gradle;build.gradle;gradle/cpf-stack.properties;cpf-tools/scripts/verify-cpf-qa32-generator.py",Root cause 수정 및 반복 방지 Gate 반영; Runtime 성격은 exact-SHA 재검증 필요
DEFECT,QA32-D034,"OSS-SUPPLY-001,OSS-GOV-001",완료,완료,"cpf-admin/frontend/**;cpf-biz-admin/frontend/**;cpf-starters/security/**;cpf-tools/db/vendor/{oracle,postgresql,mariadb}/**/V83__*.sql;cpf-tools/supply-chain/**;cpf-tools/scripts/generate-cpf-supply-chain-evidence.ps1;cpf-docs/legal/THIRD_PARTY_NOTICES_QA32.md;cpf-batch/control-server/src/main/java/com/cpf/batch/control/deploy/**;cpf-batch/host-agent/src/main/java/com/cpf/batch/agent/**;settings.gradle;build.gradle;gradle/cpf-stack.properties;cpf-tools/scripts/verify-cpf-qa32-generator.py;cpf-tools/scripts/verify-cpf-qa32-primary-engines.py;cpf-tools/scripts/verify-cpf-qa32-completion.py;cpf-docs/quality/CPF_20260730_QA32_RESULT_MATRIX.csv",정적 Source/Gate로 재검증
DEFECT,QA32-D035,"OSS-BFF-001,SEC-HTTP-001",완료,미검증,"cpf-admin/frontend/**;cpf-biz-admin/frontend/**;cpf-starters/security/**;cpf-tools/db/vendor/{oracle,postgresql,mariadb}/**/V83__*.sql;cpf-batch/control-server/src/main/java/com/cpf/batch/control/deploy/**;cpf-batch/host-agent/src/main/java/com/cpf/batch/agent/**;cpf-tools/scripts/verify-cpf-qa32-repository-security.py",Root cause 수정 및 반복 방지 Gate 반영; Runtime 성격은 exact-SHA 재검증 필요
DEFECT,QA32-D036,OSS-API-001,완료,완료,"cpf-admin/frontend/**;cpf-biz-admin/frontend/**;cpf-starters/security/**;cpf-tools/db/vendor/{oracle,postgresql,mariadb}/**/V83__*.sql;settings.gradle;build.gradle;gradle/cpf-stack.properties;cpf-tools/scripts/verify-cpf-qa32-generator.py;cpf-tools/scripts/verify-cpf-qa32-primary-engines.py;cpf-tools/scripts/verify-cpf-qa32-completion.py;cpf-docs/quality/CPF_20260730_QA32_RESULT_MATRIX.csv",정적 Source/Gate로 재검증
DEFECT,QA32-D037,"OSS-GWY-001,BUILD-DEP-002",완료,완료,"cpf-gateway/src/main/java/com/cpf/gateway/scg/**;cpf-gateway/build.gradle;cpf-docs/work/manifest/CPF_20260731_QA32_DELETE_MANIFEST.txt;cpf-admin/frontend/**;cpf-biz-admin/frontend/**;cpf-starters/security/**;cpf-tools/db/vendor/{oracle,postgresql,mariadb}/**/V83__*.sql;settings.gradle;build.gradle;gradle/cpf-stack.properties;cpf-tools/scripts/verify-cpf-qa32-generator.py;cpf-tools/scripts/verify-cpf-qa32-primary-engines.py;cpf-tools/scripts/verify-cpf-qa32-completion.py;cpf-docs/quality/CPF_20260730_QA32_RESULT_MATRIX.csv",정적 Source/Gate로 재검증
DEFECT,QA32-D038,"BUILD-ART-002,BUILD-ART-003,BUILD-ART-005",완료,완료,"cpf-admin/frontend/**;cpf-biz-admin/frontend/**;cpf-starters/security/**;cpf-tools/db/vendor/{oracle,postgresql,mariadb}/**/V83__*.sql;cpf-starters/cache/**;cpf-tools/supply-chain/**;cpf-tools/scripts/generate-cpf-supply-chain-evidence.ps1;cpf-docs/legal/THIRD_PARTY_NOTICES_QA32.md;settings.gradle;build.gradle;gradle/cpf-stack.properties;cpf-tools/scripts/verify-cpf-qa32-generator.py",정적 Source/Gate로 재검증
DEFECT,QA32-D039,"BUILD-PROV-001,BUILD-PROV-002,BUILD-PROV-003",완료,완료,"cpf-admin/frontend/**;cpf-biz-admin/frontend/**;cpf-starters/security/**;cpf-tools/db/vendor/{oracle,postgresql,mariadb}/**/V83__*.sql;cpf-tools/supply-chain/**;cpf-tools/scripts/generate-cpf-supply-chain-evidence.ps1;cpf-docs/legal/THIRD_PARTY_NOTICES_QA32.md;cpf-core/src/main/java/com/cpf/core/api/archive/**;cpf-core/src/main/java/com/cpf/core/api/attachment/**;cpf-core/src/main/java/com/cpf/core/common/archive/LocalCpfArchiveService.java;cpf-core/src/main/java/com/cpf/core/common/attachment/LocalCpfAttachmentStorageAdapter.java;cpf-batch/control-server/src/main/java/com/cpf/batch/control/deploy/**;cpf-batch/host-agent/src/main/java/com/cpf/batch/agent/**;settings.gradle;build.gradle;gradle/cpf-stack.properties;cpf-tools/scripts/verify-cpf-qa32-generator.py;cpf-tools/scripts/verify-cpf-qa32-primary-engines.py;cpf-tools/scripts/verify-cpf-qa32-completion.py;cpf-docs/quality/CPF_20260730_QA32_RESULT_MATRIX.csv",정적 Source/Gate로 재검증
DEFECT,QA32-D040,BUILD-PROV-003,완료,완료,"cpf-admin/frontend/**;cpf-biz-admin/frontend/**;cpf-starters/security/**;cpf-tools/db/vendor/{oracle,postgresql,mariadb}/**/V83__*.sql;cpf-batch/control-server/src/main/java/com/cpf/batch/control/deploy/**;cpf-batch/host-agent/src/main/java/com/cpf/batch/agent/**;settings.gradle;build.gradle;gradle/cpf-stack.properties;cpf-tools/scripts/verify-cpf-qa32-generator.py",정적 Source/Gate로 재검증
DEFECT,QA32-D041,BUILD-OBS-001,완료,미검증,"cpf-admin/frontend/**;cpf-biz-admin/frontend/**;cpf-starters/security/**;cpf-tools/db/vendor/{oracle,postgresql,mariadb}/**/V83__*.sql;cpf-starters/observability/**;cpf-batch/control-server/src/main/java/com/cpf/batch/control/deploy/**;cpf-batch/host-agent/src/main/java/com/cpf/batch/agent/**;settings.gradle;build.gradle;gradle/cpf-stack.properties;cpf-tools/scripts/verify-cpf-qa32-generator.py;cpf-tools/scripts/verify-cpf-qa32-repository-security.py",Root cause 수정 및 반복 방지 Gate 반영; Runtime 성격은 exact-SHA 재검증 필요
DEFECT,QA32-D042,"BUILD-GEN-002,BUILD-ART-002",완료,완료,"cpf-admin/frontend/**;cpf-biz-admin/frontend/**;cpf-starters/security/**;cpf-tools/db/vendor/{oracle,postgresql,mariadb}/**/V83__*.sql;cpf-tools/supply-chain/**;cpf-tools/scripts/generate-cpf-supply-chain-evidence.ps1;cpf-docs/legal/THIRD_PARTY_NOTICES_QA32.md;settings.gradle;build.gradle;gradle/cpf-stack.properties;cpf-tools/scripts/verify-cpf-qa32-generator.py",정적 Source/Gate로 재검증
DEFECT,QA32-D043,BUILD-GEN-003,완료,완료,"cpf-admin/frontend/**;cpf-biz-admin/frontend/**;cpf-starters/security/**;cpf-tools/db/vendor/{oracle,postgresql,mariadb}/**/V83__*.sql;cpf-tools/supply-chain/**;cpf-tools/scripts/generate-cpf-supply-chain-evidence.ps1;cpf-docs/legal/THIRD_PARTY_NOTICES_QA32.md;cpf-core/src/main/java/com/cpf/core/api/archive/**;cpf-core/src/main/java/com/cpf/core/api/attachment/**;cpf-core/src/main/java/com/cpf/core/common/archive/LocalCpfArchiveService.java;cpf-core/src/main/java/com/cpf/core/common/attachment/LocalCpfAttachmentStorageAdapter.java;cpf-batch/control-server/src/main/java/com/cpf/batch/control/deploy/**;cpf-batch/host-agent/src/main/java/com/cpf/batch/agent/**;settings.gradle;build.gradle;gradle/cpf-stack.properties;cpf-tools/scripts/verify-cpf-qa32-generator.py;cpf-tools/scripts/verify-cpf-qa32-primary-engines.py;cpf-tools/scripts/verify-cpf-qa32-completion.py;cpf-docs/quality/CPF_20260730_QA32_RESULT_MATRIX.csv",정적 Source/Gate로 재검증
DEFECT,QA32-D044,"BUILD-REL-001,BUILD-GOV-001",완료,미검증,"cpf-admin/frontend/**;cpf-biz-admin/frontend/**;cpf-starters/security/**;cpf-tools/db/vendor/{oracle,postgresql,mariadb}/**/V83__*.sql;settings.gradle;build.gradle;gradle/cpf-stack.properties;cpf-tools/scripts/verify-cpf-qa32-generator.py;cpf-tools/scripts/verify-cpf-qa32-primary-engines.py;cpf-tools/scripts/verify-cpf-qa32-completion.py;cpf-docs/quality/CPF_20260730_QA32_RESULT_MATRIX.csv",Root cause 수정 및 반복 방지 Gate 반영; Runtime 성격은 exact-SHA 재검증 필요
DEFECT,QA32-D045,SEC-BOOTSTRAP-001,완료,미검증,"cpf-admin/frontend/**;cpf-biz-admin/frontend/**;cpf-starters/security/**;cpf-tools/db/vendor/{oracle,postgresql,mariadb}/**/V83__*.sql;cpf-biz-admin/src/main/java/com/cpf/bizadmin/auth/service/BzaBootstrapRunner.java;cpf-tools/db/vendor/{oracle,postgresql,mariadb}/**/V85__*.sql;cpf-tools/scripts/verify-cpf-qa32-repository-security.py;cpf-tools/scripts/verify-cpf-qa32-primary-engines.py;cpf-tools/scripts/verify-cpf-qa32-completion.py;cpf-docs/quality/CPF_20260730_QA32_RESULT_MATRIX.csv",Root cause 수정 및 반복 방지 Gate 반영; Runtime 성격은 exact-SHA 재검증 필요
DEFECT,QA32-D046,OPS-DEPLOY-001,완료,미검증,"cpf-batch/execution-runtime/**;cpf-batch/worker/src/main/java/com/cpf/batch/worker/SpringBatchWorkerStepHandler.java;cpf-tools/db/vendor/{oracle,postgresql,mariadb}/**/V82__*.sql;cpf-tools/db/vendor/{oracle,postgresql,mariadb}/**/V84__*.sql;cpf-batch/control-server/src/main/java/com/cpf/batch/control/deploy/**;cpf-batch/host-agent/src/main/java/com/cpf/batch/agent/**",Root cause 수정 및 반복 방지 Gate 반영; Runtime 성격은 exact-SHA 재검증 필요
DEFECT,QA32-D047,"SRC-EGRESS-001,OPS-PROBE-001",완료,미검증,"cpf-batch/execution-runtime/**;cpf-batch/worker/src/main/java/com/cpf/batch/worker/SpringBatchWorkerStepHandler.java;cpf-tools/db/vendor/{oracle,postgresql,mariadb}/**/V82__*.sql;cpf-tools/db/vendor/{oracle,postgresql,mariadb}/**/V84__*.sql;cpf-tools/supply-chain/**;cpf-tools/scripts/generate-cpf-supply-chain-evidence.ps1;cpf-docs/legal/THIRD_PARTY_NOTICES_QA32.md;cpf-batch/control-server/src/main/java/com/cpf/batch/control/deploy/**;cpf-batch/host-agent/src/main/java/com/cpf/batch/agent/**;cpf-tools/scripts/verify-cpf-qa32-repository-security.py;cpf-tools/scripts/verify-cpf-qa32-primary-engines.py;cpf-tools/scripts/verify-cpf-qa32-completion.py;cpf-docs/quality/CPF_20260730_QA32_RESULT_MATRIX.csv",Root cause 수정 및 반복 방지 Gate 반영; Runtime 성격은 exact-SHA 재검증 필요
DEFECT,QA32-D048,OPS-PROBE-001,완료,미검증,"cpf-batch/execution-runtime/**;cpf-batch/worker/src/main/java/com/cpf/batch/worker/SpringBatchWorkerStepHandler.java;cpf-tools/db/vendor/{oracle,postgresql,mariadb}/**/V82__*.sql;cpf-tools/db/vendor/{oracle,postgresql,mariadb}/**/V84__*.sql;cpf-batch/control-server/src/main/java/com/cpf/batch/control/deploy/**;cpf-batch/host-agent/src/main/java/com/cpf/batch/agent/**;cpf-tools/scripts/verify-cpf-qa32-primary-engines.py;cpf-tools/scripts/verify-cpf-qa32-completion.py;cpf-docs/quality/CPF_20260730_QA32_RESULT_MATRIX.csv",Root cause 수정 및 반복 방지 Gate 반영; Runtime 성격은 exact-SHA 재검증 필요
DEFECT,QA32-D049,SEC-ARTIFACT-001,완료,미검증,"cpf-batch/execution-runtime/**;cpf-batch/worker/src/main/java/com/cpf/batch/worker/SpringBatchWorkerStepHandler.java;cpf-tools/db/vendor/{oracle,postgresql,mariadb}/**/V82__*.sql;cpf-tools/db/vendor/{oracle,postgresql,mariadb}/**/V84__*.sql;cpf-batch/control-server/src/main/java/com/cpf/batch/control/deploy/**;cpf-batch/host-agent/src/main/java/com/cpf/batch/agent/**;cpf-tools/scripts/verify-cpf-qa32-repository-security.py",Root cause 수정 및 반복 방지 Gate 반영; Runtime 성격은 exact-SHA 재검증 필요
DEFECT,QA32-D050,"SRC-RESOURCE-001,SRC-FS-001",완료,미검증,cpf-core/src/main/java/com/cpf/core/api/archive/**;cpf-core/src/main/java/com/cpf/core/api/attachment/**;cpf-core/src/main/java/com/cpf/core/common/archive/LocalCpfArchiveService.java;cpf-core/src/main/java/com/cpf/core/common/attachment/LocalCpfAttachmentStorageAdapter.java,Root cause 수정 및 반복 방지 Gate 반영; Runtime 성격은 exact-SHA 재검증 필요
DEFECT,QA32-D051,"SRC-RESOURCE-001,SRC-FS-001",완료,미검증,cpf-core/src/main/java/com/cpf/core/api/archive/**;cpf-core/src/main/java/com/cpf/core/api/attachment/**;cpf-core/src/main/java/com/cpf/core/common/archive/LocalCpfArchiveService.java;cpf-core/src/main/java/com/cpf/core/common/attachment/LocalCpfAttachmentStorageAdapter.java,Root cause 수정 및 반복 방지 Gate 반영; Runtime 성격은 exact-SHA 재검증 필요
DEFECT,QA32-D052,"OPS-DEPLOY-001,SRC-EXEC-001",완료,미검증,"cpf-batch/execution-runtime/**;cpf-batch/worker/src/main/java/com/cpf/batch/worker/SpringBatchWorkerStepHandler.java;cpf-tools/db/vendor/{oracle,postgresql,mariadb}/**/V82__*.sql;cpf-tools/db/vendor/{oracle,postgresql,mariadb}/**/V84__*.sql;cpf-batch/control-server/src/main/java/com/cpf/batch/control/deploy/**;cpf-batch/host-agent/src/main/java/com/cpf/batch/agent/**;cpf-tools/scripts/verify-cpf-qa32-primary-engines.py;cpf-tools/scripts/verify-cpf-qa32-completion.py;cpf-docs/quality/CPF_20260730_QA32_RESULT_MATRIX.csv",Root cause 수정 및 반복 방지 Gate 반영; Runtime 성격은 exact-SHA 재검증 필요
DEFECT,QA32-D053,"SRC-FS-001,SRC-RESOURCE-001",완료,미검증,"cpf-batch/execution-runtime/**;cpf-batch/worker/src/main/java/com/cpf/batch/worker/SpringBatchWorkerStepHandler.java;cpf-tools/db/vendor/{oracle,postgresql,mariadb}/**/V82__*.sql;cpf-tools/db/vendor/{oracle,postgresql,mariadb}/**/V84__*.sql;cpf-core/src/main/java/com/cpf/core/api/archive/**;cpf-core/src/main/java/com/cpf/core/api/attachment/**;cpf-core/src/main/java/com/cpf/core/common/archive/LocalCpfArchiveService.java;cpf-core/src/main/java/com/cpf/core/common/attachment/LocalCpfAttachmentStorageAdapter.java;cpf-batch/control-server/src/main/java/com/cpf/batch/control/deploy/**;cpf-batch/host-agent/src/main/java/com/cpf/batch/agent/**",Root cause 수정 및 반복 방지 Gate 반영; Runtime 성격은 exact-SHA 재검증 필요
DEFECT,QA32-D054,SRC-SQL-001,완료,완료,cpf-tools/scripts/verify-cpf-qa32-repository-security.py;cpf-tools/scripts/verify-cpf-qa32-primary-engines.py;cpf-tools/scripts/verify-cpf-qa32-completion.py;cpf-docs/quality/CPF_20260730_QA32_RESULT_MATRIX.csv,정적 Source/Gate로 재검증
DEFECT,QA32-D055,"SRC-RESOURCE-001,SRC-CONC-001",완료,완료,cpf-starters/cache/**;cpf-core/src/main/java/com/cpf/core/api/archive/**;cpf-core/src/main/java/com/cpf/core/api/attachment/**;cpf-core/src/main/java/com/cpf/core/common/archive/LocalCpfArchiveService.java;cpf-core/src/main/java/com/cpf/core/common/attachment/LocalCpfAttachmentStorageAdapter.java;cpf-tools/scripts/verify-cpf-qa32-repository-security.py;cpf-tools/scripts/verify-cpf-qa32-primary-engines.py;cpf-tools/scripts/verify-cpf-qa32-completion.py;cpf-docs/quality/CPF_20260730_QA32_RESULT_MATRIX.csv,정적 Source/Gate로 재검증
DEFECT,QA32-D056,SRC-FS-001,완료,완료,cpf-starters/secret/**;cpf-biz-admin/src/main/java/com/cpf/bizadmin/auth/service/BzaBootstrapRunner.java;cpf-tools/supply-chain/**;cpf-tools/scripts/generate-cpf-supply-chain-evidence.ps1;cpf-docs/legal/THIRD_PARTY_NOTICES_QA32.md;cpf-core/src/main/java/com/cpf/core/api/archive/**;cpf-core/src/main/java/com/cpf/core/api/attachment/**;cpf-core/src/main/java/com/cpf/core/common/archive/LocalCpfArchiveService.java;cpf-core/src/main/java/com/cpf/core/common/attachment/LocalCpfAttachmentStorageAdapter.java;cpf-tools/scripts/verify-cpf-qa32-repository-security.py;cpf-tools/scripts/verify-cpf-qa32-primary-engines.py;cpf-tools/scripts/verify-cpf-qa32-completion.py;cpf-docs/quality/CPF_20260730_QA32_RESULT_MATRIX.csv,정적 Source/Gate로 재검증
DEFECT,QA32-D057,SRC-ERR-001,완료,완료,"cpf-batch/execution-runtime/**;cpf-batch/worker/src/main/java/com/cpf/batch/worker/SpringBatchWorkerStepHandler.java;cpf-tools/db/vendor/{oracle,postgresql,mariadb}/**/V82__*.sql;cpf-tools/db/vendor/{oracle,postgresql,mariadb}/**/V84__*.sql;cpf-starters/resilience/**;cpf-starters/observability/**;cpf-tools/supply-chain/**;cpf-tools/scripts/generate-cpf-supply-chain-evidence.ps1;cpf-docs/legal/THIRD_PARTY_NOTICES_QA32.md;cpf-tools/scripts/verify-cpf-qa32-primary-engines.py;cpf-tools/scripts/verify-cpf-qa32-completion.py;cpf-docs/quality/CPF_20260730_QA32_RESULT_MATRIX.csv",정적 Source/Gate로 재검증
DEFECT,QA32-D058,SRC-EGRESS-001,완료,미검증,"cpf-batch/execution-runtime/**;cpf-batch/worker/src/main/java/com/cpf/batch/worker/SpringBatchWorkerStepHandler.java;cpf-tools/db/vendor/{oracle,postgresql,mariadb}/**/V82__*.sql;cpf-tools/db/vendor/{oracle,postgresql,mariadb}/**/V84__*.sql;cpf-batch/control-server/src/main/java/com/cpf/batch/control/deploy/**;cpf-batch/host-agent/src/main/java/com/cpf/batch/agent/**;cpf-tools/scripts/verify-cpf-qa32-repository-security.py;cpf-tools/scripts/verify-cpf-qa32-primary-engines.py;cpf-tools/scripts/verify-cpf-qa32-completion.py;cpf-docs/quality/CPF_20260730_QA32_RESULT_MATRIX.csv",Root cause 수정 및 반복 방지 Gate 반영; Runtime 성격은 exact-SHA 재검증 필요
DEFECT,QA32-D059,"SRC-EXEC-001,SEC-SCRIPT-001",완료,완료,"cpf-batch/execution-runtime/**;cpf-batch/worker/src/main/java/com/cpf/batch/worker/SpringBatchWorkerStepHandler.java;cpf-tools/db/vendor/{oracle,postgresql,mariadb}/**/V82__*.sql;cpf-tools/db/vendor/{oracle,postgresql,mariadb}/**/V84__*.sql;cpf-admin/frontend/**;cpf-biz-admin/frontend/**;cpf-starters/security/**;cpf-tools/db/vendor/{oracle,postgresql,mariadb}/**/V83__*.sql;cpf-starters/secret/**;cpf-biz-admin/src/main/java/com/cpf/bizadmin/auth/service/BzaBootstrapRunner.java;cpf-tools/supply-chain/**;cpf-tools/scripts/generate-cpf-supply-chain-evidence.ps1;cpf-docs/legal/THIRD_PARTY_NOTICES_QA32.md;settings.gradle;build.gradle;gradle/cpf-stack.properties;cpf-tools/scripts/verify-cpf-qa32-generator.py;cpf-tools/scripts/verify-cpf-qa32-repository-security.py;cpf-tools/scripts/verify-cpf-qa32-primary-engines.py;cpf-tools/scripts/verify-cpf-qa32-completion.py;cpf-docs/quality/CPF_20260730_QA32_RESULT_MATRIX.csv",정적 Source/Gate로 재검증
DEFECT,QA32-D060,"SRC-DESER-001,SEC-CRYPTO-001,SEC-PARSER-001",완료,완료,cpf-tools/scripts/verify-cpf-qa32-repository-security.py;cpf-tools/scripts/verify-cpf-qa32-primary-engines.py;cpf-tools/scripts/verify-cpf-qa32-completion.py;cpf-docs/quality/CPF_20260730_QA32_RESULT_MATRIX.csv,정적 Source/Gate로 재검증
SCENARIO,QA32-S001,OSS-GOV-001,완료,미검증,"cpf-docs/evidence/current/scenarios/QA32-S001.json;cpf-admin/frontend/**;cpf-biz-admin/frontend/**;cpf-starters/security/**;cpf-tools/db/vendor/{oracle,postgresql,mariadb}/**/V83__*.sql;cpf-tools/supply-chain/**;cpf-tools/scripts/generate-cpf-supply-chain-evidence.ps1;cpf-docs/legal/THIRD_PARTY_NOTICES_QA32.md;cpf-batch/control-server/src/main/java/com/cpf/batch/control/deploy/**;cpf-batch/host-agent/src/main/java/com/cpf/batch/agent/**;settings.gradle;build.gradle;gradle/cpf-stack.properties;cpf-tools/scripts/verify-cpf-qa32-generator.py;cpf-tools/scripts/verify-cpf-qa32-primary-engines.py;cpf-tools/scripts/verify-cpf-qa32-completion.py;cpf-docs/quality/CPF_20260730_QA32_RESULT_MATRIX.csv",실제 Runtime 실행 필요
SCENARIO,QA32-S002,OSS-GOV-001,완료,미검증,"cpf-docs/evidence/current/scenarios/QA32-S002.json;cpf-admin/frontend/**;cpf-biz-admin/frontend/**;cpf-starters/security/**;cpf-tools/db/vendor/{oracle,postgresql,mariadb}/**/V83__*.sql;settings.gradle;build.gradle;gradle/cpf-stack.properties;cpf-tools/scripts/verify-cpf-qa32-generator.py;cpf-tools/scripts/verify-cpf-qa32-primary-engines.py;cpf-tools/scripts/verify-cpf-qa32-completion.py;cpf-docs/quality/CPF_20260730_QA32_RESULT_MATRIX.csv",실제 Runtime 실행 필요
SCENARIO,QA32-S003,OSS-GOV-001,완료,완료,"cpf-docs/evidence/current/scenarios/QA32-S003.json;cpf-admin/frontend/**;cpf-biz-admin/frontend/**;cpf-starters/security/**;cpf-tools/db/vendor/{oracle,postgresql,mariadb}/**/V83__*.sql;cpf-tools/supply-chain/**;cpf-tools/scripts/generate-cpf-supply-chain-evidence.ps1;cpf-docs/legal/THIRD_PARTY_NOTICES_QA32.md;cpf-batch/control-server/src/main/java/com/cpf/batch/control/deploy/**;cpf-batch/host-agent/src/main/java/com/cpf/batch/agent/**;settings.gradle;build.gradle;gradle/cpf-stack.properties;cpf-tools/scripts/verify-cpf-qa32-generator.py;cpf-tools/scripts/verify-cpf-qa32-primary-engines.py;cpf-tools/scripts/verify-cpf-qa32-completion.py;cpf-docs/quality/CPF_20260730_QA32_RESULT_MATRIX.csv",정적 Gate 실행 완료
SCENARIO,QA32-S004,OSS-GOV-001,완료,미검증,"cpf-docs/evidence/current/scenarios/QA32-S004.json;cpf-batch/execution-runtime/**;cpf-batch/worker/src/main/java/com/cpf/batch/worker/SpringBatchWorkerStepHandler.java;cpf-tools/db/vendor/{oracle,postgresql,mariadb}/**/V82__*.sql;cpf-tools/db/vendor/{oracle,postgresql,mariadb}/**/V84__*.sql;cpf-admin/frontend/**;cpf-biz-admin/frontend/**;cpf-starters/security/**;cpf-tools/db/vendor/{oracle,postgresql,mariadb}/**/V83__*.sql;cpf-starters/resilience/**;cpf-batch/control-server/src/main/java/com/cpf/batch/control/deploy/**;cpf-batch/host-agent/src/main/java/com/cpf/batch/agent/**;settings.gradle;build.gradle;gradle/cpf-stack.properties;cpf-tools/scripts/verify-cpf-qa32-generator.py;cpf-tools/scripts/verify-cpf-qa32-repository-security.py;cpf-tools/scripts/verify-cpf-qa32-primary-engines.py;cpf-tools/scripts/verify-cpf-qa32-completion.py;cpf-docs/quality/CPF_20260730_QA32_RESULT_MATRIX.csv",실제 Runtime 실행 필요
SCENARIO,QA32-S005,OSS-ARCH-001,완료,미검증,"cpf-docs/evidence/current/scenarios/QA32-S005.json;cpf-admin/frontend/**;cpf-biz-admin/frontend/**;cpf-starters/security/**;cpf-tools/db/vendor/{oracle,postgresql,mariadb}/**/V83__*.sql;cpf-starters/messaging-kafka/**;cpf-batch/execution-runtime/src/main/java/com/cpf/batch/execution/CpfBatchKafka*.java;cpf-starters/observability/**;cpf-starters/cache/**;settings.gradle;build.gradle;gradle/cpf-stack.properties;cpf-tools/scripts/verify-cpf-qa32-generator.py;cpf-tools/scripts/verify-cpf-qa32-repository-security.py",실제 Runtime 실행 필요
SCENARIO,QA32-S006,OSS-ARCH-001,완료,미검증,cpf-docs/evidence/current/scenarios/QA32-S006.json;cpf-tools/scripts/verify-cpf-qa32-primary-engines.py,실제 Runtime 실행 필요
SCENARIO,QA32-S007,OSS-ARCH-001,완료,완료,cpf-docs/evidence/current/scenarios/QA32-S007.json;cpf-batch/control-server/src/main/java/com/cpf/batch/control/deploy/**;cpf-batch/host-agent/src/main/java/com/cpf/batch/agent/**;settings.gradle;build.gradle;gradle/cpf-stack.properties;cpf-tools/scripts/verify-cpf-qa32-generator.py;cpf-tools/scripts/verify-cpf-qa32-primary-engines.py;cpf-tools/scripts/verify-cpf-qa32-completion.py;cpf-docs/quality/CPF_20260730_QA32_RESULT_MATRIX.csv,정적 Gate 실행 완료
SCENARIO,QA32-S008,OSS-ARCH-001,완료,미검증,"cpf-docs/evidence/current/scenarios/QA32-S008.json;cpf-batch/execution-runtime/**;cpf-batch/worker/src/main/java/com/cpf/batch/worker/SpringBatchWorkerStepHandler.java;cpf-tools/db/vendor/{oracle,postgresql,mariadb}/**/V82__*.sql;cpf-tools/db/vendor/{oracle,postgresql,mariadb}/**/V84__*.sql;cpf-starters/resilience/**;cpf-batch/control-server/src/main/java/com/cpf/batch/control/deploy/**;cpf-batch/host-agent/src/main/java/com/cpf/batch/agent/**;cpf-tools/scripts/verify-cpf-qa32-repository-security.py;cpf-tools/scripts/verify-cpf-qa32-primary-engines.py;cpf-tools/scripts/verify-cpf-qa32-completion.py;cpf-docs/quality/CPF_20260730_QA32_RESULT_MATRIX.csv",실제 Runtime 실행 필요
SCENARIO,QA32-S009,OSS-UI-001,완료,미검증,"cpf-docs/evidence/current/scenarios/QA32-S009.json;cpf-admin/frontend/**;cpf-biz-admin/frontend/**;cpf-starters/security/**;cpf-tools/db/vendor/{oracle,postgresql,mariadb}/**/V83__*.sql;cpf-tools/supply-chain/**;cpf-tools/scripts/generate-cpf-supply-chain-evidence.ps1;cpf-docs/legal/THIRD_PARTY_NOTICES_QA32.md",실제 Runtime 실행 필요
SCENARIO,QA32-S010,OSS-UI-001,완료,미검증,"cpf-docs/evidence/current/scenarios/QA32-S010.json;cpf-admin/frontend/**;cpf-biz-admin/frontend/**;cpf-starters/security/**;cpf-tools/db/vendor/{oracle,postgresql,mariadb}/**/V83__*.sql",실제 Runtime 실행 필요
SCENARIO,QA32-S011,OSS-UI-001,완료,완료,"cpf-docs/evidence/current/scenarios/QA32-S011.json;cpf-admin/frontend/**;cpf-biz-admin/frontend/**;cpf-starters/security/**;cpf-tools/db/vendor/{oracle,postgresql,mariadb}/**/V83__*.sql;cpf-tools/supply-chain/**;cpf-tools/scripts/generate-cpf-supply-chain-evidence.ps1;cpf-docs/legal/THIRD_PARTY_NOTICES_QA32.md;cpf-batch/control-server/src/main/java/com/cpf/batch/control/deploy/**;cpf-batch/host-agent/src/main/java/com/cpf/batch/agent/**;settings.gradle;build.gradle;gradle/cpf-stack.properties;cpf-tools/scripts/verify-cpf-qa32-generator.py;cpf-tools/scripts/verify-cpf-qa32-primary-engines.py;cpf-tools/scripts/verify-cpf-qa32-completion.py;cpf-docs/quality/CPF_20260730_QA32_RESULT_MATRIX.csv",정적 Gate 실행 완료
SCENARIO,QA32-S012,OSS-FE-001,완료,미검증,"cpf-docs/evidence/current/scenarios/QA32-S012.json;cpf-admin/frontend/**;cpf-biz-admin/frontend/**;cpf-starters/security/**;cpf-tools/db/vendor/{oracle,postgresql,mariadb}/**/V83__*.sql;cpf-starters/cache/**",실제 Runtime 실행 필요
SCENARIO,QA32-S013,OSS-FE-001,완료,미검증,"cpf-docs/evidence/current/scenarios/QA32-S013.json;cpf-admin/frontend/**;cpf-biz-admin/frontend/**;cpf-starters/security/**;cpf-tools/db/vendor/{oracle,postgresql,mariadb}/**/V83__*.sql;cpf-starters/resilience/**",실제 Runtime 실행 필요
SCENARIO,QA32-S014,OSS-FE-001,완료,완료,"cpf-docs/evidence/current/scenarios/QA32-S014.json;cpf-admin/frontend/**;cpf-biz-admin/frontend/**;cpf-starters/security/**;cpf-tools/db/vendor/{oracle,postgresql,mariadb}/**/V83__*.sql;cpf-batch/control-server/src/main/java/com/cpf/batch/control/deploy/**;cpf-batch/host-agent/src/main/java/com/cpf/batch/agent/**;settings.gradle;build.gradle;gradle/cpf-stack.properties;cpf-tools/scripts/verify-cpf-qa32-generator.py;cpf-tools/scripts/verify-cpf-qa32-primary-engines.py;cpf-tools/scripts/verify-cpf-qa32-completion.py;cpf-docs/quality/CPF_20260730_QA32_RESULT_MATRIX.csv",정적 Gate 실행 완료
SCENARIO,QA32-S015,OSS-API-001,완료,미검증,"cpf-docs/evidence/current/scenarios/QA32-S015.json;cpf-admin/frontend/**;cpf-biz-admin/frontend/**;cpf-starters/security/**;cpf-tools/db/vendor/{oracle,postgresql,mariadb}/**/V83__*.sql",실제 Runtime 실행 필요
SCENARIO,QA32-S016,OSS-API-001,완료,미검증,"cpf-docs/evidence/current/scenarios/QA32-S016.json;cpf-admin/frontend/**;cpf-biz-admin/frontend/**;cpf-starters/security/**;cpf-tools/db/vendor/{oracle,postgresql,mariadb}/**/V83__*.sql",실제 Runtime 실행 필요
SCENARIO,QA32-S017,OSS-API-001,완료,완료,"cpf-docs/evidence/current/scenarios/QA32-S017.json;cpf-admin/frontend/**;cpf-biz-admin/frontend/**;cpf-starters/security/**;cpf-tools/db/vendor/{oracle,postgresql,mariadb}/**/V83__*.sql;cpf-batch/control-server/src/main/java/com/cpf/batch/control/deploy/**;cpf-batch/host-agent/src/main/java/com/cpf/batch/agent/**;settings.gradle;build.gradle;gradle/cpf-stack.properties;cpf-tools/scripts/verify-cpf-qa32-generator.py;cpf-tools/scripts/verify-cpf-qa32-primary-engines.py;cpf-tools/scripts/verify-cpf-qa32-completion.py;cpf-docs/quality/CPF_20260730_QA32_RESULT_MATRIX.csv",정적 Gate 실행 완료
SCENARIO,QA32-S018,OSS-BFF-001,완료,미검증,"cpf-docs/evidence/current/scenarios/QA32-S018.json;cpf-admin/frontend/**;cpf-biz-admin/frontend/**;cpf-starters/security/**;cpf-tools/db/vendor/{oracle,postgresql,mariadb}/**/V83__*.sql;cpf-tools/scripts/verify-cpf-qa32-repository-security.py",실제 Runtime 실행 필요
SCENARIO,QA32-S019,OSS-BFF-001,완료,미검증,"cpf-docs/evidence/current/scenarios/QA32-S019.json;cpf-gateway/src/main/java/com/cpf/gateway/scg/**;cpf-gateway/build.gradle;cpf-docs/work/manifest/CPF_20260731_QA32_DELETE_MANIFEST.txt;cpf-admin/frontend/**;cpf-biz-admin/frontend/**;cpf-starters/security/**;cpf-tools/db/vendor/{oracle,postgresql,mariadb}/**/V83__*.sql;cpf-tools/scripts/verify-cpf-qa32-primary-engines.py;cpf-tools/scripts/verify-cpf-qa32-completion.py;cpf-docs/quality/CPF_20260730_QA32_RESULT_MATRIX.csv",실제 Runtime 실행 필요
SCENARIO,QA32-S020,OSS-BFF-001,완료,완료,"cpf-docs/evidence/current/scenarios/QA32-S020.json;cpf-admin/frontend/**;cpf-biz-admin/frontend/**;cpf-starters/security/**;cpf-tools/db/vendor/{oracle,postgresql,mariadb}/**/V83__*.sql;cpf-batch/control-server/src/main/java/com/cpf/batch/control/deploy/**;cpf-batch/host-agent/src/main/java/com/cpf/batch/agent/**;settings.gradle;build.gradle;gradle/cpf-stack.properties;cpf-tools/scripts/verify-cpf-qa32-generator.py;cpf-tools/scripts/verify-cpf-qa32-repository-security.py;cpf-tools/scripts/verify-cpf-qa32-primary-engines.py;cpf-tools/scripts/verify-cpf-qa32-completion.py;cpf-docs/quality/CPF_20260730_QA32_RESULT_MATRIX.csv",정적 Gate 실행 완료
SCENARIO,QA32-S021,OSS-BFF-001,완료,미검증,"cpf-docs/evidence/current/scenarios/QA32-S021.json;cpf-batch/execution-runtime/**;cpf-batch/worker/src/main/java/com/cpf/batch/worker/SpringBatchWorkerStepHandler.java;cpf-tools/db/vendor/{oracle,postgresql,mariadb}/**/V82__*.sql;cpf-tools/db/vendor/{oracle,postgresql,mariadb}/**/V84__*.sql;cpf-admin/frontend/**;cpf-biz-admin/frontend/**;cpf-starters/security/**;cpf-tools/db/vendor/{oracle,postgresql,mariadb}/**/V83__*.sql;cpf-starters/resilience/**;cpf-batch/control-server/src/main/java/com/cpf/batch/control/deploy/**;cpf-batch/host-agent/src/main/java/com/cpf/batch/agent/**;cpf-tools/scripts/verify-cpf-qa32-repository-security.py;cpf-tools/scripts/verify-cpf-qa32-primary-engines.py;cpf-tools/scripts/verify-cpf-qa32-completion.py;cpf-docs/quality/CPF_20260730_QA32_RESULT_MATRIX.csv",실제 Runtime 실행 필요
SCENARIO,QA32-S022,OSS-GWY-001,완료,미검증,"cpf-docs/evidence/current/scenarios/QA32-S022.json;cpf-gateway/src/main/java/com/cpf/gateway/scg/**;cpf-gateway/build.gradle;cpf-docs/work/manifest/CPF_20260731_QA32_DELETE_MANIFEST.txt;cpf-admin/frontend/**;cpf-biz-admin/frontend/**;cpf-starters/security/**;cpf-tools/db/vendor/{oracle,postgresql,mariadb}/**/V83__*.sql;cpf-batch/control-server/src/main/java/com/cpf/batch/control/deploy/**;cpf-batch/host-agent/src/main/java/com/cpf/batch/agent/**;cpf-tools/scripts/verify-cpf-qa32-primary-engines.py;cpf-tools/scripts/verify-cpf-qa32-completion.py;cpf-docs/quality/CPF_20260730_QA32_RESULT_MATRIX.csv",실제 Runtime 실행 필요
SCENARIO,QA32-S023,OSS-GWY-001,완료,미검증,cpf-docs/evidence/current/scenarios/QA32-S023.json;cpf-gateway/src/main/java/com/cpf/gateway/scg/**;cpf-gateway/build.gradle;cpf-docs/work/manifest/CPF_20260731_QA32_DELETE_MANIFEST.txt;cpf-starters/resilience/**;cpf-tools/supply-chain/**;cpf-tools/scripts/generate-cpf-supply-chain-evidence.ps1;cpf-docs/legal/THIRD_PARTY_NOTICES_QA32.md;cpf-batch/control-server/src/main/java/com/cpf/batch/control/deploy/**;cpf-batch/host-agent/src/main/java/com/cpf/batch/agent/**;settings.gradle;build.gradle;gradle/cpf-stack.properties;cpf-tools/scripts/verify-cpf-qa32-generator.py;cpf-tools/scripts/verify-cpf-qa32-primary-engines.py;cpf-tools/scripts/verify-cpf-qa32-completion.py;cpf-docs/quality/CPF_20260730_QA32_RESULT_MATRIX.csv,실제 Runtime 실행 필요
SCENARIO,QA32-S024,OSS-GWY-001,완료,완료,cpf-docs/evidence/current/scenarios/QA32-S024.json;cpf-gateway/src/main/java/com/cpf/gateway/scg/**;cpf-gateway/build.gradle;cpf-docs/work/manifest/CPF_20260731_QA32_DELETE_MANIFEST.txt;cpf-tools/supply-chain/**;cpf-tools/scripts/generate-cpf-supply-chain-evidence.ps1;cpf-docs/legal/THIRD_PARTY_NOTICES_QA32.md;cpf-batch/control-server/src/main/java/com/cpf/batch/control/deploy/**;cpf-batch/host-agent/src/main/java/com/cpf/batch/agent/**;settings.gradle;build.gradle;gradle/cpf-stack.properties;cpf-tools/scripts/verify-cpf-qa32-generator.py;cpf-tools/scripts/verify-cpf-qa32-primary-engines.py;cpf-tools/scripts/verify-cpf-qa32-completion.py;cpf-docs/quality/CPF_20260730_QA32_RESULT_MATRIX.csv,정적 Gate 실행 완료
SCENARIO,QA32-S025,OSS-GWY-001,완료,미검증,"cpf-docs/evidence/current/scenarios/QA32-S025.json;cpf-batch/execution-runtime/**;cpf-batch/worker/src/main/java/com/cpf/batch/worker/SpringBatchWorkerStepHandler.java;cpf-tools/db/vendor/{oracle,postgresql,mariadb}/**/V82__*.sql;cpf-tools/db/vendor/{oracle,postgresql,mariadb}/**/V84__*.sql;cpf-gateway/src/main/java/com/cpf/gateway/scg/**;cpf-gateway/build.gradle;cpf-docs/work/manifest/CPF_20260731_QA32_DELETE_MANIFEST.txt;cpf-starters/resilience/**;cpf-batch/control-server/src/main/java/com/cpf/batch/control/deploy/**;cpf-batch/host-agent/src/main/java/com/cpf/batch/agent/**;cpf-tools/scripts/verify-cpf-qa32-repository-security.py;cpf-tools/scripts/verify-cpf-qa32-primary-engines.py;cpf-tools/scripts/verify-cpf-qa32-completion.py;cpf-docs/quality/CPF_20260730_QA32_RESULT_MATRIX.csv",실제 Runtime 실행 필요
SCENARIO,QA32-S026,OSS-MSG-001,완료,미검증,"cpf-docs/evidence/current/scenarios/QA32-S026.json;cpf-admin/frontend/**;cpf-biz-admin/frontend/**;cpf-starters/security/**;cpf-tools/db/vendor/{oracle,postgresql,mariadb}/**/V83__*.sql;cpf-starters/messaging-kafka/**;cpf-batch/execution-runtime/src/main/java/com/cpf/batch/execution/CpfBatchKafka*.java;cpf-starters/resilience/**;cpf-tools/supply-chain/**;cpf-tools/scripts/generate-cpf-supply-chain-evidence.ps1;cpf-docs/legal/THIRD_PARTY_NOTICES_QA32.md",실제 Runtime 실행 필요
SCENARIO,QA32-S027,OSS-MSG-001,완료,미검증,cpf-docs/evidence/current/scenarios/QA32-S027.json;cpf-starters/messaging-kafka/**;cpf-batch/execution-runtime/src/main/java/com/cpf/batch/execution/CpfBatchKafka*.java,실제 Runtime 실행 필요
SCENARIO,QA32-S028,OSS-MSG-001,완료,완료,"cpf-docs/evidence/current/scenarios/QA32-S028.json;cpf-admin/frontend/**;cpf-biz-admin/frontend/**;cpf-starters/security/**;cpf-tools/db/vendor/{oracle,postgresql,mariadb}/**/V83__*.sql;cpf-starters/messaging-kafka/**;cpf-batch/execution-runtime/src/main/java/com/cpf/batch/execution/CpfBatchKafka*.java;cpf-batch/control-server/src/main/java/com/cpf/batch/control/deploy/**;cpf-batch/host-agent/src/main/java/com/cpf/batch/agent/**;settings.gradle;build.gradle;gradle/cpf-stack.properties;cpf-tools/scripts/verify-cpf-qa32-generator.py;cpf-tools/scripts/verify-cpf-qa32-primary-engines.py;cpf-tools/scripts/verify-cpf-qa32-completion.py;cpf-docs/quality/CPF_20260730_QA32_RESULT_MATRIX.csv",정적 Gate 실행 완료
SCENARIO,QA32-S029,OSS-MSG-001,완료,미검증,"cpf-docs/evidence/current/scenarios/QA32-S029.json;cpf-batch/execution-runtime/**;cpf-batch/worker/src/main/java/com/cpf/batch/worker/SpringBatchWorkerStepHandler.java;cpf-tools/db/vendor/{oracle,postgresql,mariadb}/**/V82__*.sql;cpf-tools/db/vendor/{oracle,postgresql,mariadb}/**/V84__*.sql;cpf-starters/messaging-kafka/**;cpf-batch/execution-runtime/src/main/java/com/cpf/batch/execution/CpfBatchKafka*.java;cpf-starters/resilience/**;cpf-batch/control-server/src/main/java/com/cpf/batch/control/deploy/**;cpf-batch/host-agent/src/main/java/com/cpf/batch/agent/**;cpf-tools/scripts/verify-cpf-qa32-repository-security.py;cpf-tools/scripts/verify-cpf-qa32-primary-engines.py;cpf-tools/scripts/verify-cpf-qa32-completion.py;cpf-docs/quality/CPF_20260730_QA32_RESULT_MATRIX.csv",실제 Runtime 실행 필요
SCENARIO,QA32-S030,OSS-RES-001,완료,미검증,"cpf-docs/evidence/current/scenarios/QA32-S030.json;cpf-gateway/src/main/java/com/cpf/gateway/scg/**;cpf-gateway/build.gradle;cpf-docs/work/manifest/CPF_20260731_QA32_DELETE_MANIFEST.txt;cpf-admin/frontend/**;cpf-biz-admin/frontend/**;cpf-starters/security/**;cpf-tools/db/vendor/{oracle,postgresql,mariadb}/**/V83__*.sql;cpf-starters/resilience/**;cpf-tools/scripts/verify-cpf-qa32-primary-engines.py;cpf-tools/scripts/verify-cpf-qa32-completion.py;cpf-docs/quality/CPF_20260730_QA32_RESULT_MATRIX.csv",실제 Runtime 실행 필요
SCENARIO,QA32-S031,OSS-RES-001,완료,미검증,"cpf-docs/evidence/current/scenarios/QA32-S031.json;cpf-admin/frontend/**;cpf-biz-admin/frontend/**;cpf-starters/security/**;cpf-tools/db/vendor/{oracle,postgresql,mariadb}/**/V83__*.sql;cpf-starters/resilience/**;cpf-tools/scripts/verify-cpf-qa32-repository-security.py;cpf-tools/scripts/verify-cpf-qa32-primary-engines.py;cpf-tools/scripts/verify-cpf-qa32-completion.py;cpf-docs/quality/CPF_20260730_QA32_RESULT_MATRIX.csv",실제 Runtime 실행 필요
SCENARIO,QA32-S032,OSS-RES-001,완료,완료,"cpf-docs/evidence/current/scenarios/QA32-S032.json;cpf-admin/frontend/**;cpf-biz-admin/frontend/**;cpf-starters/security/**;cpf-tools/db/vendor/{oracle,postgresql,mariadb}/**/V83__*.sql;cpf-starters/resilience/**;cpf-batch/control-server/src/main/java/com/cpf/batch/control/deploy/**;cpf-batch/host-agent/src/main/java/com/cpf/batch/agent/**;settings.gradle;build.gradle;gradle/cpf-stack.properties;cpf-tools/scripts/verify-cpf-qa32-generator.py;cpf-tools/scripts/verify-cpf-qa32-primary-engines.py;cpf-tools/scripts/verify-cpf-qa32-completion.py;cpf-docs/quality/CPF_20260730_QA32_RESULT_MATRIX.csv",정적 Gate 실행 완료
SCENARIO,QA32-S033,OSS-BATCH-001,완료,미검증,"cpf-docs/evidence/current/scenarios/QA32-S033.json;cpf-batch/execution-runtime/**;cpf-batch/worker/src/main/java/com/cpf/batch/worker/SpringBatchWorkerStepHandler.java;cpf-tools/db/vendor/{oracle,postgresql,mariadb}/**/V82__*.sql;cpf-tools/db/vendor/{oracle,postgresql,mariadb}/**/V84__*.sql;cpf-admin/frontend/**;cpf-biz-admin/frontend/**;cpf-starters/security/**;cpf-tools/db/vendor/{oracle,postgresql,mariadb}/**/V83__*.sql",실제 Runtime 실행 필요
SCENARIO,QA32-S034,OSS-BATCH-001,완료,미검증,"cpf-docs/evidence/current/scenarios/QA32-S034.json;cpf-batch/execution-runtime/**;cpf-batch/worker/src/main/java/com/cpf/batch/worker/SpringBatchWorkerStepHandler.java;cpf-tools/db/vendor/{oracle,postgresql,mariadb}/**/V82__*.sql;cpf-tools/db/vendor/{oracle,postgresql,mariadb}/**/V84__*.sql;cpf-starters/resilience/**;settings.gradle;build.gradle;gradle/cpf-stack.properties;cpf-tools/scripts/verify-cpf-qa32-generator.py;cpf-tools/scripts/verify-cpf-qa32-primary-engines.py;cpf-tools/scripts/verify-cpf-qa32-completion.py;cpf-docs/quality/CPF_20260730_QA32_RESULT_MATRIX.csv",실제 Runtime 실행 필요
SCENARIO,QA32-S035,OSS-BATCH-001,완료,완료,"cpf-docs/evidence/current/scenarios/QA32-S035.json;cpf-batch/execution-runtime/**;cpf-batch/worker/src/main/java/com/cpf/batch/worker/SpringBatchWorkerStepHandler.java;cpf-tools/db/vendor/{oracle,postgresql,mariadb}/**/V82__*.sql;cpf-tools/db/vendor/{oracle,postgresql,mariadb}/**/V84__*.sql;cpf-batch/control-server/src/main/java/com/cpf/batch/control/deploy/**;cpf-batch/host-agent/src/main/java/com/cpf/batch/agent/**;settings.gradle;build.gradle;gradle/cpf-stack.properties;cpf-tools/scripts/verify-cpf-qa32-generator.py;cpf-tools/scripts/verify-cpf-qa32-primary-engines.py;cpf-tools/scripts/verify-cpf-qa32-completion.py;cpf-docs/quality/CPF_20260730_QA32_RESULT_MATRIX.csv",정적 Gate 실행 완료
SCENARIO,QA32-S036,OSS-SCHED-001,완료,미검증,"cpf-docs/evidence/current/scenarios/QA32-S036.json;cpf-batch/execution-runtime/**;cpf-batch/worker/src/main/java/com/cpf/batch/worker/SpringBatchWorkerStepHandler.java;cpf-tools/db/vendor/{oracle,postgresql,mariadb}/**/V82__*.sql;cpf-tools/db/vendor/{oracle,postgresql,mariadb}/**/V84__*.sql;cpf-admin/frontend/**;cpf-biz-admin/frontend/**;cpf-starters/security/**;cpf-tools/db/vendor/{oracle,postgresql,mariadb}/**/V83__*.sql;cpf-tools/supply-chain/**;cpf-tools/scripts/generate-cpf-supply-chain-evidence.ps1;cpf-docs/legal/THIRD_PARTY_NOTICES_QA32.md",실제 Runtime 실행 필요
SCENARIO,QA32-S037,OSS-SCHED-001,완료,미검증,"cpf-docs/evidence/current/scenarios/QA32-S037.json;cpf-batch/execution-runtime/**;cpf-batch/worker/src/main/java/com/cpf/batch/worker/SpringBatchWorkerStepHandler.java;cpf-tools/db/vendor/{oracle,postgresql,mariadb}/**/V82__*.sql;cpf-tools/db/vendor/{oracle,postgresql,mariadb}/**/V84__*.sql",실제 Runtime 실행 필요
SCENARIO,QA32-S038,OSS-SCHED-001,완료,완료,"cpf-docs/evidence/current/scenarios/QA32-S038.json;cpf-batch/execution-runtime/**;cpf-batch/worker/src/main/java/com/cpf/batch/worker/SpringBatchWorkerStepHandler.java;cpf-tools/db/vendor/{oracle,postgresql,mariadb}/**/V82__*.sql;cpf-tools/db/vendor/{oracle,postgresql,mariadb}/**/V84__*.sql;cpf-admin/frontend/**;cpf-biz-admin/frontend/**;cpf-starters/security/**;cpf-tools/db/vendor/{oracle,postgresql,mariadb}/**/V83__*.sql;cpf-batch/control-server/src/main/java/com/cpf/batch/control/deploy/**;cpf-batch/host-agent/src/main/java/com/cpf/batch/agent/**;settings.gradle;build.gradle;gradle/cpf-stack.properties;cpf-tools/scripts/verify-cpf-qa32-generator.py;cpf-tools/scripts/verify-cpf-qa32-primary-engines.py;cpf-tools/scripts/verify-cpf-qa32-completion.py;cpf-docs/quality/CPF_20260730_QA32_RESULT_MATRIX.csv",정적 Gate 실행 완료
SCENARIO,QA32-S039,OSS-DB-001,완료,미검증,"cpf-docs/evidence/current/scenarios/QA32-S039.json;cpf-admin/frontend/**;cpf-biz-admin/frontend/**;cpf-starters/security/**;cpf-tools/db/vendor/{oracle,postgresql,mariadb}/**/V83__*.sql;cpf-batch/control-server/src/main/java/com/cpf/batch/control/deploy/**;cpf-batch/host-agent/src/main/java/com/cpf/batch/agent/**",실제 Runtime 실행 필요
SCENARIO,QA32-S040,OSS-DB-001,완료,미검증,cpf-docs/evidence/current/scenarios/QA32-S040.json;cpf-tools/scripts/verify-cpf-qa32-repository-security.py,실제 Runtime 실행 필요
SCENARIO,QA32-S041,OSS-DB-001,완료,완료,cpf-docs/evidence/current/scenarios/QA32-S041.json;cpf-batch/control-server/src/main/java/com/cpf/batch/control/deploy/**;cpf-batch/host-agent/src/main/java/com/cpf/batch/agent/**;settings.gradle;build.gradle;gradle/cpf-stack.properties;cpf-tools/scripts/verify-cpf-qa32-generator.py;cpf-tools/scripts/verify-cpf-qa32-primary-engines.py;cpf-tools/scripts/verify-cpf-qa32-completion.py;cpf-docs/quality/CPF_20260730_QA32_RESULT_MATRIX.csv,정적 Gate 실행 완료
SCENARIO,QA32-S042,OSS-DB-001,완료,미검증,"cpf-docs/evidence/current/scenarios/QA32-S042.json;cpf-batch/execution-runtime/**;cpf-batch/worker/src/main/java/com/cpf/batch/worker/SpringBatchWorkerStepHandler.java;cpf-tools/db/vendor/{oracle,postgresql,mariadb}/**/V82__*.sql;cpf-tools/db/vendor/{oracle,postgresql,mariadb}/**/V84__*.sql;cpf-starters/resilience/**;cpf-batch/control-server/src/main/java/com/cpf/batch/control/deploy/**;cpf-batch/host-agent/src/main/java/com/cpf/batch/agent/**;cpf-tools/scripts/verify-cpf-qa32-repository-security.py;cpf-tools/scripts/verify-cpf-qa32-primary-engines.py;cpf-tools/scripts/verify-cpf-qa32-completion.py;cpf-docs/quality/CPF_20260730_QA32_RESULT_MATRIX.csv",실제 Runtime 실행 필요
SCENARIO,QA32-S043,OSS-OBS-001,완료,미검증,"cpf-docs/evidence/current/scenarios/QA32-S043.json;cpf-admin/frontend/**;cpf-biz-admin/frontend/**;cpf-starters/security/**;cpf-tools/db/vendor/{oracle,postgresql,mariadb}/**/V83__*.sql;cpf-starters/observability/**;cpf-batch/control-server/src/main/java/com/cpf/batch/control/deploy/**;cpf-batch/host-agent/src/main/java/com/cpf/batch/agent/**",실제 Runtime 실행 필요
SCENARIO,QA32-S044,OSS-OBS-001,완료,미검증,cpf-docs/evidence/current/scenarios/QA32-S044.json;cpf-starters/messaging-kafka/**;cpf-batch/execution-runtime/src/main/java/com/cpf/batch/execution/CpfBatchKafka*.java;cpf-starters/observability/**;cpf-batch/control-server/src/main/java/com/cpf/batch/control/deploy/**;cpf-batch/host-agent/src/main/java/com/cpf/batch/agent/**,실제 Runtime 실행 필요
SCENARIO,QA32-S045,OSS-OBS-001,완료,완료,cpf-docs/evidence/current/scenarios/QA32-S045.json;cpf-batch/control-server/src/main/java/com/cpf/batch/control/deploy/**;cpf-batch/host-agent/src/main/java/com/cpf/batch/agent/**;settings.gradle;build.gradle;gradle/cpf-stack.properties;cpf-tools/scripts/verify-cpf-qa32-generator.py;cpf-tools/scripts/verify-cpf-qa32-primary-engines.py;cpf-tools/scripts/verify-cpf-qa32-completion.py;cpf-docs/quality/CPF_20260730_QA32_RESULT_MATRIX.csv,정적 Gate 실행 완료
SCENARIO,QA32-S046,OSS-CACHE-001,완료,미검증,"cpf-docs/evidence/current/scenarios/QA32-S046.json;cpf-admin/frontend/**;cpf-biz-admin/frontend/**;cpf-starters/security/**;cpf-tools/db/vendor/{oracle,postgresql,mariadb}/**/V83__*.sql;cpf-starters/cache/**",실제 Runtime 실행 필요
SCENARIO,QA32-S047,OSS-CACHE-001,완료,미검증,cpf-docs/evidence/current/scenarios/QA32-S047.json;cpf-starters/cache/**,실제 Runtime 실행 필요
SCENARIO,QA32-S048,OSS-CACHE-001,완료,완료,cpf-docs/evidence/current/scenarios/QA32-S048.json;cpf-starters/cache/**;cpf-batch/control-server/src/main/java/com/cpf/batch/control/deploy/**;cpf-batch/host-agent/src/main/java/com/cpf/batch/agent/**;settings.gradle;build.gradle;gradle/cpf-stack.properties;cpf-tools/scripts/verify-cpf-qa32-generator.py;cpf-tools/scripts/verify-cpf-qa32-primary-engines.py;cpf-tools/scripts/verify-cpf-qa32-completion.py;cpf-docs/quality/CPF_20260730_QA32_RESULT_MATRIX.csv,정적 Gate 실행 완료
SCENARIO,QA32-S049,OSS-FLAG-001,완료,미검증,"cpf-docs/evidence/current/scenarios/QA32-S049.json;cpf-admin/frontend/**;cpf-biz-admin/frontend/**;cpf-starters/security/**;cpf-tools/db/vendor/{oracle,postgresql,mariadb}/**/V83__*.sql;cpf-starters/featureflag/**",실제 Runtime 실행 필요
SCENARIO,QA32-S050,OSS-FLAG-001,완료,미검증,"cpf-docs/evidence/current/scenarios/QA32-S050.json;cpf-admin/frontend/**;cpf-biz-admin/frontend/**;cpf-starters/security/**;cpf-tools/db/vendor/{oracle,postgresql,mariadb}/**/V83__*.sql;cpf-starters/featureflag/**;cpf-tools/scripts/verify-cpf-qa32-primary-engines.py;cpf-tools/scripts/verify-cpf-qa32-completion.py;cpf-docs/quality/CPF_20260730_QA32_RESULT_MATRIX.csv",실제 Runtime 실행 필요
SCENARIO,QA32-S051,OSS-FLAG-001,완료,완료,cpf-docs/evidence/current/scenarios/QA32-S051.json;cpf-starters/featureflag/**;cpf-batch/control-server/src/main/java/com/cpf/batch/control/deploy/**;cpf-batch/host-agent/src/main/java/com/cpf/batch/agent/**;settings.gradle;build.gradle;gradle/cpf-stack.properties;cpf-tools/scripts/verify-cpf-qa32-generator.py;cpf-tools/scripts/verify-cpf-qa32-primary-engines.py;cpf-tools/scripts/verify-cpf-qa32-completion.py;cpf-docs/quality/CPF_20260730_QA32_RESULT_MATRIX.csv,정적 Gate 실행 완료
SCENARIO,QA32-S052,OSS-SECRET-001,완료,미검증,"cpf-docs/evidence/current/scenarios/QA32-S052.json;cpf-admin/frontend/**;cpf-biz-admin/frontend/**;cpf-starters/security/**;cpf-tools/db/vendor/{oracle,postgresql,mariadb}/**/V83__*.sql;cpf-starters/secret/**;cpf-biz-admin/src/main/java/com/cpf/bizadmin/auth/service/BzaBootstrapRunner.java",실제 Runtime 실행 필요
SCENARIO,QA32-S053,OSS-SECRET-001,완료,미검증,cpf-docs/evidence/current/scenarios/QA32-S053.json;cpf-starters/secret/**;cpf-biz-admin/src/main/java/com/cpf/bizadmin/auth/service/BzaBootstrapRunner.java;cpf-tools/scripts/verify-cpf-qa32-primary-engines.py;cpf-tools/scripts/verify-cpf-qa32-completion.py;cpf-docs/quality/CPF_20260730_QA32_RESULT_MATRIX.csv,실제 Runtime 실행 필요
SCENARIO,QA32-S054,OSS-SECRET-001,완료,완료,cpf-docs/evidence/current/scenarios/QA32-S054.json;cpf-starters/secret/**;cpf-biz-admin/src/main/java/com/cpf/bizadmin/auth/service/BzaBootstrapRunner.java;cpf-tools/supply-chain/**;cpf-tools/scripts/generate-cpf-supply-chain-evidence.ps1;cpf-docs/legal/THIRD_PARTY_NOTICES_QA32.md;cpf-batch/control-server/src/main/java/com/cpf/batch/control/deploy/**;cpf-batch/host-agent/src/main/java/com/cpf/batch/agent/**;settings.gradle;build.gradle;gradle/cpf-stack.properties;cpf-tools/scripts/verify-cpf-qa32-generator.py;cpf-tools/scripts/verify-cpf-qa32-primary-engines.py;cpf-tools/scripts/verify-cpf-qa32-completion.py;cpf-docs/quality/CPF_20260730_QA32_RESULT_MATRIX.csv,정적 Gate 실행 완료
SCENARIO,QA32-S055,OSS-SECRET-001,완료,미검증,"cpf-docs/evidence/current/scenarios/QA32-S055.json;cpf-batch/execution-runtime/**;cpf-batch/worker/src/main/java/com/cpf/batch/worker/SpringBatchWorkerStepHandler.java;cpf-tools/db/vendor/{oracle,postgresql,mariadb}/**/V82__*.sql;cpf-tools/db/vendor/{oracle,postgresql,mariadb}/**/V84__*.sql;cpf-starters/resilience/**;cpf-starters/secret/**;cpf-biz-admin/src/main/java/com/cpf/bizadmin/auth/service/BzaBootstrapRunner.java;cpf-batch/control-server/src/main/java/com/cpf/batch/control/deploy/**;cpf-batch/host-agent/src/main/java/com/cpf/batch/agent/**;cpf-tools/scripts/verify-cpf-qa32-repository-security.py;cpf-tools/scripts/verify-cpf-qa32-primary-engines.py;cpf-tools/scripts/verify-cpf-qa32-completion.py;cpf-docs/quality/CPF_20260730_QA32_RESULT_MATRIX.csv",실제 Runtime 실행 필요
SCENARIO,QA32-S056,OSS-SUPPLY-001,완료,미검증,"cpf-docs/evidence/current/scenarios/QA32-S056.json;cpf-admin/frontend/**;cpf-biz-admin/frontend/**;cpf-starters/security/**;cpf-tools/db/vendor/{oracle,postgresql,mariadb}/**/V83__*.sql;cpf-tools/supply-chain/**;cpf-tools/scripts/generate-cpf-supply-chain-evidence.ps1;cpf-docs/legal/THIRD_PARTY_NOTICES_QA32.md;cpf-batch/control-server/src/main/java/com/cpf/batch/control/deploy/**;cpf-batch/host-agent/src/main/java/com/cpf/batch/agent/**;settings.gradle;build.gradle;gradle/cpf-stack.properties;cpf-tools/scripts/verify-cpf-qa32-generator.py;cpf-tools/scripts/verify-cpf-qa32-repository-security.py",실제 Runtime 실행 필요
SCENARIO,QA32-S057,OSS-SUPPLY-001,완료,미검증,cpf-docs/evidence/current/scenarios/QA32-S057.json;cpf-tools/supply-chain/**;cpf-tools/scripts/generate-cpf-supply-chain-evidence.ps1;cpf-docs/legal/THIRD_PARTY_NOTICES_QA32.md;cpf-batch/control-server/src/main/java/com/cpf/batch/control/deploy/**;cpf-batch/host-agent/src/main/java/com/cpf/batch/agent/**;settings.gradle;build.gradle;gradle/cpf-stack.properties;cpf-tools/scripts/verify-cpf-qa32-generator.py;cpf-tools/scripts/verify-cpf-qa32-primary-engines.py;cpf-tools/scripts/verify-cpf-qa32-completion.py;cpf-docs/quality/CPF_20260730_QA32_RESULT_MATRIX.csv,실제 Runtime 실행 필요
SCENARIO,QA32-S058,OSS-SUPPLY-001,완료,완료,cpf-docs/evidence/current/scenarios/QA32-S058.json;cpf-tools/supply-chain/**;cpf-tools/scripts/generate-cpf-supply-chain-evidence.ps1;cpf-docs/legal/THIRD_PARTY_NOTICES_QA32.md;cpf-batch/control-server/src/main/java/com/cpf/batch/control/deploy/**;cpf-batch/host-agent/src/main/java/com/cpf/batch/agent/**;settings.gradle;build.gradle;gradle/cpf-stack.properties;cpf-tools/scripts/verify-cpf-qa32-generator.py;cpf-tools/scripts/verify-cpf-qa32-primary-engines.py;cpf-tools/scripts/verify-cpf-qa32-completion.py;cpf-docs/quality/CPF_20260730_QA32_RESULT_MATRIX.csv,정적 Gate 실행 완료
SCENARIO,QA32-S059,OSS-SUPPLY-001,완료,미검증,"cpf-docs/evidence/current/scenarios/QA32-S059.json;cpf-batch/execution-runtime/**;cpf-batch/worker/src/main/java/com/cpf/batch/worker/SpringBatchWorkerStepHandler.java;cpf-tools/db/vendor/{oracle,postgresql,mariadb}/**/V82__*.sql;cpf-tools/db/vendor/{oracle,postgresql,mariadb}/**/V84__*.sql;cpf-starters/resilience/**;cpf-tools/supply-chain/**;cpf-tools/scripts/generate-cpf-supply-chain-evidence.ps1;cpf-docs/legal/THIRD_PARTY_NOTICES_QA32.md;cpf-batch/control-server/src/main/java/com/cpf/batch/control/deploy/**;cpf-batch/host-agent/src/main/java/com/cpf/batch/agent/**;cpf-tools/scripts/verify-cpf-qa32-repository-security.py;cpf-tools/scripts/verify-cpf-qa32-primary-engines.py;cpf-tools/scripts/verify-cpf-qa32-completion.py;cpf-docs/quality/CPF_20260730_QA32_RESULT_MATRIX.csv",실제 Runtime 실행 필요
SCENARIO,QA32-S060,OSS-TEST-001,완료,미검증,"cpf-docs/evidence/current/scenarios/QA32-S060.json;cpf-admin/frontend/**;cpf-biz-admin/frontend/**;cpf-starters/security/**;cpf-tools/db/vendor/{oracle,postgresql,mariadb}/**/V83__*.sql;cpf-starters/observability/**;cpf-batch/control-server/src/main/java/com/cpf/batch/control/deploy/**;cpf-batch/host-agent/src/main/java/com/cpf/batch/agent/**;cpf-tools/scripts/verify-cpf-qa32-repository-security.py;cpf-tools/scripts/verify-cpf-qa32-primary-engines.py;cpf-tools/scripts/verify-cpf-qa32-completion.py;cpf-docs/quality/CPF_20260730_QA32_RESULT_MATRIX.csv",실제 Runtime 실행 필요
SCENARIO,QA32-S061,OSS-TEST-001,완료,미검증,"cpf-docs/evidence/current/scenarios/QA32-S061.json;cpf-admin/frontend/**;cpf-biz-admin/frontend/**;cpf-starters/security/**;cpf-tools/db/vendor/{oracle,postgresql,mariadb}/**/V83__*.sql;cpf-tools/supply-chain/**;cpf-tools/scripts/generate-cpf-supply-chain-evidence.ps1;cpf-docs/legal/THIRD_PARTY_NOTICES_QA32.md;cpf-tools/scripts/verify-cpf-qa32-primary-engines.py;cpf-tools/scripts/verify-cpf-qa32-completion.py;cpf-docs/quality/CPF_20260730_QA32_RESULT_MATRIX.csv",실제 Runtime 실행 필요
SCENARIO,QA32-S062,OSS-TEST-001,완료,완료,"cpf-docs/evidence/current/scenarios/QA32-S062.json;cpf-admin/frontend/**;cpf-biz-admin/frontend/**;cpf-starters/security/**;cpf-tools/db/vendor/{oracle,postgresql,mariadb}/**/V83__*.sql;cpf-batch/control-server/src/main/java/com/cpf/batch/control/deploy/**;cpf-batch/host-agent/src/main/java/com/cpf/batch/agent/**;settings.gradle;build.gradle;gradle/cpf-stack.properties;cpf-tools/scripts/verify-cpf-qa32-generator.py;cpf-tools/scripts/verify-cpf-qa32-primary-engines.py;cpf-tools/scripts/verify-cpf-qa32-completion.py;cpf-docs/quality/CPF_20260730_QA32_RESULT_MATRIX.csv",정적 Gate 실행 완료
SCENARIO,QA32-S063,BUILD-DEP-001,완료,미검증,"cpf-docs/evidence/current/scenarios/QA32-S063.json;cpf-admin/frontend/**;cpf-biz-admin/frontend/**;cpf-starters/security/**;cpf-tools/db/vendor/{oracle,postgresql,mariadb}/**/V83__*.sql",실제 Runtime 실행 필요
SCENARIO,QA32-S064,BUILD-DEP-001,완료,미검증,cpf-docs/evidence/current/scenarios/QA32-S064.json;cpf-tools/scripts/verify-cpf-qa32-primary-engines.py,실제 Runtime 실행 필요
SCENARIO,QA32-S065,BUILD-DEP-001,완료,완료,cpf-docs/evidence/current/scenarios/QA32-S065.json;cpf-batch/control-server/src/main/java/com/cpf/batch/control/deploy/**;cpf-batch/host-agent/src/main/java/com/cpf/batch/agent/**;settings.gradle;build.gradle;gradle/cpf-stack.properties;cpf-tools/scripts/verify-cpf-qa32-generator.py;cpf-tools/scripts/verify-cpf-qa32-primary-engines.py;cpf-tools/scripts/verify-cpf-qa32-completion.py;cpf-docs/quality/CPF_20260730_QA32_RESULT_MATRIX.csv,정적 Gate 실행 완료
SCENARIO,QA32-S066,BUILD-DEP-001,완료,미검증,"cpf-docs/evidence/current/scenarios/QA32-S066.json;cpf-batch/execution-runtime/**;cpf-batch/worker/src/main/java/com/cpf/batch/worker/SpringBatchWorkerStepHandler.java;cpf-tools/db/vendor/{oracle,postgresql,mariadb}/**/V82__*.sql;cpf-tools/db/vendor/{oracle,postgresql,mariadb}/**/V84__*.sql;cpf-starters/resilience/**;cpf-batch/control-server/src/main/java/com/cpf/batch/control/deploy/**;cpf-batch/host-agent/src/main/java/com/cpf/batch/agent/**;cpf-tools/scripts/verify-cpf-qa32-repository-security.py;cpf-tools/scripts/verify-cpf-qa32-primary-engines.py;cpf-tools/scripts/verify-cpf-qa32-completion.py;cpf-docs/quality/CPF_20260730_QA32_RESULT_MATRIX.csv",실제 Runtime 실행 필요
SCENARIO,QA32-S067,BUILD-DEP-002,완료,미검증,"cpf-docs/evidence/current/scenarios/QA32-S067.json;cpf-admin/frontend/**;cpf-biz-admin/frontend/**;cpf-starters/security/**;cpf-tools/db/vendor/{oracle,postgresql,mariadb}/**/V83__*.sql;settings.gradle;build.gradle;gradle/cpf-stack.properties;cpf-tools/scripts/verify-cpf-qa32-generator.py;cpf-tools/scripts/verify-cpf-qa32-primary-engines.py;cpf-tools/scripts/verify-cpf-qa32-completion.py;cpf-docs/quality/CPF_20260730_QA32_RESULT_MATRIX.csv",실제 Runtime 실행 필요
SCENARIO,QA32-S068,BUILD-DEP-002,완료,미검증,cpf-docs/evidence/current/scenarios/QA32-S068.json;cpf-starters/cache/**;settings.gradle;build.gradle;gradle/cpf-stack.properties;cpf-tools/scripts/verify-cpf-qa32-generator.py;cpf-tools/scripts/verify-cpf-qa32-primary-engines.py;cpf-tools/scripts/verify-cpf-qa32-completion.py;cpf-docs/quality/CPF_20260730_QA32_RESULT_MATRIX.csv,실제 Runtime 실행 필요
SCENARIO,QA32-S069,BUILD-DEP-002,완료,완료,cpf-docs/evidence/current/scenarios/QA32-S069.json;cpf-batch/control-server/src/main/java/com/cpf/batch/control/deploy/**;cpf-batch/host-agent/src/main/java/com/cpf/batch/agent/**;settings.gradle;build.gradle;gradle/cpf-stack.properties;cpf-tools/scripts/verify-cpf-qa32-generator.py;cpf-tools/scripts/verify-cpf-qa32-primary-engines.py;cpf-tools/scripts/verify-cpf-qa32-completion.py;cpf-docs/quality/CPF_20260730_QA32_RESULT_MATRIX.csv,정적 Gate 실행 완료
SCENARIO,QA32-S070,BUILD-DEP-002,완료,미검증,"cpf-docs/evidence/current/scenarios/QA32-S070.json;cpf-batch/execution-runtime/**;cpf-batch/worker/src/main/java/com/cpf/batch/worker/SpringBatchWorkerStepHandler.java;cpf-tools/db/vendor/{oracle,postgresql,mariadb}/**/V82__*.sql;cpf-tools/db/vendor/{oracle,postgresql,mariadb}/**/V84__*.sql;cpf-starters/resilience/**;cpf-batch/control-server/src/main/java/com/cpf/batch/control/deploy/**;cpf-batch/host-agent/src/main/java/com/cpf/batch/agent/**;settings.gradle;build.gradle;gradle/cpf-stack.properties;cpf-tools/scripts/verify-cpf-qa32-generator.py;cpf-tools/scripts/verify-cpf-qa32-repository-security.py;cpf-tools/scripts/verify-cpf-qa32-primary-engines.py;cpf-tools/scripts/verify-cpf-qa32-completion.py;cpf-docs/quality/CPF_20260730_QA32_RESULT_MATRIX.csv",실제 Runtime 실행 필요
SCENARIO,QA32-S071,BUILD-PROV-001,완료,미검증,"cpf-docs/evidence/current/scenarios/QA32-S071.json;cpf-admin/frontend/**;cpf-biz-admin/frontend/**;cpf-starters/security/**;cpf-tools/db/vendor/{oracle,postgresql,mariadb}/**/V83__*.sql;settings.gradle;build.gradle;gradle/cpf-stack.properties;cpf-tools/scripts/verify-cpf-qa32-generator.py;cpf-tools/scripts/verify-cpf-qa32-primary-engines.py;cpf-tools/scripts/verify-cpf-qa32-completion.py;cpf-docs/quality/CPF_20260730_QA32_RESULT_MATRIX.csv",실제 Runtime 실행 필요
SCENARIO,QA32-S072,BUILD-PROV-001,완료,미검증,"cpf-docs/evidence/current/scenarios/QA32-S072.json;cpf-admin/frontend/**;cpf-biz-admin/frontend/**;cpf-starters/security/**;cpf-tools/db/vendor/{oracle,postgresql,mariadb}/**/V83__*.sql;cpf-core/src/main/java/com/cpf/core/api/archive/**;cpf-core/src/main/java/com/cpf/core/api/attachment/**;cpf-core/src/main/java/com/cpf/core/common/archive/LocalCpfArchiveService.java;cpf-core/src/main/java/com/cpf/core/common/attachment/LocalCpfAttachmentStorageAdapter.java;settings.gradle;build.gradle;gradle/cpf-stack.properties;cpf-tools/scripts/verify-cpf-qa32-generator.py",실제 Runtime 실행 필요
SCENARIO,QA32-S073,BUILD-PROV-001,완료,완료,cpf-docs/evidence/current/scenarios/QA32-S073.json;cpf-batch/control-server/src/main/java/com/cpf/batch/control/deploy/**;cpf-batch/host-agent/src/main/java/com/cpf/batch/agent/**;settings.gradle;build.gradle;gradle/cpf-stack.properties;cpf-tools/scripts/verify-cpf-qa32-generator.py;cpf-tools/scripts/verify-cpf-qa32-primary-engines.py;cpf-tools/scripts/verify-cpf-qa32-completion.py;cpf-docs/quality/CPF_20260730_QA32_RESULT_MATRIX.csv,정적 Gate 실행 완료
SCENARIO,QA32-S074,BUILD-PROV-001,완료,미검증,"cpf-docs/evidence/current/scenarios/QA32-S074.json;cpf-batch/execution-runtime/**;cpf-batch/worker/src/main/java/com/cpf/batch/worker/SpringBatchWorkerStepHandler.java;cpf-tools/db/vendor/{oracle,postgresql,mariadb}/**/V82__*.sql;cpf-tools/db/vendor/{oracle,postgresql,mariadb}/**/V84__*.sql;cpf-starters/resilience/**;cpf-batch/control-server/src/main/java/com/cpf/batch/control/deploy/**;cpf-batch/host-agent/src/main/java/com/cpf/batch/agent/**;settings.gradle;build.gradle;gradle/cpf-stack.properties;cpf-tools/scripts/verify-cpf-qa32-generator.py;cpf-tools/scripts/verify-cpf-qa32-repository-security.py;cpf-tools/scripts/verify-cpf-qa32-primary-engines.py;cpf-tools/scripts/verify-cpf-qa32-completion.py;cpf-docs/quality/CPF_20260730_QA32_RESULT_MATRIX.csv",실제 Runtime 실행 필요
SCENARIO,QA32-S075,BUILD-ART-001,완료,미검증,"cpf-docs/evidence/current/scenarios/QA32-S075.json;cpf-admin/frontend/**;cpf-biz-admin/frontend/**;cpf-starters/security/**;cpf-tools/db/vendor/{oracle,postgresql,mariadb}/**/V83__*.sql;cpf-batch/control-server/src/main/java/com/cpf/batch/control/deploy/**;cpf-batch/host-agent/src/main/java/com/cpf/batch/agent/**;cpf-tools/scripts/verify-cpf-qa32-primary-engines.py;cpf-tools/scripts/verify-cpf-qa32-completion.py;cpf-docs/quality/CPF_20260730_QA32_RESULT_MATRIX.csv",실제 Runtime 실행 필요
SCENARIO,QA32-S076,BUILD-ART-001,완료,미검증,cpf-docs/evidence/current/scenarios/QA32-S076.json;cpf-batch/control-server/src/main/java/com/cpf/batch/control/deploy/**;cpf-batch/host-agent/src/main/java/com/cpf/batch/agent/**;cpf-tools/scripts/verify-cpf-qa32-primary-engines.py;cpf-tools/scripts/verify-cpf-qa32-completion.py;cpf-docs/quality/CPF_20260730_QA32_RESULT_MATRIX.csv,실제 Runtime 실행 필요
SCENARIO,QA32-S077,BUILD-ART-001,완료,완료,cpf-docs/evidence/current/scenarios/QA32-S077.json;cpf-batch/control-server/src/main/java/com/cpf/batch/control/deploy/**;cpf-batch/host-agent/src/main/java/com/cpf/batch/agent/**;settings.gradle;build.gradle;gradle/cpf-stack.properties;cpf-tools/scripts/verify-cpf-qa32-generator.py;cpf-tools/scripts/verify-cpf-qa32-primary-engines.py;cpf-tools/scripts/verify-cpf-qa32-completion.py;cpf-docs/quality/CPF_20260730_QA32_RESULT_MATRIX.csv,정적 Gate 실행 완료
SCENARIO,QA32-S078,BUILD-ART-002,완료,미검증,"cpf-docs/evidence/current/scenarios/QA32-S078.json;cpf-admin/frontend/**;cpf-biz-admin/frontend/**;cpf-starters/security/**;cpf-tools/db/vendor/{oracle,postgresql,mariadb}/**/V83__*.sql;cpf-starters/cache/**;settings.gradle;build.gradle;gradle/cpf-stack.properties;cpf-tools/scripts/verify-cpf-qa32-generator.py",실제 Runtime 실행 필요
SCENARIO,QA32-S079,BUILD-ART-002,완료,미검증,"cpf-docs/evidence/current/scenarios/QA32-S079.json;cpf-admin/frontend/**;cpf-biz-admin/frontend/**;cpf-starters/security/**;cpf-tools/db/vendor/{oracle,postgresql,mariadb}/**/V83__*.sql;cpf-starters/cache/**;cpf-batch/control-server/src/main/java/com/cpf/batch/control/deploy/**;cpf-batch/host-agent/src/main/java/com/cpf/batch/agent/**;settings.gradle;build.gradle;gradle/cpf-stack.properties;cpf-tools/scripts/verify-cpf-qa32-generator.py",실제 Runtime 실행 필요
SCENARIO,QA32-S080,BUILD-ART-002,완료,완료,cpf-docs/evidence/current/scenarios/QA32-S080.json;cpf-batch/control-server/src/main/java/com/cpf/batch/control/deploy/**;cpf-batch/host-agent/src/main/java/com/cpf/batch/agent/**;settings.gradle;build.gradle;gradle/cpf-stack.properties;cpf-tools/scripts/verify-cpf-qa32-generator.py;cpf-tools/scripts/verify-cpf-qa32-primary-engines.py;cpf-tools/scripts/verify-cpf-qa32-completion.py;cpf-docs/quality/CPF_20260730_QA32_RESULT_MATRIX.csv,정적 Gate 실행 완료
SCENARIO,QA32-S081,BUILD-PKG-001,완료,미검증,"cpf-docs/evidence/current/scenarios/QA32-S081.json;cpf-admin/frontend/**;cpf-biz-admin/frontend/**;cpf-starters/security/**;cpf-tools/db/vendor/{oracle,postgresql,mariadb}/**/V83__*.sql;cpf-tools/supply-chain/**;cpf-tools/scripts/generate-cpf-supply-chain-evidence.ps1;cpf-docs/legal/THIRD_PARTY_NOTICES_QA32.md;cpf-batch/control-server/src/main/java/com/cpf/batch/control/deploy/**;cpf-batch/host-agent/src/main/java/com/cpf/batch/agent/**;cpf-tools/scripts/verify-cpf-qa32-primary-engines.py;cpf-tools/scripts/verify-cpf-qa32-completion.py;cpf-docs/quality/CPF_20260730_QA32_RESULT_MATRIX.csv",실제 Runtime 실행 필요
SCENARIO,QA32-S082,BUILD-PKG-001,완료,미검증,cpf-docs/evidence/current/scenarios/QA32-S082.json;cpf-core/src/main/java/com/cpf/core/api/archive/**;cpf-core/src/main/java/com/cpf/core/api/attachment/**;cpf-core/src/main/java/com/cpf/core/common/archive/LocalCpfArchiveService.java;cpf-core/src/main/java/com/cpf/core/common/attachment/LocalCpfAttachmentStorageAdapter.java;cpf-batch/control-server/src/main/java/com/cpf/batch/control/deploy/**;cpf-batch/host-agent/src/main/java/com/cpf/batch/agent/**;cpf-tools/scripts/verify-cpf-qa32-primary-engines.py;cpf-tools/scripts/verify-cpf-qa32-completion.py;cpf-docs/quality/CPF_20260730_QA32_RESULT_MATRIX.csv,실제 Runtime 실행 필요
SCENARIO,QA32-S083,BUILD-PKG-001,완료,완료,cpf-docs/evidence/current/scenarios/QA32-S083.json;cpf-batch/control-server/src/main/java/com/cpf/batch/control/deploy/**;cpf-batch/host-agent/src/main/java/com/cpf/batch/agent/**;settings.gradle;build.gradle;gradle/cpf-stack.properties;cpf-tools/scripts/verify-cpf-qa32-generator.py;cpf-tools/scripts/verify-cpf-qa32-primary-engines.py;cpf-tools/scripts/verify-cpf-qa32-completion.py;cpf-docs/quality/CPF_20260730_QA32_RESULT_MATRIX.csv,정적 Gate 실행 완료
SCENARIO,QA32-S084,BUILD-FE-001,완료,미검증,"cpf-docs/evidence/current/scenarios/QA32-S084.json;cpf-admin/frontend/**;cpf-biz-admin/frontend/**;cpf-starters/security/**;cpf-tools/db/vendor/{oracle,postgresql,mariadb}/**/V83__*.sql;settings.gradle;build.gradle;gradle/cpf-stack.properties;cpf-tools/scripts/verify-cpf-qa32-generator.py;cpf-tools/scripts/verify-cpf-qa32-primary-engines.py;cpf-tools/scripts/verify-cpf-qa32-completion.py;cpf-docs/quality/CPF_20260730_QA32_RESULT_MATRIX.csv",실제 Runtime 실행 필요
SCENARIO,QA32-S085,BUILD-FE-001,완료,미검증,"cpf-docs/evidence/current/scenarios/QA32-S085.json;cpf-admin/frontend/**;cpf-biz-admin/frontend/**;cpf-starters/security/**;cpf-tools/db/vendor/{oracle,postgresql,mariadb}/**/V83__*.sql;cpf-starters/cache/**;settings.gradle;build.gradle;gradle/cpf-stack.properties;cpf-tools/scripts/verify-cpf-qa32-generator.py;cpf-tools/scripts/verify-cpf-qa32-primary-engines.py;cpf-tools/scripts/verify-cpf-qa32-completion.py;cpf-docs/quality/CPF_20260730_QA32_RESULT_MATRIX.csv",실제 Runtime 실행 필요
SCENARIO,QA32-S086,BUILD-FE-001,완료,완료,cpf-docs/evidence/current/scenarios/QA32-S086.json;cpf-batch/control-server/src/main/java/com/cpf/batch/control/deploy/**;cpf-batch/host-agent/src/main/java/com/cpf/batch/agent/**;settings.gradle;build.gradle;gradle/cpf-stack.properties;cpf-tools/scripts/verify-cpf-qa32-generator.py;cpf-tools/scripts/verify-cpf-qa32-primary-engines.py;cpf-tools/scripts/verify-cpf-qa32-completion.py;cpf-docs/quality/CPF_20260730_QA32_RESULT_MATRIX.csv,정적 Gate 실행 완료
SCENARIO,QA32-S087,BUILD-FE-002,완료,미검증,"cpf-docs/evidence/current/scenarios/QA32-S087.json;cpf-admin/frontend/**;cpf-biz-admin/frontend/**;cpf-starters/security/**;cpf-tools/db/vendor/{oracle,postgresql,mariadb}/**/V83__*.sql;settings.gradle;build.gradle;gradle/cpf-stack.properties;cpf-tools/scripts/verify-cpf-qa32-generator.py;cpf-tools/scripts/verify-cpf-qa32-primary-engines.py;cpf-tools/scripts/verify-cpf-qa32-completion.py;cpf-docs/quality/CPF_20260730_QA32_RESULT_MATRIX.csv",실제 Runtime 실행 필요
SCENARIO,QA32-S088,BUILD-FE-002,완료,미검증,"cpf-docs/evidence/current/scenarios/QA32-S088.json;cpf-admin/frontend/**;cpf-biz-admin/frontend/**;cpf-starters/security/**;cpf-tools/db/vendor/{oracle,postgresql,mariadb}/**/V83__*.sql;cpf-tools/supply-chain/**;cpf-tools/scripts/generate-cpf-supply-chain-evidence.ps1;cpf-docs/legal/THIRD_PARTY_NOTICES_QA32.md;settings.gradle;build.gradle;gradle/cpf-stack.properties;cpf-tools/scripts/verify-cpf-qa32-generator.py;cpf-tools/scripts/verify-cpf-qa32-primary-engines.py;cpf-tools/scripts/verify-cpf-qa32-completion.py;cpf-docs/quality/CPF_20260730_QA32_RESULT_MATRIX.csv",실제 Runtime 실행 필요
SCENARIO,QA32-S089,BUILD-FE-002,완료,완료,"cpf-docs/evidence/current/scenarios/QA32-S089.json;cpf-admin/frontend/**;cpf-biz-admin/frontend/**;cpf-starters/security/**;cpf-tools/db/vendor/{oracle,postgresql,mariadb}/**/V83__*.sql;cpf-batch/control-server/src/main/java/com/cpf/batch/control/deploy/**;cpf-batch/host-agent/src/main/java/com/cpf/batch/agent/**;settings.gradle;build.gradle;gradle/cpf-stack.properties;cpf-tools/scripts/verify-cpf-qa32-generator.py;cpf-tools/scripts/verify-cpf-qa32-primary-engines.py;cpf-tools/scripts/verify-cpf-qa32-completion.py;cpf-docs/quality/CPF_20260730_QA32_RESULT_MATRIX.csv",정적 Gate 실행 완료
SCENARIO,QA32-S090,BUILD-GEN-001,완료,미검증,"cpf-docs/evidence/current/scenarios/QA32-S090.json;cpf-admin/frontend/**;cpf-biz-admin/frontend/**;cpf-starters/security/**;cpf-tools/db/vendor/{oracle,postgresql,mariadb}/**/V83__*.sql",실제 Runtime 실행 필요
SCENARIO,QA32-S091,BUILD-GEN-001,완료,미검증,cpf-docs/evidence/current/scenarios/QA32-S091.json;cpf-tools/scripts/verify-cpf-qa32-primary-engines.py,실제 Runtime 실행 필요
SCENARIO,QA32-S092,BUILD-GEN-001,완료,완료,cpf-docs/evidence/current/scenarios/QA32-S092.json;cpf-batch/control-server/src/main/java/com/cpf/batch/control/deploy/**;cpf-batch/host-agent/src/main/java/com/cpf/batch/agent/**;settings.gradle;build.gradle;gradle/cpf-stack.properties;cpf-tools/scripts/verify-cpf-qa32-generator.py;cpf-tools/scripts/verify-cpf-qa32-primary-engines.py;cpf-tools/scripts/verify-cpf-qa32-completion.py;cpf-docs/quality/CPF_20260730_QA32_RESULT_MATRIX.csv,정적 Gate 실행 완료
SCENARIO,QA32-S093,BUILD-GEN-002,완료,미검증,"cpf-docs/evidence/current/scenarios/QA32-S093.json;cpf-admin/frontend/**;cpf-biz-admin/frontend/**;cpf-starters/security/**;cpf-tools/db/vendor/{oracle,postgresql,mariadb}/**/V83__*.sql;cpf-tools/supply-chain/**;cpf-tools/scripts/generate-cpf-supply-chain-evidence.ps1;cpf-docs/legal/THIRD_PARTY_NOTICES_QA32.md",실제 Runtime 실행 필요
SCENARIO,QA32-S094,BUILD-GEN-002,완료,미검증,"cpf-docs/evidence/current/scenarios/QA32-S094.json;cpf-admin/frontend/**;cpf-biz-admin/frontend/**;cpf-starters/security/**;cpf-tools/db/vendor/{oracle,postgresql,mariadb}/**/V83__*.sql;cpf-tools/supply-chain/**;cpf-tools/scripts/generate-cpf-supply-chain-evidence.ps1;cpf-docs/legal/THIRD_PARTY_NOTICES_QA32.md;settings.gradle;build.gradle;gradle/cpf-stack.properties;cpf-tools/scripts/verify-cpf-qa32-generator.py",실제 Runtime 실행 필요
SCENARIO,QA32-S095,BUILD-GEN-002,완료,완료,cpf-docs/evidence/current/scenarios/QA32-S095.json;cpf-tools/supply-chain/**;cpf-tools/scripts/generate-cpf-supply-chain-evidence.ps1;cpf-docs/legal/THIRD_PARTY_NOTICES_QA32.md;cpf-batch/control-server/src/main/java/com/cpf/batch/control/deploy/**;cpf-batch/host-agent/src/main/java/com/cpf/batch/agent/**;settings.gradle;build.gradle;gradle/cpf-stack.properties;cpf-tools/scripts/verify-cpf-qa32-generator.py;cpf-tools/scripts/verify-cpf-qa32-primary-engines.py;cpf-tools/scripts/verify-cpf-qa32-completion.py;cpf-docs/quality/CPF_20260730_QA32_RESULT_MATRIX.csv,정적 Gate 실행 완료
SCENARIO,QA32-S096,BUILD-GEN-003,완료,미검증,"cpf-docs/evidence/current/scenarios/QA32-S096.json;cpf-admin/frontend/**;cpf-biz-admin/frontend/**;cpf-starters/security/**;cpf-tools/db/vendor/{oracle,postgresql,mariadb}/**/V83__*.sql;cpf-tools/supply-chain/**;cpf-tools/scripts/generate-cpf-supply-chain-evidence.ps1;cpf-docs/legal/THIRD_PARTY_NOTICES_QA32.md;cpf-core/src/main/java/com/cpf/core/api/archive/**;cpf-core/src/main/java/com/cpf/core/api/attachment/**;cpf-core/src/main/java/com/cpf/core/common/archive/LocalCpfArchiveService.java;cpf-core/src/main/java/com/cpf/core/common/attachment/LocalCpfAttachmentStorageAdapter.java;cpf-tools/scripts/verify-cpf-qa32-primary-engines.py;cpf-tools/scripts/verify-cpf-qa32-completion.py;cpf-docs/quality/CPF_20260730_QA32_RESULT_MATRIX.csv",실제 Runtime 실행 필요
SCENARIO,QA32-S097,BUILD-GEN-003,완료,미검증,cpf-docs/evidence/current/scenarios/QA32-S097.json;cpf-tools/scripts/verify-cpf-qa32-primary-engines.py;cpf-tools/scripts/verify-cpf-qa32-completion.py;cpf-docs/quality/CPF_20260730_QA32_RESULT_MATRIX.csv,실제 Runtime 실행 필요
SCENARIO,QA32-S098,BUILD-GEN-003,완료,완료,cpf-docs/evidence/current/scenarios/QA32-S098.json;cpf-batch/control-server/src/main/java/com/cpf/batch/control/deploy/**;cpf-batch/host-agent/src/main/java/com/cpf/batch/agent/**;settings.gradle;build.gradle;gradle/cpf-stack.properties;cpf-tools/scripts/verify-cpf-qa32-generator.py;cpf-tools/scripts/verify-cpf-qa32-primary-engines.py;cpf-tools/scripts/verify-cpf-qa32-completion.py;cpf-docs/quality/CPF_20260730_QA32_RESULT_MATRIX.csv,정적 Gate 실행 완료
SCENARIO,QA32-S099,BUILD-ART-003,완료,미검증,"cpf-docs/evidence/current/scenarios/QA32-S099.json;cpf-admin/frontend/**;cpf-biz-admin/frontend/**;cpf-starters/security/**;cpf-tools/db/vendor/{oracle,postgresql,mariadb}/**/V83__*.sql;cpf-tools/scripts/verify-cpf-qa32-primary-engines.py;cpf-tools/scripts/verify-cpf-qa32-completion.py;cpf-docs/quality/CPF_20260730_QA32_RESULT_MATRIX.csv",실제 Runtime 실행 필요
SCENARIO,QA32-S100,BUILD-ART-003,완료,미검증,cpf-docs/evidence/current/scenarios/QA32-S100.json;cpf-tools/scripts/verify-cpf-qa32-primary-engines.py;cpf-tools/scripts/verify-cpf-qa32-completion.py;cpf-docs/quality/CPF_20260730_QA32_RESULT_MATRIX.csv,실제 Runtime 실행 필요
SCENARIO,QA32-S101,BUILD-ART-003,완료,완료,cpf-docs/evidence/current/scenarios/QA32-S101.json;cpf-batch/control-server/src/main/java/com/cpf/batch/control/deploy/**;cpf-batch/host-agent/src/main/java/com/cpf/batch/agent/**;settings.gradle;build.gradle;gradle/cpf-stack.properties;cpf-tools/scripts/verify-cpf-qa32-generator.py;cpf-tools/scripts/verify-cpf-qa32-primary-engines.py;cpf-tools/scripts/verify-cpf-qa32-completion.py;cpf-docs/quality/CPF_20260730_QA32_RESULT_MATRIX.csv,정적 Gate 실행 완료
SCENARIO,QA32-S102,BUILD-ART-004,완료,미검증,"cpf-docs/evidence/current/scenarios/QA32-S102.json;cpf-admin/frontend/**;cpf-biz-admin/frontend/**;cpf-starters/security/**;cpf-tools/db/vendor/{oracle,postgresql,mariadb}/**/V83__*.sql;cpf-batch/control-server/src/main/java/com/cpf/batch/control/deploy/**;cpf-batch/host-agent/src/main/java/com/cpf/batch/agent/**;cpf-tools/scripts/verify-cpf-qa32-primary-engines.py;cpf-tools/scripts/verify-cpf-qa32-completion.py;cpf-docs/quality/CPF_20260730_QA32_RESULT_MATRIX.csv",실제 Runtime 실행 필요
SCENARIO,QA32-S103,BUILD-ART-004,완료,미검증,cpf-docs/evidence/current/scenarios/QA32-S103.json;cpf-batch/control-server/src/main/java/com/cpf/batch/control/deploy/**;cpf-batch/host-agent/src/main/java/com/cpf/batch/agent/**,실제 Runtime 실행 필요
SCENARIO,QA32-S104,BUILD-ART-004,완료,완료,cpf-docs/evidence/current/scenarios/QA32-S104.json;cpf-batch/control-server/src/main/java/com/cpf/batch/control/deploy/**;cpf-batch/host-agent/src/main/java/com/cpf/batch/agent/**;settings.gradle;build.gradle;gradle/cpf-stack.properties;cpf-tools/scripts/verify-cpf-qa32-generator.py;cpf-tools/scripts/verify-cpf-qa32-primary-engines.py;cpf-tools/scripts/verify-cpf-qa32-completion.py;cpf-docs/quality/CPF_20260730_QA32_RESULT_MATRIX.csv,정적 Gate 실행 완료
SCENARIO,QA32-S105,BUILD-API-001,완료,미검증,"cpf-docs/evidence/current/scenarios/QA32-S105.json;cpf-admin/frontend/**;cpf-biz-admin/frontend/**;cpf-starters/security/**;cpf-tools/db/vendor/{oracle,postgresql,mariadb}/**/V83__*.sql;settings.gradle;build.gradle;gradle/cpf-stack.properties;cpf-tools/scripts/verify-cpf-qa32-generator.py",실제 Runtime 실행 필요
SCENARIO,QA32-S106,BUILD-API-001,완료,미검증,cpf-docs/evidence/current/scenarios/QA32-S106.json;settings.gradle;build.gradle;gradle/cpf-stack.properties;cpf-tools/scripts/verify-cpf-qa32-generator.py,실제 Runtime 실행 필요
SCENARIO,QA32-S107,BUILD-API-001,완료,완료,cpf-docs/evidence/current/scenarios/QA32-S107.json;cpf-batch/control-server/src/main/java/com/cpf/batch/control/deploy/**;cpf-batch/host-agent/src/main/java/com/cpf/batch/agent/**;settings.gradle;build.gradle;gradle/cpf-stack.properties;cpf-tools/scripts/verify-cpf-qa32-generator.py;cpf-tools/scripts/verify-cpf-qa32-primary-engines.py;cpf-tools/scripts/verify-cpf-qa32-completion.py;cpf-docs/quality/CPF_20260730_QA32_RESULT_MATRIX.csv,정적 Gate 실행 완료
SCENARIO,QA32-S108,BUILD-REL-001,완료,미검증,"cpf-docs/evidence/current/scenarios/QA32-S108.json;cpf-admin/frontend/**;cpf-biz-admin/frontend/**;cpf-starters/security/**;cpf-tools/db/vendor/{oracle,postgresql,mariadb}/**/V83__*.sql;cpf-tools/supply-chain/**;cpf-tools/scripts/generate-cpf-supply-chain-evidence.ps1;cpf-docs/legal/THIRD_PARTY_NOTICES_QA32.md",실제 Runtime 실행 필요
SCENARIO,QA32-S109,BUILD-REL-001,완료,미검증,cpf-docs/evidence/current/scenarios/QA32-S109.json;cpf-core/src/main/java/com/cpf/core/api/archive/**;cpf-core/src/main/java/com/cpf/core/api/attachment/**;cpf-core/src/main/java/com/cpf/core/common/archive/LocalCpfArchiveService.java;cpf-core/src/main/java/com/cpf/core/common/attachment/LocalCpfAttachmentStorageAdapter.java,실제 Runtime 실행 필요
SCENARIO,QA32-S110,BUILD-REL-001,완료,완료,cpf-docs/evidence/current/scenarios/QA32-S110.json;cpf-batch/control-server/src/main/java/com/cpf/batch/control/deploy/**;cpf-batch/host-agent/src/main/java/com/cpf/batch/agent/**;settings.gradle;build.gradle;gradle/cpf-stack.properties;cpf-tools/scripts/verify-cpf-qa32-generator.py;cpf-tools/scripts/verify-cpf-qa32-primary-engines.py;cpf-tools/scripts/verify-cpf-qa32-completion.py;cpf-docs/quality/CPF_20260730_QA32_RESULT_MATRIX.csv,정적 Gate 실행 완료
SCENARIO,QA32-S111,BUILD-PROV-002,완료,미검증,"cpf-docs/evidence/current/scenarios/QA32-S111.json;cpf-admin/frontend/**;cpf-biz-admin/frontend/**;cpf-starters/security/**;cpf-tools/db/vendor/{oracle,postgresql,mariadb}/**/V83__*.sql;cpf-batch/control-server/src/main/java/com/cpf/batch/control/deploy/**;cpf-batch/host-agent/src/main/java/com/cpf/batch/agent/**",실제 Runtime 실행 필요
SCENARIO,QA32-S112,BUILD-PROV-002,완료,미검증,cpf-docs/evidence/current/scenarios/QA32-S112.json;cpf-batch/control-server/src/main/java/com/cpf/batch/control/deploy/**;cpf-batch/host-agent/src/main/java/com/cpf/batch/agent/**,실제 Runtime 실행 필요
SCENARIO,QA32-S113,BUILD-PROV-002,완료,완료,cpf-docs/evidence/current/scenarios/QA32-S113.json;cpf-batch/control-server/src/main/java/com/cpf/batch/control/deploy/**;cpf-batch/host-agent/src/main/java/com/cpf/batch/agent/**;settings.gradle;build.gradle;gradle/cpf-stack.properties;cpf-tools/scripts/verify-cpf-qa32-generator.py;cpf-tools/scripts/verify-cpf-qa32-primary-engines.py;cpf-tools/scripts/verify-cpf-qa32-completion.py;cpf-docs/quality/CPF_20260730_QA32_RESULT_MATRIX.csv,정적 Gate 실행 완료
SCENARIO,QA32-S114,BUILD-GEN-004,완료,미검증,"cpf-docs/evidence/current/scenarios/QA32-S114.json;cpf-admin/frontend/**;cpf-biz-admin/frontend/**;cpf-starters/security/**;cpf-tools/db/vendor/{oracle,postgresql,mariadb}/**/V83__*.sql;cpf-starters/cache/**;settings.gradle;build.gradle;gradle/cpf-stack.properties;cpf-tools/scripts/verify-cpf-qa32-generator.py",실제 Runtime 실행 필요
SCENARIO,QA32-S115,BUILD-GEN-004,완료,미검증,cpf-docs/evidence/current/scenarios/QA32-S115.json;settings.gradle;build.gradle;gradle/cpf-stack.properties;cpf-tools/scripts/verify-cpf-qa32-generator.py,실제 Runtime 실행 필요
SCENARIO,QA32-S116,BUILD-GEN-004,완료,완료,cpf-docs/evidence/current/scenarios/QA32-S116.json;cpf-batch/control-server/src/main/java/com/cpf/batch/control/deploy/**;cpf-batch/host-agent/src/main/java/com/cpf/batch/agent/**;settings.gradle;build.gradle;gradle/cpf-stack.properties;cpf-tools/scripts/verify-cpf-qa32-generator.py;cpf-tools/scripts/verify-cpf-qa32-primary-engines.py;cpf-tools/scripts/verify-cpf-qa32-completion.py;cpf-docs/quality/CPF_20260730_QA32_RESULT_MATRIX.csv,정적 Gate 실행 완료
SCENARIO,QA32-S117,BUILD-PKG-002,완료,미검증,"cpf-docs/evidence/current/scenarios/QA32-S117.json;cpf-admin/frontend/**;cpf-biz-admin/frontend/**;cpf-starters/security/**;cpf-tools/db/vendor/{oracle,postgresql,mariadb}/**/V83__*.sql;cpf-batch/control-server/src/main/java/com/cpf/batch/control/deploy/**;cpf-batch/host-agent/src/main/java/com/cpf/batch/agent/**;settings.gradle;build.gradle;gradle/cpf-stack.properties;cpf-tools/scripts/verify-cpf-qa32-generator.py",실제 Runtime 실행 필요
SCENARIO,QA32-S118,BUILD-PKG-002,완료,미검증,cpf-docs/evidence/current/scenarios/QA32-S118.json;cpf-batch/control-server/src/main/java/com/cpf/batch/control/deploy/**;cpf-batch/host-agent/src/main/java/com/cpf/batch/agent/**;settings.gradle;build.gradle;gradle/cpf-stack.properties;cpf-tools/scripts/verify-cpf-qa32-generator.py,실제 Runtime 실행 필요
SCENARIO,QA32-S119,BUILD-PKG-002,완료,완료,cpf-docs/evidence/current/scenarios/QA32-S119.json;cpf-core/src/main/java/com/cpf/core/api/archive/**;cpf-core/src/main/java/com/cpf/core/api/attachment/**;cpf-core/src/main/java/com/cpf/core/common/archive/LocalCpfArchiveService.java;cpf-core/src/main/java/com/cpf/core/common/attachment/LocalCpfAttachmentStorageAdapter.java;cpf-batch/control-server/src/main/java/com/cpf/batch/control/deploy/**;cpf-batch/host-agent/src/main/java/com/cpf/batch/agent/**;settings.gradle;build.gradle;gradle/cpf-stack.properties;cpf-tools/scripts/verify-cpf-qa32-generator.py;cpf-tools/scripts/verify-cpf-qa32-primary-engines.py;cpf-tools/scripts/verify-cpf-qa32-completion.py;cpf-docs/quality/CPF_20260730_QA32_RESULT_MATRIX.csv,정적 Gate 실행 완료
SCENARIO,QA32-S120,BUILD-ART-005,완료,미검증,"cpf-docs/evidence/current/scenarios/QA32-S120.json;cpf-admin/frontend/**;cpf-biz-admin/frontend/**;cpf-starters/security/**;cpf-tools/db/vendor/{oracle,postgresql,mariadb}/**/V83__*.sql;cpf-batch/control-server/src/main/java/com/cpf/batch/control/deploy/**;cpf-batch/host-agent/src/main/java/com/cpf/batch/agent/**;cpf-tools/scripts/verify-cpf-qa32-primary-engines.py;cpf-tools/scripts/verify-cpf-qa32-completion.py;cpf-docs/quality/CPF_20260730_QA32_RESULT_MATRIX.csv",실제 Runtime 실행 필요
SCENARIO,QA32-S121,BUILD-ART-005,완료,미검증,cpf-docs/evidence/current/scenarios/QA32-S121.json;cpf-starters/cache/**;cpf-batch/control-server/src/main/java/com/cpf/batch/control/deploy/**;cpf-batch/host-agent/src/main/java/com/cpf/batch/agent/**;settings.gradle;build.gradle;gradle/cpf-stack.properties;cpf-tools/scripts/verify-cpf-qa32-generator.py,실제 Runtime 실행 필요
SCENARIO,QA32-S122,BUILD-ART-005,완료,완료,cpf-docs/evidence/current/scenarios/QA32-S122.json;cpf-batch/control-server/src/main/java/com/cpf/batch/control/deploy/**;cpf-batch/host-agent/src/main/java/com/cpf/batch/agent/**;settings.gradle;build.gradle;gradle/cpf-stack.properties;cpf-tools/scripts/verify-cpf-qa32-generator.py;cpf-tools/scripts/verify-cpf-qa32-primary-engines.py;cpf-tools/scripts/verify-cpf-qa32-completion.py;cpf-docs/quality/CPF_20260730_QA32_RESULT_MATRIX.csv,정적 Gate 실행 완료
SCENARIO,QA32-S123,BUILD-PROV-003,완료,미검증,"cpf-docs/evidence/current/scenarios/QA32-S123.json;cpf-admin/frontend/**;cpf-biz-admin/frontend/**;cpf-starters/security/**;cpf-tools/db/vendor/{oracle,postgresql,mariadb}/**/V83__*.sql;cpf-batch/control-server/src/main/java/com/cpf/batch/control/deploy/**;cpf-batch/host-agent/src/main/java/com/cpf/batch/agent/**;settings.gradle;build.gradle;gradle/cpf-stack.properties;cpf-tools/scripts/verify-cpf-qa32-generator.py",실제 Runtime 실행 필요
SCENARIO,QA32-S124,BUILD-PROV-003,완료,미검증,cpf-docs/evidence/current/scenarios/QA32-S124.json;cpf-batch/control-server/src/main/java/com/cpf/batch/control/deploy/**;cpf-batch/host-agent/src/main/java/com/cpf/batch/agent/**;settings.gradle;build.gradle;gradle/cpf-stack.properties;cpf-tools/scripts/verify-cpf-qa32-generator.py,실제 Runtime 실행 필요
SCENARIO,QA32-S125,BUILD-PROV-003,완료,완료,cpf-docs/evidence/current/scenarios/QA32-S125.json;cpf-batch/control-server/src/main/java/com/cpf/batch/control/deploy/**;cpf-batch/host-agent/src/main/java/com/cpf/batch/agent/**;settings.gradle;build.gradle;gradle/cpf-stack.properties;cpf-tools/scripts/verify-cpf-qa32-generator.py;cpf-tools/scripts/verify-cpf-qa32-primary-engines.py;cpf-tools/scripts/verify-cpf-qa32-completion.py;cpf-docs/quality/CPF_20260730_QA32_RESULT_MATRIX.csv,정적 Gate 실행 완료
SCENARIO,QA32-S126,BUILD-PROV-003,완료,미검증,"cpf-docs/evidence/current/scenarios/QA32-S126.json;cpf-batch/execution-runtime/**;cpf-batch/worker/src/main/java/com/cpf/batch/worker/SpringBatchWorkerStepHandler.java;cpf-tools/db/vendor/{oracle,postgresql,mariadb}/**/V82__*.sql;cpf-tools/db/vendor/{oracle,postgresql,mariadb}/**/V84__*.sql;cpf-starters/resilience/**;cpf-batch/control-server/src/main/java/com/cpf/batch/control/deploy/**;cpf-batch/host-agent/src/main/java/com/cpf/batch/agent/**;settings.gradle;build.gradle;gradle/cpf-stack.properties;cpf-tools/scripts/verify-cpf-qa32-generator.py;cpf-tools/scripts/verify-cpf-qa32-repository-security.py;cpf-tools/scripts/verify-cpf-qa32-primary-engines.py;cpf-tools/scripts/verify-cpf-qa32-completion.py;cpf-docs/quality/CPF_20260730_QA32_RESULT_MATRIX.csv",실제 Runtime 실행 필요
SCENARIO,QA32-S127,BUILD-ART-006,완료,미검증,"cpf-docs/evidence/current/scenarios/QA32-S127.json;cpf-admin/frontend/**;cpf-biz-admin/frontend/**;cpf-starters/security/**;cpf-tools/db/vendor/{oracle,postgresql,mariadb}/**/V83__*.sql;cpf-starters/secret/**;cpf-biz-admin/src/main/java/com/cpf/bizadmin/auth/service/BzaBootstrapRunner.java;settings.gradle;build.gradle;gradle/cpf-stack.properties;cpf-tools/scripts/verify-cpf-qa32-generator.py",실제 Runtime 실행 필요
SCENARIO,QA32-S128,BUILD-ART-006,완료,미검증,cpf-docs/evidence/current/scenarios/QA32-S128.json;cpf-starters/secret/**;cpf-biz-admin/src/main/java/com/cpf/bizadmin/auth/service/BzaBootstrapRunner.java;settings.gradle;build.gradle;gradle/cpf-stack.properties;cpf-tools/scripts/verify-cpf-qa32-generator.py;cpf-tools/scripts/verify-cpf-qa32-primary-engines.py;cpf-tools/scripts/verify-cpf-qa32-completion.py;cpf-docs/quality/CPF_20260730_QA32_RESULT_MATRIX.csv,실제 Runtime 실행 필요
SCENARIO,QA32-S129,BUILD-ART-006,완료,완료,cpf-docs/evidence/current/scenarios/QA32-S129.json;cpf-starters/secret/**;cpf-biz-admin/src/main/java/com/cpf/bizadmin/auth/service/BzaBootstrapRunner.java;cpf-batch/control-server/src/main/java/com/cpf/batch/control/deploy/**;cpf-batch/host-agent/src/main/java/com/cpf/batch/agent/**;settings.gradle;build.gradle;gradle/cpf-stack.properties;cpf-tools/scripts/verify-cpf-qa32-generator.py;cpf-tools/scripts/verify-cpf-qa32-primary-engines.py;cpf-tools/scripts/verify-cpf-qa32-completion.py;cpf-docs/quality/CPF_20260730_QA32_RESULT_MATRIX.csv,정적 Gate 실행 완료
SCENARIO,QA32-S130,BUILD-GOV-001,완료,미검증,"cpf-docs/evidence/current/scenarios/QA32-S130.json;cpf-admin/frontend/**;cpf-biz-admin/frontend/**;cpf-starters/security/**;cpf-tools/db/vendor/{oracle,postgresql,mariadb}/**/V83__*.sql;cpf-tools/supply-chain/**;cpf-tools/scripts/generate-cpf-supply-chain-evidence.ps1;cpf-docs/legal/THIRD_PARTY_NOTICES_QA32.md",실제 Runtime 실행 필요
SCENARIO,QA32-S131,BUILD-GOV-001,완료,미검증,cpf-docs/evidence/current/scenarios/QA32-S131.json;cpf-tools/supply-chain/**;cpf-tools/scripts/generate-cpf-supply-chain-evidence.ps1;cpf-docs/legal/THIRD_PARTY_NOTICES_QA32.md,실제 Runtime 실행 필요
SCENARIO,QA32-S132,BUILD-GOV-001,완료,완료,cpf-docs/evidence/current/scenarios/QA32-S132.json;cpf-tools/supply-chain/**;cpf-tools/scripts/generate-cpf-supply-chain-evidence.ps1;cpf-docs/legal/THIRD_PARTY_NOTICES_QA32.md;cpf-batch/control-server/src/main/java/com/cpf/batch/control/deploy/**;cpf-batch/host-agent/src/main/java/com/cpf/batch/agent/**;settings.gradle;build.gradle;gradle/cpf-stack.properties;cpf-tools/scripts/verify-cpf-qa32-generator.py;cpf-tools/scripts/verify-cpf-qa32-primary-engines.py;cpf-tools/scripts/verify-cpf-qa32-completion.py;cpf-docs/quality/CPF_20260730_QA32_RESULT_MATRIX.csv,정적 Gate 실행 완료
SCENARIO,QA32-S133,BUILD-OBS-001,완료,미검증,"cpf-docs/evidence/current/scenarios/QA32-S133.json;cpf-admin/frontend/**;cpf-biz-admin/frontend/**;cpf-starters/security/**;cpf-tools/db/vendor/{oracle,postgresql,mariadb}/**/V83__*.sql;settings.gradle;build.gradle;gradle/cpf-stack.properties;cpf-tools/scripts/verify-cpf-qa32-generator.py;cpf-tools/scripts/verify-cpf-qa32-repository-security.py",실제 Runtime 실행 필요
SCENARIO,QA32-S134,BUILD-OBS-001,완료,미검증,"cpf-docs/evidence/current/scenarios/QA32-S134.json;cpf-admin/frontend/**;cpf-biz-admin/frontend/**;cpf-starters/security/**;cpf-tools/db/vendor/{oracle,postgresql,mariadb}/**/V83__*.sql;settings.gradle;build.gradle;gradle/cpf-stack.properties;cpf-tools/scripts/verify-cpf-qa32-generator.py;cpf-tools/scripts/verify-cpf-qa32-repository-security.py",실제 Runtime 실행 필요
SCENARIO,QA32-S135,BUILD-OBS-001,완료,완료,"cpf-docs/evidence/current/scenarios/QA32-S135.json;cpf-admin/frontend/**;cpf-biz-admin/frontend/**;cpf-starters/security/**;cpf-tools/db/vendor/{oracle,postgresql,mariadb}/**/V83__*.sql;cpf-batch/control-server/src/main/java/com/cpf/batch/control/deploy/**;cpf-batch/host-agent/src/main/java/com/cpf/batch/agent/**;settings.gradle;build.gradle;gradle/cpf-stack.properties;cpf-tools/scripts/verify-cpf-qa32-generator.py;cpf-tools/scripts/verify-cpf-qa32-primary-engines.py;cpf-tools/scripts/verify-cpf-qa32-completion.py;cpf-docs/quality/CPF_20260730_QA32_RESULT_MATRIX.csv",정적 Gate 실행 완료
SCENARIO,QA32-S136,SRC-ABSENCE-001,완료,미검증,"cpf-docs/evidence/current/scenarios/QA32-S136.json;cpf-admin/frontend/**;cpf-biz-admin/frontend/**;cpf-starters/security/**;cpf-tools/db/vendor/{oracle,postgresql,mariadb}/**/V83__*.sql",실제 Runtime 실행 필요
SCENARIO,QA32-S137,SRC-ABSENCE-001,완료,미검증,cpf-docs/evidence/current/scenarios/QA32-S137.json;cpf-tools/scripts/verify-cpf-qa32-primary-engines.py,실제 Runtime 실행 필요
SCENARIO,QA32-S138,SRC-ABSENCE-001,완료,완료,cpf-docs/evidence/current/scenarios/QA32-S138.json;cpf-batch/control-server/src/main/java/com/cpf/batch/control/deploy/**;cpf-batch/host-agent/src/main/java/com/cpf/batch/agent/**;settings.gradle;build.gradle;gradle/cpf-stack.properties;cpf-tools/scripts/verify-cpf-qa32-generator.py;cpf-tools/scripts/verify-cpf-qa32-primary-engines.py;cpf-tools/scripts/verify-cpf-qa32-completion.py;cpf-docs/quality/CPF_20260730_QA32_RESULT_MATRIX.csv,정적 Gate 실행 완료
SCENARIO,QA32-S139,SRC-ERR-001,완료,미검증,"cpf-docs/evidence/current/scenarios/QA32-S139.json;cpf-admin/frontend/**;cpf-biz-admin/frontend/**;cpf-starters/security/**;cpf-tools/db/vendor/{oracle,postgresql,mariadb}/**/V83__*.sql;cpf-tools/scripts/verify-cpf-qa32-repository-security.py",실제 Runtime 실행 필요
SCENARIO,QA32-S140,SRC-ERR-001,완료,미검증,cpf-docs/evidence/current/scenarios/QA32-S140.json;cpf-tools/scripts/verify-cpf-qa32-repository-security.py,실제 Runtime 실행 필요
SCENARIO,QA32-S141,SRC-ERR-001,완료,완료,cpf-docs/evidence/current/scenarios/QA32-S141.json;cpf-starters/observability/**;cpf-batch/control-server/src/main/java/com/cpf/batch/control/deploy/**;cpf-batch/host-agent/src/main/java/com/cpf/batch/agent/**;settings.gradle;build.gradle;gradle/cpf-stack.properties;cpf-tools/scripts/verify-cpf-qa32-generator.py;cpf-tools/scripts/verify-cpf-qa32-repository-security.py;cpf-tools/scripts/verify-cpf-qa32-primary-engines.py;cpf-tools/scripts/verify-cpf-qa32-completion.py;cpf-docs/quality/CPF_20260730_QA32_RESULT_MATRIX.csv,정적 Gate 실행 완료
SCENARIO,QA32-S142,SRC-CONC-001,완료,미검증,"cpf-docs/evidence/current/scenarios/QA32-S142.json;cpf-admin/frontend/**;cpf-biz-admin/frontend/**;cpf-starters/security/**;cpf-tools/db/vendor/{oracle,postgresql,mariadb}/**/V83__*.sql",실제 Runtime 실행 필요
SCENARIO,QA32-S143,SRC-CONC-001,완료,미검증,cpf-docs/evidence/current/scenarios/QA32-S143.json;cpf-tools/scripts/verify-cpf-qa32-primary-engines.py,실제 Runtime 실행 필요
SCENARIO,QA32-S144,SRC-CONC-001,완료,완료,cpf-docs/evidence/current/scenarios/QA32-S144.json;cpf-batch/control-server/src/main/java/com/cpf/batch/control/deploy/**;cpf-batch/host-agent/src/main/java/com/cpf/batch/agent/**;settings.gradle;build.gradle;gradle/cpf-stack.properties;cpf-tools/scripts/verify-cpf-qa32-generator.py;cpf-tools/scripts/verify-cpf-qa32-primary-engines.py;cpf-tools/scripts/verify-cpf-qa32-completion.py;cpf-docs/quality/CPF_20260730_QA32_RESULT_MATRIX.csv,정적 Gate 실행 완료
SCENARIO,QA32-S145,SRC-EXEC-001,완료,미검증,"cpf-docs/evidence/current/scenarios/QA32-S145.json;cpf-batch/execution-runtime/**;cpf-batch/worker/src/main/java/com/cpf/batch/worker/SpringBatchWorkerStepHandler.java;cpf-tools/db/vendor/{oracle,postgresql,mariadb}/**/V82__*.sql;cpf-tools/db/vendor/{oracle,postgresql,mariadb}/**/V84__*.sql;cpf-admin/frontend/**;cpf-biz-admin/frontend/**;cpf-starters/security/**;cpf-tools/db/vendor/{oracle,postgresql,mariadb}/**/V83__*.sql;cpf-tools/scripts/verify-cpf-qa32-repository-security.py",실제 Runtime 실행 필요
SCENARIO,QA32-S146,SRC-EXEC-001,완료,미검증,"cpf-docs/evidence/current/scenarios/QA32-S146.json;cpf-admin/frontend/**;cpf-biz-admin/frontend/**;cpf-starters/security/**;cpf-tools/db/vendor/{oracle,postgresql,mariadb}/**/V83__*.sql;settings.gradle;build.gradle;gradle/cpf-stack.properties;cpf-tools/scripts/verify-cpf-qa32-generator.py;cpf-tools/scripts/verify-cpf-qa32-repository-security.py",실제 Runtime 실행 필요
SCENARIO,QA32-S147,SRC-EXEC-001,완료,완료,cpf-docs/evidence/current/scenarios/QA32-S147.json;cpf-batch/control-server/src/main/java/com/cpf/batch/control/deploy/**;cpf-batch/host-agent/src/main/java/com/cpf/batch/agent/**;settings.gradle;build.gradle;gradle/cpf-stack.properties;cpf-tools/scripts/verify-cpf-qa32-generator.py;cpf-tools/scripts/verify-cpf-qa32-repository-security.py;cpf-tools/scripts/verify-cpf-qa32-primary-engines.py;cpf-tools/scripts/verify-cpf-qa32-completion.py;cpf-docs/quality/CPF_20260730_QA32_RESULT_MATRIX.csv,정적 Gate 실행 완료
SCENARIO,QA32-S148,SRC-EXEC-001,완료,미검증,"cpf-docs/evidence/current/scenarios/QA32-S148.json;cpf-batch/execution-runtime/**;cpf-batch/worker/src/main/java/com/cpf/batch/worker/SpringBatchWorkerStepHandler.java;cpf-tools/db/vendor/{oracle,postgresql,mariadb}/**/V82__*.sql;cpf-tools/db/vendor/{oracle,postgresql,mariadb}/**/V84__*.sql;cpf-starters/resilience/**;cpf-batch/control-server/src/main/java/com/cpf/batch/control/deploy/**;cpf-batch/host-agent/src/main/java/com/cpf/batch/agent/**;cpf-tools/scripts/verify-cpf-qa32-repository-security.py;cpf-tools/scripts/verify-cpf-qa32-primary-engines.py;cpf-tools/scripts/verify-cpf-qa32-completion.py;cpf-docs/quality/CPF_20260730_QA32_RESULT_MATRIX.csv",실제 Runtime 실행 필요
SCENARIO,QA32-S149,SRC-EGRESS-001,완료,미검증,"cpf-docs/evidence/current/scenarios/QA32-S149.json;cpf-admin/frontend/**;cpf-biz-admin/frontend/**;cpf-starters/security/**;cpf-tools/db/vendor/{oracle,postgresql,mariadb}/**/V83__*.sql;cpf-starters/resilience/**;cpf-batch/control-server/src/main/java/com/cpf/batch/control/deploy/**;cpf-batch/host-agent/src/main/java/com/cpf/batch/agent/**",실제 Runtime 실행 필요
SCENARIO,QA32-S150,SRC-EGRESS-001,완료,미검증,cpf-docs/evidence/current/scenarios/QA32-S150.json;cpf-starters/resilience/**;cpf-batch/control-server/src/main/java/com/cpf/batch/control/deploy/**;cpf-batch/host-agent/src/main/java/com/cpf/batch/agent/**,실제 Runtime 실행 필요
SCENARIO,QA32-S151,SRC-EGRESS-001,완료,완료,cpf-docs/evidence/current/scenarios/QA32-S151.json;cpf-starters/resilience/**;cpf-batch/control-server/src/main/java/com/cpf/batch/control/deploy/**;cpf-batch/host-agent/src/main/java/com/cpf/batch/agent/**;settings.gradle;build.gradle;gradle/cpf-stack.properties;cpf-tools/scripts/verify-cpf-qa32-generator.py;cpf-tools/scripts/verify-cpf-qa32-primary-engines.py;cpf-tools/scripts/verify-cpf-qa32-completion.py;cpf-docs/quality/CPF_20260730_QA32_RESULT_MATRIX.csv,정적 Gate 실행 완료
SCENARIO,QA32-S152,CFG-ENV-001,완료,미검증,"cpf-docs/evidence/current/scenarios/QA32-S152.json;cpf-admin/frontend/**;cpf-biz-admin/frontend/**;cpf-starters/security/**;cpf-tools/db/vendor/{oracle,postgresql,mariadb}/**/V83__*.sql;cpf-starters/secret/**;cpf-biz-admin/src/main/java/com/cpf/bizadmin/auth/service/BzaBootstrapRunner.java",실제 Runtime 실행 필요
SCENARIO,QA32-S153,CFG-ENV-001,완료,미검증,cpf-docs/evidence/current/scenarios/QA32-S153.json;cpf-starters/secret/**;cpf-biz-admin/src/main/java/com/cpf/bizadmin/auth/service/BzaBootstrapRunner.java,실제 Runtime 실행 필요
SCENARIO,QA32-S154,CFG-ENV-001,완료,완료,cpf-docs/evidence/current/scenarios/QA32-S154.json;cpf-starters/secret/**;cpf-biz-admin/src/main/java/com/cpf/bizadmin/auth/service/BzaBootstrapRunner.java;cpf-batch/control-server/src/main/java/com/cpf/batch/control/deploy/**;cpf-batch/host-agent/src/main/java/com/cpf/batch/agent/**;settings.gradle;build.gradle;gradle/cpf-stack.properties;cpf-tools/scripts/verify-cpf-qa32-generator.py;cpf-tools/scripts/verify-cpf-qa32-primary-engines.py;cpf-tools/scripts/verify-cpf-qa32-completion.py;cpf-docs/quality/CPF_20260730_QA32_RESULT_MATRIX.csv,정적 Gate 실행 완료
SCENARIO,QA32-S155,SRC-INCOMPLETE-001,완료,미검증,"cpf-docs/evidence/current/scenarios/QA32-S155.json;cpf-admin/frontend/**;cpf-biz-admin/frontend/**;cpf-starters/security/**;cpf-tools/db/vendor/{oracle,postgresql,mariadb}/**/V83__*.sql;cpf-tools/supply-chain/**;cpf-tools/scripts/generate-cpf-supply-chain-evidence.ps1;cpf-docs/legal/THIRD_PARTY_NOTICES_QA32.md",실제 Runtime 실행 필요
SCENARIO,QA32-S156,SRC-INCOMPLETE-001,완료,미검증,cpf-docs/evidence/current/scenarios/QA32-S156.json;cpf-tools/supply-chain/**;cpf-tools/scripts/generate-cpf-supply-chain-evidence.ps1;cpf-docs/legal/THIRD_PARTY_NOTICES_QA32.md,실제 Runtime 실행 필요
SCENARIO,QA32-S157,SRC-INCOMPLETE-001,완료,완료,cpf-docs/evidence/current/scenarios/QA32-S157.json;cpf-tools/supply-chain/**;cpf-tools/scripts/generate-cpf-supply-chain-evidence.ps1;cpf-docs/legal/THIRD_PARTY_NOTICES_QA32.md;cpf-batch/control-server/src/main/java/com/cpf/batch/control/deploy/**;cpf-batch/host-agent/src/main/java/com/cpf/batch/agent/**;settings.gradle;build.gradle;gradle/cpf-stack.properties;cpf-tools/scripts/verify-cpf-qa32-generator.py;cpf-tools/scripts/verify-cpf-qa32-primary-engines.py;cpf-tools/scripts/verify-cpf-qa32-completion.py;cpf-docs/quality/CPF_20260730_QA32_RESULT_MATRIX.csv,정적 Gate 실행 완료
SCENARIO,QA32-S158,SEC-SCRIPT-001,완료,미검증,"cpf-docs/evidence/current/scenarios/QA32-S158.json;cpf-batch/execution-runtime/**;cpf-batch/worker/src/main/java/com/cpf/batch/worker/SpringBatchWorkerStepHandler.java;cpf-tools/db/vendor/{oracle,postgresql,mariadb}/**/V82__*.sql;cpf-tools/db/vendor/{oracle,postgresql,mariadb}/**/V84__*.sql;cpf-admin/frontend/**;cpf-biz-admin/frontend/**;cpf-starters/security/**;cpf-tools/db/vendor/{oracle,postgresql,mariadb}/**/V83__*.sql",실제 Runtime 실행 필요
SCENARIO,QA32-S159,SEC-SCRIPT-001,완료,미검증,"cpf-docs/evidence/current/scenarios/QA32-S159.json;cpf-batch/execution-runtime/**;cpf-batch/worker/src/main/java/com/cpf/batch/worker/SpringBatchWorkerStepHandler.java;cpf-tools/db/vendor/{oracle,postgresql,mariadb}/**/V82__*.sql;cpf-tools/db/vendor/{oracle,postgresql,mariadb}/**/V84__*.sql",실제 Runtime 실행 필요
SCENARIO,QA32-S160,SEC-SCRIPT-001,완료,완료,"cpf-docs/evidence/current/scenarios/QA32-S160.json;cpf-batch/execution-runtime/**;cpf-batch/worker/src/main/java/com/cpf/batch/worker/SpringBatchWorkerStepHandler.java;cpf-tools/db/vendor/{oracle,postgresql,mariadb}/**/V82__*.sql;cpf-tools/db/vendor/{oracle,postgresql,mariadb}/**/V84__*.sql;cpf-batch/control-server/src/main/java/com/cpf/batch/control/deploy/**;cpf-batch/host-agent/src/main/java/com/cpf/batch/agent/**;settings.gradle;build.gradle;gradle/cpf-stack.properties;cpf-tools/scripts/verify-cpf-qa32-generator.py;cpf-tools/scripts/verify-cpf-qa32-primary-engines.py;cpf-tools/scripts/verify-cpf-qa32-completion.py;cpf-docs/quality/CPF_20260730_QA32_RESULT_MATRIX.csv",정적 Gate 실행 완료
SCENARIO,QA32-S161,BUILD-PS-001,완료,미검증,"cpf-docs/evidence/current/scenarios/QA32-S161.json;cpf-batch/execution-runtime/**;cpf-batch/worker/src/main/java/com/cpf/batch/worker/SpringBatchWorkerStepHandler.java;cpf-tools/db/vendor/{oracle,postgresql,mariadb}/**/V82__*.sql;cpf-tools/db/vendor/{oracle,postgresql,mariadb}/**/V84__*.sql;cpf-admin/frontend/**;cpf-biz-admin/frontend/**;cpf-starters/security/**;cpf-tools/db/vendor/{oracle,postgresql,mariadb}/**/V83__*.sql;cpf-batch/control-server/src/main/java/com/cpf/batch/control/deploy/**;cpf-batch/host-agent/src/main/java/com/cpf/batch/agent/**",실제 Runtime 실행 필요
SCENARIO,QA32-S162,BUILD-PS-001,완료,미검증,"cpf-docs/evidence/current/scenarios/QA32-S162.json;cpf-batch/execution-runtime/**;cpf-batch/worker/src/main/java/com/cpf/batch/worker/SpringBatchWorkerStepHandler.java;cpf-tools/db/vendor/{oracle,postgresql,mariadb}/**/V82__*.sql;cpf-tools/db/vendor/{oracle,postgresql,mariadb}/**/V84__*.sql;cpf-batch/control-server/src/main/java/com/cpf/batch/control/deploy/**;cpf-batch/host-agent/src/main/java/com/cpf/batch/agent/**",실제 Runtime 실행 필요
SCENARIO,QA32-S163,BUILD-PS-001,완료,완료,"cpf-docs/evidence/current/scenarios/QA32-S163.json;cpf-batch/execution-runtime/**;cpf-batch/worker/src/main/java/com/cpf/batch/worker/SpringBatchWorkerStepHandler.java;cpf-tools/db/vendor/{oracle,postgresql,mariadb}/**/V82__*.sql;cpf-tools/db/vendor/{oracle,postgresql,mariadb}/**/V84__*.sql;cpf-batch/control-server/src/main/java/com/cpf/batch/control/deploy/**;cpf-batch/host-agent/src/main/java/com/cpf/batch/agent/**;settings.gradle;build.gradle;gradle/cpf-stack.properties;cpf-tools/scripts/verify-cpf-qa32-generator.py;cpf-tools/scripts/verify-cpf-qa32-primary-engines.py;cpf-tools/scripts/verify-cpf-qa32-completion.py;cpf-docs/quality/CPF_20260730_QA32_RESULT_MATRIX.csv",정적 Gate 실행 완료
SCENARIO,QA32-S164,SRC-FS-001,완료,미검증,"cpf-docs/evidence/current/scenarios/QA32-S164.json;cpf-admin/frontend/**;cpf-biz-admin/frontend/**;cpf-starters/security/**;cpf-tools/db/vendor/{oracle,postgresql,mariadb}/**/V83__*.sql;cpf-tools/scripts/verify-cpf-qa32-repository-security.py",실제 Runtime 실행 필요
SCENARIO,QA32-S165,SRC-FS-001,완료,미검증,cpf-docs/evidence/current/scenarios/QA32-S165.json;cpf-tools/scripts/verify-cpf-qa32-repository-security.py,실제 Runtime 실행 필요
SCENARIO,QA32-S166,SRC-FS-001,완료,완료,cpf-docs/evidence/current/scenarios/QA32-S166.json;cpf-batch/control-server/src/main/java/com/cpf/batch/control/deploy/**;cpf-batch/host-agent/src/main/java/com/cpf/batch/agent/**;settings.gradle;build.gradle;gradle/cpf-stack.properties;cpf-tools/scripts/verify-cpf-qa32-generator.py;cpf-tools/scripts/verify-cpf-qa32-repository-security.py;cpf-tools/scripts/verify-cpf-qa32-primary-engines.py;cpf-tools/scripts/verify-cpf-qa32-completion.py;cpf-docs/quality/CPF_20260730_QA32_RESULT_MATRIX.csv,정적 Gate 실행 완료
SCENARIO,QA32-S167,SRC-REFLECT-001,완료,미검증,"cpf-docs/evidence/current/scenarios/QA32-S167.json;cpf-admin/frontend/**;cpf-biz-admin/frontend/**;cpf-starters/security/**;cpf-tools/db/vendor/{oracle,postgresql,mariadb}/**/V83__*.sql;cpf-tools/scripts/verify-cpf-qa32-repository-security.py",실제 Runtime 실행 필요
SCENARIO,QA32-S168,SRC-REFLECT-001,완료,미검증,cpf-docs/evidence/current/scenarios/QA32-S168.json;cpf-tools/scripts/verify-cpf-qa32-repository-security.py,실제 Runtime 실행 필요
SCENARIO,QA32-S169,SRC-REFLECT-001,완료,완료,cpf-docs/evidence/current/scenarios/QA32-S169.json;cpf-batch/control-server/src/main/java/com/cpf/batch/control/deploy/**;cpf-batch/host-agent/src/main/java/com/cpf/batch/agent/**;settings.gradle;build.gradle;gradle/cpf-stack.properties;cpf-tools/scripts/verify-cpf-qa32-generator.py;cpf-tools/scripts/verify-cpf-qa32-repository-security.py;cpf-tools/scripts/verify-cpf-qa32-primary-engines.py;cpf-tools/scripts/verify-cpf-qa32-completion.py;cpf-docs/quality/CPF_20260730_QA32_RESULT_MATRIX.csv,정적 Gate 실행 완료
SCENARIO,QA32-S170,SRC-DESER-001,완료,미검증,"cpf-docs/evidence/current/scenarios/QA32-S170.json;cpf-admin/frontend/**;cpf-biz-admin/frontend/**;cpf-starters/security/**;cpf-tools/db/vendor/{oracle,postgresql,mariadb}/**/V83__*.sql",실제 Runtime 실행 필요
SCENARIO,QA32-S171,SRC-DESER-001,완료,미검증,cpf-docs/evidence/current/scenarios/QA32-S171.json;cpf-tools/scripts/verify-cpf-qa32-primary-engines.py,실제 Runtime 실행 필요
SCENARIO,QA32-S172,SRC-DESER-001,완료,완료,cpf-docs/evidence/current/scenarios/QA32-S172.json;cpf-batch/control-server/src/main/java/com/cpf/batch/control/deploy/**;cpf-batch/host-agent/src/main/java/com/cpf/batch/agent/**;settings.gradle;build.gradle;gradle/cpf-stack.properties;cpf-tools/scripts/verify-cpf-qa32-generator.py;cpf-tools/scripts/verify-cpf-qa32-repository-security.py;cpf-tools/scripts/verify-cpf-qa32-primary-engines.py;cpf-tools/scripts/verify-cpf-qa32-completion.py;cpf-docs/quality/CPF_20260730_QA32_RESULT_MATRIX.csv,정적 Gate 실행 완료
SCENARIO,QA32-S173,SEC-CRYPTO-001,완료,미검증,"cpf-docs/evidence/current/scenarios/QA32-S173.json;cpf-admin/frontend/**;cpf-biz-admin/frontend/**;cpf-starters/security/**;cpf-tools/db/vendor/{oracle,postgresql,mariadb}/**/V83__*.sql;cpf-tools/scripts/verify-cpf-qa32-repository-security.py;cpf-tools/scripts/verify-cpf-qa32-primary-engines.py;cpf-tools/scripts/verify-cpf-qa32-completion.py;cpf-docs/quality/CPF_20260730_QA32_RESULT_MATRIX.csv",실제 Runtime 실행 필요
SCENARIO,QA32-S174,SEC-CRYPTO-001,완료,미검증,cpf-docs/evidence/current/scenarios/QA32-S174.json;cpf-tools/scripts/verify-cpf-qa32-repository-security.py;cpf-tools/scripts/verify-cpf-qa32-primary-engines.py;cpf-tools/scripts/verify-cpf-qa32-completion.py;cpf-docs/quality/CPF_20260730_QA32_RESULT_MATRIX.csv,실제 Runtime 실행 필요
SCENARIO,QA32-S175,SEC-CRYPTO-001,완료,완료,cpf-docs/evidence/current/scenarios/QA32-S175.json;cpf-batch/control-server/src/main/java/com/cpf/batch/control/deploy/**;cpf-batch/host-agent/src/main/java/com/cpf/batch/agent/**;settings.gradle;build.gradle;gradle/cpf-stack.properties;cpf-tools/scripts/verify-cpf-qa32-generator.py;cpf-tools/scripts/verify-cpf-qa32-repository-security.py;cpf-tools/scripts/verify-cpf-qa32-primary-engines.py;cpf-tools/scripts/verify-cpf-qa32-completion.py;cpf-docs/quality/CPF_20260730_QA32_RESULT_MATRIX.csv,정적 Gate 실행 완료
SCENARIO,QA32-S176,SRC-SQL-001,완료,미검증,"cpf-docs/evidence/current/scenarios/QA32-S176.json;cpf-admin/frontend/**;cpf-biz-admin/frontend/**;cpf-starters/security/**;cpf-tools/db/vendor/{oracle,postgresql,mariadb}/**/V83__*.sql;cpf-tools/scripts/verify-cpf-qa32-repository-security.py",실제 Runtime 실행 필요
SCENARIO,QA32-S177,SRC-SQL-001,완료,미검증,"cpf-docs/evidence/current/scenarios/QA32-S177.json;cpf-admin/frontend/**;cpf-biz-admin/frontend/**;cpf-starters/security/**;cpf-tools/db/vendor/{oracle,postgresql,mariadb}/**/V83__*.sql;settings.gradle;build.gradle;gradle/cpf-stack.properties;cpf-tools/scripts/verify-cpf-qa32-generator.py;cpf-tools/scripts/verify-cpf-qa32-repository-security.py",실제 Runtime 실행 필요
SCENARIO,QA32-S178,SRC-SQL-001,완료,완료,cpf-docs/evidence/current/scenarios/QA32-S178.json;cpf-batch/control-server/src/main/java/com/cpf/batch/control/deploy/**;cpf-batch/host-agent/src/main/java/com/cpf/batch/agent/**;settings.gradle;build.gradle;gradle/cpf-stack.properties;cpf-tools/scripts/verify-cpf-qa32-generator.py;cpf-tools/scripts/verify-cpf-qa32-repository-security.py;cpf-tools/scripts/verify-cpf-qa32-primary-engines.py;cpf-tools/scripts/verify-cpf-qa32-completion.py;cpf-docs/quality/CPF_20260730_QA32_RESULT_MATRIX.csv,정적 Gate 실행 완료
SCENARIO,QA32-S179,SRC-RESOURCE-001,완료,미검증,"cpf-docs/evidence/current/scenarios/QA32-S179.json;cpf-admin/frontend/**;cpf-biz-admin/frontend/**;cpf-starters/security/**;cpf-tools/db/vendor/{oracle,postgresql,mariadb}/**/V83__*.sql;cpf-tools/scripts/verify-cpf-qa32-repository-security.py",실제 Runtime 실행 필요
SCENARIO,QA32-S180,SRC-RESOURCE-001,완료,미검증,cpf-docs/evidence/current/scenarios/QA32-S180.json;cpf-tools/scripts/verify-cpf-qa32-repository-security.py,실제 Runtime 실행 필요
SCENARIO,QA32-S181,SRC-RESOURCE-001,완료,완료,cpf-docs/evidence/current/scenarios/QA32-S181.json;cpf-core/src/main/java/com/cpf/core/api/archive/**;cpf-core/src/main/java/com/cpf/core/api/attachment/**;cpf-core/src/main/java/com/cpf/core/common/archive/LocalCpfArchiveService.java;cpf-core/src/main/java/com/cpf/core/common/attachment/LocalCpfAttachmentStorageAdapter.java;cpf-batch/control-server/src/main/java/com/cpf/batch/control/deploy/**;cpf-batch/host-agent/src/main/java/com/cpf/batch/agent/**;settings.gradle;build.gradle;gradle/cpf-stack.properties;cpf-tools/scripts/verify-cpf-qa32-generator.py;cpf-tools/scripts/verify-cpf-qa32-repository-security.py;cpf-tools/scripts/verify-cpf-qa32-primary-engines.py;cpf-tools/scripts/verify-cpf-qa32-completion.py;cpf-docs/quality/CPF_20260730_QA32_RESULT_MATRIX.csv,정적 Gate 실행 완료
SCENARIO,QA32-S182,SEC-BOOTSTRAP-001,완료,미검증,"cpf-docs/evidence/current/scenarios/QA32-S182.json;cpf-admin/frontend/**;cpf-biz-admin/frontend/**;cpf-starters/security/**;cpf-tools/db/vendor/{oracle,postgresql,mariadb}/**/V83__*.sql;cpf-biz-admin/src/main/java/com/cpf/bizadmin/auth/service/BzaBootstrapRunner.java;cpf-tools/db/vendor/{oracle,postgresql,mariadb}/**/V85__*.sql;cpf-tools/scripts/verify-cpf-qa32-primary-engines.py;cpf-tools/scripts/verify-cpf-qa32-completion.py;cpf-docs/quality/CPF_20260730_QA32_RESULT_MATRIX.csv",실제 Runtime 실행 필요
SCENARIO,QA32-S183,SEC-BOOTSTRAP-001,완료,미검증,"cpf-docs/evidence/current/scenarios/QA32-S183.json;cpf-biz-admin/src/main/java/com/cpf/bizadmin/auth/service/BzaBootstrapRunner.java;cpf-tools/db/vendor/{oracle,postgresql,mariadb}/**/V85__*.sql",실제 Runtime 실행 필요
SCENARIO,QA32-S184,SEC-BOOTSTRAP-001,완료,완료,"cpf-docs/evidence/current/scenarios/QA32-S184.json;cpf-biz-admin/src/main/java/com/cpf/bizadmin/auth/service/BzaBootstrapRunner.java;cpf-tools/db/vendor/{oracle,postgresql,mariadb}/**/V85__*.sql;cpf-batch/control-server/src/main/java/com/cpf/batch/control/deploy/**;cpf-batch/host-agent/src/main/java/com/cpf/batch/agent/**;settings.gradle;build.gradle;gradle/cpf-stack.properties;cpf-tools/scripts/verify-cpf-qa32-generator.py;cpf-tools/scripts/verify-cpf-qa32-primary-engines.py;cpf-tools/scripts/verify-cpf-qa32-completion.py;cpf-docs/quality/CPF_20260730_QA32_RESULT_MATRIX.csv",정적 Gate 실행 완료
SCENARIO,QA32-S185,SEC-BOOTSTRAP-001,완료,미검증,"cpf-docs/evidence/current/scenarios/QA32-S185.json;cpf-batch/execution-runtime/**;cpf-batch/worker/src/main/java/com/cpf/batch/worker/SpringBatchWorkerStepHandler.java;cpf-tools/db/vendor/{oracle,postgresql,mariadb}/**/V82__*.sql;cpf-tools/db/vendor/{oracle,postgresql,mariadb}/**/V84__*.sql;cpf-starters/resilience/**;cpf-biz-admin/src/main/java/com/cpf/bizadmin/auth/service/BzaBootstrapRunner.java;cpf-tools/db/vendor/{oracle,postgresql,mariadb}/**/V85__*.sql;cpf-batch/control-server/src/main/java/com/cpf/batch/control/deploy/**;cpf-batch/host-agent/src/main/java/com/cpf/batch/agent/**;cpf-tools/scripts/verify-cpf-qa32-repository-security.py;cpf-tools/scripts/verify-cpf-qa32-primary-engines.py;cpf-tools/scripts/verify-cpf-qa32-completion.py;cpf-docs/quality/CPF_20260730_QA32_RESULT_MATRIX.csv",실제 Runtime 실행 필요
SCENARIO,QA32-S186,OPS-DEPLOY-001,완료,미검증,"cpf-docs/evidence/current/scenarios/QA32-S186.json;cpf-admin/frontend/**;cpf-biz-admin/frontend/**;cpf-starters/security/**;cpf-tools/db/vendor/{oracle,postgresql,mariadb}/**/V83__*.sql;cpf-batch/control-server/src/main/java/com/cpf/batch/control/deploy/**;cpf-batch/host-agent/src/main/java/com/cpf/batch/agent/**;cpf-tools/scripts/verify-cpf-qa32-primary-engines.py;cpf-tools/scripts/verify-cpf-qa32-completion.py;cpf-docs/quality/CPF_20260730_QA32_RESULT_MATRIX.csv",실제 Runtime 실행 필요
SCENARIO,QA32-S187,OPS-DEPLOY-001,완료,미검증,cpf-docs/evidence/current/scenarios/QA32-S187.json;cpf-batch/control-server/src/main/java/com/cpf/batch/control/deploy/**;cpf-batch/host-agent/src/main/java/com/cpf/batch/agent/**,실제 Runtime 실행 필요
SCENARIO,QA32-S188,OPS-DEPLOY-001,완료,완료,cpf-docs/evidence/current/scenarios/QA32-S188.json;cpf-batch/control-server/src/main/java/com/cpf/batch/control/deploy/**;cpf-batch/host-agent/src/main/java/com/cpf/batch/agent/**;settings.gradle;build.gradle;gradle/cpf-stack.properties;cpf-tools/scripts/verify-cpf-qa32-generator.py;cpf-tools/scripts/verify-cpf-qa32-primary-engines.py;cpf-tools/scripts/verify-cpf-qa32-completion.py;cpf-docs/quality/CPF_20260730_QA32_RESULT_MATRIX.csv,정적 Gate 실행 완료
SCENARIO,QA32-S189,OPS-DEPLOY-001,완료,미검증,"cpf-docs/evidence/current/scenarios/QA32-S189.json;cpf-batch/execution-runtime/**;cpf-batch/worker/src/main/java/com/cpf/batch/worker/SpringBatchWorkerStepHandler.java;cpf-tools/db/vendor/{oracle,postgresql,mariadb}/**/V82__*.sql;cpf-tools/db/vendor/{oracle,postgresql,mariadb}/**/V84__*.sql;cpf-starters/resilience/**;cpf-batch/control-server/src/main/java/com/cpf/batch/control/deploy/**;cpf-batch/host-agent/src/main/java/com/cpf/batch/agent/**;cpf-tools/scripts/verify-cpf-qa32-repository-security.py;cpf-tools/scripts/verify-cpf-qa32-primary-engines.py;cpf-tools/scripts/verify-cpf-qa32-completion.py;cpf-docs/quality/CPF_20260730_QA32_RESULT_MATRIX.csv",실제 Runtime 실행 필요
SCENARIO,QA32-S190,OPS-PROBE-001,완료,미검증,"cpf-docs/evidence/current/scenarios/QA32-S190.json;cpf-admin/frontend/**;cpf-biz-admin/frontend/**;cpf-starters/security/**;cpf-tools/db/vendor/{oracle,postgresql,mariadb}/**/V83__*.sql;cpf-batch/control-server/src/main/java/com/cpf/batch/control/deploy/**;cpf-batch/host-agent/src/main/java/com/cpf/batch/agent/**",실제 Runtime 실행 필요
SCENARIO,QA32-S191,OPS-PROBE-001,완료,미검증,cpf-docs/evidence/current/scenarios/QA32-S191.json;cpf-batch/control-server/src/main/java/com/cpf/batch/control/deploy/**;cpf-batch/host-agent/src/main/java/com/cpf/batch/agent/**,실제 Runtime 실행 필요
SCENARIO,QA32-S192,OPS-PROBE-001,완료,완료,cpf-docs/evidence/current/scenarios/QA32-S192.json;cpf-batch/control-server/src/main/java/com/cpf/batch/control/deploy/**;cpf-batch/host-agent/src/main/java/com/cpf/batch/agent/**;settings.gradle;build.gradle;gradle/cpf-stack.properties;cpf-tools/scripts/verify-cpf-qa32-generator.py;cpf-tools/scripts/verify-cpf-qa32-primary-engines.py;cpf-tools/scripts/verify-cpf-qa32-completion.py;cpf-docs/quality/CPF_20260730_QA32_RESULT_MATRIX.csv,정적 Gate 실행 완료
SCENARIO,QA32-S193,SEC-ARTIFACT-001,완료,미검증,"cpf-docs/evidence/current/scenarios/QA32-S193.json;cpf-admin/frontend/**;cpf-biz-admin/frontend/**;cpf-starters/security/**;cpf-tools/db/vendor/{oracle,postgresql,mariadb}/**/V83__*.sql;cpf-batch/control-server/src/main/java/com/cpf/batch/control/deploy/**;cpf-batch/host-agent/src/main/java/com/cpf/batch/agent/**",실제 Runtime 실행 필요
SCENARIO,QA32-S194,SEC-ARTIFACT-001,완료,미검증,cpf-docs/evidence/current/scenarios/QA32-S194.json;cpf-batch/control-server/src/main/java/com/cpf/batch/control/deploy/**;cpf-batch/host-agent/src/main/java/com/cpf/batch/agent/**,실제 Runtime 실행 필요
SCENARIO,QA32-S195,SEC-ARTIFACT-001,완료,완료,cpf-docs/evidence/current/scenarios/QA32-S195.json;cpf-batch/control-server/src/main/java/com/cpf/batch/control/deploy/**;cpf-batch/host-agent/src/main/java/com/cpf/batch/agent/**;settings.gradle;build.gradle;gradle/cpf-stack.properties;cpf-tools/scripts/verify-cpf-qa32-generator.py;cpf-tools/scripts/verify-cpf-qa32-primary-engines.py;cpf-tools/scripts/verify-cpf-qa32-completion.py;cpf-docs/quality/CPF_20260730_QA32_RESULT_MATRIX.csv,정적 Gate 실행 완료
SCENARIO,QA32-S196,SEC-ARTIFACT-001,완료,미검증,"cpf-docs/evidence/current/scenarios/QA32-S196.json;cpf-batch/execution-runtime/**;cpf-batch/worker/src/main/java/com/cpf/batch/worker/SpringBatchWorkerStepHandler.java;cpf-tools/db/vendor/{oracle,postgresql,mariadb}/**/V82__*.sql;cpf-tools/db/vendor/{oracle,postgresql,mariadb}/**/V84__*.sql;cpf-starters/resilience/**;cpf-batch/control-server/src/main/java/com/cpf/batch/control/deploy/**;cpf-batch/host-agent/src/main/java/com/cpf/batch/agent/**;cpf-tools/scripts/verify-cpf-qa32-repository-security.py;cpf-tools/scripts/verify-cpf-qa32-primary-engines.py;cpf-tools/scripts/verify-cpf-qa32-completion.py;cpf-docs/quality/CPF_20260730_QA32_RESULT_MATRIX.csv",실제 Runtime 실행 필요
SCENARIO,QA32-S197,SEC-HTTP-001,완료,미검증,"cpf-docs/evidence/current/scenarios/QA32-S197.json;cpf-admin/frontend/**;cpf-biz-admin/frontend/**;cpf-starters/security/**;cpf-tools/db/vendor/{oracle,postgresql,mariadb}/**/V83__*.sql;cpf-batch/control-server/src/main/java/com/cpf/batch/control/deploy/**;cpf-batch/host-agent/src/main/java/com/cpf/batch/agent/**",실제 Runtime 실행 필요
SCENARIO,QA32-S198,SEC-HTTP-001,완료,미검증,cpf-docs/evidence/current/scenarios/QA32-S198.json;cpf-batch/control-server/src/main/java/com/cpf/batch/control/deploy/**;cpf-batch/host-agent/src/main/java/com/cpf/batch/agent/**,실제 Runtime 실행 필요
SCENARIO,QA32-S199,SEC-HTTP-001,완료,완료,cpf-docs/evidence/current/scenarios/QA32-S199.json;cpf-batch/control-server/src/main/java/com/cpf/batch/control/deploy/**;cpf-batch/host-agent/src/main/java/com/cpf/batch/agent/**;settings.gradle;build.gradle;gradle/cpf-stack.properties;cpf-tools/scripts/verify-cpf-qa32-generator.py;cpf-tools/scripts/verify-cpf-qa32-repository-security.py;cpf-tools/scripts/verify-cpf-qa32-primary-engines.py;cpf-tools/scripts/verify-cpf-qa32-completion.py;cpf-docs/quality/CPF_20260730_QA32_RESULT_MATRIX.csv,정적 Gate 실행 완료
SCENARIO,QA32-S200,SEC-PARSER-001,완료,미검증,"cpf-docs/evidence/current/scenarios/QA32-S200.json;cpf-admin/frontend/**;cpf-biz-admin/frontend/**;cpf-starters/security/**;cpf-tools/db/vendor/{oracle,postgresql,mariadb}/**/V83__*.sql;cpf-tools/scripts/verify-cpf-qa32-repository-security.py",실제 Runtime 실행 필요
SCENARIO,QA32-S201,SEC-PARSER-001,완료,미검증,cpf-docs/evidence/current/scenarios/QA32-S201.json;cpf-tools/scripts/verify-cpf-qa32-repository-security.py,실제 Runtime 실행 필요
SCENARIO,QA32-S202,SEC-PARSER-001,완료,완료,cpf-docs/evidence/current/scenarios/QA32-S202.json;cpf-batch/control-server/src/main/java/com/cpf/batch/control/deploy/**;cpf-batch/host-agent/src/main/java/com/cpf/batch/agent/**;settings.gradle;build.gradle;gradle/cpf-stack.properties;cpf-tools/scripts/verify-cpf-qa32-generator.py;cpf-tools/scripts/verify-cpf-qa32-repository-security.py;cpf-tools/scripts/verify-cpf-qa32-primary-engines.py;cpf-tools/scripts/verify-cpf-qa32-completion.py;cpf-docs/quality/CPF_20260730_QA32_RESULT_MATRIX.csv,정적 Gate 실행 완료
SCENARIO,QA32-S203,OSS-BATCH-001,완료,미검증,"cpf-docs/evidence/current/scenarios/QA32-S203.json;cpf-batch/execution-runtime/**;cpf-batch/worker/src/main/java/com/cpf/batch/worker/SpringBatchWorkerStepHandler.java;cpf-tools/db/vendor/{oracle,postgresql,mariadb}/**/V82__*.sql;cpf-tools/db/vendor/{oracle,postgresql,mariadb}/**/V84__*.sql;cpf-tools/scripts/verify-cpf-qa32-primary-engines.py;cpf-tools/scripts/verify-cpf-qa32-completion.py;cpf-docs/quality/CPF_20260730_QA32_RESULT_MATRIX.csv",실제 Runtime 실행 필요
SCENARIO,QA32-S204,OSS-BATCH-001,완료,미검증,"cpf-docs/evidence/current/scenarios/QA32-S204.json;cpf-batch/execution-runtime/**;cpf-batch/worker/src/main/java/com/cpf/batch/worker/SpringBatchWorkerStepHandler.java;cpf-tools/db/vendor/{oracle,postgresql,mariadb}/**/V82__*.sql;cpf-tools/db/vendor/{oracle,postgresql,mariadb}/**/V84__*.sql;cpf-tools/scripts/verify-cpf-qa32-primary-engines.py;cpf-tools/scripts/verify-cpf-qa32-completion.py;cpf-docs/quality/CPF_20260730_QA32_RESULT_MATRIX.csv",실제 Runtime 실행 필요
SCENARIO,QA32-S205,OSS-BATCH-001,완료,미검증,"cpf-docs/evidence/current/scenarios/QA32-S205.json;cpf-batch/execution-runtime/**;cpf-batch/worker/src/main/java/com/cpf/batch/worker/SpringBatchWorkerStepHandler.java;cpf-tools/db/vendor/{oracle,postgresql,mariadb}/**/V82__*.sql;cpf-tools/db/vendor/{oracle,postgresql,mariadb}/**/V84__*.sql;cpf-tools/scripts/verify-cpf-qa32-primary-engines.py;cpf-tools/scripts/verify-cpf-qa32-completion.py;cpf-docs/quality/CPF_20260730_QA32_RESULT_MATRIX.csv",실제 Runtime 실행 필요
SCENARIO,QA32-S206,OSS-BATCH-001,완료,미검증,"cpf-docs/evidence/current/scenarios/QA32-S206.json;cpf-batch/execution-runtime/**;cpf-batch/worker/src/main/java/com/cpf/batch/worker/SpringBatchWorkerStepHandler.java;cpf-tools/db/vendor/{oracle,postgresql,mariadb}/**/V82__*.sql;cpf-tools/db/vendor/{oracle,postgresql,mariadb}/**/V84__*.sql;cpf-tools/scripts/verify-cpf-qa32-primary-engines.py;cpf-tools/scripts/verify-cpf-qa32-completion.py;cpf-docs/quality/CPF_20260730_QA32_RESULT_MATRIX.csv",실제 Runtime 실행 필요
SCENARIO,QA32-S207,OSS-BATCH-001,완료,미검증,"cpf-docs/evidence/current/scenarios/QA32-S207.json;cpf-batch/execution-runtime/**;cpf-batch/worker/src/main/java/com/cpf/batch/worker/SpringBatchWorkerStepHandler.java;cpf-tools/db/vendor/{oracle,postgresql,mariadb}/**/V82__*.sql;cpf-tools/db/vendor/{oracle,postgresql,mariadb}/**/V84__*.sql;cpf-tools/scripts/verify-cpf-qa32-primary-engines.py;cpf-tools/scripts/verify-cpf-qa32-completion.py;cpf-docs/quality/CPF_20260730_QA32_RESULT_MATRIX.csv",실제 Runtime 실행 필요
SCENARIO,QA32-S208,OSS-BATCH-001,완료,미검증,"cpf-docs/evidence/current/scenarios/QA32-S208.json;cpf-batch/execution-runtime/**;cpf-batch/worker/src/main/java/com/cpf/batch/worker/SpringBatchWorkerStepHandler.java;cpf-tools/db/vendor/{oracle,postgresql,mariadb}/**/V82__*.sql;cpf-tools/db/vendor/{oracle,postgresql,mariadb}/**/V84__*.sql;cpf-tools/scripts/verify-cpf-qa32-primary-engines.py;cpf-tools/scripts/verify-cpf-qa32-completion.py;cpf-docs/quality/CPF_20260730_QA32_RESULT_MATRIX.csv",실제 Runtime 실행 필요
SCENARIO,QA32-S209,OSS-BATCH-001,완료,미검증,"cpf-docs/evidence/current/scenarios/QA32-S209.json;cpf-batch/execution-runtime/**;cpf-batch/worker/src/main/java/com/cpf/batch/worker/SpringBatchWorkerStepHandler.java;cpf-tools/db/vendor/{oracle,postgresql,mariadb}/**/V82__*.sql;cpf-tools/db/vendor/{oracle,postgresql,mariadb}/**/V84__*.sql;cpf-tools/scripts/verify-cpf-qa32-primary-engines.py;cpf-tools/scripts/verify-cpf-qa32-completion.py;cpf-docs/quality/CPF_20260730_QA32_RESULT_MATRIX.csv",실제 Runtime 실행 필요
SCENARIO,QA32-S210,OSS-BATCH-001,완료,미검증,"cpf-docs/evidence/current/scenarios/QA32-S210.json;cpf-batch/execution-runtime/**;cpf-batch/worker/src/main/java/com/cpf/batch/worker/SpringBatchWorkerStepHandler.java;cpf-tools/db/vendor/{oracle,postgresql,mariadb}/**/V82__*.sql;cpf-tools/db/vendor/{oracle,postgresql,mariadb}/**/V84__*.sql;cpf-tools/scripts/verify-cpf-qa32-primary-engines.py;cpf-tools/scripts/verify-cpf-qa32-completion.py;cpf-docs/quality/CPF_20260730_QA32_RESULT_MATRIX.csv",실제 Runtime 실행 필요
SCENARIO,QA32-S211,OSS-BATCH-001,완료,미검증,"cpf-docs/evidence/current/scenarios/QA32-S211.json;cpf-batch/execution-runtime/**;cpf-batch/worker/src/main/java/com/cpf/batch/worker/SpringBatchWorkerStepHandler.java;cpf-tools/db/vendor/{oracle,postgresql,mariadb}/**/V82__*.sql;cpf-tools/db/vendor/{oracle,postgresql,mariadb}/**/V84__*.sql;cpf-tools/scripts/verify-cpf-qa32-primary-engines.py;cpf-tools/scripts/verify-cpf-qa32-completion.py;cpf-docs/quality/CPF_20260730_QA32_RESULT_MATRIX.csv",실제 Runtime 실행 필요
SCENARIO,QA32-S212,OSS-BATCH-001,완료,미검증,"cpf-docs/evidence/current/scenarios/QA32-S212.json;cpf-batch/execution-runtime/**;cpf-batch/worker/src/main/java/com/cpf/batch/worker/SpringBatchWorkerStepHandler.java;cpf-tools/db/vendor/{oracle,postgresql,mariadb}/**/V82__*.sql;cpf-tools/db/vendor/{oracle,postgresql,mariadb}/**/V84__*.sql;cpf-tools/scripts/verify-cpf-qa32-primary-engines.py;cpf-tools/scripts/verify-cpf-qa32-completion.py;cpf-docs/quality/CPF_20260730_QA32_RESULT_MATRIX.csv",실제 Runtime 실행 필요
SCENARIO,QA32-S213,OSS-BATCH-001,완료,미검증,"cpf-docs/evidence/current/scenarios/QA32-S213.json;cpf-batch/execution-runtime/**;cpf-batch/worker/src/main/java/com/cpf/batch/worker/SpringBatchWorkerStepHandler.java;cpf-tools/db/vendor/{oracle,postgresql,mariadb}/**/V82__*.sql;cpf-tools/db/vendor/{oracle,postgresql,mariadb}/**/V84__*.sql;cpf-tools/scripts/verify-cpf-qa32-primary-engines.py;cpf-tools/scripts/verify-cpf-qa32-completion.py;cpf-docs/quality/CPF_20260730_QA32_RESULT_MATRIX.csv",실제 Runtime 실행 필요
SCENARIO,QA32-S214,OSS-BATCH-001,완료,미검증,"cpf-docs/evidence/current/scenarios/QA32-S214.json;cpf-batch/execution-runtime/**;cpf-batch/worker/src/main/java/com/cpf/batch/worker/SpringBatchWorkerStepHandler.java;cpf-tools/db/vendor/{oracle,postgresql,mariadb}/**/V82__*.sql;cpf-tools/db/vendor/{oracle,postgresql,mariadb}/**/V84__*.sql;cpf-tools/scripts/verify-cpf-qa32-primary-engines.py;cpf-tools/scripts/verify-cpf-qa32-completion.py;cpf-docs/quality/CPF_20260730_QA32_RESULT_MATRIX.csv",실제 Runtime 실행 필요
SCENARIO,QA32-S215,OSS-BATCH-001,완료,미검증,"cpf-docs/evidence/current/scenarios/QA32-S215.json;cpf-batch/execution-runtime/**;cpf-batch/worker/src/main/java/com/cpf/batch/worker/SpringBatchWorkerStepHandler.java;cpf-tools/db/vendor/{oracle,postgresql,mariadb}/**/V82__*.sql;cpf-tools/db/vendor/{oracle,postgresql,mariadb}/**/V84__*.sql;cpf-tools/scripts/verify-cpf-qa32-primary-engines.py;cpf-tools/scripts/verify-cpf-qa32-completion.py;cpf-docs/quality/CPF_20260730_QA32_RESULT_MATRIX.csv",실제 Runtime 실행 필요
SCENARIO,QA32-S216,OSS-BATCH-001,완료,미검증,"cpf-docs/evidence/current/scenarios/QA32-S216.json;cpf-batch/execution-runtime/**;cpf-batch/worker/src/main/java/com/cpf/batch/worker/SpringBatchWorkerStepHandler.java;cpf-tools/db/vendor/{oracle,postgresql,mariadb}/**/V82__*.sql;cpf-tools/db/vendor/{oracle,postgresql,mariadb}/**/V84__*.sql;cpf-tools/scripts/verify-cpf-qa32-primary-engines.py;cpf-tools/scripts/verify-cpf-qa32-completion.py;cpf-docs/quality/CPF_20260730_QA32_RESULT_MATRIX.csv",실제 Runtime 실행 필요
SCENARIO,QA32-S217,OSS-BATCH-001,완료,미검증,"cpf-docs/evidence/current/scenarios/QA32-S217.json;cpf-batch/execution-runtime/**;cpf-batch/worker/src/main/java/com/cpf/batch/worker/SpringBatchWorkerStepHandler.java;cpf-tools/db/vendor/{oracle,postgresql,mariadb}/**/V82__*.sql;cpf-tools/db/vendor/{oracle,postgresql,mariadb}/**/V84__*.sql;cpf-tools/scripts/verify-cpf-qa32-primary-engines.py;cpf-tools/scripts/verify-cpf-qa32-completion.py;cpf-docs/quality/CPF_20260730_QA32_RESULT_MATRIX.csv",실제 Runtime 실행 필요
SCENARIO,QA32-S218,OSS-BATCH-001,완료,미검증,"cpf-docs/evidence/current/scenarios/QA32-S218.json;cpf-batch/execution-runtime/**;cpf-batch/worker/src/main/java/com/cpf/batch/worker/SpringBatchWorkerStepHandler.java;cpf-tools/db/vendor/{oracle,postgresql,mariadb}/**/V82__*.sql;cpf-tools/db/vendor/{oracle,postgresql,mariadb}/**/V84__*.sql;cpf-tools/scripts/verify-cpf-qa32-primary-engines.py;cpf-tools/scripts/verify-cpf-qa32-completion.py;cpf-docs/quality/CPF_20260730_QA32_RESULT_MATRIX.csv",실제 Runtime 실행 필요
SCENARIO,QA32-S219,OSS-BATCH-001,완료,미검증,"cpf-docs/evidence/current/scenarios/QA32-S219.json;cpf-batch/execution-runtime/**;cpf-batch/worker/src/main/java/com/cpf/batch/worker/SpringBatchWorkerStepHandler.java;cpf-tools/db/vendor/{oracle,postgresql,mariadb}/**/V82__*.sql;cpf-tools/db/vendor/{oracle,postgresql,mariadb}/**/V84__*.sql;cpf-tools/scripts/verify-cpf-qa32-primary-engines.py;cpf-tools/scripts/verify-cpf-qa32-completion.py;cpf-docs/quality/CPF_20260730_QA32_RESULT_MATRIX.csv",실제 Runtime 실행 필요
SCENARIO,QA32-S220,OSS-BATCH-001,완료,미검증,"cpf-docs/evidence/current/scenarios/QA32-S220.json;cpf-batch/execution-runtime/**;cpf-batch/worker/src/main/java/com/cpf/batch/worker/SpringBatchWorkerStepHandler.java;cpf-tools/db/vendor/{oracle,postgresql,mariadb}/**/V82__*.sql;cpf-tools/db/vendor/{oracle,postgresql,mariadb}/**/V84__*.sql;cpf-tools/scripts/verify-cpf-qa32-primary-engines.py;cpf-tools/scripts/verify-cpf-qa32-completion.py;cpf-docs/quality/CPF_20260730_QA32_RESULT_MATRIX.csv",실제 Runtime 실행 필요
SCENARIO,QA32-S221,OSS-BATCH-001,완료,미검증,"cpf-docs/evidence/current/scenarios/QA32-S221.json;cpf-batch/execution-runtime/**;cpf-batch/worker/src/main/java/com/cpf/batch/worker/SpringBatchWorkerStepHandler.java;cpf-tools/db/vendor/{oracle,postgresql,mariadb}/**/V82__*.sql;cpf-tools/db/vendor/{oracle,postgresql,mariadb}/**/V84__*.sql;cpf-admin/frontend/**;cpf-biz-admin/frontend/**;cpf-starters/security/**;cpf-tools/db/vendor/{oracle,postgresql,mariadb}/**/V83__*.sql;cpf-tools/scripts/verify-cpf-qa32-primary-engines.py;cpf-tools/scripts/verify-cpf-qa32-completion.py;cpf-docs/quality/CPF_20260730_QA32_RESULT_MATRIX.csv",실제 Runtime 실행 필요
SCENARIO,QA32-S222,OSS-BATCH-001,완료,미검증,"cpf-docs/evidence/current/scenarios/QA32-S222.json;cpf-batch/execution-runtime/**;cpf-batch/worker/src/main/java/com/cpf/batch/worker/SpringBatchWorkerStepHandler.java;cpf-tools/db/vendor/{oracle,postgresql,mariadb}/**/V82__*.sql;cpf-tools/db/vendor/{oracle,postgresql,mariadb}/**/V84__*.sql;cpf-starters/messaging-kafka/**;cpf-batch/execution-runtime/src/main/java/com/cpf/batch/execution/CpfBatchKafka*.java;cpf-tools/scripts/verify-cpf-qa32-repository-security.py;cpf-tools/scripts/verify-cpf-qa32-primary-engines.py;cpf-tools/scripts/verify-cpf-qa32-completion.py;cpf-docs/quality/CPF_20260730_QA32_RESULT_MATRIX.csv",실제 Runtime 실행 필요
