requirement_id,title,owner,implementation_package,source,resource_contract,unit_test,integration_test,failure_test,recovery_test,concurrency_test,business_states,exception_scenarios,workflow_steps,failure_points,development_status,verification_status,canonical_requirement_ids,qa36_relationship,self_requirement_ids,source_origin,runtime_observation,source_sha,verification_evidence,feature_pack,feature_toggle,optional_feature,generated_domain_dependency,product_module_dependency,database_owner
EDU-DEV-01,Generator 기반 신규 업무 영역 생성,cpf-reference,com.cpf.reference.online.generator.domain,cpf-reference/src/main/java/com/cpf/reference/online/generator/domain/EduDev01Handler.java,cpf-reference/src/main/resources/edu/dev/01/scenario-contract.json,cpf-reference/src/test/java/com/cpf/reference/online/generator/domain/EduDev01UnitTest.java,cpf-reference/src/test/java/com/cpf/reference/online/generator/domain/EduDev01IntegrationTest.java,cpf-reference/src/test/java/com/cpf/reference/online/generator/domain/EduDev01FailureTest.java,cpf-reference/src/test/java/com/cpf/reference/online/generator/domain/EduDev01RecoveryTest.java,cpf-reference/src/test/java/com/cpf/reference/online/generator/domain/EduDev01ConcurrencyTest.java,PLANNED|VALIDATED|GENERATED|VERIFIED,같은 Module명|같은 SystemCode|Port 중복|Route 중복|지원하지 않는 DB Vendor|생성 중 Process 종료|기존 파일 Hash 변경 시 덮어쓰기 시도,VALIDATE|AUTHORIZE|SCOPE|DEDUPE|VERSION_CHECK|PREVIEW|CHECKSUM|MUTATE|COMMIT|OUTBOX|EXTERNAL_SEND|ACK|AUDIT|OBSERVE,BEFORE_COMMIT|AFTER_COMMIT|BEFORE_EXTERNAL_SEND|AFTER_EXTERNAL_SEND|RESPONSE_LOST|PROCESS_KILL,완료,미검증,ONBOARD-DOMAIN|SAMPLE-EDU|TEST-FAULT,DETAILS_CANONICAL_AND_EXECUTABLE_SCENARIO,CPF-SELF-DEV-001|CPF-SELF-DEV-005|CPF-SELF-DEV-030,CPF_CUSTOMER_MANUAL_EDU_IMPLEMENTATION_REQUIREMENTS.md,cpf-reference functional package + registered concrete consumer + refDB ledger; merged Java25/3DB/runtime evidence pending,1edd96c6dcc69b0b4d6e9e22a0709d910d7cfb04,Overlay compile/self-test and static consumer/DB parity PASS; exact Java25/refDB runtime evidence pending Codex,core,,false,NONE,NONE,refDB
EDU-DEV-02,권한·범위가 적용된 목록·상세 조회,cpf-reference,com.cpf.reference.online.query.scoped,cpf-reference/src/main/java/com/cpf/reference/online/query/scoped/EduDev02Handler.java,cpf-reference/src/main/resources/edu/dev/02/scenario-contract.json,cpf-reference/src/test/java/com/cpf/reference/online/query/scoped/EduDev02UnitTest.java,cpf-reference/src/test/java/com/cpf/reference/online/query/scoped/EduDev02IntegrationTest.java,cpf-reference/src/test/java/com/cpf/reference/online/query/scoped/EduDev02FailureTest.java,cpf-reference/src/test/java/com/cpf/reference/online/query/scoped/EduDev02RecoveryTest.java,cpf-reference/src/test/java/com/cpf/reference/online/query/scoped/EduDev02ConcurrencyTest.java,RECEIVED|VALIDATED|APPLIED|SUCCEEDED,size 초과|허용하지 않는 sort field|최대 기간 초과|존재하지 않는 ID|권한 밖 조직|DB Timeout|부분 데이터 Source 지연,VALIDATE|AUTHORIZE|SCOPE|VERSION_CHECK|QUERY_SNAPSHOT|AUDIT|OBSERVE,TIMEOUT,완료,미검증,DB-MIGRATION|SAMPLE-EDU|TEST-FAULT,DETAILS_CANONICAL_AND_EXECUTABLE_SCENARIO,CPF-SELF-DEV-001|CPF-SELF-DEV-005|CPF-SELF-DEV-029,CPF_CUSTOMER_MANUAL_EDU_IMPLEMENTATION_REQUIREMENTS.md,cpf-reference functional package + registered concrete consumer + refDB ledger; merged Java25/3DB/runtime evidence pending,1edd96c6dcc69b0b4d6e9e22a0709d910d7cfb04,Overlay compile/self-test and static consumer/DB parity PASS; exact Java25/refDB runtime evidence pending Codex,core,,false,NONE,NONE,refDB
EDU-DEV-03,등록·수정·상태 변경과 감사,cpf-reference,com.cpf.reference.online.command.audit,cpf-reference/src/main/java/com/cpf/reference/online/command/audit/EduDev03Handler.java,cpf-reference/src/main/resources/edu/dev/03/scenario-contract.json,cpf-reference/src/test/java/com/cpf/reference/online/command/audit/EduDev03UnitTest.java,cpf-reference/src/test/java/com/cpf/reference/online/command/audit/EduDev03IntegrationTest.java,cpf-reference/src/test/java/com/cpf/reference/online/command/audit/EduDev03FailureTest.java,cpf-reference/src/test/java/com/cpf/reference/online/command/audit/EduDev03RecoveryTest.java,cpf-reference/src/test/java/com/cpf/reference/online/command/audit/EduDev03ConcurrencyTest.java,PENDING|ACTIVE|SUSPENDED|CLOSED,사유 누락|허용되지 않은 상태 전이|권한 없음|Version 충돌|감사 저장 실패|Outbox 저장 실패|응답 유실,VALIDATE|AUTHORIZE|SCOPE|DEDUPE|VERSION_CHECK|MUTATE|COMMIT|OUTBOX|EXTERNAL_SEND|ACK|RECONCILE|AUDIT|OBSERVE,BEFORE_COMMIT|AFTER_COMMIT|BEFORE_EXTERNAL_SEND|AFTER_EXTERNAL_SEND|RESPONSE_LOST|PROCESS_KILL,완료,미검증,EVENT-OUTBOX|SAMPLE-EDU|TEST-FAULT,DETAILS_CANONICAL_AND_EXECUTABLE_SCENARIO,CPF-SELF-DEV-001|CPF-SELF-DEV-005|CPF-SELF-DEV-013,CPF_CUSTOMER_MANUAL_EDU_IMPLEMENTATION_REQUIREMENTS.md,cpf-reference functional package + registered concrete consumer + refDB ledger; merged Java25/3DB/runtime evidence pending,1edd96c6dcc69b0b4d6e9e22a0709d910d7cfb04,Overlay compile/self-test and static consumer/DB parity PASS; exact Java25/refDB runtime evidence pending Codex,core,,false,NONE,NONE,refDB
EDU-DEV-04,동시 수정과 예상 Version 충돌,cpf-reference,com.cpf.reference.online.concurrency.optimisticlock,cpf-reference/src/main/java/com/cpf/reference/online/concurrency/optimisticlock/EduDev04Handler.java,cpf-reference/src/main/resources/edu/dev/04/scenario-contract.json,cpf-reference/src/test/java/com/cpf/reference/online/concurrency/optimisticlock/EduDev04UnitTest.java,cpf-reference/src/test/java/com/cpf/reference/online/concurrency/optimisticlock/EduDev04IntegrationTest.java,cpf-reference/src/test/java/com/cpf/reference/online/concurrency/optimisticlock/EduDev04FailureTest.java,cpf-reference/src/test/java/com/cpf/reference/online/concurrency/optimisticlock/EduDev04RecoveryTest.java,cpf-reference/src/test/java/com/cpf/reference/online/concurrency/optimisticlock/EduDev04ConcurrencyTest.java,VERSION_CONFLICT,동일 Version 동시 요청|오래된 Version|재시도 중 또 다른 변경|응답 유실 후 성공 여부 불명|DB Deadlock,VALIDATE|AUTHORIZE|SCOPE|DEDUPE|VERSION_CHECK|MUTATE|COMMIT|RECONCILE|AUDIT|OBSERVE,BEFORE_COMMIT|AFTER_COMMIT|RESPONSE_LOST|PROCESS_KILL,완료,미검증,DB-MIGRATION|SAMPLE-EDU|TEST-FAULT,DETAILS_CANONICAL_AND_EXECUTABLE_SCENARIO,CPF-SELF-DEV-001|CPF-SELF-DEV-005|CPF-SELF-DEV-029,CPF_CUSTOMER_MANUAL_EDU_IMPLEMENTATION_REQUIREMENTS.md,cpf-reference functional package + registered concrete consumer + refDB ledger; merged Java25/3DB/runtime evidence pending,1edd96c6dcc69b0b4d6e9e22a0709d910d7cfb04,Overlay compile/self-test and static consumer/DB parity PASS; exact Java25/refDB runtime evidence pending Codex,core,,false,NONE,NONE,refDB
EDU-DEV-05,지급 등록 멱등성·응답 유실·결과 대사,cpf-reference,com.cpf.reference.online.idempotency.payment,cpf-reference/src/main/java/com/cpf/reference/online/idempotency/payment/EduDev05Handler.java,cpf-reference/src/main/resources/edu/dev/05/scenario-contract.json,cpf-reference/src/test/java/com/cpf/reference/online/idempotency/payment/EduDev05UnitTest.java,cpf-reference/src/test/java/com/cpf/reference/online/idempotency/payment/EduDev05IntegrationTest.java,cpf-reference/src/test/java/com/cpf/reference/online/idempotency/payment/EduDev05FailureTest.java,cpf-reference/src/test/java/com/cpf/reference/online/idempotency/payment/EduDev05RecoveryTest.java,cpf-reference/src/test/java/com/cpf/reference/online/idempotency/payment/EduDev05ConcurrencyTest.java,RECEIVED|PROCESSING|SUCCEEDED|FAILED|UNKNOWN_RESULT|RECONCILED,같은 Key·같은 본문|같은 Key·다른 본문|PROCESSING 중 재호출|DB Commit 전 중단|DB Commit 후 응답 유실|외부 이체 전송 후 응답 유실|Operation 만료 후 재호출,VALIDATE|AUTHORIZE|SCOPE|DEDUPE|VERSION_CHECK|MUTATE|COMMIT|OUTBOX|EXTERNAL_SEND|ACK|RECONCILE|AUDIT|OBSERVE,BEFORE_COMMIT|AFTER_COMMIT|BEFORE_EXTERNAL_SEND|AFTER_EXTERNAL_SEND|RESPONSE_LOST|PROCESS_KILL,완료,미검증,DB-MIGRATION|SAMPLE-EDU|TEST-FAULT,DETAILS_CANONICAL_AND_EXECUTABLE_SCENARIO,CPF-SELF-DEV-001|CPF-SELF-DEV-005|CPF-SELF-DEV-029,CPF_CUSTOMER_MANUAL_EDU_IMPLEMENTATION_REQUIREMENTS.md,cpf-reference functional package + registered concrete consumer + refDB ledger; merged Java25/3DB/runtime evidence pending,1edd96c6dcc69b0b4d6e9e22a0709d910d7cfb04,Overlay compile/self-test and static consumer/DB parity PASS; exact Java25/refDB runtime evidence pending Codex,core,,false,NONE,NONE,refDB
EDU-DEV-06,같은 애플리케이션·분리 서비스 호출 동등성,cpf-reference,com.cpf.reference.online.servicecall.topology,cpf-reference/src/main/java/com/cpf/reference/online/servicecall/topology/EduDev06Handler.java,cpf-reference/src/main/resources/edu/dev/06/scenario-contract.json,cpf-reference/src/test/java/com/cpf/reference/online/servicecall/topology/EduDev06UnitTest.java,cpf-reference/src/test/java/com/cpf/reference/online/servicecall/topology/EduDev06IntegrationTest.java,cpf-reference/src/test/java/com/cpf/reference/online/servicecall/topology/EduDev06FailureTest.java,cpf-reference/src/test/java/com/cpf/reference/online/servicecall/topology/EduDev06RecoveryTest.java,cpf-reference/src/test/java/com/cpf/reference/online/servicecall/topology/EduDev06ConcurrencyTest.java,UNKNOWN_RESULT,Remote 연결 실패|응답 Timeout|잘못된 JSON|하위 서비스 4xx/5xx|호출 후 응답 유실|서비스 주소 변경|다중 인스턴스 일부 장애,VALIDATE|AUTHORIZE|SCOPE|DEDUPE|VERSION_CHECK|CLAIM_LEASE|MUTATE|COMMIT|OUTBOX|EXTERNAL_SEND|ACK|RECONCILE|AUDIT|OBSERVE,BEFORE_COMMIT|AFTER_COMMIT|BEFORE_EXTERNAL_SEND|AFTER_EXTERNAL_SEND|RESPONSE_LOST|PARTIAL_TARGET_FAILURE|TIMEOUT|PROCESS_KILL|LEASE_LOST,완료,미검증,GWY-ROUTING|SAMPLE-EDU|TEST-FAULT,DETAILS_CANONICAL_AND_EXECUTABLE_SCENARIO,CPF-SELF-DEV-001|CPF-SELF-DEV-005|CPF-SELF-DEV-008,CPF_CUSTOMER_MANUAL_EDU_IMPLEMENTATION_REQUIREMENTS.md,cpf-reference functional package + registered concrete consumer + refDB ledger; merged Java25/3DB/runtime evidence pending,1edd96c6dcc69b0b4d6e9e22a0709d910d7cfb04,Overlay compile/self-test and static consumer/DB parity PASS; exact Java25/refDB runtime evidence pending Codex,core,,false,NONE,NONE,refDB
EDU-DEV-07,Kafka Outbox·Inbox·중복 소비·재처리,cpf-reference,com.cpf.reference.online.messaging.outboxinbox,cpf-reference/src/main/java/com/cpf/reference/online/messaging/outboxinbox/EduDev07Handler.java,cpf-reference/src/main/resources/edu/dev/07/scenario-contract.json,cpf-reference/src/test/java/com/cpf/reference/online/messaging/outboxinbox/EduDev07UnitTest.java,cpf-reference/src/test/java/com/cpf/reference/online/messaging/outboxinbox/EduDev07IntegrationTest.java,cpf-reference/src/test/java/com/cpf/reference/online/messaging/outboxinbox/EduDev07FailureTest.java,cpf-reference/src/test/java/com/cpf/reference/online/messaging/outboxinbox/EduDev07RecoveryTest.java,cpf-reference/src/test/java/com/cpf/reference/online/messaging/outboxinbox/EduDev07ConcurrencyTest.java,NEW|PUBLISHED|RECEIVED|APPLIED|FAILED|DLQ,같은 Event 두 번 전달|Publisher 중단|Consumer Commit 전 종료|Kafka Ack 유실|순서 역전|Schema Version 불일치|Poison Message|DLQ 재처리 중 중복,VALIDATE|AUTHORIZE|SCOPE|DEDUPE|VERSION_CHECK|CLAIM_LEASE|MUTATE|COMMIT|OUTBOX|EXTERNAL_SEND|ACK|RECONCILE|AUDIT|OBSERVE,BEFORE_COMMIT|AFTER_COMMIT|BEFORE_EXTERNAL_SEND|AFTER_EXTERNAL_SEND|RESPONSE_LOST|PROCESS_KILL|LEASE_LOST,완료,미검증,DB-MIGRATION|SAMPLE-EDU|TEST-FAULT,DETAILS_CANONICAL_AND_EXECUTABLE_SCENARIO,CPF-SELF-DEV-001|CPF-SELF-DEV-005|CPF-SELF-DEV-029,CPF_CUSTOMER_MANUAL_EDU_IMPLEMENTATION_REQUIREMENTS.md,cpf-reference functional package + registered concrete consumer + refDB ledger; merged Java25/3DB/runtime evidence pending,1edd96c6dcc69b0b4d6e9e22a0709d910d7cfb04,Overlay compile/self-test and static consumer/DB parity PASS; exact Java25/refDB runtime evidence pending Codex,core,,false,NONE,NONE,refDB
EDU-DEV-08,파일 업로드·검사·첨부·다운로드,cpf-reference,com.cpf.reference.online.file.attachment,cpf-reference/src/main/java/com/cpf/reference/online/file/attachment/EduDev08Handler.java,cpf-reference/src/main/resources/edu/dev/08/scenario-contract.json,cpf-reference/src/test/java/com/cpf/reference/online/file/attachment/EduDev08UnitTest.java,cpf-reference/src/test/java/com/cpf/reference/online/file/attachment/EduDev08IntegrationTest.java,cpf-reference/src/test/java/com/cpf/reference/online/file/attachment/EduDev08FailureTest.java,cpf-reference/src/test/java/com/cpf/reference/online/file/attachment/EduDev08RecoveryTest.java,cpf-reference/src/test/java/com/cpf/reference/online/file/attachment/EduDev08ConcurrencyTest.java,UPLOADING|UPLOADED|SCANNING|AVAILABLE|REJECTED|FAILED|EXPIRED|DELETED,허용하지 않는 확장자|MIME 위조|Chunk 누락|업로드 중단|Hash 불일치|검사 실패/Timeout|Storage 장애|권한 밖 Download|만료 파일,VALIDATE|AUTHORIZE|SCOPE|DEDUPE|VERSION_CHECK|CHECKSUM|MUTATE|COMMIT|AUDIT|OBSERVE,BEFORE_COMMIT|AFTER_COMMIT|RESPONSE_LOST|TIMEOUT|PROCESS_KILL,완료,미검증,REF-FILE|SAMPLE-EDU|TEST-FAULT,DETAILS_CANONICAL_AND_EXECUTABLE_SCENARIO,CPF-SELF-DEV-001|CPF-SELF-DEV-005|CPF-SELF-DEV-013,CPF_CUSTOMER_MANUAL_EDU_IMPLEMENTATION_REQUIREMENTS.md,cpf-reference functional package + registered concrete consumer + refDB ledger; merged Java25/3DB/runtime evidence pending,1edd96c6dcc69b0b4d6e9e22a0709d910d7cfb04,Overlay compile/self-test and static consumer/DB parity PASS; exact Java25/refDB runtime evidence pending Codex,core,,false,NONE,NONE,refDB
EDU-DEV-09,외부 REST 신용조회와 결과 미확정,cpf-reference,com.cpf.reference.online.counterparty.rest,cpf-reference/src/main/java/com/cpf/reference/online/counterparty/rest/EduDev09Handler.java,cpf-reference/src/main/resources/edu/dev/09/scenario-contract.json,cpf-reference/src/test/java/com/cpf/reference/online/counterparty/rest/EduDev09UnitTest.java,cpf-reference/src/test/java/com/cpf/reference/online/counterparty/rest/EduDev09IntegrationTest.java,cpf-reference/src/test/java/com/cpf/reference/online/counterparty/rest/EduDev09FailureTest.java,cpf-reference/src/test/java/com/cpf/reference/online/counterparty/rest/EduDev09RecoveryTest.java,cpf-reference/src/test/java/com/cpf/reference/online/counterparty/rest/EduDev09ConcurrencyTest.java,REQUESTED|SENDING|SENT|SUCCEEDED|FAILED|UNKNOWN_RESULT|RECONCILED,DNS/연결 실패|Connect Timeout|Read Timeout|5xx|429|Malformed JSON|응답 Signature 오류|요청 전송 후 Timeout|상태 조회도 Timeout|상대 중복 응답,VALIDATE|AUTHORIZE|SCOPE|VERSION_CHECK|QUERY_SNAPSHOT|OUTBOX|EXTERNAL_SEND|ACK|RECONCILE|AUDIT|OBSERVE,BEFORE_EXTERNAL_SEND|AFTER_EXTERNAL_SEND|TIMEOUT,완료,미검증,REF-FILE|SAMPLE-EDU|TEST-FAULT,DETAILS_CANONICAL_AND_EXECUTABLE_SCENARIO,CPF-SELF-DEV-001|CPF-SELF-DEV-005|CPF-SELF-DEV-013,CPF_CUSTOMER_MANUAL_EDU_IMPLEMENTATION_REQUIREMENTS.md,cpf-reference functional package + registered concrete consumer + refDB ledger; merged Java25/3DB/runtime evidence pending,1edd96c6dcc69b0b4d6e9e22a0709d910d7cfb04,Overlay compile/self-test and static consumer/DB parity PASS; exact Java25/refDB runtime evidence pending Codex,core,,false,NONE,NONE,refDB
EDU-DEV-10,고정길이 전문 기관 이체,cpf-reference,com.cpf.reference.online.counterparty.fixedwidth,cpf-reference/src/main/java/com/cpf/reference/online/counterparty/fixedwidth/EduDev10Handler.java,cpf-reference/src/main/resources/edu/dev/10/scenario-contract.json,cpf-reference/src/test/java/com/cpf/reference/online/counterparty/fixedwidth/EduDev10UnitTest.java,cpf-reference/src/test/java/com/cpf/reference/online/counterparty/fixedwidth/EduDev10IntegrationTest.java,cpf-reference/src/test/java/com/cpf/reference/online/counterparty/fixedwidth/EduDev10FailureTest.java,cpf-reference/src/test/java/com/cpf/reference/online/counterparty/fixedwidth/EduDev10RecoveryTest.java,cpf-reference/src/test/java/com/cpf/reference/online/counterparty/fixedwidth/EduDev10ConcurrencyTest.java,CREATED|ENCODED|SENT|ACKNOWLEDGED|REJECTED|UNKNOWN_RESULT|RECONCILED,문자 Byte 길이 초과|잘못된 Encoding|전문 길이 부족/초과|Header 거래번호 불일치|응답 Code 미등록|지연 응답|부분 수신|중복 응답,VALIDATE|AUTHORIZE|SCOPE|DEDUPE|VERSION_CHECK|MUTATE|COMMIT|OUTBOX|EXTERNAL_SEND|ACK|RECONCILE|AUDIT|OBSERVE,BEFORE_COMMIT|AFTER_COMMIT|BEFORE_EXTERNAL_SEND|AFTER_EXTERNAL_SEND|RESPONSE_LOST|TIMEOUT|PROCESS_KILL,완료,미검증,REF-UNKNOWN|SAMPLE-EDU|TEST-FAULT,DETAILS_CANONICAL_AND_EXECUTABLE_SCENARIO,CPF-SELF-DEV-001|CPF-SELF-DEV-005|CPF-SELF-DEV-019,CPF_CUSTOMER_MANUAL_EDU_IMPLEMENTATION_REQUIREMENTS.md,cpf-reference functional package + registered concrete consumer + refDB ledger; merged Java25/3DB/runtime evidence pending,1edd96c6dcc69b0b4d6e9e22a0709d910d7cfb04,Overlay compile/self-test and static consumer/DB parity PASS; exact Java25/refDB runtime evidence pending Codex,core,,false,NONE,NONE,refDB
EDU-DEV-11,권한·데이터 범위·개인정보 가림·감사,cpf-reference,com.cpf.reference.online.security.authorization,cpf-reference/src/main/java/com/cpf/reference/online/security/authorization/EduDev11Handler.java,cpf-reference/src/main/resources/edu/dev/11/scenario-contract.json,cpf-reference/src/test/java/com/cpf/reference/online/security/authorization/EduDev11UnitTest.java,cpf-reference/src/test/java/com/cpf/reference/online/security/authorization/EduDev11IntegrationTest.java,cpf-reference/src/test/java/com/cpf/reference/online/security/authorization/EduDev11FailureTest.java,cpf-reference/src/test/java/com/cpf/reference/online/security/authorization/EduDev11RecoveryTest.java,cpf-reference/src/test/java/com/cpf/reference/online/security/authorization/EduDev11ConcurrencyTest.java,MASKED|REVEALED,URL 직접 호출|다른 조직 ID 변조|권한 없음|사유 누락|승인 만료|Audit 저장 실패|Export 우회|Cache에 원문 저장,VALIDATE|AUTHORIZE|SCOPE|DEDUPE|VERSION_CHECK|APPROVAL|MUTATE|COMMIT|AUDIT|OBSERVE,BEFORE_COMMIT|AFTER_COMMIT|RESPONSE_LOST|PROCESS_KILL,완료,미검증,BZA-APPROVAL|SAMPLE-EDU|TEST-FAULT,DETAILS_CANONICAL_AND_EXECUTABLE_SCENARIO,CPF-SELF-DEV-001|CPF-SELF-DEV-005|CPF-SELF-DEV-015,CPF_CUSTOMER_MANUAL_EDU_IMPLEMENTATION_REQUIREMENTS.md,cpf-reference functional package + registered concrete consumer + refDB ledger; merged Java25/3DB/runtime evidence pending,1edd96c6dcc69b0b4d6e9e22a0709d910d7cfb04,Overlay compile/self-test and static consumer/DB parity PASS; exact Java25/refDB runtime evidence pending Codex,core,,false,NONE,NONE,refDB
EDU-DEV-12,Cache·기능 전환·Secret 교체,cpf-reference,com.cpf.reference.online.runtime.featuremanagement,cpf-reference/src/main/java/com/cpf/reference/online/runtime/featuremanagement/EduDev12Handler.java,cpf-reference/src/main/resources/edu/dev/12/scenario-contract.json,cpf-reference/src/test/java/com/cpf/reference/online/runtime/featuremanagement/EduDev12UnitTest.java,cpf-reference/src/test/java/com/cpf/reference/online/runtime/featuremanagement/EduDev12IntegrationTest.java,cpf-reference/src/test/java/com/cpf/reference/online/runtime/featuremanagement/EduDev12FailureTest.java,cpf-reference/src/test/java/com/cpf/reference/online/runtime/featuremanagement/EduDev12RecoveryTest.java,cpf-reference/src/test/java/com/cpf/reference/online/runtime/featuremanagement/EduDev12ConcurrencyTest.java,HIT|MISS|STALE|BYPASS|OFF|ACTIVE|ROTATING|FAILED,Redis 연결 실패|Stale 데이터|직렬화 불일치|Flag Service 장애|잘못된 대상 규칙|Secret 누락|Secret 교체 후 인증 실패|Secret 로그 노출,VALIDATE|AUTHORIZE|SCOPE|DEDUPE|VERSION_CHECK|PROTECT|MUTATE|COMMIT|AUDIT|OBSERVE,BEFORE_COMMIT|AFTER_COMMIT|RESPONSE_LOST|PROCESS_KILL,완료,미검증,SEC-AUTHZ|SAMPLE-EDU|TEST-FAULT,DETAILS_CANONICAL_AND_EXECUTABLE_SCENARIO,CPF-SELF-DEV-001|CPF-SELF-DEV-005|CPF-SELF-DEV-027,CPF_CUSTOMER_MANUAL_EDU_IMPLEMENTATION_REQUIREMENTS.md,cpf-reference functional package + registered concrete consumer + refDB ledger; merged Java25/3DB/runtime evidence pending,1edd96c6dcc69b0b4d6e9e22a0709d910d7cfb04,Overlay compile/self-test and static consumer/DB parity PASS; exact Java25/refDB runtime evidence pending Codex,core,,false,NONE,NONE,refDB
EDU-DEV-13,알림·비동기 내보내기·다운로드 감사,cpf-reference,com.cpf.reference.online.notification.export,cpf-reference/src/main/java/com/cpf/reference/online/notification/export/EduDev13Handler.java,cpf-reference/src/main/resources/edu/dev/13/scenario-contract.json,cpf-reference/src/test/java/com/cpf/reference/online/notification/export/EduDev13UnitTest.java,cpf-reference/src/test/java/com/cpf/reference/online/notification/export/EduDev13IntegrationTest.java,cpf-reference/src/test/java/com/cpf/reference/online/notification/export/EduDev13FailureTest.java,cpf-reference/src/test/java/com/cpf/reference/online/notification/export/EduDev13RecoveryTest.java,cpf-reference/src/test/java/com/cpf/reference/online/notification/export/EduDev13ConcurrencyTest.java,REQUESTED|GENERATING|AVAILABLE|FAILED|EXPIRED|PENDING|SENT,대량 데이터 Memory 초과|생성 중 Process 종료|Storage 실패|알림 실패|만료 Token|권한 없음|동일 요청 중복|부분 파일 노출,VALIDATE|AUTHORIZE|SCOPE|DEDUPE|VERSION_CHECK|PARTITION|CHECKSUM|MUTATE|COMMIT|OUTBOX|EXTERNAL_SEND|ACK|AUDIT|OBSERVE,BEFORE_COMMIT|AFTER_COMMIT|BEFORE_EXTERNAL_SEND|AFTER_EXTERNAL_SEND|RESPONSE_LOST|PARTIAL_TARGET_FAILURE|PROCESS_KILL,완료,미검증,ONBOARD-DOMAIN|SAMPLE-EDU|TEST-FAULT,DETAILS_CANONICAL_AND_EXECUTABLE_SCENARIO,CPF-SELF-DEV-001|CPF-SELF-DEV-005|CPF-SELF-DEV-030,CPF_CUSTOMER_MANUAL_EDU_IMPLEMENTATION_REQUIREMENTS.md,cpf-reference functional package + registered concrete consumer + refDB ledger; merged Java25/3DB/runtime evidence pending,1edd96c6dcc69b0b4d6e9e22a0709d910d7cfb04,Overlay compile/self-test and static consumer/DB parity PASS; exact Java25/refDB runtime evidence pending Codex,core,,false,NONE,NONE,refDB
EDU-DEV-14,Oracle·PostgreSQL·MariaDB 동일 의미 Migration,cpf-reference,com.cpf.reference.online.database.migration,cpf-reference/src/main/java/com/cpf/reference/online/database/migration/EduDev14Handler.java,cpf-reference/src/main/resources/edu/dev/14/scenario-contract.json,cpf-reference/src/test/java/com/cpf/reference/online/database/migration/EduDev14UnitTest.java,cpf-reference/src/test/java/com/cpf/reference/online/database/migration/EduDev14IntegrationTest.java,cpf-reference/src/test/java/com/cpf/reference/online/database/migration/EduDev14FailureTest.java,cpf-reference/src/test/java/com/cpf/reference/online/database/migration/EduDev14RecoveryTest.java,cpf-reference/src/test/java/com/cpf/reference/online/database/migration/EduDev14ConcurrencyTest.java,NOT_APPLIED|APPLYING|APPLIED|VERIFIED|FAILED|ROLLED_BACK,중간 중단|재실행|기존 Null/불량 데이터|Lock Timeout|Index 생성 실패|Rollback 후 App 호환|Vendor 문법 차이,VALIDATE|AUTHORIZE|SCOPE|DEDUPE|VERSION_CHECK|MUTATE|COMMIT|RECONCILE|COMPENSATION_READY|AUDIT|OBSERVE,BEFORE_COMMIT|AFTER_COMMIT|RESPONSE_LOST|TIMEOUT|PROCESS_KILL,완료,미검증,ONBOARD-DOMAIN|SAMPLE-EDU|TEST-FAULT,DETAILS_CANONICAL_AND_EXECUTABLE_SCENARIO,CPF-SELF-DEV-001|CPF-SELF-DEV-005|CPF-SELF-DEV-030,CPF_CUSTOMER_MANUAL_EDU_IMPLEMENTATION_REQUIREMENTS.md,cpf-reference functional package + registered concrete consumer + refDB ledger; merged Java25/3DB/runtime evidence pending,1edd96c6dcc69b0b4d6e9e22a0709d910d7cfb04,Overlay compile/self-test and static consumer/DB parity PASS; exact Java25/refDB runtime evidence pending Codex,core,,false,NONE,NONE,refDB
EDU-DEV-15,지급 업무 장애 주입·복구·운영 인계,cpf-reference,com.cpf.reference.online.resilience.recovery,cpf-reference/src/main/java/com/cpf/reference/online/resilience/recovery/EduDev15Handler.java,cpf-reference/src/main/resources/edu/dev/15/scenario-contract.json,cpf-reference/src/test/java/com/cpf/reference/online/resilience/recovery/EduDev15UnitTest.java,cpf-reference/src/test/java/com/cpf/reference/online/resilience/recovery/EduDev15IntegrationTest.java,cpf-reference/src/test/java/com/cpf/reference/online/resilience/recovery/EduDev15FailureTest.java,cpf-reference/src/test/java/com/cpf/reference/online/resilience/recovery/EduDev15RecoveryTest.java,cpf-reference/src/test/java/com/cpf/reference/online/resilience/recovery/EduDev15ConcurrencyTest.java,RECEIVED|VALIDATED|APPLIED|SUCCEEDED,Process Kill|DB Proxy 차단|Kafka Proxy 차단|외부 지연/Reset|Disk Full 모의|응답 Drop|다중 인스턴스 Lease 상실,VALIDATE|AUTHORIZE|SCOPE|DEDUPE|VERSION_CHECK|CLAIM_LEASE|MUTATE|COMMIT|OUTBOX|EXTERNAL_SEND|ACK|RECONCILE|AUDIT|OBSERVE,BEFORE_COMMIT|AFTER_COMMIT|BEFORE_EXTERNAL_SEND|AFTER_EXTERNAL_SEND|RESPONSE_LOST|TIMEOUT|PROCESS_KILL|LEASE_LOST,완료,미검증,DB-MIGRATION|SAMPLE-EDU|TEST-FAULT,DETAILS_CANONICAL_AND_EXECUTABLE_SCENARIO,CPF-SELF-DEV-001|CPF-SELF-DEV-005|CPF-SELF-DEV-029,CPF_CUSTOMER_MANUAL_EDU_IMPLEMENTATION_REQUIREMENTS.md,cpf-reference functional package + registered concrete consumer + refDB ledger; merged Java25/3DB/runtime evidence pending,1edd96c6dcc69b0b4d6e9e22a0709d910d7cfb04,Overlay compile/self-test and static consumer/DB parity PASS; exact Java25/refDB runtime evidence pending Codex,core,,false,NONE,NONE,refDB
EDU-BAT-01,업무일 마감 Tasklet,cpf-reference,com.cpf.reference.batch.tasklet.close,cpf-reference/src/main/java/com/cpf/reference/batch/tasklet/close/EduBat01Handler.java,cpf-reference/src/main/resources/edu/batch/tasklet/close/01/scenario-contract.json,cpf-reference/src/test/java/com/cpf/reference/batch/tasklet/close/EduBat01UnitTest.java,cpf-reference/src/test/java/com/cpf/reference/batch/tasklet/close/EduBat01IntegrationTest.java,cpf-reference/src/test/java/com/cpf/reference/batch/tasklet/close/EduBat01FailureTest.java,cpf-reference/src/test/java/com/cpf/reference/batch/tasklet/close/EduBat01RecoveryTest.java,cpf-reference/src/test/java/com/cpf/reference/batch/tasklet/close/EduBat01ConcurrencyTest.java,READY|RUNNING|COMPLETED|FAILED,중복 Trigger|DB 실패|Commit 후 응답 유실,VALIDATE|AUTHORIZE|SCOPE|DEDUPE|VERSION_CHECK|PREVIEW|CLAIM_LEASE|MUTATE|COMMIT|CHECKPOINT|RECONCILE|AUDIT|OBSERVE,BEFORE_COMMIT|AFTER_COMMIT|RESPONSE_LOST|PROCESS_KILL|LEASE_LOST,완료,미검증,DB-MIGRATION|SAMPLE-EDU|TEST-FAULT,DETAILS_CANONICAL_AND_EXECUTABLE_SCENARIO,CPF-SELF-DEV-001|CPF-SELF-DEV-005|CPF-SELF-DEV-029,CPF_CUSTOMER_MANUAL_EDU_IMPLEMENTATION_REQUIREMENTS.md,cpf-reference functional package + registered concrete consumer + refDB ledger; merged Java25/3DB/runtime evidence pending,1edd96c6dcc69b0b4d6e9e22a0709d910d7cfb04,Overlay compile/self-test and static consumer/DB parity PASS; exact Java25/refDB runtime evidence pending Codex,batch,cpf.reference.features.batch.enabled,true,NONE,NONE,refDB
EDU-BAT-02,"회원 등급 10,000건 Chunk",cpf-reference,com.cpf.reference.batch.chunk.membergrade,cpf-reference/src/main/java/com/cpf/reference/batch/chunk/membergrade/EduBat02Handler.java,cpf-reference/src/main/resources/edu/batch/chunk/membergrade/02/scenario-contract.json,cpf-reference/src/test/java/com/cpf/reference/batch/chunk/membergrade/EduBat02UnitTest.java,cpf-reference/src/test/java/com/cpf/reference/batch/chunk/membergrade/EduBat02IntegrationTest.java,cpf-reference/src/test/java/com/cpf/reference/batch/chunk/membergrade/EduBat02FailureTest.java,cpf-reference/src/test/java/com/cpf/reference/batch/chunk/membergrade/EduBat02RecoveryTest.java,cpf-reference/src/test/java/com/cpf/reference/batch/chunk/membergrade/EduBat02ConcurrencyTest.java,STARTING|STARTED|COMPLETED|FAILED|STOPPED,중간 Process 종료|Skip|Retry|Writer 실패,VALIDATE|AUTHORIZE|SCOPE|DEDUPE|VERSION_CHECK|PREVIEW|CLAIM_LEASE|PARTITION|MUTATE|COMMIT|CHECKPOINT|RECONCILE|AUDIT|OBSERVE,BEFORE_COMMIT|AFTER_COMMIT|RESPONSE_LOST|PARTIAL_TARGET_FAILURE|PROCESS_KILL|LEASE_LOST,완료,미검증,BAT-CORE|SAMPLE-EDU|TEST-FAULT,DETAILS_CANONICAL_AND_EXECUTABLE_SCENARIO,CPF-SELF-DEV-001|CPF-SELF-DEV-005|CPF-SELF-DEV-009,CPF_CUSTOMER_MANUAL_EDU_IMPLEMENTATION_REQUIREMENTS.md,cpf-reference functional package + registered concrete consumer + refDB ledger; merged Java25/3DB/runtime evidence pending,1edd96c6dcc69b0b4d6e9e22a0709d910d7cfb04,Overlay compile/self-test and static consumer/DB parity PASS; exact Java25/refDB runtime evidence pending Codex,batch,cpf.reference.features.batch.enabled,true,NONE,NONE,refDB
EDU-BAT-03,CSV 입출력 배치,cpf-reference,com.cpf.reference.batch.file.csv,cpf-reference/src/main/java/com/cpf/reference/batch/file/csv/EduBat03Handler.java,cpf-reference/src/main/resources/edu/batch/file/csv/03/scenario-contract.json,cpf-reference/src/test/java/com/cpf/reference/batch/file/csv/EduBat03UnitTest.java,cpf-reference/src/test/java/com/cpf/reference/batch/file/csv/EduBat03IntegrationTest.java,cpf-reference/src/test/java/com/cpf/reference/batch/file/csv/EduBat03FailureTest.java,cpf-reference/src/test/java/com/cpf/reference/batch/file/csv/EduBat03RecoveryTest.java,cpf-reference/src/test/java/com/cpf/reference/batch/file/csv/EduBat03ConcurrencyTest.java,RECEIVED|VALIDATED|PROCESSING|COMPLETED|REJECTED,Header 오류|Trailer 합계 불일치|Encoding 오류|중단,VALIDATE|AUTHORIZE|SCOPE|DEDUPE|VERSION_CHECK|PREVIEW|CLAIM_LEASE|CHECKSUM|MUTATE|COMMIT|CHECKPOINT|RECONCILE|AUDIT|OBSERVE,BEFORE_COMMIT|AFTER_COMMIT|RESPONSE_LOST|PROCESS_KILL|LEASE_LOST,완료,미검증,REF-FILE|SAMPLE-EDU|TEST-FAULT,DETAILS_CANONICAL_AND_EXECUTABLE_SCENARIO,CPF-SELF-DEV-001|CPF-SELF-DEV-005|CPF-SELF-DEV-013,CPF_CUSTOMER_MANUAL_EDU_IMPLEMENTATION_REQUIREMENTS.md,cpf-reference functional package + registered concrete consumer + refDB ledger; merged Java25/3DB/runtime evidence pending,1edd96c6dcc69b0b4d6e9e22a0709d910d7cfb04,Overlay compile/self-test and static consumer/DB parity PASS; exact Java25/refDB runtime evidence pending Codex,batch,cpf.reference.features.batch.enabled,true,NONE,NONE,refDB
EDU-BAT-04,8개 범위 Partition,cpf-reference,com.cpf.reference.batch.partition.range,cpf-reference/src/main/java/com/cpf/reference/batch/partition/range/EduBat04Handler.java,cpf-reference/src/main/resources/edu/batch/partition/range/04/scenario-contract.json,cpf-reference/src/test/java/com/cpf/reference/batch/partition/range/EduBat04UnitTest.java,cpf-reference/src/test/java/com/cpf/reference/batch/partition/range/EduBat04IntegrationTest.java,cpf-reference/src/test/java/com/cpf/reference/batch/partition/range/EduBat04FailureTest.java,cpf-reference/src/test/java/com/cpf/reference/batch/partition/range/EduBat04RecoveryTest.java,cpf-reference/src/test/java/com/cpf/reference/batch/partition/range/EduBat04ConcurrencyTest.java,PLANNED|CLAIMED|RUNNING|COMPLETED,범위 중첩|누락|Partition 재할당|Worker 종료,VALIDATE|AUTHORIZE|SCOPE|DEDUPE|VERSION_CHECK|PREVIEW|CLAIM_LEASE|PARTITION|MUTATE|COMMIT|CHECKPOINT|RECONCILE|AUDIT|OBSERVE,BEFORE_COMMIT|AFTER_COMMIT|RESPONSE_LOST|PARTIAL_TARGET_FAILURE|PROCESS_KILL|LEASE_LOST,완료,미검증,BAT-CORE|SAMPLE-EDU|TEST-FAULT,DETAILS_CANONICAL_AND_EXECUTABLE_SCENARIO,CPF-SELF-DEV-001|CPF-SELF-DEV-005|CPF-SELF-DEV-009,CPF_CUSTOMER_MANUAL_EDU_IMPLEMENTATION_REQUIREMENTS.md,cpf-reference functional package + registered concrete consumer + refDB ledger; merged Java25/3DB/runtime evidence pending,1edd96c6dcc69b0b4d6e9e22a0709d910d7cfb04,Overlay compile/self-test and static consumer/DB parity PASS; exact Java25/refDB runtime evidence pending Codex,batch,cpf.reference.features.batch.enabled,true,NONE,NONE,refDB
EDU-BAT-05,Manager·Worker·Lease·Fencing,cpf-reference,com.cpf.reference.batch.remote.worker,cpf-reference/src/main/java/com/cpf/reference/batch/remote/worker/EduBat05Handler.java,cpf-reference/src/main/resources/edu/batch/remote/worker/05/scenario-contract.json,cpf-reference/src/test/java/com/cpf/reference/batch/remote/worker/EduBat05UnitTest.java,cpf-reference/src/test/java/com/cpf/reference/batch/remote/worker/EduBat05IntegrationTest.java,cpf-reference/src/test/java/com/cpf/reference/batch/remote/worker/EduBat05FailureTest.java,cpf-reference/src/test/java/com/cpf/reference/batch/remote/worker/EduBat05RecoveryTest.java,cpf-reference/src/test/java/com/cpf/reference/batch/remote/worker/EduBat05ConcurrencyTest.java,AVAILABLE|CLAIMED|RUNNING|COMPLETED|EXPIRED,Heartbeat 중단|Lease 상실|늦은 결과|Kafka 중복,VALIDATE|AUTHORIZE|SCOPE|DEDUPE|VERSION_CHECK|PREVIEW|CLAIM_LEASE|MUTATE|COMMIT|CHECKPOINT|OUTBOX|EXTERNAL_SEND|ACK|RECONCILE|AUDIT|OBSERVE,BEFORE_COMMIT|AFTER_COMMIT|BEFORE_EXTERNAL_SEND|AFTER_EXTERNAL_SEND|RESPONSE_LOST|PROCESS_KILL|LEASE_LOST,완료,미검증,EVENT-OUTBOX|SAMPLE-EDU|TEST-FAULT,DETAILS_CANONICAL_AND_EXECUTABLE_SCENARIO,CPF-SELF-DEV-001|CPF-SELF-DEV-005|CPF-SELF-DEV-013,CPF_CUSTOMER_MANUAL_EDU_IMPLEMENTATION_REQUIREMENTS.md,cpf-reference functional package + registered concrete consumer + refDB ledger; merged Java25/3DB/runtime evidence pending,1edd96c6dcc69b0b4d6e9e22a0709d910d7cfb04,Overlay compile/self-test and static consumer/DB parity PASS; exact Java25/refDB runtime evidence pending Codex,batch,cpf.reference.features.batch.enabled,true,NONE,NONE,refDB
EDU-BAT-06,센터컷 Preview·승인·실행,cpf-reference,com.cpf.reference.batch.centercut.approval,cpf-reference/src/main/java/com/cpf/reference/batch/centercut/approval/EduBat06Handler.java,cpf-reference/src/main/resources/edu/batch/centercut/approval/06/scenario-contract.json,cpf-reference/src/test/java/com/cpf/reference/batch/centercut/approval/EduBat06UnitTest.java,cpf-reference/src/test/java/com/cpf/reference/batch/centercut/approval/EduBat06IntegrationTest.java,cpf-reference/src/test/java/com/cpf/reference/batch/centercut/approval/EduBat06FailureTest.java,cpf-reference/src/test/java/com/cpf/reference/batch/centercut/approval/EduBat06RecoveryTest.java,cpf-reference/src/test/java/com/cpf/reference/batch/centercut/approval/EduBat06ConcurrencyTest.java,DRAFT|PREVIEWED|APPROVED|RUNNING|RECONCILED,승인 후 대상 변경|Checksum 불일치|일부 실패,VALIDATE|AUTHORIZE|SCOPE|DEDUPE|VERSION_CHECK|PREVIEW|APPROVAL|CLAIM_LEASE|CHECKSUM|MUTATE|COMMIT|CHECKPOINT|RECONCILE|AUDIT|OBSERVE,BEFORE_COMMIT|AFTER_COMMIT|RESPONSE_LOST|PARTIAL_TARGET_FAILURE|PROCESS_KILL|LEASE_LOST,완료,미검증,REF-FILE|SAMPLE-EDU|TEST-FAULT,DETAILS_CANONICAL_AND_EXECUTABLE_SCENARIO,CPF-SELF-DEV-001|CPF-SELF-DEV-005|CPF-SELF-DEV-013,CPF_CUSTOMER_MANUAL_EDU_IMPLEMENTATION_REQUIREMENTS.md,cpf-reference functional package + registered concrete consumer + refDB ledger; merged Java25/3DB/runtime evidence pending,1edd96c6dcc69b0b4d6e9e22a0709d910d7cfb04,Overlay compile/self-test and static consumer/DB parity PASS; exact Java25/refDB runtime evidence pending Codex,batch,cpf.reference.features.batch.enabled,true,NONE,NONE,refDB
EDU-BAT-07,영업일 23시 Scheduler,cpf-reference,com.cpf.reference.batch.scheduler.businessday,cpf-reference/src/main/java/com/cpf/reference/batch/scheduler/businessday/EduBat07Handler.java,cpf-reference/src/main/resources/edu/batch/scheduler/businessday/07/scenario-contract.json,cpf-reference/src/test/java/com/cpf/reference/batch/scheduler/businessday/EduBat07UnitTest.java,cpf-reference/src/test/java/com/cpf/reference/batch/scheduler/businessday/EduBat07IntegrationTest.java,cpf-reference/src/test/java/com/cpf/reference/batch/scheduler/businessday/EduBat07FailureTest.java,cpf-reference/src/test/java/com/cpf/reference/batch/scheduler/businessday/EduBat07RecoveryTest.java,cpf-reference/src/test/java/com/cpf/reference/batch/scheduler/businessday/EduBat07ConcurrencyTest.java,SCHEDULED|TRIGGERED|COMPLETED|MISFIRED,이중 Trigger|Clock 차이|휴일 Override|Misfire,VALIDATE|AUTHORIZE|SCOPE|DEDUPE|VERSION_CHECK|PREVIEW|CLAIM_LEASE|MUTATE|COMMIT|CHECKPOINT|RECONCILE|AUDIT|OBSERVE,BEFORE_COMMIT|AFTER_COMMIT|RESPONSE_LOST|PROCESS_KILL|LEASE_LOST,완료,미검증,BAT-CORE|SAMPLE-EDU|TEST-FAULT,DETAILS_CANONICAL_AND_EXECUTABLE_SCENARIO,CPF-SELF-DEV-001|CPF-SELF-DEV-005|CPF-SELF-DEV-009,CPF_CUSTOMER_MANUAL_EDU_IMPLEMENTATION_REQUIREMENTS.md,cpf-reference functional package + registered concrete consumer + refDB ledger; merged Java25/3DB/runtime evidence pending,1edd96c6dcc69b0b4d6e9e22a0709d910d7cfb04,Overlay compile/self-test and static consumer/DB parity PASS; exact Java25/refDB runtime evidence pending Codex,batch,cpf.reference.features.batch.enabled,true,NONE,NONE,refDB
EDU-BAT-08,Job Pack Version·Artifact 배포,cpf-reference,com.cpf.reference.batch.jobpack.version,cpf-reference/src/main/java/com/cpf/reference/batch/jobpack/version/EduBat08Handler.java,cpf-reference/src/main/resources/edu/batch/jobpack/version/08/scenario-contract.json,cpf-reference/src/test/java/com/cpf/reference/batch/jobpack/version/EduBat08UnitTest.java,cpf-reference/src/test/java/com/cpf/reference/batch/jobpack/version/EduBat08IntegrationTest.java,cpf-reference/src/test/java/com/cpf/reference/batch/jobpack/version/EduBat08FailureTest.java,cpf-reference/src/test/java/com/cpf/reference/batch/jobpack/version/EduBat08RecoveryTest.java,cpf-reference/src/test/java/com/cpf/reference/batch/jobpack/version/EduBat08ConcurrencyTest.java,BUILT|VALIDATED|APPROVED|DEPLOYED|PARTIAL,Checksum 불일치|일부 Agent NACK|이전 Version 실행,VALIDATE|AUTHORIZE|SCOPE|DEDUPE|VERSION_CHECK|PREVIEW|CLAIM_LEASE|CHECKSUM|MUTATE|COMMIT|CHECKPOINT|OUTBOX|EXTERNAL_SEND|ACK|RECONCILE|AUDIT|OBSERVE,BEFORE_COMMIT|AFTER_COMMIT|BEFORE_EXTERNAL_SEND|AFTER_EXTERNAL_SEND|RESPONSE_LOST|PARTIAL_TARGET_FAILURE|PROCESS_KILL|LEASE_LOST,완료,미검증,REF-FILE|SAMPLE-EDU|TEST-FAULT,DETAILS_CANONICAL_AND_EXECUTABLE_SCENARIO,CPF-SELF-DEV-001|CPF-SELF-DEV-005|CPF-SELF-DEV-013,CPF_CUSTOMER_MANUAL_EDU_IMPLEMENTATION_REQUIREMENTS.md,cpf-reference functional package + registered concrete consumer + refDB ledger; merged Java25/3DB/runtime evidence pending,1edd96c6dcc69b0b4d6e9e22a0709d910d7cfb04,Overlay compile/self-test and static consumer/DB parity PASS; exact Java25/refDB runtime evidence pending Codex,batch,cpf.reference.features.batch.enabled,true,NONE,NONE,refDB
EDU-BAT-09,중지·재시작·실패건 재처리,cpf-reference,com.cpf.reference.batch.recovery.restart,cpf-reference/src/main/java/com/cpf/reference/batch/recovery/restart/EduBat09Handler.java,cpf-reference/src/main/resources/edu/batch/recovery/restart/09/scenario-contract.json,cpf-reference/src/test/java/com/cpf/reference/batch/recovery/restart/EduBat09UnitTest.java,cpf-reference/src/test/java/com/cpf/reference/batch/recovery/restart/EduBat09IntegrationTest.java,cpf-reference/src/test/java/com/cpf/reference/batch/recovery/restart/EduBat09FailureTest.java,cpf-reference/src/test/java/com/cpf/reference/batch/recovery/restart/EduBat09RecoveryTest.java,cpf-reference/src/test/java/com/cpf/reference/batch/recovery/restart/EduBat09ConcurrencyTest.java,RUNNING|STOPPING|STOPPED|RESTARTING|COMPLETED,Stop Timeout|Abandon 오용|완료 구간 재처리,VALIDATE|AUTHORIZE|SCOPE|DEDUPE|VERSION_CHECK|PREVIEW|CLAIM_LEASE|MUTATE|COMMIT|CHECKPOINT|OUTBOX|EXTERNAL_SEND|ACK|RECONCILE|AUDIT|OBSERVE,BEFORE_COMMIT|AFTER_COMMIT|BEFORE_EXTERNAL_SEND|AFTER_EXTERNAL_SEND|RESPONSE_LOST|TIMEOUT|PROCESS_KILL|LEASE_LOST,완료,미검증,REF-UNKNOWN|SAMPLE-EDU|TEST-FAULT,DETAILS_CANONICAL_AND_EXECUTABLE_SCENARIO,CPF-SELF-DEV-001|CPF-SELF-DEV-005|CPF-SELF-DEV-019,CPF_CUSTOMER_MANUAL_EDU_IMPLEMENTATION_REQUIREMENTS.md,cpf-reference functional package + registered concrete consumer + refDB ledger; merged Java25/3DB/runtime evidence pending,1edd96c6dcc69b0b4d6e9e22a0709d910d7cfb04,Overlay compile/self-test and static consumer/DB parity PASS; exact Java25/refDB runtime evidence pending Codex,batch,cpf.reference.features.batch.enabled,true,NONE,NONE,refDB
EDU-BAT-10,실행 요청 응답 유실·결과 대사,cpf-reference,com.cpf.reference.batch.reconcile.requestloss,cpf-reference/src/main/java/com/cpf/reference/batch/reconcile/requestloss/EduBat10Handler.java,cpf-reference/src/main/resources/edu/batch/reconcile/requestloss/10/scenario-contract.json,cpf-reference/src/test/java/com/cpf/reference/batch/reconcile/requestloss/EduBat10UnitTest.java,cpf-reference/src/test/java/com/cpf/reference/batch/reconcile/requestloss/EduBat10IntegrationTest.java,cpf-reference/src/test/java/com/cpf/reference/batch/reconcile/requestloss/EduBat10FailureTest.java,cpf-reference/src/test/java/com/cpf/reference/batch/reconcile/requestloss/EduBat10RecoveryTest.java,cpf-reference/src/test/java/com/cpf/reference/batch/reconcile/requestloss/EduBat10ConcurrencyTest.java,REQUESTED|UNKNOWN_RESULT|RECONCILED,요청 수신 전/후 Drop|중복 시작|Metadata 지연,VALIDATE|AUTHORIZE|SCOPE|DEDUPE|VERSION_CHECK|PREVIEW|CLAIM_LEASE|MUTATE|COMMIT|CHECKPOINT|RECONCILE|AUDIT|OBSERVE,BEFORE_COMMIT|AFTER_COMMIT|RESPONSE_LOST|TIMEOUT|PROCESS_KILL|LEASE_LOST,완료,미검증,REF-RECON|SAMPLE-EDU|TEST-FAULT,DETAILS_CANONICAL_AND_EXECUTABLE_SCENARIO,CPF-SELF-DEV-001|CPF-SELF-DEV-005|CPF-SELF-DEV-013,CPF_CUSTOMER_MANUAL_EDU_IMPLEMENTATION_REQUIREMENTS.md,cpf-reference functional package + registered concrete consumer + refDB ledger; merged Java25/3DB/runtime evidence pending,1edd96c6dcc69b0b4d6e9e22a0709d910d7cfb04,Overlay compile/self-test and static consumer/DB parity PASS; exact Java25/refDB runtime evidence pending Codex,batch,cpf.reference.features.batch.enabled,true,NONE,NONE,refDB
EDU-ADM-01,기존 ADM 기능 재사용 판단,cpf-reference,com.cpf.reference.optional.operations.reuse,cpf-reference/src/main/java/com/cpf/reference/optional/operations/reuse/EduAdm01Handler.java,cpf-reference/src/main/resources/edu/optional/operations/reuse/01/scenario-contract.json,cpf-reference/src/test/java/com/cpf/reference/optional/operations/reuse/EduAdm01UnitTest.java,cpf-reference/src/test/java/com/cpf/reference/optional/operations/reuse/EduAdm01IntegrationTest.java,cpf-reference/src/test/java/com/cpf/reference/optional/operations/reuse/EduAdm01FailureTest.java,cpf-reference/src/test/java/com/cpf/reference/optional/operations/reuse/EduAdm01RecoveryTest.java,cpf-reference/src/test/java/com/cpf/reference/optional/operations/reuse/EduAdm01ConcurrencyTest.java,REQUESTED|ACCEPTED|RUNNING|SUCCEEDED|FAILED|UNKNOWN_RESULT|RECONCILED,기존 메뉴로 필요한 질문에 답하지 못함|중복 메뉴 생성|고객 업무 DB 직접 연결,VALIDATE|AUTHORIZE|SCOPE|DEDUPE|VERSION_CHECK|MUTATE|COMMIT|RECONCILE|AUDIT|OBSERVE,BEFORE_COMMIT|AFTER_COMMIT|RESPONSE_LOST|PROCESS_KILL,완료,미검증,ONBOARD-DOMAIN|SAMPLE-EDU|TEST-FAULT,DETAILS_CANONICAL_AND_EXECUTABLE_SCENARIO,CPF-SELF-DEV-001|CPF-SELF-DEV-005|CPF-SELF-DEV-030,CPF_CUSTOMER_MANUAL_EDU_IMPLEMENTATION_REQUIREMENTS.md,cpf-reference functional package + registered concrete consumer + refDB ledger; merged Java25/3DB/runtime evidence pending,1edd96c6dcc69b0b4d6e9e22a0709d910d7cfb04,Overlay compile/self-test and static consumer/DB parity PASS; exact Java25/refDB runtime evidence pending Codex,operations,cpf.reference.features.operations.enabled,true,NONE,NONE,refDB
EDU-ADM-02,고객 업무 조회 연동,cpf-reference,com.cpf.reference.optional.operations.query,cpf-reference/src/main/java/com/cpf/reference/optional/operations/query/EduAdm02Handler.java,cpf-reference/src/main/resources/edu/optional/operations/query/02/scenario-contract.json,cpf-reference/src/test/java/com/cpf/reference/optional/operations/query/EduAdm02UnitTest.java,cpf-reference/src/test/java/com/cpf/reference/optional/operations/query/EduAdm02IntegrationTest.java,cpf-reference/src/test/java/com/cpf/reference/optional/operations/query/EduAdm02FailureTest.java,cpf-reference/src/test/java/com/cpf/reference/optional/operations/query/EduAdm02RecoveryTest.java,cpf-reference/src/test/java/com/cpf/reference/optional/operations/query/EduAdm02ConcurrencyTest.java,REQUESTED|ACCEPTED|RUNNING|SUCCEEDED|FAILED|UNKNOWN_RESULT|RECONCILED,조회 Timeout|권한 밖 조직|부분 데이터|Stale Version,VALIDATE|AUTHORIZE|SCOPE|VERSION_CHECK|QUERY_SNAPSHOT|RECONCILE|AUDIT|OBSERVE,TIMEOUT,완료,미검증,GWY-ROUTING|SAMPLE-EDU|TEST-FAULT,DETAILS_CANONICAL_AND_EXECUTABLE_SCENARIO,CPF-SELF-DEV-001|CPF-SELF-DEV-005|CPF-SELF-DEV-008,CPF_CUSTOMER_MANUAL_EDU_IMPLEMENTATION_REQUIREMENTS.md,cpf-reference functional package + registered concrete consumer + refDB ledger; merged Java25/3DB/runtime evidence pending,1edd96c6dcc69b0b4d6e9e22a0709d910d7cfb04,Overlay compile/self-test and static consumer/DB parity PASS; exact Java25/refDB runtime evidence pending Codex,operations,cpf.reference.features.operations.enabled,true,NONE,NONE,refDB
EDU-ADM-03,안전한 운영 조치,cpf-reference,com.cpf.reference.optional.operations.command,cpf-reference/src/main/java/com/cpf/reference/optional/operations/command/EduAdm03Handler.java,cpf-reference/src/main/resources/edu/optional/operations/command/03/scenario-contract.json,cpf-reference/src/test/java/com/cpf/reference/optional/operations/command/EduAdm03UnitTest.java,cpf-reference/src/test/java/com/cpf/reference/optional/operations/command/EduAdm03IntegrationTest.java,cpf-reference/src/test/java/com/cpf/reference/optional/operations/command/EduAdm03FailureTest.java,cpf-reference/src/test/java/com/cpf/reference/optional/operations/command/EduAdm03RecoveryTest.java,cpf-reference/src/test/java/com/cpf/reference/optional/operations/command/EduAdm03ConcurrencyTest.java,REQUESTED|ACCEPTED|RUNNING|SUCCEEDED|FAILED|UNKNOWN_RESULT|RECONCILED,사유 누락|Version 충돌|허용 상태 아님|응답 유실,VALIDATE|AUTHORIZE|SCOPE|DEDUPE|VERSION_CHECK|MUTATE|COMMIT|RECONCILE|AUDIT|OBSERVE,BEFORE_COMMIT|AFTER_COMMIT|RESPONSE_LOST|PROCESS_KILL,완료,미검증,CPF-LOCK|SAMPLE-EDU|TEST-FAULT,DETAILS_CANONICAL_AND_EXECUTABLE_SCENARIO,CPF-SELF-DEV-001|CPF-SELF-DEV-005|CPF-SELF-DEV-005,CPF_CUSTOMER_MANUAL_EDU_IMPLEMENTATION_REQUIREMENTS.md,cpf-reference functional package + registered concrete consumer + refDB ledger; merged Java25/3DB/runtime evidence pending,1edd96c6dcc69b0b4d6e9e22a0709d910d7cfb04,Overlay compile/self-test and static consumer/DB parity PASS; exact Java25/refDB runtime evidence pending Codex,operations,cpf.reference.features.operations.enabled,true,NONE,NONE,refDB
EDU-ADM-04,승인 필요한 위험 조치,cpf-reference,com.cpf.reference.optional.operations.approval,cpf-reference/src/main/java/com/cpf/reference/optional/operations/approval/EduAdm04Handler.java,cpf-reference/src/main/resources/edu/optional/operations/approval/04/scenario-contract.json,cpf-reference/src/test/java/com/cpf/reference/optional/operations/approval/EduAdm04UnitTest.java,cpf-reference/src/test/java/com/cpf/reference/optional/operations/approval/EduAdm04IntegrationTest.java,cpf-reference/src/test/java/com/cpf/reference/optional/operations/approval/EduAdm04FailureTest.java,cpf-reference/src/test/java/com/cpf/reference/optional/operations/approval/EduAdm04RecoveryTest.java,cpf-reference/src/test/java/com/cpf/reference/optional/operations/approval/EduAdm04ConcurrencyTest.java,REQUESTED|ACCEPTED|RUNNING|SUCCEEDED|FAILED|UNKNOWN_RESULT|RECONCILED,자기 승인|승인 만료|승인 범위 초과|대상 변경,VALIDATE|AUTHORIZE|SCOPE|DEDUPE|VERSION_CHECK|PREVIEW|APPROVAL|MUTATE|COMMIT|RECONCILE|AUDIT|OBSERVE,BEFORE_COMMIT|AFTER_COMMIT|RESPONSE_LOST|PROCESS_KILL,완료,미검증,BZA-APPROVAL|SAMPLE-EDU|TEST-FAULT,DETAILS_CANONICAL_AND_EXECUTABLE_SCENARIO,CPF-SELF-DEV-001|CPF-SELF-DEV-005|CPF-SELF-DEV-015,CPF_CUSTOMER_MANUAL_EDU_IMPLEMENTATION_REQUIREMENTS.md,cpf-reference functional package + registered concrete consumer + refDB ledger; merged Java25/3DB/runtime evidence pending,1edd96c6dcc69b0b4d6e9e22a0709d910d7cfb04,Overlay compile/self-test and static consumer/DB parity PASS; exact Java25/refDB runtime evidence pending Codex,operations,cpf.reference.features.operations.enabled,true,NONE,NONE,refDB
EDU-ADM-05,비동기 작업·응답 유실,cpf-reference,com.cpf.reference.optional.operations.asyncoperation,cpf-reference/src/main/java/com/cpf/reference/optional/operations/asyncoperation/EduAdm05Handler.java,cpf-reference/src/main/resources/edu/optional/operations/asyncoperation/05/scenario-contract.json,cpf-reference/src/test/java/com/cpf/reference/optional/operations/asyncoperation/EduAdm05UnitTest.java,cpf-reference/src/test/java/com/cpf/reference/optional/operations/asyncoperation/EduAdm05IntegrationTest.java,cpf-reference/src/test/java/com/cpf/reference/optional/operations/asyncoperation/EduAdm05FailureTest.java,cpf-reference/src/test/java/com/cpf/reference/optional/operations/asyncoperation/EduAdm05RecoveryTest.java,cpf-reference/src/test/java/com/cpf/reference/optional/operations/asyncoperation/EduAdm05ConcurrencyTest.java,REQUESTED|ACCEPTED|RUNNING|SUCCEEDED|FAILED|UNKNOWN_RESULT|RECONCILED,접수 응답 유실|Polling 실패|중복 Operation|UNKNOWN_RESULT,VALIDATE|AUTHORIZE|SCOPE|DEDUPE|VERSION_CHECK|MUTATE|COMMIT|RECONCILE|COMPENSATION_READY|AUDIT|OBSERVE,BEFORE_COMMIT|AFTER_COMMIT|RESPONSE_LOST|PROCESS_KILL,완료,미검증,REF-RECON|SAMPLE-EDU|TEST-FAULT,DETAILS_CANONICAL_AND_EXECUTABLE_SCENARIO,CPF-SELF-DEV-001|CPF-SELF-DEV-005|CPF-SELF-DEV-013,CPF_CUSTOMER_MANUAL_EDU_IMPLEMENTATION_REQUIREMENTS.md,cpf-reference functional package + registered concrete consumer + refDB ledger; merged Java25/3DB/runtime evidence pending,1edd96c6dcc69b0b4d6e9e22a0709d910d7cfb04,Overlay compile/self-test and static consumer/DB parity PASS; exact Java25/refDB runtime evidence pending Codex,operations,cpf.reference.features.operations.enabled,true,NONE,NONE,refDB
EDU-ADM-06,부분 성공·대상별 복구,cpf-reference,com.cpf.reference.optional.operations.partialrecovery,cpf-reference/src/main/java/com/cpf/reference/optional/operations/partialrecovery/EduAdm06Handler.java,cpf-reference/src/main/resources/edu/optional/operations/partialrecovery/06/scenario-contract.json,cpf-reference/src/test/java/com/cpf/reference/optional/operations/partialrecovery/EduAdm06UnitTest.java,cpf-reference/src/test/java/com/cpf/reference/optional/operations/partialrecovery/EduAdm06IntegrationTest.java,cpf-reference/src/test/java/com/cpf/reference/optional/operations/partialrecovery/EduAdm06FailureTest.java,cpf-reference/src/test/java/com/cpf/reference/optional/operations/partialrecovery/EduAdm06RecoveryTest.java,cpf-reference/src/test/java/com/cpf/reference/optional/operations/partialrecovery/EduAdm06ConcurrencyTest.java,REQUESTED|ACCEPTED|RUNNING|SUCCEEDED|FAILED|UNKNOWN_RESULT|RECONCILED,일부 대상 Timeout|늦은 성공|Rollback 일부 실패|전체 성공으로 오판,VALIDATE|AUTHORIZE|SCOPE|DEDUPE|VERSION_CHECK|MUTATE|COMMIT|RECONCILE|COMPENSATION_READY|AUDIT|OBSERVE,BEFORE_COMMIT|AFTER_COMMIT|RESPONSE_LOST|PARTIAL_TARGET_FAILURE|TIMEOUT|PROCESS_KILL,완료,미검증,DB-MIGRATION|SAMPLE-EDU|TEST-FAULT,DETAILS_CANONICAL_AND_EXECUTABLE_SCENARIO,CPF-SELF-DEV-001|CPF-SELF-DEV-005|CPF-SELF-DEV-029,CPF_CUSTOMER_MANUAL_EDU_IMPLEMENTATION_REQUIREMENTS.md,cpf-reference functional package + registered concrete consumer + refDB ledger; merged Java25/3DB/runtime evidence pending,1edd96c6dcc69b0b4d6e9e22a0709d910d7cfb04,Overlay compile/self-test and static consumer/DB parity PASS; exact Java25/refDB runtime evidence pending Codex,operations,cpf.reference.features.operations.enabled,true,NONE,NONE,refDB
EDU-ADM-07,고객 전용 화면 추가의 마지막 선택,cpf-reference,com.cpf.reference.optional.operations.customscreen,cpf-reference/src/main/java/com/cpf/reference/optional/operations/customscreen/EduAdm07Handler.java,cpf-reference/src/main/resources/edu/optional/operations/customscreen/07/scenario-contract.json,cpf-reference/src/test/java/com/cpf/reference/optional/operations/customscreen/EduAdm07UnitTest.java,cpf-reference/src/test/java/com/cpf/reference/optional/operations/customscreen/EduAdm07IntegrationTest.java,cpf-reference/src/test/java/com/cpf/reference/optional/operations/customscreen/EduAdm07FailureTest.java,cpf-reference/src/test/java/com/cpf/reference/optional/operations/customscreen/EduAdm07RecoveryTest.java,cpf-reference/src/test/java/com/cpf/reference/optional/operations/customscreen/EduAdm07ConcurrencyTest.java,REQUESTED|ACCEPTED|RUNNING|SUCCEEDED|FAILED|UNKNOWN_RESULT|RECONCILED,기존 기능 중복|직접 DB 수정|권한 누락|Frontend/Backend 계약 불일치,VALIDATE|AUTHORIZE|SCOPE|DEDUPE|VERSION_CHECK|MUTATE|COMMIT|OUTBOX|EXTERNAL_SEND|ACK|RECONCILE|AUDIT|OBSERVE,BEFORE_COMMIT|AFTER_COMMIT|BEFORE_EXTERNAL_SEND|AFTER_EXTERNAL_SEND|RESPONSE_LOST|PROCESS_KILL,완료,미검증,DB-MIGRATION|SAMPLE-EDU|TEST-FAULT,DETAILS_CANONICAL_AND_EXECUTABLE_SCENARIO,CPF-SELF-DEV-001|CPF-SELF-DEV-005|CPF-SELF-DEV-029,CPF_CUSTOMER_MANUAL_EDU_IMPLEMENTATION_REQUIREMENTS.md,cpf-reference functional package + registered concrete consumer + refDB ledger; merged Java25/3DB/runtime evidence pending,1edd96c6dcc69b0b4d6e9e22a0709d910d7cfb04,Overlay compile/self-test and static consumer/DB parity PASS; exact Java25/refDB runtime evidence pending Codex,operations,cpf.reference.features.operations.enabled,true,NONE,NONE,refDB
EDU-BZA-01,조직·직원·발령·기준일,cpf-reference,com.cpf.reference.optional.backoffice.organization,cpf-reference/src/main/java/com/cpf/reference/optional/backoffice/organization/EduBackoffice01Handler.java,cpf-reference/src/main/resources/edu/optional/backoffice/organization/01/scenario-contract.json,cpf-reference/src/test/java/com/cpf/reference/optional/backoffice/organization/EduBackoffice01UnitTest.java,cpf-reference/src/test/java/com/cpf/reference/optional/backoffice/organization/EduBackoffice01IntegrationTest.java,cpf-reference/src/test/java/com/cpf/reference/optional/backoffice/organization/EduBackoffice01FailureTest.java,cpf-reference/src/test/java/com/cpf/reference/optional/backoffice/organization/EduBackoffice01RecoveryTest.java,cpf-reference/src/test/java/com/cpf/reference/optional/backoffice/organization/EduBackoffice01ConcurrencyTest.java,DRAFT|SUBMITTED|APPROVED|REJECTED|WITHDRAWN|CANCELLED,미래 발령|겹치는 발령|조직 폐쇄|기준일 경계,VALIDATE|AUTHORIZE|SCOPE|DEDUPE|VERSION_CHECK|APPROVAL|MUTATE|COMMIT|AUDIT|OBSERVE,BEFORE_COMMIT|AFTER_COMMIT|RESPONSE_LOST|PROCESS_KILL,완료,미검증,BZA-BUSINESS|SAMPLE-EDU|TEST-FAULT,DETAILS_CANONICAL_AND_EXECUTABLE_SCENARIO,CPF-SELF-DEV-001|CPF-SELF-DEV-005|CPF-SELF-DEV-026,CPF_CUSTOMER_MANUAL_EDU_IMPLEMENTATION_REQUIREMENTS.md,cpf-reference functional package + registered concrete consumer + refDB ledger; merged Java25/3DB/runtime evidence pending,1edd96c6dcc69b0b4d6e9e22a0709d910d7cfb04,Overlay compile/self-test and static consumer/DB parity PASS; exact Java25/refDB runtime evidence pending Codex,backoffice,cpf.reference.features.backoffice.enabled,true,NONE,NONE,refDB
EDU-BZA-02,사용자·역할·권한·실효 권한,cpf-reference,com.cpf.reference.optional.backoffice.authorization,cpf-reference/src/main/java/com/cpf/reference/optional/backoffice/authorization/EduBackoffice02Handler.java,cpf-reference/src/main/resources/edu/optional/backoffice/authorization/02/scenario-contract.json,cpf-reference/src/test/java/com/cpf/reference/optional/backoffice/authorization/EduBackoffice02UnitTest.java,cpf-reference/src/test/java/com/cpf/reference/optional/backoffice/authorization/EduBackoffice02IntegrationTest.java,cpf-reference/src/test/java/com/cpf/reference/optional/backoffice/authorization/EduBackoffice02FailureTest.java,cpf-reference/src/test/java/com/cpf/reference/optional/backoffice/authorization/EduBackoffice02RecoveryTest.java,cpf-reference/src/test/java/com/cpf/reference/optional/backoffice/authorization/EduBackoffice02ConcurrencyTest.java,DRAFT|SUBMITTED|APPROVED|REJECTED|WITHDRAWN|CANCELLED,권한 없음|만료 역할|직접 URL|역할 중복|원문 조회,VALIDATE|AUTHORIZE|SCOPE|DEDUPE|VERSION_CHECK|APPROVAL|MUTATE|COMMIT|AUDIT|OBSERVE,BEFORE_COMMIT|AFTER_COMMIT|RESPONSE_LOST|PROCESS_KILL,완료,미검증,SEC-AUTHZ|SAMPLE-EDU|TEST-FAULT,DETAILS_CANONICAL_AND_EXECUTABLE_SCENARIO,CPF-SELF-DEV-001|CPF-SELF-DEV-005|CPF-SELF-DEV-027,CPF_CUSTOMER_MANUAL_EDU_IMPLEMENTATION_REQUIREMENTS.md,cpf-reference functional package + registered concrete consumer + refDB ledger; merged Java25/3DB/runtime evidence pending,1edd96c6dcc69b0b4d6e9e22a0709d910d7cfb04,Overlay compile/self-test and static consumer/DB parity PASS; exact Java25/refDB runtime evidence pending Codex,backoffice,cpf.reference.features.backoffice.enabled,true,NONE,NONE,refDB
EDU-BZA-03,결재정책 Version·경로 사전 계산,cpf-reference,com.cpf.reference.optional.backoffice.policysimulation,cpf-reference/src/main/java/com/cpf/reference/optional/backoffice/policysimulation/EduBackoffice03Handler.java,cpf-reference/src/main/resources/edu/optional/backoffice/policysimulation/03/scenario-contract.json,cpf-reference/src/test/java/com/cpf/reference/optional/backoffice/policysimulation/EduBackoffice03UnitTest.java,cpf-reference/src/test/java/com/cpf/reference/optional/backoffice/policysimulation/EduBackoffice03IntegrationTest.java,cpf-reference/src/test/java/com/cpf/reference/optional/backoffice/policysimulation/EduBackoffice03FailureTest.java,cpf-reference/src/test/java/com/cpf/reference/optional/backoffice/policysimulation/EduBackoffice03RecoveryTest.java,cpf-reference/src/test/java/com/cpf/reference/optional/backoffice/policysimulation/EduBackoffice03ConcurrencyTest.java,DRAFT|SUBMITTED|APPROVED|REJECTED|WITHDRAWN|CANCELLED,정책 없음|다중 정책 충돌|미래 Version|조직장 부재,VALIDATE|AUTHORIZE|SCOPE|DEDUPE|VERSION_CHECK|APPROVAL|MUTATE|COMMIT|AUDIT|OBSERVE,BEFORE_COMMIT|AFTER_COMMIT|RESPONSE_LOST|PROCESS_KILL,완료,미검증,BZA-APPROVAL|SAMPLE-EDU|TEST-FAULT,DETAILS_CANONICAL_AND_EXECUTABLE_SCENARIO,CPF-SELF-DEV-001|CPF-SELF-DEV-005|CPF-SELF-DEV-015,CPF_CUSTOMER_MANUAL_EDU_IMPLEMENTATION_REQUIREMENTS.md,cpf-reference functional package + registered concrete consumer + refDB ledger; merged Java25/3DB/runtime evidence pending,1edd96c6dcc69b0b4d6e9e22a0709d910d7cfb04,Overlay compile/self-test and static consumer/DB parity PASS; exact Java25/refDB runtime evidence pending Codex,backoffice,cpf.reference.features.backoffice.enabled,true,NONE,NONE,refDB
EDU-BZA-04,상신·승인·반려·철회·취소,cpf-reference,com.cpf.reference.optional.backoffice.approvalflow,cpf-reference/src/main/java/com/cpf/reference/optional/backoffice/approvalflow/EduBackoffice04Handler.java,cpf-reference/src/main/resources/edu/optional/backoffice/approvalflow/04/scenario-contract.json,cpf-reference/src/test/java/com/cpf/reference/optional/backoffice/approvalflow/EduBackoffice04UnitTest.java,cpf-reference/src/test/java/com/cpf/reference/optional/backoffice/approvalflow/EduBackoffice04IntegrationTest.java,cpf-reference/src/test/java/com/cpf/reference/optional/backoffice/approvalflow/EduBackoffice04FailureTest.java,cpf-reference/src/test/java/com/cpf/reference/optional/backoffice/approvalflow/EduBackoffice04RecoveryTest.java,cpf-reference/src/test/java/com/cpf/reference/optional/backoffice/approvalflow/EduBackoffice04ConcurrencyTest.java,DRAFT|SUBMITTED|APPROVED|REJECTED|WITHDRAWN|CANCELLED,중복 승인|Version 충돌|응답 유실|만료 승인|자기 승인,VALIDATE|AUTHORIZE|SCOPE|DEDUPE|VERSION_CHECK|APPROVAL|MUTATE|COMMIT|RECONCILE|COMPENSATION_READY|AUDIT|OBSERVE,BEFORE_COMMIT|AFTER_COMMIT|RESPONSE_LOST|PROCESS_KILL,완료,미검증,BZA-APPROVAL|SAMPLE-EDU|TEST-FAULT,DETAILS_CANONICAL_AND_EXECUTABLE_SCENARIO,CPF-SELF-DEV-001|CPF-SELF-DEV-005|CPF-SELF-DEV-015,CPF_CUSTOMER_MANUAL_EDU_IMPLEMENTATION_REQUIREMENTS.md,cpf-reference functional package + registered concrete consumer + refDB ledger; merged Java25/3DB/runtime evidence pending,1edd96c6dcc69b0b4d6e9e22a0709d910d7cfb04,Overlay compile/self-test and static consumer/DB parity PASS; exact Java25/refDB runtime evidence pending Codex,backoffice,cpf.reference.features.backoffice.enabled,true,NONE,NONE,refDB
EDU-BZA-05,위임·대결·대행 책임,cpf-reference,com.cpf.reference.optional.backoffice.delegation,cpf-reference/src/main/java/com/cpf/reference/optional/backoffice/delegation/EduBackoffice05Handler.java,cpf-reference/src/main/resources/edu/optional/backoffice/delegation/05/scenario-contract.json,cpf-reference/src/test/java/com/cpf/reference/optional/backoffice/delegation/EduBackoffice05UnitTest.java,cpf-reference/src/test/java/com/cpf/reference/optional/backoffice/delegation/EduBackoffice05IntegrationTest.java,cpf-reference/src/test/java/com/cpf/reference/optional/backoffice/delegation/EduBackoffice05FailureTest.java,cpf-reference/src/test/java/com/cpf/reference/optional/backoffice/delegation/EduBackoffice05RecoveryTest.java,cpf-reference/src/test/java/com/cpf/reference/optional/backoffice/delegation/EduBackoffice05ConcurrencyTest.java,DRAFT|SUBMITTED|APPROVED|REJECTED|WITHDRAWN|CANCELLED,기간 겹침|순환 위임|범위 초과|만료 후 승인,VALIDATE|AUTHORIZE|SCOPE|DEDUPE|VERSION_CHECK|APPROVAL|MUTATE|COMMIT|AUDIT|OBSERVE,BEFORE_COMMIT|AFTER_COMMIT|RESPONSE_LOST|PROCESS_KILL,완료,미검증,BZA-APPROVAL|SAMPLE-EDU|TEST-FAULT,DETAILS_CANONICAL_AND_EXECUTABLE_SCENARIO,CPF-SELF-DEV-001|CPF-SELF-DEV-005|CPF-SELF-DEV-015,CPF_CUSTOMER_MANUAL_EDU_IMPLEMENTATION_REQUIREMENTS.md,cpf-reference functional package + registered concrete consumer + refDB ledger; merged Java25/3DB/runtime evidence pending,1edd96c6dcc69b0b4d6e9e22a0709d910d7cfb04,Overlay compile/self-test and static consumer/DB parity PASS; exact Java25/refDB runtime evidence pending Codex,backoffice,cpf.reference.features.backoffice.enabled,true,NONE,NONE,refDB
EDU-BZA-06,첨부·알림·감사·다운로드,cpf-reference,com.cpf.reference.optional.backoffice.evidence,cpf-reference/src/main/java/com/cpf/reference/optional/backoffice/evidence/EduBackoffice06Handler.java,cpf-reference/src/main/resources/edu/optional/backoffice/evidence/06/scenario-contract.json,cpf-reference/src/test/java/com/cpf/reference/optional/backoffice/evidence/EduBackoffice06UnitTest.java,cpf-reference/src/test/java/com/cpf/reference/optional/backoffice/evidence/EduBackoffice06IntegrationTest.java,cpf-reference/src/test/java/com/cpf/reference/optional/backoffice/evidence/EduBackoffice06FailureTest.java,cpf-reference/src/test/java/com/cpf/reference/optional/backoffice/evidence/EduBackoffice06RecoveryTest.java,cpf-reference/src/test/java/com/cpf/reference/optional/backoffice/evidence/EduBackoffice06ConcurrencyTest.java,DRAFT|SUBMITTED|APPROVED|REJECTED|WITHDRAWN|CANCELLED,첨부 검사 실패|알림 실패|만료 다운로드|권한 없음,VALIDATE|AUTHORIZE|SCOPE|DEDUPE|VERSION_CHECK|APPROVAL|CHECKSUM|MUTATE|COMMIT|OUTBOX|EXTERNAL_SEND|ACK|AUDIT|OBSERVE,BEFORE_COMMIT|AFTER_COMMIT|BEFORE_EXTERNAL_SEND|AFTER_EXTERNAL_SEND|RESPONSE_LOST|PROCESS_KILL,완료,미검증,SEC-AUTHZ|SAMPLE-EDU|TEST-FAULT,DETAILS_CANONICAL_AND_EXECUTABLE_SCENARIO,CPF-SELF-DEV-001|CPF-SELF-DEV-005|CPF-SELF-DEV-027,CPF_CUSTOMER_MANUAL_EDU_IMPLEMENTATION_REQUIREMENTS.md,cpf-reference functional package + registered concrete consumer + refDB ledger; merged Java25/3DB/runtime evidence pending,1edd96c6dcc69b0b4d6e9e22a0709d910d7cfb04,Overlay compile/self-test and static consumer/DB parity PASS; exact Java25/refDB runtime evidence pending Codex,backoffice,cpf.reference.features.backoffice.enabled,true,NONE,NONE,refDB
EDU-GW-01,Server Group·Health·Load Balancing,cpf-reference,com.cpf.reference.optional.gateway.servergroup,cpf-reference/src/main/java/com/cpf/reference/optional/gateway/servergroup/EduGw01Handler.java,cpf-reference/src/main/resources/edu/optional/gateway/servergroup/01/scenario-contract.json,cpf-reference/src/test/java/com/cpf/reference/optional/gateway/servergroup/EduGw01UnitTest.java,cpf-reference/src/test/java/com/cpf/reference/optional/gateway/servergroup/EduGw01IntegrationTest.java,cpf-reference/src/test/java/com/cpf/reference/optional/gateway/servergroup/EduGw01FailureTest.java,cpf-reference/src/test/java/com/cpf/reference/optional/gateway/servergroup/EduGw01RecoveryTest.java,cpf-reference/src/test/java/com/cpf/reference/optional/gateway/servergroup/EduGw01ConcurrencyTest.java,DRAFT|VALIDATED|APPROVAL_REQUESTED|APPROVED|PUBLISHING|APPLIED|PARTIAL|REJECTED|ROLLED_BACK,Health 실패|늦은 복귀|모든 Member Down|Weight 불균형,VALIDATE|AUTHORIZE|SCOPE|DEDUPE|VERSION_CHECK|APPROVAL|CHECKSUM|MUTATE|COMMIT|OUTBOX|EXTERNAL_SEND|ACK|RECONCILE|AUDIT|OBSERVE,BEFORE_COMMIT|AFTER_COMMIT|BEFORE_EXTERNAL_SEND|AFTER_EXTERNAL_SEND|RESPONSE_LOST|PROCESS_KILL,완료,미검증,GWY-ROUTING|SAMPLE-EDU|TEST-FAULT,DETAILS_CANONICAL_AND_EXECUTABLE_SCENARIO,CPF-SELF-DEV-001|CPF-SELF-DEV-005|CPF-SELF-DEV-008,CPF_CUSTOMER_MANUAL_EDU_IMPLEMENTATION_REQUIREMENTS.md,cpf-reference functional package + registered concrete consumer + refDB ledger; merged Java25/3DB/runtime evidence pending,1edd96c6dcc69b0b4d6e9e22a0709d910d7cfb04,Overlay compile/self-test and static consumer/DB parity PASS; exact Java25/refDB runtime evidence pending Codex,gateway,cpf.reference.features.gateway.enabled,true,NONE,NONE,refDB
EDU-GW-02,Route·Predicate·Path Rewrite,cpf-reference,com.cpf.reference.optional.gateway.route,cpf-reference/src/main/java/com/cpf/reference/optional/gateway/route/EduGw02Handler.java,cpf-reference/src/main/resources/edu/optional/gateway/route/02/scenario-contract.json,cpf-reference/src/test/java/com/cpf/reference/optional/gateway/route/EduGw02UnitTest.java,cpf-reference/src/test/java/com/cpf/reference/optional/gateway/route/EduGw02IntegrationTest.java,cpf-reference/src/test/java/com/cpf/reference/optional/gateway/route/EduGw02FailureTest.java,cpf-reference/src/test/java/com/cpf/reference/optional/gateway/route/EduGw02RecoveryTest.java,cpf-reference/src/test/java/com/cpf/reference/optional/gateway/route/EduGw02ConcurrencyTest.java,DRAFT|VALIDATED|APPROVAL_REQUESTED|APPROVED|PUBLISHING|APPLIED|PARTIAL|REJECTED|ROLLED_BACK,Route 중복|Path 변수 불일치|금지 Header|잘못된 Target,VALIDATE|AUTHORIZE|SCOPE|DEDUPE|VERSION_CHECK|APPROVAL|CHECKSUM|MUTATE|COMMIT|OUTBOX|EXTERNAL_SEND|ACK|RECONCILE|AUDIT|OBSERVE,BEFORE_COMMIT|AFTER_COMMIT|BEFORE_EXTERNAL_SEND|AFTER_EXTERNAL_SEND|RESPONSE_LOST|PROCESS_KILL,완료,미검증,GWY-ROUTING|SAMPLE-EDU|TEST-FAULT,DETAILS_CANONICAL_AND_EXECUTABLE_SCENARIO,CPF-SELF-DEV-001|CPF-SELF-DEV-005|CPF-SELF-DEV-008,CPF_CUSTOMER_MANUAL_EDU_IMPLEMENTATION_REQUIREMENTS.md,cpf-reference functional package + registered concrete consumer + refDB ledger; merged Java25/3DB/runtime evidence pending,1edd96c6dcc69b0b4d6e9e22a0709d910d7cfb04,Overlay compile/self-test and static consumer/DB parity PASS; exact Java25/refDB runtime evidence pending Codex,gateway,cpf.reference.features.gateway.enabled,true,NONE,NONE,refDB
EDU-GW-03,인증·권한·TLS·HMAC·Nonce,cpf-reference,com.cpf.reference.optional.gateway.security,cpf-reference/src/main/java/com/cpf/reference/optional/gateway/security/EduGw03Handler.java,cpf-reference/src/main/resources/edu/optional/gateway/security/03/scenario-contract.json,cpf-reference/src/test/java/com/cpf/reference/optional/gateway/security/EduGw03UnitTest.java,cpf-reference/src/test/java/com/cpf/reference/optional/gateway/security/EduGw03IntegrationTest.java,cpf-reference/src/test/java/com/cpf/reference/optional/gateway/security/EduGw03FailureTest.java,cpf-reference/src/test/java/com/cpf/reference/optional/gateway/security/EduGw03RecoveryTest.java,cpf-reference/src/test/java/com/cpf/reference/optional/gateway/security/EduGw03ConcurrencyTest.java,DRAFT|VALIDATED|APPROVAL_REQUESTED|APPROVED|PUBLISHING|APPLIED|PARTIAL|REJECTED|ROLLED_BACK,Token 만료|Audience 불일치|권한 없음|Body Hash 오류|Nonce 재사용,VALIDATE|AUTHORIZE|SCOPE|DEDUPE|VERSION_CHECK|APPROVAL|CHECKSUM|MUTATE|COMMIT|OUTBOX|EXTERNAL_SEND|ACK|RECONCILE|AUDIT|OBSERVE,BEFORE_COMMIT|AFTER_COMMIT|BEFORE_EXTERNAL_SEND|AFTER_EXTERNAL_SEND|RESPONSE_LOST|PROCESS_KILL,완료,미검증,GWY-ROUTING|SAMPLE-EDU|TEST-FAULT,DETAILS_CANONICAL_AND_EXECUTABLE_SCENARIO,CPF-SELF-DEV-001|CPF-SELF-DEV-005|CPF-SELF-DEV-008,CPF_CUSTOMER_MANUAL_EDU_IMPLEMENTATION_REQUIREMENTS.md,cpf-reference functional package + registered concrete consumer + refDB ledger; merged Java25/3DB/runtime evidence pending,1edd96c6dcc69b0b4d6e9e22a0709d910d7cfb04,Overlay compile/self-test and static consumer/DB parity PASS; exact Java25/refDB runtime evidence pending Codex,gateway,cpf.reference.features.gateway.enabled,true,NONE,NONE,refDB
EDU-GW-04,Timeout·Retry·Circuit Breaker·Bulkhead,cpf-reference,com.cpf.reference.optional.gateway.resilience,cpf-reference/src/main/java/com/cpf/reference/optional/gateway/resilience/EduGw04Handler.java,cpf-reference/src/main/resources/edu/optional/gateway/resilience/04/scenario-contract.json,cpf-reference/src/test/java/com/cpf/reference/optional/gateway/resilience/EduGw04UnitTest.java,cpf-reference/src/test/java/com/cpf/reference/optional/gateway/resilience/EduGw04IntegrationTest.java,cpf-reference/src/test/java/com/cpf/reference/optional/gateway/resilience/EduGw04FailureTest.java,cpf-reference/src/test/java/com/cpf/reference/optional/gateway/resilience/EduGw04RecoveryTest.java,cpf-reference/src/test/java/com/cpf/reference/optional/gateway/resilience/EduGw04ConcurrencyTest.java,DRAFT|VALIDATED|APPROVAL_REQUESTED|APPROVED|PUBLISHING|APPLIED|PARTIAL|REJECTED|ROLLED_BACK,Connect Timeout|Read Timeout|5xx|Circuit Open|Queue Full,VALIDATE|AUTHORIZE|SCOPE|DEDUPE|VERSION_CHECK|APPROVAL|CHECKSUM|MUTATE|COMMIT|OUTBOX|EXTERNAL_SEND|ACK|RECONCILE|AUDIT|OBSERVE,BEFORE_COMMIT|AFTER_COMMIT|BEFORE_EXTERNAL_SEND|AFTER_EXTERNAL_SEND|RESPONSE_LOST|TIMEOUT|PROCESS_KILL,완료,미검증,GWY-ROUTING|SAMPLE-EDU|TEST-FAULT,DETAILS_CANONICAL_AND_EXECUTABLE_SCENARIO,CPF-SELF-DEV-001|CPF-SELF-DEV-005|CPF-SELF-DEV-008,CPF_CUSTOMER_MANUAL_EDU_IMPLEMENTATION_REQUIREMENTS.md,cpf-reference functional package + registered concrete consumer + refDB ledger; merged Java25/3DB/runtime evidence pending,1edd96c6dcc69b0b4d6e9e22a0709d910d7cfb04,Overlay compile/self-test and static consumer/DB parity PASS; exact Java25/refDB runtime evidence pending Codex,gateway,cpf.reference.features.gateway.enabled,true,NONE,NONE,refDB
EDU-GW-05,Draft·검증·승인·게시·부분 적용,cpf-reference,com.cpf.reference.optional.gateway.publish,cpf-reference/src/main/java/com/cpf/reference/optional/gateway/publish/EduGw05Handler.java,cpf-reference/src/main/resources/edu/optional/gateway/publish/05/scenario-contract.json,cpf-reference/src/test/java/com/cpf/reference/optional/gateway/publish/EduGw05UnitTest.java,cpf-reference/src/test/java/com/cpf/reference/optional/gateway/publish/EduGw05IntegrationTest.java,cpf-reference/src/test/java/com/cpf/reference/optional/gateway/publish/EduGw05FailureTest.java,cpf-reference/src/test/java/com/cpf/reference/optional/gateway/publish/EduGw05RecoveryTest.java,cpf-reference/src/test/java/com/cpf/reference/optional/gateway/publish/EduGw05ConcurrencyTest.java,DRAFT|VALIDATED|APPROVAL_REQUESTED|APPROVED|PUBLISHING|APPLIED|PARTIAL|REJECTED|ROLLED_BACK,NACK|일부 ACK|승인 만료|Checksum 불일치|게시 응답 유실,VALIDATE|AUTHORIZE|SCOPE|DEDUPE|VERSION_CHECK|APPROVAL|CHECKSUM|MUTATE|COMMIT|OUTBOX|EXTERNAL_SEND|ACK|RECONCILE|AUDIT|OBSERVE,BEFORE_COMMIT|AFTER_COMMIT|BEFORE_EXTERNAL_SEND|AFTER_EXTERNAL_SEND|RESPONSE_LOST|PARTIAL_TARGET_FAILURE|PROCESS_KILL,완료,미검증,REF-FILE|SAMPLE-EDU|TEST-FAULT,DETAILS_CANONICAL_AND_EXECUTABLE_SCENARIO,CPF-SELF-DEV-001|CPF-SELF-DEV-005|CPF-SELF-DEV-013,CPF_CUSTOMER_MANUAL_EDU_IMPLEMENTATION_REQUIREMENTS.md,cpf-reference functional package + registered concrete consumer + refDB ledger; merged Java25/3DB/runtime evidence pending,1edd96c6dcc69b0b4d6e9e22a0709d910d7cfb04,Overlay compile/self-test and static consumer/DB parity PASS; exact Java25/refDB runtime evidence pending Codex,gateway,cpf.reference.features.gateway.enabled,true,NONE,NONE,refDB
EDU-GW-06,Attempt Ledger·UNKNOWN_RESULT·LKG 복구,cpf-reference,com.cpf.reference.optional.gateway.reconcile,cpf-reference/src/main/java/com/cpf/reference/optional/gateway/reconcile/EduGw06Handler.java,cpf-reference/src/main/resources/edu/optional/gateway/reconcile/06/scenario-contract.json,cpf-reference/src/test/java/com/cpf/reference/optional/gateway/reconcile/EduGw06UnitTest.java,cpf-reference/src/test/java/com/cpf/reference/optional/gateway/reconcile/EduGw06IntegrationTest.java,cpf-reference/src/test/java/com/cpf/reference/optional/gateway/reconcile/EduGw06FailureTest.java,cpf-reference/src/test/java/com/cpf/reference/optional/gateway/reconcile/EduGw06RecoveryTest.java,cpf-reference/src/test/java/com/cpf/reference/optional/gateway/reconcile/EduGw06ConcurrencyTest.java,DRAFT|VALIDATED|APPROVAL_REQUESTED|APPROVED|PUBLISHING|APPLIED|PARTIAL|REJECTED|ROLLED_BACK,Target 처리 후 응답 유실|늦은 응답|중복 요청|LKG 일부 적용,VALIDATE|AUTHORIZE|SCOPE|DEDUPE|VERSION_CHECK|APPROVAL|CHECKSUM|MUTATE|COMMIT|OUTBOX|EXTERNAL_SEND|ACK|RECONCILE|AUDIT|OBSERVE,BEFORE_COMMIT|AFTER_COMMIT|BEFORE_EXTERNAL_SEND|AFTER_EXTERNAL_SEND|RESPONSE_LOST|PARTIAL_TARGET_FAILURE|PROCESS_KILL,완료,미검증,DB-MIGRATION|SAMPLE-EDU|TEST-FAULT,DETAILS_CANONICAL_AND_EXECUTABLE_SCENARIO,CPF-SELF-DEV-001|CPF-SELF-DEV-005|CPF-SELF-DEV-029,CPF_CUSTOMER_MANUAL_EDU_IMPLEMENTATION_REQUIREMENTS.md,cpf-reference functional package + registered concrete consumer + refDB ledger; merged Java25/3DB/runtime evidence pending,1edd96c6dcc69b0b4d6e9e22a0709d910d7cfb04,Overlay compile/self-test and static consumer/DB parity PASS; exact Java25/refDB runtime evidence pending Codex,gateway,cpf.reference.features.gateway.enabled,true,NONE,NONE,refDB
EDU-DEV-16,대용량 목록 검색·정렬·Cursor Paging,cpf-reference,com.cpf.reference.online.query.cursor,cpf-reference/src/main/java/com/cpf/reference/online/query/cursor/EduDev16Handler.java,cpf-reference/src/main/resources/edu/dev/16/scenario-contract.json,cpf-reference/src/test/java/com/cpf/reference/online/query/cursor/EduDev16UnitTest.java,cpf-reference/src/test/java/com/cpf/reference/online/query/cursor/EduDev16IntegrationTest.java,cpf-reference/src/test/java/com/cpf/reference/online/query/cursor/EduDev16FailureTest.java,cpf-reference/src/test/java/com/cpf/reference/online/query/cursor/EduDev16RecoveryTest.java,cpf-reference/src/test/java/com/cpf/reference/online/query/cursor/EduDev16ConcurrencyTest.java,QUERY_ACCEPTED|PAGE_RETURNED,동일 시각 데이터|조회 중 신규 등록|삭제·상태변경|잘못된 cursor|최대 pageSize 초과|상태 변경이 있는 경우 DB Commit 전 실패와 Commit 후 응답 유실을 구분한다.|같은 요청의 중복·동시 실행·순서 역전·늦은 응답을 포함한다.|Retry 가능한 오류와 즉시 중단해야 하는 업무 오류를 구분한다.|대량·다중 대상 기능에서 부분 성공이 발생하면 성공 대상을 다시 실행하지 않고 실패 대상만 Reprocess·Reconcile한다.|복구·보상이 필요한 기능은 복구 실패와 보상 실패도 별도 상태·Attempt·Audit로 남긴다.,VALIDATE|AUTHORIZE|SCOPE|DEDUPE|VERSION_CHECK|PARTITION|CHECKSUM|MUTATE|COMMIT|OUTBOX|EXTERNAL_SEND|ACK|RECONCILE|COMPENSATION_READY|AUDIT|OBSERVE,BEFORE_COMMIT|AFTER_COMMIT|BEFORE_EXTERNAL_SEND|AFTER_EXTERNAL_SEND|RESPONSE_LOST|PARTIAL_TARGET_FAILURE|PROCESS_KILL,완료,미검증,DB-MIGRATION|SAMPLE-EDU|TEST-FAULT,DETAILS_CANONICAL_AND_EXECUTABLE_SCENARIO,CPF-SELF-DEV-001|CPF-SELF-DEV-005|CPF-SELF-DEV-029,CPF_CUSTOMER_MANUAL_EDU_IMPLEMENTATION_REQUIREMENTS.md,cpf-reference functional package + registered concrete consumer + refDB ledger; merged Java25/3DB/runtime evidence pending,1edd96c6dcc69b0b4d6e9e22a0709d910d7cfb04,Overlay compile/self-test and static consumer/DB parity PASS; exact Java25/refDB runtime evidence pending Codex,core,,false,NONE,NONE,refDB
EDU-DEV-17,대량 등록 사전검증·부분 오류 보고·재업로드,cpf-reference,com.cpf.reference.online.file.bulkimport,cpf-reference/src/main/java/com/cpf/reference/online/file/bulkimport/EduDev17Handler.java,cpf-reference/src/main/resources/edu/dev/17/scenario-contract.json,cpf-reference/src/test/java/com/cpf/reference/online/file/bulkimport/EduDev17UnitTest.java,cpf-reference/src/test/java/com/cpf/reference/online/file/bulkimport/EduDev17IntegrationTest.java,cpf-reference/src/test/java/com/cpf/reference/online/file/bulkimport/EduDev17FailureTest.java,cpf-reference/src/test/java/com/cpf/reference/online/file/bulkimport/EduDev17RecoveryTest.java,cpf-reference/src/test/java/com/cpf/reference/online/file/bulkimport/EduDev17ConcurrencyTest.java,UPLOADED|VALIDATED|REJECTED|APPLIED|PARTIAL|RECONCILED,헤더 불일치|행 중복|DB 기존값 충돌|100행 중 3행 오류|적용 중 장애|재업로드|상태 변경이 있는 경우 DB Commit 전 실패와 Commit 후 응답 유실을 구분한다.|같은 요청의 중복·동시 실행·순서 역전·늦은 응답을 포함한다.|Retry 가능한 오류와 즉시 중단해야 하는 업무 오류를 구분한다.|대량·다중 대상 기능에서 부분 성공이 발생하면 성공 대상을 다시 실행하지 않고 실패 대상만 Reprocess·Reconcile한다.|복구·보상이 필요한 기능은 복구 실패와 보상 실패도 별도 상태·Attempt·Audit로 남긴다.,VALIDATE|AUTHORIZE|SCOPE|DEDUPE|VERSION_CHECK|PREVIEW|PARTITION|CHECKSUM|MUTATE|COMMIT|OUTBOX|EXTERNAL_SEND|ACK|RECONCILE|COMPENSATION_READY|AUDIT|OBSERVE,BEFORE_COMMIT|AFTER_COMMIT|BEFORE_EXTERNAL_SEND|AFTER_EXTERNAL_SEND|RESPONSE_LOST|PARTIAL_TARGET_FAILURE|PROCESS_KILL,완료,미검증,DB-MIGRATION|SAMPLE-EDU|TEST-FAULT,DETAILS_CANONICAL_AND_EXECUTABLE_SCENARIO,CPF-SELF-DEV-001|CPF-SELF-DEV-005|CPF-SELF-DEV-029,CPF_CUSTOMER_MANUAL_EDU_IMPLEMENTATION_REQUIREMENTS.md,cpf-reference functional package + registered concrete consumer + refDB ledger; merged Java25/3DB/runtime evidence pending,1edd96c6dcc69b0b4d6e9e22a0709d910d7cfb04,Overlay compile/self-test and static consumer/DB parity PASS; exact Java25/refDB runtime evidence pending Codex,core,,false,NONE,NONE,refDB
EDU-DEV-18,논리 삭제·복원·보존기간 만료,cpf-reference,com.cpf.reference.online.lifecycle.softdelete,cpf-reference/src/main/java/com/cpf/reference/online/lifecycle/softdelete/EduDev18Handler.java,cpf-reference/src/main/resources/edu/dev/18/scenario-contract.json,cpf-reference/src/test/java/com/cpf/reference/online/lifecycle/softdelete/EduDev18UnitTest.java,cpf-reference/src/test/java/com/cpf/reference/online/lifecycle/softdelete/EduDev18IntegrationTest.java,cpf-reference/src/test/java/com/cpf/reference/online/lifecycle/softdelete/EduDev18FailureTest.java,cpf-reference/src/test/java/com/cpf/reference/online/lifecycle/softdelete/EduDev18RecoveryTest.java,cpf-reference/src/test/java/com/cpf/reference/online/lifecycle/softdelete/EduDev18ConcurrencyTest.java,ACTIVE|DEACTIVATED|RESTORED|PURGE_ELIGIBLE|PURGED,동시 복원|이미 만료|참조 데이터 존재|파기 중 장애|감사 보존과 개인정보 파기 충돌|상태 변경이 있는 경우 DB Commit 전 실패와 Commit 후 응답 유실을 구분한다.|같은 요청의 중복·동시 실행·순서 역전·늦은 응답을 포함한다.|Retry 가능한 오류와 즉시 중단해야 하는 업무 오류를 구분한다.|대량·다중 대상 기능에서 부분 성공이 발생하면 성공 대상을 다시 실행하지 않고 실패 대상만 Reprocess·Reconcile한다.|복구·보상이 필요한 기능은 복구 실패와 보상 실패도 별도 상태·Attempt·Audit로 남긴다.,VALIDATE|AUTHORIZE|SCOPE|DEDUPE|VERSION_CHECK|PARTITION|CHECKSUM|MUTATE|COMMIT|OUTBOX|EXTERNAL_SEND|ACK|RECONCILE|COMPENSATION_READY|AUDIT|OBSERVE,BEFORE_COMMIT|AFTER_COMMIT|BEFORE_EXTERNAL_SEND|AFTER_EXTERNAL_SEND|RESPONSE_LOST|PARTIAL_TARGET_FAILURE|PROCESS_KILL,완료,미검증,DB-MIGRATION|SAMPLE-EDU|TEST-FAULT,DETAILS_CANONICAL_AND_EXECUTABLE_SCENARIO,CPF-SELF-DEV-001|CPF-SELF-DEV-005|CPF-SELF-DEV-029,CPF_CUSTOMER_MANUAL_EDU_IMPLEMENTATION_REQUIREMENTS.md,cpf-reference functional package + registered concrete consumer + refDB ledger; merged Java25/3DB/runtime evidence pending,1edd96c6dcc69b0b4d6e9e22a0709d910d7cfb04,Overlay compile/self-test and static consumer/DB parity PASS; exact Java25/refDB runtime evidence pending Codex,core,,false,NONE,NONE,refDB
EDU-DEV-19,기준일·유효기간이 있는 기준정보,cpf-reference,com.cpf.reference.online.reference.effectiveperiod,cpf-reference/src/main/java/com/cpf/reference/online/reference/effectiveperiod/EduDev19Handler.java,cpf-reference/src/main/resources/edu/dev/19/scenario-contract.json,cpf-reference/src/test/java/com/cpf/reference/online/reference/effectiveperiod/EduDev19UnitTest.java,cpf-reference/src/test/java/com/cpf/reference/online/reference/effectiveperiod/EduDev19IntegrationTest.java,cpf-reference/src/test/java/com/cpf/reference/online/reference/effectiveperiod/EduDev19FailureTest.java,cpf-reference/src/test/java/com/cpf/reference/online/reference/effectiveperiod/EduDev19RecoveryTest.java,cpf-reference/src/test/java/com/cpf/reference/online/reference/effectiveperiod/EduDev19ConcurrencyTest.java,DRAFT|SCHEDULED|ACTIVE|EXPIRED|SUPERSEDED,기간 겹침|공백 기간|소급 변경|시간대 경계|미래 예약 취소|상태 변경이 있는 경우 DB Commit 전 실패와 Commit 후 응답 유실을 구분한다.|같은 요청의 중복·동시 실행·순서 역전·늦은 응답을 포함한다.|Retry 가능한 오류와 즉시 중단해야 하는 업무 오류를 구분한다.|대량·다중 대상 기능에서 부분 성공이 발생하면 성공 대상을 다시 실행하지 않고 실패 대상만 Reprocess·Reconcile한다.|복구·보상이 필요한 기능은 복구 실패와 보상 실패도 별도 상태·Attempt·Audit로 남긴다.,VALIDATE|AUTHORIZE|SCOPE|DEDUPE|VERSION_CHECK|PARTITION|CHECKSUM|MUTATE|COMMIT|OUTBOX|EXTERNAL_SEND|ACK|RECONCILE|COMPENSATION_READY|AUDIT|OBSERVE,BEFORE_COMMIT|AFTER_COMMIT|BEFORE_EXTERNAL_SEND|AFTER_EXTERNAL_SEND|RESPONSE_LOST|PARTIAL_TARGET_FAILURE|PROCESS_KILL,완료,미검증,DB-MIGRATION|SAMPLE-EDU|TEST-FAULT,DETAILS_CANONICAL_AND_EXECUTABLE_SCENARIO,CPF-SELF-DEV-001|CPF-SELF-DEV-005|CPF-SELF-DEV-029,CPF_CUSTOMER_MANUAL_EDU_IMPLEMENTATION_REQUIREMENTS.md,cpf-reference functional package + registered concrete consumer + refDB ledger; merged Java25/3DB/runtime evidence pending,1edd96c6dcc69b0b4d6e9e22a0709d910d7cfb04,Overlay compile/self-test and static consumer/DB parity PASS; exact Java25/refDB runtime evidence pending Codex,core,,false,NONE,NONE,refDB
EDU-DEV-20,다단계 고객 업무 상태기계와 취소·재개,cpf-reference,com.cpf.reference.online.workflow.statemachine,cpf-reference/src/main/java/com/cpf/reference/online/workflow/statemachine/EduDev20Handler.java,cpf-reference/src/main/resources/edu/dev/20/scenario-contract.json,cpf-reference/src/test/java/com/cpf/reference/online/workflow/statemachine/EduDev20UnitTest.java,cpf-reference/src/test/java/com/cpf/reference/online/workflow/statemachine/EduDev20IntegrationTest.java,cpf-reference/src/test/java/com/cpf/reference/online/workflow/statemachine/EduDev20FailureTest.java,cpf-reference/src/test/java/com/cpf/reference/online/workflow/statemachine/EduDev20RecoveryTest.java,cpf-reference/src/test/java/com/cpf/reference/online/workflow/statemachine/EduDev20ConcurrencyTest.java,RECEIVED|REVIEWING|APPROVED|EXECUTED|CANCELLED|ON_HOLD,허용되지 않은 전이|이전 단계 메시지 지연|실행 후 취소|보류 중 재개|중복 명령|상태 변경이 있는 경우 DB Commit 전 실패와 Commit 후 응답 유실을 구분한다.|같은 요청의 중복·동시 실행·순서 역전·늦은 응답을 포함한다.|Retry 가능한 오류와 즉시 중단해야 하는 업무 오류를 구분한다.|대량·다중 대상 기능에서 부분 성공이 발생하면 성공 대상을 다시 실행하지 않고 실패 대상만 Reprocess·Reconcile한다.|복구·보상이 필요한 기능은 복구 실패와 보상 실패도 별도 상태·Attempt·Audit로 남긴다.,VALIDATE|AUTHORIZE|SCOPE|DEDUPE|VERSION_CHECK|PARTITION|CHECKSUM|MUTATE|COMMIT|OUTBOX|EXTERNAL_SEND|ACK|RECONCILE|COMPENSATION_READY|AUDIT|OBSERVE,BEFORE_COMMIT|AFTER_COMMIT|BEFORE_EXTERNAL_SEND|AFTER_EXTERNAL_SEND|RESPONSE_LOST|PARTIAL_TARGET_FAILURE|TIMEOUT|PROCESS_KILL,완료,미검증,DB-MIGRATION|SAMPLE-EDU|TEST-FAULT,DETAILS_CANONICAL_AND_EXECUTABLE_SCENARIO,CPF-SELF-DEV-001|CPF-SELF-DEV-005|CPF-SELF-DEV-029,CPF_CUSTOMER_MANUAL_EDU_IMPLEMENTATION_REQUIREMENTS.md,cpf-reference functional package + registered concrete consumer + refDB ledger; merged Java25/3DB/runtime evidence pending,1edd96c6dcc69b0b4d6e9e22a0709d910d7cfb04,Overlay compile/self-test and static consumer/DB parity PASS; exact Java25/refDB runtime evidence pending Codex,core,,false,NONE,NONE,refDB
EDU-DEV-21,Transactional Outbox 게시 지연·재시작,cpf-reference,com.cpf.reference.online.messaging.transactionaloutbox,cpf-reference/src/main/java/com/cpf/reference/online/messaging/transactionaloutbox/EduDev21Handler.java,cpf-reference/src/main/resources/edu/dev/21/scenario-contract.json,cpf-reference/src/test/java/com/cpf/reference/online/messaging/transactionaloutbox/EduDev21UnitTest.java,cpf-reference/src/test/java/com/cpf/reference/online/messaging/transactionaloutbox/EduDev21IntegrationTest.java,cpf-reference/src/test/java/com/cpf/reference/online/messaging/transactionaloutbox/EduDev21FailureTest.java,cpf-reference/src/test/java/com/cpf/reference/online/messaging/transactionaloutbox/EduDev21RecoveryTest.java,cpf-reference/src/test/java/com/cpf/reference/online/messaging/transactionaloutbox/EduDev21ConcurrencyTest.java,OUTBOX_NEW|PUBLISHING|PUBLISHED|FAILED|RETRYING,DB Commit 전 장애|Commit 후 Publisher 중단|Kafka ACK 유실|중복 게시|순서 역전|상태 변경이 있는 경우 DB Commit 전 실패와 Commit 후 응답 유실을 구분한다.|같은 요청의 중복·동시 실행·순서 역전·늦은 응답을 포함한다.|Retry 가능한 오류와 즉시 중단해야 하는 업무 오류를 구분한다.|대량·다중 대상 기능에서 부분 성공이 발생하면 성공 대상을 다시 실행하지 않고 실패 대상만 Reprocess·Reconcile한다.|복구·보상이 필요한 기능은 복구 실패와 보상 실패도 별도 상태·Attempt·Audit로 남긴다.,VALIDATE|AUTHORIZE|SCOPE|DEDUPE|VERSION_CHECK|PARTITION|CHECKSUM|MUTATE|COMMIT|OUTBOX|EXTERNAL_SEND|ACK|RECONCILE|COMPENSATION_READY|AUDIT|OBSERVE,BEFORE_COMMIT|AFTER_COMMIT|BEFORE_EXTERNAL_SEND|AFTER_EXTERNAL_SEND|RESPONSE_LOST|PARTIAL_TARGET_FAILURE|TIMEOUT|PROCESS_KILL,완료,미검증,DB-MIGRATION|SAMPLE-EDU|TEST-FAULT,DETAILS_CANONICAL_AND_EXECUTABLE_SCENARIO,CPF-SELF-DEV-001|CPF-SELF-DEV-005|CPF-SELF-DEV-029,CPF_CUSTOMER_MANUAL_EDU_IMPLEMENTATION_REQUIREMENTS.md,cpf-reference functional package + registered concrete consumer + refDB ledger; merged Java25/3DB/runtime evidence pending,1edd96c6dcc69b0b4d6e9e22a0709d910d7cfb04,Overlay compile/self-test and static consumer/DB parity PASS; exact Java25/refDB runtime evidence pending Codex,core,,false,NONE,NONE,refDB
EDU-DEV-22,서비스 간 Saga 보상·수동 확정,cpf-reference,com.cpf.reference.online.workflow.saga,cpf-reference/src/main/java/com/cpf/reference/online/workflow/saga/EduDev22Handler.java,cpf-reference/src/main/resources/edu/dev/22/scenario-contract.json,cpf-reference/src/test/java/com/cpf/reference/online/workflow/saga/EduDev22UnitTest.java,cpf-reference/src/test/java/com/cpf/reference/online/workflow/saga/EduDev22IntegrationTest.java,cpf-reference/src/test/java/com/cpf/reference/online/workflow/saga/EduDev22FailureTest.java,cpf-reference/src/test/java/com/cpf/reference/online/workflow/saga/EduDev22RecoveryTest.java,cpf-reference/src/test/java/com/cpf/reference/online/workflow/saga/EduDev22ConcurrencyTest.java,STARTED|INVENTORY_RESERVED|PAYMENT_PENDING|COMPLETED|COMPENSATING|UNKNOWN_RESULT,재고 성공 후 결제 실패|보상 실패|응답 유실|중복 보상|늦은 성공 응답|상태 변경이 있는 경우 DB Commit 전 실패와 Commit 후 응답 유실을 구분한다.|같은 요청의 중복·동시 실행·순서 역전·늦은 응답을 포함한다.|Retry 가능한 오류와 즉시 중단해야 하는 업무 오류를 구분한다.|대량·다중 대상 기능에서 부분 성공이 발생하면 성공 대상을 다시 실행하지 않고 실패 대상만 Reprocess·Reconcile한다.|복구·보상이 필요한 기능은 복구 실패와 보상 실패도 별도 상태·Attempt·Audit로 남긴다.,VALIDATE|AUTHORIZE|SCOPE|DEDUPE|VERSION_CHECK|PARTITION|CHECKSUM|MUTATE|COMMIT|OUTBOX|EXTERNAL_SEND|ACK|RECONCILE|COMPENSATION_READY|AUDIT|OBSERVE,BEFORE_COMMIT|AFTER_COMMIT|BEFORE_EXTERNAL_SEND|AFTER_EXTERNAL_SEND|RESPONSE_LOST|PARTIAL_TARGET_FAILURE|PROCESS_KILL,완료,미검증,DB-MIGRATION|SAMPLE-EDU|TEST-FAULT,DETAILS_CANONICAL_AND_EXECUTABLE_SCENARIO,CPF-SELF-DEV-001|CPF-SELF-DEV-005|CPF-SELF-DEV-029,CPF_CUSTOMER_MANUAL_EDU_IMPLEMENTATION_REQUIREMENTS.md,cpf-reference functional package + registered concrete consumer + refDB ledger; merged Java25/3DB/runtime evidence pending,1edd96c6dcc69b0b4d6e9e22a0709d910d7cfb04,Overlay compile/self-test and static consumer/DB parity PASS; exact Java25/refDB runtime evidence pending Codex,core,,false,NONE,NONE,refDB
EDU-DEV-23,공통 입력검증·오류 계약·OpenAPI 일치,cpf-reference,com.cpf.reference.online.contract.validation,cpf-reference/src/main/java/com/cpf/reference/online/contract/validation/EduDev23Handler.java,cpf-reference/src/main/resources/edu/dev/23/scenario-contract.json,cpf-reference/src/test/java/com/cpf/reference/online/contract/validation/EduDev23UnitTest.java,cpf-reference/src/test/java/com/cpf/reference/online/contract/validation/EduDev23IntegrationTest.java,cpf-reference/src/test/java/com/cpf/reference/online/contract/validation/EduDev23FailureTest.java,cpf-reference/src/test/java/com/cpf/reference/online/contract/validation/EduDev23RecoveryTest.java,cpf-reference/src/test/java/com/cpf/reference/online/contract/validation/EduDev23ConcurrencyTest.java,REQUESTED|VALIDATION_FAILED|ACCEPTED,필수 Header 누락|숫자 범위|다중 Field 오류|JSON 파싱 오류|권한 오류와 업무 오류 구분|상태 변경이 있는 경우 DB Commit 전 실패와 Commit 후 응답 유실을 구분한다.|같은 요청의 중복·동시 실행·순서 역전·늦은 응답을 포함한다.|Retry 가능한 오류와 즉시 중단해야 하는 업무 오류를 구분한다.|대량·다중 대상 기능에서 부분 성공이 발생하면 성공 대상을 다시 실행하지 않고 실패 대상만 Reprocess·Reconcile한다.|복구·보상이 필요한 기능은 복구 실패와 보상 실패도 별도 상태·Attempt·Audit로 남긴다.,VALIDATE|AUTHORIZE|SCOPE|DEDUPE|VERSION_CHECK|PARTITION|CHECKSUM|MUTATE|COMMIT|OUTBOX|EXTERNAL_SEND|ACK|RECONCILE|COMPENSATION_READY|AUDIT|OBSERVE,BEFORE_COMMIT|AFTER_COMMIT|BEFORE_EXTERNAL_SEND|AFTER_EXTERNAL_SEND|RESPONSE_LOST|PARTIAL_TARGET_FAILURE|PROCESS_KILL,완료,미검증,DB-MIGRATION|SAMPLE-EDU|TEST-FAULT,DETAILS_CANONICAL_AND_EXECUTABLE_SCENARIO,CPF-SELF-DEV-001|CPF-SELF-DEV-005|CPF-SELF-DEV-029,CPF_CUSTOMER_MANUAL_EDU_IMPLEMENTATION_REQUIREMENTS.md,cpf-reference functional package + registered concrete consumer + refDB ledger; merged Java25/3DB/runtime evidence pending,1edd96c6dcc69b0b4d6e9e22a0709d910d7cfb04,Overlay compile/self-test and static consumer/DB parity PASS; exact Java25/refDB runtime evidence pending Codex,core,,false,NONE,NONE,refDB
EDU-DEV-24,장시간 비동기 Operation 조회·취소,cpf-reference,com.cpf.reference.online.asyncoperation.lifecycle,cpf-reference/src/main/java/com/cpf/reference/online/asyncoperation/lifecycle/EduDev24Handler.java,cpf-reference/src/main/resources/edu/dev/24/scenario-contract.json,cpf-reference/src/test/java/com/cpf/reference/online/asyncoperation/lifecycle/EduDev24UnitTest.java,cpf-reference/src/test/java/com/cpf/reference/online/asyncoperation/lifecycle/EduDev24IntegrationTest.java,cpf-reference/src/test/java/com/cpf/reference/online/asyncoperation/lifecycle/EduDev24FailureTest.java,cpf-reference/src/test/java/com/cpf/reference/online/asyncoperation/lifecycle/EduDev24RecoveryTest.java,cpf-reference/src/test/java/com/cpf/reference/online/asyncoperation/lifecycle/EduDev24ConcurrencyTest.java,ACCEPTED|RUNNING|CANCEL_REQUESTED|CANCELLED|COMPLETED|FAILED,취소와 완료 경합|중복 취소|Worker 재시작|진행률 후퇴|결과 URL 만료|상태 변경이 있는 경우 DB Commit 전 실패와 Commit 후 응답 유실을 구분한다.|같은 요청의 중복·동시 실행·순서 역전·늦은 응답을 포함한다.|Retry 가능한 오류와 즉시 중단해야 하는 업무 오류를 구분한다.|대량·다중 대상 기능에서 부분 성공이 발생하면 성공 대상을 다시 실행하지 않고 실패 대상만 Reprocess·Reconcile한다.|복구·보상이 필요한 기능은 복구 실패와 보상 실패도 별도 상태·Attempt·Audit로 남긴다.,VALIDATE|AUTHORIZE|SCOPE|VERSION_CHECK|CLAIM_LEASE|PARTITION|CHECKSUM|QUERY_SNAPSHOT|OUTBOX|EXTERNAL_SEND|ACK|RECONCILE|COMPENSATION_READY|AUDIT|OBSERVE,BEFORE_EXTERNAL_SEND|AFTER_EXTERNAL_SEND|PARTIAL_TARGET_FAILURE|TIMEOUT|LEASE_LOST,완료,미검증,DB-MIGRATION|SAMPLE-EDU|TEST-FAULT,DETAILS_CANONICAL_AND_EXECUTABLE_SCENARIO,CPF-SELF-DEV-001|CPF-SELF-DEV-005|CPF-SELF-DEV-029,CPF_CUSTOMER_MANUAL_EDU_IMPLEMENTATION_REQUIREMENTS.md,cpf-reference functional package + registered concrete consumer + refDB ledger; merged Java25/3DB/runtime evidence pending,1edd96c6dcc69b0b4d6e9e22a0709d910d7cfb04,Overlay compile/self-test and static consumer/DB parity PASS; exact Java25/refDB runtime evidence pending Codex,core,,false,NONE,NONE,refDB
EDU-DEV-25,Webhook Callback 서명·재전송·Replay 방지,cpf-reference,com.cpf.reference.online.counterparty.webhook,cpf-reference/src/main/java/com/cpf/reference/online/counterparty/webhook/EduDev25Handler.java,cpf-reference/src/main/resources/edu/dev/25/scenario-contract.json,cpf-reference/src/test/java/com/cpf/reference/online/counterparty/webhook/EduDev25UnitTest.java,cpf-reference/src/test/java/com/cpf/reference/online/counterparty/webhook/EduDev25IntegrationTest.java,cpf-reference/src/test/java/com/cpf/reference/online/counterparty/webhook/EduDev25FailureTest.java,cpf-reference/src/test/java/com/cpf/reference/online/counterparty/webhook/EduDev25RecoveryTest.java,cpf-reference/src/test/java/com/cpf/reference/online/counterparty/webhook/EduDev25ConcurrencyTest.java,QUEUED|SENT|ACKED|RETRY_WAIT|DEAD,DNS 변경|2xx 후 응답 유실|4xx|5xx|만료 Timestamp|Signature 오류|Replay|상태 변경이 있는 경우 DB Commit 전 실패와 Commit 후 응답 유실을 구분한다.|같은 요청의 중복·동시 실행·순서 역전·늦은 응답을 포함한다.|Retry 가능한 오류와 즉시 중단해야 하는 업무 오류를 구분한다.|대량·다중 대상 기능에서 부분 성공이 발생하면 성공 대상을 다시 실행하지 않고 실패 대상만 Reprocess·Reconcile한다.|복구·보상이 필요한 기능은 복구 실패와 보상 실패도 별도 상태·Attempt·Audit로 남긴다.,VALIDATE|AUTHORIZE|SCOPE|DEDUPE|VERSION_CHECK|PARTITION|CHECKSUM|MUTATE|COMMIT|OUTBOX|EXTERNAL_SEND|ACK|RECONCILE|COMPENSATION_READY|AUDIT|OBSERVE,BEFORE_COMMIT|AFTER_COMMIT|BEFORE_EXTERNAL_SEND|AFTER_EXTERNAL_SEND|RESPONSE_LOST|PARTIAL_TARGET_FAILURE|PROCESS_KILL,완료,미검증,DB-MIGRATION|SAMPLE-EDU|TEST-FAULT,DETAILS_CANONICAL_AND_EXECUTABLE_SCENARIO,CPF-SELF-DEV-001|CPF-SELF-DEV-005|CPF-SELF-DEV-029,CPF_CUSTOMER_MANUAL_EDU_IMPLEMENTATION_REQUIREMENTS.md,cpf-reference functional package + registered concrete consumer + refDB ledger; merged Java25/3DB/runtime evidence pending,1edd96c6dcc69b0b4d6e9e22a0709d910d7cfb04,Overlay compile/self-test and static consumer/DB parity PASS; exact Java25/refDB runtime evidence pending Codex,core,,false,NONE,NONE,refDB
EDU-DEV-26,SFTP 수신·송신·완료 파일 원자 처리,cpf-reference,com.cpf.reference.online.file.sftp,cpf-reference/src/main/java/com/cpf/reference/online/file/sftp/EduDev26Handler.java,cpf-reference/src/main/resources/edu/dev/26/scenario-contract.json,cpf-reference/src/test/java/com/cpf/reference/online/file/sftp/EduDev26UnitTest.java,cpf-reference/src/test/java/com/cpf/reference/online/file/sftp/EduDev26IntegrationTest.java,cpf-reference/src/test/java/com/cpf/reference/online/file/sftp/EduDev26FailureTest.java,cpf-reference/src/test/java/com/cpf/reference/online/file/sftp/EduDev26RecoveryTest.java,cpf-reference/src/test/java/com/cpf/reference/online/file/sftp/EduDev26ConcurrencyTest.java,DISCOVERED|DOWNLOADING|VERIFIED|PROCESSED|ARCHIVED,다운로드 중 단절|같은 이름 재수신|zero byte|checksum 불일치|rename 실패|권한 오류|상태 변경이 있는 경우 DB Commit 전 실패와 Commit 후 응답 유실을 구분한다.|같은 요청의 중복·동시 실행·순서 역전·늦은 응답을 포함한다.|Retry 가능한 오류와 즉시 중단해야 하는 업무 오류를 구분한다.|대량·다중 대상 기능에서 부분 성공이 발생하면 성공 대상을 다시 실행하지 않고 실패 대상만 Reprocess·Reconcile한다.|복구·보상이 필요한 기능은 복구 실패와 보상 실패도 별도 상태·Attempt·Audit로 남긴다.,VALIDATE|AUTHORIZE|SCOPE|DEDUPE|VERSION_CHECK|PARTITION|CHECKSUM|MUTATE|COMMIT|OUTBOX|EXTERNAL_SEND|ACK|RECONCILE|COMPENSATION_READY|AUDIT|OBSERVE,BEFORE_COMMIT|AFTER_COMMIT|BEFORE_EXTERNAL_SEND|AFTER_EXTERNAL_SEND|RESPONSE_LOST|PARTIAL_TARGET_FAILURE|PROCESS_KILL,완료,미검증,DB-MIGRATION|SAMPLE-EDU|TEST-FAULT,DETAILS_CANONICAL_AND_EXECUTABLE_SCENARIO,CPF-SELF-DEV-001|CPF-SELF-DEV-005|CPF-SELF-DEV-029,CPF_CUSTOMER_MANUAL_EDU_IMPLEMENTATION_REQUIREMENTS.md,cpf-reference functional package + registered concrete consumer + refDB ledger; merged Java25/3DB/runtime evidence pending,1edd96c6dcc69b0b4d6e9e22a0709d910d7cfb04,Overlay compile/self-test and static consumer/DB parity PASS; exact Java25/refDB runtime evidence pending Codex,core,,false,NONE,NONE,refDB
EDU-DEV-27,SOAP·XML 외부기관 연계와 Fault 처리,cpf-reference,com.cpf.reference.online.counterparty.soap,cpf-reference/src/main/java/com/cpf/reference/online/counterparty/soap/EduDev27Handler.java,cpf-reference/src/main/resources/edu/dev/27/scenario-contract.json,cpf-reference/src/test/java/com/cpf/reference/online/counterparty/soap/EduDev27UnitTest.java,cpf-reference/src/test/java/com/cpf/reference/online/counterparty/soap/EduDev27IntegrationTest.java,cpf-reference/src/test/java/com/cpf/reference/online/counterparty/soap/EduDev27FailureTest.java,cpf-reference/src/test/java/com/cpf/reference/online/counterparty/soap/EduDev27RecoveryTest.java,cpf-reference/src/test/java/com/cpf/reference/online/counterparty/soap/EduDev27ConcurrencyTest.java,CREATED|SENT|RESPONSE_RECEIVED|FAULT|UNKNOWN_RESULT,Namespace 오류|Schema 불일치|HTTP 500 SOAP Fault|Timeout|중복 전송|상태 변경이 있는 경우 DB Commit 전 실패와 Commit 후 응답 유실을 구분한다.|같은 요청의 중복·동시 실행·순서 역전·늦은 응답을 포함한다.|Retry 가능한 오류와 즉시 중단해야 하는 업무 오류를 구분한다.|대량·다중 대상 기능에서 부분 성공이 발생하면 성공 대상을 다시 실행하지 않고 실패 대상만 Reprocess·Reconcile한다.|복구·보상이 필요한 기능은 복구 실패와 보상 실패도 별도 상태·Attempt·Audit로 남긴다.,VALIDATE|AUTHORIZE|SCOPE|DEDUPE|VERSION_CHECK|PARTITION|CHECKSUM|MUTATE|COMMIT|OUTBOX|EXTERNAL_SEND|ACK|RECONCILE|COMPENSATION_READY|AUDIT|OBSERVE,BEFORE_COMMIT|AFTER_COMMIT|BEFORE_EXTERNAL_SEND|AFTER_EXTERNAL_SEND|RESPONSE_LOST|PARTIAL_TARGET_FAILURE|TIMEOUT|PROCESS_KILL,완료,미검증,DB-MIGRATION|SAMPLE-EDU|TEST-FAULT,DETAILS_CANONICAL_AND_EXECUTABLE_SCENARIO,CPF-SELF-DEV-001|CPF-SELF-DEV-005|CPF-SELF-DEV-029,CPF_CUSTOMER_MANUAL_EDU_IMPLEMENTATION_REQUIREMENTS.md,cpf-reference functional package + registered concrete consumer + refDB ledger; merged Java25/3DB/runtime evidence pending,1edd96c6dcc69b0b4d6e9e22a0709d910d7cfb04,Overlay compile/self-test and static consumer/DB parity PASS; exact Java25/refDB runtime evidence pending Codex,core,,false,NONE,NONE,refDB
EDU-DEV-28,대용량 Multipart 업로드·중단 재개,cpf-reference,com.cpf.reference.online.file.multipart,cpf-reference/src/main/java/com/cpf/reference/online/file/multipart/EduDev28Handler.java,cpf-reference/src/main/resources/edu/dev/28/scenario-contract.json,cpf-reference/src/test/java/com/cpf/reference/online/file/multipart/EduDev28UnitTest.java,cpf-reference/src/test/java/com/cpf/reference/online/file/multipart/EduDev28IntegrationTest.java,cpf-reference/src/test/java/com/cpf/reference/online/file/multipart/EduDev28FailureTest.java,cpf-reference/src/test/java/com/cpf/reference/online/file/multipart/EduDev28RecoveryTest.java,cpf-reference/src/test/java/com/cpf/reference/online/file/multipart/EduDev28ConcurrencyTest.java,INITIATED|PART_UPLOADING|ASSEMBLING|COMPLETED|ABORTED,Part 중복|순서 무관|checksum 불일치|만료 uploadId|조립 중 장애|취소|상태 변경이 있는 경우 DB Commit 전 실패와 Commit 후 응답 유실을 구분한다.|같은 요청의 중복·동시 실행·순서 역전·늦은 응답을 포함한다.|Retry 가능한 오류와 즉시 중단해야 하는 업무 오류를 구분한다.|대량·다중 대상 기능에서 부분 성공이 발생하면 성공 대상을 다시 실행하지 않고 실패 대상만 Reprocess·Reconcile한다.|복구·보상이 필요한 기능은 복구 실패와 보상 실패도 별도 상태·Attempt·Audit로 남긴다.,VALIDATE|AUTHORIZE|SCOPE|DEDUPE|VERSION_CHECK|PARTITION|CHECKSUM|MUTATE|COMMIT|OUTBOX|EXTERNAL_SEND|ACK|RECONCILE|COMPENSATION_READY|AUDIT|OBSERVE,BEFORE_COMMIT|AFTER_COMMIT|BEFORE_EXTERNAL_SEND|AFTER_EXTERNAL_SEND|RESPONSE_LOST|PARTIAL_TARGET_FAILURE|PROCESS_KILL,완료,미검증,DB-MIGRATION|SAMPLE-EDU|TEST-FAULT,DETAILS_CANONICAL_AND_EXECUTABLE_SCENARIO,CPF-SELF-DEV-001|CPF-SELF-DEV-005|CPF-SELF-DEV-029,CPF_CUSTOMER_MANUAL_EDU_IMPLEMENTATION_REQUIREMENTS.md,cpf-reference functional package + registered concrete consumer + refDB ledger; merged Java25/3DB/runtime evidence pending,1edd96c6dcc69b0b4d6e9e22a0709d910d7cfb04,Overlay compile/self-test and static consumer/DB parity PASS; exact Java25/refDB runtime evidence pending Codex,core,,false,NONE,NONE,refDB
EDU-DEV-29,악성코드 검사·격리·승인 해제,cpf-reference,com.cpf.reference.online.file.quarantine,cpf-reference/src/main/java/com/cpf/reference/online/file/quarantine/EduDev29Handler.java,cpf-reference/src/main/resources/edu/dev/29/scenario-contract.json,cpf-reference/src/test/java/com/cpf/reference/online/file/quarantine/EduDev29UnitTest.java,cpf-reference/src/test/java/com/cpf/reference/online/file/quarantine/EduDev29IntegrationTest.java,cpf-reference/src/test/java/com/cpf/reference/online/file/quarantine/EduDev29FailureTest.java,cpf-reference/src/test/java/com/cpf/reference/online/file/quarantine/EduDev29RecoveryTest.java,cpf-reference/src/test/java/com/cpf/reference/online/file/quarantine/EduDev29ConcurrencyTest.java,RECEIVED|QUARANTINED|CLEAN|SCAN_FAILED|RELEASED|INFECTED|DELETED,Scanner Timeout|엔진 미가동|false positive 승인|재검사|감염 파일 다운로드 시도|상태 변경이 있는 경우 DB Commit 전 실패와 Commit 후 응답 유실을 구분한다.|같은 요청의 중복·동시 실행·순서 역전·늦은 응답을 포함한다.|Retry 가능한 오류와 즉시 중단해야 하는 업무 오류를 구분한다.|대량·다중 대상 기능에서 부분 성공이 발생하면 성공 대상을 다시 실행하지 않고 실패 대상만 Reprocess·Reconcile한다.|복구·보상이 필요한 기능은 복구 실패와 보상 실패도 별도 상태·Attempt·Audit로 남긴다.,VALIDATE|AUTHORIZE|SCOPE|DEDUPE|VERSION_CHECK|APPROVAL|PARTITION|CHECKSUM|QUARANTINE|MUTATE|COMMIT|OUTBOX|EXTERNAL_SEND|ACK|RECONCILE|COMPENSATION_READY|AUDIT|OBSERVE,BEFORE_COMMIT|AFTER_COMMIT|BEFORE_EXTERNAL_SEND|AFTER_EXTERNAL_SEND|RESPONSE_LOST|PARTIAL_TARGET_FAILURE|TIMEOUT|PROCESS_KILL,완료,미검증,DB-MIGRATION|SAMPLE-EDU|TEST-FAULT,DETAILS_CANONICAL_AND_EXECUTABLE_SCENARIO,CPF-SELF-DEV-001|CPF-SELF-DEV-005|CPF-SELF-DEV-029,CPF_CUSTOMER_MANUAL_EDU_IMPLEMENTATION_REQUIREMENTS.md,cpf-reference functional package + registered concrete consumer + refDB ledger; merged Java25/3DB/runtime evidence pending,1edd96c6dcc69b0b4d6e9e22a0709d910d7cfb04,Overlay compile/self-test and static consumer/DB parity PASS; exact Java25/refDB runtime evidence pending Codex,core,,false,NONE,NONE,refDB
EDU-DEV-30,Object Storage 보존·버전·법적 보류,cpf-reference,com.cpf.reference.online.file.objectstorage,cpf-reference/src/main/java/com/cpf/reference/online/file/objectstorage/EduDev30Handler.java,cpf-reference/src/main/resources/edu/dev/30/scenario-contract.json,cpf-reference/src/test/java/com/cpf/reference/online/file/objectstorage/EduDev30UnitTest.java,cpf-reference/src/test/java/com/cpf/reference/online/file/objectstorage/EduDev30IntegrationTest.java,cpf-reference/src/test/java/com/cpf/reference/online/file/objectstorage/EduDev30FailureTest.java,cpf-reference/src/test/java/com/cpf/reference/online/file/objectstorage/EduDev30RecoveryTest.java,cpf-reference/src/test/java/com/cpf/reference/online/file/objectstorage/EduDev30ConcurrencyTest.java,UPLOADED|RETAINED|HOLD|RELEASABLE|DELETED,동일 Key 덮어쓰기|만료 전 삭제|legal hold 해제 권한|Storage ACK 유실|상태 변경이 있는 경우 DB Commit 전 실패와 Commit 후 응답 유실을 구분한다.|같은 요청의 중복·동시 실행·순서 역전·늦은 응답을 포함한다.|Retry 가능한 오류와 즉시 중단해야 하는 업무 오류를 구분한다.|대량·다중 대상 기능에서 부분 성공이 발생하면 성공 대상을 다시 실행하지 않고 실패 대상만 Reprocess·Reconcile한다.|복구·보상이 필요한 기능은 복구 실패와 보상 실패도 별도 상태·Attempt·Audit로 남긴다.,VALIDATE|AUTHORIZE|SCOPE|DEDUPE|VERSION_CHECK|PARTITION|CHECKSUM|MUTATE|COMMIT|OUTBOX|EXTERNAL_SEND|ACK|RECONCILE|COMPENSATION_READY|AUDIT|OBSERVE,BEFORE_COMMIT|AFTER_COMMIT|BEFORE_EXTERNAL_SEND|AFTER_EXTERNAL_SEND|RESPONSE_LOST|PARTIAL_TARGET_FAILURE|PROCESS_KILL,완료,미검증,DB-MIGRATION|SAMPLE-EDU|TEST-FAULT,DETAILS_CANONICAL_AND_EXECUTABLE_SCENARIO,CPF-SELF-DEV-001|CPF-SELF-DEV-005|CPF-SELF-DEV-029,CPF_CUSTOMER_MANUAL_EDU_IMPLEMENTATION_REQUIREMENTS.md,cpf-reference functional package + registered concrete consumer + refDB ledger; merged Java25/3DB/runtime evidence pending,1edd96c6dcc69b0b4d6e9e22a0709d910d7cfb04,Overlay compile/self-test and static consumer/DB parity PASS; exact Java25/refDB runtime evidence pending Codex,core,,false,NONE,NONE,refDB
EDU-DEV-31,다중 채널 알림 선호·재시도·대체 채널,cpf-reference,com.cpf.reference.online.notification.multichannel,cpf-reference/src/main/java/com/cpf/reference/online/notification/multichannel/EduDev31Handler.java,cpf-reference/src/main/resources/edu/dev/31/scenario-contract.json,cpf-reference/src/test/java/com/cpf/reference/online/notification/multichannel/EduDev31UnitTest.java,cpf-reference/src/test/java/com/cpf/reference/online/notification/multichannel/EduDev31IntegrationTest.java,cpf-reference/src/test/java/com/cpf/reference/online/notification/multichannel/EduDev31FailureTest.java,cpf-reference/src/test/java/com/cpf/reference/online/notification/multichannel/EduDev31RecoveryTest.java,cpf-reference/src/test/java/com/cpf/reference/online/notification/multichannel/EduDev31ConcurrencyTest.java,REQUESTED|CHANNEL_SELECTED|SENT|FALLBACK|DELIVERED|FAILED,수신거부|야간 제한|Provider 429|중복 발송|Template 누락|개인정보 가림|상태 변경이 있는 경우 DB Commit 전 실패와 Commit 후 응답 유실을 구분한다.|같은 요청의 중복·동시 실행·순서 역전·늦은 응답을 포함한다.|Retry 가능한 오류와 즉시 중단해야 하는 업무 오류를 구분한다.|대량·다중 대상 기능에서 부분 성공이 발생하면 성공 대상을 다시 실행하지 않고 실패 대상만 Reprocess·Reconcile한다.|복구·보상이 필요한 기능은 복구 실패와 보상 실패도 별도 상태·Attempt·Audit로 남긴다.,VALIDATE|AUTHORIZE|SCOPE|DEDUPE|VERSION_CHECK|PARTITION|CHECKSUM|MUTATE|COMMIT|OUTBOX|EXTERNAL_SEND|ACK|RECONCILE|COMPENSATION_READY|AUDIT|OBSERVE,BEFORE_COMMIT|AFTER_COMMIT|BEFORE_EXTERNAL_SEND|AFTER_EXTERNAL_SEND|RESPONSE_LOST|PARTIAL_TARGET_FAILURE|PROCESS_KILL,완료,미검증,DB-MIGRATION|SAMPLE-EDU|TEST-FAULT,DETAILS_CANONICAL_AND_EXECUTABLE_SCENARIO,CPF-SELF-DEV-001|CPF-SELF-DEV-005|CPF-SELF-DEV-029,CPF_CUSTOMER_MANUAL_EDU_IMPLEMENTATION_REQUIREMENTS.md,cpf-reference functional package + registered concrete consumer + refDB ledger; merged Java25/3DB/runtime evidence pending,1edd96c6dcc69b0b4d6e9e22a0709d910d7cfb04,Overlay compile/self-test and static consumer/DB parity PASS; exact Java25/refDB runtime evidence pending Codex,core,,false,NONE,NONE,refDB
EDU-DEV-32,개인정보 암호화·Tokenization·Key Rotation,cpf-reference,com.cpf.reference.online.security.cryptography,cpf-reference/src/main/java/com/cpf/reference/online/security/cryptography/EduDev32Handler.java,cpf-reference/src/main/resources/edu/dev/32/scenario-contract.json,cpf-reference/src/test/java/com/cpf/reference/online/security/cryptography/EduDev32UnitTest.java,cpf-reference/src/test/java/com/cpf/reference/online/security/cryptography/EduDev32IntegrationTest.java,cpf-reference/src/test/java/com/cpf/reference/online/security/cryptography/EduDev32FailureTest.java,cpf-reference/src/test/java/com/cpf/reference/online/security/cryptography/EduDev32RecoveryTest.java,cpf-reference/src/test/java/com/cpf/reference/online/security/cryptography/EduDev32ConcurrencyTest.java,ROTATING|ENCRYPTED|TOKEN_ACTIVE|REVOKED,키 누락|구키 복호화|부분 Rotation|Token 충돌|Log 유출|백업 복원 후 키 불일치|상태 변경이 있는 경우 DB Commit 전 실패와 Commit 후 응답 유실을 구분한다.|같은 요청의 중복·동시 실행·순서 역전·늦은 응답을 포함한다.|Retry 가능한 오류와 즉시 중단해야 하는 업무 오류를 구분한다.|대량·다중 대상 기능에서 부분 성공이 발생하면 성공 대상을 다시 실행하지 않고 실패 대상만 Reprocess·Reconcile한다.|복구·보상이 필요한 기능은 복구 실패와 보상 실패도 별도 상태·Attempt·Audit로 남긴다.,VALIDATE|AUTHORIZE|SCOPE|DEDUPE|VERSION_CHECK|PARTITION|CHECKSUM|PROTECT|MUTATE|COMMIT|OUTBOX|EXTERNAL_SEND|ACK|RECONCILE|COMPENSATION_READY|AUDIT|OBSERVE,BEFORE_COMMIT|AFTER_COMMIT|BEFORE_EXTERNAL_SEND|AFTER_EXTERNAL_SEND|RESPONSE_LOST|PARTIAL_TARGET_FAILURE|PROCESS_KILL,완료,미검증,DB-MIGRATION|SAMPLE-EDU|TEST-FAULT,DETAILS_CANONICAL_AND_EXECUTABLE_SCENARIO,CPF-SELF-DEV-001|CPF-SELF-DEV-005|CPF-SELF-DEV-029,CPF_CUSTOMER_MANUAL_EDU_IMPLEMENTATION_REQUIREMENTS.md,cpf-reference functional package + registered concrete consumer + refDB ledger; merged Java25/3DB/runtime evidence pending,1edd96c6dcc69b0b4d6e9e22a0709d910d7cfb04,Overlay compile/self-test and static consumer/DB parity PASS; exact Java25/refDB runtime evidence pending Codex,core,,false,NONE,NONE,refDB
EDU-DEV-33,인증 Token 만료·갱신·폐기·세션 강제 종료,cpf-reference,com.cpf.reference.online.security.session,cpf-reference/src/main/java/com/cpf/reference/online/security/session/EduDev33Handler.java,cpf-reference/src/main/resources/edu/dev/33/scenario-contract.json,cpf-reference/src/test/java/com/cpf/reference/online/security/session/EduDev33UnitTest.java,cpf-reference/src/test/java/com/cpf/reference/online/security/session/EduDev33IntegrationTest.java,cpf-reference/src/test/java/com/cpf/reference/online/security/session/EduDev33FailureTest.java,cpf-reference/src/test/java/com/cpf/reference/online/security/session/EduDev33RecoveryTest.java,cpf-reference/src/test/java/com/cpf/reference/online/security/session/EduDev33ConcurrencyTest.java,ACTIVE|REFRESHED|EXPIRED|REVOKED|SESSION_TERMINATED,Refresh 재사용|동시 갱신|계정 잠금|Clock skew|폐기 후 API 호출|상태 변경이 있는 경우 DB Commit 전 실패와 Commit 후 응답 유실을 구분한다.|같은 요청의 중복·동시 실행·순서 역전·늦은 응답을 포함한다.|Retry 가능한 오류와 즉시 중단해야 하는 업무 오류를 구분한다.|대량·다중 대상 기능에서 부분 성공이 발생하면 성공 대상을 다시 실행하지 않고 실패 대상만 Reprocess·Reconcile한다.|복구·보상이 필요한 기능은 복구 실패와 보상 실패도 별도 상태·Attempt·Audit로 남긴다.,VALIDATE|AUTHORIZE|SCOPE|DEDUPE|VERSION_CHECK|PARTITION|CHECKSUM|MUTATE|COMMIT|OUTBOX|EXTERNAL_SEND|ACK|RECONCILE|COMPENSATION_READY|AUDIT|OBSERVE,BEFORE_COMMIT|AFTER_COMMIT|BEFORE_EXTERNAL_SEND|AFTER_EXTERNAL_SEND|RESPONSE_LOST|PARTIAL_TARGET_FAILURE|PROCESS_KILL,완료,미검증,DB-MIGRATION|SAMPLE-EDU|TEST-FAULT,DETAILS_CANONICAL_AND_EXECUTABLE_SCENARIO,CPF-SELF-DEV-001|CPF-SELF-DEV-005|CPF-SELF-DEV-029,CPF_CUSTOMER_MANUAL_EDU_IMPLEMENTATION_REQUIREMENTS.md,cpf-reference functional package + registered concrete consumer + refDB ledger; merged Java25/3DB/runtime evidence pending,1edd96c6dcc69b0b4d6e9e22a0709d910d7cfb04,Overlay compile/self-test and static consumer/DB parity PASS; exact Java25/refDB runtime evidence pending Codex,core,,false,NONE,NONE,refDB
EDU-DEV-34,API 사용량 제한·고객별 Quota·초과 처리,cpf-reference,com.cpf.reference.online.api.quota,cpf-reference/src/main/java/com/cpf/reference/online/api/quota/EduDev34Handler.java,cpf-reference/src/main/resources/edu/dev/34/scenario-contract.json,cpf-reference/src/test/java/com/cpf/reference/online/api/quota/EduDev34UnitTest.java,cpf-reference/src/test/java/com/cpf/reference/online/api/quota/EduDev34IntegrationTest.java,cpf-reference/src/test/java/com/cpf/reference/online/api/quota/EduDev34FailureTest.java,cpf-reference/src/test/java/com/cpf/reference/online/api/quota/EduDev34RecoveryTest.java,cpf-reference/src/test/java/com/cpf/reference/online/api/quota/EduDev34ConcurrencyTest.java,ALLOWED|THROTTLED|QUOTA_ACTIVE|EXHAUSTED|RESET,Burst|다중 인스턴스|Clock boundary|Redis 장애|우회 Header|상태 변경이 있는 경우 DB Commit 전 실패와 Commit 후 응답 유실을 구분한다.|같은 요청의 중복·동시 실행·순서 역전·늦은 응답을 포함한다.|Retry 가능한 오류와 즉시 중단해야 하는 업무 오류를 구분한다.|대량·다중 대상 기능에서 부분 성공이 발생하면 성공 대상을 다시 실행하지 않고 실패 대상만 Reprocess·Reconcile한다.|복구·보상이 필요한 기능은 복구 실패와 보상 실패도 별도 상태·Attempt·Audit로 남긴다.,VALIDATE|AUTHORIZE|SCOPE|DEDUPE|VERSION_CHECK|CLAIM_LEASE|PARTITION|CHECKSUM|MUTATE|COMMIT|OUTBOX|EXTERNAL_SEND|ACK|RECONCILE|COMPENSATION_READY|AUDIT|OBSERVE,BEFORE_COMMIT|AFTER_COMMIT|BEFORE_EXTERNAL_SEND|AFTER_EXTERNAL_SEND|RESPONSE_LOST|PARTIAL_TARGET_FAILURE|PROCESS_KILL|LEASE_LOST,완료,미검증,DB-MIGRATION|SAMPLE-EDU|TEST-FAULT,DETAILS_CANONICAL_AND_EXECUTABLE_SCENARIO,CPF-SELF-DEV-001|CPF-SELF-DEV-005|CPF-SELF-DEV-029,CPF_CUSTOMER_MANUAL_EDU_IMPLEMENTATION_REQUIREMENTS.md,cpf-reference functional package + registered concrete consumer + refDB ledger; merged Java25/3DB/runtime evidence pending,1edd96c6dcc69b0b4d6e9e22a0709d910d7cfb04,Overlay compile/self-test and static consumer/DB parity PASS; exact Java25/refDB runtime evidence pending Codex,core,,false,NONE,NONE,refDB
EDU-DEV-35,기능 전환 Canary·Kill Switch·사용자 Segment,cpf-reference,com.cpf.reference.online.runtime.featuretoggle,cpf-reference/src/main/java/com/cpf/reference/online/runtime/featuretoggle/EduDev35Handler.java,cpf-reference/src/main/resources/edu/dev/35/scenario-contract.json,cpf-reference/src/test/java/com/cpf/reference/online/runtime/featuretoggle/EduDev35UnitTest.java,cpf-reference/src/test/java/com/cpf/reference/online/runtime/featuretoggle/EduDev35IntegrationTest.java,cpf-reference/src/test/java/com/cpf/reference/online/runtime/featuretoggle/EduDev35FailureTest.java,cpf-reference/src/test/java/com/cpf/reference/online/runtime/featuretoggle/EduDev35RecoveryTest.java,cpf-reference/src/test/java/com/cpf/reference/online/runtime/featuretoggle/EduDev35ConcurrencyTest.java,DRAFT|ACTIVE_CANARY|ACTIVE|DISABLED|ROLLED_BACK,동일 사용자 일관성|Segment 중복|Config 부분 적용|캐시 지연|Kill switch|상태 변경이 있는 경우 DB Commit 전 실패와 Commit 후 응답 유실을 구분한다.|같은 요청의 중복·동시 실행·순서 역전·늦은 응답을 포함한다.|Retry 가능한 오류와 즉시 중단해야 하는 업무 오류를 구분한다.|대량·다중 대상 기능에서 부분 성공이 발생하면 성공 대상을 다시 실행하지 않고 실패 대상만 Reprocess·Reconcile한다.|복구·보상이 필요한 기능은 복구 실패와 보상 실패도 별도 상태·Attempt·Audit로 남긴다.,VALIDATE|AUTHORIZE|SCOPE|DEDUPE|VERSION_CHECK|PARTITION|CHECKSUM|MUTATE|COMMIT|OUTBOX|EXTERNAL_SEND|ACK|RECONCILE|COMPENSATION_READY|AUDIT|OBSERVE,BEFORE_COMMIT|AFTER_COMMIT|BEFORE_EXTERNAL_SEND|AFTER_EXTERNAL_SEND|RESPONSE_LOST|PARTIAL_TARGET_FAILURE|TIMEOUT|PROCESS_KILL,완료,미검증,DB-MIGRATION|SAMPLE-EDU|TEST-FAULT,DETAILS_CANONICAL_AND_EXECUTABLE_SCENARIO,CPF-SELF-DEV-001|CPF-SELF-DEV-005|CPF-SELF-DEV-029,CPF_CUSTOMER_MANUAL_EDU_IMPLEMENTATION_REQUIREMENTS.md,cpf-reference functional package + registered concrete consumer + refDB ledger; merged Java25/3DB/runtime evidence pending,1edd96c6dcc69b0b4d6e9e22a0709d910d7cfb04,Overlay compile/self-test and static consumer/DB parity PASS; exact Java25/refDB runtime evidence pending Codex,core,,false,NONE,NONE,refDB
EDU-DEV-36,Cache Stampede·Negative Cache·원본 정합성,cpf-reference,com.cpf.reference.online.cache.consistency,cpf-reference/src/main/java/com/cpf/reference/online/cache/consistency/EduDev36Handler.java,cpf-reference/src/main/resources/edu/dev/36/scenario-contract.json,cpf-reference/src/test/java/com/cpf/reference/online/cache/consistency/EduDev36UnitTest.java,cpf-reference/src/test/java/com/cpf/reference/online/cache/consistency/EduDev36IntegrationTest.java,cpf-reference/src/test/java/com/cpf/reference/online/cache/consistency/EduDev36FailureTest.java,cpf-reference/src/test/java/com/cpf/reference/online/cache/consistency/EduDev36RecoveryTest.java,cpf-reference/src/test/java/com/cpf/reference/online/cache/consistency/EduDev36ConcurrencyTest.java,MISS|REFRESHING|REFRESHED|HIT|STALE_SERVED,동시 1|000요청|Redis 장애|Loader Timeout|갱신 중 삭제|stale 허용 한계|상태 변경이 있는 경우 DB Commit 전 실패와 Commit 후 응답 유실을 구분한다.|같은 요청의 중복·동시 실행·순서 역전·늦은 응답을 포함한다.|Retry 가능한 오류와 즉시 중단해야 하는 업무 오류를 구분한다.|대량·다중 대상 기능에서 부분 성공이 발생하면 성공 대상을 다시 실행하지 않고 실패 대상만 Reprocess·Reconcile한다.|복구·보상이 필요한 기능은 복구 실패와 보상 실패도 별도 상태·Attempt·Audit로 남긴다.,VALIDATE|AUTHORIZE|SCOPE|DEDUPE|VERSION_CHECK|PARTITION|CHECKSUM|MUTATE|COMMIT|OUTBOX|EXTERNAL_SEND|ACK|RECONCILE|COMPENSATION_READY|AUDIT|OBSERVE,BEFORE_COMMIT|AFTER_COMMIT|BEFORE_EXTERNAL_SEND|AFTER_EXTERNAL_SEND|RESPONSE_LOST|PARTIAL_TARGET_FAILURE|TIMEOUT|PROCESS_KILL,완료,미검증,DB-MIGRATION|SAMPLE-EDU|TEST-FAULT,DETAILS_CANONICAL_AND_EXECUTABLE_SCENARIO,CPF-SELF-DEV-001|CPF-SELF-DEV-005|CPF-SELF-DEV-029,CPF_CUSTOMER_MANUAL_EDU_IMPLEMENTATION_REQUIREMENTS.md,cpf-reference functional package + registered concrete consumer + refDB ledger; merged Java25/3DB/runtime evidence pending,1edd96c6dcc69b0b4d6e9e22a0709d910d7cfb04,Overlay compile/self-test and static consumer/DB parity PASS; exact Java25/refDB runtime evidence pending Codex,core,,false,NONE,NONE,refDB
EDU-DEV-37,온라인 분산 Lease·Fencing·소유권 상실,cpf-reference,com.cpf.reference.online.concurrency.lease,cpf-reference/src/main/java/com/cpf/reference/online/concurrency/lease/EduDev37Handler.java,cpf-reference/src/main/resources/edu/dev/37/scenario-contract.json,cpf-reference/src/test/java/com/cpf/reference/online/concurrency/lease/EduDev37UnitTest.java,cpf-reference/src/test/java/com/cpf/reference/online/concurrency/lease/EduDev37IntegrationTest.java,cpf-reference/src/test/java/com/cpf/reference/online/concurrency/lease/EduDev37FailureTest.java,cpf-reference/src/test/java/com/cpf/reference/online/concurrency/lease/EduDev37RecoveryTest.java,cpf-reference/src/test/java/com/cpf/reference/online/concurrency/lease/EduDev37ConcurrencyTest.java,AVAILABLE|CLAIMED|RENEWING|RELEASED|EXPIRED,GC pause|네트워크 분리|이중 Claim|늦은 Commit|Token 역전|상태 변경이 있는 경우 DB Commit 전 실패와 Commit 후 응답 유실을 구분한다.|같은 요청의 중복·동시 실행·순서 역전·늦은 응답을 포함한다.|Retry 가능한 오류와 즉시 중단해야 하는 업무 오류를 구분한다.|대량·다중 대상 기능에서 부분 성공이 발생하면 성공 대상을 다시 실행하지 않고 실패 대상만 Reprocess·Reconcile한다.|복구·보상이 필요한 기능은 복구 실패와 보상 실패도 별도 상태·Attempt·Audit로 남긴다.,VALIDATE|AUTHORIZE|SCOPE|DEDUPE|VERSION_CHECK|CLAIM_LEASE|PARTITION|CHECKSUM|MUTATE|COMMIT|OUTBOX|EXTERNAL_SEND|ACK|RECONCILE|COMPENSATION_READY|AUDIT|OBSERVE,BEFORE_COMMIT|AFTER_COMMIT|BEFORE_EXTERNAL_SEND|AFTER_EXTERNAL_SEND|RESPONSE_LOST|PARTIAL_TARGET_FAILURE|PROCESS_KILL|LEASE_LOST,완료,미검증,DB-MIGRATION|SAMPLE-EDU|TEST-FAULT,DETAILS_CANONICAL_AND_EXECUTABLE_SCENARIO,CPF-SELF-DEV-001|CPF-SELF-DEV-005|CPF-SELF-DEV-029,CPF_CUSTOMER_MANUAL_EDU_IMPLEMENTATION_REQUIREMENTS.md,cpf-reference functional package + registered concrete consumer + refDB ledger; merged Java25/3DB/runtime evidence pending,1edd96c6dcc69b0b4d6e9e22a0709d910d7cfb04,Overlay compile/self-test and static consumer/DB parity PASS; exact Java25/refDB runtime evidence pending Codex,core,,false,NONE,NONE,refDB
EDU-DEV-38,다중 Tenant 격리·설정·데이터 범위,cpf-reference,com.cpf.reference.online.security.multitenancy,cpf-reference/src/main/java/com/cpf/reference/online/security/multitenancy/EduDev38Handler.java,cpf-reference/src/main/resources/edu/dev/38/scenario-contract.json,cpf-reference/src/test/java/com/cpf/reference/online/security/multitenancy/EduDev38UnitTest.java,cpf-reference/src/test/java/com/cpf/reference/online/security/multitenancy/EduDev38IntegrationTest.java,cpf-reference/src/test/java/com/cpf/reference/online/security/multitenancy/EduDev38FailureTest.java,cpf-reference/src/test/java/com/cpf/reference/online/security/multitenancy/EduDev38RecoveryTest.java,cpf-reference/src/test/java/com/cpf/reference/online/security/multitenancy/EduDev38ConcurrencyTest.java,TENANT_ACTIVE|SUSPENDED|TENANT_CONTEXT_BOUND,tenantId 누락·위조|Cross-tenant IDOR|Cache key 누락|Topic 공유|관리자 범위|상태 변경이 있는 경우 DB Commit 전 실패와 Commit 후 응답 유실을 구분한다.|같은 요청의 중복·동시 실행·순서 역전·늦은 응답을 포함한다.|Retry 가능한 오류와 즉시 중단해야 하는 업무 오류를 구분한다.|대량·다중 대상 기능에서 부분 성공이 발생하면 성공 대상을 다시 실행하지 않고 실패 대상만 Reprocess·Reconcile한다.|복구·보상이 필요한 기능은 복구 실패와 보상 실패도 별도 상태·Attempt·Audit로 남긴다.,VALIDATE|AUTHORIZE|SCOPE|DEDUPE|VERSION_CHECK|PARTITION|CHECKSUM|QUARANTINE|MUTATE|COMMIT|OUTBOX|EXTERNAL_SEND|ACK|RECONCILE|COMPENSATION_READY|AUDIT|OBSERVE,BEFORE_COMMIT|AFTER_COMMIT|BEFORE_EXTERNAL_SEND|AFTER_EXTERNAL_SEND|RESPONSE_LOST|PARTIAL_TARGET_FAILURE|PROCESS_KILL,완료,미검증,DB-MIGRATION|SAMPLE-EDU|TEST-FAULT,DETAILS_CANONICAL_AND_EXECUTABLE_SCENARIO,CPF-SELF-DEV-001|CPF-SELF-DEV-005|CPF-SELF-DEV-029,CPF_CUSTOMER_MANUAL_EDU_IMPLEMENTATION_REQUIREMENTS.md,cpf-reference functional package + registered concrete consumer + refDB ledger; merged Java25/3DB/runtime evidence pending,1edd96c6dcc69b0b4d6e9e22a0709d910d7cfb04,Overlay compile/self-test and static consumer/DB parity PASS; exact Java25/refDB runtime evidence pending Codex,core,,false,NONE,NONE,refDB
EDU-DEV-39,업무일자·시간대·휴일 Calendar,cpf-reference,com.cpf.reference.online.calendar.businessday,cpf-reference/src/main/java/com/cpf/reference/online/calendar/businessday/EduDev39Handler.java,cpf-reference/src/main/resources/edu/dev/39/scenario-contract.json,cpf-reference/src/test/java/com/cpf/reference/online/calendar/businessday/EduDev39UnitTest.java,cpf-reference/src/test/java/com/cpf/reference/online/calendar/businessday/EduDev39IntegrationTest.java,cpf-reference/src/test/java/com/cpf/reference/online/calendar/businessday/EduDev39FailureTest.java,cpf-reference/src/test/java/com/cpf/reference/online/calendar/businessday/EduDev39RecoveryTest.java,cpf-reference/src/test/java/com/cpf/reference/online/calendar/businessday/EduDev39ConcurrencyTest.java,OPEN|CUTOFF|CLOSED|DATE_RESOLVED,자정 경계|윤일|DST gap/overlap|휴일 변경|소급 Calendar|상태 변경이 있는 경우 DB Commit 전 실패와 Commit 후 응답 유실을 구분한다.|같은 요청의 중복·동시 실행·순서 역전·늦은 응답을 포함한다.|Retry 가능한 오류와 즉시 중단해야 하는 업무 오류를 구분한다.|대량·다중 대상 기능에서 부분 성공이 발생하면 성공 대상을 다시 실행하지 않고 실패 대상만 Reprocess·Reconcile한다.|복구·보상이 필요한 기능은 복구 실패와 보상 실패도 별도 상태·Attempt·Audit로 남긴다.,VALIDATE|AUTHORIZE|SCOPE|DEDUPE|VERSION_CHECK|PARTITION|CHECKSUM|MUTATE|COMMIT|OUTBOX|EXTERNAL_SEND|ACK|RECONCILE|COMPENSATION_READY|AUDIT|OBSERVE,BEFORE_COMMIT|AFTER_COMMIT|BEFORE_EXTERNAL_SEND|AFTER_EXTERNAL_SEND|RESPONSE_LOST|PARTIAL_TARGET_FAILURE|PROCESS_KILL,완료,미검증,DB-MIGRATION|SAMPLE-EDU|TEST-FAULT,DETAILS_CANONICAL_AND_EXECUTABLE_SCENARIO,CPF-SELF-DEV-001|CPF-SELF-DEV-005|CPF-SELF-DEV-029,CPF_CUSTOMER_MANUAL_EDU_IMPLEMENTATION_REQUIREMENTS.md,cpf-reference functional package + registered concrete consumer + refDB ledger; merged Java25/3DB/runtime evidence pending,1edd96c6dcc69b0b4d6e9e22a0709d910d7cfb04,Overlay compile/self-test and static consumer/DB parity PASS; exact Java25/refDB runtime evidence pending Codex,core,,false,NONE,NONE,refDB
EDU-DEV-40,금액·통화·반올림·환율 Version,cpf-reference,com.cpf.reference.online.money.exchange,cpf-reference/src/main/java/com/cpf/reference/online/money/exchange/EduDev40Handler.java,cpf-reference/src/main/resources/edu/dev/40/scenario-contract.json,cpf-reference/src/test/java/com/cpf/reference/online/money/exchange/EduDev40UnitTest.java,cpf-reference/src/test/java/com/cpf/reference/online/money/exchange/EduDev40IntegrationTest.java,cpf-reference/src/test/java/com/cpf/reference/online/money/exchange/EduDev40FailureTest.java,cpf-reference/src/test/java/com/cpf/reference/online/money/exchange/EduDev40RecoveryTest.java,cpf-reference/src/test/java/com/cpf/reference/online/money/exchange/EduDev40ConcurrencyTest.java,QUOTED|CONFIRMED|POSTED|RATE_VERSION_CAPTURED,0.005 반올림|JPY 0 scale|환율 누락|음수·한도|재계산 차이|상태 변경이 있는 경우 DB Commit 전 실패와 Commit 후 응답 유실을 구분한다.|같은 요청의 중복·동시 실행·순서 역전·늦은 응답을 포함한다.|Retry 가능한 오류와 즉시 중단해야 하는 업무 오류를 구분한다.|대량·다중 대상 기능에서 부분 성공이 발생하면 성공 대상을 다시 실행하지 않고 실패 대상만 Reprocess·Reconcile한다.|복구·보상이 필요한 기능은 복구 실패와 보상 실패도 별도 상태·Attempt·Audit로 남긴다.,VALIDATE|AUTHORIZE|SCOPE|DEDUPE|VERSION_CHECK|PARTITION|CHECKSUM|MUTATE|COMMIT|OUTBOX|EXTERNAL_SEND|ACK|RECONCILE|COMPENSATION_READY|AUDIT|OBSERVE,BEFORE_COMMIT|AFTER_COMMIT|BEFORE_EXTERNAL_SEND|AFTER_EXTERNAL_SEND|RESPONSE_LOST|PARTIAL_TARGET_FAILURE|PROCESS_KILL,완료,미검증,DB-MIGRATION|SAMPLE-EDU|TEST-FAULT,DETAILS_CANONICAL_AND_EXECUTABLE_SCENARIO,CPF-SELF-DEV-001|CPF-SELF-DEV-005|CPF-SELF-DEV-029,CPF_CUSTOMER_MANUAL_EDU_IMPLEMENTATION_REQUIREMENTS.md,cpf-reference functional package + registered concrete consumer + refDB ledger; merged Java25/3DB/runtime evidence pending,1edd96c6dcc69b0b4d6e9e22a0709d910d7cfb04,Overlay compile/self-test and static consumer/DB parity PASS; exact Java25/refDB runtime evidence pending Codex,core,,false,NONE,NONE,refDB
EDU-DEV-41,감사 증적 Export·무결성 Hash·검증,cpf-reference,com.cpf.reference.online.audit.evidence,cpf-reference/src/main/java/com/cpf/reference/online/audit/evidence/EduDev41Handler.java,cpf-reference/src/main/resources/edu/dev/41/scenario-contract.json,cpf-reference/src/test/java/com/cpf/reference/online/audit/evidence/EduDev41UnitTest.java,cpf-reference/src/test/java/com/cpf/reference/online/audit/evidence/EduDev41IntegrationTest.java,cpf-reference/src/test/java/com/cpf/reference/online/audit/evidence/EduDev41FailureTest.java,cpf-reference/src/test/java/com/cpf/reference/online/audit/evidence/EduDev41RecoveryTest.java,cpf-reference/src/test/java/com/cpf/reference/online/audit/evidence/EduDev41ConcurrencyTest.java,REQUESTED|APPROVED|GENERATING|READY|EXPIRED,대용량|개인정보 Masking|승인 만료|파일 변경|다운로드 재시도|상태 변경이 있는 경우 DB Commit 전 실패와 Commit 후 응답 유실을 구분한다.|같은 요청의 중복·동시 실행·순서 역전·늦은 응답을 포함한다.|Retry 가능한 오류와 즉시 중단해야 하는 업무 오류를 구분한다.|대량·다중 대상 기능에서 부분 성공이 발생하면 성공 대상을 다시 실행하지 않고 실패 대상만 Reprocess·Reconcile한다.|복구·보상이 필요한 기능은 복구 실패와 보상 실패도 별도 상태·Attempt·Audit로 남긴다.,VALIDATE|AUTHORIZE|SCOPE|DEDUPE|VERSION_CHECK|APPROVAL|PARTITION|CHECKSUM|MUTATE|COMMIT|OUTBOX|EXTERNAL_SEND|ACK|RECONCILE|COMPENSATION_READY|AUDIT|OBSERVE,BEFORE_COMMIT|AFTER_COMMIT|BEFORE_EXTERNAL_SEND|AFTER_EXTERNAL_SEND|RESPONSE_LOST|PARTIAL_TARGET_FAILURE|PROCESS_KILL,완료,미검증,DB-MIGRATION|SAMPLE-EDU|TEST-FAULT,DETAILS_CANONICAL_AND_EXECUTABLE_SCENARIO,CPF-SELF-DEV-001|CPF-SELF-DEV-005|CPF-SELF-DEV-029,CPF_CUSTOMER_MANUAL_EDU_IMPLEMENTATION_REQUIREMENTS.md,cpf-reference functional package + registered concrete consumer + refDB ledger; merged Java25/3DB/runtime evidence pending,1edd96c6dcc69b0b4d6e9e22a0709d910d7cfb04,Overlay compile/self-test and static consumer/DB parity PASS; exact Java25/refDB runtime evidence pending Codex,core,,false,NONE,NONE,refDB
EDU-DEV-42,로그·Metric·Trace 상관관계와 Sampling,cpf-reference,com.cpf.reference.online.observability.correlation,cpf-reference/src/main/java/com/cpf/reference/online/observability/correlation/EduDev42Handler.java,cpf-reference/src/main/resources/edu/dev/42/scenario-contract.json,cpf-reference/src/test/java/com/cpf/reference/online/observability/correlation/EduDev42UnitTest.java,cpf-reference/src/test/java/com/cpf/reference/online/observability/correlation/EduDev42IntegrationTest.java,cpf-reference/src/test/java/com/cpf/reference/online/observability/correlation/EduDev42FailureTest.java,cpf-reference/src/test/java/com/cpf/reference/online/observability/correlation/EduDev42RecoveryTest.java,cpf-reference/src/test/java/com/cpf/reference/online/observability/correlation/EduDev42ConcurrencyTest.java,TRACE_STARTED|SPANS_EXPORTED|PARTIAL|METRIC_RECORDED,Header 누락|비동기 Context 유실|Sampling 제외|Collector 장애|개인정보 Log|상태 변경이 있는 경우 DB Commit 전 실패와 Commit 후 응답 유실을 구분한다.|같은 요청의 중복·동시 실행·순서 역전·늦은 응답을 포함한다.|Retry 가능한 오류와 즉시 중단해야 하는 업무 오류를 구분한다.|대량·다중 대상 기능에서 부분 성공이 발생하면 성공 대상을 다시 실행하지 않고 실패 대상만 Reprocess·Reconcile한다.|복구·보상이 필요한 기능은 복구 실패와 보상 실패도 별도 상태·Attempt·Audit로 남긴다.,VALIDATE|AUTHORIZE|SCOPE|DEDUPE|VERSION_CHECK|PARTITION|CHECKSUM|MUTATE|COMMIT|OUTBOX|EXTERNAL_SEND|ACK|RECONCILE|COMPENSATION_READY|AUDIT|OBSERVE,BEFORE_COMMIT|AFTER_COMMIT|BEFORE_EXTERNAL_SEND|AFTER_EXTERNAL_SEND|RESPONSE_LOST|PARTIAL_TARGET_FAILURE|PROCESS_KILL,완료,미검증,DB-MIGRATION|SAMPLE-EDU|TEST-FAULT,DETAILS_CANONICAL_AND_EXECUTABLE_SCENARIO,CPF-SELF-DEV-001|CPF-SELF-DEV-005|CPF-SELF-DEV-029,CPF_CUSTOMER_MANUAL_EDU_IMPLEMENTATION_REQUIREMENTS.md,cpf-reference functional package + registered concrete consumer + refDB ledger; merged Java25/3DB/runtime evidence pending,1edd96c6dcc69b0b4d6e9e22a0709d910d7cfb04,Overlay compile/self-test and static consumer/DB parity PASS; exact Java25/refDB runtime evidence pending Codex,core,,false,NONE,NONE,refDB
EDU-DEV-43,API Version 전환·하위 호환·폐기,cpf-reference,com.cpf.reference.online.api.versioning,cpf-reference/src/main/java/com/cpf/reference/online/api/versioning/EduDev43Handler.java,cpf-reference/src/main/resources/edu/dev/43/scenario-contract.json,cpf-reference/src/test/java/com/cpf/reference/online/api/versioning/EduDev43UnitTest.java,cpf-reference/src/test/java/com/cpf/reference/online/api/versioning/EduDev43IntegrationTest.java,cpf-reference/src/test/java/com/cpf/reference/online/api/versioning/EduDev43FailureTest.java,cpf-reference/src/test/java/com/cpf/reference/online/api/versioning/EduDev43RecoveryTest.java,cpf-reference/src/test/java/com/cpf/reference/online/api/versioning/EduDev43ConcurrencyTest.java,V2_ACTIVE|V1_DEPRECATED|V1_RETIRED|V1_ACTIVE,필수 Field 추가|enum 확장|오래된 Client|Gateway route 혼선|rollback|상태 변경이 있는 경우 DB Commit 전 실패와 Commit 후 응답 유실을 구분한다.|같은 요청의 중복·동시 실행·순서 역전·늦은 응답을 포함한다.|Retry 가능한 오류와 즉시 중단해야 하는 업무 오류를 구분한다.|대량·다중 대상 기능에서 부분 성공이 발생하면 성공 대상을 다시 실행하지 않고 실패 대상만 Reprocess·Reconcile한다.|복구·보상이 필요한 기능은 복구 실패와 보상 실패도 별도 상태·Attempt·Audit로 남긴다.,VALIDATE|AUTHORIZE|SCOPE|DEDUPE|VERSION_CHECK|PARTITION|CHECKSUM|MUTATE|COMMIT|OUTBOX|EXTERNAL_SEND|ACK|RECONCILE|COMPENSATION_READY|AUDIT|OBSERVE,BEFORE_COMMIT|AFTER_COMMIT|BEFORE_EXTERNAL_SEND|AFTER_EXTERNAL_SEND|RESPONSE_LOST|PARTIAL_TARGET_FAILURE|PROCESS_KILL,완료,미검증,DB-MIGRATION|SAMPLE-EDU|TEST-FAULT,DETAILS_CANONICAL_AND_EXECUTABLE_SCENARIO,CPF-SELF-DEV-001|CPF-SELF-DEV-005|CPF-SELF-DEV-029,CPF_CUSTOMER_MANUAL_EDU_IMPLEMENTATION_REQUIREMENTS.md,cpf-reference functional package + registered concrete consumer + refDB ledger; merged Java25/3DB/runtime evidence pending,1edd96c6dcc69b0b4d6e9e22a0709d910d7cfb04,Overlay compile/self-test and static consumer/DB parity PASS; exact Java25/refDB runtime evidence pending Codex,core,,false,NONE,NONE,refDB
EDU-DEV-44,Event Schema 진화·호환성·Dead Letter,cpf-reference,com.cpf.reference.online.messaging.schema,cpf-reference/src/main/java/com/cpf/reference/online/messaging/schema/EduDev44Handler.java,cpf-reference/src/main/resources/edu/dev/44/scenario-contract.json,cpf-reference/src/test/java/com/cpf/reference/online/messaging/schema/EduDev44UnitTest.java,cpf-reference/src/test/java/com/cpf/reference/online/messaging/schema/EduDev44IntegrationTest.java,cpf-reference/src/test/java/com/cpf/reference/online/messaging/schema/EduDev44FailureTest.java,cpf-reference/src/test/java/com/cpf/reference/online/messaging/schema/EduDev44RecoveryTest.java,cpf-reference/src/test/java/com/cpf/reference/online/messaging/schema/EduDev44ConcurrencyTest.java,PUBLISHED|VALIDATED|CONSUMED|DLQ|QUARANTINED,필드 삭제|타입 변경|알 수 없는 enum|순서 뒤집힘|구 Consumer|상태 변경이 있는 경우 DB Commit 전 실패와 Commit 후 응답 유실을 구분한다.|같은 요청의 중복·동시 실행·순서 역전·늦은 응답을 포함한다.|Retry 가능한 오류와 즉시 중단해야 하는 업무 오류를 구분한다.|대량·다중 대상 기능에서 부분 성공이 발생하면 성공 대상을 다시 실행하지 않고 실패 대상만 Reprocess·Reconcile한다.|복구·보상이 필요한 기능은 복구 실패와 보상 실패도 별도 상태·Attempt·Audit로 남긴다.,VALIDATE|AUTHORIZE|SCOPE|DEDUPE|VERSION_CHECK|PARTITION|CHECKSUM|MUTATE|COMMIT|OUTBOX|EXTERNAL_SEND|ACK|RECONCILE|COMPENSATION_READY|AUDIT|OBSERVE,BEFORE_COMMIT|AFTER_COMMIT|BEFORE_EXTERNAL_SEND|AFTER_EXTERNAL_SEND|RESPONSE_LOST|PARTIAL_TARGET_FAILURE|PROCESS_KILL,완료,미검증,DB-MIGRATION|SAMPLE-EDU|TEST-FAULT,DETAILS_CANONICAL_AND_EXECUTABLE_SCENARIO,CPF-SELF-DEV-001|CPF-SELF-DEV-005|CPF-SELF-DEV-029,CPF_CUSTOMER_MANUAL_EDU_IMPLEMENTATION_REQUIREMENTS.md,cpf-reference functional package + registered concrete consumer + refDB ledger; merged Java25/3DB/runtime evidence pending,1edd96c6dcc69b0b4d6e9e22a0709d910d7cfb04,Overlay compile/self-test and static consumer/DB parity PASS; exact Java25/refDB runtime evidence pending Codex,core,,false,NONE,NONE,refDB
EDU-DEV-45,조회 모델·검색색인 Eventual Consistency,cpf-reference,com.cpf.reference.online.query.searchindex,cpf-reference/src/main/java/com/cpf/reference/online/query/searchindex/EduDev45Handler.java,cpf-reference/src/main/resources/edu/dev/45/scenario-contract.json,cpf-reference/src/test/java/com/cpf/reference/online/query/searchindex/EduDev45UnitTest.java,cpf-reference/src/test/java/com/cpf/reference/online/query/searchindex/EduDev45IntegrationTest.java,cpf-reference/src/test/java/com/cpf/reference/online/query/searchindex/EduDev45FailureTest.java,cpf-reference/src/test/java/com/cpf/reference/online/query/searchindex/EduDev45RecoveryTest.java,cpf-reference/src/test/java/com/cpf/reference/online/query/searchindex/EduDev45ConcurrencyTest.java,SOURCE_COMMITTED|INDEX_PENDING|INDEXED|FAILED|REINDEXED,이벤트 유실|중복|순서 역전|검색 Cluster 장애|전체 재색인 중 변경|상태 변경이 있는 경우 DB Commit 전 실패와 Commit 후 응답 유실을 구분한다.|같은 요청의 중복·동시 실행·순서 역전·늦은 응답을 포함한다.|Retry 가능한 오류와 즉시 중단해야 하는 업무 오류를 구분한다.|대량·다중 대상 기능에서 부분 성공이 발생하면 성공 대상을 다시 실행하지 않고 실패 대상만 Reprocess·Reconcile한다.|복구·보상이 필요한 기능은 복구 실패와 보상 실패도 별도 상태·Attempt·Audit로 남긴다.,VALIDATE|AUTHORIZE|SCOPE|VERSION_CHECK|PARTITION|CHECKSUM|QUERY_SNAPSHOT|OUTBOX|EXTERNAL_SEND|ACK|RECONCILE|COMPENSATION_READY|AUDIT|OBSERVE,BEFORE_EXTERNAL_SEND|AFTER_EXTERNAL_SEND|PARTIAL_TARGET_FAILURE|TIMEOUT,완료,미검증,DB-MIGRATION|SAMPLE-EDU|TEST-FAULT,DETAILS_CANONICAL_AND_EXECUTABLE_SCENARIO,CPF-SELF-DEV-001|CPF-SELF-DEV-005|CPF-SELF-DEV-029,CPF_CUSTOMER_MANUAL_EDU_IMPLEMENTATION_REQUIREMENTS.md,cpf-reference functional package + registered concrete consumer + refDB ledger; merged Java25/3DB/runtime evidence pending,1edd96c6dcc69b0b4d6e9e22a0709d910d7cfb04,Overlay compile/self-test and static consumer/DB parity PASS; exact Java25/refDB runtime evidence pending Codex,core,,false,NONE,NONE,refDB
EDU-BAT-11,조건 분기·다단계 Job Flow,cpf-reference,com.cpf.reference.batch.flow.conditional,cpf-reference/src/main/java/com/cpf/reference/batch/flow/conditional/EduBat11Handler.java,cpf-reference/src/main/resources/edu/batch/flow/conditional/11/scenario-contract.json,cpf-reference/src/test/java/com/cpf/reference/batch/flow/conditional/EduBat11UnitTest.java,cpf-reference/src/test/java/com/cpf/reference/batch/flow/conditional/EduBat11IntegrationTest.java,cpf-reference/src/test/java/com/cpf/reference/batch/flow/conditional/EduBat11FailureTest.java,cpf-reference/src/test/java/com/cpf/reference/batch/flow/conditional/EduBat11RecoveryTest.java,cpf-reference/src/test/java/com/cpf/reference/batch/flow/conditional/EduBat11ConcurrencyTest.java,STARTING|VALIDATING|PROCESSING|SENDING|COMPLETED|STOPPED,검증 실패|Step ExitStatus 분기|재시작 시 완료 Step 재실행 방지|상태 변경이 있는 경우 DB Commit 전 실패와 Commit 후 응답 유실을 구분한다.|같은 요청의 중복·동시 실행·순서 역전·늦은 응답을 포함한다.|Retry 가능한 오류와 즉시 중단해야 하는 업무 오류를 구분한다.|대량·다중 대상 기능에서 부분 성공이 발생하면 성공 대상을 다시 실행하지 않고 실패 대상만 Reprocess·Reconcile한다.|복구·보상이 필요한 기능은 복구 실패와 보상 실패도 별도 상태·Attempt·Audit로 남긴다.,VALIDATE|AUTHORIZE|SCOPE|DEDUPE|VERSION_CHECK|CLAIM_LEASE|PARTITION|CHECKSUM|MUTATE|COMMIT|CHECKPOINT|OUTBOX|EXTERNAL_SEND|ACK|RECONCILE|COMPENSATION_READY|AUDIT|OBSERVE,BEFORE_COMMIT|AFTER_COMMIT|BEFORE_EXTERNAL_SEND|AFTER_EXTERNAL_SEND|RESPONSE_LOST|PARTIAL_TARGET_FAILURE|PROCESS_KILL|LEASE_LOST,완료,미검증,DB-MIGRATION|SAMPLE-EDU|TEST-FAULT,DETAILS_CANONICAL_AND_EXECUTABLE_SCENARIO,CPF-SELF-DEV-001|CPF-SELF-DEV-005|CPF-SELF-DEV-029,CPF_CUSTOMER_MANUAL_EDU_IMPLEMENTATION_REQUIREMENTS.md,cpf-reference functional package + registered concrete consumer + refDB ledger; merged Java25/3DB/runtime evidence pending,1edd96c6dcc69b0b4d6e9e22a0709d910d7cfb04,Overlay compile/self-test and static consumer/DB parity PASS; exact Java25/refDB runtime evidence pending Codex,batch,cpf.reference.features.batch.enabled,true,NONE,NONE,refDB
EDU-BAT-12,Retry·Skip·No-Skip 예외 분류,cpf-reference,com.cpf.reference.batch.faulttolerance.retryskip,cpf-reference/src/main/java/com/cpf/reference/batch/faulttolerance/retryskip/EduBat12Handler.java,cpf-reference/src/main/resources/edu/batch/faulttolerance/retryskip/12/scenario-contract.json,cpf-reference/src/test/java/com/cpf/reference/batch/faulttolerance/retryskip/EduBat12UnitTest.java,cpf-reference/src/test/java/com/cpf/reference/batch/faulttolerance/retryskip/EduBat12IntegrationTest.java,cpf-reference/src/test/java/com/cpf/reference/batch/faulttolerance/retryskip/EduBat12FailureTest.java,cpf-reference/src/test/java/com/cpf/reference/batch/faulttolerance/retryskip/EduBat12RecoveryTest.java,cpf-reference/src/test/java/com/cpf/reference/batch/faulttolerance/retryskip/EduBat12ConcurrencyTest.java,RUNNING|RETRYING|SKIPPING|COMPLETED|FAILED,Retry exhaustion|skip limit 초과|같은 item 반복|rollback classifier 오류|상태 변경이 있는 경우 DB Commit 전 실패와 Commit 후 응답 유실을 구분한다.|같은 요청의 중복·동시 실행·순서 역전·늦은 응답을 포함한다.|Retry 가능한 오류와 즉시 중단해야 하는 업무 오류를 구분한다.|대량·다중 대상 기능에서 부분 성공이 발생하면 성공 대상을 다시 실행하지 않고 실패 대상만 Reprocess·Reconcile한다.|복구·보상이 필요한 기능은 복구 실패와 보상 실패도 별도 상태·Attempt·Audit로 남긴다.,VALIDATE|AUTHORIZE|SCOPE|DEDUPE|VERSION_CHECK|CLAIM_LEASE|PARTITION|CHECKSUM|MUTATE|COMMIT|CHECKPOINT|OUTBOX|EXTERNAL_SEND|ACK|RECONCILE|COMPENSATION_READY|AUDIT|OBSERVE,BEFORE_COMMIT|AFTER_COMMIT|BEFORE_EXTERNAL_SEND|AFTER_EXTERNAL_SEND|RESPONSE_LOST|PARTIAL_TARGET_FAILURE|PROCESS_KILL|LEASE_LOST,완료,미검증,DB-MIGRATION|SAMPLE-EDU|TEST-FAULT,DETAILS_CANONICAL_AND_EXECUTABLE_SCENARIO,CPF-SELF-DEV-001|CPF-SELF-DEV-005|CPF-SELF-DEV-029,CPF_CUSTOMER_MANUAL_EDU_IMPLEMENTATION_REQUIREMENTS.md,cpf-reference functional package + registered concrete consumer + refDB ledger; merged Java25/3DB/runtime evidence pending,1edd96c6dcc69b0b4d6e9e22a0709d910d7cfb04,Overlay compile/self-test and static consumer/DB parity PASS; exact Java25/refDB runtime evidence pending Codex,batch,cpf.reference.features.batch.enabled,true,NONE,NONE,refDB
EDU-BAT-13,Writer Commit 장애 후 Checkpoint 재시작,cpf-reference,com.cpf.reference.batch.checkpoint.writercommit,cpf-reference/src/main/java/com/cpf/reference/batch/checkpoint/writercommit/EduBat13Handler.java,cpf-reference/src/main/resources/edu/batch/checkpoint/writercommit/13/scenario-contract.json,cpf-reference/src/test/java/com/cpf/reference/batch/checkpoint/writercommit/EduBat13UnitTest.java,cpf-reference/src/test/java/com/cpf/reference/batch/checkpoint/writercommit/EduBat13IntegrationTest.java,cpf-reference/src/test/java/com/cpf/reference/batch/checkpoint/writercommit/EduBat13FailureTest.java,cpf-reference/src/test/java/com/cpf/reference/batch/checkpoint/writercommit/EduBat13RecoveryTest.java,cpf-reference/src/test/java/com/cpf/reference/batch/checkpoint/writercommit/EduBat13ConcurrencyTest.java,RUNNING|FAILED_AT_CHECKPOINT|RESTARTED|COMPLETED,DB Commit 성공 후 metadata 실패|metadata 성공 후 업무 DB 실패|중복 writer|상태 변경이 있는 경우 DB Commit 전 실패와 Commit 후 응답 유실을 구분한다.|같은 요청의 중복·동시 실행·순서 역전·늦은 응답을 포함한다.|Retry 가능한 오류와 즉시 중단해야 하는 업무 오류를 구분한다.|대량·다중 대상 기능에서 부분 성공이 발생하면 성공 대상을 다시 실행하지 않고 실패 대상만 Reprocess·Reconcile한다.|복구·보상이 필요한 기능은 복구 실패와 보상 실패도 별도 상태·Attempt·Audit로 남긴다.,VALIDATE|AUTHORIZE|SCOPE|DEDUPE|VERSION_CHECK|CLAIM_LEASE|PARTITION|CHECKSUM|MUTATE|COMMIT|CHECKPOINT|OUTBOX|EXTERNAL_SEND|ACK|RECONCILE|COMPENSATION_READY|AUDIT|OBSERVE,BEFORE_COMMIT|AFTER_COMMIT|BEFORE_EXTERNAL_SEND|AFTER_EXTERNAL_SEND|RESPONSE_LOST|PARTIAL_TARGET_FAILURE|PROCESS_KILL|LEASE_LOST,완료,미검증,DB-MIGRATION|SAMPLE-EDU|TEST-FAULT,DETAILS_CANONICAL_AND_EXECUTABLE_SCENARIO,CPF-SELF-DEV-001|CPF-SELF-DEV-005|CPF-SELF-DEV-029,CPF_CUSTOMER_MANUAL_EDU_IMPLEMENTATION_REQUIREMENTS.md,cpf-reference functional package + registered concrete consumer + refDB ledger; merged Java25/3DB/runtime evidence pending,1edd96c6dcc69b0b4d6e9e22a0709d910d7cfb04,Overlay compile/self-test and static consumer/DB parity PASS; exact Java25/refDB runtime evidence pending Codex,batch,cpf.reference.features.batch.enabled,true,NONE,NONE,refDB
EDU-BAT-14,JobParameter 식별·중복 실행·새 Instance,cpf-reference,com.cpf.reference.batch.instance.parameter,cpf-reference/src/main/java/com/cpf/reference/batch/instance/parameter/EduBat14Handler.java,cpf-reference/src/main/resources/edu/batch/instance/parameter/14/scenario-contract.json,cpf-reference/src/test/java/com/cpf/reference/batch/instance/parameter/EduBat14UnitTest.java,cpf-reference/src/test/java/com/cpf/reference/batch/instance/parameter/EduBat14IntegrationTest.java,cpf-reference/src/test/java/com/cpf/reference/batch/instance/parameter/EduBat14FailureTest.java,cpf-reference/src/test/java/com/cpf/reference/batch/instance/parameter/EduBat14RecoveryTest.java,cpf-reference/src/test/java/com/cpf/reference/batch/instance/parameter/EduBat14ConcurrencyTest.java,NEW_INSTANCE|RUNNING|COMPLETED|DUPLICATE_REJECTED,식별 Parameter 누락|순서 차이|동일 요청 동시 Launch|완료 Job 재실행|상태 변경이 있는 경우 DB Commit 전 실패와 Commit 후 응답 유실을 구분한다.|같은 요청의 중복·동시 실행·순서 역전·늦은 응답을 포함한다.|Retry 가능한 오류와 즉시 중단해야 하는 업무 오류를 구분한다.|대량·다중 대상 기능에서 부분 성공이 발생하면 성공 대상을 다시 실행하지 않고 실패 대상만 Reprocess·Reconcile한다.|복구·보상이 필요한 기능은 복구 실패와 보상 실패도 별도 상태·Attempt·Audit로 남긴다.,VALIDATE|AUTHORIZE|SCOPE|DEDUPE|VERSION_CHECK|CLAIM_LEASE|PARTITION|CHECKSUM|MUTATE|COMMIT|CHECKPOINT|OUTBOX|EXTERNAL_SEND|ACK|RECONCILE|COMPENSATION_READY|AUDIT|OBSERVE,BEFORE_COMMIT|AFTER_COMMIT|BEFORE_EXTERNAL_SEND|AFTER_EXTERNAL_SEND|RESPONSE_LOST|PARTIAL_TARGET_FAILURE|PROCESS_KILL|LEASE_LOST,완료,미검증,DB-MIGRATION|SAMPLE-EDU|TEST-FAULT,DETAILS_CANONICAL_AND_EXECUTABLE_SCENARIO,CPF-SELF-DEV-001|CPF-SELF-DEV-005|CPF-SELF-DEV-029,CPF_CUSTOMER_MANUAL_EDU_IMPLEMENTATION_REQUIREMENTS.md,cpf-reference functional package + registered concrete consumer + refDB ledger; merged Java25/3DB/runtime evidence pending,1edd96c6dcc69b0b4d6e9e22a0709d910d7cfb04,Overlay compile/self-test and static consumer/DB parity PASS; exact Java25/refDB runtime evidence pending Codex,batch,cpf.reference.features.batch.enabled,true,NONE,NONE,refDB
EDU-BAT-15,지연 도착 데이터·Backfill·재산출,cpf-reference,com.cpf.reference.batch.backfill.latearrival,cpf-reference/src/main/java/com/cpf/reference/batch/backfill/latearrival/EduBat15Handler.java,cpf-reference/src/main/resources/edu/batch/backfill/latearrival/15/scenario-contract.json,cpf-reference/src/test/java/com/cpf/reference/batch/backfill/latearrival/EduBat15UnitTest.java,cpf-reference/src/test/java/com/cpf/reference/batch/backfill/latearrival/EduBat15IntegrationTest.java,cpf-reference/src/test/java/com/cpf/reference/batch/backfill/latearrival/EduBat15FailureTest.java,cpf-reference/src/test/java/com/cpf/reference/batch/backfill/latearrival/EduBat15RecoveryTest.java,cpf-reference/src/test/java/com/cpf/reference/batch/backfill/latearrival/EduBat15ConcurrencyTest.java,CLOSED|BACKFILL_REQUESTED|RECOMPUTED|RECONCILED,중복 늦은 데이터|이미 지급된 결과|소급 정책|부분 기간|상태 변경이 있는 경우 DB Commit 전 실패와 Commit 후 응답 유실을 구분한다.|같은 요청의 중복·동시 실행·순서 역전·늦은 응답을 포함한다.|Retry 가능한 오류와 즉시 중단해야 하는 업무 오류를 구분한다.|대량·다중 대상 기능에서 부분 성공이 발생하면 성공 대상을 다시 실행하지 않고 실패 대상만 Reprocess·Reconcile한다.|복구·보상이 필요한 기능은 복구 실패와 보상 실패도 별도 상태·Attempt·Audit로 남긴다.,VALIDATE|AUTHORIZE|SCOPE|DEDUPE|VERSION_CHECK|CLAIM_LEASE|PARTITION|CHECKSUM|MUTATE|COMMIT|CHECKPOINT|OUTBOX|EXTERNAL_SEND|ACK|RECONCILE|COMPENSATION_READY|AUDIT|OBSERVE,BEFORE_COMMIT|AFTER_COMMIT|BEFORE_EXTERNAL_SEND|AFTER_EXTERNAL_SEND|RESPONSE_LOST|PARTIAL_TARGET_FAILURE|TIMEOUT|PROCESS_KILL|LEASE_LOST,완료,미검증,DB-MIGRATION|SAMPLE-EDU|TEST-FAULT,DETAILS_CANONICAL_AND_EXECUTABLE_SCENARIO,CPF-SELF-DEV-001|CPF-SELF-DEV-005|CPF-SELF-DEV-029,CPF_CUSTOMER_MANUAL_EDU_IMPLEMENTATION_REQUIREMENTS.md,cpf-reference functional package + registered concrete consumer + refDB ledger; merged Java25/3DB/runtime evidence pending,1edd96c6dcc69b0b4d6e9e22a0709d910d7cfb04,Overlay compile/self-test and static consumer/DB parity PASS; exact Java25/refDB runtime evidence pending Codex,batch,cpf.reference.features.batch.enabled,true,NONE,NONE,refDB
EDU-BAT-16,Watermark 기반 증분 수집·재시작,cpf-reference,com.cpf.reference.batch.incremental.watermark,cpf-reference/src/main/java/com/cpf/reference/batch/incremental/watermark/EduBat16Handler.java,cpf-reference/src/main/resources/edu/batch/incremental/watermark/16/scenario-contract.json,cpf-reference/src/test/java/com/cpf/reference/batch/incremental/watermark/EduBat16UnitTest.java,cpf-reference/src/test/java/com/cpf/reference/batch/incremental/watermark/EduBat16IntegrationTest.java,cpf-reference/src/test/java/com/cpf/reference/batch/incremental/watermark/EduBat16FailureTest.java,cpf-reference/src/test/java/com/cpf/reference/batch/incremental/watermark/EduBat16RecoveryTest.java,cpf-reference/src/test/java/com/cpf/reference/batch/incremental/watermark/EduBat16ConcurrencyTest.java,READING|CHECKPOINTED|WATERMARK_ADVANCED,Clock skew|같은 timestamp|source update|rollback 후 watermark 선진행|상태 변경이 있는 경우 DB Commit 전 실패와 Commit 후 응답 유실을 구분한다.|같은 요청의 중복·동시 실행·순서 역전·늦은 응답을 포함한다.|Retry 가능한 오류와 즉시 중단해야 하는 업무 오류를 구분한다.|대량·다중 대상 기능에서 부분 성공이 발생하면 성공 대상을 다시 실행하지 않고 실패 대상만 Reprocess·Reconcile한다.|복구·보상이 필요한 기능은 복구 실패와 보상 실패도 별도 상태·Attempt·Audit로 남긴다.,VALIDATE|AUTHORIZE|SCOPE|DEDUPE|VERSION_CHECK|CLAIM_LEASE|PARTITION|CHECKSUM|MUTATE|COMMIT|CHECKPOINT|OUTBOX|EXTERNAL_SEND|ACK|RECONCILE|COMPENSATION_READY|AUDIT|OBSERVE,BEFORE_COMMIT|AFTER_COMMIT|BEFORE_EXTERNAL_SEND|AFTER_EXTERNAL_SEND|RESPONSE_LOST|PARTIAL_TARGET_FAILURE|PROCESS_KILL|LEASE_LOST,완료,미검증,DB-MIGRATION|SAMPLE-EDU|TEST-FAULT,DETAILS_CANONICAL_AND_EXECUTABLE_SCENARIO,CPF-SELF-DEV-001|CPF-SELF-DEV-005|CPF-SELF-DEV-029,CPF_CUSTOMER_MANUAL_EDU_IMPLEMENTATION_REQUIREMENTS.md,cpf-reference functional package + registered concrete consumer + refDB ledger; merged Java25/3DB/runtime evidence pending,1edd96c6dcc69b0b4d6e9e22a0709d910d7cfb04,Overlay compile/self-test and static consumer/DB parity PASS; exact Java25/refDB runtime evidence pending Codex,batch,cpf.reference.features.batch.enabled,true,NONE,NONE,refDB
EDU-BAT-17,암호화·압축·Checksum 파일 산출,cpf-reference,com.cpf.reference.batch.file.secureoutput,cpf-reference/src/main/java/com/cpf/reference/batch/file/secureoutput/EduBat17Handler.java,cpf-reference/src/main/resources/edu/batch/file/secureoutput/17/scenario-contract.json,cpf-reference/src/test/java/com/cpf/reference/batch/file/secureoutput/EduBat17UnitTest.java,cpf-reference/src/test/java/com/cpf/reference/batch/file/secureoutput/EduBat17IntegrationTest.java,cpf-reference/src/test/java/com/cpf/reference/batch/file/secureoutput/EduBat17FailureTest.java,cpf-reference/src/test/java/com/cpf/reference/batch/file/secureoutput/EduBat17RecoveryTest.java,cpf-reference/src/test/java/com/cpf/reference/batch/file/secureoutput/EduBat17ConcurrencyTest.java,GENERATING|VALIDATED|COMPRESSED|ENCRYPTED|READY,Disk full|checksum mismatch|key unavailable|재생성|임시파일 잔존|상태 변경이 있는 경우 DB Commit 전 실패와 Commit 후 응답 유실을 구분한다.|같은 요청의 중복·동시 실행·순서 역전·늦은 응답을 포함한다.|Retry 가능한 오류와 즉시 중단해야 하는 업무 오류를 구분한다.|대량·다중 대상 기능에서 부분 성공이 발생하면 성공 대상을 다시 실행하지 않고 실패 대상만 Reprocess·Reconcile한다.|복구·보상이 필요한 기능은 복구 실패와 보상 실패도 별도 상태·Attempt·Audit로 남긴다.,VALIDATE|AUTHORIZE|SCOPE|DEDUPE|VERSION_CHECK|CLAIM_LEASE|PARTITION|CHECKSUM|PROTECT|MUTATE|COMMIT|CHECKPOINT|OUTBOX|EXTERNAL_SEND|ACK|RECONCILE|COMPENSATION_READY|AUDIT|OBSERVE,BEFORE_COMMIT|AFTER_COMMIT|BEFORE_EXTERNAL_SEND|AFTER_EXTERNAL_SEND|RESPONSE_LOST|PARTIAL_TARGET_FAILURE|PROCESS_KILL|LEASE_LOST,완료,미검증,ONBOARD-DOMAIN|SAMPLE-EDU|TEST-FAULT,DETAILS_CANONICAL_AND_EXECUTABLE_SCENARIO,CPF-SELF-DEV-001|CPF-SELF-DEV-005|CPF-SELF-DEV-030,CPF_CUSTOMER_MANUAL_EDU_IMPLEMENTATION_REQUIREMENTS.md,cpf-reference functional package + registered concrete consumer + refDB ledger; merged Java25/3DB/runtime evidence pending,1edd96c6dcc69b0b4d6e9e22a0709d910d7cfb04,Overlay compile/self-test and static consumer/DB parity PASS; exact Java25/refDB runtime evidence pending Codex,batch,cpf.reference.features.batch.enabled,true,NONE,NONE,refDB
EDU-BAT-18,수신 파일 Header·Detail·Trailer 대사,cpf-reference,com.cpf.reference.batch.file.validation,cpf-reference/src/main/java/com/cpf/reference/batch/file/validation/EduBat18Handler.java,cpf-reference/src/main/resources/edu/batch/file/validation/18/scenario-contract.json,cpf-reference/src/test/java/com/cpf/reference/batch/file/validation/EduBat18UnitTest.java,cpf-reference/src/test/java/com/cpf/reference/batch/file/validation/EduBat18IntegrationTest.java,cpf-reference/src/test/java/com/cpf/reference/batch/file/validation/EduBat18FailureTest.java,cpf-reference/src/test/java/com/cpf/reference/batch/file/validation/EduBat18RecoveryTest.java,cpf-reference/src/test/java/com/cpf/reference/batch/file/validation/EduBat18ConcurrencyTest.java,RECEIVED|STRUCTURE_VALIDATED|LOADED|PARTIAL|REJECTED,줄 길이 오류|trailer 누락|합계 불일치|문자셋|중복 파일|상태 변경이 있는 경우 DB Commit 전 실패와 Commit 후 응답 유실을 구분한다.|같은 요청의 중복·동시 실행·순서 역전·늦은 응답을 포함한다.|Retry 가능한 오류와 즉시 중단해야 하는 업무 오류를 구분한다.|대량·다중 대상 기능에서 부분 성공이 발생하면 성공 대상을 다시 실행하지 않고 실패 대상만 Reprocess·Reconcile한다.|복구·보상이 필요한 기능은 복구 실패와 보상 실패도 별도 상태·Attempt·Audit로 남긴다.,VALIDATE|AUTHORIZE|SCOPE|DEDUPE|VERSION_CHECK|CLAIM_LEASE|PARTITION|CHECKSUM|MUTATE|COMMIT|CHECKPOINT|OUTBOX|EXTERNAL_SEND|ACK|RECONCILE|COMPENSATION_READY|AUDIT|OBSERVE,BEFORE_COMMIT|AFTER_COMMIT|BEFORE_EXTERNAL_SEND|AFTER_EXTERNAL_SEND|RESPONSE_LOST|PARTIAL_TARGET_FAILURE|PROCESS_KILL|LEASE_LOST,완료,미검증,DB-MIGRATION|SAMPLE-EDU|TEST-FAULT,DETAILS_CANONICAL_AND_EXECUTABLE_SCENARIO,CPF-SELF-DEV-001|CPF-SELF-DEV-005|CPF-SELF-DEV-029,CPF_CUSTOMER_MANUAL_EDU_IMPLEMENTATION_REQUIREMENTS.md,cpf-reference functional package + registered concrete consumer + refDB ledger; merged Java25/3DB/runtime evidence pending,1edd96c6dcc69b0b4d6e9e22a0709d910d7cfb04,Overlay compile/self-test and static consumer/DB parity PASS; exact Java25/refDB runtime evidence pending Codex,batch,cpf.reference.features.batch.enabled,true,NONE,NONE,refDB
EDU-BAT-19,다중 파일 Fan-in·Fan-out,cpf-reference,com.cpf.reference.batch.file.faninout,cpf-reference/src/main/java/com/cpf/reference/batch/file/faninout/EduBat19Handler.java,cpf-reference/src/main/resources/edu/batch/file/faninout/19/scenario-contract.json,cpf-reference/src/test/java/com/cpf/reference/batch/file/faninout/EduBat19UnitTest.java,cpf-reference/src/test/java/com/cpf/reference/batch/file/faninout/EduBat19IntegrationTest.java,cpf-reference/src/test/java/com/cpf/reference/batch/file/faninout/EduBat19FailureTest.java,cpf-reference/src/test/java/com/cpf/reference/batch/file/faninout/EduBat19RecoveryTest.java,cpf-reference/src/test/java/com/cpf/reference/batch/file/faninout/EduBat19ConcurrencyTest.java,WAITING_FILES|READY|MERGING|SPLITTING|COMPLETED,파일 1개 지연|중복 도착|deadline 초과|결과 파일 일부 실패|상태 변경이 있는 경우 DB Commit 전 실패와 Commit 후 응답 유실을 구분한다.|같은 요청의 중복·동시 실행·순서 역전·늦은 응답을 포함한다.|Retry 가능한 오류와 즉시 중단해야 하는 업무 오류를 구분한다.|대량·다중 대상 기능에서 부분 성공이 발생하면 성공 대상을 다시 실행하지 않고 실패 대상만 Reprocess·Reconcile한다.|복구·보상이 필요한 기능은 복구 실패와 보상 실패도 별도 상태·Attempt·Audit로 남긴다.,VALIDATE|AUTHORIZE|SCOPE|DEDUPE|VERSION_CHECK|CLAIM_LEASE|PARTITION|CHECKSUM|MUTATE|COMMIT|CHECKPOINT|OUTBOX|EXTERNAL_SEND|ACK|RECONCILE|COMPENSATION_READY|AUDIT|OBSERVE,BEFORE_COMMIT|AFTER_COMMIT|BEFORE_EXTERNAL_SEND|AFTER_EXTERNAL_SEND|RESPONSE_LOST|PARTIAL_TARGET_FAILURE|TIMEOUT|PROCESS_KILL|LEASE_LOST,완료,미검증,DB-MIGRATION|SAMPLE-EDU|TEST-FAULT,DETAILS_CANONICAL_AND_EXECUTABLE_SCENARIO,CPF-SELF-DEV-001|CPF-SELF-DEV-005|CPF-SELF-DEV-029,CPF_CUSTOMER_MANUAL_EDU_IMPLEMENTATION_REQUIREMENTS.md,cpf-reference functional package + registered concrete consumer + refDB ledger; merged Java25/3DB/runtime evidence pending,1edd96c6dcc69b0b4d6e9e22a0709d910d7cfb04,Overlay compile/self-test and static consumer/DB parity PASS; exact Java25/refDB runtime evidence pending Codex,batch,cpf.reference.features.batch.enabled,true,NONE,NONE,refDB
EDU-BAT-20,Scheduler Misfire·Catch-up·건너뛰기,cpf-reference,com.cpf.reference.batch.scheduler.misfire,cpf-reference/src/main/java/com/cpf/reference/batch/scheduler/misfire/EduBat20Handler.java,cpf-reference/src/main/resources/edu/batch/scheduler/misfire/20/scenario-contract.json,cpf-reference/src/test/java/com/cpf/reference/batch/scheduler/misfire/EduBat20UnitTest.java,cpf-reference/src/test/java/com/cpf/reference/batch/scheduler/misfire/EduBat20IntegrationTest.java,cpf-reference/src/test/java/com/cpf/reference/batch/scheduler/misfire/EduBat20FailureTest.java,cpf-reference/src/test/java/com/cpf/reference/batch/scheduler/misfire/EduBat20RecoveryTest.java,cpf-reference/src/test/java/com/cpf/reference/batch/scheduler/misfire/EduBat20ConcurrencyTest.java,SCHEDULED|MISFIRED|CATCHING_UP|SKIPPED|NEXT_SCHEDULED,중복 Scheduler|복구창 만료|휴일 변경|Clock drift|상태 변경이 있는 경우 DB Commit 전 실패와 Commit 후 응답 유실을 구분한다.|같은 요청의 중복·동시 실행·순서 역전·늦은 응답을 포함한다.|Retry 가능한 오류와 즉시 중단해야 하는 업무 오류를 구분한다.|대량·다중 대상 기능에서 부분 성공이 발생하면 성공 대상을 다시 실행하지 않고 실패 대상만 Reprocess·Reconcile한다.|복구·보상이 필요한 기능은 복구 실패와 보상 실패도 별도 상태·Attempt·Audit로 남긴다.,VALIDATE|AUTHORIZE|SCOPE|DEDUPE|VERSION_CHECK|CLAIM_LEASE|PARTITION|CHECKSUM|MUTATE|COMMIT|CHECKPOINT|OUTBOX|EXTERNAL_SEND|ACK|RECONCILE|COMPENSATION_READY|AUDIT|OBSERVE,BEFORE_COMMIT|AFTER_COMMIT|BEFORE_EXTERNAL_SEND|AFTER_EXTERNAL_SEND|RESPONSE_LOST|PARTIAL_TARGET_FAILURE|PROCESS_KILL|LEASE_LOST,완료,미검증,DB-MIGRATION|SAMPLE-EDU|TEST-FAULT,DETAILS_CANONICAL_AND_EXECUTABLE_SCENARIO,CPF-SELF-DEV-001|CPF-SELF-DEV-005|CPF-SELF-DEV-029,CPF_CUSTOMER_MANUAL_EDU_IMPLEMENTATION_REQUIREMENTS.md,cpf-reference functional package + registered concrete consumer + refDB ledger; merged Java25/3DB/runtime evidence pending,1edd96c6dcc69b0b4d6e9e22a0709d910d7cfb04,Overlay compile/self-test and static consumer/DB parity PASS; exact Java25/refDB runtime evidence pending Codex,batch,cpf.reference.features.batch.enabled,true,NONE,NONE,refDB
EDU-BAT-21,중복 실행 방지·동시 실행 허용 범위,cpf-reference,com.cpf.reference.batch.concurrency.execution,cpf-reference/src/main/java/com/cpf/reference/batch/concurrency/execution/EduBat21Handler.java,cpf-reference/src/main/resources/edu/batch/concurrency/execution/21/scenario-contract.json,cpf-reference/src/test/java/com/cpf/reference/batch/concurrency/execution/EduBat21UnitTest.java,cpf-reference/src/test/java/com/cpf/reference/batch/concurrency/execution/EduBat21IntegrationTest.java,cpf-reference/src/test/java/com/cpf/reference/batch/concurrency/execution/EduBat21FailureTest.java,cpf-reference/src/test/java/com/cpf/reference/batch/concurrency/execution/EduBat21RecoveryTest.java,cpf-reference/src/test/java/com/cpf/reference/batch/concurrency/execution/EduBat21ConcurrencyTest.java,AVAILABLE|CLAIMED|RUNNING|RELEASED,Launch race|stale lock|운영 강제 해제|범위 키 충돌|상태 변경이 있는 경우 DB Commit 전 실패와 Commit 후 응답 유실을 구분한다.|같은 요청의 중복·동시 실행·순서 역전·늦은 응답을 포함한다.|Retry 가능한 오류와 즉시 중단해야 하는 업무 오류를 구분한다.|대량·다중 대상 기능에서 부분 성공이 발생하면 성공 대상을 다시 실행하지 않고 실패 대상만 Reprocess·Reconcile한다.|복구·보상이 필요한 기능은 복구 실패와 보상 실패도 별도 상태·Attempt·Audit로 남긴다.,VALIDATE|AUTHORIZE|SCOPE|DEDUPE|VERSION_CHECK|CLAIM_LEASE|PARTITION|CHECKSUM|MUTATE|COMMIT|CHECKPOINT|OUTBOX|EXTERNAL_SEND|ACK|RECONCILE|COMPENSATION_READY|AUDIT|OBSERVE,BEFORE_COMMIT|AFTER_COMMIT|BEFORE_EXTERNAL_SEND|AFTER_EXTERNAL_SEND|RESPONSE_LOST|PARTIAL_TARGET_FAILURE|PROCESS_KILL|LEASE_LOST,완료,미검증,DB-MIGRATION|SAMPLE-EDU|TEST-FAULT,DETAILS_CANONICAL_AND_EXECUTABLE_SCENARIO,CPF-SELF-DEV-001|CPF-SELF-DEV-005|CPF-SELF-DEV-029,CPF_CUSTOMER_MANUAL_EDU_IMPLEMENTATION_REQUIREMENTS.md,cpf-reference functional package + registered concrete consumer + refDB ledger; merged Java25/3DB/runtime evidence pending,1edd96c6dcc69b0b4d6e9e22a0709d910d7cfb04,Overlay compile/self-test and static consumer/DB parity PASS; exact Java25/refDB runtime evidence pending Codex,batch,cpf.reference.features.batch.enabled,true,NONE,NONE,refDB
EDU-BAT-22,휴일 Calendar·영업일 순번 JobParameter,cpf-reference,com.cpf.reference.batch.calendar.businessday,cpf-reference/src/main/java/com/cpf/reference/batch/calendar/businessday/EduBat22Handler.java,cpf-reference/src/main/resources/edu/batch/calendar/businessday/22/scenario-contract.json,cpf-reference/src/test/java/com/cpf/reference/batch/calendar/businessday/EduBat22UnitTest.java,cpf-reference/src/test/java/com/cpf/reference/batch/calendar/businessday/EduBat22IntegrationTest.java,cpf-reference/src/test/java/com/cpf/reference/batch/calendar/businessday/EduBat22FailureTest.java,cpf-reference/src/test/java/com/cpf/reference/batch/calendar/businessday/EduBat22RecoveryTest.java,cpf-reference/src/test/java/com/cpf/reference/batch/calendar/businessday/EduBat22ConcurrencyTest.java,DATE_RESOLVED|JOB_LAUNCHED|NON_BUSINESS_SKIPPED,긴급 휴일|Calendar 소급 수정|timezone|월말 변경|상태 변경이 있는 경우 DB Commit 전 실패와 Commit 후 응답 유실을 구분한다.|같은 요청의 중복·동시 실행·순서 역전·늦은 응답을 포함한다.|Retry 가능한 오류와 즉시 중단해야 하는 업무 오류를 구분한다.|대량·다중 대상 기능에서 부분 성공이 발생하면 성공 대상을 다시 실행하지 않고 실패 대상만 Reprocess·Reconcile한다.|복구·보상이 필요한 기능은 복구 실패와 보상 실패도 별도 상태·Attempt·Audit로 남긴다.,VALIDATE|AUTHORIZE|SCOPE|DEDUPE|VERSION_CHECK|CLAIM_LEASE|PARTITION|CHECKSUM|MUTATE|COMMIT|CHECKPOINT|OUTBOX|EXTERNAL_SEND|ACK|RECONCILE|COMPENSATION_READY|AUDIT|OBSERVE,BEFORE_COMMIT|AFTER_COMMIT|BEFORE_EXTERNAL_SEND|AFTER_EXTERNAL_SEND|RESPONSE_LOST|PARTIAL_TARGET_FAILURE|PROCESS_KILL|LEASE_LOST,완료,미검증,DB-MIGRATION|SAMPLE-EDU|TEST-FAULT,DETAILS_CANONICAL_AND_EXECUTABLE_SCENARIO,CPF-SELF-DEV-001|CPF-SELF-DEV-005|CPF-SELF-DEV-029,CPF_CUSTOMER_MANUAL_EDU_IMPLEMENTATION_REQUIREMENTS.md,cpf-reference functional package + registered concrete consumer + refDB ledger; merged Java25/3DB/runtime evidence pending,1edd96c6dcc69b0b4d6e9e22a0709d910d7cfb04,Overlay compile/self-test and static consumer/DB parity PASS; exact Java25/refDB runtime evidence pending Codex,batch,cpf.reference.features.batch.enabled,true,NONE,NONE,refDB
EDU-BAT-23,Stop·Abandon·Restart 의미 분리,cpf-reference,com.cpf.reference.batch.lifecycle.stopabandon,cpf-reference/src/main/java/com/cpf/reference/batch/lifecycle/stopabandon/EduBat23Handler.java,cpf-reference/src/main/resources/edu/batch/lifecycle/stopabandon/23/scenario-contract.json,cpf-reference/src/test/java/com/cpf/reference/batch/lifecycle/stopabandon/EduBat23UnitTest.java,cpf-reference/src/test/java/com/cpf/reference/batch/lifecycle/stopabandon/EduBat23IntegrationTest.java,cpf-reference/src/test/java/com/cpf/reference/batch/lifecycle/stopabandon/EduBat23FailureTest.java,cpf-reference/src/test/java/com/cpf/reference/batch/lifecycle/stopabandon/EduBat23RecoveryTest.java,cpf-reference/src/test/java/com/cpf/reference/batch/lifecycle/stopabandon/EduBat23ConcurrencyTest.java,RUNNING|STOPPING|STOPPED|FAILED|RESTARTED|ABANDONED,Stop 무시 Tasklet|Commit 중 Stop|Abandon 후 재시작 시도|중복 제어|상태 변경이 있는 경우 DB Commit 전 실패와 Commit 후 응답 유실을 구분한다.|같은 요청의 중복·동시 실행·순서 역전·늦은 응답을 포함한다.|Retry 가능한 오류와 즉시 중단해야 하는 업무 오류를 구분한다.|대량·다중 대상 기능에서 부분 성공이 발생하면 성공 대상을 다시 실행하지 않고 실패 대상만 Reprocess·Reconcile한다.|복구·보상이 필요한 기능은 복구 실패와 보상 실패도 별도 상태·Attempt·Audit로 남긴다.,VALIDATE|AUTHORIZE|SCOPE|DEDUPE|VERSION_CHECK|CLAIM_LEASE|PARTITION|CHECKSUM|MUTATE|COMMIT|CHECKPOINT|OUTBOX|EXTERNAL_SEND|ACK|RECONCILE|COMPENSATION_READY|AUDIT|OBSERVE,BEFORE_COMMIT|AFTER_COMMIT|BEFORE_EXTERNAL_SEND|AFTER_EXTERNAL_SEND|RESPONSE_LOST|PARTIAL_TARGET_FAILURE|PROCESS_KILL|LEASE_LOST,완료,미검증,DB-MIGRATION|SAMPLE-EDU|TEST-FAULT,DETAILS_CANONICAL_AND_EXECUTABLE_SCENARIO,CPF-SELF-DEV-001|CPF-SELF-DEV-005|CPF-SELF-DEV-029,CPF_CUSTOMER_MANUAL_EDU_IMPLEMENTATION_REQUIREMENTS.md,cpf-reference functional package + registered concrete consumer + refDB ledger; merged Java25/3DB/runtime evidence pending,1edd96c6dcc69b0b4d6e9e22a0709d910d7cfb04,Overlay compile/self-test and static consumer/DB parity PASS; exact Java25/refDB runtime evidence pending Codex,batch,cpf.reference.features.batch.enabled,true,NONE,NONE,refDB
EDU-BAT-24,Remote Worker 유실·재할당·중복 결과 차단,cpf-reference,com.cpf.reference.batch.remote.reassignment,cpf-reference/src/main/java/com/cpf/reference/batch/remote/reassignment/EduBat24Handler.java,cpf-reference/src/main/resources/edu/batch/remote/reassignment/24/scenario-contract.json,cpf-reference/src/test/java/com/cpf/reference/batch/remote/reassignment/EduBat24UnitTest.java,cpf-reference/src/test/java/com/cpf/reference/batch/remote/reassignment/EduBat24IntegrationTest.java,cpf-reference/src/test/java/com/cpf/reference/batch/remote/reassignment/EduBat24FailureTest.java,cpf-reference/src/test/java/com/cpf/reference/batch/remote/reassignment/EduBat24RecoveryTest.java,cpf-reference/src/test/java/com/cpf/reference/batch/remote/reassignment/EduBat24ConcurrencyTest.java,ASSIGNED|RUNNING|LOST|REASSIGNED|COMPLETED,Network partition|늦은 완료|이중 Worker|heartbeat 지연|상태 변경이 있는 경우 DB Commit 전 실패와 Commit 후 응답 유실을 구분한다.|같은 요청의 중복·동시 실행·순서 역전·늦은 응답을 포함한다.|Retry 가능한 오류와 즉시 중단해야 하는 업무 오류를 구분한다.|대량·다중 대상 기능에서 부분 성공이 발생하면 성공 대상을 다시 실행하지 않고 실패 대상만 Reprocess·Reconcile한다.|복구·보상이 필요한 기능은 복구 실패와 보상 실패도 별도 상태·Attempt·Audit로 남긴다.,VALIDATE|AUTHORIZE|SCOPE|DEDUPE|VERSION_CHECK|CLAIM_LEASE|PARTITION|CHECKSUM|MUTATE|COMMIT|CHECKPOINT|OUTBOX|EXTERNAL_SEND|ACK|RECONCILE|COMPENSATION_READY|AUDIT|OBSERVE,BEFORE_COMMIT|AFTER_COMMIT|BEFORE_EXTERNAL_SEND|AFTER_EXTERNAL_SEND|RESPONSE_LOST|PARTIAL_TARGET_FAILURE|TIMEOUT|PROCESS_KILL|LEASE_LOST,완료,미검증,DB-MIGRATION|SAMPLE-EDU|TEST-FAULT,DETAILS_CANONICAL_AND_EXECUTABLE_SCENARIO,CPF-SELF-DEV-001|CPF-SELF-DEV-005|CPF-SELF-DEV-029,CPF_CUSTOMER_MANUAL_EDU_IMPLEMENTATION_REQUIREMENTS.md,cpf-reference functional package + registered concrete consumer + refDB ledger; merged Java25/3DB/runtime evidence pending,1edd96c6dcc69b0b4d6e9e22a0709d910d7cfb04,Overlay compile/self-test and static consumer/DB parity PASS; exact Java25/refDB runtime evidence pending Codex,batch,cpf.reference.features.batch.enabled,true,NONE,NONE,refDB
EDU-BAT-25,Partition 편향 감지·재분할,cpf-reference,com.cpf.reference.batch.partition.rebalance,cpf-reference/src/main/java/com/cpf/reference/batch/partition/rebalance/EduBat25Handler.java,cpf-reference/src/main/resources/edu/batch/partition/rebalance/25/scenario-contract.json,cpf-reference/src/test/java/com/cpf/reference/batch/partition/rebalance/EduBat25UnitTest.java,cpf-reference/src/test/java/com/cpf/reference/batch/partition/rebalance/EduBat25IntegrationTest.java,cpf-reference/src/test/java/com/cpf/reference/batch/partition/rebalance/EduBat25FailureTest.java,cpf-reference/src/test/java/com/cpf/reference/batch/partition/rebalance/EduBat25RecoveryTest.java,cpf-reference/src/test/java/com/cpf/reference/batch/partition/rebalance/EduBat25ConcurrencyTest.java,PLANNED|RUNNING|SKEW_DETECTED|REBALANCED,큰 단일 고객|재분할 중 처리|동일 item 중복|worker limit|상태 변경이 있는 경우 DB Commit 전 실패와 Commit 후 응답 유실을 구분한다.|같은 요청의 중복·동시 실행·순서 역전·늦은 응답을 포함한다.|Retry 가능한 오류와 즉시 중단해야 하는 업무 오류를 구분한다.|대량·다중 대상 기능에서 부분 성공이 발생하면 성공 대상을 다시 실행하지 않고 실패 대상만 Reprocess·Reconcile한다.|복구·보상이 필요한 기능은 복구 실패와 보상 실패도 별도 상태·Attempt·Audit로 남긴다.,VALIDATE|AUTHORIZE|SCOPE|DEDUPE|VERSION_CHECK|CLAIM_LEASE|PARTITION|CHECKSUM|MUTATE|COMMIT|CHECKPOINT|OUTBOX|EXTERNAL_SEND|ACK|RECONCILE|COMPENSATION_READY|AUDIT|OBSERVE,BEFORE_COMMIT|AFTER_COMMIT|BEFORE_EXTERNAL_SEND|AFTER_EXTERNAL_SEND|RESPONSE_LOST|PARTIAL_TARGET_FAILURE|PROCESS_KILL|LEASE_LOST,완료,미검증,DB-MIGRATION|SAMPLE-EDU|TEST-FAULT,DETAILS_CANONICAL_AND_EXECUTABLE_SCENARIO,CPF-SELF-DEV-001|CPF-SELF-DEV-005|CPF-SELF-DEV-029,CPF_CUSTOMER_MANUAL_EDU_IMPLEMENTATION_REQUIREMENTS.md,cpf-reference functional package + registered concrete consumer + refDB ledger; merged Java25/3DB/runtime evidence pending,1edd96c6dcc69b0b4d6e9e22a0709d910d7cfb04,Overlay compile/self-test and static consumer/DB parity PASS; exact Java25/refDB runtime evidence pending Codex,batch,cpf.reference.features.batch.enabled,true,NONE,NONE,refDB
EDU-BAT-26,센터컷 결과 대사·차이 보정·재실행,cpf-reference,com.cpf.reference.batch.centercut.reconcile,cpf-reference/src/main/java/com/cpf/reference/batch/centercut/reconcile/EduBat26Handler.java,cpf-reference/src/main/resources/edu/batch/centercut/reconcile/26/scenario-contract.json,cpf-reference/src/test/java/com/cpf/reference/batch/centercut/reconcile/EduBat26UnitTest.java,cpf-reference/src/test/java/com/cpf/reference/batch/centercut/reconcile/EduBat26IntegrationTest.java,cpf-reference/src/test/java/com/cpf/reference/batch/centercut/reconcile/EduBat26FailureTest.java,cpf-reference/src/test/java/com/cpf/reference/batch/centercut/reconcile/EduBat26RecoveryTest.java,cpf-reference/src/test/java/com/cpf/reference/batch/centercut/reconcile/EduBat26ConcurrencyTest.java,EXECUTED|RECONCILING|MATCHED|MISMATCH|CORRECTED,건수만 일치|금액 반올림|부분 적용|보정 중 장애|상태 변경이 있는 경우 DB Commit 전 실패와 Commit 후 응답 유실을 구분한다.|같은 요청의 중복·동시 실행·순서 역전·늦은 응답을 포함한다.|Retry 가능한 오류와 즉시 중단해야 하는 업무 오류를 구분한다.|대량·다중 대상 기능에서 부분 성공이 발생하면 성공 대상을 다시 실행하지 않고 실패 대상만 Reprocess·Reconcile한다.|복구·보상이 필요한 기능은 복구 실패와 보상 실패도 별도 상태·Attempt·Audit로 남긴다.,VALIDATE|AUTHORIZE|SCOPE|DEDUPE|VERSION_CHECK|CLAIM_LEASE|PARTITION|CHECKSUM|MUTATE|COMMIT|CHECKPOINT|OUTBOX|EXTERNAL_SEND|ACK|RECONCILE|COMPENSATION_READY|AUDIT|OBSERVE,BEFORE_COMMIT|AFTER_COMMIT|BEFORE_EXTERNAL_SEND|AFTER_EXTERNAL_SEND|RESPONSE_LOST|PARTIAL_TARGET_FAILURE|PROCESS_KILL|LEASE_LOST,완료,미검증,DB-MIGRATION|SAMPLE-EDU|TEST-FAULT,DETAILS_CANONICAL_AND_EXECUTABLE_SCENARIO,CPF-SELF-DEV-001|CPF-SELF-DEV-005|CPF-SELF-DEV-029,CPF_CUSTOMER_MANUAL_EDU_IMPLEMENTATION_REQUIREMENTS.md,cpf-reference functional package + registered concrete consumer + refDB ledger; merged Java25/3DB/runtime evidence pending,1edd96c6dcc69b0b4d6e9e22a0709d910d7cfb04,Overlay compile/self-test and static consumer/DB parity PASS; exact Java25/refDB runtime evidence pending Codex,batch,cpf.reference.features.batch.enabled,true,NONE,NONE,refDB
EDU-BAT-27,Job Pack Checksum·호환성·이전 Version 복구,cpf-reference,com.cpf.reference.batch.jobpack.recovery,cpf-reference/src/main/java/com/cpf/reference/batch/jobpack/recovery/EduBat27Handler.java,cpf-reference/src/main/resources/edu/batch/jobpack/recovery/27/scenario-contract.json,cpf-reference/src/test/java/com/cpf/reference/batch/jobpack/recovery/EduBat27UnitTest.java,cpf-reference/src/test/java/com/cpf/reference/batch/jobpack/recovery/EduBat27IntegrationTest.java,cpf-reference/src/test/java/com/cpf/reference/batch/jobpack/recovery/EduBat27FailureTest.java,cpf-reference/src/test/java/com/cpf/reference/batch/jobpack/recovery/EduBat27RecoveryTest.java,cpf-reference/src/test/java/com/cpf/reference/batch/jobpack/recovery/EduBat27ConcurrencyTest.java,UPLOADED|VERIFIED|APPROVED|DEPLOYED|ROLLED_BACK,checksum 불일치|Runtime 비호환|일부 Agent만 적용|이전 파일 없음|상태 변경이 있는 경우 DB Commit 전 실패와 Commit 후 응답 유실을 구분한다.|같은 요청의 중복·동시 실행·순서 역전·늦은 응답을 포함한다.|Retry 가능한 오류와 즉시 중단해야 하는 업무 오류를 구분한다.|대량·다중 대상 기능에서 부분 성공이 발생하면 성공 대상을 다시 실행하지 않고 실패 대상만 Reprocess·Reconcile한다.|복구·보상이 필요한 기능은 복구 실패와 보상 실패도 별도 상태·Attempt·Audit로 남긴다.,VALIDATE|AUTHORIZE|SCOPE|DEDUPE|VERSION_CHECK|CLAIM_LEASE|PARTITION|CHECKSUM|MUTATE|COMMIT|CHECKPOINT|OUTBOX|EXTERNAL_SEND|ACK|RECONCILE|COMPENSATION_READY|AUDIT|OBSERVE,BEFORE_COMMIT|AFTER_COMMIT|BEFORE_EXTERNAL_SEND|AFTER_EXTERNAL_SEND|RESPONSE_LOST|PARTIAL_TARGET_FAILURE|PROCESS_KILL|LEASE_LOST,완료,미검증,DB-MIGRATION|SAMPLE-EDU|TEST-FAULT,DETAILS_CANONICAL_AND_EXECUTABLE_SCENARIO,CPF-SELF-DEV-001|CPF-SELF-DEV-005|CPF-SELF-DEV-029,CPF_CUSTOMER_MANUAL_EDU_IMPLEMENTATION_REQUIREMENTS.md,cpf-reference functional package + registered concrete consumer + refDB ledger; merged Java25/3DB/runtime evidence pending,1edd96c6dcc69b0b4d6e9e22a0709d910d7cfb04,Overlay compile/self-test and static consumer/DB parity PASS; exact Java25/refDB runtime evidence pending Codex,batch,cpf.reference.features.batch.enabled,true,NONE,NONE,refDB
EDU-BAT-28,Host Agent Offline·명령 ACK 유실,cpf-reference,com.cpf.reference.batch.agent.offline,cpf-reference/src/main/java/com/cpf/reference/batch/agent/offline/EduBat28Handler.java,cpf-reference/src/main/resources/edu/batch/agent/offline/28/scenario-contract.json,cpf-reference/src/test/java/com/cpf/reference/batch/agent/offline/EduBat28UnitTest.java,cpf-reference/src/test/java/com/cpf/reference/batch/agent/offline/EduBat28IntegrationTest.java,cpf-reference/src/test/java/com/cpf/reference/batch/agent/offline/EduBat28FailureTest.java,cpf-reference/src/test/java/com/cpf/reference/batch/agent/offline/EduBat28RecoveryTest.java,cpf-reference/src/test/java/com/cpf/reference/batch/agent/offline/EduBat28ConcurrencyTest.java,COMMAND_SENT|ACKED|UNKNOWN_RESULT|RECONCILED,Agent offline|duplicate command|process started but ACK lost|stale heartbeat|상태 변경이 있는 경우 DB Commit 전 실패와 Commit 후 응답 유실을 구분한다.|같은 요청의 중복·동시 실행·순서 역전·늦은 응답을 포함한다.|Retry 가능한 오류와 즉시 중단해야 하는 업무 오류를 구분한다.|대량·다중 대상 기능에서 부분 성공이 발생하면 성공 대상을 다시 실행하지 않고 실패 대상만 Reprocess·Reconcile한다.|복구·보상이 필요한 기능은 복구 실패와 보상 실패도 별도 상태·Attempt·Audit로 남긴다.,VALIDATE|AUTHORIZE|SCOPE|DEDUPE|VERSION_CHECK|CLAIM_LEASE|PARTITION|CHECKSUM|MUTATE|COMMIT|CHECKPOINT|OUTBOX|EXTERNAL_SEND|ACK|RECONCILE|COMPENSATION_READY|AUDIT|OBSERVE,BEFORE_COMMIT|AFTER_COMMIT|BEFORE_EXTERNAL_SEND|AFTER_EXTERNAL_SEND|RESPONSE_LOST|PARTIAL_TARGET_FAILURE|PROCESS_KILL|LEASE_LOST,완료,미검증,DB-MIGRATION|SAMPLE-EDU|TEST-FAULT,DETAILS_CANONICAL_AND_EXECUTABLE_SCENARIO,CPF-SELF-DEV-001|CPF-SELF-DEV-005|CPF-SELF-DEV-029,CPF_CUSTOMER_MANUAL_EDU_IMPLEMENTATION_REQUIREMENTS.md,cpf-reference functional package + registered concrete consumer + refDB ledger; merged Java25/3DB/runtime evidence pending,1edd96c6dcc69b0b4d6e9e22a0709d910d7cfb04,Overlay compile/self-test and static consumer/DB parity PASS; exact Java25/refDB runtime evidence pending Codex,batch,cpf.reference.features.batch.enabled,true,NONE,NONE,refDB
EDU-BAT-29,Dry Run·건수 Preview·표본 확인,cpf-reference,com.cpf.reference.batch.dryrun.preview,cpf-reference/src/main/java/com/cpf/reference/batch/dryrun/preview/EduBat29Handler.java,cpf-reference/src/main/resources/edu/batch/dryrun/preview/29/scenario-contract.json,cpf-reference/src/test/java/com/cpf/reference/batch/dryrun/preview/EduBat29UnitTest.java,cpf-reference/src/test/java/com/cpf/reference/batch/dryrun/preview/EduBat29IntegrationTest.java,cpf-reference/src/test/java/com/cpf/reference/batch/dryrun/preview/EduBat29FailureTest.java,cpf-reference/src/test/java/com/cpf/reference/batch/dryrun/preview/EduBat29RecoveryTest.java,cpf-reference/src/test/java/com/cpf/reference/batch/dryrun/preview/EduBat29ConcurrencyTest.java,PREVIEWING|PREVIEW_READY|APPROVED|EXECUTING,Preview 후 데이터 변경|표본 개인정보|승인 만료|snapshot unavailable|상태 변경이 있는 경우 DB Commit 전 실패와 Commit 후 응답 유실을 구분한다.|같은 요청의 중복·동시 실행·순서 역전·늦은 응답을 포함한다.|Retry 가능한 오류와 즉시 중단해야 하는 업무 오류를 구분한다.|대량·다중 대상 기능에서 부분 성공이 발생하면 성공 대상을 다시 실행하지 않고 실패 대상만 Reprocess·Reconcile한다.|복구·보상이 필요한 기능은 복구 실패와 보상 실패도 별도 상태·Attempt·Audit로 남긴다.,VALIDATE|AUTHORIZE|SCOPE|DEDUPE|VERSION_CHECK|PREVIEW|APPROVAL|CLAIM_LEASE|PARTITION|CHECKSUM|MUTATE|COMMIT|CHECKPOINT|OUTBOX|EXTERNAL_SEND|ACK|RECONCILE|COMPENSATION_READY|AUDIT|OBSERVE,BEFORE_COMMIT|AFTER_COMMIT|BEFORE_EXTERNAL_SEND|AFTER_EXTERNAL_SEND|RESPONSE_LOST|PARTIAL_TARGET_FAILURE|PROCESS_KILL|LEASE_LOST,완료,미검증,DB-MIGRATION|SAMPLE-EDU|TEST-FAULT,DETAILS_CANONICAL_AND_EXECUTABLE_SCENARIO,CPF-SELF-DEV-001|CPF-SELF-DEV-005|CPF-SELF-DEV-029,CPF_CUSTOMER_MANUAL_EDU_IMPLEMENTATION_REQUIREMENTS.md,cpf-reference functional package + registered concrete consumer + refDB ledger; merged Java25/3DB/runtime evidence pending,1edd96c6dcc69b0b4d6e9e22a0709d910d7cfb04,Overlay compile/self-test and static consumer/DB parity PASS; exact Java25/refDB runtime evidence pending Codex,batch,cpf.reference.features.batch.enabled,true,NONE,NONE,refDB
EDU-BAT-30,대용량 처리 성능·용량·Backpressure,cpf-reference,com.cpf.reference.batch.performance.backpressure,cpf-reference/src/main/java/com/cpf/reference/batch/performance/backpressure/EduBat30Handler.java,cpf-reference/src/main/resources/edu/batch/performance/backpressure/30/scenario-contract.json,cpf-reference/src/test/java/com/cpf/reference/batch/performance/backpressure/EduBat30UnitTest.java,cpf-reference/src/test/java/com/cpf/reference/batch/performance/backpressure/EduBat30IntegrationTest.java,cpf-reference/src/test/java/com/cpf/reference/batch/performance/backpressure/EduBat30FailureTest.java,cpf-reference/src/test/java/com/cpf/reference/batch/performance/backpressure/EduBat30RecoveryTest.java,cpf-reference/src/test/java/com/cpf/reference/batch/performance/backpressure/EduBat30ConcurrencyTest.java,RUNNING|THROTTLED|SCALING|COMPLETED,DB pool 고갈|Kafka lag|disk full|GC pressure|worker 증가 역효과|상태 변경이 있는 경우 DB Commit 전 실패와 Commit 후 응답 유실을 구분한다.|같은 요청의 중복·동시 실행·순서 역전·늦은 응답을 포함한다.|Retry 가능한 오류와 즉시 중단해야 하는 업무 오류를 구분한다.|대량·다중 대상 기능에서 부분 성공이 발생하면 성공 대상을 다시 실행하지 않고 실패 대상만 Reprocess·Reconcile한다.|복구·보상이 필요한 기능은 복구 실패와 보상 실패도 별도 상태·Attempt·Audit로 남긴다.,VALIDATE|AUTHORIZE|SCOPE|DEDUPE|VERSION_CHECK|CLAIM_LEASE|PARTITION|CHECKSUM|MUTATE|COMMIT|CHECKPOINT|OUTBOX|EXTERNAL_SEND|ACK|RECONCILE|COMPENSATION_READY|AUDIT|OBSERVE,BEFORE_COMMIT|AFTER_COMMIT|BEFORE_EXTERNAL_SEND|AFTER_EXTERNAL_SEND|RESPONSE_LOST|PARTIAL_TARGET_FAILURE|PROCESS_KILL|LEASE_LOST,완료,미검증,DB-MIGRATION|SAMPLE-EDU|TEST-FAULT,DETAILS_CANONICAL_AND_EXECUTABLE_SCENARIO,CPF-SELF-DEV-001|CPF-SELF-DEV-005|CPF-SELF-DEV-029,CPF_CUSTOMER_MANUAL_EDU_IMPLEMENTATION_REQUIREMENTS.md,cpf-reference functional package + registered concrete consumer + refDB ledger; merged Java25/3DB/runtime evidence pending,1edd96c6dcc69b0b4d6e9e22a0709d910d7cfb04,Overlay compile/self-test and static consumer/DB parity PASS; exact Java25/refDB runtime evidence pending Codex,batch,cpf.reference.features.batch.enabled,true,NONE,NONE,refDB
EDU-ADM-08,권한·데이터 범위·Masking·사유 입력 연동,cpf-reference,com.cpf.reference.optional.operations.search,cpf-reference/src/main/java/com/cpf/reference/optional/operations/search/EduAdm08Handler.java,cpf-reference/src/main/resources/edu/optional/operations/search/08/scenario-contract.json,cpf-reference/src/test/java/com/cpf/reference/optional/operations/search/EduAdm08UnitTest.java,cpf-reference/src/test/java/com/cpf/reference/optional/operations/search/EduAdm08IntegrationTest.java,cpf-reference/src/test/java/com/cpf/reference/optional/operations/search/EduAdm08FailureTest.java,cpf-reference/src/test/java/com/cpf/reference/optional/operations/search/EduAdm08RecoveryTest.java,cpf-reference/src/test/java/com/cpf/reference/optional/operations/search/EduAdm08ConcurrencyTest.java,UNMASK_REQUESTED|APPROVED|AUTHORIZED|MASKED|DENIED,권한 변경 직후|scope 누락|원문 Export|reason 길이|승인 만료|상태 변경이 있는 경우 DB Commit 전 실패와 Commit 후 응답 유실을 구분한다.|같은 요청의 중복·동시 실행·순서 역전·늦은 응답을 포함한다.|Retry 가능한 오류와 즉시 중단해야 하는 업무 오류를 구분한다.|대량·다중 대상 기능에서 부분 성공이 발생하면 성공 대상을 다시 실행하지 않고 실패 대상만 Reprocess·Reconcile한다.|복구·보상이 필요한 기능은 복구 실패와 보상 실패도 별도 상태·Attempt·Audit로 남긴다.,VALIDATE|AUTHORIZE|SCOPE|DEDUPE|VERSION_CHECK|APPROVAL|PARTITION|CHECKSUM|MUTATE|COMMIT|OUTBOX|EXTERNAL_SEND|ACK|RECONCILE|COMPENSATION_READY|AUDIT|OBSERVE,BEFORE_COMMIT|AFTER_COMMIT|BEFORE_EXTERNAL_SEND|AFTER_EXTERNAL_SEND|RESPONSE_LOST|PARTIAL_TARGET_FAILURE|PROCESS_KILL,완료,미검증,DB-MIGRATION|SAMPLE-EDU|TEST-FAULT,DETAILS_CANONICAL_AND_EXECUTABLE_SCENARIO,CPF-SELF-DEV-001|CPF-SELF-DEV-005|CPF-SELF-DEV-029,CPF_CUSTOMER_MANUAL_EDU_IMPLEMENTATION_REQUIREMENTS.md,cpf-reference functional package + registered concrete consumer + refDB ledger; merged Java25/3DB/runtime evidence pending,1edd96c6dcc69b0b4d6e9e22a0709d910d7cfb04,Overlay compile/self-test and static consumer/DB parity PASS; exact Java25/refDB runtime evidence pending Codex,operations,cpf.reference.features.operations.enabled,true,NONE,NONE,refDB
EDU-ADM-09,Expected Version 충돌 화면·재조회·재적용,cpf-reference,com.cpf.reference.optional.operations.detail,cpf-reference/src/main/java/com/cpf/reference/optional/operations/detail/EduAdm09Handler.java,cpf-reference/src/main/resources/edu/optional/operations/detail/09/scenario-contract.json,cpf-reference/src/test/java/com/cpf/reference/optional/operations/detail/EduAdm09UnitTest.java,cpf-reference/src/test/java/com/cpf/reference/optional/operations/detail/EduAdm09IntegrationTest.java,cpf-reference/src/test/java/com/cpf/reference/optional/operations/detail/EduAdm09FailureTest.java,cpf-reference/src/test/java/com/cpf/reference/optional/operations/detail/EduAdm09RecoveryTest.java,cpf-reference/src/test/java/com/cpf/reference/optional/operations/detail/EduAdm09ConcurrencyTest.java,EDITING|CONFLICT|RELOADED|RESUBMITTED|ABORTED,동시 운영자|자동 재시도 금지|일부 입력 보존|권한 변경|상태 변경이 있는 경우 DB Commit 전 실패와 Commit 후 응답 유실을 구분한다.|같은 요청의 중복·동시 실행·순서 역전·늦은 응답을 포함한다.|Retry 가능한 오류와 즉시 중단해야 하는 업무 오류를 구분한다.|대량·다중 대상 기능에서 부분 성공이 발생하면 성공 대상을 다시 실행하지 않고 실패 대상만 Reprocess·Reconcile한다.|복구·보상이 필요한 기능은 복구 실패와 보상 실패도 별도 상태·Attempt·Audit로 남긴다.,VALIDATE|AUTHORIZE|SCOPE|VERSION_CHECK|PARTITION|CHECKSUM|QUERY_SNAPSHOT|OUTBOX|EXTERNAL_SEND|ACK|RECONCILE|COMPENSATION_READY|AUDIT|OBSERVE,BEFORE_EXTERNAL_SEND|AFTER_EXTERNAL_SEND|PARTIAL_TARGET_FAILURE|TIMEOUT,완료,미검증,DB-MIGRATION|SAMPLE-EDU|TEST-FAULT,DETAILS_CANONICAL_AND_EXECUTABLE_SCENARIO,CPF-SELF-DEV-001|CPF-SELF-DEV-005|CPF-SELF-DEV-029,CPF_CUSTOMER_MANUAL_EDU_IMPLEMENTATION_REQUIREMENTS.md,cpf-reference functional package + registered concrete consumer + refDB ledger; merged Java25/3DB/runtime evidence pending,1edd96c6dcc69b0b4d6e9e22a0709d910d7cfb04,Overlay compile/self-test and static consumer/DB parity PASS; exact Java25/refDB runtime evidence pending Codex,operations,cpf.reference.features.operations.enabled,true,NONE,NONE,refDB
EDU-ADM-10,대상 일괄 조치·부분 성공·결과 파일,cpf-reference,com.cpf.reference.optional.operations.bulk,cpf-reference/src/main/java/com/cpf/reference/optional/operations/bulk/EduAdm10Handler.java,cpf-reference/src/main/resources/edu/optional/operations/bulk/10/scenario-contract.json,cpf-reference/src/test/java/com/cpf/reference/optional/operations/bulk/EduAdm10UnitTest.java,cpf-reference/src/test/java/com/cpf/reference/optional/operations/bulk/EduAdm10IntegrationTest.java,cpf-reference/src/test/java/com/cpf/reference/optional/operations/bulk/EduAdm10FailureTest.java,cpf-reference/src/test/java/com/cpf/reference/optional/operations/bulk/EduAdm10RecoveryTest.java,cpf-reference/src/test/java/com/cpf/reference/optional/operations/bulk/EduAdm10ConcurrencyTest.java,REQUESTED|RUNNING|PARTIAL|REPROCESSING|COMPLETED,대상 중복|Version 혼합|응답 유실|재처리 중 성공 대상 포함|상태 변경이 있는 경우 DB Commit 전 실패와 Commit 후 응답 유실을 구분한다.|같은 요청의 중복·동시 실행·순서 역전·늦은 응답을 포함한다.|Retry 가능한 오류와 즉시 중단해야 하는 업무 오류를 구분한다.|대량·다중 대상 기능에서 부분 성공이 발생하면 성공 대상을 다시 실행하지 않고 실패 대상만 Reprocess·Reconcile한다.|복구·보상이 필요한 기능은 복구 실패와 보상 실패도 별도 상태·Attempt·Audit로 남긴다.,VALIDATE|AUTHORIZE|SCOPE|DEDUPE|VERSION_CHECK|PARTITION|CHECKSUM|MUTATE|COMMIT|OUTBOX|EXTERNAL_SEND|ACK|RECONCILE|COMPENSATION_READY|AUDIT|OBSERVE,BEFORE_COMMIT|AFTER_COMMIT|BEFORE_EXTERNAL_SEND|AFTER_EXTERNAL_SEND|RESPONSE_LOST|PARTIAL_TARGET_FAILURE|PROCESS_KILL,완료,미검증,DB-MIGRATION|SAMPLE-EDU|TEST-FAULT,DETAILS_CANONICAL_AND_EXECUTABLE_SCENARIO,CPF-SELF-DEV-001|CPF-SELF-DEV-005|CPF-SELF-DEV-029,CPF_CUSTOMER_MANUAL_EDU_IMPLEMENTATION_REQUIREMENTS.md,cpf-reference functional package + registered concrete consumer + refDB ledger; merged Java25/3DB/runtime evidence pending,1edd96c6dcc69b0b4d6e9e22a0709d910d7cfb04,Overlay compile/self-test and static consumer/DB parity PASS; exact Java25/refDB runtime evidence pending Codex,operations,cpf.reference.features.operations.enabled,true,NONE,NONE,refDB
EDU-ADM-11,설정·기능전환·유지보수 창 운영,cpf-reference,com.cpf.reference.optional.operations.configuration,cpf-reference/src/main/java/com/cpf/reference/optional/operations/configuration/EduAdm11Handler.java,cpf-reference/src/main/resources/edu/optional/operations/configuration/11/scenario-contract.json,cpf-reference/src/test/java/com/cpf/reference/optional/operations/configuration/EduAdm11UnitTest.java,cpf-reference/src/test/java/com/cpf/reference/optional/operations/configuration/EduAdm11IntegrationTest.java,cpf-reference/src/test/java/com/cpf/reference/optional/operations/configuration/EduAdm11FailureTest.java,cpf-reference/src/test/java/com/cpf/reference/optional/operations/configuration/EduAdm11RecoveryTest.java,cpf-reference/src/test/java/com/cpf/reference/optional/operations/configuration/EduAdm11ConcurrencyTest.java,DRAFT|VALIDATED|APPROVED|APPLYING|APPLIED|PARTIAL|ROLLED_BACK,창 밖 적용|checksum drift|restart required|stale version|상태 변경이 있는 경우 DB Commit 전 실패와 Commit 후 응답 유실을 구분한다.|같은 요청의 중복·동시 실행·순서 역전·늦은 응답을 포함한다.|Retry 가능한 오류와 즉시 중단해야 하는 업무 오류를 구분한다.|대량·다중 대상 기능에서 부분 성공이 발생하면 성공 대상을 다시 실행하지 않고 실패 대상만 Reprocess·Reconcile한다.|복구·보상이 필요한 기능은 복구 실패와 보상 실패도 별도 상태·Attempt·Audit로 남긴다.,VALIDATE|AUTHORIZE|SCOPE|DEDUPE|VERSION_CHECK|PARTITION|CHECKSUM|MUTATE|COMMIT|OUTBOX|EXTERNAL_SEND|ACK|RECONCILE|COMPENSATION_READY|AUDIT|OBSERVE,BEFORE_COMMIT|AFTER_COMMIT|BEFORE_EXTERNAL_SEND|AFTER_EXTERNAL_SEND|RESPONSE_LOST|PARTIAL_TARGET_FAILURE|PROCESS_KILL,완료,미검증,DB-MIGRATION|SAMPLE-EDU|TEST-FAULT,DETAILS_CANONICAL_AND_EXECUTABLE_SCENARIO,CPF-SELF-DEV-001|CPF-SELF-DEV-005|CPF-SELF-DEV-029,CPF_CUSTOMER_MANUAL_EDU_IMPLEMENTATION_REQUIREMENTS.md,cpf-reference functional package + registered concrete consumer + refDB ledger; merged Java25/3DB/runtime evidence pending,1edd96c6dcc69b0b4d6e9e22a0709d910d7cfb04,Overlay compile/self-test and static consumer/DB parity PASS; exact Java25/refDB runtime evidence pending Codex,operations,cpf.reference.features.operations.enabled,true,NONE,NONE,refDB
EDU-ADM-12,Incident·Recovery Center 종단간 복구,cpf-reference,com.cpf.reference.optional.operations.incident,cpf-reference/src/main/java/com/cpf/reference/optional/operations/incident/EduAdm12Handler.java,cpf-reference/src/main/resources/edu/optional/operations/incident/12/scenario-contract.json,cpf-reference/src/test/java/com/cpf/reference/optional/operations/incident/EduAdm12UnitTest.java,cpf-reference/src/test/java/com/cpf/reference/optional/operations/incident/EduAdm12IntegrationTest.java,cpf-reference/src/test/java/com/cpf/reference/optional/operations/incident/EduAdm12FailureTest.java,cpf-reference/src/test/java/com/cpf/reference/optional/operations/incident/EduAdm12RecoveryTest.java,cpf-reference/src/test/java/com/cpf/reference/optional/operations/incident/EduAdm12ConcurrencyTest.java,OPEN|INVESTIGATING|MITIGATING|RECOVERED|CLOSED,중복 Incident|owner 교대|복구 후 재발|증적 누락|상태 변경이 있는 경우 DB Commit 전 실패와 Commit 후 응답 유실을 구분한다.|같은 요청의 중복·동시 실행·순서 역전·늦은 응답을 포함한다.|Retry 가능한 오류와 즉시 중단해야 하는 업무 오류를 구분한다.|대량·다중 대상 기능에서 부분 성공이 발생하면 성공 대상을 다시 실행하지 않고 실패 대상만 Reprocess·Reconcile한다.|복구·보상이 필요한 기능은 복구 실패와 보상 실패도 별도 상태·Attempt·Audit로 남긴다.,VALIDATE|AUTHORIZE|SCOPE|DEDUPE|VERSION_CHECK|PARTITION|CHECKSUM|MUTATE|COMMIT|OUTBOX|EXTERNAL_SEND|ACK|RECONCILE|COMPENSATION_READY|AUDIT|OBSERVE,BEFORE_COMMIT|AFTER_COMMIT|BEFORE_EXTERNAL_SEND|AFTER_EXTERNAL_SEND|RESPONSE_LOST|PARTIAL_TARGET_FAILURE|PROCESS_KILL,완료,미검증,DB-MIGRATION|SAMPLE-EDU|TEST-FAULT,DETAILS_CANONICAL_AND_EXECUTABLE_SCENARIO,CPF-SELF-DEV-001|CPF-SELF-DEV-005|CPF-SELF-DEV-029,CPF_CUSTOMER_MANUAL_EDU_IMPLEMENTATION_REQUIREMENTS.md,cpf-reference functional package + registered concrete consumer + refDB ledger; merged Java25/3DB/runtime evidence pending,1edd96c6dcc69b0b4d6e9e22a0709d910d7cfb04,Overlay compile/self-test and static consumer/DB parity PASS; exact Java25/refDB runtime evidence pending Codex,operations,cpf.reference.features.operations.enabled,true,NONE,NONE,refDB
EDU-ADM-13,감사 증적·다운로드·승인 반출,cpf-reference,com.cpf.reference.optional.operations.evidence,cpf-reference/src/main/java/com/cpf/reference/optional/operations/evidence/EduAdm13Handler.java,cpf-reference/src/main/resources/edu/optional/operations/evidence/13/scenario-contract.json,cpf-reference/src/test/java/com/cpf/reference/optional/operations/evidence/EduAdm13UnitTest.java,cpf-reference/src/test/java/com/cpf/reference/optional/operations/evidence/EduAdm13IntegrationTest.java,cpf-reference/src/test/java/com/cpf/reference/optional/operations/evidence/EduAdm13FailureTest.java,cpf-reference/src/test/java/com/cpf/reference/optional/operations/evidence/EduAdm13RecoveryTest.java,cpf-reference/src/test/java/com/cpf/reference/optional/operations/evidence/EduAdm13ConcurrencyTest.java,QUERY_READY|EXPORT_REQUESTED|APPROVED|READY|EXPIRED,대량 결과|승인 만료|개인정보|재다운로드|Hash 불일치|상태 변경이 있는 경우 DB Commit 전 실패와 Commit 후 응답 유실을 구분한다.|같은 요청의 중복·동시 실행·순서 역전·늦은 응답을 포함한다.|Retry 가능한 오류와 즉시 중단해야 하는 업무 오류를 구분한다.|대량·다중 대상 기능에서 부분 성공이 발생하면 성공 대상을 다시 실행하지 않고 실패 대상만 Reprocess·Reconcile한다.|복구·보상이 필요한 기능은 복구 실패와 보상 실패도 별도 상태·Attempt·Audit로 남긴다.,VALIDATE|AUTHORIZE|SCOPE|DEDUPE|VERSION_CHECK|APPROVAL|PARTITION|CHECKSUM|MUTATE|COMMIT|OUTBOX|EXTERNAL_SEND|ACK|RECONCILE|COMPENSATION_READY|AUDIT|OBSERVE,BEFORE_COMMIT|AFTER_COMMIT|BEFORE_EXTERNAL_SEND|AFTER_EXTERNAL_SEND|RESPONSE_LOST|PARTIAL_TARGET_FAILURE|PROCESS_KILL,완료,미검증,DB-MIGRATION|SAMPLE-EDU|TEST-FAULT,DETAILS_CANONICAL_AND_EXECUTABLE_SCENARIO,CPF-SELF-DEV-001|CPF-SELF-DEV-005|CPF-SELF-DEV-029,CPF_CUSTOMER_MANUAL_EDU_IMPLEMENTATION_REQUIREMENTS.md,cpf-reference functional package + registered concrete consumer + refDB ledger; merged Java25/3DB/runtime evidence pending,1edd96c6dcc69b0b4d6e9e22a0709d910d7cfb04,Overlay compile/self-test and static consumer/DB parity PASS; exact Java25/refDB runtime evidence pending Codex,operations,cpf.reference.features.operations.enabled,true,NONE,NONE,refDB
EDU-ADM-14,Topology·Health·Capacity Drill-down,cpf-reference,com.cpf.reference.optional.operations.topology,cpf-reference/src/main/java/com/cpf/reference/optional/operations/topology/EduAdm14Handler.java,cpf-reference/src/main/resources/edu/optional/operations/topology/14/scenario-contract.json,cpf-reference/src/test/java/com/cpf/reference/optional/operations/topology/EduAdm14UnitTest.java,cpf-reference/src/test/java/com/cpf/reference/optional/operations/topology/EduAdm14IntegrationTest.java,cpf-reference/src/test/java/com/cpf/reference/optional/operations/topology/EduAdm14FailureTest.java,cpf-reference/src/test/java/com/cpf/reference/optional/operations/topology/EduAdm14RecoveryTest.java,cpf-reference/src/test/java/com/cpf/reference/optional/operations/topology/EduAdm14ConcurrencyTest.java,OVERVIEW|DRILLDOWN|CORRELATED,Stale health|instance churn|metric gap|clock skew|상태 변경이 있는 경우 DB Commit 전 실패와 Commit 후 응답 유실을 구분한다.|같은 요청의 중복·동시 실행·순서 역전·늦은 응답을 포함한다.|Retry 가능한 오류와 즉시 중단해야 하는 업무 오류를 구분한다.|대량·다중 대상 기능에서 부분 성공이 발생하면 성공 대상을 다시 실행하지 않고 실패 대상만 Reprocess·Reconcile한다.|복구·보상이 필요한 기능은 복구 실패와 보상 실패도 별도 상태·Attempt·Audit로 남긴다.,VALIDATE|AUTHORIZE|SCOPE|DEDUPE|VERSION_CHECK|PARTITION|CHECKSUM|MUTATE|COMMIT|OUTBOX|EXTERNAL_SEND|ACK|RECONCILE|COMPENSATION_READY|AUDIT|OBSERVE,BEFORE_COMMIT|AFTER_COMMIT|BEFORE_EXTERNAL_SEND|AFTER_EXTERNAL_SEND|RESPONSE_LOST|PARTIAL_TARGET_FAILURE|PROCESS_KILL,완료,미검증,DB-MIGRATION|SAMPLE-EDU|TEST-FAULT,DETAILS_CANONICAL_AND_EXECUTABLE_SCENARIO,CPF-SELF-DEV-001|CPF-SELF-DEV-005|CPF-SELF-DEV-029,CPF_CUSTOMER_MANUAL_EDU_IMPLEMENTATION_REQUIREMENTS.md,cpf-reference functional package + registered concrete consumer + refDB ledger; merged Java25/3DB/runtime evidence pending,1edd96c6dcc69b0b4d6e9e22a0709d910d7cfb04,Overlay compile/self-test and static consumer/DB parity PASS; exact Java25/refDB runtime evidence pending Codex,operations,cpf.reference.features.operations.enabled,true,NONE,NONE,refDB
EDU-ADM-15,Log·Trace·Transaction 상관 검색,cpf-reference,com.cpf.reference.optional.operations.correlation,cpf-reference/src/main/java/com/cpf/reference/optional/operations/correlation/EduAdm15Handler.java,cpf-reference/src/main/resources/edu/optional/operations/correlation/15/scenario-contract.json,cpf-reference/src/test/java/com/cpf/reference/optional/operations/correlation/EduAdm15UnitTest.java,cpf-reference/src/test/java/com/cpf/reference/optional/operations/correlation/EduAdm15IntegrationTest.java,cpf-reference/src/test/java/com/cpf/reference/optional/operations/correlation/EduAdm15FailureTest.java,cpf-reference/src/test/java/com/cpf/reference/optional/operations/correlation/EduAdm15RecoveryTest.java,cpf-reference/src/test/java/com/cpf/reference/optional/operations/correlation/EduAdm15ConcurrencyTest.java,SEARCHING|CORRELATED|PARTIAL,로그 유실|Trace sampling|원격 로그 timeout|Masking|상태 변경이 있는 경우 DB Commit 전 실패와 Commit 후 응답 유실을 구분한다.|같은 요청의 중복·동시 실행·순서 역전·늦은 응답을 포함한다.|Retry 가능한 오류와 즉시 중단해야 하는 업무 오류를 구분한다.|대량·다중 대상 기능에서 부분 성공이 발생하면 성공 대상을 다시 실행하지 않고 실패 대상만 Reprocess·Reconcile한다.|복구·보상이 필요한 기능은 복구 실패와 보상 실패도 별도 상태·Attempt·Audit로 남긴다.,VALIDATE|AUTHORIZE|SCOPE|DEDUPE|VERSION_CHECK|PARTITION|CHECKSUM|MUTATE|COMMIT|OUTBOX|EXTERNAL_SEND|ACK|RECONCILE|COMPENSATION_READY|AUDIT|OBSERVE,BEFORE_COMMIT|AFTER_COMMIT|BEFORE_EXTERNAL_SEND|AFTER_EXTERNAL_SEND|RESPONSE_LOST|PARTIAL_TARGET_FAILURE|TIMEOUT|PROCESS_KILL,완료,미검증,DB-MIGRATION|SAMPLE-EDU|TEST-FAULT,DETAILS_CANONICAL_AND_EXECUTABLE_SCENARIO,CPF-SELF-DEV-001|CPF-SELF-DEV-005|CPF-SELF-DEV-029,CPF_CUSTOMER_MANUAL_EDU_IMPLEMENTATION_REQUIREMENTS.md,cpf-reference functional package + registered concrete consumer + refDB ledger; merged Java25/3DB/runtime evidence pending,1edd96c6dcc69b0b4d6e9e22a0709d910d7cfb04,Overlay compile/self-test and static consumer/DB parity PASS; exact Java25/refDB runtime evidence pending Codex,operations,cpf.reference.features.operations.enabled,true,NONE,NONE,refDB
EDU-ADM-16,알림 Acknowledge·Escalation·교대 인계,cpf-reference,com.cpf.reference.optional.operations.notification,cpf-reference/src/main/java/com/cpf/reference/optional/operations/notification/EduAdm16Handler.java,cpf-reference/src/main/resources/edu/optional/operations/notification/16/scenario-contract.json,cpf-reference/src/test/java/com/cpf/reference/optional/operations/notification/EduAdm16UnitTest.java,cpf-reference/src/test/java/com/cpf/reference/optional/operations/notification/EduAdm16IntegrationTest.java,cpf-reference/src/test/java/com/cpf/reference/optional/operations/notification/EduAdm16FailureTest.java,cpf-reference/src/test/java/com/cpf/reference/optional/operations/notification/EduAdm16RecoveryTest.java,cpf-reference/src/test/java/com/cpf/reference/optional/operations/notification/EduAdm16ConcurrencyTest.java,OPEN|ACKNOWLEDGED|RESOLVED|ESCALATED,중복 ACK|담당자 퇴근|snooze 만료|동일 원인 경보 묶음|상태 변경이 있는 경우 DB Commit 전 실패와 Commit 후 응답 유실을 구분한다.|같은 요청의 중복·동시 실행·순서 역전·늦은 응답을 포함한다.|Retry 가능한 오류와 즉시 중단해야 하는 업무 오류를 구분한다.|대량·다중 대상 기능에서 부분 성공이 발생하면 성공 대상을 다시 실행하지 않고 실패 대상만 Reprocess·Reconcile한다.|복구·보상이 필요한 기능은 복구 실패와 보상 실패도 별도 상태·Attempt·Audit로 남긴다.,VALIDATE|AUTHORIZE|SCOPE|DEDUPE|VERSION_CHECK|PARTITION|CHECKSUM|MUTATE|COMMIT|OUTBOX|EXTERNAL_SEND|ACK|RECONCILE|COMPENSATION_READY|AUDIT|OBSERVE,BEFORE_COMMIT|AFTER_COMMIT|BEFORE_EXTERNAL_SEND|AFTER_EXTERNAL_SEND|RESPONSE_LOST|PARTIAL_TARGET_FAILURE|PROCESS_KILL,완료,미검증,DB-MIGRATION|SAMPLE-EDU|TEST-FAULT,DETAILS_CANONICAL_AND_EXECUTABLE_SCENARIO,CPF-SELF-DEV-001|CPF-SELF-DEV-005|CPF-SELF-DEV-029,CPF_CUSTOMER_MANUAL_EDU_IMPLEMENTATION_REQUIREMENTS.md,cpf-reference functional package + registered concrete consumer + refDB ledger; merged Java25/3DB/runtime evidence pending,1edd96c6dcc69b0b4d6e9e22a0709d910d7cfb04,Overlay compile/self-test and static consumer/DB parity PASS; exact Java25/refDB runtime evidence pending Codex,operations,cpf.reference.features.operations.enabled,true,NONE,NONE,refDB
EDU-ADM-17,Browser 세션 만료·재로그인·위험 조치 안전성,cpf-reference,com.cpf.reference.optional.operations.session,cpf-reference/src/main/java/com/cpf/reference/optional/operations/session/EduAdm17Handler.java,cpf-reference/src/main/resources/edu/optional/operations/session/17/scenario-contract.json,cpf-reference/src/test/java/com/cpf/reference/optional/operations/session/EduAdm17UnitTest.java,cpf-reference/src/test/java/com/cpf/reference/optional/operations/session/EduAdm17IntegrationTest.java,cpf-reference/src/test/java/com/cpf/reference/optional/operations/session/EduAdm17FailureTest.java,cpf-reference/src/test/java/com/cpf/reference/optional/operations/session/EduAdm17RecoveryTest.java,cpf-reference/src/test/java/com/cpf/reference/optional/operations/session/EduAdm17ConcurrencyTest.java,CONFIRMING|SESSION_EXPIRED|REAUTHENTICATED|RECONCILED,POST 전 만료|POST 후 응답 전 만료|다중 Tab|CSRF|상태 변경이 있는 경우 DB Commit 전 실패와 Commit 후 응답 유실을 구분한다.|같은 요청의 중복·동시 실행·순서 역전·늦은 응답을 포함한다.|Retry 가능한 오류와 즉시 중단해야 하는 업무 오류를 구분한다.|대량·다중 대상 기능에서 부분 성공이 발생하면 성공 대상을 다시 실행하지 않고 실패 대상만 Reprocess·Reconcile한다.|복구·보상이 필요한 기능은 복구 실패와 보상 실패도 별도 상태·Attempt·Audit로 남긴다.,VALIDATE|AUTHORIZE|SCOPE|DEDUPE|VERSION_CHECK|APPROVAL|PARTITION|CHECKSUM|MUTATE|COMMIT|OUTBOX|EXTERNAL_SEND|ACK|RECONCILE|COMPENSATION_READY|AUDIT|OBSERVE,BEFORE_COMMIT|AFTER_COMMIT|BEFORE_EXTERNAL_SEND|AFTER_EXTERNAL_SEND|RESPONSE_LOST|PARTIAL_TARGET_FAILURE|PROCESS_KILL,완료,미검증,DB-MIGRATION|SAMPLE-EDU|TEST-FAULT,DETAILS_CANONICAL_AND_EXECUTABLE_SCENARIO,CPF-SELF-DEV-001|CPF-SELF-DEV-005|CPF-SELF-DEV-029,CPF_CUSTOMER_MANUAL_EDU_IMPLEMENTATION_REQUIREMENTS.md,cpf-reference functional package + registered concrete consumer + refDB ledger; merged Java25/3DB/runtime evidence pending,1edd96c6dcc69b0b4d6e9e22a0709d910d7cfb04,Overlay compile/self-test and static consumer/DB parity PASS; exact Java25/refDB runtime evidence pending Codex,operations,cpf.reference.features.operations.enabled,true,NONE,NONE,refDB
EDU-BZA-07,초기 관리자 Bootstrap·첫 로그인·권한 인계,cpf-reference,com.cpf.reference.optional.backoffice.directory,cpf-reference/src/main/java/com/cpf/reference/optional/backoffice/directory/EduBackoffice07Handler.java,cpf-reference/src/main/resources/edu/optional/backoffice/directory/07/scenario-contract.json,cpf-reference/src/test/java/com/cpf/reference/optional/backoffice/directory/EduBackoffice07UnitTest.java,cpf-reference/src/test/java/com/cpf/reference/optional/backoffice/directory/EduBackoffice07IntegrationTest.java,cpf-reference/src/test/java/com/cpf/reference/optional/backoffice/directory/EduBackoffice07FailureTest.java,cpf-reference/src/test/java/com/cpf/reference/optional/backoffice/directory/EduBackoffice07RecoveryTest.java,cpf-reference/src/test/java/com/cpf/reference/optional/backoffice/directory/EduBackoffice07ConcurrencyTest.java,BOOTSTRAP_AVAILABLE|ADMIN_CREATED|PASSWORD_CHANGED|BOOTSTRAP_DISABLED,Token 재사용|만료|두 관리자 동시 생성|초기 계정 삭제|상태 변경이 있는 경우 DB Commit 전 실패와 Commit 후 응답 유실을 구분한다.|같은 요청의 중복·동시 실행·순서 역전·늦은 응답을 포함한다.|Retry 가능한 오류와 즉시 중단해야 하는 업무 오류를 구분한다.|대량·다중 대상 기능에서 부분 성공이 발생하면 성공 대상을 다시 실행하지 않고 실패 대상만 Reprocess·Reconcile한다.|복구·보상이 필요한 기능은 복구 실패와 보상 실패도 별도 상태·Attempt·Audit로 남긴다.,VALIDATE|AUTHORIZE|SCOPE|DEDUPE|VERSION_CHECK|APPROVAL|PARTITION|CHECKSUM|MUTATE|COMMIT|OUTBOX|EXTERNAL_SEND|ACK|RECONCILE|COMPENSATION_READY|AUDIT|OBSERVE,BEFORE_COMMIT|AFTER_COMMIT|BEFORE_EXTERNAL_SEND|AFTER_EXTERNAL_SEND|RESPONSE_LOST|PARTIAL_TARGET_FAILURE|PROCESS_KILL,완료,미검증,ONBOARD-DOMAIN|SAMPLE-EDU|TEST-FAULT,DETAILS_CANONICAL_AND_EXECUTABLE_SCENARIO,CPF-SELF-DEV-001|CPF-SELF-DEV-005|CPF-SELF-DEV-030,CPF_CUSTOMER_MANUAL_EDU_IMPLEMENTATION_REQUIREMENTS.md,cpf-reference functional package + registered concrete consumer + refDB ledger; merged Java25/3DB/runtime evidence pending,1edd96c6dcc69b0b4d6e9e22a0709d910d7cfb04,Overlay compile/self-test and static consumer/DB parity PASS; exact Java25/refDB runtime evidence pending Codex,backoffice,cpf.reference.features.backoffice.enabled,true,NONE,NONE,refDB
EDU-BZA-08,조직 개편·기준일·과거 이력 유지,cpf-reference,com.cpf.reference.optional.backoffice.reorganization,cpf-reference/src/main/java/com/cpf/reference/optional/backoffice/reorganization/EduBackoffice08Handler.java,cpf-reference/src/main/resources/edu/optional/backoffice/reorganization/08/scenario-contract.json,cpf-reference/src/test/java/com/cpf/reference/optional/backoffice/reorganization/EduBackoffice08UnitTest.java,cpf-reference/src/test/java/com/cpf/reference/optional/backoffice/reorganization/EduBackoffice08IntegrationTest.java,cpf-reference/src/test/java/com/cpf/reference/optional/backoffice/reorganization/EduBackoffice08FailureTest.java,cpf-reference/src/test/java/com/cpf/reference/optional/backoffice/reorganization/EduBackoffice08RecoveryTest.java,cpf-reference/src/test/java/com/cpf/reference/optional/backoffice/reorganization/EduBackoffice08ConcurrencyTest.java,DRAFT|VALIDATED|SCHEDULED|EFFECTIVE,순환 조직|책임자 미지정|기간 겹침|소급 변경|상태 변경이 있는 경우 DB Commit 전 실패와 Commit 후 응답 유실을 구분한다.|같은 요청의 중복·동시 실행·순서 역전·늦은 응답을 포함한다.|Retry 가능한 오류와 즉시 중단해야 하는 업무 오류를 구분한다.|대량·다중 대상 기능에서 부분 성공이 발생하면 성공 대상을 다시 실행하지 않고 실패 대상만 Reprocess·Reconcile한다.|복구·보상이 필요한 기능은 복구 실패와 보상 실패도 별도 상태·Attempt·Audit로 남긴다.,VALIDATE|AUTHORIZE|SCOPE|DEDUPE|VERSION_CHECK|PARTITION|CHECKSUM|MUTATE|COMMIT|OUTBOX|EXTERNAL_SEND|ACK|RECONCILE|COMPENSATION_READY|AUDIT|OBSERVE,BEFORE_COMMIT|AFTER_COMMIT|BEFORE_EXTERNAL_SEND|AFTER_EXTERNAL_SEND|RESPONSE_LOST|PARTIAL_TARGET_FAILURE|PROCESS_KILL,완료,미검증,DB-MIGRATION|SAMPLE-EDU|TEST-FAULT,DETAILS_CANONICAL_AND_EXECUTABLE_SCENARIO,CPF-SELF-DEV-001|CPF-SELF-DEV-005|CPF-SELF-DEV-029,CPF_CUSTOMER_MANUAL_EDU_IMPLEMENTATION_REQUIREMENTS.md,cpf-reference functional package + registered concrete consumer + refDB ledger; merged Java25/3DB/runtime evidence pending,1edd96c6dcc69b0b4d6e9e22a0709d910d7cfb04,Overlay compile/self-test and static consumer/DB parity PASS; exact Java25/refDB runtime evidence pending Codex,backoffice,cpf.reference.features.backoffice.enabled,true,NONE,NONE,refDB
EDU-BZA-09,입사·이동·휴직·퇴사 Joiner-Mover-Leaver,cpf-reference,com.cpf.reference.optional.backoffice.lifecycle,cpf-reference/src/main/java/com/cpf/reference/optional/backoffice/lifecycle/EduBackoffice09Handler.java,cpf-reference/src/main/resources/edu/optional/backoffice/lifecycle/09/scenario-contract.json,cpf-reference/src/test/java/com/cpf/reference/optional/backoffice/lifecycle/EduBackoffice09UnitTest.java,cpf-reference/src/test/java/com/cpf/reference/optional/backoffice/lifecycle/EduBackoffice09IntegrationTest.java,cpf-reference/src/test/java/com/cpf/reference/optional/backoffice/lifecycle/EduBackoffice09FailureTest.java,cpf-reference/src/test/java/com/cpf/reference/optional/backoffice/lifecycle/EduBackoffice09RecoveryTest.java,cpf-reference/src/test/java/com/cpf/reference/optional/backoffice/lifecycle/EduBackoffice09ConcurrencyTest.java,PLANNED|APPLIED|ACTIVE|LEAVE|TERMINATED,미래 발령|당일 여러 발령|퇴사 후 세션|미결 결재|상태 변경이 있는 경우 DB Commit 전 실패와 Commit 후 응답 유실을 구분한다.|같은 요청의 중복·동시 실행·순서 역전·늦은 응답을 포함한다.|Retry 가능한 오류와 즉시 중단해야 하는 업무 오류를 구분한다.|대량·다중 대상 기능에서 부분 성공이 발생하면 성공 대상을 다시 실행하지 않고 실패 대상만 Reprocess·Reconcile한다.|복구·보상이 필요한 기능은 복구 실패와 보상 실패도 별도 상태·Attempt·Audit로 남긴다.,VALIDATE|AUTHORIZE|SCOPE|DEDUPE|VERSION_CHECK|APPROVAL|PARTITION|CHECKSUM|MUTATE|COMMIT|OUTBOX|EXTERNAL_SEND|ACK|RECONCILE|COMPENSATION_READY|AUDIT|OBSERVE,BEFORE_COMMIT|AFTER_COMMIT|BEFORE_EXTERNAL_SEND|AFTER_EXTERNAL_SEND|RESPONSE_LOST|PARTIAL_TARGET_FAILURE|PROCESS_KILL,완료,미검증,DB-MIGRATION|SAMPLE-EDU|TEST-FAULT,DETAILS_CANONICAL_AND_EXECUTABLE_SCENARIO,CPF-SELF-DEV-001|CPF-SELF-DEV-005|CPF-SELF-DEV-029,CPF_CUSTOMER_MANUAL_EDU_IMPLEMENTATION_REQUIREMENTS.md,cpf-reference functional package + registered concrete consumer + refDB ledger; merged Java25/3DB/runtime evidence pending,1edd96c6dcc69b0b4d6e9e22a0709d910d7cfb04,Overlay compile/self-test and static consumer/DB parity PASS; exact Java25/refDB runtime evidence pending Codex,backoffice,cpf.reference.features.backoffice.enabled,true,NONE,NONE,refDB
EDU-BZA-10,역할 충돌·직무분리·실효 권한 Simulation,cpf-reference,com.cpf.reference.optional.backoffice.separationofduties,cpf-reference/src/main/java/com/cpf/reference/optional/backoffice/separationofduties/EduBackoffice10Handler.java,cpf-reference/src/main/resources/edu/optional/backoffice/separationofduties/10/scenario-contract.json,cpf-reference/src/test/java/com/cpf/reference/optional/backoffice/separationofduties/EduBackoffice10UnitTest.java,cpf-reference/src/test/java/com/cpf/reference/optional/backoffice/separationofduties/EduBackoffice10IntegrationTest.java,cpf-reference/src/test/java/com/cpf/reference/optional/backoffice/separationofduties/EduBackoffice10FailureTest.java,cpf-reference/src/test/java/com/cpf/reference/optional/backoffice/separationofduties/EduBackoffice10RecoveryTest.java,cpf-reference/src/test/java/com/cpf/reference/optional/backoffice/separationofduties/EduBackoffice10ConcurrencyTest.java,SIMULATED|ALLOWED|DENIED|ASSIGNED,간접 역할|기간 겹침|Data Scope 결합|긴급 권한|상태 변경이 있는 경우 DB Commit 전 실패와 Commit 후 응답 유실을 구분한다.|같은 요청의 중복·동시 실행·순서 역전·늦은 응답을 포함한다.|Retry 가능한 오류와 즉시 중단해야 하는 업무 오류를 구분한다.|대량·다중 대상 기능에서 부분 성공이 발생하면 성공 대상을 다시 실행하지 않고 실패 대상만 Reprocess·Reconcile한다.|복구·보상이 필요한 기능은 복구 실패와 보상 실패도 별도 상태·Attempt·Audit로 남긴다.,VALIDATE|AUTHORIZE|SCOPE|VERSION_CHECK|PREVIEW|PARTITION|CHECKSUM|QUERY_SNAPSHOT|OUTBOX|EXTERNAL_SEND|ACK|RECONCILE|COMPENSATION_READY|AUDIT|OBSERVE,BEFORE_EXTERNAL_SEND|AFTER_EXTERNAL_SEND|PARTIAL_TARGET_FAILURE|TIMEOUT,완료,미검증,DB-MIGRATION|SAMPLE-EDU|TEST-FAULT,DETAILS_CANONICAL_AND_EXECUTABLE_SCENARIO,CPF-SELF-DEV-001|CPF-SELF-DEV-005|CPF-SELF-DEV-029,CPF_CUSTOMER_MANUAL_EDU_IMPLEMENTATION_REQUIREMENTS.md,cpf-reference functional package + registered concrete consumer + refDB ledger; merged Java25/3DB/runtime evidence pending,1edd96c6dcc69b0b4d6e9e22a0709d910d7cfb04,Overlay compile/self-test and static consumer/DB parity PASS; exact Java25/refDB runtime evidence pending Codex,backoffice,cpf.reference.features.backoffice.enabled,true,NONE,NONE,refDB
EDU-BZA-11,위임 중첩·기간 만료·결재 경로 재계산,cpf-reference,com.cpf.reference.optional.backoffice.approvalhistory,cpf-reference/src/main/java/com/cpf/reference/optional/backoffice/approvalhistory/EduBackoffice11Handler.java,cpf-reference/src/main/resources/edu/optional/backoffice/approvalhistory/11/scenario-contract.json,cpf-reference/src/test/java/com/cpf/reference/optional/backoffice/approvalhistory/EduBackoffice11UnitTest.java,cpf-reference/src/test/java/com/cpf/reference/optional/backoffice/approvalhistory/EduBackoffice11IntegrationTest.java,cpf-reference/src/test/java/com/cpf/reference/optional/backoffice/approvalhistory/EduBackoffice11FailureTest.java,cpf-reference/src/test/java/com/cpf/reference/optional/backoffice/approvalhistory/EduBackoffice11RecoveryTest.java,cpf-reference/src/test/java/com/cpf/reference/optional/backoffice/approvalhistory/EduBackoffice11ConcurrencyTest.java,DRAFT|ACTIVE|EXPIRED|REVOKED,상호 위임|순환|중첩 범위|위임자 퇴사|상태 변경이 있는 경우 DB Commit 전 실패와 Commit 후 응답 유실을 구분한다.|같은 요청의 중복·동시 실행·순서 역전·늦은 응답을 포함한다.|Retry 가능한 오류와 즉시 중단해야 하는 업무 오류를 구분한다.|대량·다중 대상 기능에서 부분 성공이 발생하면 성공 대상을 다시 실행하지 않고 실패 대상만 Reprocess·Reconcile한다.|복구·보상이 필요한 기능은 복구 실패와 보상 실패도 별도 상태·Attempt·Audit로 남긴다.,VALIDATE|AUTHORIZE|SCOPE|DEDUPE|VERSION_CHECK|APPROVAL|PARTITION|CHECKSUM|MUTATE|COMMIT|OUTBOX|EXTERNAL_SEND|ACK|RECONCILE|COMPENSATION_READY|AUDIT|OBSERVE,BEFORE_COMMIT|AFTER_COMMIT|BEFORE_EXTERNAL_SEND|AFTER_EXTERNAL_SEND|RESPONSE_LOST|PARTIAL_TARGET_FAILURE|PROCESS_KILL,완료,미검증,DB-MIGRATION|SAMPLE-EDU|TEST-FAULT,DETAILS_CANONICAL_AND_EXECUTABLE_SCENARIO,CPF-SELF-DEV-001|CPF-SELF-DEV-005|CPF-SELF-DEV-029,CPF_CUSTOMER_MANUAL_EDU_IMPLEMENTATION_REQUIREMENTS.md,cpf-reference functional package + registered concrete consumer + refDB ledger; merged Java25/3DB/runtime evidence pending,1edd96c6dcc69b0b4d6e9e22a0709d910d7cfb04,Overlay compile/self-test and static consumer/DB parity PASS; exact Java25/refDB runtime evidence pending Codex,backoffice,cpf.reference.features.backoffice.enabled,true,NONE,NONE,refDB
EDU-BZA-12,계정 잠금·비밀번호 초기화·세션 강제 종료,cpf-reference,com.cpf.reference.optional.backoffice.attachment,cpf-reference/src/main/java/com/cpf/reference/optional/backoffice/attachment/EduBackoffice12Handler.java,cpf-reference/src/main/resources/edu/optional/backoffice/attachment/12/scenario-contract.json,cpf-reference/src/test/java/com/cpf/reference/optional/backoffice/attachment/EduBackoffice12UnitTest.java,cpf-reference/src/test/java/com/cpf/reference/optional/backoffice/attachment/EduBackoffice12IntegrationTest.java,cpf-reference/src/test/java/com/cpf/reference/optional/backoffice/attachment/EduBackoffice12FailureTest.java,cpf-reference/src/test/java/com/cpf/reference/optional/backoffice/attachment/EduBackoffice12RecoveryTest.java,cpf-reference/src/test/java/com/cpf/reference/optional/backoffice/attachment/EduBackoffice12ConcurrencyTest.java,ACTIVE|LOCKED|RESET_REQUIRED,동시 로그인|초기화 링크 재사용|관리자 자기 초기화|세션 잔존|상태 변경이 있는 경우 DB Commit 전 실패와 Commit 후 응답 유실을 구분한다.|같은 요청의 중복·동시 실행·순서 역전·늦은 응답을 포함한다.|Retry 가능한 오류와 즉시 중단해야 하는 업무 오류를 구분한다.|대량·다중 대상 기능에서 부분 성공이 발생하면 성공 대상을 다시 실행하지 않고 실패 대상만 Reprocess·Reconcile한다.|복구·보상이 필요한 기능은 복구 실패와 보상 실패도 별도 상태·Attempt·Audit로 남긴다.,VALIDATE|AUTHORIZE|SCOPE|DEDUPE|VERSION_CHECK|PARTITION|CHECKSUM|MUTATE|COMMIT|OUTBOX|EXTERNAL_SEND|ACK|RECONCILE|COMPENSATION_READY|AUDIT|OBSERVE,BEFORE_COMMIT|AFTER_COMMIT|BEFORE_EXTERNAL_SEND|AFTER_EXTERNAL_SEND|RESPONSE_LOST|PARTIAL_TARGET_FAILURE|PROCESS_KILL,완료,미검증,DB-MIGRATION|SAMPLE-EDU|TEST-FAULT,DETAILS_CANONICAL_AND_EXECUTABLE_SCENARIO,CPF-SELF-DEV-001|CPF-SELF-DEV-005|CPF-SELF-DEV-029,CPF_CUSTOMER_MANUAL_EDU_IMPLEMENTATION_REQUIREMENTS.md,cpf-reference functional package + registered concrete consumer + refDB ledger; merged Java25/3DB/runtime evidence pending,1edd96c6dcc69b0b4d6e9e22a0709d910d7cfb04,Overlay compile/self-test and static consumer/DB parity PASS; exact Java25/refDB runtime evidence pending Codex,backoffice,cpf.reference.features.backoffice.enabled,true,NONE,NONE,refDB
EDU-BZA-13,개인정보 Masking·감사 조회·승인 Export,cpf-reference,com.cpf.reference.optional.backoffice.privacyexport,cpf-reference/src/main/java/com/cpf/reference/optional/backoffice/privacyexport/EduBackoffice13Handler.java,cpf-reference/src/main/resources/edu/optional/backoffice/privacyexport/13/scenario-contract.json,cpf-reference/src/test/java/com/cpf/reference/optional/backoffice/privacyexport/EduBackoffice13UnitTest.java,cpf-reference/src/test/java/com/cpf/reference/optional/backoffice/privacyexport/EduBackoffice13IntegrationTest.java,cpf-reference/src/test/java/com/cpf/reference/optional/backoffice/privacyexport/EduBackoffice13FailureTest.java,cpf-reference/src/test/java/com/cpf/reference/optional/backoffice/privacyexport/EduBackoffice13RecoveryTest.java,cpf-reference/src/test/java/com/cpf/reference/optional/backoffice/privacyexport/EduBackoffice13ConcurrencyTest.java,QUERY_MASKED|EXPORT_REQUESTED|READY,원문 Column 노출|저장 검색 재사용|다운로드 공유|승인 만료|상태 변경이 있는 경우 DB Commit 전 실패와 Commit 후 응답 유실을 구분한다.|같은 요청의 중복·동시 실행·순서 역전·늦은 응답을 포함한다.|Retry 가능한 오류와 즉시 중단해야 하는 업무 오류를 구분한다.|대량·다중 대상 기능에서 부분 성공이 발생하면 성공 대상을 다시 실행하지 않고 실패 대상만 Reprocess·Reconcile한다.|복구·보상이 필요한 기능은 복구 실패와 보상 실패도 별도 상태·Attempt·Audit로 남긴다.,VALIDATE|AUTHORIZE|SCOPE|DEDUPE|VERSION_CHECK|APPROVAL|PARTITION|CHECKSUM|MUTATE|COMMIT|OUTBOX|EXTERNAL_SEND|ACK|RECONCILE|COMPENSATION_READY|AUDIT|OBSERVE,BEFORE_COMMIT|AFTER_COMMIT|BEFORE_EXTERNAL_SEND|AFTER_EXTERNAL_SEND|RESPONSE_LOST|PARTIAL_TARGET_FAILURE|PROCESS_KILL,완료,미검증,DB-MIGRATION|SAMPLE-EDU|TEST-FAULT,DETAILS_CANONICAL_AND_EXECUTABLE_SCENARIO,CPF-SELF-DEV-001|CPF-SELF-DEV-005|CPF-SELF-DEV-029,CPF_CUSTOMER_MANUAL_EDU_IMPLEMENTATION_REQUIREMENTS.md,cpf-reference functional package + registered concrete consumer + refDB ledger; merged Java25/3DB/runtime evidence pending,1edd96c6dcc69b0b4d6e9e22a0709d910d7cfb04,Overlay compile/self-test and static consumer/DB parity PASS; exact Java25/refDB runtime evidence pending Codex,backoffice,cpf.reference.features.backoffice.enabled,true,NONE,NONE,refDB
EDU-BZA-14,고객 업무 승인 결과 반영·실패 Rollback,cpf-reference,com.cpf.reference.optional.backoffice.rollback,cpf-reference/src/main/java/com/cpf/reference/optional/backoffice/rollback/EduBackoffice14Handler.java,cpf-reference/src/main/resources/edu/optional/backoffice/rollback/14/scenario-contract.json,cpf-reference/src/test/java/com/cpf/reference/optional/backoffice/rollback/EduBackoffice14UnitTest.java,cpf-reference/src/test/java/com/cpf/reference/optional/backoffice/rollback/EduBackoffice14IntegrationTest.java,cpf-reference/src/test/java/com/cpf/reference/optional/backoffice/rollback/EduBackoffice14FailureTest.java,cpf-reference/src/test/java/com/cpf/reference/optional/backoffice/rollback/EduBackoffice14RecoveryTest.java,cpf-reference/src/test/java/com/cpf/reference/optional/backoffice/rollback/EduBackoffice14ConcurrencyTest.java,APPROVED|APPLYING|APPLIED|UNKNOWN_RESULT|COMPENSATED,승인 후 업무 Version 변경|응답 유실|중복 Callback|부분 적용|상태 변경이 있는 경우 DB Commit 전 실패와 Commit 후 응답 유실을 구분한다.|같은 요청의 중복·동시 실행·순서 역전·늦은 응답을 포함한다.|Retry 가능한 오류와 즉시 중단해야 하는 업무 오류를 구분한다.|대량·다중 대상 기능에서 부분 성공이 발생하면 성공 대상을 다시 실행하지 않고 실패 대상만 Reprocess·Reconcile한다.|복구·보상이 필요한 기능은 복구 실패와 보상 실패도 별도 상태·Attempt·Audit로 남긴다.,VALIDATE|AUTHORIZE|SCOPE|DEDUPE|VERSION_CHECK|APPROVAL|PARTITION|CHECKSUM|MUTATE|COMMIT|OUTBOX|EXTERNAL_SEND|ACK|RECONCILE|COMPENSATION_READY|AUDIT|OBSERVE,BEFORE_COMMIT|AFTER_COMMIT|BEFORE_EXTERNAL_SEND|AFTER_EXTERNAL_SEND|RESPONSE_LOST|PARTIAL_TARGET_FAILURE|PROCESS_KILL,완료,미검증,DB-MIGRATION|SAMPLE-EDU|TEST-FAULT,DETAILS_CANONICAL_AND_EXECUTABLE_SCENARIO,CPF-SELF-DEV-001|CPF-SELF-DEV-005|CPF-SELF-DEV-029,CPF_CUSTOMER_MANUAL_EDU_IMPLEMENTATION_REQUIREMENTS.md,cpf-reference functional package + registered concrete consumer + refDB ledger; merged Java25/3DB/runtime evidence pending,1edd96c6dcc69b0b4d6e9e22a0709d910d7cfb04,Overlay compile/self-test and static consumer/DB parity PASS; exact Java25/refDB runtime evidence pending Codex,backoffice,cpf.reference.features.backoffice.enabled,true,NONE,NONE,refDB
EDU-GW-07,Service Discovery·Target Failover·복귀,cpf-reference,com.cpf.reference.optional.gateway.registry,cpf-reference/src/main/java/com/cpf/reference/optional/gateway/registry/EduGw07Handler.java,cpf-reference/src/main/resources/edu/optional/gateway/registry/07/scenario-contract.json,cpf-reference/src/test/java/com/cpf/reference/optional/gateway/registry/EduGw07UnitTest.java,cpf-reference/src/test/java/com/cpf/reference/optional/gateway/registry/EduGw07IntegrationTest.java,cpf-reference/src/test/java/com/cpf/reference/optional/gateway/registry/EduGw07FailureTest.java,cpf-reference/src/test/java/com/cpf/reference/optional/gateway/registry/EduGw07RecoveryTest.java,cpf-reference/src/test/java/com/cpf/reference/optional/gateway/registry/EduGw07ConcurrencyTest.java,DISCOVERED|HEALTHY|UNHEALTHY|DRAINED|WARMING|ACTIVE,Registry stale|flapping|모든 Target down|세션 고정|상태 변경이 있는 경우 DB Commit 전 실패와 Commit 후 응답 유실을 구분한다.|같은 요청의 중복·동시 실행·순서 역전·늦은 응답을 포함한다.|Retry 가능한 오류와 즉시 중단해야 하는 업무 오류를 구분한다.|대량·다중 대상 기능에서 부분 성공이 발생하면 성공 대상을 다시 실행하지 않고 실패 대상만 Reprocess·Reconcile한다.|복구·보상이 필요한 기능은 복구 실패와 보상 실패도 별도 상태·Attempt·Audit로 남긴다.,VALIDATE|AUTHORIZE|SCOPE|DEDUPE|VERSION_CHECK|PARTITION|CHECKSUM|MUTATE|COMMIT|OUTBOX|EXTERNAL_SEND|ACK|RECONCILE|COMPENSATION_READY|AUDIT|OBSERVE,BEFORE_COMMIT|AFTER_COMMIT|BEFORE_EXTERNAL_SEND|AFTER_EXTERNAL_SEND|RESPONSE_LOST|PARTIAL_TARGET_FAILURE|PROCESS_KILL,완료,미검증,DB-MIGRATION|SAMPLE-EDU|TEST-FAULT,DETAILS_CANONICAL_AND_EXECUTABLE_SCENARIO,CPF-SELF-DEV-001|CPF-SELF-DEV-005|CPF-SELF-DEV-029,CPF_CUSTOMER_MANUAL_EDU_IMPLEMENTATION_REQUIREMENTS.md,cpf-reference functional package + registered concrete consumer + refDB ledger; merged Java25/3DB/runtime evidence pending,1edd96c6dcc69b0b4d6e9e22a0709d910d7cfb04,Overlay compile/self-test and static consumer/DB parity PASS; exact Java25/refDB runtime evidence pending Codex,gateway,cpf.reference.features.gateway.enabled,true,NONE,NONE,refDB
EDU-GW-08,SSRF Allowlist·DNS Rebinding·내부망 차단,cpf-reference,com.cpf.reference.optional.gateway.health,cpf-reference/src/main/java/com/cpf/reference/optional/gateway/health/EduGw08Handler.java,cpf-reference/src/main/resources/edu/optional/gateway/health/08/scenario-contract.json,cpf-reference/src/test/java/com/cpf/reference/optional/gateway/health/EduGw08UnitTest.java,cpf-reference/src/test/java/com/cpf/reference/optional/gateway/health/EduGw08IntegrationTest.java,cpf-reference/src/test/java/com/cpf/reference/optional/gateway/health/EduGw08FailureTest.java,cpf-reference/src/test/java/com/cpf/reference/optional/gateway/health/EduGw08RecoveryTest.java,cpf-reference/src/test/java/com/cpf/reference/optional/gateway/health/EduGw08ConcurrencyTest.java,DRAFT|SECURITY_VALIDATED|APPROVED|REJECTED,localhost|metadata IP|CNAME chain|DNS rebinding|IPv6|redirect|상태 변경이 있는 경우 DB Commit 전 실패와 Commit 후 응답 유실을 구분한다.|같은 요청의 중복·동시 실행·순서 역전·늦은 응답을 포함한다.|Retry 가능한 오류와 즉시 중단해야 하는 업무 오류를 구분한다.|대량·다중 대상 기능에서 부분 성공이 발생하면 성공 대상을 다시 실행하지 않고 실패 대상만 Reprocess·Reconcile한다.|복구·보상이 필요한 기능은 복구 실패와 보상 실패도 별도 상태·Attempt·Audit로 남긴다.,VALIDATE|AUTHORIZE|SCOPE|DEDUPE|VERSION_CHECK|PARTITION|CHECKSUM|MUTATE|COMMIT|OUTBOX|EXTERNAL_SEND|ACK|RECONCILE|COMPENSATION_READY|AUDIT|OBSERVE,BEFORE_COMMIT|AFTER_COMMIT|BEFORE_EXTERNAL_SEND|AFTER_EXTERNAL_SEND|RESPONSE_LOST|PARTIAL_TARGET_FAILURE|PROCESS_KILL,완료,미검증,DB-MIGRATION|SAMPLE-EDU|TEST-FAULT,DETAILS_CANONICAL_AND_EXECUTABLE_SCENARIO,CPF-SELF-DEV-001|CPF-SELF-DEV-005|CPF-SELF-DEV-029,CPF_CUSTOMER_MANUAL_EDU_IMPLEMENTATION_REQUIREMENTS.md,cpf-reference functional package + registered concrete consumer + refDB ledger; merged Java25/3DB/runtime evidence pending,1edd96c6dcc69b0b4d6e9e22a0709d910d7cfb04,Overlay compile/self-test and static consumer/DB parity PASS; exact Java25/refDB runtime evidence pending Codex,gateway,cpf.reference.features.gateway.enabled,true,NONE,NONE,refDB
EDU-GW-09,Header 정리·경로·요청·응답 변환,cpf-reference,com.cpf.reference.optional.gateway.drain,cpf-reference/src/main/java/com/cpf/reference/optional/gateway/drain/EduGw09Handler.java,cpf-reference/src/main/resources/edu/optional/gateway/drain/09/scenario-contract.json,cpf-reference/src/test/java/com/cpf/reference/optional/gateway/drain/EduGw09UnitTest.java,cpf-reference/src/test/java/com/cpf/reference/optional/gateway/drain/EduGw09IntegrationTest.java,cpf-reference/src/test/java/com/cpf/reference/optional/gateway/drain/EduGw09FailureTest.java,cpf-reference/src/test/java/com/cpf/reference/optional/gateway/drain/EduGw09RecoveryTest.java,cpf-reference/src/test/java/com/cpf/reference/optional/gateway/drain/EduGw09ConcurrencyTest.java,VALIDATED|PUBLISHED|TRANSFORMING,중복 Header|hop-by-hop|CRLF injection|rewrite loop|Location rewrite|상태 변경이 있는 경우 DB Commit 전 실패와 Commit 후 응답 유실을 구분한다.|같은 요청의 중복·동시 실행·순서 역전·늦은 응답을 포함한다.|Retry 가능한 오류와 즉시 중단해야 하는 업무 오류를 구분한다.|대량·다중 대상 기능에서 부분 성공이 발생하면 성공 대상을 다시 실행하지 않고 실패 대상만 Reprocess·Reconcile한다.|복구·보상이 필요한 기능은 복구 실패와 보상 실패도 별도 상태·Attempt·Audit로 남긴다.,VALIDATE|AUTHORIZE|SCOPE|DEDUPE|VERSION_CHECK|PARTITION|CHECKSUM|MUTATE|COMMIT|OUTBOX|EXTERNAL_SEND|ACK|RECONCILE|COMPENSATION_READY|AUDIT|OBSERVE,BEFORE_COMMIT|AFTER_COMMIT|BEFORE_EXTERNAL_SEND|AFTER_EXTERNAL_SEND|RESPONSE_LOST|PARTIAL_TARGET_FAILURE|PROCESS_KILL,완료,미검증,DB-MIGRATION|SAMPLE-EDU|TEST-FAULT,DETAILS_CANONICAL_AND_EXECUTABLE_SCENARIO,CPF-SELF-DEV-001|CPF-SELF-DEV-005|CPF-SELF-DEV-029,CPF_CUSTOMER_MANUAL_EDU_IMPLEMENTATION_REQUIREMENTS.md,cpf-reference functional package + registered concrete consumer + refDB ledger; merged Java25/3DB/runtime evidence pending,1edd96c6dcc69b0b4d6e9e22a0709d910d7cfb04,Overlay compile/self-test and static consumer/DB parity PASS; exact Java25/refDB runtime evidence pending Codex,gateway,cpf.reference.features.gateway.enabled,true,NONE,NONE,refDB
EDU-GW-10,Body 크기·Content-Type·Schema Validation,cpf-reference,com.cpf.reference.optional.gateway.rejection,cpf-reference/src/main/java/com/cpf/reference/optional/gateway/rejection/EduGw10Handler.java,cpf-reference/src/main/resources/edu/optional/gateway/rejection/10/scenario-contract.json,cpf-reference/src/test/java/com/cpf/reference/optional/gateway/rejection/EduGw10UnitTest.java,cpf-reference/src/test/java/com/cpf/reference/optional/gateway/rejection/EduGw10IntegrationTest.java,cpf-reference/src/test/java/com/cpf/reference/optional/gateway/rejection/EduGw10FailureTest.java,cpf-reference/src/test/java/com/cpf/reference/optional/gateway/rejection/EduGw10RecoveryTest.java,cpf-reference/src/test/java/com/cpf/reference/optional/gateway/rejection/EduGw10ConcurrencyTest.java,ACCEPTED|REJECTED_BEFORE_FORWARD,Chunked body|gzip bomb|잘못된 charset|multipart part limit|상태 변경이 있는 경우 DB Commit 전 실패와 Commit 후 응답 유실을 구분한다.|같은 요청의 중복·동시 실행·순서 역전·늦은 응답을 포함한다.|Retry 가능한 오류와 즉시 중단해야 하는 업무 오류를 구분한다.|대량·다중 대상 기능에서 부분 성공이 발생하면 성공 대상을 다시 실행하지 않고 실패 대상만 Reprocess·Reconcile한다.|복구·보상이 필요한 기능은 복구 실패와 보상 실패도 별도 상태·Attempt·Audit로 남긴다.,VALIDATE|AUTHORIZE|SCOPE|DEDUPE|VERSION_CHECK|PARTITION|CHECKSUM|MUTATE|COMMIT|OUTBOX|EXTERNAL_SEND|ACK|RECONCILE|COMPENSATION_READY|AUDIT|OBSERVE,BEFORE_COMMIT|AFTER_COMMIT|BEFORE_EXTERNAL_SEND|AFTER_EXTERNAL_SEND|RESPONSE_LOST|PARTIAL_TARGET_FAILURE|PROCESS_KILL,완료,미검증,DB-MIGRATION|SAMPLE-EDU|TEST-FAULT,DETAILS_CANONICAL_AND_EXECUTABLE_SCENARIO,CPF-SELF-DEV-001|CPF-SELF-DEV-005|CPF-SELF-DEV-029,CPF_CUSTOMER_MANUAL_EDU_IMPLEMENTATION_REQUIREMENTS.md,cpf-reference functional package + registered concrete consumer + refDB ledger; merged Java25/3DB/runtime evidence pending,1edd96c6dcc69b0b4d6e9e22a0709d910d7cfb04,Overlay compile/self-test and static consumer/DB parity PASS; exact Java25/refDB runtime evidence pending Codex,gateway,cpf.reference.features.gateway.enabled,true,NONE,NONE,refDB
EDU-GW-11,Command 멱등성·Attempt Ledger·응답 유실,cpf-reference,com.cpf.reference.optional.gateway.version,cpf-reference/src/main/java/com/cpf/reference/optional/gateway/version/EduGw11Handler.java,cpf-reference/src/main/resources/edu/optional/gateway/version/11/scenario-contract.json,cpf-reference/src/test/java/com/cpf/reference/optional/gateway/version/EduGw11UnitTest.java,cpf-reference/src/test/java/com/cpf/reference/optional/gateway/version/EduGw11IntegrationTest.java,cpf-reference/src/test/java/com/cpf/reference/optional/gateway/version/EduGw11FailureTest.java,cpf-reference/src/test/java/com/cpf/reference/optional/gateway/version/EduGw11RecoveryTest.java,cpf-reference/src/test/java/com/cpf/reference/optional/gateway/version/EduGw11ConcurrencyTest.java,ATTEMPTED|ACKED|UNKNOWN_RESULT|RECONCILED,같은 Key 다른 Body|Backend Commit 후 timeout|Retry policy 충돌|상태 변경이 있는 경우 DB Commit 전 실패와 Commit 후 응답 유실을 구분한다.|같은 요청의 중복·동시 실행·순서 역전·늦은 응답을 포함한다.|Retry 가능한 오류와 즉시 중단해야 하는 업무 오류를 구분한다.|대량·다중 대상 기능에서 부분 성공이 발생하면 성공 대상을 다시 실행하지 않고 실패 대상만 Reprocess·Reconcile한다.|복구·보상이 필요한 기능은 복구 실패와 보상 실패도 별도 상태·Attempt·Audit로 남긴다.,VALIDATE|AUTHORIZE|SCOPE|DEDUPE|VERSION_CHECK|PARTITION|CHECKSUM|MUTATE|COMMIT|OUTBOX|EXTERNAL_SEND|ACK|RECONCILE|COMPENSATION_READY|AUDIT|OBSERVE,BEFORE_COMMIT|AFTER_COMMIT|BEFORE_EXTERNAL_SEND|AFTER_EXTERNAL_SEND|RESPONSE_LOST|PARTIAL_TARGET_FAILURE|TIMEOUT|PROCESS_KILL,완료,미검증,DB-MIGRATION|SAMPLE-EDU|TEST-FAULT,DETAILS_CANONICAL_AND_EXECUTABLE_SCENARIO,CPF-SELF-DEV-001|CPF-SELF-DEV-005|CPF-SELF-DEV-029,CPF_CUSTOMER_MANUAL_EDU_IMPLEMENTATION_REQUIREMENTS.md,cpf-reference functional package + registered concrete consumer + refDB ledger; merged Java25/3DB/runtime evidence pending,1edd96c6dcc69b0b4d6e9e22a0709d910d7cfb04,Overlay compile/self-test and static consumer/DB parity PASS; exact Java25/refDB runtime evidence pending Codex,gateway,cpf.reference.features.gateway.enabled,true,NONE,NONE,refDB
EDU-GW-12,다중 인스턴스 설정 Drift·Reconcile,cpf-reference,com.cpf.reference.optional.gateway.ratecontrol,cpf-reference/src/main/java/com/cpf/reference/optional/gateway/ratecontrol/EduGw12Handler.java,cpf-reference/src/main/resources/edu/optional/gateway/ratecontrol/12/scenario-contract.json,cpf-reference/src/test/java/com/cpf/reference/optional/gateway/ratecontrol/EduGw12UnitTest.java,cpf-reference/src/test/java/com/cpf/reference/optional/gateway/ratecontrol/EduGw12IntegrationTest.java,cpf-reference/src/test/java/com/cpf/reference/optional/gateway/ratecontrol/EduGw12FailureTest.java,cpf-reference/src/test/java/com/cpf/reference/optional/gateway/ratecontrol/EduGw12RecoveryTest.java,cpf-reference/src/test/java/com/cpf/reference/optional/gateway/ratecontrol/EduGw12ConcurrencyTest.java,PUBLISHING|APPLIED|PARTIAL|RECONCILING|CONSISTENT,Instance offline|ACK 유실|checksum mismatch|재기동 후 구버전|상태 변경이 있는 경우 DB Commit 전 실패와 Commit 후 응답 유실을 구분한다.|같은 요청의 중복·동시 실행·순서 역전·늦은 응답을 포함한다.|Retry 가능한 오류와 즉시 중단해야 하는 업무 오류를 구분한다.|대량·다중 대상 기능에서 부분 성공이 발생하면 성공 대상을 다시 실행하지 않고 실패 대상만 Reprocess·Reconcile한다.|복구·보상이 필요한 기능은 복구 실패와 보상 실패도 별도 상태·Attempt·Audit로 남긴다.,VALIDATE|AUTHORIZE|SCOPE|DEDUPE|VERSION_CHECK|CLAIM_LEASE|PARTITION|CHECKSUM|MUTATE|COMMIT|OUTBOX|EXTERNAL_SEND|ACK|RECONCILE|COMPENSATION_READY|AUDIT|OBSERVE,BEFORE_COMMIT|AFTER_COMMIT|BEFORE_EXTERNAL_SEND|AFTER_EXTERNAL_SEND|RESPONSE_LOST|PARTIAL_TARGET_FAILURE|PROCESS_KILL|LEASE_LOST,완료,미검증,DB-MIGRATION|SAMPLE-EDU|TEST-FAULT,DETAILS_CANONICAL_AND_EXECUTABLE_SCENARIO,CPF-SELF-DEV-001|CPF-SELF-DEV-005|CPF-SELF-DEV-029,CPF_CUSTOMER_MANUAL_EDU_IMPLEMENTATION_REQUIREMENTS.md,cpf-reference functional package + registered concrete consumer + refDB ledger; merged Java25/3DB/runtime evidence pending,1edd96c6dcc69b0b4d6e9e22a0709d910d7cfb04,Overlay compile/self-test and static consumer/DB parity PASS; exact Java25/refDB runtime evidence pending Codex,gateway,cpf.reference.features.gateway.enabled,true,NONE,NONE,refDB
EDU-GW-13,Canary·가중치 Routing·Version Rollback,cpf-reference,com.cpf.reference.optional.gateway.audit,cpf-reference/src/main/java/com/cpf/reference/optional/gateway/audit/EduGw13Handler.java,cpf-reference/src/main/resources/edu/optional/gateway/audit/13/scenario-contract.json,cpf-reference/src/test/java/com/cpf/reference/optional/gateway/audit/EduGw13UnitTest.java,cpf-reference/src/test/java/com/cpf/reference/optional/gateway/audit/EduGw13IntegrationTest.java,cpf-reference/src/test/java/com/cpf/reference/optional/gateway/audit/EduGw13FailureTest.java,cpf-reference/src/test/java/com/cpf/reference/optional/gateway/audit/EduGw13RecoveryTest.java,cpf-reference/src/test/java/com/cpf/reference/optional/gateway/audit/EduGw13ConcurrencyTest.java,DRAFT|CANARY|PROMOTED|ROLLED_BACK,가중치 합계 오류|sticky inconsistency|metrics delay|rollback partial|상태 변경이 있는 경우 DB Commit 전 실패와 Commit 후 응답 유실을 구분한다.|같은 요청의 중복·동시 실행·순서 역전·늦은 응답을 포함한다.|Retry 가능한 오류와 즉시 중단해야 하는 업무 오류를 구분한다.|대량·다중 대상 기능에서 부분 성공이 발생하면 성공 대상을 다시 실행하지 않고 실패 대상만 Reprocess·Reconcile한다.|복구·보상이 필요한 기능은 복구 실패와 보상 실패도 별도 상태·Attempt·Audit로 남긴다.,VALIDATE|AUTHORIZE|SCOPE|DEDUPE|VERSION_CHECK|PARTITION|CHECKSUM|MUTATE|COMMIT|OUTBOX|EXTERNAL_SEND|ACK|RECONCILE|COMPENSATION_READY|AUDIT|OBSERVE,BEFORE_COMMIT|AFTER_COMMIT|BEFORE_EXTERNAL_SEND|AFTER_EXTERNAL_SEND|RESPONSE_LOST|PARTIAL_TARGET_FAILURE|PROCESS_KILL,완료,미검증,DB-MIGRATION|SAMPLE-EDU|TEST-FAULT,DETAILS_CANONICAL_AND_EXECUTABLE_SCENARIO,CPF-SELF-DEV-001|CPF-SELF-DEV-005|CPF-SELF-DEV-029,CPF_CUSTOMER_MANUAL_EDU_IMPLEMENTATION_REQUIREMENTS.md,cpf-reference functional package + registered concrete consumer + refDB ledger; merged Java25/3DB/runtime evidence pending,1edd96c6dcc69b0b4d6e9e22a0709d910d7cfb04,Overlay compile/self-test and static consumer/DB parity PASS; exact Java25/refDB runtime evidence pending Codex,gateway,cpf.reference.features.gateway.enabled,true,NONE,NONE,refDB
EDU-GW-14,Gateway 관측·개인정보 가림·감사,cpf-reference,com.cpf.reference.optional.gateway.recovery,cpf-reference/src/main/java/com/cpf/reference/optional/gateway/recovery/EduGw14Handler.java,cpf-reference/src/main/resources/edu/optional/gateway/recovery/14/scenario-contract.json,cpf-reference/src/test/java/com/cpf/reference/optional/gateway/recovery/EduGw14UnitTest.java,cpf-reference/src/test/java/com/cpf/reference/optional/gateway/recovery/EduGw14IntegrationTest.java,cpf-reference/src/test/java/com/cpf/reference/optional/gateway/recovery/EduGw14FailureTest.java,cpf-reference/src/test/java/com/cpf/reference/optional/gateway/recovery/EduGw14RecoveryTest.java,cpf-reference/src/test/java/com/cpf/reference/optional/gateway/recovery/EduGw14ConcurrencyTest.java,OBSERVED|EXPORTED|PARTIAL,Masking 누락|대용량 body|trace header 유실|collector down|상태 변경이 있는 경우 DB Commit 전 실패와 Commit 후 응답 유실을 구분한다.|같은 요청의 중복·동시 실행·순서 역전·늦은 응답을 포함한다.|Retry 가능한 오류와 즉시 중단해야 하는 업무 오류를 구분한다.|대량·다중 대상 기능에서 부분 성공이 발생하면 성공 대상을 다시 실행하지 않고 실패 대상만 Reprocess·Reconcile한다.|복구·보상이 필요한 기능은 복구 실패와 보상 실패도 별도 상태·Attempt·Audit로 남긴다.,VALIDATE|AUTHORIZE|SCOPE|DEDUPE|VERSION_CHECK|PARTITION|CHECKSUM|MUTATE|COMMIT|OUTBOX|EXTERNAL_SEND|ACK|RECONCILE|COMPENSATION_READY|AUDIT|OBSERVE,BEFORE_COMMIT|AFTER_COMMIT|BEFORE_EXTERNAL_SEND|AFTER_EXTERNAL_SEND|RESPONSE_LOST|PARTIAL_TARGET_FAILURE|PROCESS_KILL,완료,미검증,DB-MIGRATION|SAMPLE-EDU|TEST-FAULT,DETAILS_CANONICAL_AND_EXECUTABLE_SCENARIO,CPF-SELF-DEV-001|CPF-SELF-DEV-005|CPF-SELF-DEV-029,CPF_CUSTOMER_MANUAL_EDU_IMPLEMENTATION_REQUIREMENTS.md,cpf-reference functional package + registered concrete consumer + refDB ledger; merged Java25/3DB/runtime evidence pending,1edd96c6dcc69b0b4d6e9e22a0709d910d7cfb04,Overlay compile/self-test and static consumer/DB parity PASS; exact Java25/refDB runtime evidence pending Codex,gateway,cpf.reference.features.gateway.enabled,true,NONE,NONE,refDB
EDU-OPS-01,신규 환경 설치·Artifact·Checksum 검증,cpf-reference,com.cpf.reference.platform.install.artifact,cpf-reference/src/main/java/com/cpf/reference/platform/install/artifact/EduOps01Handler.java,cpf-reference/src/main/resources/edu/ops/01/scenario-contract.json,cpf-reference/src/test/java/com/cpf/reference/platform/install/artifact/EduOps01UnitTest.java,cpf-reference/src/test/java/com/cpf/reference/platform/install/artifact/EduOps01IntegrationTest.java,cpf-reference/src/test/java/com/cpf/reference/platform/install/artifact/EduOps01FailureTest.java,cpf-reference/src/test/java/com/cpf/reference/platform/install/artifact/EduOps01RecoveryTest.java,cpf-reference/src/test/java/com/cpf/reference/platform/install/artifact/EduOps01ConcurrencyTest.java,RECEIVED|VERIFIED|INSTALLED|READY,파일 누락|checksum 불일치|권한 부족|이전 파일 혼재|상태 변경이 있는 경우 DB Commit 전 실패와 Commit 후 응답 유실을 구분한다.|같은 요청의 중복·동시 실행·순서 역전·늦은 응답을 포함한다.|Retry 가능한 오류와 즉시 중단해야 하는 업무 오류를 구분한다.|대량·다중 대상 기능에서 부분 성공이 발생하면 성공 대상을 다시 실행하지 않고 실패 대상만 Reprocess·Reconcile한다.|복구·보상이 필요한 기능은 복구 실패와 보상 실패도 별도 상태·Attempt·Audit로 남긴다.,VALIDATE|AUTHORIZE|SCOPE|DEDUPE|VERSION_CHECK|PARTITION|CHECKSUM|MUTATE|COMMIT|OUTBOX|EXTERNAL_SEND|ACK|RECONCILE|COMPENSATION_READY|AUDIT|OBSERVE,BEFORE_COMMIT|AFTER_COMMIT|BEFORE_EXTERNAL_SEND|AFTER_EXTERNAL_SEND|RESPONSE_LOST|PARTIAL_TARGET_FAILURE|PROCESS_KILL,완료,미검증,DB-MIGRATION|SAMPLE-EDU|TEST-FAULT,DETAILS_CANONICAL_AND_EXECUTABLE_SCENARIO,CPF-SELF-DEV-001|CPF-SELF-DEV-005|CPF-SELF-DEV-029,CPF_CUSTOMER_MANUAL_EDU_IMPLEMENTATION_REQUIREMENTS.md,cpf-reference functional package + registered concrete consumer + refDB ledger; merged Java25/3DB/runtime evidence pending,1edd96c6dcc69b0b4d6e9e22a0709d910d7cfb04,Overlay compile/self-test and static consumer/DB parity PASS; exact Java25/refDB runtime evidence pending Codex,core,,false,NONE,NONE,refDB
EDU-OPS-02,Profile·환경변수·설정값 전체 검증,cpf-reference,com.cpf.reference.platform.configuration.validation,cpf-reference/src/main/java/com/cpf/reference/platform/configuration/validation/EduOps02Handler.java,cpf-reference/src/main/resources/edu/ops/02/scenario-contract.json,cpf-reference/src/test/java/com/cpf/reference/platform/configuration/validation/EduOps02UnitTest.java,cpf-reference/src/test/java/com/cpf/reference/platform/configuration/validation/EduOps02IntegrationTest.java,cpf-reference/src/test/java/com/cpf/reference/platform/configuration/validation/EduOps02FailureTest.java,cpf-reference/src/test/java/com/cpf/reference/platform/configuration/validation/EduOps02RecoveryTest.java,cpf-reference/src/test/java/com/cpf/reference/platform/configuration/validation/EduOps02ConcurrencyTest.java,LOADED|VALIDATED|ACCEPTED|REJECTED,필수값 누락|잘못된 URL|숫자 범위|deprecated key|중복 source|상태 변경이 있는 경우 DB Commit 전 실패와 Commit 후 응답 유실을 구분한다.|같은 요청의 중복·동시 실행·순서 역전·늦은 응답을 포함한다.|Retry 가능한 오류와 즉시 중단해야 하는 업무 오류를 구분한다.|대량·다중 대상 기능에서 부분 성공이 발생하면 성공 대상을 다시 실행하지 않고 실패 대상만 Reprocess·Reconcile한다.|복구·보상이 필요한 기능은 복구 실패와 보상 실패도 별도 상태·Attempt·Audit로 남긴다.,VALIDATE|AUTHORIZE|SCOPE|DEDUPE|VERSION_CHECK|PARTITION|CHECKSUM|MUTATE|COMMIT|OUTBOX|EXTERNAL_SEND|ACK|RECONCILE|COMPENSATION_READY|AUDIT|OBSERVE,BEFORE_COMMIT|AFTER_COMMIT|BEFORE_EXTERNAL_SEND|AFTER_EXTERNAL_SEND|RESPONSE_LOST|PARTIAL_TARGET_FAILURE|PROCESS_KILL,완료,미검증,DB-MIGRATION|SAMPLE-EDU|TEST-FAULT,DETAILS_CANONICAL_AND_EXECUTABLE_SCENARIO,CPF-SELF-DEV-001|CPF-SELF-DEV-005|CPF-SELF-DEV-029,CPF_CUSTOMER_MANUAL_EDU_IMPLEMENTATION_REQUIREMENTS.md,cpf-reference functional package + registered concrete consumer + refDB ledger; merged Java25/3DB/runtime evidence pending,1edd96c6dcc69b0b4d6e9e22a0709d910d7cfb04,Overlay compile/self-test and static consumer/DB parity PASS; exact Java25/refDB runtime evidence pending Codex,core,,false,NONE,NONE,refDB
EDU-OPS-03,Secret·Certificate 배포·교체·만료 대응,cpf-reference,com.cpf.reference.platform.security.secretrotation,cpf-reference/src/main/java/com/cpf/reference/platform/security/secretrotation/EduOps03Handler.java,cpf-reference/src/main/resources/edu/ops/03/scenario-contract.json,cpf-reference/src/test/java/com/cpf/reference/platform/security/secretrotation/EduOps03UnitTest.java,cpf-reference/src/test/java/com/cpf/reference/platform/security/secretrotation/EduOps03IntegrationTest.java,cpf-reference/src/test/java/com/cpf/reference/platform/security/secretrotation/EduOps03FailureTest.java,cpf-reference/src/test/java/com/cpf/reference/platform/security/secretrotation/EduOps03RecoveryTest.java,cpf-reference/src/test/java/com/cpf/reference/platform/security/secretrotation/EduOps03ConcurrencyTest.java,STAGED|VALIDATED|ACTIVATED|RETIRED,잘못된 chain|key mismatch|부분 교체|rollback|만료|상태 변경이 있는 경우 DB Commit 전 실패와 Commit 후 응답 유실을 구분한다.|같은 요청의 중복·동시 실행·순서 역전·늦은 응답을 포함한다.|Retry 가능한 오류와 즉시 중단해야 하는 업무 오류를 구분한다.|대량·다중 대상 기능에서 부분 성공이 발생하면 성공 대상을 다시 실행하지 않고 실패 대상만 Reprocess·Reconcile한다.|복구·보상이 필요한 기능은 복구 실패와 보상 실패도 별도 상태·Attempt·Audit로 남긴다.,VALIDATE|AUTHORIZE|SCOPE|DEDUPE|VERSION_CHECK|PARTITION|CHECKSUM|PROTECT|MUTATE|COMMIT|OUTBOX|EXTERNAL_SEND|ACK|RECONCILE|COMPENSATION_READY|AUDIT|OBSERVE,BEFORE_COMMIT|AFTER_COMMIT|BEFORE_EXTERNAL_SEND|AFTER_EXTERNAL_SEND|RESPONSE_LOST|PARTIAL_TARGET_FAILURE|PROCESS_KILL,완료,미검증,DB-MIGRATION|SAMPLE-EDU|TEST-FAULT,DETAILS_CANONICAL_AND_EXECUTABLE_SCENARIO,CPF-SELF-DEV-001|CPF-SELF-DEV-005|CPF-SELF-DEV-029,CPF_CUSTOMER_MANUAL_EDU_IMPLEMENTATION_REQUIREMENTS.md,cpf-reference functional package + registered concrete consumer + refDB ledger; merged Java25/3DB/runtime evidence pending,1edd96c6dcc69b0b4d6e9e22a0709d910d7cfb04,Overlay compile/self-test and static consumer/DB parity PASS; exact Java25/refDB runtime evidence pending Codex,core,,false,NONE,NONE,refDB
EDU-OPS-04,DB 3종 신규 설치·Migration·Drift·Rollback,cpf-reference,com.cpf.reference.platform.database.lifecycle,cpf-reference/src/main/java/com/cpf/reference/platform/database/lifecycle/EduOps04Handler.java,cpf-reference/src/main/resources/edu/ops/04/scenario-contract.json,cpf-reference/src/test/java/com/cpf/reference/platform/database/lifecycle/EduOps04UnitTest.java,cpf-reference/src/test/java/com/cpf/reference/platform/database/lifecycle/EduOps04IntegrationTest.java,cpf-reference/src/test/java/com/cpf/reference/platform/database/lifecycle/EduOps04FailureTest.java,cpf-reference/src/test/java/com/cpf/reference/platform/database/lifecycle/EduOps04RecoveryTest.java,cpf-reference/src/test/java/com/cpf/reference/platform/database/lifecycle/EduOps04ConcurrencyTest.java,PROVISIONED|MIGRATED|VERIFIED|DRIFTED|ROLLED_BACK,중단 Migration|재실행|데이터 Backfill|권한 누락|index 차이|상태 변경이 있는 경우 DB Commit 전 실패와 Commit 후 응답 유실을 구분한다.|같은 요청의 중복·동시 실행·순서 역전·늦은 응답을 포함한다.|Retry 가능한 오류와 즉시 중단해야 하는 업무 오류를 구분한다.|대량·다중 대상 기능에서 부분 성공이 발생하면 성공 대상을 다시 실행하지 않고 실패 대상만 Reprocess·Reconcile한다.|복구·보상이 필요한 기능은 복구 실패와 보상 실패도 별도 상태·Attempt·Audit로 남긴다.,VALIDATE|AUTHORIZE|SCOPE|DEDUPE|VERSION_CHECK|PARTITION|CHECKSUM|MUTATE|COMMIT|OUTBOX|EXTERNAL_SEND|ACK|RECONCILE|COMPENSATION_READY|AUDIT|OBSERVE,BEFORE_COMMIT|AFTER_COMMIT|BEFORE_EXTERNAL_SEND|AFTER_EXTERNAL_SEND|RESPONSE_LOST|PARTIAL_TARGET_FAILURE|PROCESS_KILL,완료,미검증,DB-MIGRATION|SAMPLE-EDU|TEST-FAULT,DETAILS_CANONICAL_AND_EXECUTABLE_SCENARIO,CPF-SELF-DEV-001|CPF-SELF-DEV-005|CPF-SELF-DEV-029,CPF_CUSTOMER_MANUAL_EDU_IMPLEMENTATION_REQUIREMENTS.md,cpf-reference functional package + registered concrete consumer + refDB ledger; merged Java25/3DB/runtime evidence pending,1edd96c6dcc69b0b4d6e9e22a0709d910d7cfb04,Overlay compile/self-test and static consumer/DB parity PASS; exact Java25/refDB runtime evidence pending Codex,core,,false,NONE,NONE,refDB
EDU-OPS-05,Kafka Topic·ACL·Consumer Group Lifecycle,cpf-reference,com.cpf.reference.platform.messaging.kafka,cpf-reference/src/main/java/com/cpf/reference/platform/messaging/kafka/EduOps05Handler.java,cpf-reference/src/main/resources/edu/ops/05/scenario-contract.json,cpf-reference/src/test/java/com/cpf/reference/platform/messaging/kafka/EduOps05UnitTest.java,cpf-reference/src/test/java/com/cpf/reference/platform/messaging/kafka/EduOps05IntegrationTest.java,cpf-reference/src/test/java/com/cpf/reference/platform/messaging/kafka/EduOps05FailureTest.java,cpf-reference/src/test/java/com/cpf/reference/platform/messaging/kafka/EduOps05RecoveryTest.java,cpf-reference/src/test/java/com/cpf/reference/platform/messaging/kafka/EduOps05ConcurrencyTest.java,PLANNED|CREATED|VERIFIED|CHANGED|ROLLED_BACK,Topic 기존 설정 충돌|ACL 누락|partition 감소 시도|lag 폭증|상태 변경이 있는 경우 DB Commit 전 실패와 Commit 후 응답 유실을 구분한다.|같은 요청의 중복·동시 실행·순서 역전·늦은 응답을 포함한다.|Retry 가능한 오류와 즉시 중단해야 하는 업무 오류를 구분한다.|대량·다중 대상 기능에서 부분 성공이 발생하면 성공 대상을 다시 실행하지 않고 실패 대상만 Reprocess·Reconcile한다.|복구·보상이 필요한 기능은 복구 실패와 보상 실패도 별도 상태·Attempt·Audit로 남긴다.,VALIDATE|AUTHORIZE|SCOPE|DEDUPE|VERSION_CHECK|PARTITION|CHECKSUM|MUTATE|COMMIT|OUTBOX|EXTERNAL_SEND|ACK|RECONCILE|COMPENSATION_READY|AUDIT|OBSERVE,BEFORE_COMMIT|AFTER_COMMIT|BEFORE_EXTERNAL_SEND|AFTER_EXTERNAL_SEND|RESPONSE_LOST|PARTIAL_TARGET_FAILURE|PROCESS_KILL,완료,미검증,DB-MIGRATION|SAMPLE-EDU|TEST-FAULT,DETAILS_CANONICAL_AND_EXECUTABLE_SCENARIO,CPF-SELF-DEV-001|CPF-SELF-DEV-005|CPF-SELF-DEV-029,CPF_CUSTOMER_MANUAL_EDU_IMPLEMENTATION_REQUIREMENTS.md,cpf-reference functional package + registered concrete consumer + refDB ledger; merged Java25/3DB/runtime evidence pending,1edd96c6dcc69b0b4d6e9e22a0709d910d7cfb04,Overlay compile/self-test and static consumer/DB parity PASS; exact Java25/refDB runtime evidence pending Codex,core,,false,NONE,NONE,refDB
EDU-OPS-06,기동·종료·Health·Dependency 순서,cpf-reference,com.cpf.reference.platform.lifecycle.startstop,cpf-reference/src/main/java/com/cpf/reference/platform/lifecycle/startstop/EduOps06Handler.java,cpf-reference/src/main/resources/edu/ops/06/scenario-contract.json,cpf-reference/src/test/java/com/cpf/reference/platform/lifecycle/startstop/EduOps06UnitTest.java,cpf-reference/src/test/java/com/cpf/reference/platform/lifecycle/startstop/EduOps06IntegrationTest.java,cpf-reference/src/test/java/com/cpf/reference/platform/lifecycle/startstop/EduOps06FailureTest.java,cpf-reference/src/test/java/com/cpf/reference/platform/lifecycle/startstop/EduOps06RecoveryTest.java,cpf-reference/src/test/java/com/cpf/reference/platform/lifecycle/startstop/EduOps06ConcurrencyTest.java,STARTING|HEALTHY|DRAINING|STOPPED,Dependency 지연|Health false positive|종료 중 요청|강제 kill|상태 변경이 있는 경우 DB Commit 전 실패와 Commit 후 응답 유실을 구분한다.|같은 요청의 중복·동시 실행·순서 역전·늦은 응답을 포함한다.|Retry 가능한 오류와 즉시 중단해야 하는 업무 오류를 구분한다.|대량·다중 대상 기능에서 부분 성공이 발생하면 성공 대상을 다시 실행하지 않고 실패 대상만 Reprocess·Reconcile한다.|복구·보상이 필요한 기능은 복구 실패와 보상 실패도 별도 상태·Attempt·Audit로 남긴다.,VALIDATE|AUTHORIZE|SCOPE|DEDUPE|VERSION_CHECK|PARTITION|CHECKSUM|MUTATE|COMMIT|OUTBOX|EXTERNAL_SEND|ACK|RECONCILE|COMPENSATION_READY|AUDIT|OBSERVE,BEFORE_COMMIT|AFTER_COMMIT|BEFORE_EXTERNAL_SEND|AFTER_EXTERNAL_SEND|RESPONSE_LOST|PARTIAL_TARGET_FAILURE|TIMEOUT|PROCESS_KILL,완료,미검증,DB-MIGRATION|SAMPLE-EDU|TEST-FAULT,DETAILS_CANONICAL_AND_EXECUTABLE_SCENARIO,CPF-SELF-DEV-001|CPF-SELF-DEV-005|CPF-SELF-DEV-029,CPF_CUSTOMER_MANUAL_EDU_IMPLEMENTATION_REQUIREMENTS.md,cpf-reference functional package + registered concrete consumer + refDB ledger; merged Java25/3DB/runtime evidence pending,1edd96c6dcc69b0b4d6e9e22a0709d910d7cfb04,Overlay compile/self-test and static consumer/DB parity PASS; exact Java25/refDB runtime evidence pending Codex,core,,false,NONE,NONE,refDB
EDU-OPS-07,Rolling 배포·Session·Connection Drain,cpf-reference,com.cpf.reference.platform.deployment.rolling,cpf-reference/src/main/java/com/cpf/reference/platform/deployment/rolling/EduOps07Handler.java,cpf-reference/src/main/resources/edu/ops/07/scenario-contract.json,cpf-reference/src/test/java/com/cpf/reference/platform/deployment/rolling/EduOps07UnitTest.java,cpf-reference/src/test/java/com/cpf/reference/platform/deployment/rolling/EduOps07IntegrationTest.java,cpf-reference/src/test/java/com/cpf/reference/platform/deployment/rolling/EduOps07FailureTest.java,cpf-reference/src/test/java/com/cpf/reference/platform/deployment/rolling/EduOps07RecoveryTest.java,cpf-reference/src/test/java/com/cpf/reference/platform/deployment/rolling/EduOps07ConcurrencyTest.java,DRAINING|UPGRADING|WARMING|ACTIVE,Health 늦음|Session sticky|long request|lease owner 종료|상태 변경이 있는 경우 DB Commit 전 실패와 Commit 후 응답 유실을 구분한다.|같은 요청의 중복·동시 실행·순서 역전·늦은 응답을 포함한다.|Retry 가능한 오류와 즉시 중단해야 하는 업무 오류를 구분한다.|대량·다중 대상 기능에서 부분 성공이 발생하면 성공 대상을 다시 실행하지 않고 실패 대상만 Reprocess·Reconcile한다.|복구·보상이 필요한 기능은 복구 실패와 보상 실패도 별도 상태·Attempt·Audit로 남긴다.,VALIDATE|AUTHORIZE|SCOPE|DEDUPE|VERSION_CHECK|PARTITION|CHECKSUM|MUTATE|COMMIT|OUTBOX|EXTERNAL_SEND|ACK|RECONCILE|COMPENSATION_READY|AUDIT|OBSERVE,BEFORE_COMMIT|AFTER_COMMIT|BEFORE_EXTERNAL_SEND|AFTER_EXTERNAL_SEND|RESPONSE_LOST|PARTIAL_TARGET_FAILURE|PROCESS_KILL,완료,미검증,DB-MIGRATION|SAMPLE-EDU|TEST-FAULT,DETAILS_CANONICAL_AND_EXECUTABLE_SCENARIO,CPF-SELF-DEV-001|CPF-SELF-DEV-005|CPF-SELF-DEV-029,CPF_CUSTOMER_MANUAL_EDU_IMPLEMENTATION_REQUIREMENTS.md,cpf-reference functional package + registered concrete consumer + refDB ledger; merged Java25/3DB/runtime evidence pending,1edd96c6dcc69b0b4d6e9e22a0709d910d7cfb04,Overlay compile/self-test and static consumer/DB parity PASS; exact Java25/refDB runtime evidence pending Codex,core,,false,NONE,NONE,refDB
EDU-OPS-08,Blue-Green·Canary 전환·되돌리기,cpf-reference,com.cpf.reference.platform.deployment.bluegreen,cpf-reference/src/main/java/com/cpf/reference/platform/deployment/bluegreen/EduOps08Handler.java,cpf-reference/src/main/resources/edu/ops/08/scenario-contract.json,cpf-reference/src/test/java/com/cpf/reference/platform/deployment/bluegreen/EduOps08UnitTest.java,cpf-reference/src/test/java/com/cpf/reference/platform/deployment/bluegreen/EduOps08IntegrationTest.java,cpf-reference/src/test/java/com/cpf/reference/platform/deployment/bluegreen/EduOps08FailureTest.java,cpf-reference/src/test/java/com/cpf/reference/platform/deployment/bluegreen/EduOps08RecoveryTest.java,cpf-reference/src/test/java/com/cpf/reference/platform/deployment/bluegreen/EduOps08ConcurrencyTest.java,DEPLOYED|VERIFIED|CANARY|SWITCHED|ROLLED_BACK,DB schema 비호환|background job 이중 실행|cache warmup|partial DNS|상태 변경이 있는 경우 DB Commit 전 실패와 Commit 후 응답 유실을 구분한다.|같은 요청의 중복·동시 실행·순서 역전·늦은 응답을 포함한다.|Retry 가능한 오류와 즉시 중단해야 하는 업무 오류를 구분한다.|대량·다중 대상 기능에서 부분 성공이 발생하면 성공 대상을 다시 실행하지 않고 실패 대상만 Reprocess·Reconcile한다.|복구·보상이 필요한 기능은 복구 실패와 보상 실패도 별도 상태·Attempt·Audit로 남긴다.,VALIDATE|AUTHORIZE|SCOPE|DEDUPE|VERSION_CHECK|PARTITION|CHECKSUM|MUTATE|COMMIT|OUTBOX|EXTERNAL_SEND|ACK|RECONCILE|COMPENSATION_READY|AUDIT|OBSERVE,BEFORE_COMMIT|AFTER_COMMIT|BEFORE_EXTERNAL_SEND|AFTER_EXTERNAL_SEND|RESPONSE_LOST|PARTIAL_TARGET_FAILURE|PROCESS_KILL,완료,미검증,DB-MIGRATION|SAMPLE-EDU|TEST-FAULT,DETAILS_CANONICAL_AND_EXECUTABLE_SCENARIO,CPF-SELF-DEV-001|CPF-SELF-DEV-005|CPF-SELF-DEV-029,CPF_CUSTOMER_MANUAL_EDU_IMPLEMENTATION_REQUIREMENTS.md,cpf-reference functional package + registered concrete consumer + refDB ledger; merged Java25/3DB/runtime evidence pending,1edd96c6dcc69b0b4d6e9e22a0709d910d7cfb04,Overlay compile/self-test and static consumer/DB parity PASS; exact Java25/refDB runtime evidence pending Codex,core,,false,NONE,NONE,refDB
EDU-OPS-09,설정 변경 Partial Apply·Reconcile,cpf-reference,com.cpf.reference.platform.configuration.reconcile,cpf-reference/src/main/java/com/cpf/reference/platform/configuration/reconcile/EduOps09Handler.java,cpf-reference/src/main/resources/edu/ops/09/scenario-contract.json,cpf-reference/src/test/java/com/cpf/reference/platform/configuration/reconcile/EduOps09UnitTest.java,cpf-reference/src/test/java/com/cpf/reference/platform/configuration/reconcile/EduOps09IntegrationTest.java,cpf-reference/src/test/java/com/cpf/reference/platform/configuration/reconcile/EduOps09FailureTest.java,cpf-reference/src/test/java/com/cpf/reference/platform/configuration/reconcile/EduOps09RecoveryTest.java,cpf-reference/src/test/java/com/cpf/reference/platform/configuration/reconcile/EduOps09ConcurrencyTest.java,VALIDATED|APPLYING|PARTIAL|RECONCILED|ROLLED_BACK,offline instance|ACK loss|restart required|checksum drift|상태 변경이 있는 경우 DB Commit 전 실패와 Commit 후 응답 유실을 구분한다.|같은 요청의 중복·동시 실행·순서 역전·늦은 응답을 포함한다.|Retry 가능한 오류와 즉시 중단해야 하는 업무 오류를 구분한다.|대량·다중 대상 기능에서 부분 성공이 발생하면 성공 대상을 다시 실행하지 않고 실패 대상만 Reprocess·Reconcile한다.|복구·보상이 필요한 기능은 복구 실패와 보상 실패도 별도 상태·Attempt·Audit로 남긴다.,VALIDATE|AUTHORIZE|SCOPE|DEDUPE|VERSION_CHECK|PARTITION|CHECKSUM|MUTATE|COMMIT|OUTBOX|EXTERNAL_SEND|ACK|RECONCILE|COMPENSATION_READY|AUDIT|OBSERVE,BEFORE_COMMIT|AFTER_COMMIT|BEFORE_EXTERNAL_SEND|AFTER_EXTERNAL_SEND|RESPONSE_LOST|PARTIAL_TARGET_FAILURE|PROCESS_KILL,완료,미검증,DB-MIGRATION|SAMPLE-EDU|TEST-FAULT,DETAILS_CANONICAL_AND_EXECUTABLE_SCENARIO,CPF-SELF-DEV-001|CPF-SELF-DEV-005|CPF-SELF-DEV-029,CPF_CUSTOMER_MANUAL_EDU_IMPLEMENTATION_REQUIREMENTS.md,cpf-reference functional package + registered concrete consumer + refDB ledger; merged Java25/3DB/runtime evidence pending,1edd96c6dcc69b0b4d6e9e22a0709d910d7cfb04,Overlay compile/self-test and static consumer/DB parity PASS; exact Java25/refDB runtime evidence pending Codex,core,,false,NONE,NONE,refDB
EDU-OPS-10,Log·Metric·Trace 수집 장애·보존·용량,cpf-reference,com.cpf.reference.platform.observability.pipeline,cpf-reference/src/main/java/com/cpf/reference/platform/observability/pipeline/EduOps10Handler.java,cpf-reference/src/main/resources/edu/ops/10/scenario-contract.json,cpf-reference/src/test/java/com/cpf/reference/platform/observability/pipeline/EduOps10UnitTest.java,cpf-reference/src/test/java/com/cpf/reference/platform/observability/pipeline/EduOps10IntegrationTest.java,cpf-reference/src/test/java/com/cpf/reference/platform/observability/pipeline/EduOps10FailureTest.java,cpf-reference/src/test/java/com/cpf/reference/platform/observability/pipeline/EduOps10RecoveryTest.java,cpf-reference/src/test/java/com/cpf/reference/platform/observability/pipeline/EduOps10ConcurrencyTest.java,EXPORTING|DEGRADED|RECOVERED,Collector down|disk full|queue overflow|high cardinality|clock skew|상태 변경이 있는 경우 DB Commit 전 실패와 Commit 후 응답 유실을 구분한다.|같은 요청의 중복·동시 실행·순서 역전·늦은 응답을 포함한다.|Retry 가능한 오류와 즉시 중단해야 하는 업무 오류를 구분한다.|대량·다중 대상 기능에서 부분 성공이 발생하면 성공 대상을 다시 실행하지 않고 실패 대상만 Reprocess·Reconcile한다.|복구·보상이 필요한 기능은 복구 실패와 보상 실패도 별도 상태·Attempt·Audit로 남긴다.,VALIDATE|AUTHORIZE|SCOPE|DEDUPE|VERSION_CHECK|PARTITION|CHECKSUM|MUTATE|COMMIT|OUTBOX|EXTERNAL_SEND|ACK|RECONCILE|COMPENSATION_READY|AUDIT|OBSERVE,BEFORE_COMMIT|AFTER_COMMIT|BEFORE_EXTERNAL_SEND|AFTER_EXTERNAL_SEND|RESPONSE_LOST|PARTIAL_TARGET_FAILURE|PROCESS_KILL,완료,미검증,DB-MIGRATION|SAMPLE-EDU|TEST-FAULT,DETAILS_CANONICAL_AND_EXECUTABLE_SCENARIO,CPF-SELF-DEV-001|CPF-SELF-DEV-005|CPF-SELF-DEV-029,CPF_CUSTOMER_MANUAL_EDU_IMPLEMENTATION_REQUIREMENTS.md,cpf-reference functional package + registered concrete consumer + refDB ledger; merged Java25/3DB/runtime evidence pending,1edd96c6dcc69b0b4d6e9e22a0709d910d7cfb04,Overlay compile/self-test and static consumer/DB parity PASS; exact Java25/refDB runtime evidence pending Codex,core,,false,NONE,NONE,refDB
EDU-OPS-11,Backup·Restore·시점 복구·대사,cpf-reference,com.cpf.reference.platform.recovery.backuprestore,cpf-reference/src/main/java/com/cpf/reference/platform/recovery/backuprestore/EduOps11Handler.java,cpf-reference/src/main/resources/edu/ops/11/scenario-contract.json,cpf-reference/src/test/java/com/cpf/reference/platform/recovery/backuprestore/EduOps11UnitTest.java,cpf-reference/src/test/java/com/cpf/reference/platform/recovery/backuprestore/EduOps11IntegrationTest.java,cpf-reference/src/test/java/com/cpf/reference/platform/recovery/backuprestore/EduOps11FailureTest.java,cpf-reference/src/test/java/com/cpf/reference/platform/recovery/backuprestore/EduOps11RecoveryTest.java,cpf-reference/src/test/java/com/cpf/reference/platform/recovery/backuprestore/EduOps11ConcurrencyTest.java,BACKING_UP|VERIFIED|RESTORING|RECONCILED,불완전 backup|key 누락|WAL/archive gap|다른 app version|상태 변경이 있는 경우 DB Commit 전 실패와 Commit 후 응답 유실을 구분한다.|같은 요청의 중복·동시 실행·순서 역전·늦은 응답을 포함한다.|Retry 가능한 오류와 즉시 중단해야 하는 업무 오류를 구분한다.|대량·다중 대상 기능에서 부분 성공이 발생하면 성공 대상을 다시 실행하지 않고 실패 대상만 Reprocess·Reconcile한다.|복구·보상이 필요한 기능은 복구 실패와 보상 실패도 별도 상태·Attempt·Audit로 남긴다.,VALIDATE|AUTHORIZE|SCOPE|DEDUPE|VERSION_CHECK|PARTITION|CHECKSUM|MUTATE|COMMIT|OUTBOX|EXTERNAL_SEND|ACK|RECONCILE|COMPENSATION_READY|AUDIT|OBSERVE,BEFORE_COMMIT|AFTER_COMMIT|BEFORE_EXTERNAL_SEND|AFTER_EXTERNAL_SEND|RESPONSE_LOST|PARTIAL_TARGET_FAILURE|PROCESS_KILL,완료,미검증,DB-MIGRATION|SAMPLE-EDU|TEST-FAULT,DETAILS_CANONICAL_AND_EXECUTABLE_SCENARIO,CPF-SELF-DEV-001|CPF-SELF-DEV-005|CPF-SELF-DEV-029,CPF_CUSTOMER_MANUAL_EDU_IMPLEMENTATION_REQUIREMENTS.md,cpf-reference functional package + registered concrete consumer + refDB ledger; merged Java25/3DB/runtime evidence pending,1edd96c6dcc69b0b4d6e9e22a0709d910d7cfb04,Overlay compile/self-test and static consumer/DB parity PASS; exact Java25/refDB runtime evidence pending Codex,core,,false,NONE,NONE,refDB
EDU-OPS-12,재해복구 전환·복귀·Split-Brain 방지,cpf-reference,com.cpf.reference.platform.recovery.disaster,cpf-reference/src/main/java/com/cpf/reference/platform/recovery/disaster/EduOps12Handler.java,cpf-reference/src/main/resources/edu/ops/12/scenario-contract.json,cpf-reference/src/test/java/com/cpf/reference/platform/recovery/disaster/EduOps12UnitTest.java,cpf-reference/src/test/java/com/cpf/reference/platform/recovery/disaster/EduOps12IntegrationTest.java,cpf-reference/src/test/java/com/cpf/reference/platform/recovery/disaster/EduOps12FailureTest.java,cpf-reference/src/test/java/com/cpf/reference/platform/recovery/disaster/EduOps12RecoveryTest.java,cpf-reference/src/test/java/com/cpf/reference/platform/recovery/disaster/EduOps12ConcurrencyTest.java,PRIMARY_ACTIVE|FAILING_OVER|DR_ACTIVE|FAILING_BACK,Network partition|DNS cache|lag|dual scheduler|stale lease|상태 변경이 있는 경우 DB Commit 전 실패와 Commit 후 응답 유실을 구분한다.|같은 요청의 중복·동시 실행·순서 역전·늦은 응답을 포함한다.|Retry 가능한 오류와 즉시 중단해야 하는 업무 오류를 구분한다.|대량·다중 대상 기능에서 부분 성공이 발생하면 성공 대상을 다시 실행하지 않고 실패 대상만 Reprocess·Reconcile한다.|복구·보상이 필요한 기능은 복구 실패와 보상 실패도 별도 상태·Attempt·Audit로 남긴다.,VALIDATE|AUTHORIZE|SCOPE|DEDUPE|VERSION_CHECK|PARTITION|CHECKSUM|MUTATE|COMMIT|OUTBOX|EXTERNAL_SEND|ACK|RECONCILE|COMPENSATION_READY|AUDIT|OBSERVE,BEFORE_COMMIT|AFTER_COMMIT|BEFORE_EXTERNAL_SEND|AFTER_EXTERNAL_SEND|RESPONSE_LOST|PARTIAL_TARGET_FAILURE|PROCESS_KILL,완료,미검증,DB-MIGRATION|SAMPLE-EDU|TEST-FAULT,DETAILS_CANONICAL_AND_EXECUTABLE_SCENARIO,CPF-SELF-DEV-001|CPF-SELF-DEV-005|CPF-SELF-DEV-029,CPF_CUSTOMER_MANUAL_EDU_IMPLEMENTATION_REQUIREMENTS.md,cpf-reference functional package + registered concrete consumer + refDB ledger; merged Java25/3DB/runtime evidence pending,1edd96c6dcc69b0b4d6e9e22a0709d910d7cfb04,Overlay compile/self-test and static consumer/DB parity PASS; exact Java25/refDB runtime evidence pending Codex,core,,false,NONE,NONE,refDB
EDU-OPS-13,Disk·Memory·Network·DB 장애 Runbook,cpf-reference,com.cpf.reference.platform.runbook.infrastructure,cpf-reference/src/main/java/com/cpf/reference/platform/runbook/infrastructure/EduOps13Handler.java,cpf-reference/src/main/resources/edu/ops/13/scenario-contract.json,cpf-reference/src/test/java/com/cpf/reference/platform/runbook/infrastructure/EduOps13UnitTest.java,cpf-reference/src/test/java/com/cpf/reference/platform/runbook/infrastructure/EduOps13IntegrationTest.java,cpf-reference/src/test/java/com/cpf/reference/platform/runbook/infrastructure/EduOps13FailureTest.java,cpf-reference/src/test/java/com/cpf/reference/platform/runbook/infrastructure/EduOps13RecoveryTest.java,cpf-reference/src/test/java/com/cpf/reference/platform/runbook/infrastructure/EduOps13ConcurrencyTest.java,NORMAL|DEGRADED|RECOVERING,동시 장애|자동 재시도 폭주|alert storm|복구 후 backlog|상태 변경이 있는 경우 DB Commit 전 실패와 Commit 후 응답 유실을 구분한다.|같은 요청의 중복·동시 실행·순서 역전·늦은 응답을 포함한다.|Retry 가능한 오류와 즉시 중단해야 하는 업무 오류를 구분한다.|대량·다중 대상 기능에서 부분 성공이 발생하면 성공 대상을 다시 실행하지 않고 실패 대상만 Reprocess·Reconcile한다.|복구·보상이 필요한 기능은 복구 실패와 보상 실패도 별도 상태·Attempt·Audit로 남긴다.,VALIDATE|AUTHORIZE|SCOPE|DEDUPE|VERSION_CHECK|PARTITION|CHECKSUM|MUTATE|COMMIT|OUTBOX|EXTERNAL_SEND|ACK|RECONCILE|COMPENSATION_READY|AUDIT|OBSERVE,BEFORE_COMMIT|AFTER_COMMIT|BEFORE_EXTERNAL_SEND|AFTER_EXTERNAL_SEND|RESPONSE_LOST|PARTIAL_TARGET_FAILURE|PROCESS_KILL,완료,미검증,DB-MIGRATION|SAMPLE-EDU|TEST-FAULT,DETAILS_CANONICAL_AND_EXECUTABLE_SCENARIO,CPF-SELF-DEV-001|CPF-SELF-DEV-005|CPF-SELF-DEV-029,CPF_CUSTOMER_MANUAL_EDU_IMPLEMENTATION_REQUIREMENTS.md,cpf-reference functional package + registered concrete consumer + refDB ledger; merged Java25/3DB/runtime evidence pending,1edd96c6dcc69b0b4d6e9e22a0709d910d7cfb04,Overlay compile/self-test and static consumer/DB parity PASS; exact Java25/refDB runtime evidence pending Codex,core,,false,NONE,NONE,refDB
EDU-OPS-14,보안 사고·계정·키·세션 긴급 차단,cpf-reference,com.cpf.reference.platform.security.incident,cpf-reference/src/main/java/com/cpf/reference/platform/security/incident/EduOps14Handler.java,cpf-reference/src/main/resources/edu/ops/14/scenario-contract.json,cpf-reference/src/test/java/com/cpf/reference/platform/security/incident/EduOps14UnitTest.java,cpf-reference/src/test/java/com/cpf/reference/platform/security/incident/EduOps14IntegrationTest.java,cpf-reference/src/test/java/com/cpf/reference/platform/security/incident/EduOps14FailureTest.java,cpf-reference/src/test/java/com/cpf/reference/platform/security/incident/EduOps14RecoveryTest.java,cpf-reference/src/test/java/com/cpf/reference/platform/security/incident/EduOps14ConcurrencyTest.java,DETECTED|CONTAINED|ROTATING|RECOVERED,오탐 해제|일부 instance 구키|audit 누락|break-glass|상태 변경이 있는 경우 DB Commit 전 실패와 Commit 후 응답 유실을 구분한다.|같은 요청의 중복·동시 실행·순서 역전·늦은 응답을 포함한다.|Retry 가능한 오류와 즉시 중단해야 하는 업무 오류를 구분한다.|대량·다중 대상 기능에서 부분 성공이 발생하면 성공 대상을 다시 실행하지 않고 실패 대상만 Reprocess·Reconcile한다.|복구·보상이 필요한 기능은 복구 실패와 보상 실패도 별도 상태·Attempt·Audit로 남긴다.,VALIDATE|AUTHORIZE|SCOPE|DEDUPE|VERSION_CHECK|PARTITION|CHECKSUM|MUTATE|COMMIT|OUTBOX|EXTERNAL_SEND|ACK|RECONCILE|COMPENSATION_READY|AUDIT|OBSERVE,BEFORE_COMMIT|AFTER_COMMIT|BEFORE_EXTERNAL_SEND|AFTER_EXTERNAL_SEND|RESPONSE_LOST|PARTIAL_TARGET_FAILURE|PROCESS_KILL,완료,미검증,DB-MIGRATION|SAMPLE-EDU|TEST-FAULT,DETAILS_CANONICAL_AND_EXECUTABLE_SCENARIO,CPF-SELF-DEV-001|CPF-SELF-DEV-005|CPF-SELF-DEV-029,CPF_CUSTOMER_MANUAL_EDU_IMPLEMENTATION_REQUIREMENTS.md,cpf-reference functional package + registered concrete consumer + refDB ledger; merged Java25/3DB/runtime evidence pending,1edd96c6dcc69b0b4d6e9e22a0709d910d7cfb04,Overlay compile/self-test and static consumer/DB parity PASS; exact Java25/refDB runtime evidence pending Codex,core,,false,NONE,NONE,refDB
EDU-OPS-15,Version Upgrade·DB 호환·Application Rollback,cpf-reference,com.cpf.reference.platform.upgrade.compatibility,cpf-reference/src/main/java/com/cpf/reference/platform/upgrade/compatibility/EduOps15Handler.java,cpf-reference/src/main/resources/edu/ops/15/scenario-contract.json,cpf-reference/src/test/java/com/cpf/reference/platform/upgrade/compatibility/EduOps15UnitTest.java,cpf-reference/src/test/java/com/cpf/reference/platform/upgrade/compatibility/EduOps15IntegrationTest.java,cpf-reference/src/test/java/com/cpf/reference/platform/upgrade/compatibility/EduOps15FailureTest.java,cpf-reference/src/test/java/com/cpf/reference/platform/upgrade/compatibility/EduOps15RecoveryTest.java,cpf-reference/src/test/java/com/cpf/reference/platform/upgrade/compatibility/EduOps15ConcurrencyTest.java,PRECHECK|EXPAND|DEPLOY|CONTRACT|ROLLBACK,구 App와 새 Schema|data conversion|mixed version|rollback after write|상태 변경이 있는 경우 DB Commit 전 실패와 Commit 후 응답 유실을 구분한다.|같은 요청의 중복·동시 실행·순서 역전·늦은 응답을 포함한다.|Retry 가능한 오류와 즉시 중단해야 하는 업무 오류를 구분한다.|대량·다중 대상 기능에서 부분 성공이 발생하면 성공 대상을 다시 실행하지 않고 실패 대상만 Reprocess·Reconcile한다.|복구·보상이 필요한 기능은 복구 실패와 보상 실패도 별도 상태·Attempt·Audit로 남긴다.,VALIDATE|AUTHORIZE|SCOPE|DEDUPE|VERSION_CHECK|PARTITION|CHECKSUM|MUTATE|COMMIT|OUTBOX|EXTERNAL_SEND|ACK|RECONCILE|COMPENSATION_READY|AUDIT|OBSERVE,BEFORE_COMMIT|AFTER_COMMIT|BEFORE_EXTERNAL_SEND|AFTER_EXTERNAL_SEND|RESPONSE_LOST|PARTIAL_TARGET_FAILURE|PROCESS_KILL,완료,미검증,DB-MIGRATION|SAMPLE-EDU|TEST-FAULT,DETAILS_CANONICAL_AND_EXECUTABLE_SCENARIO,CPF-SELF-DEV-001|CPF-SELF-DEV-005|CPF-SELF-DEV-029,CPF_CUSTOMER_MANUAL_EDU_IMPLEMENTATION_REQUIREMENTS.md,cpf-reference functional package + registered concrete consumer + refDB ledger; merged Java25/3DB/runtime evidence pending,1edd96c6dcc69b0b4d6e9e22a0709d910d7cfb04,Overlay compile/self-test and static consumer/DB parity PASS; exact Java25/refDB runtime evidence pending Codex,core,,false,NONE,NONE,refDB
