requirement_id,capability,function_type,development_status,verification_status,overall_status,qa_status,evidence_path,next_action
CPF-FR-003173,GWY-ENTRY,PURPOSE,완료,대체검증 또는 정적 검증 완료; 정식 Runtime 재확인,구현 완료·정식 Runtime 재확인,QA 미검수,cpf-docs/evidence/development/DEVGPT-6D_09dd686/TEST_AND_EVIDENCE.md,Codex 독립검수 후 Java25·실제 Listener Runtime 재실행
CPF-FR-003174,GWY-ENTRY,OWNER,완료,대체검증 또는 정적 검증 완료; 정식 Runtime 재확인,구현 완료·정식 Runtime 재확인,QA 미검수,cpf-docs/evidence/development/DEVGPT-6D_09dd686/TEST_AND_EVIDENCE.md,Codex 독립검수 후 Java25·실제 Listener Runtime 재실행
CPF-FR-003175,GWY-ENTRY,CONSUMER,완료,대체검증 또는 정적 검증 완료; 정식 Runtime 재확인,구현 완료·정식 Runtime 재확인,QA 미검수,cpf-docs/evidence/development/DEVGPT-6D_09dd686/TEST_AND_EVIDENCE.md,Codex 독립검수 후 Java25·실제 Listener Runtime 재실행
CPF-FR-003176,GWY-ENTRY,PUBLIC_API,완료,대체검증 또는 정적 검증 완료; 정식 Runtime 재확인,구현 완료·정식 Runtime 재확인,QA 미검수,cpf-docs/evidence/development/DEVGPT-6D_09dd686/TEST_AND_EVIDENCE.md,Codex 독립검수 후 Java25·실제 Listener Runtime 재실행
CPF-FR-003177,GWY-ENTRY,EXTENSION_SPI,완료,대체검증 또는 정적 검증 완료; 정식 Runtime 재확인,구현 완료·정식 Runtime 재확인,QA 미검수,cpf-docs/evidence/development/DEVGPT-6D_09dd686/TEST_AND_EVIDENCE.md,Codex 독립검수 후 Java25·실제 Listener Runtime 재실행
CPF-FR-003178,GWY-ENTRY,INTERNAL_IMPL,완료,대체검증 또는 정적 검증 완료; 정식 Runtime 재확인,구현 완료·정식 Runtime 재확인,QA 미검수,cpf-docs/evidence/development/DEVGPT-6D_09dd686/TEST_AND_EVIDENCE.md,Codex 독립검수 후 Java25·실제 Listener Runtime 재실행
CPF-FR-003179,GWY-ENTRY,INPUT,완료,대체검증 또는 정적 검증 완료; 정식 Runtime 재확인,구현 완료·정식 Runtime 재확인,QA 미검수,cpf-docs/evidence/development/DEVGPT-6D_09dd686/TEST_AND_EVIDENCE.md,Codex 독립검수 후 Java25·실제 Listener Runtime 재실행
CPF-FR-003180,GWY-ENTRY,OUTPUT,완료,대체검증 또는 정적 검증 완료; 정식 Runtime 재확인,구현 완료·정식 Runtime 재확인,QA 미검수,cpf-docs/evidence/development/DEVGPT-6D_09dd686/TEST_AND_EVIDENCE.md,Codex 독립검수 후 Java25·실제 Listener Runtime 재실행
CPF-FR-003181,GWY-ENTRY,CONFIG,완료,대체검증 또는 정적 검증 완료; 정식 Runtime 재확인,구현 완료·정식 Runtime 재확인,QA 미검수,cpf-docs/evidence/development/DEVGPT-6D_09dd686/TEST_AND_EVIDENCE.md,Codex 독립검수 후 Java25·실제 Listener Runtime 재실행
CPF-FR-003182,GWY-ENTRY,VALIDATION,완료,대체검증 또는 정적 검증 완료; 정식 Runtime 재확인,구현 완료·정식 Runtime 재확인,QA 미검수,cpf-docs/evidence/development/DEVGPT-6D_09dd686/TEST_AND_EVIDENCE.md,Codex 독립검수 후 Java25·실제 Listener Runtime 재실행
CPF-FR-003183,GWY-ENTRY,STATE,완료,대체검증 또는 정적 검증 완료; 정식 Runtime 재확인,구현 완료·정식 Runtime 재확인,QA 미검수,cpf-docs/evidence/development/DEVGPT-6D_09dd686/TEST_AND_EVIDENCE.md,Codex 독립검수 후 Java25·실제 Listener Runtime 재실행
CPF-FR-003184,GWY-ENTRY,TRANSITION,완료,대체검증 또는 정적 검증 완료; 정식 Runtime 재확인,구현 완료·정식 Runtime 재확인,QA 미검수,cpf-docs/evidence/development/DEVGPT-6D_09dd686/TEST_AND_EVIDENCE.md,Codex 독립검수 후 Java25·실제 Listener Runtime 재실행
CPF-FR-003185,GWY-ENTRY,COMMAND,완료,대체검증 또는 정적 검증 완료; 정식 Runtime 재확인,구현 완료·정식 Runtime 재확인,QA 미검수,cpf-docs/evidence/development/DEVGPT-6D_09dd686/TEST_AND_EVIDENCE.md,Codex 독립검수 후 Java25·실제 Listener Runtime 재실행
CPF-FR-003186,GWY-ENTRY,QUERY,완료,대체검증 또는 정적 검증 완료; 정식 Runtime 재확인,구현 완료·정식 Runtime 재확인,QA 미검수,cpf-docs/evidence/development/DEVGPT-6D_09dd686/TEST_AND_EVIDENCE.md,Codex 독립검수 후 Java25·실제 Listener Runtime 재실행
CPF-FR-003187,GWY-ENTRY,IDEMPOTENCY,완료,대체검증 또는 정적 검증 완료; 정식 Runtime 재확인,구현 완료·정식 Runtime 재확인,QA 미검수,cpf-docs/evidence/development/DEVGPT-6D_09dd686/TEST_AND_EVIDENCE.md,Codex 독립검수 후 Java25·실제 Listener Runtime 재실행
CPF-FR-003188,GWY-ENTRY,CONCURRENCY,완료,대체검증 또는 정적 검증 완료; 정식 Runtime 재확인,구현 완료·정식 Runtime 재확인,QA 미검수,cpf-docs/evidence/development/DEVGPT-6D_09dd686/TEST_AND_EVIDENCE.md,Codex 독립검수 후 Java25·실제 Listener Runtime 재실행
CPF-FR-003189,GWY-ENTRY,DEADLINE,완료,대체검증 또는 정적 검증 완료; 정식 Runtime 재확인,구현 완료·정식 Runtime 재확인,QA 미검수,cpf-docs/evidence/development/DEVGPT-6D_09dd686/TEST_AND_EVIDENCE.md,Codex 독립검수 후 Java25·실제 Listener Runtime 재실행
CPF-FR-003190,GWY-ENTRY,RETRY,완료,대체검증 또는 정적 검증 완료; 정식 Runtime 재확인,구현 완료·정식 Runtime 재확인,QA 미검수,cpf-docs/evidence/development/DEVGPT-6D_09dd686/TEST_AND_EVIDENCE.md,Codex 독립검수 후 Java25·실제 Listener Runtime 재실행
CPF-FR-003191,GWY-ENTRY,CIRCUIT,완료,대체검증 또는 정적 검증 완료; 정식 Runtime 재확인,구현 완료·정식 Runtime 재확인,QA 미검수,cpf-docs/evidence/development/DEVGPT-6D_09dd686/TEST_AND_EVIDENCE.md,Codex 독립검수 후 Java25·실제 Listener Runtime 재실행
CPF-FR-003192,GWY-ENTRY,UNKNOWN,완료,대체검증 또는 정적 검증 완료; 정식 Runtime 재확인,구현 완료·정식 Runtime 재확인,QA 미검수,cpf-docs/evidence/development/DEVGPT-6D_09dd686/TEST_AND_EVIDENCE.md,Codex 독립검수 후 Java25·실제 Listener Runtime 재실행
CPF-FR-003193,GWY-ENTRY,RECONCILE,완료,대체검증 또는 정적 검증 완료; 정식 Runtime 재확인,구현 완료·정식 Runtime 재확인,QA 미검수,cpf-docs/evidence/development/DEVGPT-6D_09dd686/TEST_AND_EVIDENCE.md,Codex 독립검수 후 Java25·실제 Listener Runtime 재실행
CPF-FR-003194,GWY-ENTRY,RECOVERY,완료,대체검증 또는 정적 검증 완료; 정식 Runtime 재확인,구현 완료·정식 Runtime 재확인,QA 미검수,cpf-docs/evidence/development/DEVGPT-6D_09dd686/TEST_AND_EVIDENCE.md,Codex 독립검수 후 Java25·실제 Listener Runtime 재실행
CPF-FR-003195,GWY-ENTRY,COMPENSATION,완료,대체검증 또는 정적 검증 완료; 정식 Runtime 재확인,구현 완료·정식 Runtime 재확인,QA 미검수,cpf-docs/evidence/development/DEVGPT-6D_09dd686/TEST_AND_EVIDENCE.md,Codex 독립검수 후 Java25·실제 Listener Runtime 재실행
CPF-FR-003196,GWY-ENTRY,ROLLBACK,완료,대체검증 또는 정적 검증 완료; 정식 Runtime 재확인,구현 완료·정식 Runtime 재확인,QA 미검수,cpf-docs/evidence/development/DEVGPT-6D_09dd686/TEST_AND_EVIDENCE.md,Codex 독립검수 후 Java25·실제 Listener Runtime 재실행
CPF-FR-003197,GWY-ENTRY,MULTI_INSTANCE,완료,대체검증 또는 정적 검증 완료; 정식 Runtime 재확인,구현 완료·정식 Runtime 재확인,QA 미검수,cpf-docs/evidence/development/DEVGPT-6D_09dd686/TEST_AND_EVIDENCE.md,Codex 독립검수 후 Java25·실제 Listener Runtime 재실행
CPF-FR-003198,GWY-ENTRY,LOCAL_REMOTE,완료,대체검증 또는 정적 검증 완료; 정식 Runtime 재확인,구현 완료·정식 Runtime 재확인,QA 미검수,cpf-docs/evidence/development/DEVGPT-6D_09dd686/TEST_AND_EVIDENCE.md,Codex 독립검수 후 Java25·실제 Listener Runtime 재실행
CPF-FR-003199,GWY-ENTRY,MIXED_VERSION,완료,대체검증 또는 정적 검증 완료; 정식 Runtime 재확인,구현 완료·정식 Runtime 재확인,QA 미검수,cpf-docs/evidence/development/DEVGPT-6D_09dd686/TEST_AND_EVIDENCE.md,Codex 독립검수 후 Java25·실제 Listener Runtime 재실행
CPF-FR-003200,GWY-ENTRY,AUTHN,완료,대체검증 또는 정적 검증 완료; 정식 Runtime 재확인,구현 완료·정식 Runtime 재확인,QA 미검수,cpf-docs/evidence/development/DEVGPT-6D_09dd686/TEST_AND_EVIDENCE.md,Codex 독립검수 후 Java25·실제 Listener Runtime 재실행
CPF-FR-003201,GWY-ENTRY,AUTHZ,완료,대체검증 또는 정적 검증 완료; 정식 Runtime 재확인,구현 완료·정식 Runtime 재확인,QA 미검수,cpf-docs/evidence/development/DEVGPT-6D_09dd686/TEST_AND_EVIDENCE.md,Codex 독립검수 후 Java25·실제 Listener Runtime 재실행
CPF-FR-003202,GWY-ENTRY,DATA_SCOPE,완료,대체검증 또는 정적 검증 완료; 정식 Runtime 재확인,구현 완료·정식 Runtime 재확인,QA 미검수,cpf-docs/evidence/development/DEVGPT-6D_09dd686/TEST_AND_EVIDENCE.md,Codex 독립검수 후 Java25·실제 Listener Runtime 재실행
CPF-FR-003203,GWY-ENTRY,MASKING,완료,대체검증 또는 정적 검증 완료; 정식 Runtime 재확인,구현 완료·정식 Runtime 재확인,QA 미검수,cpf-docs/evidence/development/DEVGPT-6D_09dd686/TEST_AND_EVIDENCE.md,Codex 독립검수 후 Java25·실제 Listener Runtime 재실행
CPF-FR-003204,GWY-ENTRY,REASON,완료,대체검증 또는 정적 검증 완료; 정식 Runtime 재확인,구현 완료·정식 Runtime 재확인,QA 미검수,cpf-docs/evidence/development/DEVGPT-6D_09dd686/TEST_AND_EVIDENCE.md,Codex 독립검수 후 Java25·실제 Listener Runtime 재실행
CPF-FR-003205,GWY-ENTRY,APPROVAL,완료,대체검증 또는 정적 검증 완료; 정식 Runtime 재확인,구현 완료·정식 Runtime 재확인,QA 미검수,cpf-docs/evidence/development/DEVGPT-6D_09dd686/TEST_AND_EVIDENCE.md,Codex 독립검수 후 Java25·실제 Listener Runtime 재실행
CPF-FR-003206,GWY-ENTRY,AUDIT,완료,대체검증 또는 정적 검증 완료; 정식 Runtime 재확인,구현 완료·정식 Runtime 재확인,QA 미검수,cpf-docs/evidence/development/DEVGPT-6D_09dd686/TEST_AND_EVIDENCE.md,Codex 독립검수 후 Java25·실제 Listener Runtime 재실행
CPF-FR-003207,GWY-ENTRY,LOG,완료,대체검증 또는 정적 검증 완료; 정식 Runtime 재확인,구현 완료·정식 Runtime 재확인,QA 미검수,cpf-docs/evidence/development/DEVGPT-6D_09dd686/TEST_AND_EVIDENCE.md,Codex 독립검수 후 Java25·실제 Listener Runtime 재실행
CPF-FR-003208,GWY-ENTRY,METRIC,완료,대체검증 또는 정적 검증 완료; 정식 Runtime 재확인,구현 완료·정식 Runtime 재확인,QA 미검수,cpf-docs/evidence/development/DEVGPT-6D_09dd686/TEST_AND_EVIDENCE.md,Codex 독립검수 후 Java25·실제 Listener Runtime 재실행
CPF-FR-003209,GWY-ENTRY,TRACE,완료,대체검증 또는 정적 검증 완료; 정식 Runtime 재확인,구현 완료·정식 Runtime 재확인,QA 미검수,cpf-docs/evidence/development/DEVGPT-6D_09dd686/TEST_AND_EVIDENCE.md,Codex 독립검수 후 Java25·실제 Listener Runtime 재실행
CPF-FR-003210,GWY-ENTRY,HEALTH,완료,대체검증 또는 정적 검증 완료; 정식 Runtime 재확인,구현 완료·정식 Runtime 재확인,QA 미검수,cpf-docs/evidence/development/DEVGPT-6D_09dd686/TEST_AND_EVIDENCE.md,Codex 독립검수 후 Java25·실제 Listener Runtime 재실행
CPF-FR-003211,GWY-ENTRY,ALERT_RUNBOOK,완료,대체검증 또는 정적 검증 완료; 정식 Runtime 재확인,구현 완료·정식 Runtime 재확인,QA 미검수,cpf-docs/evidence/development/DEVGPT-6D_09dd686/TEST_AND_EVIDENCE.md,Codex 독립검수 후 Java25·실제 Listener Runtime 재실행
CPF-FR-003212,GWY-ENTRY,RESOURCE,완료,대체검증 또는 정적 검증 완료; 정식 Runtime 재확인,구현 완료·정식 Runtime 재확인,QA 미검수,cpf-docs/evidence/development/DEVGPT-6D_09dd686/TEST_AND_EVIDENCE.md,Codex 독립검수 후 Java25·실제 Listener Runtime 재실행
CPF-FR-003213,GWY-ENTRY,DB_OWNER,미완료,미검증,교차 세션 변경 대기,QA 미검수,cpf-docs/evidence/development/DEVGPT-6D_09dd686/TEST_AND_EVIDENCE.md,DEVGPT-6E 산출물 적용 후 Oracle/PostgreSQL/MariaDB lifecycle 통합 재검증
CPF-FR-003214,GWY-ENTRY,DB_SCHEMA,미완료,미검증,교차 세션 변경 대기,QA 미검수,cpf-docs/evidence/development/DEVGPT-6D_09dd686/TEST_AND_EVIDENCE.md,DEVGPT-6E 산출물 적용 후 Oracle/PostgreSQL/MariaDB lifecycle 통합 재검증
CPF-FR-003215,GWY-ENTRY,DB_QUERY,미완료,미검증,교차 세션 변경 대기,QA 미검수,cpf-docs/evidence/development/DEVGPT-6D_09dd686/TEST_AND_EVIDENCE.md,DEVGPT-6E 산출물 적용 후 Oracle/PostgreSQL/MariaDB lifecycle 통합 재검증
CPF-FR-003216,GWY-ENTRY,DB_MIGRATION,미완료,미검증,교차 세션 변경 대기,QA 미검수,cpf-docs/evidence/development/DEVGPT-6D_09dd686/TEST_AND_EVIDENCE.md,DEVGPT-6E 산출물 적용 후 Oracle/PostgreSQL/MariaDB lifecycle 통합 재검증
CPF-FR-003217,GWY-ENTRY,DB_ROLLBACK,미완료,미검증,교차 세션 변경 대기,QA 미검수,cpf-docs/evidence/development/DEVGPT-6D_09dd686/TEST_AND_EVIDENCE.md,DEVGPT-6E 산출물 적용 후 Oracle/PostgreSQL/MariaDB lifecycle 통합 재검증
CPF-FR-003218,GWY-ENTRY,DB_VENDOR,미완료,미검증,교차 세션 변경 대기,QA 미검수,cpf-docs/evidence/development/DEVGPT-6D_09dd686/TEST_AND_EVIDENCE.md,DEVGPT-6E 산출물 적용 후 Oracle/PostgreSQL/MariaDB lifecycle 통합 재검증
CPF-FR-003219,GWY-ENTRY,API_OPENAPI,미완료,미검증,교차 세션 변경 대기,QA 미검수,cpf-docs/evidence/development/DEVGPT-6D_09dd686/TEST_AND_EVIDENCE.md,DEVGPT-6A OpenAPI/generated-client/ADM/BZA 산출물 적용 후 Browser 통합 재검증
CPF-FR-003220,GWY-ENTRY,FRONTEND,미완료,미검증,교차 세션 변경 대기,QA 미검수,cpf-docs/evidence/development/DEVGPT-6D_09dd686/TEST_AND_EVIDENCE.md,DEVGPT-6A OpenAPI/generated-client/ADM/BZA 산출물 적용 후 Browser 통합 재검증
CPF-FR-003221,GWY-ENTRY,ADM_UI,미완료,미검증,교차 세션 변경 대기,QA 미검수,cpf-docs/evidence/development/DEVGPT-6D_09dd686/TEST_AND_EVIDENCE.md,DEVGPT-6A OpenAPI/generated-client/ADM/BZA 산출물 적용 후 Browser 통합 재검증
CPF-FR-003222,GWY-ENTRY,BZA_UI,미완료,미검증,교차 세션 변경 대기,QA 미검수,cpf-docs/evidence/development/DEVGPT-6D_09dd686/TEST_AND_EVIDENCE.md,DEVGPT-6A OpenAPI/generated-client/ADM/BZA 산출물 적용 후 Browser 통합 재검증
CPF-FR-003223,GWY-ENTRY,GENERATOR,미완료,미검증,교차 세션 변경 대기,QA 미검수,cpf-docs/evidence/development/DEVGPT-6D_09dd686/TEST_AND_EVIDENCE.md,DEVGPT-6F Generator/Template/BOM/Publication 산출물 적용 후 통합 재검증
CPF-FR-003224,GWY-ENTRY,SAMPLE_EDU,완료,대체검증 또는 정적 검증 완료; 정식 Runtime 재확인,구현 완료·정식 Runtime 재확인,QA 미검수,cpf-docs/evidence/development/DEVGPT-6D_09dd686/TEST_AND_EVIDENCE.md,Codex 독립검수 후 Java25·실제 Listener Runtime 재실행
CPF-FR-003225,GWY-ENTRY,JAVADOC,완료,대체검증 또는 정적 검증 완료; 정식 Runtime 재확인,구현 완료·정식 Runtime 재확인,QA 미검수,cpf-docs/evidence/development/DEVGPT-6D_09dd686/TEST_AND_EVIDENCE.md,Codex 독립검수 후 Java25·실제 Listener Runtime 재실행
CPF-FR-003226,GWY-ENTRY,GUIDE,완료,대체검증 또는 정적 검증 완료; 정식 Runtime 재확인,구현 완료·정식 Runtime 재확인,QA 미검수,cpf-docs/evidence/development/DEVGPT-6D_09dd686/TEST_AND_EVIDENCE.md,Codex 독립검수 후 Java25·실제 Listener Runtime 재실행
CPF-FR-003227,GWY-ENTRY,UNIT_TEST,완료,대체검증 또는 정적 검증 완료; 정식 Runtime 재확인,구현 완료·정식 Runtime 재확인,QA 미검수,cpf-docs/evidence/development/DEVGPT-6D_09dd686/TEST_AND_EVIDENCE.md,Codex 독립검수 후 Java25·실제 Listener Runtime 재실행
CPF-FR-003228,GWY-ENTRY,CONTRACT_TEST,완료,대체검증 또는 정적 검증 완료; 정식 Runtime 재확인,구현 완료·정식 Runtime 재확인,QA 미검수,cpf-docs/evidence/development/DEVGPT-6D_09dd686/TEST_AND_EVIDENCE.md,Codex 독립검수 후 Java25·실제 Listener Runtime 재실행
CPF-FR-003229,GWY-ENTRY,INTEGRATION_TEST,완료,대체검증 완료; Java25/실제 Runtime 미검증,구현 완료·정식 Runtime 재확인,QA 미검수,cpf-docs/evidence/development/DEVGPT-6D_09dd686/TEST_AND_EVIDENCE.md,Java25 Gradle/실제 TLS Listener·multi-process Runtime 재실행
CPF-FR-003230,GWY-ENTRY,RUNTIME_TEST,완료,대체검증 완료; Java25/실제 Runtime 미검증,구현 완료·정식 Runtime 재확인,QA 미검수,cpf-docs/evidence/development/DEVGPT-6D_09dd686/TEST_AND_EVIDENCE.md,Java25 Gradle/실제 TLS Listener·multi-process Runtime 재실행
CPF-FR-003231,GWY-ENTRY,FAULT_TEST,완료,대체검증 완료; Java25/실제 Runtime 미검증,구현 완료·정식 Runtime 재확인,QA 미검수,cpf-docs/evidence/development/DEVGPT-6D_09dd686/TEST_AND_EVIDENCE.md,Java25 Gradle/실제 TLS Listener·multi-process Runtime 재실행
CPF-FR-003232,GWY-ENTRY,EVIDENCE,완료,대체검증 또는 정적 검증 완료; 정식 Runtime 재확인,구현 완료·정식 Runtime 재확인,QA 미검수,cpf-docs/evidence/development/DEVGPT-6D_09dd686/TEST_AND_EVIDENCE.md,Codex 독립검수 후 Java25·실제 Listener Runtime 재실행
CPF-FR-003233,GWY-ENTRY,HYGIENE,완료,대체검증 또는 정적 검증 완료; 정식 Runtime 재확인,구현 완료·정식 Runtime 재확인,QA 미검수,cpf-docs/evidence/development/DEVGPT-6D_09dd686/TEST_AND_EVIDENCE.md,Codex 독립검수 후 Java25·실제 Listener Runtime 재실행
CPF-FR-003234,GWY-ROUTING,PURPOSE,완료,대체검증 또는 정적 검증 완료; 정식 Runtime 재확인,구현 완료·정식 Runtime 재확인,QA 재검수 대기,cpf-docs/evidence/development/DEVGPT-6D_09dd686/TEST_AND_EVIDENCE.md,Codex 독립검수 후 Java25·외부 환경 재실행
CPF-FR-003235,GWY-ROUTING,OWNER,완료,대체검증 또는 정적 검증 완료; 정식 Runtime 재확인,구현 완료·정식 Runtime 재확인,QA 재검수 대기,cpf-docs/evidence/development/DEVGPT-6D_09dd686/TEST_AND_EVIDENCE.md,Codex 독립검수 후 Java25·외부 환경 재실행
CPF-FR-003236,GWY-ROUTING,CONSUMER,완료,대체검증 또는 정적 검증 완료; 정식 Runtime 재확인,구현 완료·정식 Runtime 재확인,QA 재검수 대기,cpf-docs/evidence/development/DEVGPT-6D_09dd686/TEST_AND_EVIDENCE.md,Codex 독립검수 후 Java25·외부 환경 재실행
CPF-FR-003237,GWY-ROUTING,PUBLIC_API,완료,대체검증 또는 정적 검증 완료; 정식 Runtime 재확인,구현 완료·정식 Runtime 재확인,QA 재검수 대기,cpf-docs/evidence/development/DEVGPT-6D_09dd686/TEST_AND_EVIDENCE.md,Codex 독립검수 후 Java25·외부 환경 재실행
CPF-FR-003238,GWY-ROUTING,EXTENSION_SPI,완료,대체검증 또는 정적 검증 완료; 정식 Runtime 재확인,구현 완료·정식 Runtime 재확인,QA 재검수 대기,cpf-docs/evidence/development/DEVGPT-6D_09dd686/TEST_AND_EVIDENCE.md,Codex 독립검수 후 Java25·외부 환경 재실행
CPF-FR-003239,GWY-ROUTING,INTERNAL_IMPL,완료,대체검증 또는 정적 검증 완료; 정식 Runtime 재확인,구현 완료·정식 Runtime 재확인,QA 재검수 대기,cpf-docs/evidence/development/DEVGPT-6D_09dd686/TEST_AND_EVIDENCE.md,Codex 독립검수 후 Java25·외부 환경 재실행
CPF-FR-003240,GWY-ROUTING,INPUT,완료,대체검증 또는 정적 검증 완료; 정식 Runtime 재확인,구현 완료·정식 Runtime 재확인,QA 재검수 대기,cpf-docs/evidence/development/DEVGPT-6D_09dd686/TEST_AND_EVIDENCE.md,Codex 독립검수 후 Java25·외부 환경 재실행
CPF-FR-003241,GWY-ROUTING,OUTPUT,완료,대체검증 또는 정적 검증 완료; 정식 Runtime 재확인,구현 완료·정식 Runtime 재확인,QA 재검수 대기,cpf-docs/evidence/development/DEVGPT-6D_09dd686/TEST_AND_EVIDENCE.md,Codex 독립검수 후 Java25·외부 환경 재실행
CPF-FR-003242,GWY-ROUTING,CONFIG,완료,대체검증 또는 정적 검증 완료; 정식 Runtime 재확인,구현 완료·정식 Runtime 재확인,QA 재검수 대기,cpf-docs/evidence/development/DEVGPT-6D_09dd686/TEST_AND_EVIDENCE.md,Codex 독립검수 후 Java25·외부 환경 재실행
CPF-FR-003243,GWY-ROUTING,VALIDATION,완료,대체검증 또는 정적 검증 완료; 정식 Runtime 재확인,구현 완료·정식 Runtime 재확인,QA 재검수 대기,cpf-docs/evidence/development/DEVGPT-6D_09dd686/TEST_AND_EVIDENCE.md,Codex 독립검수 후 Java25·외부 환경 재실행
CPF-FR-003244,GWY-ROUTING,STATE,완료,대체검증 또는 정적 검증 완료; 정식 Runtime 재확인,구현 완료·정식 Runtime 재확인,QA 재검수 대기,cpf-docs/evidence/development/DEVGPT-6D_09dd686/TEST_AND_EVIDENCE.md,Codex 독립검수 후 Java25·외부 환경 재실행
CPF-FR-003245,GWY-ROUTING,TRANSITION,완료,대체검증 또는 정적 검증 완료; 정식 Runtime 재확인,구현 완료·정식 Runtime 재확인,QA 재검수 대기,cpf-docs/evidence/development/DEVGPT-6D_09dd686/TEST_AND_EVIDENCE.md,Codex 독립검수 후 Java25·외부 환경 재실행
CPF-FR-003246,GWY-ROUTING,COMMAND,완료,대체검증 또는 정적 검증 완료; 정식 Runtime 재확인,구현 완료·정식 Runtime 재확인,QA 재검수 대기,cpf-docs/evidence/development/DEVGPT-6D_09dd686/TEST_AND_EVIDENCE.md,Codex 독립검수 후 Java25·외부 환경 재실행
CPF-FR-003247,GWY-ROUTING,QUERY,완료,대체검증 또는 정적 검증 완료; 정식 Runtime 재확인,구현 완료·정식 Runtime 재확인,QA 재검수 대기,cpf-docs/evidence/development/DEVGPT-6D_09dd686/TEST_AND_EVIDENCE.md,Codex 독립검수 후 Java25·외부 환경 재실행
CPF-FR-003248,GWY-ROUTING,IDEMPOTENCY,완료,대체검증 또는 정적 검증 완료; 정식 Runtime 재확인,구현 완료·정식 Runtime 재확인,QA 재검수 대기,cpf-docs/evidence/development/DEVGPT-6D_09dd686/TEST_AND_EVIDENCE.md,Codex 독립검수 후 Java25·외부 환경 재실행
CPF-FR-003249,GWY-ROUTING,CONCURRENCY,완료,대체검증 또는 정적 검증 완료; 정식 Runtime 재확인,구현 완료·정식 Runtime 재확인,QA 재검수 대기,cpf-docs/evidence/development/DEVGPT-6D_09dd686/TEST_AND_EVIDENCE.md,Codex 독립검수 후 Java25·외부 환경 재실행
CPF-FR-003250,GWY-ROUTING,DEADLINE,완료,대체검증 또는 정적 검증 완료; 정식 Runtime 재확인,구현 완료·정식 Runtime 재확인,QA 재검수 대기,cpf-docs/evidence/development/DEVGPT-6D_09dd686/TEST_AND_EVIDENCE.md,Codex 독립검수 후 Java25·외부 환경 재실행
CPF-FR-003251,GWY-ROUTING,RETRY,완료,대체검증 또는 정적 검증 완료; 정식 Runtime 재확인,구현 완료·정식 Runtime 재확인,QA 재검수 대기,cpf-docs/evidence/development/DEVGPT-6D_09dd686/TEST_AND_EVIDENCE.md,Codex 독립검수 후 Java25·외부 환경 재실행
CPF-FR-003252,GWY-ROUTING,CIRCUIT,완료,대체검증 또는 정적 검증 완료; 정식 Runtime 재확인,구현 완료·정식 Runtime 재확인,QA 재검수 대기,cpf-docs/evidence/development/DEVGPT-6D_09dd686/TEST_AND_EVIDENCE.md,Codex 독립검수 후 Java25·외부 환경 재실행
CPF-FR-003253,GWY-ROUTING,UNKNOWN,완료,대체검증 또는 정적 검증 완료; 정식 Runtime 재확인,구현 완료·정식 Runtime 재확인,QA 재검수 대기,cpf-docs/evidence/development/DEVGPT-6D_09dd686/TEST_AND_EVIDENCE.md,Codex 독립검수 후 Java25·외부 환경 재실행
CPF-FR-003254,GWY-ROUTING,RECONCILE,완료,대체검증 또는 정적 검증 완료; 정식 Runtime 재확인,구현 완료·정식 Runtime 재확인,QA 재검수 대기,cpf-docs/evidence/development/DEVGPT-6D_09dd686/TEST_AND_EVIDENCE.md,Codex 독립검수 후 Java25·외부 환경 재실행
CPF-FR-003255,GWY-ROUTING,RECOVERY,완료,대체검증 또는 정적 검증 완료; 정식 Runtime 재확인,구현 완료·정식 Runtime 재확인,QA 재검수 대기,cpf-docs/evidence/development/DEVGPT-6D_09dd686/TEST_AND_EVIDENCE.md,Codex 독립검수 후 Java25·외부 환경 재실행
CPF-FR-003256,GWY-ROUTING,COMPENSATION,완료,대체검증 또는 정적 검증 완료; 정식 Runtime 재확인,구현 완료·정식 Runtime 재확인,QA 재검수 대기,cpf-docs/evidence/development/DEVGPT-6D_09dd686/TEST_AND_EVIDENCE.md,Codex 독립검수 후 Java25·외부 환경 재실행
CPF-FR-003257,GWY-ROUTING,ROLLBACK,완료,대체검증 또는 정적 검증 완료; 정식 Runtime 재확인,구현 완료·정식 Runtime 재확인,QA 재검수 대기,cpf-docs/evidence/development/DEVGPT-6D_09dd686/TEST_AND_EVIDENCE.md,Codex 독립검수 후 Java25·외부 환경 재실행
CPF-FR-003258,GWY-ROUTING,MULTI_INSTANCE,완료,대체검증 또는 정적 검증 완료; 정식 Runtime 재확인,구현 완료·정식 Runtime 재확인,QA 재검수 대기,cpf-docs/evidence/development/DEVGPT-6D_09dd686/TEST_AND_EVIDENCE.md,Codex 독립검수 후 Java25·외부 환경 재실행
CPF-FR-003259,GWY-ROUTING,LOCAL_REMOTE,완료,대체검증 또는 정적 검증 완료; 정식 Runtime 재확인,구현 완료·정식 Runtime 재확인,QA 재검수 대기,cpf-docs/evidence/development/DEVGPT-6D_09dd686/TEST_AND_EVIDENCE.md,Codex 독립검수 후 Java25·외부 환경 재실행
CPF-FR-003260,GWY-ROUTING,MIXED_VERSION,완료,대체검증 또는 정적 검증 완료; 정식 Runtime 재확인,구현 완료·정식 Runtime 재확인,QA 재검수 대기,cpf-docs/evidence/development/DEVGPT-6D_09dd686/TEST_AND_EVIDENCE.md,Codex 독립검수 후 Java25·외부 환경 재실행
CPF-FR-003261,GWY-ROUTING,AUTHN,완료,대체검증 또는 정적 검증 완료; 정식 Runtime 재확인,구현 완료·정식 Runtime 재확인,QA 재검수 대기,cpf-docs/evidence/development/DEVGPT-6D_09dd686/TEST_AND_EVIDENCE.md,Codex 독립검수 후 Java25·외부 환경 재실행
CPF-FR-003262,GWY-ROUTING,AUTHZ,완료,대체검증 또는 정적 검증 완료; 정식 Runtime 재확인,구현 완료·정식 Runtime 재확인,QA 재검수 대기,cpf-docs/evidence/development/DEVGPT-6D_09dd686/TEST_AND_EVIDENCE.md,Codex 독립검수 후 Java25·외부 환경 재실행
CPF-FR-003263,GWY-ROUTING,DATA_SCOPE,완료,대체검증 또는 정적 검증 완료; 정식 Runtime 재확인,구현 완료·정식 Runtime 재확인,QA 재검수 대기,cpf-docs/evidence/development/DEVGPT-6D_09dd686/TEST_AND_EVIDENCE.md,Codex 독립검수 후 Java25·외부 환경 재실행
CPF-FR-003264,GWY-ROUTING,MASKING,완료,대체검증 또는 정적 검증 완료; 정식 Runtime 재확인,구현 완료·정식 Runtime 재확인,QA 재검수 대기,cpf-docs/evidence/development/DEVGPT-6D_09dd686/TEST_AND_EVIDENCE.md,Codex 독립검수 후 Java25·외부 환경 재실행
CPF-FR-003265,GWY-ROUTING,REASON,완료,대체검증 또는 정적 검증 완료; 정식 Runtime 재확인,구현 완료·정식 Runtime 재확인,QA 재검수 대기,cpf-docs/evidence/development/DEVGPT-6D_09dd686/TEST_AND_EVIDENCE.md,Codex 독립검수 후 Java25·외부 환경 재실행
CPF-FR-003266,GWY-ROUTING,APPROVAL,완료,대체검증 또는 정적 검증 완료; 정식 Runtime 재확인,구현 완료·정식 Runtime 재확인,QA 재검수 대기,cpf-docs/evidence/development/DEVGPT-6D_09dd686/TEST_AND_EVIDENCE.md,Codex 독립검수 후 Java25·외부 환경 재실행
CPF-FR-003267,GWY-ROUTING,AUDIT,완료,대체검증 또는 정적 검증 완료; 정식 Runtime 재확인,구현 완료·정식 Runtime 재확인,QA 재검수 대기,cpf-docs/evidence/development/DEVGPT-6D_09dd686/TEST_AND_EVIDENCE.md,Codex 독립검수 후 Java25·외부 환경 재실행
CPF-FR-003268,GWY-ROUTING,LOG,완료,대체검증 또는 정적 검증 완료; 정식 Runtime 재확인,구현 완료·정식 Runtime 재확인,QA 재검수 대기,cpf-docs/evidence/development/DEVGPT-6D_09dd686/TEST_AND_EVIDENCE.md,Codex 독립검수 후 Java25·외부 환경 재실행
CPF-FR-003269,GWY-ROUTING,METRIC,완료,대체검증 또는 정적 검증 완료; 정식 Runtime 재확인,구현 완료·정식 Runtime 재확인,QA 재검수 대기,cpf-docs/evidence/development/DEVGPT-6D_09dd686/TEST_AND_EVIDENCE.md,Codex 독립검수 후 Java25·외부 환경 재실행
CPF-FR-003270,GWY-ROUTING,TRACE,완료,대체검증 또는 정적 검증 완료; 정식 Runtime 재확인,구현 완료·정식 Runtime 재확인,QA 재검수 대기,cpf-docs/evidence/development/DEVGPT-6D_09dd686/TEST_AND_EVIDENCE.md,Codex 독립검수 후 Java25·외부 환경 재실행
CPF-FR-003271,GWY-ROUTING,HEALTH,완료,대체검증 또는 정적 검증 완료; 정식 Runtime 재확인,구현 완료·정식 Runtime 재확인,QA 재검수 대기,cpf-docs/evidence/development/DEVGPT-6D_09dd686/TEST_AND_EVIDENCE.md,Codex 독립검수 후 Java25·외부 환경 재실행
CPF-FR-003272,GWY-ROUTING,ALERT_RUNBOOK,완료,대체검증 또는 정적 검증 완료; 정식 Runtime 재확인,구현 완료·정식 Runtime 재확인,QA 재검수 대기,cpf-docs/evidence/development/DEVGPT-6D_09dd686/TEST_AND_EVIDENCE.md,Codex 독립검수 후 Java25·외부 환경 재실행
CPF-FR-003273,GWY-ROUTING,RESOURCE,완료,대체검증 또는 정적 검증 완료; 정식 Runtime 재확인,구현 완료·정식 Runtime 재확인,QA 재검수 대기,cpf-docs/evidence/development/DEVGPT-6D_09dd686/TEST_AND_EVIDENCE.md,Codex 독립검수 후 Java25·외부 환경 재실행
CPF-FR-003274,GWY-ROUTING,DB_OWNER,미완료,미검증,교차 세션 변경 대기,QA 재검수 대기,cpf-docs/evidence/development/DEVGPT-6D_09dd686/TEST_AND_EVIDENCE.md,DEVGPT-6E 산출물 적용 후 정식 통합 재검증
CPF-FR-003275,GWY-ROUTING,DB_SCHEMA,미완료,미검증,교차 세션 변경 대기,QA 재검수 대기,cpf-docs/evidence/development/DEVGPT-6D_09dd686/TEST_AND_EVIDENCE.md,DEVGPT-6E 산출물 적용 후 정식 통합 재검증
CPF-FR-003276,GWY-ROUTING,DB_QUERY,미완료,미검증,교차 세션 변경 대기,QA 재검수 대기,cpf-docs/evidence/development/DEVGPT-6D_09dd686/TEST_AND_EVIDENCE.md,DEVGPT-6E 산출물 적용 후 정식 통합 재검증
CPF-FR-003277,GWY-ROUTING,DB_MIGRATION,미완료,미검증,교차 세션 변경 대기,QA 재검수 대기,cpf-docs/evidence/development/DEVGPT-6D_09dd686/TEST_AND_EVIDENCE.md,DEVGPT-6E 산출물 적용 후 정식 통합 재검증
CPF-FR-003278,GWY-ROUTING,DB_ROLLBACK,미완료,미검증,교차 세션 변경 대기,QA 재검수 대기,cpf-docs/evidence/development/DEVGPT-6D_09dd686/TEST_AND_EVIDENCE.md,DEVGPT-6E 산출물 적용 후 정식 통합 재검증
CPF-FR-003279,GWY-ROUTING,DB_VENDOR,미완료,미검증,교차 세션 변경 대기,QA 재검수 대기,cpf-docs/evidence/development/DEVGPT-6D_09dd686/TEST_AND_EVIDENCE.md,DEVGPT-6E 산출물 적용 후 정식 통합 재검증
CPF-FR-003280,GWY-ROUTING,API_OPENAPI,미완료,미검증,교차 세션 변경 대기,QA 재검수 대기,cpf-docs/evidence/development/DEVGPT-6D_09dd686/TEST_AND_EVIDENCE.md,DEVGPT-6A 산출물 적용 후 정식 통합 재검증
CPF-FR-003281,GWY-ROUTING,FRONTEND,미완료,미검증,교차 세션 변경 대기,QA 재검수 대기,cpf-docs/evidence/development/DEVGPT-6D_09dd686/TEST_AND_EVIDENCE.md,DEVGPT-6A 산출물 적용 후 정식 통합 재검증
CPF-FR-003282,GWY-ROUTING,ADM_UI,미완료,미검증,교차 세션 변경 대기,QA 재검수 대기,cpf-docs/evidence/development/DEVGPT-6D_09dd686/TEST_AND_EVIDENCE.md,DEVGPT-6A 산출물 적용 후 정식 통합 재검증
CPF-FR-003283,GWY-ROUTING,BZA_UI,미완료,미검증,교차 세션 변경 대기,QA 재검수 대기,cpf-docs/evidence/development/DEVGPT-6D_09dd686/TEST_AND_EVIDENCE.md,DEVGPT-6A 산출물 적용 후 정식 통합 재검증
CPF-FR-003284,GWY-ROUTING,GENERATOR,미완료,미검증,교차 세션 변경 대기,QA 재검수 대기,cpf-docs/evidence/development/DEVGPT-6D_09dd686/TEST_AND_EVIDENCE.md,DEVGPT-6F 산출물 적용 후 정식 통합 재검증
CPF-FR-003285,GWY-ROUTING,SAMPLE_EDU,완료,대체검증 또는 정적 검증 완료; 정식 Runtime 재확인,구현 완료·정식 Runtime 재확인,QA 재검수 대기,cpf-docs/evidence/development/DEVGPT-6D_09dd686/TEST_AND_EVIDENCE.md,Codex 독립검수 후 Java25·외부 환경 재실행
CPF-FR-003286,GWY-ROUTING,JAVADOC,완료,대체검증 또는 정적 검증 완료; 정식 Runtime 재확인,구현 완료·정식 Runtime 재확인,QA 재검수 대기,cpf-docs/evidence/development/DEVGPT-6D_09dd686/TEST_AND_EVIDENCE.md,Codex 독립검수 후 Java25·외부 환경 재실행
CPF-FR-003287,GWY-ROUTING,GUIDE,완료,대체검증 또는 정적 검증 완료; 정식 Runtime 재확인,구현 완료·정식 Runtime 재확인,QA 재검수 대기,cpf-docs/evidence/development/DEVGPT-6D_09dd686/TEST_AND_EVIDENCE.md,Codex 독립검수 후 Java25·외부 환경 재실행
CPF-FR-003288,GWY-ROUTING,UNIT_TEST,완료,대체검증 또는 정적 검증 완료; 정식 Runtime 재확인,구현 완료·정식 Runtime 재확인,QA 재검수 대기,cpf-docs/evidence/development/DEVGPT-6D_09dd686/TEST_AND_EVIDENCE.md,Codex 독립검수 후 Java25·외부 환경 재실행
CPF-FR-003289,GWY-ROUTING,CONTRACT_TEST,완료,대체검증 또는 정적 검증 완료; 정식 Runtime 재확인,구현 완료·정식 Runtime 재확인,QA 재검수 대기,cpf-docs/evidence/development/DEVGPT-6D_09dd686/TEST_AND_EVIDENCE.md,Codex 독립검수 후 Java25·외부 환경 재실행
CPF-FR-003290,GWY-ROUTING,INTEGRATION_TEST,완료,대체검증 완료; Java25/실제 Runtime 미검증,구현 완료·정식 Runtime 재확인,QA 재검수 대기,cpf-docs/evidence/development/DEVGPT-6D_09dd686/TEST_AND_EVIDENCE.md,Java25 Gradle/외부 Provider/Process Kill Runtime 재실행
CPF-FR-003291,GWY-ROUTING,RUNTIME_TEST,완료,대체검증 완료; Java25/실제 Runtime 미검증,구현 완료·정식 Runtime 재확인,QA 재검수 대기,cpf-docs/evidence/development/DEVGPT-6D_09dd686/TEST_AND_EVIDENCE.md,Java25 Gradle/외부 Provider/Process Kill Runtime 재실행
CPF-FR-003292,GWY-ROUTING,FAULT_TEST,완료,대체검증 완료; Java25/실제 Runtime 미검증,구현 완료·정식 Runtime 재확인,QA 재검수 대기,cpf-docs/evidence/development/DEVGPT-6D_09dd686/TEST_AND_EVIDENCE.md,Java25 Gradle/외부 Provider/Process Kill Runtime 재실행
CPF-FR-003293,GWY-ROUTING,EVIDENCE,완료,대체검증 또는 정적 검증 완료; 정식 Runtime 재확인,구현 완료·정식 Runtime 재확인,QA 재검수 대기,cpf-docs/evidence/development/DEVGPT-6D_09dd686/TEST_AND_EVIDENCE.md,Codex 독립검수 후 Java25·외부 환경 재실행
CPF-FR-003294,GWY-ROUTING,HYGIENE,완료,대체검증 또는 정적 검증 완료; 정식 Runtime 재확인,구현 완료·정식 Runtime 재확인,QA 재검수 대기,cpf-docs/evidence/development/DEVGPT-6D_09dd686/TEST_AND_EVIDENCE.md,Codex 독립검수 후 Java25·외부 환경 재실행
CPF-FR-003295,GWY-TRUST,PURPOSE,완료,대체검증 또는 정적 검증 완료; 정식 Runtime 재확인,구현 완료·정식 Runtime 재확인,QA 재검수 대기,cpf-docs/evidence/development/DEVGPT-6D_09dd686/TEST_AND_EVIDENCE.md,Codex 독립검수 후 Java25·외부 환경 재실행
CPF-FR-003296,GWY-TRUST,OWNER,완료,대체검증 또는 정적 검증 완료; 정식 Runtime 재확인,구현 완료·정식 Runtime 재확인,QA 재검수 대기,cpf-docs/evidence/development/DEVGPT-6D_09dd686/TEST_AND_EVIDENCE.md,Codex 독립검수 후 Java25·외부 환경 재실행
CPF-FR-003297,GWY-TRUST,CONSUMER,완료,대체검증 또는 정적 검증 완료; 정식 Runtime 재확인,구현 완료·정식 Runtime 재확인,QA 재검수 대기,cpf-docs/evidence/development/DEVGPT-6D_09dd686/TEST_AND_EVIDENCE.md,Codex 독립검수 후 Java25·외부 환경 재실행
CPF-FR-003298,GWY-TRUST,PUBLIC_API,완료,대체검증 또는 정적 검증 완료; 정식 Runtime 재확인,구현 완료·정식 Runtime 재확인,QA 재검수 대기,cpf-docs/evidence/development/DEVGPT-6D_09dd686/TEST_AND_EVIDENCE.md,Codex 독립검수 후 Java25·외부 환경 재실행
CPF-FR-003299,GWY-TRUST,EXTENSION_SPI,완료,대체검증 또는 정적 검증 완료; 정식 Runtime 재확인,구현 완료·정식 Runtime 재확인,QA 재검수 대기,cpf-docs/evidence/development/DEVGPT-6D_09dd686/TEST_AND_EVIDENCE.md,Codex 독립검수 후 Java25·외부 환경 재실행
CPF-FR-003300,GWY-TRUST,INTERNAL_IMPL,완료,대체검증 또는 정적 검증 완료; 정식 Runtime 재확인,구현 완료·정식 Runtime 재확인,QA 재검수 대기,cpf-docs/evidence/development/DEVGPT-6D_09dd686/TEST_AND_EVIDENCE.md,Codex 독립검수 후 Java25·외부 환경 재실행
CPF-FR-003301,GWY-TRUST,INPUT,완료,대체검증 또는 정적 검증 완료; 정식 Runtime 재확인,구현 완료·정식 Runtime 재확인,QA 재검수 대기,cpf-docs/evidence/development/DEVGPT-6D_09dd686/TEST_AND_EVIDENCE.md,Codex 독립검수 후 Java25·외부 환경 재실행
CPF-FR-003302,GWY-TRUST,OUTPUT,완료,대체검증 또는 정적 검증 완료; 정식 Runtime 재확인,구현 완료·정식 Runtime 재확인,QA 재검수 대기,cpf-docs/evidence/development/DEVGPT-6D_09dd686/TEST_AND_EVIDENCE.md,Codex 독립검수 후 Java25·외부 환경 재실행
CPF-FR-003303,GWY-TRUST,CONFIG,완료,대체검증 또는 정적 검증 완료; 정식 Runtime 재확인,구현 완료·정식 Runtime 재확인,QA 재검수 대기,cpf-docs/evidence/development/DEVGPT-6D_09dd686/TEST_AND_EVIDENCE.md,Codex 독립검수 후 Java25·외부 환경 재실행
CPF-FR-003304,GWY-TRUST,VALIDATION,완료,대체검증 또는 정적 검증 완료; 정식 Runtime 재확인,구현 완료·정식 Runtime 재확인,QA 재검수 대기,cpf-docs/evidence/development/DEVGPT-6D_09dd686/TEST_AND_EVIDENCE.md,Codex 독립검수 후 Java25·외부 환경 재실행
CPF-FR-003305,GWY-TRUST,STATE,완료,대체검증 또는 정적 검증 완료; 정식 Runtime 재확인,구현 완료·정식 Runtime 재확인,QA 재검수 대기,cpf-docs/evidence/development/DEVGPT-6D_09dd686/TEST_AND_EVIDENCE.md,Codex 독립검수 후 Java25·외부 환경 재실행
CPF-FR-003306,GWY-TRUST,TRANSITION,완료,대체검증 또는 정적 검증 완료; 정식 Runtime 재확인,구현 완료·정식 Runtime 재확인,QA 재검수 대기,cpf-docs/evidence/development/DEVGPT-6D_09dd686/TEST_AND_EVIDENCE.md,Codex 독립검수 후 Java25·외부 환경 재실행
CPF-FR-003307,GWY-TRUST,COMMAND,완료,대체검증 또는 정적 검증 완료; 정식 Runtime 재확인,구현 완료·정식 Runtime 재확인,QA 재검수 대기,cpf-docs/evidence/development/DEVGPT-6D_09dd686/TEST_AND_EVIDENCE.md,Codex 독립검수 후 Java25·외부 환경 재실행
CPF-FR-003308,GWY-TRUST,QUERY,완료,대체검증 또는 정적 검증 완료; 정식 Runtime 재확인,구현 완료·정식 Runtime 재확인,QA 재검수 대기,cpf-docs/evidence/development/DEVGPT-6D_09dd686/TEST_AND_EVIDENCE.md,Codex 독립검수 후 Java25·외부 환경 재실행
CPF-FR-003309,GWY-TRUST,IDEMPOTENCY,완료,대체검증 또는 정적 검증 완료; 정식 Runtime 재확인,구현 완료·정식 Runtime 재확인,QA 재검수 대기,cpf-docs/evidence/development/DEVGPT-6D_09dd686/TEST_AND_EVIDENCE.md,Codex 독립검수 후 Java25·외부 환경 재실행
CPF-FR-003310,GWY-TRUST,CONCURRENCY,완료,대체검증 또는 정적 검증 완료; 정식 Runtime 재확인,구현 완료·정식 Runtime 재확인,QA 재검수 대기,cpf-docs/evidence/development/DEVGPT-6D_09dd686/TEST_AND_EVIDENCE.md,Codex 독립검수 후 Java25·외부 환경 재실행
CPF-FR-003311,GWY-TRUST,DEADLINE,완료,대체검증 또는 정적 검증 완료; 정식 Runtime 재확인,구현 완료·정식 Runtime 재확인,QA 재검수 대기,cpf-docs/evidence/development/DEVGPT-6D_09dd686/TEST_AND_EVIDENCE.md,Codex 독립검수 후 Java25·외부 환경 재실행
CPF-FR-003312,GWY-TRUST,RETRY,완료,대체검증 또는 정적 검증 완료; 정식 Runtime 재확인,구현 완료·정식 Runtime 재확인,QA 재검수 대기,cpf-docs/evidence/development/DEVGPT-6D_09dd686/TEST_AND_EVIDENCE.md,Codex 독립검수 후 Java25·외부 환경 재실행
CPF-FR-003313,GWY-TRUST,CIRCUIT,완료,대체검증 또는 정적 검증 완료; 정식 Runtime 재확인,구현 완료·정식 Runtime 재확인,QA 재검수 대기,cpf-docs/evidence/development/DEVGPT-6D_09dd686/TEST_AND_EVIDENCE.md,Codex 독립검수 후 Java25·외부 환경 재실행
CPF-FR-003314,GWY-TRUST,UNKNOWN,완료,대체검증 또는 정적 검증 완료; 정식 Runtime 재확인,구현 완료·정식 Runtime 재확인,QA 재검수 대기,cpf-docs/evidence/development/DEVGPT-6D_09dd686/TEST_AND_EVIDENCE.md,Codex 독립검수 후 Java25·외부 환경 재실행
CPF-FR-003315,GWY-TRUST,RECONCILE,완료,대체검증 또는 정적 검증 완료; 정식 Runtime 재확인,구현 완료·정식 Runtime 재확인,QA 재검수 대기,cpf-docs/evidence/development/DEVGPT-6D_09dd686/TEST_AND_EVIDENCE.md,Codex 독립검수 후 Java25·외부 환경 재실행
CPF-FR-003316,GWY-TRUST,RECOVERY,완료,대체검증 또는 정적 검증 완료; 정식 Runtime 재확인,구현 완료·정식 Runtime 재확인,QA 재검수 대기,cpf-docs/evidence/development/DEVGPT-6D_09dd686/TEST_AND_EVIDENCE.md,Codex 독립검수 후 Java25·외부 환경 재실행
CPF-FR-003317,GWY-TRUST,COMPENSATION,완료,대체검증 또는 정적 검증 완료; 정식 Runtime 재확인,구현 완료·정식 Runtime 재확인,QA 재검수 대기,cpf-docs/evidence/development/DEVGPT-6D_09dd686/TEST_AND_EVIDENCE.md,Codex 독립검수 후 Java25·외부 환경 재실행
CPF-FR-003318,GWY-TRUST,ROLLBACK,완료,대체검증 또는 정적 검증 완료; 정식 Runtime 재확인,구현 완료·정식 Runtime 재확인,QA 재검수 대기,cpf-docs/evidence/development/DEVGPT-6D_09dd686/TEST_AND_EVIDENCE.md,Codex 독립검수 후 Java25·외부 환경 재실행
CPF-FR-003319,GWY-TRUST,MULTI_INSTANCE,완료,대체검증 또는 정적 검증 완료; 정식 Runtime 재확인,구현 완료·정식 Runtime 재확인,QA 재검수 대기,cpf-docs/evidence/development/DEVGPT-6D_09dd686/TEST_AND_EVIDENCE.md,Codex 독립검수 후 Java25·외부 환경 재실행
CPF-FR-003320,GWY-TRUST,LOCAL_REMOTE,완료,대체검증 또는 정적 검증 완료; 정식 Runtime 재확인,구현 완료·정식 Runtime 재확인,QA 재검수 대기,cpf-docs/evidence/development/DEVGPT-6D_09dd686/TEST_AND_EVIDENCE.md,Codex 독립검수 후 Java25·외부 환경 재실행
CPF-FR-003321,GWY-TRUST,MIXED_VERSION,완료,대체검증 또는 정적 검증 완료; 정식 Runtime 재확인,구현 완료·정식 Runtime 재확인,QA 재검수 대기,cpf-docs/evidence/development/DEVGPT-6D_09dd686/TEST_AND_EVIDENCE.md,Codex 독립검수 후 Java25·외부 환경 재실행
CPF-FR-003322,GWY-TRUST,AUTHN,완료,대체검증 또는 정적 검증 완료; 정식 Runtime 재확인,구현 완료·정식 Runtime 재확인,QA 재검수 대기,cpf-docs/evidence/development/DEVGPT-6D_09dd686/TEST_AND_EVIDENCE.md,Codex 독립검수 후 Java25·외부 환경 재실행
CPF-FR-003323,GWY-TRUST,AUTHZ,완료,대체검증 또는 정적 검증 완료; 정식 Runtime 재확인,구현 완료·정식 Runtime 재확인,QA 재검수 대기,cpf-docs/evidence/development/DEVGPT-6D_09dd686/TEST_AND_EVIDENCE.md,Codex 독립검수 후 Java25·외부 환경 재실행
CPF-FR-003324,GWY-TRUST,DATA_SCOPE,완료,대체검증 또는 정적 검증 완료; 정식 Runtime 재확인,구현 완료·정식 Runtime 재확인,QA 재검수 대기,cpf-docs/evidence/development/DEVGPT-6D_09dd686/TEST_AND_EVIDENCE.md,Codex 독립검수 후 Java25·외부 환경 재실행
CPF-FR-003325,GWY-TRUST,MASKING,완료,대체검증 또는 정적 검증 완료; 정식 Runtime 재확인,구현 완료·정식 Runtime 재확인,QA 재검수 대기,cpf-docs/evidence/development/DEVGPT-6D_09dd686/TEST_AND_EVIDENCE.md,Codex 독립검수 후 Java25·외부 환경 재실행
CPF-FR-003326,GWY-TRUST,REASON,완료,대체검증 또는 정적 검증 완료; 정식 Runtime 재확인,구현 완료·정식 Runtime 재확인,QA 재검수 대기,cpf-docs/evidence/development/DEVGPT-6D_09dd686/TEST_AND_EVIDENCE.md,Codex 독립검수 후 Java25·외부 환경 재실행
CPF-FR-003327,GWY-TRUST,APPROVAL,완료,대체검증 또는 정적 검증 완료; 정식 Runtime 재확인,구현 완료·정식 Runtime 재확인,QA 재검수 대기,cpf-docs/evidence/development/DEVGPT-6D_09dd686/TEST_AND_EVIDENCE.md,Codex 독립검수 후 Java25·외부 환경 재실행
CPF-FR-003328,GWY-TRUST,AUDIT,완료,대체검증 또는 정적 검증 완료; 정식 Runtime 재확인,구현 완료·정식 Runtime 재확인,QA 재검수 대기,cpf-docs/evidence/development/DEVGPT-6D_09dd686/TEST_AND_EVIDENCE.md,Codex 독립검수 후 Java25·외부 환경 재실행
CPF-FR-003329,GWY-TRUST,LOG,완료,대체검증 또는 정적 검증 완료; 정식 Runtime 재확인,구현 완료·정식 Runtime 재확인,QA 재검수 대기,cpf-docs/evidence/development/DEVGPT-6D_09dd686/TEST_AND_EVIDENCE.md,Codex 독립검수 후 Java25·외부 환경 재실행
CPF-FR-003330,GWY-TRUST,METRIC,완료,대체검증 또는 정적 검증 완료; 정식 Runtime 재확인,구현 완료·정식 Runtime 재확인,QA 재검수 대기,cpf-docs/evidence/development/DEVGPT-6D_09dd686/TEST_AND_EVIDENCE.md,Codex 독립검수 후 Java25·외부 환경 재실행
CPF-FR-003331,GWY-TRUST,TRACE,완료,대체검증 또는 정적 검증 완료; 정식 Runtime 재확인,구현 완료·정식 Runtime 재확인,QA 재검수 대기,cpf-docs/evidence/development/DEVGPT-6D_09dd686/TEST_AND_EVIDENCE.md,Codex 독립검수 후 Java25·외부 환경 재실행
CPF-FR-003332,GWY-TRUST,HEALTH,완료,대체검증 또는 정적 검증 완료; 정식 Runtime 재확인,구현 완료·정식 Runtime 재확인,QA 재검수 대기,cpf-docs/evidence/development/DEVGPT-6D_09dd686/TEST_AND_EVIDENCE.md,Codex 독립검수 후 Java25·외부 환경 재실행
CPF-FR-003333,GWY-TRUST,ALERT_RUNBOOK,완료,대체검증 또는 정적 검증 완료; 정식 Runtime 재확인,구현 완료·정식 Runtime 재확인,QA 재검수 대기,cpf-docs/evidence/development/DEVGPT-6D_09dd686/TEST_AND_EVIDENCE.md,Codex 독립검수 후 Java25·외부 환경 재실행
CPF-FR-003334,GWY-TRUST,RESOURCE,완료,대체검증 또는 정적 검증 완료; 정식 Runtime 재확인,구현 완료·정식 Runtime 재확인,QA 재검수 대기,cpf-docs/evidence/development/DEVGPT-6D_09dd686/TEST_AND_EVIDENCE.md,Codex 독립검수 후 Java25·외부 환경 재실행
CPF-FR-003335,GWY-TRUST,DB_OWNER,미완료,미검증,교차 세션 변경 대기,QA 재검수 대기,cpf-docs/evidence/development/DEVGPT-6D_09dd686/TEST_AND_EVIDENCE.md,DEVGPT-6E 산출물 적용 후 정식 통합 재검증
CPF-FR-003336,GWY-TRUST,DB_SCHEMA,미완료,미검증,교차 세션 변경 대기,QA 재검수 대기,cpf-docs/evidence/development/DEVGPT-6D_09dd686/TEST_AND_EVIDENCE.md,DEVGPT-6E 산출물 적용 후 정식 통합 재검증
CPF-FR-003337,GWY-TRUST,DB_QUERY,미완료,미검증,교차 세션 변경 대기,QA 재검수 대기,cpf-docs/evidence/development/DEVGPT-6D_09dd686/TEST_AND_EVIDENCE.md,DEVGPT-6E 산출물 적용 후 정식 통합 재검증
CPF-FR-003338,GWY-TRUST,DB_MIGRATION,미완료,미검증,교차 세션 변경 대기,QA 재검수 대기,cpf-docs/evidence/development/DEVGPT-6D_09dd686/TEST_AND_EVIDENCE.md,DEVGPT-6E 산출물 적용 후 정식 통합 재검증
CPF-FR-003339,GWY-TRUST,DB_ROLLBACK,미완료,미검증,교차 세션 변경 대기,QA 재검수 대기,cpf-docs/evidence/development/DEVGPT-6D_09dd686/TEST_AND_EVIDENCE.md,DEVGPT-6E 산출물 적용 후 정식 통합 재검증
CPF-FR-003340,GWY-TRUST,DB_VENDOR,미완료,미검증,교차 세션 변경 대기,QA 재검수 대기,cpf-docs/evidence/development/DEVGPT-6D_09dd686/TEST_AND_EVIDENCE.md,DEVGPT-6E 산출물 적용 후 정식 통합 재검증
CPF-FR-003341,GWY-TRUST,API_OPENAPI,미완료,미검증,교차 세션 변경 대기,QA 재검수 대기,cpf-docs/evidence/development/DEVGPT-6D_09dd686/TEST_AND_EVIDENCE.md,DEVGPT-6A 산출물 적용 후 정식 통합 재검증
CPF-FR-003342,GWY-TRUST,FRONTEND,미완료,미검증,교차 세션 변경 대기,QA 재검수 대기,cpf-docs/evidence/development/DEVGPT-6D_09dd686/TEST_AND_EVIDENCE.md,DEVGPT-6A 산출물 적용 후 정식 통합 재검증
CPF-FR-003343,GWY-TRUST,ADM_UI,미완료,미검증,교차 세션 변경 대기,QA 재검수 대기,cpf-docs/evidence/development/DEVGPT-6D_09dd686/TEST_AND_EVIDENCE.md,DEVGPT-6A 산출물 적용 후 정식 통합 재검증
CPF-FR-003344,GWY-TRUST,BZA_UI,미완료,미검증,교차 세션 변경 대기,QA 재검수 대기,cpf-docs/evidence/development/DEVGPT-6D_09dd686/TEST_AND_EVIDENCE.md,DEVGPT-6A 산출물 적용 후 정식 통합 재검증
CPF-FR-003345,GWY-TRUST,GENERATOR,미완료,미검증,교차 세션 변경 대기,QA 재검수 대기,cpf-docs/evidence/development/DEVGPT-6D_09dd686/TEST_AND_EVIDENCE.md,DEVGPT-6F 산출물 적용 후 정식 통합 재검증
CPF-FR-003346,GWY-TRUST,SAMPLE_EDU,완료,대체검증 또는 정적 검증 완료; 정식 Runtime 재확인,구현 완료·정식 Runtime 재확인,QA 재검수 대기,cpf-docs/evidence/development/DEVGPT-6D_09dd686/TEST_AND_EVIDENCE.md,Codex 독립검수 후 Java25·외부 환경 재실행
CPF-FR-003347,GWY-TRUST,JAVADOC,완료,대체검증 또는 정적 검증 완료; 정식 Runtime 재확인,구현 완료·정식 Runtime 재확인,QA 재검수 대기,cpf-docs/evidence/development/DEVGPT-6D_09dd686/TEST_AND_EVIDENCE.md,Codex 독립검수 후 Java25·외부 환경 재실행
CPF-FR-003348,GWY-TRUST,GUIDE,완료,대체검증 또는 정적 검증 완료; 정식 Runtime 재확인,구현 완료·정식 Runtime 재확인,QA 재검수 대기,cpf-docs/evidence/development/DEVGPT-6D_09dd686/TEST_AND_EVIDENCE.md,Codex 독립검수 후 Java25·외부 환경 재실행
CPF-FR-003349,GWY-TRUST,UNIT_TEST,완료,대체검증 또는 정적 검증 완료; 정식 Runtime 재확인,구현 완료·정식 Runtime 재확인,QA 재검수 대기,cpf-docs/evidence/development/DEVGPT-6D_09dd686/TEST_AND_EVIDENCE.md,Codex 독립검수 후 Java25·외부 환경 재실행
CPF-FR-003350,GWY-TRUST,CONTRACT_TEST,완료,대체검증 또는 정적 검증 완료; 정식 Runtime 재확인,구현 완료·정식 Runtime 재확인,QA 재검수 대기,cpf-docs/evidence/development/DEVGPT-6D_09dd686/TEST_AND_EVIDENCE.md,Codex 독립검수 후 Java25·외부 환경 재실행
CPF-FR-003351,GWY-TRUST,INTEGRATION_TEST,완료,대체검증 완료; Java25/실제 Runtime 미검증,구현 완료·정식 Runtime 재확인,QA 재검수 대기,cpf-docs/evidence/development/DEVGPT-6D_09dd686/TEST_AND_EVIDENCE.md,Java25 Gradle/외부 Provider/Process Kill Runtime 재실행
CPF-FR-003352,GWY-TRUST,RUNTIME_TEST,완료,대체검증 완료; Java25/실제 Runtime 미검증,구현 완료·정식 Runtime 재확인,QA 재검수 대기,cpf-docs/evidence/development/DEVGPT-6D_09dd686/TEST_AND_EVIDENCE.md,Java25 Gradle/외부 Provider/Process Kill Runtime 재실행
CPF-FR-003353,GWY-TRUST,FAULT_TEST,완료,대체검증 완료; Java25/실제 Runtime 미검증,구현 완료·정식 Runtime 재확인,QA 재검수 대기,cpf-docs/evidence/development/DEVGPT-6D_09dd686/TEST_AND_EVIDENCE.md,Java25 Gradle/외부 Provider/Process Kill Runtime 재실행
CPF-FR-003354,GWY-TRUST,EVIDENCE,완료,대체검증 또는 정적 검증 완료; 정식 Runtime 재확인,구현 완료·정식 Runtime 재확인,QA 재검수 대기,cpf-docs/evidence/development/DEVGPT-6D_09dd686/TEST_AND_EVIDENCE.md,Codex 독립검수 후 Java25·외부 환경 재실행
CPF-FR-003355,GWY-TRUST,HYGIENE,완료,대체검증 또는 정적 검증 완료; 정식 Runtime 재확인,구현 완료·정식 Runtime 재확인,QA 재검수 대기,cpf-docs/evidence/development/DEVGPT-6D_09dd686/TEST_AND_EVIDENCE.md,Codex 독립검수 후 Java25·외부 환경 재실행
CPF-FR-003356,GWY-RESILIENCE,PURPOSE,완료,대체검증 또는 정적 검증 완료; 정식 Runtime 재확인,구현 완료·정식 Runtime 재확인,QA 재검수 대기,cpf-docs/evidence/development/DEVGPT-6D_09dd686/TEST_AND_EVIDENCE.md,Codex 독립검수 후 Java25·외부 환경 재실행
CPF-FR-003357,GWY-RESILIENCE,OWNER,완료,대체검증 또는 정적 검증 완료; 정식 Runtime 재확인,구현 완료·정식 Runtime 재확인,QA 재검수 대기,cpf-docs/evidence/development/DEVGPT-6D_09dd686/TEST_AND_EVIDENCE.md,Codex 독립검수 후 Java25·외부 환경 재실행
CPF-FR-003358,GWY-RESILIENCE,CONSUMER,완료,대체검증 또는 정적 검증 완료; 정식 Runtime 재확인,구현 완료·정식 Runtime 재확인,QA 재검수 대기,cpf-docs/evidence/development/DEVGPT-6D_09dd686/TEST_AND_EVIDENCE.md,Codex 독립검수 후 Java25·외부 환경 재실행
CPF-FR-003359,GWY-RESILIENCE,PUBLIC_API,완료,대체검증 또는 정적 검증 완료; 정식 Runtime 재확인,구현 완료·정식 Runtime 재확인,QA 재검수 대기,cpf-docs/evidence/development/DEVGPT-6D_09dd686/TEST_AND_EVIDENCE.md,Codex 독립검수 후 Java25·외부 환경 재실행
CPF-FR-003360,GWY-RESILIENCE,EXTENSION_SPI,완료,대체검증 또는 정적 검증 완료; 정식 Runtime 재확인,구현 완료·정식 Runtime 재확인,QA 재검수 대기,cpf-docs/evidence/development/DEVGPT-6D_09dd686/TEST_AND_EVIDENCE.md,Codex 독립검수 후 Java25·외부 환경 재실행
CPF-FR-003361,GWY-RESILIENCE,INTERNAL_IMPL,완료,대체검증 또는 정적 검증 완료; 정식 Runtime 재확인,구현 완료·정식 Runtime 재확인,QA 재검수 대기,cpf-docs/evidence/development/DEVGPT-6D_09dd686/TEST_AND_EVIDENCE.md,Codex 독립검수 후 Java25·외부 환경 재실행
CPF-FR-003362,GWY-RESILIENCE,INPUT,완료,대체검증 또는 정적 검증 완료; 정식 Runtime 재확인,구현 완료·정식 Runtime 재확인,QA 재검수 대기,cpf-docs/evidence/development/DEVGPT-6D_09dd686/TEST_AND_EVIDENCE.md,Codex 독립검수 후 Java25·외부 환경 재실행
CPF-FR-003363,GWY-RESILIENCE,OUTPUT,완료,대체검증 또는 정적 검증 완료; 정식 Runtime 재확인,구현 완료·정식 Runtime 재확인,QA 재검수 대기,cpf-docs/evidence/development/DEVGPT-6D_09dd686/TEST_AND_EVIDENCE.md,Codex 독립검수 후 Java25·외부 환경 재실행
CPF-FR-003364,GWY-RESILIENCE,CONFIG,완료,대체검증 또는 정적 검증 완료; 정식 Runtime 재확인,구현 완료·정식 Runtime 재확인,QA 재검수 대기,cpf-docs/evidence/development/DEVGPT-6D_09dd686/TEST_AND_EVIDENCE.md,Codex 독립검수 후 Java25·외부 환경 재실행
CPF-FR-003365,GWY-RESILIENCE,VALIDATION,완료,대체검증 또는 정적 검증 완료; 정식 Runtime 재확인,구현 완료·정식 Runtime 재확인,QA 재검수 대기,cpf-docs/evidence/development/DEVGPT-6D_09dd686/TEST_AND_EVIDENCE.md,Codex 독립검수 후 Java25·외부 환경 재실행
CPF-FR-003366,GWY-RESILIENCE,STATE,완료,대체검증 또는 정적 검증 완료; 정식 Runtime 재확인,구현 완료·정식 Runtime 재확인,QA 재검수 대기,cpf-docs/evidence/development/DEVGPT-6D_09dd686/TEST_AND_EVIDENCE.md,Codex 독립검수 후 Java25·외부 환경 재실행
CPF-FR-003367,GWY-RESILIENCE,TRANSITION,완료,대체검증 또는 정적 검증 완료; 정식 Runtime 재확인,구현 완료·정식 Runtime 재확인,QA 재검수 대기,cpf-docs/evidence/development/DEVGPT-6D_09dd686/TEST_AND_EVIDENCE.md,Codex 독립검수 후 Java25·외부 환경 재실행
CPF-FR-003368,GWY-RESILIENCE,COMMAND,완료,대체검증 또는 정적 검증 완료; 정식 Runtime 재확인,구현 완료·정식 Runtime 재확인,QA 재검수 대기,cpf-docs/evidence/development/DEVGPT-6D_09dd686/TEST_AND_EVIDENCE.md,Codex 독립검수 후 Java25·외부 환경 재실행
CPF-FR-003369,GWY-RESILIENCE,QUERY,완료,대체검증 또는 정적 검증 완료; 정식 Runtime 재확인,구현 완료·정식 Runtime 재확인,QA 재검수 대기,cpf-docs/evidence/development/DEVGPT-6D_09dd686/TEST_AND_EVIDENCE.md,Codex 독립검수 후 Java25·외부 환경 재실행
CPF-FR-003370,GWY-RESILIENCE,IDEMPOTENCY,완료,대체검증 또는 정적 검증 완료; 정식 Runtime 재확인,구현 완료·정식 Runtime 재확인,QA 재검수 대기,cpf-docs/evidence/development/DEVGPT-6D_09dd686/TEST_AND_EVIDENCE.md,Codex 독립검수 후 Java25·외부 환경 재실행
CPF-FR-003371,GWY-RESILIENCE,CONCURRENCY,완료,대체검증 또는 정적 검증 완료; 정식 Runtime 재확인,구현 완료·정식 Runtime 재확인,QA 재검수 대기,cpf-docs/evidence/development/DEVGPT-6D_09dd686/TEST_AND_EVIDENCE.md,Codex 독립검수 후 Java25·외부 환경 재실행
CPF-FR-003372,GWY-RESILIENCE,DEADLINE,완료,대체검증 또는 정적 검증 완료; 정식 Runtime 재확인,구현 완료·정식 Runtime 재확인,QA 재검수 대기,cpf-docs/evidence/development/DEVGPT-6D_09dd686/TEST_AND_EVIDENCE.md,Codex 독립검수 후 Java25·외부 환경 재실행
CPF-FR-003373,GWY-RESILIENCE,RETRY,완료,대체검증 또는 정적 검증 완료; 정식 Runtime 재확인,구현 완료·정식 Runtime 재확인,QA 재검수 대기,cpf-docs/evidence/development/DEVGPT-6D_09dd686/TEST_AND_EVIDENCE.md,Codex 독립검수 후 Java25·외부 환경 재실행
CPF-FR-003374,GWY-RESILIENCE,CIRCUIT,완료,대체검증 또는 정적 검증 완료; 정식 Runtime 재확인,구현 완료·정식 Runtime 재확인,QA 재검수 대기,cpf-docs/evidence/development/DEVGPT-6D_09dd686/TEST_AND_EVIDENCE.md,Codex 독립검수 후 Java25·외부 환경 재실행
CPF-FR-003375,GWY-RESILIENCE,UNKNOWN,완료,대체검증 또는 정적 검증 완료; 정식 Runtime 재확인,구현 완료·정식 Runtime 재확인,QA 재검수 대기,cpf-docs/evidence/development/DEVGPT-6D_09dd686/TEST_AND_EVIDENCE.md,Codex 독립검수 후 Java25·외부 환경 재실행
CPF-FR-003376,GWY-RESILIENCE,RECONCILE,완료,대체검증 또는 정적 검증 완료; 정식 Runtime 재확인,구현 완료·정식 Runtime 재확인,QA 재검수 대기,cpf-docs/evidence/development/DEVGPT-6D_09dd686/TEST_AND_EVIDENCE.md,Codex 독립검수 후 Java25·외부 환경 재실행
CPF-FR-003377,GWY-RESILIENCE,RECOVERY,완료,대체검증 또는 정적 검증 완료; 정식 Runtime 재확인,구현 완료·정식 Runtime 재확인,QA 재검수 대기,cpf-docs/evidence/development/DEVGPT-6D_09dd686/TEST_AND_EVIDENCE.md,Codex 독립검수 후 Java25·외부 환경 재실행
CPF-FR-003378,GWY-RESILIENCE,COMPENSATION,완료,대체검증 또는 정적 검증 완료; 정식 Runtime 재확인,구현 완료·정식 Runtime 재확인,QA 재검수 대기,cpf-docs/evidence/development/DEVGPT-6D_09dd686/TEST_AND_EVIDENCE.md,Codex 독립검수 후 Java25·외부 환경 재실행
CPF-FR-003379,GWY-RESILIENCE,ROLLBACK,완료,대체검증 또는 정적 검증 완료; 정식 Runtime 재확인,구현 완료·정식 Runtime 재확인,QA 재검수 대기,cpf-docs/evidence/development/DEVGPT-6D_09dd686/TEST_AND_EVIDENCE.md,Codex 독립검수 후 Java25·외부 환경 재실행
CPF-FR-003380,GWY-RESILIENCE,MULTI_INSTANCE,완료,대체검증 또는 정적 검증 완료; 정식 Runtime 재확인,구현 완료·정식 Runtime 재확인,QA 재검수 대기,cpf-docs/evidence/development/DEVGPT-6D_09dd686/TEST_AND_EVIDENCE.md,Codex 독립검수 후 Java25·외부 환경 재실행
CPF-FR-003381,GWY-RESILIENCE,LOCAL_REMOTE,완료,대체검증 또는 정적 검증 완료; 정식 Runtime 재확인,구현 완료·정식 Runtime 재확인,QA 재검수 대기,cpf-docs/evidence/development/DEVGPT-6D_09dd686/TEST_AND_EVIDENCE.md,Codex 독립검수 후 Java25·외부 환경 재실행
CPF-FR-003382,GWY-RESILIENCE,MIXED_VERSION,완료,대체검증 또는 정적 검증 완료; 정식 Runtime 재확인,구현 완료·정식 Runtime 재확인,QA 재검수 대기,cpf-docs/evidence/development/DEVGPT-6D_09dd686/TEST_AND_EVIDENCE.md,Codex 독립검수 후 Java25·외부 환경 재실행
CPF-FR-003383,GWY-RESILIENCE,AUTHN,완료,대체검증 또는 정적 검증 완료; 정식 Runtime 재확인,구현 완료·정식 Runtime 재확인,QA 재검수 대기,cpf-docs/evidence/development/DEVGPT-6D_09dd686/TEST_AND_EVIDENCE.md,Codex 독립검수 후 Java25·외부 환경 재실행
CPF-FR-003384,GWY-RESILIENCE,AUTHZ,완료,대체검증 또는 정적 검증 완료; 정식 Runtime 재확인,구현 완료·정식 Runtime 재확인,QA 재검수 대기,cpf-docs/evidence/development/DEVGPT-6D_09dd686/TEST_AND_EVIDENCE.md,Codex 독립검수 후 Java25·외부 환경 재실행
CPF-FR-003385,GWY-RESILIENCE,DATA_SCOPE,완료,대체검증 또는 정적 검증 완료; 정식 Runtime 재확인,구현 완료·정식 Runtime 재확인,QA 재검수 대기,cpf-docs/evidence/development/DEVGPT-6D_09dd686/TEST_AND_EVIDENCE.md,Codex 독립검수 후 Java25·외부 환경 재실행
CPF-FR-003386,GWY-RESILIENCE,MASKING,완료,대체검증 또는 정적 검증 완료; 정식 Runtime 재확인,구현 완료·정식 Runtime 재확인,QA 재검수 대기,cpf-docs/evidence/development/DEVGPT-6D_09dd686/TEST_AND_EVIDENCE.md,Codex 독립검수 후 Java25·외부 환경 재실행
CPF-FR-003387,GWY-RESILIENCE,REASON,완료,대체검증 또는 정적 검증 완료; 정식 Runtime 재확인,구현 완료·정식 Runtime 재확인,QA 재검수 대기,cpf-docs/evidence/development/DEVGPT-6D_09dd686/TEST_AND_EVIDENCE.md,Codex 독립검수 후 Java25·외부 환경 재실행
CPF-FR-003388,GWY-RESILIENCE,APPROVAL,완료,대체검증 또는 정적 검증 완료; 정식 Runtime 재확인,구현 완료·정식 Runtime 재확인,QA 재검수 대기,cpf-docs/evidence/development/DEVGPT-6D_09dd686/TEST_AND_EVIDENCE.md,Codex 독립검수 후 Java25·외부 환경 재실행
CPF-FR-003389,GWY-RESILIENCE,AUDIT,완료,대체검증 또는 정적 검증 완료; 정식 Runtime 재확인,구현 완료·정식 Runtime 재확인,QA 재검수 대기,cpf-docs/evidence/development/DEVGPT-6D_09dd686/TEST_AND_EVIDENCE.md,Codex 독립검수 후 Java25·외부 환경 재실행
CPF-FR-003390,GWY-RESILIENCE,LOG,완료,대체검증 또는 정적 검증 완료; 정식 Runtime 재확인,구현 완료·정식 Runtime 재확인,QA 재검수 대기,cpf-docs/evidence/development/DEVGPT-6D_09dd686/TEST_AND_EVIDENCE.md,Codex 독립검수 후 Java25·외부 환경 재실행
CPF-FR-003391,GWY-RESILIENCE,METRIC,완료,대체검증 또는 정적 검증 완료; 정식 Runtime 재확인,구현 완료·정식 Runtime 재확인,QA 재검수 대기,cpf-docs/evidence/development/DEVGPT-6D_09dd686/TEST_AND_EVIDENCE.md,Codex 독립검수 후 Java25·외부 환경 재실행
CPF-FR-003392,GWY-RESILIENCE,TRACE,완료,대체검증 또는 정적 검증 완료; 정식 Runtime 재확인,구현 완료·정식 Runtime 재확인,QA 재검수 대기,cpf-docs/evidence/development/DEVGPT-6D_09dd686/TEST_AND_EVIDENCE.md,Codex 독립검수 후 Java25·외부 환경 재실행
CPF-FR-003393,GWY-RESILIENCE,HEALTH,완료,대체검증 또는 정적 검증 완료; 정식 Runtime 재확인,구현 완료·정식 Runtime 재확인,QA 재검수 대기,cpf-docs/evidence/development/DEVGPT-6D_09dd686/TEST_AND_EVIDENCE.md,Codex 독립검수 후 Java25·외부 환경 재실행
CPF-FR-003394,GWY-RESILIENCE,ALERT_RUNBOOK,완료,대체검증 또는 정적 검증 완료; 정식 Runtime 재확인,구현 완료·정식 Runtime 재확인,QA 재검수 대기,cpf-docs/evidence/development/DEVGPT-6D_09dd686/TEST_AND_EVIDENCE.md,Codex 독립검수 후 Java25·외부 환경 재실행
CPF-FR-003395,GWY-RESILIENCE,RESOURCE,완료,대체검증 또는 정적 검증 완료; 정식 Runtime 재확인,구현 완료·정식 Runtime 재확인,QA 재검수 대기,cpf-docs/evidence/development/DEVGPT-6D_09dd686/TEST_AND_EVIDENCE.md,Codex 독립검수 후 Java25·외부 환경 재실행
CPF-FR-003396,GWY-RESILIENCE,DB_OWNER,미완료,미검증,교차 세션 변경 대기,QA 재검수 대기,cpf-docs/evidence/development/DEVGPT-6D_09dd686/TEST_AND_EVIDENCE.md,DEVGPT-6E 산출물 적용 후 정식 통합 재검증
CPF-FR-003397,GWY-RESILIENCE,DB_SCHEMA,미완료,미검증,교차 세션 변경 대기,QA 재검수 대기,cpf-docs/evidence/development/DEVGPT-6D_09dd686/TEST_AND_EVIDENCE.md,DEVGPT-6E 산출물 적용 후 정식 통합 재검증
CPF-FR-003398,GWY-RESILIENCE,DB_QUERY,미완료,미검증,교차 세션 변경 대기,QA 재검수 대기,cpf-docs/evidence/development/DEVGPT-6D_09dd686/TEST_AND_EVIDENCE.md,DEVGPT-6E 산출물 적용 후 정식 통합 재검증
CPF-FR-003399,GWY-RESILIENCE,DB_MIGRATION,미완료,미검증,교차 세션 변경 대기,QA 재검수 대기,cpf-docs/evidence/development/DEVGPT-6D_09dd686/TEST_AND_EVIDENCE.md,DEVGPT-6E 산출물 적용 후 정식 통합 재검증
CPF-FR-003400,GWY-RESILIENCE,DB_ROLLBACK,미완료,미검증,교차 세션 변경 대기,QA 재검수 대기,cpf-docs/evidence/development/DEVGPT-6D_09dd686/TEST_AND_EVIDENCE.md,DEVGPT-6E 산출물 적용 후 정식 통합 재검증
CPF-FR-003401,GWY-RESILIENCE,DB_VENDOR,미완료,미검증,교차 세션 변경 대기,QA 재검수 대기,cpf-docs/evidence/development/DEVGPT-6D_09dd686/TEST_AND_EVIDENCE.md,DEVGPT-6E 산출물 적용 후 정식 통합 재검증
CPF-FR-003402,GWY-RESILIENCE,API_OPENAPI,미완료,미검증,교차 세션 변경 대기,QA 재검수 대기,cpf-docs/evidence/development/DEVGPT-6D_09dd686/TEST_AND_EVIDENCE.md,DEVGPT-6A 산출물 적용 후 정식 통합 재검증
CPF-FR-003403,GWY-RESILIENCE,FRONTEND,미완료,미검증,교차 세션 변경 대기,QA 재검수 대기,cpf-docs/evidence/development/DEVGPT-6D_09dd686/TEST_AND_EVIDENCE.md,DEVGPT-6A 산출물 적용 후 정식 통합 재검증
CPF-FR-003404,GWY-RESILIENCE,ADM_UI,미완료,미검증,교차 세션 변경 대기,QA 재검수 대기,cpf-docs/evidence/development/DEVGPT-6D_09dd686/TEST_AND_EVIDENCE.md,DEVGPT-6A 산출물 적용 후 정식 통합 재검증
CPF-FR-003405,GWY-RESILIENCE,BZA_UI,미완료,미검증,교차 세션 변경 대기,QA 재검수 대기,cpf-docs/evidence/development/DEVGPT-6D_09dd686/TEST_AND_EVIDENCE.md,DEVGPT-6A 산출물 적용 후 정식 통합 재검증
CPF-FR-003406,GWY-RESILIENCE,GENERATOR,미완료,미검증,교차 세션 변경 대기,QA 재검수 대기,cpf-docs/evidence/development/DEVGPT-6D_09dd686/TEST_AND_EVIDENCE.md,DEVGPT-6F 산출물 적용 후 정식 통합 재검증
CPF-FR-003407,GWY-RESILIENCE,SAMPLE_EDU,완료,대체검증 또는 정적 검증 완료; 정식 Runtime 재확인,구현 완료·정식 Runtime 재확인,QA 재검수 대기,cpf-docs/evidence/development/DEVGPT-6D_09dd686/TEST_AND_EVIDENCE.md,Codex 독립검수 후 Java25·외부 환경 재실행
CPF-FR-003408,GWY-RESILIENCE,JAVADOC,완료,대체검증 또는 정적 검증 완료; 정식 Runtime 재확인,구현 완료·정식 Runtime 재확인,QA 재검수 대기,cpf-docs/evidence/development/DEVGPT-6D_09dd686/TEST_AND_EVIDENCE.md,Codex 독립검수 후 Java25·외부 환경 재실행
CPF-FR-003409,GWY-RESILIENCE,GUIDE,완료,대체검증 또는 정적 검증 완료; 정식 Runtime 재확인,구현 완료·정식 Runtime 재확인,QA 재검수 대기,cpf-docs/evidence/development/DEVGPT-6D_09dd686/TEST_AND_EVIDENCE.md,Codex 독립검수 후 Java25·외부 환경 재실행
CPF-FR-003410,GWY-RESILIENCE,UNIT_TEST,완료,대체검증 또는 정적 검증 완료; 정식 Runtime 재확인,구현 완료·정식 Runtime 재확인,QA 재검수 대기,cpf-docs/evidence/development/DEVGPT-6D_09dd686/TEST_AND_EVIDENCE.md,Codex 독립검수 후 Java25·외부 환경 재실행
CPF-FR-003411,GWY-RESILIENCE,CONTRACT_TEST,완료,대체검증 또는 정적 검증 완료; 정식 Runtime 재확인,구현 완료·정식 Runtime 재확인,QA 재검수 대기,cpf-docs/evidence/development/DEVGPT-6D_09dd686/TEST_AND_EVIDENCE.md,Codex 독립검수 후 Java25·외부 환경 재실행
CPF-FR-003412,GWY-RESILIENCE,INTEGRATION_TEST,완료,대체검증 완료; Java25/실제 Runtime 미검증,구현 완료·정식 Runtime 재확인,QA 재검수 대기,cpf-docs/evidence/development/DEVGPT-6D_09dd686/TEST_AND_EVIDENCE.md,Java25 Gradle/외부 Provider/Process Kill Runtime 재실행
CPF-FR-003413,GWY-RESILIENCE,RUNTIME_TEST,완료,대체검증 완료; Java25/실제 Runtime 미검증,구현 완료·정식 Runtime 재확인,QA 재검수 대기,cpf-docs/evidence/development/DEVGPT-6D_09dd686/TEST_AND_EVIDENCE.md,Java25 Gradle/외부 Provider/Process Kill Runtime 재실행
CPF-FR-003414,GWY-RESILIENCE,FAULT_TEST,완료,대체검증 완료; Java25/실제 Runtime 미검증,구현 완료·정식 Runtime 재확인,QA 재검수 대기,cpf-docs/evidence/development/DEVGPT-6D_09dd686/TEST_AND_EVIDENCE.md,Java25 Gradle/외부 Provider/Process Kill Runtime 재실행
CPF-FR-003415,GWY-RESILIENCE,EVIDENCE,완료,대체검증 또는 정적 검증 완료; 정식 Runtime 재확인,구현 완료·정식 Runtime 재확인,QA 재검수 대기,cpf-docs/evidence/development/DEVGPT-6D_09dd686/TEST_AND_EVIDENCE.md,Codex 독립검수 후 Java25·외부 환경 재실행
CPF-FR-003416,GWY-RESILIENCE,HYGIENE,완료,대체검증 또는 정적 검증 완료; 정식 Runtime 재확인,구현 완료·정식 Runtime 재확인,QA 재검수 대기,cpf-docs/evidence/development/DEVGPT-6D_09dd686/TEST_AND_EVIDENCE.md,Codex 독립검수 후 Java25·외부 환경 재실행
CPF-FR-003417,API-LIMIT,PURPOSE,완료,대체검증 또는 정적 검증 완료; 정식 Runtime 재확인,구현 완료·정식 Runtime 재확인,QA 재검수 대기,cpf-docs/evidence/development/DEVGPT-6D_09dd686/TEST_AND_EVIDENCE.md,Codex 독립검수 후 Java25·외부 환경 재실행
CPF-FR-003418,API-LIMIT,OWNER,완료,대체검증 또는 정적 검증 완료; 정식 Runtime 재확인,구현 완료·정식 Runtime 재확인,QA 재검수 대기,cpf-docs/evidence/development/DEVGPT-6D_09dd686/TEST_AND_EVIDENCE.md,Codex 독립검수 후 Java25·외부 환경 재실행
CPF-FR-003419,API-LIMIT,CONSUMER,완료,대체검증 또는 정적 검증 완료; 정식 Runtime 재확인,구현 완료·정식 Runtime 재확인,QA 재검수 대기,cpf-docs/evidence/development/DEVGPT-6D_09dd686/TEST_AND_EVIDENCE.md,Codex 독립검수 후 Java25·외부 환경 재실행
CPF-FR-003420,API-LIMIT,PUBLIC_API,완료,대체검증 또는 정적 검증 완료; 정식 Runtime 재확인,구현 완료·정식 Runtime 재확인,QA 재검수 대기,cpf-docs/evidence/development/DEVGPT-6D_09dd686/TEST_AND_EVIDENCE.md,Codex 독립검수 후 Java25·외부 환경 재실행
CPF-FR-003421,API-LIMIT,EXTENSION_SPI,완료,대체검증 또는 정적 검증 완료; 정식 Runtime 재확인,구현 완료·정식 Runtime 재확인,QA 재검수 대기,cpf-docs/evidence/development/DEVGPT-6D_09dd686/TEST_AND_EVIDENCE.md,Codex 독립검수 후 Java25·외부 환경 재실행
CPF-FR-003422,API-LIMIT,INTERNAL_IMPL,완료,대체검증 또는 정적 검증 완료; 정식 Runtime 재확인,구현 완료·정식 Runtime 재확인,QA 재검수 대기,cpf-docs/evidence/development/DEVGPT-6D_09dd686/TEST_AND_EVIDENCE.md,Codex 독립검수 후 Java25·외부 환경 재실행
CPF-FR-003423,API-LIMIT,INPUT,완료,대체검증 또는 정적 검증 완료; 정식 Runtime 재확인,구현 완료·정식 Runtime 재확인,QA 재검수 대기,cpf-docs/evidence/development/DEVGPT-6D_09dd686/TEST_AND_EVIDENCE.md,Codex 독립검수 후 Java25·외부 환경 재실행
CPF-FR-003424,API-LIMIT,OUTPUT,완료,대체검증 또는 정적 검증 완료; 정식 Runtime 재확인,구현 완료·정식 Runtime 재확인,QA 재검수 대기,cpf-docs/evidence/development/DEVGPT-6D_09dd686/TEST_AND_EVIDENCE.md,Codex 독립검수 후 Java25·외부 환경 재실행
CPF-FR-003425,API-LIMIT,CONFIG,완료,대체검증 또는 정적 검증 완료; 정식 Runtime 재확인,구현 완료·정식 Runtime 재확인,QA 재검수 대기,cpf-docs/evidence/development/DEVGPT-6D_09dd686/TEST_AND_EVIDENCE.md,Codex 독립검수 후 Java25·외부 환경 재실행
CPF-FR-003426,API-LIMIT,VALIDATION,완료,대체검증 또는 정적 검증 완료; 정식 Runtime 재확인,구현 완료·정식 Runtime 재확인,QA 재검수 대기,cpf-docs/evidence/development/DEVGPT-6D_09dd686/TEST_AND_EVIDENCE.md,Codex 독립검수 후 Java25·외부 환경 재실행
CPF-FR-003427,API-LIMIT,STATE,완료,대체검증 또는 정적 검증 완료; 정식 Runtime 재확인,구현 완료·정식 Runtime 재확인,QA 재검수 대기,cpf-docs/evidence/development/DEVGPT-6D_09dd686/TEST_AND_EVIDENCE.md,Codex 독립검수 후 Java25·외부 환경 재실행
CPF-FR-003428,API-LIMIT,TRANSITION,완료,대체검증 또는 정적 검증 완료; 정식 Runtime 재확인,구현 완료·정식 Runtime 재확인,QA 재검수 대기,cpf-docs/evidence/development/DEVGPT-6D_09dd686/TEST_AND_EVIDENCE.md,Codex 독립검수 후 Java25·외부 환경 재실행
CPF-FR-003429,API-LIMIT,COMMAND,완료,대체검증 또는 정적 검증 완료; 정식 Runtime 재확인,구현 완료·정식 Runtime 재확인,QA 재검수 대기,cpf-docs/evidence/development/DEVGPT-6D_09dd686/TEST_AND_EVIDENCE.md,Codex 독립검수 후 Java25·외부 환경 재실행
CPF-FR-003430,API-LIMIT,QUERY,완료,대체검증 또는 정적 검증 완료; 정식 Runtime 재확인,구현 완료·정식 Runtime 재확인,QA 재검수 대기,cpf-docs/evidence/development/DEVGPT-6D_09dd686/TEST_AND_EVIDENCE.md,Codex 독립검수 후 Java25·외부 환경 재실행
CPF-FR-003431,API-LIMIT,IDEMPOTENCY,완료,대체검증 또는 정적 검증 완료; 정식 Runtime 재확인,구현 완료·정식 Runtime 재확인,QA 재검수 대기,cpf-docs/evidence/development/DEVGPT-6D_09dd686/TEST_AND_EVIDENCE.md,Codex 독립검수 후 Java25·외부 환경 재실행
CPF-FR-003432,API-LIMIT,CONCURRENCY,완료,대체검증 또는 정적 검증 완료; 정식 Runtime 재확인,구현 완료·정식 Runtime 재확인,QA 재검수 대기,cpf-docs/evidence/development/DEVGPT-6D_09dd686/TEST_AND_EVIDENCE.md,Codex 독립검수 후 Java25·외부 환경 재실행
CPF-FR-003433,API-LIMIT,DEADLINE,완료,대체검증 또는 정적 검증 완료; 정식 Runtime 재확인,구현 완료·정식 Runtime 재확인,QA 재검수 대기,cpf-docs/evidence/development/DEVGPT-6D_09dd686/TEST_AND_EVIDENCE.md,Codex 독립검수 후 Java25·외부 환경 재실행
CPF-FR-003434,API-LIMIT,RETRY,완료,대체검증 또는 정적 검증 완료; 정식 Runtime 재확인,구현 완료·정식 Runtime 재확인,QA 재검수 대기,cpf-docs/evidence/development/DEVGPT-6D_09dd686/TEST_AND_EVIDENCE.md,Codex 독립검수 후 Java25·외부 환경 재실행
CPF-FR-003435,API-LIMIT,CIRCUIT,완료,대체검증 또는 정적 검증 완료; 정식 Runtime 재확인,구현 완료·정식 Runtime 재확인,QA 재검수 대기,cpf-docs/evidence/development/DEVGPT-6D_09dd686/TEST_AND_EVIDENCE.md,Codex 독립검수 후 Java25·외부 환경 재실행
CPF-FR-003436,API-LIMIT,UNKNOWN,완료,대체검증 또는 정적 검증 완료; 정식 Runtime 재확인,구현 완료·정식 Runtime 재확인,QA 재검수 대기,cpf-docs/evidence/development/DEVGPT-6D_09dd686/TEST_AND_EVIDENCE.md,Codex 독립검수 후 Java25·외부 환경 재실행
CPF-FR-003437,API-LIMIT,RECONCILE,완료,대체검증 또는 정적 검증 완료; 정식 Runtime 재확인,구현 완료·정식 Runtime 재확인,QA 재검수 대기,cpf-docs/evidence/development/DEVGPT-6D_09dd686/TEST_AND_EVIDENCE.md,Codex 독립검수 후 Java25·외부 환경 재실행
CPF-FR-003438,API-LIMIT,RECOVERY,완료,대체검증 또는 정적 검증 완료; 정식 Runtime 재확인,구현 완료·정식 Runtime 재확인,QA 재검수 대기,cpf-docs/evidence/development/DEVGPT-6D_09dd686/TEST_AND_EVIDENCE.md,Codex 독립검수 후 Java25·외부 환경 재실행
CPF-FR-003439,API-LIMIT,COMPENSATION,완료,대체검증 또는 정적 검증 완료; 정식 Runtime 재확인,구현 완료·정식 Runtime 재확인,QA 재검수 대기,cpf-docs/evidence/development/DEVGPT-6D_09dd686/TEST_AND_EVIDENCE.md,Codex 독립검수 후 Java25·외부 환경 재실행
CPF-FR-003440,API-LIMIT,ROLLBACK,완료,대체검증 또는 정적 검증 완료; 정식 Runtime 재확인,구현 완료·정식 Runtime 재확인,QA 재검수 대기,cpf-docs/evidence/development/DEVGPT-6D_09dd686/TEST_AND_EVIDENCE.md,Codex 독립검수 후 Java25·외부 환경 재실행
CPF-FR-003441,API-LIMIT,MULTI_INSTANCE,완료,대체검증 또는 정적 검증 완료; 정식 Runtime 재확인,구현 완료·정식 Runtime 재확인,QA 재검수 대기,cpf-docs/evidence/development/DEVGPT-6D_09dd686/TEST_AND_EVIDENCE.md,Codex 독립검수 후 Java25·외부 환경 재실행
CPF-FR-003442,API-LIMIT,LOCAL_REMOTE,완료,대체검증 또는 정적 검증 완료; 정식 Runtime 재확인,구현 완료·정식 Runtime 재확인,QA 재검수 대기,cpf-docs/evidence/development/DEVGPT-6D_09dd686/TEST_AND_EVIDENCE.md,Codex 독립검수 후 Java25·외부 환경 재실행
CPF-FR-003443,API-LIMIT,MIXED_VERSION,완료,대체검증 또는 정적 검증 완료; 정식 Runtime 재확인,구현 완료·정식 Runtime 재확인,QA 재검수 대기,cpf-docs/evidence/development/DEVGPT-6D_09dd686/TEST_AND_EVIDENCE.md,Codex 독립검수 후 Java25·외부 환경 재실행
CPF-FR-003444,API-LIMIT,AUTHN,완료,대체검증 또는 정적 검증 완료; 정식 Runtime 재확인,구현 완료·정식 Runtime 재확인,QA 재검수 대기,cpf-docs/evidence/development/DEVGPT-6D_09dd686/TEST_AND_EVIDENCE.md,Codex 독립검수 후 Java25·외부 환경 재실행
CPF-FR-003445,API-LIMIT,AUTHZ,완료,대체검증 또는 정적 검증 완료; 정식 Runtime 재확인,구현 완료·정식 Runtime 재확인,QA 재검수 대기,cpf-docs/evidence/development/DEVGPT-6D_09dd686/TEST_AND_EVIDENCE.md,Codex 독립검수 후 Java25·외부 환경 재실행
CPF-FR-003446,API-LIMIT,DATA_SCOPE,완료,대체검증 또는 정적 검증 완료; 정식 Runtime 재확인,구현 완료·정식 Runtime 재확인,QA 재검수 대기,cpf-docs/evidence/development/DEVGPT-6D_09dd686/TEST_AND_EVIDENCE.md,Codex 독립검수 후 Java25·외부 환경 재실행
CPF-FR-003447,API-LIMIT,MASKING,완료,대체검증 또는 정적 검증 완료; 정식 Runtime 재확인,구현 완료·정식 Runtime 재확인,QA 재검수 대기,cpf-docs/evidence/development/DEVGPT-6D_09dd686/TEST_AND_EVIDENCE.md,Codex 독립검수 후 Java25·외부 환경 재실행
CPF-FR-003448,API-LIMIT,REASON,미완료,정적 계약 확인,교차 세션 변경 대기,QA 재검수 대기,cpf-docs/evidence/development/DEVGPT-6D_09dd686/TEST_AND_EVIDENCE.md,DEVGPT-6C 승인·사유·만료 Runtime Control 연결 후 재검증
CPF-FR-003449,API-LIMIT,APPROVAL,미완료,정적 계약 확인,교차 세션 변경 대기,QA 재검수 대기,cpf-docs/evidence/development/DEVGPT-6D_09dd686/TEST_AND_EVIDENCE.md,DEVGPT-6C 승인·사유·만료 Runtime Control 연결 후 재검증
CPF-FR-003450,API-LIMIT,AUDIT,완료,대체검증 또는 정적 검증 완료; 정식 Runtime 재확인,구현 완료·정식 Runtime 재확인,QA 재검수 대기,cpf-docs/evidence/development/DEVGPT-6D_09dd686/TEST_AND_EVIDENCE.md,Codex 독립검수 후 Java25·외부 환경 재실행
CPF-FR-003451,API-LIMIT,LOG,완료,대체검증 또는 정적 검증 완료; 정식 Runtime 재확인,구현 완료·정식 Runtime 재확인,QA 재검수 대기,cpf-docs/evidence/development/DEVGPT-6D_09dd686/TEST_AND_EVIDENCE.md,Codex 독립검수 후 Java25·외부 환경 재실행
CPF-FR-003452,API-LIMIT,METRIC,완료,대체검증 또는 정적 검증 완료; 정식 Runtime 재확인,구현 완료·정식 Runtime 재확인,QA 재검수 대기,cpf-docs/evidence/development/DEVGPT-6D_09dd686/TEST_AND_EVIDENCE.md,Codex 독립검수 후 Java25·외부 환경 재실행
CPF-FR-003453,API-LIMIT,TRACE,완료,대체검증 또는 정적 검증 완료; 정식 Runtime 재확인,구현 완료·정식 Runtime 재확인,QA 재검수 대기,cpf-docs/evidence/development/DEVGPT-6D_09dd686/TEST_AND_EVIDENCE.md,Codex 독립검수 후 Java25·외부 환경 재실행
CPF-FR-003454,API-LIMIT,HEALTH,완료,대체검증 또는 정적 검증 완료; 정식 Runtime 재확인,구현 완료·정식 Runtime 재확인,QA 재검수 대기,cpf-docs/evidence/development/DEVGPT-6D_09dd686/TEST_AND_EVIDENCE.md,Codex 독립검수 후 Java25·외부 환경 재실행
CPF-FR-003455,API-LIMIT,ALERT_RUNBOOK,완료,대체검증 또는 정적 검증 완료; 정식 Runtime 재확인,구현 완료·정식 Runtime 재확인,QA 재검수 대기,cpf-docs/evidence/development/DEVGPT-6D_09dd686/TEST_AND_EVIDENCE.md,Codex 독립검수 후 Java25·외부 환경 재실행
CPF-FR-003456,API-LIMIT,RESOURCE,완료,대체검증 또는 정적 검증 완료; 정식 Runtime 재확인,구현 완료·정식 Runtime 재확인,QA 재검수 대기,cpf-docs/evidence/development/DEVGPT-6D_09dd686/TEST_AND_EVIDENCE.md,Codex 독립검수 후 Java25·외부 환경 재실행
CPF-FR-003457,API-LIMIT,DB_OWNER,미완료,미검증,교차 세션 변경 대기,QA 재검수 대기,cpf-docs/evidence/development/DEVGPT-6D_09dd686/TEST_AND_EVIDENCE.md,DEVGPT-6E 산출물 적용 후 정식 통합 재검증
CPF-FR-003458,API-LIMIT,DB_SCHEMA,미완료,미검증,교차 세션 변경 대기,QA 재검수 대기,cpf-docs/evidence/development/DEVGPT-6D_09dd686/TEST_AND_EVIDENCE.md,DEVGPT-6E 산출물 적용 후 정식 통합 재검증
CPF-FR-003459,API-LIMIT,DB_QUERY,미완료,미검증,교차 세션 변경 대기,QA 재검수 대기,cpf-docs/evidence/development/DEVGPT-6D_09dd686/TEST_AND_EVIDENCE.md,DEVGPT-6E 산출물 적용 후 정식 통합 재검증
CPF-FR-003460,API-LIMIT,DB_MIGRATION,미완료,미검증,교차 세션 변경 대기,QA 재검수 대기,cpf-docs/evidence/development/DEVGPT-6D_09dd686/TEST_AND_EVIDENCE.md,DEVGPT-6E 산출물 적용 후 정식 통합 재검증
CPF-FR-003461,API-LIMIT,DB_ROLLBACK,미완료,미검증,교차 세션 변경 대기,QA 재검수 대기,cpf-docs/evidence/development/DEVGPT-6D_09dd686/TEST_AND_EVIDENCE.md,DEVGPT-6E 산출물 적용 후 정식 통합 재검증
CPF-FR-003462,API-LIMIT,DB_VENDOR,미완료,미검증,교차 세션 변경 대기,QA 재검수 대기,cpf-docs/evidence/development/DEVGPT-6D_09dd686/TEST_AND_EVIDENCE.md,DEVGPT-6E 산출물 적용 후 정식 통합 재검증
CPF-FR-003463,API-LIMIT,API_OPENAPI,미완료,미검증,교차 세션 변경 대기,QA 재검수 대기,cpf-docs/evidence/development/DEVGPT-6D_09dd686/TEST_AND_EVIDENCE.md,DEVGPT-6A 산출물 적용 후 정식 통합 재검증
CPF-FR-003464,API-LIMIT,FRONTEND,미완료,미검증,교차 세션 변경 대기,QA 재검수 대기,cpf-docs/evidence/development/DEVGPT-6D_09dd686/TEST_AND_EVIDENCE.md,DEVGPT-6A 산출물 적용 후 정식 통합 재검증
CPF-FR-003465,API-LIMIT,ADM_UI,미완료,미검증,교차 세션 변경 대기,QA 재검수 대기,cpf-docs/evidence/development/DEVGPT-6D_09dd686/TEST_AND_EVIDENCE.md,DEVGPT-6A 산출물 적용 후 정식 통합 재검증
CPF-FR-003466,API-LIMIT,BZA_UI,미완료,미검증,교차 세션 변경 대기,QA 재검수 대기,cpf-docs/evidence/development/DEVGPT-6D_09dd686/TEST_AND_EVIDENCE.md,DEVGPT-6A 산출물 적용 후 정식 통합 재검증
CPF-FR-003467,API-LIMIT,GENERATOR,미완료,미검증,교차 세션 변경 대기,QA 재검수 대기,cpf-docs/evidence/development/DEVGPT-6D_09dd686/TEST_AND_EVIDENCE.md,DEVGPT-6F 산출물 적용 후 정식 통합 재검증
CPF-FR-003468,API-LIMIT,SAMPLE_EDU,완료,대체검증 또는 정적 검증 완료; 정식 Runtime 재확인,구현 완료·정식 Runtime 재확인,QA 재검수 대기,cpf-docs/evidence/development/DEVGPT-6D_09dd686/TEST_AND_EVIDENCE.md,Codex 독립검수 후 Java25·외부 환경 재실행
CPF-FR-003469,API-LIMIT,JAVADOC,완료,대체검증 또는 정적 검증 완료; 정식 Runtime 재확인,구현 완료·정식 Runtime 재확인,QA 재검수 대기,cpf-docs/evidence/development/DEVGPT-6D_09dd686/TEST_AND_EVIDENCE.md,Codex 독립검수 후 Java25·외부 환경 재실행
CPF-FR-003470,API-LIMIT,GUIDE,완료,대체검증 또는 정적 검증 완료; 정식 Runtime 재확인,구현 완료·정식 Runtime 재확인,QA 재검수 대기,cpf-docs/evidence/development/DEVGPT-6D_09dd686/TEST_AND_EVIDENCE.md,Codex 독립검수 후 Java25·외부 환경 재실행
CPF-FR-003471,API-LIMIT,UNIT_TEST,완료,대체검증 또는 정적 검증 완료; 정식 Runtime 재확인,구현 완료·정식 Runtime 재확인,QA 재검수 대기,cpf-docs/evidence/development/DEVGPT-6D_09dd686/TEST_AND_EVIDENCE.md,Codex 독립검수 후 Java25·외부 환경 재실행
CPF-FR-003472,API-LIMIT,CONTRACT_TEST,완료,대체검증 또는 정적 검증 완료; 정식 Runtime 재확인,구현 완료·정식 Runtime 재확인,QA 재검수 대기,cpf-docs/evidence/development/DEVGPT-6D_09dd686/TEST_AND_EVIDENCE.md,Codex 독립검수 후 Java25·외부 환경 재실행
CPF-FR-003473,API-LIMIT,INTEGRATION_TEST,완료,대체검증 완료; Java25/실제 Runtime 미검증,구현 완료·정식 Runtime 재확인,QA 재검수 대기,cpf-docs/evidence/development/DEVGPT-6D_09dd686/TEST_AND_EVIDENCE.md,Java25 Gradle/외부 Provider/Process Kill Runtime 재실행
CPF-FR-003474,API-LIMIT,RUNTIME_TEST,완료,대체검증 완료; Java25/실제 Runtime 미검증,구현 완료·정식 Runtime 재확인,QA 재검수 대기,cpf-docs/evidence/development/DEVGPT-6D_09dd686/TEST_AND_EVIDENCE.md,Java25 Gradle/외부 Provider/Process Kill Runtime 재실행
CPF-FR-003475,API-LIMIT,FAULT_TEST,완료,대체검증 완료; Java25/실제 Runtime 미검증,구현 완료·정식 Runtime 재확인,QA 재검수 대기,cpf-docs/evidence/development/DEVGPT-6D_09dd686/TEST_AND_EVIDENCE.md,Java25 Gradle/외부 Provider/Process Kill Runtime 재실행
CPF-FR-003476,API-LIMIT,EVIDENCE,완료,대체검증 또는 정적 검증 완료; 정식 Runtime 재확인,구현 완료·정식 Runtime 재확인,QA 재검수 대기,cpf-docs/evidence/development/DEVGPT-6D_09dd686/TEST_AND_EVIDENCE.md,Codex 독립검수 후 Java25·외부 환경 재실행
CPF-FR-003477,API-LIMIT,HYGIENE,완료,대체검증 또는 정적 검증 완료; 정식 Runtime 재확인,구현 완료·정식 Runtime 재확인,QA 재검수 대기,cpf-docs/evidence/development/DEVGPT-6D_09dd686/TEST_AND_EVIDENCE.md,Codex 독립검수 후 Java25·외부 환경 재실행
CPF-FR-003478,EXS-INST,PURPOSE,완료,대체검증 또는 정적 검증 완료; 정식 Runtime 재확인,구현 완료·정식 Runtime 재확인,QA 재검수 대기,cpf-docs/evidence/development/DEVGPT-6D_09dd686/TEST_AND_EVIDENCE.md,Codex 독립검수 후 Java25·외부 환경 재실행
CPF-FR-003479,EXS-INST,OWNER,완료,대체검증 또는 정적 검증 완료; 정식 Runtime 재확인,구현 완료·정식 Runtime 재확인,QA 재검수 대기,cpf-docs/evidence/development/DEVGPT-6D_09dd686/TEST_AND_EVIDENCE.md,Codex 독립검수 후 Java25·외부 환경 재실행
CPF-FR-003480,EXS-INST,CONSUMER,완료,대체검증 또는 정적 검증 완료; 정식 Runtime 재확인,구현 완료·정식 Runtime 재확인,QA 재검수 대기,cpf-docs/evidence/development/DEVGPT-6D_09dd686/TEST_AND_EVIDENCE.md,Codex 독립검수 후 Java25·외부 환경 재실행
CPF-FR-003481,EXS-INST,PUBLIC_API,완료,대체검증 또는 정적 검증 완료; 정식 Runtime 재확인,구현 완료·정식 Runtime 재확인,QA 재검수 대기,cpf-docs/evidence/development/DEVGPT-6D_09dd686/TEST_AND_EVIDENCE.md,Codex 독립검수 후 Java25·외부 환경 재실행
CPF-FR-003482,EXS-INST,EXTENSION_SPI,완료,대체검증 또는 정적 검증 완료; 정식 Runtime 재확인,구현 완료·정식 Runtime 재확인,QA 재검수 대기,cpf-docs/evidence/development/DEVGPT-6D_09dd686/TEST_AND_EVIDENCE.md,Codex 독립검수 후 Java25·외부 환경 재실행
CPF-FR-003483,EXS-INST,INTERNAL_IMPL,완료,대체검증 또는 정적 검증 완료; 정식 Runtime 재확인,구현 완료·정식 Runtime 재확인,QA 재검수 대기,cpf-docs/evidence/development/DEVGPT-6D_09dd686/TEST_AND_EVIDENCE.md,Codex 독립검수 후 Java25·외부 환경 재실행
CPF-FR-003484,EXS-INST,INPUT,완료,대체검증 또는 정적 검증 완료; 정식 Runtime 재확인,구현 완료·정식 Runtime 재확인,QA 재검수 대기,cpf-docs/evidence/development/DEVGPT-6D_09dd686/TEST_AND_EVIDENCE.md,Codex 독립검수 후 Java25·외부 환경 재실행
CPF-FR-003485,EXS-INST,OUTPUT,완료,대체검증 또는 정적 검증 완료; 정식 Runtime 재확인,구현 완료·정식 Runtime 재확인,QA 재검수 대기,cpf-docs/evidence/development/DEVGPT-6D_09dd686/TEST_AND_EVIDENCE.md,Codex 독립검수 후 Java25·외부 환경 재실행
CPF-FR-003486,EXS-INST,CONFIG,완료,대체검증 또는 정적 검증 완료; 정식 Runtime 재확인,구현 완료·정식 Runtime 재확인,QA 재검수 대기,cpf-docs/evidence/development/DEVGPT-6D_09dd686/TEST_AND_EVIDENCE.md,Codex 독립검수 후 Java25·외부 환경 재실행
CPF-FR-003487,EXS-INST,VALIDATION,완료,대체검증 또는 정적 검증 완료; 정식 Runtime 재확인,구현 완료·정식 Runtime 재확인,QA 재검수 대기,cpf-docs/evidence/development/DEVGPT-6D_09dd686/TEST_AND_EVIDENCE.md,Codex 독립검수 후 Java25·외부 환경 재실행
CPF-FR-003488,EXS-INST,STATE,완료,대체검증 또는 정적 검증 완료; 정식 Runtime 재확인,구현 완료·정식 Runtime 재확인,QA 재검수 대기,cpf-docs/evidence/development/DEVGPT-6D_09dd686/TEST_AND_EVIDENCE.md,Codex 독립검수 후 Java25·외부 환경 재실행
CPF-FR-003489,EXS-INST,TRANSITION,완료,대체검증 또는 정적 검증 완료; 정식 Runtime 재확인,구현 완료·정식 Runtime 재확인,QA 재검수 대기,cpf-docs/evidence/development/DEVGPT-6D_09dd686/TEST_AND_EVIDENCE.md,Codex 독립검수 후 Java25·외부 환경 재실행
CPF-FR-003490,EXS-INST,COMMAND,완료,대체검증 또는 정적 검증 완료; 정식 Runtime 재확인,구현 완료·정식 Runtime 재확인,QA 재검수 대기,cpf-docs/evidence/development/DEVGPT-6D_09dd686/TEST_AND_EVIDENCE.md,Codex 독립검수 후 Java25·외부 환경 재실행
CPF-FR-003491,EXS-INST,QUERY,완료,대체검증 또는 정적 검증 완료; 정식 Runtime 재확인,구현 완료·정식 Runtime 재확인,QA 재검수 대기,cpf-docs/evidence/development/DEVGPT-6D_09dd686/TEST_AND_EVIDENCE.md,Codex 독립검수 후 Java25·외부 환경 재실행
CPF-FR-003492,EXS-INST,IDEMPOTENCY,완료,대체검증 또는 정적 검증 완료; 정식 Runtime 재확인,구현 완료·정식 Runtime 재확인,QA 재검수 대기,cpf-docs/evidence/development/DEVGPT-6D_09dd686/TEST_AND_EVIDENCE.md,Codex 독립검수 후 Java25·외부 환경 재실행
CPF-FR-003493,EXS-INST,CONCURRENCY,완료,대체검증 또는 정적 검증 완료; 정식 Runtime 재확인,구현 완료·정식 Runtime 재확인,QA 재검수 대기,cpf-docs/evidence/development/DEVGPT-6D_09dd686/TEST_AND_EVIDENCE.md,Codex 독립검수 후 Java25·외부 환경 재실행
CPF-FR-003494,EXS-INST,DEADLINE,완료,대체검증 또는 정적 검증 완료; 정식 Runtime 재확인,구현 완료·정식 Runtime 재확인,QA 재검수 대기,cpf-docs/evidence/development/DEVGPT-6D_09dd686/TEST_AND_EVIDENCE.md,Codex 독립검수 후 Java25·외부 환경 재실행
CPF-FR-003495,EXS-INST,RETRY,완료,대체검증 또는 정적 검증 완료; 정식 Runtime 재확인,구현 완료·정식 Runtime 재확인,QA 재검수 대기,cpf-docs/evidence/development/DEVGPT-6D_09dd686/TEST_AND_EVIDENCE.md,Codex 독립검수 후 Java25·외부 환경 재실행
CPF-FR-003496,EXS-INST,CIRCUIT,완료,대체검증 또는 정적 검증 완료; 정식 Runtime 재확인,구현 완료·정식 Runtime 재확인,QA 재검수 대기,cpf-docs/evidence/development/DEVGPT-6D_09dd686/TEST_AND_EVIDENCE.md,Codex 독립검수 후 Java25·외부 환경 재실행
CPF-FR-003497,EXS-INST,UNKNOWN,완료,대체검증 또는 정적 검증 완료; 정식 Runtime 재확인,구현 완료·정식 Runtime 재확인,QA 재검수 대기,cpf-docs/evidence/development/DEVGPT-6D_09dd686/TEST_AND_EVIDENCE.md,Codex 독립검수 후 Java25·외부 환경 재실행
CPF-FR-003498,EXS-INST,RECONCILE,완료,대체검증 또는 정적 검증 완료; 정식 Runtime 재확인,구현 완료·정식 Runtime 재확인,QA 재검수 대기,cpf-docs/evidence/development/DEVGPT-6D_09dd686/TEST_AND_EVIDENCE.md,Codex 독립검수 후 Java25·외부 환경 재실행
CPF-FR-003499,EXS-INST,RECOVERY,완료,대체검증 또는 정적 검증 완료; 정식 Runtime 재확인,구현 완료·정식 Runtime 재확인,QA 재검수 대기,cpf-docs/evidence/development/DEVGPT-6D_09dd686/TEST_AND_EVIDENCE.md,Codex 독립검수 후 Java25·외부 환경 재실행
CPF-FR-003500,EXS-INST,COMPENSATION,완료,대체검증 또는 정적 검증 완료; 정식 Runtime 재확인,구현 완료·정식 Runtime 재확인,QA 재검수 대기,cpf-docs/evidence/development/DEVGPT-6D_09dd686/TEST_AND_EVIDENCE.md,Codex 독립검수 후 Java25·외부 환경 재실행
CPF-FR-003501,EXS-INST,ROLLBACK,완료,대체검증 또는 정적 검증 완료; 정식 Runtime 재확인,구현 완료·정식 Runtime 재확인,QA 재검수 대기,cpf-docs/evidence/development/DEVGPT-6D_09dd686/TEST_AND_EVIDENCE.md,Codex 독립검수 후 Java25·외부 환경 재실행
CPF-FR-003502,EXS-INST,MULTI_INSTANCE,완료,대체검증 또는 정적 검증 완료; 정식 Runtime 재확인,구현 완료·정식 Runtime 재확인,QA 재검수 대기,cpf-docs/evidence/development/DEVGPT-6D_09dd686/TEST_AND_EVIDENCE.md,Codex 독립검수 후 Java25·외부 환경 재실행
CPF-FR-003503,EXS-INST,LOCAL_REMOTE,완료,대체검증 또는 정적 검증 완료; 정식 Runtime 재확인,구현 완료·정식 Runtime 재확인,QA 재검수 대기,cpf-docs/evidence/development/DEVGPT-6D_09dd686/TEST_AND_EVIDENCE.md,Codex 독립검수 후 Java25·외부 환경 재실행
CPF-FR-003504,EXS-INST,MIXED_VERSION,완료,대체검증 또는 정적 검증 완료; 정식 Runtime 재확인,구현 완료·정식 Runtime 재확인,QA 재검수 대기,cpf-docs/evidence/development/DEVGPT-6D_09dd686/TEST_AND_EVIDENCE.md,Codex 독립검수 후 Java25·외부 환경 재실행
CPF-FR-003505,EXS-INST,AUTHN,완료,대체검증 또는 정적 검증 완료; 정식 Runtime 재확인,구현 완료·정식 Runtime 재확인,QA 재검수 대기,cpf-docs/evidence/development/DEVGPT-6D_09dd686/TEST_AND_EVIDENCE.md,Codex 독립검수 후 Java25·외부 환경 재실행
CPF-FR-003506,EXS-INST,AUTHZ,완료,대체검증 또는 정적 검증 완료; 정식 Runtime 재확인,구현 완료·정식 Runtime 재확인,QA 재검수 대기,cpf-docs/evidence/development/DEVGPT-6D_09dd686/TEST_AND_EVIDENCE.md,Codex 독립검수 후 Java25·외부 환경 재실행
CPF-FR-003507,EXS-INST,DATA_SCOPE,완료,대체검증 또는 정적 검증 완료; 정식 Runtime 재확인,구현 완료·정식 Runtime 재확인,QA 재검수 대기,cpf-docs/evidence/development/DEVGPT-6D_09dd686/TEST_AND_EVIDENCE.md,Codex 독립검수 후 Java25·외부 환경 재실행
CPF-FR-003508,EXS-INST,MASKING,완료,대체검증 또는 정적 검증 완료; 정식 Runtime 재확인,구현 완료·정식 Runtime 재확인,QA 재검수 대기,cpf-docs/evidence/development/DEVGPT-6D_09dd686/TEST_AND_EVIDENCE.md,Codex 독립검수 후 Java25·외부 환경 재실행
CPF-FR-003509,EXS-INST,REASON,미완료,정적 계약 확인,교차 세션 변경 대기,QA 재검수 대기,cpf-docs/evidence/development/DEVGPT-6D_09dd686/TEST_AND_EVIDENCE.md,DEVGPT-6C 승인·사유·만료 Runtime Control 연결 후 재검증
CPF-FR-003510,EXS-INST,APPROVAL,미완료,정적 계약 확인,교차 세션 변경 대기,QA 재검수 대기,cpf-docs/evidence/development/DEVGPT-6D_09dd686/TEST_AND_EVIDENCE.md,DEVGPT-6C 승인·사유·만료 Runtime Control 연결 후 재검증
CPF-FR-003511,EXS-INST,AUDIT,완료,대체검증 또는 정적 검증 완료; 정식 Runtime 재확인,구현 완료·정식 Runtime 재확인,QA 재검수 대기,cpf-docs/evidence/development/DEVGPT-6D_09dd686/TEST_AND_EVIDENCE.md,Codex 독립검수 후 Java25·외부 환경 재실행
CPF-FR-003512,EXS-INST,LOG,완료,대체검증 또는 정적 검증 완료; 정식 Runtime 재확인,구현 완료·정식 Runtime 재확인,QA 재검수 대기,cpf-docs/evidence/development/DEVGPT-6D_09dd686/TEST_AND_EVIDENCE.md,Codex 독립검수 후 Java25·외부 환경 재실행
CPF-FR-003513,EXS-INST,METRIC,완료,대체검증 또는 정적 검증 완료; 정식 Runtime 재확인,구현 완료·정식 Runtime 재확인,QA 재검수 대기,cpf-docs/evidence/development/DEVGPT-6D_09dd686/TEST_AND_EVIDENCE.md,Codex 독립검수 후 Java25·외부 환경 재실행
CPF-FR-003514,EXS-INST,TRACE,완료,대체검증 또는 정적 검증 완료; 정식 Runtime 재확인,구현 완료·정식 Runtime 재확인,QA 재검수 대기,cpf-docs/evidence/development/DEVGPT-6D_09dd686/TEST_AND_EVIDENCE.md,Codex 독립검수 후 Java25·외부 환경 재실행
CPF-FR-003515,EXS-INST,HEALTH,완료,대체검증 또는 정적 검증 완료; 정식 Runtime 재확인,구현 완료·정식 Runtime 재확인,QA 재검수 대기,cpf-docs/evidence/development/DEVGPT-6D_09dd686/TEST_AND_EVIDENCE.md,Codex 독립검수 후 Java25·외부 환경 재실행
CPF-FR-003516,EXS-INST,ALERT_RUNBOOK,완료,대체검증 또는 정적 검증 완료; 정식 Runtime 재확인,구현 완료·정식 Runtime 재확인,QA 재검수 대기,cpf-docs/evidence/development/DEVGPT-6D_09dd686/TEST_AND_EVIDENCE.md,Codex 독립검수 후 Java25·외부 환경 재실행
CPF-FR-003517,EXS-INST,RESOURCE,완료,대체검증 또는 정적 검증 완료; 정식 Runtime 재확인,구현 완료·정식 Runtime 재확인,QA 재검수 대기,cpf-docs/evidence/development/DEVGPT-6D_09dd686/TEST_AND_EVIDENCE.md,Codex 독립검수 후 Java25·외부 환경 재실행
CPF-FR-003518,EXS-INST,DB_OWNER,미완료,미검증,교차 세션 변경 대기,QA 재검수 대기,cpf-docs/evidence/development/DEVGPT-6D_09dd686/TEST_AND_EVIDENCE.md,DEVGPT-6E 산출물 적용 후 정식 통합 재검증
CPF-FR-003519,EXS-INST,DB_SCHEMA,미완료,미검증,교차 세션 변경 대기,QA 재검수 대기,cpf-docs/evidence/development/DEVGPT-6D_09dd686/TEST_AND_EVIDENCE.md,DEVGPT-6E 산출물 적용 후 정식 통합 재검증
CPF-FR-003520,EXS-INST,DB_QUERY,미완료,미검증,교차 세션 변경 대기,QA 재검수 대기,cpf-docs/evidence/development/DEVGPT-6D_09dd686/TEST_AND_EVIDENCE.md,DEVGPT-6E 산출물 적용 후 정식 통합 재검증
CPF-FR-003521,EXS-INST,DB_MIGRATION,미완료,미검증,교차 세션 변경 대기,QA 재검수 대기,cpf-docs/evidence/development/DEVGPT-6D_09dd686/TEST_AND_EVIDENCE.md,DEVGPT-6E 산출물 적용 후 정식 통합 재검증
CPF-FR-003522,EXS-INST,DB_ROLLBACK,미완료,미검증,교차 세션 변경 대기,QA 재검수 대기,cpf-docs/evidence/development/DEVGPT-6D_09dd686/TEST_AND_EVIDENCE.md,DEVGPT-6E 산출물 적용 후 정식 통합 재검증
CPF-FR-003523,EXS-INST,DB_VENDOR,미완료,미검증,교차 세션 변경 대기,QA 재검수 대기,cpf-docs/evidence/development/DEVGPT-6D_09dd686/TEST_AND_EVIDENCE.md,DEVGPT-6E 산출물 적용 후 정식 통합 재검증
CPF-FR-003524,EXS-INST,API_OPENAPI,미완료,미검증,교차 세션 변경 대기,QA 재검수 대기,cpf-docs/evidence/development/DEVGPT-6D_09dd686/TEST_AND_EVIDENCE.md,DEVGPT-6A 산출물 적용 후 정식 통합 재검증
CPF-FR-003525,EXS-INST,FRONTEND,미완료,미검증,교차 세션 변경 대기,QA 재검수 대기,cpf-docs/evidence/development/DEVGPT-6D_09dd686/TEST_AND_EVIDENCE.md,DEVGPT-6A 산출물 적용 후 정식 통합 재검증
CPF-FR-003526,EXS-INST,ADM_UI,미완료,미검증,교차 세션 변경 대기,QA 재검수 대기,cpf-docs/evidence/development/DEVGPT-6D_09dd686/TEST_AND_EVIDENCE.md,DEVGPT-6A 산출물 적용 후 정식 통합 재검증
CPF-FR-003527,EXS-INST,BZA_UI,미완료,미검증,교차 세션 변경 대기,QA 재검수 대기,cpf-docs/evidence/development/DEVGPT-6D_09dd686/TEST_AND_EVIDENCE.md,DEVGPT-6A 산출물 적용 후 정식 통합 재검증
CPF-FR-003528,EXS-INST,GENERATOR,미완료,미검증,교차 세션 변경 대기,QA 재검수 대기,cpf-docs/evidence/development/DEVGPT-6D_09dd686/TEST_AND_EVIDENCE.md,DEVGPT-6F 산출물 적용 후 정식 통합 재검증
CPF-FR-003529,EXS-INST,SAMPLE_EDU,완료,대체검증 또는 정적 검증 완료; 정식 Runtime 재확인,구현 완료·정식 Runtime 재확인,QA 재검수 대기,cpf-docs/evidence/development/DEVGPT-6D_09dd686/TEST_AND_EVIDENCE.md,Codex 독립검수 후 Java25·외부 환경 재실행
CPF-FR-003530,EXS-INST,JAVADOC,완료,대체검증 또는 정적 검증 완료; 정식 Runtime 재확인,구현 완료·정식 Runtime 재확인,QA 재검수 대기,cpf-docs/evidence/development/DEVGPT-6D_09dd686/TEST_AND_EVIDENCE.md,Codex 독립검수 후 Java25·외부 환경 재실행
CPF-FR-003531,EXS-INST,GUIDE,완료,대체검증 또는 정적 검증 완료; 정식 Runtime 재확인,구현 완료·정식 Runtime 재확인,QA 재검수 대기,cpf-docs/evidence/development/DEVGPT-6D_09dd686/TEST_AND_EVIDENCE.md,Codex 독립검수 후 Java25·외부 환경 재실행
CPF-FR-003532,EXS-INST,UNIT_TEST,완료,대체검증 또는 정적 검증 완료; 정식 Runtime 재확인,구현 완료·정식 Runtime 재확인,QA 재검수 대기,cpf-docs/evidence/development/DEVGPT-6D_09dd686/TEST_AND_EVIDENCE.md,Codex 독립검수 후 Java25·외부 환경 재실행
CPF-FR-003533,EXS-INST,CONTRACT_TEST,완료,대체검증 또는 정적 검증 완료; 정식 Runtime 재확인,구현 완료·정식 Runtime 재확인,QA 재검수 대기,cpf-docs/evidence/development/DEVGPT-6D_09dd686/TEST_AND_EVIDENCE.md,Codex 독립검수 후 Java25·외부 환경 재실행
CPF-FR-003534,EXS-INST,INTEGRATION_TEST,완료,대체검증 완료; Java25/실제 Runtime 미검증,구현 완료·정식 Runtime 재확인,QA 재검수 대기,cpf-docs/evidence/development/DEVGPT-6D_09dd686/TEST_AND_EVIDENCE.md,Java25 Gradle/외부 Provider/Process Kill Runtime 재실행
CPF-FR-003535,EXS-INST,RUNTIME_TEST,완료,대체검증 완료; Java25/실제 Runtime 미검증,구현 완료·정식 Runtime 재확인,QA 재검수 대기,cpf-docs/evidence/development/DEVGPT-6D_09dd686/TEST_AND_EVIDENCE.md,Java25 Gradle/외부 Provider/Process Kill Runtime 재실행
CPF-FR-003536,EXS-INST,FAULT_TEST,완료,대체검증 완료; Java25/실제 Runtime 미검증,구현 완료·정식 Runtime 재확인,QA 재검수 대기,cpf-docs/evidence/development/DEVGPT-6D_09dd686/TEST_AND_EVIDENCE.md,Java25 Gradle/외부 Provider/Process Kill Runtime 재실행
CPF-FR-003537,EXS-INST,EVIDENCE,완료,대체검증 또는 정적 검증 완료; 정식 Runtime 재확인,구현 완료·정식 Runtime 재확인,QA 재검수 대기,cpf-docs/evidence/development/DEVGPT-6D_09dd686/TEST_AND_EVIDENCE.md,Codex 독립검수 후 Java25·외부 환경 재실행
CPF-FR-003538,EXS-INST,HYGIENE,완료,대체검증 또는 정적 검증 완료; 정식 Runtime 재확인,구현 완료·정식 Runtime 재확인,QA 재검수 대기,cpf-docs/evidence/development/DEVGPT-6D_09dd686/TEST_AND_EVIDENCE.md,Codex 독립검수 후 Java25·외부 환경 재실행
CPF-FR-003539,EXS-REST,PURPOSE,완료,대체검증 또는 정적 검증 완료; 정식 Runtime 재확인,구현 완료·정식 Runtime 재확인,QA 재검수 대기,cpf-docs/evidence/development/DEVGPT-6D_09dd686/TEST_AND_EVIDENCE.md,Codex 독립검수 후 Java25·외부 환경 재실행
CPF-FR-003540,EXS-REST,OWNER,완료,대체검증 또는 정적 검증 완료; 정식 Runtime 재확인,구현 완료·정식 Runtime 재확인,QA 재검수 대기,cpf-docs/evidence/development/DEVGPT-6D_09dd686/TEST_AND_EVIDENCE.md,Codex 독립검수 후 Java25·외부 환경 재실행
CPF-FR-003541,EXS-REST,CONSUMER,완료,대체검증 또는 정적 검증 완료; 정식 Runtime 재확인,구현 완료·정식 Runtime 재확인,QA 재검수 대기,cpf-docs/evidence/development/DEVGPT-6D_09dd686/TEST_AND_EVIDENCE.md,Codex 독립검수 후 Java25·외부 환경 재실행
CPF-FR-003542,EXS-REST,PUBLIC_API,완료,대체검증 또는 정적 검증 완료; 정식 Runtime 재확인,구현 완료·정식 Runtime 재확인,QA 재검수 대기,cpf-docs/evidence/development/DEVGPT-6D_09dd686/TEST_AND_EVIDENCE.md,Codex 독립검수 후 Java25·외부 환경 재실행
CPF-FR-003543,EXS-REST,EXTENSION_SPI,완료,대체검증 또는 정적 검증 완료; 정식 Runtime 재확인,구현 완료·정식 Runtime 재확인,QA 재검수 대기,cpf-docs/evidence/development/DEVGPT-6D_09dd686/TEST_AND_EVIDENCE.md,Codex 독립검수 후 Java25·외부 환경 재실행
CPF-FR-003544,EXS-REST,INTERNAL_IMPL,완료,대체검증 또는 정적 검증 완료; 정식 Runtime 재확인,구현 완료·정식 Runtime 재확인,QA 재검수 대기,cpf-docs/evidence/development/DEVGPT-6D_09dd686/TEST_AND_EVIDENCE.md,Codex 독립검수 후 Java25·외부 환경 재실행
CPF-FR-003545,EXS-REST,INPUT,완료,대체검증 또는 정적 검증 완료; 정식 Runtime 재확인,구현 완료·정식 Runtime 재확인,QA 재검수 대기,cpf-docs/evidence/development/DEVGPT-6D_09dd686/TEST_AND_EVIDENCE.md,Codex 독립검수 후 Java25·외부 환경 재실행
CPF-FR-003546,EXS-REST,OUTPUT,완료,대체검증 또는 정적 검증 완료; 정식 Runtime 재확인,구현 완료·정식 Runtime 재확인,QA 재검수 대기,cpf-docs/evidence/development/DEVGPT-6D_09dd686/TEST_AND_EVIDENCE.md,Codex 독립검수 후 Java25·외부 환경 재실행
CPF-FR-003547,EXS-REST,CONFIG,완료,대체검증 또는 정적 검증 완료; 정식 Runtime 재확인,구현 완료·정식 Runtime 재확인,QA 재검수 대기,cpf-docs/evidence/development/DEVGPT-6D_09dd686/TEST_AND_EVIDENCE.md,Codex 독립검수 후 Java25·외부 환경 재실행
CPF-FR-003548,EXS-REST,VALIDATION,완료,대체검증 또는 정적 검증 완료; 정식 Runtime 재확인,구현 완료·정식 Runtime 재확인,QA 재검수 대기,cpf-docs/evidence/development/DEVGPT-6D_09dd686/TEST_AND_EVIDENCE.md,Codex 독립검수 후 Java25·외부 환경 재실행
CPF-FR-003549,EXS-REST,STATE,완료,대체검증 또는 정적 검증 완료; 정식 Runtime 재확인,구현 완료·정식 Runtime 재확인,QA 재검수 대기,cpf-docs/evidence/development/DEVGPT-6D_09dd686/TEST_AND_EVIDENCE.md,Codex 독립검수 후 Java25·외부 환경 재실행
CPF-FR-003550,EXS-REST,TRANSITION,완료,대체검증 또는 정적 검증 완료; 정식 Runtime 재확인,구현 완료·정식 Runtime 재확인,QA 재검수 대기,cpf-docs/evidence/development/DEVGPT-6D_09dd686/TEST_AND_EVIDENCE.md,Codex 독립검수 후 Java25·외부 환경 재실행
CPF-FR-003551,EXS-REST,COMMAND,완료,대체검증 또는 정적 검증 완료; 정식 Runtime 재확인,구현 완료·정식 Runtime 재확인,QA 재검수 대기,cpf-docs/evidence/development/DEVGPT-6D_09dd686/TEST_AND_EVIDENCE.md,Codex 독립검수 후 Java25·외부 환경 재실행
CPF-FR-003552,EXS-REST,QUERY,완료,대체검증 또는 정적 검증 완료; 정식 Runtime 재확인,구현 완료·정식 Runtime 재확인,QA 재검수 대기,cpf-docs/evidence/development/DEVGPT-6D_09dd686/TEST_AND_EVIDENCE.md,Codex 독립검수 후 Java25·외부 환경 재실행
CPF-FR-003553,EXS-REST,IDEMPOTENCY,완료,대체검증 또는 정적 검증 완료; 정식 Runtime 재확인,구현 완료·정식 Runtime 재확인,QA 재검수 대기,cpf-docs/evidence/development/DEVGPT-6D_09dd686/TEST_AND_EVIDENCE.md,Codex 독립검수 후 Java25·외부 환경 재실행
CPF-FR-003554,EXS-REST,CONCURRENCY,완료,대체검증 또는 정적 검증 완료; 정식 Runtime 재확인,구현 완료·정식 Runtime 재확인,QA 재검수 대기,cpf-docs/evidence/development/DEVGPT-6D_09dd686/TEST_AND_EVIDENCE.md,Codex 독립검수 후 Java25·외부 환경 재실행
CPF-FR-003555,EXS-REST,DEADLINE,완료,대체검증 또는 정적 검증 완료; 정식 Runtime 재확인,구현 완료·정식 Runtime 재확인,QA 재검수 대기,cpf-docs/evidence/development/DEVGPT-6D_09dd686/TEST_AND_EVIDENCE.md,Codex 독립검수 후 Java25·외부 환경 재실행
CPF-FR-003556,EXS-REST,RETRY,완료,대체검증 또는 정적 검증 완료; 정식 Runtime 재확인,구현 완료·정식 Runtime 재확인,QA 재검수 대기,cpf-docs/evidence/development/DEVGPT-6D_09dd686/TEST_AND_EVIDENCE.md,Codex 독립검수 후 Java25·외부 환경 재실행
CPF-FR-003557,EXS-REST,CIRCUIT,완료,대체검증 또는 정적 검증 완료; 정식 Runtime 재확인,구현 완료·정식 Runtime 재확인,QA 재검수 대기,cpf-docs/evidence/development/DEVGPT-6D_09dd686/TEST_AND_EVIDENCE.md,Codex 독립검수 후 Java25·외부 환경 재실행
CPF-FR-003558,EXS-REST,UNKNOWN,완료,대체검증 또는 정적 검증 완료; 정식 Runtime 재확인,구현 완료·정식 Runtime 재확인,QA 재검수 대기,cpf-docs/evidence/development/DEVGPT-6D_09dd686/TEST_AND_EVIDENCE.md,Codex 독립검수 후 Java25·외부 환경 재실행
CPF-FR-003559,EXS-REST,RECONCILE,완료,대체검증 또는 정적 검증 완료; 정식 Runtime 재확인,구현 완료·정식 Runtime 재확인,QA 재검수 대기,cpf-docs/evidence/development/DEVGPT-6D_09dd686/TEST_AND_EVIDENCE.md,Codex 독립검수 후 Java25·외부 환경 재실행
CPF-FR-003560,EXS-REST,RECOVERY,완료,대체검증 또는 정적 검증 완료; 정식 Runtime 재확인,구현 완료·정식 Runtime 재확인,QA 재검수 대기,cpf-docs/evidence/development/DEVGPT-6D_09dd686/TEST_AND_EVIDENCE.md,Codex 독립검수 후 Java25·외부 환경 재실행
CPF-FR-003561,EXS-REST,COMPENSATION,완료,대체검증 또는 정적 검증 완료; 정식 Runtime 재확인,구현 완료·정식 Runtime 재확인,QA 재검수 대기,cpf-docs/evidence/development/DEVGPT-6D_09dd686/TEST_AND_EVIDENCE.md,Codex 독립검수 후 Java25·외부 환경 재실행
CPF-FR-003562,EXS-REST,ROLLBACK,완료,대체검증 또는 정적 검증 완료; 정식 Runtime 재확인,구현 완료·정식 Runtime 재확인,QA 재검수 대기,cpf-docs/evidence/development/DEVGPT-6D_09dd686/TEST_AND_EVIDENCE.md,Codex 독립검수 후 Java25·외부 환경 재실행
CPF-FR-003563,EXS-REST,MULTI_INSTANCE,완료,대체검증 또는 정적 검증 완료; 정식 Runtime 재확인,구현 완료·정식 Runtime 재확인,QA 재검수 대기,cpf-docs/evidence/development/DEVGPT-6D_09dd686/TEST_AND_EVIDENCE.md,Codex 독립검수 후 Java25·외부 환경 재실행
CPF-FR-003564,EXS-REST,LOCAL_REMOTE,완료,대체검증 또는 정적 검증 완료; 정식 Runtime 재확인,구현 완료·정식 Runtime 재확인,QA 재검수 대기,cpf-docs/evidence/development/DEVGPT-6D_09dd686/TEST_AND_EVIDENCE.md,Codex 독립검수 후 Java25·외부 환경 재실행
CPF-FR-003565,EXS-REST,MIXED_VERSION,완료,대체검증 또는 정적 검증 완료; 정식 Runtime 재확인,구현 완료·정식 Runtime 재확인,QA 재검수 대기,cpf-docs/evidence/development/DEVGPT-6D_09dd686/TEST_AND_EVIDENCE.md,Codex 독립검수 후 Java25·외부 환경 재실행
CPF-FR-003566,EXS-REST,AUTHN,완료,대체검증 또는 정적 검증 완료; 정식 Runtime 재확인,구현 완료·정식 Runtime 재확인,QA 재검수 대기,cpf-docs/evidence/development/DEVGPT-6D_09dd686/TEST_AND_EVIDENCE.md,Codex 독립검수 후 Java25·외부 환경 재실행
CPF-FR-003567,EXS-REST,AUTHZ,완료,대체검증 또는 정적 검증 완료; 정식 Runtime 재확인,구현 완료·정식 Runtime 재확인,QA 재검수 대기,cpf-docs/evidence/development/DEVGPT-6D_09dd686/TEST_AND_EVIDENCE.md,Codex 독립검수 후 Java25·외부 환경 재실행
CPF-FR-003568,EXS-REST,DATA_SCOPE,완료,대체검증 또는 정적 검증 완료; 정식 Runtime 재확인,구현 완료·정식 Runtime 재확인,QA 재검수 대기,cpf-docs/evidence/development/DEVGPT-6D_09dd686/TEST_AND_EVIDENCE.md,Codex 독립검수 후 Java25·외부 환경 재실행
CPF-FR-003569,EXS-REST,MASKING,완료,대체검증 또는 정적 검증 완료; 정식 Runtime 재확인,구현 완료·정식 Runtime 재확인,QA 재검수 대기,cpf-docs/evidence/development/DEVGPT-6D_09dd686/TEST_AND_EVIDENCE.md,Codex 독립검수 후 Java25·외부 환경 재실행
CPF-FR-003570,EXS-REST,REASON,미완료,정적 계약 확인,교차 세션 변경 대기,QA 재검수 대기,cpf-docs/evidence/development/DEVGPT-6D_09dd686/TEST_AND_EVIDENCE.md,DEVGPT-6C 승인·사유·만료 Runtime Control 연결 후 재검증
CPF-FR-003571,EXS-REST,APPROVAL,미완료,정적 계약 확인,교차 세션 변경 대기,QA 재검수 대기,cpf-docs/evidence/development/DEVGPT-6D_09dd686/TEST_AND_EVIDENCE.md,DEVGPT-6C 승인·사유·만료 Runtime Control 연결 후 재검증
CPF-FR-003572,EXS-REST,AUDIT,완료,대체검증 또는 정적 검증 완료; 정식 Runtime 재확인,구현 완료·정식 Runtime 재확인,QA 재검수 대기,cpf-docs/evidence/development/DEVGPT-6D_09dd686/TEST_AND_EVIDENCE.md,Codex 독립검수 후 Java25·외부 환경 재실행
CPF-FR-003573,EXS-REST,LOG,완료,대체검증 또는 정적 검증 완료; 정식 Runtime 재확인,구현 완료·정식 Runtime 재확인,QA 재검수 대기,cpf-docs/evidence/development/DEVGPT-6D_09dd686/TEST_AND_EVIDENCE.md,Codex 독립검수 후 Java25·외부 환경 재실행
CPF-FR-003574,EXS-REST,METRIC,완료,대체검증 또는 정적 검증 완료; 정식 Runtime 재확인,구현 완료·정식 Runtime 재확인,QA 재검수 대기,cpf-docs/evidence/development/DEVGPT-6D_09dd686/TEST_AND_EVIDENCE.md,Codex 독립검수 후 Java25·외부 환경 재실행
CPF-FR-003575,EXS-REST,TRACE,완료,대체검증 또는 정적 검증 완료; 정식 Runtime 재확인,구현 완료·정식 Runtime 재확인,QA 재검수 대기,cpf-docs/evidence/development/DEVGPT-6D_09dd686/TEST_AND_EVIDENCE.md,Codex 독립검수 후 Java25·외부 환경 재실행
CPF-FR-003576,EXS-REST,HEALTH,완료,대체검증 또는 정적 검증 완료; 정식 Runtime 재확인,구현 완료·정식 Runtime 재확인,QA 재검수 대기,cpf-docs/evidence/development/DEVGPT-6D_09dd686/TEST_AND_EVIDENCE.md,Codex 독립검수 후 Java25·외부 환경 재실행
CPF-FR-003577,EXS-REST,ALERT_RUNBOOK,완료,대체검증 또는 정적 검증 완료; 정식 Runtime 재확인,구현 완료·정식 Runtime 재확인,QA 재검수 대기,cpf-docs/evidence/development/DEVGPT-6D_09dd686/TEST_AND_EVIDENCE.md,Codex 독립검수 후 Java25·외부 환경 재실행
CPF-FR-003578,EXS-REST,RESOURCE,완료,대체검증 또는 정적 검증 완료; 정식 Runtime 재확인,구현 완료·정식 Runtime 재확인,QA 재검수 대기,cpf-docs/evidence/development/DEVGPT-6D_09dd686/TEST_AND_EVIDENCE.md,Codex 독립검수 후 Java25·외부 환경 재실행
CPF-FR-003579,EXS-REST,DB_OWNER,미완료,미검증,교차 세션 변경 대기,QA 재검수 대기,cpf-docs/evidence/development/DEVGPT-6D_09dd686/TEST_AND_EVIDENCE.md,DEVGPT-6E 산출물 적용 후 정식 통합 재검증
CPF-FR-003580,EXS-REST,DB_SCHEMA,미완료,미검증,교차 세션 변경 대기,QA 재검수 대기,cpf-docs/evidence/development/DEVGPT-6D_09dd686/TEST_AND_EVIDENCE.md,DEVGPT-6E 산출물 적용 후 정식 통합 재검증
CPF-FR-003581,EXS-REST,DB_QUERY,미완료,미검증,교차 세션 변경 대기,QA 재검수 대기,cpf-docs/evidence/development/DEVGPT-6D_09dd686/TEST_AND_EVIDENCE.md,DEVGPT-6E 산출물 적용 후 정식 통합 재검증
CPF-FR-003582,EXS-REST,DB_MIGRATION,미완료,미검증,교차 세션 변경 대기,QA 재검수 대기,cpf-docs/evidence/development/DEVGPT-6D_09dd686/TEST_AND_EVIDENCE.md,DEVGPT-6E 산출물 적용 후 정식 통합 재검증
CPF-FR-003583,EXS-REST,DB_ROLLBACK,미완료,미검증,교차 세션 변경 대기,QA 재검수 대기,cpf-docs/evidence/development/DEVGPT-6D_09dd686/TEST_AND_EVIDENCE.md,DEVGPT-6E 산출물 적용 후 정식 통합 재검증
CPF-FR-003584,EXS-REST,DB_VENDOR,미완료,미검증,교차 세션 변경 대기,QA 재검수 대기,cpf-docs/evidence/development/DEVGPT-6D_09dd686/TEST_AND_EVIDENCE.md,DEVGPT-6E 산출물 적용 후 정식 통합 재검증
CPF-FR-003585,EXS-REST,API_OPENAPI,미완료,미검증,교차 세션 변경 대기,QA 재검수 대기,cpf-docs/evidence/development/DEVGPT-6D_09dd686/TEST_AND_EVIDENCE.md,DEVGPT-6A 산출물 적용 후 정식 통합 재검증
CPF-FR-003586,EXS-REST,FRONTEND,미완료,미검증,교차 세션 변경 대기,QA 재검수 대기,cpf-docs/evidence/development/DEVGPT-6D_09dd686/TEST_AND_EVIDENCE.md,DEVGPT-6A 산출물 적용 후 정식 통합 재검증
CPF-FR-003587,EXS-REST,ADM_UI,미완료,미검증,교차 세션 변경 대기,QA 재검수 대기,cpf-docs/evidence/development/DEVGPT-6D_09dd686/TEST_AND_EVIDENCE.md,DEVGPT-6A 산출물 적용 후 정식 통합 재검증
CPF-FR-003588,EXS-REST,BZA_UI,미완료,미검증,교차 세션 변경 대기,QA 재검수 대기,cpf-docs/evidence/development/DEVGPT-6D_09dd686/TEST_AND_EVIDENCE.md,DEVGPT-6A 산출물 적용 후 정식 통합 재검증
CPF-FR-003589,EXS-REST,GENERATOR,미완료,미검증,교차 세션 변경 대기,QA 재검수 대기,cpf-docs/evidence/development/DEVGPT-6D_09dd686/TEST_AND_EVIDENCE.md,DEVGPT-6F 산출물 적용 후 정식 통합 재검증
CPF-FR-003590,EXS-REST,SAMPLE_EDU,완료,대체검증 또는 정적 검증 완료; 정식 Runtime 재확인,구현 완료·정식 Runtime 재확인,QA 재검수 대기,cpf-docs/evidence/development/DEVGPT-6D_09dd686/TEST_AND_EVIDENCE.md,Codex 독립검수 후 Java25·외부 환경 재실행
CPF-FR-003591,EXS-REST,JAVADOC,완료,대체검증 또는 정적 검증 완료; 정식 Runtime 재확인,구현 완료·정식 Runtime 재확인,QA 재검수 대기,cpf-docs/evidence/development/DEVGPT-6D_09dd686/TEST_AND_EVIDENCE.md,Codex 독립검수 후 Java25·외부 환경 재실행
CPF-FR-003592,EXS-REST,GUIDE,완료,대체검증 또는 정적 검증 완료; 정식 Runtime 재확인,구현 완료·정식 Runtime 재확인,QA 재검수 대기,cpf-docs/evidence/development/DEVGPT-6D_09dd686/TEST_AND_EVIDENCE.md,Codex 독립검수 후 Java25·외부 환경 재실행
CPF-FR-003593,EXS-REST,UNIT_TEST,완료,대체검증 또는 정적 검증 완료; 정식 Runtime 재확인,구현 완료·정식 Runtime 재확인,QA 재검수 대기,cpf-docs/evidence/development/DEVGPT-6D_09dd686/TEST_AND_EVIDENCE.md,Codex 독립검수 후 Java25·외부 환경 재실행
CPF-FR-003594,EXS-REST,CONTRACT_TEST,완료,대체검증 또는 정적 검증 완료; 정식 Runtime 재확인,구현 완료·정식 Runtime 재확인,QA 재검수 대기,cpf-docs/evidence/development/DEVGPT-6D_09dd686/TEST_AND_EVIDENCE.md,Codex 독립검수 후 Java25·외부 환경 재실행
CPF-FR-003595,EXS-REST,INTEGRATION_TEST,완료,대체검증 완료; Java25/실제 Runtime 미검증,구현 완료·정식 Runtime 재확인,QA 재검수 대기,cpf-docs/evidence/development/DEVGPT-6D_09dd686/TEST_AND_EVIDENCE.md,Java25 Gradle/외부 Provider/Process Kill Runtime 재실행
CPF-FR-003596,EXS-REST,RUNTIME_TEST,완료,대체검증 완료; Java25/실제 Runtime 미검증,구현 완료·정식 Runtime 재확인,QA 재검수 대기,cpf-docs/evidence/development/DEVGPT-6D_09dd686/TEST_AND_EVIDENCE.md,Java25 Gradle/외부 Provider/Process Kill Runtime 재실행
CPF-FR-003597,EXS-REST,FAULT_TEST,완료,대체검증 완료; Java25/실제 Runtime 미검증,구현 완료·정식 Runtime 재확인,QA 재검수 대기,cpf-docs/evidence/development/DEVGPT-6D_09dd686/TEST_AND_EVIDENCE.md,Java25 Gradle/외부 Provider/Process Kill Runtime 재실행
CPF-FR-003598,EXS-REST,EVIDENCE,완료,대체검증 또는 정적 검증 완료; 정식 Runtime 재확인,구현 완료·정식 Runtime 재확인,QA 재검수 대기,cpf-docs/evidence/development/DEVGPT-6D_09dd686/TEST_AND_EVIDENCE.md,Codex 독립검수 후 Java25·외부 환경 재실행
CPF-FR-003599,EXS-REST,HYGIENE,완료,대체검증 또는 정적 검증 완료; 정식 Runtime 재확인,구현 완료·정식 Runtime 재확인,QA 재검수 대기,cpf-docs/evidence/development/DEVGPT-6D_09dd686/TEST_AND_EVIDENCE.md,Codex 독립검수 후 Java25·외부 환경 재실행
CPF-FR-003600,EXS-FIXED,PURPOSE,완료,대체검증 또는 정적 검증 완료; 정식 Runtime 재확인,구현 완료·정식 Runtime 재확인,QA 재검수 대기,cpf-docs/evidence/development/DEVGPT-6D_09dd686/TEST_AND_EVIDENCE.md,Codex 독립검수 후 Java25·외부 환경 재실행
CPF-FR-003601,EXS-FIXED,OWNER,완료,대체검증 또는 정적 검증 완료; 정식 Runtime 재확인,구현 완료·정식 Runtime 재확인,QA 재검수 대기,cpf-docs/evidence/development/DEVGPT-6D_09dd686/TEST_AND_EVIDENCE.md,Codex 독립검수 후 Java25·외부 환경 재실행
CPF-FR-003602,EXS-FIXED,CONSUMER,완료,대체검증 또는 정적 검증 완료; 정식 Runtime 재확인,구현 완료·정식 Runtime 재확인,QA 재검수 대기,cpf-docs/evidence/development/DEVGPT-6D_09dd686/TEST_AND_EVIDENCE.md,Codex 독립검수 후 Java25·외부 환경 재실행
CPF-FR-003603,EXS-FIXED,PUBLIC_API,완료,대체검증 또는 정적 검증 완료; 정식 Runtime 재확인,구현 완료·정식 Runtime 재확인,QA 재검수 대기,cpf-docs/evidence/development/DEVGPT-6D_09dd686/TEST_AND_EVIDENCE.md,Codex 독립검수 후 Java25·외부 환경 재실행
CPF-FR-003604,EXS-FIXED,EXTENSION_SPI,완료,대체검증 또는 정적 검증 완료; 정식 Runtime 재확인,구현 완료·정식 Runtime 재확인,QA 재검수 대기,cpf-docs/evidence/development/DEVGPT-6D_09dd686/TEST_AND_EVIDENCE.md,Codex 독립검수 후 Java25·외부 환경 재실행
CPF-FR-003605,EXS-FIXED,INTERNAL_IMPL,완료,대체검증 또는 정적 검증 완료; 정식 Runtime 재확인,구현 완료·정식 Runtime 재확인,QA 재검수 대기,cpf-docs/evidence/development/DEVGPT-6D_09dd686/TEST_AND_EVIDENCE.md,Codex 독립검수 후 Java25·외부 환경 재실행
CPF-FR-003606,EXS-FIXED,INPUT,완료,대체검증 또는 정적 검증 완료; 정식 Runtime 재확인,구현 완료·정식 Runtime 재확인,QA 재검수 대기,cpf-docs/evidence/development/DEVGPT-6D_09dd686/TEST_AND_EVIDENCE.md,Codex 독립검수 후 Java25·외부 환경 재실행
CPF-FR-003607,EXS-FIXED,OUTPUT,완료,대체검증 또는 정적 검증 완료; 정식 Runtime 재확인,구현 완료·정식 Runtime 재확인,QA 재검수 대기,cpf-docs/evidence/development/DEVGPT-6D_09dd686/TEST_AND_EVIDENCE.md,Codex 독립검수 후 Java25·외부 환경 재실행
CPF-FR-003608,EXS-FIXED,CONFIG,완료,대체검증 또는 정적 검증 완료; 정식 Runtime 재확인,구현 완료·정식 Runtime 재확인,QA 재검수 대기,cpf-docs/evidence/development/DEVGPT-6D_09dd686/TEST_AND_EVIDENCE.md,Codex 독립검수 후 Java25·외부 환경 재실행
CPF-FR-003609,EXS-FIXED,VALIDATION,완료,대체검증 또는 정적 검증 완료; 정식 Runtime 재확인,구현 완료·정식 Runtime 재확인,QA 재검수 대기,cpf-docs/evidence/development/DEVGPT-6D_09dd686/TEST_AND_EVIDENCE.md,Codex 독립검수 후 Java25·외부 환경 재실행
CPF-FR-003610,EXS-FIXED,STATE,완료,대체검증 또는 정적 검증 완료; 정식 Runtime 재확인,구현 완료·정식 Runtime 재확인,QA 재검수 대기,cpf-docs/evidence/development/DEVGPT-6D_09dd686/TEST_AND_EVIDENCE.md,Codex 독립검수 후 Java25·외부 환경 재실행
CPF-FR-003611,EXS-FIXED,TRANSITION,완료,대체검증 또는 정적 검증 완료; 정식 Runtime 재확인,구현 완료·정식 Runtime 재확인,QA 재검수 대기,cpf-docs/evidence/development/DEVGPT-6D_09dd686/TEST_AND_EVIDENCE.md,Codex 독립검수 후 Java25·외부 환경 재실행
CPF-FR-003612,EXS-FIXED,COMMAND,완료,대체검증 또는 정적 검증 완료; 정식 Runtime 재확인,구현 완료·정식 Runtime 재확인,QA 재검수 대기,cpf-docs/evidence/development/DEVGPT-6D_09dd686/TEST_AND_EVIDENCE.md,Codex 독립검수 후 Java25·외부 환경 재실행
CPF-FR-003613,EXS-FIXED,QUERY,완료,대체검증 또는 정적 검증 완료; 정식 Runtime 재확인,구현 완료·정식 Runtime 재확인,QA 재검수 대기,cpf-docs/evidence/development/DEVGPT-6D_09dd686/TEST_AND_EVIDENCE.md,Codex 독립검수 후 Java25·외부 환경 재실행
CPF-FR-003614,EXS-FIXED,IDEMPOTENCY,완료,대체검증 또는 정적 검증 완료; 정식 Runtime 재확인,구현 완료·정식 Runtime 재확인,QA 재검수 대기,cpf-docs/evidence/development/DEVGPT-6D_09dd686/TEST_AND_EVIDENCE.md,Codex 독립검수 후 Java25·외부 환경 재실행
CPF-FR-003615,EXS-FIXED,CONCURRENCY,완료,대체검증 또는 정적 검증 완료; 정식 Runtime 재확인,구현 완료·정식 Runtime 재확인,QA 재검수 대기,cpf-docs/evidence/development/DEVGPT-6D_09dd686/TEST_AND_EVIDENCE.md,Codex 독립검수 후 Java25·외부 환경 재실행
CPF-FR-003616,EXS-FIXED,DEADLINE,완료,대체검증 또는 정적 검증 완료; 정식 Runtime 재확인,구현 완료·정식 Runtime 재확인,QA 재검수 대기,cpf-docs/evidence/development/DEVGPT-6D_09dd686/TEST_AND_EVIDENCE.md,Codex 독립검수 후 Java25·외부 환경 재실행
CPF-FR-003617,EXS-FIXED,RETRY,완료,대체검증 또는 정적 검증 완료; 정식 Runtime 재확인,구현 완료·정식 Runtime 재확인,QA 재검수 대기,cpf-docs/evidence/development/DEVGPT-6D_09dd686/TEST_AND_EVIDENCE.md,Codex 독립검수 후 Java25·외부 환경 재실행
CPF-FR-003618,EXS-FIXED,CIRCUIT,완료,대체검증 또는 정적 검증 완료; 정식 Runtime 재확인,구현 완료·정식 Runtime 재확인,QA 재검수 대기,cpf-docs/evidence/development/DEVGPT-6D_09dd686/TEST_AND_EVIDENCE.md,Codex 독립검수 후 Java25·외부 환경 재실행
CPF-FR-003619,EXS-FIXED,UNKNOWN,완료,대체검증 또는 정적 검증 완료; 정식 Runtime 재확인,구현 완료·정식 Runtime 재확인,QA 재검수 대기,cpf-docs/evidence/development/DEVGPT-6D_09dd686/TEST_AND_EVIDENCE.md,Codex 독립검수 후 Java25·외부 환경 재실행
CPF-FR-003620,EXS-FIXED,RECONCILE,완료,대체검증 또는 정적 검증 완료; 정식 Runtime 재확인,구현 완료·정식 Runtime 재확인,QA 재검수 대기,cpf-docs/evidence/development/DEVGPT-6D_09dd686/TEST_AND_EVIDENCE.md,Codex 독립검수 후 Java25·외부 환경 재실행
CPF-FR-003621,EXS-FIXED,RECOVERY,완료,대체검증 또는 정적 검증 완료; 정식 Runtime 재확인,구현 완료·정식 Runtime 재확인,QA 재검수 대기,cpf-docs/evidence/development/DEVGPT-6D_09dd686/TEST_AND_EVIDENCE.md,Codex 독립검수 후 Java25·외부 환경 재실행
CPF-FR-003622,EXS-FIXED,COMPENSATION,완료,대체검증 또는 정적 검증 완료; 정식 Runtime 재확인,구현 완료·정식 Runtime 재확인,QA 재검수 대기,cpf-docs/evidence/development/DEVGPT-6D_09dd686/TEST_AND_EVIDENCE.md,Codex 독립검수 후 Java25·외부 환경 재실행
CPF-FR-003623,EXS-FIXED,ROLLBACK,완료,대체검증 또는 정적 검증 완료; 정식 Runtime 재확인,구현 완료·정식 Runtime 재확인,QA 재검수 대기,cpf-docs/evidence/development/DEVGPT-6D_09dd686/TEST_AND_EVIDENCE.md,Codex 독립검수 후 Java25·외부 환경 재실행
CPF-FR-003624,EXS-FIXED,MULTI_INSTANCE,완료,대체검증 또는 정적 검증 완료; 정식 Runtime 재확인,구현 완료·정식 Runtime 재확인,QA 재검수 대기,cpf-docs/evidence/development/DEVGPT-6D_09dd686/TEST_AND_EVIDENCE.md,Codex 독립검수 후 Java25·외부 환경 재실행
CPF-FR-003625,EXS-FIXED,LOCAL_REMOTE,완료,대체검증 또는 정적 검증 완료; 정식 Runtime 재확인,구현 완료·정식 Runtime 재확인,QA 재검수 대기,cpf-docs/evidence/development/DEVGPT-6D_09dd686/TEST_AND_EVIDENCE.md,Codex 독립검수 후 Java25·외부 환경 재실행
CPF-FR-003626,EXS-FIXED,MIXED_VERSION,완료,대체검증 또는 정적 검증 완료; 정식 Runtime 재확인,구현 완료·정식 Runtime 재확인,QA 재검수 대기,cpf-docs/evidence/development/DEVGPT-6D_09dd686/TEST_AND_EVIDENCE.md,Codex 독립검수 후 Java25·외부 환경 재실행
CPF-FR-003627,EXS-FIXED,AUTHN,완료,대체검증 또는 정적 검증 완료; 정식 Runtime 재확인,구현 완료·정식 Runtime 재확인,QA 재검수 대기,cpf-docs/evidence/development/DEVGPT-6D_09dd686/TEST_AND_EVIDENCE.md,Codex 독립검수 후 Java25·외부 환경 재실행
CPF-FR-003628,EXS-FIXED,AUTHZ,완료,대체검증 또는 정적 검증 완료; 정식 Runtime 재확인,구현 완료·정식 Runtime 재확인,QA 재검수 대기,cpf-docs/evidence/development/DEVGPT-6D_09dd686/TEST_AND_EVIDENCE.md,Codex 독립검수 후 Java25·외부 환경 재실행
CPF-FR-003629,EXS-FIXED,DATA_SCOPE,완료,대체검증 또는 정적 검증 완료; 정식 Runtime 재확인,구현 완료·정식 Runtime 재확인,QA 재검수 대기,cpf-docs/evidence/development/DEVGPT-6D_09dd686/TEST_AND_EVIDENCE.md,Codex 독립검수 후 Java25·외부 환경 재실행
CPF-FR-003630,EXS-FIXED,MASKING,완료,대체검증 또는 정적 검증 완료; 정식 Runtime 재확인,구현 완료·정식 Runtime 재확인,QA 재검수 대기,cpf-docs/evidence/development/DEVGPT-6D_09dd686/TEST_AND_EVIDENCE.md,Codex 독립검수 후 Java25·외부 환경 재실행
CPF-FR-003631,EXS-FIXED,REASON,미완료,정적 계약 확인,교차 세션 변경 대기,QA 재검수 대기,cpf-docs/evidence/development/DEVGPT-6D_09dd686/TEST_AND_EVIDENCE.md,DEVGPT-6C 승인·사유·만료 Runtime Control 연결 후 재검증
CPF-FR-003632,EXS-FIXED,APPROVAL,미완료,정적 계약 확인,교차 세션 변경 대기,QA 재검수 대기,cpf-docs/evidence/development/DEVGPT-6D_09dd686/TEST_AND_EVIDENCE.md,DEVGPT-6C 승인·사유·만료 Runtime Control 연결 후 재검증
CPF-FR-003633,EXS-FIXED,AUDIT,완료,대체검증 또는 정적 검증 완료; 정식 Runtime 재확인,구현 완료·정식 Runtime 재확인,QA 재검수 대기,cpf-docs/evidence/development/DEVGPT-6D_09dd686/TEST_AND_EVIDENCE.md,Codex 독립검수 후 Java25·외부 환경 재실행
CPF-FR-003634,EXS-FIXED,LOG,완료,대체검증 또는 정적 검증 완료; 정식 Runtime 재확인,구현 완료·정식 Runtime 재확인,QA 재검수 대기,cpf-docs/evidence/development/DEVGPT-6D_09dd686/TEST_AND_EVIDENCE.md,Codex 독립검수 후 Java25·외부 환경 재실행
CPF-FR-003635,EXS-FIXED,METRIC,완료,대체검증 또는 정적 검증 완료; 정식 Runtime 재확인,구현 완료·정식 Runtime 재확인,QA 재검수 대기,cpf-docs/evidence/development/DEVGPT-6D_09dd686/TEST_AND_EVIDENCE.md,Codex 독립검수 후 Java25·외부 환경 재실행
CPF-FR-003636,EXS-FIXED,TRACE,완료,대체검증 또는 정적 검증 완료; 정식 Runtime 재확인,구현 완료·정식 Runtime 재확인,QA 재검수 대기,cpf-docs/evidence/development/DEVGPT-6D_09dd686/TEST_AND_EVIDENCE.md,Codex 독립검수 후 Java25·외부 환경 재실행
CPF-FR-003637,EXS-FIXED,HEALTH,완료,대체검증 또는 정적 검증 완료; 정식 Runtime 재확인,구현 완료·정식 Runtime 재확인,QA 재검수 대기,cpf-docs/evidence/development/DEVGPT-6D_09dd686/TEST_AND_EVIDENCE.md,Codex 독립검수 후 Java25·외부 환경 재실행
CPF-FR-003638,EXS-FIXED,ALERT_RUNBOOK,완료,대체검증 또는 정적 검증 완료; 정식 Runtime 재확인,구현 완료·정식 Runtime 재확인,QA 재검수 대기,cpf-docs/evidence/development/DEVGPT-6D_09dd686/TEST_AND_EVIDENCE.md,Codex 독립검수 후 Java25·외부 환경 재실행
CPF-FR-003639,EXS-FIXED,RESOURCE,완료,대체검증 또는 정적 검증 완료; 정식 Runtime 재확인,구현 완료·정식 Runtime 재확인,QA 재검수 대기,cpf-docs/evidence/development/DEVGPT-6D_09dd686/TEST_AND_EVIDENCE.md,Codex 독립검수 후 Java25·외부 환경 재실행
CPF-FR-003640,EXS-FIXED,DB_OWNER,미완료,미검증,교차 세션 변경 대기,QA 재검수 대기,cpf-docs/evidence/development/DEVGPT-6D_09dd686/TEST_AND_EVIDENCE.md,DEVGPT-6E 산출물 적용 후 정식 통합 재검증
CPF-FR-003641,EXS-FIXED,DB_SCHEMA,미완료,미검증,교차 세션 변경 대기,QA 재검수 대기,cpf-docs/evidence/development/DEVGPT-6D_09dd686/TEST_AND_EVIDENCE.md,DEVGPT-6E 산출물 적용 후 정식 통합 재검증
CPF-FR-003642,EXS-FIXED,DB_QUERY,미완료,미검증,교차 세션 변경 대기,QA 재검수 대기,cpf-docs/evidence/development/DEVGPT-6D_09dd686/TEST_AND_EVIDENCE.md,DEVGPT-6E 산출물 적용 후 정식 통합 재검증
CPF-FR-003643,EXS-FIXED,DB_MIGRATION,미완료,미검증,교차 세션 변경 대기,QA 재검수 대기,cpf-docs/evidence/development/DEVGPT-6D_09dd686/TEST_AND_EVIDENCE.md,DEVGPT-6E 산출물 적용 후 정식 통합 재검증
CPF-FR-003644,EXS-FIXED,DB_ROLLBACK,미완료,미검증,교차 세션 변경 대기,QA 재검수 대기,cpf-docs/evidence/development/DEVGPT-6D_09dd686/TEST_AND_EVIDENCE.md,DEVGPT-6E 산출물 적용 후 정식 통합 재검증
CPF-FR-003645,EXS-FIXED,DB_VENDOR,미완료,미검증,교차 세션 변경 대기,QA 재검수 대기,cpf-docs/evidence/development/DEVGPT-6D_09dd686/TEST_AND_EVIDENCE.md,DEVGPT-6E 산출물 적용 후 정식 통합 재검증
CPF-FR-003646,EXS-FIXED,API_OPENAPI,미완료,미검증,교차 세션 변경 대기,QA 재검수 대기,cpf-docs/evidence/development/DEVGPT-6D_09dd686/TEST_AND_EVIDENCE.md,DEVGPT-6A 산출물 적용 후 정식 통합 재검증
CPF-FR-003647,EXS-FIXED,FRONTEND,미완료,미검증,교차 세션 변경 대기,QA 재검수 대기,cpf-docs/evidence/development/DEVGPT-6D_09dd686/TEST_AND_EVIDENCE.md,DEVGPT-6A 산출물 적용 후 정식 통합 재검증
CPF-FR-003648,EXS-FIXED,ADM_UI,미완료,미검증,교차 세션 변경 대기,QA 재검수 대기,cpf-docs/evidence/development/DEVGPT-6D_09dd686/TEST_AND_EVIDENCE.md,DEVGPT-6A 산출물 적용 후 정식 통합 재검증
CPF-FR-003649,EXS-FIXED,BZA_UI,미완료,미검증,교차 세션 변경 대기,QA 재검수 대기,cpf-docs/evidence/development/DEVGPT-6D_09dd686/TEST_AND_EVIDENCE.md,DEVGPT-6A 산출물 적용 후 정식 통합 재검증
CPF-FR-003650,EXS-FIXED,GENERATOR,미완료,미검증,교차 세션 변경 대기,QA 재검수 대기,cpf-docs/evidence/development/DEVGPT-6D_09dd686/TEST_AND_EVIDENCE.md,DEVGPT-6F 산출물 적용 후 정식 통합 재검증
CPF-FR-003651,EXS-FIXED,SAMPLE_EDU,완료,대체검증 또는 정적 검증 완료; 정식 Runtime 재확인,구현 완료·정식 Runtime 재확인,QA 재검수 대기,cpf-docs/evidence/development/DEVGPT-6D_09dd686/TEST_AND_EVIDENCE.md,Codex 독립검수 후 Java25·외부 환경 재실행
CPF-FR-003652,EXS-FIXED,JAVADOC,완료,대체검증 또는 정적 검증 완료; 정식 Runtime 재확인,구현 완료·정식 Runtime 재확인,QA 재검수 대기,cpf-docs/evidence/development/DEVGPT-6D_09dd686/TEST_AND_EVIDENCE.md,Codex 독립검수 후 Java25·외부 환경 재실행
CPF-FR-003653,EXS-FIXED,GUIDE,완료,대체검증 또는 정적 검증 완료; 정식 Runtime 재확인,구현 완료·정식 Runtime 재확인,QA 재검수 대기,cpf-docs/evidence/development/DEVGPT-6D_09dd686/TEST_AND_EVIDENCE.md,Codex 독립검수 후 Java25·외부 환경 재실행
CPF-FR-003654,EXS-FIXED,UNIT_TEST,완료,대체검증 또는 정적 검증 완료; 정식 Runtime 재확인,구현 완료·정식 Runtime 재확인,QA 재검수 대기,cpf-docs/evidence/development/DEVGPT-6D_09dd686/TEST_AND_EVIDENCE.md,Codex 독립검수 후 Java25·외부 환경 재실행
CPF-FR-003655,EXS-FIXED,CONTRACT_TEST,완료,대체검증 또는 정적 검증 완료; 정식 Runtime 재확인,구현 완료·정식 Runtime 재확인,QA 재검수 대기,cpf-docs/evidence/development/DEVGPT-6D_09dd686/TEST_AND_EVIDENCE.md,Codex 독립검수 후 Java25·외부 환경 재실행
CPF-FR-003656,EXS-FIXED,INTEGRATION_TEST,완료,대체검증 완료; Java25/실제 Runtime 미검증,구현 완료·정식 Runtime 재확인,QA 재검수 대기,cpf-docs/evidence/development/DEVGPT-6D_09dd686/TEST_AND_EVIDENCE.md,Java25 Gradle/외부 Provider/Process Kill Runtime 재실행
CPF-FR-003657,EXS-FIXED,RUNTIME_TEST,완료,대체검증 완료; Java25/실제 Runtime 미검증,구현 완료·정식 Runtime 재확인,QA 재검수 대기,cpf-docs/evidence/development/DEVGPT-6D_09dd686/TEST_AND_EVIDENCE.md,Java25 Gradle/외부 Provider/Process Kill Runtime 재실행
CPF-FR-003658,EXS-FIXED,FAULT_TEST,완료,대체검증 완료; Java25/실제 Runtime 미검증,구현 완료·정식 Runtime 재확인,QA 재검수 대기,cpf-docs/evidence/development/DEVGPT-6D_09dd686/TEST_AND_EVIDENCE.md,Java25 Gradle/외부 Provider/Process Kill Runtime 재실행
CPF-FR-003659,EXS-FIXED,EVIDENCE,완료,대체검증 또는 정적 검증 완료; 정식 Runtime 재확인,구현 완료·정식 Runtime 재확인,QA 재검수 대기,cpf-docs/evidence/development/DEVGPT-6D_09dd686/TEST_AND_EVIDENCE.md,Codex 독립검수 후 Java25·외부 환경 재실행
CPF-FR-003660,EXS-FIXED,HYGIENE,완료,대체검증 또는 정적 검증 완료; 정식 Runtime 재확인,구현 완료·정식 Runtime 재확인,QA 재검수 대기,cpf-docs/evidence/development/DEVGPT-6D_09dd686/TEST_AND_EVIDENCE.md,Codex 독립검수 후 Java25·외부 환경 재실행
CPF-FR-003661,EXS-SEC,PURPOSE,완료,대체검증 또는 정적 검증 완료; 정식 Runtime 재확인,구현 완료·정식 Runtime 재확인,QA 재검수 대기,cpf-docs/evidence/development/DEVGPT-6D_09dd686/TEST_AND_EVIDENCE.md,Codex 독립검수 후 Java25·외부 환경 재실행
CPF-FR-003662,EXS-SEC,OWNER,완료,대체검증 또는 정적 검증 완료; 정식 Runtime 재확인,구현 완료·정식 Runtime 재확인,QA 재검수 대기,cpf-docs/evidence/development/DEVGPT-6D_09dd686/TEST_AND_EVIDENCE.md,Codex 독립검수 후 Java25·외부 환경 재실행
CPF-FR-003663,EXS-SEC,CONSUMER,완료,대체검증 또는 정적 검증 완료; 정식 Runtime 재확인,구현 완료·정식 Runtime 재확인,QA 재검수 대기,cpf-docs/evidence/development/DEVGPT-6D_09dd686/TEST_AND_EVIDENCE.md,Codex 독립검수 후 Java25·외부 환경 재실행
CPF-FR-003664,EXS-SEC,PUBLIC_API,완료,대체검증 또는 정적 검증 완료; 정식 Runtime 재확인,구현 완료·정식 Runtime 재확인,QA 재검수 대기,cpf-docs/evidence/development/DEVGPT-6D_09dd686/TEST_AND_EVIDENCE.md,Codex 독립검수 후 Java25·외부 환경 재실행
CPF-FR-003665,EXS-SEC,EXTENSION_SPI,완료,대체검증 또는 정적 검증 완료; 정식 Runtime 재확인,구현 완료·정식 Runtime 재확인,QA 재검수 대기,cpf-docs/evidence/development/DEVGPT-6D_09dd686/TEST_AND_EVIDENCE.md,Codex 독립검수 후 Java25·외부 환경 재실행
CPF-FR-003666,EXS-SEC,INTERNAL_IMPL,완료,대체검증 또는 정적 검증 완료; 정식 Runtime 재확인,구현 완료·정식 Runtime 재확인,QA 재검수 대기,cpf-docs/evidence/development/DEVGPT-6D_09dd686/TEST_AND_EVIDENCE.md,Codex 독립검수 후 Java25·외부 환경 재실행
CPF-FR-003667,EXS-SEC,INPUT,완료,대체검증 또는 정적 검증 완료; 정식 Runtime 재확인,구현 완료·정식 Runtime 재확인,QA 재검수 대기,cpf-docs/evidence/development/DEVGPT-6D_09dd686/TEST_AND_EVIDENCE.md,Codex 독립검수 후 Java25·외부 환경 재실행
CPF-FR-003668,EXS-SEC,OUTPUT,완료,대체검증 또는 정적 검증 완료; 정식 Runtime 재확인,구현 완료·정식 Runtime 재확인,QA 재검수 대기,cpf-docs/evidence/development/DEVGPT-6D_09dd686/TEST_AND_EVIDENCE.md,Codex 독립검수 후 Java25·외부 환경 재실행
CPF-FR-003669,EXS-SEC,CONFIG,완료,대체검증 또는 정적 검증 완료; 정식 Runtime 재확인,구현 완료·정식 Runtime 재확인,QA 재검수 대기,cpf-docs/evidence/development/DEVGPT-6D_09dd686/TEST_AND_EVIDENCE.md,Codex 독립검수 후 Java25·외부 환경 재실행
CPF-FR-003670,EXS-SEC,VALIDATION,완료,대체검증 또는 정적 검증 완료; 정식 Runtime 재확인,구현 완료·정식 Runtime 재확인,QA 재검수 대기,cpf-docs/evidence/development/DEVGPT-6D_09dd686/TEST_AND_EVIDENCE.md,Codex 독립검수 후 Java25·외부 환경 재실행
CPF-FR-003671,EXS-SEC,STATE,완료,대체검증 또는 정적 검증 완료; 정식 Runtime 재확인,구현 완료·정식 Runtime 재확인,QA 재검수 대기,cpf-docs/evidence/development/DEVGPT-6D_09dd686/TEST_AND_EVIDENCE.md,Codex 독립검수 후 Java25·외부 환경 재실행
CPF-FR-003672,EXS-SEC,TRANSITION,완료,대체검증 또는 정적 검증 완료; 정식 Runtime 재확인,구현 완료·정식 Runtime 재확인,QA 재검수 대기,cpf-docs/evidence/development/DEVGPT-6D_09dd686/TEST_AND_EVIDENCE.md,Codex 독립검수 후 Java25·외부 환경 재실행
CPF-FR-003673,EXS-SEC,COMMAND,완료,대체검증 또는 정적 검증 완료; 정식 Runtime 재확인,구현 완료·정식 Runtime 재확인,QA 재검수 대기,cpf-docs/evidence/development/DEVGPT-6D_09dd686/TEST_AND_EVIDENCE.md,Codex 독립검수 후 Java25·외부 환경 재실행
CPF-FR-003674,EXS-SEC,QUERY,완료,대체검증 또는 정적 검증 완료; 정식 Runtime 재확인,구현 완료·정식 Runtime 재확인,QA 재검수 대기,cpf-docs/evidence/development/DEVGPT-6D_09dd686/TEST_AND_EVIDENCE.md,Codex 독립검수 후 Java25·외부 환경 재실행
CPF-FR-003675,EXS-SEC,IDEMPOTENCY,완료,대체검증 또는 정적 검증 완료; 정식 Runtime 재확인,구현 완료·정식 Runtime 재확인,QA 재검수 대기,cpf-docs/evidence/development/DEVGPT-6D_09dd686/TEST_AND_EVIDENCE.md,Codex 독립검수 후 Java25·외부 환경 재실행
CPF-FR-003676,EXS-SEC,CONCURRENCY,완료,대체검증 또는 정적 검증 완료; 정식 Runtime 재확인,구현 완료·정식 Runtime 재확인,QA 재검수 대기,cpf-docs/evidence/development/DEVGPT-6D_09dd686/TEST_AND_EVIDENCE.md,Codex 독립검수 후 Java25·외부 환경 재실행
CPF-FR-003677,EXS-SEC,DEADLINE,완료,대체검증 또는 정적 검증 완료; 정식 Runtime 재확인,구현 완료·정식 Runtime 재확인,QA 재검수 대기,cpf-docs/evidence/development/DEVGPT-6D_09dd686/TEST_AND_EVIDENCE.md,Codex 독립검수 후 Java25·외부 환경 재실행
CPF-FR-003678,EXS-SEC,RETRY,완료,대체검증 또는 정적 검증 완료; 정식 Runtime 재확인,구현 완료·정식 Runtime 재확인,QA 재검수 대기,cpf-docs/evidence/development/DEVGPT-6D_09dd686/TEST_AND_EVIDENCE.md,Codex 독립검수 후 Java25·외부 환경 재실행
CPF-FR-003679,EXS-SEC,CIRCUIT,완료,대체검증 또는 정적 검증 완료; 정식 Runtime 재확인,구현 완료·정식 Runtime 재확인,QA 재검수 대기,cpf-docs/evidence/development/DEVGPT-6D_09dd686/TEST_AND_EVIDENCE.md,Codex 독립검수 후 Java25·외부 환경 재실행
CPF-FR-003680,EXS-SEC,UNKNOWN,완료,대체검증 또는 정적 검증 완료; 정식 Runtime 재확인,구현 완료·정식 Runtime 재확인,QA 재검수 대기,cpf-docs/evidence/development/DEVGPT-6D_09dd686/TEST_AND_EVIDENCE.md,Codex 독립검수 후 Java25·외부 환경 재실행
CPF-FR-003681,EXS-SEC,RECONCILE,완료,대체검증 또는 정적 검증 완료; 정식 Runtime 재확인,구현 완료·정식 Runtime 재확인,QA 재검수 대기,cpf-docs/evidence/development/DEVGPT-6D_09dd686/TEST_AND_EVIDENCE.md,Codex 독립검수 후 Java25·외부 환경 재실행
CPF-FR-003682,EXS-SEC,RECOVERY,완료,대체검증 또는 정적 검증 완료; 정식 Runtime 재확인,구현 완료·정식 Runtime 재확인,QA 재검수 대기,cpf-docs/evidence/development/DEVGPT-6D_09dd686/TEST_AND_EVIDENCE.md,Codex 독립검수 후 Java25·외부 환경 재실행
CPF-FR-003683,EXS-SEC,COMPENSATION,완료,대체검증 또는 정적 검증 완료; 정식 Runtime 재확인,구현 완료·정식 Runtime 재확인,QA 재검수 대기,cpf-docs/evidence/development/DEVGPT-6D_09dd686/TEST_AND_EVIDENCE.md,Codex 독립검수 후 Java25·외부 환경 재실행
CPF-FR-003684,EXS-SEC,ROLLBACK,완료,대체검증 또는 정적 검증 완료; 정식 Runtime 재확인,구현 완료·정식 Runtime 재확인,QA 재검수 대기,cpf-docs/evidence/development/DEVGPT-6D_09dd686/TEST_AND_EVIDENCE.md,Codex 독립검수 후 Java25·외부 환경 재실행
CPF-FR-003685,EXS-SEC,MULTI_INSTANCE,완료,대체검증 또는 정적 검증 완료; 정식 Runtime 재확인,구현 완료·정식 Runtime 재확인,QA 재검수 대기,cpf-docs/evidence/development/DEVGPT-6D_09dd686/TEST_AND_EVIDENCE.md,Codex 독립검수 후 Java25·외부 환경 재실행
CPF-FR-003686,EXS-SEC,LOCAL_REMOTE,완료,대체검증 또는 정적 검증 완료; 정식 Runtime 재확인,구현 완료·정식 Runtime 재확인,QA 재검수 대기,cpf-docs/evidence/development/DEVGPT-6D_09dd686/TEST_AND_EVIDENCE.md,Codex 독립검수 후 Java25·외부 환경 재실행
CPF-FR-003687,EXS-SEC,MIXED_VERSION,완료,대체검증 또는 정적 검증 완료; 정식 Runtime 재확인,구현 완료·정식 Runtime 재확인,QA 재검수 대기,cpf-docs/evidence/development/DEVGPT-6D_09dd686/TEST_AND_EVIDENCE.md,Codex 독립검수 후 Java25·외부 환경 재실행
CPF-FR-003688,EXS-SEC,AUTHN,완료,대체검증 또는 정적 검증 완료; 정식 Runtime 재확인,구현 완료·정식 Runtime 재확인,QA 재검수 대기,cpf-docs/evidence/development/DEVGPT-6D_09dd686/TEST_AND_EVIDENCE.md,Codex 독립검수 후 Java25·외부 환경 재실행
CPF-FR-003689,EXS-SEC,AUTHZ,완료,대체검증 또는 정적 검증 완료; 정식 Runtime 재확인,구현 완료·정식 Runtime 재확인,QA 재검수 대기,cpf-docs/evidence/development/DEVGPT-6D_09dd686/TEST_AND_EVIDENCE.md,Codex 독립검수 후 Java25·외부 환경 재실행
CPF-FR-003690,EXS-SEC,DATA_SCOPE,완료,대체검증 또는 정적 검증 완료; 정식 Runtime 재확인,구현 완료·정식 Runtime 재확인,QA 재검수 대기,cpf-docs/evidence/development/DEVGPT-6D_09dd686/TEST_AND_EVIDENCE.md,Codex 독립검수 후 Java25·외부 환경 재실행
CPF-FR-003691,EXS-SEC,MASKING,완료,대체검증 또는 정적 검증 완료; 정식 Runtime 재확인,구현 완료·정식 Runtime 재확인,QA 재검수 대기,cpf-docs/evidence/development/DEVGPT-6D_09dd686/TEST_AND_EVIDENCE.md,Codex 독립검수 후 Java25·외부 환경 재실행
CPF-FR-003692,EXS-SEC,REASON,미완료,정적 계약 확인,교차 세션 변경 대기,QA 재검수 대기,cpf-docs/evidence/development/DEVGPT-6D_09dd686/TEST_AND_EVIDENCE.md,DEVGPT-6C 승인·사유·만료 Runtime Control 연결 후 재검증
CPF-FR-003693,EXS-SEC,APPROVAL,미완료,정적 계약 확인,교차 세션 변경 대기,QA 재검수 대기,cpf-docs/evidence/development/DEVGPT-6D_09dd686/TEST_AND_EVIDENCE.md,DEVGPT-6C 승인·사유·만료 Runtime Control 연결 후 재검증
CPF-FR-003694,EXS-SEC,AUDIT,완료,대체검증 또는 정적 검증 완료; 정식 Runtime 재확인,구현 완료·정식 Runtime 재확인,QA 재검수 대기,cpf-docs/evidence/development/DEVGPT-6D_09dd686/TEST_AND_EVIDENCE.md,Codex 독립검수 후 Java25·외부 환경 재실행
CPF-FR-003695,EXS-SEC,LOG,완료,대체검증 또는 정적 검증 완료; 정식 Runtime 재확인,구현 완료·정식 Runtime 재확인,QA 재검수 대기,cpf-docs/evidence/development/DEVGPT-6D_09dd686/TEST_AND_EVIDENCE.md,Codex 독립검수 후 Java25·외부 환경 재실행
CPF-FR-003696,EXS-SEC,METRIC,완료,대체검증 또는 정적 검증 완료; 정식 Runtime 재확인,구현 완료·정식 Runtime 재확인,QA 재검수 대기,cpf-docs/evidence/development/DEVGPT-6D_09dd686/TEST_AND_EVIDENCE.md,Codex 독립검수 후 Java25·외부 환경 재실행
CPF-FR-003697,EXS-SEC,TRACE,완료,대체검증 또는 정적 검증 완료; 정식 Runtime 재확인,구현 완료·정식 Runtime 재확인,QA 재검수 대기,cpf-docs/evidence/development/DEVGPT-6D_09dd686/TEST_AND_EVIDENCE.md,Codex 독립검수 후 Java25·외부 환경 재실행
CPF-FR-003698,EXS-SEC,HEALTH,완료,대체검증 또는 정적 검증 완료; 정식 Runtime 재확인,구현 완료·정식 Runtime 재확인,QA 재검수 대기,cpf-docs/evidence/development/DEVGPT-6D_09dd686/TEST_AND_EVIDENCE.md,Codex 독립검수 후 Java25·외부 환경 재실행
CPF-FR-003699,EXS-SEC,ALERT_RUNBOOK,완료,대체검증 또는 정적 검증 완료; 정식 Runtime 재확인,구현 완료·정식 Runtime 재확인,QA 재검수 대기,cpf-docs/evidence/development/DEVGPT-6D_09dd686/TEST_AND_EVIDENCE.md,Codex 독립검수 후 Java25·외부 환경 재실행
CPF-FR-003700,EXS-SEC,RESOURCE,완료,대체검증 또는 정적 검증 완료; 정식 Runtime 재확인,구현 완료·정식 Runtime 재확인,QA 재검수 대기,cpf-docs/evidence/development/DEVGPT-6D_09dd686/TEST_AND_EVIDENCE.md,Codex 독립검수 후 Java25·외부 환경 재실행
CPF-FR-003701,EXS-SEC,DB_OWNER,미완료,미검증,교차 세션 변경 대기,QA 재검수 대기,cpf-docs/evidence/development/DEVGPT-6D_09dd686/TEST_AND_EVIDENCE.md,DEVGPT-6E 산출물 적용 후 정식 통합 재검증
CPF-FR-003702,EXS-SEC,DB_SCHEMA,미완료,미검증,교차 세션 변경 대기,QA 재검수 대기,cpf-docs/evidence/development/DEVGPT-6D_09dd686/TEST_AND_EVIDENCE.md,DEVGPT-6E 산출물 적용 후 정식 통합 재검증
CPF-FR-003703,EXS-SEC,DB_QUERY,미완료,미검증,교차 세션 변경 대기,QA 재검수 대기,cpf-docs/evidence/development/DEVGPT-6D_09dd686/TEST_AND_EVIDENCE.md,DEVGPT-6E 산출물 적용 후 정식 통합 재검증
CPF-FR-003704,EXS-SEC,DB_MIGRATION,미완료,미검증,교차 세션 변경 대기,QA 재검수 대기,cpf-docs/evidence/development/DEVGPT-6D_09dd686/TEST_AND_EVIDENCE.md,DEVGPT-6E 산출물 적용 후 정식 통합 재검증
CPF-FR-003705,EXS-SEC,DB_ROLLBACK,미완료,미검증,교차 세션 변경 대기,QA 재검수 대기,cpf-docs/evidence/development/DEVGPT-6D_09dd686/TEST_AND_EVIDENCE.md,DEVGPT-6E 산출물 적용 후 정식 통합 재검증
CPF-FR-003706,EXS-SEC,DB_VENDOR,미완료,미검증,교차 세션 변경 대기,QA 재검수 대기,cpf-docs/evidence/development/DEVGPT-6D_09dd686/TEST_AND_EVIDENCE.md,DEVGPT-6E 산출물 적용 후 정식 통합 재검증
CPF-FR-003707,EXS-SEC,API_OPENAPI,미완료,미검증,교차 세션 변경 대기,QA 재검수 대기,cpf-docs/evidence/development/DEVGPT-6D_09dd686/TEST_AND_EVIDENCE.md,DEVGPT-6A 산출물 적용 후 정식 통합 재검증
CPF-FR-003708,EXS-SEC,FRONTEND,미완료,미검증,교차 세션 변경 대기,QA 재검수 대기,cpf-docs/evidence/development/DEVGPT-6D_09dd686/TEST_AND_EVIDENCE.md,DEVGPT-6A 산출물 적용 후 정식 통합 재검증
CPF-FR-003709,EXS-SEC,ADM_UI,미완료,미검증,교차 세션 변경 대기,QA 재검수 대기,cpf-docs/evidence/development/DEVGPT-6D_09dd686/TEST_AND_EVIDENCE.md,DEVGPT-6A 산출물 적용 후 정식 통합 재검증
CPF-FR-003710,EXS-SEC,BZA_UI,미완료,미검증,교차 세션 변경 대기,QA 재검수 대기,cpf-docs/evidence/development/DEVGPT-6D_09dd686/TEST_AND_EVIDENCE.md,DEVGPT-6A 산출물 적용 후 정식 통합 재검증
CPF-FR-003711,EXS-SEC,GENERATOR,미완료,미검증,교차 세션 변경 대기,QA 재검수 대기,cpf-docs/evidence/development/DEVGPT-6D_09dd686/TEST_AND_EVIDENCE.md,DEVGPT-6F 산출물 적용 후 정식 통합 재검증
CPF-FR-003712,EXS-SEC,SAMPLE_EDU,완료,대체검증 또는 정적 검증 완료; 정식 Runtime 재확인,구현 완료·정식 Runtime 재확인,QA 재검수 대기,cpf-docs/evidence/development/DEVGPT-6D_09dd686/TEST_AND_EVIDENCE.md,Codex 독립검수 후 Java25·외부 환경 재실행
CPF-FR-003713,EXS-SEC,JAVADOC,완료,대체검증 또는 정적 검증 완료; 정식 Runtime 재확인,구현 완료·정식 Runtime 재확인,QA 재검수 대기,cpf-docs/evidence/development/DEVGPT-6D_09dd686/TEST_AND_EVIDENCE.md,Codex 독립검수 후 Java25·외부 환경 재실행
CPF-FR-003714,EXS-SEC,GUIDE,완료,대체검증 또는 정적 검증 완료; 정식 Runtime 재확인,구현 완료·정식 Runtime 재확인,QA 재검수 대기,cpf-docs/evidence/development/DEVGPT-6D_09dd686/TEST_AND_EVIDENCE.md,Codex 독립검수 후 Java25·외부 환경 재실행
CPF-FR-003715,EXS-SEC,UNIT_TEST,완료,대체검증 또는 정적 검증 완료; 정식 Runtime 재확인,구현 완료·정식 Runtime 재확인,QA 재검수 대기,cpf-docs/evidence/development/DEVGPT-6D_09dd686/TEST_AND_EVIDENCE.md,Codex 독립검수 후 Java25·외부 환경 재실행
CPF-FR-003716,EXS-SEC,CONTRACT_TEST,완료,대체검증 또는 정적 검증 완료; 정식 Runtime 재확인,구현 완료·정식 Runtime 재확인,QA 재검수 대기,cpf-docs/evidence/development/DEVGPT-6D_09dd686/TEST_AND_EVIDENCE.md,Codex 독립검수 후 Java25·외부 환경 재실행
CPF-FR-003717,EXS-SEC,INTEGRATION_TEST,완료,대체검증 완료; Java25/실제 Runtime 미검증,구현 완료·정식 Runtime 재확인,QA 재검수 대기,cpf-docs/evidence/development/DEVGPT-6D_09dd686/TEST_AND_EVIDENCE.md,Java25 Gradle/외부 Provider/Process Kill Runtime 재실행
CPF-FR-003718,EXS-SEC,RUNTIME_TEST,완료,대체검증 완료; Java25/실제 Runtime 미검증,구현 완료·정식 Runtime 재확인,QA 재검수 대기,cpf-docs/evidence/development/DEVGPT-6D_09dd686/TEST_AND_EVIDENCE.md,Java25 Gradle/외부 Provider/Process Kill Runtime 재실행
CPF-FR-003719,EXS-SEC,FAULT_TEST,완료,대체검증 완료; Java25/실제 Runtime 미검증,구현 완료·정식 Runtime 재확인,QA 재검수 대기,cpf-docs/evidence/development/DEVGPT-6D_09dd686/TEST_AND_EVIDENCE.md,Java25 Gradle/외부 Provider/Process Kill Runtime 재실행
CPF-FR-003720,EXS-SEC,EVIDENCE,완료,대체검증 또는 정적 검증 완료; 정식 Runtime 재확인,구현 완료·정식 Runtime 재확인,QA 재검수 대기,cpf-docs/evidence/development/DEVGPT-6D_09dd686/TEST_AND_EVIDENCE.md,Codex 독립검수 후 Java25·외부 환경 재실행
CPF-FR-003721,EXS-SEC,HYGIENE,완료,대체검증 또는 정적 검증 완료; 정식 Runtime 재확인,구현 완료·정식 Runtime 재확인,QA 재검수 대기,cpf-docs/evidence/development/DEVGPT-6D_09dd686/TEST_AND_EVIDENCE.md,Codex 독립검수 후 Java25·외부 환경 재실행
CPF-FR-003722,EXS-FILE,PURPOSE,완료,대체검증 또는 정적 검증 완료; 정식 Runtime 재확인,구현 완료·정식 Runtime 재확인,QA 재검수 대기,cpf-docs/evidence/development/DEVGPT-6D_09dd686/TEST_AND_EVIDENCE.md,Codex 독립검수 후 Java25·외부 환경 재실행
CPF-FR-003723,EXS-FILE,OWNER,완료,대체검증 또는 정적 검증 완료; 정식 Runtime 재확인,구현 완료·정식 Runtime 재확인,QA 재검수 대기,cpf-docs/evidence/development/DEVGPT-6D_09dd686/TEST_AND_EVIDENCE.md,Codex 독립검수 후 Java25·외부 환경 재실행
CPF-FR-003724,EXS-FILE,CONSUMER,완료,대체검증 또는 정적 검증 완료; 정식 Runtime 재확인,구현 완료·정식 Runtime 재확인,QA 재검수 대기,cpf-docs/evidence/development/DEVGPT-6D_09dd686/TEST_AND_EVIDENCE.md,Codex 독립검수 후 Java25·외부 환경 재실행
CPF-FR-003725,EXS-FILE,PUBLIC_API,완료,대체검증 또는 정적 검증 완료; 정식 Runtime 재확인,구현 완료·정식 Runtime 재확인,QA 재검수 대기,cpf-docs/evidence/development/DEVGPT-6D_09dd686/TEST_AND_EVIDENCE.md,Codex 독립검수 후 Java25·외부 환경 재실행
CPF-FR-003726,EXS-FILE,EXTENSION_SPI,완료,대체검증 또는 정적 검증 완료; 정식 Runtime 재확인,구현 완료·정식 Runtime 재확인,QA 재검수 대기,cpf-docs/evidence/development/DEVGPT-6D_09dd686/TEST_AND_EVIDENCE.md,Codex 독립검수 후 Java25·외부 환경 재실행
CPF-FR-003727,EXS-FILE,INTERNAL_IMPL,완료,대체검증 또는 정적 검증 완료; 정식 Runtime 재확인,구현 완료·정식 Runtime 재확인,QA 재검수 대기,cpf-docs/evidence/development/DEVGPT-6D_09dd686/TEST_AND_EVIDENCE.md,Codex 독립검수 후 Java25·외부 환경 재실행
CPF-FR-003728,EXS-FILE,INPUT,완료,대체검증 또는 정적 검증 완료; 정식 Runtime 재확인,구현 완료·정식 Runtime 재확인,QA 재검수 대기,cpf-docs/evidence/development/DEVGPT-6D_09dd686/TEST_AND_EVIDENCE.md,Codex 독립검수 후 Java25·외부 환경 재실행
CPF-FR-003729,EXS-FILE,OUTPUT,완료,대체검증 또는 정적 검증 완료; 정식 Runtime 재확인,구현 완료·정식 Runtime 재확인,QA 재검수 대기,cpf-docs/evidence/development/DEVGPT-6D_09dd686/TEST_AND_EVIDENCE.md,Codex 독립검수 후 Java25·외부 환경 재실행
CPF-FR-003730,EXS-FILE,CONFIG,완료,대체검증 또는 정적 검증 완료; 정식 Runtime 재확인,구현 완료·정식 Runtime 재확인,QA 재검수 대기,cpf-docs/evidence/development/DEVGPT-6D_09dd686/TEST_AND_EVIDENCE.md,Codex 독립검수 후 Java25·외부 환경 재실행
CPF-FR-003731,EXS-FILE,VALIDATION,완료,대체검증 또는 정적 검증 완료; 정식 Runtime 재확인,구현 완료·정식 Runtime 재확인,QA 재검수 대기,cpf-docs/evidence/development/DEVGPT-6D_09dd686/TEST_AND_EVIDENCE.md,Codex 독립검수 후 Java25·외부 환경 재실행
CPF-FR-003732,EXS-FILE,STATE,완료,대체검증 또는 정적 검증 완료; 정식 Runtime 재확인,구현 완료·정식 Runtime 재확인,QA 재검수 대기,cpf-docs/evidence/development/DEVGPT-6D_09dd686/TEST_AND_EVIDENCE.md,Codex 독립검수 후 Java25·외부 환경 재실행
CPF-FR-003733,EXS-FILE,TRANSITION,완료,대체검증 또는 정적 검증 완료; 정식 Runtime 재확인,구현 완료·정식 Runtime 재확인,QA 재검수 대기,cpf-docs/evidence/development/DEVGPT-6D_09dd686/TEST_AND_EVIDENCE.md,Codex 독립검수 후 Java25·외부 환경 재실행
CPF-FR-003734,EXS-FILE,COMMAND,완료,대체검증 또는 정적 검증 완료; 정식 Runtime 재확인,구현 완료·정식 Runtime 재확인,QA 재검수 대기,cpf-docs/evidence/development/DEVGPT-6D_09dd686/TEST_AND_EVIDENCE.md,Codex 독립검수 후 Java25·외부 환경 재실행
CPF-FR-003735,EXS-FILE,QUERY,완료,대체검증 또는 정적 검증 완료; 정식 Runtime 재확인,구현 완료·정식 Runtime 재확인,QA 재검수 대기,cpf-docs/evidence/development/DEVGPT-6D_09dd686/TEST_AND_EVIDENCE.md,Codex 독립검수 후 Java25·외부 환경 재실행
CPF-FR-003736,EXS-FILE,IDEMPOTENCY,완료,대체검증 또는 정적 검증 완료; 정식 Runtime 재확인,구현 완료·정식 Runtime 재확인,QA 재검수 대기,cpf-docs/evidence/development/DEVGPT-6D_09dd686/TEST_AND_EVIDENCE.md,Codex 독립검수 후 Java25·외부 환경 재실행
CPF-FR-003737,EXS-FILE,CONCURRENCY,완료,대체검증 또는 정적 검증 완료; 정식 Runtime 재확인,구현 완료·정식 Runtime 재확인,QA 재검수 대기,cpf-docs/evidence/development/DEVGPT-6D_09dd686/TEST_AND_EVIDENCE.md,Codex 독립검수 후 Java25·외부 환경 재실행
CPF-FR-003738,EXS-FILE,DEADLINE,완료,대체검증 또는 정적 검증 완료; 정식 Runtime 재확인,구현 완료·정식 Runtime 재확인,QA 재검수 대기,cpf-docs/evidence/development/DEVGPT-6D_09dd686/TEST_AND_EVIDENCE.md,Codex 독립검수 후 Java25·외부 환경 재실행
CPF-FR-003739,EXS-FILE,RETRY,완료,대체검증 또는 정적 검증 완료; 정식 Runtime 재확인,구현 완료·정식 Runtime 재확인,QA 재검수 대기,cpf-docs/evidence/development/DEVGPT-6D_09dd686/TEST_AND_EVIDENCE.md,Codex 독립검수 후 Java25·외부 환경 재실행
CPF-FR-003740,EXS-FILE,CIRCUIT,완료,대체검증 또는 정적 검증 완료; 정식 Runtime 재확인,구현 완료·정식 Runtime 재확인,QA 재검수 대기,cpf-docs/evidence/development/DEVGPT-6D_09dd686/TEST_AND_EVIDENCE.md,Codex 독립검수 후 Java25·외부 환경 재실행
CPF-FR-003741,EXS-FILE,UNKNOWN,완료,대체검증 또는 정적 검증 완료; 정식 Runtime 재확인,구현 완료·정식 Runtime 재확인,QA 재검수 대기,cpf-docs/evidence/development/DEVGPT-6D_09dd686/TEST_AND_EVIDENCE.md,Codex 독립검수 후 Java25·외부 환경 재실행
CPF-FR-003742,EXS-FILE,RECONCILE,완료,대체검증 또는 정적 검증 완료; 정식 Runtime 재확인,구현 완료·정식 Runtime 재확인,QA 재검수 대기,cpf-docs/evidence/development/DEVGPT-6D_09dd686/TEST_AND_EVIDENCE.md,Codex 독립검수 후 Java25·외부 환경 재실행
CPF-FR-003743,EXS-FILE,RECOVERY,완료,대체검증 또는 정적 검증 완료; 정식 Runtime 재확인,구현 완료·정식 Runtime 재확인,QA 재검수 대기,cpf-docs/evidence/development/DEVGPT-6D_09dd686/TEST_AND_EVIDENCE.md,Codex 독립검수 후 Java25·외부 환경 재실행
CPF-FR-003744,EXS-FILE,COMPENSATION,완료,대체검증 또는 정적 검증 완료; 정식 Runtime 재확인,구현 완료·정식 Runtime 재확인,QA 재검수 대기,cpf-docs/evidence/development/DEVGPT-6D_09dd686/TEST_AND_EVIDENCE.md,Codex 독립검수 후 Java25·외부 환경 재실행
CPF-FR-003745,EXS-FILE,ROLLBACK,완료,대체검증 또는 정적 검증 완료; 정식 Runtime 재확인,구현 완료·정식 Runtime 재확인,QA 재검수 대기,cpf-docs/evidence/development/DEVGPT-6D_09dd686/TEST_AND_EVIDENCE.md,Codex 독립검수 후 Java25·외부 환경 재실행
CPF-FR-003746,EXS-FILE,MULTI_INSTANCE,완료,대체검증 또는 정적 검증 완료; 정식 Runtime 재확인,구현 완료·정식 Runtime 재확인,QA 재검수 대기,cpf-docs/evidence/development/DEVGPT-6D_09dd686/TEST_AND_EVIDENCE.md,Codex 독립검수 후 Java25·외부 환경 재실행
CPF-FR-003747,EXS-FILE,LOCAL_REMOTE,완료,대체검증 또는 정적 검증 완료; 정식 Runtime 재확인,구현 완료·정식 Runtime 재확인,QA 재검수 대기,cpf-docs/evidence/development/DEVGPT-6D_09dd686/TEST_AND_EVIDENCE.md,Codex 독립검수 후 Java25·외부 환경 재실행
CPF-FR-003748,EXS-FILE,MIXED_VERSION,완료,대체검증 또는 정적 검증 완료; 정식 Runtime 재확인,구현 완료·정식 Runtime 재확인,QA 재검수 대기,cpf-docs/evidence/development/DEVGPT-6D_09dd686/TEST_AND_EVIDENCE.md,Codex 독립검수 후 Java25·외부 환경 재실행
CPF-FR-003749,EXS-FILE,AUTHN,완료,대체검증 또는 정적 검증 완료; 정식 Runtime 재확인,구현 완료·정식 Runtime 재확인,QA 재검수 대기,cpf-docs/evidence/development/DEVGPT-6D_09dd686/TEST_AND_EVIDENCE.md,Codex 독립검수 후 Java25·외부 환경 재실행
CPF-FR-003750,EXS-FILE,AUTHZ,완료,대체검증 또는 정적 검증 완료; 정식 Runtime 재확인,구현 완료·정식 Runtime 재확인,QA 재검수 대기,cpf-docs/evidence/development/DEVGPT-6D_09dd686/TEST_AND_EVIDENCE.md,Codex 독립검수 후 Java25·외부 환경 재실행
CPF-FR-003751,EXS-FILE,DATA_SCOPE,완료,대체검증 또는 정적 검증 완료; 정식 Runtime 재확인,구현 완료·정식 Runtime 재확인,QA 재검수 대기,cpf-docs/evidence/development/DEVGPT-6D_09dd686/TEST_AND_EVIDENCE.md,Codex 독립검수 후 Java25·외부 환경 재실행
CPF-FR-003752,EXS-FILE,MASKING,완료,대체검증 또는 정적 검증 완료; 정식 Runtime 재확인,구현 완료·정식 Runtime 재확인,QA 재검수 대기,cpf-docs/evidence/development/DEVGPT-6D_09dd686/TEST_AND_EVIDENCE.md,Codex 독립검수 후 Java25·외부 환경 재실행
CPF-FR-003753,EXS-FILE,REASON,미완료,정적 계약 확인,교차 세션 변경 대기,QA 재검수 대기,cpf-docs/evidence/development/DEVGPT-6D_09dd686/TEST_AND_EVIDENCE.md,DEVGPT-6C 승인·사유·만료 Runtime Control 연결 후 재검증
CPF-FR-003754,EXS-FILE,APPROVAL,미완료,정적 계약 확인,교차 세션 변경 대기,QA 재검수 대기,cpf-docs/evidence/development/DEVGPT-6D_09dd686/TEST_AND_EVIDENCE.md,DEVGPT-6C 승인·사유·만료 Runtime Control 연결 후 재검증
CPF-FR-003755,EXS-FILE,AUDIT,완료,대체검증 또는 정적 검증 완료; 정식 Runtime 재확인,구현 완료·정식 Runtime 재확인,QA 재검수 대기,cpf-docs/evidence/development/DEVGPT-6D_09dd686/TEST_AND_EVIDENCE.md,Codex 독립검수 후 Java25·외부 환경 재실행
CPF-FR-003756,EXS-FILE,LOG,완료,대체검증 또는 정적 검증 완료; 정식 Runtime 재확인,구현 완료·정식 Runtime 재확인,QA 재검수 대기,cpf-docs/evidence/development/DEVGPT-6D_09dd686/TEST_AND_EVIDENCE.md,Codex 독립검수 후 Java25·외부 환경 재실행
CPF-FR-003757,EXS-FILE,METRIC,완료,대체검증 또는 정적 검증 완료; 정식 Runtime 재확인,구현 완료·정식 Runtime 재확인,QA 재검수 대기,cpf-docs/evidence/development/DEVGPT-6D_09dd686/TEST_AND_EVIDENCE.md,Codex 독립검수 후 Java25·외부 환경 재실행
CPF-FR-003758,EXS-FILE,TRACE,완료,대체검증 또는 정적 검증 완료; 정식 Runtime 재확인,구현 완료·정식 Runtime 재확인,QA 재검수 대기,cpf-docs/evidence/development/DEVGPT-6D_09dd686/TEST_AND_EVIDENCE.md,Codex 독립검수 후 Java25·외부 환경 재실행
CPF-FR-003759,EXS-FILE,HEALTH,완료,대체검증 또는 정적 검증 완료; 정식 Runtime 재확인,구현 완료·정식 Runtime 재확인,QA 재검수 대기,cpf-docs/evidence/development/DEVGPT-6D_09dd686/TEST_AND_EVIDENCE.md,Codex 독립검수 후 Java25·외부 환경 재실행
CPF-FR-003760,EXS-FILE,ALERT_RUNBOOK,완료,대체검증 또는 정적 검증 완료; 정식 Runtime 재확인,구현 완료·정식 Runtime 재확인,QA 재검수 대기,cpf-docs/evidence/development/DEVGPT-6D_09dd686/TEST_AND_EVIDENCE.md,Codex 독립검수 후 Java25·외부 환경 재실행
CPF-FR-003761,EXS-FILE,RESOURCE,완료,대체검증 또는 정적 검증 완료; 정식 Runtime 재확인,구현 완료·정식 Runtime 재확인,QA 재검수 대기,cpf-docs/evidence/development/DEVGPT-6D_09dd686/TEST_AND_EVIDENCE.md,Codex 독립검수 후 Java25·외부 환경 재실행
CPF-FR-003762,EXS-FILE,DB_OWNER,미완료,미검증,교차 세션 변경 대기,QA 재검수 대기,cpf-docs/evidence/development/DEVGPT-6D_09dd686/TEST_AND_EVIDENCE.md,DEVGPT-6E 산출물 적용 후 정식 통합 재검증
CPF-FR-003763,EXS-FILE,DB_SCHEMA,미완료,미검증,교차 세션 변경 대기,QA 재검수 대기,cpf-docs/evidence/development/DEVGPT-6D_09dd686/TEST_AND_EVIDENCE.md,DEVGPT-6E 산출물 적용 후 정식 통합 재검증
CPF-FR-003764,EXS-FILE,DB_QUERY,미완료,미검증,교차 세션 변경 대기,QA 재검수 대기,cpf-docs/evidence/development/DEVGPT-6D_09dd686/TEST_AND_EVIDENCE.md,DEVGPT-6E 산출물 적용 후 정식 통합 재검증
CPF-FR-003765,EXS-FILE,DB_MIGRATION,미완료,미검증,교차 세션 변경 대기,QA 재검수 대기,cpf-docs/evidence/development/DEVGPT-6D_09dd686/TEST_AND_EVIDENCE.md,DEVGPT-6E 산출물 적용 후 정식 통합 재검증
CPF-FR-003766,EXS-FILE,DB_ROLLBACK,미완료,미검증,교차 세션 변경 대기,QA 재검수 대기,cpf-docs/evidence/development/DEVGPT-6D_09dd686/TEST_AND_EVIDENCE.md,DEVGPT-6E 산출물 적용 후 정식 통합 재검증
CPF-FR-003767,EXS-FILE,DB_VENDOR,미완료,미검증,교차 세션 변경 대기,QA 재검수 대기,cpf-docs/evidence/development/DEVGPT-6D_09dd686/TEST_AND_EVIDENCE.md,DEVGPT-6E 산출물 적용 후 정식 통합 재검증
CPF-FR-003768,EXS-FILE,API_OPENAPI,미완료,미검증,교차 세션 변경 대기,QA 재검수 대기,cpf-docs/evidence/development/DEVGPT-6D_09dd686/TEST_AND_EVIDENCE.md,DEVGPT-6A 산출물 적용 후 정식 통합 재검증
CPF-FR-003769,EXS-FILE,FRONTEND,미완료,미검증,교차 세션 변경 대기,QA 재검수 대기,cpf-docs/evidence/development/DEVGPT-6D_09dd686/TEST_AND_EVIDENCE.md,DEVGPT-6A 산출물 적용 후 정식 통합 재검증
CPF-FR-003770,EXS-FILE,ADM_UI,미완료,미검증,교차 세션 변경 대기,QA 재검수 대기,cpf-docs/evidence/development/DEVGPT-6D_09dd686/TEST_AND_EVIDENCE.md,DEVGPT-6A 산출물 적용 후 정식 통합 재검증
CPF-FR-003771,EXS-FILE,BZA_UI,미완료,미검증,교차 세션 변경 대기,QA 재검수 대기,cpf-docs/evidence/development/DEVGPT-6D_09dd686/TEST_AND_EVIDENCE.md,DEVGPT-6A 산출물 적용 후 정식 통합 재검증
CPF-FR-003772,EXS-FILE,GENERATOR,미완료,미검증,교차 세션 변경 대기,QA 재검수 대기,cpf-docs/evidence/development/DEVGPT-6D_09dd686/TEST_AND_EVIDENCE.md,DEVGPT-6F 산출물 적용 후 정식 통합 재검증
CPF-FR-003773,EXS-FILE,SAMPLE_EDU,완료,대체검증 또는 정적 검증 완료; 정식 Runtime 재확인,구현 완료·정식 Runtime 재확인,QA 재검수 대기,cpf-docs/evidence/development/DEVGPT-6D_09dd686/TEST_AND_EVIDENCE.md,Codex 독립검수 후 Java25·외부 환경 재실행
CPF-FR-003774,EXS-FILE,JAVADOC,완료,대체검증 또는 정적 검증 완료; 정식 Runtime 재확인,구현 완료·정식 Runtime 재확인,QA 재검수 대기,cpf-docs/evidence/development/DEVGPT-6D_09dd686/TEST_AND_EVIDENCE.md,Codex 독립검수 후 Java25·외부 환경 재실행
CPF-FR-003775,EXS-FILE,GUIDE,완료,대체검증 또는 정적 검증 완료; 정식 Runtime 재확인,구현 완료·정식 Runtime 재확인,QA 재검수 대기,cpf-docs/evidence/development/DEVGPT-6D_09dd686/TEST_AND_EVIDENCE.md,Codex 독립검수 후 Java25·외부 환경 재실행
CPF-FR-003776,EXS-FILE,UNIT_TEST,완료,대체검증 또는 정적 검증 완료; 정식 Runtime 재확인,구현 완료·정식 Runtime 재확인,QA 재검수 대기,cpf-docs/evidence/development/DEVGPT-6D_09dd686/TEST_AND_EVIDENCE.md,Codex 독립검수 후 Java25·외부 환경 재실행
CPF-FR-003777,EXS-FILE,CONTRACT_TEST,완료,대체검증 또는 정적 검증 완료; 정식 Runtime 재확인,구현 완료·정식 Runtime 재확인,QA 재검수 대기,cpf-docs/evidence/development/DEVGPT-6D_09dd686/TEST_AND_EVIDENCE.md,Codex 독립검수 후 Java25·외부 환경 재실행
CPF-FR-003778,EXS-FILE,INTEGRATION_TEST,완료,대체검증 완료; Java25/실제 Runtime 미검증,구현 완료·정식 Runtime 재확인,QA 재검수 대기,cpf-docs/evidence/development/DEVGPT-6D_09dd686/TEST_AND_EVIDENCE.md,Java25 Gradle/외부 Provider/Process Kill Runtime 재실행
CPF-FR-003779,EXS-FILE,RUNTIME_TEST,완료,대체검증 완료; Java25/실제 Runtime 미검증,구현 완료·정식 Runtime 재확인,QA 재검수 대기,cpf-docs/evidence/development/DEVGPT-6D_09dd686/TEST_AND_EVIDENCE.md,Java25 Gradle/외부 Provider/Process Kill Runtime 재실행
CPF-FR-003780,EXS-FILE,FAULT_TEST,완료,대체검증 완료; Java25/실제 Runtime 미검증,구현 완료·정식 Runtime 재확인,QA 재검수 대기,cpf-docs/evidence/development/DEVGPT-6D_09dd686/TEST_AND_EVIDENCE.md,Java25 Gradle/외부 Provider/Process Kill Runtime 재실행
CPF-FR-003781,EXS-FILE,EVIDENCE,완료,대체검증 또는 정적 검증 완료; 정식 Runtime 재확인,구현 완료·정식 Runtime 재확인,QA 재검수 대기,cpf-docs/evidence/development/DEVGPT-6D_09dd686/TEST_AND_EVIDENCE.md,Codex 독립검수 후 Java25·외부 환경 재실행
CPF-FR-003782,EXS-FILE,HYGIENE,완료,대체검증 또는 정적 검증 완료; 정식 Runtime 재확인,구현 완료·정식 Runtime 재확인,QA 재검수 대기,cpf-docs/evidence/development/DEVGPT-6D_09dd686/TEST_AND_EVIDENCE.md,Codex 독립검수 후 Java25·외부 환경 재실행
CPF-FR-003783,EXS-UNKNOWN,PURPOSE,완료,대체검증 또는 정적 검증 완료; 정식 Runtime 재확인,구현 완료·정식 Runtime 재확인,QA 재검수 대기,cpf-docs/evidence/development/DEVGPT-6D_09dd686/TEST_AND_EVIDENCE.md,Codex 독립검수 후 Java25·외부 환경 재실행
CPF-FR-003784,EXS-UNKNOWN,OWNER,완료,대체검증 또는 정적 검증 완료; 정식 Runtime 재확인,구현 완료·정식 Runtime 재확인,QA 재검수 대기,cpf-docs/evidence/development/DEVGPT-6D_09dd686/TEST_AND_EVIDENCE.md,Codex 독립검수 후 Java25·외부 환경 재실행
CPF-FR-003785,EXS-UNKNOWN,CONSUMER,완료,대체검증 또는 정적 검증 완료; 정식 Runtime 재확인,구현 완료·정식 Runtime 재확인,QA 재검수 대기,cpf-docs/evidence/development/DEVGPT-6D_09dd686/TEST_AND_EVIDENCE.md,Codex 독립검수 후 Java25·외부 환경 재실행
CPF-FR-003786,EXS-UNKNOWN,PUBLIC_API,완료,대체검증 또는 정적 검증 완료; 정식 Runtime 재확인,구현 완료·정식 Runtime 재확인,QA 재검수 대기,cpf-docs/evidence/development/DEVGPT-6D_09dd686/TEST_AND_EVIDENCE.md,Codex 독립검수 후 Java25·외부 환경 재실행
CPF-FR-003787,EXS-UNKNOWN,EXTENSION_SPI,완료,대체검증 또는 정적 검증 완료; 정식 Runtime 재확인,구현 완료·정식 Runtime 재확인,QA 재검수 대기,cpf-docs/evidence/development/DEVGPT-6D_09dd686/TEST_AND_EVIDENCE.md,Codex 독립검수 후 Java25·외부 환경 재실행
CPF-FR-003788,EXS-UNKNOWN,INTERNAL_IMPL,완료,대체검증 또는 정적 검증 완료; 정식 Runtime 재확인,구현 완료·정식 Runtime 재확인,QA 재검수 대기,cpf-docs/evidence/development/DEVGPT-6D_09dd686/TEST_AND_EVIDENCE.md,Codex 독립검수 후 Java25·외부 환경 재실행
CPF-FR-003789,EXS-UNKNOWN,INPUT,완료,대체검증 또는 정적 검증 완료; 정식 Runtime 재확인,구현 완료·정식 Runtime 재확인,QA 재검수 대기,cpf-docs/evidence/development/DEVGPT-6D_09dd686/TEST_AND_EVIDENCE.md,Codex 독립검수 후 Java25·외부 환경 재실행
CPF-FR-003790,EXS-UNKNOWN,OUTPUT,완료,대체검증 또는 정적 검증 완료; 정식 Runtime 재확인,구현 완료·정식 Runtime 재확인,QA 재검수 대기,cpf-docs/evidence/development/DEVGPT-6D_09dd686/TEST_AND_EVIDENCE.md,Codex 독립검수 후 Java25·외부 환경 재실행
CPF-FR-003791,EXS-UNKNOWN,CONFIG,완료,대체검증 또는 정적 검증 완료; 정식 Runtime 재확인,구현 완료·정식 Runtime 재확인,QA 재검수 대기,cpf-docs/evidence/development/DEVGPT-6D_09dd686/TEST_AND_EVIDENCE.md,Codex 독립검수 후 Java25·외부 환경 재실행
CPF-FR-003792,EXS-UNKNOWN,VALIDATION,완료,대체검증 또는 정적 검증 완료; 정식 Runtime 재확인,구현 완료·정식 Runtime 재확인,QA 재검수 대기,cpf-docs/evidence/development/DEVGPT-6D_09dd686/TEST_AND_EVIDENCE.md,Codex 독립검수 후 Java25·외부 환경 재실행
CPF-FR-003793,EXS-UNKNOWN,STATE,완료,대체검증 또는 정적 검증 완료; 정식 Runtime 재확인,구현 완료·정식 Runtime 재확인,QA 재검수 대기,cpf-docs/evidence/development/DEVGPT-6D_09dd686/TEST_AND_EVIDENCE.md,Codex 독립검수 후 Java25·외부 환경 재실행
CPF-FR-003794,EXS-UNKNOWN,TRANSITION,완료,대체검증 또는 정적 검증 완료; 정식 Runtime 재확인,구현 완료·정식 Runtime 재확인,QA 재검수 대기,cpf-docs/evidence/development/DEVGPT-6D_09dd686/TEST_AND_EVIDENCE.md,Codex 독립검수 후 Java25·외부 환경 재실행
CPF-FR-003795,EXS-UNKNOWN,COMMAND,완료,대체검증 또는 정적 검증 완료; 정식 Runtime 재확인,구현 완료·정식 Runtime 재확인,QA 재검수 대기,cpf-docs/evidence/development/DEVGPT-6D_09dd686/TEST_AND_EVIDENCE.md,Codex 독립검수 후 Java25·외부 환경 재실행
CPF-FR-003796,EXS-UNKNOWN,QUERY,완료,대체검증 또는 정적 검증 완료; 정식 Runtime 재확인,구현 완료·정식 Runtime 재확인,QA 재검수 대기,cpf-docs/evidence/development/DEVGPT-6D_09dd686/TEST_AND_EVIDENCE.md,Codex 독립검수 후 Java25·외부 환경 재실행
CPF-FR-003797,EXS-UNKNOWN,IDEMPOTENCY,완료,대체검증 또는 정적 검증 완료; 정식 Runtime 재확인,구현 완료·정식 Runtime 재확인,QA 재검수 대기,cpf-docs/evidence/development/DEVGPT-6D_09dd686/TEST_AND_EVIDENCE.md,Codex 독립검수 후 Java25·외부 환경 재실행
CPF-FR-003798,EXS-UNKNOWN,CONCURRENCY,완료,대체검증 또는 정적 검증 완료; 정식 Runtime 재확인,구현 완료·정식 Runtime 재확인,QA 재검수 대기,cpf-docs/evidence/development/DEVGPT-6D_09dd686/TEST_AND_EVIDENCE.md,Codex 독립검수 후 Java25·외부 환경 재실행
CPF-FR-003799,EXS-UNKNOWN,DEADLINE,완료,대체검증 또는 정적 검증 완료; 정식 Runtime 재확인,구현 완료·정식 Runtime 재확인,QA 재검수 대기,cpf-docs/evidence/development/DEVGPT-6D_09dd686/TEST_AND_EVIDENCE.md,Codex 독립검수 후 Java25·외부 환경 재실행
CPF-FR-003800,EXS-UNKNOWN,RETRY,완료,대체검증 또는 정적 검증 완료; 정식 Runtime 재확인,구현 완료·정식 Runtime 재확인,QA 재검수 대기,cpf-docs/evidence/development/DEVGPT-6D_09dd686/TEST_AND_EVIDENCE.md,Codex 독립검수 후 Java25·외부 환경 재실행
CPF-FR-003801,EXS-UNKNOWN,CIRCUIT,완료,대체검증 또는 정적 검증 완료; 정식 Runtime 재확인,구현 완료·정식 Runtime 재확인,QA 재검수 대기,cpf-docs/evidence/development/DEVGPT-6D_09dd686/TEST_AND_EVIDENCE.md,Codex 독립검수 후 Java25·외부 환경 재실행
CPF-FR-003802,EXS-UNKNOWN,UNKNOWN,완료,대체검증 또는 정적 검증 완료; 정식 Runtime 재확인,구현 완료·정식 Runtime 재확인,QA 재검수 대기,cpf-docs/evidence/development/DEVGPT-6D_09dd686/TEST_AND_EVIDENCE.md,Codex 독립검수 후 Java25·외부 환경 재실행
CPF-FR-003803,EXS-UNKNOWN,RECONCILE,완료,대체검증 또는 정적 검증 완료; 정식 Runtime 재확인,구현 완료·정식 Runtime 재확인,QA 재검수 대기,cpf-docs/evidence/development/DEVGPT-6D_09dd686/TEST_AND_EVIDENCE.md,Codex 독립검수 후 Java25·외부 환경 재실행
CPF-FR-003804,EXS-UNKNOWN,RECOVERY,완료,대체검증 또는 정적 검증 완료; 정식 Runtime 재확인,구현 완료·정식 Runtime 재확인,QA 재검수 대기,cpf-docs/evidence/development/DEVGPT-6D_09dd686/TEST_AND_EVIDENCE.md,Codex 독립검수 후 Java25·외부 환경 재실행
CPF-FR-003805,EXS-UNKNOWN,COMPENSATION,완료,대체검증 또는 정적 검증 완료; 정식 Runtime 재확인,구현 완료·정식 Runtime 재확인,QA 재검수 대기,cpf-docs/evidence/development/DEVGPT-6D_09dd686/TEST_AND_EVIDENCE.md,Codex 독립검수 후 Java25·외부 환경 재실행
CPF-FR-003806,EXS-UNKNOWN,ROLLBACK,완료,대체검증 또는 정적 검증 완료; 정식 Runtime 재확인,구현 완료·정식 Runtime 재확인,QA 재검수 대기,cpf-docs/evidence/development/DEVGPT-6D_09dd686/TEST_AND_EVIDENCE.md,Codex 독립검수 후 Java25·외부 환경 재실행
CPF-FR-003807,EXS-UNKNOWN,MULTI_INSTANCE,완료,대체검증 또는 정적 검증 완료; 정식 Runtime 재확인,구현 완료·정식 Runtime 재확인,QA 재검수 대기,cpf-docs/evidence/development/DEVGPT-6D_09dd686/TEST_AND_EVIDENCE.md,Codex 독립검수 후 Java25·외부 환경 재실행
CPF-FR-003808,EXS-UNKNOWN,LOCAL_REMOTE,완료,대체검증 또는 정적 검증 완료; 정식 Runtime 재확인,구현 완료·정식 Runtime 재확인,QA 재검수 대기,cpf-docs/evidence/development/DEVGPT-6D_09dd686/TEST_AND_EVIDENCE.md,Codex 독립검수 후 Java25·외부 환경 재실행
CPF-FR-003809,EXS-UNKNOWN,MIXED_VERSION,완료,대체검증 또는 정적 검증 완료; 정식 Runtime 재확인,구현 완료·정식 Runtime 재확인,QA 재검수 대기,cpf-docs/evidence/development/DEVGPT-6D_09dd686/TEST_AND_EVIDENCE.md,Codex 독립검수 후 Java25·외부 환경 재실행
CPF-FR-003810,EXS-UNKNOWN,AUTHN,완료,대체검증 또는 정적 검증 완료; 정식 Runtime 재확인,구현 완료·정식 Runtime 재확인,QA 재검수 대기,cpf-docs/evidence/development/DEVGPT-6D_09dd686/TEST_AND_EVIDENCE.md,Codex 독립검수 후 Java25·외부 환경 재실행
CPF-FR-003811,EXS-UNKNOWN,AUTHZ,완료,대체검증 또는 정적 검증 완료; 정식 Runtime 재확인,구현 완료·정식 Runtime 재확인,QA 재검수 대기,cpf-docs/evidence/development/DEVGPT-6D_09dd686/TEST_AND_EVIDENCE.md,Codex 독립검수 후 Java25·외부 환경 재실행
CPF-FR-003812,EXS-UNKNOWN,DATA_SCOPE,완료,대체검증 또는 정적 검증 완료; 정식 Runtime 재확인,구현 완료·정식 Runtime 재확인,QA 재검수 대기,cpf-docs/evidence/development/DEVGPT-6D_09dd686/TEST_AND_EVIDENCE.md,Codex 독립검수 후 Java25·외부 환경 재실행
CPF-FR-003813,EXS-UNKNOWN,MASKING,완료,대체검증 또는 정적 검증 완료; 정식 Runtime 재확인,구현 완료·정식 Runtime 재확인,QA 재검수 대기,cpf-docs/evidence/development/DEVGPT-6D_09dd686/TEST_AND_EVIDENCE.md,Codex 독립검수 후 Java25·외부 환경 재실행
CPF-FR-003814,EXS-UNKNOWN,REASON,미완료,정적 계약 확인,교차 세션 변경 대기,QA 재검수 대기,cpf-docs/evidence/development/DEVGPT-6D_09dd686/TEST_AND_EVIDENCE.md,DEVGPT-6C 승인·사유·만료 Runtime Control 연결 후 재검증
CPF-FR-003815,EXS-UNKNOWN,APPROVAL,미완료,정적 계약 확인,교차 세션 변경 대기,QA 재검수 대기,cpf-docs/evidence/development/DEVGPT-6D_09dd686/TEST_AND_EVIDENCE.md,DEVGPT-6C 승인·사유·만료 Runtime Control 연결 후 재검증
CPF-FR-003816,EXS-UNKNOWN,AUDIT,완료,대체검증 또는 정적 검증 완료; 정식 Runtime 재확인,구현 완료·정식 Runtime 재확인,QA 재검수 대기,cpf-docs/evidence/development/DEVGPT-6D_09dd686/TEST_AND_EVIDENCE.md,Codex 독립검수 후 Java25·외부 환경 재실행
CPF-FR-003817,EXS-UNKNOWN,LOG,완료,대체검증 또는 정적 검증 완료; 정식 Runtime 재확인,구현 완료·정식 Runtime 재확인,QA 재검수 대기,cpf-docs/evidence/development/DEVGPT-6D_09dd686/TEST_AND_EVIDENCE.md,Codex 독립검수 후 Java25·외부 환경 재실행
CPF-FR-003818,EXS-UNKNOWN,METRIC,완료,대체검증 또는 정적 검증 완료; 정식 Runtime 재확인,구현 완료·정식 Runtime 재확인,QA 재검수 대기,cpf-docs/evidence/development/DEVGPT-6D_09dd686/TEST_AND_EVIDENCE.md,Codex 독립검수 후 Java25·외부 환경 재실행
CPF-FR-003819,EXS-UNKNOWN,TRACE,완료,대체검증 또는 정적 검증 완료; 정식 Runtime 재확인,구현 완료·정식 Runtime 재확인,QA 재검수 대기,cpf-docs/evidence/development/DEVGPT-6D_09dd686/TEST_AND_EVIDENCE.md,Codex 독립검수 후 Java25·외부 환경 재실행
CPF-FR-003820,EXS-UNKNOWN,HEALTH,완료,대체검증 또는 정적 검증 완료; 정식 Runtime 재확인,구현 완료·정식 Runtime 재확인,QA 재검수 대기,cpf-docs/evidence/development/DEVGPT-6D_09dd686/TEST_AND_EVIDENCE.md,Codex 독립검수 후 Java25·외부 환경 재실행
CPF-FR-003821,EXS-UNKNOWN,ALERT_RUNBOOK,완료,대체검증 또는 정적 검증 완료; 정식 Runtime 재확인,구현 완료·정식 Runtime 재확인,QA 재검수 대기,cpf-docs/evidence/development/DEVGPT-6D_09dd686/TEST_AND_EVIDENCE.md,Codex 독립검수 후 Java25·외부 환경 재실행
CPF-FR-003822,EXS-UNKNOWN,RESOURCE,완료,대체검증 또는 정적 검증 완료; 정식 Runtime 재확인,구현 완료·정식 Runtime 재확인,QA 재검수 대기,cpf-docs/evidence/development/DEVGPT-6D_09dd686/TEST_AND_EVIDENCE.md,Codex 독립검수 후 Java25·외부 환경 재실행
CPF-FR-003823,EXS-UNKNOWN,DB_OWNER,미완료,미검증,교차 세션 변경 대기,QA 재검수 대기,cpf-docs/evidence/development/DEVGPT-6D_09dd686/TEST_AND_EVIDENCE.md,DEVGPT-6E 산출물 적용 후 정식 통합 재검증
CPF-FR-003824,EXS-UNKNOWN,DB_SCHEMA,미완료,미검증,교차 세션 변경 대기,QA 재검수 대기,cpf-docs/evidence/development/DEVGPT-6D_09dd686/TEST_AND_EVIDENCE.md,DEVGPT-6E 산출물 적용 후 정식 통합 재검증
CPF-FR-003825,EXS-UNKNOWN,DB_QUERY,미완료,미검증,교차 세션 변경 대기,QA 재검수 대기,cpf-docs/evidence/development/DEVGPT-6D_09dd686/TEST_AND_EVIDENCE.md,DEVGPT-6E 산출물 적용 후 정식 통합 재검증
CPF-FR-003826,EXS-UNKNOWN,DB_MIGRATION,미완료,미검증,교차 세션 변경 대기,QA 재검수 대기,cpf-docs/evidence/development/DEVGPT-6D_09dd686/TEST_AND_EVIDENCE.md,DEVGPT-6E 산출물 적용 후 정식 통합 재검증
CPF-FR-003827,EXS-UNKNOWN,DB_ROLLBACK,미완료,미검증,교차 세션 변경 대기,QA 재검수 대기,cpf-docs/evidence/development/DEVGPT-6D_09dd686/TEST_AND_EVIDENCE.md,DEVGPT-6E 산출물 적용 후 정식 통합 재검증
CPF-FR-003828,EXS-UNKNOWN,DB_VENDOR,미완료,미검증,교차 세션 변경 대기,QA 재검수 대기,cpf-docs/evidence/development/DEVGPT-6D_09dd686/TEST_AND_EVIDENCE.md,DEVGPT-6E 산출물 적용 후 정식 통합 재검증
CPF-FR-003829,EXS-UNKNOWN,API_OPENAPI,미완료,미검증,교차 세션 변경 대기,QA 재검수 대기,cpf-docs/evidence/development/DEVGPT-6D_09dd686/TEST_AND_EVIDENCE.md,DEVGPT-6A 산출물 적용 후 정식 통합 재검증
CPF-FR-003830,EXS-UNKNOWN,FRONTEND,미완료,미검증,교차 세션 변경 대기,QA 재검수 대기,cpf-docs/evidence/development/DEVGPT-6D_09dd686/TEST_AND_EVIDENCE.md,DEVGPT-6A 산출물 적용 후 정식 통합 재검증
CPF-FR-003831,EXS-UNKNOWN,ADM_UI,미완료,미검증,교차 세션 변경 대기,QA 재검수 대기,cpf-docs/evidence/development/DEVGPT-6D_09dd686/TEST_AND_EVIDENCE.md,DEVGPT-6A 산출물 적용 후 정식 통합 재검증
CPF-FR-003832,EXS-UNKNOWN,BZA_UI,미완료,미검증,교차 세션 변경 대기,QA 재검수 대기,cpf-docs/evidence/development/DEVGPT-6D_09dd686/TEST_AND_EVIDENCE.md,DEVGPT-6A 산출물 적용 후 정식 통합 재검증
CPF-FR-003833,EXS-UNKNOWN,GENERATOR,미완료,미검증,교차 세션 변경 대기,QA 재검수 대기,cpf-docs/evidence/development/DEVGPT-6D_09dd686/TEST_AND_EVIDENCE.md,DEVGPT-6F 산출물 적용 후 정식 통합 재검증
CPF-FR-003834,EXS-UNKNOWN,SAMPLE_EDU,완료,대체검증 또는 정적 검증 완료; 정식 Runtime 재확인,구현 완료·정식 Runtime 재확인,QA 재검수 대기,cpf-docs/evidence/development/DEVGPT-6D_09dd686/TEST_AND_EVIDENCE.md,Codex 독립검수 후 Java25·외부 환경 재실행
CPF-FR-003835,EXS-UNKNOWN,JAVADOC,완료,대체검증 또는 정적 검증 완료; 정식 Runtime 재확인,구현 완료·정식 Runtime 재확인,QA 재검수 대기,cpf-docs/evidence/development/DEVGPT-6D_09dd686/TEST_AND_EVIDENCE.md,Codex 독립검수 후 Java25·외부 환경 재실행
CPF-FR-003836,EXS-UNKNOWN,GUIDE,완료,대체검증 또는 정적 검증 완료; 정식 Runtime 재확인,구현 완료·정식 Runtime 재확인,QA 재검수 대기,cpf-docs/evidence/development/DEVGPT-6D_09dd686/TEST_AND_EVIDENCE.md,Codex 독립검수 후 Java25·외부 환경 재실행
CPF-FR-003837,EXS-UNKNOWN,UNIT_TEST,완료,대체검증 또는 정적 검증 완료; 정식 Runtime 재확인,구현 완료·정식 Runtime 재확인,QA 재검수 대기,cpf-docs/evidence/development/DEVGPT-6D_09dd686/TEST_AND_EVIDENCE.md,Codex 독립검수 후 Java25·외부 환경 재실행
CPF-FR-003838,EXS-UNKNOWN,CONTRACT_TEST,완료,대체검증 또는 정적 검증 완료; 정식 Runtime 재확인,구현 완료·정식 Runtime 재확인,QA 재검수 대기,cpf-docs/evidence/development/DEVGPT-6D_09dd686/TEST_AND_EVIDENCE.md,Codex 독립검수 후 Java25·외부 환경 재실행
CPF-FR-003839,EXS-UNKNOWN,INTEGRATION_TEST,완료,대체검증 완료; Java25/실제 Runtime 미검증,구현 완료·정식 Runtime 재확인,QA 재검수 대기,cpf-docs/evidence/development/DEVGPT-6D_09dd686/TEST_AND_EVIDENCE.md,Java25 Gradle/외부 Provider/Process Kill Runtime 재실행
CPF-FR-003840,EXS-UNKNOWN,RUNTIME_TEST,완료,대체검증 완료; Java25/실제 Runtime 미검증,구현 완료·정식 Runtime 재확인,QA 재검수 대기,cpf-docs/evidence/development/DEVGPT-6D_09dd686/TEST_AND_EVIDENCE.md,Java25 Gradle/외부 Provider/Process Kill Runtime 재실행
CPF-FR-003841,EXS-UNKNOWN,FAULT_TEST,완료,대체검증 완료; Java25/실제 Runtime 미검증,구현 완료·정식 Runtime 재확인,QA 재검수 대기,cpf-docs/evidence/development/DEVGPT-6D_09dd686/TEST_AND_EVIDENCE.md,Java25 Gradle/외부 Provider/Process Kill Runtime 재실행
CPF-FR-003842,EXS-UNKNOWN,EVIDENCE,완료,대체검증 또는 정적 검증 완료; 정식 Runtime 재확인,구현 완료·정식 Runtime 재확인,QA 재검수 대기,cpf-docs/evidence/development/DEVGPT-6D_09dd686/TEST_AND_EVIDENCE.md,Codex 독립검수 후 Java25·외부 환경 재실행
CPF-FR-003843,EXS-UNKNOWN,HYGIENE,완료,대체검증 또는 정적 검증 완료; 정식 Runtime 재확인,구현 완료·정식 Runtime 재확인,QA 재검수 대기,cpf-docs/evidence/development/DEVGPT-6D_09dd686/TEST_AND_EVIDENCE.md,Codex 독립검수 후 Java25·외부 환경 재실행
CPF-FR-003844,EXS-RECON,PURPOSE,완료,대체검증 또는 정적 검증 완료; 정식 Runtime 재확인,구현 완료·정식 Runtime 재확인,QA 재검수 대기,cpf-docs/evidence/development/DEVGPT-6D_09dd686/TEST_AND_EVIDENCE.md,Codex 독립검수 후 Java25·외부 환경 재실행
CPF-FR-003845,EXS-RECON,OWNER,완료,대체검증 또는 정적 검증 완료; 정식 Runtime 재확인,구현 완료·정식 Runtime 재확인,QA 재검수 대기,cpf-docs/evidence/development/DEVGPT-6D_09dd686/TEST_AND_EVIDENCE.md,Codex 독립검수 후 Java25·외부 환경 재실행
CPF-FR-003846,EXS-RECON,CONSUMER,완료,대체검증 또는 정적 검증 완료; 정식 Runtime 재확인,구현 완료·정식 Runtime 재확인,QA 재검수 대기,cpf-docs/evidence/development/DEVGPT-6D_09dd686/TEST_AND_EVIDENCE.md,Codex 독립검수 후 Java25·외부 환경 재실행
CPF-FR-003847,EXS-RECON,PUBLIC_API,완료,대체검증 또는 정적 검증 완료; 정식 Runtime 재확인,구현 완료·정식 Runtime 재확인,QA 재검수 대기,cpf-docs/evidence/development/DEVGPT-6D_09dd686/TEST_AND_EVIDENCE.md,Codex 독립검수 후 Java25·외부 환경 재실행
CPF-FR-003848,EXS-RECON,EXTENSION_SPI,완료,대체검증 또는 정적 검증 완료; 정식 Runtime 재확인,구현 완료·정식 Runtime 재확인,QA 재검수 대기,cpf-docs/evidence/development/DEVGPT-6D_09dd686/TEST_AND_EVIDENCE.md,Codex 독립검수 후 Java25·외부 환경 재실행
CPF-FR-003849,EXS-RECON,INTERNAL_IMPL,완료,대체검증 또는 정적 검증 완료; 정식 Runtime 재확인,구현 완료·정식 Runtime 재확인,QA 재검수 대기,cpf-docs/evidence/development/DEVGPT-6D_09dd686/TEST_AND_EVIDENCE.md,Codex 독립검수 후 Java25·외부 환경 재실행
CPF-FR-003850,EXS-RECON,INPUT,완료,대체검증 또는 정적 검증 완료; 정식 Runtime 재확인,구현 완료·정식 Runtime 재확인,QA 재검수 대기,cpf-docs/evidence/development/DEVGPT-6D_09dd686/TEST_AND_EVIDENCE.md,Codex 독립검수 후 Java25·외부 환경 재실행
CPF-FR-003851,EXS-RECON,OUTPUT,완료,대체검증 또는 정적 검증 완료; 정식 Runtime 재확인,구현 완료·정식 Runtime 재확인,QA 재검수 대기,cpf-docs/evidence/development/DEVGPT-6D_09dd686/TEST_AND_EVIDENCE.md,Codex 독립검수 후 Java25·외부 환경 재실행
CPF-FR-003852,EXS-RECON,CONFIG,완료,대체검증 또는 정적 검증 완료; 정식 Runtime 재확인,구현 완료·정식 Runtime 재확인,QA 재검수 대기,cpf-docs/evidence/development/DEVGPT-6D_09dd686/TEST_AND_EVIDENCE.md,Codex 독립검수 후 Java25·외부 환경 재실행
CPF-FR-003853,EXS-RECON,VALIDATION,완료,대체검증 또는 정적 검증 완료; 정식 Runtime 재확인,구현 완료·정식 Runtime 재확인,QA 재검수 대기,cpf-docs/evidence/development/DEVGPT-6D_09dd686/TEST_AND_EVIDENCE.md,Codex 독립검수 후 Java25·외부 환경 재실행
CPF-FR-003854,EXS-RECON,STATE,완료,대체검증 또는 정적 검증 완료; 정식 Runtime 재확인,구현 완료·정식 Runtime 재확인,QA 재검수 대기,cpf-docs/evidence/development/DEVGPT-6D_09dd686/TEST_AND_EVIDENCE.md,Codex 독립검수 후 Java25·외부 환경 재실행
CPF-FR-003855,EXS-RECON,TRANSITION,완료,대체검증 또는 정적 검증 완료; 정식 Runtime 재확인,구현 완료·정식 Runtime 재확인,QA 재검수 대기,cpf-docs/evidence/development/DEVGPT-6D_09dd686/TEST_AND_EVIDENCE.md,Codex 독립검수 후 Java25·외부 환경 재실행
CPF-FR-003856,EXS-RECON,COMMAND,완료,대체검증 또는 정적 검증 완료; 정식 Runtime 재확인,구현 완료·정식 Runtime 재확인,QA 재검수 대기,cpf-docs/evidence/development/DEVGPT-6D_09dd686/TEST_AND_EVIDENCE.md,Codex 독립검수 후 Java25·외부 환경 재실행
CPF-FR-003857,EXS-RECON,QUERY,완료,대체검증 또는 정적 검증 완료; 정식 Runtime 재확인,구현 완료·정식 Runtime 재확인,QA 재검수 대기,cpf-docs/evidence/development/DEVGPT-6D_09dd686/TEST_AND_EVIDENCE.md,Codex 독립검수 후 Java25·외부 환경 재실행
CPF-FR-003858,EXS-RECON,IDEMPOTENCY,완료,대체검증 또는 정적 검증 완료; 정식 Runtime 재확인,구현 완료·정식 Runtime 재확인,QA 재검수 대기,cpf-docs/evidence/development/DEVGPT-6D_09dd686/TEST_AND_EVIDENCE.md,Codex 독립검수 후 Java25·외부 환경 재실행
CPF-FR-003859,EXS-RECON,CONCURRENCY,완료,대체검증 또는 정적 검증 완료; 정식 Runtime 재확인,구현 완료·정식 Runtime 재확인,QA 재검수 대기,cpf-docs/evidence/development/DEVGPT-6D_09dd686/TEST_AND_EVIDENCE.md,Codex 독립검수 후 Java25·외부 환경 재실행
CPF-FR-003860,EXS-RECON,DEADLINE,완료,대체검증 또는 정적 검증 완료; 정식 Runtime 재확인,구현 완료·정식 Runtime 재확인,QA 재검수 대기,cpf-docs/evidence/development/DEVGPT-6D_09dd686/TEST_AND_EVIDENCE.md,Codex 독립검수 후 Java25·외부 환경 재실행
CPF-FR-003861,EXS-RECON,RETRY,완료,대체검증 또는 정적 검증 완료; 정식 Runtime 재확인,구현 완료·정식 Runtime 재확인,QA 재검수 대기,cpf-docs/evidence/development/DEVGPT-6D_09dd686/TEST_AND_EVIDENCE.md,Codex 독립검수 후 Java25·외부 환경 재실행
CPF-FR-003862,EXS-RECON,CIRCUIT,완료,대체검증 또는 정적 검증 완료; 정식 Runtime 재확인,구현 완료·정식 Runtime 재확인,QA 재검수 대기,cpf-docs/evidence/development/DEVGPT-6D_09dd686/TEST_AND_EVIDENCE.md,Codex 독립검수 후 Java25·외부 환경 재실행
CPF-FR-003863,EXS-RECON,UNKNOWN,완료,대체검증 또는 정적 검증 완료; 정식 Runtime 재확인,구현 완료·정식 Runtime 재확인,QA 재검수 대기,cpf-docs/evidence/development/DEVGPT-6D_09dd686/TEST_AND_EVIDENCE.md,Codex 독립검수 후 Java25·외부 환경 재실행
CPF-FR-003864,EXS-RECON,RECONCILE,완료,대체검증 또는 정적 검증 완료; 정식 Runtime 재확인,구현 완료·정식 Runtime 재확인,QA 재검수 대기,cpf-docs/evidence/development/DEVGPT-6D_09dd686/TEST_AND_EVIDENCE.md,Codex 독립검수 후 Java25·외부 환경 재실행
CPF-FR-003865,EXS-RECON,RECOVERY,완료,대체검증 또는 정적 검증 완료; 정식 Runtime 재확인,구현 완료·정식 Runtime 재확인,QA 재검수 대기,cpf-docs/evidence/development/DEVGPT-6D_09dd686/TEST_AND_EVIDENCE.md,Codex 독립검수 후 Java25·외부 환경 재실행
CPF-FR-003866,EXS-RECON,COMPENSATION,완료,대체검증 또는 정적 검증 완료; 정식 Runtime 재확인,구현 완료·정식 Runtime 재확인,QA 재검수 대기,cpf-docs/evidence/development/DEVGPT-6D_09dd686/TEST_AND_EVIDENCE.md,Codex 독립검수 후 Java25·외부 환경 재실행
CPF-FR-003867,EXS-RECON,ROLLBACK,완료,대체검증 또는 정적 검증 완료; 정식 Runtime 재확인,구현 완료·정식 Runtime 재확인,QA 재검수 대기,cpf-docs/evidence/development/DEVGPT-6D_09dd686/TEST_AND_EVIDENCE.md,Codex 독립검수 후 Java25·외부 환경 재실행
CPF-FR-003868,EXS-RECON,MULTI_INSTANCE,완료,대체검증 또는 정적 검증 완료; 정식 Runtime 재확인,구현 완료·정식 Runtime 재확인,QA 재검수 대기,cpf-docs/evidence/development/DEVGPT-6D_09dd686/TEST_AND_EVIDENCE.md,Codex 독립검수 후 Java25·외부 환경 재실행
CPF-FR-003869,EXS-RECON,LOCAL_REMOTE,완료,대체검증 또는 정적 검증 완료; 정식 Runtime 재확인,구현 완료·정식 Runtime 재확인,QA 재검수 대기,cpf-docs/evidence/development/DEVGPT-6D_09dd686/TEST_AND_EVIDENCE.md,Codex 독립검수 후 Java25·외부 환경 재실행
CPF-FR-003870,EXS-RECON,MIXED_VERSION,완료,대체검증 또는 정적 검증 완료; 정식 Runtime 재확인,구현 완료·정식 Runtime 재확인,QA 재검수 대기,cpf-docs/evidence/development/DEVGPT-6D_09dd686/TEST_AND_EVIDENCE.md,Codex 독립검수 후 Java25·외부 환경 재실행
CPF-FR-003871,EXS-RECON,AUTHN,완료,대체검증 또는 정적 검증 완료; 정식 Runtime 재확인,구현 완료·정식 Runtime 재확인,QA 재검수 대기,cpf-docs/evidence/development/DEVGPT-6D_09dd686/TEST_AND_EVIDENCE.md,Codex 독립검수 후 Java25·외부 환경 재실행
CPF-FR-003872,EXS-RECON,AUTHZ,완료,대체검증 또는 정적 검증 완료; 정식 Runtime 재확인,구현 완료·정식 Runtime 재확인,QA 재검수 대기,cpf-docs/evidence/development/DEVGPT-6D_09dd686/TEST_AND_EVIDENCE.md,Codex 독립검수 후 Java25·외부 환경 재실행
CPF-FR-003873,EXS-RECON,DATA_SCOPE,완료,대체검증 또는 정적 검증 완료; 정식 Runtime 재확인,구현 완료·정식 Runtime 재확인,QA 재검수 대기,cpf-docs/evidence/development/DEVGPT-6D_09dd686/TEST_AND_EVIDENCE.md,Codex 독립검수 후 Java25·외부 환경 재실행
CPF-FR-003874,EXS-RECON,MASKING,완료,대체검증 또는 정적 검증 완료; 정식 Runtime 재확인,구현 완료·정식 Runtime 재확인,QA 재검수 대기,cpf-docs/evidence/development/DEVGPT-6D_09dd686/TEST_AND_EVIDENCE.md,Codex 독립검수 후 Java25·외부 환경 재실행
CPF-FR-003875,EXS-RECON,REASON,미완료,정적 계약 확인,교차 세션 변경 대기,QA 재검수 대기,cpf-docs/evidence/development/DEVGPT-6D_09dd686/TEST_AND_EVIDENCE.md,DEVGPT-6C 승인·사유·만료 Runtime Control 연결 후 재검증
CPF-FR-003876,EXS-RECON,APPROVAL,미완료,정적 계약 확인,교차 세션 변경 대기,QA 재검수 대기,cpf-docs/evidence/development/DEVGPT-6D_09dd686/TEST_AND_EVIDENCE.md,DEVGPT-6C 승인·사유·만료 Runtime Control 연결 후 재검증
CPF-FR-003877,EXS-RECON,AUDIT,완료,대체검증 또는 정적 검증 완료; 정식 Runtime 재확인,구현 완료·정식 Runtime 재확인,QA 재검수 대기,cpf-docs/evidence/development/DEVGPT-6D_09dd686/TEST_AND_EVIDENCE.md,Codex 독립검수 후 Java25·외부 환경 재실행
CPF-FR-003878,EXS-RECON,LOG,완료,대체검증 또는 정적 검증 완료; 정식 Runtime 재확인,구현 완료·정식 Runtime 재확인,QA 재검수 대기,cpf-docs/evidence/development/DEVGPT-6D_09dd686/TEST_AND_EVIDENCE.md,Codex 독립검수 후 Java25·외부 환경 재실행
CPF-FR-003879,EXS-RECON,METRIC,완료,대체검증 또는 정적 검증 완료; 정식 Runtime 재확인,구현 완료·정식 Runtime 재확인,QA 재검수 대기,cpf-docs/evidence/development/DEVGPT-6D_09dd686/TEST_AND_EVIDENCE.md,Codex 독립검수 후 Java25·외부 환경 재실행
CPF-FR-003880,EXS-RECON,TRACE,완료,대체검증 또는 정적 검증 완료; 정식 Runtime 재확인,구현 완료·정식 Runtime 재확인,QA 재검수 대기,cpf-docs/evidence/development/DEVGPT-6D_09dd686/TEST_AND_EVIDENCE.md,Codex 독립검수 후 Java25·외부 환경 재실행
CPF-FR-003881,EXS-RECON,HEALTH,완료,대체검증 또는 정적 검증 완료; 정식 Runtime 재확인,구현 완료·정식 Runtime 재확인,QA 재검수 대기,cpf-docs/evidence/development/DEVGPT-6D_09dd686/TEST_AND_EVIDENCE.md,Codex 독립검수 후 Java25·외부 환경 재실행
CPF-FR-003882,EXS-RECON,ALERT_RUNBOOK,완료,대체검증 또는 정적 검증 완료; 정식 Runtime 재확인,구현 완료·정식 Runtime 재확인,QA 재검수 대기,cpf-docs/evidence/development/DEVGPT-6D_09dd686/TEST_AND_EVIDENCE.md,Codex 독립검수 후 Java25·외부 환경 재실행
CPF-FR-003883,EXS-RECON,RESOURCE,완료,대체검증 또는 정적 검증 완료; 정식 Runtime 재확인,구현 완료·정식 Runtime 재확인,QA 재검수 대기,cpf-docs/evidence/development/DEVGPT-6D_09dd686/TEST_AND_EVIDENCE.md,Codex 독립검수 후 Java25·외부 환경 재실행
CPF-FR-003884,EXS-RECON,DB_OWNER,미완료,미검증,교차 세션 변경 대기,QA 재검수 대기,cpf-docs/evidence/development/DEVGPT-6D_09dd686/TEST_AND_EVIDENCE.md,DEVGPT-6E 산출물 적용 후 정식 통합 재검증
CPF-FR-003885,EXS-RECON,DB_SCHEMA,미완료,미검증,교차 세션 변경 대기,QA 재검수 대기,cpf-docs/evidence/development/DEVGPT-6D_09dd686/TEST_AND_EVIDENCE.md,DEVGPT-6E 산출물 적용 후 정식 통합 재검증
CPF-FR-003886,EXS-RECON,DB_QUERY,미완료,미검증,교차 세션 변경 대기,QA 재검수 대기,cpf-docs/evidence/development/DEVGPT-6D_09dd686/TEST_AND_EVIDENCE.md,DEVGPT-6E 산출물 적용 후 정식 통합 재검증
CPF-FR-003887,EXS-RECON,DB_MIGRATION,미완료,미검증,교차 세션 변경 대기,QA 재검수 대기,cpf-docs/evidence/development/DEVGPT-6D_09dd686/TEST_AND_EVIDENCE.md,DEVGPT-6E 산출물 적용 후 정식 통합 재검증
CPF-FR-003888,EXS-RECON,DB_ROLLBACK,미완료,미검증,교차 세션 변경 대기,QA 재검수 대기,cpf-docs/evidence/development/DEVGPT-6D_09dd686/TEST_AND_EVIDENCE.md,DEVGPT-6E 산출물 적용 후 정식 통합 재검증
CPF-FR-003889,EXS-RECON,DB_VENDOR,미완료,미검증,교차 세션 변경 대기,QA 재검수 대기,cpf-docs/evidence/development/DEVGPT-6D_09dd686/TEST_AND_EVIDENCE.md,DEVGPT-6E 산출물 적용 후 정식 통합 재검증
CPF-FR-003890,EXS-RECON,API_OPENAPI,미완료,미검증,교차 세션 변경 대기,QA 재검수 대기,cpf-docs/evidence/development/DEVGPT-6D_09dd686/TEST_AND_EVIDENCE.md,DEVGPT-6A 산출물 적용 후 정식 통합 재검증
CPF-FR-003891,EXS-RECON,FRONTEND,미완료,미검증,교차 세션 변경 대기,QA 재검수 대기,cpf-docs/evidence/development/DEVGPT-6D_09dd686/TEST_AND_EVIDENCE.md,DEVGPT-6A 산출물 적용 후 정식 통합 재검증
CPF-FR-003892,EXS-RECON,ADM_UI,미완료,미검증,교차 세션 변경 대기,QA 재검수 대기,cpf-docs/evidence/development/DEVGPT-6D_09dd686/TEST_AND_EVIDENCE.md,DEVGPT-6A 산출물 적용 후 정식 통합 재검증
CPF-FR-003893,EXS-RECON,BZA_UI,미완료,미검증,교차 세션 변경 대기,QA 재검수 대기,cpf-docs/evidence/development/DEVGPT-6D_09dd686/TEST_AND_EVIDENCE.md,DEVGPT-6A 산출물 적용 후 정식 통합 재검증
CPF-FR-003894,EXS-RECON,GENERATOR,미완료,미검증,교차 세션 변경 대기,QA 재검수 대기,cpf-docs/evidence/development/DEVGPT-6D_09dd686/TEST_AND_EVIDENCE.md,DEVGPT-6F 산출물 적용 후 정식 통합 재검증
CPF-FR-003895,EXS-RECON,SAMPLE_EDU,완료,대체검증 또는 정적 검증 완료; 정식 Runtime 재확인,구현 완료·정식 Runtime 재확인,QA 재검수 대기,cpf-docs/evidence/development/DEVGPT-6D_09dd686/TEST_AND_EVIDENCE.md,Codex 독립검수 후 Java25·외부 환경 재실행
CPF-FR-003896,EXS-RECON,JAVADOC,완료,대체검증 또는 정적 검증 완료; 정식 Runtime 재확인,구현 완료·정식 Runtime 재확인,QA 재검수 대기,cpf-docs/evidence/development/DEVGPT-6D_09dd686/TEST_AND_EVIDENCE.md,Codex 독립검수 후 Java25·외부 환경 재실행
CPF-FR-003897,EXS-RECON,GUIDE,완료,대체검증 또는 정적 검증 완료; 정식 Runtime 재확인,구현 완료·정식 Runtime 재확인,QA 재검수 대기,cpf-docs/evidence/development/DEVGPT-6D_09dd686/TEST_AND_EVIDENCE.md,Codex 독립검수 후 Java25·외부 환경 재실행
CPF-FR-003898,EXS-RECON,UNIT_TEST,완료,대체검증 또는 정적 검증 완료; 정식 Runtime 재확인,구현 완료·정식 Runtime 재확인,QA 재검수 대기,cpf-docs/evidence/development/DEVGPT-6D_09dd686/TEST_AND_EVIDENCE.md,Codex 독립검수 후 Java25·외부 환경 재실행
CPF-FR-003899,EXS-RECON,CONTRACT_TEST,완료,대체검증 또는 정적 검증 완료; 정식 Runtime 재확인,구현 완료·정식 Runtime 재확인,QA 재검수 대기,cpf-docs/evidence/development/DEVGPT-6D_09dd686/TEST_AND_EVIDENCE.md,Codex 독립검수 후 Java25·외부 환경 재실행
CPF-FR-003900,EXS-RECON,INTEGRATION_TEST,완료,대체검증 완료; Java25/실제 Runtime 미검증,구현 완료·정식 Runtime 재확인,QA 재검수 대기,cpf-docs/evidence/development/DEVGPT-6D_09dd686/TEST_AND_EVIDENCE.md,Java25 Gradle/외부 Provider/Process Kill Runtime 재실행
CPF-FR-003901,EXS-RECON,RUNTIME_TEST,완료,대체검증 완료; Java25/실제 Runtime 미검증,구현 완료·정식 Runtime 재확인,QA 재검수 대기,cpf-docs/evidence/development/DEVGPT-6D_09dd686/TEST_AND_EVIDENCE.md,Java25 Gradle/외부 Provider/Process Kill Runtime 재실행
CPF-FR-003902,EXS-RECON,FAULT_TEST,완료,대체검증 완료; Java25/실제 Runtime 미검증,구현 완료·정식 Runtime 재확인,QA 재검수 대기,cpf-docs/evidence/development/DEVGPT-6D_09dd686/TEST_AND_EVIDENCE.md,Java25 Gradle/외부 Provider/Process Kill Runtime 재실행
CPF-FR-003903,EXS-RECON,EVIDENCE,완료,대체검증 또는 정적 검증 완료; 정식 Runtime 재확인,구현 완료·정식 Runtime 재확인,QA 재검수 대기,cpf-docs/evidence/development/DEVGPT-6D_09dd686/TEST_AND_EVIDENCE.md,Codex 독립검수 후 Java25·외부 환경 재실행
CPF-FR-003904,EXS-RECON,HYGIENE,완료,대체검증 또는 정적 검증 완료; 정식 Runtime 재확인,구현 완료·정식 Runtime 재확인,QA 재검수 대기,cpf-docs/evidence/development/DEVGPT-6D_09dd686/TEST_AND_EVIDENCE.md,Codex 독립검수 후 Java25·외부 환경 재실행
CPF-FR-003905,EVENT-CORE,PURPOSE,완료,대체검증 또는 정적 검증 완료; 정식 Runtime 재확인,구현 완료·정식 Runtime 재확인,QA 재검수 대기,cpf-docs/evidence/development/DEVGPT-6D_09dd686/TEST_AND_EVIDENCE.md,Codex 독립검수 후 Java25·외부 환경 재실행
CPF-FR-003906,EVENT-CORE,OWNER,완료,대체검증 또는 정적 검증 완료; 정식 Runtime 재확인,구현 완료·정식 Runtime 재확인,QA 재검수 대기,cpf-docs/evidence/development/DEVGPT-6D_09dd686/TEST_AND_EVIDENCE.md,Codex 독립검수 후 Java25·외부 환경 재실행
CPF-FR-003907,EVENT-CORE,CONSUMER,완료,대체검증 또는 정적 검증 완료; 정식 Runtime 재확인,구현 완료·정식 Runtime 재확인,QA 재검수 대기,cpf-docs/evidence/development/DEVGPT-6D_09dd686/TEST_AND_EVIDENCE.md,Codex 독립검수 후 Java25·외부 환경 재실행
CPF-FR-003908,EVENT-CORE,PUBLIC_API,완료,대체검증 또는 정적 검증 완료; 정식 Runtime 재확인,구현 완료·정식 Runtime 재확인,QA 재검수 대기,cpf-docs/evidence/development/DEVGPT-6D_09dd686/TEST_AND_EVIDENCE.md,Codex 독립검수 후 Java25·외부 환경 재실행
CPF-FR-003909,EVENT-CORE,EXTENSION_SPI,완료,대체검증 또는 정적 검증 완료; 정식 Runtime 재확인,구현 완료·정식 Runtime 재확인,QA 재검수 대기,cpf-docs/evidence/development/DEVGPT-6D_09dd686/TEST_AND_EVIDENCE.md,Codex 독립검수 후 Java25·외부 환경 재실행
CPF-FR-003910,EVENT-CORE,INTERNAL_IMPL,완료,대체검증 또는 정적 검증 완료; 정식 Runtime 재확인,구현 완료·정식 Runtime 재확인,QA 재검수 대기,cpf-docs/evidence/development/DEVGPT-6D_09dd686/TEST_AND_EVIDENCE.md,Codex 독립검수 후 Java25·외부 환경 재실행
CPF-FR-003911,EVENT-CORE,INPUT,완료,대체검증 또는 정적 검증 완료; 정식 Runtime 재확인,구현 완료·정식 Runtime 재확인,QA 재검수 대기,cpf-docs/evidence/development/DEVGPT-6D_09dd686/TEST_AND_EVIDENCE.md,Codex 독립검수 후 Java25·외부 환경 재실행
CPF-FR-003912,EVENT-CORE,OUTPUT,완료,대체검증 또는 정적 검증 완료; 정식 Runtime 재확인,구현 완료·정식 Runtime 재확인,QA 재검수 대기,cpf-docs/evidence/development/DEVGPT-6D_09dd686/TEST_AND_EVIDENCE.md,Codex 독립검수 후 Java25·외부 환경 재실행
CPF-FR-003913,EVENT-CORE,CONFIG,완료,대체검증 또는 정적 검증 완료; 정식 Runtime 재확인,구현 완료·정식 Runtime 재확인,QA 재검수 대기,cpf-docs/evidence/development/DEVGPT-6D_09dd686/TEST_AND_EVIDENCE.md,Codex 독립검수 후 Java25·외부 환경 재실행
CPF-FR-003914,EVENT-CORE,VALIDATION,완료,대체검증 또는 정적 검증 완료; 정식 Runtime 재확인,구현 완료·정식 Runtime 재확인,QA 재검수 대기,cpf-docs/evidence/development/DEVGPT-6D_09dd686/TEST_AND_EVIDENCE.md,Codex 독립검수 후 Java25·외부 환경 재실행
CPF-FR-003915,EVENT-CORE,STATE,완료,대체검증 또는 정적 검증 완료; 정식 Runtime 재확인,구현 완료·정식 Runtime 재확인,QA 재검수 대기,cpf-docs/evidence/development/DEVGPT-6D_09dd686/TEST_AND_EVIDENCE.md,Codex 독립검수 후 Java25·외부 환경 재실행
CPF-FR-003916,EVENT-CORE,TRANSITION,완료,대체검증 또는 정적 검증 완료; 정식 Runtime 재확인,구현 완료·정식 Runtime 재확인,QA 재검수 대기,cpf-docs/evidence/development/DEVGPT-6D_09dd686/TEST_AND_EVIDENCE.md,Codex 독립검수 후 Java25·외부 환경 재실행
CPF-FR-003917,EVENT-CORE,COMMAND,완료,대체검증 또는 정적 검증 완료; 정식 Runtime 재확인,구현 완료·정식 Runtime 재확인,QA 재검수 대기,cpf-docs/evidence/development/DEVGPT-6D_09dd686/TEST_AND_EVIDENCE.md,Codex 독립검수 후 Java25·외부 환경 재실행
CPF-FR-003918,EVENT-CORE,QUERY,완료,대체검증 또는 정적 검증 완료; 정식 Runtime 재확인,구현 완료·정식 Runtime 재확인,QA 재검수 대기,cpf-docs/evidence/development/DEVGPT-6D_09dd686/TEST_AND_EVIDENCE.md,Codex 독립검수 후 Java25·외부 환경 재실행
CPF-FR-003919,EVENT-CORE,IDEMPOTENCY,완료,대체검증 또는 정적 검증 완료; 정식 Runtime 재확인,구현 완료·정식 Runtime 재확인,QA 재검수 대기,cpf-docs/evidence/development/DEVGPT-6D_09dd686/TEST_AND_EVIDENCE.md,Codex 독립검수 후 Java25·외부 환경 재실행
CPF-FR-003920,EVENT-CORE,CONCURRENCY,완료,대체검증 또는 정적 검증 완료; 정식 Runtime 재확인,구현 완료·정식 Runtime 재확인,QA 재검수 대기,cpf-docs/evidence/development/DEVGPT-6D_09dd686/TEST_AND_EVIDENCE.md,Codex 독립검수 후 Java25·외부 환경 재실행
CPF-FR-003921,EVENT-CORE,DEADLINE,완료,대체검증 또는 정적 검증 완료; 정식 Runtime 재확인,구현 완료·정식 Runtime 재확인,QA 재검수 대기,cpf-docs/evidence/development/DEVGPT-6D_09dd686/TEST_AND_EVIDENCE.md,Codex 독립검수 후 Java25·외부 환경 재실행
CPF-FR-003922,EVENT-CORE,RETRY,완료,대체검증 또는 정적 검증 완료; 정식 Runtime 재확인,구현 완료·정식 Runtime 재확인,QA 재검수 대기,cpf-docs/evidence/development/DEVGPT-6D_09dd686/TEST_AND_EVIDENCE.md,Codex 독립검수 후 Java25·외부 환경 재실행
CPF-FR-003923,EVENT-CORE,CIRCUIT,완료,대체검증 또는 정적 검증 완료; 정식 Runtime 재확인,구현 완료·정식 Runtime 재확인,QA 재검수 대기,cpf-docs/evidence/development/DEVGPT-6D_09dd686/TEST_AND_EVIDENCE.md,Codex 독립검수 후 Java25·외부 환경 재실행
CPF-FR-003924,EVENT-CORE,UNKNOWN,완료,대체검증 또는 정적 검증 완료; 정식 Runtime 재확인,구현 완료·정식 Runtime 재확인,QA 재검수 대기,cpf-docs/evidence/development/DEVGPT-6D_09dd686/TEST_AND_EVIDENCE.md,Codex 독립검수 후 Java25·외부 환경 재실행
CPF-FR-003925,EVENT-CORE,RECONCILE,완료,대체검증 또는 정적 검증 완료; 정식 Runtime 재확인,구현 완료·정식 Runtime 재확인,QA 재검수 대기,cpf-docs/evidence/development/DEVGPT-6D_09dd686/TEST_AND_EVIDENCE.md,Codex 독립검수 후 Java25·외부 환경 재실행
CPF-FR-003926,EVENT-CORE,RECOVERY,완료,대체검증 또는 정적 검증 완료; 정식 Runtime 재확인,구현 완료·정식 Runtime 재확인,QA 재검수 대기,cpf-docs/evidence/development/DEVGPT-6D_09dd686/TEST_AND_EVIDENCE.md,Codex 독립검수 후 Java25·외부 환경 재실행
CPF-FR-003927,EVENT-CORE,COMPENSATION,완료,대체검증 또는 정적 검증 완료; 정식 Runtime 재확인,구현 완료·정식 Runtime 재확인,QA 재검수 대기,cpf-docs/evidence/development/DEVGPT-6D_09dd686/TEST_AND_EVIDENCE.md,Codex 독립검수 후 Java25·외부 환경 재실행
CPF-FR-003928,EVENT-CORE,ROLLBACK,완료,대체검증 또는 정적 검증 완료; 정식 Runtime 재확인,구현 완료·정식 Runtime 재확인,QA 재검수 대기,cpf-docs/evidence/development/DEVGPT-6D_09dd686/TEST_AND_EVIDENCE.md,Codex 독립검수 후 Java25·외부 환경 재실행
CPF-FR-003929,EVENT-CORE,MULTI_INSTANCE,완료,대체검증 또는 정적 검증 완료; 정식 Runtime 재확인,구현 완료·정식 Runtime 재확인,QA 재검수 대기,cpf-docs/evidence/development/DEVGPT-6D_09dd686/TEST_AND_EVIDENCE.md,Codex 독립검수 후 Java25·외부 환경 재실행
CPF-FR-003930,EVENT-CORE,LOCAL_REMOTE,완료,대체검증 또는 정적 검증 완료; 정식 Runtime 재확인,구현 완료·정식 Runtime 재확인,QA 재검수 대기,cpf-docs/evidence/development/DEVGPT-6D_09dd686/TEST_AND_EVIDENCE.md,Codex 독립검수 후 Java25·외부 환경 재실행
CPF-FR-003931,EVENT-CORE,MIXED_VERSION,완료,대체검증 또는 정적 검증 완료; 정식 Runtime 재확인,구현 완료·정식 Runtime 재확인,QA 재검수 대기,cpf-docs/evidence/development/DEVGPT-6D_09dd686/TEST_AND_EVIDENCE.md,Codex 독립검수 후 Java25·외부 환경 재실행
CPF-FR-003932,EVENT-CORE,AUTHN,완료,대체검증 또는 정적 검증 완료; 정식 Runtime 재확인,구현 완료·정식 Runtime 재확인,QA 재검수 대기,cpf-docs/evidence/development/DEVGPT-6D_09dd686/TEST_AND_EVIDENCE.md,Codex 독립검수 후 Java25·외부 환경 재실행
CPF-FR-003933,EVENT-CORE,AUTHZ,완료,대체검증 또는 정적 검증 완료; 정식 Runtime 재확인,구현 완료·정식 Runtime 재확인,QA 재검수 대기,cpf-docs/evidence/development/DEVGPT-6D_09dd686/TEST_AND_EVIDENCE.md,Codex 독립검수 후 Java25·외부 환경 재실행
CPF-FR-003934,EVENT-CORE,DATA_SCOPE,완료,대체검증 또는 정적 검증 완료; 정식 Runtime 재확인,구현 완료·정식 Runtime 재확인,QA 재검수 대기,cpf-docs/evidence/development/DEVGPT-6D_09dd686/TEST_AND_EVIDENCE.md,Codex 독립검수 후 Java25·외부 환경 재실행
CPF-FR-003935,EVENT-CORE,MASKING,완료,대체검증 또는 정적 검증 완료; 정식 Runtime 재확인,구현 완료·정식 Runtime 재확인,QA 재검수 대기,cpf-docs/evidence/development/DEVGPT-6D_09dd686/TEST_AND_EVIDENCE.md,Codex 독립검수 후 Java25·외부 환경 재실행
CPF-FR-003936,EVENT-CORE,REASON,미완료,정적 계약 확인,교차 세션 변경 대기,QA 재검수 대기,cpf-docs/evidence/development/DEVGPT-6D_09dd686/TEST_AND_EVIDENCE.md,DEVGPT-6C 승인·사유·만료 Runtime Control 연결 후 재검증
CPF-FR-003937,EVENT-CORE,APPROVAL,미완료,정적 계약 확인,교차 세션 변경 대기,QA 재검수 대기,cpf-docs/evidence/development/DEVGPT-6D_09dd686/TEST_AND_EVIDENCE.md,DEVGPT-6C 승인·사유·만료 Runtime Control 연결 후 재검증
CPF-FR-003938,EVENT-CORE,AUDIT,완료,대체검증 또는 정적 검증 완료; 정식 Runtime 재확인,구현 완료·정식 Runtime 재확인,QA 재검수 대기,cpf-docs/evidence/development/DEVGPT-6D_09dd686/TEST_AND_EVIDENCE.md,Codex 독립검수 후 Java25·외부 환경 재실행
CPF-FR-003939,EVENT-CORE,LOG,완료,대체검증 또는 정적 검증 완료; 정식 Runtime 재확인,구현 완료·정식 Runtime 재확인,QA 재검수 대기,cpf-docs/evidence/development/DEVGPT-6D_09dd686/TEST_AND_EVIDENCE.md,Codex 독립검수 후 Java25·외부 환경 재실행
CPF-FR-003940,EVENT-CORE,METRIC,완료,대체검증 또는 정적 검증 완료; 정식 Runtime 재확인,구현 완료·정식 Runtime 재확인,QA 재검수 대기,cpf-docs/evidence/development/DEVGPT-6D_09dd686/TEST_AND_EVIDENCE.md,Codex 독립검수 후 Java25·외부 환경 재실행
CPF-FR-003941,EVENT-CORE,TRACE,완료,대체검증 또는 정적 검증 완료; 정식 Runtime 재확인,구현 완료·정식 Runtime 재확인,QA 재검수 대기,cpf-docs/evidence/development/DEVGPT-6D_09dd686/TEST_AND_EVIDENCE.md,Codex 독립검수 후 Java25·외부 환경 재실행
CPF-FR-003942,EVENT-CORE,HEALTH,완료,대체검증 또는 정적 검증 완료; 정식 Runtime 재확인,구현 완료·정식 Runtime 재확인,QA 재검수 대기,cpf-docs/evidence/development/DEVGPT-6D_09dd686/TEST_AND_EVIDENCE.md,Codex 독립검수 후 Java25·외부 환경 재실행
CPF-FR-003943,EVENT-CORE,ALERT_RUNBOOK,완료,대체검증 또는 정적 검증 완료; 정식 Runtime 재확인,구현 완료·정식 Runtime 재확인,QA 재검수 대기,cpf-docs/evidence/development/DEVGPT-6D_09dd686/TEST_AND_EVIDENCE.md,Codex 독립검수 후 Java25·외부 환경 재실행
CPF-FR-003944,EVENT-CORE,RESOURCE,완료,대체검증 또는 정적 검증 완료; 정식 Runtime 재확인,구현 완료·정식 Runtime 재확인,QA 재검수 대기,cpf-docs/evidence/development/DEVGPT-6D_09dd686/TEST_AND_EVIDENCE.md,Codex 독립검수 후 Java25·외부 환경 재실행
CPF-FR-003945,EVENT-CORE,DB_OWNER,미완료,미검증,교차 세션 변경 대기,QA 재검수 대기,cpf-docs/evidence/development/DEVGPT-6D_09dd686/TEST_AND_EVIDENCE.md,DEVGPT-6E 산출물 적용 후 정식 통합 재검증
CPF-FR-003946,EVENT-CORE,DB_SCHEMA,미완료,미검증,교차 세션 변경 대기,QA 재검수 대기,cpf-docs/evidence/development/DEVGPT-6D_09dd686/TEST_AND_EVIDENCE.md,DEVGPT-6E 산출물 적용 후 정식 통합 재검증
CPF-FR-003947,EVENT-CORE,DB_QUERY,미완료,미검증,교차 세션 변경 대기,QA 재검수 대기,cpf-docs/evidence/development/DEVGPT-6D_09dd686/TEST_AND_EVIDENCE.md,DEVGPT-6E 산출물 적용 후 정식 통합 재검증
CPF-FR-003948,EVENT-CORE,DB_MIGRATION,미완료,미검증,교차 세션 변경 대기,QA 재검수 대기,cpf-docs/evidence/development/DEVGPT-6D_09dd686/TEST_AND_EVIDENCE.md,DEVGPT-6E 산출물 적용 후 정식 통합 재검증
CPF-FR-003949,EVENT-CORE,DB_ROLLBACK,미완료,미검증,교차 세션 변경 대기,QA 재검수 대기,cpf-docs/evidence/development/DEVGPT-6D_09dd686/TEST_AND_EVIDENCE.md,DEVGPT-6E 산출물 적용 후 정식 통합 재검증
CPF-FR-003950,EVENT-CORE,DB_VENDOR,미완료,미검증,교차 세션 변경 대기,QA 재검수 대기,cpf-docs/evidence/development/DEVGPT-6D_09dd686/TEST_AND_EVIDENCE.md,DEVGPT-6E 산출물 적용 후 정식 통합 재검증
CPF-FR-003951,EVENT-CORE,API_OPENAPI,미완료,미검증,교차 세션 변경 대기,QA 재검수 대기,cpf-docs/evidence/development/DEVGPT-6D_09dd686/TEST_AND_EVIDENCE.md,DEVGPT-6A 산출물 적용 후 정식 통합 재검증
CPF-FR-003952,EVENT-CORE,FRONTEND,미완료,미검증,교차 세션 변경 대기,QA 재검수 대기,cpf-docs/evidence/development/DEVGPT-6D_09dd686/TEST_AND_EVIDENCE.md,DEVGPT-6A 산출물 적용 후 정식 통합 재검증
CPF-FR-003953,EVENT-CORE,ADM_UI,미완료,미검증,교차 세션 변경 대기,QA 재검수 대기,cpf-docs/evidence/development/DEVGPT-6D_09dd686/TEST_AND_EVIDENCE.md,DEVGPT-6A 산출물 적용 후 정식 통합 재검증
CPF-FR-003954,EVENT-CORE,BZA_UI,미완료,미검증,교차 세션 변경 대기,QA 재검수 대기,cpf-docs/evidence/development/DEVGPT-6D_09dd686/TEST_AND_EVIDENCE.md,DEVGPT-6A 산출물 적용 후 정식 통합 재검증
CPF-FR-003955,EVENT-CORE,GENERATOR,미완료,미검증,교차 세션 변경 대기,QA 재검수 대기,cpf-docs/evidence/development/DEVGPT-6D_09dd686/TEST_AND_EVIDENCE.md,DEVGPT-6F 산출물 적용 후 정식 통합 재검증
CPF-FR-003956,EVENT-CORE,SAMPLE_EDU,완료,대체검증 또는 정적 검증 완료; 정식 Runtime 재확인,구현 완료·정식 Runtime 재확인,QA 재검수 대기,cpf-docs/evidence/development/DEVGPT-6D_09dd686/TEST_AND_EVIDENCE.md,Codex 독립검수 후 Java25·외부 환경 재실행
CPF-FR-003957,EVENT-CORE,JAVADOC,완료,대체검증 또는 정적 검증 완료; 정식 Runtime 재확인,구현 완료·정식 Runtime 재확인,QA 재검수 대기,cpf-docs/evidence/development/DEVGPT-6D_09dd686/TEST_AND_EVIDENCE.md,Codex 독립검수 후 Java25·외부 환경 재실행
CPF-FR-003958,EVENT-CORE,GUIDE,완료,대체검증 또는 정적 검증 완료; 정식 Runtime 재확인,구현 완료·정식 Runtime 재확인,QA 재검수 대기,cpf-docs/evidence/development/DEVGPT-6D_09dd686/TEST_AND_EVIDENCE.md,Codex 독립검수 후 Java25·외부 환경 재실행
CPF-FR-003959,EVENT-CORE,UNIT_TEST,완료,대체검증 또는 정적 검증 완료; 정식 Runtime 재확인,구현 완료·정식 Runtime 재확인,QA 재검수 대기,cpf-docs/evidence/development/DEVGPT-6D_09dd686/TEST_AND_EVIDENCE.md,Codex 독립검수 후 Java25·외부 환경 재실행
CPF-FR-003960,EVENT-CORE,CONTRACT_TEST,완료,대체검증 또는 정적 검증 완료; 정식 Runtime 재확인,구현 완료·정식 Runtime 재확인,QA 재검수 대기,cpf-docs/evidence/development/DEVGPT-6D_09dd686/TEST_AND_EVIDENCE.md,Codex 독립검수 후 Java25·외부 환경 재실행
CPF-FR-003961,EVENT-CORE,INTEGRATION_TEST,완료,대체검증 완료; Java25/실제 Runtime 미검증,구현 완료·정식 Runtime 재확인,QA 재검수 대기,cpf-docs/evidence/development/DEVGPT-6D_09dd686/TEST_AND_EVIDENCE.md,Java25 Gradle/외부 Provider/Process Kill Runtime 재실행
CPF-FR-003962,EVENT-CORE,RUNTIME_TEST,완료,대체검증 완료; Java25/실제 Runtime 미검증,구현 완료·정식 Runtime 재확인,QA 재검수 대기,cpf-docs/evidence/development/DEVGPT-6D_09dd686/TEST_AND_EVIDENCE.md,Java25 Gradle/외부 Provider/Process Kill Runtime 재실행
CPF-FR-003963,EVENT-CORE,FAULT_TEST,완료,대체검증 완료; Java25/실제 Runtime 미검증,구현 완료·정식 Runtime 재확인,QA 재검수 대기,cpf-docs/evidence/development/DEVGPT-6D_09dd686/TEST_AND_EVIDENCE.md,Java25 Gradle/외부 Provider/Process Kill Runtime 재실행
CPF-FR-003964,EVENT-CORE,EVIDENCE,완료,대체검증 또는 정적 검증 완료; 정식 Runtime 재확인,구현 완료·정식 Runtime 재확인,QA 재검수 대기,cpf-docs/evidence/development/DEVGPT-6D_09dd686/TEST_AND_EVIDENCE.md,Codex 독립검수 후 Java25·외부 환경 재실행
CPF-FR-003965,EVENT-CORE,HYGIENE,완료,대체검증 또는 정적 검증 완료; 정식 Runtime 재확인,구현 완료·정식 Runtime 재확인,QA 재검수 대기,cpf-docs/evidence/development/DEVGPT-6D_09dd686/TEST_AND_EVIDENCE.md,Codex 독립검수 후 Java25·외부 환경 재실행
CPF-FR-003966,EVENT-OUTBOX,PURPOSE,완료,대체검증 또는 정적 검증 완료; 정식 Runtime 재확인,구현 완료·정식 Runtime 재확인,QA 재검수 대기,cpf-docs/evidence/development/DEVGPT-6D_09dd686/TEST_AND_EVIDENCE.md,Codex 독립검수 후 Java25·외부 환경 재실행
CPF-FR-003967,EVENT-OUTBOX,OWNER,완료,대체검증 또는 정적 검증 완료; 정식 Runtime 재확인,구현 완료·정식 Runtime 재확인,QA 재검수 대기,cpf-docs/evidence/development/DEVGPT-6D_09dd686/TEST_AND_EVIDENCE.md,Codex 독립검수 후 Java25·외부 환경 재실행
CPF-FR-003968,EVENT-OUTBOX,CONSUMER,완료,대체검증 또는 정적 검증 완료; 정식 Runtime 재확인,구현 완료·정식 Runtime 재확인,QA 재검수 대기,cpf-docs/evidence/development/DEVGPT-6D_09dd686/TEST_AND_EVIDENCE.md,Codex 독립검수 후 Java25·외부 환경 재실행
CPF-FR-003969,EVENT-OUTBOX,PUBLIC_API,완료,대체검증 또는 정적 검증 완료; 정식 Runtime 재확인,구현 완료·정식 Runtime 재확인,QA 재검수 대기,cpf-docs/evidence/development/DEVGPT-6D_09dd686/TEST_AND_EVIDENCE.md,Codex 독립검수 후 Java25·외부 환경 재실행
CPF-FR-003970,EVENT-OUTBOX,EXTENSION_SPI,완료,대체검증 또는 정적 검증 완료; 정식 Runtime 재확인,구현 완료·정식 Runtime 재확인,QA 재검수 대기,cpf-docs/evidence/development/DEVGPT-6D_09dd686/TEST_AND_EVIDENCE.md,Codex 독립검수 후 Java25·외부 환경 재실행
CPF-FR-003971,EVENT-OUTBOX,INTERNAL_IMPL,완료,대체검증 또는 정적 검증 완료; 정식 Runtime 재확인,구현 완료·정식 Runtime 재확인,QA 재검수 대기,cpf-docs/evidence/development/DEVGPT-6D_09dd686/TEST_AND_EVIDENCE.md,Codex 독립검수 후 Java25·외부 환경 재실행
CPF-FR-003972,EVENT-OUTBOX,INPUT,완료,대체검증 또는 정적 검증 완료; 정식 Runtime 재확인,구현 완료·정식 Runtime 재확인,QA 재검수 대기,cpf-docs/evidence/development/DEVGPT-6D_09dd686/TEST_AND_EVIDENCE.md,Codex 독립검수 후 Java25·외부 환경 재실행
CPF-FR-003973,EVENT-OUTBOX,OUTPUT,완료,대체검증 또는 정적 검증 완료; 정식 Runtime 재확인,구현 완료·정식 Runtime 재확인,QA 재검수 대기,cpf-docs/evidence/development/DEVGPT-6D_09dd686/TEST_AND_EVIDENCE.md,Codex 독립검수 후 Java25·외부 환경 재실행
CPF-FR-003974,EVENT-OUTBOX,CONFIG,완료,대체검증 또는 정적 검증 완료; 정식 Runtime 재확인,구현 완료·정식 Runtime 재확인,QA 재검수 대기,cpf-docs/evidence/development/DEVGPT-6D_09dd686/TEST_AND_EVIDENCE.md,Codex 독립검수 후 Java25·외부 환경 재실행
CPF-FR-003975,EVENT-OUTBOX,VALIDATION,완료,대체검증 또는 정적 검증 완료; 정식 Runtime 재확인,구현 완료·정식 Runtime 재확인,QA 재검수 대기,cpf-docs/evidence/development/DEVGPT-6D_09dd686/TEST_AND_EVIDENCE.md,Codex 독립검수 후 Java25·외부 환경 재실행
CPF-FR-003976,EVENT-OUTBOX,STATE,완료,대체검증 또는 정적 검증 완료; 정식 Runtime 재확인,구현 완료·정식 Runtime 재확인,QA 재검수 대기,cpf-docs/evidence/development/DEVGPT-6D_09dd686/TEST_AND_EVIDENCE.md,Codex 독립검수 후 Java25·외부 환경 재실행
CPF-FR-003977,EVENT-OUTBOX,TRANSITION,완료,대체검증 또는 정적 검증 완료; 정식 Runtime 재확인,구현 완료·정식 Runtime 재확인,QA 재검수 대기,cpf-docs/evidence/development/DEVGPT-6D_09dd686/TEST_AND_EVIDENCE.md,Codex 독립검수 후 Java25·외부 환경 재실행
CPF-FR-003978,EVENT-OUTBOX,COMMAND,완료,대체검증 또는 정적 검증 완료; 정식 Runtime 재확인,구현 완료·정식 Runtime 재확인,QA 재검수 대기,cpf-docs/evidence/development/DEVGPT-6D_09dd686/TEST_AND_EVIDENCE.md,Codex 독립검수 후 Java25·외부 환경 재실행
CPF-FR-003979,EVENT-OUTBOX,QUERY,완료,대체검증 또는 정적 검증 완료; 정식 Runtime 재확인,구현 완료·정식 Runtime 재확인,QA 재검수 대기,cpf-docs/evidence/development/DEVGPT-6D_09dd686/TEST_AND_EVIDENCE.md,Codex 독립검수 후 Java25·외부 환경 재실행
CPF-FR-003980,EVENT-OUTBOX,IDEMPOTENCY,완료,대체검증 또는 정적 검증 완료; 정식 Runtime 재확인,구현 완료·정식 Runtime 재확인,QA 재검수 대기,cpf-docs/evidence/development/DEVGPT-6D_09dd686/TEST_AND_EVIDENCE.md,Codex 독립검수 후 Java25·외부 환경 재실행
CPF-FR-003981,EVENT-OUTBOX,CONCURRENCY,완료,대체검증 또는 정적 검증 완료; 정식 Runtime 재확인,구현 완료·정식 Runtime 재확인,QA 재검수 대기,cpf-docs/evidence/development/DEVGPT-6D_09dd686/TEST_AND_EVIDENCE.md,Codex 독립검수 후 Java25·외부 환경 재실행
CPF-FR-003982,EVENT-OUTBOX,DEADLINE,완료,대체검증 또는 정적 검증 완료; 정식 Runtime 재확인,구현 완료·정식 Runtime 재확인,QA 재검수 대기,cpf-docs/evidence/development/DEVGPT-6D_09dd686/TEST_AND_EVIDENCE.md,Codex 독립검수 후 Java25·외부 환경 재실행
CPF-FR-003983,EVENT-OUTBOX,RETRY,완료,대체검증 또는 정적 검증 완료; 정식 Runtime 재확인,구현 완료·정식 Runtime 재확인,QA 재검수 대기,cpf-docs/evidence/development/DEVGPT-6D_09dd686/TEST_AND_EVIDENCE.md,Codex 독립검수 후 Java25·외부 환경 재실행
CPF-FR-003984,EVENT-OUTBOX,CIRCUIT,완료,대체검증 또는 정적 검증 완료; 정식 Runtime 재확인,구현 완료·정식 Runtime 재확인,QA 재검수 대기,cpf-docs/evidence/development/DEVGPT-6D_09dd686/TEST_AND_EVIDENCE.md,Codex 독립검수 후 Java25·외부 환경 재실행
CPF-FR-003985,EVENT-OUTBOX,UNKNOWN,완료,대체검증 또는 정적 검증 완료; 정식 Runtime 재확인,구현 완료·정식 Runtime 재확인,QA 재검수 대기,cpf-docs/evidence/development/DEVGPT-6D_09dd686/TEST_AND_EVIDENCE.md,Codex 독립검수 후 Java25·외부 환경 재실행
CPF-FR-003986,EVENT-OUTBOX,RECONCILE,완료,대체검증 또는 정적 검증 완료; 정식 Runtime 재확인,구현 완료·정식 Runtime 재확인,QA 재검수 대기,cpf-docs/evidence/development/DEVGPT-6D_09dd686/TEST_AND_EVIDENCE.md,Codex 독립검수 후 Java25·외부 환경 재실행
CPF-FR-003987,EVENT-OUTBOX,RECOVERY,완료,대체검증 또는 정적 검증 완료; 정식 Runtime 재확인,구현 완료·정식 Runtime 재확인,QA 재검수 대기,cpf-docs/evidence/development/DEVGPT-6D_09dd686/TEST_AND_EVIDENCE.md,Codex 독립검수 후 Java25·외부 환경 재실행
CPF-FR-003988,EVENT-OUTBOX,COMPENSATION,완료,대체검증 또는 정적 검증 완료; 정식 Runtime 재확인,구현 완료·정식 Runtime 재확인,QA 재검수 대기,cpf-docs/evidence/development/DEVGPT-6D_09dd686/TEST_AND_EVIDENCE.md,Codex 독립검수 후 Java25·외부 환경 재실행
CPF-FR-003989,EVENT-OUTBOX,ROLLBACK,완료,대체검증 또는 정적 검증 완료; 정식 Runtime 재확인,구현 완료·정식 Runtime 재확인,QA 재검수 대기,cpf-docs/evidence/development/DEVGPT-6D_09dd686/TEST_AND_EVIDENCE.md,Codex 독립검수 후 Java25·외부 환경 재실행
CPF-FR-003990,EVENT-OUTBOX,MULTI_INSTANCE,완료,대체검증 또는 정적 검증 완료; 정식 Runtime 재확인,구현 완료·정식 Runtime 재확인,QA 재검수 대기,cpf-docs/evidence/development/DEVGPT-6D_09dd686/TEST_AND_EVIDENCE.md,Codex 독립검수 후 Java25·외부 환경 재실행
CPF-FR-003991,EVENT-OUTBOX,LOCAL_REMOTE,완료,대체검증 또는 정적 검증 완료; 정식 Runtime 재확인,구현 완료·정식 Runtime 재확인,QA 재검수 대기,cpf-docs/evidence/development/DEVGPT-6D_09dd686/TEST_AND_EVIDENCE.md,Codex 독립검수 후 Java25·외부 환경 재실행
CPF-FR-003992,EVENT-OUTBOX,MIXED_VERSION,완료,대체검증 또는 정적 검증 완료; 정식 Runtime 재확인,구현 완료·정식 Runtime 재확인,QA 재검수 대기,cpf-docs/evidence/development/DEVGPT-6D_09dd686/TEST_AND_EVIDENCE.md,Codex 독립검수 후 Java25·외부 환경 재실행
CPF-FR-003993,EVENT-OUTBOX,AUTHN,완료,대체검증 또는 정적 검증 완료; 정식 Runtime 재확인,구현 완료·정식 Runtime 재확인,QA 재검수 대기,cpf-docs/evidence/development/DEVGPT-6D_09dd686/TEST_AND_EVIDENCE.md,Codex 독립검수 후 Java25·외부 환경 재실행
CPF-FR-003994,EVENT-OUTBOX,AUTHZ,완료,대체검증 또는 정적 검증 완료; 정식 Runtime 재확인,구현 완료·정식 Runtime 재확인,QA 재검수 대기,cpf-docs/evidence/development/DEVGPT-6D_09dd686/TEST_AND_EVIDENCE.md,Codex 독립검수 후 Java25·외부 환경 재실행
CPF-FR-003995,EVENT-OUTBOX,DATA_SCOPE,완료,대체검증 또는 정적 검증 완료; 정식 Runtime 재확인,구현 완료·정식 Runtime 재확인,QA 재검수 대기,cpf-docs/evidence/development/DEVGPT-6D_09dd686/TEST_AND_EVIDENCE.md,Codex 독립검수 후 Java25·외부 환경 재실행
CPF-FR-003996,EVENT-OUTBOX,MASKING,완료,대체검증 또는 정적 검증 완료; 정식 Runtime 재확인,구현 완료·정식 Runtime 재확인,QA 재검수 대기,cpf-docs/evidence/development/DEVGPT-6D_09dd686/TEST_AND_EVIDENCE.md,Codex 독립검수 후 Java25·외부 환경 재실행
CPF-FR-003997,EVENT-OUTBOX,REASON,미완료,정적 계약 확인,교차 세션 변경 대기,QA 재검수 대기,cpf-docs/evidence/development/DEVGPT-6D_09dd686/TEST_AND_EVIDENCE.md,DEVGPT-6C 승인·사유·만료 Runtime Control 연결 후 재검증
CPF-FR-003998,EVENT-OUTBOX,APPROVAL,미완료,정적 계약 확인,교차 세션 변경 대기,QA 재검수 대기,cpf-docs/evidence/development/DEVGPT-6D_09dd686/TEST_AND_EVIDENCE.md,DEVGPT-6C 승인·사유·만료 Runtime Control 연결 후 재검증
CPF-FR-003999,EVENT-OUTBOX,AUDIT,완료,대체검증 또는 정적 검증 완료; 정식 Runtime 재확인,구현 완료·정식 Runtime 재확인,QA 재검수 대기,cpf-docs/evidence/development/DEVGPT-6D_09dd686/TEST_AND_EVIDENCE.md,Codex 독립검수 후 Java25·외부 환경 재실행
CPF-FR-004000,EVENT-OUTBOX,LOG,완료,대체검증 또는 정적 검증 완료; 정식 Runtime 재확인,구현 완료·정식 Runtime 재확인,QA 재검수 대기,cpf-docs/evidence/development/DEVGPT-6D_09dd686/TEST_AND_EVIDENCE.md,Codex 독립검수 후 Java25·외부 환경 재실행
CPF-FR-004001,EVENT-OUTBOX,METRIC,완료,대체검증 또는 정적 검증 완료; 정식 Runtime 재확인,구현 완료·정식 Runtime 재확인,QA 재검수 대기,cpf-docs/evidence/development/DEVGPT-6D_09dd686/TEST_AND_EVIDENCE.md,Codex 독립검수 후 Java25·외부 환경 재실행
CPF-FR-004002,EVENT-OUTBOX,TRACE,완료,대체검증 또는 정적 검증 완료; 정식 Runtime 재확인,구현 완료·정식 Runtime 재확인,QA 재검수 대기,cpf-docs/evidence/development/DEVGPT-6D_09dd686/TEST_AND_EVIDENCE.md,Codex 독립검수 후 Java25·외부 환경 재실행
CPF-FR-004003,EVENT-OUTBOX,HEALTH,완료,대체검증 또는 정적 검증 완료; 정식 Runtime 재확인,구현 완료·정식 Runtime 재확인,QA 재검수 대기,cpf-docs/evidence/development/DEVGPT-6D_09dd686/TEST_AND_EVIDENCE.md,Codex 독립검수 후 Java25·외부 환경 재실행
CPF-FR-004004,EVENT-OUTBOX,ALERT_RUNBOOK,완료,대체검증 또는 정적 검증 완료; 정식 Runtime 재확인,구현 완료·정식 Runtime 재확인,QA 재검수 대기,cpf-docs/evidence/development/DEVGPT-6D_09dd686/TEST_AND_EVIDENCE.md,Codex 독립검수 후 Java25·외부 환경 재실행
CPF-FR-004005,EVENT-OUTBOX,RESOURCE,완료,대체검증 또는 정적 검증 완료; 정식 Runtime 재확인,구현 완료·정식 Runtime 재확인,QA 재검수 대기,cpf-docs/evidence/development/DEVGPT-6D_09dd686/TEST_AND_EVIDENCE.md,Codex 독립검수 후 Java25·외부 환경 재실행
CPF-FR-004006,EVENT-OUTBOX,DB_OWNER,미완료,미검증,교차 세션 변경 대기,QA 재검수 대기,cpf-docs/evidence/development/DEVGPT-6D_09dd686/TEST_AND_EVIDENCE.md,DEVGPT-6E 산출물 적용 후 정식 통합 재검증
CPF-FR-004007,EVENT-OUTBOX,DB_SCHEMA,미완료,미검증,교차 세션 변경 대기,QA 재검수 대기,cpf-docs/evidence/development/DEVGPT-6D_09dd686/TEST_AND_EVIDENCE.md,DEVGPT-6E 산출물 적용 후 정식 통합 재검증
CPF-FR-004008,EVENT-OUTBOX,DB_QUERY,미완료,미검증,교차 세션 변경 대기,QA 재검수 대기,cpf-docs/evidence/development/DEVGPT-6D_09dd686/TEST_AND_EVIDENCE.md,DEVGPT-6E 산출물 적용 후 정식 통합 재검증
CPF-FR-004009,EVENT-OUTBOX,DB_MIGRATION,미완료,미검증,교차 세션 변경 대기,QA 재검수 대기,cpf-docs/evidence/development/DEVGPT-6D_09dd686/TEST_AND_EVIDENCE.md,DEVGPT-6E 산출물 적용 후 정식 통합 재검증
CPF-FR-004010,EVENT-OUTBOX,DB_ROLLBACK,미완료,미검증,교차 세션 변경 대기,QA 재검수 대기,cpf-docs/evidence/development/DEVGPT-6D_09dd686/TEST_AND_EVIDENCE.md,DEVGPT-6E 산출물 적용 후 정식 통합 재검증
CPF-FR-004011,EVENT-OUTBOX,DB_VENDOR,미완료,미검증,교차 세션 변경 대기,QA 재검수 대기,cpf-docs/evidence/development/DEVGPT-6D_09dd686/TEST_AND_EVIDENCE.md,DEVGPT-6E 산출물 적용 후 정식 통합 재검증
CPF-FR-004012,EVENT-OUTBOX,API_OPENAPI,미완료,미검증,교차 세션 변경 대기,QA 재검수 대기,cpf-docs/evidence/development/DEVGPT-6D_09dd686/TEST_AND_EVIDENCE.md,DEVGPT-6A 산출물 적용 후 정식 통합 재검증
CPF-FR-004013,EVENT-OUTBOX,FRONTEND,미완료,미검증,교차 세션 변경 대기,QA 재검수 대기,cpf-docs/evidence/development/DEVGPT-6D_09dd686/TEST_AND_EVIDENCE.md,DEVGPT-6A 산출물 적용 후 정식 통합 재검증
CPF-FR-004014,EVENT-OUTBOX,ADM_UI,미완료,미검증,교차 세션 변경 대기,QA 재검수 대기,cpf-docs/evidence/development/DEVGPT-6D_09dd686/TEST_AND_EVIDENCE.md,DEVGPT-6A 산출물 적용 후 정식 통합 재검증
CPF-FR-004015,EVENT-OUTBOX,BZA_UI,미완료,미검증,교차 세션 변경 대기,QA 재검수 대기,cpf-docs/evidence/development/DEVGPT-6D_09dd686/TEST_AND_EVIDENCE.md,DEVGPT-6A 산출물 적용 후 정식 통합 재검증
CPF-FR-004016,EVENT-OUTBOX,GENERATOR,미완료,미검증,교차 세션 변경 대기,QA 재검수 대기,cpf-docs/evidence/development/DEVGPT-6D_09dd686/TEST_AND_EVIDENCE.md,DEVGPT-6F 산출물 적용 후 정식 통합 재검증
CPF-FR-004017,EVENT-OUTBOX,SAMPLE_EDU,완료,대체검증 또는 정적 검증 완료; 정식 Runtime 재확인,구현 완료·정식 Runtime 재확인,QA 재검수 대기,cpf-docs/evidence/development/DEVGPT-6D_09dd686/TEST_AND_EVIDENCE.md,Codex 독립검수 후 Java25·외부 환경 재실행
CPF-FR-004018,EVENT-OUTBOX,JAVADOC,완료,대체검증 또는 정적 검증 완료; 정식 Runtime 재확인,구현 완료·정식 Runtime 재확인,QA 재검수 대기,cpf-docs/evidence/development/DEVGPT-6D_09dd686/TEST_AND_EVIDENCE.md,Codex 독립검수 후 Java25·외부 환경 재실행
CPF-FR-004019,EVENT-OUTBOX,GUIDE,완료,대체검증 또는 정적 검증 완료; 정식 Runtime 재확인,구현 완료·정식 Runtime 재확인,QA 재검수 대기,cpf-docs/evidence/development/DEVGPT-6D_09dd686/TEST_AND_EVIDENCE.md,Codex 독립검수 후 Java25·외부 환경 재실행
CPF-FR-004020,EVENT-OUTBOX,UNIT_TEST,완료,대체검증 또는 정적 검증 완료; 정식 Runtime 재확인,구현 완료·정식 Runtime 재확인,QA 재검수 대기,cpf-docs/evidence/development/DEVGPT-6D_09dd686/TEST_AND_EVIDENCE.md,Codex 독립검수 후 Java25·외부 환경 재실행
CPF-FR-004021,EVENT-OUTBOX,CONTRACT_TEST,완료,대체검증 또는 정적 검증 완료; 정식 Runtime 재확인,구현 완료·정식 Runtime 재확인,QA 재검수 대기,cpf-docs/evidence/development/DEVGPT-6D_09dd686/TEST_AND_EVIDENCE.md,Codex 독립검수 후 Java25·외부 환경 재실행
CPF-FR-004022,EVENT-OUTBOX,INTEGRATION_TEST,완료,대체검증 완료; Java25/실제 Runtime 미검증,구현 완료·정식 Runtime 재확인,QA 재검수 대기,cpf-docs/evidence/development/DEVGPT-6D_09dd686/TEST_AND_EVIDENCE.md,Java25 Gradle/외부 Provider/Process Kill Runtime 재실행
CPF-FR-004023,EVENT-OUTBOX,RUNTIME_TEST,완료,대체검증 완료; Java25/실제 Runtime 미검증,구현 완료·정식 Runtime 재확인,QA 재검수 대기,cpf-docs/evidence/development/DEVGPT-6D_09dd686/TEST_AND_EVIDENCE.md,Java25 Gradle/외부 Provider/Process Kill Runtime 재실행
CPF-FR-004024,EVENT-OUTBOX,FAULT_TEST,완료,대체검증 완료; Java25/실제 Runtime 미검증,구현 완료·정식 Runtime 재확인,QA 재검수 대기,cpf-docs/evidence/development/DEVGPT-6D_09dd686/TEST_AND_EVIDENCE.md,Java25 Gradle/외부 Provider/Process Kill Runtime 재실행
CPF-FR-004025,EVENT-OUTBOX,EVIDENCE,완료,대체검증 또는 정적 검증 완료; 정식 Runtime 재확인,구현 완료·정식 Runtime 재확인,QA 재검수 대기,cpf-docs/evidence/development/DEVGPT-6D_09dd686/TEST_AND_EVIDENCE.md,Codex 독립검수 후 Java25·외부 환경 재실행
CPF-FR-004026,EVENT-OUTBOX,HYGIENE,완료,대체검증 또는 정적 검증 완료; 정식 Runtime 재확인,구현 완료·정식 Runtime 재확인,QA 재검수 대기,cpf-docs/evidence/development/DEVGPT-6D_09dd686/TEST_AND_EVIDENCE.md,Codex 독립검수 후 Java25·외부 환경 재실행
CPF-FR-004027,EVENT-BROKER,PURPOSE,완료,대체검증 또는 정적 검증 완료; 정식 Runtime 재확인,구현 완료·정식 Runtime 재확인,QA 재검수 대기,cpf-docs/evidence/development/DEVGPT-6D_09dd686/TEST_AND_EVIDENCE.md,Codex 독립검수 후 Java25·외부 환경 재실행
CPF-FR-004028,EVENT-BROKER,OWNER,완료,대체검증 또는 정적 검증 완료; 정식 Runtime 재확인,구현 완료·정식 Runtime 재확인,QA 재검수 대기,cpf-docs/evidence/development/DEVGPT-6D_09dd686/TEST_AND_EVIDENCE.md,Codex 독립검수 후 Java25·외부 환경 재실행
CPF-FR-004029,EVENT-BROKER,CONSUMER,완료,대체검증 또는 정적 검증 완료; 정식 Runtime 재확인,구현 완료·정식 Runtime 재확인,QA 재검수 대기,cpf-docs/evidence/development/DEVGPT-6D_09dd686/TEST_AND_EVIDENCE.md,Codex 독립검수 후 Java25·외부 환경 재실행
CPF-FR-004030,EVENT-BROKER,PUBLIC_API,완료,대체검증 또는 정적 검증 완료; 정식 Runtime 재확인,구현 완료·정식 Runtime 재확인,QA 재검수 대기,cpf-docs/evidence/development/DEVGPT-6D_09dd686/TEST_AND_EVIDENCE.md,Codex 독립검수 후 Java25·외부 환경 재실행
CPF-FR-004031,EVENT-BROKER,EXTENSION_SPI,완료,대체검증 또는 정적 검증 완료; 정식 Runtime 재확인,구현 완료·정식 Runtime 재확인,QA 재검수 대기,cpf-docs/evidence/development/DEVGPT-6D_09dd686/TEST_AND_EVIDENCE.md,Codex 독립검수 후 Java25·외부 환경 재실행
CPF-FR-004032,EVENT-BROKER,INTERNAL_IMPL,완료,대체검증 또는 정적 검증 완료; 정식 Runtime 재확인,구현 완료·정식 Runtime 재확인,QA 재검수 대기,cpf-docs/evidence/development/DEVGPT-6D_09dd686/TEST_AND_EVIDENCE.md,Codex 독립검수 후 Java25·외부 환경 재실행
CPF-FR-004033,EVENT-BROKER,INPUT,완료,대체검증 또는 정적 검증 완료; 정식 Runtime 재확인,구현 완료·정식 Runtime 재확인,QA 재검수 대기,cpf-docs/evidence/development/DEVGPT-6D_09dd686/TEST_AND_EVIDENCE.md,Codex 독립검수 후 Java25·외부 환경 재실행
CPF-FR-004034,EVENT-BROKER,OUTPUT,완료,대체검증 또는 정적 검증 완료; 정식 Runtime 재확인,구현 완료·정식 Runtime 재확인,QA 재검수 대기,cpf-docs/evidence/development/DEVGPT-6D_09dd686/TEST_AND_EVIDENCE.md,Codex 독립검수 후 Java25·외부 환경 재실행
CPF-FR-004035,EVENT-BROKER,CONFIG,완료,대체검증 또는 정적 검증 완료; 정식 Runtime 재확인,구현 완료·정식 Runtime 재확인,QA 재검수 대기,cpf-docs/evidence/development/DEVGPT-6D_09dd686/TEST_AND_EVIDENCE.md,Codex 독립검수 후 Java25·외부 환경 재실행
CPF-FR-004036,EVENT-BROKER,VALIDATION,완료,대체검증 또는 정적 검증 완료; 정식 Runtime 재확인,구현 완료·정식 Runtime 재확인,QA 재검수 대기,cpf-docs/evidence/development/DEVGPT-6D_09dd686/TEST_AND_EVIDENCE.md,Codex 독립검수 후 Java25·외부 환경 재실행
CPF-FR-004037,EVENT-BROKER,STATE,완료,대체검증 또는 정적 검증 완료; 정식 Runtime 재확인,구현 완료·정식 Runtime 재확인,QA 재검수 대기,cpf-docs/evidence/development/DEVGPT-6D_09dd686/TEST_AND_EVIDENCE.md,Codex 독립검수 후 Java25·외부 환경 재실행
CPF-FR-004038,EVENT-BROKER,TRANSITION,완료,대체검증 또는 정적 검증 완료; 정식 Runtime 재확인,구현 완료·정식 Runtime 재확인,QA 재검수 대기,cpf-docs/evidence/development/DEVGPT-6D_09dd686/TEST_AND_EVIDENCE.md,Codex 독립검수 후 Java25·외부 환경 재실행
CPF-FR-004039,EVENT-BROKER,COMMAND,완료,대체검증 또는 정적 검증 완료; 정식 Runtime 재확인,구현 완료·정식 Runtime 재확인,QA 재검수 대기,cpf-docs/evidence/development/DEVGPT-6D_09dd686/TEST_AND_EVIDENCE.md,Codex 독립검수 후 Java25·외부 환경 재실행
CPF-FR-004040,EVENT-BROKER,QUERY,완료,대체검증 또는 정적 검증 완료; 정식 Runtime 재확인,구현 완료·정식 Runtime 재확인,QA 재검수 대기,cpf-docs/evidence/development/DEVGPT-6D_09dd686/TEST_AND_EVIDENCE.md,Codex 독립검수 후 Java25·외부 환경 재실행
CPF-FR-004041,EVENT-BROKER,IDEMPOTENCY,완료,대체검증 또는 정적 검증 완료; 정식 Runtime 재확인,구현 완료·정식 Runtime 재확인,QA 재검수 대기,cpf-docs/evidence/development/DEVGPT-6D_09dd686/TEST_AND_EVIDENCE.md,Codex 독립검수 후 Java25·외부 환경 재실행
CPF-FR-004042,EVENT-BROKER,CONCURRENCY,완료,대체검증 또는 정적 검증 완료; 정식 Runtime 재확인,구현 완료·정식 Runtime 재확인,QA 재검수 대기,cpf-docs/evidence/development/DEVGPT-6D_09dd686/TEST_AND_EVIDENCE.md,Codex 독립검수 후 Java25·외부 환경 재실행
CPF-FR-004043,EVENT-BROKER,DEADLINE,완료,대체검증 또는 정적 검증 완료; 정식 Runtime 재확인,구현 완료·정식 Runtime 재확인,QA 재검수 대기,cpf-docs/evidence/development/DEVGPT-6D_09dd686/TEST_AND_EVIDENCE.md,Codex 독립검수 후 Java25·외부 환경 재실행
CPF-FR-004044,EVENT-BROKER,RETRY,완료,대체검증 또는 정적 검증 완료; 정식 Runtime 재확인,구현 완료·정식 Runtime 재확인,QA 재검수 대기,cpf-docs/evidence/development/DEVGPT-6D_09dd686/TEST_AND_EVIDENCE.md,Codex 독립검수 후 Java25·외부 환경 재실행
CPF-FR-004045,EVENT-BROKER,CIRCUIT,완료,대체검증 또는 정적 검증 완료; 정식 Runtime 재확인,구현 완료·정식 Runtime 재확인,QA 재검수 대기,cpf-docs/evidence/development/DEVGPT-6D_09dd686/TEST_AND_EVIDENCE.md,Codex 독립검수 후 Java25·외부 환경 재실행
CPF-FR-004046,EVENT-BROKER,UNKNOWN,완료,대체검증 또는 정적 검증 완료; 정식 Runtime 재확인,구현 완료·정식 Runtime 재확인,QA 재검수 대기,cpf-docs/evidence/development/DEVGPT-6D_09dd686/TEST_AND_EVIDENCE.md,Codex 독립검수 후 Java25·외부 환경 재실행
CPF-FR-004047,EVENT-BROKER,RECONCILE,완료,대체검증 또는 정적 검증 완료; 정식 Runtime 재확인,구현 완료·정식 Runtime 재확인,QA 재검수 대기,cpf-docs/evidence/development/DEVGPT-6D_09dd686/TEST_AND_EVIDENCE.md,Codex 독립검수 후 Java25·외부 환경 재실행
CPF-FR-004048,EVENT-BROKER,RECOVERY,완료,대체검증 또는 정적 검증 완료; 정식 Runtime 재확인,구현 완료·정식 Runtime 재확인,QA 재검수 대기,cpf-docs/evidence/development/DEVGPT-6D_09dd686/TEST_AND_EVIDENCE.md,Codex 독립검수 후 Java25·외부 환경 재실행
CPF-FR-004049,EVENT-BROKER,COMPENSATION,완료,대체검증 또는 정적 검증 완료; 정식 Runtime 재확인,구현 완료·정식 Runtime 재확인,QA 재검수 대기,cpf-docs/evidence/development/DEVGPT-6D_09dd686/TEST_AND_EVIDENCE.md,Codex 독립검수 후 Java25·외부 환경 재실행
CPF-FR-004050,EVENT-BROKER,ROLLBACK,완료,대체검증 또는 정적 검증 완료; 정식 Runtime 재확인,구현 완료·정식 Runtime 재확인,QA 재검수 대기,cpf-docs/evidence/development/DEVGPT-6D_09dd686/TEST_AND_EVIDENCE.md,Codex 독립검수 후 Java25·외부 환경 재실행
CPF-FR-004051,EVENT-BROKER,MULTI_INSTANCE,완료,대체검증 또는 정적 검증 완료; 정식 Runtime 재확인,구현 완료·정식 Runtime 재확인,QA 재검수 대기,cpf-docs/evidence/development/DEVGPT-6D_09dd686/TEST_AND_EVIDENCE.md,Codex 독립검수 후 Java25·외부 환경 재실행
CPF-FR-004052,EVENT-BROKER,LOCAL_REMOTE,완료,대체검증 또는 정적 검증 완료; 정식 Runtime 재확인,구현 완료·정식 Runtime 재확인,QA 재검수 대기,cpf-docs/evidence/development/DEVGPT-6D_09dd686/TEST_AND_EVIDENCE.md,Codex 독립검수 후 Java25·외부 환경 재실행
CPF-FR-004053,EVENT-BROKER,MIXED_VERSION,완료,대체검증 또는 정적 검증 완료; 정식 Runtime 재확인,구현 완료·정식 Runtime 재확인,QA 재검수 대기,cpf-docs/evidence/development/DEVGPT-6D_09dd686/TEST_AND_EVIDENCE.md,Codex 독립검수 후 Java25·외부 환경 재실행
CPF-FR-004054,EVENT-BROKER,AUTHN,완료,대체검증 또는 정적 검증 완료; 정식 Runtime 재확인,구현 완료·정식 Runtime 재확인,QA 재검수 대기,cpf-docs/evidence/development/DEVGPT-6D_09dd686/TEST_AND_EVIDENCE.md,Codex 독립검수 후 Java25·외부 환경 재실행
CPF-FR-004055,EVENT-BROKER,AUTHZ,완료,대체검증 또는 정적 검증 완료; 정식 Runtime 재확인,구현 완료·정식 Runtime 재확인,QA 재검수 대기,cpf-docs/evidence/development/DEVGPT-6D_09dd686/TEST_AND_EVIDENCE.md,Codex 독립검수 후 Java25·외부 환경 재실행
CPF-FR-004056,EVENT-BROKER,DATA_SCOPE,완료,대체검증 또는 정적 검증 완료; 정식 Runtime 재확인,구현 완료·정식 Runtime 재확인,QA 재검수 대기,cpf-docs/evidence/development/DEVGPT-6D_09dd686/TEST_AND_EVIDENCE.md,Codex 독립검수 후 Java25·외부 환경 재실행
CPF-FR-004057,EVENT-BROKER,MASKING,완료,대체검증 또는 정적 검증 완료; 정식 Runtime 재확인,구현 완료·정식 Runtime 재확인,QA 재검수 대기,cpf-docs/evidence/development/DEVGPT-6D_09dd686/TEST_AND_EVIDENCE.md,Codex 독립검수 후 Java25·외부 환경 재실행
CPF-FR-004058,EVENT-BROKER,REASON,미완료,정적 계약 확인,교차 세션 변경 대기,QA 재검수 대기,cpf-docs/evidence/development/DEVGPT-6D_09dd686/TEST_AND_EVIDENCE.md,DEVGPT-6C 승인·사유·만료 Runtime Control 연결 후 재검증
CPF-FR-004059,EVENT-BROKER,APPROVAL,미완료,정적 계약 확인,교차 세션 변경 대기,QA 재검수 대기,cpf-docs/evidence/development/DEVGPT-6D_09dd686/TEST_AND_EVIDENCE.md,DEVGPT-6C 승인·사유·만료 Runtime Control 연결 후 재검증
CPF-FR-004060,EVENT-BROKER,AUDIT,완료,대체검증 또는 정적 검증 완료; 정식 Runtime 재확인,구현 완료·정식 Runtime 재확인,QA 재검수 대기,cpf-docs/evidence/development/DEVGPT-6D_09dd686/TEST_AND_EVIDENCE.md,Codex 독립검수 후 Java25·외부 환경 재실행
CPF-FR-004061,EVENT-BROKER,LOG,완료,대체검증 또는 정적 검증 완료; 정식 Runtime 재확인,구현 완료·정식 Runtime 재확인,QA 재검수 대기,cpf-docs/evidence/development/DEVGPT-6D_09dd686/TEST_AND_EVIDENCE.md,Codex 독립검수 후 Java25·외부 환경 재실행
CPF-FR-004062,EVENT-BROKER,METRIC,완료,대체검증 또는 정적 검증 완료; 정식 Runtime 재확인,구현 완료·정식 Runtime 재확인,QA 재검수 대기,cpf-docs/evidence/development/DEVGPT-6D_09dd686/TEST_AND_EVIDENCE.md,Codex 독립검수 후 Java25·외부 환경 재실행
CPF-FR-004063,EVENT-BROKER,TRACE,완료,대체검증 또는 정적 검증 완료; 정식 Runtime 재확인,구현 완료·정식 Runtime 재확인,QA 재검수 대기,cpf-docs/evidence/development/DEVGPT-6D_09dd686/TEST_AND_EVIDENCE.md,Codex 독립검수 후 Java25·외부 환경 재실행
CPF-FR-004064,EVENT-BROKER,HEALTH,완료,대체검증 또는 정적 검증 완료; 정식 Runtime 재확인,구현 완료·정식 Runtime 재확인,QA 재검수 대기,cpf-docs/evidence/development/DEVGPT-6D_09dd686/TEST_AND_EVIDENCE.md,Codex 독립검수 후 Java25·외부 환경 재실행
CPF-FR-004065,EVENT-BROKER,ALERT_RUNBOOK,완료,대체검증 또는 정적 검증 완료; 정식 Runtime 재확인,구현 완료·정식 Runtime 재확인,QA 재검수 대기,cpf-docs/evidence/development/DEVGPT-6D_09dd686/TEST_AND_EVIDENCE.md,Codex 독립검수 후 Java25·외부 환경 재실행
CPF-FR-004066,EVENT-BROKER,RESOURCE,완료,대체검증 또는 정적 검증 완료; 정식 Runtime 재확인,구현 완료·정식 Runtime 재확인,QA 재검수 대기,cpf-docs/evidence/development/DEVGPT-6D_09dd686/TEST_AND_EVIDENCE.md,Codex 독립검수 후 Java25·외부 환경 재실행
CPF-FR-004067,EVENT-BROKER,DB_OWNER,미완료,미검증,교차 세션 변경 대기,QA 재검수 대기,cpf-docs/evidence/development/DEVGPT-6D_09dd686/TEST_AND_EVIDENCE.md,DEVGPT-6E 산출물 적용 후 정식 통합 재검증
CPF-FR-004068,EVENT-BROKER,DB_SCHEMA,미완료,미검증,교차 세션 변경 대기,QA 재검수 대기,cpf-docs/evidence/development/DEVGPT-6D_09dd686/TEST_AND_EVIDENCE.md,DEVGPT-6E 산출물 적용 후 정식 통합 재검증
CPF-FR-004069,EVENT-BROKER,DB_QUERY,미완료,미검증,교차 세션 변경 대기,QA 재검수 대기,cpf-docs/evidence/development/DEVGPT-6D_09dd686/TEST_AND_EVIDENCE.md,DEVGPT-6E 산출물 적용 후 정식 통합 재검증
CPF-FR-004070,EVENT-BROKER,DB_MIGRATION,미완료,미검증,교차 세션 변경 대기,QA 재검수 대기,cpf-docs/evidence/development/DEVGPT-6D_09dd686/TEST_AND_EVIDENCE.md,DEVGPT-6E 산출물 적용 후 정식 통합 재검증
CPF-FR-004071,EVENT-BROKER,DB_ROLLBACK,미완료,미검증,교차 세션 변경 대기,QA 재검수 대기,cpf-docs/evidence/development/DEVGPT-6D_09dd686/TEST_AND_EVIDENCE.md,DEVGPT-6E 산출물 적용 후 정식 통합 재검증
CPF-FR-004072,EVENT-BROKER,DB_VENDOR,미완료,미검증,교차 세션 변경 대기,QA 재검수 대기,cpf-docs/evidence/development/DEVGPT-6D_09dd686/TEST_AND_EVIDENCE.md,DEVGPT-6E 산출물 적용 후 정식 통합 재검증
CPF-FR-004073,EVENT-BROKER,API_OPENAPI,미완료,미검증,교차 세션 변경 대기,QA 재검수 대기,cpf-docs/evidence/development/DEVGPT-6D_09dd686/TEST_AND_EVIDENCE.md,DEVGPT-6A 산출물 적용 후 정식 통합 재검증
CPF-FR-004074,EVENT-BROKER,FRONTEND,미완료,미검증,교차 세션 변경 대기,QA 재검수 대기,cpf-docs/evidence/development/DEVGPT-6D_09dd686/TEST_AND_EVIDENCE.md,DEVGPT-6A 산출물 적용 후 정식 통합 재검증
CPF-FR-004075,EVENT-BROKER,ADM_UI,미완료,미검증,교차 세션 변경 대기,QA 재검수 대기,cpf-docs/evidence/development/DEVGPT-6D_09dd686/TEST_AND_EVIDENCE.md,DEVGPT-6A 산출물 적용 후 정식 통합 재검증
CPF-FR-004076,EVENT-BROKER,BZA_UI,미완료,미검증,교차 세션 변경 대기,QA 재검수 대기,cpf-docs/evidence/development/DEVGPT-6D_09dd686/TEST_AND_EVIDENCE.md,DEVGPT-6A 산출물 적용 후 정식 통합 재검증
CPF-FR-004077,EVENT-BROKER,GENERATOR,미완료,미검증,교차 세션 변경 대기,QA 재검수 대기,cpf-docs/evidence/development/DEVGPT-6D_09dd686/TEST_AND_EVIDENCE.md,DEVGPT-6F 산출물 적용 후 정식 통합 재검증
CPF-FR-004078,EVENT-BROKER,SAMPLE_EDU,완료,대체검증 또는 정적 검증 완료; 정식 Runtime 재확인,구현 완료·정식 Runtime 재확인,QA 재검수 대기,cpf-docs/evidence/development/DEVGPT-6D_09dd686/TEST_AND_EVIDENCE.md,Codex 독립검수 후 Java25·외부 환경 재실행
CPF-FR-004079,EVENT-BROKER,JAVADOC,완료,대체검증 또는 정적 검증 완료; 정식 Runtime 재확인,구현 완료·정식 Runtime 재확인,QA 재검수 대기,cpf-docs/evidence/development/DEVGPT-6D_09dd686/TEST_AND_EVIDENCE.md,Codex 독립검수 후 Java25·외부 환경 재실행
CPF-FR-004080,EVENT-BROKER,GUIDE,완료,대체검증 또는 정적 검증 완료; 정식 Runtime 재확인,구현 완료·정식 Runtime 재확인,QA 재검수 대기,cpf-docs/evidence/development/DEVGPT-6D_09dd686/TEST_AND_EVIDENCE.md,Codex 독립검수 후 Java25·외부 환경 재실행
CPF-FR-004081,EVENT-BROKER,UNIT_TEST,완료,대체검증 또는 정적 검증 완료; 정식 Runtime 재확인,구현 완료·정식 Runtime 재확인,QA 재검수 대기,cpf-docs/evidence/development/DEVGPT-6D_09dd686/TEST_AND_EVIDENCE.md,Codex 독립검수 후 Java25·외부 환경 재실행
CPF-FR-004082,EVENT-BROKER,CONTRACT_TEST,완료,대체검증 또는 정적 검증 완료; 정식 Runtime 재확인,구현 완료·정식 Runtime 재확인,QA 재검수 대기,cpf-docs/evidence/development/DEVGPT-6D_09dd686/TEST_AND_EVIDENCE.md,Codex 독립검수 후 Java25·외부 환경 재실행
CPF-FR-004083,EVENT-BROKER,INTEGRATION_TEST,완료,대체검증 완료; Java25/실제 Runtime 미검증,구현 완료·정식 Runtime 재확인,QA 재검수 대기,cpf-docs/evidence/development/DEVGPT-6D_09dd686/TEST_AND_EVIDENCE.md,Java25 Gradle/외부 Provider/Process Kill Runtime 재실행
CPF-FR-004084,EVENT-BROKER,RUNTIME_TEST,완료,대체검증 완료; Java25/실제 Runtime 미검증,구현 완료·정식 Runtime 재확인,QA 재검수 대기,cpf-docs/evidence/development/DEVGPT-6D_09dd686/TEST_AND_EVIDENCE.md,Java25 Gradle/외부 Provider/Process Kill Runtime 재실행
CPF-FR-004085,EVENT-BROKER,FAULT_TEST,완료,대체검증 완료; Java25/실제 Runtime 미검증,구현 완료·정식 Runtime 재확인,QA 재검수 대기,cpf-docs/evidence/development/DEVGPT-6D_09dd686/TEST_AND_EVIDENCE.md,Java25 Gradle/외부 Provider/Process Kill Runtime 재실행
CPF-FR-004086,EVENT-BROKER,EVIDENCE,완료,대체검증 또는 정적 검증 완료; 정식 Runtime 재확인,구현 완료·정식 Runtime 재확인,QA 재검수 대기,cpf-docs/evidence/development/DEVGPT-6D_09dd686/TEST_AND_EVIDENCE.md,Codex 독립검수 후 Java25·외부 환경 재실행
CPF-FR-004087,EVENT-BROKER,HYGIENE,완료,대체검증 또는 정적 검증 완료; 정식 Runtime 재확인,구현 완료·정식 Runtime 재확인,QA 재검수 대기,cpf-docs/evidence/development/DEVGPT-6D_09dd686/TEST_AND_EVIDENCE.md,Codex 독립검수 후 Java25·외부 환경 재실행
CPF-FR-004088,EVENT-MQ,PURPOSE,완료,대체검증 또는 정적 검증 완료; 정식 Runtime 재확인,구현 완료·정식 Runtime 재확인,QA 재검수 대기,cpf-docs/evidence/development/DEVGPT-6D_09dd686/TEST_AND_EVIDENCE.md,Codex 독립검수 후 Java25·외부 환경 재실행
CPF-FR-004089,EVENT-MQ,OWNER,완료,대체검증 또는 정적 검증 완료; 정식 Runtime 재확인,구현 완료·정식 Runtime 재확인,QA 재검수 대기,cpf-docs/evidence/development/DEVGPT-6D_09dd686/TEST_AND_EVIDENCE.md,Codex 독립검수 후 Java25·외부 환경 재실행
CPF-FR-004090,EVENT-MQ,CONSUMER,완료,대체검증 또는 정적 검증 완료; 정식 Runtime 재확인,구현 완료·정식 Runtime 재확인,QA 재검수 대기,cpf-docs/evidence/development/DEVGPT-6D_09dd686/TEST_AND_EVIDENCE.md,Codex 독립검수 후 Java25·외부 환경 재실행
CPF-FR-004091,EVENT-MQ,PUBLIC_API,완료,대체검증 또는 정적 검증 완료; 정식 Runtime 재확인,구현 완료·정식 Runtime 재확인,QA 재검수 대기,cpf-docs/evidence/development/DEVGPT-6D_09dd686/TEST_AND_EVIDENCE.md,Codex 독립검수 후 Java25·외부 환경 재실행
CPF-FR-004092,EVENT-MQ,EXTENSION_SPI,완료,대체검증 또는 정적 검증 완료; 정식 Runtime 재확인,구현 완료·정식 Runtime 재확인,QA 재검수 대기,cpf-docs/evidence/development/DEVGPT-6D_09dd686/TEST_AND_EVIDENCE.md,Codex 독립검수 후 Java25·외부 환경 재실행
CPF-FR-004093,EVENT-MQ,INTERNAL_IMPL,완료,대체검증 또는 정적 검증 완료; 정식 Runtime 재확인,구현 완료·정식 Runtime 재확인,QA 재검수 대기,cpf-docs/evidence/development/DEVGPT-6D_09dd686/TEST_AND_EVIDENCE.md,Codex 독립검수 후 Java25·외부 환경 재실행
CPF-FR-004094,EVENT-MQ,INPUT,완료,대체검증 또는 정적 검증 완료; 정식 Runtime 재확인,구현 완료·정식 Runtime 재확인,QA 재검수 대기,cpf-docs/evidence/development/DEVGPT-6D_09dd686/TEST_AND_EVIDENCE.md,Codex 독립검수 후 Java25·외부 환경 재실행
CPF-FR-004095,EVENT-MQ,OUTPUT,완료,대체검증 또는 정적 검증 완료; 정식 Runtime 재확인,구현 완료·정식 Runtime 재확인,QA 재검수 대기,cpf-docs/evidence/development/DEVGPT-6D_09dd686/TEST_AND_EVIDENCE.md,Codex 독립검수 후 Java25·외부 환경 재실행
CPF-FR-004096,EVENT-MQ,CONFIG,완료,대체검증 또는 정적 검증 완료; 정식 Runtime 재확인,구현 완료·정식 Runtime 재확인,QA 재검수 대기,cpf-docs/evidence/development/DEVGPT-6D_09dd686/TEST_AND_EVIDENCE.md,Codex 독립검수 후 Java25·외부 환경 재실행
CPF-FR-004097,EVENT-MQ,VALIDATION,완료,대체검증 또는 정적 검증 완료; 정식 Runtime 재확인,구현 완료·정식 Runtime 재확인,QA 재검수 대기,cpf-docs/evidence/development/DEVGPT-6D_09dd686/TEST_AND_EVIDENCE.md,Codex 독립검수 후 Java25·외부 환경 재실행
CPF-FR-004098,EVENT-MQ,STATE,완료,대체검증 또는 정적 검증 완료; 정식 Runtime 재확인,구현 완료·정식 Runtime 재확인,QA 재검수 대기,cpf-docs/evidence/development/DEVGPT-6D_09dd686/TEST_AND_EVIDENCE.md,Codex 독립검수 후 Java25·외부 환경 재실행
CPF-FR-004099,EVENT-MQ,TRANSITION,완료,대체검증 또는 정적 검증 완료; 정식 Runtime 재확인,구현 완료·정식 Runtime 재확인,QA 재검수 대기,cpf-docs/evidence/development/DEVGPT-6D_09dd686/TEST_AND_EVIDENCE.md,Codex 독립검수 후 Java25·외부 환경 재실행
CPF-FR-004100,EVENT-MQ,COMMAND,완료,대체검증 또는 정적 검증 완료; 정식 Runtime 재확인,구현 완료·정식 Runtime 재확인,QA 재검수 대기,cpf-docs/evidence/development/DEVGPT-6D_09dd686/TEST_AND_EVIDENCE.md,Codex 독립검수 후 Java25·외부 환경 재실행
CPF-FR-004101,EVENT-MQ,QUERY,완료,대체검증 또는 정적 검증 완료; 정식 Runtime 재확인,구현 완료·정식 Runtime 재확인,QA 재검수 대기,cpf-docs/evidence/development/DEVGPT-6D_09dd686/TEST_AND_EVIDENCE.md,Codex 독립검수 후 Java25·외부 환경 재실행
CPF-FR-004102,EVENT-MQ,IDEMPOTENCY,완료,대체검증 또는 정적 검증 완료; 정식 Runtime 재확인,구현 완료·정식 Runtime 재확인,QA 재검수 대기,cpf-docs/evidence/development/DEVGPT-6D_09dd686/TEST_AND_EVIDENCE.md,Codex 독립검수 후 Java25·외부 환경 재실행
CPF-FR-004103,EVENT-MQ,CONCURRENCY,완료,대체검증 또는 정적 검증 완료; 정식 Runtime 재확인,구현 완료·정식 Runtime 재확인,QA 재검수 대기,cpf-docs/evidence/development/DEVGPT-6D_09dd686/TEST_AND_EVIDENCE.md,Codex 독립검수 후 Java25·외부 환경 재실행
CPF-FR-004104,EVENT-MQ,DEADLINE,완료,대체검증 또는 정적 검증 완료; 정식 Runtime 재확인,구현 완료·정식 Runtime 재확인,QA 재검수 대기,cpf-docs/evidence/development/DEVGPT-6D_09dd686/TEST_AND_EVIDENCE.md,Codex 독립검수 후 Java25·외부 환경 재실행
CPF-FR-004105,EVENT-MQ,RETRY,완료,대체검증 또는 정적 검증 완료; 정식 Runtime 재확인,구현 완료·정식 Runtime 재확인,QA 재검수 대기,cpf-docs/evidence/development/DEVGPT-6D_09dd686/TEST_AND_EVIDENCE.md,Codex 독립검수 후 Java25·외부 환경 재실행
CPF-FR-004106,EVENT-MQ,CIRCUIT,완료,대체검증 또는 정적 검증 완료; 정식 Runtime 재확인,구현 완료·정식 Runtime 재확인,QA 재검수 대기,cpf-docs/evidence/development/DEVGPT-6D_09dd686/TEST_AND_EVIDENCE.md,Codex 독립검수 후 Java25·외부 환경 재실행
CPF-FR-004107,EVENT-MQ,UNKNOWN,완료,대체검증 또는 정적 검증 완료; 정식 Runtime 재확인,구현 완료·정식 Runtime 재확인,QA 재검수 대기,cpf-docs/evidence/development/DEVGPT-6D_09dd686/TEST_AND_EVIDENCE.md,Codex 독립검수 후 Java25·외부 환경 재실행
CPF-FR-004108,EVENT-MQ,RECONCILE,완료,대체검증 또는 정적 검증 완료; 정식 Runtime 재확인,구현 완료·정식 Runtime 재확인,QA 재검수 대기,cpf-docs/evidence/development/DEVGPT-6D_09dd686/TEST_AND_EVIDENCE.md,Codex 독립검수 후 Java25·외부 환경 재실행
CPF-FR-004109,EVENT-MQ,RECOVERY,완료,대체검증 또는 정적 검증 완료; 정식 Runtime 재확인,구현 완료·정식 Runtime 재확인,QA 재검수 대기,cpf-docs/evidence/development/DEVGPT-6D_09dd686/TEST_AND_EVIDENCE.md,Codex 독립검수 후 Java25·외부 환경 재실행
CPF-FR-004110,EVENT-MQ,COMPENSATION,완료,대체검증 또는 정적 검증 완료; 정식 Runtime 재확인,구현 완료·정식 Runtime 재확인,QA 재검수 대기,cpf-docs/evidence/development/DEVGPT-6D_09dd686/TEST_AND_EVIDENCE.md,Codex 독립검수 후 Java25·외부 환경 재실행
CPF-FR-004111,EVENT-MQ,ROLLBACK,완료,대체검증 또는 정적 검증 완료; 정식 Runtime 재확인,구현 완료·정식 Runtime 재확인,QA 재검수 대기,cpf-docs/evidence/development/DEVGPT-6D_09dd686/TEST_AND_EVIDENCE.md,Codex 독립검수 후 Java25·외부 환경 재실행
CPF-FR-004112,EVENT-MQ,MULTI_INSTANCE,완료,대체검증 또는 정적 검증 완료; 정식 Runtime 재확인,구현 완료·정식 Runtime 재확인,QA 재검수 대기,cpf-docs/evidence/development/DEVGPT-6D_09dd686/TEST_AND_EVIDENCE.md,Codex 독립검수 후 Java25·외부 환경 재실행
CPF-FR-004113,EVENT-MQ,LOCAL_REMOTE,완료,대체검증 또는 정적 검증 완료; 정식 Runtime 재확인,구현 완료·정식 Runtime 재확인,QA 재검수 대기,cpf-docs/evidence/development/DEVGPT-6D_09dd686/TEST_AND_EVIDENCE.md,Codex 독립검수 후 Java25·외부 환경 재실행
CPF-FR-004114,EVENT-MQ,MIXED_VERSION,완료,대체검증 또는 정적 검증 완료; 정식 Runtime 재확인,구현 완료·정식 Runtime 재확인,QA 재검수 대기,cpf-docs/evidence/development/DEVGPT-6D_09dd686/TEST_AND_EVIDENCE.md,Codex 독립검수 후 Java25·외부 환경 재실행
CPF-FR-004115,EVENT-MQ,AUTHN,완료,대체검증 또는 정적 검증 완료; 정식 Runtime 재확인,구현 완료·정식 Runtime 재확인,QA 재검수 대기,cpf-docs/evidence/development/DEVGPT-6D_09dd686/TEST_AND_EVIDENCE.md,Codex 독립검수 후 Java25·외부 환경 재실행
CPF-FR-004116,EVENT-MQ,AUTHZ,완료,대체검증 또는 정적 검증 완료; 정식 Runtime 재확인,구현 완료·정식 Runtime 재확인,QA 재검수 대기,cpf-docs/evidence/development/DEVGPT-6D_09dd686/TEST_AND_EVIDENCE.md,Codex 독립검수 후 Java25·외부 환경 재실행
CPF-FR-004117,EVENT-MQ,DATA_SCOPE,완료,대체검증 또는 정적 검증 완료; 정식 Runtime 재확인,구현 완료·정식 Runtime 재확인,QA 재검수 대기,cpf-docs/evidence/development/DEVGPT-6D_09dd686/TEST_AND_EVIDENCE.md,Codex 독립검수 후 Java25·외부 환경 재실행
CPF-FR-004118,EVENT-MQ,MASKING,완료,대체검증 또는 정적 검증 완료; 정식 Runtime 재확인,구현 완료·정식 Runtime 재확인,QA 재검수 대기,cpf-docs/evidence/development/DEVGPT-6D_09dd686/TEST_AND_EVIDENCE.md,Codex 독립검수 후 Java25·외부 환경 재실행
CPF-FR-004119,EVENT-MQ,REASON,미완료,정적 계약 확인,교차 세션 변경 대기,QA 재검수 대기,cpf-docs/evidence/development/DEVGPT-6D_09dd686/TEST_AND_EVIDENCE.md,DEVGPT-6C 승인·사유·만료 Runtime Control 연결 후 재검증
CPF-FR-004120,EVENT-MQ,APPROVAL,미완료,정적 계약 확인,교차 세션 변경 대기,QA 재검수 대기,cpf-docs/evidence/development/DEVGPT-6D_09dd686/TEST_AND_EVIDENCE.md,DEVGPT-6C 승인·사유·만료 Runtime Control 연결 후 재검증
CPF-FR-004121,EVENT-MQ,AUDIT,완료,대체검증 또는 정적 검증 완료; 정식 Runtime 재확인,구현 완료·정식 Runtime 재확인,QA 재검수 대기,cpf-docs/evidence/development/DEVGPT-6D_09dd686/TEST_AND_EVIDENCE.md,Codex 독립검수 후 Java25·외부 환경 재실행
CPF-FR-004122,EVENT-MQ,LOG,완료,대체검증 또는 정적 검증 완료; 정식 Runtime 재확인,구현 완료·정식 Runtime 재확인,QA 재검수 대기,cpf-docs/evidence/development/DEVGPT-6D_09dd686/TEST_AND_EVIDENCE.md,Codex 독립검수 후 Java25·외부 환경 재실행
CPF-FR-004123,EVENT-MQ,METRIC,완료,대체검증 또는 정적 검증 완료; 정식 Runtime 재확인,구현 완료·정식 Runtime 재확인,QA 재검수 대기,cpf-docs/evidence/development/DEVGPT-6D_09dd686/TEST_AND_EVIDENCE.md,Codex 독립검수 후 Java25·외부 환경 재실행
CPF-FR-004124,EVENT-MQ,TRACE,완료,대체검증 또는 정적 검증 완료; 정식 Runtime 재확인,구현 완료·정식 Runtime 재확인,QA 재검수 대기,cpf-docs/evidence/development/DEVGPT-6D_09dd686/TEST_AND_EVIDENCE.md,Codex 독립검수 후 Java25·외부 환경 재실행
CPF-FR-004125,EVENT-MQ,HEALTH,완료,대체검증 또는 정적 검증 완료; 정식 Runtime 재확인,구현 완료·정식 Runtime 재확인,QA 재검수 대기,cpf-docs/evidence/development/DEVGPT-6D_09dd686/TEST_AND_EVIDENCE.md,Codex 독립검수 후 Java25·외부 환경 재실행
CPF-FR-004126,EVENT-MQ,ALERT_RUNBOOK,완료,대체검증 또는 정적 검증 완료; 정식 Runtime 재확인,구현 완료·정식 Runtime 재확인,QA 재검수 대기,cpf-docs/evidence/development/DEVGPT-6D_09dd686/TEST_AND_EVIDENCE.md,Codex 독립검수 후 Java25·외부 환경 재실행
CPF-FR-004127,EVENT-MQ,RESOURCE,완료,대체검증 또는 정적 검증 완료; 정식 Runtime 재확인,구현 완료·정식 Runtime 재확인,QA 재검수 대기,cpf-docs/evidence/development/DEVGPT-6D_09dd686/TEST_AND_EVIDENCE.md,Codex 독립검수 후 Java25·외부 환경 재실행
CPF-FR-004128,EVENT-MQ,DB_OWNER,미완료,미검증,교차 세션 변경 대기,QA 재검수 대기,cpf-docs/evidence/development/DEVGPT-6D_09dd686/TEST_AND_EVIDENCE.md,DEVGPT-6E 산출물 적용 후 정식 통합 재검증
CPF-FR-004129,EVENT-MQ,DB_SCHEMA,미완료,미검증,교차 세션 변경 대기,QA 재검수 대기,cpf-docs/evidence/development/DEVGPT-6D_09dd686/TEST_AND_EVIDENCE.md,DEVGPT-6E 산출물 적용 후 정식 통합 재검증
CPF-FR-004130,EVENT-MQ,DB_QUERY,미완료,미검증,교차 세션 변경 대기,QA 재검수 대기,cpf-docs/evidence/development/DEVGPT-6D_09dd686/TEST_AND_EVIDENCE.md,DEVGPT-6E 산출물 적용 후 정식 통합 재검증
CPF-FR-004131,EVENT-MQ,DB_MIGRATION,미완료,미검증,교차 세션 변경 대기,QA 재검수 대기,cpf-docs/evidence/development/DEVGPT-6D_09dd686/TEST_AND_EVIDENCE.md,DEVGPT-6E 산출물 적용 후 정식 통합 재검증
CPF-FR-004132,EVENT-MQ,DB_ROLLBACK,미완료,미검증,교차 세션 변경 대기,QA 재검수 대기,cpf-docs/evidence/development/DEVGPT-6D_09dd686/TEST_AND_EVIDENCE.md,DEVGPT-6E 산출물 적용 후 정식 통합 재검증
CPF-FR-004133,EVENT-MQ,DB_VENDOR,미완료,미검증,교차 세션 변경 대기,QA 재검수 대기,cpf-docs/evidence/development/DEVGPT-6D_09dd686/TEST_AND_EVIDENCE.md,DEVGPT-6E 산출물 적용 후 정식 통합 재검증
CPF-FR-004134,EVENT-MQ,API_OPENAPI,미완료,미검증,교차 세션 변경 대기,QA 재검수 대기,cpf-docs/evidence/development/DEVGPT-6D_09dd686/TEST_AND_EVIDENCE.md,DEVGPT-6A 산출물 적용 후 정식 통합 재검증
CPF-FR-004135,EVENT-MQ,FRONTEND,미완료,미검증,교차 세션 변경 대기,QA 재검수 대기,cpf-docs/evidence/development/DEVGPT-6D_09dd686/TEST_AND_EVIDENCE.md,DEVGPT-6A 산출물 적용 후 정식 통합 재검증
CPF-FR-004136,EVENT-MQ,ADM_UI,미완료,미검증,교차 세션 변경 대기,QA 재검수 대기,cpf-docs/evidence/development/DEVGPT-6D_09dd686/TEST_AND_EVIDENCE.md,DEVGPT-6A 산출물 적용 후 정식 통합 재검증
CPF-FR-004137,EVENT-MQ,BZA_UI,미완료,미검증,교차 세션 변경 대기,QA 재검수 대기,cpf-docs/evidence/development/DEVGPT-6D_09dd686/TEST_AND_EVIDENCE.md,DEVGPT-6A 산출물 적용 후 정식 통합 재검증
CPF-FR-004138,EVENT-MQ,GENERATOR,미완료,미검증,교차 세션 변경 대기,QA 재검수 대기,cpf-docs/evidence/development/DEVGPT-6D_09dd686/TEST_AND_EVIDENCE.md,DEVGPT-6F 산출물 적용 후 정식 통합 재검증
CPF-FR-004139,EVENT-MQ,SAMPLE_EDU,완료,대체검증 또는 정적 검증 완료; 정식 Runtime 재확인,구현 완료·정식 Runtime 재확인,QA 재검수 대기,cpf-docs/evidence/development/DEVGPT-6D_09dd686/TEST_AND_EVIDENCE.md,Codex 독립검수 후 Java25·외부 환경 재실행
CPF-FR-004140,EVENT-MQ,JAVADOC,완료,대체검증 또는 정적 검증 완료; 정식 Runtime 재확인,구현 완료·정식 Runtime 재확인,QA 재검수 대기,cpf-docs/evidence/development/DEVGPT-6D_09dd686/TEST_AND_EVIDENCE.md,Codex 독립검수 후 Java25·외부 환경 재실행
CPF-FR-004141,EVENT-MQ,GUIDE,완료,대체검증 또는 정적 검증 완료; 정식 Runtime 재확인,구현 완료·정식 Runtime 재확인,QA 재검수 대기,cpf-docs/evidence/development/DEVGPT-6D_09dd686/TEST_AND_EVIDENCE.md,Codex 독립검수 후 Java25·외부 환경 재실행
CPF-FR-004142,EVENT-MQ,UNIT_TEST,완료,대체검증 또는 정적 검증 완료; 정식 Runtime 재확인,구현 완료·정식 Runtime 재확인,QA 재검수 대기,cpf-docs/evidence/development/DEVGPT-6D_09dd686/TEST_AND_EVIDENCE.md,Codex 독립검수 후 Java25·외부 환경 재실행
CPF-FR-004143,EVENT-MQ,CONTRACT_TEST,완료,대체검증 또는 정적 검증 완료; 정식 Runtime 재확인,구현 완료·정식 Runtime 재확인,QA 재검수 대기,cpf-docs/evidence/development/DEVGPT-6D_09dd686/TEST_AND_EVIDENCE.md,Codex 독립검수 후 Java25·외부 환경 재실행
CPF-FR-004144,EVENT-MQ,INTEGRATION_TEST,완료,대체검증 완료; Java25/실제 Runtime 미검증,구현 완료·정식 Runtime 재확인,QA 재검수 대기,cpf-docs/evidence/development/DEVGPT-6D_09dd686/TEST_AND_EVIDENCE.md,Java25 Gradle/외부 Provider/Process Kill Runtime 재실행
CPF-FR-004145,EVENT-MQ,RUNTIME_TEST,완료,대체검증 완료; Java25/실제 Runtime 미검증,구현 완료·정식 Runtime 재확인,QA 재검수 대기,cpf-docs/evidence/development/DEVGPT-6D_09dd686/TEST_AND_EVIDENCE.md,Java25 Gradle/외부 Provider/Process Kill Runtime 재실행
CPF-FR-004146,EVENT-MQ,FAULT_TEST,완료,대체검증 완료; Java25/실제 Runtime 미검증,구현 완료·정식 Runtime 재확인,QA 재검수 대기,cpf-docs/evidence/development/DEVGPT-6D_09dd686/TEST_AND_EVIDENCE.md,Java25 Gradle/외부 Provider/Process Kill Runtime 재실행
CPF-FR-004147,EVENT-MQ,EVIDENCE,완료,대체검증 또는 정적 검증 완료; 정식 Runtime 재확인,구현 완료·정식 Runtime 재확인,QA 재검수 대기,cpf-docs/evidence/development/DEVGPT-6D_09dd686/TEST_AND_EVIDENCE.md,Codex 독립검수 후 Java25·외부 환경 재실행
CPF-FR-004148,EVENT-MQ,HYGIENE,완료,대체검증 또는 정적 검증 완료; 정식 Runtime 재확인,구현 완료·정식 Runtime 재확인,QA 재검수 대기,cpf-docs/evidence/development/DEVGPT-6D_09dd686/TEST_AND_EVIDENCE.md,Codex 독립검수 후 Java25·외부 환경 재실행
CPF-FR-004149,EVENT-JMS,PURPOSE,완료,대체검증 또는 정적 검증 완료; 정식 Runtime 재확인,구현 완료·정식 Runtime 재확인,QA 재검수 대기,cpf-docs/evidence/development/DEVGPT-6D_09dd686/TEST_AND_EVIDENCE.md,Codex 독립검수 후 Java25·외부 환경 재실행
CPF-FR-004150,EVENT-JMS,OWNER,완료,대체검증 또는 정적 검증 완료; 정식 Runtime 재확인,구현 완료·정식 Runtime 재확인,QA 재검수 대기,cpf-docs/evidence/development/DEVGPT-6D_09dd686/TEST_AND_EVIDENCE.md,Codex 독립검수 후 Java25·외부 환경 재실행
CPF-FR-004151,EVENT-JMS,CONSUMER,완료,대체검증 또는 정적 검증 완료; 정식 Runtime 재확인,구현 완료·정식 Runtime 재확인,QA 재검수 대기,cpf-docs/evidence/development/DEVGPT-6D_09dd686/TEST_AND_EVIDENCE.md,Codex 독립검수 후 Java25·외부 환경 재실행
CPF-FR-004152,EVENT-JMS,PUBLIC_API,완료,대체검증 또는 정적 검증 완료; 정식 Runtime 재확인,구현 완료·정식 Runtime 재확인,QA 재검수 대기,cpf-docs/evidence/development/DEVGPT-6D_09dd686/TEST_AND_EVIDENCE.md,Codex 독립검수 후 Java25·외부 환경 재실행
CPF-FR-004153,EVENT-JMS,EXTENSION_SPI,완료,대체검증 또는 정적 검증 완료; 정식 Runtime 재확인,구현 완료·정식 Runtime 재확인,QA 재검수 대기,cpf-docs/evidence/development/DEVGPT-6D_09dd686/TEST_AND_EVIDENCE.md,Codex 독립검수 후 Java25·외부 환경 재실행
CPF-FR-004154,EVENT-JMS,INTERNAL_IMPL,완료,대체검증 또는 정적 검증 완료; 정식 Runtime 재확인,구현 완료·정식 Runtime 재확인,QA 재검수 대기,cpf-docs/evidence/development/DEVGPT-6D_09dd686/TEST_AND_EVIDENCE.md,Codex 독립검수 후 Java25·외부 환경 재실행
CPF-FR-004155,EVENT-JMS,INPUT,완료,대체검증 또는 정적 검증 완료; 정식 Runtime 재확인,구현 완료·정식 Runtime 재확인,QA 재검수 대기,cpf-docs/evidence/development/DEVGPT-6D_09dd686/TEST_AND_EVIDENCE.md,Codex 독립검수 후 Java25·외부 환경 재실행
CPF-FR-004156,EVENT-JMS,OUTPUT,완료,대체검증 또는 정적 검증 완료; 정식 Runtime 재확인,구현 완료·정식 Runtime 재확인,QA 재검수 대기,cpf-docs/evidence/development/DEVGPT-6D_09dd686/TEST_AND_EVIDENCE.md,Codex 독립검수 후 Java25·외부 환경 재실행
CPF-FR-004157,EVENT-JMS,CONFIG,완료,대체검증 또는 정적 검증 완료; 정식 Runtime 재확인,구현 완료·정식 Runtime 재확인,QA 재검수 대기,cpf-docs/evidence/development/DEVGPT-6D_09dd686/TEST_AND_EVIDENCE.md,Codex 독립검수 후 Java25·외부 환경 재실행
CPF-FR-004158,EVENT-JMS,VALIDATION,완료,대체검증 또는 정적 검증 완료; 정식 Runtime 재확인,구현 완료·정식 Runtime 재확인,QA 재검수 대기,cpf-docs/evidence/development/DEVGPT-6D_09dd686/TEST_AND_EVIDENCE.md,Codex 독립검수 후 Java25·외부 환경 재실행
CPF-FR-004159,EVENT-JMS,STATE,완료,대체검증 또는 정적 검증 완료; 정식 Runtime 재확인,구현 완료·정식 Runtime 재확인,QA 재검수 대기,cpf-docs/evidence/development/DEVGPT-6D_09dd686/TEST_AND_EVIDENCE.md,Codex 독립검수 후 Java25·외부 환경 재실행
CPF-FR-004160,EVENT-JMS,TRANSITION,완료,대체검증 또는 정적 검증 완료; 정식 Runtime 재확인,구현 완료·정식 Runtime 재확인,QA 재검수 대기,cpf-docs/evidence/development/DEVGPT-6D_09dd686/TEST_AND_EVIDENCE.md,Codex 독립검수 후 Java25·외부 환경 재실행
CPF-FR-004161,EVENT-JMS,COMMAND,완료,대체검증 또는 정적 검증 완료; 정식 Runtime 재확인,구현 완료·정식 Runtime 재확인,QA 재검수 대기,cpf-docs/evidence/development/DEVGPT-6D_09dd686/TEST_AND_EVIDENCE.md,Codex 독립검수 후 Java25·외부 환경 재실행
CPF-FR-004162,EVENT-JMS,QUERY,완료,대체검증 또는 정적 검증 완료; 정식 Runtime 재확인,구현 완료·정식 Runtime 재확인,QA 재검수 대기,cpf-docs/evidence/development/DEVGPT-6D_09dd686/TEST_AND_EVIDENCE.md,Codex 독립검수 후 Java25·외부 환경 재실행
CPF-FR-004163,EVENT-JMS,IDEMPOTENCY,완료,대체검증 또는 정적 검증 완료; 정식 Runtime 재확인,구현 완료·정식 Runtime 재확인,QA 재검수 대기,cpf-docs/evidence/development/DEVGPT-6D_09dd686/TEST_AND_EVIDENCE.md,Codex 독립검수 후 Java25·외부 환경 재실행
CPF-FR-004164,EVENT-JMS,CONCURRENCY,완료,대체검증 또는 정적 검증 완료; 정식 Runtime 재확인,구현 완료·정식 Runtime 재확인,QA 재검수 대기,cpf-docs/evidence/development/DEVGPT-6D_09dd686/TEST_AND_EVIDENCE.md,Codex 독립검수 후 Java25·외부 환경 재실행
CPF-FR-004165,EVENT-JMS,DEADLINE,완료,대체검증 또는 정적 검증 완료; 정식 Runtime 재확인,구현 완료·정식 Runtime 재확인,QA 재검수 대기,cpf-docs/evidence/development/DEVGPT-6D_09dd686/TEST_AND_EVIDENCE.md,Codex 독립검수 후 Java25·외부 환경 재실행
CPF-FR-004166,EVENT-JMS,RETRY,완료,대체검증 또는 정적 검증 완료; 정식 Runtime 재확인,구현 완료·정식 Runtime 재확인,QA 재검수 대기,cpf-docs/evidence/development/DEVGPT-6D_09dd686/TEST_AND_EVIDENCE.md,Codex 독립검수 후 Java25·외부 환경 재실행
CPF-FR-004167,EVENT-JMS,CIRCUIT,완료,대체검증 또는 정적 검증 완료; 정식 Runtime 재확인,구현 완료·정식 Runtime 재확인,QA 재검수 대기,cpf-docs/evidence/development/DEVGPT-6D_09dd686/TEST_AND_EVIDENCE.md,Codex 독립검수 후 Java25·외부 환경 재실행
CPF-FR-004168,EVENT-JMS,UNKNOWN,완료,대체검증 또는 정적 검증 완료; 정식 Runtime 재확인,구현 완료·정식 Runtime 재확인,QA 재검수 대기,cpf-docs/evidence/development/DEVGPT-6D_09dd686/TEST_AND_EVIDENCE.md,Codex 독립검수 후 Java25·외부 환경 재실행
CPF-FR-004169,EVENT-JMS,RECONCILE,완료,대체검증 또는 정적 검증 완료; 정식 Runtime 재확인,구현 완료·정식 Runtime 재확인,QA 재검수 대기,cpf-docs/evidence/development/DEVGPT-6D_09dd686/TEST_AND_EVIDENCE.md,Codex 독립검수 후 Java25·외부 환경 재실행
CPF-FR-004170,EVENT-JMS,RECOVERY,완료,대체검증 또는 정적 검증 완료; 정식 Runtime 재확인,구현 완료·정식 Runtime 재확인,QA 재검수 대기,cpf-docs/evidence/development/DEVGPT-6D_09dd686/TEST_AND_EVIDENCE.md,Codex 독립검수 후 Java25·외부 환경 재실행
CPF-FR-004171,EVENT-JMS,COMPENSATION,완료,대체검증 또는 정적 검증 완료; 정식 Runtime 재확인,구현 완료·정식 Runtime 재확인,QA 재검수 대기,cpf-docs/evidence/development/DEVGPT-6D_09dd686/TEST_AND_EVIDENCE.md,Codex 독립검수 후 Java25·외부 환경 재실행
CPF-FR-004172,EVENT-JMS,ROLLBACK,완료,대체검증 또는 정적 검증 완료; 정식 Runtime 재확인,구현 완료·정식 Runtime 재확인,QA 재검수 대기,cpf-docs/evidence/development/DEVGPT-6D_09dd686/TEST_AND_EVIDENCE.md,Codex 독립검수 후 Java25·외부 환경 재실행
CPF-FR-004173,EVENT-JMS,MULTI_INSTANCE,완료,대체검증 또는 정적 검증 완료; 정식 Runtime 재확인,구현 완료·정식 Runtime 재확인,QA 재검수 대기,cpf-docs/evidence/development/DEVGPT-6D_09dd686/TEST_AND_EVIDENCE.md,Codex 독립검수 후 Java25·외부 환경 재실행
CPF-FR-004174,EVENT-JMS,LOCAL_REMOTE,완료,대체검증 또는 정적 검증 완료; 정식 Runtime 재확인,구현 완료·정식 Runtime 재확인,QA 재검수 대기,cpf-docs/evidence/development/DEVGPT-6D_09dd686/TEST_AND_EVIDENCE.md,Codex 독립검수 후 Java25·외부 환경 재실행
CPF-FR-004175,EVENT-JMS,MIXED_VERSION,완료,대체검증 또는 정적 검증 완료; 정식 Runtime 재확인,구현 완료·정식 Runtime 재확인,QA 재검수 대기,cpf-docs/evidence/development/DEVGPT-6D_09dd686/TEST_AND_EVIDENCE.md,Codex 독립검수 후 Java25·외부 환경 재실행
CPF-FR-004176,EVENT-JMS,AUTHN,완료,대체검증 또는 정적 검증 완료; 정식 Runtime 재확인,구현 완료·정식 Runtime 재확인,QA 재검수 대기,cpf-docs/evidence/development/DEVGPT-6D_09dd686/TEST_AND_EVIDENCE.md,Codex 독립검수 후 Java25·외부 환경 재실행
CPF-FR-004177,EVENT-JMS,AUTHZ,완료,대체검증 또는 정적 검증 완료; 정식 Runtime 재확인,구현 완료·정식 Runtime 재확인,QA 재검수 대기,cpf-docs/evidence/development/DEVGPT-6D_09dd686/TEST_AND_EVIDENCE.md,Codex 독립검수 후 Java25·외부 환경 재실행
CPF-FR-004178,EVENT-JMS,DATA_SCOPE,완료,대체검증 또는 정적 검증 완료; 정식 Runtime 재확인,구현 완료·정식 Runtime 재확인,QA 재검수 대기,cpf-docs/evidence/development/DEVGPT-6D_09dd686/TEST_AND_EVIDENCE.md,Codex 독립검수 후 Java25·외부 환경 재실행
CPF-FR-004179,EVENT-JMS,MASKING,완료,대체검증 또는 정적 검증 완료; 정식 Runtime 재확인,구현 완료·정식 Runtime 재확인,QA 재검수 대기,cpf-docs/evidence/development/DEVGPT-6D_09dd686/TEST_AND_EVIDENCE.md,Codex 독립검수 후 Java25·외부 환경 재실행
CPF-FR-004180,EVENT-JMS,REASON,미완료,정적 계약 확인,교차 세션 변경 대기,QA 재검수 대기,cpf-docs/evidence/development/DEVGPT-6D_09dd686/TEST_AND_EVIDENCE.md,DEVGPT-6C 승인·사유·만료 Runtime Control 연결 후 재검증
CPF-FR-004181,EVENT-JMS,APPROVAL,미완료,정적 계약 확인,교차 세션 변경 대기,QA 재검수 대기,cpf-docs/evidence/development/DEVGPT-6D_09dd686/TEST_AND_EVIDENCE.md,DEVGPT-6C 승인·사유·만료 Runtime Control 연결 후 재검증
CPF-FR-004182,EVENT-JMS,AUDIT,완료,대체검증 또는 정적 검증 완료; 정식 Runtime 재확인,구현 완료·정식 Runtime 재확인,QA 재검수 대기,cpf-docs/evidence/development/DEVGPT-6D_09dd686/TEST_AND_EVIDENCE.md,Codex 독립검수 후 Java25·외부 환경 재실행
CPF-FR-004183,EVENT-JMS,LOG,완료,대체검증 또는 정적 검증 완료; 정식 Runtime 재확인,구현 완료·정식 Runtime 재확인,QA 재검수 대기,cpf-docs/evidence/development/DEVGPT-6D_09dd686/TEST_AND_EVIDENCE.md,Codex 독립검수 후 Java25·외부 환경 재실행
CPF-FR-004184,EVENT-JMS,METRIC,완료,대체검증 또는 정적 검증 완료; 정식 Runtime 재확인,구현 완료·정식 Runtime 재확인,QA 재검수 대기,cpf-docs/evidence/development/DEVGPT-6D_09dd686/TEST_AND_EVIDENCE.md,Codex 독립검수 후 Java25·외부 환경 재실행
CPF-FR-004185,EVENT-JMS,TRACE,완료,대체검증 또는 정적 검증 완료; 정식 Runtime 재확인,구현 완료·정식 Runtime 재확인,QA 재검수 대기,cpf-docs/evidence/development/DEVGPT-6D_09dd686/TEST_AND_EVIDENCE.md,Codex 독립검수 후 Java25·외부 환경 재실행
CPF-FR-004186,EVENT-JMS,HEALTH,완료,대체검증 또는 정적 검증 완료; 정식 Runtime 재확인,구현 완료·정식 Runtime 재확인,QA 재검수 대기,cpf-docs/evidence/development/DEVGPT-6D_09dd686/TEST_AND_EVIDENCE.md,Codex 독립검수 후 Java25·외부 환경 재실행
CPF-FR-004187,EVENT-JMS,ALERT_RUNBOOK,완료,대체검증 또는 정적 검증 완료; 정식 Runtime 재확인,구현 완료·정식 Runtime 재확인,QA 재검수 대기,cpf-docs/evidence/development/DEVGPT-6D_09dd686/TEST_AND_EVIDENCE.md,Codex 독립검수 후 Java25·외부 환경 재실행
CPF-FR-004188,EVENT-JMS,RESOURCE,완료,대체검증 또는 정적 검증 완료; 정식 Runtime 재확인,구현 완료·정식 Runtime 재확인,QA 재검수 대기,cpf-docs/evidence/development/DEVGPT-6D_09dd686/TEST_AND_EVIDENCE.md,Codex 독립검수 후 Java25·외부 환경 재실행
CPF-FR-004189,EVENT-JMS,DB_OWNER,미완료,미검증,교차 세션 변경 대기,QA 재검수 대기,cpf-docs/evidence/development/DEVGPT-6D_09dd686/TEST_AND_EVIDENCE.md,DEVGPT-6E 산출물 적용 후 정식 통합 재검증
CPF-FR-004190,EVENT-JMS,DB_SCHEMA,미완료,미검증,교차 세션 변경 대기,QA 재검수 대기,cpf-docs/evidence/development/DEVGPT-6D_09dd686/TEST_AND_EVIDENCE.md,DEVGPT-6E 산출물 적용 후 정식 통합 재검증
CPF-FR-004191,EVENT-JMS,DB_QUERY,미완료,미검증,교차 세션 변경 대기,QA 재검수 대기,cpf-docs/evidence/development/DEVGPT-6D_09dd686/TEST_AND_EVIDENCE.md,DEVGPT-6E 산출물 적용 후 정식 통합 재검증
CPF-FR-004192,EVENT-JMS,DB_MIGRATION,미완료,미검증,교차 세션 변경 대기,QA 재검수 대기,cpf-docs/evidence/development/DEVGPT-6D_09dd686/TEST_AND_EVIDENCE.md,DEVGPT-6E 산출물 적용 후 정식 통합 재검증
CPF-FR-004193,EVENT-JMS,DB_ROLLBACK,미완료,미검증,교차 세션 변경 대기,QA 재검수 대기,cpf-docs/evidence/development/DEVGPT-6D_09dd686/TEST_AND_EVIDENCE.md,DEVGPT-6E 산출물 적용 후 정식 통합 재검증
CPF-FR-004194,EVENT-JMS,DB_VENDOR,미완료,미검증,교차 세션 변경 대기,QA 재검수 대기,cpf-docs/evidence/development/DEVGPT-6D_09dd686/TEST_AND_EVIDENCE.md,DEVGPT-6E 산출물 적용 후 정식 통합 재검증
CPF-FR-004195,EVENT-JMS,API_OPENAPI,미완료,미검증,교차 세션 변경 대기,QA 재검수 대기,cpf-docs/evidence/development/DEVGPT-6D_09dd686/TEST_AND_EVIDENCE.md,DEVGPT-6A 산출물 적용 후 정식 통합 재검증
CPF-FR-004196,EVENT-JMS,FRONTEND,미완료,미검증,교차 세션 변경 대기,QA 재검수 대기,cpf-docs/evidence/development/DEVGPT-6D_09dd686/TEST_AND_EVIDENCE.md,DEVGPT-6A 산출물 적용 후 정식 통합 재검증
CPF-FR-004197,EVENT-JMS,ADM_UI,미완료,미검증,교차 세션 변경 대기,QA 재검수 대기,cpf-docs/evidence/development/DEVGPT-6D_09dd686/TEST_AND_EVIDENCE.md,DEVGPT-6A 산출물 적용 후 정식 통합 재검증
CPF-FR-004198,EVENT-JMS,BZA_UI,미완료,미검증,교차 세션 변경 대기,QA 재검수 대기,cpf-docs/evidence/development/DEVGPT-6D_09dd686/TEST_AND_EVIDENCE.md,DEVGPT-6A 산출물 적용 후 정식 통합 재검증
CPF-FR-004199,EVENT-JMS,GENERATOR,미완료,미검증,교차 세션 변경 대기,QA 재검수 대기,cpf-docs/evidence/development/DEVGPT-6D_09dd686/TEST_AND_EVIDENCE.md,DEVGPT-6F 산출물 적용 후 정식 통합 재검증
CPF-FR-004200,EVENT-JMS,SAMPLE_EDU,완료,대체검증 또는 정적 검증 완료; 정식 Runtime 재확인,구현 완료·정식 Runtime 재확인,QA 재검수 대기,cpf-docs/evidence/development/DEVGPT-6D_09dd686/TEST_AND_EVIDENCE.md,Codex 독립검수 후 Java25·외부 환경 재실행
CPF-FR-004201,EVENT-JMS,JAVADOC,완료,대체검증 또는 정적 검증 완료; 정식 Runtime 재확인,구현 완료·정식 Runtime 재확인,QA 재검수 대기,cpf-docs/evidence/development/DEVGPT-6D_09dd686/TEST_AND_EVIDENCE.md,Codex 독립검수 후 Java25·외부 환경 재실행
CPF-FR-004202,EVENT-JMS,GUIDE,완료,대체검증 또는 정적 검증 완료; 정식 Runtime 재확인,구현 완료·정식 Runtime 재확인,QA 재검수 대기,cpf-docs/evidence/development/DEVGPT-6D_09dd686/TEST_AND_EVIDENCE.md,Codex 독립검수 후 Java25·외부 환경 재실행
CPF-FR-004203,EVENT-JMS,UNIT_TEST,완료,대체검증 또는 정적 검증 완료; 정식 Runtime 재확인,구현 완료·정식 Runtime 재확인,QA 재검수 대기,cpf-docs/evidence/development/DEVGPT-6D_09dd686/TEST_AND_EVIDENCE.md,Codex 독립검수 후 Java25·외부 환경 재실행
CPF-FR-004204,EVENT-JMS,CONTRACT_TEST,완료,대체검증 또는 정적 검증 완료; 정식 Runtime 재확인,구현 완료·정식 Runtime 재확인,QA 재검수 대기,cpf-docs/evidence/development/DEVGPT-6D_09dd686/TEST_AND_EVIDENCE.md,Codex 독립검수 후 Java25·외부 환경 재실행
CPF-FR-004205,EVENT-JMS,INTEGRATION_TEST,완료,대체검증 완료; Java25/실제 Runtime 미검증,구현 완료·정식 Runtime 재확인,QA 재검수 대기,cpf-docs/evidence/development/DEVGPT-6D_09dd686/TEST_AND_EVIDENCE.md,Java25 Gradle/외부 Provider/Process Kill Runtime 재실행
CPF-FR-004206,EVENT-JMS,RUNTIME_TEST,완료,대체검증 완료; Java25/실제 Runtime 미검증,구현 완료·정식 Runtime 재확인,QA 재검수 대기,cpf-docs/evidence/development/DEVGPT-6D_09dd686/TEST_AND_EVIDENCE.md,Java25 Gradle/외부 Provider/Process Kill Runtime 재실행
CPF-FR-004207,EVENT-JMS,FAULT_TEST,완료,대체검증 완료; Java25/실제 Runtime 미검증,구현 완료·정식 Runtime 재확인,QA 재검수 대기,cpf-docs/evidence/development/DEVGPT-6D_09dd686/TEST_AND_EVIDENCE.md,Java25 Gradle/외부 Provider/Process Kill Runtime 재실행
CPF-FR-004208,EVENT-JMS,EVIDENCE,완료,대체검증 또는 정적 검증 완료; 정식 Runtime 재확인,구현 완료·정식 Runtime 재확인,QA 재검수 대기,cpf-docs/evidence/development/DEVGPT-6D_09dd686/TEST_AND_EVIDENCE.md,Codex 독립검수 후 Java25·외부 환경 재실행
CPF-FR-004209,EVENT-JMS,HYGIENE,완료,대체검증 또는 정적 검증 완료; 정식 Runtime 재확인,구현 완료·정식 Runtime 재확인,QA 재검수 대기,cpf-docs/evidence/development/DEVGPT-6D_09dd686/TEST_AND_EVIDENCE.md,Codex 독립검수 후 Java25·외부 환경 재실행
CPF-FR-004210,EVENT-IBM-MQ,PURPOSE,완료,대체검증 또는 정적 검증 완료; 정식 Runtime 재확인,구현 완료·정식 Runtime 재확인,QA 재검수 대기,cpf-docs/evidence/development/DEVGPT-6D_09dd686/TEST_AND_EVIDENCE.md,Codex 독립검수 후 Java25·외부 환경 재실행
CPF-FR-004211,EVENT-IBM-MQ,OWNER,완료,대체검증 또는 정적 검증 완료; 정식 Runtime 재확인,구현 완료·정식 Runtime 재확인,QA 재검수 대기,cpf-docs/evidence/development/DEVGPT-6D_09dd686/TEST_AND_EVIDENCE.md,Codex 독립검수 후 Java25·외부 환경 재실행
CPF-FR-004212,EVENT-IBM-MQ,CONSUMER,완료,대체검증 또는 정적 검증 완료; 정식 Runtime 재확인,구현 완료·정식 Runtime 재확인,QA 재검수 대기,cpf-docs/evidence/development/DEVGPT-6D_09dd686/TEST_AND_EVIDENCE.md,Codex 독립검수 후 Java25·외부 환경 재실행
CPF-FR-004213,EVENT-IBM-MQ,PUBLIC_API,완료,대체검증 또는 정적 검증 완료; 정식 Runtime 재확인,구현 완료·정식 Runtime 재확인,QA 재검수 대기,cpf-docs/evidence/development/DEVGPT-6D_09dd686/TEST_AND_EVIDENCE.md,Codex 독립검수 후 Java25·외부 환경 재실행
CPF-FR-004214,EVENT-IBM-MQ,EXTENSION_SPI,완료,대체검증 또는 정적 검증 완료; 정식 Runtime 재확인,구현 완료·정식 Runtime 재확인,QA 재검수 대기,cpf-docs/evidence/development/DEVGPT-6D_09dd686/TEST_AND_EVIDENCE.md,Codex 독립검수 후 Java25·외부 환경 재실행
CPF-FR-004215,EVENT-IBM-MQ,INTERNAL_IMPL,완료,대체검증 또는 정적 검증 완료; 정식 Runtime 재확인,구현 완료·정식 Runtime 재확인,QA 재검수 대기,cpf-docs/evidence/development/DEVGPT-6D_09dd686/TEST_AND_EVIDENCE.md,Codex 독립검수 후 Java25·외부 환경 재실행
CPF-FR-004216,EVENT-IBM-MQ,INPUT,완료,대체검증 또는 정적 검증 완료; 정식 Runtime 재확인,구현 완료·정식 Runtime 재확인,QA 재검수 대기,cpf-docs/evidence/development/DEVGPT-6D_09dd686/TEST_AND_EVIDENCE.md,Codex 독립검수 후 Java25·외부 환경 재실행
CPF-FR-004217,EVENT-IBM-MQ,OUTPUT,완료,대체검증 또는 정적 검증 완료; 정식 Runtime 재확인,구현 완료·정식 Runtime 재확인,QA 재검수 대기,cpf-docs/evidence/development/DEVGPT-6D_09dd686/TEST_AND_EVIDENCE.md,Codex 독립검수 후 Java25·외부 환경 재실행
CPF-FR-004218,EVENT-IBM-MQ,CONFIG,완료,대체검증 또는 정적 검증 완료; 정식 Runtime 재확인,구현 완료·정식 Runtime 재확인,QA 재검수 대기,cpf-docs/evidence/development/DEVGPT-6D_09dd686/TEST_AND_EVIDENCE.md,Codex 독립검수 후 Java25·외부 환경 재실행
CPF-FR-004219,EVENT-IBM-MQ,VALIDATION,완료,대체검증 또는 정적 검증 완료; 정식 Runtime 재확인,구현 완료·정식 Runtime 재확인,QA 재검수 대기,cpf-docs/evidence/development/DEVGPT-6D_09dd686/TEST_AND_EVIDENCE.md,Codex 독립검수 후 Java25·외부 환경 재실행
CPF-FR-004220,EVENT-IBM-MQ,STATE,완료,대체검증 또는 정적 검증 완료; 정식 Runtime 재확인,구현 완료·정식 Runtime 재확인,QA 재검수 대기,cpf-docs/evidence/development/DEVGPT-6D_09dd686/TEST_AND_EVIDENCE.md,Codex 독립검수 후 Java25·외부 환경 재실행
CPF-FR-004221,EVENT-IBM-MQ,TRANSITION,완료,대체검증 또는 정적 검증 완료; 정식 Runtime 재확인,구현 완료·정식 Runtime 재확인,QA 재검수 대기,cpf-docs/evidence/development/DEVGPT-6D_09dd686/TEST_AND_EVIDENCE.md,Codex 독립검수 후 Java25·외부 환경 재실행
CPF-FR-004222,EVENT-IBM-MQ,COMMAND,완료,대체검증 또는 정적 검증 완료; 정식 Runtime 재확인,구현 완료·정식 Runtime 재확인,QA 재검수 대기,cpf-docs/evidence/development/DEVGPT-6D_09dd686/TEST_AND_EVIDENCE.md,Codex 독립검수 후 Java25·외부 환경 재실행
CPF-FR-004223,EVENT-IBM-MQ,QUERY,완료,대체검증 또는 정적 검증 완료; 정식 Runtime 재확인,구현 완료·정식 Runtime 재확인,QA 재검수 대기,cpf-docs/evidence/development/DEVGPT-6D_09dd686/TEST_AND_EVIDENCE.md,Codex 독립검수 후 Java25·외부 환경 재실행
CPF-FR-004224,EVENT-IBM-MQ,IDEMPOTENCY,완료,대체검증 또는 정적 검증 완료; 정식 Runtime 재확인,구현 완료·정식 Runtime 재확인,QA 재검수 대기,cpf-docs/evidence/development/DEVGPT-6D_09dd686/TEST_AND_EVIDENCE.md,Codex 독립검수 후 Java25·외부 환경 재실행
CPF-FR-004225,EVENT-IBM-MQ,CONCURRENCY,완료,대체검증 또는 정적 검증 완료; 정식 Runtime 재확인,구현 완료·정식 Runtime 재확인,QA 재검수 대기,cpf-docs/evidence/development/DEVGPT-6D_09dd686/TEST_AND_EVIDENCE.md,Codex 독립검수 후 Java25·외부 환경 재실행
CPF-FR-004226,EVENT-IBM-MQ,DEADLINE,완료,대체검증 또는 정적 검증 완료; 정식 Runtime 재확인,구현 완료·정식 Runtime 재확인,QA 재검수 대기,cpf-docs/evidence/development/DEVGPT-6D_09dd686/TEST_AND_EVIDENCE.md,Codex 독립검수 후 Java25·외부 환경 재실행
CPF-FR-004227,EVENT-IBM-MQ,RETRY,완료,대체검증 또는 정적 검증 완료; 정식 Runtime 재확인,구현 완료·정식 Runtime 재확인,QA 재검수 대기,cpf-docs/evidence/development/DEVGPT-6D_09dd686/TEST_AND_EVIDENCE.md,Codex 독립검수 후 Java25·외부 환경 재실행
CPF-FR-004228,EVENT-IBM-MQ,CIRCUIT,완료,대체검증 또는 정적 검증 완료; 정식 Runtime 재확인,구현 완료·정식 Runtime 재확인,QA 재검수 대기,cpf-docs/evidence/development/DEVGPT-6D_09dd686/TEST_AND_EVIDENCE.md,Codex 독립검수 후 Java25·외부 환경 재실행
CPF-FR-004229,EVENT-IBM-MQ,UNKNOWN,완료,대체검증 또는 정적 검증 완료; 정식 Runtime 재확인,구현 완료·정식 Runtime 재확인,QA 재검수 대기,cpf-docs/evidence/development/DEVGPT-6D_09dd686/TEST_AND_EVIDENCE.md,Codex 독립검수 후 Java25·외부 환경 재실행
CPF-FR-004230,EVENT-IBM-MQ,RECONCILE,완료,대체검증 또는 정적 검증 완료; 정식 Runtime 재확인,구현 완료·정식 Runtime 재확인,QA 재검수 대기,cpf-docs/evidence/development/DEVGPT-6D_09dd686/TEST_AND_EVIDENCE.md,Codex 독립검수 후 Java25·외부 환경 재실행
CPF-FR-004231,EVENT-IBM-MQ,RECOVERY,완료,대체검증 또는 정적 검증 완료; 정식 Runtime 재확인,구현 완료·정식 Runtime 재확인,QA 재검수 대기,cpf-docs/evidence/development/DEVGPT-6D_09dd686/TEST_AND_EVIDENCE.md,Codex 독립검수 후 Java25·외부 환경 재실행
CPF-FR-004232,EVENT-IBM-MQ,COMPENSATION,완료,대체검증 또는 정적 검증 완료; 정식 Runtime 재확인,구현 완료·정식 Runtime 재확인,QA 재검수 대기,cpf-docs/evidence/development/DEVGPT-6D_09dd686/TEST_AND_EVIDENCE.md,Codex 독립검수 후 Java25·외부 환경 재실행
CPF-FR-004233,EVENT-IBM-MQ,ROLLBACK,완료,대체검증 또는 정적 검증 완료; 정식 Runtime 재확인,구현 완료·정식 Runtime 재확인,QA 재검수 대기,cpf-docs/evidence/development/DEVGPT-6D_09dd686/TEST_AND_EVIDENCE.md,Codex 독립검수 후 Java25·외부 환경 재실행
CPF-FR-004234,EVENT-IBM-MQ,MULTI_INSTANCE,완료,대체검증 또는 정적 검증 완료; 정식 Runtime 재확인,구현 완료·정식 Runtime 재확인,QA 재검수 대기,cpf-docs/evidence/development/DEVGPT-6D_09dd686/TEST_AND_EVIDENCE.md,Codex 독립검수 후 Java25·외부 환경 재실행
CPF-FR-004235,EVENT-IBM-MQ,LOCAL_REMOTE,완료,대체검증 또는 정적 검증 완료; 정식 Runtime 재확인,구현 완료·정식 Runtime 재확인,QA 재검수 대기,cpf-docs/evidence/development/DEVGPT-6D_09dd686/TEST_AND_EVIDENCE.md,Codex 독립검수 후 Java25·외부 환경 재실행
CPF-FR-004236,EVENT-IBM-MQ,MIXED_VERSION,완료,대체검증 또는 정적 검증 완료; 정식 Runtime 재확인,구현 완료·정식 Runtime 재확인,QA 재검수 대기,cpf-docs/evidence/development/DEVGPT-6D_09dd686/TEST_AND_EVIDENCE.md,Codex 독립검수 후 Java25·외부 환경 재실행
CPF-FR-004237,EVENT-IBM-MQ,AUTHN,완료,대체검증 또는 정적 검증 완료; 정식 Runtime 재확인,구현 완료·정식 Runtime 재확인,QA 재검수 대기,cpf-docs/evidence/development/DEVGPT-6D_09dd686/TEST_AND_EVIDENCE.md,Codex 독립검수 후 Java25·외부 환경 재실행
CPF-FR-004238,EVENT-IBM-MQ,AUTHZ,완료,대체검증 또는 정적 검증 완료; 정식 Runtime 재확인,구현 완료·정식 Runtime 재확인,QA 재검수 대기,cpf-docs/evidence/development/DEVGPT-6D_09dd686/TEST_AND_EVIDENCE.md,Codex 독립검수 후 Java25·외부 환경 재실행
CPF-FR-004239,EVENT-IBM-MQ,DATA_SCOPE,완료,대체검증 또는 정적 검증 완료; 정식 Runtime 재확인,구현 완료·정식 Runtime 재확인,QA 재검수 대기,cpf-docs/evidence/development/DEVGPT-6D_09dd686/TEST_AND_EVIDENCE.md,Codex 독립검수 후 Java25·외부 환경 재실행
CPF-FR-004240,EVENT-IBM-MQ,MASKING,완료,대체검증 또는 정적 검증 완료; 정식 Runtime 재확인,구현 완료·정식 Runtime 재확인,QA 재검수 대기,cpf-docs/evidence/development/DEVGPT-6D_09dd686/TEST_AND_EVIDENCE.md,Codex 독립검수 후 Java25·외부 환경 재실행
CPF-FR-004241,EVENT-IBM-MQ,REASON,미완료,정적 계약 확인,교차 세션 변경 대기,QA 재검수 대기,cpf-docs/evidence/development/DEVGPT-6D_09dd686/TEST_AND_EVIDENCE.md,DEVGPT-6C 승인·사유·만료 Runtime Control 연결 후 재검증
CPF-FR-004242,EVENT-IBM-MQ,APPROVAL,미완료,정적 계약 확인,교차 세션 변경 대기,QA 재검수 대기,cpf-docs/evidence/development/DEVGPT-6D_09dd686/TEST_AND_EVIDENCE.md,DEVGPT-6C 승인·사유·만료 Runtime Control 연결 후 재검증
CPF-FR-004243,EVENT-IBM-MQ,AUDIT,완료,대체검증 또는 정적 검증 완료; 정식 Runtime 재확인,구현 완료·정식 Runtime 재확인,QA 재검수 대기,cpf-docs/evidence/development/DEVGPT-6D_09dd686/TEST_AND_EVIDENCE.md,Codex 독립검수 후 Java25·외부 환경 재실행
CPF-FR-004244,EVENT-IBM-MQ,LOG,완료,대체검증 또는 정적 검증 완료; 정식 Runtime 재확인,구현 완료·정식 Runtime 재확인,QA 재검수 대기,cpf-docs/evidence/development/DEVGPT-6D_09dd686/TEST_AND_EVIDENCE.md,Codex 독립검수 후 Java25·외부 환경 재실행
CPF-FR-004245,EVENT-IBM-MQ,METRIC,완료,대체검증 또는 정적 검증 완료; 정식 Runtime 재확인,구현 완료·정식 Runtime 재확인,QA 재검수 대기,cpf-docs/evidence/development/DEVGPT-6D_09dd686/TEST_AND_EVIDENCE.md,Codex 독립검수 후 Java25·외부 환경 재실행
CPF-FR-004246,EVENT-IBM-MQ,TRACE,완료,대체검증 또는 정적 검증 완료; 정식 Runtime 재확인,구현 완료·정식 Runtime 재확인,QA 재검수 대기,cpf-docs/evidence/development/DEVGPT-6D_09dd686/TEST_AND_EVIDENCE.md,Codex 독립검수 후 Java25·외부 환경 재실행
CPF-FR-004247,EVENT-IBM-MQ,HEALTH,완료,대체검증 또는 정적 검증 완료; 정식 Runtime 재확인,구현 완료·정식 Runtime 재확인,QA 재검수 대기,cpf-docs/evidence/development/DEVGPT-6D_09dd686/TEST_AND_EVIDENCE.md,Codex 독립검수 후 Java25·외부 환경 재실행
CPF-FR-004248,EVENT-IBM-MQ,ALERT_RUNBOOK,완료,대체검증 또는 정적 검증 완료; 정식 Runtime 재확인,구현 완료·정식 Runtime 재확인,QA 재검수 대기,cpf-docs/evidence/development/DEVGPT-6D_09dd686/TEST_AND_EVIDENCE.md,Codex 독립검수 후 Java25·외부 환경 재실행
CPF-FR-004249,EVENT-IBM-MQ,RESOURCE,완료,대체검증 또는 정적 검증 완료; 정식 Runtime 재확인,구현 완료·정식 Runtime 재확인,QA 재검수 대기,cpf-docs/evidence/development/DEVGPT-6D_09dd686/TEST_AND_EVIDENCE.md,Codex 독립검수 후 Java25·외부 환경 재실행
CPF-FR-004250,EVENT-IBM-MQ,DB_OWNER,미완료,미검증,교차 세션 변경 대기,QA 재검수 대기,cpf-docs/evidence/development/DEVGPT-6D_09dd686/TEST_AND_EVIDENCE.md,DEVGPT-6E 산출물 적용 후 정식 통합 재검증
CPF-FR-004251,EVENT-IBM-MQ,DB_SCHEMA,미완료,미검증,교차 세션 변경 대기,QA 재검수 대기,cpf-docs/evidence/development/DEVGPT-6D_09dd686/TEST_AND_EVIDENCE.md,DEVGPT-6E 산출물 적용 후 정식 통합 재검증
CPF-FR-004252,EVENT-IBM-MQ,DB_QUERY,미완료,미검증,교차 세션 변경 대기,QA 재검수 대기,cpf-docs/evidence/development/DEVGPT-6D_09dd686/TEST_AND_EVIDENCE.md,DEVGPT-6E 산출물 적용 후 정식 통합 재검증
CPF-FR-004253,EVENT-IBM-MQ,DB_MIGRATION,미완료,미검증,교차 세션 변경 대기,QA 재검수 대기,cpf-docs/evidence/development/DEVGPT-6D_09dd686/TEST_AND_EVIDENCE.md,DEVGPT-6E 산출물 적용 후 정식 통합 재검증
CPF-FR-004254,EVENT-IBM-MQ,DB_ROLLBACK,미완료,미검증,교차 세션 변경 대기,QA 재검수 대기,cpf-docs/evidence/development/DEVGPT-6D_09dd686/TEST_AND_EVIDENCE.md,DEVGPT-6E 산출물 적용 후 정식 통합 재검증
CPF-FR-004255,EVENT-IBM-MQ,DB_VENDOR,미완료,미검증,교차 세션 변경 대기,QA 재검수 대기,cpf-docs/evidence/development/DEVGPT-6D_09dd686/TEST_AND_EVIDENCE.md,DEVGPT-6E 산출물 적용 후 정식 통합 재검증
CPF-FR-004256,EVENT-IBM-MQ,API_OPENAPI,미완료,미검증,교차 세션 변경 대기,QA 재검수 대기,cpf-docs/evidence/development/DEVGPT-6D_09dd686/TEST_AND_EVIDENCE.md,DEVGPT-6A 산출물 적용 후 정식 통합 재검증
CPF-FR-004257,EVENT-IBM-MQ,FRONTEND,미완료,미검증,교차 세션 변경 대기,QA 재검수 대기,cpf-docs/evidence/development/DEVGPT-6D_09dd686/TEST_AND_EVIDENCE.md,DEVGPT-6A 산출물 적용 후 정식 통합 재검증
CPF-FR-004258,EVENT-IBM-MQ,ADM_UI,미완료,미검증,교차 세션 변경 대기,QA 재검수 대기,cpf-docs/evidence/development/DEVGPT-6D_09dd686/TEST_AND_EVIDENCE.md,DEVGPT-6A 산출물 적용 후 정식 통합 재검증
CPF-FR-004259,EVENT-IBM-MQ,BZA_UI,미완료,미검증,교차 세션 변경 대기,QA 재검수 대기,cpf-docs/evidence/development/DEVGPT-6D_09dd686/TEST_AND_EVIDENCE.md,DEVGPT-6A 산출물 적용 후 정식 통합 재검증
CPF-FR-004260,EVENT-IBM-MQ,GENERATOR,미완료,미검증,교차 세션 변경 대기,QA 재검수 대기,cpf-docs/evidence/development/DEVGPT-6D_09dd686/TEST_AND_EVIDENCE.md,DEVGPT-6F 산출물 적용 후 정식 통합 재검증
CPF-FR-004261,EVENT-IBM-MQ,SAMPLE_EDU,완료,대체검증 또는 정적 검증 완료; 정식 Runtime 재확인,구현 완료·정식 Runtime 재확인,QA 재검수 대기,cpf-docs/evidence/development/DEVGPT-6D_09dd686/TEST_AND_EVIDENCE.md,Codex 독립검수 후 Java25·외부 환경 재실행
CPF-FR-004262,EVENT-IBM-MQ,JAVADOC,완료,대체검증 또는 정적 검증 완료; 정식 Runtime 재확인,구현 완료·정식 Runtime 재확인,QA 재검수 대기,cpf-docs/evidence/development/DEVGPT-6D_09dd686/TEST_AND_EVIDENCE.md,Codex 독립검수 후 Java25·외부 환경 재실행
CPF-FR-004263,EVENT-IBM-MQ,GUIDE,완료,대체검증 또는 정적 검증 완료; 정식 Runtime 재확인,구현 완료·정식 Runtime 재확인,QA 재검수 대기,cpf-docs/evidence/development/DEVGPT-6D_09dd686/TEST_AND_EVIDENCE.md,Codex 독립검수 후 Java25·외부 환경 재실행
CPF-FR-004264,EVENT-IBM-MQ,UNIT_TEST,완료,대체검증 또는 정적 검증 완료; 정식 Runtime 재확인,구현 완료·정식 Runtime 재확인,QA 재검수 대기,cpf-docs/evidence/development/DEVGPT-6D_09dd686/TEST_AND_EVIDENCE.md,Codex 독립검수 후 Java25·외부 환경 재실행
CPF-FR-004265,EVENT-IBM-MQ,CONTRACT_TEST,완료,대체검증 또는 정적 검증 완료; 정식 Runtime 재확인,구현 완료·정식 Runtime 재확인,QA 재검수 대기,cpf-docs/evidence/development/DEVGPT-6D_09dd686/TEST_AND_EVIDENCE.md,Codex 독립검수 후 Java25·외부 환경 재실행
CPF-FR-004266,EVENT-IBM-MQ,INTEGRATION_TEST,완료,대체검증 완료; Java25/실제 Runtime 미검증,구현 완료·정식 Runtime 재확인,QA 재검수 대기,cpf-docs/evidence/development/DEVGPT-6D_09dd686/TEST_AND_EVIDENCE.md,Java25 Gradle/외부 Provider/Process Kill Runtime 재실행
CPF-FR-004267,EVENT-IBM-MQ,RUNTIME_TEST,완료,대체검증 완료; Java25/실제 Runtime 미검증,구현 완료·정식 Runtime 재확인,QA 재검수 대기,cpf-docs/evidence/development/DEVGPT-6D_09dd686/TEST_AND_EVIDENCE.md,Java25 Gradle/외부 Provider/Process Kill Runtime 재실행
CPF-FR-004268,EVENT-IBM-MQ,FAULT_TEST,완료,대체검증 완료; Java25/실제 Runtime 미검증,구현 완료·정식 Runtime 재확인,QA 재검수 대기,cpf-docs/evidence/development/DEVGPT-6D_09dd686/TEST_AND_EVIDENCE.md,Java25 Gradle/외부 Provider/Process Kill Runtime 재실행
CPF-FR-004269,EVENT-IBM-MQ,EVIDENCE,완료,대체검증 또는 정적 검증 완료; 정식 Runtime 재확인,구현 완료·정식 Runtime 재확인,QA 재검수 대기,cpf-docs/evidence/development/DEVGPT-6D_09dd686/TEST_AND_EVIDENCE.md,Codex 독립검수 후 Java25·외부 환경 재실행
CPF-FR-004270,EVENT-IBM-MQ,HYGIENE,완료,대체검증 또는 정적 검증 완료; 정식 Runtime 재확인,구현 완료·정식 Runtime 재확인,QA 재검수 대기,cpf-docs/evidence/development/DEVGPT-6D_09dd686/TEST_AND_EVIDENCE.md,Codex 독립검수 후 Java25·외부 환경 재실행
CPF-FR-004271,EVENT-AMQP,PURPOSE,완료,대체검증 또는 정적 검증 완료; 정식 Runtime 재확인,구현 완료·정식 Runtime 재확인,QA 재검수 대기,cpf-docs/evidence/development/DEVGPT-6D_09dd686/TEST_AND_EVIDENCE.md,Codex 독립검수 후 Java25·외부 환경 재실행
CPF-FR-004272,EVENT-AMQP,OWNER,완료,대체검증 또는 정적 검증 완료; 정식 Runtime 재확인,구현 완료·정식 Runtime 재확인,QA 재검수 대기,cpf-docs/evidence/development/DEVGPT-6D_09dd686/TEST_AND_EVIDENCE.md,Codex 독립검수 후 Java25·외부 환경 재실행
CPF-FR-004273,EVENT-AMQP,CONSUMER,완료,대체검증 또는 정적 검증 완료; 정식 Runtime 재확인,구현 완료·정식 Runtime 재확인,QA 재검수 대기,cpf-docs/evidence/development/DEVGPT-6D_09dd686/TEST_AND_EVIDENCE.md,Codex 독립검수 후 Java25·외부 환경 재실행
CPF-FR-004274,EVENT-AMQP,PUBLIC_API,완료,대체검증 또는 정적 검증 완료; 정식 Runtime 재확인,구현 완료·정식 Runtime 재확인,QA 재검수 대기,cpf-docs/evidence/development/DEVGPT-6D_09dd686/TEST_AND_EVIDENCE.md,Codex 독립검수 후 Java25·외부 환경 재실행
CPF-FR-004275,EVENT-AMQP,EXTENSION_SPI,완료,대체검증 또는 정적 검증 완료; 정식 Runtime 재확인,구현 완료·정식 Runtime 재확인,QA 재검수 대기,cpf-docs/evidence/development/DEVGPT-6D_09dd686/TEST_AND_EVIDENCE.md,Codex 독립검수 후 Java25·외부 환경 재실행
CPF-FR-004276,EVENT-AMQP,INTERNAL_IMPL,완료,대체검증 또는 정적 검증 완료; 정식 Runtime 재확인,구현 완료·정식 Runtime 재확인,QA 재검수 대기,cpf-docs/evidence/development/DEVGPT-6D_09dd686/TEST_AND_EVIDENCE.md,Codex 독립검수 후 Java25·외부 환경 재실행
CPF-FR-004277,EVENT-AMQP,INPUT,완료,대체검증 또는 정적 검증 완료; 정식 Runtime 재확인,구현 완료·정식 Runtime 재확인,QA 재검수 대기,cpf-docs/evidence/development/DEVGPT-6D_09dd686/TEST_AND_EVIDENCE.md,Codex 독립검수 후 Java25·외부 환경 재실행
CPF-FR-004278,EVENT-AMQP,OUTPUT,완료,대체검증 또는 정적 검증 완료; 정식 Runtime 재확인,구현 완료·정식 Runtime 재확인,QA 재검수 대기,cpf-docs/evidence/development/DEVGPT-6D_09dd686/TEST_AND_EVIDENCE.md,Codex 독립검수 후 Java25·외부 환경 재실행
CPF-FR-004279,EVENT-AMQP,CONFIG,완료,대체검증 또는 정적 검증 완료; 정식 Runtime 재확인,구현 완료·정식 Runtime 재확인,QA 재검수 대기,cpf-docs/evidence/development/DEVGPT-6D_09dd686/TEST_AND_EVIDENCE.md,Codex 독립검수 후 Java25·외부 환경 재실행
CPF-FR-004280,EVENT-AMQP,VALIDATION,완료,대체검증 또는 정적 검증 완료; 정식 Runtime 재확인,구현 완료·정식 Runtime 재확인,QA 재검수 대기,cpf-docs/evidence/development/DEVGPT-6D_09dd686/TEST_AND_EVIDENCE.md,Codex 독립검수 후 Java25·외부 환경 재실행
CPF-FR-004281,EVENT-AMQP,STATE,완료,대체검증 또는 정적 검증 완료; 정식 Runtime 재확인,구현 완료·정식 Runtime 재확인,QA 재검수 대기,cpf-docs/evidence/development/DEVGPT-6D_09dd686/TEST_AND_EVIDENCE.md,Codex 독립검수 후 Java25·외부 환경 재실행
CPF-FR-004282,EVENT-AMQP,TRANSITION,완료,대체검증 또는 정적 검증 완료; 정식 Runtime 재확인,구현 완료·정식 Runtime 재확인,QA 재검수 대기,cpf-docs/evidence/development/DEVGPT-6D_09dd686/TEST_AND_EVIDENCE.md,Codex 독립검수 후 Java25·외부 환경 재실행
CPF-FR-004283,EVENT-AMQP,COMMAND,완료,대체검증 또는 정적 검증 완료; 정식 Runtime 재확인,구현 완료·정식 Runtime 재확인,QA 재검수 대기,cpf-docs/evidence/development/DEVGPT-6D_09dd686/TEST_AND_EVIDENCE.md,Codex 독립검수 후 Java25·외부 환경 재실행
CPF-FR-004284,EVENT-AMQP,QUERY,완료,대체검증 또는 정적 검증 완료; 정식 Runtime 재확인,구현 완료·정식 Runtime 재확인,QA 재검수 대기,cpf-docs/evidence/development/DEVGPT-6D_09dd686/TEST_AND_EVIDENCE.md,Codex 독립검수 후 Java25·외부 환경 재실행
CPF-FR-004285,EVENT-AMQP,IDEMPOTENCY,완료,대체검증 또는 정적 검증 완료; 정식 Runtime 재확인,구현 완료·정식 Runtime 재확인,QA 재검수 대기,cpf-docs/evidence/development/DEVGPT-6D_09dd686/TEST_AND_EVIDENCE.md,Codex 독립검수 후 Java25·외부 환경 재실행
CPF-FR-004286,EVENT-AMQP,CONCURRENCY,완료,대체검증 또는 정적 검증 완료; 정식 Runtime 재확인,구현 완료·정식 Runtime 재확인,QA 재검수 대기,cpf-docs/evidence/development/DEVGPT-6D_09dd686/TEST_AND_EVIDENCE.md,Codex 독립검수 후 Java25·외부 환경 재실행
CPF-FR-004287,EVENT-AMQP,DEADLINE,완료,대체검증 또는 정적 검증 완료; 정식 Runtime 재확인,구현 완료·정식 Runtime 재확인,QA 재검수 대기,cpf-docs/evidence/development/DEVGPT-6D_09dd686/TEST_AND_EVIDENCE.md,Codex 독립검수 후 Java25·외부 환경 재실행
CPF-FR-004288,EVENT-AMQP,RETRY,완료,대체검증 또는 정적 검증 완료; 정식 Runtime 재확인,구현 완료·정식 Runtime 재확인,QA 재검수 대기,cpf-docs/evidence/development/DEVGPT-6D_09dd686/TEST_AND_EVIDENCE.md,Codex 독립검수 후 Java25·외부 환경 재실행
CPF-FR-004289,EVENT-AMQP,CIRCUIT,완료,대체검증 또는 정적 검증 완료; 정식 Runtime 재확인,구현 완료·정식 Runtime 재확인,QA 재검수 대기,cpf-docs/evidence/development/DEVGPT-6D_09dd686/TEST_AND_EVIDENCE.md,Codex 독립검수 후 Java25·외부 환경 재실행
CPF-FR-004290,EVENT-AMQP,UNKNOWN,완료,대체검증 또는 정적 검증 완료; 정식 Runtime 재확인,구현 완료·정식 Runtime 재확인,QA 재검수 대기,cpf-docs/evidence/development/DEVGPT-6D_09dd686/TEST_AND_EVIDENCE.md,Codex 독립검수 후 Java25·외부 환경 재실행
CPF-FR-004291,EVENT-AMQP,RECONCILE,완료,대체검증 또는 정적 검증 완료; 정식 Runtime 재확인,구현 완료·정식 Runtime 재확인,QA 재검수 대기,cpf-docs/evidence/development/DEVGPT-6D_09dd686/TEST_AND_EVIDENCE.md,Codex 독립검수 후 Java25·외부 환경 재실행
CPF-FR-004292,EVENT-AMQP,RECOVERY,완료,대체검증 또는 정적 검증 완료; 정식 Runtime 재확인,구현 완료·정식 Runtime 재확인,QA 재검수 대기,cpf-docs/evidence/development/DEVGPT-6D_09dd686/TEST_AND_EVIDENCE.md,Codex 독립검수 후 Java25·외부 환경 재실행
CPF-FR-004293,EVENT-AMQP,COMPENSATION,완료,대체검증 또는 정적 검증 완료; 정식 Runtime 재확인,구현 완료·정식 Runtime 재확인,QA 재검수 대기,cpf-docs/evidence/development/DEVGPT-6D_09dd686/TEST_AND_EVIDENCE.md,Codex 독립검수 후 Java25·외부 환경 재실행
CPF-FR-004294,EVENT-AMQP,ROLLBACK,완료,대체검증 또는 정적 검증 완료; 정식 Runtime 재확인,구현 완료·정식 Runtime 재확인,QA 재검수 대기,cpf-docs/evidence/development/DEVGPT-6D_09dd686/TEST_AND_EVIDENCE.md,Codex 독립검수 후 Java25·외부 환경 재실행
CPF-FR-004295,EVENT-AMQP,MULTI_INSTANCE,완료,대체검증 또는 정적 검증 완료; 정식 Runtime 재확인,구현 완료·정식 Runtime 재확인,QA 재검수 대기,cpf-docs/evidence/development/DEVGPT-6D_09dd686/TEST_AND_EVIDENCE.md,Codex 독립검수 후 Java25·외부 환경 재실행
CPF-FR-004296,EVENT-AMQP,LOCAL_REMOTE,완료,대체검증 또는 정적 검증 완료; 정식 Runtime 재확인,구현 완료·정식 Runtime 재확인,QA 재검수 대기,cpf-docs/evidence/development/DEVGPT-6D_09dd686/TEST_AND_EVIDENCE.md,Codex 독립검수 후 Java25·외부 환경 재실행
CPF-FR-004297,EVENT-AMQP,MIXED_VERSION,완료,대체검증 또는 정적 검증 완료; 정식 Runtime 재확인,구현 완료·정식 Runtime 재확인,QA 재검수 대기,cpf-docs/evidence/development/DEVGPT-6D_09dd686/TEST_AND_EVIDENCE.md,Codex 독립검수 후 Java25·외부 환경 재실행
CPF-FR-004298,EVENT-AMQP,AUTHN,완료,대체검증 또는 정적 검증 완료; 정식 Runtime 재확인,구현 완료·정식 Runtime 재확인,QA 재검수 대기,cpf-docs/evidence/development/DEVGPT-6D_09dd686/TEST_AND_EVIDENCE.md,Codex 독립검수 후 Java25·외부 환경 재실행
CPF-FR-004299,EVENT-AMQP,AUTHZ,완료,대체검증 또는 정적 검증 완료; 정식 Runtime 재확인,구현 완료·정식 Runtime 재확인,QA 재검수 대기,cpf-docs/evidence/development/DEVGPT-6D_09dd686/TEST_AND_EVIDENCE.md,Codex 독립검수 후 Java25·외부 환경 재실행
CPF-FR-004300,EVENT-AMQP,DATA_SCOPE,완료,대체검증 또는 정적 검증 완료; 정식 Runtime 재확인,구현 완료·정식 Runtime 재확인,QA 재검수 대기,cpf-docs/evidence/development/DEVGPT-6D_09dd686/TEST_AND_EVIDENCE.md,Codex 독립검수 후 Java25·외부 환경 재실행
CPF-FR-004301,EVENT-AMQP,MASKING,완료,대체검증 또는 정적 검증 완료; 정식 Runtime 재확인,구현 완료·정식 Runtime 재확인,QA 재검수 대기,cpf-docs/evidence/development/DEVGPT-6D_09dd686/TEST_AND_EVIDENCE.md,Codex 독립검수 후 Java25·외부 환경 재실행
CPF-FR-004302,EVENT-AMQP,REASON,미완료,정적 계약 확인,교차 세션 변경 대기,QA 재검수 대기,cpf-docs/evidence/development/DEVGPT-6D_09dd686/TEST_AND_EVIDENCE.md,DEVGPT-6C 승인·사유·만료 Runtime Control 연결 후 재검증
CPF-FR-004303,EVENT-AMQP,APPROVAL,미완료,정적 계약 확인,교차 세션 변경 대기,QA 재검수 대기,cpf-docs/evidence/development/DEVGPT-6D_09dd686/TEST_AND_EVIDENCE.md,DEVGPT-6C 승인·사유·만료 Runtime Control 연결 후 재검증
CPF-FR-004304,EVENT-AMQP,AUDIT,완료,대체검증 또는 정적 검증 완료; 정식 Runtime 재확인,구현 완료·정식 Runtime 재확인,QA 재검수 대기,cpf-docs/evidence/development/DEVGPT-6D_09dd686/TEST_AND_EVIDENCE.md,Codex 독립검수 후 Java25·외부 환경 재실행
CPF-FR-004305,EVENT-AMQP,LOG,완료,대체검증 또는 정적 검증 완료; 정식 Runtime 재확인,구현 완료·정식 Runtime 재확인,QA 재검수 대기,cpf-docs/evidence/development/DEVGPT-6D_09dd686/TEST_AND_EVIDENCE.md,Codex 독립검수 후 Java25·외부 환경 재실행
CPF-FR-004306,EVENT-AMQP,METRIC,완료,대체검증 또는 정적 검증 완료; 정식 Runtime 재확인,구현 완료·정식 Runtime 재확인,QA 재검수 대기,cpf-docs/evidence/development/DEVGPT-6D_09dd686/TEST_AND_EVIDENCE.md,Codex 독립검수 후 Java25·외부 환경 재실행
CPF-FR-004307,EVENT-AMQP,TRACE,완료,대체검증 또는 정적 검증 완료; 정식 Runtime 재확인,구현 완료·정식 Runtime 재확인,QA 재검수 대기,cpf-docs/evidence/development/DEVGPT-6D_09dd686/TEST_AND_EVIDENCE.md,Codex 독립검수 후 Java25·외부 환경 재실행
CPF-FR-004308,EVENT-AMQP,HEALTH,완료,대체검증 또는 정적 검증 완료; 정식 Runtime 재확인,구현 완료·정식 Runtime 재확인,QA 재검수 대기,cpf-docs/evidence/development/DEVGPT-6D_09dd686/TEST_AND_EVIDENCE.md,Codex 독립검수 후 Java25·외부 환경 재실행
CPF-FR-004309,EVENT-AMQP,ALERT_RUNBOOK,완료,대체검증 또는 정적 검증 완료; 정식 Runtime 재확인,구현 완료·정식 Runtime 재확인,QA 재검수 대기,cpf-docs/evidence/development/DEVGPT-6D_09dd686/TEST_AND_EVIDENCE.md,Codex 독립검수 후 Java25·외부 환경 재실행
CPF-FR-004310,EVENT-AMQP,RESOURCE,완료,대체검증 또는 정적 검증 완료; 정식 Runtime 재확인,구현 완료·정식 Runtime 재확인,QA 재검수 대기,cpf-docs/evidence/development/DEVGPT-6D_09dd686/TEST_AND_EVIDENCE.md,Codex 독립검수 후 Java25·외부 환경 재실행
CPF-FR-004311,EVENT-AMQP,DB_OWNER,미완료,미검증,교차 세션 변경 대기,QA 재검수 대기,cpf-docs/evidence/development/DEVGPT-6D_09dd686/TEST_AND_EVIDENCE.md,DEVGPT-6E 산출물 적용 후 정식 통합 재검증
CPF-FR-004312,EVENT-AMQP,DB_SCHEMA,미완료,미검증,교차 세션 변경 대기,QA 재검수 대기,cpf-docs/evidence/development/DEVGPT-6D_09dd686/TEST_AND_EVIDENCE.md,DEVGPT-6E 산출물 적용 후 정식 통합 재검증
CPF-FR-004313,EVENT-AMQP,DB_QUERY,미완료,미검증,교차 세션 변경 대기,QA 재검수 대기,cpf-docs/evidence/development/DEVGPT-6D_09dd686/TEST_AND_EVIDENCE.md,DEVGPT-6E 산출물 적용 후 정식 통합 재검증
CPF-FR-004314,EVENT-AMQP,DB_MIGRATION,미완료,미검증,교차 세션 변경 대기,QA 재검수 대기,cpf-docs/evidence/development/DEVGPT-6D_09dd686/TEST_AND_EVIDENCE.md,DEVGPT-6E 산출물 적용 후 정식 통합 재검증
CPF-FR-004315,EVENT-AMQP,DB_ROLLBACK,미완료,미검증,교차 세션 변경 대기,QA 재검수 대기,cpf-docs/evidence/development/DEVGPT-6D_09dd686/TEST_AND_EVIDENCE.md,DEVGPT-6E 산출물 적용 후 정식 통합 재검증
CPF-FR-004316,EVENT-AMQP,DB_VENDOR,미완료,미검증,교차 세션 변경 대기,QA 재검수 대기,cpf-docs/evidence/development/DEVGPT-6D_09dd686/TEST_AND_EVIDENCE.md,DEVGPT-6E 산출물 적용 후 정식 통합 재검증
CPF-FR-004317,EVENT-AMQP,API_OPENAPI,미완료,미검증,교차 세션 변경 대기,QA 재검수 대기,cpf-docs/evidence/development/DEVGPT-6D_09dd686/TEST_AND_EVIDENCE.md,DEVGPT-6A 산출물 적용 후 정식 통합 재검증
CPF-FR-004318,EVENT-AMQP,FRONTEND,미완료,미검증,교차 세션 변경 대기,QA 재검수 대기,cpf-docs/evidence/development/DEVGPT-6D_09dd686/TEST_AND_EVIDENCE.md,DEVGPT-6A 산출물 적용 후 정식 통합 재검증
CPF-FR-004319,EVENT-AMQP,ADM_UI,미완료,미검증,교차 세션 변경 대기,QA 재검수 대기,cpf-docs/evidence/development/DEVGPT-6D_09dd686/TEST_AND_EVIDENCE.md,DEVGPT-6A 산출물 적용 후 정식 통합 재검증
CPF-FR-004320,EVENT-AMQP,BZA_UI,미완료,미검증,교차 세션 변경 대기,QA 재검수 대기,cpf-docs/evidence/development/DEVGPT-6D_09dd686/TEST_AND_EVIDENCE.md,DEVGPT-6A 산출물 적용 후 정식 통합 재검증
CPF-FR-004321,EVENT-AMQP,GENERATOR,미완료,미검증,교차 세션 변경 대기,QA 재검수 대기,cpf-docs/evidence/development/DEVGPT-6D_09dd686/TEST_AND_EVIDENCE.md,DEVGPT-6F 산출물 적용 후 정식 통합 재검증
CPF-FR-004322,EVENT-AMQP,SAMPLE_EDU,완료,대체검증 또는 정적 검증 완료; 정식 Runtime 재확인,구현 완료·정식 Runtime 재확인,QA 재검수 대기,cpf-docs/evidence/development/DEVGPT-6D_09dd686/TEST_AND_EVIDENCE.md,Codex 독립검수 후 Java25·외부 환경 재실행
CPF-FR-004323,EVENT-AMQP,JAVADOC,완료,대체검증 또는 정적 검증 완료; 정식 Runtime 재확인,구현 완료·정식 Runtime 재확인,QA 재검수 대기,cpf-docs/evidence/development/DEVGPT-6D_09dd686/TEST_AND_EVIDENCE.md,Codex 독립검수 후 Java25·외부 환경 재실행
CPF-FR-004324,EVENT-AMQP,GUIDE,완료,대체검증 또는 정적 검증 완료; 정식 Runtime 재확인,구현 완료·정식 Runtime 재확인,QA 재검수 대기,cpf-docs/evidence/development/DEVGPT-6D_09dd686/TEST_AND_EVIDENCE.md,Codex 독립검수 후 Java25·외부 환경 재실행
CPF-FR-004325,EVENT-AMQP,UNIT_TEST,완료,대체검증 또는 정적 검증 완료; 정식 Runtime 재확인,구현 완료·정식 Runtime 재확인,QA 재검수 대기,cpf-docs/evidence/development/DEVGPT-6D_09dd686/TEST_AND_EVIDENCE.md,Codex 독립검수 후 Java25·외부 환경 재실행
CPF-FR-004326,EVENT-AMQP,CONTRACT_TEST,완료,대체검증 또는 정적 검증 완료; 정식 Runtime 재확인,구현 완료·정식 Runtime 재확인,QA 재검수 대기,cpf-docs/evidence/development/DEVGPT-6D_09dd686/TEST_AND_EVIDENCE.md,Codex 독립검수 후 Java25·외부 환경 재실행
CPF-FR-004327,EVENT-AMQP,INTEGRATION_TEST,완료,대체검증 완료; Java25/실제 Runtime 미검증,구현 완료·정식 Runtime 재확인,QA 재검수 대기,cpf-docs/evidence/development/DEVGPT-6D_09dd686/TEST_AND_EVIDENCE.md,Java25 Gradle/외부 Provider/Process Kill Runtime 재실행
CPF-FR-004328,EVENT-AMQP,RUNTIME_TEST,완료,대체검증 완료; Java25/실제 Runtime 미검증,구현 완료·정식 Runtime 재확인,QA 재검수 대기,cpf-docs/evidence/development/DEVGPT-6D_09dd686/TEST_AND_EVIDENCE.md,Java25 Gradle/외부 Provider/Process Kill Runtime 재실행
CPF-FR-004329,EVENT-AMQP,FAULT_TEST,완료,대체검증 완료; Java25/실제 Runtime 미검증,구현 완료·정식 Runtime 재확인,QA 재검수 대기,cpf-docs/evidence/development/DEVGPT-6D_09dd686/TEST_AND_EVIDENCE.md,Java25 Gradle/외부 Provider/Process Kill Runtime 재실행
CPF-FR-004330,EVENT-AMQP,EVIDENCE,완료,대체검증 또는 정적 검증 완료; 정식 Runtime 재확인,구현 완료·정식 Runtime 재확인,QA 재검수 대기,cpf-docs/evidence/development/DEVGPT-6D_09dd686/TEST_AND_EVIDENCE.md,Codex 독립검수 후 Java25·외부 환경 재실행
CPF-FR-004331,EVENT-AMQP,HYGIENE,완료,대체검증 또는 정적 검증 완료; 정식 Runtime 재확인,구현 완료·정식 Runtime 재확인,QA 재검수 대기,cpf-docs/evidence/development/DEVGPT-6D_09dd686/TEST_AND_EVIDENCE.md,Codex 독립검수 후 Java25·외부 환경 재실행
CPF-FR-004332,EXS-TCP,PURPOSE,완료,대체검증 또는 정적 검증 완료; 정식 Runtime 재확인,구현 완료·정식 Runtime 재확인,QA 재검수 대기,cpf-docs/evidence/development/DEVGPT-6D_09dd686/TEST_AND_EVIDENCE.md,Codex 독립검수 후 Java25·외부 환경 재실행
CPF-FR-004333,EXS-TCP,OWNER,완료,대체검증 또는 정적 검증 완료; 정식 Runtime 재확인,구현 완료·정식 Runtime 재확인,QA 재검수 대기,cpf-docs/evidence/development/DEVGPT-6D_09dd686/TEST_AND_EVIDENCE.md,Codex 독립검수 후 Java25·외부 환경 재실행
CPF-FR-004334,EXS-TCP,CONSUMER,완료,대체검증 또는 정적 검증 완료; 정식 Runtime 재확인,구현 완료·정식 Runtime 재확인,QA 재검수 대기,cpf-docs/evidence/development/DEVGPT-6D_09dd686/TEST_AND_EVIDENCE.md,Codex 독립검수 후 Java25·외부 환경 재실행
CPF-FR-004335,EXS-TCP,PUBLIC_API,완료,대체검증 또는 정적 검증 완료; 정식 Runtime 재확인,구현 완료·정식 Runtime 재확인,QA 재검수 대기,cpf-docs/evidence/development/DEVGPT-6D_09dd686/TEST_AND_EVIDENCE.md,Codex 독립검수 후 Java25·외부 환경 재실행
CPF-FR-004336,EXS-TCP,EXTENSION_SPI,완료,대체검증 또는 정적 검증 완료; 정식 Runtime 재확인,구현 완료·정식 Runtime 재확인,QA 재검수 대기,cpf-docs/evidence/development/DEVGPT-6D_09dd686/TEST_AND_EVIDENCE.md,Codex 독립검수 후 Java25·외부 환경 재실행
CPF-FR-004337,EXS-TCP,INTERNAL_IMPL,완료,대체검증 또는 정적 검증 완료; 정식 Runtime 재확인,구현 완료·정식 Runtime 재확인,QA 재검수 대기,cpf-docs/evidence/development/DEVGPT-6D_09dd686/TEST_AND_EVIDENCE.md,Codex 독립검수 후 Java25·외부 환경 재실행
CPF-FR-004338,EXS-TCP,INPUT,완료,대체검증 또는 정적 검증 완료; 정식 Runtime 재확인,구현 완료·정식 Runtime 재확인,QA 재검수 대기,cpf-docs/evidence/development/DEVGPT-6D_09dd686/TEST_AND_EVIDENCE.md,Codex 독립검수 후 Java25·외부 환경 재실행
CPF-FR-004339,EXS-TCP,OUTPUT,완료,대체검증 또는 정적 검증 완료; 정식 Runtime 재확인,구현 완료·정식 Runtime 재확인,QA 재검수 대기,cpf-docs/evidence/development/DEVGPT-6D_09dd686/TEST_AND_EVIDENCE.md,Codex 독립검수 후 Java25·외부 환경 재실행
CPF-FR-004340,EXS-TCP,CONFIG,완료,대체검증 또는 정적 검증 완료; 정식 Runtime 재확인,구현 완료·정식 Runtime 재확인,QA 재검수 대기,cpf-docs/evidence/development/DEVGPT-6D_09dd686/TEST_AND_EVIDENCE.md,Codex 독립검수 후 Java25·외부 환경 재실행
CPF-FR-004341,EXS-TCP,VALIDATION,완료,대체검증 또는 정적 검증 완료; 정식 Runtime 재확인,구현 완료·정식 Runtime 재확인,QA 재검수 대기,cpf-docs/evidence/development/DEVGPT-6D_09dd686/TEST_AND_EVIDENCE.md,Codex 독립검수 후 Java25·외부 환경 재실행
CPF-FR-004342,EXS-TCP,STATE,완료,대체검증 또는 정적 검증 완료; 정식 Runtime 재확인,구현 완료·정식 Runtime 재확인,QA 재검수 대기,cpf-docs/evidence/development/DEVGPT-6D_09dd686/TEST_AND_EVIDENCE.md,Codex 독립검수 후 Java25·외부 환경 재실행
CPF-FR-004343,EXS-TCP,TRANSITION,완료,대체검증 또는 정적 검증 완료; 정식 Runtime 재확인,구현 완료·정식 Runtime 재확인,QA 재검수 대기,cpf-docs/evidence/development/DEVGPT-6D_09dd686/TEST_AND_EVIDENCE.md,Codex 독립검수 후 Java25·외부 환경 재실행
CPF-FR-004344,EXS-TCP,COMMAND,완료,대체검증 또는 정적 검증 완료; 정식 Runtime 재확인,구현 완료·정식 Runtime 재확인,QA 재검수 대기,cpf-docs/evidence/development/DEVGPT-6D_09dd686/TEST_AND_EVIDENCE.md,Codex 독립검수 후 Java25·외부 환경 재실행
CPF-FR-004345,EXS-TCP,QUERY,완료,대체검증 또는 정적 검증 완료; 정식 Runtime 재확인,구현 완료·정식 Runtime 재확인,QA 재검수 대기,cpf-docs/evidence/development/DEVGPT-6D_09dd686/TEST_AND_EVIDENCE.md,Codex 독립검수 후 Java25·외부 환경 재실행
CPF-FR-004346,EXS-TCP,IDEMPOTENCY,완료,대체검증 또는 정적 검증 완료; 정식 Runtime 재확인,구현 완료·정식 Runtime 재확인,QA 재검수 대기,cpf-docs/evidence/development/DEVGPT-6D_09dd686/TEST_AND_EVIDENCE.md,Codex 독립검수 후 Java25·외부 환경 재실행
CPF-FR-004347,EXS-TCP,CONCURRENCY,완료,대체검증 또는 정적 검증 완료; 정식 Runtime 재확인,구현 완료·정식 Runtime 재확인,QA 재검수 대기,cpf-docs/evidence/development/DEVGPT-6D_09dd686/TEST_AND_EVIDENCE.md,Codex 독립검수 후 Java25·외부 환경 재실행
CPF-FR-004348,EXS-TCP,DEADLINE,완료,대체검증 또는 정적 검증 완료; 정식 Runtime 재확인,구현 완료·정식 Runtime 재확인,QA 재검수 대기,cpf-docs/evidence/development/DEVGPT-6D_09dd686/TEST_AND_EVIDENCE.md,Codex 독립검수 후 Java25·외부 환경 재실행
CPF-FR-004349,EXS-TCP,RETRY,완료,대체검증 또는 정적 검증 완료; 정식 Runtime 재확인,구현 완료·정식 Runtime 재확인,QA 재검수 대기,cpf-docs/evidence/development/DEVGPT-6D_09dd686/TEST_AND_EVIDENCE.md,Codex 독립검수 후 Java25·외부 환경 재실행
CPF-FR-004350,EXS-TCP,CIRCUIT,완료,대체검증 또는 정적 검증 완료; 정식 Runtime 재확인,구현 완료·정식 Runtime 재확인,QA 재검수 대기,cpf-docs/evidence/development/DEVGPT-6D_09dd686/TEST_AND_EVIDENCE.md,Codex 독립검수 후 Java25·외부 환경 재실행
CPF-FR-004351,EXS-TCP,UNKNOWN,완료,대체검증 또는 정적 검증 완료; 정식 Runtime 재확인,구현 완료·정식 Runtime 재확인,QA 재검수 대기,cpf-docs/evidence/development/DEVGPT-6D_09dd686/TEST_AND_EVIDENCE.md,Codex 독립검수 후 Java25·외부 환경 재실행
CPF-FR-004352,EXS-TCP,RECONCILE,완료,대체검증 또는 정적 검증 완료; 정식 Runtime 재확인,구현 완료·정식 Runtime 재확인,QA 재검수 대기,cpf-docs/evidence/development/DEVGPT-6D_09dd686/TEST_AND_EVIDENCE.md,Codex 독립검수 후 Java25·외부 환경 재실행
CPF-FR-004353,EXS-TCP,RECOVERY,완료,대체검증 또는 정적 검증 완료; 정식 Runtime 재확인,구현 완료·정식 Runtime 재확인,QA 재검수 대기,cpf-docs/evidence/development/DEVGPT-6D_09dd686/TEST_AND_EVIDENCE.md,Codex 독립검수 후 Java25·외부 환경 재실행
CPF-FR-004354,EXS-TCP,COMPENSATION,완료,대체검증 또는 정적 검증 완료; 정식 Runtime 재확인,구현 완료·정식 Runtime 재확인,QA 재검수 대기,cpf-docs/evidence/development/DEVGPT-6D_09dd686/TEST_AND_EVIDENCE.md,Codex 독립검수 후 Java25·외부 환경 재실행
CPF-FR-004355,EXS-TCP,ROLLBACK,완료,대체검증 또는 정적 검증 완료; 정식 Runtime 재확인,구현 완료·정식 Runtime 재확인,QA 재검수 대기,cpf-docs/evidence/development/DEVGPT-6D_09dd686/TEST_AND_EVIDENCE.md,Codex 독립검수 후 Java25·외부 환경 재실행
CPF-FR-004356,EXS-TCP,MULTI_INSTANCE,완료,대체검증 또는 정적 검증 완료; 정식 Runtime 재확인,구현 완료·정식 Runtime 재확인,QA 재검수 대기,cpf-docs/evidence/development/DEVGPT-6D_09dd686/TEST_AND_EVIDENCE.md,Codex 독립검수 후 Java25·외부 환경 재실행
CPF-FR-004357,EXS-TCP,LOCAL_REMOTE,완료,대체검증 또는 정적 검증 완료; 정식 Runtime 재확인,구현 완료·정식 Runtime 재확인,QA 재검수 대기,cpf-docs/evidence/development/DEVGPT-6D_09dd686/TEST_AND_EVIDENCE.md,Codex 독립검수 후 Java25·외부 환경 재실행
CPF-FR-004358,EXS-TCP,MIXED_VERSION,완료,대체검증 또는 정적 검증 완료; 정식 Runtime 재확인,구현 완료·정식 Runtime 재확인,QA 재검수 대기,cpf-docs/evidence/development/DEVGPT-6D_09dd686/TEST_AND_EVIDENCE.md,Codex 독립검수 후 Java25·외부 환경 재실행
CPF-FR-004359,EXS-TCP,AUTHN,완료,대체검증 또는 정적 검증 완료; 정식 Runtime 재확인,구현 완료·정식 Runtime 재확인,QA 재검수 대기,cpf-docs/evidence/development/DEVGPT-6D_09dd686/TEST_AND_EVIDENCE.md,Codex 독립검수 후 Java25·외부 환경 재실행
CPF-FR-004360,EXS-TCP,AUTHZ,완료,대체검증 또는 정적 검증 완료; 정식 Runtime 재확인,구현 완료·정식 Runtime 재확인,QA 재검수 대기,cpf-docs/evidence/development/DEVGPT-6D_09dd686/TEST_AND_EVIDENCE.md,Codex 독립검수 후 Java25·외부 환경 재실행
CPF-FR-004361,EXS-TCP,DATA_SCOPE,완료,대체검증 또는 정적 검증 완료; 정식 Runtime 재확인,구현 완료·정식 Runtime 재확인,QA 재검수 대기,cpf-docs/evidence/development/DEVGPT-6D_09dd686/TEST_AND_EVIDENCE.md,Codex 독립검수 후 Java25·외부 환경 재실행
CPF-FR-004362,EXS-TCP,MASKING,완료,대체검증 또는 정적 검증 완료; 정식 Runtime 재확인,구현 완료·정식 Runtime 재확인,QA 재검수 대기,cpf-docs/evidence/development/DEVGPT-6D_09dd686/TEST_AND_EVIDENCE.md,Codex 독립검수 후 Java25·외부 환경 재실행
CPF-FR-004363,EXS-TCP,REASON,미완료,정적 계약 확인,교차 세션 변경 대기,QA 재검수 대기,cpf-docs/evidence/development/DEVGPT-6D_09dd686/TEST_AND_EVIDENCE.md,DEVGPT-6C 승인·사유·만료 Runtime Control 연결 후 재검증
CPF-FR-004364,EXS-TCP,APPROVAL,미완료,정적 계약 확인,교차 세션 변경 대기,QA 재검수 대기,cpf-docs/evidence/development/DEVGPT-6D_09dd686/TEST_AND_EVIDENCE.md,DEVGPT-6C 승인·사유·만료 Runtime Control 연결 후 재검증
CPF-FR-004365,EXS-TCP,AUDIT,완료,대체검증 또는 정적 검증 완료; 정식 Runtime 재확인,구현 완료·정식 Runtime 재확인,QA 재검수 대기,cpf-docs/evidence/development/DEVGPT-6D_09dd686/TEST_AND_EVIDENCE.md,Codex 독립검수 후 Java25·외부 환경 재실행
CPF-FR-004366,EXS-TCP,LOG,완료,대체검증 또는 정적 검증 완료; 정식 Runtime 재확인,구현 완료·정식 Runtime 재확인,QA 재검수 대기,cpf-docs/evidence/development/DEVGPT-6D_09dd686/TEST_AND_EVIDENCE.md,Codex 독립검수 후 Java25·외부 환경 재실행
CPF-FR-004367,EXS-TCP,METRIC,완료,대체검증 또는 정적 검증 완료; 정식 Runtime 재확인,구현 완료·정식 Runtime 재확인,QA 재검수 대기,cpf-docs/evidence/development/DEVGPT-6D_09dd686/TEST_AND_EVIDENCE.md,Codex 독립검수 후 Java25·외부 환경 재실행
CPF-FR-004368,EXS-TCP,TRACE,완료,대체검증 또는 정적 검증 완료; 정식 Runtime 재확인,구현 완료·정식 Runtime 재확인,QA 재검수 대기,cpf-docs/evidence/development/DEVGPT-6D_09dd686/TEST_AND_EVIDENCE.md,Codex 독립검수 후 Java25·외부 환경 재실행
CPF-FR-004369,EXS-TCP,HEALTH,완료,대체검증 또는 정적 검증 완료; 정식 Runtime 재확인,구현 완료·정식 Runtime 재확인,QA 재검수 대기,cpf-docs/evidence/development/DEVGPT-6D_09dd686/TEST_AND_EVIDENCE.md,Codex 독립검수 후 Java25·외부 환경 재실행
CPF-FR-004370,EXS-TCP,ALERT_RUNBOOK,완료,대체검증 또는 정적 검증 완료; 정식 Runtime 재확인,구현 완료·정식 Runtime 재확인,QA 재검수 대기,cpf-docs/evidence/development/DEVGPT-6D_09dd686/TEST_AND_EVIDENCE.md,Codex 독립검수 후 Java25·외부 환경 재실행
CPF-FR-004371,EXS-TCP,RESOURCE,완료,대체검증 또는 정적 검증 완료; 정식 Runtime 재확인,구현 완료·정식 Runtime 재확인,QA 재검수 대기,cpf-docs/evidence/development/DEVGPT-6D_09dd686/TEST_AND_EVIDENCE.md,Codex 독립검수 후 Java25·외부 환경 재실행
CPF-FR-004372,EXS-TCP,DB_OWNER,미완료,미검증,교차 세션 변경 대기,QA 재검수 대기,cpf-docs/evidence/development/DEVGPT-6D_09dd686/TEST_AND_EVIDENCE.md,DEVGPT-6E 산출물 적용 후 정식 통합 재검증
CPF-FR-004373,EXS-TCP,DB_SCHEMA,미완료,미검증,교차 세션 변경 대기,QA 재검수 대기,cpf-docs/evidence/development/DEVGPT-6D_09dd686/TEST_AND_EVIDENCE.md,DEVGPT-6E 산출물 적용 후 정식 통합 재검증
CPF-FR-004374,EXS-TCP,DB_QUERY,미완료,미검증,교차 세션 변경 대기,QA 재검수 대기,cpf-docs/evidence/development/DEVGPT-6D_09dd686/TEST_AND_EVIDENCE.md,DEVGPT-6E 산출물 적용 후 정식 통합 재검증
CPF-FR-004375,EXS-TCP,DB_MIGRATION,미완료,미검증,교차 세션 변경 대기,QA 재검수 대기,cpf-docs/evidence/development/DEVGPT-6D_09dd686/TEST_AND_EVIDENCE.md,DEVGPT-6E 산출물 적용 후 정식 통합 재검증
CPF-FR-004376,EXS-TCP,DB_ROLLBACK,미완료,미검증,교차 세션 변경 대기,QA 재검수 대기,cpf-docs/evidence/development/DEVGPT-6D_09dd686/TEST_AND_EVIDENCE.md,DEVGPT-6E 산출물 적용 후 정식 통합 재검증
CPF-FR-004377,EXS-TCP,DB_VENDOR,미완료,미검증,교차 세션 변경 대기,QA 재검수 대기,cpf-docs/evidence/development/DEVGPT-6D_09dd686/TEST_AND_EVIDENCE.md,DEVGPT-6E 산출물 적용 후 정식 통합 재검증
CPF-FR-004378,EXS-TCP,API_OPENAPI,미완료,미검증,교차 세션 변경 대기,QA 재검수 대기,cpf-docs/evidence/development/DEVGPT-6D_09dd686/TEST_AND_EVIDENCE.md,DEVGPT-6A 산출물 적용 후 정식 통합 재검증
CPF-FR-004379,EXS-TCP,FRONTEND,미완료,미검증,교차 세션 변경 대기,QA 재검수 대기,cpf-docs/evidence/development/DEVGPT-6D_09dd686/TEST_AND_EVIDENCE.md,DEVGPT-6A 산출물 적용 후 정식 통합 재검증
CPF-FR-004380,EXS-TCP,ADM_UI,미완료,미검증,교차 세션 변경 대기,QA 재검수 대기,cpf-docs/evidence/development/DEVGPT-6D_09dd686/TEST_AND_EVIDENCE.md,DEVGPT-6A 산출물 적용 후 정식 통합 재검증
CPF-FR-004381,EXS-TCP,BZA_UI,미완료,미검증,교차 세션 변경 대기,QA 재검수 대기,cpf-docs/evidence/development/DEVGPT-6D_09dd686/TEST_AND_EVIDENCE.md,DEVGPT-6A 산출물 적용 후 정식 통합 재검증
CPF-FR-004382,EXS-TCP,GENERATOR,미완료,미검증,교차 세션 변경 대기,QA 재검수 대기,cpf-docs/evidence/development/DEVGPT-6D_09dd686/TEST_AND_EVIDENCE.md,DEVGPT-6F 산출물 적용 후 정식 통합 재검증
CPF-FR-004383,EXS-TCP,SAMPLE_EDU,완료,대체검증 또는 정적 검증 완료; 정식 Runtime 재확인,구현 완료·정식 Runtime 재확인,QA 재검수 대기,cpf-docs/evidence/development/DEVGPT-6D_09dd686/TEST_AND_EVIDENCE.md,Codex 독립검수 후 Java25·외부 환경 재실행
CPF-FR-004384,EXS-TCP,JAVADOC,완료,대체검증 또는 정적 검증 완료; 정식 Runtime 재확인,구현 완료·정식 Runtime 재확인,QA 재검수 대기,cpf-docs/evidence/development/DEVGPT-6D_09dd686/TEST_AND_EVIDENCE.md,Codex 독립검수 후 Java25·외부 환경 재실행
CPF-FR-004385,EXS-TCP,GUIDE,완료,대체검증 또는 정적 검증 완료; 정식 Runtime 재확인,구현 완료·정식 Runtime 재확인,QA 재검수 대기,cpf-docs/evidence/development/DEVGPT-6D_09dd686/TEST_AND_EVIDENCE.md,Codex 독립검수 후 Java25·외부 환경 재실행
CPF-FR-004386,EXS-TCP,UNIT_TEST,완료,대체검증 또는 정적 검증 완료; 정식 Runtime 재확인,구현 완료·정식 Runtime 재확인,QA 재검수 대기,cpf-docs/evidence/development/DEVGPT-6D_09dd686/TEST_AND_EVIDENCE.md,Codex 독립검수 후 Java25·외부 환경 재실행
CPF-FR-004387,EXS-TCP,CONTRACT_TEST,완료,대체검증 또는 정적 검증 완료; 정식 Runtime 재확인,구현 완료·정식 Runtime 재확인,QA 재검수 대기,cpf-docs/evidence/development/DEVGPT-6D_09dd686/TEST_AND_EVIDENCE.md,Codex 독립검수 후 Java25·외부 환경 재실행
CPF-FR-004388,EXS-TCP,INTEGRATION_TEST,완료,대체검증 완료; Java25/실제 Runtime 미검증,구현 완료·정식 Runtime 재확인,QA 재검수 대기,cpf-docs/evidence/development/DEVGPT-6D_09dd686/TEST_AND_EVIDENCE.md,Java25 Gradle/외부 Provider/Process Kill Runtime 재실행
CPF-FR-004389,EXS-TCP,RUNTIME_TEST,완료,대체검증 완료; Java25/실제 Runtime 미검증,구현 완료·정식 Runtime 재확인,QA 재검수 대기,cpf-docs/evidence/development/DEVGPT-6D_09dd686/TEST_AND_EVIDENCE.md,Java25 Gradle/외부 Provider/Process Kill Runtime 재실행
CPF-FR-004390,EXS-TCP,FAULT_TEST,완료,대체검증 완료; Java25/실제 Runtime 미검증,구현 완료·정식 Runtime 재확인,QA 재검수 대기,cpf-docs/evidence/development/DEVGPT-6D_09dd686/TEST_AND_EVIDENCE.md,Java25 Gradle/외부 Provider/Process Kill Runtime 재실행
CPF-FR-004391,EXS-TCP,EVIDENCE,완료,대체검증 또는 정적 검증 완료; 정식 Runtime 재확인,구현 완료·정식 Runtime 재확인,QA 재검수 대기,cpf-docs/evidence/development/DEVGPT-6D_09dd686/TEST_AND_EVIDENCE.md,Codex 독립검수 후 Java25·외부 환경 재실행
CPF-FR-004392,EXS-TCP,HYGIENE,완료,대체검증 또는 정적 검증 완료; 정식 Runtime 재확인,구현 완료·정식 Runtime 재확인,QA 재검수 대기,cpf-docs/evidence/development/DEVGPT-6D_09dd686/TEST_AND_EVIDENCE.md,Codex 독립검수 후 Java25·외부 환경 재실행
CPF-FR-004393,EVENT-DLQ,PURPOSE,완료,대체검증 또는 정적 검증 완료; 정식 Runtime 재확인,구현 완료·정식 Runtime 재확인,QA 재검수 대기,cpf-docs/evidence/development/DEVGPT-6D_09dd686/TEST_AND_EVIDENCE.md,Codex 독립검수 후 Java25·외부 환경 재실행
CPF-FR-004394,EVENT-DLQ,OWNER,완료,대체검증 또는 정적 검증 완료; 정식 Runtime 재확인,구현 완료·정식 Runtime 재확인,QA 재검수 대기,cpf-docs/evidence/development/DEVGPT-6D_09dd686/TEST_AND_EVIDENCE.md,Codex 독립검수 후 Java25·외부 환경 재실행
CPF-FR-004395,EVENT-DLQ,CONSUMER,완료,대체검증 또는 정적 검증 완료; 정식 Runtime 재확인,구현 완료·정식 Runtime 재확인,QA 재검수 대기,cpf-docs/evidence/development/DEVGPT-6D_09dd686/TEST_AND_EVIDENCE.md,Codex 독립검수 후 Java25·외부 환경 재실행
CPF-FR-004396,EVENT-DLQ,PUBLIC_API,미완료,교차 세션 6C 계약/CAS 미검증,교차 세션 변경 대기,QA 재검수 대기,cpf-docs/evidence/development/DEVGPT-6D_09dd686/TEST_AND_EVIDENCE.md,"DEVGPT-6C closes fail-closed public port and atomic replay_count/updated_at CAS, then 6D/QA rerun concurrency and bypass tests."
CPF-FR-004397,EVENT-DLQ,EXTENSION_SPI,완료,대체검증 또는 정적 검증 완료; 정식 Runtime 재확인,구현 완료·정식 Runtime 재확인,QA 재검수 대기,cpf-docs/evidence/development/DEVGPT-6D_09dd686/TEST_AND_EVIDENCE.md,Codex 독립검수 후 Java25·외부 환경 재실행
CPF-FR-004398,EVENT-DLQ,INTERNAL_IMPL,완료,대체검증 또는 정적 검증 완료; 정식 Runtime 재확인,구현 완료·정식 Runtime 재확인,QA 재검수 대기,cpf-docs/evidence/development/DEVGPT-6D_09dd686/TEST_AND_EVIDENCE.md,Codex 독립검수 후 Java25·외부 환경 재실행
CPF-FR-004399,EVENT-DLQ,INPUT,완료,대체검증 또는 정적 검증 완료; 정식 Runtime 재확인,구현 완료·정식 Runtime 재확인,QA 재검수 대기,cpf-docs/evidence/development/DEVGPT-6D_09dd686/TEST_AND_EVIDENCE.md,Codex 독립검수 후 Java25·외부 환경 재실행
CPF-FR-004400,EVENT-DLQ,OUTPUT,완료,대체검증 또는 정적 검증 완료; 정식 Runtime 재확인,구현 완료·정식 Runtime 재확인,QA 재검수 대기,cpf-docs/evidence/development/DEVGPT-6D_09dd686/TEST_AND_EVIDENCE.md,Codex 독립검수 후 Java25·외부 환경 재실행
CPF-FR-004401,EVENT-DLQ,CONFIG,완료,대체검증 또는 정적 검증 완료; 정식 Runtime 재확인,구현 완료·정식 Runtime 재확인,QA 재검수 대기,cpf-docs/evidence/development/DEVGPT-6D_09dd686/TEST_AND_EVIDENCE.md,Codex 독립검수 후 Java25·외부 환경 재실행
CPF-FR-004402,EVENT-DLQ,VALIDATION,완료,대체검증 또는 정적 검증 완료; 정식 Runtime 재확인,구현 완료·정식 Runtime 재확인,QA 재검수 대기,cpf-docs/evidence/development/DEVGPT-6D_09dd686/TEST_AND_EVIDENCE.md,Codex 독립검수 후 Java25·외부 환경 재실행
CPF-FR-004403,EVENT-DLQ,STATE,완료,대체검증 또는 정적 검증 완료; 정식 Runtime 재확인,구현 완료·정식 Runtime 재확인,QA 재검수 대기,cpf-docs/evidence/development/DEVGPT-6D_09dd686/TEST_AND_EVIDENCE.md,Codex 독립검수 후 Java25·외부 환경 재실행
CPF-FR-004404,EVENT-DLQ,TRANSITION,완료,대체검증 또는 정적 검증 완료; 정식 Runtime 재확인,구현 완료·정식 Runtime 재확인,QA 재검수 대기,cpf-docs/evidence/development/DEVGPT-6D_09dd686/TEST_AND_EVIDENCE.md,Codex 독립검수 후 Java25·외부 환경 재실행
CPF-FR-004405,EVENT-DLQ,COMMAND,완료,대체검증 또는 정적 검증 완료; 정식 Runtime 재확인,구현 완료·정식 Runtime 재확인,QA 재검수 대기,cpf-docs/evidence/development/DEVGPT-6D_09dd686/TEST_AND_EVIDENCE.md,Codex 독립검수 후 Java25·외부 환경 재실행
CPF-FR-004406,EVENT-DLQ,QUERY,완료,대체검증 또는 정적 검증 완료; 정식 Runtime 재확인,구현 완료·정식 Runtime 재확인,QA 재검수 대기,cpf-docs/evidence/development/DEVGPT-6D_09dd686/TEST_AND_EVIDENCE.md,Codex 독립검수 후 Java25·외부 환경 재실행
CPF-FR-004407,EVENT-DLQ,IDEMPOTENCY,완료,대체검증 또는 정적 검증 완료; 정식 Runtime 재확인,구현 완료·정식 Runtime 재확인,QA 재검수 대기,cpf-docs/evidence/development/DEVGPT-6D_09dd686/TEST_AND_EVIDENCE.md,Codex 독립검수 후 Java25·외부 환경 재실행
CPF-FR-004408,EVENT-DLQ,CONCURRENCY,미완료,교차 세션 6C 계약/CAS 미검증,교차 세션 변경 대기,QA 재검수 대기,cpf-docs/evidence/development/DEVGPT-6D_09dd686/TEST_AND_EVIDENCE.md,"DEVGPT-6C closes fail-closed public port and atomic replay_count/updated_at CAS, then 6D/QA rerun concurrency and bypass tests."
CPF-FR-004409,EVENT-DLQ,DEADLINE,완료,대체검증 또는 정적 검증 완료; 정식 Runtime 재확인,구현 완료·정식 Runtime 재확인,QA 재검수 대기,cpf-docs/evidence/development/DEVGPT-6D_09dd686/TEST_AND_EVIDENCE.md,Codex 독립검수 후 Java25·외부 환경 재실행
CPF-FR-004410,EVENT-DLQ,RETRY,완료,대체검증 또는 정적 검증 완료; 정식 Runtime 재확인,구현 완료·정식 Runtime 재확인,QA 재검수 대기,cpf-docs/evidence/development/DEVGPT-6D_09dd686/TEST_AND_EVIDENCE.md,Codex 독립검수 후 Java25·외부 환경 재실행
CPF-FR-004411,EVENT-DLQ,CIRCUIT,완료,대체검증 또는 정적 검증 완료; 정식 Runtime 재확인,구현 완료·정식 Runtime 재확인,QA 재검수 대기,cpf-docs/evidence/development/DEVGPT-6D_09dd686/TEST_AND_EVIDENCE.md,Codex 독립검수 후 Java25·외부 환경 재실행
CPF-FR-004412,EVENT-DLQ,UNKNOWN,완료,대체검증 또는 정적 검증 완료; 정식 Runtime 재확인,구현 완료·정식 Runtime 재확인,QA 재검수 대기,cpf-docs/evidence/development/DEVGPT-6D_09dd686/TEST_AND_EVIDENCE.md,Codex 독립검수 후 Java25·외부 환경 재실행
CPF-FR-004413,EVENT-DLQ,RECONCILE,완료,대체검증 또는 정적 검증 완료; 정식 Runtime 재확인,구현 완료·정식 Runtime 재확인,QA 재검수 대기,cpf-docs/evidence/development/DEVGPT-6D_09dd686/TEST_AND_EVIDENCE.md,Codex 독립검수 후 Java25·외부 환경 재실행
CPF-FR-004414,EVENT-DLQ,RECOVERY,완료,대체검증 또는 정적 검증 완료; 정식 Runtime 재확인,구현 완료·정식 Runtime 재확인,QA 재검수 대기,cpf-docs/evidence/development/DEVGPT-6D_09dd686/TEST_AND_EVIDENCE.md,Codex 독립검수 후 Java25·외부 환경 재실행
CPF-FR-004415,EVENT-DLQ,COMPENSATION,완료,대체검증 또는 정적 검증 완료; 정식 Runtime 재확인,구현 완료·정식 Runtime 재확인,QA 재검수 대기,cpf-docs/evidence/development/DEVGPT-6D_09dd686/TEST_AND_EVIDENCE.md,Codex 독립검수 후 Java25·외부 환경 재실행
CPF-FR-004416,EVENT-DLQ,ROLLBACK,완료,대체검증 또는 정적 검증 완료; 정식 Runtime 재확인,구현 완료·정식 Runtime 재확인,QA 재검수 대기,cpf-docs/evidence/development/DEVGPT-6D_09dd686/TEST_AND_EVIDENCE.md,Codex 독립검수 후 Java25·외부 환경 재실행
CPF-FR-004417,EVENT-DLQ,MULTI_INSTANCE,미완료,교차 세션 6C 계약/CAS 미검증,교차 세션 변경 대기,QA 재검수 대기,cpf-docs/evidence/development/DEVGPT-6D_09dd686/TEST_AND_EVIDENCE.md,"DEVGPT-6C closes fail-closed public port and atomic replay_count/updated_at CAS, then 6D/QA rerun concurrency and bypass tests."
CPF-FR-004418,EVENT-DLQ,LOCAL_REMOTE,완료,대체검증 또는 정적 검증 완료; 정식 Runtime 재확인,구현 완료·정식 Runtime 재확인,QA 재검수 대기,cpf-docs/evidence/development/DEVGPT-6D_09dd686/TEST_AND_EVIDENCE.md,Codex 독립검수 후 Java25·외부 환경 재실행
CPF-FR-004419,EVENT-DLQ,MIXED_VERSION,완료,대체검증 또는 정적 검증 완료; 정식 Runtime 재확인,구현 완료·정식 Runtime 재확인,QA 재검수 대기,cpf-docs/evidence/development/DEVGPT-6D_09dd686/TEST_AND_EVIDENCE.md,Codex 독립검수 후 Java25·외부 환경 재실행
CPF-FR-004420,EVENT-DLQ,AUTHN,완료,대체검증 또는 정적 검증 완료; 정식 Runtime 재확인,구현 완료·정식 Runtime 재확인,QA 재검수 대기,cpf-docs/evidence/development/DEVGPT-6D_09dd686/TEST_AND_EVIDENCE.md,Codex 독립검수 후 Java25·외부 환경 재실행
CPF-FR-004421,EVENT-DLQ,AUTHZ,완료,대체검증 또는 정적 검증 완료; 정식 Runtime 재확인,구현 완료·정식 Runtime 재확인,QA 재검수 대기,cpf-docs/evidence/development/DEVGPT-6D_09dd686/TEST_AND_EVIDENCE.md,Codex 독립검수 후 Java25·외부 환경 재실행
CPF-FR-004422,EVENT-DLQ,DATA_SCOPE,완료,대체검증 또는 정적 검증 완료; 정식 Runtime 재확인,구현 완료·정식 Runtime 재확인,QA 재검수 대기,cpf-docs/evidence/development/DEVGPT-6D_09dd686/TEST_AND_EVIDENCE.md,Codex 독립검수 후 Java25·외부 환경 재실행
CPF-FR-004423,EVENT-DLQ,MASKING,완료,대체검증 또는 정적 검증 완료; 정식 Runtime 재확인,구현 완료·정식 Runtime 재확인,QA 재검수 대기,cpf-docs/evidence/development/DEVGPT-6D_09dd686/TEST_AND_EVIDENCE.md,Codex 독립검수 후 Java25·외부 환경 재실행
CPF-FR-004424,EVENT-DLQ,REASON,완료,대체검증 또는 정적 검증 완료; 정식 Runtime 재확인,구현 완료·정식 Runtime 재확인,QA 재검수 대기,cpf-docs/evidence/development/DEVGPT-6D_09dd686/TEST_AND_EVIDENCE.md,Codex 독립검수 후 Java25·외부 환경 재실행
CPF-FR-004425,EVENT-DLQ,APPROVAL,완료,대체검증 또는 정적 검증 완료; 정식 Runtime 재확인,구현 완료·정식 Runtime 재확인,QA 재검수 대기,cpf-docs/evidence/development/DEVGPT-6D_09dd686/TEST_AND_EVIDENCE.md,Codex 독립검수 후 Java25·외부 환경 재실행
CPF-FR-004426,EVENT-DLQ,AUDIT,완료,대체검증 또는 정적 검증 완료; 정식 Runtime 재확인,구현 완료·정식 Runtime 재확인,QA 재검수 대기,cpf-docs/evidence/development/DEVGPT-6D_09dd686/TEST_AND_EVIDENCE.md,Codex 독립검수 후 Java25·외부 환경 재실행
CPF-FR-004427,EVENT-DLQ,LOG,완료,대체검증 또는 정적 검증 완료; 정식 Runtime 재확인,구현 완료·정식 Runtime 재확인,QA 재검수 대기,cpf-docs/evidence/development/DEVGPT-6D_09dd686/TEST_AND_EVIDENCE.md,Codex 독립검수 후 Java25·외부 환경 재실행
CPF-FR-004428,EVENT-DLQ,METRIC,완료,대체검증 또는 정적 검증 완료; 정식 Runtime 재확인,구현 완료·정식 Runtime 재확인,QA 재검수 대기,cpf-docs/evidence/development/DEVGPT-6D_09dd686/TEST_AND_EVIDENCE.md,Codex 독립검수 후 Java25·외부 환경 재실행
CPF-FR-004429,EVENT-DLQ,TRACE,완료,대체검증 또는 정적 검증 완료; 정식 Runtime 재확인,구현 완료·정식 Runtime 재확인,QA 재검수 대기,cpf-docs/evidence/development/DEVGPT-6D_09dd686/TEST_AND_EVIDENCE.md,Codex 독립검수 후 Java25·외부 환경 재실행
CPF-FR-004430,EVENT-DLQ,HEALTH,완료,대체검증 또는 정적 검증 완료; 정식 Runtime 재확인,구현 완료·정식 Runtime 재확인,QA 재검수 대기,cpf-docs/evidence/development/DEVGPT-6D_09dd686/TEST_AND_EVIDENCE.md,Codex 독립검수 후 Java25·외부 환경 재실행
CPF-FR-004431,EVENT-DLQ,ALERT_RUNBOOK,완료,대체검증 또는 정적 검증 완료; 정식 Runtime 재확인,구현 완료·정식 Runtime 재확인,QA 재검수 대기,cpf-docs/evidence/development/DEVGPT-6D_09dd686/TEST_AND_EVIDENCE.md,Codex 독립검수 후 Java25·외부 환경 재실행
CPF-FR-004432,EVENT-DLQ,RESOURCE,완료,대체검증 또는 정적 검증 완료; 정식 Runtime 재확인,구현 완료·정식 Runtime 재확인,QA 재검수 대기,cpf-docs/evidence/development/DEVGPT-6D_09dd686/TEST_AND_EVIDENCE.md,Codex 독립검수 후 Java25·외부 환경 재실행
CPF-FR-004433,EVENT-DLQ,DB_OWNER,미완료,미검증,교차 세션 변경 대기,QA 재검수 대기,cpf-docs/evidence/development/DEVGPT-6D_09dd686/TEST_AND_EVIDENCE.md,DEVGPT-6E 산출물 적용 후 정식 통합 재검증
CPF-FR-004434,EVENT-DLQ,DB_SCHEMA,미완료,미검증,교차 세션 변경 대기,QA 재검수 대기,cpf-docs/evidence/development/DEVGPT-6D_09dd686/TEST_AND_EVIDENCE.md,DEVGPT-6E 산출물 적용 후 정식 통합 재검증
CPF-FR-004435,EVENT-DLQ,DB_QUERY,미완료,미검증,교차 세션 변경 대기,QA 재검수 대기,cpf-docs/evidence/development/DEVGPT-6D_09dd686/TEST_AND_EVIDENCE.md,DEVGPT-6E 산출물 적용 후 정식 통합 재검증
CPF-FR-004436,EVENT-DLQ,DB_MIGRATION,미완료,미검증,교차 세션 변경 대기,QA 재검수 대기,cpf-docs/evidence/development/DEVGPT-6D_09dd686/TEST_AND_EVIDENCE.md,DEVGPT-6E 산출물 적용 후 정식 통합 재검증
CPF-FR-004437,EVENT-DLQ,DB_ROLLBACK,미완료,미검증,교차 세션 변경 대기,QA 재검수 대기,cpf-docs/evidence/development/DEVGPT-6D_09dd686/TEST_AND_EVIDENCE.md,DEVGPT-6E 산출물 적용 후 정식 통합 재검증
CPF-FR-004438,EVENT-DLQ,DB_VENDOR,미완료,미검증,교차 세션 변경 대기,QA 재검수 대기,cpf-docs/evidence/development/DEVGPT-6D_09dd686/TEST_AND_EVIDENCE.md,DEVGPT-6E 산출물 적용 후 정식 통합 재검증
CPF-FR-004439,EVENT-DLQ,API_OPENAPI,미완료,미검증,교차 세션 변경 대기,QA 재검수 대기,cpf-docs/evidence/development/DEVGPT-6D_09dd686/TEST_AND_EVIDENCE.md,DEVGPT-6A 산출물 적용 후 정식 통합 재검증
CPF-FR-004440,EVENT-DLQ,FRONTEND,미완료,미검증,교차 세션 변경 대기,QA 재검수 대기,cpf-docs/evidence/development/DEVGPT-6D_09dd686/TEST_AND_EVIDENCE.md,DEVGPT-6A 산출물 적용 후 정식 통합 재검증
CPF-FR-004441,EVENT-DLQ,ADM_UI,미완료,미검증,교차 세션 변경 대기,QA 재검수 대기,cpf-docs/evidence/development/DEVGPT-6D_09dd686/TEST_AND_EVIDENCE.md,DEVGPT-6A 산출물 적용 후 정식 통합 재검증
CPF-FR-004442,EVENT-DLQ,BZA_UI,미완료,미검증,교차 세션 변경 대기,QA 재검수 대기,cpf-docs/evidence/development/DEVGPT-6D_09dd686/TEST_AND_EVIDENCE.md,DEVGPT-6A 산출물 적용 후 정식 통합 재검증
CPF-FR-004443,EVENT-DLQ,GENERATOR,미완료,미검증,교차 세션 변경 대기,QA 재검수 대기,cpf-docs/evidence/development/DEVGPT-6D_09dd686/TEST_AND_EVIDENCE.md,DEVGPT-6F 산출물 적용 후 정식 통합 재검증
CPF-FR-004444,EVENT-DLQ,SAMPLE_EDU,완료,대체검증 또는 정적 검증 완료; 정식 Runtime 재확인,구현 완료·정식 Runtime 재확인,QA 재검수 대기,cpf-docs/evidence/development/DEVGPT-6D_09dd686/TEST_AND_EVIDENCE.md,Codex 독립검수 후 Java25·외부 환경 재실행
CPF-FR-004445,EVENT-DLQ,JAVADOC,완료,대체검증 또는 정적 검증 완료; 정식 Runtime 재확인,구현 완료·정식 Runtime 재확인,QA 재검수 대기,cpf-docs/evidence/development/DEVGPT-6D_09dd686/TEST_AND_EVIDENCE.md,Codex 독립검수 후 Java25·외부 환경 재실행
CPF-FR-004446,EVENT-DLQ,GUIDE,완료,대체검증 또는 정적 검증 완료; 정식 Runtime 재확인,구현 완료·정식 Runtime 재확인,QA 재검수 대기,cpf-docs/evidence/development/DEVGPT-6D_09dd686/TEST_AND_EVIDENCE.md,Codex 독립검수 후 Java25·외부 환경 재실행
CPF-FR-004447,EVENT-DLQ,UNIT_TEST,완료,대체검증 또는 정적 검증 완료; 정식 Runtime 재확인,구현 완료·정식 Runtime 재확인,QA 재검수 대기,cpf-docs/evidence/development/DEVGPT-6D_09dd686/TEST_AND_EVIDENCE.md,Codex 독립검수 후 Java25·외부 환경 재실행
CPF-FR-004448,EVENT-DLQ,CONTRACT_TEST,완료,대체검증 또는 정적 검증 완료; 정식 Runtime 재확인,구현 완료·정식 Runtime 재확인,QA 재검수 대기,cpf-docs/evidence/development/DEVGPT-6D_09dd686/TEST_AND_EVIDENCE.md,Codex 독립검수 후 Java25·외부 환경 재실행
CPF-FR-004449,EVENT-DLQ,INTEGRATION_TEST,완료,대체검증 완료; Java25/실제 Runtime 미검증,구현 완료·정식 Runtime 재확인,QA 재검수 대기,cpf-docs/evidence/development/DEVGPT-6D_09dd686/TEST_AND_EVIDENCE.md,Java25 Gradle/외부 Provider/Process Kill Runtime 재실행
CPF-FR-004450,EVENT-DLQ,RUNTIME_TEST,완료,대체검증 완료; Java25/실제 Runtime 미검증,구현 완료·정식 Runtime 재확인,QA 재검수 대기,cpf-docs/evidence/development/DEVGPT-6D_09dd686/TEST_AND_EVIDENCE.md,Java25 Gradle/외부 Provider/Process Kill Runtime 재실행
CPF-FR-004451,EVENT-DLQ,FAULT_TEST,완료,대체검증 완료; Java25/실제 Runtime 미검증,구현 완료·정식 Runtime 재확인,QA 재검수 대기,cpf-docs/evidence/development/DEVGPT-6D_09dd686/TEST_AND_EVIDENCE.md,Java25 Gradle/외부 Provider/Process Kill Runtime 재실행
CPF-FR-004452,EVENT-DLQ,EVIDENCE,완료,대체검증 또는 정적 검증 완료; 정식 Runtime 재확인,구현 완료·정식 Runtime 재확인,QA 재검수 대기,cpf-docs/evidence/development/DEVGPT-6D_09dd686/TEST_AND_EVIDENCE.md,Codex 독립검수 후 Java25·외부 환경 재실행
CPF-FR-004453,EVENT-DLQ,HYGIENE,완료,대체검증 또는 정적 검증 완료; 정식 Runtime 재확인,구현 완료·정식 Runtime 재확인,QA 재검수 대기,cpf-docs/evidence/development/DEVGPT-6D_09dd686/TEST_AND_EVIDENCE.md,Codex 독립검수 후 Java25·외부 환경 재실행
