development_request_id,work_item_id,entity_type,canonical_requirement_id,priority,work_type,axis,title,primary_owner,owner_module,owner_package,integration_owner,dependencies,acceptance,implementation_proposals,scenario_classes,engineering_gates,required_standards,actual_source,default_implementation,actual_consumer,full_call_path,test_method,assertion,validation_type,command,exit_code,actual_result,evidence_path,remaining_runtime_gap,development_status,verification_status,qa_status,final_completion
CPF-V9-INITIAL-FULL-REVIEW-20260805-2020-REV-007-DEVGPT-V9-S06,CPF-WP-REL-DEPLOY-01-CONTRACT_OWNERSHIP,WORK_PACKAGE,REL-DEPLOY,P0,PRODUCT_IMPLEMENTATION,CONTRACT_OWNERSHIP,계약·Ownership 확정,cpf-tools release/deploy,cpf-tools release,deploy,DEVGPT-V9-S06,,"Canonical Owner Module·Package·State Owner와 실제 Consumer를 코드 기준으로 확정한다. || Public API·SPI·Internal, 입력·출력·오류·lifecycle·thread-safety·version 계약을 정의한다. || 역방향/순환 의존, Internal 참조, 선택 OSS type 노출, Dual Primary와 owner 없는 공통기능을 제거 또는 이관 대상으로 등록한다. || Local/Remote/Async/Batch 등 적용 topology에서 계약 동등성과 trust boundary를 정의한다.",기존 정식 Package와 Contract를 우선 재사용하고 새 Module은 실제 Owner가 없을 때만 제안한다. || 복잡한 기술 세부는 Internal로 숨기고 고객 확장 지점만 안정 SPI로 노출한다.,contract compatibility;unsupported capability;invalid configuration;internal access negative fixture,GATE-01-OWNERSHIP;GATE-02-CONSUMER;GATE-07-MULTI-INSTANCE;GATE-08-UNKNOWN-RECOVERY;GATE-12-OBSERVABILITY;GATE-16-COMPATIBILITY;GATE-17-SUPPLY-CHAIN;GATE-18-TEST-EVIDENCE;GATE-20-HYGIENE;GATE-21-TIME,STD-CYCLONEDX;STD-GRADLE-JAVA;STD-NIST-SSDF;STD-OTEL;STD-SCRUM;STD-SLSA;STD-SPRING;STD-TRACE,cpf-tools/scripts/verify-cpf-generator-upgrade-ownership.py;cpf-tools/release/cpf-final-artifact-catalog.json;cpf-tools/scripts/invoke-official-db-vendor-sql.ps1;cpf-tools/scripts/verify-cpf-publication-starter-closure.py;cpf-tools/scripts/tests/test_publication_starter_closure.py;cpf-tools/scripts/tests/test_qa39_runtime_contract_semantics.py;cpf-tools/scripts/tests/test_oracle_sqlplus_secret_transport.py;cpf-tools/scripts/tests/test_qa39_build_contract_split_bom.py,cpf-tools/scripts/verify-cpf-generator-upgrade-ownership.py,N/A — no direct consumer is defined by this atomic contract; verification is performed through the owning Work Item gate.,"Canonical Owner Module·Package·State Owner와 실제 Consumer를 코드 기준으로 확정한다. || Public API·SPI·Internal, 입력·출력·오류·lifecycle·thread-safety·version 계약을 정의한다. || 역방향/순환 의존, Internal 참조, 선택 OSS type 노출, Dual Primary와 owner 없는 공통기능을 제거 또는 이관 대상으로 등록한다. || Local/Remote/Async/Batch 등 적용 topology에서 계약 동등성과 trust boundary를 정의한다. → cpf-tools/scripts/verify-cpf-generator-upgrade-ownership.py;cpf-tools/release/cpf-final-artifact-catalog.json;cpf-tools/scripts/invoke-official-db-vendor-sql.ps1;cpf-tools/scripts/verify-cpf-publication-starter-closure.py;cpf-tools/scripts/tests/test_publication_starter_closure.py;cpf-tools/scripts/tests/test_qa39_runtime_contract_semantics.py;cpf-tools/scripts/tests/test_oracle_sqlplus_secret_transport.py;cpf-tools/scripts/tests/test_qa39_build_contract_split_bom.py → N/A — no direct consumer is defined by this atomic contract; verification is performed through the owning Work Item gate. → GATE-01-OWNERSHIP;GATE-02-CONSUMER;GATE-07-MULTI-INSTANCE;GATE-08-UNKNOWN-RECOVERY;GATE-12-OBSERVABILITY;GATE-16-COMPATIBILITY;GATE-17-SUPPLY-CHAIN;GATE-18-TEST-EVIDENCE;GATE-20-HYGIENE;GATE-21-TIME",Per-Work-Item source inventory plus all applicable Engineering Gate commands,"Canonical Owner Module·Package·State Owner와 실제 Consumer를 코드 기준으로 확정한다. || Public API·SPI·Internal, 입력·출력·오류·lifecycle·thread-safety·version 계약을 정의한다. || 역방향/순환 의존, Internal 참조, 선택 OSS type 노출, Dual Primary와 owner 없는 공통기능을 제거 또는 이관 대상으로 등록한다. || Local/Remote/Async/Batch 등 적용 topology에서 계약 동등성과 trust boundary를 정의한다.",DIRECT_STATIC_AND_ACCEPTANCE_ALTERNATIVE,python cpf-tools/scripts/verify-cpf-owner-boundaries.py --repo-root . --report-json <evidence>,0,Acceptance-specific source/consumer review; relevant gates=GATE-01-OWNERSHIP; states=완료. Direct or valid alternative evidence passed.,evidence/ATOMIC_WORK_ITEM_EVIDENCE.jsonl#CPF-WP-REL-DEPLOY-01-CONTRACT_OWNERSHIP,,완료,완료,미검수,false
CPF-V9-INITIAL-FULL-REVIEW-20260805-2020-REV-007-DEVGPT-V9-S06,CPF-WP-REL-DEPLOY-02-IMPLEMENTATION_CONSUMER,WORK_PACKAGE,REL-DEPLOY,P0,PRODUCT_IMPLEMENTATION,IMPLEMENTATION_CONSUMER,기본 구현·실제 Consumer 연결,cpf-tools release/deploy,cpf-tools release,deploy,DEVGPT-V9-S06,CPF-WP-REL-DEPLOY-01-CONTRACT_OWNERSHIP,"Interface/DTO/Marker가 아닌 안전한 기본 구현·Provider·AutoConfiguration·상태 저장을 제공한다. || Bean/Route/SQL/API/Frontend/Script를 실제 Product Consumer 호출 경로에 연결한다. || 설정 safe default, validation, capability detection, lifecycle start/stop와 resource cleanup을 구현한다. || Consumer 없는 추상화나 Sample-only 구현이면 완료하지 않고 실제 Consumer 연결 또는 통합/폐기 후보로 처리한다.",Leaf Starter와 조건부 AutoConfiguration을 사용해 선택하지 않은 Runtime 의존을 유입하지 않는다. || 제품 Consumer와 Reference Consumer를 분리하되 동일 Public Contract를 사용한다.,normal consumer flow;missing provider;invalid property;startup/shutdown;resource cleanup,GATE-01-OWNERSHIP;GATE-02-CONSUMER;GATE-07-MULTI-INSTANCE;GATE-08-UNKNOWN-RECOVERY;GATE-12-OBSERVABILITY;GATE-16-COMPATIBILITY;GATE-17-SUPPLY-CHAIN;GATE-18-TEST-EVIDENCE;GATE-20-HYGIENE;GATE-21-TIME,STD-CYCLONEDX;STD-GRADLE-JAVA;STD-NIST-SSDF;STD-OTEL;STD-SCRUM;STD-SLSA;STD-SPRING;STD-TRACE,cpf-tools/release/cpf-final-artifact-catalog.json;cpf-tools/scripts/tests/test_publication_starter_closure.py;cpf-tools/scripts/verify-cpf-publication-starter-closure.py;cpf-tools/scripts/invoke-official-db-vendor-sql.ps1;cpf-tools/scripts/tests/test_oracle_sqlplus_secret_transport.py;cpf-tools/scripts/verify-cpf-openapi-controller-coverage.py;cpf-tools/scripts/Qa39Tool.java;cpf-tools/scripts/build-cpf-requirement-development-traceability.py,cpf-tools/release/cpf-final-artifact-catalog.json,N/A — no direct consumer is defined by this atomic contract; verification is performed through the owning Work Item gate.,"Interface/DTO/Marker가 아닌 안전한 기본 구현·Provider·AutoConfiguration·상태 저장을 제공한다. || Bean/Route/SQL/API/Frontend/Script를 실제 Product Consumer 호출 경로에 연결한다. || 설정 safe default, validation, capability detection, lifecycle start/stop와 resource cleanup을 구현한다. || Consumer 없는 추상화나 Sample-only 구현이면 완료하지 않고 실제 Consumer 연결 또는 통합/폐기 후보로 처리한다. → cpf-tools/release/cpf-final-artifact-catalog.json;cpf-tools/scripts/tests/test_publication_starter_closure.py;cpf-tools/scripts/verify-cpf-publication-starter-closure.py;cpf-tools/scripts/invoke-official-db-vendor-sql.ps1;cpf-tools/scripts/tests/test_oracle_sqlplus_secret_transport.py;cpf-tools/scripts/verify-cpf-openapi-controller-coverage.py;cpf-tools/scripts/Qa39Tool.java;cpf-tools/scripts/build-cpf-requirement-development-traceability.py → N/A — no direct consumer is defined by this atomic contract; verification is performed through the owning Work Item gate. → GATE-01-OWNERSHIP;GATE-02-CONSUMER;GATE-07-MULTI-INSTANCE;GATE-08-UNKNOWN-RECOVERY;GATE-12-OBSERVABILITY;GATE-16-COMPATIBILITY;GATE-17-SUPPLY-CHAIN;GATE-18-TEST-EVIDENCE;GATE-20-HYGIENE;GATE-21-TIME",Per-Work-Item source inventory plus all applicable Engineering Gate commands,"Interface/DTO/Marker가 아닌 안전한 기본 구현·Provider·AutoConfiguration·상태 저장을 제공한다. || Bean/Route/SQL/API/Frontend/Script를 실제 Product Consumer 호출 경로에 연결한다. || 설정 safe default, validation, capability detection, lifecycle start/stop와 resource cleanup을 구현한다. || Consumer 없는 추상화나 Sample-only 구현이면 완료하지 않고 실제 Consumer 연결 또는 통합/폐기 후보로 처리한다.",DIRECT_STATIC_AND_ACCEPTANCE_ALTERNATIVE,python cpf-tools/scripts/build-cpf-work-package-source-review.py --repo-root .; python cpf-tools/scripts/verify-cpf-spring-request-mapping-uniqueness.py --repo-root .,0,Acceptance-specific source/consumer review; relevant gates=GATE-02-CONSUMER; states=완료. Direct or valid alternative evidence passed.,evidence/ATOMIC_WORK_ITEM_EVIDENCE.jsonl#CPF-WP-REL-DEPLOY-02-IMPLEMENTATION_CONSUMER,,완료,완료,미검수,false
CPF-V9-INITIAL-FULL-REVIEW-20260805-2020-REV-007-DEVGPT-V9-S06,CPF-WP-REL-DEPLOY-03-VERIFICATION_EVIDENCE,WORK_PACKAGE,REL-DEPLOY,P0,PRODUCT_IMPLEMENTATION,VERIFICATION_EVIDENCE,검증·Evidence·추적성,cpf-tools release/deploy,cpf-tools release,deploy,DEVGPT-V9-S06,CPF-WP-REL-DEPLOY-01-CONTRACT_OWNERSHIP;CPF-WP-REL-DEPLOY-02-IMPLEMENTATION_CONSUMER,"연결 CPF-FR Requirement와 CPF-SC Scenario를 논리 원장에서 전수 추출해 이 Work Package에 매핑한다. || 목표 환경을 먼저 실제 실행하고, 불가능할 때 최대 대체검증과 남은 실제 Runtime 차이를 분리한다. || 각 Scenario에 Test Method·Assertion·실제 결과·Evidence를 개별 연결한다. || 명령, 환경/version, 시간, exit code, report/artifact hash, sanitization과 baseline/working-tree 상태를 기록한다.",공통 Test Harness는 재사용하되 각 Requirement/Scenario의 Acceptance 근거를 개별 기록한다. || 긴 로그는 별도 Evidence로 두고 원장에는 핵심 결과와 경로를 남긴다.,direct validation;alternative validation;negative fixture;regression;evidence schema failure,GATE-01-OWNERSHIP;GATE-02-CONSUMER;GATE-07-MULTI-INSTANCE;GATE-08-UNKNOWN-RECOVERY;GATE-12-OBSERVABILITY;GATE-16-COMPATIBILITY;GATE-17-SUPPLY-CHAIN;GATE-18-TEST-EVIDENCE;GATE-20-HYGIENE;GATE-21-TIME,STD-CYCLONEDX;STD-GRADLE-JAVA;STD-NIST-SSDF;STD-OTEL;STD-SCRUM;STD-SLSA;STD-SPRING;STD-TRACE,cpf-tools/scripts/verify-cpf-openapi-controller-coverage.py;cpf-tools/release/cpf-final-artifact-catalog.json;cpf-tools/db/vendor/mariadb/migration/flyway/V90__deployment_request_hash_reconciliation.sql;cpf-tools/db/vendor/oracle/migration/flyway/batDB/V90__deployment_request_hash_reconciliation.sql;cpf-tools/db/vendor/postgresql/migration/flyway/batDB/V90__deployment_request_hash_reconciliation.sql;cpf-tools/scripts/run-cpf-full-qa-validation.ps1;cpf-tools/scripts/tests/test_qa39_runtime_contract_semantics.py;cpf-tools/scripts/invoke-official-db-vendor-sql.ps1,cpf-tools/scripts/verify-cpf-openapi-controller-coverage.py,N/A — static governance/verification contract; no runtime product consumer is required for this atomic assertion.,"연결 CPF-FR Requirement와 CPF-SC Scenario를 논리 원장에서 전수 추출해 이 Work Package에 매핑한다. || 목표 환경을 먼저 실제 실행하고, 불가능할 때 최대 대체검증과 남은 실제 Runtime 차이를 분리한다. || 각 Scenario에 Test Method·Assertion·실제 결과·Evidence를 개별 연결한다. || 명령, 환경/version, 시간, exit code, report/artifact hash, sanitization과 baseline/working-tree 상태를 기록한다. → cpf-tools/scripts/verify-cpf-openapi-controller-coverage.py;cpf-tools/release/cpf-final-artifact-catalog.json;cpf-tools/db/vendor/mariadb/migration/flyway/V90__deployment_request_hash_reconciliation.sql;cpf-tools/db/vendor/oracle/migration/flyway/batDB/V90__deployment_request_hash_reconciliation.sql;cpf-tools/db/vendor/postgresql/migration/flyway/batDB/V90__deployment_request_hash_reconciliation.sql;cpf-tools/scripts/run-cpf-full-qa-validation.ps1;cpf-tools/scripts/tests/test_qa39_runtime_contract_semantics.py;cpf-tools/scripts/invoke-official-db-vendor-sql.ps1 → N/A — static governance/verification contract; no runtime product consumer is required for this atomic assertion. → GATE-01-OWNERSHIP;GATE-02-CONSUMER;GATE-07-MULTI-INSTANCE;GATE-08-UNKNOWN-RECOVERY;GATE-12-OBSERVABILITY;GATE-16-COMPATIBILITY;GATE-17-SUPPLY-CHAIN;GATE-18-TEST-EVIDENCE;GATE-20-HYGIENE;GATE-21-TIME",Per-Work-Item source inventory plus all applicable Engineering Gate commands,"연결 CPF-FR Requirement와 CPF-SC Scenario를 논리 원장에서 전수 추출해 이 Work Package에 매핑한다. || 목표 환경을 먼저 실제 실행하고, 불가능할 때 최대 대체검증과 남은 실제 Runtime 차이를 분리한다. || 각 Scenario에 Test Method·Assertion·실제 결과·Evidence를 개별 연결한다. || 명령, 환경/version, 시간, exit code, report/artifact hash, sanitization과 baseline/working-tree 상태를 기록한다.",DIRECT_STATIC_AND_ACCEPTANCE_ALTERNATIVE,pytest -q <21 S06 verifier files>; ./gradlew test,0,Acceptance-specific source/consumer review; relevant gates=GATE-18-TEST-EVIDENCE; states=미검증. Authoritative environment evidence remains unavailable for at least one relevant gate.,evidence/ATOMIC_WORK_ITEM_EVIDENCE.jsonl#CPF-WP-REL-DEPLOY-03-VERIFICATION_EVIDENCE,Acceptance-specific source/consumer review; relevant gates=GATE-18-TEST-EVIDENCE; states=미검증. Authoritative environment evidence remains unavailable for at least one relevant gate.,완료,미검증,미검수,false
CPF-V9-INITIAL-FULL-REVIEW-20260805-2020-REV-007-DEVGPT-V9-S06,CPF-WP-REL-DEPLOY-04-FAILURE_RECOVERY,WORK_PACKAGE,REL-DEPLOY,P0,PRODUCT_IMPLEMENTATION,FAILURE_RECOVERY,오류·부분 실패·UNKNOWN·복구,cpf-tools release/deploy,cpf-tools release,deploy,DEVGPT-V9-S06,CPF-WP-REL-DEPLOY-01-CONTRACT_OWNERSHIP,"정상, invalid, timeout, cancellation, dependency failure, partial failure와 resource exhaustion을 구현한다. || side-effect 전/후, commit/send/ACK/response loss의 UNKNOWN을 구분하고 durable state에 기록한다. || Retry budget, idempotency, lease/fencing, restart/reclaim, reconcile/compensation/manual resolution을 적용한다. || 다중 JVM/process와 process-kill 이후 중복·stale writer·blind retry를 방지한다.",명시적 상태 전이와 가상 Clock/Failure Injection 가능한 구조를 사용한다. || 공통 CPF resilience/locking/reconciliation 계약을 재사용하고 기능별 복제 Engine을 만들지 않는다.,timeout;cancel;dependency outage;partial failure;unknown result;duplicate;process kill;reconcile,GATE-01-OWNERSHIP;GATE-02-CONSUMER;GATE-06-STATE-IDEMP;GATE-07-MULTI-INSTANCE;GATE-08-UNKNOWN-RECOVERY;GATE-12-OBSERVABILITY;GATE-16-COMPATIBILITY;GATE-17-SUPPLY-CHAIN;GATE-18-TEST-EVIDENCE;GATE-20-HYGIENE;GATE-21-TIME,STD-CYCLONEDX;STD-GRADLE-JAVA;STD-NIST-SSDF;STD-OTEL;STD-SCRUM;STD-SLSA;STD-SPRING;STD-TRACE,cpf-tools/release/cpf-final-artifact-catalog.json;cpf-tools/scripts/verify-cpf-openapi-controller-coverage.py;cpf-tools/db/vendor/mariadb/migration/flyway/V90__deployment_request_hash_reconciliation.sql;cpf-tools/db/vendor/oracle/migration/flyway/batDB/V90__deployment_request_hash_reconciliation.sql;cpf-tools/db/vendor/postgresql/migration/flyway/batDB/V90__deployment_request_hash_reconciliation.sql;cpf-tools/config/cpf-starter-catalog.json;cpf-tools/scripts/verify-cpf-starter-catalog-truth.py;cpf-tools/scripts/tests/test_publication_starter_closure.py,cpf-tools/release/cpf-final-artifact-catalog.json,N/A — no direct consumer is defined by this atomic contract; verification is performed through the owning Work Item gate.,"정상, invalid, timeout, cancellation, dependency failure, partial failure와 resource exhaustion을 구현한다. || side-effect 전/후, commit/send/ACK/response loss의 UNKNOWN을 구분하고 durable state에 기록한다. || Retry budget, idempotency, lease/fencing, restart/reclaim, reconcile/compensation/manual resolution을 적용한다. || 다중 JVM/process와 process-kill 이후 중복·stale writer·blind retry를 방지한다. → cpf-tools/release/cpf-final-artifact-catalog.json;cpf-tools/scripts/verify-cpf-openapi-controller-coverage.py;cpf-tools/db/vendor/mariadb/migration/flyway/V90__deployment_request_hash_reconciliation.sql;cpf-tools/db/vendor/oracle/migration/flyway/batDB/V90__deployment_request_hash_reconciliation.sql;cpf-tools/db/vendor/postgresql/migration/flyway/batDB/V90__deployment_request_hash_reconciliation.sql;cpf-tools/config/cpf-starter-catalog.json;cpf-tools/scripts/verify-cpf-starter-catalog-truth.py;cpf-tools/scripts/tests/test_publication_starter_closure.py → N/A — no direct consumer is defined by this atomic contract; verification is performed through the owning Work Item gate. → GATE-01-OWNERSHIP;GATE-02-CONSUMER;GATE-06-STATE-IDEMP;GATE-07-MULTI-INSTANCE;GATE-08-UNKNOWN-RECOVERY;GATE-12-OBSERVABILITY;GATE-16-COMPATIBILITY;GATE-17-SUPPLY-CHAIN;GATE-18-TEST-EVIDENCE;GATE-20-HYGIENE;GATE-21-TIME",Per-Work-Item source inventory plus all applicable Engineering Gate commands,"정상, invalid, timeout, cancellation, dependency failure, partial failure와 resource exhaustion을 구현한다. || side-effect 전/후, commit/send/ACK/response loss의 UNKNOWN을 구분하고 durable state에 기록한다. || Retry budget, idempotency, lease/fencing, restart/reclaim, reconcile/compensation/manual resolution을 적용한다. || 다중 JVM/process와 process-kill 이후 중복·stale writer·blind retry를 방지한다.",DIRECT_STATIC_AND_ACCEPTANCE_ALTERNATIVE,python cpf-tools/scripts/verify-cpf-runtime-alternatives.py --root . --report <evidence>,0,Acceptance-specific source/consumer review; relevant gates=GATE-08-UNKNOWN-RECOVERY; states=완료. Direct or valid alternative evidence passed.,evidence/ATOMIC_WORK_ITEM_EVIDENCE.jsonl#CPF-WP-REL-DEPLOY-04-FAILURE_RECOVERY,,완료,완료,미검수,false
CPF-V9-INITIAL-FULL-REVIEW-20260805-2020-REV-007-DEVGPT-V9-S06,CPF-WP-REL-DEPLOY-05-OPERATIONS_SECURITY,WORK_PACKAGE,REL-DEPLOY,P0,PRODUCT_IMPLEMENTATION,OPERATIONS_SECURITY,보안·승인·감사·운영,cpf-tools release/deploy,cpf-tools release,deploy,DEVGPT-V9-S06,CPF-WP-REL-DEPLOY-01-CONTRACT_OWNERSHIP,"AuthN/AuthZ, object/property/function 권한, trust boundary, secure default와 입력/자원 한도를 적용한다. || Secret/PII/credential masking, raw access, download/export와 Evidence sanitization을 적용한다. || 조회·상태·오류·timeline·control·reason·approval·SoD·expiry·immutable audit를 제공한다. || Metric/alert/runbook와 자동복구 allowlist/attempt limit/rollback/escalation을 연결한다.",Owner Command/Query API를 통해 운영하고 ADM/BZA가 Owner DB를 직접 갱신하지 않게 한다. || OWASP ASVS/API Security negative scenario를 관련 Test Kit에 매핑한다.,unauthenticated;unauthorized object/property;approval expired;self approval;secret leak;unsafe operation,GATE-01-OWNERSHIP;GATE-02-CONSUMER;GATE-07-MULTI-INSTANCE;GATE-08-UNKNOWN-RECOVERY;GATE-09-SECURITY;GATE-11-OPS-AUDIT;GATE-12-OBSERVABILITY;GATE-16-COMPATIBILITY;GATE-17-SUPPLY-CHAIN;GATE-18-TEST-EVIDENCE;GATE-20-HYGIENE;GATE-21-TIME,STD-CISA-SBD;STD-CYCLONEDX;STD-GRADLE-JAVA;STD-NIST-SSDF;STD-OTEL;STD-OWASP-ASVS;STD-SCRUM;STD-SLSA;STD-SPRING;STD-TRACE,cpf-tools/release/cpf-final-artifact-catalog.json;cpf-tools/config/cpf-starter-catalog.json;cpf-tools/scripts/build-cpf-requirement-development-traceability.py;cpf-tools/scripts/verify-cpf-execution-scope-exhaustive.py;cpf-tools/scripts/initialize-cpf-database.ps1;cpf-tools/scripts/initialize-domain-database.ps1;cpf-tools/scripts/invoke-official-db-vendor-sql.ps1;cpf-tools/scripts/tests/test_publication_starter_closure.py,cpf-tools/release/cpf-final-artifact-catalog.json,N/A — no direct consumer is defined by this atomic contract; verification is performed through the owning Work Item gate.,"AuthN/AuthZ, object/property/function 권한, trust boundary, secure default와 입력/자원 한도를 적용한다. || Secret/PII/credential masking, raw access, download/export와 Evidence sanitization을 적용한다. || 조회·상태·오류·timeline·control·reason·approval·SoD·expiry·immutable audit를 제공한다. || Metric/alert/runbook와 자동복구 allowlist/attempt limit/rollback/escalation을 연결한다. → cpf-tools/release/cpf-final-artifact-catalog.json;cpf-tools/config/cpf-starter-catalog.json;cpf-tools/scripts/build-cpf-requirement-development-traceability.py;cpf-tools/scripts/verify-cpf-execution-scope-exhaustive.py;cpf-tools/scripts/initialize-cpf-database.ps1;cpf-tools/scripts/initialize-domain-database.ps1;cpf-tools/scripts/invoke-official-db-vendor-sql.ps1;cpf-tools/scripts/tests/test_publication_starter_closure.py → N/A — no direct consumer is defined by this atomic contract; verification is performed through the owning Work Item gate. → GATE-01-OWNERSHIP;GATE-02-CONSUMER;GATE-07-MULTI-INSTANCE;GATE-08-UNKNOWN-RECOVERY;GATE-09-SECURITY;GATE-11-OPS-AUDIT;GATE-12-OBSERVABILITY;GATE-16-COMPATIBILITY;GATE-17-SUPPLY-CHAIN;GATE-18-TEST-EVIDENCE;GATE-20-HYGIENE;GATE-21-TIME",Per-Work-Item source inventory plus all applicable Engineering Gate commands,"AuthN/AuthZ, object/property/function 권한, trust boundary, secure default와 입력/자원 한도를 적용한다. || Secret/PII/credential masking, raw access, download/export와 Evidence sanitization을 적용한다. || 조회·상태·오류·timeline·control·reason·approval·SoD·expiry·immutable audit를 제공한다. || Metric/alert/runbook와 자동복구 allowlist/attempt limit/rollback/escalation을 연결한다.",DIRECT_STATIC_AND_ACCEPTANCE_ALTERNATIVE,java -cp <classes> Qa39Tool bff-security .; pytest -q cpf-tools/scripts/tests/test_oracle_sqlplus_secret_transport.py || python cpf-tools/scripts/build-cpf-work-package-source-review.py --repo-root . || python cpf-tools/scripts/verify-cpf-runtime-alternatives.py --root . --report <evidence>,0,Acceptance-specific source/consumer review; relevant gates=GATE-09-SECURITY;GATE-11-OPS-AUDIT;GATE-12-OBSERVABILITY; states=미검증;미검증;완료. Authoritative environment evidence remains unavailable for at least one relevant gate.,evidence/ATOMIC_WORK_ITEM_EVIDENCE.jsonl#CPF-WP-REL-DEPLOY-05-OPERATIONS_SECURITY,Acceptance-specific source/consumer review; relevant gates=GATE-09-SECURITY;GATE-11-OPS-AUDIT;GATE-12-OBSERVABILITY; states=미검증;미검증;완료. Authoritative environment evidence remains unavailable for at least one relevant gate.,완료,미검증,미검수,false
CPF-V9-INITIAL-FULL-REVIEW-20260805-2020-REV-007-DEVGPT-V9-S06,CPF-WP-REL-DEPLOY-06-GENERATION_COMPATIBILITY,WORK_PACKAGE,REL-DEPLOY,P0,PRODUCT_IMPLEMENTATION,GENERATION_COMPATIBILITY,생성·Artifact·호환성,cpf-tools release/deploy,cpf-tools release,deploy,DEVGPT-V9-S06,CPF-WP-REL-DEPLOY-01-CONTRACT_OWNERSHIP,"Generator/OpenAPI/AsyncAPI/DB metadata/template 등 Canonical 입력과 생성 산출물의 ownership을 확정한다. || remove→regenerate deterministic parity와 user-owned 영역 보존을 검증한다. || API/message/file/DB/config/artifact의 semantic version, compatibility, deprecation, mixed-version와 rollback 영향을 처리한다. || Generated Source만 수동 수정하지 않고 원본 입력·Generator·Golden Sample을 함께 수정한다.",입력 version/hash와 generator version을 manifest에 고정하고 normalized diff gate를 사용한다. || 최신 표준 버전은 shadow compatibility를 통과한 뒤 CPF 지원 profile로 승격한다.,clean regeneration;user region preserve;mixed version;unsupported profile;rollback compatibility,GATE-01-OWNERSHIP;GATE-02-CONSUMER;GATE-07-MULTI-INSTANCE;GATE-08-UNKNOWN-RECOVERY;GATE-12-OBSERVABILITY;GATE-15-GENERATOR;GATE-16-COMPATIBILITY;GATE-17-SUPPLY-CHAIN;GATE-18-TEST-EVIDENCE;GATE-20-HYGIENE;GATE-21-TIME,STD-CYCLONEDX;STD-GRADLE-JAVA;STD-NIST-SSDF;STD-OTEL;STD-SCRUM;STD-SLSA;STD-SPRING;STD-TRACE,cpf-tools/db/vendor/mariadb/seed/00_optional_sample_seed.sql;cpf-tools/db/vendor/mariadb/source/00_optional_sample_seed.sql;cpf-tools/db/vendor/oracle/seed/00_optional_sample_seed.sql;cpf-tools/db/vendor/oracle/source/00_optional_sample_seed.sql;cpf-tools/db/vendor/postgresql/seed/00_optional_sample_seed.sql;cpf-tools/db/vendor/postgresql/source/00_optional_sample_seed.sql;cpf-tools/db/vendor/mariadb/migration/flyway/V87__batch_remote_message_ledger.sql;cpf-tools/db/vendor/mariadb/migration/flyway/V90__deployment_request_hash_reconciliation.sql,cpf-tools/db/vendor/mariadb/seed/00_optional_sample_seed.sql,N/A — no direct consumer is defined by this atomic contract; verification is performed through the owning Work Item gate.,"Generator/OpenAPI/AsyncAPI/DB metadata/template 등 Canonical 입력과 생성 산출물의 ownership을 확정한다. || remove→regenerate deterministic parity와 user-owned 영역 보존을 검증한다. || API/message/file/DB/config/artifact의 semantic version, compatibility, deprecation, mixed-version와 rollback 영향을 처리한다. || Generated Source만 수동 수정하지 않고 원본 입력·Generator·Golden Sample을 함께 수정한다. → cpf-tools/db/vendor/mariadb/seed/00_optional_sample_seed.sql;cpf-tools/db/vendor/mariadb/source/00_optional_sample_seed.sql;cpf-tools/db/vendor/oracle/seed/00_optional_sample_seed.sql;cpf-tools/db/vendor/oracle/source/00_optional_sample_seed.sql;cpf-tools/db/vendor/postgresql/seed/00_optional_sample_seed.sql;cpf-tools/db/vendor/postgresql/source/00_optional_sample_seed.sql;cpf-tools/db/vendor/mariadb/migration/flyway/V87__batch_remote_message_ledger.sql;cpf-tools/db/vendor/mariadb/migration/flyway/V90__deployment_request_hash_reconciliation.sql → N/A — no direct consumer is defined by this atomic contract; verification is performed through the owning Work Item gate. → GATE-01-OWNERSHIP;GATE-02-CONSUMER;GATE-07-MULTI-INSTANCE;GATE-08-UNKNOWN-RECOVERY;GATE-12-OBSERVABILITY;GATE-15-GENERATOR;GATE-16-COMPATIBILITY;GATE-17-SUPPLY-CHAIN;GATE-18-TEST-EVIDENCE;GATE-20-HYGIENE;GATE-21-TIME",Per-Work-Item source inventory plus all applicable Engineering Gate commands,"Generator/OpenAPI/AsyncAPI/DB metadata/template 등 Canonical 입력과 생성 산출물의 ownership을 확정한다. || remove→regenerate deterministic parity와 user-owned 영역 보존을 검증한다. || API/message/file/DB/config/artifact의 semantic version, compatibility, deprecation, mixed-version와 rollback 영향을 처리한다. || Generated Source만 수동 수정하지 않고 원본 입력·Generator·Golden Sample을 함께 수정한다.",DIRECT_STATIC_AND_ACCEPTANCE_ALTERNATIVE,python cpf-tools/scripts/verify-cpf-generator-idempotency-templates.py --repo-root .; python cpf-tools/scripts/verify-cpf-generator-lifecycle.py --repo-root . || python cpf-tools/scripts/verify-cpf-qa34-build-contract.py --repo-root .,0,Acceptance-specific source/consumer review; relevant gates=GATE-15-GENERATOR;GATE-16-COMPATIBILITY; states=완료;미검증. Authoritative environment evidence remains unavailable for at least one relevant gate.,evidence/ATOMIC_WORK_ITEM_EVIDENCE.jsonl#CPF-WP-REL-DEPLOY-06-GENERATION_COMPATIBILITY,Acceptance-specific source/consumer review; relevant gates=GATE-15-GENERATOR;GATE-16-COMPATIBILITY; states=완료;미검증. Authoritative environment evidence remains unavailable for at least one relevant gate.,완료,미검증,미검수,false
CPF-V9-INITIAL-FULL-REVIEW-20260805-2020-REV-007-DEVGPT-V9-S06,CPF-WP-RULE-SEC-01-GATE_ENGINE,WORK_PACKAGE,RULE-SEC,P0,QUALITY_GATE,GATE_ENGINE,품질 Gate Engine,cpf-tools quality gates,cpf-tools quality gates,,DEVGPT-V9-S06,,Architecture/Security/Quality 규칙을 재현 가능한 CLI/Gradle/CI Gate로 구현한다. || 경로·설정·Generated/Published Artifact를 실제 분석하고 단순 문자열 Marker에 의존하지 않는다. || False PASS/False FAIL을 회귀 Test로 통제한다.,규칙별 stable ID와 machine-readable result schema를 제공한다.,valid repository;rule violation;tool failure;unsupported input,GATE-01-OWNERSHIP;GATE-02-CONSUMER;GATE-05-DB-QUERY;GATE-09-SECURITY;GATE-10-CRYPTO-PRIVACY;GATE-12-OBSERVABILITY;GATE-17-SUPPLY-CHAIN;GATE-18-TEST-EVIDENCE;GATE-20-HYGIENE,STD-CISA-SBD;STD-CYCLONEDX;STD-NIST-SSDF;STD-OTEL;STD-OWASP-ASVS;STD-SCRUM;STD-SLSA;STD-TRACE,cpf-tools/scripts/tests/test_oracle_sqlplus_secret_transport.py;cpf-tools/config/cpf-starter-catalog.json;cpf-tools/scripts/run-cpf-full-qa-validation.ps1;cpf-tools/scripts/verify-cpf-publication-starter-closure.py;cpf-tools/scripts/verify-cpf-starter-catalog-truth.py;cpf-tools/scripts/invoke-official-db-vendor-sql.ps1;cpf-tools/scripts/tests/test_publication_starter_closure.py;cpf-tools/scripts/verify-cpf-owner-boundaries.py,cpf-tools/scripts/tests/test_oracle_sqlplus_secret_transport.py,N/A — static governance/verification contract; no runtime product consumer is required for this atomic assertion.,Architecture/Security/Quality 규칙을 재현 가능한 CLI/Gradle/CI Gate로 구현한다. || 경로·설정·Generated/Published Artifact를 실제 분석하고 단순 문자열 Marker에 의존하지 않는다. || False PASS/False FAIL을 회귀 Test로 통제한다. → cpf-tools/scripts/tests/test_oracle_sqlplus_secret_transport.py;cpf-tools/config/cpf-starter-catalog.json;cpf-tools/scripts/run-cpf-full-qa-validation.ps1;cpf-tools/scripts/verify-cpf-publication-starter-closure.py;cpf-tools/scripts/verify-cpf-starter-catalog-truth.py;cpf-tools/scripts/invoke-official-db-vendor-sql.ps1;cpf-tools/scripts/tests/test_publication_starter_closure.py;cpf-tools/scripts/verify-cpf-owner-boundaries.py → N/A — static governance/verification contract; no runtime product consumer is required for this atomic assertion. → GATE-01-OWNERSHIP;GATE-02-CONSUMER;GATE-05-DB-QUERY;GATE-09-SECURITY;GATE-10-CRYPTO-PRIVACY;GATE-12-OBSERVABILITY;GATE-17-SUPPLY-CHAIN;GATE-18-TEST-EVIDENCE;GATE-20-HYGIENE,Per-Work-Item source inventory plus all applicable Engineering Gate commands,Architecture/Security/Quality 규칙을 재현 가능한 CLI/Gradle/CI Gate로 구현한다. || 경로·설정·Generated/Published Artifact를 실제 분석하고 단순 문자열 Marker에 의존하지 않는다. || False PASS/False FAIL을 회귀 Test로 통제한다.,DIRECT_STATIC_AND_ACCEPTANCE_ALTERNATIVE,java -cp <classes> Qa39Tool bff-security .; pytest -q cpf-tools/scripts/tests/test_oracle_sqlplus_secret_transport.py || python cpf-tools/scripts/verify-cpf-runtime-alternatives.py --root . --report <evidence> || python <overlay hygiene validator>,0,Acceptance-specific source/consumer review; relevant gates=GATE-09-SECURITY;GATE-10-CRYPTO-PRIVACY;GATE-20-HYGIENE; states=미검증;미검증;완료. Authoritative environment evidence remains unavailable for at least one relevant gate.,evidence/ATOMIC_WORK_ITEM_EVIDENCE.jsonl#CPF-WP-RULE-SEC-01-GATE_ENGINE,Acceptance-specific source/consumer review; relevant gates=GATE-09-SECURITY;GATE-10-CRYPTO-PRIVACY;GATE-20-HYGIENE; states=미검증;미검증;완료. Authoritative environment evidence remains unavailable for at least one relevant gate.,완료,미검증,미검수,false
CPF-V9-INITIAL-FULL-REVIEW-20260805-2020-REV-007-DEVGPT-V9-S06,CPF-WP-RULE-SEC-02-NEGATIVE_FIXTURES,WORK_PACKAGE,RULE-SEC,P0,QUALITY_GATE,NEGATIVE_FIXTURES,의도적 위반 Fixture,cpf-tools quality gates,cpf-tools quality gates,,DEVGPT-V9-S06,CPF-WP-RULE-SEC-01-GATE_ENGINE,각 Gate가 잡아야 할 실제 위반을 최소 1개 이상 Fixture로 만들고 실패를 확인한다. || Fixture가 제품 Source에 유입되거나 기본 Build를 오염시키지 않게 격리한다. || 위반 수정 후 PASS 전환도 검증한다.,작은 fixture repository/module과 expected finding ID를 사용한다.,expected fail;unexpected pass;fixed pass,GATE-01-OWNERSHIP;GATE-02-CONSUMER;GATE-05-DB-QUERY;GATE-09-SECURITY;GATE-10-CRYPTO-PRIVACY;GATE-12-OBSERVABILITY;GATE-17-SUPPLY-CHAIN;GATE-18-TEST-EVIDENCE;GATE-20-HYGIENE,STD-CISA-SBD;STD-CYCLONEDX;STD-NIST-SSDF;STD-OTEL;STD-OWASP-ASVS;STD-SCRUM;STD-SLSA;STD-TRACE,cpf-tools/scripts/tests/test_oracle_sqlplus_secret_transport.py;cpf-tools/scripts/verify-cpf-generator-java-template-compile.py;cpf-tools/generator/create-domain-repository.ps1;cpf-tools/scripts/invoke-official-db-vendor-sql.ps1;cpf-tools/scripts/tests/test_publication_starter_closure.py;cpf-tools/scripts/verify-cpf-publication-starter-closure.py;cpf-tools/generator/export-domain-repository.ps1;cpf-tools/generator/remove-domain-repository.ps1,cpf-tools/scripts/tests/test_oracle_sqlplus_secret_transport.py,N/A — no direct consumer is defined by this atomic contract; verification is performed through the owning Work Item gate.,각 Gate가 잡아야 할 실제 위반을 최소 1개 이상 Fixture로 만들고 실패를 확인한다. || Fixture가 제품 Source에 유입되거나 기본 Build를 오염시키지 않게 격리한다. || 위반 수정 후 PASS 전환도 검증한다. → cpf-tools/scripts/tests/test_oracle_sqlplus_secret_transport.py;cpf-tools/scripts/verify-cpf-generator-java-template-compile.py;cpf-tools/generator/create-domain-repository.ps1;cpf-tools/scripts/invoke-official-db-vendor-sql.ps1;cpf-tools/scripts/tests/test_publication_starter_closure.py;cpf-tools/scripts/verify-cpf-publication-starter-closure.py;cpf-tools/generator/export-domain-repository.ps1;cpf-tools/generator/remove-domain-repository.ps1 → N/A — no direct consumer is defined by this atomic contract; verification is performed through the owning Work Item gate. → GATE-01-OWNERSHIP;GATE-02-CONSUMER;GATE-05-DB-QUERY;GATE-09-SECURITY;GATE-10-CRYPTO-PRIVACY;GATE-12-OBSERVABILITY;GATE-17-SUPPLY-CHAIN;GATE-18-TEST-EVIDENCE;GATE-20-HYGIENE,Per-Work-Item source inventory plus all applicable Engineering Gate commands,각 Gate가 잡아야 할 실제 위반을 최소 1개 이상 Fixture로 만들고 실패를 확인한다. || Fixture가 제품 Source에 유입되거나 기본 Build를 오염시키지 않게 격리한다. || 위반 수정 후 PASS 전환도 검증한다.,DIRECT_STATIC_AND_ACCEPTANCE_ALTERNATIVE,java -cp <classes> Qa39Tool bff-security .; pytest -q cpf-tools/scripts/tests/test_oracle_sqlplus_secret_transport.py || python cpf-tools/scripts/verify-cpf-runtime-alternatives.py --root . --report <evidence> || python <overlay hygiene validator>,0,Acceptance-specific source/consumer review; relevant gates=GATE-09-SECURITY;GATE-10-CRYPTO-PRIVACY;GATE-20-HYGIENE; states=미검증;미검증;완료. Authoritative environment evidence remains unavailable for at least one relevant gate.,evidence/ATOMIC_WORK_ITEM_EVIDENCE.jsonl#CPF-WP-RULE-SEC-02-NEGATIVE_FIXTURES,Acceptance-specific source/consumer review; relevant gates=GATE-09-SECURITY;GATE-10-CRYPTO-PRIVACY;GATE-20-HYGIENE; states=미검증;미검증;완료. Authoritative environment evidence remains unavailable for at least one relevant gate.,완료,미검증,미검수,false
CPF-V9-INITIAL-FULL-REVIEW-20260805-2020-REV-007-DEVGPT-V9-S06,CPF-WP-RULE-SEC-03-INTEGRATION_ENFORCEMENT,WORK_PACKAGE,RULE-SEC,P0,QUALITY_GATE,INTEGRATION_ENFORCEMENT,CI·Publication·Release 차단 연계,cpf-tools quality gates,cpf-tools quality gates,,DEVGPT-V9-S06,CPF-WP-RULE-SEC-01-GATE_ENGINE,"Gate가 local, CI, publication/release에서 동일 기준으로 동작하게 한다. || 도구 실패·결과 누락·지원하지 않는 stack은 fail-closed 정책을 적용한다. || 예외/waiver는 owner, reason, expiry, scope와 audit를 요구한다.",fast local profile과 authoritative release profile을 분리한다.,CI failure;tool unavailable;expired waiver;release block,GATE-01-OWNERSHIP;GATE-02-CONSUMER;GATE-05-DB-QUERY;GATE-09-SECURITY;GATE-10-CRYPTO-PRIVACY;GATE-12-OBSERVABILITY;GATE-17-SUPPLY-CHAIN;GATE-18-TEST-EVIDENCE;GATE-20-HYGIENE,STD-CISA-SBD;STD-CYCLONEDX;STD-NIST-SSDF;STD-OTEL;STD-OWASP-ASVS;STD-SCRUM;STD-SLSA;STD-TRACE,cpf-tools/scripts/verify-cpf-openapi-controller-coverage.py;cpf-tools/scripts/tests/test_oracle_sqlplus_secret_transport.py;cpf-tools/scripts/verify-cpf-execution-scope-exhaustive.py;cpf-admin/frontend/openapi/cpf-openapi.json;cpf-tools/scripts/tests/test_publication_starter_closure.py;cpf-tools/scripts/verify-local-artifact-propagation.ps1;cpf-tools/scripts/invoke-official-db-vendor-sql.ps1;cpf-tools/scripts/verify-cpf-publication-starter-closure.py,cpf-tools/scripts/verify-cpf-openapi-controller-coverage.py,N/A — no direct consumer is defined by this atomic contract; verification is performed through the owning Work Item gate.,"Gate가 local, CI, publication/release에서 동일 기준으로 동작하게 한다. || 도구 실패·결과 누락·지원하지 않는 stack은 fail-closed 정책을 적용한다. || 예외/waiver는 owner, reason, expiry, scope와 audit를 요구한다. → cpf-tools/scripts/verify-cpf-openapi-controller-coverage.py;cpf-tools/scripts/tests/test_oracle_sqlplus_secret_transport.py;cpf-tools/scripts/verify-cpf-execution-scope-exhaustive.py;cpf-admin/frontend/openapi/cpf-openapi.json;cpf-tools/scripts/tests/test_publication_starter_closure.py;cpf-tools/scripts/verify-local-artifact-propagation.ps1;cpf-tools/scripts/invoke-official-db-vendor-sql.ps1;cpf-tools/scripts/verify-cpf-publication-starter-closure.py → N/A — no direct consumer is defined by this atomic contract; verification is performed through the owning Work Item gate. → GATE-01-OWNERSHIP;GATE-02-CONSUMER;GATE-05-DB-QUERY;GATE-09-SECURITY;GATE-10-CRYPTO-PRIVACY;GATE-12-OBSERVABILITY;GATE-17-SUPPLY-CHAIN;GATE-18-TEST-EVIDENCE;GATE-20-HYGIENE",Per-Work-Item source inventory plus all applicable Engineering Gate commands,"Gate가 local, CI, publication/release에서 동일 기준으로 동작하게 한다. || 도구 실패·결과 누락·지원하지 않는 stack은 fail-closed 정책을 적용한다. || 예외/waiver는 owner, reason, expiry, scope와 audit를 요구한다.",DIRECT_STATIC_AND_ACCEPTANCE_ALTERNATIVE,java -cp <classes> Qa39Tool bff-security .; pytest -q cpf-tools/scripts/tests/test_oracle_sqlplus_secret_transport.py || python cpf-tools/scripts/verify-cpf-runtime-alternatives.py --root . --report <evidence> || python <overlay hygiene validator>,0,Acceptance-specific source/consumer review; relevant gates=GATE-09-SECURITY;GATE-10-CRYPTO-PRIVACY;GATE-20-HYGIENE; states=미검증;미검증;완료. Authoritative environment evidence remains unavailable for at least one relevant gate.,evidence/ATOMIC_WORK_ITEM_EVIDENCE.jsonl#CPF-WP-RULE-SEC-03-INTEGRATION_ENFORCEMENT,Acceptance-specific source/consumer review; relevant gates=GATE-09-SECURITY;GATE-10-CRYPTO-PRIVACY;GATE-20-HYGIENE; states=미검증;미검증;완료. Authoritative environment evidence remains unavailable for at least one relevant gate.,완료,미검증,미검수,false
CPF-V9-INITIAL-FULL-REVIEW-20260805-2020-REV-007-DEVGPT-V9-S06,CPF-WP-TEST-FAULT-01-GATE_ENGINE,WORK_PACKAGE,TEST-FAULT,P0,QUALITY_GATE,GATE_ENGINE,품질 Gate Engine,repository-wide test ownership,repository-wide test ownership,,DEVGPT-V9-S06,,Architecture/Security/Quality 규칙을 재현 가능한 CLI/Gradle/CI Gate로 구현한다. || 경로·설정·Generated/Published Artifact를 실제 분석하고 단순 문자열 Marker에 의존하지 않는다. || False PASS/False FAIL을 회귀 Test로 통제한다.,규칙별 stable ID와 machine-readable result schema를 제공한다.,valid repository;rule violation;tool failure;unsupported input,GATE-01-OWNERSHIP;GATE-02-CONSUMER;GATE-04-EVENT-API;GATE-05-DB-QUERY;GATE-06-STATE-IDEMP;GATE-08-UNKNOWN-RECOVERY;GATE-18-TEST-EVIDENCE;GATE-20-HYGIENE;GATE-21-TIME,STD-ASYNCAPI;STD-CLOUDEVENTS;STD-NIST-SSDF,cpf-tools/scripts/verify-cpf-qa34-build-contract.py;cpf-tools/scripts/invoke-official-db-vendor-sql.ps1;cpf-tools/scripts/run-cpf-full-qa-validation.ps1;cpf-tools/scripts/tests/test_qa39_build_contract_split_bom.py;cpf-tools/scripts/verify-cpf-publication-starter-closure.py;cpf-tools/scripts/tests/test_oracle_sqlplus_secret_transport.py;cpf-tools/scripts/tests/test_publication_starter_closure.py;cpf-tools/scripts/tests/test_seed_bundle_runtime_contract.py,cpf-tools/scripts/verify-cpf-qa34-build-contract.py,N/A — static governance/verification contract; no runtime product consumer is required for this atomic assertion.,Architecture/Security/Quality 규칙을 재현 가능한 CLI/Gradle/CI Gate로 구현한다. || 경로·설정·Generated/Published Artifact를 실제 분석하고 단순 문자열 Marker에 의존하지 않는다. || False PASS/False FAIL을 회귀 Test로 통제한다. → cpf-tools/scripts/verify-cpf-qa34-build-contract.py;cpf-tools/scripts/invoke-official-db-vendor-sql.ps1;cpf-tools/scripts/run-cpf-full-qa-validation.ps1;cpf-tools/scripts/tests/test_qa39_build_contract_split_bom.py;cpf-tools/scripts/verify-cpf-publication-starter-closure.py;cpf-tools/scripts/tests/test_oracle_sqlplus_secret_transport.py;cpf-tools/scripts/tests/test_publication_starter_closure.py;cpf-tools/scripts/tests/test_seed_bundle_runtime_contract.py → N/A — static governance/verification contract; no runtime product consumer is required for this atomic assertion. → GATE-01-OWNERSHIP;GATE-02-CONSUMER;GATE-04-EVENT-API;GATE-05-DB-QUERY;GATE-06-STATE-IDEMP;GATE-08-UNKNOWN-RECOVERY;GATE-18-TEST-EVIDENCE;GATE-20-HYGIENE;GATE-21-TIME,Per-Work-Item source inventory plus all applicable Engineering Gate commands,Architecture/Security/Quality 규칙을 재현 가능한 CLI/Gradle/CI Gate로 구현한다. || 경로·설정·Generated/Published Artifact를 실제 분석하고 단순 문자열 Marker에 의존하지 않는다. || False PASS/False FAIL을 회귀 Test로 통제한다.,DIRECT_STATIC_AND_ACCEPTANCE_ALTERNATIVE,python cpf-tools/scripts/verify-cpf-runtime-alternatives.py --root . --report <evidence> || pytest -q <21 S06 verifier files>; ./gradlew test,0,Acceptance-specific source/consumer review; relevant gates=GATE-08-UNKNOWN-RECOVERY;GATE-18-TEST-EVIDENCE; states=완료;미검증. Authoritative environment evidence remains unavailable for at least one relevant gate.,evidence/ATOMIC_WORK_ITEM_EVIDENCE.jsonl#CPF-WP-TEST-FAULT-01-GATE_ENGINE,Acceptance-specific source/consumer review; relevant gates=GATE-08-UNKNOWN-RECOVERY;GATE-18-TEST-EVIDENCE; states=완료;미검증. Authoritative environment evidence remains unavailable for at least one relevant gate.,완료,미검증,미검수,false
CPF-V9-INITIAL-FULL-REVIEW-20260805-2020-REV-007-DEVGPT-V9-S06,CPF-WP-TEST-FAULT-02-NEGATIVE_FIXTURES,WORK_PACKAGE,TEST-FAULT,P0,QUALITY_GATE,NEGATIVE_FIXTURES,의도적 위반 Fixture,repository-wide test ownership,repository-wide test ownership,,DEVGPT-V9-S06,CPF-WP-TEST-FAULT-01-GATE_ENGINE,각 Gate가 잡아야 할 실제 위반을 최소 1개 이상 Fixture로 만들고 실패를 확인한다. || Fixture가 제품 Source에 유입되거나 기본 Build를 오염시키지 않게 격리한다. || 위반 수정 후 PASS 전환도 검증한다.,작은 fixture repository/module과 expected finding ID를 사용한다.,expected fail;unexpected pass;fixed pass,GATE-01-OWNERSHIP;GATE-02-CONSUMER;GATE-04-EVENT-API;GATE-05-DB-QUERY;GATE-06-STATE-IDEMP;GATE-08-UNKNOWN-RECOVERY;GATE-18-TEST-EVIDENCE;GATE-20-HYGIENE;GATE-21-TIME,STD-ASYNCAPI;STD-CLOUDEVENTS;STD-NIST-SSDF,cpf-tools/config/cpf-starter-catalog.json;cpf-tools/scripts/verify-cpf-generator-upgrade-ownership.py;cpf-tools/scripts/verify-cpf-publication-starter-closure.py;cpf-tools/scripts/verify-cpf-starter-catalog-truth.py;cpf-tools/scripts/invoke-official-db-vendor-sql.ps1;cpf-tools/scripts/tests/test_publication_starter_closure.py;cpf-tools/scripts/verify-cpf-owner-boundaries.py;cpf-tools/scripts/tests/test_oracle_sqlplus_secret_transport.py,cpf-tools/config/cpf-starter-catalog.json,N/A — no direct consumer is defined by this atomic contract; verification is performed through the owning Work Item gate.,각 Gate가 잡아야 할 실제 위반을 최소 1개 이상 Fixture로 만들고 실패를 확인한다. || Fixture가 제품 Source에 유입되거나 기본 Build를 오염시키지 않게 격리한다. || 위반 수정 후 PASS 전환도 검증한다. → cpf-tools/config/cpf-starter-catalog.json;cpf-tools/scripts/verify-cpf-generator-upgrade-ownership.py;cpf-tools/scripts/verify-cpf-publication-starter-closure.py;cpf-tools/scripts/verify-cpf-starter-catalog-truth.py;cpf-tools/scripts/invoke-official-db-vendor-sql.ps1;cpf-tools/scripts/tests/test_publication_starter_closure.py;cpf-tools/scripts/verify-cpf-owner-boundaries.py;cpf-tools/scripts/tests/test_oracle_sqlplus_secret_transport.py → N/A — no direct consumer is defined by this atomic contract; verification is performed through the owning Work Item gate. → GATE-01-OWNERSHIP;GATE-02-CONSUMER;GATE-04-EVENT-API;GATE-05-DB-QUERY;GATE-06-STATE-IDEMP;GATE-08-UNKNOWN-RECOVERY;GATE-18-TEST-EVIDENCE;GATE-20-HYGIENE;GATE-21-TIME,Per-Work-Item source inventory plus all applicable Engineering Gate commands,각 Gate가 잡아야 할 실제 위반을 최소 1개 이상 Fixture로 만들고 실패를 확인한다. || Fixture가 제품 Source에 유입되거나 기본 Build를 오염시키지 않게 격리한다. || 위반 수정 후 PASS 전환도 검증한다.,DIRECT_STATIC_AND_ACCEPTANCE_ALTERNATIVE,python cpf-tools/scripts/verify-cpf-runtime-alternatives.py --root . --report <evidence> || pytest -q <21 S06 verifier files>; ./gradlew test,0,Acceptance-specific source/consumer review; relevant gates=GATE-08-UNKNOWN-RECOVERY;GATE-18-TEST-EVIDENCE; states=완료;미검증. Authoritative environment evidence remains unavailable for at least one relevant gate.,evidence/ATOMIC_WORK_ITEM_EVIDENCE.jsonl#CPF-WP-TEST-FAULT-02-NEGATIVE_FIXTURES,Acceptance-specific source/consumer review; relevant gates=GATE-08-UNKNOWN-RECOVERY;GATE-18-TEST-EVIDENCE; states=완료;미검증. Authoritative environment evidence remains unavailable for at least one relevant gate.,완료,미검증,미검수,false
CPF-V9-INITIAL-FULL-REVIEW-20260805-2020-REV-007-DEVGPT-V9-S06,CPF-WP-TEST-FAULT-03-INTEGRATION_ENFORCEMENT,WORK_PACKAGE,TEST-FAULT,P0,QUALITY_GATE,INTEGRATION_ENFORCEMENT,CI·Publication·Release 차단 연계,repository-wide test ownership,repository-wide test ownership,,DEVGPT-V9-S06,CPF-WP-TEST-FAULT-01-GATE_ENGINE,"Gate가 local, CI, publication/release에서 동일 기준으로 동작하게 한다. || 도구 실패·결과 누락·지원하지 않는 stack은 fail-closed 정책을 적용한다. || 예외/waiver는 owner, reason, expiry, scope와 audit를 요구한다.",fast local profile과 authoritative release profile을 분리한다.,CI failure;tool unavailable;expired waiver;release block,GATE-01-OWNERSHIP;GATE-02-CONSUMER;GATE-04-EVENT-API;GATE-05-DB-QUERY;GATE-06-STATE-IDEMP;GATE-08-UNKNOWN-RECOVERY;GATE-18-TEST-EVIDENCE;GATE-20-HYGIENE;GATE-21-TIME,STD-ASYNCAPI;STD-CLOUDEVENTS;STD-NIST-SSDF,cpf-tools/scripts/verify-cpf-openapi-controller-coverage.py;cpf-tools/scripts/invoke-official-db-vendor-sql.ps1;cpf-tools/scripts/tests/test_publication_starter_closure.py;cpf-tools/scripts/verify-cpf-publication-starter-closure.py;cpf-tools/scripts/Qa39Tool.java;cpf-tools/scripts/devgpt-control-v9/build_full_assignment.py;cpf-tools/scripts/tests/test_oracle_sqlplus_secret_transport.py;cpf-tools/scripts/verify-cpf-generator-upgrade-ownership.py,cpf-tools/scripts/verify-cpf-openapi-controller-coverage.py,N/A — no direct consumer is defined by this atomic contract; verification is performed through the owning Work Item gate.,"Gate가 local, CI, publication/release에서 동일 기준으로 동작하게 한다. || 도구 실패·결과 누락·지원하지 않는 stack은 fail-closed 정책을 적용한다. || 예외/waiver는 owner, reason, expiry, scope와 audit를 요구한다. → cpf-tools/scripts/verify-cpf-openapi-controller-coverage.py;cpf-tools/scripts/invoke-official-db-vendor-sql.ps1;cpf-tools/scripts/tests/test_publication_starter_closure.py;cpf-tools/scripts/verify-cpf-publication-starter-closure.py;cpf-tools/scripts/Qa39Tool.java;cpf-tools/scripts/devgpt-control-v9/build_full_assignment.py;cpf-tools/scripts/tests/test_oracle_sqlplus_secret_transport.py;cpf-tools/scripts/verify-cpf-generator-upgrade-ownership.py → N/A — no direct consumer is defined by this atomic contract; verification is performed through the owning Work Item gate. → GATE-01-OWNERSHIP;GATE-02-CONSUMER;GATE-04-EVENT-API;GATE-05-DB-QUERY;GATE-06-STATE-IDEMP;GATE-08-UNKNOWN-RECOVERY;GATE-18-TEST-EVIDENCE;GATE-20-HYGIENE;GATE-21-TIME",Per-Work-Item source inventory plus all applicable Engineering Gate commands,"Gate가 local, CI, publication/release에서 동일 기준으로 동작하게 한다. || 도구 실패·결과 누락·지원하지 않는 stack은 fail-closed 정책을 적용한다. || 예외/waiver는 owner, reason, expiry, scope와 audit를 요구한다.",DIRECT_STATIC_AND_ACCEPTANCE_ALTERNATIVE,python cpf-tools/scripts/verify-cpf-runtime-alternatives.py --root . --report <evidence> || pytest -q <21 S06 verifier files>; ./gradlew test,0,Acceptance-specific source/consumer review; relevant gates=GATE-08-UNKNOWN-RECOVERY;GATE-18-TEST-EVIDENCE; states=완료;미검증. Authoritative environment evidence remains unavailable for at least one relevant gate.,evidence/ATOMIC_WORK_ITEM_EVIDENCE.jsonl#CPF-WP-TEST-FAULT-03-INTEGRATION_ENFORCEMENT,Acceptance-specific source/consumer review; relevant gates=GATE-08-UNKNOWN-RECOVERY;GATE-18-TEST-EVIDENCE; states=완료;미검증. Authoritative environment evidence remains unavailable for at least one relevant gate.,완료,미검증,미검수,false
CPF-V9-INITIAL-FULL-REVIEW-20260805-2020-REV-007-DEVGPT-V9-S06,GAP-CRYPTO-AGILITY,REQUIREMENT_GAP,,P0,REQUIREMENT_GAP,PROMOTE_NEW_CANONICAL,Crypto Agility·PQC Readiness,cpf-core crypto SPI + security/release gates,cpf-core crypto SPI + security,release gates,DEVGPT-V9-S06,,개발GPT 수행 또는 자체검수가 완료되지 않아 현재 개발 요청에 포함,,,,,cpf-core crypto SPI + security / release gates,cpf-core crypto SPI + security / release gates,N/A — baseline/gap entity is judged by the named product owner and linked gate evidence.,GAP-CRYPTO-AGILITY acceptance → owner cpf-core crypto SPI + security → linked evidence → integration/runtime decision,Acceptance-by-acceptance baseline/gap review against exact-SHA source and named evidence,"[GAP-CRYPTO-AGILITY] Crypto Agility·PQC Readiness: actual_source·actual_consumer·full_call_path가 해당 Acceptance와 일치하고, 명령 `python cpf-tools/scripts/build-cpf-work-package-source-review.py --repo-root .`의 Exit Code·실제 결과가 development_status=미완료, verification_status=미검증 판정을 뒷받침해야 한다. 실패·미검증 또는 이관/환경 Gap(Crypto agility/PQC target contract lacks target KMS/HSM/PQC runtime evidence.)이 남으면 완료로 승격하지 않는다.",DIRECT_AND_ALTERNATIVE_REVIEW,python cpf-tools/scripts/build-cpf-work-package-source-review.py --repo-root .,0,Crypto agility/PQC target contract lacks target KMS/HSM/PQC runtime evidence.,evidence/ATOMIC_WORK_ITEM_EVIDENCE.jsonl#GAP-CRYPTO-AGILITY,Crypto agility/PQC target contract lacks target KMS/HSM/PQC runtime evidence.,미완료,미검증,미검수,false
CPF-V9-INITIAL-FULL-REVIEW-20260805-2020-REV-007-DEVGPT-V9-S06,GAP-DATA-ENCRYPTION,REQUIREMENT_GAP,,P0,REQUIREMENT_GAP,PROMOTE_NEW_CANONICAL,Field/File Encryption·Tokenization,data owner + crypto SPI + DB migration,data owner + crypto SPI + DB migration,,DEVGPT-V9-S06,,개발GPT 수행 또는 자체검수가 완료되지 않아 현재 개발 요청에 포함,,,,,data owner + crypto SPI + DB migration / ,data owner + crypto SPI + DB migration / ,N/A — baseline/gap entity is judged by the named product owner and linked gate evidence.,GAP-DATA-ENCRYPTION acceptance → owner data owner + crypto SPI + DB migration → linked evidence → integration/runtime decision,Acceptance-by-acceptance baseline/gap review against exact-SHA source and named evidence,"[GAP-DATA-ENCRYPTION] Field/File Encryption·Tokenization: actual_source·actual_consumer·full_call_path가 해당 Acceptance와 일치하고, 명령 `python cpf-tools/scripts/build-cpf-work-package-source-review.py --repo-root .`의 Exit Code·실제 결과가 development_status=미완료, verification_status=미검증 판정을 뒷받침해야 한다. 실패·미검증 또는 이관/환경 Gap(Field/file encryption and tokenization runtime/migration evidence incomplete.)이 남으면 완료로 승격하지 않는다.",DIRECT_AND_ALTERNATIVE_REVIEW,python cpf-tools/scripts/build-cpf-work-package-source-review.py --repo-root .,0,Field/file encryption and tokenization runtime/migration evidence incomplete.,evidence/ATOMIC_WORK_ITEM_EVIDENCE.jsonl#GAP-DATA-ENCRYPTION,Field/file encryption and tokenization runtime/migration evidence incomplete.,미완료,미검증,미검수,false
CPF-V9-INITIAL-FULL-REVIEW-20260805-2020-REV-007-DEVGPT-V9-S06,GAP-SESSION-BFF,REQUIREMENT_GAP,,P0,REQUIREMENT_GAP,PROMOTE_NEW_CANONICAL,General Session/BFF,cpf-core security API + web/session starter + generated/customer BFF,cpf-core security API + web,session starter + generated/customer BFF,DEVGPT-V9-S06,,개발GPT 수행 또는 자체검수가 완료되지 않아 현재 개발 요청에 포함,,,,,cpf-core security API + web / session starter + generated/customer BFF,cpf-core security API + web / session starter + generated/customer BFF,N/A — baseline/gap entity is judged by the named product owner and linked gate evidence.,GAP-SESSION-BFF acceptance → owner cpf-core security API + web → linked evidence → integration/runtime decision,Acceptance-by-acceptance baseline/gap review against exact-SHA source and named evidence,"[GAP-SESSION-BFF] General Session/BFF: actual_source·actual_consumer·full_call_path가 해당 Acceptance와 일치하고, 명령 `python cpf-tools/scripts/build-cpf-work-package-source-review.py --repo-root .`의 Exit Code·실제 결과가 development_status=미완료, verification_status=실패 판정을 뒷받침해야 한다. 실패·미검증 또는 이관/환경 Gap(Session JDBC/BFF source exists but ADM canonical browser release contract fails.)이 남으면 완료로 승격하지 않는다.",DIRECT_AND_ALTERNATIVE_REVIEW,python cpf-tools/scripts/build-cpf-work-package-source-review.py --repo-root .,1,Session JDBC/BFF source exists but ADM canonical browser release contract fails.,evidence/ATOMIC_WORK_ITEM_EVIDENCE.jsonl#GAP-SESSION-BFF,Session JDBC/BFF source exists but ADM canonical browser release contract fails.,미완료,실패,미검수,false
CPF-V9-INITIAL-FULL-REVIEW-20260805-2020-REV-007-DEVGPT-V9-S06,GAP-VULN-RESPONSE,REQUIREMENT_GAP,,P0,REQUIREMENT_GAP,PROMOTE_NEW_CANONICAL,Vulnerability·KEV Response Lifecycle,cpf-tools security + release/product governance,cpf-tools security + release,product governance,DEVGPT-V9-S06,,개발GPT 수행 또는 자체검수가 완료되지 않아 현재 개발 요청에 포함,,,,,cpf-tools security + release / product governance,cpf-tools security + release / product governance,N/A — baseline/gap entity is judged by the named product owner and linked gate evidence.,GAP-VULN-RESPONSE acceptance → owner cpf-tools security + release → linked evidence → integration/runtime decision,Acceptance-by-acceptance baseline/gap review against exact-SHA source and named evidence,"[GAP-VULN-RESPONSE] Vulnerability·KEV Response Lifecycle: actual_source·actual_consumer·full_call_path가 해당 Acceptance와 일치하고, 명령 `python cpf-tools/scripts/build-cpf-work-package-source-review.py --repo-root .`의 Exit Code·실제 결과가 development_status=완료, verification_status=완료 판정을 뒷받침해야 한다. 실패·미검증 또는 이관/환경 Gap(없음)이 남으면 완료로 승격하지 않는다.",DIRECT_AND_ALTERNATIVE_REVIEW,python cpf-tools/scripts/build-cpf-work-package-source-review.py --repo-root .,0,"KEV severity SLA, waiver approval and expiry rules passed.",evidence/ATOMIC_WORK_ITEM_EVIDENCE.jsonl#GAP-VULN-RESPONSE,,완료,완료,미검수,false
CPF-V9-INITIAL-FULL-REVIEW-20260805-2020-REV-007-DEVGPT-V9-S06,STAB-001,BASELINE_STABILIZATION,,P0,BASELINE_STABILIZATION,STABILIZATION,OpenAPI 삭제 API 타입 불일치,integration owner / baseline stabilization,integration owner,baseline stabilization,DEVGPT-V9-S06,,개발GPT 수행 또는 자체검수가 완료되지 않아 현재 개발 요청에 포함,,,,,integration owner / baseline stabilization,integration owner / baseline stabilization,N/A — baseline/gap entity is judged by the named product owner and linked gate evidence.,STAB-001 acceptance → owner integration owner → linked evidence → integration/runtime decision,Acceptance-by-acceptance baseline/gap review against exact-SHA source and named evidence,"[STAB-001] OpenAPI 삭제 API 타입 불일치: actual_source·actual_consumer·full_call_path가 해당 Acceptance와 일치하고, 명령 `python cpf-tools/scripts/build-cpf-work-package-source-review.py --repo-root .`의 Exit Code·실제 결과가 development_status=미완료, verification_status=실패 판정을 뒷받침해야 한다. 실패·미검증 또는 이관/환경 Gap(Admin route type/ownership remains integration-owned; route collision patch prepared but not applied.)이 남으면 완료로 승격하지 않는다.",DIRECT_AND_ALTERNATIVE_REVIEW,python cpf-tools/scripts/build-cpf-work-package-source-review.py --repo-root .,1,Admin route type/ownership remains integration-owned; route collision patch prepared but not applied.,evidence/ATOMIC_WORK_ITEM_EVIDENCE.jsonl#STAB-001,Admin route type/ownership remains integration-owned; route collision patch prepared but not applied.,미완료,실패,미검수,false
CPF-V9-INITIAL-FULL-REVIEW-20260805-2020-REV-007-DEVGPT-V9-S06,STAB-002,BASELINE_STABILIZATION,,P0,BASELINE_STABILIZATION,STABILIZATION,Notification Rule raw URL 우회,integration owner / baseline stabilization,integration owner,baseline stabilization,DEVGPT-V9-S06,,개발GPT 수행 또는 자체검수가 완료되지 않아 현재 개발 요청에 포함,,,,,integration owner / baseline stabilization,integration owner / baseline stabilization,N/A — baseline/gap entity is judged by the named product owner and linked gate evidence.,STAB-002 acceptance → owner integration owner → linked evidence → integration/runtime decision,Acceptance-by-acceptance baseline/gap review against exact-SHA source and named evidence,"[STAB-002] Notification Rule raw URL 우회: actual_source·actual_consumer·full_call_path가 해당 Acceptance와 일치하고, 명령 `python cpf-tools/scripts/build-cpf-work-package-source-review.py --repo-root .`의 Exit Code·실제 결과가 development_status=미완료, verification_status=실패 판정을 뒷받침해야 한다. 실패·미검증 또는 이관/환경 Gap(Raw notification URL/collision patch prepared; Admin owner implementation and consumer regression pending.)이 남으면 완료로 승격하지 않는다.",DIRECT_AND_ALTERNATIVE_REVIEW,python cpf-tools/scripts/build-cpf-work-package-source-review.py --repo-root .,1,Raw notification URL/collision patch prepared; Admin owner implementation and consumer regression pending.,evidence/ATOMIC_WORK_ITEM_EVIDENCE.jsonl#STAB-002,Raw notification URL/collision patch prepared; Admin owner implementation and consumer regression pending.,미완료,실패,미검수,false
CPF-V9-INITIAL-FULL-REVIEW-20260805-2020-REV-007-DEVGPT-V9-S06,STAB-003,BASELINE_STABILIZATION,,P0,BASELINE_STABILIZATION,STABILIZATION,Generated Source 정본·Drift,integration owner / baseline stabilization,integration owner,baseline stabilization,DEVGPT-V9-S06,,개발GPT 수행 또는 자체검수가 완료되지 않아 현재 개발 요청에 포함,,,,,integration owner / baseline stabilization,integration owner / baseline stabilization,N/A — baseline/gap entity is judged by the named product owner and linked gate evidence.,STAB-003 acceptance → owner integration owner → linked evidence → integration/runtime decision,Acceptance-by-acceptance baseline/gap review against exact-SHA source and named evidence,"[STAB-003] Generated Source 정본·Drift: actual_source·actual_consumer·full_call_path가 해당 Acceptance와 일치하고, 명령 `python cpf-tools/scripts/build-cpf-work-package-source-review.py --repo-root .`의 Exit Code·실제 결과가 development_status=완료, verification_status=완료 판정을 뒷받침해야 한다. 실패·미검증 또는 이관/환경 Gap(없음)이 남으면 완료로 승격하지 않는다.",DIRECT_AND_ALTERNATIVE_REVIEW,python cpf-tools/scripts/build-cpf-work-package-source-review.py --repo-root .,0,Generator/source drift verifier tests passed.,evidence/ATOMIC_WORK_ITEM_EVIDENCE.jsonl#STAB-003,,완료,완료,미검수,false
CPF-V9-INITIAL-FULL-REVIEW-20260805-2020-REV-007-DEVGPT-V9-S06,STAB-004,BASELINE_STABILIZATION,,P0,BASELINE_STABILIZATION,STABILIZATION,SensitiveDataMasker 우회·경계,integration owner / baseline stabilization,integration owner,baseline stabilization,DEVGPT-V9-S06,,개발GPT 수행 또는 자체검수가 완료되지 않아 현재 개발 요청에 포함,,,,,integration owner / baseline stabilization,integration owner / baseline stabilization,N/A — baseline/gap entity is judged by the named product owner and linked gate evidence.,STAB-004 acceptance → owner integration owner → linked evidence → integration/runtime decision,Acceptance-by-acceptance baseline/gap review against exact-SHA source and named evidence,"[STAB-004] SensitiveDataMasker 우회·경계: actual_source·actual_consumer·full_call_path가 해당 Acceptance와 일치하고, 명령 `python cpf-tools/scripts/build-cpf-work-package-source-review.py --repo-root .`의 Exit Code·실제 결과가 development_status=완료, verification_status=완료 판정을 뒷받침해야 한다. 실패·미검증 또는 이관/환경 Gap(없음)이 남으면 완료로 승격하지 않는다.",DIRECT_AND_ALTERNATIVE_REVIEW,python cpf-tools/scripts/build-cpf-work-package-source-review.py --repo-root .,0,Sensitive-data masking corpus and residual-secret assertions passed.,evidence/ATOMIC_WORK_ITEM_EVIDENCE.jsonl#STAB-004,,완료,완료,미검수,false
CPF-V9-INITIAL-FULL-REVIEW-20260805-2020-REV-007-DEVGPT-V9-S06,STAB-005,BASELINE_STABILIZATION,,P0,BASELINE_STABILIZATION,STABILIZATION,File Log Writer 안전성,integration owner / baseline stabilization,integration owner,baseline stabilization,DEVGPT-V9-S06,,개발GPT 수행 또는 자체검수가 완료되지 않아 현재 개발 요청에 포함,,,,,integration owner / baseline stabilization,integration owner / baseline stabilization,N/A — baseline/gap entity is judged by the named product owner and linked gate evidence.,STAB-005 acceptance → owner integration owner → linked evidence → integration/runtime decision,Acceptance-by-acceptance baseline/gap review against exact-SHA source and named evidence,"[STAB-005] File Log Writer 안전성: actual_source·actual_consumer·full_call_path가 해당 Acceptance와 일치하고, 명령 `python cpf-tools/scripts/build-cpf-work-package-source-review.py --repo-root .`의 Exit Code·실제 결과가 development_status=완료, verification_status=미검증 판정을 뒷받침해야 한다. 실패·미검증 또는 이관/환경 Gap(File/log source closure reviewed; process/log runtime fault injection unavailable.)이 남으면 완료로 승격하지 않는다.",DIRECT_AND_ALTERNATIVE_REVIEW,python cpf-tools/scripts/build-cpf-work-package-source-review.py --repo-root .,0,File/log source closure reviewed; process/log runtime fault injection unavailable.,evidence/ATOMIC_WORK_ITEM_EVIDENCE.jsonl#STAB-005,File/log source closure reviewed; process/log runtime fault injection unavailable.,완료,미검증,미검수,false
CPF-V9-INITIAL-FULL-REVIEW-20260805-2020-REV-007-DEVGPT-V9-S06,STAB-006,BASELINE_STABILIZATION,,P0,BASELINE_STABILIZATION,STABILIZATION,Reconciliation Worker 다중 인스턴스,integration owner / baseline stabilization,integration owner,baseline stabilization,DEVGPT-V9-S06,,개발GPT 수행 또는 자체검수가 완료되지 않아 현재 개발 요청에 포함,,,,,integration owner / baseline stabilization,integration owner / baseline stabilization,N/A — baseline/gap entity is judged by the named product owner and linked gate evidence.,STAB-006 acceptance → owner integration owner → linked evidence → integration/runtime decision,Acceptance-by-acceptance baseline/gap review against exact-SHA source and named evidence,"[STAB-006] Reconciliation Worker 다중 인스턴스: actual_source·actual_consumer·full_call_path가 해당 Acceptance와 일치하고, 명령 `python cpf-tools/scripts/build-cpf-work-package-source-review.py --repo-root .`의 Exit Code·실제 결과가 development_status=완료, verification_status=완료 판정을 뒷받침해야 한다. 실패·미검증 또는 이관/환경 Gap(없음)이 남으면 완료로 승격하지 않는다.",DIRECT_AND_ALTERNATIVE_REVIEW,python cpf-tools/scripts/build-cpf-work-package-source-review.py --repo-root .,0,"Duplicate submit, response-loss UNKNOWN and restart reconcile passed in valid alternative runtime.",evidence/ATOMIC_WORK_ITEM_EVIDENCE.jsonl#STAB-006,,완료,완료,미검수,false
CPF-V9-INITIAL-FULL-REVIEW-20260805-2020-REV-007-DEVGPT-V9-S06,STAB-007,BASELINE_STABILIZATION,,P0,BASELINE_STABILIZATION,STABILIZATION,RuntimeApplyGuard 중복 Resilience,integration owner / baseline stabilization,integration owner,baseline stabilization,DEVGPT-V9-S06,,개발GPT 수행 또는 자체검수가 완료되지 않아 현재 개발 요청에 포함,,,,,integration owner / baseline stabilization,integration owner / baseline stabilization,N/A — baseline/gap entity is judged by the named product owner and linked gate evidence.,STAB-007 acceptance → owner integration owner → linked evidence → integration/runtime decision,Acceptance-by-acceptance baseline/gap review against exact-SHA source and named evidence,"[STAB-007] RuntimeApplyGuard 중복 Resilience: actual_source·actual_consumer·full_call_path가 해당 Acceptance와 일치하고, 명령 `python cpf-tools/scripts/build-cpf-work-package-source-review.py --repo-root .`의 Exit Code·실제 결과가 development_status=완료, verification_status=완료 판정을 뒷받침해야 한다. 실패·미검증 또는 이관/환경 Gap(없음)이 남으면 완료로 승격하지 않는다.",DIRECT_AND_ALTERNATIVE_REVIEW,python cpf-tools/scripts/build-cpf-work-package-source-review.py --repo-root .,0,Owner/boundary and duplicate resilience static checks passed.,evidence/ATOMIC_WORK_ITEM_EVIDENCE.jsonl#STAB-007,,완료,완료,미검수,false
CPF-V9-INITIAL-FULL-REVIEW-20260805-2020-REV-007-DEVGPT-V9-S06,STAB-008,BASELINE_STABILIZATION,,P0,BASELINE_STABILIZATION,STABILIZATION,Runtime Rollback·Agent·Reconcile,integration owner / baseline stabilization,integration owner,baseline stabilization,DEVGPT-V9-S06,,개발GPT 수행 또는 자체검수가 완료되지 않아 현재 개발 요청에 포함,,,,,integration owner / baseline stabilization,integration owner / baseline stabilization,N/A — baseline/gap entity is judged by the named product owner and linked gate evidence.,STAB-008 acceptance → owner integration owner → linked evidence → integration/runtime decision,Acceptance-by-acceptance baseline/gap review against exact-SHA source and named evidence,"[STAB-008] Runtime Rollback·Agent·Reconcile: actual_source·actual_consumer·full_call_path가 해당 Acceptance와 일치하고, 명령 `python cpf-tools/scripts/build-cpf-work-package-source-review.py --repo-root .`의 Exit Code·실제 결과가 development_status=완료, verification_status=완료 판정을 뒷받침해야 한다. 실패·미검증 또는 이관/환경 Gap(없음)이 남으면 완료로 승격하지 않는다.",DIRECT_AND_ALTERNATIVE_REVIEW,python cpf-tools/scripts/build-cpf-work-package-source-review.py --repo-root .,0,"Two-process ownership race, process kill, stale-owner recovery and duplicate-effect suppression passed.",evidence/ATOMIC_WORK_ITEM_EVIDENCE.jsonl#STAB-008,,완료,완료,미검수,false
CPF-V9-INITIAL-FULL-REVIEW-20260805-2020-REV-007-DEVGPT-V9-S06,STAB-009,BASELINE_STABILIZATION,,P0,BASELINE_STABILIZATION,STABILIZATION,JMS·IBM MQ·RabbitMQ Provider 계약,integration owner / baseline stabilization,integration owner,baseline stabilization,DEVGPT-V9-S06,,개발GPT 수행 또는 자체검수가 완료되지 않아 현재 개발 요청에 포함,,,,,integration owner / baseline stabilization,integration owner / baseline stabilization,N/A — baseline/gap entity is judged by the named product owner and linked gate evidence.,STAB-009 acceptance → owner integration owner → linked evidence → integration/runtime decision,Acceptance-by-acceptance baseline/gap review against exact-SHA source and named evidence,"[STAB-009] JMS·IBM MQ·RabbitMQ Provider 계약: actual_source·actual_consumer·full_call_path가 해당 Acceptance와 일치하고, 명령 `python cpf-tools/scripts/build-cpf-work-package-source-review.py --repo-root .`의 Exit Code·실제 결과가 development_status=완료, verification_status=완료 판정을 뒷받침해야 한다. 실패·미검증 또는 이관/환경 Gap(없음)이 남으면 완료로 승격하지 않는다.",DIRECT_AND_ALTERNATIVE_REVIEW,python cpf-tools/scripts/build-cpf-work-package-source-review.py --repo-root .,0,Broker ACK/retry/DLQ and provider source contracts passed in valid alternative runtime.,evidence/ATOMIC_WORK_ITEM_EVIDENCE.jsonl#STAB-009,,완료,완료,미검수,false
CPF-V9-INITIAL-FULL-REVIEW-20260805-2020-REV-007-DEVGPT-V9-S06,STAB-010,BASELINE_STABILIZATION,,P0,BASELINE_STABILIZATION,STABILIZATION,TCP 결과불명·부분 I/O,integration owner / baseline stabilization,integration owner,baseline stabilization,DEVGPT-V9-S06,,개발GPT 수행 또는 자체검수가 완료되지 않아 현재 개발 요청에 포함,,,,,integration owner / baseline stabilization,integration owner / baseline stabilization,N/A — baseline/gap entity is judged by the named product owner and linked gate evidence.,STAB-010 acceptance → owner integration owner → linked evidence → integration/runtime decision,Acceptance-by-acceptance baseline/gap review against exact-SHA source and named evidence,"[STAB-010] TCP 결과불명·부분 I/O: actual_source·actual_consumer·full_call_path가 해당 Acceptance와 일치하고, 명령 `python cpf-tools/scripts/build-cpf-work-package-source-review.py --repo-root .`의 Exit Code·실제 결과가 development_status=완료, verification_status=완료 판정을 뒷받침해야 한다. 실패·미검증 또는 이관/환경 Gap(없음)이 남으면 완료로 승격하지 않는다.",DIRECT_AND_ALTERNATIVE_REVIEW,python cpf-tools/scripts/build-cpf-work-package-source-review.py --repo-root .,0,Real socket-pair fragmented I/O and truncated-response UNKNOWN handling passed.,evidence/ATOMIC_WORK_ITEM_EVIDENCE.jsonl#STAB-010,,완료,완료,미검수,false
CPF-V9-INITIAL-FULL-REVIEW-20260805-2020-REV-007-DEVGPT-V9-S06,STAB-011,BASELINE_STABILIZATION,,P0,BASELINE_STABILIZATION,STABILIZATION,Broker Reliability JDBC 부작용·경쟁,integration owner / baseline stabilization,integration owner,baseline stabilization,DEVGPT-V9-S06,,개발GPT 수행 또는 자체검수가 완료되지 않아 현재 개발 요청에 포함,,,,,integration owner / baseline stabilization,integration owner / baseline stabilization,N/A — baseline/gap entity is judged by the named product owner and linked gate evidence.,STAB-011 acceptance → owner integration owner → linked evidence → integration/runtime decision,Acceptance-by-acceptance baseline/gap review against exact-SHA source and named evidence,"[STAB-011] Broker Reliability JDBC 부작용·경쟁: actual_source·actual_consumer·full_call_path가 해당 Acceptance와 일치하고, 명령 `python cpf-tools/scripts/build-cpf-work-package-source-review.py --repo-root .`의 Exit Code·실제 결과가 development_status=완료, verification_status=미검증 판정을 뒷받침해야 한다. 실패·미검증 또는 이관/환경 Gap(JDBC reliability source/SQL reviewed; concurrent side-effect runtime unavailable.)이 남으면 완료로 승격하지 않는다.",DIRECT_AND_ALTERNATIVE_REVIEW,python cpf-tools/scripts/build-cpf-work-package-source-review.py --repo-root .,0,JDBC reliability source/SQL reviewed; concurrent side-effect runtime unavailable.,evidence/ATOMIC_WORK_ITEM_EVIDENCE.jsonl#STAB-011,JDBC reliability source/SQL reviewed; concurrent side-effect runtime unavailable.,완료,미검증,미검수,false
CPF-V9-INITIAL-FULL-REVIEW-20260805-2020-REV-007-DEVGPT-V9-S06,STAB-012,BASELINE_STABILIZATION,,P0,BASELINE_STABILIZATION,STABILIZATION,Vendor Seed 단일 정본,integration owner / baseline stabilization,integration owner,baseline stabilization,DEVGPT-V9-S06,,개발GPT 수행 또는 자체검수가 완료되지 않아 현재 개발 요청에 포함,,,,,integration owner / baseline stabilization,integration owner / baseline stabilization,N/A — baseline/gap entity is judged by the named product owner and linked gate evidence.,STAB-012 acceptance → owner integration owner → linked evidence → integration/runtime decision,Acceptance-by-acceptance baseline/gap review against exact-SHA source and named evidence,"[STAB-012] Vendor Seed 단일 정본: actual_source·actual_consumer·full_call_path가 해당 Acceptance와 일치하고, 명령 `python cpf-tools/scripts/build-cpf-work-package-source-review.py --repo-root .`의 Exit Code·실제 결과가 development_status=완료, verification_status=완료 판정을 뒷받침해야 한다. 실패·미검증 또는 이관/환경 Gap(없음)이 남으면 완료로 승격하지 않는다.",DIRECT_AND_ALTERNATIVE_REVIEW,python cpf-tools/scripts/build-cpf-work-package-source-review.py --repo-root .,0,Oracle/PostgreSQL source seed bundles restored from canonical seed and regression tests passed.,evidence/ATOMIC_WORK_ITEM_EVIDENCE.jsonl#STAB-012,,완료,완료,미검수,false
CPF-V9-INITIAL-FULL-REVIEW-20260805-2020-REV-007-DEVGPT-V9-S06,STAB-013,BASELINE_STABILIZATION,,P0,BASELINE_STABILIZATION,STABILIZATION,Oracle SQLPlus Secret Transport,integration owner / baseline stabilization,integration owner,baseline stabilization,DEVGPT-V9-S06,,개발GPT 수행 또는 자체검수가 완료되지 않아 현재 개발 요청에 포함,,,,,integration owner / baseline stabilization,integration owner / baseline stabilization,N/A — baseline/gap entity is judged by the named product owner and linked gate evidence.,STAB-013 acceptance → owner integration owner → linked evidence → integration/runtime decision,Acceptance-by-acceptance baseline/gap review against exact-SHA source and named evidence,"[STAB-013] Oracle SQLPlus Secret Transport: actual_source·actual_consumer·full_call_path가 해당 Acceptance와 일치하고, 명령 `python cpf-tools/scripts/build-cpf-work-package-source-review.py --repo-root .`의 Exit Code·실제 결과가 development_status=완료, verification_status=완료 판정을 뒷받침해야 한다. 실패·미검증 또는 이관/환경 Gap(없음)이 남으면 완료로 승격하지 않는다.",DIRECT_AND_ALTERNATIVE_REVIEW,python cpf-tools/scripts/build-cpf-work-package-source-review.py --repo-root .,0,Oracle SQLPlus secret transport negative/positive tests passed.,evidence/ATOMIC_WORK_ITEM_EVIDENCE.jsonl#STAB-013,,완료,완료,미검수,false
CPF-V9-INITIAL-FULL-REVIEW-20260805-2020-REV-007-DEVGPT-V9-S06,STAB-014,BASELINE_STABILIZATION,,P0,BASELINE_STABILIZATION,STABILIZATION,QA Ledger Validator False PASS,integration owner / baseline stabilization,integration owner,baseline stabilization,DEVGPT-V9-S06,,개발GPT 수행 또는 자체검수가 완료되지 않아 현재 개발 요청에 포함,,,,,integration owner / baseline stabilization,integration owner / baseline stabilization,N/A — baseline/gap entity is judged by the named product owner and linked gate evidence.,STAB-014 acceptance → owner integration owner → linked evidence → integration/runtime decision,Acceptance-by-acceptance baseline/gap review against exact-SHA source and named evidence,"[STAB-014] QA Ledger Validator False PASS: actual_source·actual_consumer·full_call_path가 해당 Acceptance와 일치하고, 명령 `python cpf-tools/scripts/build-cpf-work-package-source-review.py --repo-root .`의 Exit Code·실제 결과가 development_status=완료, verification_status=완료 판정을 뒷받침해야 한다. 실패·미검증 또는 이관/환경 Gap(없음)이 남으면 완료로 승격하지 않는다.",DIRECT_AND_ALTERNATIVE_REVIEW,python cpf-tools/scripts/build-cpf-work-package-source-review.py --repo-root .,0,QA ledger validator false-pass cases are covered by negative tests.,evidence/ATOMIC_WORK_ITEM_EVIDENCE.jsonl#STAB-014,,완료,완료,미검수,false
CPF-V9-INITIAL-FULL-REVIEW-20260805-2020-REV-007-DEVGPT-V9-S06,STAB-015,BASELINE_STABILIZATION,,P0,BASELINE_STABILIZATION,STABILIZATION,Canonical 169/162 Count 불일치,integration owner / baseline stabilization,integration owner,baseline stabilization,DEVGPT-V9-S06,,개발GPT 수행 또는 자체검수가 완료되지 않아 현재 개발 요청에 포함,,,,,integration owner / baseline stabilization,integration owner / baseline stabilization,N/A — baseline/gap entity is judged by the named product owner and linked gate evidence.,STAB-015 acceptance → owner integration owner → linked evidence → integration/runtime decision,Acceptance-by-acceptance baseline/gap review against exact-SHA source and named evidence,"[STAB-015] Canonical 169/162 Count 불일치: actual_source·actual_consumer·full_call_path가 해당 Acceptance와 일치하고, 명령 `python cpf-tools/scripts/build-cpf-work-package-source-review.py --repo-root .`의 Exit Code·실제 결과가 development_status=완료, verification_status=완료 판정을 뒷받침해야 한다. 실패·미검증 또는 이관/환경 Gap(없음)이 남으면 완료로 승격하지 않는다.",DIRECT_AND_ALTERNATIVE_REVIEW,python cpf-tools/scripts/build-cpf-work-package-source-review.py --repo-root .,0,FULL_ASSIGNMENT resolves 169 Canonical and all zero conditions.,evidence/ATOMIC_WORK_ITEM_EVIDENCE.jsonl#STAB-015,,완료,완료,미검수,false
CPF-V9-INITIAL-FULL-REVIEW-20260805-2020-REV-007-DEVGPT-V9-S06,STAB-016,BASELINE_STABILIZATION,,P0,BASELINE_STABILIZATION,STABILIZATION,Java 25 실제 Toolchain·보안 Patch,integration owner / baseline stabilization,integration owner,baseline stabilization,DEVGPT-V9-S06,,개발GPT 수행 또는 자체검수가 완료되지 않아 현재 개발 요청에 포함,,,,,integration owner / baseline stabilization,integration owner / baseline stabilization,N/A — baseline/gap entity is judged by the named product owner and linked gate evidence.,STAB-016 acceptance → owner integration owner → linked evidence → integration/runtime decision,Acceptance-by-acceptance baseline/gap review against exact-SHA source and named evidence,"[STAB-016] Java 25 실제 Toolchain·보안 Patch: actual_source·actual_consumer·full_call_path가 해당 Acceptance와 일치하고, 명령 `python cpf-tools/scripts/build-cpf-work-package-source-review.py --repo-root .`의 Exit Code·실제 결과가 development_status=완료, verification_status=미검증 판정을 뒷받침해야 한다. 실패·미검증 또는 이관/환경 Gap(Java 25 declared; sandbox only has Java 21 and JDK download DNS fails.)이 남으면 완료로 승격하지 않는다.",DIRECT_AND_ALTERNATIVE_REVIEW,python cpf-tools/scripts/build-cpf-work-package-source-review.py --repo-root .,0,Java 25 declared; sandbox only has Java 21 and JDK download DNS fails.,evidence/ATOMIC_WORK_ITEM_EVIDENCE.jsonl#STAB-016,Java 25 declared; sandbox only has Java 21 and JDK download DNS fails.,완료,미검증,미검수,false
CPF-V9-INITIAL-FULL-REVIEW-20260805-2020-REV-007-DEVGPT-V9-S06,STAB-018,BASELINE_STABILIZATION,,P0,BASELINE_STABILIZATION,STABILIZATION,Spring Boot 4.1·Cloud 2025.1.2 Matrix,integration owner / baseline stabilization,integration owner,baseline stabilization,DEVGPT-V9-S06,,개발GPT 수행 또는 자체검수가 완료되지 않아 현재 개발 요청에 포함,,,,,integration owner / baseline stabilization,integration owner / baseline stabilization,N/A — baseline/gap entity is judged by the named product owner and linked gate evidence.,STAB-018 acceptance → owner integration owner → linked evidence → integration/runtime decision,Acceptance-by-acceptance baseline/gap review against exact-SHA source and named evidence,"[STAB-018] Spring Boot 4.1·Cloud 2025.1.2 Matrix: actual_source·actual_consumer·full_call_path가 해당 Acceptance와 일치하고, 명령 `python cpf-tools/scripts/build-cpf-work-package-source-review.py --repo-root .`의 Exit Code·실제 결과가 development_status=완료, verification_status=미검증 판정을 뒷받침해야 한다. 실패·미검증 또는 이관/환경 Gap(Spring Boot/Cloud matrix static contract passes; Java 25 build unavailable.)이 남으면 완료로 승격하지 않는다.",DIRECT_AND_ALTERNATIVE_REVIEW,python cpf-tools/scripts/build-cpf-work-package-source-review.py --repo-root .,0,Spring Boot/Cloud matrix static contract passes; Java 25 build unavailable.,evidence/ATOMIC_WORK_ITEM_EVIDENCE.jsonl#STAB-018,Spring Boot/Cloud matrix static contract passes; Java 25 build unavailable.,완료,미검증,미검수,false
CPF-V9-INITIAL-FULL-REVIEW-20260805-2020-REV-007-DEVGPT-V9-S06,STAB-021,BASELINE_STABILIZATION,,P0,BASELINE_STABILIZATION,STABILIZATION,SLSA 1.2·CycloneDX 1.7 Baseline,integration owner / baseline stabilization,integration owner,baseline stabilization,DEVGPT-V9-S06,,개발GPT 수행 또는 자체검수가 완료되지 않아 현재 개발 요청에 포함,,,,,integration owner / baseline stabilization,integration owner / baseline stabilization,N/A — baseline/gap entity is judged by the named product owner and linked gate evidence.,STAB-021 acceptance → owner integration owner → linked evidence → integration/runtime decision,Acceptance-by-acceptance baseline/gap review against exact-SHA source and named evidence,"[STAB-021] SLSA 1.2·CycloneDX 1.7 Baseline: actual_source·actual_consumer·full_call_path가 해당 Acceptance와 일치하고, 명령 `python cpf-tools/scripts/build-cpf-work-package-source-review.py --repo-root .`의 Exit Code·실제 결과가 development_status=완료, verification_status=미검증 판정을 뒷받침해야 한다. 실패·미검증 또는 이관/환경 Gap(SLSA/CycloneDX static policy passes; release provenance artifact unavailable.)이 남으면 완료로 승격하지 않는다.",DIRECT_AND_ALTERNATIVE_REVIEW,python cpf-tools/scripts/build-cpf-work-package-source-review.py --repo-root .,0,SLSA/CycloneDX static policy passes; release provenance artifact unavailable.,evidence/ATOMIC_WORK_ITEM_EVIDENCE.jsonl#STAB-021,SLSA/CycloneDX static policy passes; release provenance artifact unavailable.,완료,미검증,미검수,false
CPF-V9-INITIAL-FULL-REVIEW-20260805-2020-REV-007-DEVGPT-V9-S06,STAB-023,BASELINE_STABILIZATION,,P0,BASELINE_STABILIZATION,STABILIZATION,CI·Commit Status·Authoritative Gate 공백,integration owner / baseline stabilization,integration owner,baseline stabilization,DEVGPT-V9-S06,,개발GPT 수행 또는 자체검수가 완료되지 않아 현재 개발 요청에 포함,,,,,integration owner / baseline stabilization,integration owner / baseline stabilization,N/A — baseline/gap entity is judged by the named product owner and linked gate evidence.,STAB-023 acceptance → owner integration owner → linked evidence → integration/runtime decision,Acceptance-by-acceptance baseline/gap review against exact-SHA source and named evidence,"[STAB-023] CI·Commit Status·Authoritative Gate 공백: actual_source·actual_consumer·full_call_path가 해당 Acceptance와 일치하고, 명령 `python cpf-tools/scripts/build-cpf-work-package-source-review.py --repo-root .`의 Exit Code·실제 결과가 development_status=완료, verification_status=미검증 판정을 뒷받침해야 한다. 실패·미검증 또는 이관/환경 Gap(Authoritative gate scripts exist; CI/commit-status execution unavailable without Git write/CI.)이 남으면 완료로 승격하지 않는다.",DIRECT_AND_ALTERNATIVE_REVIEW,python cpf-tools/scripts/build-cpf-work-package-source-review.py --repo-root .,0,Authoritative gate scripts exist; CI/commit-status execution unavailable without Git write/CI.,evidence/ATOMIC_WORK_ITEM_EVIDENCE.jsonl#STAB-023,Authoritative gate scripts exist; CI/commit-status execution unavailable without Git write/CI.,완료,미검증,미검수,false
CPF-V9-INITIAL-FULL-REVIEW-20260805-2020-REV-007-DEVGPT-V9-S06,STAB-024,BASELINE_STABILIZATION,,P0,BASELINE_STABILIZATION,STABILIZATION,Requirement/Scenario 전체 Owner·Coverage,integration owner / baseline stabilization,integration owner,baseline stabilization,DEVGPT-V9-S06,,개발GPT 수행 또는 자체검수가 완료되지 않아 현재 개발 요청에 포함,,,,,integration owner / baseline stabilization,integration owner / baseline stabilization,N/A — baseline/gap entity is judged by the named product owner and linked gate evidence.,STAB-024 acceptance → owner integration owner → linked evidence → integration/runtime decision,Acceptance-by-acceptance baseline/gap review against exact-SHA source and named evidence,"[STAB-024] Requirement/Scenario 전체 Owner·Coverage: actual_source·actual_consumer·full_call_path가 해당 Acceptance와 일치하고, 명령 `python cpf-tools/scripts/build-cpf-work-package-source-review.py --repo-root .`의 Exit Code·실제 결과가 development_status=완료, verification_status=완료 판정을 뒷받침해야 한다. 실패·미검증 또는 이관/환경 Gap(없음)이 남으면 완료로 승격하지 않는다.",DIRECT_AND_ALTERNATIVE_REVIEW,python cpf-tools/scripts/build-cpf-work-package-source-review.py --repo-root .,0,"30,558 CPF-FR and 40,763 CPF-SC have exactly one primary assignment and owner.",evidence/ATOMIC_WORK_ITEM_EVIDENCE.jsonl#STAB-024,,완료,완료,미검수,false
CPF-V9-INITIAL-FULL-REVIEW-20260805-2020-REV-007-DEVGPT-V9-S06,STAB-025,BASELINE_STABILIZATION,,P0,BASELINE_STABILIZATION,STABILIZATION,Source·Generated·SQL·API Drift Gate,integration owner / baseline stabilization,integration owner,baseline stabilization,DEVGPT-V9-S06,,개발GPT 수행 또는 자체검수가 완료되지 않아 현재 개발 요청에 포함,,,,,integration owner / baseline stabilization,integration owner / baseline stabilization,N/A — baseline/gap entity is judged by the named product owner and linked gate evidence.,STAB-025 acceptance → owner integration owner → linked evidence → integration/runtime decision,Acceptance-by-acceptance baseline/gap review against exact-SHA source and named evidence,"[STAB-025] Source·Generated·SQL·API Drift Gate: actual_source·actual_consumer·full_call_path가 해당 Acceptance와 일치하고, 명령 `python cpf-tools/scripts/build-cpf-work-package-source-review.py --repo-root .`의 Exit Code·실제 결과가 development_status=완료, verification_status=완료 판정을 뒷받침해야 한다. 실패·미검증 또는 이관/환경 Gap(없음)이 남으면 완료로 승격하지 않는다.",DIRECT_AND_ALTERNATIVE_REVIEW,python cpf-tools/scripts/build-cpf-work-package-source-review.py --repo-root .,0,Generator/seed/catalog drift tests pass.,evidence/ATOMIC_WORK_ITEM_EVIDENCE.jsonl#STAB-025,,완료,완료,미검수,false
CPF-V9-INITIAL-FULL-REVIEW-20260805-2020-REV-007-DEVGPT-V9-S06,STAB-026,BASELINE_STABILIZATION,,P0,BASELINE_STABILIZATION,STABILIZATION,Secret·PII·Evidence Sanitization,integration owner / baseline stabilization,integration owner,baseline stabilization,DEVGPT-V9-S06,,개발GPT 수행 또는 자체검수가 완료되지 않아 현재 개발 요청에 포함,,,,,integration owner / baseline stabilization,integration owner / baseline stabilization,N/A — baseline/gap entity is judged by the named product owner and linked gate evidence.,STAB-026 acceptance → owner integration owner → linked evidence → integration/runtime decision,Acceptance-by-acceptance baseline/gap review against exact-SHA source and named evidence,"[STAB-026] Secret·PII·Evidence Sanitization: actual_source·actual_consumer·full_call_path가 해당 Acceptance와 일치하고, 명령 `python cpf-tools/scripts/build-cpf-work-package-source-review.py --repo-root .`의 Exit Code·실제 결과가 development_status=완료, verification_status=완료 판정을 뒷받침해야 한다. 실패·미검증 또는 이관/환경 Gap(없음)이 남으면 완료로 승격하지 않는다.",DIRECT_AND_ALTERNATIVE_REVIEW,python cpf-tools/scripts/build-cpf-work-package-source-review.py --repo-root .,0,Authorization/Cookie/password/JWT masking corpus and Support Bundle E2E residual scan passed.,evidence/ATOMIC_WORK_ITEM_EVIDENCE.jsonl#STAB-026,,완료,완료,미검수,false
CPF-V9-INITIAL-FULL-REVIEW-20260805-2020-REV-007-DEVGPT-V9-S06,CPF-WP-API-ASYNC-01-CONTRACT_OWNERSHIP,WORK_PACKAGE,API-ASYNC,P1,PRODUCT_IMPLEMENTATION,CONTRACT_OWNERSHIP,계약·Ownership 확정,cpf-core API contract + endpoint owner,cpf-core API contract + endpoint owner,,DEVGPT-V9-S06,,"Canonical Owner Module·Package·State Owner와 실제 Consumer를 코드 기준으로 확정한다. || Public API·SPI·Internal, 입력·출력·오류·lifecycle·thread-safety·version 계약을 정의한다. || 역방향/순환 의존, Internal 참조, 선택 OSS type 노출, Dual Primary와 owner 없는 공통기능을 제거 또는 이관 대상으로 등록한다. || Local/Remote/Async/Batch 등 적용 topology에서 계약 동등성과 trust boundary를 정의한다.",기존 정식 Package와 Contract를 우선 재사용하고 새 Module은 실제 Owner가 없을 때만 제안한다. || 복잡한 기술 세부는 Internal로 숨기고 고객 확장 지점만 안정 SPI로 노출한다.,contract compatibility;unsupported capability;invalid configuration;internal access negative fixture,GATE-01-OWNERSHIP;GATE-02-CONSUMER;GATE-03-HTTP-API;GATE-04-EVENT-API;GATE-06-STATE-IDEMP;GATE-08-UNKNOWN-RECOVERY;GATE-11-OPS-AUDIT;GATE-18-TEST-EVIDENCE;GATE-20-HYGIENE;GATE-21-TIME,STD-ASYNCAPI;STD-CLOUDEVENTS;STD-NIST-SSDF;STD-OAS;STD-OWASP-API;STD-RFC9457,cpf-admin/frontend/openapi/cpf-openapi.json;cpf-tools/scripts/verify-cpf-openapi-controller-coverage.py;cpf-tools/scripts/build-cpf-requirement-development-traceability.py;cpf-tools/scripts/verify-cpf-generator-upgrade-ownership.py;cpf-tools/scripts/invoke-official-db-vendor-sql.ps1;cpf-admin/src/main/java/com/cpf/admin/opr/controller/AdmOpenApiController.java;cpf-core/src/main/java/com/cpf/core/api/broker/CpfBrokerClient.java;cpf-gateway/src/main/java/com/cpf/gateway/scg/CpfGatewayPinnedHttpClientConfiguration.java,cpf-admin/frontend/openapi/cpf-openapi.json,cpf-admin/src/main/java/com/cpf/admin/opr/controller/AdmOpenApiController.java;cpf-core/src/main/java/com/cpf/core/api/broker/CpfBrokerClient.java;cpf-gateway/src/main/java/com/cpf/gateway/scg/CpfGatewayPinnedHttpClientConfiguration.java;cpf-starters/integration/http-client/src/main/java/com/cpf/starter/integration/http/client/internal/CpfResilientHttpClient.java;cpf-core/src/main/java/com/cpf/core/internal/broker/CpfBrokerClientAdapter.java,"Canonical Owner Module·Package·State Owner와 실제 Consumer를 코드 기준으로 확정한다. || Public API·SPI·Internal, 입력·출력·오류·lifecycle·thread-safety·version 계약을 정의한다. || 역방향/순환 의존, Internal 참조, 선택 OSS type 노출, Dual Primary와 owner 없는 공통기능을 제거 또는 이관 대상으로 등록한다. || Local/Remote/Async/Batch 등 적용 topology에서 계약 동등성과 trust boundary를 정의한다. → cpf-admin/frontend/openapi/cpf-openapi.json;cpf-tools/scripts/verify-cpf-openapi-controller-coverage.py;cpf-tools/scripts/build-cpf-requirement-development-traceability.py;cpf-tools/scripts/verify-cpf-generator-upgrade-ownership.py;cpf-tools/scripts/invoke-official-db-vendor-sql.ps1;cpf-admin/src/main/java/com/cpf/admin/opr/controller/AdmOpenApiController.java;cpf-core/src/main/java/com/cpf/core/api/broker/CpfBrokerClient.java;cpf-gateway/src/main/java/com/cpf/gateway/scg/CpfGatewayPinnedHttpClientConfiguration.java → cpf-admin/src/main/java/com/cpf/admin/opr/controller/AdmOpenApiController.java;cpf-core/src/main/java/com/cpf/core/api/broker/CpfBrokerClient.java;cpf-gateway/src/main/java/com/cpf/gateway/scg/CpfGatewayPinnedHttpClientConfiguration.java;cpf-starters/integration/http-client/src/main/java/com/cpf/starter/integration/http/client/internal/CpfResilientHttpClient.java;cpf-core/src/main/java/com/cpf/core/internal/broker/CpfBrokerClientAdapter.java → GATE-01-OWNERSHIP;GATE-02-CONSUMER;GATE-03-HTTP-API;GATE-04-EVENT-API;GATE-06-STATE-IDEMP;GATE-08-UNKNOWN-RECOVERY;GATE-11-OPS-AUDIT;GATE-18-TEST-EVIDENCE;GATE-20-HYGIENE;GATE-21-TIME",Per-Work-Item source inventory plus all applicable Engineering Gate commands,"Canonical Owner Module·Package·State Owner와 실제 Consumer를 코드 기준으로 확정한다. || Public API·SPI·Internal, 입력·출력·오류·lifecycle·thread-safety·version 계약을 정의한다. || 역방향/순환 의존, Internal 참조, 선택 OSS type 노출, Dual Primary와 owner 없는 공통기능을 제거 또는 이관 대상으로 등록한다. || Local/Remote/Async/Batch 등 적용 topology에서 계약 동등성과 trust boundary를 정의한다.",DIRECT_STATIC_AND_ACCEPTANCE_ALTERNATIVE,python cpf-tools/scripts/verify-cpf-owner-boundaries.py --repo-root . --report-json <evidence>,0,Acceptance-specific source/consumer review; relevant gates=GATE-01-OWNERSHIP; states=완료. Direct or valid alternative evidence passed.,evidence/ATOMIC_WORK_ITEM_EVIDENCE.jsonl#CPF-WP-API-ASYNC-01-CONTRACT_OWNERSHIP,,완료,완료,미검수,false
CPF-V9-INITIAL-FULL-REVIEW-20260805-2020-REV-007-DEVGPT-V9-S06,CPF-WP-API-ASYNC-02-IMPLEMENTATION_CONSUMER,WORK_PACKAGE,API-ASYNC,P1,PRODUCT_IMPLEMENTATION,IMPLEMENTATION_CONSUMER,기본 구현·실제 Consumer 연결,cpf-core API contract + endpoint owner,cpf-core API contract + endpoint owner,,DEVGPT-V9-S06,CPF-WP-API-ASYNC-01-CONTRACT_OWNERSHIP,"Interface/DTO/Marker가 아닌 안전한 기본 구현·Provider·AutoConfiguration·상태 저장을 제공한다. || Bean/Route/SQL/API/Frontend/Script를 실제 Product Consumer 호출 경로에 연결한다. || 설정 safe default, validation, capability detection, lifecycle start/stop와 resource cleanup을 구현한다. || Consumer 없는 추상화나 Sample-only 구현이면 완료하지 않고 실제 Consumer 연결 또는 통합/폐기 후보로 처리한다.",Leaf Starter와 조건부 AutoConfiguration을 사용해 선택하지 않은 Runtime 의존을 유입하지 않는다. || 제품 Consumer와 Reference Consumer를 분리하되 동일 Public Contract를 사용한다.,normal consumer flow;missing provider;invalid property;startup/shutdown;resource cleanup,GATE-01-OWNERSHIP;GATE-02-CONSUMER;GATE-03-HTTP-API;GATE-04-EVENT-API;GATE-06-STATE-IDEMP;GATE-08-UNKNOWN-RECOVERY;GATE-11-OPS-AUDIT;GATE-18-TEST-EVIDENCE;GATE-20-HYGIENE;GATE-21-TIME,STD-ASYNCAPI;STD-CLOUDEVENTS;STD-NIST-SSDF;STD-OAS;STD-OWASP-API;STD-RFC9457,cpf-tools/scripts/tests/test_publication_starter_closure.py;cpf-tools/scripts/verify-cpf-publication-starter-closure.py;cpf-tools/generator/contracts/cpf-starter-catalog.json;cpf-starters/integration/http-client/src/main/java/com/cpf/starter/integration/http/client/internal/CpfResilientHttpClient.java;cpf-starters/messaging/kafka/src/main/java/com/cpf/starter/messaging/kafka/internal/CpfKafkaConsumerControlAdapter.java;cpf-starters/integration/tcp/src/main/java/com/cpf/starter/integration/tcp/internal/CpfResilientTcpClient.java;cpf-tools/scripts/verify-cpf-generator-upgrade-ownership.py;cpf-tools/config/cpf-starter-catalog.json,cpf-tools/scripts/tests/test_publication_starter_closure.py,cpf-starters/integration/http-client/src/main/java/com/cpf/starter/integration/http/client/internal/CpfResilientHttpClient.java;cpf-starters/messaging/kafka/src/main/java/com/cpf/starter/messaging/kafka/internal/CpfKafkaConsumerControlAdapter.java;cpf-starters/integration/tcp/src/main/java/com/cpf/starter/integration/tcp/internal/CpfResilientTcpClient.java,"Interface/DTO/Marker가 아닌 안전한 기본 구현·Provider·AutoConfiguration·상태 저장을 제공한다. || Bean/Route/SQL/API/Frontend/Script를 실제 Product Consumer 호출 경로에 연결한다. || 설정 safe default, validation, capability detection, lifecycle start/stop와 resource cleanup을 구현한다. || Consumer 없는 추상화나 Sample-only 구현이면 완료하지 않고 실제 Consumer 연결 또는 통합/폐기 후보로 처리한다. → cpf-tools/scripts/tests/test_publication_starter_closure.py;cpf-tools/scripts/verify-cpf-publication-starter-closure.py;cpf-tools/generator/contracts/cpf-starter-catalog.json;cpf-starters/integration/http-client/src/main/java/com/cpf/starter/integration/http/client/internal/CpfResilientHttpClient.java;cpf-starters/messaging/kafka/src/main/java/com/cpf/starter/messaging/kafka/internal/CpfKafkaConsumerControlAdapter.java;cpf-starters/integration/tcp/src/main/java/com/cpf/starter/integration/tcp/internal/CpfResilientTcpClient.java;cpf-tools/scripts/verify-cpf-generator-upgrade-ownership.py;cpf-tools/config/cpf-starter-catalog.json → cpf-starters/integration/http-client/src/main/java/com/cpf/starter/integration/http/client/internal/CpfResilientHttpClient.java;cpf-starters/messaging/kafka/src/main/java/com/cpf/starter/messaging/kafka/internal/CpfKafkaConsumerControlAdapter.java;cpf-starters/integration/tcp/src/main/java/com/cpf/starter/integration/tcp/internal/CpfResilientTcpClient.java → GATE-01-OWNERSHIP;GATE-02-CONSUMER;GATE-03-HTTP-API;GATE-04-EVENT-API;GATE-06-STATE-IDEMP;GATE-08-UNKNOWN-RECOVERY;GATE-11-OPS-AUDIT;GATE-18-TEST-EVIDENCE;GATE-20-HYGIENE;GATE-21-TIME",Per-Work-Item source inventory plus all applicable Engineering Gate commands,"Interface/DTO/Marker가 아닌 안전한 기본 구현·Provider·AutoConfiguration·상태 저장을 제공한다. || Bean/Route/SQL/API/Frontend/Script를 실제 Product Consumer 호출 경로에 연결한다. || 설정 safe default, validation, capability detection, lifecycle start/stop와 resource cleanup을 구현한다. || Consumer 없는 추상화나 Sample-only 구현이면 완료하지 않고 실제 Consumer 연결 또는 통합/폐기 후보로 처리한다.",DIRECT_STATIC_AND_ACCEPTANCE_ALTERNATIVE,python cpf-tools/scripts/build-cpf-work-package-source-review.py --repo-root .; python cpf-tools/scripts/verify-cpf-spring-request-mapping-uniqueness.py --repo-root .,0,Acceptance-specific source/consumer review; relevant gates=GATE-02-CONSUMER; states=완료. Direct or valid alternative evidence passed.,evidence/ATOMIC_WORK_ITEM_EVIDENCE.jsonl#CPF-WP-API-ASYNC-02-IMPLEMENTATION_CONSUMER,,완료,완료,미검수,false
CPF-V9-INITIAL-FULL-REVIEW-20260805-2020-REV-007-DEVGPT-V9-S06,CPF-WP-API-ASYNC-03-VERIFICATION_EVIDENCE,WORK_PACKAGE,API-ASYNC,P1,PRODUCT_IMPLEMENTATION,VERIFICATION_EVIDENCE,검증·Evidence·추적성,cpf-core API contract + endpoint owner,cpf-core API contract + endpoint owner,,DEVGPT-V9-S06,CPF-WP-API-ASYNC-01-CONTRACT_OWNERSHIP;CPF-WP-API-ASYNC-02-IMPLEMENTATION_CONSUMER,"연결 CPF-FR Requirement와 CPF-SC Scenario를 논리 원장에서 전수 추출해 이 Work Package에 매핑한다. || 목표 환경을 먼저 실제 실행하고, 불가능할 때 최대 대체검증과 남은 실제 Runtime 차이를 분리한다. || 각 Scenario에 Test Method·Assertion·실제 결과·Evidence를 개별 연결한다. || 명령, 환경/version, 시간, exit code, report/artifact hash, sanitization과 baseline/working-tree 상태를 기록한다.",공통 Test Harness는 재사용하되 각 Requirement/Scenario의 Acceptance 근거를 개별 기록한다. || 긴 로그는 별도 Evidence로 두고 원장에는 핵심 결과와 경로를 남긴다.,direct validation;alternative validation;negative fixture;regression;evidence schema failure,GATE-01-OWNERSHIP;GATE-02-CONSUMER;GATE-03-HTTP-API;GATE-04-EVENT-API;GATE-06-STATE-IDEMP;GATE-08-UNKNOWN-RECOVERY;GATE-11-OPS-AUDIT;GATE-18-TEST-EVIDENCE;GATE-20-HYGIENE;GATE-21-TIME,STD-ASYNCAPI;STD-CLOUDEVENTS;STD-NIST-SSDF;STD-OAS;STD-OWASP-API;STD-RFC9457,cpf-starters/integration/http-client/src/main/java/com/cpf/starter/integration/http/client/internal/CpfResilientHttpClient.java;cpf-starters/integration/tcp/src/main/java/com/cpf/starter/integration/tcp/internal/CpfResilientTcpClient.java;cpf-tools/scripts/build-cpf-requirement-development-traceability.py;cpf-tools/scripts/run-cpf-full-qa-validation.ps1;cpf-tools/scripts/invoke-official-db-vendor-sql.ps1;cpf-core/src/main/java/com/cpf/core/api/broker/CpfBrokerClient.java;cpf-admin/frontend/openapi/cpf-openapi.json;cpf-core/src/main/java/com/cpf/core/internal/broker/CpfBrokerClientAdapter.java,cpf-starters/integration/http-client/src/main/java/com/cpf/starter/integration/http/client/internal/CpfResilientHttpClient.java,cpf-starters/integration/http-client/src/main/java/com/cpf/starter/integration/http/client/internal/CpfResilientHttpClient.java;cpf-starters/integration/tcp/src/main/java/com/cpf/starter/integration/tcp/internal/CpfResilientTcpClient.java;cpf-core/src/main/java/com/cpf/core/api/broker/CpfBrokerClient.java;cpf-core/src/main/java/com/cpf/core/internal/broker/CpfBrokerClientAdapter.java;cpf-gateway/src/main/java/com/cpf/gateway/scg/CpfGatewayPinnedHttpClientConfiguration.java,"연결 CPF-FR Requirement와 CPF-SC Scenario를 논리 원장에서 전수 추출해 이 Work Package에 매핑한다. || 목표 환경을 먼저 실제 실행하고, 불가능할 때 최대 대체검증과 남은 실제 Runtime 차이를 분리한다. || 각 Scenario에 Test Method·Assertion·실제 결과·Evidence를 개별 연결한다. || 명령, 환경/version, 시간, exit code, report/artifact hash, sanitization과 baseline/working-tree 상태를 기록한다. → cpf-starters/integration/http-client/src/main/java/com/cpf/starter/integration/http/client/internal/CpfResilientHttpClient.java;cpf-starters/integration/tcp/src/main/java/com/cpf/starter/integration/tcp/internal/CpfResilientTcpClient.java;cpf-tools/scripts/build-cpf-requirement-development-traceability.py;cpf-tools/scripts/run-cpf-full-qa-validation.ps1;cpf-tools/scripts/invoke-official-db-vendor-sql.ps1;cpf-core/src/main/java/com/cpf/core/api/broker/CpfBrokerClient.java;cpf-admin/frontend/openapi/cpf-openapi.json;cpf-core/src/main/java/com/cpf/core/internal/broker/CpfBrokerClientAdapter.java → cpf-starters/integration/http-client/src/main/java/com/cpf/starter/integration/http/client/internal/CpfResilientHttpClient.java;cpf-starters/integration/tcp/src/main/java/com/cpf/starter/integration/tcp/internal/CpfResilientTcpClient.java;cpf-core/src/main/java/com/cpf/core/api/broker/CpfBrokerClient.java;cpf-core/src/main/java/com/cpf/core/internal/broker/CpfBrokerClientAdapter.java;cpf-gateway/src/main/java/com/cpf/gateway/scg/CpfGatewayPinnedHttpClientConfiguration.java → GATE-01-OWNERSHIP;GATE-02-CONSUMER;GATE-03-HTTP-API;GATE-04-EVENT-API;GATE-06-STATE-IDEMP;GATE-08-UNKNOWN-RECOVERY;GATE-11-OPS-AUDIT;GATE-18-TEST-EVIDENCE;GATE-20-HYGIENE;GATE-21-TIME",Per-Work-Item source inventory plus all applicable Engineering Gate commands,"연결 CPF-FR Requirement와 CPF-SC Scenario를 논리 원장에서 전수 추출해 이 Work Package에 매핑한다. || 목표 환경을 먼저 실제 실행하고, 불가능할 때 최대 대체검증과 남은 실제 Runtime 차이를 분리한다. || 각 Scenario에 Test Method·Assertion·실제 결과·Evidence를 개별 연결한다. || 명령, 환경/version, 시간, exit code, report/artifact hash, sanitization과 baseline/working-tree 상태를 기록한다.",DIRECT_STATIC_AND_ACCEPTANCE_ALTERNATIVE,pytest -q <21 S06 verifier files>; ./gradlew test,0,Acceptance-specific source/consumer review; relevant gates=GATE-18-TEST-EVIDENCE; states=미검증. Authoritative environment evidence remains unavailable for at least one relevant gate.,evidence/ATOMIC_WORK_ITEM_EVIDENCE.jsonl#CPF-WP-API-ASYNC-03-VERIFICATION_EVIDENCE,Acceptance-specific source/consumer review; relevant gates=GATE-18-TEST-EVIDENCE; states=미검증. Authoritative environment evidence remains unavailable for at least one relevant gate.,완료,미검증,미검수,false
CPF-V9-INITIAL-FULL-REVIEW-20260805-2020-REV-007-DEVGPT-V9-S06,CPF-WP-API-ASYNC-04-FAILURE_RECOVERY,WORK_PACKAGE,API-ASYNC,P1,PRODUCT_IMPLEMENTATION,FAILURE_RECOVERY,오류·부분 실패·UNKNOWN·복구,cpf-core API contract + endpoint owner,cpf-core API contract + endpoint owner,,DEVGPT-V9-S06,CPF-WP-API-ASYNC-01-CONTRACT_OWNERSHIP,"정상, invalid, timeout, cancellation, dependency failure, partial failure와 resource exhaustion을 구현한다. || side-effect 전/후, commit/send/ACK/response loss의 UNKNOWN을 구분하고 durable state에 기록한다. || Retry budget, idempotency, lease/fencing, restart/reclaim, reconcile/compensation/manual resolution을 적용한다. || 다중 JVM/process와 process-kill 이후 중복·stale writer·blind retry를 방지한다.",명시적 상태 전이와 가상 Clock/Failure Injection 가능한 구조를 사용한다. || 공통 CPF resilience/locking/reconciliation 계약을 재사용하고 기능별 복제 Engine을 만들지 않는다.,timeout;cancel;dependency outage;partial failure;unknown result;duplicate;process kill;reconcile,GATE-01-OWNERSHIP;GATE-02-CONSUMER;GATE-03-HTTP-API;GATE-04-EVENT-API;GATE-06-STATE-IDEMP;GATE-08-UNKNOWN-RECOVERY;GATE-11-OPS-AUDIT;GATE-18-TEST-EVIDENCE;GATE-20-HYGIENE;GATE-21-TIME,STD-ASYNCAPI;STD-CLOUDEVENTS;STD-NIST-SSDF;STD-OAS;STD-OWASP-API;STD-RFC9457,cpf-admin/frontend/openapi/cpf-openapi.json;cpf-admin/frontend/src/generated/cpf-api.ts;cpf-tools/config/cpf-starter-catalog.json;cpf-tools/generator/contracts/cpf-starter-catalog.json;cpf-tools/scripts/build-cpf-requirement-development-traceability.py;cpf-admin/frontend/src/generated/cpf-operation-contract.ts;cpf-tools/scripts/invoke-official-db-vendor-sql.ps1;cpf-tools/scripts/verify-cpf-starter-catalog-truth.py,cpf-admin/frontend/openapi/cpf-openapi.json,cpf-admin/frontend/src/generated/cpf-api.ts;cpf-admin/frontend/src/generated/cpf-operation-contract.ts;cpf-gateway/src/main/java/com/cpf/gateway/scg/CpfGatewayPinnedHttpClientConfiguration.java;cpf-starters/integration/http-client/src/main/java/com/cpf/starter/integration/http/client/internal/CpfResilientHttpClient.java;cpf-core/src/main/java/com/cpf/core/api/broker/CpfBrokerClient.java,"정상, invalid, timeout, cancellation, dependency failure, partial failure와 resource exhaustion을 구현한다. || side-effect 전/후, commit/send/ACK/response loss의 UNKNOWN을 구분하고 durable state에 기록한다. || Retry budget, idempotency, lease/fencing, restart/reclaim, reconcile/compensation/manual resolution을 적용한다. || 다중 JVM/process와 process-kill 이후 중복·stale writer·blind retry를 방지한다. → cpf-admin/frontend/openapi/cpf-openapi.json;cpf-admin/frontend/src/generated/cpf-api.ts;cpf-tools/config/cpf-starter-catalog.json;cpf-tools/generator/contracts/cpf-starter-catalog.json;cpf-tools/scripts/build-cpf-requirement-development-traceability.py;cpf-admin/frontend/src/generated/cpf-operation-contract.ts;cpf-tools/scripts/invoke-official-db-vendor-sql.ps1;cpf-tools/scripts/verify-cpf-starter-catalog-truth.py → cpf-admin/frontend/src/generated/cpf-api.ts;cpf-admin/frontend/src/generated/cpf-operation-contract.ts;cpf-gateway/src/main/java/com/cpf/gateway/scg/CpfGatewayPinnedHttpClientConfiguration.java;cpf-starters/integration/http-client/src/main/java/com/cpf/starter/integration/http/client/internal/CpfResilientHttpClient.java;cpf-core/src/main/java/com/cpf/core/api/broker/CpfBrokerClient.java → GATE-01-OWNERSHIP;GATE-02-CONSUMER;GATE-03-HTTP-API;GATE-04-EVENT-API;GATE-06-STATE-IDEMP;GATE-08-UNKNOWN-RECOVERY;GATE-11-OPS-AUDIT;GATE-18-TEST-EVIDENCE;GATE-20-HYGIENE;GATE-21-TIME",Per-Work-Item source inventory plus all applicable Engineering Gate commands,"정상, invalid, timeout, cancellation, dependency failure, partial failure와 resource exhaustion을 구현한다. || side-effect 전/후, commit/send/ACK/response loss의 UNKNOWN을 구분하고 durable state에 기록한다. || Retry budget, idempotency, lease/fencing, restart/reclaim, reconcile/compensation/manual resolution을 적용한다. || 다중 JVM/process와 process-kill 이후 중복·stale writer·blind retry를 방지한다.",DIRECT_STATIC_AND_ACCEPTANCE_ALTERNATIVE,python cpf-tools/scripts/verify-cpf-runtime-alternatives.py --root . --report <evidence>,0,Acceptance-specific source/consumer review; relevant gates=GATE-08-UNKNOWN-RECOVERY; states=완료. Direct or valid alternative evidence passed.,evidence/ATOMIC_WORK_ITEM_EVIDENCE.jsonl#CPF-WP-API-ASYNC-04-FAILURE_RECOVERY,,완료,완료,미검수,false
CPF-V9-INITIAL-FULL-REVIEW-20260805-2020-REV-007-DEVGPT-V9-S06,CPF-WP-API-ASYNC-05-OPERATIONS_SECURITY,WORK_PACKAGE,API-ASYNC,P1,PRODUCT_IMPLEMENTATION,OPERATIONS_SECURITY,보안·승인·감사·운영,cpf-core API contract + endpoint owner,cpf-core API contract + endpoint owner,,DEVGPT-V9-S06,CPF-WP-API-ASYNC-01-CONTRACT_OWNERSHIP,"AuthN/AuthZ, object/property/function 권한, trust boundary, secure default와 입력/자원 한도를 적용한다. || Secret/PII/credential masking, raw access, download/export와 Evidence sanitization을 적용한다. || 조회·상태·오류·timeline·control·reason·approval·SoD·expiry·immutable audit를 제공한다. || Metric/alert/runbook와 자동복구 allowlist/attempt limit/rollback/escalation을 연결한다.",Owner Command/Query API를 통해 운영하고 ADM/BZA가 Owner DB를 직접 갱신하지 않게 한다. || OWASP ASVS/API Security negative scenario를 관련 Test Kit에 매핑한다.,unauthenticated;unauthorized object/property;approval expired;self approval;secret leak;unsafe operation,GATE-01-OWNERSHIP;GATE-02-CONSUMER;GATE-03-HTTP-API;GATE-04-EVENT-API;GATE-06-STATE-IDEMP;GATE-08-UNKNOWN-RECOVERY;GATE-09-SECURITY;GATE-11-OPS-AUDIT;GATE-18-TEST-EVIDENCE;GATE-20-HYGIENE;GATE-21-TIME,STD-ASYNCAPI;STD-CISA-SBD;STD-CLOUDEVENTS;STD-NIST-SSDF;STD-OAS;STD-OWASP-API;STD-OWASP-ASVS;STD-RFC9457,cpf-tools/db/vendor/mariadb/migration/flyway/V87__batch_remote_message_ledger.sql;cpf-tools/db/vendor/oracle/migration/flyway/batDB/V87__batch_remote_message_ledger.sql;cpf-tools/db/vendor/postgresql/migration/flyway/batDB/V87__batch_remote_message_ledger.sql;cpf-tools/db/vendor/mariadb/seed/00_optional_sample_seed.sql;cpf-tools/db/vendor/mariadb/source/00_optional_sample_seed.sql;cpf-tools/db/vendor/oracle/seed/00_optional_sample_seed.sql;cpf-tools/db/vendor/oracle/source/00_optional_sample_seed.sql;cpf-tools/db/vendor/postgresql/seed/00_optional_sample_seed.sql,cpf-tools/db/vendor/mariadb/migration/flyway/V87__batch_remote_message_ledger.sql,N/A — no direct consumer is defined by this atomic contract; verification is performed through the owning Work Item gate.,"AuthN/AuthZ, object/property/function 권한, trust boundary, secure default와 입력/자원 한도를 적용한다. || Secret/PII/credential masking, raw access, download/export와 Evidence sanitization을 적용한다. || 조회·상태·오류·timeline·control·reason·approval·SoD·expiry·immutable audit를 제공한다. || Metric/alert/runbook와 자동복구 allowlist/attempt limit/rollback/escalation을 연결한다. → cpf-tools/db/vendor/mariadb/migration/flyway/V87__batch_remote_message_ledger.sql;cpf-tools/db/vendor/oracle/migration/flyway/batDB/V87__batch_remote_message_ledger.sql;cpf-tools/db/vendor/postgresql/migration/flyway/batDB/V87__batch_remote_message_ledger.sql;cpf-tools/db/vendor/mariadb/seed/00_optional_sample_seed.sql;cpf-tools/db/vendor/mariadb/source/00_optional_sample_seed.sql;cpf-tools/db/vendor/oracle/seed/00_optional_sample_seed.sql;cpf-tools/db/vendor/oracle/source/00_optional_sample_seed.sql;cpf-tools/db/vendor/postgresql/seed/00_optional_sample_seed.sql → N/A — no direct consumer is defined by this atomic contract; verification is performed through the owning Work Item gate. → GATE-01-OWNERSHIP;GATE-02-CONSUMER;GATE-03-HTTP-API;GATE-04-EVENT-API;GATE-06-STATE-IDEMP;GATE-08-UNKNOWN-RECOVERY;GATE-09-SECURITY;GATE-11-OPS-AUDIT;GATE-18-TEST-EVIDENCE;GATE-20-HYGIENE;GATE-21-TIME",Per-Work-Item source inventory plus all applicable Engineering Gate commands,"AuthN/AuthZ, object/property/function 권한, trust boundary, secure default와 입력/자원 한도를 적용한다. || Secret/PII/credential masking, raw access, download/export와 Evidence sanitization을 적용한다. || 조회·상태·오류·timeline·control·reason·approval·SoD·expiry·immutable audit를 제공한다. || Metric/alert/runbook와 자동복구 allowlist/attempt limit/rollback/escalation을 연결한다.",DIRECT_STATIC_AND_ACCEPTANCE_ALTERNATIVE,java -cp <classes> Qa39Tool bff-security .; pytest -q cpf-tools/scripts/tests/test_oracle_sqlplus_secret_transport.py || python cpf-tools/scripts/build-cpf-work-package-source-review.py --repo-root .,0,Acceptance-specific source/consumer review; relevant gates=GATE-09-SECURITY;GATE-11-OPS-AUDIT; states=미검증;미검증. Authoritative environment evidence remains unavailable for at least one relevant gate.,evidence/ATOMIC_WORK_ITEM_EVIDENCE.jsonl#CPF-WP-API-ASYNC-05-OPERATIONS_SECURITY,Acceptance-specific source/consumer review; relevant gates=GATE-09-SECURITY;GATE-11-OPS-AUDIT; states=미검증;미검증. Authoritative environment evidence remains unavailable for at least one relevant gate.,완료,미검증,미검수,false
CPF-V9-INITIAL-FULL-REVIEW-20260805-2020-REV-007-DEVGPT-V9-S06,CPF-WP-API-CONTRACT-01-CONTRACT_OWNERSHIP,WORK_PACKAGE,API-CONTRACT,P1,PRODUCT_IMPLEMENTATION,CONTRACT_OWNERSHIP,계약·Ownership 확정,cpf-core API contract + endpoint owner,cpf-core API contract + endpoint owner,,DEVGPT-V9-S06,,"Canonical Owner Module·Package·State Owner와 실제 Consumer를 코드 기준으로 확정한다. || Public API·SPI·Internal, 입력·출력·오류·lifecycle·thread-safety·version 계약을 정의한다. || 역방향/순환 의존, Internal 참조, 선택 OSS type 노출, Dual Primary와 owner 없는 공통기능을 제거 또는 이관 대상으로 등록한다. || Local/Remote/Async/Batch 등 적용 topology에서 계약 동등성과 trust boundary를 정의한다.",기존 정식 Package와 Contract를 우선 재사용하고 새 Module은 실제 Owner가 없을 때만 제안한다. || 복잡한 기술 세부는 Internal로 숨기고 고객 확장 지점만 안정 SPI로 노출한다.,contract compatibility;unsupported capability;invalid configuration;internal access negative fixture,GATE-01-OWNERSHIP;GATE-02-CONSUMER;GATE-03-HTTP-API;GATE-06-STATE-IDEMP;GATE-09-SECURITY;GATE-16-COMPATIBILITY;GATE-18-TEST-EVIDENCE;GATE-20-HYGIENE,STD-CISA-SBD;STD-NIST-SSDF;STD-OAS;STD-OWASP-API;STD-OWASP-ASVS;STD-RFC9457,cpf-tools/scripts/verify-cpf-generator-upgrade-ownership.py;cpf-tools/scripts/invoke-official-db-vendor-sql.ps1;cpf-core/src/main/java/com/cpf/core/api/broker/CpfBrokerClient.java;cpf-starters/integration/http-client/src/main/java/com/cpf/starter/integration/http/client/internal/CpfResilientHttpClient.java;cpf-admin/frontend/openapi/cpf-openapi.json;cpf-core/src/main/java/com/cpf/core/internal/broker/CpfBrokerClientAdapter.java;cpf-gateway/src/main/java/com/cpf/gateway/scg/CpfGatewayPinnedHttpClientConfiguration.java;cpf-starters/integration/tcp/src/main/java/com/cpf/starter/integration/tcp/internal/CpfResilientTcpClient.java,cpf-tools/scripts/verify-cpf-generator-upgrade-ownership.py,cpf-core/src/main/java/com/cpf/core/api/broker/CpfBrokerClient.java;cpf-starters/integration/http-client/src/main/java/com/cpf/starter/integration/http/client/internal/CpfResilientHttpClient.java;cpf-core/src/main/java/com/cpf/core/internal/broker/CpfBrokerClientAdapter.java;cpf-gateway/src/main/java/com/cpf/gateway/scg/CpfGatewayPinnedHttpClientConfiguration.java;cpf-starters/integration/tcp/src/main/java/com/cpf/starter/integration/tcp/internal/CpfResilientTcpClient.java,"Canonical Owner Module·Package·State Owner와 실제 Consumer를 코드 기준으로 확정한다. || Public API·SPI·Internal, 입력·출력·오류·lifecycle·thread-safety·version 계약을 정의한다. || 역방향/순환 의존, Internal 참조, 선택 OSS type 노출, Dual Primary와 owner 없는 공통기능을 제거 또는 이관 대상으로 등록한다. || Local/Remote/Async/Batch 등 적용 topology에서 계약 동등성과 trust boundary를 정의한다. → cpf-tools/scripts/verify-cpf-generator-upgrade-ownership.py;cpf-tools/scripts/invoke-official-db-vendor-sql.ps1;cpf-core/src/main/java/com/cpf/core/api/broker/CpfBrokerClient.java;cpf-starters/integration/http-client/src/main/java/com/cpf/starter/integration/http/client/internal/CpfResilientHttpClient.java;cpf-admin/frontend/openapi/cpf-openapi.json;cpf-core/src/main/java/com/cpf/core/internal/broker/CpfBrokerClientAdapter.java;cpf-gateway/src/main/java/com/cpf/gateway/scg/CpfGatewayPinnedHttpClientConfiguration.java;cpf-starters/integration/tcp/src/main/java/com/cpf/starter/integration/tcp/internal/CpfResilientTcpClient.java → cpf-core/src/main/java/com/cpf/core/api/broker/CpfBrokerClient.java;cpf-starters/integration/http-client/src/main/java/com/cpf/starter/integration/http/client/internal/CpfResilientHttpClient.java;cpf-core/src/main/java/com/cpf/core/internal/broker/CpfBrokerClientAdapter.java;cpf-gateway/src/main/java/com/cpf/gateway/scg/CpfGatewayPinnedHttpClientConfiguration.java;cpf-starters/integration/tcp/src/main/java/com/cpf/starter/integration/tcp/internal/CpfResilientTcpClient.java → GATE-01-OWNERSHIP;GATE-02-CONSUMER;GATE-03-HTTP-API;GATE-06-STATE-IDEMP;GATE-09-SECURITY;GATE-16-COMPATIBILITY;GATE-18-TEST-EVIDENCE;GATE-20-HYGIENE",Per-Work-Item source inventory plus all applicable Engineering Gate commands,"Canonical Owner Module·Package·State Owner와 실제 Consumer를 코드 기준으로 확정한다. || Public API·SPI·Internal, 입력·출력·오류·lifecycle·thread-safety·version 계약을 정의한다. || 역방향/순환 의존, Internal 참조, 선택 OSS type 노출, Dual Primary와 owner 없는 공통기능을 제거 또는 이관 대상으로 등록한다. || Local/Remote/Async/Batch 등 적용 topology에서 계약 동등성과 trust boundary를 정의한다.",DIRECT_STATIC_AND_ACCEPTANCE_ALTERNATIVE,python cpf-tools/scripts/verify-cpf-owner-boundaries.py --repo-root . --report-json <evidence>,0,Acceptance-specific source/consumer review; relevant gates=GATE-01-OWNERSHIP; states=완료. Direct or valid alternative evidence passed.,evidence/ATOMIC_WORK_ITEM_EVIDENCE.jsonl#CPF-WP-API-CONTRACT-01-CONTRACT_OWNERSHIP,,완료,완료,미검수,false
CPF-V9-INITIAL-FULL-REVIEW-20260805-2020-REV-007-DEVGPT-V9-S06,CPF-WP-API-CONTRACT-02-IMPLEMENTATION_CONSUMER,WORK_PACKAGE,API-CONTRACT,P1,PRODUCT_IMPLEMENTATION,IMPLEMENTATION_CONSUMER,기본 구현·실제 Consumer 연결,cpf-core API contract + endpoint owner,cpf-core API contract + endpoint owner,,DEVGPT-V9-S06,CPF-WP-API-CONTRACT-01-CONTRACT_OWNERSHIP,"Interface/DTO/Marker가 아닌 안전한 기본 구현·Provider·AutoConfiguration·상태 저장을 제공한다. || Bean/Route/SQL/API/Frontend/Script를 실제 Product Consumer 호출 경로에 연결한다. || 설정 safe default, validation, capability detection, lifecycle start/stop와 resource cleanup을 구현한다. || Consumer 없는 추상화나 Sample-only 구현이면 완료하지 않고 실제 Consumer 연결 또는 통합/폐기 후보로 처리한다.",Leaf Starter와 조건부 AutoConfiguration을 사용해 선택하지 않은 Runtime 의존을 유입하지 않는다. || 제품 Consumer와 Reference Consumer를 분리하되 동일 Public Contract를 사용한다.,normal consumer flow;missing provider;invalid property;startup/shutdown;resource cleanup,GATE-01-OWNERSHIP;GATE-02-CONSUMER;GATE-03-HTTP-API;GATE-06-STATE-IDEMP;GATE-09-SECURITY;GATE-16-COMPATIBILITY;GATE-18-TEST-EVIDENCE;GATE-20-HYGIENE,STD-CISA-SBD;STD-NIST-SSDF;STD-OAS;STD-OWASP-API;STD-OWASP-ASVS;STD-RFC9457,cpf-core/src/main/java/com/cpf/core/api/broker/CpfBrokerClient.java;cpf-starters/integration/http-client/src/main/java/com/cpf/starter/integration/http/client/internal/CpfResilientHttpClient.java;cpf-starters/messaging/kafka/src/main/java/com/cpf/starter/messaging/kafka/internal/CpfKafkaConsumerControlAdapter.java;cpf-admin/frontend/openapi/cpf-openapi.json;cpf-tools/scripts/invoke-official-db-vendor-sql.ps1;cpf-gateway/src/main/java/com/cpf/gateway/scg/CpfGatewayPinnedHttpClientConfiguration.java;cpf-starters/integration/tcp/src/main/java/com/cpf/starter/integration/tcp/internal/CpfResilientTcpClient.java;cpf-core/src/main/java/com/cpf/core/internal/broker/CpfBrokerClientAdapter.java,cpf-core/src/main/java/com/cpf/core/api/broker/CpfBrokerClient.java,cpf-core/src/main/java/com/cpf/core/api/broker/CpfBrokerClient.java;cpf-starters/integration/http-client/src/main/java/com/cpf/starter/integration/http/client/internal/CpfResilientHttpClient.java;cpf-starters/messaging/kafka/src/main/java/com/cpf/starter/messaging/kafka/internal/CpfKafkaConsumerControlAdapter.java;cpf-gateway/src/main/java/com/cpf/gateway/scg/CpfGatewayPinnedHttpClientConfiguration.java;cpf-starters/integration/tcp/src/main/java/com/cpf/starter/integration/tcp/internal/CpfResilientTcpClient.java,"Interface/DTO/Marker가 아닌 안전한 기본 구현·Provider·AutoConfiguration·상태 저장을 제공한다. || Bean/Route/SQL/API/Frontend/Script를 실제 Product Consumer 호출 경로에 연결한다. || 설정 safe default, validation, capability detection, lifecycle start/stop와 resource cleanup을 구현한다. || Consumer 없는 추상화나 Sample-only 구현이면 완료하지 않고 실제 Consumer 연결 또는 통합/폐기 후보로 처리한다. → cpf-core/src/main/java/com/cpf/core/api/broker/CpfBrokerClient.java;cpf-starters/integration/http-client/src/main/java/com/cpf/starter/integration/http/client/internal/CpfResilientHttpClient.java;cpf-starters/messaging/kafka/src/main/java/com/cpf/starter/messaging/kafka/internal/CpfKafkaConsumerControlAdapter.java;cpf-admin/frontend/openapi/cpf-openapi.json;cpf-tools/scripts/invoke-official-db-vendor-sql.ps1;cpf-gateway/src/main/java/com/cpf/gateway/scg/CpfGatewayPinnedHttpClientConfiguration.java;cpf-starters/integration/tcp/src/main/java/com/cpf/starter/integration/tcp/internal/CpfResilientTcpClient.java;cpf-core/src/main/java/com/cpf/core/internal/broker/CpfBrokerClientAdapter.java → cpf-core/src/main/java/com/cpf/core/api/broker/CpfBrokerClient.java;cpf-starters/integration/http-client/src/main/java/com/cpf/starter/integration/http/client/internal/CpfResilientHttpClient.java;cpf-starters/messaging/kafka/src/main/java/com/cpf/starter/messaging/kafka/internal/CpfKafkaConsumerControlAdapter.java;cpf-gateway/src/main/java/com/cpf/gateway/scg/CpfGatewayPinnedHttpClientConfiguration.java;cpf-starters/integration/tcp/src/main/java/com/cpf/starter/integration/tcp/internal/CpfResilientTcpClient.java → GATE-01-OWNERSHIP;GATE-02-CONSUMER;GATE-03-HTTP-API;GATE-06-STATE-IDEMP;GATE-09-SECURITY;GATE-16-COMPATIBILITY;GATE-18-TEST-EVIDENCE;GATE-20-HYGIENE",Per-Work-Item source inventory plus all applicable Engineering Gate commands,"Interface/DTO/Marker가 아닌 안전한 기본 구현·Provider·AutoConfiguration·상태 저장을 제공한다. || Bean/Route/SQL/API/Frontend/Script를 실제 Product Consumer 호출 경로에 연결한다. || 설정 safe default, validation, capability detection, lifecycle start/stop와 resource cleanup을 구현한다. || Consumer 없는 추상화나 Sample-only 구현이면 완료하지 않고 실제 Consumer 연결 또는 통합/폐기 후보로 처리한다.",DIRECT_STATIC_AND_ACCEPTANCE_ALTERNATIVE,python cpf-tools/scripts/build-cpf-work-package-source-review.py --repo-root .; python cpf-tools/scripts/verify-cpf-spring-request-mapping-uniqueness.py --repo-root .,0,Acceptance-specific source/consumer review; relevant gates=GATE-02-CONSUMER; states=완료. Direct or valid alternative evidence passed.,evidence/ATOMIC_WORK_ITEM_EVIDENCE.jsonl#CPF-WP-API-CONTRACT-02-IMPLEMENTATION_CONSUMER,,완료,완료,미검수,false
CPF-V9-INITIAL-FULL-REVIEW-20260805-2020-REV-007-DEVGPT-V9-S06,CPF-WP-API-CONTRACT-03-VERIFICATION_EVIDENCE,WORK_PACKAGE,API-CONTRACT,P1,PRODUCT_IMPLEMENTATION,VERIFICATION_EVIDENCE,검증·Evidence·추적성,cpf-core API contract + endpoint owner,cpf-core API contract + endpoint owner,,DEVGPT-V9-S06,CPF-WP-API-CONTRACT-01-CONTRACT_OWNERSHIP;CPF-WP-API-CONTRACT-02-IMPLEMENTATION_CONSUMER,"연결 CPF-FR Requirement와 CPF-SC Scenario를 논리 원장에서 전수 추출해 이 Work Package에 매핑한다. || 목표 환경을 먼저 실제 실행하고, 불가능할 때 최대 대체검증과 남은 실제 Runtime 차이를 분리한다. || 각 Scenario에 Test Method·Assertion·실제 결과·Evidence를 개별 연결한다. || 명령, 환경/version, 시간, exit code, report/artifact hash, sanitization과 baseline/working-tree 상태를 기록한다.",공통 Test Harness는 재사용하되 각 Requirement/Scenario의 Acceptance 근거를 개별 기록한다. || 긴 로그는 별도 Evidence로 두고 원장에는 핵심 결과와 경로를 남긴다.,direct validation;alternative validation;negative fixture;regression;evidence schema failure,GATE-01-OWNERSHIP;GATE-02-CONSUMER;GATE-03-HTTP-API;GATE-06-STATE-IDEMP;GATE-09-SECURITY;GATE-16-COMPATIBILITY;GATE-18-TEST-EVIDENCE;GATE-20-HYGIENE,STD-CISA-SBD;STD-NIST-SSDF;STD-OAS;STD-OWASP-API;STD-OWASP-ASVS;STD-RFC9457,cpf-starters/integration/http-client/src/main/java/com/cpf/starter/integration/http/client/internal/CpfResilientHttpClient.java;cpf-starters/integration/tcp/src/main/java/com/cpf/starter/integration/tcp/internal/CpfResilientTcpClient.java;cpf-tools/scripts/run-cpf-full-qa-validation.ps1;cpf-tools/scripts/invoke-official-db-vendor-sql.ps1;cpf-core/src/main/java/com/cpf/core/api/broker/CpfBrokerClient.java;cpf-admin/frontend/openapi/cpf-openapi.json;cpf-core/src/main/java/com/cpf/core/internal/broker/CpfBrokerClientAdapter.java;cpf-gateway/src/main/java/com/cpf/gateway/scg/CpfGatewayPinnedHttpClientConfiguration.java,cpf-starters/integration/http-client/src/main/java/com/cpf/starter/integration/http/client/internal/CpfResilientHttpClient.java,cpf-starters/integration/http-client/src/main/java/com/cpf/starter/integration/http/client/internal/CpfResilientHttpClient.java;cpf-starters/integration/tcp/src/main/java/com/cpf/starter/integration/tcp/internal/CpfResilientTcpClient.java;cpf-core/src/main/java/com/cpf/core/api/broker/CpfBrokerClient.java;cpf-core/src/main/java/com/cpf/core/internal/broker/CpfBrokerClientAdapter.java;cpf-gateway/src/main/java/com/cpf/gateway/scg/CpfGatewayPinnedHttpClientConfiguration.java,"연결 CPF-FR Requirement와 CPF-SC Scenario를 논리 원장에서 전수 추출해 이 Work Package에 매핑한다. || 목표 환경을 먼저 실제 실행하고, 불가능할 때 최대 대체검증과 남은 실제 Runtime 차이를 분리한다. || 각 Scenario에 Test Method·Assertion·실제 결과·Evidence를 개별 연결한다. || 명령, 환경/version, 시간, exit code, report/artifact hash, sanitization과 baseline/working-tree 상태를 기록한다. → cpf-starters/integration/http-client/src/main/java/com/cpf/starter/integration/http/client/internal/CpfResilientHttpClient.java;cpf-starters/integration/tcp/src/main/java/com/cpf/starter/integration/tcp/internal/CpfResilientTcpClient.java;cpf-tools/scripts/run-cpf-full-qa-validation.ps1;cpf-tools/scripts/invoke-official-db-vendor-sql.ps1;cpf-core/src/main/java/com/cpf/core/api/broker/CpfBrokerClient.java;cpf-admin/frontend/openapi/cpf-openapi.json;cpf-core/src/main/java/com/cpf/core/internal/broker/CpfBrokerClientAdapter.java;cpf-gateway/src/main/java/com/cpf/gateway/scg/CpfGatewayPinnedHttpClientConfiguration.java → cpf-starters/integration/http-client/src/main/java/com/cpf/starter/integration/http/client/internal/CpfResilientHttpClient.java;cpf-starters/integration/tcp/src/main/java/com/cpf/starter/integration/tcp/internal/CpfResilientTcpClient.java;cpf-core/src/main/java/com/cpf/core/api/broker/CpfBrokerClient.java;cpf-core/src/main/java/com/cpf/core/internal/broker/CpfBrokerClientAdapter.java;cpf-gateway/src/main/java/com/cpf/gateway/scg/CpfGatewayPinnedHttpClientConfiguration.java → GATE-01-OWNERSHIP;GATE-02-CONSUMER;GATE-03-HTTP-API;GATE-06-STATE-IDEMP;GATE-09-SECURITY;GATE-16-COMPATIBILITY;GATE-18-TEST-EVIDENCE;GATE-20-HYGIENE",Per-Work-Item source inventory plus all applicable Engineering Gate commands,"연결 CPF-FR Requirement와 CPF-SC Scenario를 논리 원장에서 전수 추출해 이 Work Package에 매핑한다. || 목표 환경을 먼저 실제 실행하고, 불가능할 때 최대 대체검증과 남은 실제 Runtime 차이를 분리한다. || 각 Scenario에 Test Method·Assertion·실제 결과·Evidence를 개별 연결한다. || 명령, 환경/version, 시간, exit code, report/artifact hash, sanitization과 baseline/working-tree 상태를 기록한다.",DIRECT_STATIC_AND_ACCEPTANCE_ALTERNATIVE,pytest -q <21 S06 verifier files>; ./gradlew test,0,Acceptance-specific source/consumer review; relevant gates=GATE-18-TEST-EVIDENCE; states=미검증. Authoritative environment evidence remains unavailable for at least one relevant gate.,evidence/ATOMIC_WORK_ITEM_EVIDENCE.jsonl#CPF-WP-API-CONTRACT-03-VERIFICATION_EVIDENCE,Acceptance-specific source/consumer review; relevant gates=GATE-18-TEST-EVIDENCE; states=미검증. Authoritative environment evidence remains unavailable for at least one relevant gate.,완료,미검증,미검수,false
CPF-V9-INITIAL-FULL-REVIEW-20260805-2020-REV-007-DEVGPT-V9-S06,CPF-WP-API-CONTRACT-04-FAILURE_RECOVERY,WORK_PACKAGE,API-CONTRACT,P1,PRODUCT_IMPLEMENTATION,FAILURE_RECOVERY,오류·부분 실패·UNKNOWN·복구,cpf-core API contract + endpoint owner,cpf-core API contract + endpoint owner,,DEVGPT-V9-S06,CPF-WP-API-CONTRACT-01-CONTRACT_OWNERSHIP,"정상, invalid, timeout, cancellation, dependency failure, partial failure와 resource exhaustion을 구현한다. || side-effect 전/후, commit/send/ACK/response loss의 UNKNOWN을 구분하고 durable state에 기록한다. || Retry budget, idempotency, lease/fencing, restart/reclaim, reconcile/compensation/manual resolution을 적용한다. || 다중 JVM/process와 process-kill 이후 중복·stale writer·blind retry를 방지한다.",명시적 상태 전이와 가상 Clock/Failure Injection 가능한 구조를 사용한다. || 공통 CPF resilience/locking/reconciliation 계약을 재사용하고 기능별 복제 Engine을 만들지 않는다.,timeout;cancel;dependency outage;partial failure;unknown result;duplicate;process kill;reconcile,GATE-01-OWNERSHIP;GATE-02-CONSUMER;GATE-03-HTTP-API;GATE-06-STATE-IDEMP;GATE-08-UNKNOWN-RECOVERY;GATE-09-SECURITY;GATE-16-COMPATIBILITY;GATE-18-TEST-EVIDENCE;GATE-20-HYGIENE,STD-CISA-SBD;STD-NIST-SSDF;STD-OAS;STD-OWASP-API;STD-OWASP-ASVS;STD-RFC9457,cpf-admin/frontend/openapi/cpf-openapi.json;cpf-tools/config/cpf-starter-catalog.json;cpf-tools/generator/contracts/cpf-starter-catalog.json;cpf-admin/frontend/src/generated/cpf-api.ts;cpf-admin/frontend/src/generated/cpf-operation-contract.ts;cpf-gateway/src/main/java/com/cpf/gateway/scg/CpfGatewayPinnedHttpClientConfiguration.java;cpf-starters/integration/http-client/src/main/java/com/cpf/starter/integration/http/client/internal/CpfResilientHttpClient.java;cpf-tools/scripts/invoke-official-db-vendor-sql.ps1,cpf-admin/frontend/openapi/cpf-openapi.json,cpf-admin/frontend/src/generated/cpf-api.ts;cpf-admin/frontend/src/generated/cpf-operation-contract.ts;cpf-gateway/src/main/java/com/cpf/gateway/scg/CpfGatewayPinnedHttpClientConfiguration.java;cpf-starters/integration/http-client/src/main/java/com/cpf/starter/integration/http/client/internal/CpfResilientHttpClient.java;cpf-core/src/main/java/com/cpf/core/api/broker/CpfBrokerClient.java,"정상, invalid, timeout, cancellation, dependency failure, partial failure와 resource exhaustion을 구현한다. || side-effect 전/후, commit/send/ACK/response loss의 UNKNOWN을 구분하고 durable state에 기록한다. || Retry budget, idempotency, lease/fencing, restart/reclaim, reconcile/compensation/manual resolution을 적용한다. || 다중 JVM/process와 process-kill 이후 중복·stale writer·blind retry를 방지한다. → cpf-admin/frontend/openapi/cpf-openapi.json;cpf-tools/config/cpf-starter-catalog.json;cpf-tools/generator/contracts/cpf-starter-catalog.json;cpf-admin/frontend/src/generated/cpf-api.ts;cpf-admin/frontend/src/generated/cpf-operation-contract.ts;cpf-gateway/src/main/java/com/cpf/gateway/scg/CpfGatewayPinnedHttpClientConfiguration.java;cpf-starters/integration/http-client/src/main/java/com/cpf/starter/integration/http/client/internal/CpfResilientHttpClient.java;cpf-tools/scripts/invoke-official-db-vendor-sql.ps1 → cpf-admin/frontend/src/generated/cpf-api.ts;cpf-admin/frontend/src/generated/cpf-operation-contract.ts;cpf-gateway/src/main/java/com/cpf/gateway/scg/CpfGatewayPinnedHttpClientConfiguration.java;cpf-starters/integration/http-client/src/main/java/com/cpf/starter/integration/http/client/internal/CpfResilientHttpClient.java;cpf-core/src/main/java/com/cpf/core/api/broker/CpfBrokerClient.java → GATE-01-OWNERSHIP;GATE-02-CONSUMER;GATE-03-HTTP-API;GATE-06-STATE-IDEMP;GATE-08-UNKNOWN-RECOVERY;GATE-09-SECURITY;GATE-16-COMPATIBILITY;GATE-18-TEST-EVIDENCE;GATE-20-HYGIENE",Per-Work-Item source inventory plus all applicable Engineering Gate commands,"정상, invalid, timeout, cancellation, dependency failure, partial failure와 resource exhaustion을 구현한다. || side-effect 전/후, commit/send/ACK/response loss의 UNKNOWN을 구분하고 durable state에 기록한다. || Retry budget, idempotency, lease/fencing, restart/reclaim, reconcile/compensation/manual resolution을 적용한다. || 다중 JVM/process와 process-kill 이후 중복·stale writer·blind retry를 방지한다.",DIRECT_STATIC_AND_ACCEPTANCE_ALTERNATIVE,python cpf-tools/scripts/verify-cpf-runtime-alternatives.py --root . --report <evidence>,0,Acceptance-specific source/consumer review; relevant gates=GATE-08-UNKNOWN-RECOVERY; states=완료. Direct or valid alternative evidence passed.,evidence/ATOMIC_WORK_ITEM_EVIDENCE.jsonl#CPF-WP-API-CONTRACT-04-FAILURE_RECOVERY,,완료,완료,미검수,false
CPF-V9-INITIAL-FULL-REVIEW-20260805-2020-REV-007-DEVGPT-V9-S06,CPF-WP-API-CONTRACT-05-OPERATIONS_SECURITY,WORK_PACKAGE,API-CONTRACT,P1,PRODUCT_IMPLEMENTATION,OPERATIONS_SECURITY,보안·승인·감사·운영,cpf-core API contract + endpoint owner,cpf-core API contract + endpoint owner,,DEVGPT-V9-S06,CPF-WP-API-CONTRACT-01-CONTRACT_OWNERSHIP,"AuthN/AuthZ, object/property/function 권한, trust boundary, secure default와 입력/자원 한도를 적용한다. || Secret/PII/credential masking, raw access, download/export와 Evidence sanitization을 적용한다. || 조회·상태·오류·timeline·control·reason·approval·SoD·expiry·immutable audit를 제공한다. || Metric/alert/runbook와 자동복구 allowlist/attempt limit/rollback/escalation을 연결한다.",Owner Command/Query API를 통해 운영하고 ADM/BZA가 Owner DB를 직접 갱신하지 않게 한다. || OWASP ASVS/API Security negative scenario를 관련 Test Kit에 매핑한다.,unauthenticated;unauthorized object/property;approval expired;self approval;secret leak;unsafe operation,GATE-01-OWNERSHIP;GATE-02-CONSUMER;GATE-03-HTTP-API;GATE-06-STATE-IDEMP;GATE-09-SECURITY;GATE-11-OPS-AUDIT;GATE-16-COMPATIBILITY;GATE-18-TEST-EVIDENCE;GATE-20-HYGIENE,STD-CISA-SBD;STD-NIST-SSDF;STD-OAS;STD-OWASP-API;STD-OWASP-ASVS;STD-RFC9457,cpf-admin/frontend/openapi/cpf-openapi.json;cpf-tools/config/cpf-starter-catalog.json;cpf-tools/generator/contracts/cpf-starter-catalog.json;cpf-tools/scripts/build-cpf-requirement-development-traceability.py;cpf-tools/scripts/verify-cpf-execution-scope-exhaustive.py;cpf-admin/frontend/src/generated/cpf-api.ts;cpf-admin/frontend/src/generated/cpf-operation-contract.ts;cpf-tools/scripts/invoke-official-db-vendor-sql.ps1,cpf-admin/frontend/openapi/cpf-openapi.json,cpf-admin/frontend/src/generated/cpf-api.ts;cpf-admin/frontend/src/generated/cpf-operation-contract.ts;cpf-admin/src/main/java/com/cpf/admin/opr/controller/AdmAuditLogController.java;cpf-admin/src/main/java/com/cpf/admin/opr/controller/AdmLogPolicyAuditController.java;cpf-core/src/main/java/com/cpf/core/api/broker/CpfBrokerClient.java,"AuthN/AuthZ, object/property/function 권한, trust boundary, secure default와 입력/자원 한도를 적용한다. || Secret/PII/credential masking, raw access, download/export와 Evidence sanitization을 적용한다. || 조회·상태·오류·timeline·control·reason·approval·SoD·expiry·immutable audit를 제공한다. || Metric/alert/runbook와 자동복구 allowlist/attempt limit/rollback/escalation을 연결한다. → cpf-admin/frontend/openapi/cpf-openapi.json;cpf-tools/config/cpf-starter-catalog.json;cpf-tools/generator/contracts/cpf-starter-catalog.json;cpf-tools/scripts/build-cpf-requirement-development-traceability.py;cpf-tools/scripts/verify-cpf-execution-scope-exhaustive.py;cpf-admin/frontend/src/generated/cpf-api.ts;cpf-admin/frontend/src/generated/cpf-operation-contract.ts;cpf-tools/scripts/invoke-official-db-vendor-sql.ps1 → cpf-admin/frontend/src/generated/cpf-api.ts;cpf-admin/frontend/src/generated/cpf-operation-contract.ts;cpf-admin/src/main/java/com/cpf/admin/opr/controller/AdmAuditLogController.java;cpf-admin/src/main/java/com/cpf/admin/opr/controller/AdmLogPolicyAuditController.java;cpf-core/src/main/java/com/cpf/core/api/broker/CpfBrokerClient.java → GATE-01-OWNERSHIP;GATE-02-CONSUMER;GATE-03-HTTP-API;GATE-06-STATE-IDEMP;GATE-09-SECURITY;GATE-11-OPS-AUDIT;GATE-16-COMPATIBILITY;GATE-18-TEST-EVIDENCE;GATE-20-HYGIENE",Per-Work-Item source inventory plus all applicable Engineering Gate commands,"AuthN/AuthZ, object/property/function 권한, trust boundary, secure default와 입력/자원 한도를 적용한다. || Secret/PII/credential masking, raw access, download/export와 Evidence sanitization을 적용한다. || 조회·상태·오류·timeline·control·reason·approval·SoD·expiry·immutable audit를 제공한다. || Metric/alert/runbook와 자동복구 allowlist/attempt limit/rollback/escalation을 연결한다.",DIRECT_STATIC_AND_ACCEPTANCE_ALTERNATIVE,java -cp <classes> Qa39Tool bff-security .; pytest -q cpf-tools/scripts/tests/test_oracle_sqlplus_secret_transport.py || python cpf-tools/scripts/build-cpf-work-package-source-review.py --repo-root .,0,Acceptance-specific source/consumer review; relevant gates=GATE-09-SECURITY;GATE-11-OPS-AUDIT; states=미검증;미검증. Authoritative environment evidence remains unavailable for at least one relevant gate.,evidence/ATOMIC_WORK_ITEM_EVIDENCE.jsonl#CPF-WP-API-CONTRACT-05-OPERATIONS_SECURITY,Acceptance-specific source/consumer review; relevant gates=GATE-09-SECURITY;GATE-11-OPS-AUDIT; states=미검증;미검증. Authoritative environment evidence remains unavailable for at least one relevant gate.,완료,미검증,미검수,false
CPF-V9-INITIAL-FULL-REVIEW-20260805-2020-REV-007-DEVGPT-V9-S06,CPF-WP-API-CONTRACT-06-GENERATION_COMPATIBILITY,WORK_PACKAGE,API-CONTRACT,P1,PRODUCT_IMPLEMENTATION,GENERATION_COMPATIBILITY,생성·Artifact·호환성,cpf-core API contract + endpoint owner,cpf-core API contract + endpoint owner,,DEVGPT-V9-S06,CPF-WP-API-CONTRACT-01-CONTRACT_OWNERSHIP,"Generator/OpenAPI/AsyncAPI/DB metadata/template 등 Canonical 입력과 생성 산출물의 ownership을 확정한다. || remove→regenerate deterministic parity와 user-owned 영역 보존을 검증한다. || API/message/file/DB/config/artifact의 semantic version, compatibility, deprecation, mixed-version와 rollback 영향을 처리한다. || Generated Source만 수동 수정하지 않고 원본 입력·Generator·Golden Sample을 함께 수정한다.",입력 version/hash와 generator version을 manifest에 고정하고 normalized diff gate를 사용한다. || 최신 표준 버전은 shadow compatibility를 통과한 뒤 CPF 지원 profile로 승격한다.,clean regeneration;user region preserve;mixed version;unsupported profile;rollback compatibility,GATE-01-OWNERSHIP;GATE-02-CONSUMER;GATE-03-HTTP-API;GATE-06-STATE-IDEMP;GATE-09-SECURITY;GATE-15-GENERATOR;GATE-16-COMPATIBILITY;GATE-18-TEST-EVIDENCE;GATE-20-HYGIENE,STD-CISA-SBD;STD-NIST-SSDF;STD-OAS;STD-OWASP-API;STD-OWASP-ASVS;STD-RFC9457,cpf-admin/frontend/openapi/cpf-openapi.json;cpf-tools/db/vendor/mariadb/migration/flyway/V87__batch_remote_message_ledger.sql;cpf-tools/db/vendor/oracle/migration/flyway/batDB/V87__batch_remote_message_ledger.sql;cpf-tools/db/vendor/postgresql/migration/flyway/batDB/V87__batch_remote_message_ledger.sql;cpf-tools/db/vendor/mariadb/seed/00_optional_sample_seed.sql;cpf-tools/db/vendor/mariadb/source/00_optional_sample_seed.sql;cpf-tools/db/vendor/oracle/seed/00_optional_sample_seed.sql;cpf-tools/db/vendor/oracle/source/00_optional_sample_seed.sql,cpf-admin/frontend/openapi/cpf-openapi.json,N/A — no direct consumer is defined by this atomic contract; verification is performed through the owning Work Item gate.,"Generator/OpenAPI/AsyncAPI/DB metadata/template 등 Canonical 입력과 생성 산출물의 ownership을 확정한다. || remove→regenerate deterministic parity와 user-owned 영역 보존을 검증한다. || API/message/file/DB/config/artifact의 semantic version, compatibility, deprecation, mixed-version와 rollback 영향을 처리한다. || Generated Source만 수동 수정하지 않고 원본 입력·Generator·Golden Sample을 함께 수정한다. → cpf-admin/frontend/openapi/cpf-openapi.json;cpf-tools/db/vendor/mariadb/migration/flyway/V87__batch_remote_message_ledger.sql;cpf-tools/db/vendor/oracle/migration/flyway/batDB/V87__batch_remote_message_ledger.sql;cpf-tools/db/vendor/postgresql/migration/flyway/batDB/V87__batch_remote_message_ledger.sql;cpf-tools/db/vendor/mariadb/seed/00_optional_sample_seed.sql;cpf-tools/db/vendor/mariadb/source/00_optional_sample_seed.sql;cpf-tools/db/vendor/oracle/seed/00_optional_sample_seed.sql;cpf-tools/db/vendor/oracle/source/00_optional_sample_seed.sql → N/A — no direct consumer is defined by this atomic contract; verification is performed through the owning Work Item gate. → GATE-01-OWNERSHIP;GATE-02-CONSUMER;GATE-03-HTTP-API;GATE-06-STATE-IDEMP;GATE-09-SECURITY;GATE-15-GENERATOR;GATE-16-COMPATIBILITY;GATE-18-TEST-EVIDENCE;GATE-20-HYGIENE",Per-Work-Item source inventory plus all applicable Engineering Gate commands,"Generator/OpenAPI/AsyncAPI/DB metadata/template 등 Canonical 입력과 생성 산출물의 ownership을 확정한다. || remove→regenerate deterministic parity와 user-owned 영역 보존을 검증한다. || API/message/file/DB/config/artifact의 semantic version, compatibility, deprecation, mixed-version와 rollback 영향을 처리한다. || Generated Source만 수동 수정하지 않고 원본 입력·Generator·Golden Sample을 함께 수정한다.",DIRECT_STATIC_AND_ACCEPTANCE_ALTERNATIVE,python cpf-tools/scripts/verify-cpf-generator-idempotency-templates.py --repo-root .; python cpf-tools/scripts/verify-cpf-generator-lifecycle.py --repo-root . || python cpf-tools/scripts/verify-cpf-qa34-build-contract.py --repo-root .,0,Acceptance-specific source/consumer review; relevant gates=GATE-15-GENERATOR;GATE-16-COMPATIBILITY; states=완료;미검증. Authoritative environment evidence remains unavailable for at least one relevant gate.,evidence/ATOMIC_WORK_ITEM_EVIDENCE.jsonl#CPF-WP-API-CONTRACT-06-GENERATION_COMPATIBILITY,Acceptance-specific source/consumer review; relevant gates=GATE-15-GENERATOR;GATE-16-COMPATIBILITY; states=완료;미검증. Authoritative environment evidence remains unavailable for at least one relevant gate.,완료,미검증,미검수,false
CPF-V9-INITIAL-FULL-REVIEW-20260805-2020-REV-007-DEVGPT-V9-S06,CPF-WP-API-FILE-01-CONTRACT_OWNERSHIP,WORK_PACKAGE,API-FILE,P1,PRODUCT_IMPLEMENTATION,CONTRACT_OWNERSHIP,계약·Ownership 확정,cpf-core API contract + endpoint owner,cpf-core API contract + endpoint owner,,DEVGPT-V9-S06,,"Canonical Owner Module·Package·State Owner와 실제 Consumer를 코드 기준으로 확정한다. || Public API·SPI·Internal, 입력·출력·오류·lifecycle·thread-safety·version 계약을 정의한다. || 역방향/순환 의존, Internal 참조, 선택 OSS type 노출, Dual Primary와 owner 없는 공통기능을 제거 또는 이관 대상으로 등록한다. || Local/Remote/Async/Batch 등 적용 topology에서 계약 동등성과 trust boundary를 정의한다.",기존 정식 Package와 Contract를 우선 재사용하고 새 Module은 실제 Owner가 없을 때만 제안한다. || 복잡한 기술 세부는 Internal로 숨기고 고객 확장 지점만 안정 SPI로 노출한다.,contract compatibility;unsupported capability;invalid configuration;internal access negative fixture,GATE-01-OWNERSHIP;GATE-02-CONSUMER;GATE-03-HTTP-API;GATE-10-CRYPTO-PRIVACY;GATE-13-PERFORMANCE;GATE-18-TEST-EVIDENCE;GATE-20-HYGIENE,STD-NIST-SSDF;STD-OAS;STD-OWASP-API;STD-RFC9457,cpf-admin/frontend/openapi/cpf-openapi.json;cpf-tools/scripts/verify-cpf-openapi-controller-coverage.py;cpf-tools/scripts/verify-cpf-generator-upgrade-ownership.py;cpf-tools/scripts/invoke-official-db-vendor-sql.ps1;cpf-admin/src/main/java/com/cpf/admin/opr/controller/AdmOpenApiController.java;cpf-core/src/main/java/com/cpf/core/api/broker/CpfBrokerClient.java;cpf-starters/integration/http-client/src/main/java/com/cpf/starter/integration/http/client/internal/CpfResilientHttpClient.java;cpf-tools/scripts/tests/test_oracle_sqlplus_secret_transport.py,cpf-admin/frontend/openapi/cpf-openapi.json,cpf-admin/src/main/java/com/cpf/admin/opr/controller/AdmOpenApiController.java;cpf-core/src/main/java/com/cpf/core/api/broker/CpfBrokerClient.java;cpf-starters/integration/http-client/src/main/java/com/cpf/starter/integration/http/client/internal/CpfResilientHttpClient.java;cpf-core/src/main/java/com/cpf/core/internal/broker/CpfBrokerClientAdapter.java;cpf-gateway/src/main/java/com/cpf/gateway/scg/CpfGatewayPinnedHttpClientConfiguration.java,"Canonical Owner Module·Package·State Owner와 실제 Consumer를 코드 기준으로 확정한다. || Public API·SPI·Internal, 입력·출력·오류·lifecycle·thread-safety·version 계약을 정의한다. || 역방향/순환 의존, Internal 참조, 선택 OSS type 노출, Dual Primary와 owner 없는 공통기능을 제거 또는 이관 대상으로 등록한다. || Local/Remote/Async/Batch 등 적용 topology에서 계약 동등성과 trust boundary를 정의한다. → cpf-admin/frontend/openapi/cpf-openapi.json;cpf-tools/scripts/verify-cpf-openapi-controller-coverage.py;cpf-tools/scripts/verify-cpf-generator-upgrade-ownership.py;cpf-tools/scripts/invoke-official-db-vendor-sql.ps1;cpf-admin/src/main/java/com/cpf/admin/opr/controller/AdmOpenApiController.java;cpf-core/src/main/java/com/cpf/core/api/broker/CpfBrokerClient.java;cpf-starters/integration/http-client/src/main/java/com/cpf/starter/integration/http/client/internal/CpfResilientHttpClient.java;cpf-tools/scripts/tests/test_oracle_sqlplus_secret_transport.py → cpf-admin/src/main/java/com/cpf/admin/opr/controller/AdmOpenApiController.java;cpf-core/src/main/java/com/cpf/core/api/broker/CpfBrokerClient.java;cpf-starters/integration/http-client/src/main/java/com/cpf/starter/integration/http/client/internal/CpfResilientHttpClient.java;cpf-core/src/main/java/com/cpf/core/internal/broker/CpfBrokerClientAdapter.java;cpf-gateway/src/main/java/com/cpf/gateway/scg/CpfGatewayPinnedHttpClientConfiguration.java → GATE-01-OWNERSHIP;GATE-02-CONSUMER;GATE-03-HTTP-API;GATE-10-CRYPTO-PRIVACY;GATE-13-PERFORMANCE;GATE-18-TEST-EVIDENCE;GATE-20-HYGIENE",Per-Work-Item source inventory plus all applicable Engineering Gate commands,"Canonical Owner Module·Package·State Owner와 실제 Consumer를 코드 기준으로 확정한다. || Public API·SPI·Internal, 입력·출력·오류·lifecycle·thread-safety·version 계약을 정의한다. || 역방향/순환 의존, Internal 참조, 선택 OSS type 노출, Dual Primary와 owner 없는 공통기능을 제거 또는 이관 대상으로 등록한다. || Local/Remote/Async/Batch 등 적용 topology에서 계약 동등성과 trust boundary를 정의한다.",DIRECT_STATIC_AND_ACCEPTANCE_ALTERNATIVE,python cpf-tools/scripts/verify-cpf-owner-boundaries.py --repo-root . --report-json <evidence>,0,Acceptance-specific source/consumer review; relevant gates=GATE-01-OWNERSHIP; states=완료. Direct or valid alternative evidence passed.,evidence/ATOMIC_WORK_ITEM_EVIDENCE.jsonl#CPF-WP-API-FILE-01-CONTRACT_OWNERSHIP,,완료,완료,미검수,false
CPF-V9-INITIAL-FULL-REVIEW-20260805-2020-REV-007-DEVGPT-V9-S06,CPF-WP-API-FILE-02-IMPLEMENTATION_CONSUMER,WORK_PACKAGE,API-FILE,P1,PRODUCT_IMPLEMENTATION,IMPLEMENTATION_CONSUMER,기본 구현·실제 Consumer 연결,cpf-core API contract + endpoint owner,cpf-core API contract + endpoint owner,,DEVGPT-V9-S06,CPF-WP-API-FILE-01-CONTRACT_OWNERSHIP,"Interface/DTO/Marker가 아닌 안전한 기본 구현·Provider·AutoConfiguration·상태 저장을 제공한다. || Bean/Route/SQL/API/Frontend/Script를 실제 Product Consumer 호출 경로에 연결한다. || 설정 safe default, validation, capability detection, lifecycle start/stop와 resource cleanup을 구현한다. || Consumer 없는 추상화나 Sample-only 구현이면 완료하지 않고 실제 Consumer 연결 또는 통합/폐기 후보로 처리한다.",Leaf Starter와 조건부 AutoConfiguration을 사용해 선택하지 않은 Runtime 의존을 유입하지 않는다. || 제품 Consumer와 Reference Consumer를 분리하되 동일 Public Contract를 사용한다.,normal consumer flow;missing provider;invalid property;startup/shutdown;resource cleanup,GATE-01-OWNERSHIP;GATE-02-CONSUMER;GATE-03-HTTP-API;GATE-10-CRYPTO-PRIVACY;GATE-13-PERFORMANCE;GATE-18-TEST-EVIDENCE;GATE-20-HYGIENE,STD-NIST-SSDF;STD-OAS;STD-OWASP-API;STD-RFC9457,cpf-admin/frontend/openapi/cpf-openapi.json;cpf-admin/frontend/src/generated/cpf-api.ts;cpf-admin/frontend/src/generated/cpf-operation-contract.ts;cpf-admin/frontend/playwright.config.ts;cpf-admin/frontend/src/generated/adm-route-operation-contract.ts;cpf-biz-admin/frontend/playwright.config.ts;cpf-admin/src/main/java/com/cpf/admin/opr/controller/AdmServiceRegistryController.java;cpf-tools/scripts/invoke-official-db-vendor-sql.ps1,cpf-admin/frontend/openapi/cpf-openapi.json,cpf-admin/frontend/src/generated/cpf-api.ts;cpf-admin/frontend/src/generated/cpf-operation-contract.ts;cpf-admin/frontend/src/generated/adm-route-operation-contract.ts;cpf-admin/src/main/java/com/cpf/admin/opr/controller/AdmServiceRegistryController.java;cpf-admin/src/main/java/com/cpf/admin/opr/controller/AdmConfigController.java,"Interface/DTO/Marker가 아닌 안전한 기본 구현·Provider·AutoConfiguration·상태 저장을 제공한다. || Bean/Route/SQL/API/Frontend/Script를 실제 Product Consumer 호출 경로에 연결한다. || 설정 safe default, validation, capability detection, lifecycle start/stop와 resource cleanup을 구현한다. || Consumer 없는 추상화나 Sample-only 구현이면 완료하지 않고 실제 Consumer 연결 또는 통합/폐기 후보로 처리한다. → cpf-admin/frontend/openapi/cpf-openapi.json;cpf-admin/frontend/src/generated/cpf-api.ts;cpf-admin/frontend/src/generated/cpf-operation-contract.ts;cpf-admin/frontend/playwright.config.ts;cpf-admin/frontend/src/generated/adm-route-operation-contract.ts;cpf-biz-admin/frontend/playwright.config.ts;cpf-admin/src/main/java/com/cpf/admin/opr/controller/AdmServiceRegistryController.java;cpf-tools/scripts/invoke-official-db-vendor-sql.ps1 → cpf-admin/frontend/src/generated/cpf-api.ts;cpf-admin/frontend/src/generated/cpf-operation-contract.ts;cpf-admin/frontend/src/generated/adm-route-operation-contract.ts;cpf-admin/src/main/java/com/cpf/admin/opr/controller/AdmServiceRegistryController.java;cpf-admin/src/main/java/com/cpf/admin/opr/controller/AdmConfigController.java → GATE-01-OWNERSHIP;GATE-02-CONSUMER;GATE-03-HTTP-API;GATE-10-CRYPTO-PRIVACY;GATE-13-PERFORMANCE;GATE-18-TEST-EVIDENCE;GATE-20-HYGIENE",Per-Work-Item source inventory plus all applicable Engineering Gate commands,"Interface/DTO/Marker가 아닌 안전한 기본 구현·Provider·AutoConfiguration·상태 저장을 제공한다. || Bean/Route/SQL/API/Frontend/Script를 실제 Product Consumer 호출 경로에 연결한다. || 설정 safe default, validation, capability detection, lifecycle start/stop와 resource cleanup을 구현한다. || Consumer 없는 추상화나 Sample-only 구현이면 완료하지 않고 실제 Consumer 연결 또는 통합/폐기 후보로 처리한다.",DIRECT_STATIC_AND_ACCEPTANCE_ALTERNATIVE,python cpf-tools/scripts/build-cpf-work-package-source-review.py --repo-root .; python cpf-tools/scripts/verify-cpf-spring-request-mapping-uniqueness.py --repo-root .,0,Acceptance-specific source/consumer review; relevant gates=GATE-02-CONSUMER; states=완료. Direct or valid alternative evidence passed.,evidence/ATOMIC_WORK_ITEM_EVIDENCE.jsonl#CPF-WP-API-FILE-02-IMPLEMENTATION_CONSUMER,,완료,완료,미검수,false
CPF-V9-INITIAL-FULL-REVIEW-20260805-2020-REV-007-DEVGPT-V9-S06,CPF-WP-API-FILE-03-VERIFICATION_EVIDENCE,WORK_PACKAGE,API-FILE,P1,PRODUCT_IMPLEMENTATION,VERIFICATION_EVIDENCE,검증·Evidence·추적성,cpf-core API contract + endpoint owner,cpf-core API contract + endpoint owner,,DEVGPT-V9-S06,CPF-WP-API-FILE-01-CONTRACT_OWNERSHIP;CPF-WP-API-FILE-02-IMPLEMENTATION_CONSUMER,"연결 CPF-FR Requirement와 CPF-SC Scenario를 논리 원장에서 전수 추출해 이 Work Package에 매핑한다. || 목표 환경을 먼저 실제 실행하고, 불가능할 때 최대 대체검증과 남은 실제 Runtime 차이를 분리한다. || 각 Scenario에 Test Method·Assertion·실제 결과·Evidence를 개별 연결한다. || 명령, 환경/version, 시간, exit code, report/artifact hash, sanitization과 baseline/working-tree 상태를 기록한다.",공통 Test Harness는 재사용하되 각 Requirement/Scenario의 Acceptance 근거를 개별 기록한다. || 긴 로그는 별도 Evidence로 두고 원장에는 핵심 결과와 경로를 남긴다.,direct validation;alternative validation;negative fixture;regression;evidence schema failure,GATE-01-OWNERSHIP;GATE-02-CONSUMER;GATE-03-HTTP-API;GATE-10-CRYPTO-PRIVACY;GATE-13-PERFORMANCE;GATE-18-TEST-EVIDENCE;GATE-20-HYGIENE,STD-NIST-SSDF;STD-OAS;STD-OWASP-API;STD-RFC9457,cpf-admin/frontend/openapi/cpf-openapi.json;cpf-biz-admin/frontend/playwright.config.ts;cpf-admin/src/main/java/com/cpf/admin/opr/controller/AdmOpenApiController.java;cpf-starters/integration/http-client/src/main/java/com/cpf/starter/integration/http/client/internal/CpfResilientHttpClient.java;cpf-tools/scripts/verify-cpf-openapi-controller-coverage.py;cpf-starters/integration/tcp/src/main/java/com/cpf/starter/integration/tcp/internal/CpfResilientTcpClient.java;cpf-biz-admin/frontend/e2e/route-quality.spec.ts;cpf-biz-admin/frontend/e2e/bff-security.spec.ts,cpf-admin/frontend/openapi/cpf-openapi.json,cpf-admin/src/main/java/com/cpf/admin/opr/controller/AdmOpenApiController.java;cpf-starters/integration/http-client/src/main/java/com/cpf/starter/integration/http/client/internal/CpfResilientHttpClient.java;cpf-starters/integration/tcp/src/main/java/com/cpf/starter/integration/tcp/internal/CpfResilientTcpClient.java;cpf-biz-admin/frontend/e2e/route-quality.spec.ts;cpf-biz-admin/frontend/e2e/bff-security.spec.ts,"연결 CPF-FR Requirement와 CPF-SC Scenario를 논리 원장에서 전수 추출해 이 Work Package에 매핑한다. || 목표 환경을 먼저 실제 실행하고, 불가능할 때 최대 대체검증과 남은 실제 Runtime 차이를 분리한다. || 각 Scenario에 Test Method·Assertion·실제 결과·Evidence를 개별 연결한다. || 명령, 환경/version, 시간, exit code, report/artifact hash, sanitization과 baseline/working-tree 상태를 기록한다. → cpf-admin/frontend/openapi/cpf-openapi.json;cpf-biz-admin/frontend/playwright.config.ts;cpf-admin/src/main/java/com/cpf/admin/opr/controller/AdmOpenApiController.java;cpf-starters/integration/http-client/src/main/java/com/cpf/starter/integration/http/client/internal/CpfResilientHttpClient.java;cpf-tools/scripts/verify-cpf-openapi-controller-coverage.py;cpf-starters/integration/tcp/src/main/java/com/cpf/starter/integration/tcp/internal/CpfResilientTcpClient.java;cpf-biz-admin/frontend/e2e/route-quality.spec.ts;cpf-biz-admin/frontend/e2e/bff-security.spec.ts → cpf-admin/src/main/java/com/cpf/admin/opr/controller/AdmOpenApiController.java;cpf-starters/integration/http-client/src/main/java/com/cpf/starter/integration/http/client/internal/CpfResilientHttpClient.java;cpf-starters/integration/tcp/src/main/java/com/cpf/starter/integration/tcp/internal/CpfResilientTcpClient.java;cpf-biz-admin/frontend/e2e/route-quality.spec.ts;cpf-biz-admin/frontend/e2e/bff-security.spec.ts → GATE-01-OWNERSHIP;GATE-02-CONSUMER;GATE-03-HTTP-API;GATE-10-CRYPTO-PRIVACY;GATE-13-PERFORMANCE;GATE-18-TEST-EVIDENCE;GATE-20-HYGIENE",Per-Work-Item source inventory plus all applicable Engineering Gate commands,"연결 CPF-FR Requirement와 CPF-SC Scenario를 논리 원장에서 전수 추출해 이 Work Package에 매핑한다. || 목표 환경을 먼저 실제 실행하고, 불가능할 때 최대 대체검증과 남은 실제 Runtime 차이를 분리한다. || 각 Scenario에 Test Method·Assertion·실제 결과·Evidence를 개별 연결한다. || 명령, 환경/version, 시간, exit code, report/artifact hash, sanitization과 baseline/working-tree 상태를 기록한다.",DIRECT_STATIC_AND_ACCEPTANCE_ALTERNATIVE,pytest -q <21 S06 verifier files>; ./gradlew test,0,Acceptance-specific source/consumer review; relevant gates=GATE-18-TEST-EVIDENCE; states=미검증. Authoritative environment evidence remains unavailable for at least one relevant gate.,evidence/ATOMIC_WORK_ITEM_EVIDENCE.jsonl#CPF-WP-API-FILE-03-VERIFICATION_EVIDENCE,Acceptance-specific source/consumer review; relevant gates=GATE-18-TEST-EVIDENCE; states=미검증. Authoritative environment evidence remains unavailable for at least one relevant gate.,완료,미검증,미검수,false
CPF-V9-INITIAL-FULL-REVIEW-20260805-2020-REV-007-DEVGPT-V9-S06,CPF-WP-API-FILE-04-FAILURE_RECOVERY,WORK_PACKAGE,API-FILE,P1,PRODUCT_IMPLEMENTATION,FAILURE_RECOVERY,오류·부분 실패·UNKNOWN·복구,cpf-core API contract + endpoint owner,cpf-core API contract + endpoint owner,,DEVGPT-V9-S06,CPF-WP-API-FILE-01-CONTRACT_OWNERSHIP,"정상, invalid, timeout, cancellation, dependency failure, partial failure와 resource exhaustion을 구현한다. || side-effect 전/후, commit/send/ACK/response loss의 UNKNOWN을 구분하고 durable state에 기록한다. || Retry budget, idempotency, lease/fencing, restart/reclaim, reconcile/compensation/manual resolution을 적용한다. || 다중 JVM/process와 process-kill 이후 중복·stale writer·blind retry를 방지한다.",명시적 상태 전이와 가상 Clock/Failure Injection 가능한 구조를 사용한다. || 공통 CPF resilience/locking/reconciliation 계약을 재사용하고 기능별 복제 Engine을 만들지 않는다.,timeout;cancel;dependency outage;partial failure;unknown result;duplicate;process kill;reconcile,GATE-01-OWNERSHIP;GATE-02-CONSUMER;GATE-03-HTTP-API;GATE-06-STATE-IDEMP;GATE-08-UNKNOWN-RECOVERY;GATE-10-CRYPTO-PRIVACY;GATE-13-PERFORMANCE;GATE-18-TEST-EVIDENCE;GATE-20-HYGIENE,STD-NIST-SSDF;STD-OAS;STD-OWASP-API;STD-RFC9457,cpf-admin/frontend/openapi/cpf-openapi.json;cpf-biz-admin/frontend/playwright.config.ts;cpf-admin/frontend/src/generated/cpf-api.ts;cpf-admin/frontend/src/generated/cpf-operation-contract.ts;cpf-biz-admin/frontend/e2e/route-quality.spec.ts;cpf-admin/src/main/java/com/cpf/admin/opr/controller/AdmOpenApiController.java;cpf-tools/scripts/verify-cpf-openapi-controller-coverage.py;cpf-biz-admin/frontend/e2e/bff-security.spec.ts,cpf-admin/frontend/openapi/cpf-openapi.json,cpf-admin/frontend/src/generated/cpf-api.ts;cpf-admin/frontend/src/generated/cpf-operation-contract.ts;cpf-biz-admin/frontend/e2e/route-quality.spec.ts;cpf-admin/src/main/java/com/cpf/admin/opr/controller/AdmOpenApiController.java;cpf-biz-admin/frontend/e2e/bff-security.spec.ts,"정상, invalid, timeout, cancellation, dependency failure, partial failure와 resource exhaustion을 구현한다. || side-effect 전/후, commit/send/ACK/response loss의 UNKNOWN을 구분하고 durable state에 기록한다. || Retry budget, idempotency, lease/fencing, restart/reclaim, reconcile/compensation/manual resolution을 적용한다. || 다중 JVM/process와 process-kill 이후 중복·stale writer·blind retry를 방지한다. → cpf-admin/frontend/openapi/cpf-openapi.json;cpf-biz-admin/frontend/playwright.config.ts;cpf-admin/frontend/src/generated/cpf-api.ts;cpf-admin/frontend/src/generated/cpf-operation-contract.ts;cpf-biz-admin/frontend/e2e/route-quality.spec.ts;cpf-admin/src/main/java/com/cpf/admin/opr/controller/AdmOpenApiController.java;cpf-tools/scripts/verify-cpf-openapi-controller-coverage.py;cpf-biz-admin/frontend/e2e/bff-security.spec.ts → cpf-admin/frontend/src/generated/cpf-api.ts;cpf-admin/frontend/src/generated/cpf-operation-contract.ts;cpf-biz-admin/frontend/e2e/route-quality.spec.ts;cpf-admin/src/main/java/com/cpf/admin/opr/controller/AdmOpenApiController.java;cpf-biz-admin/frontend/e2e/bff-security.spec.ts → GATE-01-OWNERSHIP;GATE-02-CONSUMER;GATE-03-HTTP-API;GATE-06-STATE-IDEMP;GATE-08-UNKNOWN-RECOVERY;GATE-10-CRYPTO-PRIVACY;GATE-13-PERFORMANCE;GATE-18-TEST-EVIDENCE;GATE-20-HYGIENE",Per-Work-Item source inventory plus all applicable Engineering Gate commands,"정상, invalid, timeout, cancellation, dependency failure, partial failure와 resource exhaustion을 구현한다. || side-effect 전/후, commit/send/ACK/response loss의 UNKNOWN을 구분하고 durable state에 기록한다. || Retry budget, idempotency, lease/fencing, restart/reclaim, reconcile/compensation/manual resolution을 적용한다. || 다중 JVM/process와 process-kill 이후 중복·stale writer·blind retry를 방지한다.",DIRECT_STATIC_AND_ACCEPTANCE_ALTERNATIVE,python cpf-tools/scripts/verify-cpf-runtime-alternatives.py --root . --report <evidence>,0,Acceptance-specific source/consumer review; relevant gates=GATE-08-UNKNOWN-RECOVERY; states=완료. Direct or valid alternative evidence passed.,evidence/ATOMIC_WORK_ITEM_EVIDENCE.jsonl#CPF-WP-API-FILE-04-FAILURE_RECOVERY,,완료,완료,미검수,false
CPF-V9-INITIAL-FULL-REVIEW-20260805-2020-REV-007-DEVGPT-V9-S06,CPF-WP-API-FILE-05-OPERATIONS_SECURITY,WORK_PACKAGE,API-FILE,P1,PRODUCT_IMPLEMENTATION,OPERATIONS_SECURITY,보안·승인·감사·운영,cpf-core API contract + endpoint owner,cpf-core API contract + endpoint owner,,DEVGPT-V9-S06,CPF-WP-API-FILE-01-CONTRACT_OWNERSHIP,"AuthN/AuthZ, object/property/function 권한, trust boundary, secure default와 입력/자원 한도를 적용한다. || Secret/PII/credential masking, raw access, download/export와 Evidence sanitization을 적용한다. || 조회·상태·오류·timeline·control·reason·approval·SoD·expiry·immutable audit를 제공한다. || Metric/alert/runbook와 자동복구 allowlist/attempt limit/rollback/escalation을 연결한다.",Owner Command/Query API를 통해 운영하고 ADM/BZA가 Owner DB를 직접 갱신하지 않게 한다. || OWASP ASVS/API Security negative scenario를 관련 Test Kit에 매핑한다.,unauthenticated;unauthorized object/property;approval expired;self approval;secret leak;unsafe operation,GATE-01-OWNERSHIP;GATE-02-CONSUMER;GATE-03-HTTP-API;GATE-09-SECURITY;GATE-10-CRYPTO-PRIVACY;GATE-11-OPS-AUDIT;GATE-13-PERFORMANCE;GATE-18-TEST-EVIDENCE;GATE-20-HYGIENE,STD-CISA-SBD;STD-NIST-SSDF;STD-OAS;STD-OWASP-API;STD-OWASP-ASVS;STD-RFC9457,cpf-biz-admin/frontend/e2e/bff-security.spec.ts;cpf-biz-admin/frontend/playwright.config.ts;cpf-tools/db/vendor/mariadb/migration/flyway/V87__batch_remote_message_ledger.sql;cpf-tools/db/vendor/oracle/migration/flyway/batDB/V87__batch_remote_message_ledger.sql;cpf-tools/db/vendor/postgresql/migration/flyway/batDB/V87__batch_remote_message_ledger.sql;cpf-tools/db/vendor/mariadb/seed/00_optional_sample_seed.sql;cpf-tools/db/vendor/mariadb/source/00_optional_sample_seed.sql;cpf-tools/db/vendor/oracle/seed/00_optional_sample_seed.sql,cpf-biz-admin/frontend/e2e/bff-security.spec.ts,cpf-biz-admin/frontend/e2e/bff-security.spec.ts,"AuthN/AuthZ, object/property/function 권한, trust boundary, secure default와 입력/자원 한도를 적용한다. || Secret/PII/credential masking, raw access, download/export와 Evidence sanitization을 적용한다. || 조회·상태·오류·timeline·control·reason·approval·SoD·expiry·immutable audit를 제공한다. || Metric/alert/runbook와 자동복구 allowlist/attempt limit/rollback/escalation을 연결한다. → cpf-biz-admin/frontend/e2e/bff-security.spec.ts;cpf-biz-admin/frontend/playwright.config.ts;cpf-tools/db/vendor/mariadb/migration/flyway/V87__batch_remote_message_ledger.sql;cpf-tools/db/vendor/oracle/migration/flyway/batDB/V87__batch_remote_message_ledger.sql;cpf-tools/db/vendor/postgresql/migration/flyway/batDB/V87__batch_remote_message_ledger.sql;cpf-tools/db/vendor/mariadb/seed/00_optional_sample_seed.sql;cpf-tools/db/vendor/mariadb/source/00_optional_sample_seed.sql;cpf-tools/db/vendor/oracle/seed/00_optional_sample_seed.sql → cpf-biz-admin/frontend/e2e/bff-security.spec.ts → GATE-01-OWNERSHIP;GATE-02-CONSUMER;GATE-03-HTTP-API;GATE-09-SECURITY;GATE-10-CRYPTO-PRIVACY;GATE-11-OPS-AUDIT;GATE-13-PERFORMANCE;GATE-18-TEST-EVIDENCE;GATE-20-HYGIENE",Per-Work-Item source inventory plus all applicable Engineering Gate commands,"AuthN/AuthZ, object/property/function 권한, trust boundary, secure default와 입력/자원 한도를 적용한다. || Secret/PII/credential masking, raw access, download/export와 Evidence sanitization을 적용한다. || 조회·상태·오류·timeline·control·reason·approval·SoD·expiry·immutable audit를 제공한다. || Metric/alert/runbook와 자동복구 allowlist/attempt limit/rollback/escalation을 연결한다.",DIRECT_STATIC_AND_ACCEPTANCE_ALTERNATIVE,java -cp <classes> Qa39Tool bff-security .; pytest -q cpf-tools/scripts/tests/test_oracle_sqlplus_secret_transport.py || python cpf-tools/scripts/build-cpf-work-package-source-review.py --repo-root .,0,Acceptance-specific source/consumer review; relevant gates=GATE-09-SECURITY;GATE-11-OPS-AUDIT; states=미검증;미검증. Authoritative environment evidence remains unavailable for at least one relevant gate.,evidence/ATOMIC_WORK_ITEM_EVIDENCE.jsonl#CPF-WP-API-FILE-05-OPERATIONS_SECURITY,Acceptance-specific source/consumer review; relevant gates=GATE-09-SECURITY;GATE-11-OPS-AUDIT; states=미검증;미검증. Authoritative environment evidence remains unavailable for at least one relevant gate.,완료,미검증,미검수,false
CPF-V9-INITIAL-FULL-REVIEW-20260805-2020-REV-007-DEVGPT-V9-S06,CPF-WP-API-PAGING-01-CONTRACT_OWNERSHIP,WORK_PACKAGE,API-PAGING,P1,PRODUCT_IMPLEMENTATION,CONTRACT_OWNERSHIP,계약·Ownership 확정,cpf-core API contract + endpoint owner,cpf-core API contract + endpoint owner,,DEVGPT-V9-S06,,"Canonical Owner Module·Package·State Owner와 실제 Consumer를 코드 기준으로 확정한다. || Public API·SPI·Internal, 입력·출력·오류·lifecycle·thread-safety·version 계약을 정의한다. || 역방향/순환 의존, Internal 참조, 선택 OSS type 노출, Dual Primary와 owner 없는 공통기능을 제거 또는 이관 대상으로 등록한다. || Local/Remote/Async/Batch 등 적용 topology에서 계약 동등성과 trust boundary를 정의한다.",기존 정식 Package와 Contract를 우선 재사용하고 새 Module은 실제 Owner가 없을 때만 제안한다. || 복잡한 기술 세부는 Internal로 숨기고 고객 확장 지점만 안정 SPI로 노출한다.,contract compatibility;unsupported capability;invalid configuration;internal access negative fixture,GATE-01-OWNERSHIP;GATE-02-CONSUMER;GATE-03-HTTP-API;GATE-18-TEST-EVIDENCE;GATE-20-HYGIENE,STD-NIST-SSDF;STD-OAS;STD-OWASP-API;STD-RFC9457,cpf-admin/frontend/openapi/cpf-openapi.json;cpf-tools/scripts/verify-cpf-openapi-controller-coverage.py;cpf-tools/scripts/verify-cpf-generator-upgrade-ownership.py;cpf-tools/scripts/invoke-official-db-vendor-sql.ps1;cpf-admin/src/main/java/com/cpf/admin/opr/controller/AdmOpenApiController.java;cpf-core/src/main/java/com/cpf/core/api/broker/CpfBrokerClient.java;cpf-starters/integration/http-client/src/main/java/com/cpf/starter/integration/http/client/internal/CpfResilientHttpClient.java;cpf-core/src/main/java/com/cpf/core/internal/broker/CpfBrokerClientAdapter.java,cpf-admin/frontend/openapi/cpf-openapi.json,cpf-admin/src/main/java/com/cpf/admin/opr/controller/AdmOpenApiController.java;cpf-core/src/main/java/com/cpf/core/api/broker/CpfBrokerClient.java;cpf-starters/integration/http-client/src/main/java/com/cpf/starter/integration/http/client/internal/CpfResilientHttpClient.java;cpf-core/src/main/java/com/cpf/core/internal/broker/CpfBrokerClientAdapter.java;cpf-gateway/src/main/java/com/cpf/gateway/scg/CpfGatewayPinnedHttpClientConfiguration.java,"Canonical Owner Module·Package·State Owner와 실제 Consumer를 코드 기준으로 확정한다. || Public API·SPI·Internal, 입력·출력·오류·lifecycle·thread-safety·version 계약을 정의한다. || 역방향/순환 의존, Internal 참조, 선택 OSS type 노출, Dual Primary와 owner 없는 공통기능을 제거 또는 이관 대상으로 등록한다. || Local/Remote/Async/Batch 등 적용 topology에서 계약 동등성과 trust boundary를 정의한다. → cpf-admin/frontend/openapi/cpf-openapi.json;cpf-tools/scripts/verify-cpf-openapi-controller-coverage.py;cpf-tools/scripts/verify-cpf-generator-upgrade-ownership.py;cpf-tools/scripts/invoke-official-db-vendor-sql.ps1;cpf-admin/src/main/java/com/cpf/admin/opr/controller/AdmOpenApiController.java;cpf-core/src/main/java/com/cpf/core/api/broker/CpfBrokerClient.java;cpf-starters/integration/http-client/src/main/java/com/cpf/starter/integration/http/client/internal/CpfResilientHttpClient.java;cpf-core/src/main/java/com/cpf/core/internal/broker/CpfBrokerClientAdapter.java → cpf-admin/src/main/java/com/cpf/admin/opr/controller/AdmOpenApiController.java;cpf-core/src/main/java/com/cpf/core/api/broker/CpfBrokerClient.java;cpf-starters/integration/http-client/src/main/java/com/cpf/starter/integration/http/client/internal/CpfResilientHttpClient.java;cpf-core/src/main/java/com/cpf/core/internal/broker/CpfBrokerClientAdapter.java;cpf-gateway/src/main/java/com/cpf/gateway/scg/CpfGatewayPinnedHttpClientConfiguration.java → GATE-01-OWNERSHIP;GATE-02-CONSUMER;GATE-03-HTTP-API;GATE-18-TEST-EVIDENCE;GATE-20-HYGIENE",Per-Work-Item source inventory plus all applicable Engineering Gate commands,"Canonical Owner Module·Package·State Owner와 실제 Consumer를 코드 기준으로 확정한다. || Public API·SPI·Internal, 입력·출력·오류·lifecycle·thread-safety·version 계약을 정의한다. || 역방향/순환 의존, Internal 참조, 선택 OSS type 노출, Dual Primary와 owner 없는 공통기능을 제거 또는 이관 대상으로 등록한다. || Local/Remote/Async/Batch 등 적용 topology에서 계약 동등성과 trust boundary를 정의한다.",DIRECT_STATIC_AND_ACCEPTANCE_ALTERNATIVE,python cpf-tools/scripts/verify-cpf-owner-boundaries.py --repo-root . --report-json <evidence>,0,Acceptance-specific source/consumer review; relevant gates=GATE-01-OWNERSHIP; states=완료. Direct or valid alternative evidence passed.,evidence/ATOMIC_WORK_ITEM_EVIDENCE.jsonl#CPF-WP-API-PAGING-01-CONTRACT_OWNERSHIP,,완료,완료,미검수,false
CPF-V9-INITIAL-FULL-REVIEW-20260805-2020-REV-007-DEVGPT-V9-S06,CPF-WP-API-PAGING-02-IMPLEMENTATION_CONSUMER,WORK_PACKAGE,API-PAGING,P1,PRODUCT_IMPLEMENTATION,IMPLEMENTATION_CONSUMER,기본 구현·실제 Consumer 연결,cpf-core API contract + endpoint owner,cpf-core API contract + endpoint owner,,DEVGPT-V9-S06,CPF-WP-API-PAGING-01-CONTRACT_OWNERSHIP,"Interface/DTO/Marker가 아닌 안전한 기본 구현·Provider·AutoConfiguration·상태 저장을 제공한다. || Bean/Route/SQL/API/Frontend/Script를 실제 Product Consumer 호출 경로에 연결한다. || 설정 safe default, validation, capability detection, lifecycle start/stop와 resource cleanup을 구현한다. || Consumer 없는 추상화나 Sample-only 구현이면 완료하지 않고 실제 Consumer 연결 또는 통합/폐기 후보로 처리한다.",Leaf Starter와 조건부 AutoConfiguration을 사용해 선택하지 않은 Runtime 의존을 유입하지 않는다. || 제품 Consumer와 Reference Consumer를 분리하되 동일 Public Contract를 사용한다.,normal consumer flow;missing provider;invalid property;startup/shutdown;resource cleanup,GATE-01-OWNERSHIP;GATE-02-CONSUMER;GATE-03-HTTP-API;GATE-18-TEST-EVIDENCE;GATE-20-HYGIENE,STD-NIST-SSDF;STD-OAS;STD-OWASP-API;STD-RFC9457,cpf-admin/frontend/openapi/cpf-openapi.json;cpf-admin/frontend/src/generated/cpf-api.ts;cpf-admin/frontend/src/generated/cpf-operation-contract.ts;cpf-admin/frontend/playwright.config.ts;cpf-admin/frontend/src/generated/adm-route-operation-contract.ts;cpf-biz-admin/frontend/playwright.config.ts;cpf-admin/src/main/java/com/cpf/admin/opr/controller/AdmServiceRegistryController.java;cpf-admin/src/main/java/com/cpf/admin/opr/controller/AdmConfigController.java,cpf-admin/frontend/openapi/cpf-openapi.json,cpf-admin/frontend/src/generated/cpf-api.ts;cpf-admin/frontend/src/generated/cpf-operation-contract.ts;cpf-admin/frontend/src/generated/adm-route-operation-contract.ts;cpf-admin/src/main/java/com/cpf/admin/opr/controller/AdmServiceRegistryController.java;cpf-admin/src/main/java/com/cpf/admin/opr/controller/AdmConfigController.java,"Interface/DTO/Marker가 아닌 안전한 기본 구현·Provider·AutoConfiguration·상태 저장을 제공한다. || Bean/Route/SQL/API/Frontend/Script를 실제 Product Consumer 호출 경로에 연결한다. || 설정 safe default, validation, capability detection, lifecycle start/stop와 resource cleanup을 구현한다. || Consumer 없는 추상화나 Sample-only 구현이면 완료하지 않고 실제 Consumer 연결 또는 통합/폐기 후보로 처리한다. → cpf-admin/frontend/openapi/cpf-openapi.json;cpf-admin/frontend/src/generated/cpf-api.ts;cpf-admin/frontend/src/generated/cpf-operation-contract.ts;cpf-admin/frontend/playwright.config.ts;cpf-admin/frontend/src/generated/adm-route-operation-contract.ts;cpf-biz-admin/frontend/playwright.config.ts;cpf-admin/src/main/java/com/cpf/admin/opr/controller/AdmServiceRegistryController.java;cpf-admin/src/main/java/com/cpf/admin/opr/controller/AdmConfigController.java → cpf-admin/frontend/src/generated/cpf-api.ts;cpf-admin/frontend/src/generated/cpf-operation-contract.ts;cpf-admin/frontend/src/generated/adm-route-operation-contract.ts;cpf-admin/src/main/java/com/cpf/admin/opr/controller/AdmServiceRegistryController.java;cpf-admin/src/main/java/com/cpf/admin/opr/controller/AdmConfigController.java → GATE-01-OWNERSHIP;GATE-02-CONSUMER;GATE-03-HTTP-API;GATE-18-TEST-EVIDENCE;GATE-20-HYGIENE",Per-Work-Item source inventory plus all applicable Engineering Gate commands,"Interface/DTO/Marker가 아닌 안전한 기본 구현·Provider·AutoConfiguration·상태 저장을 제공한다. || Bean/Route/SQL/API/Frontend/Script를 실제 Product Consumer 호출 경로에 연결한다. || 설정 safe default, validation, capability detection, lifecycle start/stop와 resource cleanup을 구현한다. || Consumer 없는 추상화나 Sample-only 구현이면 완료하지 않고 실제 Consumer 연결 또는 통합/폐기 후보로 처리한다.",DIRECT_STATIC_AND_ACCEPTANCE_ALTERNATIVE,python cpf-tools/scripts/build-cpf-work-package-source-review.py --repo-root .; python cpf-tools/scripts/verify-cpf-spring-request-mapping-uniqueness.py --repo-root .,0,Acceptance-specific source/consumer review; relevant gates=GATE-02-CONSUMER; states=완료. Direct or valid alternative evidence passed.,evidence/ATOMIC_WORK_ITEM_EVIDENCE.jsonl#CPF-WP-API-PAGING-02-IMPLEMENTATION_CONSUMER,,완료,완료,미검수,false
CPF-V9-INITIAL-FULL-REVIEW-20260805-2020-REV-007-DEVGPT-V9-S06,CPF-WP-API-PAGING-03-VERIFICATION_EVIDENCE,WORK_PACKAGE,API-PAGING,P1,PRODUCT_IMPLEMENTATION,VERIFICATION_EVIDENCE,검증·Evidence·추적성,cpf-core API contract + endpoint owner,cpf-core API contract + endpoint owner,,DEVGPT-V9-S06,CPF-WP-API-PAGING-01-CONTRACT_OWNERSHIP;CPF-WP-API-PAGING-02-IMPLEMENTATION_CONSUMER,"연결 CPF-FR Requirement와 CPF-SC Scenario를 논리 원장에서 전수 추출해 이 Work Package에 매핑한다. || 목표 환경을 먼저 실제 실행하고, 불가능할 때 최대 대체검증과 남은 실제 Runtime 차이를 분리한다. || 각 Scenario에 Test Method·Assertion·실제 결과·Evidence를 개별 연결한다. || 명령, 환경/version, 시간, exit code, report/artifact hash, sanitization과 baseline/working-tree 상태를 기록한다.",공통 Test Harness는 재사용하되 각 Requirement/Scenario의 Acceptance 근거를 개별 기록한다. || 긴 로그는 별도 Evidence로 두고 원장에는 핵심 결과와 경로를 남긴다.,direct validation;alternative validation;negative fixture;regression;evidence schema failure,GATE-01-OWNERSHIP;GATE-02-CONSUMER;GATE-03-HTTP-API;GATE-18-TEST-EVIDENCE;GATE-20-HYGIENE,STD-NIST-SSDF;STD-OAS;STD-OWASP-API;STD-RFC9457,cpf-admin/frontend/openapi/cpf-openapi.json;cpf-admin/frontend/src/generated/cpf-api.ts;cpf-admin/frontend/src/generated/cpf-operation-contract.ts;cpf-tools/config/cpf-starter-catalog.json;cpf-tools/generator/contracts/cpf-starter-catalog.json;cpf-tools/scripts/run-cpf-full-qa-validation.ps1;cpf-tools/scripts/verify-cpf-execution-scope-exhaustive.py;cpf-tools/scripts/verify-local-artifact-propagation.ps1,cpf-admin/frontend/openapi/cpf-openapi.json,cpf-admin/frontend/src/generated/cpf-api.ts;cpf-admin/frontend/src/generated/cpf-operation-contract.ts;cpf-gateway/src/main/java/com/cpf/gateway/scg/CpfGatewayPinnedHttpClientConfiguration.java;cpf-starters/integration/http-client/src/main/java/com/cpf/starter/integration/http/client/internal/CpfResilientHttpClient.java,"연결 CPF-FR Requirement와 CPF-SC Scenario를 논리 원장에서 전수 추출해 이 Work Package에 매핑한다. || 목표 환경을 먼저 실제 실행하고, 불가능할 때 최대 대체검증과 남은 실제 Runtime 차이를 분리한다. || 각 Scenario에 Test Method·Assertion·실제 결과·Evidence를 개별 연결한다. || 명령, 환경/version, 시간, exit code, report/artifact hash, sanitization과 baseline/working-tree 상태를 기록한다. → cpf-admin/frontend/openapi/cpf-openapi.json;cpf-admin/frontend/src/generated/cpf-api.ts;cpf-admin/frontend/src/generated/cpf-operation-contract.ts;cpf-tools/config/cpf-starter-catalog.json;cpf-tools/generator/contracts/cpf-starter-catalog.json;cpf-tools/scripts/run-cpf-full-qa-validation.ps1;cpf-tools/scripts/verify-cpf-execution-scope-exhaustive.py;cpf-tools/scripts/verify-local-artifact-propagation.ps1 → cpf-admin/frontend/src/generated/cpf-api.ts;cpf-admin/frontend/src/generated/cpf-operation-contract.ts;cpf-gateway/src/main/java/com/cpf/gateway/scg/CpfGatewayPinnedHttpClientConfiguration.java;cpf-starters/integration/http-client/src/main/java/com/cpf/starter/integration/http/client/internal/CpfResilientHttpClient.java → GATE-01-OWNERSHIP;GATE-02-CONSUMER;GATE-03-HTTP-API;GATE-18-TEST-EVIDENCE;GATE-20-HYGIENE",Per-Work-Item source inventory plus all applicable Engineering Gate commands,"연결 CPF-FR Requirement와 CPF-SC Scenario를 논리 원장에서 전수 추출해 이 Work Package에 매핑한다. || 목표 환경을 먼저 실제 실행하고, 불가능할 때 최대 대체검증과 남은 실제 Runtime 차이를 분리한다. || 각 Scenario에 Test Method·Assertion·실제 결과·Evidence를 개별 연결한다. || 명령, 환경/version, 시간, exit code, report/artifact hash, sanitization과 baseline/working-tree 상태를 기록한다.",DIRECT_STATIC_AND_ACCEPTANCE_ALTERNATIVE,pytest -q <21 S06 verifier files>; ./gradlew test,0,Acceptance-specific source/consumer review; relevant gates=GATE-18-TEST-EVIDENCE; states=미검증. Authoritative environment evidence remains unavailable for at least one relevant gate.,evidence/ATOMIC_WORK_ITEM_EVIDENCE.jsonl#CPF-WP-API-PAGING-03-VERIFICATION_EVIDENCE,Acceptance-specific source/consumer review; relevant gates=GATE-18-TEST-EVIDENCE; states=미검증. Authoritative environment evidence remains unavailable for at least one relevant gate.,완료,미검증,미검수,false
CPF-V9-INITIAL-FULL-REVIEW-20260805-2020-REV-007-DEVGPT-V9-S06,CPF-WP-ARCH-BOUNDARY-01-CONTRACT_OWNERSHIP,WORK_PACKAGE,ARCH-BOUNDARY,P1,PRODUCT_IMPLEMENTATION,CONTRACT_OWNERSHIP,계약·Ownership 확정,cpf-core / repository architecture,cpf-core,repository architecture,DEVGPT-V9-S06,,"Canonical Owner Module·Package·State Owner와 실제 Consumer를 코드 기준으로 확정한다. || Public API·SPI·Internal, 입력·출력·오류·lifecycle·thread-safety·version 계약을 정의한다. || 역방향/순환 의존, Internal 참조, 선택 OSS type 노출, Dual Primary와 owner 없는 공통기능을 제거 또는 이관 대상으로 등록한다. || Local/Remote/Async/Batch 등 적용 topology에서 계약 동등성과 trust boundary를 정의한다.",기존 정식 Package와 Contract를 우선 재사용하고 새 Module은 실제 Owner가 없을 때만 제안한다. || 복잡한 기술 세부는 Internal로 숨기고 고객 확장 지점만 안정 SPI로 노출한다.,contract compatibility;unsupported capability;invalid configuration;internal access negative fixture,GATE-01-OWNERSHIP;GATE-02-CONSUMER;GATE-05-DB-QUERY;GATE-07-MULTI-INSTANCE;GATE-13-PERFORMANCE;GATE-15-GENERATOR;GATE-18-TEST-EVIDENCE;GATE-20-HYGIENE,STD-GRADLE-JAVA;STD-NIST-SSDF;STD-SPRING,cpf-tools/scripts/verify-cpf-generator-upgrade-ownership.py;cpf-tools/scripts/build-cpf-requirement-development-traceability.py;cpf-admin/frontend/openapi/cpf-openapi.json;cpf-tools/scripts/invoke-official-db-vendor-sql.ps1;cpf-tools/scripts/verify-cpf-owner-boundaries.py;cpf-tools/scripts/verify-cpf-product-governance.py;cpf-tools/scripts/verify-cpf-publication-starter-closure.py;cpf-tools/scripts/tests/test_publication_starter_closure.py,cpf-tools/scripts/verify-cpf-generator-upgrade-ownership.py,N/A — no direct consumer is defined by this atomic contract; verification is performed through the owning Work Item gate.,"Canonical Owner Module·Package·State Owner와 실제 Consumer를 코드 기준으로 확정한다. || Public API·SPI·Internal, 입력·출력·오류·lifecycle·thread-safety·version 계약을 정의한다. || 역방향/순환 의존, Internal 참조, 선택 OSS type 노출, Dual Primary와 owner 없는 공통기능을 제거 또는 이관 대상으로 등록한다. || Local/Remote/Async/Batch 등 적용 topology에서 계약 동등성과 trust boundary를 정의한다. → cpf-tools/scripts/verify-cpf-generator-upgrade-ownership.py;cpf-tools/scripts/build-cpf-requirement-development-traceability.py;cpf-admin/frontend/openapi/cpf-openapi.json;cpf-tools/scripts/invoke-official-db-vendor-sql.ps1;cpf-tools/scripts/verify-cpf-owner-boundaries.py;cpf-tools/scripts/verify-cpf-product-governance.py;cpf-tools/scripts/verify-cpf-publication-starter-closure.py;cpf-tools/scripts/tests/test_publication_starter_closure.py → N/A — no direct consumer is defined by this atomic contract; verification is performed through the owning Work Item gate. → GATE-01-OWNERSHIP;GATE-02-CONSUMER;GATE-05-DB-QUERY;GATE-07-MULTI-INSTANCE;GATE-13-PERFORMANCE;GATE-15-GENERATOR;GATE-18-TEST-EVIDENCE;GATE-20-HYGIENE",Per-Work-Item source inventory plus all applicable Engineering Gate commands,"Canonical Owner Module·Package·State Owner와 실제 Consumer를 코드 기준으로 확정한다. || Public API·SPI·Internal, 입력·출력·오류·lifecycle·thread-safety·version 계약을 정의한다. || 역방향/순환 의존, Internal 참조, 선택 OSS type 노출, Dual Primary와 owner 없는 공통기능을 제거 또는 이관 대상으로 등록한다. || Local/Remote/Async/Batch 등 적용 topology에서 계약 동등성과 trust boundary를 정의한다.",DIRECT_STATIC_AND_ACCEPTANCE_ALTERNATIVE,python cpf-tools/scripts/verify-cpf-owner-boundaries.py --repo-root . --report-json <evidence>,0,Acceptance-specific source/consumer review; relevant gates=GATE-01-OWNERSHIP; states=완료. Direct or valid alternative evidence passed.,evidence/ATOMIC_WORK_ITEM_EVIDENCE.jsonl#CPF-WP-ARCH-BOUNDARY-01-CONTRACT_OWNERSHIP,,완료,완료,미검수,false
CPF-V9-INITIAL-FULL-REVIEW-20260805-2020-REV-007-DEVGPT-V9-S06,CPF-WP-ARCH-BOUNDARY-02-IMPLEMENTATION_CONSUMER,WORK_PACKAGE,ARCH-BOUNDARY,P1,PRODUCT_IMPLEMENTATION,IMPLEMENTATION_CONSUMER,기본 구현·실제 Consumer 연결,cpf-core / repository architecture,cpf-core,repository architecture,DEVGPT-V9-S06,CPF-WP-ARCH-BOUNDARY-01-CONTRACT_OWNERSHIP,"Interface/DTO/Marker가 아닌 안전한 기본 구현·Provider·AutoConfiguration·상태 저장을 제공한다. || Bean/Route/SQL/API/Frontend/Script를 실제 Product Consumer 호출 경로에 연결한다. || 설정 safe default, validation, capability detection, lifecycle start/stop와 resource cleanup을 구현한다. || Consumer 없는 추상화나 Sample-only 구현이면 완료하지 않고 실제 Consumer 연결 또는 통합/폐기 후보로 처리한다.",Leaf Starter와 조건부 AutoConfiguration을 사용해 선택하지 않은 Runtime 의존을 유입하지 않는다. || 제품 Consumer와 Reference Consumer를 분리하되 동일 Public Contract를 사용한다.,normal consumer flow;missing provider;invalid property;startup/shutdown;resource cleanup,GATE-01-OWNERSHIP;GATE-02-CONSUMER;GATE-05-DB-QUERY;GATE-07-MULTI-INSTANCE;GATE-13-PERFORMANCE;GATE-15-GENERATOR;GATE-18-TEST-EVIDENCE;GATE-20-HYGIENE,STD-GRADLE-JAVA;STD-NIST-SSDF;STD-SPRING,cpf-tools/generator/create-domain-jobpack.ps1;cpf-tools/generator/verify-domain-lifecycle.ps1;cpf-tools/scripts/build-cpf-requirement-development-traceability.py;cpf-tools/generator/create-domain-repository.ps1;cpf-admin/frontend/src/generated/cpf-api.ts;cpf-tools/generator/export-domain-repository.ps1;cpf-tools/scripts/verify-cpf-generator-lifecycle.py;cpf-tools/scripts/verify-cpf-requirement-traceability.py,cpf-tools/generator/create-domain-jobpack.ps1,cpf-admin/frontend/src/generated/cpf-api.ts;cpf-admin/src/main/java/com/cpf/admin/opr/controller/AdmBatchController.java;cpf-admin/src/main/java/com/cpf/admin/opr/controller/AdmBatchWorkbenchController.java,"Interface/DTO/Marker가 아닌 안전한 기본 구현·Provider·AutoConfiguration·상태 저장을 제공한다. || Bean/Route/SQL/API/Frontend/Script를 실제 Product Consumer 호출 경로에 연결한다. || 설정 safe default, validation, capability detection, lifecycle start/stop와 resource cleanup을 구현한다. || Consumer 없는 추상화나 Sample-only 구현이면 완료하지 않고 실제 Consumer 연결 또는 통합/폐기 후보로 처리한다. → cpf-tools/generator/create-domain-jobpack.ps1;cpf-tools/generator/verify-domain-lifecycle.ps1;cpf-tools/scripts/build-cpf-requirement-development-traceability.py;cpf-tools/generator/create-domain-repository.ps1;cpf-admin/frontend/src/generated/cpf-api.ts;cpf-tools/generator/export-domain-repository.ps1;cpf-tools/scripts/verify-cpf-generator-lifecycle.py;cpf-tools/scripts/verify-cpf-requirement-traceability.py → cpf-admin/frontend/src/generated/cpf-api.ts;cpf-admin/src/main/java/com/cpf/admin/opr/controller/AdmBatchController.java;cpf-admin/src/main/java/com/cpf/admin/opr/controller/AdmBatchWorkbenchController.java → GATE-01-OWNERSHIP;GATE-02-CONSUMER;GATE-05-DB-QUERY;GATE-07-MULTI-INSTANCE;GATE-13-PERFORMANCE;GATE-15-GENERATOR;GATE-18-TEST-EVIDENCE;GATE-20-HYGIENE",Per-Work-Item source inventory plus all applicable Engineering Gate commands,"Interface/DTO/Marker가 아닌 안전한 기본 구현·Provider·AutoConfiguration·상태 저장을 제공한다. || Bean/Route/SQL/API/Frontend/Script를 실제 Product Consumer 호출 경로에 연결한다. || 설정 safe default, validation, capability detection, lifecycle start/stop와 resource cleanup을 구현한다. || Consumer 없는 추상화나 Sample-only 구현이면 완료하지 않고 실제 Consumer 연결 또는 통합/폐기 후보로 처리한다.",DIRECT_STATIC_AND_ACCEPTANCE_ALTERNATIVE,python cpf-tools/scripts/build-cpf-work-package-source-review.py --repo-root .; python cpf-tools/scripts/verify-cpf-spring-request-mapping-uniqueness.py --repo-root .,0,Acceptance-specific source/consumer review; relevant gates=GATE-02-CONSUMER; states=완료. Direct or valid alternative evidence passed.,evidence/ATOMIC_WORK_ITEM_EVIDENCE.jsonl#CPF-WP-ARCH-BOUNDARY-02-IMPLEMENTATION_CONSUMER,,완료,완료,미검수,false
CPF-V9-INITIAL-FULL-REVIEW-20260805-2020-REV-007-DEVGPT-V9-S06,CPF-WP-ARCH-BOUNDARY-03-VERIFICATION_EVIDENCE,WORK_PACKAGE,ARCH-BOUNDARY,P1,PRODUCT_IMPLEMENTATION,VERIFICATION_EVIDENCE,검증·Evidence·추적성,cpf-core / repository architecture,cpf-core,repository architecture,DEVGPT-V9-S06,CPF-WP-ARCH-BOUNDARY-01-CONTRACT_OWNERSHIP;CPF-WP-ARCH-BOUNDARY-02-IMPLEMENTATION_CONSUMER,"연결 CPF-FR Requirement와 CPF-SC Scenario를 논리 원장에서 전수 추출해 이 Work Package에 매핑한다. || 목표 환경을 먼저 실제 실행하고, 불가능할 때 최대 대체검증과 남은 실제 Runtime 차이를 분리한다. || 각 Scenario에 Test Method·Assertion·실제 결과·Evidence를 개별 연결한다. || 명령, 환경/version, 시간, exit code, report/artifact hash, sanitization과 baseline/working-tree 상태를 기록한다.",공통 Test Harness는 재사용하되 각 Requirement/Scenario의 Acceptance 근거를 개별 기록한다. || 긴 로그는 별도 Evidence로 두고 원장에는 핵심 결과와 경로를 남긴다.,direct validation;alternative validation;negative fixture;regression;evidence schema failure,GATE-01-OWNERSHIP;GATE-02-CONSUMER;GATE-05-DB-QUERY;GATE-07-MULTI-INSTANCE;GATE-13-PERFORMANCE;GATE-15-GENERATOR;GATE-18-TEST-EVIDENCE;GATE-20-HYGIENE,STD-GRADLE-JAVA;STD-NIST-SSDF;STD-SPRING,cpf-tools/scripts/build-cpf-requirement-development-traceability.py;cpf-tools/scripts/verify-cpf-requirement-traceability.py;cpf-tools/config/cpf-starter-catalog.json;cpf-tools/generator/contracts/cpf-starter-catalog.json;cpf-tools/scripts/run-cpf-full-qa-validation.ps1;cpf-admin/frontend/openapi/cpf-openapi.json;cpf-starters/integration/http-client/src/main/java/com/cpf/starter/integration/http/client/internal/CpfResilientHttpClient.java;cpf-docs/work/current/CPF_DEVGPT_CONTROL_V9/TEST_AND_EVIDENCE.md,cpf-tools/scripts/build-cpf-requirement-development-traceability.py,cpf-starters/integration/http-client/src/main/java/com/cpf/starter/integration/http/client/internal/CpfResilientHttpClient.java;cpf-starters/integration/tcp/src/main/java/com/cpf/starter/integration/tcp/internal/CpfResilientTcpClient.java,"연결 CPF-FR Requirement와 CPF-SC Scenario를 논리 원장에서 전수 추출해 이 Work Package에 매핑한다. || 목표 환경을 먼저 실제 실행하고, 불가능할 때 최대 대체검증과 남은 실제 Runtime 차이를 분리한다. || 각 Scenario에 Test Method·Assertion·실제 결과·Evidence를 개별 연결한다. || 명령, 환경/version, 시간, exit code, report/artifact hash, sanitization과 baseline/working-tree 상태를 기록한다. → cpf-tools/scripts/build-cpf-requirement-development-traceability.py;cpf-tools/scripts/verify-cpf-requirement-traceability.py;cpf-tools/config/cpf-starter-catalog.json;cpf-tools/generator/contracts/cpf-starter-catalog.json;cpf-tools/scripts/run-cpf-full-qa-validation.ps1;cpf-admin/frontend/openapi/cpf-openapi.json;cpf-starters/integration/http-client/src/main/java/com/cpf/starter/integration/http/client/internal/CpfResilientHttpClient.java;cpf-docs/work/current/CPF_DEVGPT_CONTROL_V9/TEST_AND_EVIDENCE.md → cpf-starters/integration/http-client/src/main/java/com/cpf/starter/integration/http/client/internal/CpfResilientHttpClient.java;cpf-starters/integration/tcp/src/main/java/com/cpf/starter/integration/tcp/internal/CpfResilientTcpClient.java → GATE-01-OWNERSHIP;GATE-02-CONSUMER;GATE-05-DB-QUERY;GATE-07-MULTI-INSTANCE;GATE-13-PERFORMANCE;GATE-15-GENERATOR;GATE-18-TEST-EVIDENCE;GATE-20-HYGIENE",Per-Work-Item source inventory plus all applicable Engineering Gate commands,"연결 CPF-FR Requirement와 CPF-SC Scenario를 논리 원장에서 전수 추출해 이 Work Package에 매핑한다. || 목표 환경을 먼저 실제 실행하고, 불가능할 때 최대 대체검증과 남은 실제 Runtime 차이를 분리한다. || 각 Scenario에 Test Method·Assertion·실제 결과·Evidence를 개별 연결한다. || 명령, 환경/version, 시간, exit code, report/artifact hash, sanitization과 baseline/working-tree 상태를 기록한다.",DIRECT_STATIC_AND_ACCEPTANCE_ALTERNATIVE,pytest -q <21 S06 verifier files>; ./gradlew test,0,Acceptance-specific source/consumer review; relevant gates=GATE-18-TEST-EVIDENCE; states=미검증. Authoritative environment evidence remains unavailable for at least one relevant gate.,evidence/ATOMIC_WORK_ITEM_EVIDENCE.jsonl#CPF-WP-ARCH-BOUNDARY-03-VERIFICATION_EVIDENCE,Acceptance-specific source/consumer review; relevant gates=GATE-18-TEST-EVIDENCE; states=미검증. Authoritative environment evidence remains unavailable for at least one relevant gate.,완료,미검증,미검수,false
CPF-V9-INITIAL-FULL-REVIEW-20260805-2020-REV-007-DEVGPT-V9-S06,CPF-WP-ARCH-BOUNDARY-04-FAILURE_RECOVERY,WORK_PACKAGE,ARCH-BOUNDARY,P1,PRODUCT_IMPLEMENTATION,FAILURE_RECOVERY,오류·부분 실패·UNKNOWN·복구,cpf-core / repository architecture,cpf-core,repository architecture,DEVGPT-V9-S06,CPF-WP-ARCH-BOUNDARY-01-CONTRACT_OWNERSHIP,"정상, invalid, timeout, cancellation, dependency failure, partial failure와 resource exhaustion을 구현한다. || side-effect 전/후, commit/send/ACK/response loss의 UNKNOWN을 구분하고 durable state에 기록한다. || Retry budget, idempotency, lease/fencing, restart/reclaim, reconcile/compensation/manual resolution을 적용한다. || 다중 JVM/process와 process-kill 이후 중복·stale writer·blind retry를 방지한다.",명시적 상태 전이와 가상 Clock/Failure Injection 가능한 구조를 사용한다. || 공통 CPF resilience/locking/reconciliation 계약을 재사용하고 기능별 복제 Engine을 만들지 않는다.,timeout;cancel;dependency outage;partial failure;unknown result;duplicate;process kill;reconcile,GATE-01-OWNERSHIP;GATE-02-CONSUMER;GATE-05-DB-QUERY;GATE-06-STATE-IDEMP;GATE-07-MULTI-INSTANCE;GATE-08-UNKNOWN-RECOVERY;GATE-13-PERFORMANCE;GATE-15-GENERATOR;GATE-18-TEST-EVIDENCE;GATE-20-HYGIENE,STD-GRADLE-JAVA;STD-NIST-SSDF;STD-SPRING,cpf-admin/frontend/openapi/cpf-openapi.json;cpf-tools/config/cpf-starter-catalog.json;cpf-tools/scripts/build-cpf-requirement-development-traceability.py;cpf-admin/frontend/src/generated/cpf-api.ts;cpf-tools/scripts/verify-cpf-product-governance.py;cpf-tools/scripts/verify-cpf-starter-catalog-truth.py;cpf-tools/scripts/invoke-official-db-vendor-sql.ps1;cpf-tools/scripts/tests/test_publication_starter_closure.py,cpf-admin/frontend/openapi/cpf-openapi.json,cpf-admin/frontend/src/generated/cpf-api.ts,"정상, invalid, timeout, cancellation, dependency failure, partial failure와 resource exhaustion을 구현한다. || side-effect 전/후, commit/send/ACK/response loss의 UNKNOWN을 구분하고 durable state에 기록한다. || Retry budget, idempotency, lease/fencing, restart/reclaim, reconcile/compensation/manual resolution을 적용한다. || 다중 JVM/process와 process-kill 이후 중복·stale writer·blind retry를 방지한다. → cpf-admin/frontend/openapi/cpf-openapi.json;cpf-tools/config/cpf-starter-catalog.json;cpf-tools/scripts/build-cpf-requirement-development-traceability.py;cpf-admin/frontend/src/generated/cpf-api.ts;cpf-tools/scripts/verify-cpf-product-governance.py;cpf-tools/scripts/verify-cpf-starter-catalog-truth.py;cpf-tools/scripts/invoke-official-db-vendor-sql.ps1;cpf-tools/scripts/tests/test_publication_starter_closure.py → cpf-admin/frontend/src/generated/cpf-api.ts → GATE-01-OWNERSHIP;GATE-02-CONSUMER;GATE-05-DB-QUERY;GATE-06-STATE-IDEMP;GATE-07-MULTI-INSTANCE;GATE-08-UNKNOWN-RECOVERY;GATE-13-PERFORMANCE;GATE-15-GENERATOR;GATE-18-TEST-EVIDENCE;GATE-20-HYGIENE",Per-Work-Item source inventory plus all applicable Engineering Gate commands,"정상, invalid, timeout, cancellation, dependency failure, partial failure와 resource exhaustion을 구현한다. || side-effect 전/후, commit/send/ACK/response loss의 UNKNOWN을 구분하고 durable state에 기록한다. || Retry budget, idempotency, lease/fencing, restart/reclaim, reconcile/compensation/manual resolution을 적용한다. || 다중 JVM/process와 process-kill 이후 중복·stale writer·blind retry를 방지한다.",DIRECT_STATIC_AND_ACCEPTANCE_ALTERNATIVE,python cpf-tools/scripts/verify-cpf-runtime-alternatives.py --root . --report <evidence>,0,Acceptance-specific source/consumer review; relevant gates=GATE-08-UNKNOWN-RECOVERY; states=완료. Direct or valid alternative evidence passed.,evidence/ATOMIC_WORK_ITEM_EVIDENCE.jsonl#CPF-WP-ARCH-BOUNDARY-04-FAILURE_RECOVERY,,완료,완료,미검수,false
CPF-V9-INITIAL-FULL-REVIEW-20260805-2020-REV-007-DEVGPT-V9-S06,CPF-WP-ARCH-BOUNDARY-05-DATA_MIGRATION,WORK_PACKAGE,ARCH-BOUNDARY,P1,PRODUCT_IMPLEMENTATION,DATA_MIGRATION,DB·Query·Generator·Vendor Lifecycle,cpf-core / repository architecture,cpf-core,repository architecture,DEVGPT-V9-S06,CPF-WP-ARCH-BOUNDARY-01-CONTRACT_OWNERSHIP,DB/SQL/Query 영향 여부를 반드시 판정하고 N/A면 실제 호출 경로 근거를 기록한다. || Canonical Model/Query Contract→Generator/Template→Generated SQL/Mapper→Fresh Init/Seed→Migration/Rollback/Reapply 순서로 변경한다. || MariaDB/PostgreSQL/Oracle의 type/default/paging/locking/error/index/FK/transaction 차이를 전수 반영한다. || Repository/Mapper/DTO/Service/API/Frontend/Batch/ADM/BZA/Sample/EDU 소비자를 모두 점검한다.,Vendor-native SQL을 유지하되 Canonical Metadata에서 생성/검증 가능한 구조를 우선한다. || 파괴적 변경은 expand→migrate→contract와 compatibility window를 사용한다.,fresh install;double seed;upgrade;migration interruption;rollback/forward recovery;drift;vendor difference,GATE-01-OWNERSHIP;GATE-02-CONSUMER;GATE-05-DB-QUERY;GATE-07-MULTI-INSTANCE;GATE-13-PERFORMANCE;GATE-15-GENERATOR;GATE-16-COMPATIBILITY;GATE-18-TEST-EVIDENCE;GATE-20-HYGIENE,STD-GRADLE-JAVA;STD-NIST-SSDF;STD-SPRING,cpf-tools/scripts/invoke-official-db-vendor-sql.ps1;cpf-tools/scripts/verify-cpf-generator-upgrade-ownership.py;cpf-tools/db/vendor/mariadb/seed/00_product_seed.sql;cpf-tools/db/vendor/mariadb/source/00_product_seed.sql;cpf-tools/db/vendor/oracle/seed/00_product_seed.sql;cpf-tools/db/vendor/oracle/seed/00_test_seed.sql;cpf-tools/db/vendor/oracle/source/00_product_seed.sql;cpf-tools/db/vendor/oracle/source/00_test_seed.sql,cpf-tools/scripts/invoke-official-db-vendor-sql.ps1,N/A — no direct consumer is defined by this atomic contract; verification is performed through the owning Work Item gate.,DB/SQL/Query 영향 여부를 반드시 판정하고 N/A면 실제 호출 경로 근거를 기록한다. || Canonical Model/Query Contract→Generator/Template→Generated SQL/Mapper→Fresh Init/Seed→Migration/Rollback/Reapply 순서로 변경한다. || MariaDB/PostgreSQL/Oracle의 type/default/paging/locking/error/index/FK/transaction 차이를 전수 반영한다. || Repository/Mapper/DTO/Service/API/Frontend/Batch/ADM/BZA/Sample/EDU 소비자를 모두 점검한다. → cpf-tools/scripts/invoke-official-db-vendor-sql.ps1;cpf-tools/scripts/verify-cpf-generator-upgrade-ownership.py;cpf-tools/db/vendor/mariadb/seed/00_product_seed.sql;cpf-tools/db/vendor/mariadb/source/00_product_seed.sql;cpf-tools/db/vendor/oracle/seed/00_product_seed.sql;cpf-tools/db/vendor/oracle/seed/00_test_seed.sql;cpf-tools/db/vendor/oracle/source/00_product_seed.sql;cpf-tools/db/vendor/oracle/source/00_test_seed.sql → N/A — no direct consumer is defined by this atomic contract; verification is performed through the owning Work Item gate. → GATE-01-OWNERSHIP;GATE-02-CONSUMER;GATE-05-DB-QUERY;GATE-07-MULTI-INSTANCE;GATE-13-PERFORMANCE;GATE-15-GENERATOR;GATE-16-COMPATIBILITY;GATE-18-TEST-EVIDENCE;GATE-20-HYGIENE,Per-Work-Item source inventory plus all applicable Engineering Gate commands,DB/SQL/Query 영향 여부를 반드시 판정하고 N/A면 실제 호출 경로 근거를 기록한다. || Canonical Model/Query Contract→Generator/Template→Generated SQL/Mapper→Fresh Init/Seed→Migration/Rollback/Reapply 순서로 변경한다. || MariaDB/PostgreSQL/Oracle의 type/default/paging/locking/error/index/FK/transaction 차이를 전수 반영한다. || Repository/Mapper/DTO/Service/API/Frontend/Batch/ADM/BZA/Sample/EDU 소비자를 모두 점검한다.,DIRECT_STATIC_AND_ACCEPTANCE_ALTERNATIVE,python cpf-tools/scripts/verify-cpf-seed-dialect.py --repo-root .; java -cp <classes> Qa39Tool db-static-token-parity .,0,Acceptance-specific source/consumer review; relevant gates=GATE-05-DB-QUERY; states=미검증. Authoritative environment evidence remains unavailable for at least one relevant gate.,evidence/ATOMIC_WORK_ITEM_EVIDENCE.jsonl#CPF-WP-ARCH-BOUNDARY-05-DATA_MIGRATION,Acceptance-specific source/consumer review; relevant gates=GATE-05-DB-QUERY; states=미검증. Authoritative environment evidence remains unavailable for at least one relevant gate.,완료,미검증,미검수,false
CPF-V9-INITIAL-FULL-REVIEW-20260805-2020-REV-007-DEVGPT-V9-S06,CPF-WP-ARCH-BOUNDARY-06-GENERATION_COMPATIBILITY,WORK_PACKAGE,ARCH-BOUNDARY,P1,PRODUCT_IMPLEMENTATION,GENERATION_COMPATIBILITY,생성·Artifact·호환성,cpf-core / repository architecture,cpf-core,repository architecture,DEVGPT-V9-S06,CPF-WP-ARCH-BOUNDARY-01-CONTRACT_OWNERSHIP,"Generator/OpenAPI/AsyncAPI/DB metadata/template 등 Canonical 입력과 생성 산출물의 ownership을 확정한다. || remove→regenerate deterministic parity와 user-owned 영역 보존을 검증한다. || API/message/file/DB/config/artifact의 semantic version, compatibility, deprecation, mixed-version와 rollback 영향을 처리한다. || Generated Source만 수동 수정하지 않고 원본 입력·Generator·Golden Sample을 함께 수정한다.",입력 version/hash와 generator version을 manifest에 고정하고 normalized diff gate를 사용한다. || 최신 표준 버전은 shadow compatibility를 통과한 뒤 CPF 지원 profile로 승격한다.,clean regeneration;user region preserve;mixed version;unsupported profile;rollback compatibility,GATE-01-OWNERSHIP;GATE-02-CONSUMER;GATE-05-DB-QUERY;GATE-07-MULTI-INSTANCE;GATE-13-PERFORMANCE;GATE-15-GENERATOR;GATE-16-COMPATIBILITY;GATE-18-TEST-EVIDENCE;GATE-20-HYGIENE,STD-GRADLE-JAVA;STD-NIST-SSDF;STD-SPRING,cpf-admin/frontend/openapi/cpf-openapi.json;cpf-tools/scripts/verify-cpf-generator-upgrade-ownership.py;cpf-admin/src/main/java/com/cpf/admin/opr/controller/AdmOpenApiController.java;cpf-admin/frontend/src/generated/cpf-api.ts;cpf-tools/scripts/verify-cpf-openapi-controller-coverage.py;cpf-reference/src/main/java/com/cpf/reference/edu/runtime/consumer/EduBusinessConsumerRegistry.java;cpf-tools/scripts/verify-cpf-generator-lifecycle.py;cpf-admin/src/main/java/com/cpf/admin/opr/controller/AdmRemoteLogController.java,cpf-admin/frontend/openapi/cpf-openapi.json,cpf-admin/src/main/java/com/cpf/admin/opr/controller/AdmOpenApiController.java;cpf-admin/frontend/src/generated/cpf-api.ts;cpf-reference/src/main/java/com/cpf/reference/edu/runtime/consumer/EduBusinessConsumerRegistry.java;cpf-admin/src/main/java/com/cpf/admin/opr/controller/AdmRemoteLogController.java,"Generator/OpenAPI/AsyncAPI/DB metadata/template 등 Canonical 입력과 생성 산출물의 ownership을 확정한다. || remove→regenerate deterministic parity와 user-owned 영역 보존을 검증한다. || API/message/file/DB/config/artifact의 semantic version, compatibility, deprecation, mixed-version와 rollback 영향을 처리한다. || Generated Source만 수동 수정하지 않고 원본 입력·Generator·Golden Sample을 함께 수정한다. → cpf-admin/frontend/openapi/cpf-openapi.json;cpf-tools/scripts/verify-cpf-generator-upgrade-ownership.py;cpf-admin/src/main/java/com/cpf/admin/opr/controller/AdmOpenApiController.java;cpf-admin/frontend/src/generated/cpf-api.ts;cpf-tools/scripts/verify-cpf-openapi-controller-coverage.py;cpf-reference/src/main/java/com/cpf/reference/edu/runtime/consumer/EduBusinessConsumerRegistry.java;cpf-tools/scripts/verify-cpf-generator-lifecycle.py;cpf-admin/src/main/java/com/cpf/admin/opr/controller/AdmRemoteLogController.java → cpf-admin/src/main/java/com/cpf/admin/opr/controller/AdmOpenApiController.java;cpf-admin/frontend/src/generated/cpf-api.ts;cpf-reference/src/main/java/com/cpf/reference/edu/runtime/consumer/EduBusinessConsumerRegistry.java;cpf-admin/src/main/java/com/cpf/admin/opr/controller/AdmRemoteLogController.java → GATE-01-OWNERSHIP;GATE-02-CONSUMER;GATE-05-DB-QUERY;GATE-07-MULTI-INSTANCE;GATE-13-PERFORMANCE;GATE-15-GENERATOR;GATE-16-COMPATIBILITY;GATE-18-TEST-EVIDENCE;GATE-20-HYGIENE",Per-Work-Item source inventory plus all applicable Engineering Gate commands,"Generator/OpenAPI/AsyncAPI/DB metadata/template 등 Canonical 입력과 생성 산출물의 ownership을 확정한다. || remove→regenerate deterministic parity와 user-owned 영역 보존을 검증한다. || API/message/file/DB/config/artifact의 semantic version, compatibility, deprecation, mixed-version와 rollback 영향을 처리한다. || Generated Source만 수동 수정하지 않고 원본 입력·Generator·Golden Sample을 함께 수정한다.",DIRECT_STATIC_AND_ACCEPTANCE_ALTERNATIVE,python cpf-tools/scripts/verify-cpf-generator-idempotency-templates.py --repo-root .; python cpf-tools/scripts/verify-cpf-generator-lifecycle.py --repo-root . || python cpf-tools/scripts/verify-cpf-qa34-build-contract.py --repo-root .,0,Acceptance-specific source/consumer review; relevant gates=GATE-15-GENERATOR;GATE-16-COMPATIBILITY; states=완료;미검증. Authoritative environment evidence remains unavailable for at least one relevant gate.,evidence/ATOMIC_WORK_ITEM_EVIDENCE.jsonl#CPF-WP-ARCH-BOUNDARY-06-GENERATION_COMPATIBILITY,Acceptance-specific source/consumer review; relevant gates=GATE-15-GENERATOR;GATE-16-COMPATIBILITY; states=완료;미검증. Authoritative environment evidence remains unavailable for at least one relevant gate.,완료,미검증,미검수,false
CPF-V9-INITIAL-FULL-REVIEW-20260805-2020-REV-007-DEVGPT-V9-S06,CPF-WP-ARCH-LAYER-01-CONTRACT_OWNERSHIP,WORK_PACKAGE,ARCH-LAYER,P1,PRODUCT_IMPLEMENTATION,CONTRACT_OWNERSHIP,계약·Ownership 확정,cpf-core / repository architecture,cpf-core,repository architecture,DEVGPT-V9-S06,,"Canonical Owner Module·Package·State Owner와 실제 Consumer를 코드 기준으로 확정한다. || Public API·SPI·Internal, 입력·출력·오류·lifecycle·thread-safety·version 계약을 정의한다. || 역방향/순환 의존, Internal 참조, 선택 OSS type 노출, Dual Primary와 owner 없는 공통기능을 제거 또는 이관 대상으로 등록한다. || Local/Remote/Async/Batch 등 적용 topology에서 계약 동등성과 trust boundary를 정의한다.",기존 정식 Package와 Contract를 우선 재사용하고 새 Module은 실제 Owner가 없을 때만 제안한다. || 복잡한 기술 세부는 Internal로 숨기고 고객 확장 지점만 안정 SPI로 노출한다.,contract compatibility;unsupported capability;invalid configuration;internal access negative fixture,GATE-01-OWNERSHIP;GATE-02-CONSUMER;GATE-17-SUPPLY-CHAIN;GATE-18-TEST-EVIDENCE;GATE-20-HYGIENE,STD-CYCLONEDX;STD-GRADLE-JAVA;STD-NIST-SSDF;STD-SCRUM;STD-SLSA;STD-SPRING,cpf-admin/frontend/openapi/cpf-openapi.json;cpf-tools/config/cpf-starter-catalog.json;cpf-tools/generator/contracts/cpf-starter-catalog.json;cpf-tools/scripts/verify-cpf-generator-upgrade-ownership.py;cpf-admin/frontend/src/generated/cpf-api.ts;cpf-admin/frontend/src/generated/cpf-operation-contract.ts;cpf-tools/scripts/invoke-official-db-vendor-sql.ps1;cpf-tools/scripts/verify-cpf-starter-catalog-truth.py,cpf-admin/frontend/openapi/cpf-openapi.json,cpf-admin/frontend/src/generated/cpf-api.ts;cpf-admin/frontend/src/generated/cpf-operation-contract.ts,"Canonical Owner Module·Package·State Owner와 실제 Consumer를 코드 기준으로 확정한다. || Public API·SPI·Internal, 입력·출력·오류·lifecycle·thread-safety·version 계약을 정의한다. || 역방향/순환 의존, Internal 참조, 선택 OSS type 노출, Dual Primary와 owner 없는 공통기능을 제거 또는 이관 대상으로 등록한다. || Local/Remote/Async/Batch 등 적용 topology에서 계약 동등성과 trust boundary를 정의한다. → cpf-admin/frontend/openapi/cpf-openapi.json;cpf-tools/config/cpf-starter-catalog.json;cpf-tools/generator/contracts/cpf-starter-catalog.json;cpf-tools/scripts/verify-cpf-generator-upgrade-ownership.py;cpf-admin/frontend/src/generated/cpf-api.ts;cpf-admin/frontend/src/generated/cpf-operation-contract.ts;cpf-tools/scripts/invoke-official-db-vendor-sql.ps1;cpf-tools/scripts/verify-cpf-starter-catalog-truth.py → cpf-admin/frontend/src/generated/cpf-api.ts;cpf-admin/frontend/src/generated/cpf-operation-contract.ts → GATE-01-OWNERSHIP;GATE-02-CONSUMER;GATE-17-SUPPLY-CHAIN;GATE-18-TEST-EVIDENCE;GATE-20-HYGIENE",Per-Work-Item source inventory plus all applicable Engineering Gate commands,"Canonical Owner Module·Package·State Owner와 실제 Consumer를 코드 기준으로 확정한다. || Public API·SPI·Internal, 입력·출력·오류·lifecycle·thread-safety·version 계약을 정의한다. || 역방향/순환 의존, Internal 참조, 선택 OSS type 노출, Dual Primary와 owner 없는 공통기능을 제거 또는 이관 대상으로 등록한다. || Local/Remote/Async/Batch 등 적용 topology에서 계약 동등성과 trust boundary를 정의한다.",DIRECT_STATIC_AND_ACCEPTANCE_ALTERNATIVE,python cpf-tools/scripts/verify-cpf-owner-boundaries.py --repo-root . --report-json <evidence>,0,Acceptance-specific source/consumer review; relevant gates=GATE-01-OWNERSHIP; states=완료. Direct or valid alternative evidence passed.,evidence/ATOMIC_WORK_ITEM_EVIDENCE.jsonl#CPF-WP-ARCH-LAYER-01-CONTRACT_OWNERSHIP,,완료,완료,미검수,false
CPF-V9-INITIAL-FULL-REVIEW-20260805-2020-REV-007-DEVGPT-V9-S06,CPF-WP-ARCH-LAYER-02-IMPLEMENTATION_CONSUMER,WORK_PACKAGE,ARCH-LAYER,P1,PRODUCT_IMPLEMENTATION,IMPLEMENTATION_CONSUMER,기본 구현·실제 Consumer 연결,cpf-core / repository architecture,cpf-core,repository architecture,DEVGPT-V9-S06,CPF-WP-ARCH-LAYER-01-CONTRACT_OWNERSHIP,"Interface/DTO/Marker가 아닌 안전한 기본 구현·Provider·AutoConfiguration·상태 저장을 제공한다. || Bean/Route/SQL/API/Frontend/Script를 실제 Product Consumer 호출 경로에 연결한다. || 설정 safe default, validation, capability detection, lifecycle start/stop와 resource cleanup을 구현한다. || Consumer 없는 추상화나 Sample-only 구현이면 완료하지 않고 실제 Consumer 연결 또는 통합/폐기 후보로 처리한다.",Leaf Starter와 조건부 AutoConfiguration을 사용해 선택하지 않은 Runtime 의존을 유입하지 않는다. || 제품 Consumer와 Reference Consumer를 분리하되 동일 Public Contract를 사용한다.,normal consumer flow;missing provider;invalid property;startup/shutdown;resource cleanup,GATE-01-OWNERSHIP;GATE-02-CONSUMER;GATE-17-SUPPLY-CHAIN;GATE-18-TEST-EVIDENCE;GATE-20-HYGIENE,STD-CYCLONEDX;STD-GRADLE-JAVA;STD-NIST-SSDF;STD-SCRUM;STD-SLSA;STD-SPRING,cpf-starters/messaging/kafka/src/main/java/com/cpf/starter/messaging/kafka/internal/CpfKafkaConsumerControlAdapter.java;cpf-admin/frontend/openapi/cpf-openapi.json;cpf-tools/scripts/invoke-official-db-vendor-sql.ps1;cpf-tools/scripts/tests/test_publication_starter_closure.py;cpf-tools/scripts/verify-cpf-publication-starter-closure.py;cpf-tools/scripts/tests/test_oracle_sqlplus_secret_transport.py;cpf-tools/scripts/verify-cpf-openapi-controller-coverage.py;cpf-tools/scripts/Qa39Tool.java,cpf-starters/messaging/kafka/src/main/java/com/cpf/starter/messaging/kafka/internal/CpfKafkaConsumerControlAdapter.java,cpf-starters/messaging/kafka/src/main/java/com/cpf/starter/messaging/kafka/internal/CpfKafkaConsumerControlAdapter.java;cpf-admin/frontend/src/generated/cpf-api.ts,"Interface/DTO/Marker가 아닌 안전한 기본 구현·Provider·AutoConfiguration·상태 저장을 제공한다. || Bean/Route/SQL/API/Frontend/Script를 실제 Product Consumer 호출 경로에 연결한다. || 설정 safe default, validation, capability detection, lifecycle start/stop와 resource cleanup을 구현한다. || Consumer 없는 추상화나 Sample-only 구현이면 완료하지 않고 실제 Consumer 연결 또는 통합/폐기 후보로 처리한다. → cpf-starters/messaging/kafka/src/main/java/com/cpf/starter/messaging/kafka/internal/CpfKafkaConsumerControlAdapter.java;cpf-admin/frontend/openapi/cpf-openapi.json;cpf-tools/scripts/invoke-official-db-vendor-sql.ps1;cpf-tools/scripts/tests/test_publication_starter_closure.py;cpf-tools/scripts/verify-cpf-publication-starter-closure.py;cpf-tools/scripts/tests/test_oracle_sqlplus_secret_transport.py;cpf-tools/scripts/verify-cpf-openapi-controller-coverage.py;cpf-tools/scripts/Qa39Tool.java → cpf-starters/messaging/kafka/src/main/java/com/cpf/starter/messaging/kafka/internal/CpfKafkaConsumerControlAdapter.java;cpf-admin/frontend/src/generated/cpf-api.ts → GATE-01-OWNERSHIP;GATE-02-CONSUMER;GATE-17-SUPPLY-CHAIN;GATE-18-TEST-EVIDENCE;GATE-20-HYGIENE",Per-Work-Item source inventory plus all applicable Engineering Gate commands,"Interface/DTO/Marker가 아닌 안전한 기본 구현·Provider·AutoConfiguration·상태 저장을 제공한다. || Bean/Route/SQL/API/Frontend/Script를 실제 Product Consumer 호출 경로에 연결한다. || 설정 safe default, validation, capability detection, lifecycle start/stop와 resource cleanup을 구현한다. || Consumer 없는 추상화나 Sample-only 구현이면 완료하지 않고 실제 Consumer 연결 또는 통합/폐기 후보로 처리한다.",DIRECT_STATIC_AND_ACCEPTANCE_ALTERNATIVE,python cpf-tools/scripts/build-cpf-work-package-source-review.py --repo-root .; python cpf-tools/scripts/verify-cpf-spring-request-mapping-uniqueness.py --repo-root .,0,Acceptance-specific source/consumer review; relevant gates=GATE-02-CONSUMER; states=완료. Direct or valid alternative evidence passed.,evidence/ATOMIC_WORK_ITEM_EVIDENCE.jsonl#CPF-WP-ARCH-LAYER-02-IMPLEMENTATION_CONSUMER,,완료,완료,미검수,false
CPF-V9-INITIAL-FULL-REVIEW-20260805-2020-REV-007-DEVGPT-V9-S06,CPF-WP-ARCH-LAYER-03-VERIFICATION_EVIDENCE,WORK_PACKAGE,ARCH-LAYER,P1,PRODUCT_IMPLEMENTATION,VERIFICATION_EVIDENCE,검증·Evidence·추적성,cpf-core / repository architecture,cpf-core,repository architecture,DEVGPT-V9-S06,CPF-WP-ARCH-LAYER-01-CONTRACT_OWNERSHIP;CPF-WP-ARCH-LAYER-02-IMPLEMENTATION_CONSUMER,"연결 CPF-FR Requirement와 CPF-SC Scenario를 논리 원장에서 전수 추출해 이 Work Package에 매핑한다. || 목표 환경을 먼저 실제 실행하고, 불가능할 때 최대 대체검증과 남은 실제 Runtime 차이를 분리한다. || 각 Scenario에 Test Method·Assertion·실제 결과·Evidence를 개별 연결한다. || 명령, 환경/version, 시간, exit code, report/artifact hash, sanitization과 baseline/working-tree 상태를 기록한다.",공통 Test Harness는 재사용하되 각 Requirement/Scenario의 Acceptance 근거를 개별 기록한다. || 긴 로그는 별도 Evidence로 두고 원장에는 핵심 결과와 경로를 남긴다.,direct validation;alternative validation;negative fixture;regression;evidence schema failure,GATE-01-OWNERSHIP;GATE-02-CONSUMER;GATE-17-SUPPLY-CHAIN;GATE-18-TEST-EVIDENCE;GATE-20-HYGIENE,STD-CYCLONEDX;STD-GRADLE-JAVA;STD-NIST-SSDF;STD-SCRUM;STD-SLSA;STD-SPRING,cpf-tools/config/cpf-starter-catalog.json;cpf-tools/generator/contracts/cpf-starter-catalog.json;cpf-tools/scripts/build-cpf-requirement-development-traceability.py;cpf-admin/frontend/openapi/cpf-openapi.json;cpf-tools/scripts/run-cpf-full-qa-validation.ps1;cpf-starters/integration/http-client/src/main/java/com/cpf/starter/integration/http/client/internal/CpfResilientHttpClient.java;cpf-starters/integration/tcp/src/main/java/com/cpf/starter/integration/tcp/internal/CpfResilientTcpClient.java;cpf-tools/scripts/invoke-official-db-vendor-sql.ps1,cpf-tools/config/cpf-starter-catalog.json,cpf-starters/integration/http-client/src/main/java/com/cpf/starter/integration/http/client/internal/CpfResilientHttpClient.java;cpf-starters/integration/tcp/src/main/java/com/cpf/starter/integration/tcp/internal/CpfResilientTcpClient.java;cpf-admin/frontend/src/generated/cpf-api.ts;cpf-admin/frontend/src/generated/cpf-operation-contract.ts,"연결 CPF-FR Requirement와 CPF-SC Scenario를 논리 원장에서 전수 추출해 이 Work Package에 매핑한다. || 목표 환경을 먼저 실제 실행하고, 불가능할 때 최대 대체검증과 남은 실제 Runtime 차이를 분리한다. || 각 Scenario에 Test Method·Assertion·실제 결과·Evidence를 개별 연결한다. || 명령, 환경/version, 시간, exit code, report/artifact hash, sanitization과 baseline/working-tree 상태를 기록한다. → cpf-tools/config/cpf-starter-catalog.json;cpf-tools/generator/contracts/cpf-starter-catalog.json;cpf-tools/scripts/build-cpf-requirement-development-traceability.py;cpf-admin/frontend/openapi/cpf-openapi.json;cpf-tools/scripts/run-cpf-full-qa-validation.ps1;cpf-starters/integration/http-client/src/main/java/com/cpf/starter/integration/http/client/internal/CpfResilientHttpClient.java;cpf-starters/integration/tcp/src/main/java/com/cpf/starter/integration/tcp/internal/CpfResilientTcpClient.java;cpf-tools/scripts/invoke-official-db-vendor-sql.ps1 → cpf-starters/integration/http-client/src/main/java/com/cpf/starter/integration/http/client/internal/CpfResilientHttpClient.java;cpf-starters/integration/tcp/src/main/java/com/cpf/starter/integration/tcp/internal/CpfResilientTcpClient.java;cpf-admin/frontend/src/generated/cpf-api.ts;cpf-admin/frontend/src/generated/cpf-operation-contract.ts → GATE-01-OWNERSHIP;GATE-02-CONSUMER;GATE-17-SUPPLY-CHAIN;GATE-18-TEST-EVIDENCE;GATE-20-HYGIENE",Per-Work-Item source inventory plus all applicable Engineering Gate commands,"연결 CPF-FR Requirement와 CPF-SC Scenario를 논리 원장에서 전수 추출해 이 Work Package에 매핑한다. || 목표 환경을 먼저 실제 실행하고, 불가능할 때 최대 대체검증과 남은 실제 Runtime 차이를 분리한다. || 각 Scenario에 Test Method·Assertion·실제 결과·Evidence를 개별 연결한다. || 명령, 환경/version, 시간, exit code, report/artifact hash, sanitization과 baseline/working-tree 상태를 기록한다.",DIRECT_STATIC_AND_ACCEPTANCE_ALTERNATIVE,pytest -q <21 S06 verifier files>; ./gradlew test,0,Acceptance-specific source/consumer review; relevant gates=GATE-18-TEST-EVIDENCE; states=미검증. Authoritative environment evidence remains unavailable for at least one relevant gate.,evidence/ATOMIC_WORK_ITEM_EVIDENCE.jsonl#CPF-WP-ARCH-LAYER-03-VERIFICATION_EVIDENCE,Acceptance-specific source/consumer review; relevant gates=GATE-18-TEST-EVIDENCE; states=미검증. Authoritative environment evidence remains unavailable for at least one relevant gate.,완료,미검증,미검수,false
CPF-V9-INITIAL-FULL-REVIEW-20260805-2020-REV-007-DEVGPT-V9-S06,CPF-WP-ARCH-LAYER-04-GENERATION_COMPATIBILITY,WORK_PACKAGE,ARCH-LAYER,P1,PRODUCT_IMPLEMENTATION,GENERATION_COMPATIBILITY,생성·Artifact·호환성,cpf-core / repository architecture,cpf-core,repository architecture,DEVGPT-V9-S06,CPF-WP-ARCH-LAYER-01-CONTRACT_OWNERSHIP,"Generator/OpenAPI/AsyncAPI/DB metadata/template 등 Canonical 입력과 생성 산출물의 ownership을 확정한다. || remove→regenerate deterministic parity와 user-owned 영역 보존을 검증한다. || API/message/file/DB/config/artifact의 semantic version, compatibility, deprecation, mixed-version와 rollback 영향을 처리한다. || Generated Source만 수동 수정하지 않고 원본 입력·Generator·Golden Sample을 함께 수정한다.",입력 version/hash와 generator version을 manifest에 고정하고 normalized diff gate를 사용한다. || 최신 표준 버전은 shadow compatibility를 통과한 뒤 CPF 지원 profile로 승격한다.,clean regeneration;user region preserve;mixed version;unsupported profile;rollback compatibility,GATE-01-OWNERSHIP;GATE-02-CONSUMER;GATE-15-GENERATOR;GATE-16-COMPATIBILITY;GATE-17-SUPPLY-CHAIN;GATE-18-TEST-EVIDENCE;GATE-20-HYGIENE,STD-CYCLONEDX;STD-GRADLE-JAVA;STD-NIST-SSDF;STD-SCRUM;STD-SLSA;STD-SPRING,cpf-admin/frontend/openapi/cpf-openapi.json;cpf-tools/db/vendor/mariadb/seed/00_optional_sample_seed.sql;cpf-tools/db/vendor/mariadb/source/00_optional_sample_seed.sql;cpf-tools/db/vendor/oracle/seed/00_optional_sample_seed.sql;cpf-tools/db/vendor/oracle/source/00_optional_sample_seed.sql;cpf-tools/db/vendor/postgresql/seed/00_optional_sample_seed.sql;cpf-tools/db/vendor/postgresql/source/00_optional_sample_seed.sql;cpf-tools/db/vendor/mariadb/migration/flyway/V87__batch_remote_message_ledger.sql,cpf-admin/frontend/openapi/cpf-openapi.json,N/A — no direct consumer is defined by this atomic contract; verification is performed through the owning Work Item gate.,"Generator/OpenAPI/AsyncAPI/DB metadata/template 등 Canonical 입력과 생성 산출물의 ownership을 확정한다. || remove→regenerate deterministic parity와 user-owned 영역 보존을 검증한다. || API/message/file/DB/config/artifact의 semantic version, compatibility, deprecation, mixed-version와 rollback 영향을 처리한다. || Generated Source만 수동 수정하지 않고 원본 입력·Generator·Golden Sample을 함께 수정한다. → cpf-admin/frontend/openapi/cpf-openapi.json;cpf-tools/db/vendor/mariadb/seed/00_optional_sample_seed.sql;cpf-tools/db/vendor/mariadb/source/00_optional_sample_seed.sql;cpf-tools/db/vendor/oracle/seed/00_optional_sample_seed.sql;cpf-tools/db/vendor/oracle/source/00_optional_sample_seed.sql;cpf-tools/db/vendor/postgresql/seed/00_optional_sample_seed.sql;cpf-tools/db/vendor/postgresql/source/00_optional_sample_seed.sql;cpf-tools/db/vendor/mariadb/migration/flyway/V87__batch_remote_message_ledger.sql → N/A — no direct consumer is defined by this atomic contract; verification is performed through the owning Work Item gate. → GATE-01-OWNERSHIP;GATE-02-CONSUMER;GATE-15-GENERATOR;GATE-16-COMPATIBILITY;GATE-17-SUPPLY-CHAIN;GATE-18-TEST-EVIDENCE;GATE-20-HYGIENE",Per-Work-Item source inventory plus all applicable Engineering Gate commands,"Generator/OpenAPI/AsyncAPI/DB metadata/template 등 Canonical 입력과 생성 산출물의 ownership을 확정한다. || remove→regenerate deterministic parity와 user-owned 영역 보존을 검증한다. || API/message/file/DB/config/artifact의 semantic version, compatibility, deprecation, mixed-version와 rollback 영향을 처리한다. || Generated Source만 수동 수정하지 않고 원본 입력·Generator·Golden Sample을 함께 수정한다.",DIRECT_STATIC_AND_ACCEPTANCE_ALTERNATIVE,python cpf-tools/scripts/verify-cpf-generator-idempotency-templates.py --repo-root .; python cpf-tools/scripts/verify-cpf-generator-lifecycle.py --repo-root . || python cpf-tools/scripts/verify-cpf-qa34-build-contract.py --repo-root .,0,Acceptance-specific source/consumer review; relevant gates=GATE-15-GENERATOR;GATE-16-COMPATIBILITY; states=완료;미검증. Authoritative environment evidence remains unavailable for at least one relevant gate.,evidence/ATOMIC_WORK_ITEM_EVIDENCE.jsonl#CPF-WP-ARCH-LAYER-04-GENERATION_COMPATIBILITY,Acceptance-specific source/consumer review; relevant gates=GATE-15-GENERATOR;GATE-16-COMPATIBILITY; states=완료;미검증. Authoritative environment evidence remains unavailable for at least one relevant gate.,완료,미검증,미검수,false
CPF-V9-INITIAL-FULL-REVIEW-20260805-2020-REV-007-DEVGPT-V9-S06,CPF-WP-ARCH-MISSION-01-GATE_AGGREGATION,WORK_PACKAGE,ARCH-MISSION,P1,PHASE_GATE,GATE_AGGREGATION,제품 목표 Gate 집계,cpf-core / repository architecture,cpf-core,repository architecture,DEVGPT-V9-S06,,하위 Canonical Work Package의 구현·Consumer·검증 상태를 실제 결과로 집계한다. || 문서/Marker/행 수만으로 상위 목표를 완료하지 않는다. || 부분 구현·미검증·실패가 하나라도 남으면 상위 GA Gate를 닫지 않는다.,자동 Coverage/Status 집계기를 사용하되 실제 실행 결과와 분리한다.,missing child work item;false complete;stale evidence,GATE-01-OWNERSHIP;GATE-02-CONSUMER;GATE-18-TEST-EVIDENCE;GATE-20-HYGIENE,STD-GRADLE-JAVA;STD-NIST-SSDF;STD-SPRING,cpf-tools/scripts/run-cpf-full-qa-validation.ps1;cpf-tools/scripts/build-cpf-work-package-source-review.py;cpf-tools/scripts/validate-cpf-full-qa-ledgers.py;cpf-tools/scripts/tests/test_validate_cpf_full_qa_ledgers_gate_ids.py;cpf-docs/work/current/CPF_DEVGPT_CONTROL_V9/GATE_APPLICABILITY_MATRIX.csv,cpf-tools/scripts/run-cpf-full-qa-validation.ps1,N/A — static governance/verification contract; no runtime product consumer is required for this atomic assertion.,하위 Canonical Work Package의 구현·Consumer·검증 상태를 실제 결과로 집계한다. || 문서/Marker/행 수만으로 상위 목표를 완료하지 않는다. || 부분 구현·미검증·실패가 하나라도 남으면 상위 GA Gate를 닫지 않는다. → cpf-tools/scripts/run-cpf-full-qa-validation.ps1;cpf-tools/scripts/build-cpf-work-package-source-review.py;cpf-tools/scripts/validate-cpf-full-qa-ledgers.py;cpf-tools/scripts/tests/test_validate_cpf_full_qa_ledgers_gate_ids.py;cpf-docs/work/current/CPF_DEVGPT_CONTROL_V9/GATE_APPLICABILITY_MATRIX.csv → N/A — static governance/verification contract; no runtime product consumer is required for this atomic assertion. → GATE-01-OWNERSHIP;GATE-02-CONSUMER;GATE-18-TEST-EVIDENCE;GATE-20-HYGIENE,Per-Work-Item source inventory plus all applicable Engineering Gate commands,하위 Canonical Work Package의 구현·Consumer·검증 상태를 실제 결과로 집계한다. || 문서/Marker/행 수만으로 상위 목표를 완료하지 않는다. || 부분 구현·미검증·실패가 하나라도 남으면 상위 GA Gate를 닫지 않는다.,DIRECT_STATIC_AND_ACCEPTANCE_ALTERNATIVE,python cpf-tools/scripts/verify-cpf-owner-boundaries.py --repo-root . --report-json <evidence> || python cpf-tools/scripts/build-cpf-work-package-source-review.py --repo-root .; python cpf-tools/scripts/verify-cpf-spring-request-mapping-uniqueness.py --repo-root . || pytest -q <21 S06 verifier files>; ./gradlew test || python <overlay hygiene validator>,0,Acceptance-specific source/consumer review; relevant gates=GATE-01-OWNERSHIP;GATE-02-CONSUMER;GATE-18-TEST-EVIDENCE;GATE-20-HYGIENE; states=완료;완료;미검증;완료. Authoritative environment evidence remains unavailable for at least one relevant gate.,evidence/ATOMIC_WORK_ITEM_EVIDENCE.jsonl#CPF-WP-ARCH-MISSION-01-GATE_AGGREGATION,Acceptance-specific source/consumer review; relevant gates=GATE-01-OWNERSHIP;GATE-02-CONSUMER;GATE-18-TEST-EVIDENCE;GATE-20-HYGIENE; states=완료;완료;미검증;완료. Authoritative environment evidence remains unavailable for at least one relevant gate.,완료,미검증,미검수,false
CPF-V9-INITIAL-FULL-REVIEW-20260805-2020-REV-007-DEVGPT-V9-S06,CPF-WP-ARCH-MISSION-02-EVIDENCE_VALIDATION,WORK_PACKAGE,ARCH-MISSION,P1,PHASE_GATE,EVIDENCE_VALIDATION,Evidence 유효성 검증,cpf-core / repository architecture,cpf-core,repository architecture,DEVGPT-V9-S06,CPF-WP-ARCH-MISSION-01-GATE_AGGREGATION,"현재 baseline/working tree와 Evidence의 Source, command, environment, result, hash를 대조한다. || 과거 Commit·다른 장비·다른 Artifact·미실행 Test를 현재 성공으로 사용하지 않는다. || Coverage/traceability PASS와 제품 동작 PASS를 구분한다.",Evidence schema validator와 stale evidence detector를 사용한다.,baseline mismatch;missing report;unsanitized secret;stale evidence,GATE-01-OWNERSHIP;GATE-02-CONSUMER;GATE-18-TEST-EVIDENCE;GATE-20-HYGIENE,STD-GRADLE-JAVA;STD-NIST-SSDF;STD-SPRING,cpf-admin/frontend/openapi/cpf-openapi.json;cpf-tools/config/cpf-starter-catalog.json;cpf-tools/scripts/run-cpf-full-qa-validation.ps1;cpf-tools/scripts/verify-cpf-publication-starter-closure.py;cpf-starters/messaging/kafka/src/main/java/com/cpf/starter/messaging/kafka/internal/CpfKafkaConsumerControlAdapter.java;cpf-admin/frontend/src/generated/cpf-api.ts;cpf-tools/scripts/tests/test_publication_starter_closure.py;cpf-tools/scripts/verify-cpf-starter-catalog-truth.py,cpf-admin/frontend/openapi/cpf-openapi.json,cpf-starters/messaging/kafka/src/main/java/com/cpf/starter/messaging/kafka/internal/CpfKafkaConsumerControlAdapter.java;cpf-admin/frontend/src/generated/cpf-api.ts,"현재 baseline/working tree와 Evidence의 Source, command, environment, result, hash를 대조한다. || 과거 Commit·다른 장비·다른 Artifact·미실행 Test를 현재 성공으로 사용하지 않는다. || Coverage/traceability PASS와 제품 동작 PASS를 구분한다. → cpf-admin/frontend/openapi/cpf-openapi.json;cpf-tools/config/cpf-starter-catalog.json;cpf-tools/scripts/run-cpf-full-qa-validation.ps1;cpf-tools/scripts/verify-cpf-publication-starter-closure.py;cpf-starters/messaging/kafka/src/main/java/com/cpf/starter/messaging/kafka/internal/CpfKafkaConsumerControlAdapter.java;cpf-admin/frontend/src/generated/cpf-api.ts;cpf-tools/scripts/tests/test_publication_starter_closure.py;cpf-tools/scripts/verify-cpf-starter-catalog-truth.py → cpf-starters/messaging/kafka/src/main/java/com/cpf/starter/messaging/kafka/internal/CpfKafkaConsumerControlAdapter.java;cpf-admin/frontend/src/generated/cpf-api.ts → GATE-01-OWNERSHIP;GATE-02-CONSUMER;GATE-18-TEST-EVIDENCE;GATE-20-HYGIENE",Per-Work-Item source inventory plus all applicable Engineering Gate commands,"현재 baseline/working tree와 Evidence의 Source, command, environment, result, hash를 대조한다. || 과거 Commit·다른 장비·다른 Artifact·미실행 Test를 현재 성공으로 사용하지 않는다. || Coverage/traceability PASS와 제품 동작 PASS를 구분한다.",DIRECT_STATIC_AND_ACCEPTANCE_ALTERNATIVE,pytest -q <21 S06 verifier files>; ./gradlew test || python <overlay hygiene validator>,0,Acceptance-specific source/consumer review; relevant gates=GATE-18-TEST-EVIDENCE;GATE-20-HYGIENE; states=미검증;완료. Authoritative environment evidence remains unavailable for at least one relevant gate.,evidence/ATOMIC_WORK_ITEM_EVIDENCE.jsonl#CPF-WP-ARCH-MISSION-02-EVIDENCE_VALIDATION,Acceptance-specific source/consumer review; relevant gates=GATE-18-TEST-EVIDENCE;GATE-20-HYGIENE; states=미검증;완료. Authoritative environment evidence remains unavailable for at least one relevant gate.,완료,미검증,미검수,false
CPF-V9-INITIAL-FULL-REVIEW-20260805-2020-REV-007-DEVGPT-V9-S06,CPF-WP-ARCH-MSA-01-CONTRACT_OWNERSHIP,WORK_PACKAGE,ARCH-MSA,P1,PRODUCT_IMPLEMENTATION,CONTRACT_OWNERSHIP,계약·Ownership 확정,cpf-core / repository architecture,cpf-core,repository architecture,DEVGPT-V9-S06,,"Canonical Owner Module·Package·State Owner와 실제 Consumer를 코드 기준으로 확정한다. || Public API·SPI·Internal, 입력·출력·오류·lifecycle·thread-safety·version 계약을 정의한다. || 역방향/순환 의존, Internal 참조, 선택 OSS type 노출, Dual Primary와 owner 없는 공통기능을 제거 또는 이관 대상으로 등록한다. || Local/Remote/Async/Batch 등 적용 topology에서 계약 동등성과 trust boundary를 정의한다.",기존 정식 Package와 Contract를 우선 재사용하고 새 Module은 실제 Owner가 없을 때만 제안한다. || 복잡한 기술 세부는 Internal로 숨기고 고객 확장 지점만 안정 SPI로 노출한다.,contract compatibility;unsupported capability;invalid configuration;internal access negative fixture,GATE-01-OWNERSHIP;GATE-02-CONSUMER;GATE-12-OBSERVABILITY;GATE-18-TEST-EVIDENCE;GATE-20-HYGIENE,STD-GRADLE-JAVA;STD-NIST-SSDF;STD-OTEL;STD-SPRING;STD-TRACE,cpf-admin/frontend/openapi/cpf-openapi.json;cpf-tools/scripts/verify-cpf-openapi-controller-coverage.py;cpf-tools/scripts/verify-cpf-generator-upgrade-ownership.py;cpf-tools/scripts/invoke-official-db-vendor-sql.ps1;cpf-admin/src/main/java/com/cpf/admin/opr/controller/AdmOpenApiController.java;cpf-tools/scripts/verify-cpf-owner-boundaries.py;cpf-tools/scripts/verify-cpf-publication-starter-closure.py;cpf-tools/scripts/tests/test_publication_starter_closure.py,cpf-admin/frontend/openapi/cpf-openapi.json,cpf-admin/src/main/java/com/cpf/admin/opr/controller/AdmOpenApiController.java,"Canonical Owner Module·Package·State Owner와 실제 Consumer를 코드 기준으로 확정한다. || Public API·SPI·Internal, 입력·출력·오류·lifecycle·thread-safety·version 계약을 정의한다. || 역방향/순환 의존, Internal 참조, 선택 OSS type 노출, Dual Primary와 owner 없는 공통기능을 제거 또는 이관 대상으로 등록한다. || Local/Remote/Async/Batch 등 적용 topology에서 계약 동등성과 trust boundary를 정의한다. → cpf-admin/frontend/openapi/cpf-openapi.json;cpf-tools/scripts/verify-cpf-openapi-controller-coverage.py;cpf-tools/scripts/verify-cpf-generator-upgrade-ownership.py;cpf-tools/scripts/invoke-official-db-vendor-sql.ps1;cpf-admin/src/main/java/com/cpf/admin/opr/controller/AdmOpenApiController.java;cpf-tools/scripts/verify-cpf-owner-boundaries.py;cpf-tools/scripts/verify-cpf-publication-starter-closure.py;cpf-tools/scripts/tests/test_publication_starter_closure.py → cpf-admin/src/main/java/com/cpf/admin/opr/controller/AdmOpenApiController.java → GATE-01-OWNERSHIP;GATE-02-CONSUMER;GATE-12-OBSERVABILITY;GATE-18-TEST-EVIDENCE;GATE-20-HYGIENE",Per-Work-Item source inventory plus all applicable Engineering Gate commands,"Canonical Owner Module·Package·State Owner와 실제 Consumer를 코드 기준으로 확정한다. || Public API·SPI·Internal, 입력·출력·오류·lifecycle·thread-safety·version 계약을 정의한다. || 역방향/순환 의존, Internal 참조, 선택 OSS type 노출, Dual Primary와 owner 없는 공통기능을 제거 또는 이관 대상으로 등록한다. || Local/Remote/Async/Batch 등 적용 topology에서 계약 동등성과 trust boundary를 정의한다.",DIRECT_STATIC_AND_ACCEPTANCE_ALTERNATIVE,python cpf-tools/scripts/verify-cpf-owner-boundaries.py --repo-root . --report-json <evidence>,0,Acceptance-specific source/consumer review; relevant gates=GATE-01-OWNERSHIP; states=완료. Direct or valid alternative evidence passed.,evidence/ATOMIC_WORK_ITEM_EVIDENCE.jsonl#CPF-WP-ARCH-MSA-01-CONTRACT_OWNERSHIP,,완료,완료,미검수,false
CPF-V9-INITIAL-FULL-REVIEW-20260805-2020-REV-007-DEVGPT-V9-S06,CPF-WP-ARCH-MSA-02-IMPLEMENTATION_CONSUMER,WORK_PACKAGE,ARCH-MSA,P1,PRODUCT_IMPLEMENTATION,IMPLEMENTATION_CONSUMER,기본 구현·실제 Consumer 연결,cpf-core / repository architecture,cpf-core,repository architecture,DEVGPT-V9-S06,CPF-WP-ARCH-MSA-01-CONTRACT_OWNERSHIP,"Interface/DTO/Marker가 아닌 안전한 기본 구현·Provider·AutoConfiguration·상태 저장을 제공한다. || Bean/Route/SQL/API/Frontend/Script를 실제 Product Consumer 호출 경로에 연결한다. || 설정 safe default, validation, capability detection, lifecycle start/stop와 resource cleanup을 구현한다. || Consumer 없는 추상화나 Sample-only 구현이면 완료하지 않고 실제 Consumer 연결 또는 통합/폐기 후보로 처리한다.",Leaf Starter와 조건부 AutoConfiguration을 사용해 선택하지 않은 Runtime 의존을 유입하지 않는다. || 제품 Consumer와 Reference Consumer를 분리하되 동일 Public Contract를 사용한다.,normal consumer flow;missing provider;invalid property;startup/shutdown;resource cleanup,GATE-01-OWNERSHIP;GATE-02-CONSUMER;GATE-12-OBSERVABILITY;GATE-18-TEST-EVIDENCE;GATE-20-HYGIENE,STD-GRADLE-JAVA;STD-NIST-SSDF;STD-OTEL;STD-SPRING;STD-TRACE,cpf-admin/frontend/openapi/cpf-openapi.json;cpf-admin/frontend/src/generated/cpf-api.ts;cpf-admin/frontend/playwright.config.ts;cpf-biz-admin/frontend/playwright.config.ts;cpf-starters/messaging/kafka/src/main/java/com/cpf/starter/messaging/kafka/internal/CpfKafkaConsumerControlAdapter.java;cpf-admin/src/main/java/com/cpf/admin/opr/controller/AdmConfigController.java;cpf-admin/src/main/java/com/cpf/admin/opr/controller/AdmOpenApiController.java;cpf-tools/scripts/invoke-official-db-vendor-sql.ps1,cpf-admin/frontend/openapi/cpf-openapi.json,cpf-admin/frontend/src/generated/cpf-api.ts;cpf-starters/messaging/kafka/src/main/java/com/cpf/starter/messaging/kafka/internal/CpfKafkaConsumerControlAdapter.java;cpf-admin/src/main/java/com/cpf/admin/opr/controller/AdmConfigController.java;cpf-admin/src/main/java/com/cpf/admin/opr/controller/AdmOpenApiController.java;cpf-admin/frontend/src/features/feature-flags/FeatureFlagsPage.vue,"Interface/DTO/Marker가 아닌 안전한 기본 구현·Provider·AutoConfiguration·상태 저장을 제공한다. || Bean/Route/SQL/API/Frontend/Script를 실제 Product Consumer 호출 경로에 연결한다. || 설정 safe default, validation, capability detection, lifecycle start/stop와 resource cleanup을 구현한다. || Consumer 없는 추상화나 Sample-only 구현이면 완료하지 않고 실제 Consumer 연결 또는 통합/폐기 후보로 처리한다. → cpf-admin/frontend/openapi/cpf-openapi.json;cpf-admin/frontend/src/generated/cpf-api.ts;cpf-admin/frontend/playwright.config.ts;cpf-biz-admin/frontend/playwright.config.ts;cpf-starters/messaging/kafka/src/main/java/com/cpf/starter/messaging/kafka/internal/CpfKafkaConsumerControlAdapter.java;cpf-admin/src/main/java/com/cpf/admin/opr/controller/AdmConfigController.java;cpf-admin/src/main/java/com/cpf/admin/opr/controller/AdmOpenApiController.java;cpf-tools/scripts/invoke-official-db-vendor-sql.ps1 → cpf-admin/frontend/src/generated/cpf-api.ts;cpf-starters/messaging/kafka/src/main/java/com/cpf/starter/messaging/kafka/internal/CpfKafkaConsumerControlAdapter.java;cpf-admin/src/main/java/com/cpf/admin/opr/controller/AdmConfigController.java;cpf-admin/src/main/java/com/cpf/admin/opr/controller/AdmOpenApiController.java;cpf-admin/frontend/src/features/feature-flags/FeatureFlagsPage.vue → GATE-01-OWNERSHIP;GATE-02-CONSUMER;GATE-12-OBSERVABILITY;GATE-18-TEST-EVIDENCE;GATE-20-HYGIENE",Per-Work-Item source inventory plus all applicable Engineering Gate commands,"Interface/DTO/Marker가 아닌 안전한 기본 구현·Provider·AutoConfiguration·상태 저장을 제공한다. || Bean/Route/SQL/API/Frontend/Script를 실제 Product Consumer 호출 경로에 연결한다. || 설정 safe default, validation, capability detection, lifecycle start/stop와 resource cleanup을 구현한다. || Consumer 없는 추상화나 Sample-only 구현이면 완료하지 않고 실제 Consumer 연결 또는 통합/폐기 후보로 처리한다.",DIRECT_STATIC_AND_ACCEPTANCE_ALTERNATIVE,python cpf-tools/scripts/build-cpf-work-package-source-review.py --repo-root .; python cpf-tools/scripts/verify-cpf-spring-request-mapping-uniqueness.py --repo-root .,0,Acceptance-specific source/consumer review; relevant gates=GATE-02-CONSUMER; states=완료. Direct or valid alternative evidence passed.,evidence/ATOMIC_WORK_ITEM_EVIDENCE.jsonl#CPF-WP-ARCH-MSA-02-IMPLEMENTATION_CONSUMER,,완료,완료,미검수,false
CPF-V9-INITIAL-FULL-REVIEW-20260805-2020-REV-007-DEVGPT-V9-S06,CPF-WP-ARCH-MSA-03-VERIFICATION_EVIDENCE,WORK_PACKAGE,ARCH-MSA,P1,PRODUCT_IMPLEMENTATION,VERIFICATION_EVIDENCE,검증·Evidence·추적성,cpf-core / repository architecture,cpf-core,repository architecture,DEVGPT-V9-S06,CPF-WP-ARCH-MSA-01-CONTRACT_OWNERSHIP;CPF-WP-ARCH-MSA-02-IMPLEMENTATION_CONSUMER,"연결 CPF-FR Requirement와 CPF-SC Scenario를 논리 원장에서 전수 추출해 이 Work Package에 매핑한다. || 목표 환경을 먼저 실제 실행하고, 불가능할 때 최대 대체검증과 남은 실제 Runtime 차이를 분리한다. || 각 Scenario에 Test Method·Assertion·실제 결과·Evidence를 개별 연결한다. || 명령, 환경/version, 시간, exit code, report/artifact hash, sanitization과 baseline/working-tree 상태를 기록한다.",공통 Test Harness는 재사용하되 각 Requirement/Scenario의 Acceptance 근거를 개별 기록한다. || 긴 로그는 별도 Evidence로 두고 원장에는 핵심 결과와 경로를 남긴다.,direct validation;alternative validation;negative fixture;regression;evidence schema failure,GATE-01-OWNERSHIP;GATE-02-CONSUMER;GATE-12-OBSERVABILITY;GATE-18-TEST-EVIDENCE;GATE-20-HYGIENE,STD-GRADLE-JAVA;STD-NIST-SSDF;STD-OTEL;STD-SPRING;STD-TRACE,cpf-starters/integration/http-client/src/main/java/com/cpf/starter/integration/http/client/internal/CpfResilientHttpClient.java;cpf-starters/integration/tcp/src/main/java/com/cpf/starter/integration/tcp/internal/CpfResilientTcpClient.java;cpf-admin/frontend/openapi/cpf-openapi.json;cpf-tools/scripts/invoke-official-db-vendor-sql.ps1;cpf-tools/scripts/run-cpf-full-qa-validation.ps1;cpf-tools/scripts/tests/test_publication_starter_closure.py;cpf-tools/scripts/verify-cpf-evidence-semantics.py;cpf-tools/scripts/verify-cpf-publication-starter-closure.py,cpf-starters/integration/http-client/src/main/java/com/cpf/starter/integration/http/client/internal/CpfResilientHttpClient.java,cpf-starters/integration/http-client/src/main/java/com/cpf/starter/integration/http/client/internal/CpfResilientHttpClient.java;cpf-starters/integration/tcp/src/main/java/com/cpf/starter/integration/tcp/internal/CpfResilientTcpClient.java,"연결 CPF-FR Requirement와 CPF-SC Scenario를 논리 원장에서 전수 추출해 이 Work Package에 매핑한다. || 목표 환경을 먼저 실제 실행하고, 불가능할 때 최대 대체검증과 남은 실제 Runtime 차이를 분리한다. || 각 Scenario에 Test Method·Assertion·실제 결과·Evidence를 개별 연결한다. || 명령, 환경/version, 시간, exit code, report/artifact hash, sanitization과 baseline/working-tree 상태를 기록한다. → cpf-starters/integration/http-client/src/main/java/com/cpf/starter/integration/http/client/internal/CpfResilientHttpClient.java;cpf-starters/integration/tcp/src/main/java/com/cpf/starter/integration/tcp/internal/CpfResilientTcpClient.java;cpf-admin/frontend/openapi/cpf-openapi.json;cpf-tools/scripts/invoke-official-db-vendor-sql.ps1;cpf-tools/scripts/run-cpf-full-qa-validation.ps1;cpf-tools/scripts/tests/test_publication_starter_closure.py;cpf-tools/scripts/verify-cpf-evidence-semantics.py;cpf-tools/scripts/verify-cpf-publication-starter-closure.py → cpf-starters/integration/http-client/src/main/java/com/cpf/starter/integration/http/client/internal/CpfResilientHttpClient.java;cpf-starters/integration/tcp/src/main/java/com/cpf/starter/integration/tcp/internal/CpfResilientTcpClient.java → GATE-01-OWNERSHIP;GATE-02-CONSUMER;GATE-12-OBSERVABILITY;GATE-18-TEST-EVIDENCE;GATE-20-HYGIENE",Per-Work-Item source inventory plus all applicable Engineering Gate commands,"연결 CPF-FR Requirement와 CPF-SC Scenario를 논리 원장에서 전수 추출해 이 Work Package에 매핑한다. || 목표 환경을 먼저 실제 실행하고, 불가능할 때 최대 대체검증과 남은 실제 Runtime 차이를 분리한다. || 각 Scenario에 Test Method·Assertion·실제 결과·Evidence를 개별 연결한다. || 명령, 환경/version, 시간, exit code, report/artifact hash, sanitization과 baseline/working-tree 상태를 기록한다.",DIRECT_STATIC_AND_ACCEPTANCE_ALTERNATIVE,pytest -q <21 S06 verifier files>; ./gradlew test,0,Acceptance-specific source/consumer review; relevant gates=GATE-18-TEST-EVIDENCE; states=미검증. Authoritative environment evidence remains unavailable for at least one relevant gate.,evidence/ATOMIC_WORK_ITEM_EVIDENCE.jsonl#CPF-WP-ARCH-MSA-03-VERIFICATION_EVIDENCE,Acceptance-specific source/consumer review; relevant gates=GATE-18-TEST-EVIDENCE; states=미검증. Authoritative environment evidence remains unavailable for at least one relevant gate.,완료,미검증,미검수,false
CPF-V9-INITIAL-FULL-REVIEW-20260805-2020-REV-007-DEVGPT-V9-S06,CPF-WP-ARCH-MSA-04-OPERATIONS_SECURITY,WORK_PACKAGE,ARCH-MSA,P1,PRODUCT_IMPLEMENTATION,OPERATIONS_SECURITY,보안·승인·감사·운영,cpf-core / repository architecture,cpf-core,repository architecture,DEVGPT-V9-S06,CPF-WP-ARCH-MSA-01-CONTRACT_OWNERSHIP,"AuthN/AuthZ, object/property/function 권한, trust boundary, secure default와 입력/자원 한도를 적용한다. || Secret/PII/credential masking, raw access, download/export와 Evidence sanitization을 적용한다. || 조회·상태·오류·timeline·control·reason·approval·SoD·expiry·immutable audit를 제공한다. || Metric/alert/runbook와 자동복구 allowlist/attempt limit/rollback/escalation을 연결한다.",Owner Command/Query API를 통해 운영하고 ADM/BZA가 Owner DB를 직접 갱신하지 않게 한다. || OWASP ASVS/API Security negative scenario를 관련 Test Kit에 매핑한다.,unauthenticated;unauthorized object/property;approval expired;self approval;secret leak;unsafe operation,GATE-01-OWNERSHIP;GATE-02-CONSUMER;GATE-09-SECURITY;GATE-11-OPS-AUDIT;GATE-12-OBSERVABILITY;GATE-18-TEST-EVIDENCE;GATE-20-HYGIENE,STD-CISA-SBD;STD-GRADLE-JAVA;STD-NIST-SSDF;STD-OTEL;STD-OWASP-ASVS;STD-SPRING;STD-TRACE,cpf-admin/frontend/openapi/cpf-openapi.json;cpf-admin/frontend/src/generated/cpf-api.ts;cpf-tools/config/cpf-starter-catalog.json;cpf-tools/scripts/verify-cpf-execution-scope-exhaustive.py;cpf-tools/scripts/verify-local-artifact-propagation.ps1;cpf-starters/security/session-jdbc/src/main/java/com/cpf/starter/security/CpfServerSessionSecurityAutoConfiguration.java;cpf-tools/scripts/initialize-cpf-database.ps1;cpf-batch/execution-runtime/src/main/java/com/cpf/batch/execution/CpfBatchKafkaRemoteConfiguration.java,cpf-admin/frontend/openapi/cpf-openapi.json,cpf-admin/frontend/src/generated/cpf-api.ts;cpf-admin/frontend/e2e/bff-security.spec.ts;cpf-biz-admin/frontend/e2e/bff-security.spec.ts,"AuthN/AuthZ, object/property/function 권한, trust boundary, secure default와 입력/자원 한도를 적용한다. || Secret/PII/credential masking, raw access, download/export와 Evidence sanitization을 적용한다. || 조회·상태·오류·timeline·control·reason·approval·SoD·expiry·immutable audit를 제공한다. || Metric/alert/runbook와 자동복구 allowlist/attempt limit/rollback/escalation을 연결한다. → cpf-admin/frontend/openapi/cpf-openapi.json;cpf-admin/frontend/src/generated/cpf-api.ts;cpf-tools/config/cpf-starter-catalog.json;cpf-tools/scripts/verify-cpf-execution-scope-exhaustive.py;cpf-tools/scripts/verify-local-artifact-propagation.ps1;cpf-starters/security/session-jdbc/src/main/java/com/cpf/starter/security/CpfServerSessionSecurityAutoConfiguration.java;cpf-tools/scripts/initialize-cpf-database.ps1;cpf-batch/execution-runtime/src/main/java/com/cpf/batch/execution/CpfBatchKafkaRemoteConfiguration.java → cpf-admin/frontend/src/generated/cpf-api.ts;cpf-admin/frontend/e2e/bff-security.spec.ts;cpf-biz-admin/frontend/e2e/bff-security.spec.ts → GATE-01-OWNERSHIP;GATE-02-CONSUMER;GATE-09-SECURITY;GATE-11-OPS-AUDIT;GATE-12-OBSERVABILITY;GATE-18-TEST-EVIDENCE;GATE-20-HYGIENE",Per-Work-Item source inventory plus all applicable Engineering Gate commands,"AuthN/AuthZ, object/property/function 권한, trust boundary, secure default와 입력/자원 한도를 적용한다. || Secret/PII/credential masking, raw access, download/export와 Evidence sanitization을 적용한다. || 조회·상태·오류·timeline·control·reason·approval·SoD·expiry·immutable audit를 제공한다. || Metric/alert/runbook와 자동복구 allowlist/attempt limit/rollback/escalation을 연결한다.",DIRECT_STATIC_AND_ACCEPTANCE_ALTERNATIVE,java -cp <classes> Qa39Tool bff-security .; pytest -q cpf-tools/scripts/tests/test_oracle_sqlplus_secret_transport.py || python cpf-tools/scripts/build-cpf-work-package-source-review.py --repo-root . || python cpf-tools/scripts/verify-cpf-runtime-alternatives.py --root . --report <evidence>,0,Acceptance-specific source/consumer review; relevant gates=GATE-09-SECURITY;GATE-11-OPS-AUDIT;GATE-12-OBSERVABILITY; states=미검증;미검증;완료. Authoritative environment evidence remains unavailable for at least one relevant gate.,evidence/ATOMIC_WORK_ITEM_EVIDENCE.jsonl#CPF-WP-ARCH-MSA-04-OPERATIONS_SECURITY,Acceptance-specific source/consumer review; relevant gates=GATE-09-SECURITY;GATE-11-OPS-AUDIT;GATE-12-OBSERVABILITY; states=미검증;미검증;완료. Authoritative environment evidence remains unavailable for at least one relevant gate.,완료,미검증,미검수,false
CPF-V9-INITIAL-FULL-REVIEW-20260805-2020-REV-007-DEVGPT-V9-S06,CPF-WP-ARCH-STARTER-01-CONTRACT_OWNERSHIP,WORK_PACKAGE,ARCH-STARTER,P1,PRODUCT_IMPLEMENTATION,CONTRACT_OWNERSHIP,계약·Ownership 확정,product architecture + cpf-tools generator/build,product architecture + cpf-tools generator,build,DEVGPT-V9-S06,,"Canonical Owner Module·Package·State Owner와 실제 Consumer를 코드 기준으로 확정한다. || Public API·SPI·Internal, 입력·출력·오류·lifecycle·thread-safety·version 계약을 정의한다. || 역방향/순환 의존, Internal 참조, 선택 OSS type 노출, Dual Primary와 owner 없는 공통기능을 제거 또는 이관 대상으로 등록한다. || Local/Remote/Async/Batch 등 적용 topology에서 계약 동등성과 trust boundary를 정의한다.",기존 정식 Package와 Contract를 우선 재사용하고 새 Module은 실제 Owner가 없을 때만 제안한다. || 복잡한 기술 세부는 Internal로 숨기고 고객 확장 지점만 안정 SPI로 노출한다.,contract compatibility;unsupported capability;invalid configuration;internal access negative fixture,GATE-01-OWNERSHIP;GATE-02-CONSUMER;GATE-15-GENERATOR;GATE-17-SUPPLY-CHAIN;GATE-18-TEST-EVIDENCE;GATE-20-HYGIENE,STD-CYCLONEDX;STD-GRADLE-JAVA;STD-NIST-SSDF;STD-SCRUM;STD-SLSA;STD-SPRING,cpf-starters/messaging/kafka/src/main/java/com/cpf/starter/messaging/kafka/internal/CpfKafkaConsumerControlAdapter.java;cpf-starters/security/session-jdbc/src/main/java/com/cpf/starter/security/CpfServerSessionSecurityAutoConfiguration.java;cpf-starters/integration/http-client/src/main/java/com/cpf/starter/integration/http/client/internal/CpfResilientHttpClient.java;cpf-starters/integration/tcp/src/main/java/com/cpf/starter/integration/tcp/internal/CpfResilientTcpClient.java;cpf-tools/scripts/verify-cpf-generator-upgrade-ownership.py;cpf-starters/data/cache-caffeine/build.gradle;cpf-starters/data/cache-valkey/build.gradle;cpf-starters/data/persistence-jdbc/build.gradle,cpf-starters/messaging/kafka/src/main/java/com/cpf/starter/messaging/kafka/internal/CpfKafkaConsumerControlAdapter.java,cpf-starters/messaging/kafka/src/main/java/com/cpf/starter/messaging/kafka/internal/CpfKafkaConsumerControlAdapter.java;cpf-starters/integration/http-client/src/main/java/com/cpf/starter/integration/http/client/internal/CpfResilientHttpClient.java;cpf-starters/integration/tcp/src/main/java/com/cpf/starter/integration/tcp/internal/CpfResilientTcpClient.java,"Canonical Owner Module·Package·State Owner와 실제 Consumer를 코드 기준으로 확정한다. || Public API·SPI·Internal, 입력·출력·오류·lifecycle·thread-safety·version 계약을 정의한다. || 역방향/순환 의존, Internal 참조, 선택 OSS type 노출, Dual Primary와 owner 없는 공통기능을 제거 또는 이관 대상으로 등록한다. || Local/Remote/Async/Batch 등 적용 topology에서 계약 동등성과 trust boundary를 정의한다. → cpf-starters/messaging/kafka/src/main/java/com/cpf/starter/messaging/kafka/internal/CpfKafkaConsumerControlAdapter.java;cpf-starters/security/session-jdbc/src/main/java/com/cpf/starter/security/CpfServerSessionSecurityAutoConfiguration.java;cpf-starters/integration/http-client/src/main/java/com/cpf/starter/integration/http/client/internal/CpfResilientHttpClient.java;cpf-starters/integration/tcp/src/main/java/com/cpf/starter/integration/tcp/internal/CpfResilientTcpClient.java;cpf-tools/scripts/verify-cpf-generator-upgrade-ownership.py;cpf-starters/data/cache-caffeine/build.gradle;cpf-starters/data/cache-valkey/build.gradle;cpf-starters/data/persistence-jdbc/build.gradle → cpf-starters/messaging/kafka/src/main/java/com/cpf/starter/messaging/kafka/internal/CpfKafkaConsumerControlAdapter.java;cpf-starters/integration/http-client/src/main/java/com/cpf/starter/integration/http/client/internal/CpfResilientHttpClient.java;cpf-starters/integration/tcp/src/main/java/com/cpf/starter/integration/tcp/internal/CpfResilientTcpClient.java → GATE-01-OWNERSHIP;GATE-02-CONSUMER;GATE-15-GENERATOR;GATE-17-SUPPLY-CHAIN;GATE-18-TEST-EVIDENCE;GATE-20-HYGIENE",Per-Work-Item source inventory plus all applicable Engineering Gate commands,"Canonical Owner Module·Package·State Owner와 실제 Consumer를 코드 기준으로 확정한다. || Public API·SPI·Internal, 입력·출력·오류·lifecycle·thread-safety·version 계약을 정의한다. || 역방향/순환 의존, Internal 참조, 선택 OSS type 노출, Dual Primary와 owner 없는 공통기능을 제거 또는 이관 대상으로 등록한다. || Local/Remote/Async/Batch 등 적용 topology에서 계약 동등성과 trust boundary를 정의한다.",DIRECT_STATIC_AND_ACCEPTANCE_ALTERNATIVE,python cpf-tools/scripts/verify-cpf-owner-boundaries.py --repo-root . --report-json <evidence>,0,Acceptance-specific source/consumer review; relevant gates=GATE-01-OWNERSHIP; states=완료. Direct or valid alternative evidence passed.,evidence/ATOMIC_WORK_ITEM_EVIDENCE.jsonl#CPF-WP-ARCH-STARTER-01-CONTRACT_OWNERSHIP,,완료,완료,미검수,false
CPF-V9-INITIAL-FULL-REVIEW-20260805-2020-REV-007-DEVGPT-V9-S06,CPF-WP-ARCH-STARTER-02-IMPLEMENTATION_CONSUMER,WORK_PACKAGE,ARCH-STARTER,P1,PRODUCT_IMPLEMENTATION,IMPLEMENTATION_CONSUMER,기본 구현·실제 Consumer 연결,product architecture + cpf-tools generator/build,product architecture + cpf-tools generator,build,DEVGPT-V9-S06,CPF-WP-ARCH-STARTER-01-CONTRACT_OWNERSHIP,"Interface/DTO/Marker가 아닌 안전한 기본 구현·Provider·AutoConfiguration·상태 저장을 제공한다. || Bean/Route/SQL/API/Frontend/Script를 실제 Product Consumer 호출 경로에 연결한다. || 설정 safe default, validation, capability detection, lifecycle start/stop와 resource cleanup을 구현한다. || Consumer 없는 추상화나 Sample-only 구현이면 완료하지 않고 실제 Consumer 연결 또는 통합/폐기 후보로 처리한다.",Leaf Starter와 조건부 AutoConfiguration을 사용해 선택하지 않은 Runtime 의존을 유입하지 않는다. || 제품 Consumer와 Reference Consumer를 분리하되 동일 Public Contract를 사용한다.,normal consumer flow;missing provider;invalid property;startup/shutdown;resource cleanup,GATE-01-OWNERSHIP;GATE-02-CONSUMER;GATE-15-GENERATOR;GATE-17-SUPPLY-CHAIN;GATE-18-TEST-EVIDENCE;GATE-20-HYGIENE,STD-CYCLONEDX;STD-GRADLE-JAVA;STD-NIST-SSDF;STD-SCRUM;STD-SLSA;STD-SPRING,cpf-starters/profiles/browser-bff/build.gradle;cpf-starters/profiles/minimal-domain/build.gradle;cpf-starters/profiles/secure-api/build.gradle;cpf-starters/security/session-jdbc/src/main/java/com/cpf/starter/security/CpfServerSessionSecurityAutoConfiguration.java;cpf-starters/profiles/web-api/build.gradle;cpf-starters/messaging/kafka/src/main/java/com/cpf/starter/messaging/kafka/internal/CpfKafkaConsumerControlAdapter.java;cpf-starters/profiles/batch-service/build.gradle;cpf-tools/scripts/verify-cpf-starter-catalog-truth.py,cpf-starters/profiles/browser-bff/build.gradle,cpf-starters/messaging/kafka/src/main/java/com/cpf/starter/messaging/kafka/internal/CpfKafkaConsumerControlAdapter.java;cpf-starters/profiles/batch-service/build.gradle;cpf-starters/integration/http-client/src/main/java/com/cpf/starter/integration/http/client/internal/CpfResilientHttpClient.java;cpf-starters/integration/tcp/src/main/java/com/cpf/starter/integration/tcp/internal/CpfResilientTcpClient.java;cpf-starters/profiles/event-service/build.gradle,"Interface/DTO/Marker가 아닌 안전한 기본 구현·Provider·AutoConfiguration·상태 저장을 제공한다. || Bean/Route/SQL/API/Frontend/Script를 실제 Product Consumer 호출 경로에 연결한다. || 설정 safe default, validation, capability detection, lifecycle start/stop와 resource cleanup을 구현한다. || Consumer 없는 추상화나 Sample-only 구현이면 완료하지 않고 실제 Consumer 연결 또는 통합/폐기 후보로 처리한다. → cpf-starters/profiles/browser-bff/build.gradle;cpf-starters/profiles/minimal-domain/build.gradle;cpf-starters/profiles/secure-api/build.gradle;cpf-starters/security/session-jdbc/src/main/java/com/cpf/starter/security/CpfServerSessionSecurityAutoConfiguration.java;cpf-starters/profiles/web-api/build.gradle;cpf-starters/messaging/kafka/src/main/java/com/cpf/starter/messaging/kafka/internal/CpfKafkaConsumerControlAdapter.java;cpf-starters/profiles/batch-service/build.gradle;cpf-tools/scripts/verify-cpf-starter-catalog-truth.py → cpf-starters/messaging/kafka/src/main/java/com/cpf/starter/messaging/kafka/internal/CpfKafkaConsumerControlAdapter.java;cpf-starters/profiles/batch-service/build.gradle;cpf-starters/integration/http-client/src/main/java/com/cpf/starter/integration/http/client/internal/CpfResilientHttpClient.java;cpf-starters/integration/tcp/src/main/java/com/cpf/starter/integration/tcp/internal/CpfResilientTcpClient.java;cpf-starters/profiles/event-service/build.gradle → GATE-01-OWNERSHIP;GATE-02-CONSUMER;GATE-15-GENERATOR;GATE-17-SUPPLY-CHAIN;GATE-18-TEST-EVIDENCE;GATE-20-HYGIENE",Per-Work-Item source inventory plus all applicable Engineering Gate commands,"Interface/DTO/Marker가 아닌 안전한 기본 구현·Provider·AutoConfiguration·상태 저장을 제공한다. || Bean/Route/SQL/API/Frontend/Script를 실제 Product Consumer 호출 경로에 연결한다. || 설정 safe default, validation, capability detection, lifecycle start/stop와 resource cleanup을 구현한다. || Consumer 없는 추상화나 Sample-only 구현이면 완료하지 않고 실제 Consumer 연결 또는 통합/폐기 후보로 처리한다.",DIRECT_STATIC_AND_ACCEPTANCE_ALTERNATIVE,python cpf-tools/scripts/build-cpf-work-package-source-review.py --repo-root .; python cpf-tools/scripts/verify-cpf-spring-request-mapping-uniqueness.py --repo-root .,0,Acceptance-specific source/consumer review; relevant gates=GATE-02-CONSUMER; states=완료. Direct or valid alternative evidence passed.,evidence/ATOMIC_WORK_ITEM_EVIDENCE.jsonl#CPF-WP-ARCH-STARTER-02-IMPLEMENTATION_CONSUMER,,완료,완료,미검수,false
CPF-V9-INITIAL-FULL-REVIEW-20260805-2020-REV-007-DEVGPT-V9-S06,CPF-WP-ARCH-STARTER-03-VERIFICATION_EVIDENCE,WORK_PACKAGE,ARCH-STARTER,P1,PRODUCT_IMPLEMENTATION,VERIFICATION_EVIDENCE,검증·Evidence·추적성,product architecture + cpf-tools generator/build,product architecture + cpf-tools generator,build,DEVGPT-V9-S06,CPF-WP-ARCH-STARTER-01-CONTRACT_OWNERSHIP;CPF-WP-ARCH-STARTER-02-IMPLEMENTATION_CONSUMER,"연결 CPF-FR Requirement와 CPF-SC Scenario를 논리 원장에서 전수 추출해 이 Work Package에 매핑한다. || 목표 환경을 먼저 실제 실행하고, 불가능할 때 최대 대체검증과 남은 실제 Runtime 차이를 분리한다. || 각 Scenario에 Test Method·Assertion·실제 결과·Evidence를 개별 연결한다. || 명령, 환경/version, 시간, exit code, report/artifact hash, sanitization과 baseline/working-tree 상태를 기록한다.",공통 Test Harness는 재사용하되 각 Requirement/Scenario의 Acceptance 근거를 개별 기록한다. || 긴 로그는 별도 Evidence로 두고 원장에는 핵심 결과와 경로를 남긴다.,direct validation;alternative validation;negative fixture;regression;evidence schema failure,GATE-01-OWNERSHIP;GATE-02-CONSUMER;GATE-15-GENERATOR;GATE-17-SUPPLY-CHAIN;GATE-18-TEST-EVIDENCE;GATE-20-HYGIENE,STD-CYCLONEDX;STD-GRADLE-JAVA;STD-NIST-SSDF;STD-SCRUM;STD-SLSA;STD-SPRING,cpf-starters/integration/http-client/src/main/java/com/cpf/starter/integration/http/client/internal/CpfResilientHttpClient.java;cpf-starters/integration/tcp/src/main/java/com/cpf/starter/integration/tcp/internal/CpfResilientTcpClient.java;cpf-tools/generator/contracts/cpf-starter-catalog.json;cpf-starters/messaging/kafka/src/main/java/com/cpf/starter/messaging/kafka/internal/CpfKafkaConsumerControlAdapter.java;cpf-starters/security/session-jdbc/src/main/java/com/cpf/starter/security/CpfServerSessionSecurityAutoConfiguration.java;cpf-starters/integration/fixedlength/build.gradle;cpf-starters/integration/http-client/build.gradle;cpf-starters/integration/iso8583/build.gradle,cpf-starters/integration/http-client/src/main/java/com/cpf/starter/integration/http/client/internal/CpfResilientHttpClient.java,cpf-starters/integration/http-client/src/main/java/com/cpf/starter/integration/http/client/internal/CpfResilientHttpClient.java;cpf-starters/integration/tcp/src/main/java/com/cpf/starter/integration/tcp/internal/CpfResilientTcpClient.java;cpf-starters/messaging/kafka/src/main/java/com/cpf/starter/messaging/kafka/internal/CpfKafkaConsumerControlAdapter.java;cpf-starters/integration/http-client/build.gradle,"연결 CPF-FR Requirement와 CPF-SC Scenario를 논리 원장에서 전수 추출해 이 Work Package에 매핑한다. || 목표 환경을 먼저 실제 실행하고, 불가능할 때 최대 대체검증과 남은 실제 Runtime 차이를 분리한다. || 각 Scenario에 Test Method·Assertion·실제 결과·Evidence를 개별 연결한다. || 명령, 환경/version, 시간, exit code, report/artifact hash, sanitization과 baseline/working-tree 상태를 기록한다. → cpf-starters/integration/http-client/src/main/java/com/cpf/starter/integration/http/client/internal/CpfResilientHttpClient.java;cpf-starters/integration/tcp/src/main/java/com/cpf/starter/integration/tcp/internal/CpfResilientTcpClient.java;cpf-tools/generator/contracts/cpf-starter-catalog.json;cpf-starters/messaging/kafka/src/main/java/com/cpf/starter/messaging/kafka/internal/CpfKafkaConsumerControlAdapter.java;cpf-starters/security/session-jdbc/src/main/java/com/cpf/starter/security/CpfServerSessionSecurityAutoConfiguration.java;cpf-starters/integration/fixedlength/build.gradle;cpf-starters/integration/http-client/build.gradle;cpf-starters/integration/iso8583/build.gradle → cpf-starters/integration/http-client/src/main/java/com/cpf/starter/integration/http/client/internal/CpfResilientHttpClient.java;cpf-starters/integration/tcp/src/main/java/com/cpf/starter/integration/tcp/internal/CpfResilientTcpClient.java;cpf-starters/messaging/kafka/src/main/java/com/cpf/starter/messaging/kafka/internal/CpfKafkaConsumerControlAdapter.java;cpf-starters/integration/http-client/build.gradle → GATE-01-OWNERSHIP;GATE-02-CONSUMER;GATE-15-GENERATOR;GATE-17-SUPPLY-CHAIN;GATE-18-TEST-EVIDENCE;GATE-20-HYGIENE",Per-Work-Item source inventory plus all applicable Engineering Gate commands,"연결 CPF-FR Requirement와 CPF-SC Scenario를 논리 원장에서 전수 추출해 이 Work Package에 매핑한다. || 목표 환경을 먼저 실제 실행하고, 불가능할 때 최대 대체검증과 남은 실제 Runtime 차이를 분리한다. || 각 Scenario에 Test Method·Assertion·실제 결과·Evidence를 개별 연결한다. || 명령, 환경/version, 시간, exit code, report/artifact hash, sanitization과 baseline/working-tree 상태를 기록한다.",DIRECT_STATIC_AND_ACCEPTANCE_ALTERNATIVE,pytest -q <21 S06 verifier files>; ./gradlew test,0,Acceptance-specific source/consumer review; relevant gates=GATE-18-TEST-EVIDENCE; states=미검증. Authoritative environment evidence remains unavailable for at least one relevant gate.,evidence/ATOMIC_WORK_ITEM_EVIDENCE.jsonl#CPF-WP-ARCH-STARTER-03-VERIFICATION_EVIDENCE,Acceptance-specific source/consumer review; relevant gates=GATE-18-TEST-EVIDENCE; states=미검증. Authoritative environment evidence remains unavailable for at least one relevant gate.,완료,미검증,미검수,false
CPF-V9-INITIAL-FULL-REVIEW-20260805-2020-REV-007-DEVGPT-V9-S06,CPF-WP-ARCH-STARTER-04-FAILURE_RECOVERY,WORK_PACKAGE,ARCH-STARTER,P1,PRODUCT_IMPLEMENTATION,FAILURE_RECOVERY,오류·부분 실패·UNKNOWN·복구,product architecture + cpf-tools generator/build,product architecture + cpf-tools generator,build,DEVGPT-V9-S06,CPF-WP-ARCH-STARTER-01-CONTRACT_OWNERSHIP,"정상, invalid, timeout, cancellation, dependency failure, partial failure와 resource exhaustion을 구현한다. || side-effect 전/후, commit/send/ACK/response loss의 UNKNOWN을 구분하고 durable state에 기록한다. || Retry budget, idempotency, lease/fencing, restart/reclaim, reconcile/compensation/manual resolution을 적용한다. || 다중 JVM/process와 process-kill 이후 중복·stale writer·blind retry를 방지한다.",명시적 상태 전이와 가상 Clock/Failure Injection 가능한 구조를 사용한다. || 공통 CPF resilience/locking/reconciliation 계약을 재사용하고 기능별 복제 Engine을 만들지 않는다.,timeout;cancel;dependency outage;partial failure;unknown result;duplicate;process kill;reconcile,GATE-01-OWNERSHIP;GATE-02-CONSUMER;GATE-06-STATE-IDEMP;GATE-08-UNKNOWN-RECOVERY;GATE-15-GENERATOR;GATE-17-SUPPLY-CHAIN;GATE-18-TEST-EVIDENCE;GATE-20-HYGIENE,STD-CYCLONEDX;STD-GRADLE-JAVA;STD-NIST-SSDF;STD-SCRUM;STD-SLSA;STD-SPRING,cpf-starters/messaging/kafka/src/main/java/com/cpf/starter/messaging/kafka/internal/CpfKafkaConsumerControlAdapter.java;cpf-starters/security/session-jdbc/src/main/java/com/cpf/starter/security/CpfServerSessionSecurityAutoConfiguration.java;cpf-starters/integration/http-client/src/main/java/com/cpf/starter/integration/http/client/internal/CpfResilientHttpClient.java;cpf-starters/integration/tcp/src/main/java/com/cpf/starter/integration/tcp/internal/CpfResilientTcpClient.java;cpf-starters/notification/sms-spi/build.gradle;cpf-starters/profiles/minimal-domain/build.gradle;cpf-starters/security/resource-server/build.gradle;cpf-tools/config/cpf-starter-catalog.json,cpf-starters/messaging/kafka/src/main/java/com/cpf/starter/messaging/kafka/internal/CpfKafkaConsumerControlAdapter.java,cpf-starters/messaging/kafka/src/main/java/com/cpf/starter/messaging/kafka/internal/CpfKafkaConsumerControlAdapter.java;cpf-starters/integration/http-client/src/main/java/com/cpf/starter/integration/http/client/internal/CpfResilientHttpClient.java;cpf-starters/integration/tcp/src/main/java/com/cpf/starter/integration/tcp/internal/CpfResilientTcpClient.java;cpf-starters/security/session-jdbc/src/test/java/com/cpf/starter/security/CpfServerSessionSecurityFilterChainTest.java,"정상, invalid, timeout, cancellation, dependency failure, partial failure와 resource exhaustion을 구현한다. || side-effect 전/후, commit/send/ACK/response loss의 UNKNOWN을 구분하고 durable state에 기록한다. || Retry budget, idempotency, lease/fencing, restart/reclaim, reconcile/compensation/manual resolution을 적용한다. || 다중 JVM/process와 process-kill 이후 중복·stale writer·blind retry를 방지한다. → cpf-starters/messaging/kafka/src/main/java/com/cpf/starter/messaging/kafka/internal/CpfKafkaConsumerControlAdapter.java;cpf-starters/security/session-jdbc/src/main/java/com/cpf/starter/security/CpfServerSessionSecurityAutoConfiguration.java;cpf-starters/integration/http-client/src/main/java/com/cpf/starter/integration/http/client/internal/CpfResilientHttpClient.java;cpf-starters/integration/tcp/src/main/java/com/cpf/starter/integration/tcp/internal/CpfResilientTcpClient.java;cpf-starters/notification/sms-spi/build.gradle;cpf-starters/profiles/minimal-domain/build.gradle;cpf-starters/security/resource-server/build.gradle;cpf-tools/config/cpf-starter-catalog.json → cpf-starters/messaging/kafka/src/main/java/com/cpf/starter/messaging/kafka/internal/CpfKafkaConsumerControlAdapter.java;cpf-starters/integration/http-client/src/main/java/com/cpf/starter/integration/http/client/internal/CpfResilientHttpClient.java;cpf-starters/integration/tcp/src/main/java/com/cpf/starter/integration/tcp/internal/CpfResilientTcpClient.java;cpf-starters/security/session-jdbc/src/test/java/com/cpf/starter/security/CpfServerSessionSecurityFilterChainTest.java → GATE-01-OWNERSHIP;GATE-02-CONSUMER;GATE-06-STATE-IDEMP;GATE-08-UNKNOWN-RECOVERY;GATE-15-GENERATOR;GATE-17-SUPPLY-CHAIN;GATE-18-TEST-EVIDENCE;GATE-20-HYGIENE",Per-Work-Item source inventory plus all applicable Engineering Gate commands,"정상, invalid, timeout, cancellation, dependency failure, partial failure와 resource exhaustion을 구현한다. || side-effect 전/후, commit/send/ACK/response loss의 UNKNOWN을 구분하고 durable state에 기록한다. || Retry budget, idempotency, lease/fencing, restart/reclaim, reconcile/compensation/manual resolution을 적용한다. || 다중 JVM/process와 process-kill 이후 중복·stale writer·blind retry를 방지한다.",DIRECT_STATIC_AND_ACCEPTANCE_ALTERNATIVE,python cpf-tools/scripts/verify-cpf-runtime-alternatives.py --root . --report <evidence>,0,Acceptance-specific source/consumer review; relevant gates=GATE-08-UNKNOWN-RECOVERY; states=완료. Direct or valid alternative evidence passed.,evidence/ATOMIC_WORK_ITEM_EVIDENCE.jsonl#CPF-WP-ARCH-STARTER-04-FAILURE_RECOVERY,,완료,완료,미검수,false
CPF-V9-INITIAL-FULL-REVIEW-20260805-2020-REV-007-DEVGPT-V9-S06,CPF-WP-ARCH-STARTER-05-GENERATION_COMPATIBILITY,WORK_PACKAGE,ARCH-STARTER,P1,PRODUCT_IMPLEMENTATION,GENERATION_COMPATIBILITY,생성·Artifact·호환성,product architecture + cpf-tools generator/build,product architecture + cpf-tools generator,build,DEVGPT-V9-S06,CPF-WP-ARCH-STARTER-01-CONTRACT_OWNERSHIP,"Generator/OpenAPI/AsyncAPI/DB metadata/template 등 Canonical 입력과 생성 산출물의 ownership을 확정한다. || remove→regenerate deterministic parity와 user-owned 영역 보존을 검증한다. || API/message/file/DB/config/artifact의 semantic version, compatibility, deprecation, mixed-version와 rollback 영향을 처리한다. || Generated Source만 수동 수정하지 않고 원본 입력·Generator·Golden Sample을 함께 수정한다.",입력 version/hash와 generator version을 manifest에 고정하고 normalized diff gate를 사용한다. || 최신 표준 버전은 shadow compatibility를 통과한 뒤 CPF 지원 profile로 승격한다.,clean regeneration;user region preserve;mixed version;unsupported profile;rollback compatibility,GATE-01-OWNERSHIP;GATE-02-CONSUMER;GATE-15-GENERATOR;GATE-16-COMPATIBILITY;GATE-17-SUPPLY-CHAIN;GATE-18-TEST-EVIDENCE;GATE-20-HYGIENE,STD-CYCLONEDX;STD-GRADLE-JAVA;STD-NIST-SSDF;STD-SCRUM;STD-SLSA;STD-SPRING,cpf-starters/profiles/minimal-domain/build.gradle;cpf-starters/profiles/web-api/build.gradle;cpf-starters/profiles/secure-api/build.gradle;cpf-starters/security/session-jdbc/src/main/java/com/cpf/starter/security/CpfServerSessionSecurityAutoConfiguration.java;cpf-starters/messaging/kafka/src/main/java/com/cpf/starter/messaging/kafka/internal/CpfKafkaConsumerControlAdapter.java;cpf-starters/integration/http-client/src/main/java/com/cpf/starter/integration/http/client/internal/CpfResilientHttpClient.java;cpf-starters/integration/tcp/src/main/java/com/cpf/starter/integration/tcp/internal/CpfResilientTcpClient.java;cpf-starters/notification/sms-spi/build.gradle,cpf-starters/profiles/minimal-domain/build.gradle,cpf-starters/messaging/kafka/src/main/java/com/cpf/starter/messaging/kafka/internal/CpfKafkaConsumerControlAdapter.java;cpf-starters/integration/http-client/src/main/java/com/cpf/starter/integration/http/client/internal/CpfResilientHttpClient.java;cpf-starters/integration/tcp/src/main/java/com/cpf/starter/integration/tcp/internal/CpfResilientTcpClient.java;cpf-starters/profiles/batch-service/build.gradle;cpf-starters/profiles/event-service/build.gradle,"Generator/OpenAPI/AsyncAPI/DB metadata/template 등 Canonical 입력과 생성 산출물의 ownership을 확정한다. || remove→regenerate deterministic parity와 user-owned 영역 보존을 검증한다. || API/message/file/DB/config/artifact의 semantic version, compatibility, deprecation, mixed-version와 rollback 영향을 처리한다. || Generated Source만 수동 수정하지 않고 원본 입력·Generator·Golden Sample을 함께 수정한다. → cpf-starters/profiles/minimal-domain/build.gradle;cpf-starters/profiles/web-api/build.gradle;cpf-starters/profiles/secure-api/build.gradle;cpf-starters/security/session-jdbc/src/main/java/com/cpf/starter/security/CpfServerSessionSecurityAutoConfiguration.java;cpf-starters/messaging/kafka/src/main/java/com/cpf/starter/messaging/kafka/internal/CpfKafkaConsumerControlAdapter.java;cpf-starters/integration/http-client/src/main/java/com/cpf/starter/integration/http/client/internal/CpfResilientHttpClient.java;cpf-starters/integration/tcp/src/main/java/com/cpf/starter/integration/tcp/internal/CpfResilientTcpClient.java;cpf-starters/notification/sms-spi/build.gradle → cpf-starters/messaging/kafka/src/main/java/com/cpf/starter/messaging/kafka/internal/CpfKafkaConsumerControlAdapter.java;cpf-starters/integration/http-client/src/main/java/com/cpf/starter/integration/http/client/internal/CpfResilientHttpClient.java;cpf-starters/integration/tcp/src/main/java/com/cpf/starter/integration/tcp/internal/CpfResilientTcpClient.java;cpf-starters/profiles/batch-service/build.gradle;cpf-starters/profiles/event-service/build.gradle → GATE-01-OWNERSHIP;GATE-02-CONSUMER;GATE-15-GENERATOR;GATE-16-COMPATIBILITY;GATE-17-SUPPLY-CHAIN;GATE-18-TEST-EVIDENCE;GATE-20-HYGIENE",Per-Work-Item source inventory plus all applicable Engineering Gate commands,"Generator/OpenAPI/AsyncAPI/DB metadata/template 등 Canonical 입력과 생성 산출물의 ownership을 확정한다. || remove→regenerate deterministic parity와 user-owned 영역 보존을 검증한다. || API/message/file/DB/config/artifact의 semantic version, compatibility, deprecation, mixed-version와 rollback 영향을 처리한다. || Generated Source만 수동 수정하지 않고 원본 입력·Generator·Golden Sample을 함께 수정한다.",DIRECT_STATIC_AND_ACCEPTANCE_ALTERNATIVE,python cpf-tools/scripts/verify-cpf-generator-idempotency-templates.py --repo-root .; python cpf-tools/scripts/verify-cpf-generator-lifecycle.py --repo-root . || python cpf-tools/scripts/verify-cpf-qa34-build-contract.py --repo-root .,0,Acceptance-specific source/consumer review; relevant gates=GATE-15-GENERATOR;GATE-16-COMPATIBILITY; states=완료;미검증. Authoritative environment evidence remains unavailable for at least one relevant gate.,evidence/ATOMIC_WORK_ITEM_EVIDENCE.jsonl#CPF-WP-ARCH-STARTER-05-GENERATION_COMPATIBILITY,Acceptance-specific source/consumer review; relevant gates=GATE-15-GENERATOR;GATE-16-COMPATIBILITY; states=완료;미검증. Authoritative environment evidence remains unavailable for at least one relevant gate.,완료,미검증,미검수,false
CPF-V9-INITIAL-FULL-REVIEW-20260805-2020-REV-007-DEVGPT-V9-S06,CPF-WP-CORE-API-01-CONTRACT_OWNERSHIP,WORK_PACKAGE,CORE-API,P1,PRODUCT_IMPLEMENTATION,CONTRACT_OWNERSHIP,계약·Ownership 확정,cpf-core / repository architecture,cpf-core,repository architecture,DEVGPT-V9-S06,,"Canonical Owner Module·Package·State Owner와 실제 Consumer를 코드 기준으로 확정한다. || Public API·SPI·Internal, 입력·출력·오류·lifecycle·thread-safety·version 계약을 정의한다. || 역방향/순환 의존, Internal 참조, 선택 OSS type 노출, Dual Primary와 owner 없는 공통기능을 제거 또는 이관 대상으로 등록한다. || Local/Remote/Async/Batch 등 적용 topology에서 계약 동등성과 trust boundary를 정의한다.",기존 정식 Package와 Contract를 우선 재사용하고 새 Module은 실제 Owner가 없을 때만 제안한다. || 복잡한 기술 세부는 Internal로 숨기고 고객 확장 지점만 안정 SPI로 노출한다.,contract compatibility;unsupported capability;invalid configuration;internal access negative fixture,GATE-01-OWNERSHIP;GATE-02-CONSUMER;GATE-18-TEST-EVIDENCE;GATE-20-HYGIENE;GATE-21-TIME,STD-GRADLE-JAVA;STD-NIST-SSDF;STD-SPRING,cpf-admin/frontend/src/generated/cpf-api.ts;cpf-admin/frontend/src/generated/cpf-operation-contract.ts;cpf-core/src/main/java/com/cpf/core/api/broker/CpfBrokerClient.java;cpf-core/src/main/java/com/cpf/core/spi/notification/CpfNotificationProvider.java;cpf-core/src/main/java/com/cpf/core/api/broker/CpfBrokerPublishResult.java;cpf-core/src/main/java/com/cpf/core/api/notification/CpfNotificationProviderStatus.java;cpf-core/src/main/java/com/cpf/core/api/notification/CpfNotificationResult.java;cpf-core/src/main/java/com/cpf/core/internal/broker/CpfBrokerClientAdapter.java,cpf-admin/frontend/src/generated/cpf-api.ts,cpf-admin/frontend/src/generated/cpf-api.ts;cpf-admin/frontend/src/generated/cpf-operation-contract.ts;cpf-core/src/main/java/com/cpf/core/api/broker/CpfBrokerClient.java;cpf-core/src/main/java/com/cpf/core/internal/broker/CpfBrokerClientAdapter.java;cpf-admin/frontend/src/generated/adm-route-operation-contract.ts,"Canonical Owner Module·Package·State Owner와 실제 Consumer를 코드 기준으로 확정한다. || Public API·SPI·Internal, 입력·출력·오류·lifecycle·thread-safety·version 계약을 정의한다. || 역방향/순환 의존, Internal 참조, 선택 OSS type 노출, Dual Primary와 owner 없는 공통기능을 제거 또는 이관 대상으로 등록한다. || Local/Remote/Async/Batch 등 적용 topology에서 계약 동등성과 trust boundary를 정의한다. → cpf-admin/frontend/src/generated/cpf-api.ts;cpf-admin/frontend/src/generated/cpf-operation-contract.ts;cpf-core/src/main/java/com/cpf/core/api/broker/CpfBrokerClient.java;cpf-core/src/main/java/com/cpf/core/spi/notification/CpfNotificationProvider.java;cpf-core/src/main/java/com/cpf/core/api/broker/CpfBrokerPublishResult.java;cpf-core/src/main/java/com/cpf/core/api/notification/CpfNotificationProviderStatus.java;cpf-core/src/main/java/com/cpf/core/api/notification/CpfNotificationResult.java;cpf-core/src/main/java/com/cpf/core/internal/broker/CpfBrokerClientAdapter.java → cpf-admin/frontend/src/generated/cpf-api.ts;cpf-admin/frontend/src/generated/cpf-operation-contract.ts;cpf-core/src/main/java/com/cpf/core/api/broker/CpfBrokerClient.java;cpf-core/src/main/java/com/cpf/core/internal/broker/CpfBrokerClientAdapter.java;cpf-admin/frontend/src/generated/adm-route-operation-contract.ts → GATE-01-OWNERSHIP;GATE-02-CONSUMER;GATE-18-TEST-EVIDENCE;GATE-20-HYGIENE;GATE-21-TIME",Per-Work-Item source inventory plus all applicable Engineering Gate commands,"Canonical Owner Module·Package·State Owner와 실제 Consumer를 코드 기준으로 확정한다. || Public API·SPI·Internal, 입력·출력·오류·lifecycle·thread-safety·version 계약을 정의한다. || 역방향/순환 의존, Internal 참조, 선택 OSS type 노출, Dual Primary와 owner 없는 공통기능을 제거 또는 이관 대상으로 등록한다. || Local/Remote/Async/Batch 등 적용 topology에서 계약 동등성과 trust boundary를 정의한다.",DIRECT_STATIC_AND_ACCEPTANCE_ALTERNATIVE,python cpf-tools/scripts/verify-cpf-owner-boundaries.py --repo-root . --report-json <evidence>,0,Acceptance-specific source/consumer review; relevant gates=GATE-01-OWNERSHIP; states=완료. Direct or valid alternative evidence passed.,evidence/ATOMIC_WORK_ITEM_EVIDENCE.jsonl#CPF-WP-CORE-API-01-CONTRACT_OWNERSHIP,,완료,완료,미검수,false
CPF-V9-INITIAL-FULL-REVIEW-20260805-2020-REV-007-DEVGPT-V9-S06,CPF-WP-CORE-API-02-IMPLEMENTATION_CONSUMER,WORK_PACKAGE,CORE-API,P1,PRODUCT_IMPLEMENTATION,IMPLEMENTATION_CONSUMER,기본 구현·실제 Consumer 연결,cpf-core / repository architecture,cpf-core,repository architecture,DEVGPT-V9-S06,CPF-WP-CORE-API-01-CONTRACT_OWNERSHIP,"Interface/DTO/Marker가 아닌 안전한 기본 구현·Provider·AutoConfiguration·상태 저장을 제공한다. || Bean/Route/SQL/API/Frontend/Script를 실제 Product Consumer 호출 경로에 연결한다. || 설정 safe default, validation, capability detection, lifecycle start/stop와 resource cleanup을 구현한다. || Consumer 없는 추상화나 Sample-only 구현이면 완료하지 않고 실제 Consumer 연결 또는 통합/폐기 후보로 처리한다.",Leaf Starter와 조건부 AutoConfiguration을 사용해 선택하지 않은 Runtime 의존을 유입하지 않는다. || 제품 Consumer와 Reference Consumer를 분리하되 동일 Public Contract를 사용한다.,normal consumer flow;missing provider;invalid property;startup/shutdown;resource cleanup,GATE-01-OWNERSHIP;GATE-02-CONSUMER;GATE-18-TEST-EVIDENCE;GATE-20-HYGIENE;GATE-21-TIME,STD-GRADLE-JAVA;STD-NIST-SSDF;STD-SPRING,cpf-admin/frontend/src/generated/cpf-api.ts;cpf-core/src/main/java/com/cpf/core/api/broker/CpfBrokerClient.java;cpf-admin/frontend/openapi/cpf-openapi.json;cpf-core/src/main/java/com/cpf/core/api/notification/CpfNotificationRequest.java;cpf-core/src/main/java/com/cpf/core/internal/broker/CpfBrokerClientAdapter.java;cpf-core/src/main/java/com/cpf/core/spi/notification/CpfNotificationProvider.java;cpf-core/src/main/java/com/cpf/core/api/broker/CpfBrokerPublishRequest.java;cpf-core/src/main/java/com/cpf/core/api/broker/CpfBrokerPublishResult.java,cpf-admin/frontend/src/generated/cpf-api.ts,cpf-admin/frontend/src/generated/cpf-api.ts;cpf-core/src/main/java/com/cpf/core/api/broker/CpfBrokerClient.java;cpf-core/src/main/java/com/cpf/core/internal/broker/CpfBrokerClientAdapter.java;cpf-admin/frontend/src/generated/cpf-operation-contract.ts;cpf-admin/frontend/src/generated/adm-route-operation-contract.ts,"Interface/DTO/Marker가 아닌 안전한 기본 구현·Provider·AutoConfiguration·상태 저장을 제공한다. || Bean/Route/SQL/API/Frontend/Script를 실제 Product Consumer 호출 경로에 연결한다. || 설정 safe default, validation, capability detection, lifecycle start/stop와 resource cleanup을 구현한다. || Consumer 없는 추상화나 Sample-only 구현이면 완료하지 않고 실제 Consumer 연결 또는 통합/폐기 후보로 처리한다. → cpf-admin/frontend/src/generated/cpf-api.ts;cpf-core/src/main/java/com/cpf/core/api/broker/CpfBrokerClient.java;cpf-admin/frontend/openapi/cpf-openapi.json;cpf-core/src/main/java/com/cpf/core/api/notification/CpfNotificationRequest.java;cpf-core/src/main/java/com/cpf/core/internal/broker/CpfBrokerClientAdapter.java;cpf-core/src/main/java/com/cpf/core/spi/notification/CpfNotificationProvider.java;cpf-core/src/main/java/com/cpf/core/api/broker/CpfBrokerPublishRequest.java;cpf-core/src/main/java/com/cpf/core/api/broker/CpfBrokerPublishResult.java → cpf-admin/frontend/src/generated/cpf-api.ts;cpf-core/src/main/java/com/cpf/core/api/broker/CpfBrokerClient.java;cpf-core/src/main/java/com/cpf/core/internal/broker/CpfBrokerClientAdapter.java;cpf-admin/frontend/src/generated/cpf-operation-contract.ts;cpf-admin/frontend/src/generated/adm-route-operation-contract.ts → GATE-01-OWNERSHIP;GATE-02-CONSUMER;GATE-18-TEST-EVIDENCE;GATE-20-HYGIENE;GATE-21-TIME",Per-Work-Item source inventory plus all applicable Engineering Gate commands,"Interface/DTO/Marker가 아닌 안전한 기본 구현·Provider·AutoConfiguration·상태 저장을 제공한다. || Bean/Route/SQL/API/Frontend/Script를 실제 Product Consumer 호출 경로에 연결한다. || 설정 safe default, validation, capability detection, lifecycle start/stop와 resource cleanup을 구현한다. || Consumer 없는 추상화나 Sample-only 구현이면 완료하지 않고 실제 Consumer 연결 또는 통합/폐기 후보로 처리한다.",DIRECT_STATIC_AND_ACCEPTANCE_ALTERNATIVE,python cpf-tools/scripts/build-cpf-work-package-source-review.py --repo-root .; python cpf-tools/scripts/verify-cpf-spring-request-mapping-uniqueness.py --repo-root .,0,Acceptance-specific source/consumer review; relevant gates=GATE-02-CONSUMER; states=완료. Direct or valid alternative evidence passed.,evidence/ATOMIC_WORK_ITEM_EVIDENCE.jsonl#CPF-WP-CORE-API-02-IMPLEMENTATION_CONSUMER,,완료,완료,미검수,false
CPF-V9-INITIAL-FULL-REVIEW-20260805-2020-REV-007-DEVGPT-V9-S06,CPF-WP-CORE-API-03-VERIFICATION_EVIDENCE,WORK_PACKAGE,CORE-API,P1,PRODUCT_IMPLEMENTATION,VERIFICATION_EVIDENCE,검증·Evidence·추적성,cpf-core / repository architecture,cpf-core,repository architecture,DEVGPT-V9-S06,CPF-WP-CORE-API-01-CONTRACT_OWNERSHIP;CPF-WP-CORE-API-02-IMPLEMENTATION_CONSUMER,"연결 CPF-FR Requirement와 CPF-SC Scenario를 논리 원장에서 전수 추출해 이 Work Package에 매핑한다. || 목표 환경을 먼저 실제 실행하고, 불가능할 때 최대 대체검증과 남은 실제 Runtime 차이를 분리한다. || 각 Scenario에 Test Method·Assertion·실제 결과·Evidence를 개별 연결한다. || 명령, 환경/version, 시간, exit code, report/artifact hash, sanitization과 baseline/working-tree 상태를 기록한다.",공통 Test Harness는 재사용하되 각 Requirement/Scenario의 Acceptance 근거를 개별 기록한다. || 긴 로그는 별도 Evidence로 두고 원장에는 핵심 결과와 경로를 남긴다.,direct validation;alternative validation;negative fixture;regression;evidence schema failure,GATE-01-OWNERSHIP;GATE-02-CONSUMER;GATE-18-TEST-EVIDENCE;GATE-20-HYGIENE;GATE-21-TIME,STD-GRADLE-JAVA;STD-NIST-SSDF;STD-SPRING,cpf-core/src/main/java/com/cpf/core/api/broker/CpfBrokerClient.java;cpf-core/src/main/java/com/cpf/core/spi/notification/CpfNotificationProvider.java;cpf-core/src/main/java/com/cpf/core/api/notification/CpfNotificationProviderStatus.java;cpf-core/src/main/java/com/cpf/core/internal/broker/CpfBrokerClientAdapter.java;cpf-admin/frontend/src/generated/cpf-api.ts;cpf-admin/frontend/src/generated/cpf-operation-contract.ts;cpf-core/src/main/java/com/cpf/core/api/broker/CpfBrokerPublishRequest.java;cpf-core/src/main/java/com/cpf/core/api/broker/CpfBrokerPublishResult.java,cpf-core/src/main/java/com/cpf/core/api/broker/CpfBrokerClient.java,cpf-core/src/main/java/com/cpf/core/api/broker/CpfBrokerClient.java;cpf-core/src/main/java/com/cpf/core/internal/broker/CpfBrokerClientAdapter.java;cpf-admin/frontend/src/generated/cpf-api.ts;cpf-admin/frontend/src/generated/cpf-operation-contract.ts;cpf-admin/frontend/src/generated/adm-route-operation-contract.ts,"연결 CPF-FR Requirement와 CPF-SC Scenario를 논리 원장에서 전수 추출해 이 Work Package에 매핑한다. || 목표 환경을 먼저 실제 실행하고, 불가능할 때 최대 대체검증과 남은 실제 Runtime 차이를 분리한다. || 각 Scenario에 Test Method·Assertion·실제 결과·Evidence를 개별 연결한다. || 명령, 환경/version, 시간, exit code, report/artifact hash, sanitization과 baseline/working-tree 상태를 기록한다. → cpf-core/src/main/java/com/cpf/core/api/broker/CpfBrokerClient.java;cpf-core/src/main/java/com/cpf/core/spi/notification/CpfNotificationProvider.java;cpf-core/src/main/java/com/cpf/core/api/notification/CpfNotificationProviderStatus.java;cpf-core/src/main/java/com/cpf/core/internal/broker/CpfBrokerClientAdapter.java;cpf-admin/frontend/src/generated/cpf-api.ts;cpf-admin/frontend/src/generated/cpf-operation-contract.ts;cpf-core/src/main/java/com/cpf/core/api/broker/CpfBrokerPublishRequest.java;cpf-core/src/main/java/com/cpf/core/api/broker/CpfBrokerPublishResult.java → cpf-core/src/main/java/com/cpf/core/api/broker/CpfBrokerClient.java;cpf-core/src/main/java/com/cpf/core/internal/broker/CpfBrokerClientAdapter.java;cpf-admin/frontend/src/generated/cpf-api.ts;cpf-admin/frontend/src/generated/cpf-operation-contract.ts;cpf-admin/frontend/src/generated/adm-route-operation-contract.ts → GATE-01-OWNERSHIP;GATE-02-CONSUMER;GATE-18-TEST-EVIDENCE;GATE-20-HYGIENE;GATE-21-TIME",Per-Work-Item source inventory plus all applicable Engineering Gate commands,"연결 CPF-FR Requirement와 CPF-SC Scenario를 논리 원장에서 전수 추출해 이 Work Package에 매핑한다. || 목표 환경을 먼저 실제 실행하고, 불가능할 때 최대 대체검증과 남은 실제 Runtime 차이를 분리한다. || 각 Scenario에 Test Method·Assertion·실제 결과·Evidence를 개별 연결한다. || 명령, 환경/version, 시간, exit code, report/artifact hash, sanitization과 baseline/working-tree 상태를 기록한다.",DIRECT_STATIC_AND_ACCEPTANCE_ALTERNATIVE,pytest -q <21 S06 verifier files>; ./gradlew test,0,Acceptance-specific source/consumer review; relevant gates=GATE-18-TEST-EVIDENCE; states=미검증. Authoritative environment evidence remains unavailable for at least one relevant gate.,evidence/ATOMIC_WORK_ITEM_EVIDENCE.jsonl#CPF-WP-CORE-API-03-VERIFICATION_EVIDENCE,Acceptance-specific source/consumer review; relevant gates=GATE-18-TEST-EVIDENCE; states=미검증. Authoritative environment evidence remains unavailable for at least one relevant gate.,완료,미검증,미검수,false
CPF-V9-INITIAL-FULL-REVIEW-20260805-2020-REV-007-DEVGPT-V9-S06,CPF-WP-CORE-CONFIG-01-CONTRACT_OWNERSHIP,WORK_PACKAGE,CORE-CONFIG,P1,PRODUCT_IMPLEMENTATION,CONTRACT_OWNERSHIP,계약·Ownership 확정,cpf-core / repository architecture,cpf-core,repository architecture,DEVGPT-V9-S06,,"Canonical Owner Module·Package·State Owner와 실제 Consumer를 코드 기준으로 확정한다. || Public API·SPI·Internal, 입력·출력·오류·lifecycle·thread-safety·version 계약을 정의한다. || 역방향/순환 의존, Internal 참조, 선택 OSS type 노출, Dual Primary와 owner 없는 공통기능을 제거 또는 이관 대상으로 등록한다. || Local/Remote/Async/Batch 등 적용 topology에서 계약 동등성과 trust boundary를 정의한다.",기존 정식 Package와 Contract를 우선 재사용하고 새 Module은 실제 Owner가 없을 때만 제안한다. || 복잡한 기술 세부는 Internal로 숨기고 고객 확장 지점만 안정 SPI로 노출한다.,contract compatibility;unsupported capability;invalid configuration;internal access negative fixture,GATE-01-OWNERSHIP;GATE-02-CONSUMER;GATE-08-UNKNOWN-RECOVERY;GATE-11-OPS-AUDIT;GATE-16-COMPATIBILITY;GATE-18-TEST-EVIDENCE;GATE-20-HYGIENE,STD-GRADLE-JAVA;STD-NIST-SSDF;STD-SPRING,cpf-core/src/main/java/com/cpf/core/api/broker/CpfBrokerClient.java;cpf-admin/frontend/openapi/cpf-openapi.json;cpf-core/src/main/java/com/cpf/core/spi/notification/CpfNotificationProvider.java;cpf-core/src/main/java/com/cpf/core/internal/broker/CpfBrokerClientAdapter.java;cpf-tools/scripts/verify-cpf-openapi-controller-coverage.py;cpf-core/src/main/java/com/cpf/core/api/broker/CpfBrokerPublishRequest.java;cpf-core/src/main/java/com/cpf/core/api/broker/CpfBrokerPublishResult.java;cpf-core/src/main/java/com/cpf/core/api/notification/CpfNotificationProviderStatus.java,cpf-core/src/main/java/com/cpf/core/api/broker/CpfBrokerClient.java,cpf-core/src/main/java/com/cpf/core/api/broker/CpfBrokerClient.java;cpf-core/src/main/java/com/cpf/core/internal/broker/CpfBrokerClientAdapter.java;cpf-admin/frontend/src/generated/cpf-api.ts;cpf-admin/frontend/src/generated/cpf-operation-contract.ts;cpf-admin/frontend/src/generated/adm-route-operation-contract.ts,"Canonical Owner Module·Package·State Owner와 실제 Consumer를 코드 기준으로 확정한다. || Public API·SPI·Internal, 입력·출력·오류·lifecycle·thread-safety·version 계약을 정의한다. || 역방향/순환 의존, Internal 참조, 선택 OSS type 노출, Dual Primary와 owner 없는 공통기능을 제거 또는 이관 대상으로 등록한다. || Local/Remote/Async/Batch 등 적용 topology에서 계약 동등성과 trust boundary를 정의한다. → cpf-core/src/main/java/com/cpf/core/api/broker/CpfBrokerClient.java;cpf-admin/frontend/openapi/cpf-openapi.json;cpf-core/src/main/java/com/cpf/core/spi/notification/CpfNotificationProvider.java;cpf-core/src/main/java/com/cpf/core/internal/broker/CpfBrokerClientAdapter.java;cpf-tools/scripts/verify-cpf-openapi-controller-coverage.py;cpf-core/src/main/java/com/cpf/core/api/broker/CpfBrokerPublishRequest.java;cpf-core/src/main/java/com/cpf/core/api/broker/CpfBrokerPublishResult.java;cpf-core/src/main/java/com/cpf/core/api/notification/CpfNotificationProviderStatus.java → cpf-core/src/main/java/com/cpf/core/api/broker/CpfBrokerClient.java;cpf-core/src/main/java/com/cpf/core/internal/broker/CpfBrokerClientAdapter.java;cpf-admin/frontend/src/generated/cpf-api.ts;cpf-admin/frontend/src/generated/cpf-operation-contract.ts;cpf-admin/frontend/src/generated/adm-route-operation-contract.ts → GATE-01-OWNERSHIP;GATE-02-CONSUMER;GATE-08-UNKNOWN-RECOVERY;GATE-11-OPS-AUDIT;GATE-16-COMPATIBILITY;GATE-18-TEST-EVIDENCE;GATE-20-HYGIENE",Per-Work-Item source inventory plus all applicable Engineering Gate commands,"Canonical Owner Module·Package·State Owner와 실제 Consumer를 코드 기준으로 확정한다. || Public API·SPI·Internal, 입력·출력·오류·lifecycle·thread-safety·version 계약을 정의한다. || 역방향/순환 의존, Internal 참조, 선택 OSS type 노출, Dual Primary와 owner 없는 공통기능을 제거 또는 이관 대상으로 등록한다. || Local/Remote/Async/Batch 등 적용 topology에서 계약 동등성과 trust boundary를 정의한다.",DIRECT_STATIC_AND_ACCEPTANCE_ALTERNATIVE,python cpf-tools/scripts/verify-cpf-owner-boundaries.py --repo-root . --report-json <evidence>,0,Acceptance-specific source/consumer review; relevant gates=GATE-01-OWNERSHIP; states=완료. Direct or valid alternative evidence passed.,evidence/ATOMIC_WORK_ITEM_EVIDENCE.jsonl#CPF-WP-CORE-CONFIG-01-CONTRACT_OWNERSHIP,,완료,완료,미검수,false
CPF-V9-INITIAL-FULL-REVIEW-20260805-2020-REV-007-DEVGPT-V9-S06,CPF-WP-CORE-CONFIG-02-IMPLEMENTATION_CONSUMER,WORK_PACKAGE,CORE-CONFIG,P1,PRODUCT_IMPLEMENTATION,IMPLEMENTATION_CONSUMER,기본 구현·실제 Consumer 연결,cpf-core / repository architecture,cpf-core,repository architecture,DEVGPT-V9-S06,CPF-WP-CORE-CONFIG-01-CONTRACT_OWNERSHIP,"Interface/DTO/Marker가 아닌 안전한 기본 구현·Provider·AutoConfiguration·상태 저장을 제공한다. || Bean/Route/SQL/API/Frontend/Script를 실제 Product Consumer 호출 경로에 연결한다. || 설정 safe default, validation, capability detection, lifecycle start/stop와 resource cleanup을 구현한다. || Consumer 없는 추상화나 Sample-only 구현이면 완료하지 않고 실제 Consumer 연결 또는 통합/폐기 후보로 처리한다.",Leaf Starter와 조건부 AutoConfiguration을 사용해 선택하지 않은 Runtime 의존을 유입하지 않는다. || 제품 Consumer와 Reference Consumer를 분리하되 동일 Public Contract를 사용한다.,normal consumer flow;missing provider;invalid property;startup/shutdown;resource cleanup,GATE-01-OWNERSHIP;GATE-02-CONSUMER;GATE-08-UNKNOWN-RECOVERY;GATE-11-OPS-AUDIT;GATE-16-COMPATIBILITY;GATE-18-TEST-EVIDENCE;GATE-20-HYGIENE,STD-GRADLE-JAVA;STD-NIST-SSDF;STD-SPRING,cpf-admin/frontend/src/generated/cpf-api.ts;cpf-core/src/main/java/com/cpf/core/api/broker/CpfBrokerClient.java;cpf-admin/frontend/openapi/cpf-openapi.json;cpf-core/src/main/java/com/cpf/core/api/notification/CpfNotificationRequest.java;cpf-core/src/main/java/com/cpf/core/internal/broker/CpfBrokerClientAdapter.java;cpf-core/src/main/java/com/cpf/core/spi/notification/CpfNotificationProvider.java;cpf-core/src/main/java/com/cpf/core/api/broker/CpfBrokerPublishRequest.java;cpf-core/src/main/java/com/cpf/core/api/broker/CpfBrokerPublishResult.java,cpf-admin/frontend/src/generated/cpf-api.ts,cpf-admin/frontend/src/generated/cpf-api.ts;cpf-core/src/main/java/com/cpf/core/api/broker/CpfBrokerClient.java;cpf-core/src/main/java/com/cpf/core/internal/broker/CpfBrokerClientAdapter.java;cpf-admin/frontend/src/generated/cpf-operation-contract.ts;cpf-admin/frontend/src/generated/adm-route-operation-contract.ts,"Interface/DTO/Marker가 아닌 안전한 기본 구현·Provider·AutoConfiguration·상태 저장을 제공한다. || Bean/Route/SQL/API/Frontend/Script를 실제 Product Consumer 호출 경로에 연결한다. || 설정 safe default, validation, capability detection, lifecycle start/stop와 resource cleanup을 구현한다. || Consumer 없는 추상화나 Sample-only 구현이면 완료하지 않고 실제 Consumer 연결 또는 통합/폐기 후보로 처리한다. → cpf-admin/frontend/src/generated/cpf-api.ts;cpf-core/src/main/java/com/cpf/core/api/broker/CpfBrokerClient.java;cpf-admin/frontend/openapi/cpf-openapi.json;cpf-core/src/main/java/com/cpf/core/api/notification/CpfNotificationRequest.java;cpf-core/src/main/java/com/cpf/core/internal/broker/CpfBrokerClientAdapter.java;cpf-core/src/main/java/com/cpf/core/spi/notification/CpfNotificationProvider.java;cpf-core/src/main/java/com/cpf/core/api/broker/CpfBrokerPublishRequest.java;cpf-core/src/main/java/com/cpf/core/api/broker/CpfBrokerPublishResult.java → cpf-admin/frontend/src/generated/cpf-api.ts;cpf-core/src/main/java/com/cpf/core/api/broker/CpfBrokerClient.java;cpf-core/src/main/java/com/cpf/core/internal/broker/CpfBrokerClientAdapter.java;cpf-admin/frontend/src/generated/cpf-operation-contract.ts;cpf-admin/frontend/src/generated/adm-route-operation-contract.ts → GATE-01-OWNERSHIP;GATE-02-CONSUMER;GATE-08-UNKNOWN-RECOVERY;GATE-11-OPS-AUDIT;GATE-16-COMPATIBILITY;GATE-18-TEST-EVIDENCE;GATE-20-HYGIENE",Per-Work-Item source inventory plus all applicable Engineering Gate commands,"Interface/DTO/Marker가 아닌 안전한 기본 구현·Provider·AutoConfiguration·상태 저장을 제공한다. || Bean/Route/SQL/API/Frontend/Script를 실제 Product Consumer 호출 경로에 연결한다. || 설정 safe default, validation, capability detection, lifecycle start/stop와 resource cleanup을 구현한다. || Consumer 없는 추상화나 Sample-only 구현이면 완료하지 않고 실제 Consumer 연결 또는 통합/폐기 후보로 처리한다.",DIRECT_STATIC_AND_ACCEPTANCE_ALTERNATIVE,python cpf-tools/scripts/build-cpf-work-package-source-review.py --repo-root .; python cpf-tools/scripts/verify-cpf-spring-request-mapping-uniqueness.py --repo-root .,0,Acceptance-specific source/consumer review; relevant gates=GATE-02-CONSUMER; states=완료. Direct or valid alternative evidence passed.,evidence/ATOMIC_WORK_ITEM_EVIDENCE.jsonl#CPF-WP-CORE-CONFIG-02-IMPLEMENTATION_CONSUMER,,완료,완료,미검수,false
CPF-V9-INITIAL-FULL-REVIEW-20260805-2020-REV-007-DEVGPT-V9-S06,CPF-WP-CORE-CONFIG-03-VERIFICATION_EVIDENCE,WORK_PACKAGE,CORE-CONFIG,P1,PRODUCT_IMPLEMENTATION,VERIFICATION_EVIDENCE,검증·Evidence·추적성,cpf-core / repository architecture,cpf-core,repository architecture,DEVGPT-V9-S06,CPF-WP-CORE-CONFIG-01-CONTRACT_OWNERSHIP;CPF-WP-CORE-CONFIG-02-IMPLEMENTATION_CONSUMER,"연결 CPF-FR Requirement와 CPF-SC Scenario를 논리 원장에서 전수 추출해 이 Work Package에 매핑한다. || 목표 환경을 먼저 실제 실행하고, 불가능할 때 최대 대체검증과 남은 실제 Runtime 차이를 분리한다. || 각 Scenario에 Test Method·Assertion·실제 결과·Evidence를 개별 연결한다. || 명령, 환경/version, 시간, exit code, report/artifact hash, sanitization과 baseline/working-tree 상태를 기록한다.",공통 Test Harness는 재사용하되 각 Requirement/Scenario의 Acceptance 근거를 개별 기록한다. || 긴 로그는 별도 Evidence로 두고 원장에는 핵심 결과와 경로를 남긴다.,direct validation;alternative validation;negative fixture;regression;evidence schema failure,GATE-01-OWNERSHIP;GATE-02-CONSUMER;GATE-08-UNKNOWN-RECOVERY;GATE-11-OPS-AUDIT;GATE-16-COMPATIBILITY;GATE-18-TEST-EVIDENCE;GATE-20-HYGIENE,STD-GRADLE-JAVA;STD-NIST-SSDF;STD-SPRING,cpf-core/src/main/java/com/cpf/core/api/broker/CpfBrokerClient.java;cpf-core/src/main/java/com/cpf/core/internal/broker/CpfBrokerClientAdapter.java;cpf-core/src/main/java/com/cpf/core/spi/notification/CpfNotificationProvider.java;cpf-core/src/main/java/com/cpf/core/api/broker/CpfBrokerPublishRequest.java;cpf-core/src/main/java/com/cpf/core/api/broker/CpfBrokerPublishResult.java;cpf-core/src/main/java/com/cpf/core/api/notification/CpfNotificationProviderStatus.java;cpf-core/src/main/java/com/cpf/core/api/notification/CpfNotificationRequest.java;cpf-core/src/main/java/com/cpf/core/api/notification/CpfNotificationResult.java,cpf-core/src/main/java/com/cpf/core/api/broker/CpfBrokerClient.java,cpf-core/src/main/java/com/cpf/core/api/broker/CpfBrokerClient.java;cpf-core/src/main/java/com/cpf/core/internal/broker/CpfBrokerClientAdapter.java;cpf-admin/frontend/src/generated/cpf-api.ts;cpf-admin/frontend/src/generated/cpf-operation-contract.ts;cpf-admin/frontend/src/generated/adm-route-operation-contract.ts,"연결 CPF-FR Requirement와 CPF-SC Scenario를 논리 원장에서 전수 추출해 이 Work Package에 매핑한다. || 목표 환경을 먼저 실제 실행하고, 불가능할 때 최대 대체검증과 남은 실제 Runtime 차이를 분리한다. || 각 Scenario에 Test Method·Assertion·실제 결과·Evidence를 개별 연결한다. || 명령, 환경/version, 시간, exit code, report/artifact hash, sanitization과 baseline/working-tree 상태를 기록한다. → cpf-core/src/main/java/com/cpf/core/api/broker/CpfBrokerClient.java;cpf-core/src/main/java/com/cpf/core/internal/broker/CpfBrokerClientAdapter.java;cpf-core/src/main/java/com/cpf/core/spi/notification/CpfNotificationProvider.java;cpf-core/src/main/java/com/cpf/core/api/broker/CpfBrokerPublishRequest.java;cpf-core/src/main/java/com/cpf/core/api/broker/CpfBrokerPublishResult.java;cpf-core/src/main/java/com/cpf/core/api/notification/CpfNotificationProviderStatus.java;cpf-core/src/main/java/com/cpf/core/api/notification/CpfNotificationRequest.java;cpf-core/src/main/java/com/cpf/core/api/notification/CpfNotificationResult.java → cpf-core/src/main/java/com/cpf/core/api/broker/CpfBrokerClient.java;cpf-core/src/main/java/com/cpf/core/internal/broker/CpfBrokerClientAdapter.java;cpf-admin/frontend/src/generated/cpf-api.ts;cpf-admin/frontend/src/generated/cpf-operation-contract.ts;cpf-admin/frontend/src/generated/adm-route-operation-contract.ts → GATE-01-OWNERSHIP;GATE-02-CONSUMER;GATE-08-UNKNOWN-RECOVERY;GATE-11-OPS-AUDIT;GATE-16-COMPATIBILITY;GATE-18-TEST-EVIDENCE;GATE-20-HYGIENE",Per-Work-Item source inventory plus all applicable Engineering Gate commands,"연결 CPF-FR Requirement와 CPF-SC Scenario를 논리 원장에서 전수 추출해 이 Work Package에 매핑한다. || 목표 환경을 먼저 실제 실행하고, 불가능할 때 최대 대체검증과 남은 실제 Runtime 차이를 분리한다. || 각 Scenario에 Test Method·Assertion·실제 결과·Evidence를 개별 연결한다. || 명령, 환경/version, 시간, exit code, report/artifact hash, sanitization과 baseline/working-tree 상태를 기록한다.",DIRECT_STATIC_AND_ACCEPTANCE_ALTERNATIVE,pytest -q <21 S06 verifier files>; ./gradlew test,0,Acceptance-specific source/consumer review; relevant gates=GATE-18-TEST-EVIDENCE; states=미검증. Authoritative environment evidence remains unavailable for at least one relevant gate.,evidence/ATOMIC_WORK_ITEM_EVIDENCE.jsonl#CPF-WP-CORE-CONFIG-03-VERIFICATION_EVIDENCE,Acceptance-specific source/consumer review; relevant gates=GATE-18-TEST-EVIDENCE; states=미검증. Authoritative environment evidence remains unavailable for at least one relevant gate.,완료,미검증,미검수,false
CPF-V9-INITIAL-FULL-REVIEW-20260805-2020-REV-007-DEVGPT-V9-S06,CPF-WP-CORE-CONFIG-04-FAILURE_RECOVERY,WORK_PACKAGE,CORE-CONFIG,P1,PRODUCT_IMPLEMENTATION,FAILURE_RECOVERY,오류·부분 실패·UNKNOWN·복구,cpf-core / repository architecture,cpf-core,repository architecture,DEVGPT-V9-S06,CPF-WP-CORE-CONFIG-01-CONTRACT_OWNERSHIP,"정상, invalid, timeout, cancellation, dependency failure, partial failure와 resource exhaustion을 구현한다. || side-effect 전/후, commit/send/ACK/response loss의 UNKNOWN을 구분하고 durable state에 기록한다. || Retry budget, idempotency, lease/fencing, restart/reclaim, reconcile/compensation/manual resolution을 적용한다. || 다중 JVM/process와 process-kill 이후 중복·stale writer·blind retry를 방지한다.",명시적 상태 전이와 가상 Clock/Failure Injection 가능한 구조를 사용한다. || 공통 CPF resilience/locking/reconciliation 계약을 재사용하고 기능별 복제 Engine을 만들지 않는다.,timeout;cancel;dependency outage;partial failure;unknown result;duplicate;process kill;reconcile,GATE-01-OWNERSHIP;GATE-02-CONSUMER;GATE-06-STATE-IDEMP;GATE-08-UNKNOWN-RECOVERY;GATE-11-OPS-AUDIT;GATE-16-COMPATIBILITY;GATE-18-TEST-EVIDENCE;GATE-20-HYGIENE,STD-GRADLE-JAVA;STD-NIST-SSDF;STD-SPRING,cpf-admin/frontend/src/generated/cpf-api.ts;cpf-core/src/main/java/com/cpf/core/api/broker/CpfBrokerClient.java;cpf-core/src/main/java/com/cpf/core/api/broker/CpfBrokerPublishResult.java;cpf-core/src/main/java/com/cpf/core/spi/notification/CpfNotificationProvider.java;cpf-core/src/main/java/com/cpf/core/api/notification/CpfNotificationProviderStatus.java;cpf-core/src/main/java/com/cpf/core/api/notification/CpfNotificationResult.java;cpf-core/src/main/java/com/cpf/core/internal/broker/CpfBrokerClientAdapter.java;cpf-core/src/main/java/com/cpf/core/api/broker/CpfBrokerPublishRequest.java,cpf-admin/frontend/src/generated/cpf-api.ts,cpf-admin/frontend/src/generated/cpf-api.ts;cpf-core/src/main/java/com/cpf/core/api/broker/CpfBrokerClient.java;cpf-core/src/main/java/com/cpf/core/internal/broker/CpfBrokerClientAdapter.java;cpf-admin/frontend/src/generated/cpf-operation-contract.ts,"정상, invalid, timeout, cancellation, dependency failure, partial failure와 resource exhaustion을 구현한다. || side-effect 전/후, commit/send/ACK/response loss의 UNKNOWN을 구분하고 durable state에 기록한다. || Retry budget, idempotency, lease/fencing, restart/reclaim, reconcile/compensation/manual resolution을 적용한다. || 다중 JVM/process와 process-kill 이후 중복·stale writer·blind retry를 방지한다. → cpf-admin/frontend/src/generated/cpf-api.ts;cpf-core/src/main/java/com/cpf/core/api/broker/CpfBrokerClient.java;cpf-core/src/main/java/com/cpf/core/api/broker/CpfBrokerPublishResult.java;cpf-core/src/main/java/com/cpf/core/spi/notification/CpfNotificationProvider.java;cpf-core/src/main/java/com/cpf/core/api/notification/CpfNotificationProviderStatus.java;cpf-core/src/main/java/com/cpf/core/api/notification/CpfNotificationResult.java;cpf-core/src/main/java/com/cpf/core/internal/broker/CpfBrokerClientAdapter.java;cpf-core/src/main/java/com/cpf/core/api/broker/CpfBrokerPublishRequest.java → cpf-admin/frontend/src/generated/cpf-api.ts;cpf-core/src/main/java/com/cpf/core/api/broker/CpfBrokerClient.java;cpf-core/src/main/java/com/cpf/core/internal/broker/CpfBrokerClientAdapter.java;cpf-admin/frontend/src/generated/cpf-operation-contract.ts → GATE-01-OWNERSHIP;GATE-02-CONSUMER;GATE-06-STATE-IDEMP;GATE-08-UNKNOWN-RECOVERY;GATE-11-OPS-AUDIT;GATE-16-COMPATIBILITY;GATE-18-TEST-EVIDENCE;GATE-20-HYGIENE",Per-Work-Item source inventory plus all applicable Engineering Gate commands,"정상, invalid, timeout, cancellation, dependency failure, partial failure와 resource exhaustion을 구현한다. || side-effect 전/후, commit/send/ACK/response loss의 UNKNOWN을 구분하고 durable state에 기록한다. || Retry budget, idempotency, lease/fencing, restart/reclaim, reconcile/compensation/manual resolution을 적용한다. || 다중 JVM/process와 process-kill 이후 중복·stale writer·blind retry를 방지한다.",DIRECT_STATIC_AND_ACCEPTANCE_ALTERNATIVE,python cpf-tools/scripts/verify-cpf-runtime-alternatives.py --root . --report <evidence>,0,Acceptance-specific source/consumer review; relevant gates=GATE-08-UNKNOWN-RECOVERY; states=완료. Direct or valid alternative evidence passed.,evidence/ATOMIC_WORK_ITEM_EVIDENCE.jsonl#CPF-WP-CORE-CONFIG-04-FAILURE_RECOVERY,,완료,완료,미검수,false
CPF-V9-INITIAL-FULL-REVIEW-20260805-2020-REV-007-DEVGPT-V9-S06,CPF-WP-CORE-CONFIG-05-OPERATIONS_SECURITY,WORK_PACKAGE,CORE-CONFIG,P1,PRODUCT_IMPLEMENTATION,OPERATIONS_SECURITY,보안·승인·감사·운영,cpf-core / repository architecture,cpf-core,repository architecture,DEVGPT-V9-S06,CPF-WP-CORE-CONFIG-01-CONTRACT_OWNERSHIP,"AuthN/AuthZ, object/property/function 권한, trust boundary, secure default와 입력/자원 한도를 적용한다. || Secret/PII/credential masking, raw access, download/export와 Evidence sanitization을 적용한다. || 조회·상태·오류·timeline·control·reason·approval·SoD·expiry·immutable audit를 제공한다. || Metric/alert/runbook와 자동복구 allowlist/attempt limit/rollback/escalation을 연결한다.",Owner Command/Query API를 통해 운영하고 ADM/BZA가 Owner DB를 직접 갱신하지 않게 한다. || OWASP ASVS/API Security negative scenario를 관련 Test Kit에 매핑한다.,unauthenticated;unauthorized object/property;approval expired;self approval;secret leak;unsafe operation,GATE-01-OWNERSHIP;GATE-02-CONSUMER;GATE-08-UNKNOWN-RECOVERY;GATE-09-SECURITY;GATE-11-OPS-AUDIT;GATE-16-COMPATIBILITY;GATE-18-TEST-EVIDENCE;GATE-20-HYGIENE,STD-CISA-SBD;STD-GRADLE-JAVA;STD-NIST-SSDF;STD-OWASP-ASVS;STD-SPRING,cpf-tools/db/vendor/oracle/domain-template/migration/V1____DOMAIN___domain.sql.template;cpf-tools/db/vendor/postgresql/domain-template/migration/V1____DOMAIN___domain.sql.template;cpf-tools/db/vendor/mariadb/domain-template/migration/V1____DOMAIN___domain.sql.template;cpf-tools/db/vendor/mariadb/seed/00_optional_sample_seed.sql;cpf-tools/db/vendor/mariadb/source/00_optional_sample_seed.sql;cpf-tools/db/vendor/oracle/seed/00_optional_sample_seed.sql;cpf-tools/db/vendor/oracle/source/00_optional_sample_seed.sql;cpf-tools/db/vendor/postgresql/seed/00_optional_sample_seed.sql,cpf-tools/db/vendor/oracle/domain-template/migration/V1____DOMAIN___domain.sql.template,cpf-admin/frontend/src/generated/cpf-api.ts,"AuthN/AuthZ, object/property/function 권한, trust boundary, secure default와 입력/자원 한도를 적용한다. || Secret/PII/credential masking, raw access, download/export와 Evidence sanitization을 적용한다. || 조회·상태·오류·timeline·control·reason·approval·SoD·expiry·immutable audit를 제공한다. || Metric/alert/runbook와 자동복구 allowlist/attempt limit/rollback/escalation을 연결한다. → cpf-tools/db/vendor/oracle/domain-template/migration/V1____DOMAIN___domain.sql.template;cpf-tools/db/vendor/postgresql/domain-template/migration/V1____DOMAIN___domain.sql.template;cpf-tools/db/vendor/mariadb/domain-template/migration/V1____DOMAIN___domain.sql.template;cpf-tools/db/vendor/mariadb/seed/00_optional_sample_seed.sql;cpf-tools/db/vendor/mariadb/source/00_optional_sample_seed.sql;cpf-tools/db/vendor/oracle/seed/00_optional_sample_seed.sql;cpf-tools/db/vendor/oracle/source/00_optional_sample_seed.sql;cpf-tools/db/vendor/postgresql/seed/00_optional_sample_seed.sql → cpf-admin/frontend/src/generated/cpf-api.ts → GATE-01-OWNERSHIP;GATE-02-CONSUMER;GATE-08-UNKNOWN-RECOVERY;GATE-09-SECURITY;GATE-11-OPS-AUDIT;GATE-16-COMPATIBILITY;GATE-18-TEST-EVIDENCE;GATE-20-HYGIENE",Per-Work-Item source inventory plus all applicable Engineering Gate commands,"AuthN/AuthZ, object/property/function 권한, trust boundary, secure default와 입력/자원 한도를 적용한다. || Secret/PII/credential masking, raw access, download/export와 Evidence sanitization을 적용한다. || 조회·상태·오류·timeline·control·reason·approval·SoD·expiry·immutable audit를 제공한다. || Metric/alert/runbook와 자동복구 allowlist/attempt limit/rollback/escalation을 연결한다.",DIRECT_STATIC_AND_ACCEPTANCE_ALTERNATIVE,java -cp <classes> Qa39Tool bff-security .; pytest -q cpf-tools/scripts/tests/test_oracle_sqlplus_secret_transport.py || python cpf-tools/scripts/build-cpf-work-package-source-review.py --repo-root .,0,Acceptance-specific source/consumer review; relevant gates=GATE-09-SECURITY;GATE-11-OPS-AUDIT; states=미검증;미검증. Authoritative environment evidence remains unavailable for at least one relevant gate.,evidence/ATOMIC_WORK_ITEM_EVIDENCE.jsonl#CPF-WP-CORE-CONFIG-05-OPERATIONS_SECURITY,Acceptance-specific source/consumer review; relevant gates=GATE-09-SECURITY;GATE-11-OPS-AUDIT; states=미검증;미검증. Authoritative environment evidence remains unavailable for at least one relevant gate.,완료,미검증,미검수,false
CPF-V9-INITIAL-FULL-REVIEW-20260805-2020-REV-007-DEVGPT-V9-S06,CPF-WP-CORE-SPI-01-CONTRACT_OWNERSHIP,WORK_PACKAGE,CORE-SPI,P1,PRODUCT_IMPLEMENTATION,CONTRACT_OWNERSHIP,계약·Ownership 확정,cpf-core / repository architecture,cpf-core,repository architecture,DEVGPT-V9-S06,,"Canonical Owner Module·Package·State Owner와 실제 Consumer를 코드 기준으로 확정한다. || Public API·SPI·Internal, 입력·출력·오류·lifecycle·thread-safety·version 계약을 정의한다. || 역방향/순환 의존, Internal 참조, 선택 OSS type 노출, Dual Primary와 owner 없는 공통기능을 제거 또는 이관 대상으로 등록한다. || Local/Remote/Async/Batch 등 적용 topology에서 계약 동등성과 trust boundary를 정의한다.",기존 정식 Package와 Contract를 우선 재사용하고 새 Module은 실제 Owner가 없을 때만 제안한다. || 복잡한 기술 세부는 Internal로 숨기고 고객 확장 지점만 안정 SPI로 노출한다.,contract compatibility;unsupported capability;invalid configuration;internal access negative fixture,GATE-01-OWNERSHIP;GATE-02-CONSUMER;GATE-08-UNKNOWN-RECOVERY;GATE-13-PERFORMANCE;GATE-15-GENERATOR;GATE-16-COMPATIBILITY;GATE-18-TEST-EVIDENCE;GATE-20-HYGIENE,STD-GRADLE-JAVA;STD-NIST-SSDF;STD-SPRING,cpf-admin/frontend/src/generated/cpf-api.ts;cpf-admin/frontend/src/generated/cpf-operation-contract.ts;cpf-core/src/main/java/com/cpf/core/api/broker/CpfBrokerClient.java;cpf-core/src/main/java/com/cpf/core/spi/notification/CpfNotificationProvider.java;cpf-core/src/main/java/com/cpf/core/api/broker/CpfBrokerPublishResult.java;cpf-core/src/main/java/com/cpf/core/api/notification/CpfNotificationProviderStatus.java;cpf-core/src/main/java/com/cpf/core/api/notification/CpfNotificationResult.java;cpf-core/src/main/java/com/cpf/core/internal/broker/CpfBrokerClientAdapter.java,cpf-admin/frontend/src/generated/cpf-api.ts,cpf-admin/frontend/src/generated/cpf-api.ts;cpf-admin/frontend/src/generated/cpf-operation-contract.ts;cpf-core/src/main/java/com/cpf/core/api/broker/CpfBrokerClient.java;cpf-core/src/main/java/com/cpf/core/internal/broker/CpfBrokerClientAdapter.java;cpf-admin/frontend/src/generated/adm-route-operation-contract.ts,"Canonical Owner Module·Package·State Owner와 실제 Consumer를 코드 기준으로 확정한다. || Public API·SPI·Internal, 입력·출력·오류·lifecycle·thread-safety·version 계약을 정의한다. || 역방향/순환 의존, Internal 참조, 선택 OSS type 노출, Dual Primary와 owner 없는 공통기능을 제거 또는 이관 대상으로 등록한다. || Local/Remote/Async/Batch 등 적용 topology에서 계약 동등성과 trust boundary를 정의한다. → cpf-admin/frontend/src/generated/cpf-api.ts;cpf-admin/frontend/src/generated/cpf-operation-contract.ts;cpf-core/src/main/java/com/cpf/core/api/broker/CpfBrokerClient.java;cpf-core/src/main/java/com/cpf/core/spi/notification/CpfNotificationProvider.java;cpf-core/src/main/java/com/cpf/core/api/broker/CpfBrokerPublishResult.java;cpf-core/src/main/java/com/cpf/core/api/notification/CpfNotificationProviderStatus.java;cpf-core/src/main/java/com/cpf/core/api/notification/CpfNotificationResult.java;cpf-core/src/main/java/com/cpf/core/internal/broker/CpfBrokerClientAdapter.java → cpf-admin/frontend/src/generated/cpf-api.ts;cpf-admin/frontend/src/generated/cpf-operation-contract.ts;cpf-core/src/main/java/com/cpf/core/api/broker/CpfBrokerClient.java;cpf-core/src/main/java/com/cpf/core/internal/broker/CpfBrokerClientAdapter.java;cpf-admin/frontend/src/generated/adm-route-operation-contract.ts → GATE-01-OWNERSHIP;GATE-02-CONSUMER;GATE-08-UNKNOWN-RECOVERY;GATE-13-PERFORMANCE;GATE-15-GENERATOR;GATE-16-COMPATIBILITY;GATE-18-TEST-EVIDENCE;GATE-20-HYGIENE",Per-Work-Item source inventory plus all applicable Engineering Gate commands,"Canonical Owner Module·Package·State Owner와 실제 Consumer를 코드 기준으로 확정한다. || Public API·SPI·Internal, 입력·출력·오류·lifecycle·thread-safety·version 계약을 정의한다. || 역방향/순환 의존, Internal 참조, 선택 OSS type 노출, Dual Primary와 owner 없는 공통기능을 제거 또는 이관 대상으로 등록한다. || Local/Remote/Async/Batch 등 적용 topology에서 계약 동등성과 trust boundary를 정의한다.",DIRECT_STATIC_AND_ACCEPTANCE_ALTERNATIVE,python cpf-tools/scripts/verify-cpf-owner-boundaries.py --repo-root . --report-json <evidence>,0,Acceptance-specific source/consumer review; relevant gates=GATE-01-OWNERSHIP; states=완료. Direct or valid alternative evidence passed.,evidence/ATOMIC_WORK_ITEM_EVIDENCE.jsonl#CPF-WP-CORE-SPI-01-CONTRACT_OWNERSHIP,,완료,완료,미검수,false
CPF-V9-INITIAL-FULL-REVIEW-20260805-2020-REV-007-DEVGPT-V9-S06,CPF-WP-CORE-SPI-02-IMPLEMENTATION_CONSUMER,WORK_PACKAGE,CORE-SPI,P1,PRODUCT_IMPLEMENTATION,IMPLEMENTATION_CONSUMER,기본 구현·실제 Consumer 연결,cpf-core / repository architecture,cpf-core,repository architecture,DEVGPT-V9-S06,CPF-WP-CORE-SPI-01-CONTRACT_OWNERSHIP,"Interface/DTO/Marker가 아닌 안전한 기본 구현·Provider·AutoConfiguration·상태 저장을 제공한다. || Bean/Route/SQL/API/Frontend/Script를 실제 Product Consumer 호출 경로에 연결한다. || 설정 safe default, validation, capability detection, lifecycle start/stop와 resource cleanup을 구현한다. || Consumer 없는 추상화나 Sample-only 구현이면 완료하지 않고 실제 Consumer 연결 또는 통합/폐기 후보로 처리한다.",Leaf Starter와 조건부 AutoConfiguration을 사용해 선택하지 않은 Runtime 의존을 유입하지 않는다. || 제품 Consumer와 Reference Consumer를 분리하되 동일 Public Contract를 사용한다.,normal consumer flow;missing provider;invalid property;startup/shutdown;resource cleanup,GATE-01-OWNERSHIP;GATE-02-CONSUMER;GATE-08-UNKNOWN-RECOVERY;GATE-13-PERFORMANCE;GATE-15-GENERATOR;GATE-16-COMPATIBILITY;GATE-18-TEST-EVIDENCE;GATE-20-HYGIENE,STD-GRADLE-JAVA;STD-NIST-SSDF;STD-SPRING,cpf-core/src/main/java/com/cpf/core/api/broker/CpfBrokerClient.java;cpf-core/src/main/java/com/cpf/core/api/notification/CpfNotificationRequest.java;cpf-core/src/main/java/com/cpf/core/internal/broker/CpfBrokerClientAdapter.java;cpf-core/src/main/java/com/cpf/core/spi/notification/CpfNotificationProvider.java;cpf-core/src/main/java/com/cpf/core/api/broker/CpfBrokerPublishRequest.java;cpf-core/src/main/java/com/cpf/core/api/broker/CpfBrokerPublishResult.java;cpf-core/src/main/java/com/cpf/core/api/notification/CpfNotificationProviderStatus.java;cpf-core/src/main/java/com/cpf/core/api/notification/CpfNotificationResult.java,cpf-core/src/main/java/com/cpf/core/api/broker/CpfBrokerClient.java,cpf-core/src/main/java/com/cpf/core/api/broker/CpfBrokerClient.java;cpf-core/src/main/java/com/cpf/core/internal/broker/CpfBrokerClientAdapter.java;cpf-admin/frontend/src/generated/cpf-api.ts;cpf-starters/messaging/kafka/src/main/java/com/cpf/starter/messaging/kafka/internal/CpfKafkaConsumerControlAdapter.java,"Interface/DTO/Marker가 아닌 안전한 기본 구현·Provider·AutoConfiguration·상태 저장을 제공한다. || Bean/Route/SQL/API/Frontend/Script를 실제 Product Consumer 호출 경로에 연결한다. || 설정 safe default, validation, capability detection, lifecycle start/stop와 resource cleanup을 구현한다. || Consumer 없는 추상화나 Sample-only 구현이면 완료하지 않고 실제 Consumer 연결 또는 통합/폐기 후보로 처리한다. → cpf-core/src/main/java/com/cpf/core/api/broker/CpfBrokerClient.java;cpf-core/src/main/java/com/cpf/core/api/notification/CpfNotificationRequest.java;cpf-core/src/main/java/com/cpf/core/internal/broker/CpfBrokerClientAdapter.java;cpf-core/src/main/java/com/cpf/core/spi/notification/CpfNotificationProvider.java;cpf-core/src/main/java/com/cpf/core/api/broker/CpfBrokerPublishRequest.java;cpf-core/src/main/java/com/cpf/core/api/broker/CpfBrokerPublishResult.java;cpf-core/src/main/java/com/cpf/core/api/notification/CpfNotificationProviderStatus.java;cpf-core/src/main/java/com/cpf/core/api/notification/CpfNotificationResult.java → cpf-core/src/main/java/com/cpf/core/api/broker/CpfBrokerClient.java;cpf-core/src/main/java/com/cpf/core/internal/broker/CpfBrokerClientAdapter.java;cpf-admin/frontend/src/generated/cpf-api.ts;cpf-starters/messaging/kafka/src/main/java/com/cpf/starter/messaging/kafka/internal/CpfKafkaConsumerControlAdapter.java → GATE-01-OWNERSHIP;GATE-02-CONSUMER;GATE-08-UNKNOWN-RECOVERY;GATE-13-PERFORMANCE;GATE-15-GENERATOR;GATE-16-COMPATIBILITY;GATE-18-TEST-EVIDENCE;GATE-20-HYGIENE",Per-Work-Item source inventory plus all applicable Engineering Gate commands,"Interface/DTO/Marker가 아닌 안전한 기본 구현·Provider·AutoConfiguration·상태 저장을 제공한다. || Bean/Route/SQL/API/Frontend/Script를 실제 Product Consumer 호출 경로에 연결한다. || 설정 safe default, validation, capability detection, lifecycle start/stop와 resource cleanup을 구현한다. || Consumer 없는 추상화나 Sample-only 구현이면 완료하지 않고 실제 Consumer 연결 또는 통합/폐기 후보로 처리한다.",DIRECT_STATIC_AND_ACCEPTANCE_ALTERNATIVE,python cpf-tools/scripts/build-cpf-work-package-source-review.py --repo-root .; python cpf-tools/scripts/verify-cpf-spring-request-mapping-uniqueness.py --repo-root .,0,Acceptance-specific source/consumer review; relevant gates=GATE-02-CONSUMER; states=완료. Direct or valid alternative evidence passed.,evidence/ATOMIC_WORK_ITEM_EVIDENCE.jsonl#CPF-WP-CORE-SPI-02-IMPLEMENTATION_CONSUMER,,완료,완료,미검수,false
CPF-V9-INITIAL-FULL-REVIEW-20260805-2020-REV-007-DEVGPT-V9-S06,CPF-WP-CORE-SPI-03-VERIFICATION_EVIDENCE,WORK_PACKAGE,CORE-SPI,P1,PRODUCT_IMPLEMENTATION,VERIFICATION_EVIDENCE,검증·Evidence·추적성,cpf-core / repository architecture,cpf-core,repository architecture,DEVGPT-V9-S06,CPF-WP-CORE-SPI-01-CONTRACT_OWNERSHIP;CPF-WP-CORE-SPI-02-IMPLEMENTATION_CONSUMER,"연결 CPF-FR Requirement와 CPF-SC Scenario를 논리 원장에서 전수 추출해 이 Work Package에 매핑한다. || 목표 환경을 먼저 실제 실행하고, 불가능할 때 최대 대체검증과 남은 실제 Runtime 차이를 분리한다. || 각 Scenario에 Test Method·Assertion·실제 결과·Evidence를 개별 연결한다. || 명령, 환경/version, 시간, exit code, report/artifact hash, sanitization과 baseline/working-tree 상태를 기록한다.",공통 Test Harness는 재사용하되 각 Requirement/Scenario의 Acceptance 근거를 개별 기록한다. || 긴 로그는 별도 Evidence로 두고 원장에는 핵심 결과와 경로를 남긴다.,direct validation;alternative validation;negative fixture;regression;evidence schema failure,GATE-01-OWNERSHIP;GATE-02-CONSUMER;GATE-08-UNKNOWN-RECOVERY;GATE-13-PERFORMANCE;GATE-15-GENERATOR;GATE-16-COMPATIBILITY;GATE-18-TEST-EVIDENCE;GATE-20-HYGIENE,STD-GRADLE-JAVA;STD-NIST-SSDF;STD-SPRING,cpf-core/src/main/java/com/cpf/core/api/broker/CpfBrokerClient.java;cpf-core/src/main/java/com/cpf/core/spi/notification/CpfNotificationProvider.java;cpf-core/src/main/java/com/cpf/core/api/notification/CpfNotificationProviderStatus.java;cpf-core/src/main/java/com/cpf/core/internal/broker/CpfBrokerClientAdapter.java;cpf-admin/frontend/src/generated/cpf-api.ts;cpf-admin/frontend/src/generated/cpf-operation-contract.ts;cpf-core/src/main/java/com/cpf/core/api/broker/CpfBrokerPublishRequest.java;cpf-core/src/main/java/com/cpf/core/api/broker/CpfBrokerPublishResult.java,cpf-core/src/main/java/com/cpf/core/api/broker/CpfBrokerClient.java,cpf-core/src/main/java/com/cpf/core/api/broker/CpfBrokerClient.java;cpf-core/src/main/java/com/cpf/core/internal/broker/CpfBrokerClientAdapter.java;cpf-admin/frontend/src/generated/cpf-api.ts;cpf-admin/frontend/src/generated/cpf-operation-contract.ts;cpf-admin/frontend/src/generated/adm-route-operation-contract.ts,"연결 CPF-FR Requirement와 CPF-SC Scenario를 논리 원장에서 전수 추출해 이 Work Package에 매핑한다. || 목표 환경을 먼저 실제 실행하고, 불가능할 때 최대 대체검증과 남은 실제 Runtime 차이를 분리한다. || 각 Scenario에 Test Method·Assertion·실제 결과·Evidence를 개별 연결한다. || 명령, 환경/version, 시간, exit code, report/artifact hash, sanitization과 baseline/working-tree 상태를 기록한다. → cpf-core/src/main/java/com/cpf/core/api/broker/CpfBrokerClient.java;cpf-core/src/main/java/com/cpf/core/spi/notification/CpfNotificationProvider.java;cpf-core/src/main/java/com/cpf/core/api/notification/CpfNotificationProviderStatus.java;cpf-core/src/main/java/com/cpf/core/internal/broker/CpfBrokerClientAdapter.java;cpf-admin/frontend/src/generated/cpf-api.ts;cpf-admin/frontend/src/generated/cpf-operation-contract.ts;cpf-core/src/main/java/com/cpf/core/api/broker/CpfBrokerPublishRequest.java;cpf-core/src/main/java/com/cpf/core/api/broker/CpfBrokerPublishResult.java → cpf-core/src/main/java/com/cpf/core/api/broker/CpfBrokerClient.java;cpf-core/src/main/java/com/cpf/core/internal/broker/CpfBrokerClientAdapter.java;cpf-admin/frontend/src/generated/cpf-api.ts;cpf-admin/frontend/src/generated/cpf-operation-contract.ts;cpf-admin/frontend/src/generated/adm-route-operation-contract.ts → GATE-01-OWNERSHIP;GATE-02-CONSUMER;GATE-08-UNKNOWN-RECOVERY;GATE-13-PERFORMANCE;GATE-15-GENERATOR;GATE-16-COMPATIBILITY;GATE-18-TEST-EVIDENCE;GATE-20-HYGIENE",Per-Work-Item source inventory plus all applicable Engineering Gate commands,"연결 CPF-FR Requirement와 CPF-SC Scenario를 논리 원장에서 전수 추출해 이 Work Package에 매핑한다. || 목표 환경을 먼저 실제 실행하고, 불가능할 때 최대 대체검증과 남은 실제 Runtime 차이를 분리한다. || 각 Scenario에 Test Method·Assertion·실제 결과·Evidence를 개별 연결한다. || 명령, 환경/version, 시간, exit code, report/artifact hash, sanitization과 baseline/working-tree 상태를 기록한다.",DIRECT_STATIC_AND_ACCEPTANCE_ALTERNATIVE,pytest -q <21 S06 verifier files>; ./gradlew test,0,Acceptance-specific source/consumer review; relevant gates=GATE-18-TEST-EVIDENCE; states=미검증. Authoritative environment evidence remains unavailable for at least one relevant gate.,evidence/ATOMIC_WORK_ITEM_EVIDENCE.jsonl#CPF-WP-CORE-SPI-03-VERIFICATION_EVIDENCE,Acceptance-specific source/consumer review; relevant gates=GATE-18-TEST-EVIDENCE; states=미검증. Authoritative environment evidence remains unavailable for at least one relevant gate.,완료,미검증,미검수,false
CPF-V9-INITIAL-FULL-REVIEW-20260805-2020-REV-007-DEVGPT-V9-S06,CPF-WP-CORE-SPI-04-GENERATION_COMPATIBILITY,WORK_PACKAGE,CORE-SPI,P1,PRODUCT_IMPLEMENTATION,GENERATION_COMPATIBILITY,생성·Artifact·호환성,cpf-core / repository architecture,cpf-core,repository architecture,DEVGPT-V9-S06,CPF-WP-CORE-SPI-01-CONTRACT_OWNERSHIP,"Generator/OpenAPI/AsyncAPI/DB metadata/template 등 Canonical 입력과 생성 산출물의 ownership을 확정한다. || remove→regenerate deterministic parity와 user-owned 영역 보존을 검증한다. || API/message/file/DB/config/artifact의 semantic version, compatibility, deprecation, mixed-version와 rollback 영향을 처리한다. || Generated Source만 수동 수정하지 않고 원본 입력·Generator·Golden Sample을 함께 수정한다.",입력 version/hash와 generator version을 manifest에 고정하고 normalized diff gate를 사용한다. || 최신 표준 버전은 shadow compatibility를 통과한 뒤 CPF 지원 profile로 승격한다.,clean regeneration;user region preserve;mixed version;unsupported profile;rollback compatibility,GATE-01-OWNERSHIP;GATE-02-CONSUMER;GATE-08-UNKNOWN-RECOVERY;GATE-13-PERFORMANCE;GATE-15-GENERATOR;GATE-16-COMPATIBILITY;GATE-18-TEST-EVIDENCE;GATE-20-HYGIENE,STD-GRADLE-JAVA;STD-NIST-SSDF;STD-SPRING,cpf-admin/frontend/openapi/cpf-openapi.json;cpf-admin/frontend/src/generated/cpf-api.ts;cpf-tools/db/vendor/oracle/domain-template/migration/V1____DOMAIN___domain.sql.template;cpf-tools/db/vendor/postgresql/domain-template/migration/V1____DOMAIN___domain.sql.template;cpf-tools/db/vendor/mariadb/seed/00_optional_sample_seed.sql;cpf-tools/db/vendor/mariadb/source/00_optional_sample_seed.sql;cpf-tools/db/vendor/oracle/seed/00_optional_sample_seed.sql;cpf-tools/db/vendor/oracle/source/00_optional_sample_seed.sql,cpf-admin/frontend/openapi/cpf-openapi.json,cpf-admin/frontend/src/generated/cpf-api.ts,"Generator/OpenAPI/AsyncAPI/DB metadata/template 등 Canonical 입력과 생성 산출물의 ownership을 확정한다. || remove→regenerate deterministic parity와 user-owned 영역 보존을 검증한다. || API/message/file/DB/config/artifact의 semantic version, compatibility, deprecation, mixed-version와 rollback 영향을 처리한다. || Generated Source만 수동 수정하지 않고 원본 입력·Generator·Golden Sample을 함께 수정한다. → cpf-admin/frontend/openapi/cpf-openapi.json;cpf-admin/frontend/src/generated/cpf-api.ts;cpf-tools/db/vendor/oracle/domain-template/migration/V1____DOMAIN___domain.sql.template;cpf-tools/db/vendor/postgresql/domain-template/migration/V1____DOMAIN___domain.sql.template;cpf-tools/db/vendor/mariadb/seed/00_optional_sample_seed.sql;cpf-tools/db/vendor/mariadb/source/00_optional_sample_seed.sql;cpf-tools/db/vendor/oracle/seed/00_optional_sample_seed.sql;cpf-tools/db/vendor/oracle/source/00_optional_sample_seed.sql → cpf-admin/frontend/src/generated/cpf-api.ts → GATE-01-OWNERSHIP;GATE-02-CONSUMER;GATE-08-UNKNOWN-RECOVERY;GATE-13-PERFORMANCE;GATE-15-GENERATOR;GATE-16-COMPATIBILITY;GATE-18-TEST-EVIDENCE;GATE-20-HYGIENE",Per-Work-Item source inventory plus all applicable Engineering Gate commands,"Generator/OpenAPI/AsyncAPI/DB metadata/template 등 Canonical 입력과 생성 산출물의 ownership을 확정한다. || remove→regenerate deterministic parity와 user-owned 영역 보존을 검증한다. || API/message/file/DB/config/artifact의 semantic version, compatibility, deprecation, mixed-version와 rollback 영향을 처리한다. || Generated Source만 수동 수정하지 않고 원본 입력·Generator·Golden Sample을 함께 수정한다.",DIRECT_STATIC_AND_ACCEPTANCE_ALTERNATIVE,python cpf-tools/scripts/verify-cpf-generator-idempotency-templates.py --repo-root .; python cpf-tools/scripts/verify-cpf-generator-lifecycle.py --repo-root . || python cpf-tools/scripts/verify-cpf-qa34-build-contract.py --repo-root .,0,Acceptance-specific source/consumer review; relevant gates=GATE-15-GENERATOR;GATE-16-COMPATIBILITY; states=완료;미검증. Authoritative environment evidence remains unavailable for at least one relevant gate.,evidence/ATOMIC_WORK_ITEM_EVIDENCE.jsonl#CPF-WP-CORE-SPI-04-GENERATION_COMPATIBILITY,Acceptance-specific source/consumer review; relevant gates=GATE-15-GENERATOR;GATE-16-COMPATIBILITY; states=완료;미검증. Authoritative environment evidence remains unavailable for at least one relevant gate.,완료,미검증,미검수,false
CPF-V9-INITIAL-FULL-REVIEW-20260805-2020-REV-007-DEVGPT-V9-S06,CPF-WP-CORE-TESTKIT-01-CONTRACT_OWNERSHIP,WORK_PACKAGE,CORE-TESTKIT,P1,PRODUCT_IMPLEMENTATION,CONTRACT_OWNERSHIP,계약·Ownership 확정,cpf-core / repository architecture,cpf-core,repository architecture,DEVGPT-V9-S06,,"Canonical Owner Module·Package·State Owner와 실제 Consumer를 코드 기준으로 확정한다. || Public API·SPI·Internal, 입력·출력·오류·lifecycle·thread-safety·version 계약을 정의한다. || 역방향/순환 의존, Internal 참조, 선택 OSS type 노출, Dual Primary와 owner 없는 공통기능을 제거 또는 이관 대상으로 등록한다. || Local/Remote/Async/Batch 등 적용 topology에서 계약 동등성과 trust boundary를 정의한다.",기존 정식 Package와 Contract를 우선 재사용하고 새 Module은 실제 Owner가 없을 때만 제안한다. || 복잡한 기술 세부는 Internal로 숨기고 고객 확장 지점만 안정 SPI로 노출한다.,contract compatibility;unsupported capability;invalid configuration;internal access negative fixture,GATE-01-OWNERSHIP;GATE-02-CONSUMER;GATE-06-STATE-IDEMP;GATE-08-UNKNOWN-RECOVERY;GATE-18-TEST-EVIDENCE;GATE-20-HYGIENE,STD-GRADLE-JAVA;STD-NIST-SSDF;STD-SPRING,cpf-admin/frontend/openapi/cpf-openapi.json;cpf-core/src/main/java/com/cpf/core/api/broker/CpfBrokerClient.java;cpf-core/src/main/java/com/cpf/core/spi/notification/CpfNotificationProvider.java;cpf-core/src/main/java/com/cpf/core/internal/broker/CpfBrokerClientAdapter.java;cpf-tools/scripts/verify-cpf-openapi-controller-coverage.py;cpf-core/src/main/java/com/cpf/core/api/broker/CpfBrokerPublishRequest.java;cpf-core/src/main/java/com/cpf/core/api/broker/CpfBrokerPublishResult.java;cpf-core/src/main/java/com/cpf/core/api/notification/CpfNotificationProviderStatus.java,cpf-admin/frontend/openapi/cpf-openapi.json,cpf-core/src/main/java/com/cpf/core/api/broker/CpfBrokerClient.java;cpf-core/src/main/java/com/cpf/core/internal/broker/CpfBrokerClientAdapter.java;cpf-admin/frontend/src/generated/cpf-api.ts;cpf-admin/frontend/src/generated/cpf-operation-contract.ts;cpf-admin/frontend/src/generated/adm-route-operation-contract.ts,"Canonical Owner Module·Package·State Owner와 실제 Consumer를 코드 기준으로 확정한다. || Public API·SPI·Internal, 입력·출력·오류·lifecycle·thread-safety·version 계약을 정의한다. || 역방향/순환 의존, Internal 참조, 선택 OSS type 노출, Dual Primary와 owner 없는 공통기능을 제거 또는 이관 대상으로 등록한다. || Local/Remote/Async/Batch 등 적용 topology에서 계약 동등성과 trust boundary를 정의한다. → cpf-admin/frontend/openapi/cpf-openapi.json;cpf-core/src/main/java/com/cpf/core/api/broker/CpfBrokerClient.java;cpf-core/src/main/java/com/cpf/core/spi/notification/CpfNotificationProvider.java;cpf-core/src/main/java/com/cpf/core/internal/broker/CpfBrokerClientAdapter.java;cpf-tools/scripts/verify-cpf-openapi-controller-coverage.py;cpf-core/src/main/java/com/cpf/core/api/broker/CpfBrokerPublishRequest.java;cpf-core/src/main/java/com/cpf/core/api/broker/CpfBrokerPublishResult.java;cpf-core/src/main/java/com/cpf/core/api/notification/CpfNotificationProviderStatus.java → cpf-core/src/main/java/com/cpf/core/api/broker/CpfBrokerClient.java;cpf-core/src/main/java/com/cpf/core/internal/broker/CpfBrokerClientAdapter.java;cpf-admin/frontend/src/generated/cpf-api.ts;cpf-admin/frontend/src/generated/cpf-operation-contract.ts;cpf-admin/frontend/src/generated/adm-route-operation-contract.ts → GATE-01-OWNERSHIP;GATE-02-CONSUMER;GATE-06-STATE-IDEMP;GATE-08-UNKNOWN-RECOVERY;GATE-18-TEST-EVIDENCE;GATE-20-HYGIENE",Per-Work-Item source inventory plus all applicable Engineering Gate commands,"Canonical Owner Module·Package·State Owner와 실제 Consumer를 코드 기준으로 확정한다. || Public API·SPI·Internal, 입력·출력·오류·lifecycle·thread-safety·version 계약을 정의한다. || 역방향/순환 의존, Internal 참조, 선택 OSS type 노출, Dual Primary와 owner 없는 공통기능을 제거 또는 이관 대상으로 등록한다. || Local/Remote/Async/Batch 등 적용 topology에서 계약 동등성과 trust boundary를 정의한다.",DIRECT_STATIC_AND_ACCEPTANCE_ALTERNATIVE,python cpf-tools/scripts/verify-cpf-owner-boundaries.py --repo-root . --report-json <evidence>,0,Acceptance-specific source/consumer review; relevant gates=GATE-01-OWNERSHIP; states=완료. Direct or valid alternative evidence passed.,evidence/ATOMIC_WORK_ITEM_EVIDENCE.jsonl#CPF-WP-CORE-TESTKIT-01-CONTRACT_OWNERSHIP,,완료,완료,미검수,false
CPF-V9-INITIAL-FULL-REVIEW-20260805-2020-REV-007-DEVGPT-V9-S06,CPF-WP-CORE-TESTKIT-02-IMPLEMENTATION_CONSUMER,WORK_PACKAGE,CORE-TESTKIT,P1,PRODUCT_IMPLEMENTATION,IMPLEMENTATION_CONSUMER,기본 구현·실제 Consumer 연결,cpf-core / repository architecture,cpf-core,repository architecture,DEVGPT-V9-S06,CPF-WP-CORE-TESTKIT-01-CONTRACT_OWNERSHIP,"Interface/DTO/Marker가 아닌 안전한 기본 구현·Provider·AutoConfiguration·상태 저장을 제공한다. || Bean/Route/SQL/API/Frontend/Script를 실제 Product Consumer 호출 경로에 연결한다. || 설정 safe default, validation, capability detection, lifecycle start/stop와 resource cleanup을 구현한다. || Consumer 없는 추상화나 Sample-only 구현이면 완료하지 않고 실제 Consumer 연결 또는 통합/폐기 후보로 처리한다.",Leaf Starter와 조건부 AutoConfiguration을 사용해 선택하지 않은 Runtime 의존을 유입하지 않는다. || 제품 Consumer와 Reference Consumer를 분리하되 동일 Public Contract를 사용한다.,normal consumer flow;missing provider;invalid property;startup/shutdown;resource cleanup,GATE-01-OWNERSHIP;GATE-02-CONSUMER;GATE-06-STATE-IDEMP;GATE-08-UNKNOWN-RECOVERY;GATE-18-TEST-EVIDENCE;GATE-20-HYGIENE,STD-GRADLE-JAVA;STD-NIST-SSDF;STD-SPRING,cpf-admin/frontend/src/generated/cpf-api.ts;cpf-core/src/main/java/com/cpf/core/api/broker/CpfBrokerClient.java;cpf-admin/frontend/openapi/cpf-openapi.json;cpf-core/src/main/java/com/cpf/core/api/notification/CpfNotificationRequest.java;cpf-core/src/main/java/com/cpf/core/internal/broker/CpfBrokerClientAdapter.java;cpf-core/src/main/java/com/cpf/core/spi/notification/CpfNotificationProvider.java;cpf-core/src/main/java/com/cpf/core/api/broker/CpfBrokerPublishRequest.java;cpf-core/src/main/java/com/cpf/core/api/broker/CpfBrokerPublishResult.java,cpf-admin/frontend/src/generated/cpf-api.ts,cpf-admin/frontend/src/generated/cpf-api.ts;cpf-core/src/main/java/com/cpf/core/api/broker/CpfBrokerClient.java;cpf-core/src/main/java/com/cpf/core/internal/broker/CpfBrokerClientAdapter.java;cpf-admin/frontend/src/generated/cpf-operation-contract.ts;cpf-admin/frontend/src/generated/adm-route-operation-contract.ts,"Interface/DTO/Marker가 아닌 안전한 기본 구현·Provider·AutoConfiguration·상태 저장을 제공한다. || Bean/Route/SQL/API/Frontend/Script를 실제 Product Consumer 호출 경로에 연결한다. || 설정 safe default, validation, capability detection, lifecycle start/stop와 resource cleanup을 구현한다. || Consumer 없는 추상화나 Sample-only 구현이면 완료하지 않고 실제 Consumer 연결 또는 통합/폐기 후보로 처리한다. → cpf-admin/frontend/src/generated/cpf-api.ts;cpf-core/src/main/java/com/cpf/core/api/broker/CpfBrokerClient.java;cpf-admin/frontend/openapi/cpf-openapi.json;cpf-core/src/main/java/com/cpf/core/api/notification/CpfNotificationRequest.java;cpf-core/src/main/java/com/cpf/core/internal/broker/CpfBrokerClientAdapter.java;cpf-core/src/main/java/com/cpf/core/spi/notification/CpfNotificationProvider.java;cpf-core/src/main/java/com/cpf/core/api/broker/CpfBrokerPublishRequest.java;cpf-core/src/main/java/com/cpf/core/api/broker/CpfBrokerPublishResult.java → cpf-admin/frontend/src/generated/cpf-api.ts;cpf-core/src/main/java/com/cpf/core/api/broker/CpfBrokerClient.java;cpf-core/src/main/java/com/cpf/core/internal/broker/CpfBrokerClientAdapter.java;cpf-admin/frontend/src/generated/cpf-operation-contract.ts;cpf-admin/frontend/src/generated/adm-route-operation-contract.ts → GATE-01-OWNERSHIP;GATE-02-CONSUMER;GATE-06-STATE-IDEMP;GATE-08-UNKNOWN-RECOVERY;GATE-18-TEST-EVIDENCE;GATE-20-HYGIENE",Per-Work-Item source inventory plus all applicable Engineering Gate commands,"Interface/DTO/Marker가 아닌 안전한 기본 구현·Provider·AutoConfiguration·상태 저장을 제공한다. || Bean/Route/SQL/API/Frontend/Script를 실제 Product Consumer 호출 경로에 연결한다. || 설정 safe default, validation, capability detection, lifecycle start/stop와 resource cleanup을 구현한다. || Consumer 없는 추상화나 Sample-only 구현이면 완료하지 않고 실제 Consumer 연결 또는 통합/폐기 후보로 처리한다.",DIRECT_STATIC_AND_ACCEPTANCE_ALTERNATIVE,python cpf-tools/scripts/build-cpf-work-package-source-review.py --repo-root .; python cpf-tools/scripts/verify-cpf-spring-request-mapping-uniqueness.py --repo-root .,0,Acceptance-specific source/consumer review; relevant gates=GATE-02-CONSUMER; states=완료. Direct or valid alternative evidence passed.,evidence/ATOMIC_WORK_ITEM_EVIDENCE.jsonl#CPF-WP-CORE-TESTKIT-02-IMPLEMENTATION_CONSUMER,,완료,완료,미검수,false
CPF-V9-INITIAL-FULL-REVIEW-20260805-2020-REV-007-DEVGPT-V9-S06,CPF-WP-CORE-TESTKIT-03-VERIFICATION_EVIDENCE,WORK_PACKAGE,CORE-TESTKIT,P1,PRODUCT_IMPLEMENTATION,VERIFICATION_EVIDENCE,검증·Evidence·추적성,cpf-core / repository architecture,cpf-core,repository architecture,DEVGPT-V9-S06,CPF-WP-CORE-TESTKIT-01-CONTRACT_OWNERSHIP;CPF-WP-CORE-TESTKIT-02-IMPLEMENTATION_CONSUMER,"연결 CPF-FR Requirement와 CPF-SC Scenario를 논리 원장에서 전수 추출해 이 Work Package에 매핑한다. || 목표 환경을 먼저 실제 실행하고, 불가능할 때 최대 대체검증과 남은 실제 Runtime 차이를 분리한다. || 각 Scenario에 Test Method·Assertion·실제 결과·Evidence를 개별 연결한다. || 명령, 환경/version, 시간, exit code, report/artifact hash, sanitization과 baseline/working-tree 상태를 기록한다.",공통 Test Harness는 재사용하되 각 Requirement/Scenario의 Acceptance 근거를 개별 기록한다. || 긴 로그는 별도 Evidence로 두고 원장에는 핵심 결과와 경로를 남긴다.,direct validation;alternative validation;negative fixture;regression;evidence schema failure,GATE-01-OWNERSHIP;GATE-02-CONSUMER;GATE-06-STATE-IDEMP;GATE-08-UNKNOWN-RECOVERY;GATE-18-TEST-EVIDENCE;GATE-20-HYGIENE,STD-GRADLE-JAVA;STD-NIST-SSDF;STD-SPRING,cpf-core/src/main/java/com/cpf/core/api/broker/CpfBrokerClient.java;cpf-core/src/main/java/com/cpf/core/spi/notification/CpfNotificationProvider.java;cpf-core/src/main/java/com/cpf/core/api/notification/CpfNotificationProviderStatus.java;cpf-core/src/main/java/com/cpf/core/internal/broker/CpfBrokerClientAdapter.java;cpf-admin/frontend/src/generated/cpf-api.ts;cpf-admin/frontend/src/generated/cpf-operation-contract.ts;cpf-core/src/main/java/com/cpf/core/api/broker/CpfBrokerPublishRequest.java;cpf-core/src/main/java/com/cpf/core/api/broker/CpfBrokerPublishResult.java,cpf-core/src/main/java/com/cpf/core/api/broker/CpfBrokerClient.java,cpf-core/src/main/java/com/cpf/core/api/broker/CpfBrokerClient.java;cpf-core/src/main/java/com/cpf/core/internal/broker/CpfBrokerClientAdapter.java;cpf-admin/frontend/src/generated/cpf-api.ts;cpf-admin/frontend/src/generated/cpf-operation-contract.ts;cpf-admin/frontend/src/generated/adm-route-operation-contract.ts,"연결 CPF-FR Requirement와 CPF-SC Scenario를 논리 원장에서 전수 추출해 이 Work Package에 매핑한다. || 목표 환경을 먼저 실제 실행하고, 불가능할 때 최대 대체검증과 남은 실제 Runtime 차이를 분리한다. || 각 Scenario에 Test Method·Assertion·실제 결과·Evidence를 개별 연결한다. || 명령, 환경/version, 시간, exit code, report/artifact hash, sanitization과 baseline/working-tree 상태를 기록한다. → cpf-core/src/main/java/com/cpf/core/api/broker/CpfBrokerClient.java;cpf-core/src/main/java/com/cpf/core/spi/notification/CpfNotificationProvider.java;cpf-core/src/main/java/com/cpf/core/api/notification/CpfNotificationProviderStatus.java;cpf-core/src/main/java/com/cpf/core/internal/broker/CpfBrokerClientAdapter.java;cpf-admin/frontend/src/generated/cpf-api.ts;cpf-admin/frontend/src/generated/cpf-operation-contract.ts;cpf-core/src/main/java/com/cpf/core/api/broker/CpfBrokerPublishRequest.java;cpf-core/src/main/java/com/cpf/core/api/broker/CpfBrokerPublishResult.java → cpf-core/src/main/java/com/cpf/core/api/broker/CpfBrokerClient.java;cpf-core/src/main/java/com/cpf/core/internal/broker/CpfBrokerClientAdapter.java;cpf-admin/frontend/src/generated/cpf-api.ts;cpf-admin/frontend/src/generated/cpf-operation-contract.ts;cpf-admin/frontend/src/generated/adm-route-operation-contract.ts → GATE-01-OWNERSHIP;GATE-02-CONSUMER;GATE-06-STATE-IDEMP;GATE-08-UNKNOWN-RECOVERY;GATE-18-TEST-EVIDENCE;GATE-20-HYGIENE",Per-Work-Item source inventory plus all applicable Engineering Gate commands,"연결 CPF-FR Requirement와 CPF-SC Scenario를 논리 원장에서 전수 추출해 이 Work Package에 매핑한다. || 목표 환경을 먼저 실제 실행하고, 불가능할 때 최대 대체검증과 남은 실제 Runtime 차이를 분리한다. || 각 Scenario에 Test Method·Assertion·실제 결과·Evidence를 개별 연결한다. || 명령, 환경/version, 시간, exit code, report/artifact hash, sanitization과 baseline/working-tree 상태를 기록한다.",DIRECT_STATIC_AND_ACCEPTANCE_ALTERNATIVE,pytest -q <21 S06 verifier files>; ./gradlew test,0,Acceptance-specific source/consumer review; relevant gates=GATE-18-TEST-EVIDENCE; states=미검증. Authoritative environment evidence remains unavailable for at least one relevant gate.,evidence/ATOMIC_WORK_ITEM_EVIDENCE.jsonl#CPF-WP-CORE-TESTKIT-03-VERIFICATION_EVIDENCE,Acceptance-specific source/consumer review; relevant gates=GATE-18-TEST-EVIDENCE; states=미검증. Authoritative environment evidence remains unavailable for at least one relevant gate.,완료,미검증,미검수,false
CPF-V9-INITIAL-FULL-REVIEW-20260805-2020-REV-007-DEVGPT-V9-S06,CPF-WP-CORE-TESTKIT-04-FAILURE_RECOVERY,WORK_PACKAGE,CORE-TESTKIT,P1,PRODUCT_IMPLEMENTATION,FAILURE_RECOVERY,오류·부분 실패·UNKNOWN·복구,cpf-core / repository architecture,cpf-core,repository architecture,DEVGPT-V9-S06,CPF-WP-CORE-TESTKIT-01-CONTRACT_OWNERSHIP,"정상, invalid, timeout, cancellation, dependency failure, partial failure와 resource exhaustion을 구현한다. || side-effect 전/후, commit/send/ACK/response loss의 UNKNOWN을 구분하고 durable state에 기록한다. || Retry budget, idempotency, lease/fencing, restart/reclaim, reconcile/compensation/manual resolution을 적용한다. || 다중 JVM/process와 process-kill 이후 중복·stale writer·blind retry를 방지한다.",명시적 상태 전이와 가상 Clock/Failure Injection 가능한 구조를 사용한다. || 공통 CPF resilience/locking/reconciliation 계약을 재사용하고 기능별 복제 Engine을 만들지 않는다.,timeout;cancel;dependency outage;partial failure;unknown result;duplicate;process kill;reconcile,GATE-01-OWNERSHIP;GATE-02-CONSUMER;GATE-06-STATE-IDEMP;GATE-08-UNKNOWN-RECOVERY;GATE-18-TEST-EVIDENCE;GATE-20-HYGIENE,STD-GRADLE-JAVA;STD-NIST-SSDF;STD-SPRING,cpf-admin/frontend/src/generated/cpf-api.ts;cpf-core/src/main/java/com/cpf/core/api/broker/CpfBrokerClient.java;cpf-tools/scripts/initialize-domain-database.ps1;cpf-core/src/main/java/com/cpf/core/api/broker/CpfBrokerPublishResult.java;cpf-core/src/main/java/com/cpf/core/api/notification/CpfNotificationProviderStatus.java;cpf-core/src/main/java/com/cpf/core/spi/notification/CpfNotificationProvider.java;cpf-core/src/main/java/com/cpf/core/api/notification/CpfNotificationResult.java;cpf-core/src/main/java/com/cpf/core/internal/broker/CpfBrokerClientAdapter.java,cpf-admin/frontend/src/generated/cpf-api.ts,cpf-admin/frontend/src/generated/cpf-api.ts;cpf-core/src/main/java/com/cpf/core/api/broker/CpfBrokerClient.java;cpf-core/src/main/java/com/cpf/core/internal/broker/CpfBrokerClientAdapter.java;cpf-admin/frontend/src/generated/cpf-operation-contract.ts,"정상, invalid, timeout, cancellation, dependency failure, partial failure와 resource exhaustion을 구현한다. || side-effect 전/후, commit/send/ACK/response loss의 UNKNOWN을 구분하고 durable state에 기록한다. || Retry budget, idempotency, lease/fencing, restart/reclaim, reconcile/compensation/manual resolution을 적용한다. || 다중 JVM/process와 process-kill 이후 중복·stale writer·blind retry를 방지한다. → cpf-admin/frontend/src/generated/cpf-api.ts;cpf-core/src/main/java/com/cpf/core/api/broker/CpfBrokerClient.java;cpf-tools/scripts/initialize-domain-database.ps1;cpf-core/src/main/java/com/cpf/core/api/broker/CpfBrokerPublishResult.java;cpf-core/src/main/java/com/cpf/core/api/notification/CpfNotificationProviderStatus.java;cpf-core/src/main/java/com/cpf/core/spi/notification/CpfNotificationProvider.java;cpf-core/src/main/java/com/cpf/core/api/notification/CpfNotificationResult.java;cpf-core/src/main/java/com/cpf/core/internal/broker/CpfBrokerClientAdapter.java → cpf-admin/frontend/src/generated/cpf-api.ts;cpf-core/src/main/java/com/cpf/core/api/broker/CpfBrokerClient.java;cpf-core/src/main/java/com/cpf/core/internal/broker/CpfBrokerClientAdapter.java;cpf-admin/frontend/src/generated/cpf-operation-contract.ts → GATE-01-OWNERSHIP;GATE-02-CONSUMER;GATE-06-STATE-IDEMP;GATE-08-UNKNOWN-RECOVERY;GATE-18-TEST-EVIDENCE;GATE-20-HYGIENE",Per-Work-Item source inventory plus all applicable Engineering Gate commands,"정상, invalid, timeout, cancellation, dependency failure, partial failure와 resource exhaustion을 구현한다. || side-effect 전/후, commit/send/ACK/response loss의 UNKNOWN을 구분하고 durable state에 기록한다. || Retry budget, idempotency, lease/fencing, restart/reclaim, reconcile/compensation/manual resolution을 적용한다. || 다중 JVM/process와 process-kill 이후 중복·stale writer·blind retry를 방지한다.",DIRECT_STATIC_AND_ACCEPTANCE_ALTERNATIVE,python cpf-tools/scripts/verify-cpf-runtime-alternatives.py --root . --report <evidence>,0,Acceptance-specific source/consumer review; relevant gates=GATE-08-UNKNOWN-RECOVERY; states=완료. Direct or valid alternative evidence passed.,evidence/ATOMIC_WORK_ITEM_EVIDENCE.jsonl#CPF-WP-CORE-TESTKIT-04-FAILURE_RECOVERY,,완료,완료,미검수,false
CPF-V9-INITIAL-FULL-REVIEW-20260805-2020-REV-007-DEVGPT-V9-S06,CPF-WP-REL-BUILD-01-CONTRACT_OWNERSHIP,WORK_PACKAGE,REL-BUILD,P1,PRODUCT_IMPLEMENTATION,CONTRACT_OWNERSHIP,계약·Ownership 확정,cpf-tools release/deploy,cpf-tools release,deploy,DEVGPT-V9-S06,,"Canonical Owner Module·Package·State Owner와 실제 Consumer를 코드 기준으로 확정한다. || Public API·SPI·Internal, 입력·출력·오류·lifecycle·thread-safety·version 계약을 정의한다. || 역방향/순환 의존, Internal 참조, 선택 OSS type 노출, Dual Primary와 owner 없는 공통기능을 제거 또는 이관 대상으로 등록한다. || Local/Remote/Async/Batch 등 적용 topology에서 계약 동등성과 trust boundary를 정의한다.",기존 정식 Package와 Contract를 우선 재사용하고 새 Module은 실제 Owner가 없을 때만 제안한다. || 복잡한 기술 세부는 Internal로 숨기고 고객 확장 지점만 안정 SPI로 노출한다.,contract compatibility;unsupported capability;invalid configuration;internal access negative fixture,GATE-01-OWNERSHIP;GATE-02-CONSUMER;GATE-07-MULTI-INSTANCE;GATE-17-SUPPLY-CHAIN;GATE-18-TEST-EVIDENCE;GATE-20-HYGIENE;GATE-21-TIME,STD-CYCLONEDX;STD-GRADLE-JAVA;STD-NIST-SSDF;STD-SCRUM;STD-SLSA;STD-SPRING,cpf-tools/release/cpf-final-artifact-catalog.json;cpf-tools/scripts/tests/test_qa39_build_contract_split_bom.py;cpf-tools/scripts/verify-cpf-qa34-build-contract.py;cpf-tools/scripts/verify-cpf-generator-upgrade-ownership.py;cpf-tools/scripts/build-cpf-requirement-development-traceability.py;cpf-tools/scripts/build-cpf-work-package-source-review.py;cpf-tools/scripts/devgpt-control-v9/build_full_assignment.py;cpf-tools/scripts/invoke-official-db-vendor-sql.ps1,cpf-tools/release/cpf-final-artifact-catalog.json,N/A — no direct consumer is defined by this atomic contract; verification is performed through the owning Work Item gate.,"Canonical Owner Module·Package·State Owner와 실제 Consumer를 코드 기준으로 확정한다. || Public API·SPI·Internal, 입력·출력·오류·lifecycle·thread-safety·version 계약을 정의한다. || 역방향/순환 의존, Internal 참조, 선택 OSS type 노출, Dual Primary와 owner 없는 공통기능을 제거 또는 이관 대상으로 등록한다. || Local/Remote/Async/Batch 등 적용 topology에서 계약 동등성과 trust boundary를 정의한다. → cpf-tools/release/cpf-final-artifact-catalog.json;cpf-tools/scripts/tests/test_qa39_build_contract_split_bom.py;cpf-tools/scripts/verify-cpf-qa34-build-contract.py;cpf-tools/scripts/verify-cpf-generator-upgrade-ownership.py;cpf-tools/scripts/build-cpf-requirement-development-traceability.py;cpf-tools/scripts/build-cpf-work-package-source-review.py;cpf-tools/scripts/devgpt-control-v9/build_full_assignment.py;cpf-tools/scripts/invoke-official-db-vendor-sql.ps1 → N/A — no direct consumer is defined by this atomic contract; verification is performed through the owning Work Item gate. → GATE-01-OWNERSHIP;GATE-02-CONSUMER;GATE-07-MULTI-INSTANCE;GATE-17-SUPPLY-CHAIN;GATE-18-TEST-EVIDENCE;GATE-20-HYGIENE;GATE-21-TIME",Per-Work-Item source inventory plus all applicable Engineering Gate commands,"Canonical Owner Module·Package·State Owner와 실제 Consumer를 코드 기준으로 확정한다. || Public API·SPI·Internal, 입력·출력·오류·lifecycle·thread-safety·version 계약을 정의한다. || 역방향/순환 의존, Internal 참조, 선택 OSS type 노출, Dual Primary와 owner 없는 공통기능을 제거 또는 이관 대상으로 등록한다. || Local/Remote/Async/Batch 등 적용 topology에서 계약 동등성과 trust boundary를 정의한다.",DIRECT_STATIC_AND_ACCEPTANCE_ALTERNATIVE,python cpf-tools/scripts/verify-cpf-owner-boundaries.py --repo-root . --report-json <evidence>,0,Acceptance-specific source/consumer review; relevant gates=GATE-01-OWNERSHIP; states=완료. Direct or valid alternative evidence passed.,evidence/ATOMIC_WORK_ITEM_EVIDENCE.jsonl#CPF-WP-REL-BUILD-01-CONTRACT_OWNERSHIP,,완료,완료,미검수,false
CPF-V9-INITIAL-FULL-REVIEW-20260805-2020-REV-007-DEVGPT-V9-S06,CPF-WP-REL-BUILD-02-IMPLEMENTATION_CONSUMER,WORK_PACKAGE,REL-BUILD,P1,PRODUCT_IMPLEMENTATION,IMPLEMENTATION_CONSUMER,기본 구현·실제 Consumer 연결,cpf-tools release/deploy,cpf-tools release,deploy,DEVGPT-V9-S06,CPF-WP-REL-BUILD-01-CONTRACT_OWNERSHIP,"Interface/DTO/Marker가 아닌 안전한 기본 구현·Provider·AutoConfiguration·상태 저장을 제공한다. || Bean/Route/SQL/API/Frontend/Script를 실제 Product Consumer 호출 경로에 연결한다. || 설정 safe default, validation, capability detection, lifecycle start/stop와 resource cleanup을 구현한다. || Consumer 없는 추상화나 Sample-only 구현이면 완료하지 않고 실제 Consumer 연결 또는 통합/폐기 후보로 처리한다.",Leaf Starter와 조건부 AutoConfiguration을 사용해 선택하지 않은 Runtime 의존을 유입하지 않는다. || 제품 Consumer와 Reference Consumer를 분리하되 동일 Public Contract를 사용한다.,normal consumer flow;missing provider;invalid property;startup/shutdown;resource cleanup,GATE-01-OWNERSHIP;GATE-02-CONSUMER;GATE-07-MULTI-INSTANCE;GATE-17-SUPPLY-CHAIN;GATE-18-TEST-EVIDENCE;GATE-20-HYGIENE;GATE-21-TIME,STD-CYCLONEDX;STD-GRADLE-JAVA;STD-NIST-SSDF;STD-SCRUM;STD-SLSA;STD-SPRING,cpf-tools/scripts/tests/test_qa39_build_contract_split_bom.py;cpf-tools/scripts/verify-cpf-gradle-wrapper-integrity.py;cpf-tools/release/cpf-final-artifact-catalog.json;cpf-tools/scripts/build-cpf-requirement-development-traceability.py;cpf-tools/scripts/build-cpf-work-package-source-review.py;cpf-tools/scripts/devgpt-control-v9/build_full_assignment.py;cpf-tools/scripts/tests/test_verify_cpf_supply_chain.py;cpf-tools/scripts/verify-cpf-supply-chain.fixed.py,cpf-tools/scripts/tests/test_qa39_build_contract_split_bom.py,N/A — no direct consumer is defined by this atomic contract; verification is performed through the owning Work Item gate.,"Interface/DTO/Marker가 아닌 안전한 기본 구현·Provider·AutoConfiguration·상태 저장을 제공한다. || Bean/Route/SQL/API/Frontend/Script를 실제 Product Consumer 호출 경로에 연결한다. || 설정 safe default, validation, capability detection, lifecycle start/stop와 resource cleanup을 구현한다. || Consumer 없는 추상화나 Sample-only 구현이면 완료하지 않고 실제 Consumer 연결 또는 통합/폐기 후보로 처리한다. → cpf-tools/scripts/tests/test_qa39_build_contract_split_bom.py;cpf-tools/scripts/verify-cpf-gradle-wrapper-integrity.py;cpf-tools/release/cpf-final-artifact-catalog.json;cpf-tools/scripts/build-cpf-requirement-development-traceability.py;cpf-tools/scripts/build-cpf-work-package-source-review.py;cpf-tools/scripts/devgpt-control-v9/build_full_assignment.py;cpf-tools/scripts/tests/test_verify_cpf_supply_chain.py;cpf-tools/scripts/verify-cpf-supply-chain.fixed.py → N/A — no direct consumer is defined by this atomic contract; verification is performed through the owning Work Item gate. → GATE-01-OWNERSHIP;GATE-02-CONSUMER;GATE-07-MULTI-INSTANCE;GATE-17-SUPPLY-CHAIN;GATE-18-TEST-EVIDENCE;GATE-20-HYGIENE;GATE-21-TIME",Per-Work-Item source inventory plus all applicable Engineering Gate commands,"Interface/DTO/Marker가 아닌 안전한 기본 구현·Provider·AutoConfiguration·상태 저장을 제공한다. || Bean/Route/SQL/API/Frontend/Script를 실제 Product Consumer 호출 경로에 연결한다. || 설정 safe default, validation, capability detection, lifecycle start/stop와 resource cleanup을 구현한다. || Consumer 없는 추상화나 Sample-only 구현이면 완료하지 않고 실제 Consumer 연결 또는 통합/폐기 후보로 처리한다.",DIRECT_STATIC_AND_ACCEPTANCE_ALTERNATIVE,python cpf-tools/scripts/build-cpf-work-package-source-review.py --repo-root .; python cpf-tools/scripts/verify-cpf-spring-request-mapping-uniqueness.py --repo-root .,0,Acceptance-specific source/consumer review; relevant gates=GATE-02-CONSUMER; states=완료. Direct or valid alternative evidence passed.,evidence/ATOMIC_WORK_ITEM_EVIDENCE.jsonl#CPF-WP-REL-BUILD-02-IMPLEMENTATION_CONSUMER,,완료,완료,미검수,false
CPF-V9-INITIAL-FULL-REVIEW-20260805-2020-REV-007-DEVGPT-V9-S06,CPF-WP-REL-BUILD-03-VERIFICATION_EVIDENCE,WORK_PACKAGE,REL-BUILD,P1,PRODUCT_IMPLEMENTATION,VERIFICATION_EVIDENCE,검증·Evidence·추적성,cpf-tools release/deploy,cpf-tools release,deploy,DEVGPT-V9-S06,CPF-WP-REL-BUILD-01-CONTRACT_OWNERSHIP;CPF-WP-REL-BUILD-02-IMPLEMENTATION_CONSUMER,"연결 CPF-FR Requirement와 CPF-SC Scenario를 논리 원장에서 전수 추출해 이 Work Package에 매핑한다. || 목표 환경을 먼저 실제 실행하고, 불가능할 때 최대 대체검증과 남은 실제 Runtime 차이를 분리한다. || 각 Scenario에 Test Method·Assertion·실제 결과·Evidence를 개별 연결한다. || 명령, 환경/version, 시간, exit code, report/artifact hash, sanitization과 baseline/working-tree 상태를 기록한다.",공통 Test Harness는 재사용하되 각 Requirement/Scenario의 Acceptance 근거를 개별 기록한다. || 긴 로그는 별도 Evidence로 두고 원장에는 핵심 결과와 경로를 남긴다.,direct validation;alternative validation;negative fixture;regression;evidence schema failure,GATE-01-OWNERSHIP;GATE-02-CONSUMER;GATE-07-MULTI-INSTANCE;GATE-17-SUPPLY-CHAIN;GATE-18-TEST-EVIDENCE;GATE-20-HYGIENE;GATE-21-TIME,STD-CYCLONEDX;STD-GRADLE-JAVA;STD-NIST-SSDF;STD-SCRUM;STD-SLSA;STD-SPRING,cpf-tools/release/cpf-final-artifact-catalog.json;cpf-tools/scripts/build-cpf-requirement-development-traceability.py;cpf-tools/scripts/verify-cpf-qa34-build-contract.py;cpf-tools/scripts/tests/test_qa39_build_contract_split_bom.py;cpf-tools/config/cpf-starter-catalog.json;cpf-tools/generator/contracts/cpf-starter-catalog.json;cpf-tools/scripts/build-cpf-work-package-source-review.py;cpf-tools/scripts/devgpt-control-v9/build_full_assignment.py,cpf-tools/release/cpf-final-artifact-catalog.json,N/A — static governance/verification contract; no runtime product consumer is required for this atomic assertion.,"연결 CPF-FR Requirement와 CPF-SC Scenario를 논리 원장에서 전수 추출해 이 Work Package에 매핑한다. || 목표 환경을 먼저 실제 실행하고, 불가능할 때 최대 대체검증과 남은 실제 Runtime 차이를 분리한다. || 각 Scenario에 Test Method·Assertion·실제 결과·Evidence를 개별 연결한다. || 명령, 환경/version, 시간, exit code, report/artifact hash, sanitization과 baseline/working-tree 상태를 기록한다. → cpf-tools/release/cpf-final-artifact-catalog.json;cpf-tools/scripts/build-cpf-requirement-development-traceability.py;cpf-tools/scripts/verify-cpf-qa34-build-contract.py;cpf-tools/scripts/tests/test_qa39_build_contract_split_bom.py;cpf-tools/config/cpf-starter-catalog.json;cpf-tools/generator/contracts/cpf-starter-catalog.json;cpf-tools/scripts/build-cpf-work-package-source-review.py;cpf-tools/scripts/devgpt-control-v9/build_full_assignment.py → N/A — static governance/verification contract; no runtime product consumer is required for this atomic assertion. → GATE-01-OWNERSHIP;GATE-02-CONSUMER;GATE-07-MULTI-INSTANCE;GATE-17-SUPPLY-CHAIN;GATE-18-TEST-EVIDENCE;GATE-20-HYGIENE;GATE-21-TIME",Per-Work-Item source inventory plus all applicable Engineering Gate commands,"연결 CPF-FR Requirement와 CPF-SC Scenario를 논리 원장에서 전수 추출해 이 Work Package에 매핑한다. || 목표 환경을 먼저 실제 실행하고, 불가능할 때 최대 대체검증과 남은 실제 Runtime 차이를 분리한다. || 각 Scenario에 Test Method·Assertion·실제 결과·Evidence를 개별 연결한다. || 명령, 환경/version, 시간, exit code, report/artifact hash, sanitization과 baseline/working-tree 상태를 기록한다.",DIRECT_STATIC_AND_ACCEPTANCE_ALTERNATIVE,pytest -q <21 S06 verifier files>; ./gradlew test,0,Acceptance-specific source/consumer review; relevant gates=GATE-18-TEST-EVIDENCE; states=미검증. Authoritative environment evidence remains unavailable for at least one relevant gate.,evidence/ATOMIC_WORK_ITEM_EVIDENCE.jsonl#CPF-WP-REL-BUILD-03-VERIFICATION_EVIDENCE,Acceptance-specific source/consumer review; relevant gates=GATE-18-TEST-EVIDENCE; states=미검증. Authoritative environment evidence remains unavailable for at least one relevant gate.,완료,미검증,미검수,false
CPF-V9-INITIAL-FULL-REVIEW-20260805-2020-REV-007-DEVGPT-V9-S06,CPF-WP-REL-BUILD-04-FAILURE_RECOVERY,WORK_PACKAGE,REL-BUILD,P1,PRODUCT_IMPLEMENTATION,FAILURE_RECOVERY,오류·부분 실패·UNKNOWN·복구,cpf-tools release/deploy,cpf-tools release,deploy,DEVGPT-V9-S06,CPF-WP-REL-BUILD-01-CONTRACT_OWNERSHIP,"정상, invalid, timeout, cancellation, dependency failure, partial failure와 resource exhaustion을 구현한다. || side-effect 전/후, commit/send/ACK/response loss의 UNKNOWN을 구분하고 durable state에 기록한다. || Retry budget, idempotency, lease/fencing, restart/reclaim, reconcile/compensation/manual resolution을 적용한다. || 다중 JVM/process와 process-kill 이후 중복·stale writer·blind retry를 방지한다.",명시적 상태 전이와 가상 Clock/Failure Injection 가능한 구조를 사용한다. || 공통 CPF resilience/locking/reconciliation 계약을 재사용하고 기능별 복제 Engine을 만들지 않는다.,timeout;cancel;dependency outage;partial failure;unknown result;duplicate;process kill;reconcile,GATE-01-OWNERSHIP;GATE-02-CONSUMER;GATE-06-STATE-IDEMP;GATE-07-MULTI-INSTANCE;GATE-08-UNKNOWN-RECOVERY;GATE-17-SUPPLY-CHAIN;GATE-18-TEST-EVIDENCE;GATE-20-HYGIENE;GATE-21-TIME,STD-CYCLONEDX;STD-GRADLE-JAVA;STD-NIST-SSDF;STD-SCRUM;STD-SLSA;STD-SPRING,cpf-tools/release/cpf-final-artifact-catalog.json;cpf-tools/scripts/build-cpf-requirement-development-traceability.py;cpf-tools/scripts/build-cpf-work-package-source-review.py;cpf-tools/scripts/devgpt-control-v9/build_full_assignment.py;cpf-tools/config/cpf-starter-catalog.json;cpf-tools/scripts/verify-cpf-starter-catalog-truth.py;cpf-tools/scripts/tests/test_publication_starter_closure.py;cpf-tools/scripts/verify-cpf-publication-starter-closure.py,cpf-tools/release/cpf-final-artifact-catalog.json,N/A — no direct consumer is defined by this atomic contract; verification is performed through the owning Work Item gate.,"정상, invalid, timeout, cancellation, dependency failure, partial failure와 resource exhaustion을 구현한다. || side-effect 전/후, commit/send/ACK/response loss의 UNKNOWN을 구분하고 durable state에 기록한다. || Retry budget, idempotency, lease/fencing, restart/reclaim, reconcile/compensation/manual resolution을 적용한다. || 다중 JVM/process와 process-kill 이후 중복·stale writer·blind retry를 방지한다. → cpf-tools/release/cpf-final-artifact-catalog.json;cpf-tools/scripts/build-cpf-requirement-development-traceability.py;cpf-tools/scripts/build-cpf-work-package-source-review.py;cpf-tools/scripts/devgpt-control-v9/build_full_assignment.py;cpf-tools/config/cpf-starter-catalog.json;cpf-tools/scripts/verify-cpf-starter-catalog-truth.py;cpf-tools/scripts/tests/test_publication_starter_closure.py;cpf-tools/scripts/verify-cpf-publication-starter-closure.py → N/A — no direct consumer is defined by this atomic contract; verification is performed through the owning Work Item gate. → GATE-01-OWNERSHIP;GATE-02-CONSUMER;GATE-06-STATE-IDEMP;GATE-07-MULTI-INSTANCE;GATE-08-UNKNOWN-RECOVERY;GATE-17-SUPPLY-CHAIN;GATE-18-TEST-EVIDENCE;GATE-20-HYGIENE;GATE-21-TIME",Per-Work-Item source inventory plus all applicable Engineering Gate commands,"정상, invalid, timeout, cancellation, dependency failure, partial failure와 resource exhaustion을 구현한다. || side-effect 전/후, commit/send/ACK/response loss의 UNKNOWN을 구분하고 durable state에 기록한다. || Retry budget, idempotency, lease/fencing, restart/reclaim, reconcile/compensation/manual resolution을 적용한다. || 다중 JVM/process와 process-kill 이후 중복·stale writer·blind retry를 방지한다.",DIRECT_STATIC_AND_ACCEPTANCE_ALTERNATIVE,python cpf-tools/scripts/verify-cpf-runtime-alternatives.py --root . --report <evidence>,0,Acceptance-specific source/consumer review; relevant gates=GATE-08-UNKNOWN-RECOVERY; states=완료. Direct or valid alternative evidence passed.,evidence/ATOMIC_WORK_ITEM_EVIDENCE.jsonl#CPF-WP-REL-BUILD-04-FAILURE_RECOVERY,,완료,완료,미검수,false
CPF-V9-INITIAL-FULL-REVIEW-20260805-2020-REV-007-DEVGPT-V9-S06,CPF-WP-REL-BUILD-05-GENERATION_COMPATIBILITY,WORK_PACKAGE,REL-BUILD,P1,PRODUCT_IMPLEMENTATION,GENERATION_COMPATIBILITY,생성·Artifact·호환성,cpf-tools release/deploy,cpf-tools release,deploy,DEVGPT-V9-S06,CPF-WP-REL-BUILD-01-CONTRACT_OWNERSHIP,"Generator/OpenAPI/AsyncAPI/DB metadata/template 등 Canonical 입력과 생성 산출물의 ownership을 확정한다. || remove→regenerate deterministic parity와 user-owned 영역 보존을 검증한다. || API/message/file/DB/config/artifact의 semantic version, compatibility, deprecation, mixed-version와 rollback 영향을 처리한다. || Generated Source만 수동 수정하지 않고 원본 입력·Generator·Golden Sample을 함께 수정한다.",입력 version/hash와 generator version을 manifest에 고정하고 normalized diff gate를 사용한다. || 최신 표준 버전은 shadow compatibility를 통과한 뒤 CPF 지원 profile로 승격한다.,clean regeneration;user region preserve;mixed version;unsupported profile;rollback compatibility,GATE-01-OWNERSHIP;GATE-02-CONSUMER;GATE-07-MULTI-INSTANCE;GATE-15-GENERATOR;GATE-16-COMPATIBILITY;GATE-17-SUPPLY-CHAIN;GATE-18-TEST-EVIDENCE;GATE-20-HYGIENE;GATE-21-TIME,STD-CYCLONEDX;STD-GRADLE-JAVA;STD-NIST-SSDF;STD-SCRUM;STD-SLSA;STD-SPRING,cpf-tools/db/vendor/mariadb/seed/00_optional_sample_seed.sql;cpf-tools/db/vendor/mariadb/source/00_optional_sample_seed.sql;cpf-tools/db/vendor/oracle/seed/00_optional_sample_seed.sql;cpf-tools/db/vendor/oracle/source/00_optional_sample_seed.sql;cpf-tools/db/vendor/postgresql/seed/00_optional_sample_seed.sql;cpf-tools/db/vendor/postgresql/source/00_optional_sample_seed.sql;cpf-tools/release/cpf-final-artifact-catalog.json;cpf-tools/scripts/verify-cpf-generator-lifecycle.py,cpf-tools/db/vendor/mariadb/seed/00_optional_sample_seed.sql,N/A — no direct consumer is defined by this atomic contract; verification is performed through the owning Work Item gate.,"Generator/OpenAPI/AsyncAPI/DB metadata/template 등 Canonical 입력과 생성 산출물의 ownership을 확정한다. || remove→regenerate deterministic parity와 user-owned 영역 보존을 검증한다. || API/message/file/DB/config/artifact의 semantic version, compatibility, deprecation, mixed-version와 rollback 영향을 처리한다. || Generated Source만 수동 수정하지 않고 원본 입력·Generator·Golden Sample을 함께 수정한다. → cpf-tools/db/vendor/mariadb/seed/00_optional_sample_seed.sql;cpf-tools/db/vendor/mariadb/source/00_optional_sample_seed.sql;cpf-tools/db/vendor/oracle/seed/00_optional_sample_seed.sql;cpf-tools/db/vendor/oracle/source/00_optional_sample_seed.sql;cpf-tools/db/vendor/postgresql/seed/00_optional_sample_seed.sql;cpf-tools/db/vendor/postgresql/source/00_optional_sample_seed.sql;cpf-tools/release/cpf-final-artifact-catalog.json;cpf-tools/scripts/verify-cpf-generator-lifecycle.py → N/A — no direct consumer is defined by this atomic contract; verification is performed through the owning Work Item gate. → GATE-01-OWNERSHIP;GATE-02-CONSUMER;GATE-07-MULTI-INSTANCE;GATE-15-GENERATOR;GATE-16-COMPATIBILITY;GATE-17-SUPPLY-CHAIN;GATE-18-TEST-EVIDENCE;GATE-20-HYGIENE;GATE-21-TIME",Per-Work-Item source inventory plus all applicable Engineering Gate commands,"Generator/OpenAPI/AsyncAPI/DB metadata/template 등 Canonical 입력과 생성 산출물의 ownership을 확정한다. || remove→regenerate deterministic parity와 user-owned 영역 보존을 검증한다. || API/message/file/DB/config/artifact의 semantic version, compatibility, deprecation, mixed-version와 rollback 영향을 처리한다. || Generated Source만 수동 수정하지 않고 원본 입력·Generator·Golden Sample을 함께 수정한다.",DIRECT_STATIC_AND_ACCEPTANCE_ALTERNATIVE,python cpf-tools/scripts/verify-cpf-generator-idempotency-templates.py --repo-root .; python cpf-tools/scripts/verify-cpf-generator-lifecycle.py --repo-root . || python cpf-tools/scripts/verify-cpf-qa34-build-contract.py --repo-root .,0,Acceptance-specific source/consumer review; relevant gates=GATE-15-GENERATOR;GATE-16-COMPATIBILITY; states=완료;미검증. Authoritative environment evidence remains unavailable for at least one relevant gate.,evidence/ATOMIC_WORK_ITEM_EVIDENCE.jsonl#CPF-WP-REL-BUILD-05-GENERATION_COMPATIBILITY,Acceptance-specific source/consumer review; relevant gates=GATE-15-GENERATOR;GATE-16-COMPATIBILITY; states=완료;미검증. Authoritative environment evidence remains unavailable for at least one relevant gate.,완료,미검증,미검수,false
CPF-V9-INITIAL-FULL-REVIEW-20260805-2020-REV-007-DEVGPT-V9-S06,CPF-WP-REL-COMPAT-01-CONTRACT_OWNERSHIP,WORK_PACKAGE,REL-COMPAT,P1,PRODUCT_IMPLEMENTATION,CONTRACT_OWNERSHIP,계약·Ownership 확정,cpf-tools release/deploy,cpf-tools release,deploy,DEVGPT-V9-S06,,"Canonical Owner Module·Package·State Owner와 실제 Consumer를 코드 기준으로 확정한다. || Public API·SPI·Internal, 입력·출력·오류·lifecycle·thread-safety·version 계약을 정의한다. || 역방향/순환 의존, Internal 참조, 선택 OSS type 노출, Dual Primary와 owner 없는 공통기능을 제거 또는 이관 대상으로 등록한다. || Local/Remote/Async/Batch 등 적용 topology에서 계약 동등성과 trust boundary를 정의한다.",기존 정식 Package와 Contract를 우선 재사용하고 새 Module은 실제 Owner가 없을 때만 제안한다. || 복잡한 기술 세부는 Internal로 숨기고 고객 확장 지점만 안정 SPI로 노출한다.,contract compatibility;unsupported capability;invalid configuration;internal access negative fixture,GATE-01-OWNERSHIP;GATE-02-CONSUMER;GATE-07-MULTI-INSTANCE;GATE-08-UNKNOWN-RECOVERY;GATE-16-COMPATIBILITY;GATE-17-SUPPLY-CHAIN;GATE-18-TEST-EVIDENCE;GATE-19-DOC-SUPPORT;GATE-20-HYGIENE;GATE-21-TIME,STD-CYCLONEDX;STD-GRADLE-JAVA;STD-NIST-SSDF;STD-SCRUM;STD-SLSA;STD-SPRING,cpf-tools/scripts/verify-cpf-generator-upgrade-ownership.py;cpf-tools/release/cpf-final-artifact-catalog.json;cpf-tools/scripts/invoke-official-db-vendor-sql.ps1;cpf-tools/scripts/verify-cpf-publication-starter-closure.py;cpf-tools/scripts/tests/test_publication_starter_closure.py;cpf-tools/scripts/tests/test_qa39_runtime_contract_semantics.py;cpf-tools/scripts/tests/test_oracle_sqlplus_secret_transport.py;cpf-tools/scripts/tests/test_qa39_build_contract_split_bom.py,cpf-tools/scripts/verify-cpf-generator-upgrade-ownership.py,N/A — no direct consumer is defined by this atomic contract; verification is performed through the owning Work Item gate.,"Canonical Owner Module·Package·State Owner와 실제 Consumer를 코드 기준으로 확정한다. || Public API·SPI·Internal, 입력·출력·오류·lifecycle·thread-safety·version 계약을 정의한다. || 역방향/순환 의존, Internal 참조, 선택 OSS type 노출, Dual Primary와 owner 없는 공통기능을 제거 또는 이관 대상으로 등록한다. || Local/Remote/Async/Batch 등 적용 topology에서 계약 동등성과 trust boundary를 정의한다. → cpf-tools/scripts/verify-cpf-generator-upgrade-ownership.py;cpf-tools/release/cpf-final-artifact-catalog.json;cpf-tools/scripts/invoke-official-db-vendor-sql.ps1;cpf-tools/scripts/verify-cpf-publication-starter-closure.py;cpf-tools/scripts/tests/test_publication_starter_closure.py;cpf-tools/scripts/tests/test_qa39_runtime_contract_semantics.py;cpf-tools/scripts/tests/test_oracle_sqlplus_secret_transport.py;cpf-tools/scripts/tests/test_qa39_build_contract_split_bom.py → N/A — no direct consumer is defined by this atomic contract; verification is performed through the owning Work Item gate. → GATE-01-OWNERSHIP;GATE-02-CONSUMER;GATE-07-MULTI-INSTANCE;GATE-08-UNKNOWN-RECOVERY;GATE-16-COMPATIBILITY;GATE-17-SUPPLY-CHAIN;GATE-18-TEST-EVIDENCE;GATE-19-DOC-SUPPORT;GATE-20-HYGIENE;GATE-21-TIME",Per-Work-Item source inventory plus all applicable Engineering Gate commands,"Canonical Owner Module·Package·State Owner와 실제 Consumer를 코드 기준으로 확정한다. || Public API·SPI·Internal, 입력·출력·오류·lifecycle·thread-safety·version 계약을 정의한다. || 역방향/순환 의존, Internal 참조, 선택 OSS type 노출, Dual Primary와 owner 없는 공통기능을 제거 또는 이관 대상으로 등록한다. || Local/Remote/Async/Batch 등 적용 topology에서 계약 동등성과 trust boundary를 정의한다.",DIRECT_STATIC_AND_ACCEPTANCE_ALTERNATIVE,python cpf-tools/scripts/verify-cpf-owner-boundaries.py --repo-root . --report-json <evidence>,0,Acceptance-specific source/consumer review; relevant gates=GATE-01-OWNERSHIP; states=완료. Direct or valid alternative evidence passed.,evidence/ATOMIC_WORK_ITEM_EVIDENCE.jsonl#CPF-WP-REL-COMPAT-01-CONTRACT_OWNERSHIP,,완료,완료,미검수,false
CPF-V9-INITIAL-FULL-REVIEW-20260805-2020-REV-007-DEVGPT-V9-S06,CPF-WP-REL-COMPAT-02-IMPLEMENTATION_CONSUMER,WORK_PACKAGE,REL-COMPAT,P1,PRODUCT_IMPLEMENTATION,IMPLEMENTATION_CONSUMER,기본 구현·실제 Consumer 연결,cpf-tools release/deploy,cpf-tools release,deploy,DEVGPT-V9-S06,CPF-WP-REL-COMPAT-01-CONTRACT_OWNERSHIP,"Interface/DTO/Marker가 아닌 안전한 기본 구현·Provider·AutoConfiguration·상태 저장을 제공한다. || Bean/Route/SQL/API/Frontend/Script를 실제 Product Consumer 호출 경로에 연결한다. || 설정 safe default, validation, capability detection, lifecycle start/stop와 resource cleanup을 구현한다. || Consumer 없는 추상화나 Sample-only 구현이면 완료하지 않고 실제 Consumer 연결 또는 통합/폐기 후보로 처리한다.",Leaf Starter와 조건부 AutoConfiguration을 사용해 선택하지 않은 Runtime 의존을 유입하지 않는다. || 제품 Consumer와 Reference Consumer를 분리하되 동일 Public Contract를 사용한다.,normal consumer flow;missing provider;invalid property;startup/shutdown;resource cleanup,GATE-01-OWNERSHIP;GATE-02-CONSUMER;GATE-07-MULTI-INSTANCE;GATE-08-UNKNOWN-RECOVERY;GATE-16-COMPATIBILITY;GATE-17-SUPPLY-CHAIN;GATE-18-TEST-EVIDENCE;GATE-19-DOC-SUPPORT;GATE-20-HYGIENE;GATE-21-TIME,STD-CYCLONEDX;STD-GRADLE-JAVA;STD-NIST-SSDF;STD-SCRUM;STD-SLSA;STD-SPRING,cpf-tools/release/cpf-final-artifact-catalog.json;cpf-tools/scripts/tests/test_publication_starter_closure.py;cpf-tools/scripts/verify-cpf-publication-starter-closure.py;cpf-tools/scripts/invoke-official-db-vendor-sql.ps1;cpf-tools/scripts/tests/test_oracle_sqlplus_secret_transport.py;cpf-tools/scripts/verify-cpf-openapi-controller-coverage.py;cpf-tools/scripts/Qa39Tool.java;cpf-tools/scripts/build-cpf-requirement-development-traceability.py,cpf-tools/release/cpf-final-artifact-catalog.json,N/A — no direct consumer is defined by this atomic contract; verification is performed through the owning Work Item gate.,"Interface/DTO/Marker가 아닌 안전한 기본 구현·Provider·AutoConfiguration·상태 저장을 제공한다. || Bean/Route/SQL/API/Frontend/Script를 실제 Product Consumer 호출 경로에 연결한다. || 설정 safe default, validation, capability detection, lifecycle start/stop와 resource cleanup을 구현한다. || Consumer 없는 추상화나 Sample-only 구현이면 완료하지 않고 실제 Consumer 연결 또는 통합/폐기 후보로 처리한다. → cpf-tools/release/cpf-final-artifact-catalog.json;cpf-tools/scripts/tests/test_publication_starter_closure.py;cpf-tools/scripts/verify-cpf-publication-starter-closure.py;cpf-tools/scripts/invoke-official-db-vendor-sql.ps1;cpf-tools/scripts/tests/test_oracle_sqlplus_secret_transport.py;cpf-tools/scripts/verify-cpf-openapi-controller-coverage.py;cpf-tools/scripts/Qa39Tool.java;cpf-tools/scripts/build-cpf-requirement-development-traceability.py → N/A — no direct consumer is defined by this atomic contract; verification is performed through the owning Work Item gate. → GATE-01-OWNERSHIP;GATE-02-CONSUMER;GATE-07-MULTI-INSTANCE;GATE-08-UNKNOWN-RECOVERY;GATE-16-COMPATIBILITY;GATE-17-SUPPLY-CHAIN;GATE-18-TEST-EVIDENCE;GATE-19-DOC-SUPPORT;GATE-20-HYGIENE;GATE-21-TIME",Per-Work-Item source inventory plus all applicable Engineering Gate commands,"Interface/DTO/Marker가 아닌 안전한 기본 구현·Provider·AutoConfiguration·상태 저장을 제공한다. || Bean/Route/SQL/API/Frontend/Script를 실제 Product Consumer 호출 경로에 연결한다. || 설정 safe default, validation, capability detection, lifecycle start/stop와 resource cleanup을 구현한다. || Consumer 없는 추상화나 Sample-only 구현이면 완료하지 않고 실제 Consumer 연결 또는 통합/폐기 후보로 처리한다.",DIRECT_STATIC_AND_ACCEPTANCE_ALTERNATIVE,python cpf-tools/scripts/build-cpf-work-package-source-review.py --repo-root .; python cpf-tools/scripts/verify-cpf-spring-request-mapping-uniqueness.py --repo-root .,0,Acceptance-specific source/consumer review; relevant gates=GATE-02-CONSUMER; states=완료. Direct or valid alternative evidence passed.,evidence/ATOMIC_WORK_ITEM_EVIDENCE.jsonl#CPF-WP-REL-COMPAT-02-IMPLEMENTATION_CONSUMER,,완료,완료,미검수,false
CPF-V9-INITIAL-FULL-REVIEW-20260805-2020-REV-007-DEVGPT-V9-S06,CPF-WP-REL-COMPAT-03-VERIFICATION_EVIDENCE,WORK_PACKAGE,REL-COMPAT,P1,PRODUCT_IMPLEMENTATION,VERIFICATION_EVIDENCE,검증·Evidence·추적성,cpf-tools release/deploy,cpf-tools release,deploy,DEVGPT-V9-S06,CPF-WP-REL-COMPAT-01-CONTRACT_OWNERSHIP;CPF-WP-REL-COMPAT-02-IMPLEMENTATION_CONSUMER,"연결 CPF-FR Requirement와 CPF-SC Scenario를 논리 원장에서 전수 추출해 이 Work Package에 매핑한다. || 목표 환경을 먼저 실제 실행하고, 불가능할 때 최대 대체검증과 남은 실제 Runtime 차이를 분리한다. || 각 Scenario에 Test Method·Assertion·실제 결과·Evidence를 개별 연결한다. || 명령, 환경/version, 시간, exit code, report/artifact hash, sanitization과 baseline/working-tree 상태를 기록한다.",공통 Test Harness는 재사용하되 각 Requirement/Scenario의 Acceptance 근거를 개별 기록한다. || 긴 로그는 별도 Evidence로 두고 원장에는 핵심 결과와 경로를 남긴다.,direct validation;alternative validation;negative fixture;regression;evidence schema failure,GATE-01-OWNERSHIP;GATE-02-CONSUMER;GATE-07-MULTI-INSTANCE;GATE-08-UNKNOWN-RECOVERY;GATE-16-COMPATIBILITY;GATE-17-SUPPLY-CHAIN;GATE-18-TEST-EVIDENCE;GATE-19-DOC-SUPPORT;GATE-20-HYGIENE;GATE-21-TIME,STD-CYCLONEDX;STD-GRADLE-JAVA;STD-NIST-SSDF;STD-SCRUM;STD-SLSA;STD-SPRING,cpf-tools/release/cpf-final-artifact-catalog.json;cpf-tools/config/cpf-starter-catalog.json;cpf-tools/generator/contracts/cpf-starter-catalog.json;cpf-tools/scripts/build-cpf-requirement-development-traceability.py;cpf-tools/scripts/verify-cpf-execution-scope-exhaustive.py;cpf-tools/scripts/run-cpf-full-qa-validation.ps1;cpf-tools/scripts/initialize-cpf-database.ps1;cpf-tools/scripts/tests/test_publication_starter_closure.py,cpf-tools/release/cpf-final-artifact-catalog.json,N/A — static governance/verification contract; no runtime product consumer is required for this atomic assertion.,"연결 CPF-FR Requirement와 CPF-SC Scenario를 논리 원장에서 전수 추출해 이 Work Package에 매핑한다. || 목표 환경을 먼저 실제 실행하고, 불가능할 때 최대 대체검증과 남은 실제 Runtime 차이를 분리한다. || 각 Scenario에 Test Method·Assertion·실제 결과·Evidence를 개별 연결한다. || 명령, 환경/version, 시간, exit code, report/artifact hash, sanitization과 baseline/working-tree 상태를 기록한다. → cpf-tools/release/cpf-final-artifact-catalog.json;cpf-tools/config/cpf-starter-catalog.json;cpf-tools/generator/contracts/cpf-starter-catalog.json;cpf-tools/scripts/build-cpf-requirement-development-traceability.py;cpf-tools/scripts/verify-cpf-execution-scope-exhaustive.py;cpf-tools/scripts/run-cpf-full-qa-validation.ps1;cpf-tools/scripts/initialize-cpf-database.ps1;cpf-tools/scripts/tests/test_publication_starter_closure.py → N/A — static governance/verification contract; no runtime product consumer is required for this atomic assertion. → GATE-01-OWNERSHIP;GATE-02-CONSUMER;GATE-07-MULTI-INSTANCE;GATE-08-UNKNOWN-RECOVERY;GATE-16-COMPATIBILITY;GATE-17-SUPPLY-CHAIN;GATE-18-TEST-EVIDENCE;GATE-19-DOC-SUPPORT;GATE-20-HYGIENE;GATE-21-TIME",Per-Work-Item source inventory plus all applicable Engineering Gate commands,"연결 CPF-FR Requirement와 CPF-SC Scenario를 논리 원장에서 전수 추출해 이 Work Package에 매핑한다. || 목표 환경을 먼저 실제 실행하고, 불가능할 때 최대 대체검증과 남은 실제 Runtime 차이를 분리한다. || 각 Scenario에 Test Method·Assertion·실제 결과·Evidence를 개별 연결한다. || 명령, 환경/version, 시간, exit code, report/artifact hash, sanitization과 baseline/working-tree 상태를 기록한다.",DIRECT_STATIC_AND_ACCEPTANCE_ALTERNATIVE,pytest -q <21 S06 verifier files>; ./gradlew test,0,Acceptance-specific source/consumer review; relevant gates=GATE-18-TEST-EVIDENCE; states=미검증. Authoritative environment evidence remains unavailable for at least one relevant gate.,evidence/ATOMIC_WORK_ITEM_EVIDENCE.jsonl#CPF-WP-REL-COMPAT-03-VERIFICATION_EVIDENCE,Acceptance-specific source/consumer review; relevant gates=GATE-18-TEST-EVIDENCE; states=미검증. Authoritative environment evidence remains unavailable for at least one relevant gate.,완료,미검증,미검수,false
CPF-V9-INITIAL-FULL-REVIEW-20260805-2020-REV-007-DEVGPT-V9-S06,CPF-WP-REL-COMPAT-04-FAILURE_RECOVERY,WORK_PACKAGE,REL-COMPAT,P1,PRODUCT_IMPLEMENTATION,FAILURE_RECOVERY,오류·부분 실패·UNKNOWN·복구,cpf-tools release/deploy,cpf-tools release,deploy,DEVGPT-V9-S06,CPF-WP-REL-COMPAT-01-CONTRACT_OWNERSHIP,"정상, invalid, timeout, cancellation, dependency failure, partial failure와 resource exhaustion을 구현한다. || side-effect 전/후, commit/send/ACK/response loss의 UNKNOWN을 구분하고 durable state에 기록한다. || Retry budget, idempotency, lease/fencing, restart/reclaim, reconcile/compensation/manual resolution을 적용한다. || 다중 JVM/process와 process-kill 이후 중복·stale writer·blind retry를 방지한다.",명시적 상태 전이와 가상 Clock/Failure Injection 가능한 구조를 사용한다. || 공통 CPF resilience/locking/reconciliation 계약을 재사용하고 기능별 복제 Engine을 만들지 않는다.,timeout;cancel;dependency outage;partial failure;unknown result;duplicate;process kill;reconcile,GATE-01-OWNERSHIP;GATE-02-CONSUMER;GATE-06-STATE-IDEMP;GATE-07-MULTI-INSTANCE;GATE-08-UNKNOWN-RECOVERY;GATE-16-COMPATIBILITY;GATE-17-SUPPLY-CHAIN;GATE-18-TEST-EVIDENCE;GATE-19-DOC-SUPPORT;GATE-20-HYGIENE;GATE-21-TIME,STD-CYCLONEDX;STD-GRADLE-JAVA;STD-NIST-SSDF;STD-SCRUM;STD-SLSA;STD-SPRING,cpf-tools/release/cpf-final-artifact-catalog.json;cpf-tools/config/cpf-starter-catalog.json;cpf-tools/scripts/verify-cpf-starter-catalog-truth.py;cpf-tools/scripts/tests/test_publication_starter_closure.py;cpf-tools/scripts/verify-cpf-publication-starter-closure.py;cpf-tools/scripts/invoke-official-db-vendor-sql.ps1;cpf-tools/db/vendor/mariadb/migration/flyway/V90__deployment_request_hash_reconciliation.sql;cpf-tools/db/vendor/oracle/migration/flyway/batDB/V90__deployment_request_hash_reconciliation.sql,cpf-tools/release/cpf-final-artifact-catalog.json,N/A — no direct consumer is defined by this atomic contract; verification is performed through the owning Work Item gate.,"정상, invalid, timeout, cancellation, dependency failure, partial failure와 resource exhaustion을 구현한다. || side-effect 전/후, commit/send/ACK/response loss의 UNKNOWN을 구분하고 durable state에 기록한다. || Retry budget, idempotency, lease/fencing, restart/reclaim, reconcile/compensation/manual resolution을 적용한다. || 다중 JVM/process와 process-kill 이후 중복·stale writer·blind retry를 방지한다. → cpf-tools/release/cpf-final-artifact-catalog.json;cpf-tools/config/cpf-starter-catalog.json;cpf-tools/scripts/verify-cpf-starter-catalog-truth.py;cpf-tools/scripts/tests/test_publication_starter_closure.py;cpf-tools/scripts/verify-cpf-publication-starter-closure.py;cpf-tools/scripts/invoke-official-db-vendor-sql.ps1;cpf-tools/db/vendor/mariadb/migration/flyway/V90__deployment_request_hash_reconciliation.sql;cpf-tools/db/vendor/oracle/migration/flyway/batDB/V90__deployment_request_hash_reconciliation.sql → N/A — no direct consumer is defined by this atomic contract; verification is performed through the owning Work Item gate. → GATE-01-OWNERSHIP;GATE-02-CONSUMER;GATE-06-STATE-IDEMP;GATE-07-MULTI-INSTANCE;GATE-08-UNKNOWN-RECOVERY;GATE-16-COMPATIBILITY;GATE-17-SUPPLY-CHAIN;GATE-18-TEST-EVIDENCE;GATE-19-DOC-SUPPORT;GATE-20-HYGIENE;GATE-21-TIME",Per-Work-Item source inventory plus all applicable Engineering Gate commands,"정상, invalid, timeout, cancellation, dependency failure, partial failure와 resource exhaustion을 구현한다. || side-effect 전/후, commit/send/ACK/response loss의 UNKNOWN을 구분하고 durable state에 기록한다. || Retry budget, idempotency, lease/fencing, restart/reclaim, reconcile/compensation/manual resolution을 적용한다. || 다중 JVM/process와 process-kill 이후 중복·stale writer·blind retry를 방지한다.",DIRECT_STATIC_AND_ACCEPTANCE_ALTERNATIVE,python cpf-tools/scripts/verify-cpf-runtime-alternatives.py --root . --report <evidence>,0,Acceptance-specific source/consumer review; relevant gates=GATE-08-UNKNOWN-RECOVERY; states=완료. Direct or valid alternative evidence passed.,evidence/ATOMIC_WORK_ITEM_EVIDENCE.jsonl#CPF-WP-REL-COMPAT-04-FAILURE_RECOVERY,,완료,완료,미검수,false
CPF-V9-INITIAL-FULL-REVIEW-20260805-2020-REV-007-DEVGPT-V9-S06,CPF-WP-REL-COMPAT-05-GENERATION_COMPATIBILITY,WORK_PACKAGE,REL-COMPAT,P1,PRODUCT_IMPLEMENTATION,GENERATION_COMPATIBILITY,생성·Artifact·호환성,cpf-tools release/deploy,cpf-tools release,deploy,DEVGPT-V9-S06,CPF-WP-REL-COMPAT-01-CONTRACT_OWNERSHIP,"Generator/OpenAPI/AsyncAPI/DB metadata/template 등 Canonical 입력과 생성 산출물의 ownership을 확정한다. || remove→regenerate deterministic parity와 user-owned 영역 보존을 검증한다. || API/message/file/DB/config/artifact의 semantic version, compatibility, deprecation, mixed-version와 rollback 영향을 처리한다. || Generated Source만 수동 수정하지 않고 원본 입력·Generator·Golden Sample을 함께 수정한다.",입력 version/hash와 generator version을 manifest에 고정하고 normalized diff gate를 사용한다. || 최신 표준 버전은 shadow compatibility를 통과한 뒤 CPF 지원 profile로 승격한다.,clean regeneration;user region preserve;mixed version;unsupported profile;rollback compatibility,GATE-01-OWNERSHIP;GATE-02-CONSUMER;GATE-07-MULTI-INSTANCE;GATE-08-UNKNOWN-RECOVERY;GATE-15-GENERATOR;GATE-16-COMPATIBILITY;GATE-17-SUPPLY-CHAIN;GATE-18-TEST-EVIDENCE;GATE-19-DOC-SUPPORT;GATE-20-HYGIENE;GATE-21-TIME,STD-CYCLONEDX;STD-GRADLE-JAVA;STD-NIST-SSDF;STD-SCRUM;STD-SLSA;STD-SPRING,cpf-tools/db/vendor/mariadb/seed/00_optional_sample_seed.sql;cpf-tools/db/vendor/mariadb/source/00_optional_sample_seed.sql;cpf-tools/db/vendor/oracle/seed/00_optional_sample_seed.sql;cpf-tools/db/vendor/oracle/source/00_optional_sample_seed.sql;cpf-tools/db/vendor/postgresql/seed/00_optional_sample_seed.sql;cpf-tools/db/vendor/postgresql/source/00_optional_sample_seed.sql;cpf-tools/db/vendor/mariadb/migration/flyway/V87__batch_remote_message_ledger.sql;cpf-tools/db/vendor/mariadb/migration/flyway/V90__deployment_request_hash_reconciliation.sql,cpf-tools/db/vendor/mariadb/seed/00_optional_sample_seed.sql,N/A — no direct consumer is defined by this atomic contract; verification is performed through the owning Work Item gate.,"Generator/OpenAPI/AsyncAPI/DB metadata/template 등 Canonical 입력과 생성 산출물의 ownership을 확정한다. || remove→regenerate deterministic parity와 user-owned 영역 보존을 검증한다. || API/message/file/DB/config/artifact의 semantic version, compatibility, deprecation, mixed-version와 rollback 영향을 처리한다. || Generated Source만 수동 수정하지 않고 원본 입력·Generator·Golden Sample을 함께 수정한다. → cpf-tools/db/vendor/mariadb/seed/00_optional_sample_seed.sql;cpf-tools/db/vendor/mariadb/source/00_optional_sample_seed.sql;cpf-tools/db/vendor/oracle/seed/00_optional_sample_seed.sql;cpf-tools/db/vendor/oracle/source/00_optional_sample_seed.sql;cpf-tools/db/vendor/postgresql/seed/00_optional_sample_seed.sql;cpf-tools/db/vendor/postgresql/source/00_optional_sample_seed.sql;cpf-tools/db/vendor/mariadb/migration/flyway/V87__batch_remote_message_ledger.sql;cpf-tools/db/vendor/mariadb/migration/flyway/V90__deployment_request_hash_reconciliation.sql → N/A — no direct consumer is defined by this atomic contract; verification is performed through the owning Work Item gate. → GATE-01-OWNERSHIP;GATE-02-CONSUMER;GATE-07-MULTI-INSTANCE;GATE-08-UNKNOWN-RECOVERY;GATE-15-GENERATOR;GATE-16-COMPATIBILITY;GATE-17-SUPPLY-CHAIN;GATE-18-TEST-EVIDENCE;GATE-19-DOC-SUPPORT;GATE-20-HYGIENE;GATE-21-TIME",Per-Work-Item source inventory plus all applicable Engineering Gate commands,"Generator/OpenAPI/AsyncAPI/DB metadata/template 등 Canonical 입력과 생성 산출물의 ownership을 확정한다. || remove→regenerate deterministic parity와 user-owned 영역 보존을 검증한다. || API/message/file/DB/config/artifact의 semantic version, compatibility, deprecation, mixed-version와 rollback 영향을 처리한다. || Generated Source만 수동 수정하지 않고 원본 입력·Generator·Golden Sample을 함께 수정한다.",DIRECT_STATIC_AND_ACCEPTANCE_ALTERNATIVE,python cpf-tools/scripts/verify-cpf-generator-idempotency-templates.py --repo-root .; python cpf-tools/scripts/verify-cpf-generator-lifecycle.py --repo-root . || python cpf-tools/scripts/verify-cpf-qa34-build-contract.py --repo-root .,0,Acceptance-specific source/consumer review; relevant gates=GATE-15-GENERATOR;GATE-16-COMPATIBILITY; states=완료;미검증. Authoritative environment evidence remains unavailable for at least one relevant gate.,evidence/ATOMIC_WORK_ITEM_EVIDENCE.jsonl#CPF-WP-REL-COMPAT-05-GENERATION_COMPATIBILITY,Acceptance-specific source/consumer review; relevant gates=GATE-15-GENERATOR;GATE-16-COMPATIBILITY; states=완료;미검증. Authoritative environment evidence remains unavailable for at least one relevant gate.,완료,미검증,미검수,false
CPF-V9-INITIAL-FULL-REVIEW-20260805-2020-REV-007-DEVGPT-V9-S06,CPF-WP-REL-MIG-01-CONTRACT_OWNERSHIP,WORK_PACKAGE,REL-MIG,P1,PRODUCT_IMPLEMENTATION,CONTRACT_OWNERSHIP,계약·Ownership 확정,cpf-tools release/deploy,cpf-tools release,deploy,DEVGPT-V9-S06,,"Canonical Owner Module·Package·State Owner와 실제 Consumer를 코드 기준으로 확정한다. || Public API·SPI·Internal, 입력·출력·오류·lifecycle·thread-safety·version 계약을 정의한다. || 역방향/순환 의존, Internal 참조, 선택 OSS type 노출, Dual Primary와 owner 없는 공통기능을 제거 또는 이관 대상으로 등록한다. || Local/Remote/Async/Batch 등 적용 topology에서 계약 동등성과 trust boundary를 정의한다.",기존 정식 Package와 Contract를 우선 재사용하고 새 Module은 실제 Owner가 없을 때만 제안한다. || 복잡한 기술 세부는 Internal로 숨기고 고객 확장 지점만 안정 SPI로 노출한다.,contract compatibility;unsupported capability;invalid configuration;internal access negative fixture,GATE-01-OWNERSHIP;GATE-02-CONSUMER;GATE-04-EVENT-API;GATE-05-DB-QUERY;GATE-07-MULTI-INSTANCE;GATE-08-UNKNOWN-RECOVERY;GATE-16-COMPATIBILITY;GATE-17-SUPPLY-CHAIN;GATE-18-TEST-EVIDENCE;GATE-19-DOC-SUPPORT;GATE-20-HYGIENE;GATE-21-TIME,STD-ASYNCAPI;STD-CLOUDEVENTS;STD-CYCLONEDX;STD-GRADLE-JAVA;STD-NIST-SSDF;STD-SCRUM;STD-SLSA;STD-SPRING,cpf-tools/scripts/verify-cpf-generator-upgrade-ownership.py;cpf-tools/release/cpf-final-artifact-catalog.json;cpf-tools/db/vendor/mariadb/migration/flyway/V90__deployment_request_hash_reconciliation.sql;cpf-tools/db/vendor/oracle/migration/flyway/batDB/V90__deployment_request_hash_reconciliation.sql;cpf-tools/db/vendor/postgresql/migration/flyway/batDB/V90__deployment_request_hash_reconciliation.sql;cpf-tools/scripts/invoke-official-db-vendor-sql.ps1;cpf-tools/scripts/verify-cpf-publication-starter-closure.py;cpf-tools/scripts/tests/test_publication_starter_closure.py,cpf-tools/scripts/verify-cpf-generator-upgrade-ownership.py,N/A — no direct consumer is defined by this atomic contract; verification is performed through the owning Work Item gate.,"Canonical Owner Module·Package·State Owner와 실제 Consumer를 코드 기준으로 확정한다. || Public API·SPI·Internal, 입력·출력·오류·lifecycle·thread-safety·version 계약을 정의한다. || 역방향/순환 의존, Internal 참조, 선택 OSS type 노출, Dual Primary와 owner 없는 공통기능을 제거 또는 이관 대상으로 등록한다. || Local/Remote/Async/Batch 등 적용 topology에서 계약 동등성과 trust boundary를 정의한다. → cpf-tools/scripts/verify-cpf-generator-upgrade-ownership.py;cpf-tools/release/cpf-final-artifact-catalog.json;cpf-tools/db/vendor/mariadb/migration/flyway/V90__deployment_request_hash_reconciliation.sql;cpf-tools/db/vendor/oracle/migration/flyway/batDB/V90__deployment_request_hash_reconciliation.sql;cpf-tools/db/vendor/postgresql/migration/flyway/batDB/V90__deployment_request_hash_reconciliation.sql;cpf-tools/scripts/invoke-official-db-vendor-sql.ps1;cpf-tools/scripts/verify-cpf-publication-starter-closure.py;cpf-tools/scripts/tests/test_publication_starter_closure.py → N/A — no direct consumer is defined by this atomic contract; verification is performed through the owning Work Item gate. → GATE-01-OWNERSHIP;GATE-02-CONSUMER;GATE-04-EVENT-API;GATE-05-DB-QUERY;GATE-07-MULTI-INSTANCE;GATE-08-UNKNOWN-RECOVERY;GATE-16-COMPATIBILITY;GATE-17-SUPPLY-CHAIN;GATE-18-TEST-EVIDENCE;GATE-19-DOC-SUPPORT;GATE-20-HYGIENE;GATE-21-TIME",Per-Work-Item source inventory plus all applicable Engineering Gate commands,"Canonical Owner Module·Package·State Owner와 실제 Consumer를 코드 기준으로 확정한다. || Public API·SPI·Internal, 입력·출력·오류·lifecycle·thread-safety·version 계약을 정의한다. || 역방향/순환 의존, Internal 참조, 선택 OSS type 노출, Dual Primary와 owner 없는 공통기능을 제거 또는 이관 대상으로 등록한다. || Local/Remote/Async/Batch 등 적용 topology에서 계약 동등성과 trust boundary를 정의한다.",DIRECT_STATIC_AND_ACCEPTANCE_ALTERNATIVE,python cpf-tools/scripts/verify-cpf-owner-boundaries.py --repo-root . --report-json <evidence>,0,Acceptance-specific source/consumer review; relevant gates=GATE-01-OWNERSHIP; states=완료. Direct or valid alternative evidence passed.,evidence/ATOMIC_WORK_ITEM_EVIDENCE.jsonl#CPF-WP-REL-MIG-01-CONTRACT_OWNERSHIP,,완료,완료,미검수,false
CPF-V9-INITIAL-FULL-REVIEW-20260805-2020-REV-007-DEVGPT-V9-S06,CPF-WP-REL-MIG-02-IMPLEMENTATION_CONSUMER,WORK_PACKAGE,REL-MIG,P1,PRODUCT_IMPLEMENTATION,IMPLEMENTATION_CONSUMER,기본 구현·실제 Consumer 연결,cpf-tools release/deploy,cpf-tools release,deploy,DEVGPT-V9-S06,CPF-WP-REL-MIG-01-CONTRACT_OWNERSHIP,"Interface/DTO/Marker가 아닌 안전한 기본 구현·Provider·AutoConfiguration·상태 저장을 제공한다. || Bean/Route/SQL/API/Frontend/Script를 실제 Product Consumer 호출 경로에 연결한다. || 설정 safe default, validation, capability detection, lifecycle start/stop와 resource cleanup을 구현한다. || Consumer 없는 추상화나 Sample-only 구현이면 완료하지 않고 실제 Consumer 연결 또는 통합/폐기 후보로 처리한다.",Leaf Starter와 조건부 AutoConfiguration을 사용해 선택하지 않은 Runtime 의존을 유입하지 않는다. || 제품 Consumer와 Reference Consumer를 분리하되 동일 Public Contract를 사용한다.,normal consumer flow;missing provider;invalid property;startup/shutdown;resource cleanup,GATE-01-OWNERSHIP;GATE-02-CONSUMER;GATE-04-EVENT-API;GATE-05-DB-QUERY;GATE-07-MULTI-INSTANCE;GATE-08-UNKNOWN-RECOVERY;GATE-16-COMPATIBILITY;GATE-17-SUPPLY-CHAIN;GATE-18-TEST-EVIDENCE;GATE-19-DOC-SUPPORT;GATE-20-HYGIENE;GATE-21-TIME,STD-ASYNCAPI;STD-CLOUDEVENTS;STD-CYCLONEDX;STD-GRADLE-JAVA;STD-NIST-SSDF;STD-SCRUM;STD-SLSA;STD-SPRING,cpf-tools/db/vendor/mariadb/migration/flyway/V90__deployment_request_hash_reconciliation.sql;cpf-tools/db/vendor/oracle/migration/flyway/batDB/V90__deployment_request_hash_reconciliation.sql;cpf-tools/db/vendor/postgresql/migration/flyway/batDB/V90__deployment_request_hash_reconciliation.sql;cpf-tools/release/cpf-final-artifact-catalog.json;cpf-tools/scripts/invoke-official-db-vendor-sql.ps1;cpf-tools/scripts/tests/test_publication_starter_closure.py;cpf-tools/scripts/verify-cpf-publication-starter-closure.py;cpf-tools/scripts/tests/test_oracle_sqlplus_secret_transport.py,cpf-tools/db/vendor/mariadb/migration/flyway/V90__deployment_request_hash_reconciliation.sql,N/A — no direct consumer is defined by this atomic contract; verification is performed through the owning Work Item gate.,"Interface/DTO/Marker가 아닌 안전한 기본 구현·Provider·AutoConfiguration·상태 저장을 제공한다. || Bean/Route/SQL/API/Frontend/Script를 실제 Product Consumer 호출 경로에 연결한다. || 설정 safe default, validation, capability detection, lifecycle start/stop와 resource cleanup을 구현한다. || Consumer 없는 추상화나 Sample-only 구현이면 완료하지 않고 실제 Consumer 연결 또는 통합/폐기 후보로 처리한다. → cpf-tools/db/vendor/mariadb/migration/flyway/V90__deployment_request_hash_reconciliation.sql;cpf-tools/db/vendor/oracle/migration/flyway/batDB/V90__deployment_request_hash_reconciliation.sql;cpf-tools/db/vendor/postgresql/migration/flyway/batDB/V90__deployment_request_hash_reconciliation.sql;cpf-tools/release/cpf-final-artifact-catalog.json;cpf-tools/scripts/invoke-official-db-vendor-sql.ps1;cpf-tools/scripts/tests/test_publication_starter_closure.py;cpf-tools/scripts/verify-cpf-publication-starter-closure.py;cpf-tools/scripts/tests/test_oracle_sqlplus_secret_transport.py → N/A — no direct consumer is defined by this atomic contract; verification is performed through the owning Work Item gate. → GATE-01-OWNERSHIP;GATE-02-CONSUMER;GATE-04-EVENT-API;GATE-05-DB-QUERY;GATE-07-MULTI-INSTANCE;GATE-08-UNKNOWN-RECOVERY;GATE-16-COMPATIBILITY;GATE-17-SUPPLY-CHAIN;GATE-18-TEST-EVIDENCE;GATE-19-DOC-SUPPORT;GATE-20-HYGIENE;GATE-21-TIME",Per-Work-Item source inventory plus all applicable Engineering Gate commands,"Interface/DTO/Marker가 아닌 안전한 기본 구현·Provider·AutoConfiguration·상태 저장을 제공한다. || Bean/Route/SQL/API/Frontend/Script를 실제 Product Consumer 호출 경로에 연결한다. || 설정 safe default, validation, capability detection, lifecycle start/stop와 resource cleanup을 구현한다. || Consumer 없는 추상화나 Sample-only 구현이면 완료하지 않고 실제 Consumer 연결 또는 통합/폐기 후보로 처리한다.",DIRECT_STATIC_AND_ACCEPTANCE_ALTERNATIVE,python cpf-tools/scripts/build-cpf-work-package-source-review.py --repo-root .; python cpf-tools/scripts/verify-cpf-spring-request-mapping-uniqueness.py --repo-root .,0,Acceptance-specific source/consumer review; relevant gates=GATE-02-CONSUMER; states=완료. Direct or valid alternative evidence passed.,evidence/ATOMIC_WORK_ITEM_EVIDENCE.jsonl#CPF-WP-REL-MIG-02-IMPLEMENTATION_CONSUMER,,완료,완료,미검수,false
CPF-V9-INITIAL-FULL-REVIEW-20260805-2020-REV-007-DEVGPT-V9-S06,CPF-WP-REL-MIG-03-VERIFICATION_EVIDENCE,WORK_PACKAGE,REL-MIG,P1,PRODUCT_IMPLEMENTATION,VERIFICATION_EVIDENCE,검증·Evidence·추적성,cpf-tools release/deploy,cpf-tools release,deploy,DEVGPT-V9-S06,CPF-WP-REL-MIG-01-CONTRACT_OWNERSHIP;CPF-WP-REL-MIG-02-IMPLEMENTATION_CONSUMER,"연결 CPF-FR Requirement와 CPF-SC Scenario를 논리 원장에서 전수 추출해 이 Work Package에 매핑한다. || 목표 환경을 먼저 실제 실행하고, 불가능할 때 최대 대체검증과 남은 실제 Runtime 차이를 분리한다. || 각 Scenario에 Test Method·Assertion·실제 결과·Evidence를 개별 연결한다. || 명령, 환경/version, 시간, exit code, report/artifact hash, sanitization과 baseline/working-tree 상태를 기록한다.",공통 Test Harness는 재사용하되 각 Requirement/Scenario의 Acceptance 근거를 개별 기록한다. || 긴 로그는 별도 Evidence로 두고 원장에는 핵심 결과와 경로를 남긴다.,direct validation;alternative validation;negative fixture;regression;evidence schema failure,GATE-01-OWNERSHIP;GATE-02-CONSUMER;GATE-04-EVENT-API;GATE-05-DB-QUERY;GATE-07-MULTI-INSTANCE;GATE-08-UNKNOWN-RECOVERY;GATE-16-COMPATIBILITY;GATE-17-SUPPLY-CHAIN;GATE-18-TEST-EVIDENCE;GATE-19-DOC-SUPPORT;GATE-20-HYGIENE;GATE-21-TIME,STD-ASYNCAPI;STD-CLOUDEVENTS;STD-CYCLONEDX;STD-GRADLE-JAVA;STD-NIST-SSDF;STD-SCRUM;STD-SLSA;STD-SPRING,cpf-tools/release/cpf-final-artifact-catalog.json;cpf-tools/db/vendor/mariadb/migration/flyway/V90__deployment_request_hash_reconciliation.sql;cpf-tools/db/vendor/oracle/migration/flyway/batDB/V90__deployment_request_hash_reconciliation.sql;cpf-tools/db/vendor/postgresql/migration/flyway/batDB/V90__deployment_request_hash_reconciliation.sql;cpf-tools/config/cpf-starter-catalog.json;cpf-tools/generator/contracts/cpf-starter-catalog.json;cpf-tools/scripts/build-cpf-requirement-development-traceability.py;cpf-tools/scripts/run-cpf-full-qa-validation.ps1,cpf-tools/release/cpf-final-artifact-catalog.json,N/A — static governance/verification contract; no runtime product consumer is required for this atomic assertion.,"연결 CPF-FR Requirement와 CPF-SC Scenario를 논리 원장에서 전수 추출해 이 Work Package에 매핑한다. || 목표 환경을 먼저 실제 실행하고, 불가능할 때 최대 대체검증과 남은 실제 Runtime 차이를 분리한다. || 각 Scenario에 Test Method·Assertion·실제 결과·Evidence를 개별 연결한다. || 명령, 환경/version, 시간, exit code, report/artifact hash, sanitization과 baseline/working-tree 상태를 기록한다. → cpf-tools/release/cpf-final-artifact-catalog.json;cpf-tools/db/vendor/mariadb/migration/flyway/V90__deployment_request_hash_reconciliation.sql;cpf-tools/db/vendor/oracle/migration/flyway/batDB/V90__deployment_request_hash_reconciliation.sql;cpf-tools/db/vendor/postgresql/migration/flyway/batDB/V90__deployment_request_hash_reconciliation.sql;cpf-tools/config/cpf-starter-catalog.json;cpf-tools/generator/contracts/cpf-starter-catalog.json;cpf-tools/scripts/build-cpf-requirement-development-traceability.py;cpf-tools/scripts/run-cpf-full-qa-validation.ps1 → N/A — static governance/verification contract; no runtime product consumer is required for this atomic assertion. → GATE-01-OWNERSHIP;GATE-02-CONSUMER;GATE-04-EVENT-API;GATE-05-DB-QUERY;GATE-07-MULTI-INSTANCE;GATE-08-UNKNOWN-RECOVERY;GATE-16-COMPATIBILITY;GATE-17-SUPPLY-CHAIN;GATE-18-TEST-EVIDENCE;GATE-19-DOC-SUPPORT;GATE-20-HYGIENE;GATE-21-TIME",Per-Work-Item source inventory plus all applicable Engineering Gate commands,"연결 CPF-FR Requirement와 CPF-SC Scenario를 논리 원장에서 전수 추출해 이 Work Package에 매핑한다. || 목표 환경을 먼저 실제 실행하고, 불가능할 때 최대 대체검증과 남은 실제 Runtime 차이를 분리한다. || 각 Scenario에 Test Method·Assertion·실제 결과·Evidence를 개별 연결한다. || 명령, 환경/version, 시간, exit code, report/artifact hash, sanitization과 baseline/working-tree 상태를 기록한다.",DIRECT_STATIC_AND_ACCEPTANCE_ALTERNATIVE,pytest -q <21 S06 verifier files>; ./gradlew test,0,Acceptance-specific source/consumer review; relevant gates=GATE-18-TEST-EVIDENCE; states=미검증. Authoritative environment evidence remains unavailable for at least one relevant gate.,evidence/ATOMIC_WORK_ITEM_EVIDENCE.jsonl#CPF-WP-REL-MIG-03-VERIFICATION_EVIDENCE,Acceptance-specific source/consumer review; relevant gates=GATE-18-TEST-EVIDENCE; states=미검증. Authoritative environment evidence remains unavailable for at least one relevant gate.,완료,미검증,미검수,false
CPF-V9-INITIAL-FULL-REVIEW-20260805-2020-REV-007-DEVGPT-V9-S06,CPF-WP-REL-MIG-04-FAILURE_RECOVERY,WORK_PACKAGE,REL-MIG,P1,PRODUCT_IMPLEMENTATION,FAILURE_RECOVERY,오류·부분 실패·UNKNOWN·복구,cpf-tools release/deploy,cpf-tools release,deploy,DEVGPT-V9-S06,CPF-WP-REL-MIG-01-CONTRACT_OWNERSHIP,"정상, invalid, timeout, cancellation, dependency failure, partial failure와 resource exhaustion을 구현한다. || side-effect 전/후, commit/send/ACK/response loss의 UNKNOWN을 구분하고 durable state에 기록한다. || Retry budget, idempotency, lease/fencing, restart/reclaim, reconcile/compensation/manual resolution을 적용한다. || 다중 JVM/process와 process-kill 이후 중복·stale writer·blind retry를 방지한다.",명시적 상태 전이와 가상 Clock/Failure Injection 가능한 구조를 사용한다. || 공통 CPF resilience/locking/reconciliation 계약을 재사용하고 기능별 복제 Engine을 만들지 않는다.,timeout;cancel;dependency outage;partial failure;unknown result;duplicate;process kill;reconcile,GATE-01-OWNERSHIP;GATE-02-CONSUMER;GATE-04-EVENT-API;GATE-05-DB-QUERY;GATE-06-STATE-IDEMP;GATE-07-MULTI-INSTANCE;GATE-08-UNKNOWN-RECOVERY;GATE-16-COMPATIBILITY;GATE-17-SUPPLY-CHAIN;GATE-18-TEST-EVIDENCE;GATE-19-DOC-SUPPORT;GATE-20-HYGIENE;GATE-21-TIME,STD-ASYNCAPI;STD-CLOUDEVENTS;STD-CYCLONEDX;STD-GRADLE-JAVA;STD-NIST-SSDF;STD-SCRUM;STD-SLSA;STD-SPRING,cpf-tools/release/cpf-final-artifact-catalog.json;cpf-tools/db/vendor/mariadb/migration/flyway/V90__deployment_request_hash_reconciliation.sql;cpf-tools/db/vendor/oracle/migration/flyway/batDB/V90__deployment_request_hash_reconciliation.sql;cpf-tools/db/vendor/postgresql/migration/flyway/batDB/V90__deployment_request_hash_reconciliation.sql;cpf-tools/config/cpf-starter-catalog.json;cpf-tools/db/vendor/mariadb/migration/flyway/V89__batch_execution_idempotency_lifecycle.sql;cpf-tools/db/vendor/oracle/migration/flyway/batDB/V89__batch_execution_idempotency_lifecycle.sql;cpf-tools/db/vendor/postgresql/migration/flyway/batDB/V89__batch_execution_idempotency_lifecycle.sql,cpf-tools/release/cpf-final-artifact-catalog.json,N/A — no direct consumer is defined by this atomic contract; verification is performed through the owning Work Item gate.,"정상, invalid, timeout, cancellation, dependency failure, partial failure와 resource exhaustion을 구현한다. || side-effect 전/후, commit/send/ACK/response loss의 UNKNOWN을 구분하고 durable state에 기록한다. || Retry budget, idempotency, lease/fencing, restart/reclaim, reconcile/compensation/manual resolution을 적용한다. || 다중 JVM/process와 process-kill 이후 중복·stale writer·blind retry를 방지한다. → cpf-tools/release/cpf-final-artifact-catalog.json;cpf-tools/db/vendor/mariadb/migration/flyway/V90__deployment_request_hash_reconciliation.sql;cpf-tools/db/vendor/oracle/migration/flyway/batDB/V90__deployment_request_hash_reconciliation.sql;cpf-tools/db/vendor/postgresql/migration/flyway/batDB/V90__deployment_request_hash_reconciliation.sql;cpf-tools/config/cpf-starter-catalog.json;cpf-tools/db/vendor/mariadb/migration/flyway/V89__batch_execution_idempotency_lifecycle.sql;cpf-tools/db/vendor/oracle/migration/flyway/batDB/V89__batch_execution_idempotency_lifecycle.sql;cpf-tools/db/vendor/postgresql/migration/flyway/batDB/V89__batch_execution_idempotency_lifecycle.sql → N/A — no direct consumer is defined by this atomic contract; verification is performed through the owning Work Item gate. → GATE-01-OWNERSHIP;GATE-02-CONSUMER;GATE-04-EVENT-API;GATE-05-DB-QUERY;GATE-06-STATE-IDEMP;GATE-07-MULTI-INSTANCE;GATE-08-UNKNOWN-RECOVERY;GATE-16-COMPATIBILITY;GATE-17-SUPPLY-CHAIN;GATE-18-TEST-EVIDENCE;GATE-19-DOC-SUPPORT;GATE-20-HYGIENE;GATE-21-TIME",Per-Work-Item source inventory plus all applicable Engineering Gate commands,"정상, invalid, timeout, cancellation, dependency failure, partial failure와 resource exhaustion을 구현한다. || side-effect 전/후, commit/send/ACK/response loss의 UNKNOWN을 구분하고 durable state에 기록한다. || Retry budget, idempotency, lease/fencing, restart/reclaim, reconcile/compensation/manual resolution을 적용한다. || 다중 JVM/process와 process-kill 이후 중복·stale writer·blind retry를 방지한다.",DIRECT_STATIC_AND_ACCEPTANCE_ALTERNATIVE,python cpf-tools/scripts/verify-cpf-runtime-alternatives.py --root . --report <evidence>,0,Acceptance-specific source/consumer review; relevant gates=GATE-08-UNKNOWN-RECOVERY; states=완료. Direct or valid alternative evidence passed.,evidence/ATOMIC_WORK_ITEM_EVIDENCE.jsonl#CPF-WP-REL-MIG-04-FAILURE_RECOVERY,,완료,완료,미검수,false
CPF-V9-INITIAL-FULL-REVIEW-20260805-2020-REV-007-DEVGPT-V9-S06,CPF-WP-REL-MIG-05-DATA_MIGRATION,WORK_PACKAGE,REL-MIG,P1,PRODUCT_IMPLEMENTATION,DATA_MIGRATION,DB·Query·Generator·Vendor Lifecycle,cpf-tools release/deploy,cpf-tools release,deploy,DEVGPT-V9-S06,CPF-WP-REL-MIG-01-CONTRACT_OWNERSHIP,DB/SQL/Query 영향 여부를 반드시 판정하고 N/A면 실제 호출 경로 근거를 기록한다. || Canonical Model/Query Contract→Generator/Template→Generated SQL/Mapper→Fresh Init/Seed→Migration/Rollback/Reapply 순서로 변경한다. || MariaDB/PostgreSQL/Oracle의 type/default/paging/locking/error/index/FK/transaction 차이를 전수 반영한다. || Repository/Mapper/DTO/Service/API/Frontend/Batch/ADM/BZA/Sample/EDU 소비자를 모두 점검한다.,Vendor-native SQL을 유지하되 Canonical Metadata에서 생성/검증 가능한 구조를 우선한다. || 파괴적 변경은 expand→migrate→contract와 compatibility window를 사용한다.,fresh install;double seed;upgrade;migration interruption;rollback/forward recovery;drift;vendor difference,GATE-01-OWNERSHIP;GATE-02-CONSUMER;GATE-04-EVENT-API;GATE-05-DB-QUERY;GATE-07-MULTI-INSTANCE;GATE-08-UNKNOWN-RECOVERY;GATE-16-COMPATIBILITY;GATE-17-SUPPLY-CHAIN;GATE-18-TEST-EVIDENCE;GATE-19-DOC-SUPPORT;GATE-20-HYGIENE;GATE-21-TIME,STD-ASYNCAPI;STD-CLOUDEVENTS;STD-CYCLONEDX;STD-GRADLE-JAVA;STD-NIST-SSDF;STD-SCRUM;STD-SLSA;STD-SPRING,cpf-tools/db/vendor/mariadb/migration/flyway/V90__deployment_request_hash_reconciliation.sql;cpf-tools/db/vendor/oracle/migration/flyway/batDB/V90__deployment_request_hash_reconciliation.sql;cpf-tools/db/vendor/postgresql/migration/flyway/batDB/V90__deployment_request_hash_reconciliation.sql;cpf-tools/db/vendor/mariadb/migration/flyway/V83__spring_session_jdbc_bff.sql;cpf-tools/db/vendor/oracle/migration/flyway/admDB/V83__spring_session_jdbc_bff.sql;cpf-tools/db/vendor/postgresql/migration/flyway/admDB/V83__spring_session_jdbc_bff.sql;cpf-tools/db/vendor/mariadb/migration/flyway/V91__bza_bootstrap_claim_recovery.sql;cpf-tools/db/vendor/oracle/migration/flyway/bzaDB/V91__bza_bootstrap_claim_recovery.sql,cpf-tools/db/vendor/mariadb/migration/flyway/V90__deployment_request_hash_reconciliation.sql,N/A — no direct consumer is defined by this atomic contract; verification is performed through the owning Work Item gate.,DB/SQL/Query 영향 여부를 반드시 판정하고 N/A면 실제 호출 경로 근거를 기록한다. || Canonical Model/Query Contract→Generator/Template→Generated SQL/Mapper→Fresh Init/Seed→Migration/Rollback/Reapply 순서로 변경한다. || MariaDB/PostgreSQL/Oracle의 type/default/paging/locking/error/index/FK/transaction 차이를 전수 반영한다. || Repository/Mapper/DTO/Service/API/Frontend/Batch/ADM/BZA/Sample/EDU 소비자를 모두 점검한다. → cpf-tools/db/vendor/mariadb/migration/flyway/V90__deployment_request_hash_reconciliation.sql;cpf-tools/db/vendor/oracle/migration/flyway/batDB/V90__deployment_request_hash_reconciliation.sql;cpf-tools/db/vendor/postgresql/migration/flyway/batDB/V90__deployment_request_hash_reconciliation.sql;cpf-tools/db/vendor/mariadb/migration/flyway/V83__spring_session_jdbc_bff.sql;cpf-tools/db/vendor/oracle/migration/flyway/admDB/V83__spring_session_jdbc_bff.sql;cpf-tools/db/vendor/postgresql/migration/flyway/admDB/V83__spring_session_jdbc_bff.sql;cpf-tools/db/vendor/mariadb/migration/flyway/V91__bza_bootstrap_claim_recovery.sql;cpf-tools/db/vendor/oracle/migration/flyway/bzaDB/V91__bza_bootstrap_claim_recovery.sql → N/A — no direct consumer is defined by this atomic contract; verification is performed through the owning Work Item gate. → GATE-01-OWNERSHIP;GATE-02-CONSUMER;GATE-04-EVENT-API;GATE-05-DB-QUERY;GATE-07-MULTI-INSTANCE;GATE-08-UNKNOWN-RECOVERY;GATE-16-COMPATIBILITY;GATE-17-SUPPLY-CHAIN;GATE-18-TEST-EVIDENCE;GATE-19-DOC-SUPPORT;GATE-20-HYGIENE;GATE-21-TIME,Per-Work-Item source inventory plus all applicable Engineering Gate commands,DB/SQL/Query 영향 여부를 반드시 판정하고 N/A면 실제 호출 경로 근거를 기록한다. || Canonical Model/Query Contract→Generator/Template→Generated SQL/Mapper→Fresh Init/Seed→Migration/Rollback/Reapply 순서로 변경한다. || MariaDB/PostgreSQL/Oracle의 type/default/paging/locking/error/index/FK/transaction 차이를 전수 반영한다. || Repository/Mapper/DTO/Service/API/Frontend/Batch/ADM/BZA/Sample/EDU 소비자를 모두 점검한다.,DIRECT_STATIC_AND_ACCEPTANCE_ALTERNATIVE,python cpf-tools/scripts/verify-cpf-seed-dialect.py --repo-root .; java -cp <classes> Qa39Tool db-static-token-parity .,0,Acceptance-specific source/consumer review; relevant gates=GATE-05-DB-QUERY; states=미검증. Authoritative environment evidence remains unavailable for at least one relevant gate.,evidence/ATOMIC_WORK_ITEM_EVIDENCE.jsonl#CPF-WP-REL-MIG-05-DATA_MIGRATION,Acceptance-specific source/consumer review; relevant gates=GATE-05-DB-QUERY; states=미검증. Authoritative environment evidence remains unavailable for at least one relevant gate.,완료,미검증,미검수,false
CPF-V9-INITIAL-FULL-REVIEW-20260805-2020-REV-007-DEVGPT-V9-S06,CPF-WP-REL-MIG-06-GENERATION_COMPATIBILITY,WORK_PACKAGE,REL-MIG,P1,PRODUCT_IMPLEMENTATION,GENERATION_COMPATIBILITY,생성·Artifact·호환성,cpf-tools release/deploy,cpf-tools release,deploy,DEVGPT-V9-S06,CPF-WP-REL-MIG-01-CONTRACT_OWNERSHIP,"Generator/OpenAPI/AsyncAPI/DB metadata/template 등 Canonical 입력과 생성 산출물의 ownership을 확정한다. || remove→regenerate deterministic parity와 user-owned 영역 보존을 검증한다. || API/message/file/DB/config/artifact의 semantic version, compatibility, deprecation, mixed-version와 rollback 영향을 처리한다. || Generated Source만 수동 수정하지 않고 원본 입력·Generator·Golden Sample을 함께 수정한다.",입력 version/hash와 generator version을 manifest에 고정하고 normalized diff gate를 사용한다. || 최신 표준 버전은 shadow compatibility를 통과한 뒤 CPF 지원 profile로 승격한다.,clean regeneration;user region preserve;mixed version;unsupported profile;rollback compatibility,GATE-01-OWNERSHIP;GATE-02-CONSUMER;GATE-04-EVENT-API;GATE-05-DB-QUERY;GATE-07-MULTI-INSTANCE;GATE-08-UNKNOWN-RECOVERY;GATE-15-GENERATOR;GATE-16-COMPATIBILITY;GATE-17-SUPPLY-CHAIN;GATE-18-TEST-EVIDENCE;GATE-19-DOC-SUPPORT;GATE-20-HYGIENE;GATE-21-TIME,STD-ASYNCAPI;STD-CLOUDEVENTS;STD-CYCLONEDX;STD-GRADLE-JAVA;STD-NIST-SSDF;STD-SCRUM;STD-SLSA;STD-SPRING,cpf-tools/scripts/verify-cpf-openapi-controller-coverage.py;cpf-tools/db/vendor/oracle/seed/00_optional_sample_seed.sql;cpf-tools/db/vendor/oracle/source/00_optional_sample_seed.sql;cpf-tools/db/vendor/postgresql/seed/00_optional_sample_seed.sql;cpf-tools/db/vendor/postgresql/source/00_optional_sample_seed.sql;cpf-tools/db/vendor/mariadb/seed/00_optional_sample_seed.sql;cpf-tools/db/vendor/mariadb/source/00_optional_sample_seed.sql;cpf-tools/release/cpf-final-artifact-catalog.json,cpf-tools/scripts/verify-cpf-openapi-controller-coverage.py,N/A — no direct consumer is defined by this atomic contract; verification is performed through the owning Work Item gate.,"Generator/OpenAPI/AsyncAPI/DB metadata/template 등 Canonical 입력과 생성 산출물의 ownership을 확정한다. || remove→regenerate deterministic parity와 user-owned 영역 보존을 검증한다. || API/message/file/DB/config/artifact의 semantic version, compatibility, deprecation, mixed-version와 rollback 영향을 처리한다. || Generated Source만 수동 수정하지 않고 원본 입력·Generator·Golden Sample을 함께 수정한다. → cpf-tools/scripts/verify-cpf-openapi-controller-coverage.py;cpf-tools/db/vendor/oracle/seed/00_optional_sample_seed.sql;cpf-tools/db/vendor/oracle/source/00_optional_sample_seed.sql;cpf-tools/db/vendor/postgresql/seed/00_optional_sample_seed.sql;cpf-tools/db/vendor/postgresql/source/00_optional_sample_seed.sql;cpf-tools/db/vendor/mariadb/seed/00_optional_sample_seed.sql;cpf-tools/db/vendor/mariadb/source/00_optional_sample_seed.sql;cpf-tools/release/cpf-final-artifact-catalog.json → N/A — no direct consumer is defined by this atomic contract; verification is performed through the owning Work Item gate. → GATE-01-OWNERSHIP;GATE-02-CONSUMER;GATE-04-EVENT-API;GATE-05-DB-QUERY;GATE-07-MULTI-INSTANCE;GATE-08-UNKNOWN-RECOVERY;GATE-15-GENERATOR;GATE-16-COMPATIBILITY;GATE-17-SUPPLY-CHAIN;GATE-18-TEST-EVIDENCE;GATE-19-DOC-SUPPORT;GATE-20-HYGIENE;GATE-21-TIME",Per-Work-Item source inventory plus all applicable Engineering Gate commands,"Generator/OpenAPI/AsyncAPI/DB metadata/template 등 Canonical 입력과 생성 산출물의 ownership을 확정한다. || remove→regenerate deterministic parity와 user-owned 영역 보존을 검증한다. || API/message/file/DB/config/artifact의 semantic version, compatibility, deprecation, mixed-version와 rollback 영향을 처리한다. || Generated Source만 수동 수정하지 않고 원본 입력·Generator·Golden Sample을 함께 수정한다.",DIRECT_STATIC_AND_ACCEPTANCE_ALTERNATIVE,python cpf-tools/scripts/verify-cpf-generator-idempotency-templates.py --repo-root .; python cpf-tools/scripts/verify-cpf-generator-lifecycle.py --repo-root . || python cpf-tools/scripts/verify-cpf-qa34-build-contract.py --repo-root .,0,Acceptance-specific source/consumer review; relevant gates=GATE-15-GENERATOR;GATE-16-COMPATIBILITY; states=완료;미검증. Authoritative environment evidence remains unavailable for at least one relevant gate.,evidence/ATOMIC_WORK_ITEM_EVIDENCE.jsonl#CPF-WP-REL-MIG-06-GENERATION_COMPATIBILITY,Acceptance-specific source/consumer review; relevant gates=GATE-15-GENERATOR;GATE-16-COMPATIBILITY; states=완료;미검증. Authoritative environment evidence remains unavailable for at least one relevant gate.,완료,미검증,미검수,false
CPF-V9-INITIAL-FULL-REVIEW-20260805-2020-REV-007-DEVGPT-V9-S06,CPF-WP-RULE-ARCH-01-GATE_ENGINE,WORK_PACKAGE,RULE-ARCH,P1,QUALITY_GATE,GATE_ENGINE,품질 Gate Engine,cpf-tools quality gates,cpf-tools quality gates,,DEVGPT-V9-S06,,Architecture/Security/Quality 규칙을 재현 가능한 CLI/Gradle/CI Gate로 구현한다. || 경로·설정·Generated/Published Artifact를 실제 분석하고 단순 문자열 Marker에 의존하지 않는다. || False PASS/False FAIL을 회귀 Test로 통제한다.,규칙별 stable ID와 machine-readable result schema를 제공한다.,valid repository;rule violation;tool failure;unsupported input,GATE-01-OWNERSHIP;GATE-02-CONSUMER;GATE-05-DB-QUERY;GATE-13-PERFORMANCE;GATE-15-GENERATOR;GATE-17-SUPPLY-CHAIN;GATE-18-TEST-EVIDENCE;GATE-20-HYGIENE,STD-CYCLONEDX;STD-NIST-SSDF;STD-SCRUM;STD-SLSA,cpf-tools/scripts/verify-cpf-generator-upgrade-ownership.py;cpf-tools/db/vendor/oracle/seed/00_optional_sample_seed.sql;cpf-tools/db/vendor/oracle/source/00_optional_sample_seed.sql;cpf-tools/db/vendor/postgresql/seed/00_optional_sample_seed.sql;cpf-tools/db/vendor/postgresql/source/00_optional_sample_seed.sql;cpf-tools/db/vendor/mariadb/seed/00_optional_sample_seed.sql;cpf-tools/db/vendor/mariadb/source/00_optional_sample_seed.sql;cpf-tools/db/vendor/mariadb/migration/flyway/V88__scheduler_durable_launch_outbox.sql,cpf-tools/scripts/verify-cpf-generator-upgrade-ownership.py,N/A — static governance/verification contract; no runtime product consumer is required for this atomic assertion.,Architecture/Security/Quality 규칙을 재현 가능한 CLI/Gradle/CI Gate로 구현한다. || 경로·설정·Generated/Published Artifact를 실제 분석하고 단순 문자열 Marker에 의존하지 않는다. || False PASS/False FAIL을 회귀 Test로 통제한다. → cpf-tools/scripts/verify-cpf-generator-upgrade-ownership.py;cpf-tools/db/vendor/oracle/seed/00_optional_sample_seed.sql;cpf-tools/db/vendor/oracle/source/00_optional_sample_seed.sql;cpf-tools/db/vendor/postgresql/seed/00_optional_sample_seed.sql;cpf-tools/db/vendor/postgresql/source/00_optional_sample_seed.sql;cpf-tools/db/vendor/mariadb/seed/00_optional_sample_seed.sql;cpf-tools/db/vendor/mariadb/source/00_optional_sample_seed.sql;cpf-tools/db/vendor/mariadb/migration/flyway/V88__scheduler_durable_launch_outbox.sql → N/A — static governance/verification contract; no runtime product consumer is required for this atomic assertion. → GATE-01-OWNERSHIP;GATE-02-CONSUMER;GATE-05-DB-QUERY;GATE-13-PERFORMANCE;GATE-15-GENERATOR;GATE-17-SUPPLY-CHAIN;GATE-18-TEST-EVIDENCE;GATE-20-HYGIENE,Per-Work-Item source inventory plus all applicable Engineering Gate commands,Architecture/Security/Quality 규칙을 재현 가능한 CLI/Gradle/CI Gate로 구현한다. || 경로·설정·Generated/Published Artifact를 실제 분석하고 단순 문자열 Marker에 의존하지 않는다. || False PASS/False FAIL을 회귀 Test로 통제한다.,DIRECT_STATIC_AND_ACCEPTANCE_ALTERNATIVE,python cpf-tools/scripts/verify-cpf-owner-boundaries.py --repo-root . --report-json <evidence> || python cpf-tools/scripts/build-cpf-work-package-source-review.py --repo-root .; python cpf-tools/scripts/verify-cpf-spring-request-mapping-uniqueness.py --repo-root . || python <overlay hygiene validator>,0,Acceptance-specific source/consumer review; relevant gates=GATE-01-OWNERSHIP;GATE-02-CONSUMER;GATE-20-HYGIENE; states=완료;완료;완료. Direct or valid alternative evidence passed.,evidence/ATOMIC_WORK_ITEM_EVIDENCE.jsonl#CPF-WP-RULE-ARCH-01-GATE_ENGINE,,완료,완료,미검수,false
CPF-V9-INITIAL-FULL-REVIEW-20260805-2020-REV-007-DEVGPT-V9-S06,CPF-WP-RULE-ARCH-02-NEGATIVE_FIXTURES,WORK_PACKAGE,RULE-ARCH,P1,QUALITY_GATE,NEGATIVE_FIXTURES,의도적 위반 Fixture,cpf-tools quality gates,cpf-tools quality gates,,DEVGPT-V9-S06,CPF-WP-RULE-ARCH-01-GATE_ENGINE,각 Gate가 잡아야 할 실제 위반을 최소 1개 이상 Fixture로 만들고 실패를 확인한다. || Fixture가 제품 Source에 유입되거나 기본 Build를 오염시키지 않게 격리한다. || 위반 수정 후 PASS 전환도 검증한다.,작은 fixture repository/module과 expected finding ID를 사용한다.,expected fail;unexpected pass;fixed pass,GATE-01-OWNERSHIP;GATE-02-CONSUMER;GATE-05-DB-QUERY;GATE-13-PERFORMANCE;GATE-15-GENERATOR;GATE-17-SUPPLY-CHAIN;GATE-18-TEST-EVIDENCE;GATE-20-HYGIENE,STD-CYCLONEDX;STD-NIST-SSDF;STD-SCRUM;STD-SLSA,cpf-tools/config/cpf-starter-catalog.json;cpf-tools/scripts/verify-local-artifact-propagation.ps1;cpf-tools/scripts/verify-cpf-publication-starter-closure.py;cpf-tools/scripts/verify-cpf-starter-catalog-truth.py;cpf-tools/scripts/invoke-official-db-vendor-sql.ps1;cpf-tools/scripts/tests/test_publication_starter_closure.py;cpf-tools/scripts/verify-cpf-generator-idempotency-templates.py;cpf-tools/scripts/verify-cpf-owner-boundaries.py,cpf-tools/config/cpf-starter-catalog.json,N/A — no direct consumer is defined by this atomic contract; verification is performed through the owning Work Item gate.,각 Gate가 잡아야 할 실제 위반을 최소 1개 이상 Fixture로 만들고 실패를 확인한다. || Fixture가 제품 Source에 유입되거나 기본 Build를 오염시키지 않게 격리한다. || 위반 수정 후 PASS 전환도 검증한다. → cpf-tools/config/cpf-starter-catalog.json;cpf-tools/scripts/verify-local-artifact-propagation.ps1;cpf-tools/scripts/verify-cpf-publication-starter-closure.py;cpf-tools/scripts/verify-cpf-starter-catalog-truth.py;cpf-tools/scripts/invoke-official-db-vendor-sql.ps1;cpf-tools/scripts/tests/test_publication_starter_closure.py;cpf-tools/scripts/verify-cpf-generator-idempotency-templates.py;cpf-tools/scripts/verify-cpf-owner-boundaries.py → N/A — no direct consumer is defined by this atomic contract; verification is performed through the owning Work Item gate. → GATE-01-OWNERSHIP;GATE-02-CONSUMER;GATE-05-DB-QUERY;GATE-13-PERFORMANCE;GATE-15-GENERATOR;GATE-17-SUPPLY-CHAIN;GATE-18-TEST-EVIDENCE;GATE-20-HYGIENE,Per-Work-Item source inventory plus all applicable Engineering Gate commands,각 Gate가 잡아야 할 실제 위반을 최소 1개 이상 Fixture로 만들고 실패를 확인한다. || Fixture가 제품 Source에 유입되거나 기본 Build를 오염시키지 않게 격리한다. || 위반 수정 후 PASS 전환도 검증한다.,DIRECT_STATIC_AND_ACCEPTANCE_ALTERNATIVE,python cpf-tools/scripts/verify-cpf-owner-boundaries.py --repo-root . --report-json <evidence> || python cpf-tools/scripts/build-cpf-work-package-source-review.py --repo-root .; python cpf-tools/scripts/verify-cpf-spring-request-mapping-uniqueness.py --repo-root . || python <overlay hygiene validator>,0,Acceptance-specific source/consumer review; relevant gates=GATE-01-OWNERSHIP;GATE-02-CONSUMER;GATE-20-HYGIENE; states=완료;완료;완료. Direct or valid alternative evidence passed.,evidence/ATOMIC_WORK_ITEM_EVIDENCE.jsonl#CPF-WP-RULE-ARCH-02-NEGATIVE_FIXTURES,,완료,완료,미검수,false
CPF-V9-INITIAL-FULL-REVIEW-20260805-2020-REV-007-DEVGPT-V9-S06,CPF-WP-RULE-ARCH-03-INTEGRATION_ENFORCEMENT,WORK_PACKAGE,RULE-ARCH,P1,QUALITY_GATE,INTEGRATION_ENFORCEMENT,CI·Publication·Release 차단 연계,cpf-tools quality gates,cpf-tools quality gates,,DEVGPT-V9-S06,CPF-WP-RULE-ARCH-01-GATE_ENGINE,"Gate가 local, CI, publication/release에서 동일 기준으로 동작하게 한다. || 도구 실패·결과 누락·지원하지 않는 stack은 fail-closed 정책을 적용한다. || 예외/waiver는 owner, reason, expiry, scope와 audit를 요구한다.",fast local profile과 authoritative release profile을 분리한다.,CI failure;tool unavailable;expired waiver;release block,GATE-01-OWNERSHIP;GATE-02-CONSUMER;GATE-05-DB-QUERY;GATE-13-PERFORMANCE;GATE-15-GENERATOR;GATE-17-SUPPLY-CHAIN;GATE-18-TEST-EVIDENCE;GATE-20-HYGIENE,STD-CYCLONEDX;STD-NIST-SSDF;STD-SCRUM;STD-SLSA,cpf-tools/scripts/verify-cpf-openapi-controller-coverage.py;cpf-admin/frontend/openapi/cpf-openapi.json;cpf-tools/scripts/invoke-official-db-vendor-sql.ps1;cpf-tools/scripts/tests/test_publication_starter_closure.py;cpf-tools/scripts/verify-cpf-publication-starter-closure.py;cpf-tools/scripts/tests/test_oracle_sqlplus_secret_transport.py;cpf-tools/scripts/Qa39Tool.java;cpf-tools/scripts/build-cpf-requirement-development-traceability.py,cpf-tools/scripts/verify-cpf-openapi-controller-coverage.py,N/A — no direct consumer is defined by this atomic contract; verification is performed through the owning Work Item gate.,"Gate가 local, CI, publication/release에서 동일 기준으로 동작하게 한다. || 도구 실패·결과 누락·지원하지 않는 stack은 fail-closed 정책을 적용한다. || 예외/waiver는 owner, reason, expiry, scope와 audit를 요구한다. → cpf-tools/scripts/verify-cpf-openapi-controller-coverage.py;cpf-admin/frontend/openapi/cpf-openapi.json;cpf-tools/scripts/invoke-official-db-vendor-sql.ps1;cpf-tools/scripts/tests/test_publication_starter_closure.py;cpf-tools/scripts/verify-cpf-publication-starter-closure.py;cpf-tools/scripts/tests/test_oracle_sqlplus_secret_transport.py;cpf-tools/scripts/Qa39Tool.java;cpf-tools/scripts/build-cpf-requirement-development-traceability.py → N/A — no direct consumer is defined by this atomic contract; verification is performed through the owning Work Item gate. → GATE-01-OWNERSHIP;GATE-02-CONSUMER;GATE-05-DB-QUERY;GATE-13-PERFORMANCE;GATE-15-GENERATOR;GATE-17-SUPPLY-CHAIN;GATE-18-TEST-EVIDENCE;GATE-20-HYGIENE",Per-Work-Item source inventory plus all applicable Engineering Gate commands,"Gate가 local, CI, publication/release에서 동일 기준으로 동작하게 한다. || 도구 실패·결과 누락·지원하지 않는 stack은 fail-closed 정책을 적용한다. || 예외/waiver는 owner, reason, expiry, scope와 audit를 요구한다.",DIRECT_STATIC_AND_ACCEPTANCE_ALTERNATIVE,python cpf-tools/scripts/verify-cpf-owner-boundaries.py --repo-root . --report-json <evidence> || python cpf-tools/scripts/build-cpf-work-package-source-review.py --repo-root .; python cpf-tools/scripts/verify-cpf-spring-request-mapping-uniqueness.py --repo-root . || python <overlay hygiene validator>,0,Acceptance-specific source/consumer review; relevant gates=GATE-01-OWNERSHIP;GATE-02-CONSUMER;GATE-20-HYGIENE; states=완료;완료;완료. Direct or valid alternative evidence passed.,evidence/ATOMIC_WORK_ITEM_EVIDENCE.jsonl#CPF-WP-RULE-ARCH-03-INTEGRATION_ENFORCEMENT,,완료,완료,미검수,false
CPF-V9-INITIAL-FULL-REVIEW-20260805-2020-REV-007-DEVGPT-V9-S06,CPF-WP-RULE-QUALITY-01-GATE_ENGINE,WORK_PACKAGE,RULE-QUALITY,P1,QUALITY_GATE,GATE_ENGINE,품질 Gate Engine,cpf-tools quality gates,cpf-tools quality gates,,DEVGPT-V9-S06,,Architecture/Security/Quality 규칙을 재현 가능한 CLI/Gradle/CI Gate로 구현한다. || 경로·설정·Generated/Published Artifact를 실제 분석하고 단순 문자열 Marker에 의존하지 않는다. || False PASS/False FAIL을 회귀 Test로 통제한다.,규칙별 stable ID와 machine-readable result schema를 제공한다.,valid repository;rule violation;tool failure;unsupported input,GATE-01-OWNERSHIP;GATE-02-CONSUMER;GATE-17-SUPPLY-CHAIN;GATE-18-TEST-EVIDENCE;GATE-20-HYGIENE,STD-CYCLONEDX;STD-NIST-SSDF;STD-SCRUM;STD-SLSA,cpf-tools/scripts/verify-cpf-generator-upgrade-ownership.py;cpf-tools/db/vendor/oracle/seed/00_optional_sample_seed.sql;cpf-tools/db/vendor/oracle/source/00_optional_sample_seed.sql;cpf-tools/db/vendor/postgresql/seed/00_optional_sample_seed.sql;cpf-tools/db/vendor/postgresql/source/00_optional_sample_seed.sql;cpf-tools/db/vendor/mariadb/seed/00_optional_sample_seed.sql;cpf-tools/db/vendor/mariadb/source/00_optional_sample_seed.sql;cpf-tools/db/vendor/mariadb/migration/flyway/V88__scheduler_durable_launch_outbox.sql,cpf-tools/scripts/verify-cpf-generator-upgrade-ownership.py,N/A — static governance/verification contract; no runtime product consumer is required for this atomic assertion.,Architecture/Security/Quality 규칙을 재현 가능한 CLI/Gradle/CI Gate로 구현한다. || 경로·설정·Generated/Published Artifact를 실제 분석하고 단순 문자열 Marker에 의존하지 않는다. || False PASS/False FAIL을 회귀 Test로 통제한다. → cpf-tools/scripts/verify-cpf-generator-upgrade-ownership.py;cpf-tools/db/vendor/oracle/seed/00_optional_sample_seed.sql;cpf-tools/db/vendor/oracle/source/00_optional_sample_seed.sql;cpf-tools/db/vendor/postgresql/seed/00_optional_sample_seed.sql;cpf-tools/db/vendor/postgresql/source/00_optional_sample_seed.sql;cpf-tools/db/vendor/mariadb/seed/00_optional_sample_seed.sql;cpf-tools/db/vendor/mariadb/source/00_optional_sample_seed.sql;cpf-tools/db/vendor/mariadb/migration/flyway/V88__scheduler_durable_launch_outbox.sql → N/A — static governance/verification contract; no runtime product consumer is required for this atomic assertion. → GATE-01-OWNERSHIP;GATE-02-CONSUMER;GATE-17-SUPPLY-CHAIN;GATE-18-TEST-EVIDENCE;GATE-20-HYGIENE,Per-Work-Item source inventory plus all applicable Engineering Gate commands,Architecture/Security/Quality 규칙을 재현 가능한 CLI/Gradle/CI Gate로 구현한다. || 경로·설정·Generated/Published Artifact를 실제 분석하고 단순 문자열 Marker에 의존하지 않는다. || False PASS/False FAIL을 회귀 Test로 통제한다.,DIRECT_STATIC_AND_ACCEPTANCE_ALTERNATIVE,pytest -q <21 S06 verifier files>; ./gradlew test || python <overlay hygiene validator>,0,Acceptance-specific source/consumer review; relevant gates=GATE-18-TEST-EVIDENCE;GATE-20-HYGIENE; states=미검증;완료. Authoritative environment evidence remains unavailable for at least one relevant gate.,evidence/ATOMIC_WORK_ITEM_EVIDENCE.jsonl#CPF-WP-RULE-QUALITY-01-GATE_ENGINE,Acceptance-specific source/consumer review; relevant gates=GATE-18-TEST-EVIDENCE;GATE-20-HYGIENE; states=미검증;완료. Authoritative environment evidence remains unavailable for at least one relevant gate.,완료,미검증,미검수,false
CPF-V9-INITIAL-FULL-REVIEW-20260805-2020-REV-007-DEVGPT-V9-S06,CPF-WP-RULE-QUALITY-02-NEGATIVE_FIXTURES,WORK_PACKAGE,RULE-QUALITY,P1,QUALITY_GATE,NEGATIVE_FIXTURES,의도적 위반 Fixture,cpf-tools quality gates,cpf-tools quality gates,,DEVGPT-V9-S06,CPF-WP-RULE-QUALITY-01-GATE_ENGINE,각 Gate가 잡아야 할 실제 위반을 최소 1개 이상 Fixture로 만들고 실패를 확인한다. || Fixture가 제품 Source에 유입되거나 기본 Build를 오염시키지 않게 격리한다. || 위반 수정 후 PASS 전환도 검증한다.,작은 fixture repository/module과 expected finding ID를 사용한다.,expected fail;unexpected pass;fixed pass,GATE-01-OWNERSHIP;GATE-02-CONSUMER;GATE-17-SUPPLY-CHAIN;GATE-18-TEST-EVIDENCE;GATE-20-HYGIENE,STD-CYCLONEDX;STD-NIST-SSDF;STD-SCRUM;STD-SLSA,cpf-tools/config/cpf-starter-catalog.json;cpf-tools/scripts/verify-local-artifact-propagation.ps1;cpf-tools/scripts/verify-cpf-publication-starter-closure.py;cpf-tools/scripts/verify-cpf-starter-catalog-truth.py;cpf-tools/scripts/invoke-official-db-vendor-sql.ps1;cpf-tools/scripts/tests/test_publication_starter_closure.py;cpf-tools/scripts/verify-cpf-generator-idempotency-templates.py;cpf-tools/scripts/verify-cpf-owner-boundaries.py,cpf-tools/config/cpf-starter-catalog.json,N/A — no direct consumer is defined by this atomic contract; verification is performed through the owning Work Item gate.,각 Gate가 잡아야 할 실제 위반을 최소 1개 이상 Fixture로 만들고 실패를 확인한다. || Fixture가 제품 Source에 유입되거나 기본 Build를 오염시키지 않게 격리한다. || 위반 수정 후 PASS 전환도 검증한다. → cpf-tools/config/cpf-starter-catalog.json;cpf-tools/scripts/verify-local-artifact-propagation.ps1;cpf-tools/scripts/verify-cpf-publication-starter-closure.py;cpf-tools/scripts/verify-cpf-starter-catalog-truth.py;cpf-tools/scripts/invoke-official-db-vendor-sql.ps1;cpf-tools/scripts/tests/test_publication_starter_closure.py;cpf-tools/scripts/verify-cpf-generator-idempotency-templates.py;cpf-tools/scripts/verify-cpf-owner-boundaries.py → N/A — no direct consumer is defined by this atomic contract; verification is performed through the owning Work Item gate. → GATE-01-OWNERSHIP;GATE-02-CONSUMER;GATE-17-SUPPLY-CHAIN;GATE-18-TEST-EVIDENCE;GATE-20-HYGIENE,Per-Work-Item source inventory plus all applicable Engineering Gate commands,각 Gate가 잡아야 할 실제 위반을 최소 1개 이상 Fixture로 만들고 실패를 확인한다. || Fixture가 제품 Source에 유입되거나 기본 Build를 오염시키지 않게 격리한다. || 위반 수정 후 PASS 전환도 검증한다.,DIRECT_STATIC_AND_ACCEPTANCE_ALTERNATIVE,pytest -q <21 S06 verifier files>; ./gradlew test || python <overlay hygiene validator>,0,Acceptance-specific source/consumer review; relevant gates=GATE-18-TEST-EVIDENCE;GATE-20-HYGIENE; states=미검증;완료. Authoritative environment evidence remains unavailable for at least one relevant gate.,evidence/ATOMIC_WORK_ITEM_EVIDENCE.jsonl#CPF-WP-RULE-QUALITY-02-NEGATIVE_FIXTURES,Acceptance-specific source/consumer review; relevant gates=GATE-18-TEST-EVIDENCE;GATE-20-HYGIENE; states=미검증;완료. Authoritative environment evidence remains unavailable for at least one relevant gate.,완료,미검증,미검수,false
CPF-V9-INITIAL-FULL-REVIEW-20260805-2020-REV-007-DEVGPT-V9-S06,CPF-WP-RULE-QUALITY-03-INTEGRATION_ENFORCEMENT,WORK_PACKAGE,RULE-QUALITY,P1,QUALITY_GATE,INTEGRATION_ENFORCEMENT,CI·Publication·Release 차단 연계,cpf-tools quality gates,cpf-tools quality gates,,DEVGPT-V9-S06,CPF-WP-RULE-QUALITY-01-GATE_ENGINE,"Gate가 local, CI, publication/release에서 동일 기준으로 동작하게 한다. || 도구 실패·결과 누락·지원하지 않는 stack은 fail-closed 정책을 적용한다. || 예외/waiver는 owner, reason, expiry, scope와 audit를 요구한다.",fast local profile과 authoritative release profile을 분리한다.,CI failure;tool unavailable;expired waiver;release block,GATE-01-OWNERSHIP;GATE-02-CONSUMER;GATE-17-SUPPLY-CHAIN;GATE-18-TEST-EVIDENCE;GATE-20-HYGIENE,STD-CYCLONEDX;STD-NIST-SSDF;STD-SCRUM;STD-SLSA,cpf-tools/scripts/verify-cpf-openapi-controller-coverage.py;cpf-admin/frontend/openapi/cpf-openapi.json;cpf-tools/scripts/invoke-official-db-vendor-sql.ps1;cpf-tools/scripts/tests/test_publication_starter_closure.py;cpf-tools/scripts/verify-cpf-publication-starter-closure.py;cpf-tools/scripts/tests/test_oracle_sqlplus_secret_transport.py;cpf-tools/scripts/Qa39Tool.java;cpf-tools/scripts/build-cpf-requirement-development-traceability.py,cpf-tools/scripts/verify-cpf-openapi-controller-coverage.py,N/A — no direct consumer is defined by this atomic contract; verification is performed through the owning Work Item gate.,"Gate가 local, CI, publication/release에서 동일 기준으로 동작하게 한다. || 도구 실패·결과 누락·지원하지 않는 stack은 fail-closed 정책을 적용한다. || 예외/waiver는 owner, reason, expiry, scope와 audit를 요구한다. → cpf-tools/scripts/verify-cpf-openapi-controller-coverage.py;cpf-admin/frontend/openapi/cpf-openapi.json;cpf-tools/scripts/invoke-official-db-vendor-sql.ps1;cpf-tools/scripts/tests/test_publication_starter_closure.py;cpf-tools/scripts/verify-cpf-publication-starter-closure.py;cpf-tools/scripts/tests/test_oracle_sqlplus_secret_transport.py;cpf-tools/scripts/Qa39Tool.java;cpf-tools/scripts/build-cpf-requirement-development-traceability.py → N/A — no direct consumer is defined by this atomic contract; verification is performed through the owning Work Item gate. → GATE-01-OWNERSHIP;GATE-02-CONSUMER;GATE-17-SUPPLY-CHAIN;GATE-18-TEST-EVIDENCE;GATE-20-HYGIENE",Per-Work-Item source inventory plus all applicable Engineering Gate commands,"Gate가 local, CI, publication/release에서 동일 기준으로 동작하게 한다. || 도구 실패·결과 누락·지원하지 않는 stack은 fail-closed 정책을 적용한다. || 예외/waiver는 owner, reason, expiry, scope와 audit를 요구한다.",DIRECT_STATIC_AND_ACCEPTANCE_ALTERNATIVE,pytest -q <21 S06 verifier files>; ./gradlew test || python <overlay hygiene validator>,0,Acceptance-specific source/consumer review; relevant gates=GATE-18-TEST-EVIDENCE;GATE-20-HYGIENE; states=미검증;완료. Authoritative environment evidence remains unavailable for at least one relevant gate.,evidence/ATOMIC_WORK_ITEM_EVIDENCE.jsonl#CPF-WP-RULE-QUALITY-03-INTEGRATION_ENFORCEMENT,Acceptance-specific source/consumer review; relevant gates=GATE-18-TEST-EVIDENCE;GATE-20-HYGIENE; states=미검증;완료. Authoritative environment evidence remains unavailable for at least one relevant gate.,완료,미검증,미검수,false
CPF-V9-INITIAL-FULL-REVIEW-20260805-2020-REV-007-DEVGPT-V9-S06,CPF-WP-TEST-BROKER-01-GATE_ENGINE,WORK_PACKAGE,TEST-BROKER,P1,QUALITY_GATE,GATE_ENGINE,품질 Gate Engine,repository-wide test ownership,repository-wide test ownership,,DEVGPT-V9-S06,,Architecture/Security/Quality 규칙을 재현 가능한 CLI/Gradle/CI Gate로 구현한다. || 경로·설정·Generated/Published Artifact를 실제 분석하고 단순 문자열 Marker에 의존하지 않는다. || False PASS/False FAIL을 회귀 Test로 통제한다.,규칙별 stable ID와 machine-readable result schema를 제공한다.,valid repository;rule violation;tool failure;unsupported input,GATE-01-OWNERSHIP;GATE-02-CONSUMER;GATE-04-EVENT-API;GATE-06-STATE-IDEMP;GATE-08-UNKNOWN-RECOVERY;GATE-18-TEST-EVIDENCE;GATE-20-HYGIENE,STD-ASYNCAPI;STD-CLOUDEVENTS;STD-NIST-SSDF,cpf-tools/scripts/verify-cpf-qa34-build-contract.py;cpf-tools/scripts/invoke-official-db-vendor-sql.ps1;cpf-tools/scripts/run-cpf-full-qa-validation.ps1;cpf-tools/scripts/tests/test_qa39_build_contract_split_bom.py;cpf-tools/scripts/verify-cpf-publication-starter-closure.py;cpf-tools/scripts/tests/test_oracle_sqlplus_secret_transport.py;cpf-tools/scripts/tests/test_publication_starter_closure.py;cpf-tools/scripts/tests/test_seed_bundle_runtime_contract.py,cpf-tools/scripts/verify-cpf-qa34-build-contract.py,N/A — static governance/verification contract; no runtime product consumer is required for this atomic assertion.,Architecture/Security/Quality 규칙을 재현 가능한 CLI/Gradle/CI Gate로 구현한다. || 경로·설정·Generated/Published Artifact를 실제 분석하고 단순 문자열 Marker에 의존하지 않는다. || False PASS/False FAIL을 회귀 Test로 통제한다. → cpf-tools/scripts/verify-cpf-qa34-build-contract.py;cpf-tools/scripts/invoke-official-db-vendor-sql.ps1;cpf-tools/scripts/run-cpf-full-qa-validation.ps1;cpf-tools/scripts/tests/test_qa39_build_contract_split_bom.py;cpf-tools/scripts/verify-cpf-publication-starter-closure.py;cpf-tools/scripts/tests/test_oracle_sqlplus_secret_transport.py;cpf-tools/scripts/tests/test_publication_starter_closure.py;cpf-tools/scripts/tests/test_seed_bundle_runtime_contract.py → N/A — static governance/verification contract; no runtime product consumer is required for this atomic assertion. → GATE-01-OWNERSHIP;GATE-02-CONSUMER;GATE-04-EVENT-API;GATE-06-STATE-IDEMP;GATE-08-UNKNOWN-RECOVERY;GATE-18-TEST-EVIDENCE;GATE-20-HYGIENE,Per-Work-Item source inventory plus all applicable Engineering Gate commands,Architecture/Security/Quality 규칙을 재현 가능한 CLI/Gradle/CI Gate로 구현한다. || 경로·설정·Generated/Published Artifact를 실제 분석하고 단순 문자열 Marker에 의존하지 않는다. || False PASS/False FAIL을 회귀 Test로 통제한다.,DIRECT_STATIC_AND_ACCEPTANCE_ALTERNATIVE,java -cp <classes> Qa39Tool kafka-ack .; python cpf-tools/scripts/verify-cpf-asyncapi-lifecycle.py --repo-root . || pytest -q <21 S06 verifier files>; ./gradlew test,0,Acceptance-specific source/consumer review; relevant gates=GATE-04-EVENT-API;GATE-18-TEST-EVIDENCE; states=완료;미검증. Authoritative environment evidence remains unavailable for at least one relevant gate.,evidence/ATOMIC_WORK_ITEM_EVIDENCE.jsonl#CPF-WP-TEST-BROKER-01-GATE_ENGINE,Acceptance-specific source/consumer review; relevant gates=GATE-04-EVENT-API;GATE-18-TEST-EVIDENCE; states=완료;미검증. Authoritative environment evidence remains unavailable for at least one relevant gate.,완료,미검증,미검수,false
CPF-V9-INITIAL-FULL-REVIEW-20260805-2020-REV-007-DEVGPT-V9-S06,CPF-WP-TEST-BROKER-02-NEGATIVE_FIXTURES,WORK_PACKAGE,TEST-BROKER,P1,QUALITY_GATE,NEGATIVE_FIXTURES,의도적 위반 Fixture,repository-wide test ownership,repository-wide test ownership,,DEVGPT-V9-S06,CPF-WP-TEST-BROKER-01-GATE_ENGINE,각 Gate가 잡아야 할 실제 위반을 최소 1개 이상 Fixture로 만들고 실패를 확인한다. || Fixture가 제품 Source에 유입되거나 기본 Build를 오염시키지 않게 격리한다. || 위반 수정 후 PASS 전환도 검증한다.,작은 fixture repository/module과 expected finding ID를 사용한다.,expected fail;unexpected pass;fixed pass,GATE-01-OWNERSHIP;GATE-02-CONSUMER;GATE-04-EVENT-API;GATE-06-STATE-IDEMP;GATE-08-UNKNOWN-RECOVERY;GATE-18-TEST-EVIDENCE;GATE-20-HYGIENE,STD-ASYNCAPI;STD-CLOUDEVENTS;STD-NIST-SSDF,cpf-tools/config/cpf-starter-catalog.json;cpf-tools/scripts/verify-cpf-generator-upgrade-ownership.py;cpf-tools/scripts/verify-cpf-publication-starter-closure.py;cpf-tools/scripts/verify-cpf-starter-catalog-truth.py;cpf-tools/scripts/invoke-official-db-vendor-sql.ps1;cpf-tools/scripts/tests/test_publication_starter_closure.py;cpf-tools/scripts/verify-cpf-owner-boundaries.py;cpf-tools/scripts/tests/test_oracle_sqlplus_secret_transport.py,cpf-tools/config/cpf-starter-catalog.json,N/A — no direct consumer is defined by this atomic contract; verification is performed through the owning Work Item gate.,각 Gate가 잡아야 할 실제 위반을 최소 1개 이상 Fixture로 만들고 실패를 확인한다. || Fixture가 제품 Source에 유입되거나 기본 Build를 오염시키지 않게 격리한다. || 위반 수정 후 PASS 전환도 검증한다. → cpf-tools/config/cpf-starter-catalog.json;cpf-tools/scripts/verify-cpf-generator-upgrade-ownership.py;cpf-tools/scripts/verify-cpf-publication-starter-closure.py;cpf-tools/scripts/verify-cpf-starter-catalog-truth.py;cpf-tools/scripts/invoke-official-db-vendor-sql.ps1;cpf-tools/scripts/tests/test_publication_starter_closure.py;cpf-tools/scripts/verify-cpf-owner-boundaries.py;cpf-tools/scripts/tests/test_oracle_sqlplus_secret_transport.py → N/A — no direct consumer is defined by this atomic contract; verification is performed through the owning Work Item gate. → GATE-01-OWNERSHIP;GATE-02-CONSUMER;GATE-04-EVENT-API;GATE-06-STATE-IDEMP;GATE-08-UNKNOWN-RECOVERY;GATE-18-TEST-EVIDENCE;GATE-20-HYGIENE,Per-Work-Item source inventory plus all applicable Engineering Gate commands,각 Gate가 잡아야 할 실제 위반을 최소 1개 이상 Fixture로 만들고 실패를 확인한다. || Fixture가 제품 Source에 유입되거나 기본 Build를 오염시키지 않게 격리한다. || 위반 수정 후 PASS 전환도 검증한다.,DIRECT_STATIC_AND_ACCEPTANCE_ALTERNATIVE,java -cp <classes> Qa39Tool kafka-ack .; python cpf-tools/scripts/verify-cpf-asyncapi-lifecycle.py --repo-root . || pytest -q <21 S06 verifier files>; ./gradlew test,0,Acceptance-specific source/consumer review; relevant gates=GATE-04-EVENT-API;GATE-18-TEST-EVIDENCE; states=완료;미검증. Authoritative environment evidence remains unavailable for at least one relevant gate.,evidence/ATOMIC_WORK_ITEM_EVIDENCE.jsonl#CPF-WP-TEST-BROKER-02-NEGATIVE_FIXTURES,Acceptance-specific source/consumer review; relevant gates=GATE-04-EVENT-API;GATE-18-TEST-EVIDENCE; states=완료;미검증. Authoritative environment evidence remains unavailable for at least one relevant gate.,완료,미검증,미검수,false
CPF-V9-INITIAL-FULL-REVIEW-20260805-2020-REV-007-DEVGPT-V9-S06,CPF-WP-TEST-BROKER-03-INTEGRATION_ENFORCEMENT,WORK_PACKAGE,TEST-BROKER,P1,QUALITY_GATE,INTEGRATION_ENFORCEMENT,CI·Publication·Release 차단 연계,repository-wide test ownership,repository-wide test ownership,,DEVGPT-V9-S06,CPF-WP-TEST-BROKER-01-GATE_ENGINE,"Gate가 local, CI, publication/release에서 동일 기준으로 동작하게 한다. || 도구 실패·결과 누락·지원하지 않는 stack은 fail-closed 정책을 적용한다. || 예외/waiver는 owner, reason, expiry, scope와 audit를 요구한다.",fast local profile과 authoritative release profile을 분리한다.,CI failure;tool unavailable;expired waiver;release block,GATE-01-OWNERSHIP;GATE-02-CONSUMER;GATE-04-EVENT-API;GATE-06-STATE-IDEMP;GATE-08-UNKNOWN-RECOVERY;GATE-18-TEST-EVIDENCE;GATE-20-HYGIENE,STD-ASYNCAPI;STD-CLOUDEVENTS;STD-NIST-SSDF,cpf-tools/scripts/verify-cpf-openapi-controller-coverage.py;cpf-tools/scripts/invoke-official-db-vendor-sql.ps1;cpf-tools/scripts/tests/test_publication_starter_closure.py;cpf-tools/scripts/verify-cpf-publication-starter-closure.py;cpf-tools/scripts/Qa39Tool.java;cpf-tools/scripts/devgpt-control-v9/build_full_assignment.py;cpf-tools/scripts/tests/test_oracle_sqlplus_secret_transport.py;cpf-tools/scripts/verify-cpf-generator-upgrade-ownership.py,cpf-tools/scripts/verify-cpf-openapi-controller-coverage.py,N/A — no direct consumer is defined by this atomic contract; verification is performed through the owning Work Item gate.,"Gate가 local, CI, publication/release에서 동일 기준으로 동작하게 한다. || 도구 실패·결과 누락·지원하지 않는 stack은 fail-closed 정책을 적용한다. || 예외/waiver는 owner, reason, expiry, scope와 audit를 요구한다. → cpf-tools/scripts/verify-cpf-openapi-controller-coverage.py;cpf-tools/scripts/invoke-official-db-vendor-sql.ps1;cpf-tools/scripts/tests/test_publication_starter_closure.py;cpf-tools/scripts/verify-cpf-publication-starter-closure.py;cpf-tools/scripts/Qa39Tool.java;cpf-tools/scripts/devgpt-control-v9/build_full_assignment.py;cpf-tools/scripts/tests/test_oracle_sqlplus_secret_transport.py;cpf-tools/scripts/verify-cpf-generator-upgrade-ownership.py → N/A — no direct consumer is defined by this atomic contract; verification is performed through the owning Work Item gate. → GATE-01-OWNERSHIP;GATE-02-CONSUMER;GATE-04-EVENT-API;GATE-06-STATE-IDEMP;GATE-08-UNKNOWN-RECOVERY;GATE-18-TEST-EVIDENCE;GATE-20-HYGIENE",Per-Work-Item source inventory plus all applicable Engineering Gate commands,"Gate가 local, CI, publication/release에서 동일 기준으로 동작하게 한다. || 도구 실패·결과 누락·지원하지 않는 stack은 fail-closed 정책을 적용한다. || 예외/waiver는 owner, reason, expiry, scope와 audit를 요구한다.",DIRECT_STATIC_AND_ACCEPTANCE_ALTERNATIVE,java -cp <classes> Qa39Tool kafka-ack .; python cpf-tools/scripts/verify-cpf-asyncapi-lifecycle.py --repo-root . || pytest -q <21 S06 verifier files>; ./gradlew test,0,Acceptance-specific source/consumer review; relevant gates=GATE-04-EVENT-API;GATE-18-TEST-EVIDENCE; states=완료;미검증. Authoritative environment evidence remains unavailable for at least one relevant gate.,evidence/ATOMIC_WORK_ITEM_EVIDENCE.jsonl#CPF-WP-TEST-BROKER-03-INTEGRATION_ENFORCEMENT,Acceptance-specific source/consumer review; relevant gates=GATE-04-EVENT-API;GATE-18-TEST-EVIDENCE; states=완료;미검증. Authoritative environment evidence remains unavailable for at least one relevant gate.,완료,미검증,미검수,false
CPF-V9-INITIAL-FULL-REVIEW-20260805-2020-REV-007-DEVGPT-V9-S06,CPF-WP-TEST-BROWSER-01-GATE_ENGINE,WORK_PACKAGE,TEST-BROWSER,P1,QUALITY_GATE,GATE_ENGINE,품질 Gate Engine,repository-wide test ownership,repository-wide test ownership,,DEVGPT-V9-S06,,Architecture/Security/Quality 규칙을 재현 가능한 CLI/Gradle/CI Gate로 구현한다. || 경로·설정·Generated/Published Artifact를 실제 분석하고 단순 문자열 Marker에 의존하지 않는다. || False PASS/False FAIL을 회귀 Test로 통제한다.,규칙별 stable ID와 machine-readable result schema를 제공한다.,valid repository;rule violation;tool failure;unsupported input,GATE-01-OWNERSHIP;GATE-02-CONSUMER;GATE-09-SECURITY;GATE-14-FRONTEND;GATE-18-TEST-EVIDENCE;GATE-20-HYGIENE,STD-CISA-SBD;STD-NIST-SSDF;STD-OWASP-ASVS;STD-WCAG,cpf-tools/scripts/run-cpf-full-qa-validation.ps1;cpf-tools/scripts/verify-cpf-qa34-build-contract.py;cpf-tools/scripts/invoke-official-db-vendor-sql.ps1;cpf-tools/scripts/tests/test_qa39_build_contract_split_bom.py;cpf-tools/scripts/verify-cpf-publication-starter-closure.py;cpf-tools/scripts/tests/test_oracle_sqlplus_secret_transport.py;cpf-tools/scripts/tests/test_publication_starter_closure.py;cpf-tools/scripts/tests/test_seed_bundle_runtime_contract.py,cpf-tools/scripts/run-cpf-full-qa-validation.ps1,N/A — static governance/verification contract; no runtime product consumer is required for this atomic assertion.,Architecture/Security/Quality 규칙을 재현 가능한 CLI/Gradle/CI Gate로 구현한다. || 경로·설정·Generated/Published Artifact를 실제 분석하고 단순 문자열 Marker에 의존하지 않는다. || False PASS/False FAIL을 회귀 Test로 통제한다. → cpf-tools/scripts/run-cpf-full-qa-validation.ps1;cpf-tools/scripts/verify-cpf-qa34-build-contract.py;cpf-tools/scripts/invoke-official-db-vendor-sql.ps1;cpf-tools/scripts/tests/test_qa39_build_contract_split_bom.py;cpf-tools/scripts/verify-cpf-publication-starter-closure.py;cpf-tools/scripts/tests/test_oracle_sqlplus_secret_transport.py;cpf-tools/scripts/tests/test_publication_starter_closure.py;cpf-tools/scripts/tests/test_seed_bundle_runtime_contract.py → N/A — static governance/verification contract; no runtime product consumer is required for this atomic assertion. → GATE-01-OWNERSHIP;GATE-02-CONSUMER;GATE-09-SECURITY;GATE-14-FRONTEND;GATE-18-TEST-EVIDENCE;GATE-20-HYGIENE,Per-Work-Item source inventory plus all applicable Engineering Gate commands,Architecture/Security/Quality 규칙을 재현 가능한 CLI/Gradle/CI Gate로 구현한다. || 경로·설정·Generated/Published Artifact를 실제 분석하고 단순 문자열 Marker에 의존하지 않는다. || False PASS/False FAIL을 회귀 Test로 통제한다.,DIRECT_STATIC_AND_ACCEPTANCE_ALTERNATIVE,java -cp <classes> Qa39Tool browser-contract . || pytest -q <21 S06 verifier files>; ./gradlew test,1,Acceptance-specific source/consumer review; relevant gates=GATE-14-FRONTEND;GATE-18-TEST-EVIDENCE; states=실패;미검증.,evidence/ATOMIC_WORK_ITEM_EVIDENCE.jsonl#CPF-WP-TEST-BROWSER-01-GATE_ENGINE,Acceptance-specific source/consumer review; relevant gates=GATE-14-FRONTEND;GATE-18-TEST-EVIDENCE; states=실패;미검증.,완료,실패,미검수,false
CPF-V9-INITIAL-FULL-REVIEW-20260805-2020-REV-007-DEVGPT-V9-S06,CPF-WP-TEST-BROWSER-02-NEGATIVE_FIXTURES,WORK_PACKAGE,TEST-BROWSER,P1,QUALITY_GATE,NEGATIVE_FIXTURES,의도적 위반 Fixture,repository-wide test ownership,repository-wide test ownership,,DEVGPT-V9-S06,CPF-WP-TEST-BROWSER-01-GATE_ENGINE,각 Gate가 잡아야 할 실제 위반을 최소 1개 이상 Fixture로 만들고 실패를 확인한다. || Fixture가 제품 Source에 유입되거나 기본 Build를 오염시키지 않게 격리한다. || 위반 수정 후 PASS 전환도 검증한다.,작은 fixture repository/module과 expected finding ID를 사용한다.,expected fail;unexpected pass;fixed pass,GATE-01-OWNERSHIP;GATE-02-CONSUMER;GATE-09-SECURITY;GATE-14-FRONTEND;GATE-18-TEST-EVIDENCE;GATE-20-HYGIENE,STD-CISA-SBD;STD-NIST-SSDF;STD-OWASP-ASVS;STD-WCAG,cpf-tools/config/cpf-starter-catalog.json;cpf-tools/scripts/verify-cpf-generator-upgrade-ownership.py;cpf-tools/scripts/verify-cpf-publication-starter-closure.py;cpf-tools/scripts/verify-cpf-starter-catalog-truth.py;cpf-tools/scripts/invoke-official-db-vendor-sql.ps1;cpf-tools/scripts/tests/test_publication_starter_closure.py;cpf-tools/scripts/verify-cpf-owner-boundaries.py;cpf-tools/scripts/tests/test_oracle_sqlplus_secret_transport.py,cpf-tools/config/cpf-starter-catalog.json,N/A — no direct consumer is defined by this atomic contract; verification is performed through the owning Work Item gate.,각 Gate가 잡아야 할 실제 위반을 최소 1개 이상 Fixture로 만들고 실패를 확인한다. || Fixture가 제품 Source에 유입되거나 기본 Build를 오염시키지 않게 격리한다. || 위반 수정 후 PASS 전환도 검증한다. → cpf-tools/config/cpf-starter-catalog.json;cpf-tools/scripts/verify-cpf-generator-upgrade-ownership.py;cpf-tools/scripts/verify-cpf-publication-starter-closure.py;cpf-tools/scripts/verify-cpf-starter-catalog-truth.py;cpf-tools/scripts/invoke-official-db-vendor-sql.ps1;cpf-tools/scripts/tests/test_publication_starter_closure.py;cpf-tools/scripts/verify-cpf-owner-boundaries.py;cpf-tools/scripts/tests/test_oracle_sqlplus_secret_transport.py → N/A — no direct consumer is defined by this atomic contract; verification is performed through the owning Work Item gate. → GATE-01-OWNERSHIP;GATE-02-CONSUMER;GATE-09-SECURITY;GATE-14-FRONTEND;GATE-18-TEST-EVIDENCE;GATE-20-HYGIENE,Per-Work-Item source inventory plus all applicable Engineering Gate commands,각 Gate가 잡아야 할 실제 위반을 최소 1개 이상 Fixture로 만들고 실패를 확인한다. || Fixture가 제품 Source에 유입되거나 기본 Build를 오염시키지 않게 격리한다. || 위반 수정 후 PASS 전환도 검증한다.,DIRECT_STATIC_AND_ACCEPTANCE_ALTERNATIVE,java -cp <classes> Qa39Tool browser-contract . || pytest -q <21 S06 verifier files>; ./gradlew test,1,Acceptance-specific source/consumer review; relevant gates=GATE-14-FRONTEND;GATE-18-TEST-EVIDENCE; states=실패;미검증.,evidence/ATOMIC_WORK_ITEM_EVIDENCE.jsonl#CPF-WP-TEST-BROWSER-02-NEGATIVE_FIXTURES,Acceptance-specific source/consumer review; relevant gates=GATE-14-FRONTEND;GATE-18-TEST-EVIDENCE; states=실패;미검증.,완료,실패,미검수,false
CPF-V9-INITIAL-FULL-REVIEW-20260805-2020-REV-007-DEVGPT-V9-S06,CPF-WP-TEST-BROWSER-03-INTEGRATION_ENFORCEMENT,WORK_PACKAGE,TEST-BROWSER,P1,QUALITY_GATE,INTEGRATION_ENFORCEMENT,CI·Publication·Release 차단 연계,repository-wide test ownership,repository-wide test ownership,,DEVGPT-V9-S06,CPF-WP-TEST-BROWSER-01-GATE_ENGINE,"Gate가 local, CI, publication/release에서 동일 기준으로 동작하게 한다. || 도구 실패·결과 누락·지원하지 않는 stack은 fail-closed 정책을 적용한다. || 예외/waiver는 owner, reason, expiry, scope와 audit를 요구한다.",fast local profile과 authoritative release profile을 분리한다.,CI failure;tool unavailable;expired waiver;release block,GATE-01-OWNERSHIP;GATE-02-CONSUMER;GATE-09-SECURITY;GATE-14-FRONTEND;GATE-18-TEST-EVIDENCE;GATE-20-HYGIENE,STD-CISA-SBD;STD-NIST-SSDF;STD-OWASP-ASVS;STD-WCAG,cpf-tools/scripts/verify-cpf-openapi-controller-coverage.py;cpf-tools/scripts/invoke-official-db-vendor-sql.ps1;cpf-tools/scripts/tests/test_publication_starter_closure.py;cpf-tools/scripts/verify-cpf-publication-starter-closure.py;cpf-tools/scripts/Qa39Tool.java;cpf-tools/scripts/devgpt-control-v9/build_full_assignment.py;cpf-tools/config/cpf-starter-catalog.json;cpf-tools/scripts/tests/test_oracle_sqlplus_secret_transport.py,cpf-tools/scripts/verify-cpf-openapi-controller-coverage.py,N/A — no direct consumer is defined by this atomic contract; verification is performed through the owning Work Item gate.,"Gate가 local, CI, publication/release에서 동일 기준으로 동작하게 한다. || 도구 실패·결과 누락·지원하지 않는 stack은 fail-closed 정책을 적용한다. || 예외/waiver는 owner, reason, expiry, scope와 audit를 요구한다. → cpf-tools/scripts/verify-cpf-openapi-controller-coverage.py;cpf-tools/scripts/invoke-official-db-vendor-sql.ps1;cpf-tools/scripts/tests/test_publication_starter_closure.py;cpf-tools/scripts/verify-cpf-publication-starter-closure.py;cpf-tools/scripts/Qa39Tool.java;cpf-tools/scripts/devgpt-control-v9/build_full_assignment.py;cpf-tools/config/cpf-starter-catalog.json;cpf-tools/scripts/tests/test_oracle_sqlplus_secret_transport.py → N/A — no direct consumer is defined by this atomic contract; verification is performed through the owning Work Item gate. → GATE-01-OWNERSHIP;GATE-02-CONSUMER;GATE-09-SECURITY;GATE-14-FRONTEND;GATE-18-TEST-EVIDENCE;GATE-20-HYGIENE",Per-Work-Item source inventory plus all applicable Engineering Gate commands,"Gate가 local, CI, publication/release에서 동일 기준으로 동작하게 한다. || 도구 실패·결과 누락·지원하지 않는 stack은 fail-closed 정책을 적용한다. || 예외/waiver는 owner, reason, expiry, scope와 audit를 요구한다.",DIRECT_STATIC_AND_ACCEPTANCE_ALTERNATIVE,java -cp <classes> Qa39Tool browser-contract . || pytest -q <21 S06 verifier files>; ./gradlew test,1,Acceptance-specific source/consumer review; relevant gates=GATE-14-FRONTEND;GATE-18-TEST-EVIDENCE; states=실패;미검증.,evidence/ATOMIC_WORK_ITEM_EVIDENCE.jsonl#CPF-WP-TEST-BROWSER-03-INTEGRATION_ENFORCEMENT,Acceptance-specific source/consumer review; relevant gates=GATE-14-FRONTEND;GATE-18-TEST-EVIDENCE; states=실패;미검증.,완료,실패,미검수,false
CPF-V9-INITIAL-FULL-REVIEW-20260805-2020-REV-007-DEVGPT-V9-S06,CPF-WP-TEST-CONTRACT-01-GATE_ENGINE,WORK_PACKAGE,TEST-CONTRACT,P1,QUALITY_GATE,GATE_ENGINE,품질 Gate Engine,repository-wide test ownership,repository-wide test ownership,,DEVGPT-V9-S06,,Architecture/Security/Quality 규칙을 재현 가능한 CLI/Gradle/CI Gate로 구현한다. || 경로·설정·Generated/Published Artifact를 실제 분석하고 단순 문자열 Marker에 의존하지 않는다. || False PASS/False FAIL을 회귀 Test로 통제한다.,규칙별 stable ID와 machine-readable result schema를 제공한다.,valid repository;rule violation;tool failure;unsupported input,GATE-01-OWNERSHIP;GATE-02-CONSUMER;GATE-03-HTTP-API;GATE-04-EVENT-API;GATE-05-DB-QUERY;GATE-13-PERFORMANCE;GATE-14-FRONTEND;GATE-15-GENERATOR;GATE-16-COMPATIBILITY;GATE-17-SUPPLY-CHAIN;GATE-18-TEST-EVIDENCE;GATE-20-HYGIENE,STD-ASYNCAPI;STD-CLOUDEVENTS;STD-CYCLONEDX;STD-NIST-SSDF;STD-OAS;STD-OWASP-API;STD-RFC9457;STD-SCRUM;STD-SLSA;STD-WCAG,cpf-tools/db/vendor/mariadb/migration/flyway/V88__scheduler_durable_launch_outbox.sql;cpf-tools/db/vendor/mariadb/migration/flyway/V91__bza_bootstrap_claim_recovery.sql;cpf-tools/db/vendor/oracle/migration/flyway/batDB/V88__scheduler_durable_launch_outbox.sql;cpf-tools/db/vendor/oracle/migration/flyway/bzaDB/V91__bza_bootstrap_claim_recovery.sql;cpf-tools/db/vendor/postgresql/migration/flyway/batDB/V88__scheduler_durable_launch_outbox.sql;cpf-tools/db/vendor/postgresql/migration/flyway/bzaDB/V91__bza_bootstrap_claim_recovery.sql;cpf-tools/db/vendor/oracle/seed/00_optional_sample_seed.sql;cpf-tools/db/vendor/oracle/source/00_optional_sample_seed.sql,cpf-tools/db/vendor/mariadb/migration/flyway/V88__scheduler_durable_launch_outbox.sql,N/A — static governance/verification contract; no runtime product consumer is required for this atomic assertion.,Architecture/Security/Quality 규칙을 재현 가능한 CLI/Gradle/CI Gate로 구현한다. || 경로·설정·Generated/Published Artifact를 실제 분석하고 단순 문자열 Marker에 의존하지 않는다. || False PASS/False FAIL을 회귀 Test로 통제한다. → cpf-tools/db/vendor/mariadb/migration/flyway/V88__scheduler_durable_launch_outbox.sql;cpf-tools/db/vendor/mariadb/migration/flyway/V91__bza_bootstrap_claim_recovery.sql;cpf-tools/db/vendor/oracle/migration/flyway/batDB/V88__scheduler_durable_launch_outbox.sql;cpf-tools/db/vendor/oracle/migration/flyway/bzaDB/V91__bza_bootstrap_claim_recovery.sql;cpf-tools/db/vendor/postgresql/migration/flyway/batDB/V88__scheduler_durable_launch_outbox.sql;cpf-tools/db/vendor/postgresql/migration/flyway/bzaDB/V91__bza_bootstrap_claim_recovery.sql;cpf-tools/db/vendor/oracle/seed/00_optional_sample_seed.sql;cpf-tools/db/vendor/oracle/source/00_optional_sample_seed.sql → N/A — static governance/verification contract; no runtime product consumer is required for this atomic assertion. → GATE-01-OWNERSHIP;GATE-02-CONSUMER;GATE-03-HTTP-API;GATE-04-EVENT-API;GATE-05-DB-QUERY;GATE-13-PERFORMANCE;GATE-14-FRONTEND;GATE-15-GENERATOR;GATE-16-COMPATIBILITY;GATE-17-SUPPLY-CHAIN;GATE-18-TEST-EVIDENCE;GATE-20-HYGIENE,Per-Work-Item source inventory plus all applicable Engineering Gate commands,Architecture/Security/Quality 규칙을 재현 가능한 CLI/Gradle/CI Gate로 구현한다. || 경로·설정·Generated/Published Artifact를 실제 분석하고 단순 문자열 Marker에 의존하지 않는다. || False PASS/False FAIL을 회귀 Test로 통제한다.,DIRECT_STATIC_AND_ACCEPTANCE_ALTERNATIVE,python cpf-tools/scripts/verify-cpf-openapi-controller-coverage.py --repo-root . --openapi cpf-admin/frontend/openapi/cpf-openapi.json || java -cp <classes> Qa39Tool kafka-ack .; python cpf-tools/scripts/verify-cpf-asyncapi-lifecycle.py --repo-root . || pytest -q <21 S06 verifier files>; ./gradlew test,0,Acceptance-specific source/consumer review; relevant gates=GATE-03-HTTP-API;GATE-04-EVENT-API;GATE-18-TEST-EVIDENCE; states=완료;완료;미검증. Authoritative environment evidence remains unavailable for at least one relevant gate.,evidence/ATOMIC_WORK_ITEM_EVIDENCE.jsonl#CPF-WP-TEST-CONTRACT-01-GATE_ENGINE,Acceptance-specific source/consumer review; relevant gates=GATE-03-HTTP-API;GATE-04-EVENT-API;GATE-18-TEST-EVIDENCE; states=완료;완료;미검증. Authoritative environment evidence remains unavailable for at least one relevant gate.,완료,미검증,미검수,false
CPF-V9-INITIAL-FULL-REVIEW-20260805-2020-REV-007-DEVGPT-V9-S06,CPF-WP-TEST-CONTRACT-02-NEGATIVE_FIXTURES,WORK_PACKAGE,TEST-CONTRACT,P1,QUALITY_GATE,NEGATIVE_FIXTURES,의도적 위반 Fixture,repository-wide test ownership,repository-wide test ownership,,DEVGPT-V9-S06,CPF-WP-TEST-CONTRACT-01-GATE_ENGINE,각 Gate가 잡아야 할 실제 위반을 최소 1개 이상 Fixture로 만들고 실패를 확인한다. || Fixture가 제품 Source에 유입되거나 기본 Build를 오염시키지 않게 격리한다. || 위반 수정 후 PASS 전환도 검증한다.,작은 fixture repository/module과 expected finding ID를 사용한다.,expected fail;unexpected pass;fixed pass,GATE-01-OWNERSHIP;GATE-02-CONSUMER;GATE-03-HTTP-API;GATE-04-EVENT-API;GATE-05-DB-QUERY;GATE-13-PERFORMANCE;GATE-14-FRONTEND;GATE-15-GENERATOR;GATE-16-COMPATIBILITY;GATE-17-SUPPLY-CHAIN;GATE-18-TEST-EVIDENCE;GATE-20-HYGIENE,STD-ASYNCAPI;STD-CLOUDEVENTS;STD-CYCLONEDX;STD-NIST-SSDF;STD-OAS;STD-OWASP-API;STD-RFC9457;STD-SCRUM;STD-SLSA;STD-WCAG,cpf-tools/config/cpf-starter-catalog.json;cpf-tools/generator/contracts/cpf-starter-catalog.json;cpf-tools/scripts/verify-cpf-generator-upgrade-ownership.py;cpf-tools/scripts/verify-local-artifact-propagation.ps1;cpf-tools/scripts/verify-cpf-qa34-build-contract.py;cpf-tools/scripts/invoke-official-db-vendor-sql.ps1;cpf-tools/scripts/verify-cpf-generator-idempotency-templates.py;cpf-tools/scripts/verify-cpf-owner-boundaries.py,cpf-tools/config/cpf-starter-catalog.json,N/A — no direct consumer is defined by this atomic contract; verification is performed through the owning Work Item gate.,각 Gate가 잡아야 할 실제 위반을 최소 1개 이상 Fixture로 만들고 실패를 확인한다. || Fixture가 제품 Source에 유입되거나 기본 Build를 오염시키지 않게 격리한다. || 위반 수정 후 PASS 전환도 검증한다. → cpf-tools/config/cpf-starter-catalog.json;cpf-tools/generator/contracts/cpf-starter-catalog.json;cpf-tools/scripts/verify-cpf-generator-upgrade-ownership.py;cpf-tools/scripts/verify-local-artifact-propagation.ps1;cpf-tools/scripts/verify-cpf-qa34-build-contract.py;cpf-tools/scripts/invoke-official-db-vendor-sql.ps1;cpf-tools/scripts/verify-cpf-generator-idempotency-templates.py;cpf-tools/scripts/verify-cpf-owner-boundaries.py → N/A — no direct consumer is defined by this atomic contract; verification is performed through the owning Work Item gate. → GATE-01-OWNERSHIP;GATE-02-CONSUMER;GATE-03-HTTP-API;GATE-04-EVENT-API;GATE-05-DB-QUERY;GATE-13-PERFORMANCE;GATE-14-FRONTEND;GATE-15-GENERATOR;GATE-16-COMPATIBILITY;GATE-17-SUPPLY-CHAIN;GATE-18-TEST-EVIDENCE;GATE-20-HYGIENE,Per-Work-Item source inventory plus all applicable Engineering Gate commands,각 Gate가 잡아야 할 실제 위반을 최소 1개 이상 Fixture로 만들고 실패를 확인한다. || Fixture가 제품 Source에 유입되거나 기본 Build를 오염시키지 않게 격리한다. || 위반 수정 후 PASS 전환도 검증한다.,DIRECT_STATIC_AND_ACCEPTANCE_ALTERNATIVE,python cpf-tools/scripts/verify-cpf-openapi-controller-coverage.py --repo-root . --openapi cpf-admin/frontend/openapi/cpf-openapi.json || java -cp <classes> Qa39Tool kafka-ack .; python cpf-tools/scripts/verify-cpf-asyncapi-lifecycle.py --repo-root . || pytest -q <21 S06 verifier files>; ./gradlew test,0,Acceptance-specific source/consumer review; relevant gates=GATE-03-HTTP-API;GATE-04-EVENT-API;GATE-18-TEST-EVIDENCE; states=완료;완료;미검증. Authoritative environment evidence remains unavailable for at least one relevant gate.,evidence/ATOMIC_WORK_ITEM_EVIDENCE.jsonl#CPF-WP-TEST-CONTRACT-02-NEGATIVE_FIXTURES,Acceptance-specific source/consumer review; relevant gates=GATE-03-HTTP-API;GATE-04-EVENT-API;GATE-18-TEST-EVIDENCE; states=완료;완료;미검증. Authoritative environment evidence remains unavailable for at least one relevant gate.,완료,미검증,미검수,false
CPF-V9-INITIAL-FULL-REVIEW-20260805-2020-REV-007-DEVGPT-V9-S06,CPF-WP-TEST-CONTRACT-03-INTEGRATION_ENFORCEMENT,WORK_PACKAGE,TEST-CONTRACT,P1,QUALITY_GATE,INTEGRATION_ENFORCEMENT,CI·Publication·Release 차단 연계,repository-wide test ownership,repository-wide test ownership,,DEVGPT-V9-S06,CPF-WP-TEST-CONTRACT-01-GATE_ENGINE,"Gate가 local, CI, publication/release에서 동일 기준으로 동작하게 한다. || 도구 실패·결과 누락·지원하지 않는 stack은 fail-closed 정책을 적용한다. || 예외/waiver는 owner, reason, expiry, scope와 audit를 요구한다.",fast local profile과 authoritative release profile을 분리한다.,CI failure;tool unavailable;expired waiver;release block,GATE-01-OWNERSHIP;GATE-02-CONSUMER;GATE-03-HTTP-API;GATE-04-EVENT-API;GATE-05-DB-QUERY;GATE-13-PERFORMANCE;GATE-14-FRONTEND;GATE-15-GENERATOR;GATE-16-COMPATIBILITY;GATE-17-SUPPLY-CHAIN;GATE-18-TEST-EVIDENCE;GATE-20-HYGIENE,STD-ASYNCAPI;STD-CLOUDEVENTS;STD-CYCLONEDX;STD-NIST-SSDF;STD-OAS;STD-OWASP-API;STD-RFC9457;STD-SCRUM;STD-SLSA;STD-WCAG,cpf-tools/scripts/verify-cpf-openapi-controller-coverage.py;cpf-tools/scripts/invoke-official-db-vendor-sql.ps1;cpf-tools/scripts/verify-cpf-qa34-build-contract.py;cpf-tools/scripts/tests/test_qa39_build_contract_split_bom.py;cpf-tools/scripts/tests/test_oracle_sqlplus_secret_transport.py;cpf-tools/scripts/tests/test_publication_starter_closure.py;cpf-tools/scripts/tests/test_seed_bundle_runtime_contract.py;cpf-tools/scripts/verify-cpf-publication-starter-closure.py,cpf-tools/scripts/verify-cpf-openapi-controller-coverage.py,N/A — no direct consumer is defined by this atomic contract; verification is performed through the owning Work Item gate.,"Gate가 local, CI, publication/release에서 동일 기준으로 동작하게 한다. || 도구 실패·결과 누락·지원하지 않는 stack은 fail-closed 정책을 적용한다. || 예외/waiver는 owner, reason, expiry, scope와 audit를 요구한다. → cpf-tools/scripts/verify-cpf-openapi-controller-coverage.py;cpf-tools/scripts/invoke-official-db-vendor-sql.ps1;cpf-tools/scripts/verify-cpf-qa34-build-contract.py;cpf-tools/scripts/tests/test_qa39_build_contract_split_bom.py;cpf-tools/scripts/tests/test_oracle_sqlplus_secret_transport.py;cpf-tools/scripts/tests/test_publication_starter_closure.py;cpf-tools/scripts/tests/test_seed_bundle_runtime_contract.py;cpf-tools/scripts/verify-cpf-publication-starter-closure.py → N/A — no direct consumer is defined by this atomic contract; verification is performed through the owning Work Item gate. → GATE-01-OWNERSHIP;GATE-02-CONSUMER;GATE-03-HTTP-API;GATE-04-EVENT-API;GATE-05-DB-QUERY;GATE-13-PERFORMANCE;GATE-14-FRONTEND;GATE-15-GENERATOR;GATE-16-COMPATIBILITY;GATE-17-SUPPLY-CHAIN;GATE-18-TEST-EVIDENCE;GATE-20-HYGIENE",Per-Work-Item source inventory plus all applicable Engineering Gate commands,"Gate가 local, CI, publication/release에서 동일 기준으로 동작하게 한다. || 도구 실패·결과 누락·지원하지 않는 stack은 fail-closed 정책을 적용한다. || 예외/waiver는 owner, reason, expiry, scope와 audit를 요구한다.",DIRECT_STATIC_AND_ACCEPTANCE_ALTERNATIVE,python cpf-tools/scripts/verify-cpf-openapi-controller-coverage.py --repo-root . --openapi cpf-admin/frontend/openapi/cpf-openapi.json || java -cp <classes> Qa39Tool kafka-ack .; python cpf-tools/scripts/verify-cpf-asyncapi-lifecycle.py --repo-root . || pytest -q <21 S06 verifier files>; ./gradlew test,0,Acceptance-specific source/consumer review; relevant gates=GATE-03-HTTP-API;GATE-04-EVENT-API;GATE-18-TEST-EVIDENCE; states=완료;완료;미검증. Authoritative environment evidence remains unavailable for at least one relevant gate.,evidence/ATOMIC_WORK_ITEM_EVIDENCE.jsonl#CPF-WP-TEST-CONTRACT-03-INTEGRATION_ENFORCEMENT,Acceptance-specific source/consumer review; relevant gates=GATE-03-HTTP-API;GATE-04-EVENT-API;GATE-18-TEST-EVIDENCE; states=완료;완료;미검증. Authoritative environment evidence remains unavailable for at least one relevant gate.,완료,미검증,미검수,false
CPF-V9-INITIAL-FULL-REVIEW-20260805-2020-REV-007-DEVGPT-V9-S06,CPF-WP-TEST-EVIDENCE-01-GATE_ENGINE,WORK_PACKAGE,TEST-EVIDENCE,P1,QUALITY_GATE,GATE_ENGINE,품질 Gate Engine,repository-wide test ownership,repository-wide test ownership,,DEVGPT-V9-S06,,Architecture/Security/Quality 규칙을 재현 가능한 CLI/Gradle/CI Gate로 구현한다. || 경로·설정·Generated/Published Artifact를 실제 분석하고 단순 문자열 Marker에 의존하지 않는다. || False PASS/False FAIL을 회귀 Test로 통제한다.,규칙별 stable ID와 machine-readable result schema를 제공한다.,valid repository;rule violation;tool failure;unsupported input,GATE-01-OWNERSHIP;GATE-02-CONSUMER;GATE-05-DB-QUERY;GATE-17-SUPPLY-CHAIN;GATE-18-TEST-EVIDENCE;GATE-20-HYGIENE;GATE-21-TIME,STD-CYCLONEDX;STD-NIST-SSDF;STD-SCRUM;STD-SLSA,cpf-tools/scripts/run-cpf-full-qa-validation.ps1;cpf-tools/scripts/verify-cpf-qa34-build-contract.py;cpf-tools/scripts/invoke-official-db-vendor-sql.ps1;cpf-tools/scripts/verify-cpf-publication-starter-closure.py;cpf-tools/scripts/tests/test_publication_starter_closure.py;cpf-tools/scripts/tests/test_qa39_build_contract_split_bom.py;cpf-tools/scripts/verify-cpf-evidence-semantics.py;cpf-tools/scripts/tests/test_oracle_sqlplus_secret_transport.py,cpf-tools/scripts/run-cpf-full-qa-validation.ps1,N/A — static governance/verification contract; no runtime product consumer is required for this atomic assertion.,Architecture/Security/Quality 규칙을 재현 가능한 CLI/Gradle/CI Gate로 구현한다. || 경로·설정·Generated/Published Artifact를 실제 분석하고 단순 문자열 Marker에 의존하지 않는다. || False PASS/False FAIL을 회귀 Test로 통제한다. → cpf-tools/scripts/run-cpf-full-qa-validation.ps1;cpf-tools/scripts/verify-cpf-qa34-build-contract.py;cpf-tools/scripts/invoke-official-db-vendor-sql.ps1;cpf-tools/scripts/verify-cpf-publication-starter-closure.py;cpf-tools/scripts/tests/test_publication_starter_closure.py;cpf-tools/scripts/tests/test_qa39_build_contract_split_bom.py;cpf-tools/scripts/verify-cpf-evidence-semantics.py;cpf-tools/scripts/tests/test_oracle_sqlplus_secret_transport.py → N/A — static governance/verification contract; no runtime product consumer is required for this atomic assertion. → GATE-01-OWNERSHIP;GATE-02-CONSUMER;GATE-05-DB-QUERY;GATE-17-SUPPLY-CHAIN;GATE-18-TEST-EVIDENCE;GATE-20-HYGIENE;GATE-21-TIME,Per-Work-Item source inventory plus all applicable Engineering Gate commands,Architecture/Security/Quality 규칙을 재현 가능한 CLI/Gradle/CI Gate로 구현한다. || 경로·설정·Generated/Published Artifact를 실제 분석하고 단순 문자열 Marker에 의존하지 않는다. || False PASS/False FAIL을 회귀 Test로 통제한다.,DIRECT_STATIC_AND_ACCEPTANCE_ALTERNATIVE,pytest -q <21 S06 verifier files>; ./gradlew test || python <overlay hygiene validator>,0,Acceptance-specific source/consumer review; relevant gates=GATE-18-TEST-EVIDENCE;GATE-20-HYGIENE; states=미검증;완료. Authoritative environment evidence remains unavailable for at least one relevant gate.,evidence/ATOMIC_WORK_ITEM_EVIDENCE.jsonl#CPF-WP-TEST-EVIDENCE-01-GATE_ENGINE,Acceptance-specific source/consumer review; relevant gates=GATE-18-TEST-EVIDENCE;GATE-20-HYGIENE; states=미검증;완료. Authoritative environment evidence remains unavailable for at least one relevant gate.,완료,미검증,미검수,false
CPF-V9-INITIAL-FULL-REVIEW-20260805-2020-REV-007-DEVGPT-V9-S06,CPF-WP-TEST-EVIDENCE-02-NEGATIVE_FIXTURES,WORK_PACKAGE,TEST-EVIDENCE,P1,QUALITY_GATE,NEGATIVE_FIXTURES,의도적 위반 Fixture,repository-wide test ownership,repository-wide test ownership,,DEVGPT-V9-S06,CPF-WP-TEST-EVIDENCE-01-GATE_ENGINE,각 Gate가 잡아야 할 실제 위반을 최소 1개 이상 Fixture로 만들고 실패를 확인한다. || Fixture가 제품 Source에 유입되거나 기본 Build를 오염시키지 않게 격리한다. || 위반 수정 후 PASS 전환도 검증한다.,작은 fixture repository/module과 expected finding ID를 사용한다.,expected fail;unexpected pass;fixed pass,GATE-01-OWNERSHIP;GATE-02-CONSUMER;GATE-05-DB-QUERY;GATE-17-SUPPLY-CHAIN;GATE-18-TEST-EVIDENCE;GATE-20-HYGIENE;GATE-21-TIME,STD-CYCLONEDX;STD-NIST-SSDF;STD-SCRUM;STD-SLSA,cpf-tools/config/cpf-starter-catalog.json;cpf-tools/scripts/verify-cpf-generator-upgrade-ownership.py;cpf-tools/scripts/verify-cpf-publication-starter-closure.py;cpf-tools/scripts/tests/test_publication_starter_closure.py;cpf-tools/scripts/verify-cpf-starter-catalog-truth.py;cpf-tools/scripts/invoke-official-db-vendor-sql.ps1;cpf-tools/scripts/verify-cpf-owner-boundaries.py;cpf-tools/scripts/verify-cpf-development-evidence-integrity.py,cpf-tools/config/cpf-starter-catalog.json,N/A — no direct consumer is defined by this atomic contract; verification is performed through the owning Work Item gate.,각 Gate가 잡아야 할 실제 위반을 최소 1개 이상 Fixture로 만들고 실패를 확인한다. || Fixture가 제품 Source에 유입되거나 기본 Build를 오염시키지 않게 격리한다. || 위반 수정 후 PASS 전환도 검증한다. → cpf-tools/config/cpf-starter-catalog.json;cpf-tools/scripts/verify-cpf-generator-upgrade-ownership.py;cpf-tools/scripts/verify-cpf-publication-starter-closure.py;cpf-tools/scripts/tests/test_publication_starter_closure.py;cpf-tools/scripts/verify-cpf-starter-catalog-truth.py;cpf-tools/scripts/invoke-official-db-vendor-sql.ps1;cpf-tools/scripts/verify-cpf-owner-boundaries.py;cpf-tools/scripts/verify-cpf-development-evidence-integrity.py → N/A — no direct consumer is defined by this atomic contract; verification is performed through the owning Work Item gate. → GATE-01-OWNERSHIP;GATE-02-CONSUMER;GATE-05-DB-QUERY;GATE-17-SUPPLY-CHAIN;GATE-18-TEST-EVIDENCE;GATE-20-HYGIENE;GATE-21-TIME,Per-Work-Item source inventory plus all applicable Engineering Gate commands,각 Gate가 잡아야 할 실제 위반을 최소 1개 이상 Fixture로 만들고 실패를 확인한다. || Fixture가 제품 Source에 유입되거나 기본 Build를 오염시키지 않게 격리한다. || 위반 수정 후 PASS 전환도 검증한다.,DIRECT_STATIC_AND_ACCEPTANCE_ALTERNATIVE,pytest -q <21 S06 verifier files>; ./gradlew test || python <overlay hygiene validator>,0,Acceptance-specific source/consumer review; relevant gates=GATE-18-TEST-EVIDENCE;GATE-20-HYGIENE; states=미검증;완료. Authoritative environment evidence remains unavailable for at least one relevant gate.,evidence/ATOMIC_WORK_ITEM_EVIDENCE.jsonl#CPF-WP-TEST-EVIDENCE-02-NEGATIVE_FIXTURES,Acceptance-specific source/consumer review; relevant gates=GATE-18-TEST-EVIDENCE;GATE-20-HYGIENE; states=미검증;완료. Authoritative environment evidence remains unavailable for at least one relevant gate.,완료,미검증,미검수,false
CPF-V9-INITIAL-FULL-REVIEW-20260805-2020-REV-007-DEVGPT-V9-S06,CPF-WP-TEST-EVIDENCE-03-INTEGRATION_ENFORCEMENT,WORK_PACKAGE,TEST-EVIDENCE,P1,QUALITY_GATE,INTEGRATION_ENFORCEMENT,CI·Publication·Release 차단 연계,repository-wide test ownership,repository-wide test ownership,,DEVGPT-V9-S06,CPF-WP-TEST-EVIDENCE-01-GATE_ENGINE,"Gate가 local, CI, publication/release에서 동일 기준으로 동작하게 한다. || 도구 실패·결과 누락·지원하지 않는 stack은 fail-closed 정책을 적용한다. || 예외/waiver는 owner, reason, expiry, scope와 audit를 요구한다.",fast local profile과 authoritative release profile을 분리한다.,CI failure;tool unavailable;expired waiver;release block,GATE-01-OWNERSHIP;GATE-02-CONSUMER;GATE-05-DB-QUERY;GATE-17-SUPPLY-CHAIN;GATE-18-TEST-EVIDENCE;GATE-20-HYGIENE;GATE-21-TIME,STD-CYCLONEDX;STD-NIST-SSDF;STD-SCRUM;STD-SLSA,cpf-tools/scripts/verify-cpf-openapi-controller-coverage.py;cpf-tools/scripts/invoke-official-db-vendor-sql.ps1;cpf-tools/scripts/tests/test_publication_starter_closure.py;cpf-tools/scripts/verify-cpf-publication-starter-closure.py;cpf-tools/scripts/verify-cpf-evidence-semantics.py;cpf-tools/scripts/Qa39Tool.java;cpf-tools/scripts/devgpt-control-v9/build_full_assignment.py;cpf-tools/config/cpf-starter-catalog.json,cpf-tools/scripts/verify-cpf-openapi-controller-coverage.py,N/A — no direct consumer is defined by this atomic contract; verification is performed through the owning Work Item gate.,"Gate가 local, CI, publication/release에서 동일 기준으로 동작하게 한다. || 도구 실패·결과 누락·지원하지 않는 stack은 fail-closed 정책을 적용한다. || 예외/waiver는 owner, reason, expiry, scope와 audit를 요구한다. → cpf-tools/scripts/verify-cpf-openapi-controller-coverage.py;cpf-tools/scripts/invoke-official-db-vendor-sql.ps1;cpf-tools/scripts/tests/test_publication_starter_closure.py;cpf-tools/scripts/verify-cpf-publication-starter-closure.py;cpf-tools/scripts/verify-cpf-evidence-semantics.py;cpf-tools/scripts/Qa39Tool.java;cpf-tools/scripts/devgpt-control-v9/build_full_assignment.py;cpf-tools/config/cpf-starter-catalog.json → N/A — no direct consumer is defined by this atomic contract; verification is performed through the owning Work Item gate. → GATE-01-OWNERSHIP;GATE-02-CONSUMER;GATE-05-DB-QUERY;GATE-17-SUPPLY-CHAIN;GATE-18-TEST-EVIDENCE;GATE-20-HYGIENE;GATE-21-TIME",Per-Work-Item source inventory plus all applicable Engineering Gate commands,"Gate가 local, CI, publication/release에서 동일 기준으로 동작하게 한다. || 도구 실패·결과 누락·지원하지 않는 stack은 fail-closed 정책을 적용한다. || 예외/waiver는 owner, reason, expiry, scope와 audit를 요구한다.",DIRECT_STATIC_AND_ACCEPTANCE_ALTERNATIVE,pytest -q <21 S06 verifier files>; ./gradlew test || python <overlay hygiene validator>,0,Acceptance-specific source/consumer review; relevant gates=GATE-18-TEST-EVIDENCE;GATE-20-HYGIENE; states=미검증;완료. Authoritative environment evidence remains unavailable for at least one relevant gate.,evidence/ATOMIC_WORK_ITEM_EVIDENCE.jsonl#CPF-WP-TEST-EVIDENCE-03-INTEGRATION_ENFORCEMENT,Acceptance-specific source/consumer review; relevant gates=GATE-18-TEST-EVIDENCE;GATE-20-HYGIENE; states=미검증;완료. Authoritative environment evidence remains unavailable for at least one relevant gate.,완료,미검증,미검수,false
CPF-V9-INITIAL-FULL-REVIEW-20260805-2020-REV-007-DEVGPT-V9-S06,CPF-WP-TEST-RUNTIME-01-GATE_ENGINE,WORK_PACKAGE,TEST-RUNTIME,P1,QUALITY_GATE,GATE_ENGINE,품질 Gate Engine,repository-wide test ownership,repository-wide test ownership,,DEVGPT-V9-S06,,Architecture/Security/Quality 규칙을 재현 가능한 CLI/Gradle/CI Gate로 구현한다. || 경로·설정·Generated/Published Artifact를 실제 분석하고 단순 문자열 Marker에 의존하지 않는다. || False PASS/False FAIL을 회귀 Test로 통제한다.,규칙별 stable ID와 machine-readable result schema를 제공한다.,valid repository;rule violation;tool failure;unsupported input,GATE-01-OWNERSHIP;GATE-02-CONSUMER;GATE-05-DB-QUERY;GATE-06-STATE-IDEMP;GATE-08-UNKNOWN-RECOVERY;GATE-13-PERFORMANCE;GATE-18-TEST-EVIDENCE;GATE-20-HYGIENE;GATE-21-TIME,STD-NIST-SSDF,cpf-tools/scripts/verify-cpf-qa34-build-contract.py;cpf-tools/scripts/invoke-official-db-vendor-sql.ps1;cpf-tools/scripts/run-cpf-full-qa-validation.ps1;cpf-tools/scripts/tests/test_qa39_build_contract_split_bom.py;cpf-tools/scripts/verify-cpf-publication-starter-closure.py;cpf-tools/scripts/tests/test_oracle_sqlplus_secret_transport.py;cpf-tools/scripts/tests/test_publication_starter_closure.py;cpf-tools/scripts/tests/test_seed_bundle_runtime_contract.py,cpf-tools/scripts/verify-cpf-qa34-build-contract.py,N/A — static governance/verification contract; no runtime product consumer is required for this atomic assertion.,Architecture/Security/Quality 규칙을 재현 가능한 CLI/Gradle/CI Gate로 구현한다. || 경로·설정·Generated/Published Artifact를 실제 분석하고 단순 문자열 Marker에 의존하지 않는다. || False PASS/False FAIL을 회귀 Test로 통제한다. → cpf-tools/scripts/verify-cpf-qa34-build-contract.py;cpf-tools/scripts/invoke-official-db-vendor-sql.ps1;cpf-tools/scripts/run-cpf-full-qa-validation.ps1;cpf-tools/scripts/tests/test_qa39_build_contract_split_bom.py;cpf-tools/scripts/verify-cpf-publication-starter-closure.py;cpf-tools/scripts/tests/test_oracle_sqlplus_secret_transport.py;cpf-tools/scripts/tests/test_publication_starter_closure.py;cpf-tools/scripts/tests/test_seed_bundle_runtime_contract.py → N/A — static governance/verification contract; no runtime product consumer is required for this atomic assertion. → GATE-01-OWNERSHIP;GATE-02-CONSUMER;GATE-05-DB-QUERY;GATE-06-STATE-IDEMP;GATE-08-UNKNOWN-RECOVERY;GATE-13-PERFORMANCE;GATE-18-TEST-EVIDENCE;GATE-20-HYGIENE;GATE-21-TIME,Per-Work-Item source inventory plus all applicable Engineering Gate commands,Architecture/Security/Quality 규칙을 재현 가능한 CLI/Gradle/CI Gate로 구현한다. || 경로·설정·Generated/Published Artifact를 실제 분석하고 단순 문자열 Marker에 의존하지 않는다. || False PASS/False FAIL을 회귀 Test로 통제한다.,DIRECT_STATIC_AND_ACCEPTANCE_ALTERNATIVE,python cpf-tools/scripts/verify-cpf-runtime-alternatives.py --root . --report <evidence> || pytest -q <21 S06 verifier files>; ./gradlew test,0,Acceptance-specific source/consumer review; relevant gates=GATE-06-STATE-IDEMP;GATE-08-UNKNOWN-RECOVERY;GATE-18-TEST-EVIDENCE; states=완료;완료;미검증. Authoritative environment evidence remains unavailable for at least one relevant gate.,evidence/ATOMIC_WORK_ITEM_EVIDENCE.jsonl#CPF-WP-TEST-RUNTIME-01-GATE_ENGINE,Acceptance-specific source/consumer review; relevant gates=GATE-06-STATE-IDEMP;GATE-08-UNKNOWN-RECOVERY;GATE-18-TEST-EVIDENCE; states=완료;완료;미검증. Authoritative environment evidence remains unavailable for at least one relevant gate.,완료,미검증,미검수,false
CPF-V9-INITIAL-FULL-REVIEW-20260805-2020-REV-007-DEVGPT-V9-S06,CPF-WP-TEST-RUNTIME-02-NEGATIVE_FIXTURES,WORK_PACKAGE,TEST-RUNTIME,P1,QUALITY_GATE,NEGATIVE_FIXTURES,의도적 위반 Fixture,repository-wide test ownership,repository-wide test ownership,,DEVGPT-V9-S06,CPF-WP-TEST-RUNTIME-01-GATE_ENGINE,각 Gate가 잡아야 할 실제 위반을 최소 1개 이상 Fixture로 만들고 실패를 확인한다. || Fixture가 제품 Source에 유입되거나 기본 Build를 오염시키지 않게 격리한다. || 위반 수정 후 PASS 전환도 검증한다.,작은 fixture repository/module과 expected finding ID를 사용한다.,expected fail;unexpected pass;fixed pass,GATE-01-OWNERSHIP;GATE-02-CONSUMER;GATE-05-DB-QUERY;GATE-06-STATE-IDEMP;GATE-08-UNKNOWN-RECOVERY;GATE-13-PERFORMANCE;GATE-18-TEST-EVIDENCE;GATE-20-HYGIENE;GATE-21-TIME,STD-NIST-SSDF,cpf-tools/config/cpf-starter-catalog.json;cpf-tools/scripts/verify-cpf-generator-upgrade-ownership.py;cpf-tools/scripts/verify-cpf-publication-starter-closure.py;cpf-tools/scripts/verify-cpf-starter-catalog-truth.py;cpf-tools/scripts/invoke-official-db-vendor-sql.ps1;cpf-tools/scripts/tests/test_publication_starter_closure.py;cpf-tools/scripts/verify-cpf-owner-boundaries.py;cpf-tools/scripts/tests/test_oracle_sqlplus_secret_transport.py,cpf-tools/config/cpf-starter-catalog.json,N/A — no direct consumer is defined by this atomic contract; verification is performed through the owning Work Item gate.,각 Gate가 잡아야 할 실제 위반을 최소 1개 이상 Fixture로 만들고 실패를 확인한다. || Fixture가 제품 Source에 유입되거나 기본 Build를 오염시키지 않게 격리한다. || 위반 수정 후 PASS 전환도 검증한다. → cpf-tools/config/cpf-starter-catalog.json;cpf-tools/scripts/verify-cpf-generator-upgrade-ownership.py;cpf-tools/scripts/verify-cpf-publication-starter-closure.py;cpf-tools/scripts/verify-cpf-starter-catalog-truth.py;cpf-tools/scripts/invoke-official-db-vendor-sql.ps1;cpf-tools/scripts/tests/test_publication_starter_closure.py;cpf-tools/scripts/verify-cpf-owner-boundaries.py;cpf-tools/scripts/tests/test_oracle_sqlplus_secret_transport.py → N/A — no direct consumer is defined by this atomic contract; verification is performed through the owning Work Item gate. → GATE-01-OWNERSHIP;GATE-02-CONSUMER;GATE-05-DB-QUERY;GATE-06-STATE-IDEMP;GATE-08-UNKNOWN-RECOVERY;GATE-13-PERFORMANCE;GATE-18-TEST-EVIDENCE;GATE-20-HYGIENE;GATE-21-TIME,Per-Work-Item source inventory plus all applicable Engineering Gate commands,각 Gate가 잡아야 할 실제 위반을 최소 1개 이상 Fixture로 만들고 실패를 확인한다. || Fixture가 제품 Source에 유입되거나 기본 Build를 오염시키지 않게 격리한다. || 위반 수정 후 PASS 전환도 검증한다.,DIRECT_STATIC_AND_ACCEPTANCE_ALTERNATIVE,python cpf-tools/scripts/verify-cpf-runtime-alternatives.py --root . --report <evidence> || pytest -q <21 S06 verifier files>; ./gradlew test,0,Acceptance-specific source/consumer review; relevant gates=GATE-06-STATE-IDEMP;GATE-08-UNKNOWN-RECOVERY;GATE-18-TEST-EVIDENCE; states=완료;완료;미검증. Authoritative environment evidence remains unavailable for at least one relevant gate.,evidence/ATOMIC_WORK_ITEM_EVIDENCE.jsonl#CPF-WP-TEST-RUNTIME-02-NEGATIVE_FIXTURES,Acceptance-specific source/consumer review; relevant gates=GATE-06-STATE-IDEMP;GATE-08-UNKNOWN-RECOVERY;GATE-18-TEST-EVIDENCE; states=완료;완료;미검증. Authoritative environment evidence remains unavailable for at least one relevant gate.,완료,미검증,미검수,false
CPF-V9-INITIAL-FULL-REVIEW-20260805-2020-REV-007-DEVGPT-V9-S06,CPF-WP-TEST-RUNTIME-03-INTEGRATION_ENFORCEMENT,WORK_PACKAGE,TEST-RUNTIME,P1,QUALITY_GATE,INTEGRATION_ENFORCEMENT,CI·Publication·Release 차단 연계,repository-wide test ownership,repository-wide test ownership,,DEVGPT-V9-S06,CPF-WP-TEST-RUNTIME-01-GATE_ENGINE,"Gate가 local, CI, publication/release에서 동일 기준으로 동작하게 한다. || 도구 실패·결과 누락·지원하지 않는 stack은 fail-closed 정책을 적용한다. || 예외/waiver는 owner, reason, expiry, scope와 audit를 요구한다.",fast local profile과 authoritative release profile을 분리한다.,CI failure;tool unavailable;expired waiver;release block,GATE-01-OWNERSHIP;GATE-02-CONSUMER;GATE-05-DB-QUERY;GATE-06-STATE-IDEMP;GATE-08-UNKNOWN-RECOVERY;GATE-13-PERFORMANCE;GATE-18-TEST-EVIDENCE;GATE-20-HYGIENE;GATE-21-TIME,STD-NIST-SSDF,cpf-tools/scripts/verify-cpf-openapi-controller-coverage.py;cpf-tools/scripts/invoke-official-db-vendor-sql.ps1;cpf-tools/scripts/tests/test_publication_starter_closure.py;cpf-tools/scripts/verify-cpf-publication-starter-closure.py;cpf-tools/scripts/Qa39Tool.java;cpf-tools/scripts/devgpt-control-v9/build_full_assignment.py;cpf-tools/scripts/tests/test_oracle_sqlplus_secret_transport.py;cpf-tools/scripts/verify-cpf-generator-upgrade-ownership.py,cpf-tools/scripts/verify-cpf-openapi-controller-coverage.py,N/A — no direct consumer is defined by this atomic contract; verification is performed through the owning Work Item gate.,"Gate가 local, CI, publication/release에서 동일 기준으로 동작하게 한다. || 도구 실패·결과 누락·지원하지 않는 stack은 fail-closed 정책을 적용한다. || 예외/waiver는 owner, reason, expiry, scope와 audit를 요구한다. → cpf-tools/scripts/verify-cpf-openapi-controller-coverage.py;cpf-tools/scripts/invoke-official-db-vendor-sql.ps1;cpf-tools/scripts/tests/test_publication_starter_closure.py;cpf-tools/scripts/verify-cpf-publication-starter-closure.py;cpf-tools/scripts/Qa39Tool.java;cpf-tools/scripts/devgpt-control-v9/build_full_assignment.py;cpf-tools/scripts/tests/test_oracle_sqlplus_secret_transport.py;cpf-tools/scripts/verify-cpf-generator-upgrade-ownership.py → N/A — no direct consumer is defined by this atomic contract; verification is performed through the owning Work Item gate. → GATE-01-OWNERSHIP;GATE-02-CONSUMER;GATE-05-DB-QUERY;GATE-06-STATE-IDEMP;GATE-08-UNKNOWN-RECOVERY;GATE-13-PERFORMANCE;GATE-18-TEST-EVIDENCE;GATE-20-HYGIENE;GATE-21-TIME",Per-Work-Item source inventory plus all applicable Engineering Gate commands,"Gate가 local, CI, publication/release에서 동일 기준으로 동작하게 한다. || 도구 실패·결과 누락·지원하지 않는 stack은 fail-closed 정책을 적용한다. || 예외/waiver는 owner, reason, expiry, scope와 audit를 요구한다.",DIRECT_STATIC_AND_ACCEPTANCE_ALTERNATIVE,python cpf-tools/scripts/verify-cpf-runtime-alternatives.py --root . --report <evidence> || pytest -q <21 S06 verifier files>; ./gradlew test,0,Acceptance-specific source/consumer review; relevant gates=GATE-06-STATE-IDEMP;GATE-08-UNKNOWN-RECOVERY;GATE-18-TEST-EVIDENCE; states=완료;완료;미검증. Authoritative environment evidence remains unavailable for at least one relevant gate.,evidence/ATOMIC_WORK_ITEM_EVIDENCE.jsonl#CPF-WP-TEST-RUNTIME-03-INTEGRATION_ENFORCEMENT,Acceptance-specific source/consumer review; relevant gates=GATE-06-STATE-IDEMP;GATE-08-UNKNOWN-RECOVERY;GATE-18-TEST-EVIDENCE; states=완료;완료;미검증. Authoritative environment evidence remains unavailable for at least one relevant gate.,완료,미검증,미검수,false
CPF-V9-INITIAL-FULL-REVIEW-20260805-2020-REV-007-DEVGPT-V9-S06,CPF-WP-TEST-UNIT-01-GATE_ENGINE,WORK_PACKAGE,TEST-UNIT,P1,QUALITY_GATE,GATE_ENGINE,품질 Gate Engine,repository-wide test ownership,repository-wide test ownership,,DEVGPT-V9-S06,,Architecture/Security/Quality 규칙을 재현 가능한 CLI/Gradle/CI Gate로 구현한다. || 경로·설정·Generated/Published Artifact를 실제 분석하고 단순 문자열 Marker에 의존하지 않는다. || False PASS/False FAIL을 회귀 Test로 통제한다.,규칙별 stable ID와 machine-readable result schema를 제공한다.,valid repository;rule violation;tool failure;unsupported input,GATE-01-OWNERSHIP;GATE-02-CONSUMER;GATE-06-STATE-IDEMP;GATE-09-SECURITY;GATE-18-TEST-EVIDENCE;GATE-20-HYGIENE,STD-CISA-SBD;STD-NIST-SSDF;STD-OWASP-ASVS,cpf-tools/scripts/verify-cpf-qa34-build-contract.py;cpf-tools/scripts/invoke-official-db-vendor-sql.ps1;cpf-tools/scripts/run-cpf-full-qa-validation.ps1;cpf-tools/scripts/tests/test_qa39_build_contract_split_bom.py;cpf-tools/scripts/verify-cpf-publication-starter-closure.py;cpf-tools/scripts/tests/test_oracle_sqlplus_secret_transport.py;cpf-tools/scripts/tests/test_publication_starter_closure.py;cpf-tools/scripts/tests/test_seed_bundle_runtime_contract.py,cpf-tools/scripts/verify-cpf-qa34-build-contract.py,N/A — static governance/verification contract; no runtime product consumer is required for this atomic assertion.,Architecture/Security/Quality 규칙을 재현 가능한 CLI/Gradle/CI Gate로 구현한다. || 경로·설정·Generated/Published Artifact를 실제 분석하고 단순 문자열 Marker에 의존하지 않는다. || False PASS/False FAIL을 회귀 Test로 통제한다. → cpf-tools/scripts/verify-cpf-qa34-build-contract.py;cpf-tools/scripts/invoke-official-db-vendor-sql.ps1;cpf-tools/scripts/run-cpf-full-qa-validation.ps1;cpf-tools/scripts/tests/test_qa39_build_contract_split_bom.py;cpf-tools/scripts/verify-cpf-publication-starter-closure.py;cpf-tools/scripts/tests/test_oracle_sqlplus_secret_transport.py;cpf-tools/scripts/tests/test_publication_starter_closure.py;cpf-tools/scripts/tests/test_seed_bundle_runtime_contract.py → N/A — static governance/verification contract; no runtime product consumer is required for this atomic assertion. → GATE-01-OWNERSHIP;GATE-02-CONSUMER;GATE-06-STATE-IDEMP;GATE-09-SECURITY;GATE-18-TEST-EVIDENCE;GATE-20-HYGIENE,Per-Work-Item source inventory plus all applicable Engineering Gate commands,Architecture/Security/Quality 규칙을 재현 가능한 CLI/Gradle/CI Gate로 구현한다. || 경로·설정·Generated/Published Artifact를 실제 분석하고 단순 문자열 Marker에 의존하지 않는다. || False PASS/False FAIL을 회귀 Test로 통제한다.,DIRECT_STATIC_AND_ACCEPTANCE_ALTERNATIVE,pytest -q <21 S06 verifier files>; ./gradlew test,0,Acceptance-specific source/consumer review; relevant gates=GATE-18-TEST-EVIDENCE; states=미검증. Authoritative environment evidence remains unavailable for at least one relevant gate.,evidence/ATOMIC_WORK_ITEM_EVIDENCE.jsonl#CPF-WP-TEST-UNIT-01-GATE_ENGINE,Acceptance-specific source/consumer review; relevant gates=GATE-18-TEST-EVIDENCE; states=미검증. Authoritative environment evidence remains unavailable for at least one relevant gate.,완료,미검증,미검수,false
CPF-V9-INITIAL-FULL-REVIEW-20260805-2020-REV-007-DEVGPT-V9-S06,CPF-WP-TEST-UNIT-02-NEGATIVE_FIXTURES,WORK_PACKAGE,TEST-UNIT,P1,QUALITY_GATE,NEGATIVE_FIXTURES,의도적 위반 Fixture,repository-wide test ownership,repository-wide test ownership,,DEVGPT-V9-S06,CPF-WP-TEST-UNIT-01-GATE_ENGINE,각 Gate가 잡아야 할 실제 위반을 최소 1개 이상 Fixture로 만들고 실패를 확인한다. || Fixture가 제품 Source에 유입되거나 기본 Build를 오염시키지 않게 격리한다. || 위반 수정 후 PASS 전환도 검증한다.,작은 fixture repository/module과 expected finding ID를 사용한다.,expected fail;unexpected pass;fixed pass,GATE-01-OWNERSHIP;GATE-02-CONSUMER;GATE-06-STATE-IDEMP;GATE-09-SECURITY;GATE-18-TEST-EVIDENCE;GATE-20-HYGIENE,STD-CISA-SBD;STD-NIST-SSDF;STD-OWASP-ASVS,cpf-tools/config/cpf-starter-catalog.json;cpf-tools/scripts/verify-cpf-generator-upgrade-ownership.py;cpf-tools/scripts/verify-cpf-publication-starter-closure.py;cpf-tools/scripts/verify-cpf-starter-catalog-truth.py;cpf-tools/scripts/invoke-official-db-vendor-sql.ps1;cpf-tools/scripts/tests/test_publication_starter_closure.py;cpf-tools/scripts/verify-cpf-owner-boundaries.py;cpf-tools/scripts/tests/test_oracle_sqlplus_secret_transport.py,cpf-tools/config/cpf-starter-catalog.json,N/A — no direct consumer is defined by this atomic contract; verification is performed through the owning Work Item gate.,각 Gate가 잡아야 할 실제 위반을 최소 1개 이상 Fixture로 만들고 실패를 확인한다. || Fixture가 제품 Source에 유입되거나 기본 Build를 오염시키지 않게 격리한다. || 위반 수정 후 PASS 전환도 검증한다. → cpf-tools/config/cpf-starter-catalog.json;cpf-tools/scripts/verify-cpf-generator-upgrade-ownership.py;cpf-tools/scripts/verify-cpf-publication-starter-closure.py;cpf-tools/scripts/verify-cpf-starter-catalog-truth.py;cpf-tools/scripts/invoke-official-db-vendor-sql.ps1;cpf-tools/scripts/tests/test_publication_starter_closure.py;cpf-tools/scripts/verify-cpf-owner-boundaries.py;cpf-tools/scripts/tests/test_oracle_sqlplus_secret_transport.py → N/A — no direct consumer is defined by this atomic contract; verification is performed through the owning Work Item gate. → GATE-01-OWNERSHIP;GATE-02-CONSUMER;GATE-06-STATE-IDEMP;GATE-09-SECURITY;GATE-18-TEST-EVIDENCE;GATE-20-HYGIENE,Per-Work-Item source inventory plus all applicable Engineering Gate commands,각 Gate가 잡아야 할 실제 위반을 최소 1개 이상 Fixture로 만들고 실패를 확인한다. || Fixture가 제품 Source에 유입되거나 기본 Build를 오염시키지 않게 격리한다. || 위반 수정 후 PASS 전환도 검증한다.,DIRECT_STATIC_AND_ACCEPTANCE_ALTERNATIVE,pytest -q <21 S06 verifier files>; ./gradlew test,0,Acceptance-specific source/consumer review; relevant gates=GATE-18-TEST-EVIDENCE; states=미검증. Authoritative environment evidence remains unavailable for at least one relevant gate.,evidence/ATOMIC_WORK_ITEM_EVIDENCE.jsonl#CPF-WP-TEST-UNIT-02-NEGATIVE_FIXTURES,Acceptance-specific source/consumer review; relevant gates=GATE-18-TEST-EVIDENCE; states=미검증. Authoritative environment evidence remains unavailable for at least one relevant gate.,완료,미검증,미검수,false
CPF-V9-INITIAL-FULL-REVIEW-20260805-2020-REV-007-DEVGPT-V9-S06,CPF-WP-TEST-UNIT-03-INTEGRATION_ENFORCEMENT,WORK_PACKAGE,TEST-UNIT,P1,QUALITY_GATE,INTEGRATION_ENFORCEMENT,CI·Publication·Release 차단 연계,repository-wide test ownership,repository-wide test ownership,,DEVGPT-V9-S06,CPF-WP-TEST-UNIT-01-GATE_ENGINE,"Gate가 local, CI, publication/release에서 동일 기준으로 동작하게 한다. || 도구 실패·결과 누락·지원하지 않는 stack은 fail-closed 정책을 적용한다. || 예외/waiver는 owner, reason, expiry, scope와 audit를 요구한다.",fast local profile과 authoritative release profile을 분리한다.,CI failure;tool unavailable;expired waiver;release block,GATE-01-OWNERSHIP;GATE-02-CONSUMER;GATE-06-STATE-IDEMP;GATE-09-SECURITY;GATE-18-TEST-EVIDENCE;GATE-20-HYGIENE,STD-CISA-SBD;STD-NIST-SSDF;STD-OWASP-ASVS,cpf-tools/scripts/verify-cpf-openapi-controller-coverage.py;cpf-tools/scripts/invoke-official-db-vendor-sql.ps1;cpf-tools/scripts/tests/test_publication_starter_closure.py;cpf-tools/scripts/verify-cpf-publication-starter-closure.py;cpf-tools/scripts/Qa39Tool.java;cpf-tools/scripts/devgpt-control-v9/build_full_assignment.py;cpf-tools/scripts/tests/test_oracle_sqlplus_secret_transport.py;cpf-tools/scripts/verify-cpf-generator-upgrade-ownership.py,cpf-tools/scripts/verify-cpf-openapi-controller-coverage.py,N/A — no direct consumer is defined by this atomic contract; verification is performed through the owning Work Item gate.,"Gate가 local, CI, publication/release에서 동일 기준으로 동작하게 한다. || 도구 실패·결과 누락·지원하지 않는 stack은 fail-closed 정책을 적용한다. || 예외/waiver는 owner, reason, expiry, scope와 audit를 요구한다. → cpf-tools/scripts/verify-cpf-openapi-controller-coverage.py;cpf-tools/scripts/invoke-official-db-vendor-sql.ps1;cpf-tools/scripts/tests/test_publication_starter_closure.py;cpf-tools/scripts/verify-cpf-publication-starter-closure.py;cpf-tools/scripts/Qa39Tool.java;cpf-tools/scripts/devgpt-control-v9/build_full_assignment.py;cpf-tools/scripts/tests/test_oracle_sqlplus_secret_transport.py;cpf-tools/scripts/verify-cpf-generator-upgrade-ownership.py → N/A — no direct consumer is defined by this atomic contract; verification is performed through the owning Work Item gate. → GATE-01-OWNERSHIP;GATE-02-CONSUMER;GATE-06-STATE-IDEMP;GATE-09-SECURITY;GATE-18-TEST-EVIDENCE;GATE-20-HYGIENE",Per-Work-Item source inventory plus all applicable Engineering Gate commands,"Gate가 local, CI, publication/release에서 동일 기준으로 동작하게 한다. || 도구 실패·결과 누락·지원하지 않는 stack은 fail-closed 정책을 적용한다. || 예외/waiver는 owner, reason, expiry, scope와 audit를 요구한다.",DIRECT_STATIC_AND_ACCEPTANCE_ALTERNATIVE,pytest -q <21 S06 verifier files>; ./gradlew test,0,Acceptance-specific source/consumer review; relevant gates=GATE-18-TEST-EVIDENCE; states=미검증. Authoritative environment evidence remains unavailable for at least one relevant gate.,evidence/ATOMIC_WORK_ITEM_EVIDENCE.jsonl#CPF-WP-TEST-UNIT-03-INTEGRATION_ENFORCEMENT,Acceptance-specific source/consumer review; relevant gates=GATE-18-TEST-EVIDENCE; states=미검증. Authoritative environment evidence remains unavailable for at least one relevant gate.,완료,미검증,미검수,false
CPF-V9-INITIAL-FULL-REVIEW-20260805-2020-REV-007-DEVGPT-V9-S06,GAP-ASYNCAPI-SCHEMA,REQUIREMENT_GAP,,P1,REQUIREMENT_GAP,PROMOTE_NEW_CANONICAL,AsyncAPI·Event Schema Lifecycle,event contract + provider starters + quality/generator,event contract + provider starters + quality,generator,DEVGPT-V9-S06,,개발GPT 수행 또는 자체검수가 완료되지 않아 현재 개발 요청에 포함,,,,,event contract + provider starters + quality / generator,event contract + provider starters + quality / generator,N/A — baseline/gap entity is judged by the named product owner and linked gate evidence.,GAP-ASYNCAPI-SCHEMA acceptance → owner event contract + provider starters + quality → linked evidence → integration/runtime decision,Acceptance-by-acceptance baseline/gap review against exact-SHA source and named evidence,"[GAP-ASYNCAPI-SCHEMA] AsyncAPI·Event Schema Lifecycle: actual_source·actual_consumer·full_call_path가 해당 Acceptance와 일치하고, 명령 `python cpf-tools/scripts/build-cpf-work-package-source-review.py --repo-root .`의 Exit Code·실제 결과가 development_status=완료, verification_status=완료 판정을 뒷받침해야 한다. 실패·미검증 또는 이관/환경 Gap(없음)이 남으면 완료로 승격하지 않는다.",DIRECT_AND_ALTERNATIVE_REVIEW,python cpf-tools/scripts/build-cpf-work-package-source-review.py --repo-root .,0,"AsyncAPI 3.1 catalog, source ownership, six consumers, channel/message/schema and lifecycle validation passed.",evidence/ATOMIC_WORK_ITEM_EVIDENCE.jsonl#GAP-ASYNCAPI-SCHEMA,,완료,완료,미검수,false
CPF-V9-INITIAL-FULL-REVIEW-20260805-2020-REV-007-DEVGPT-V9-S06,GAP-CACHE,REQUIREMENT_GAP,,P1,REQUIREMENT_GAP,PROMOTE_NEW_CANONICAL,Cache Capability,cpf-core cache SPI + leaf provider + actual consumer,cpf-core cache SPI + leaf provider + actual consumer,,DEVGPT-V9-S06,,개발GPT 수행 또는 자체검수가 완료되지 않아 현재 개발 요청에 포함,,,,,"cpf-core/src/main/java/com/cpf/core/api/cache/**;cpf-common/src/main/java/com/cpf/common/cache/CpfCacheInvalidationCoordinator.java;cpf-starters/data/cache-caffeine/src/main/java/com/cpf/starter/data/cache/caffeine/CpfCacheAutoConfiguration.java;cpf-starters/data/cache-valkey/src/main/java/com/cpf/starter/data/cache/valkey/**;cpf-tools/db/vendor/{oracle,postgresql,mariadb}/**cache_invalidation**",ValkeyCpfCachePort + JdbcCpfCacheInvalidationStore + CpfCacheInvalidationCoordinator; Caffeine L1 remains a separate local provider.,AdmCacheOperationService plus RedisMessageListenerContainer fast signal consumers on every configured instance.,ADM evict/reconcile → CpfCacheInvalidationCoordinator → durable JDBC event ledger → local/L2 eviction → checkpoint → best-effort Valkey signal → remote instance reconcile; process kill resumes from checkpoint.,Direct Java cache/Valkey/feature runtime harness; durable coordinator process-kill/reconcile harness; three-vendor lifecycle parity verifier; source/consumer assertions; 27-file S06 regression.,TTL/payload/tenant isolation; SCAN namespace eviction; atomic lock release/fencing; durable-first append; eventKey payload conflict; checkpoint-after-apply; process-kill replay; fast-signal loss recovery; Oracle/PostgreSQL/MariaDB source/install/migration/rollback/runtime/verify parity.,DIRECT_RUNTIME_AND_THREE_VENDOR_STATIC_LIFECYCLE,python cpf-tools/scripts/verify-cpf-cache-feature-flag-runtime.py --repo-root . --report-json <evidence>; python cpf-tools/scripts/verify-cpf-cache-durable-lifecycle.py --repo-root . --report-json <evidence>; pytest -q <27 S06 owned/affected files>,0,Cache Capability implemented end-to-end. Direct cache/Valkey/Feature Flag harnesses PASS; durable-first ledger/checkpoint/reconcile and all three official vendor lifecycle packs PASS; 27 files/122 tests PASS.,evidence/S06_CAPABILITY_EVIDENCE_INDEX.json,Authoritative external Valkey and three vendor DB server execution remains environment evidence only; implementation and deterministic runtime acceptance are complete.,완료,완료,미검수,false
CPF-V9-INITIAL-FULL-REVIEW-20260805-2020-REV-007-DEVGPT-V9-S06,GAP-CBOM,REQUIREMENT_GAP,SEC-CERT;SEC-SECRET;REL-BUILD,P1,REQUIREMENT_GAP,MERGE_STRENGTHEN,Cryptographic BOM,security + supply chain,security + supply chain,,DEVGPT-V9-S06,,개발GPT 수행 또는 자체검수가 완료되지 않아 현재 개발 요청에 포함,,,,,security + supply chain / ,security + supply chain / ,N/A — baseline/gap entity is judged by the named product owner and linked gate evidence.,GAP-CBOM acceptance → owner security + supply chain → linked evidence → integration/runtime decision,Acceptance-by-acceptance baseline/gap review against exact-SHA source and named evidence,"[GAP-CBOM] Cryptographic BOM: actual_source·actual_consumer·full_call_path가 해당 Acceptance와 일치하고, 명령 `python cpf-tools/scripts/build-cpf-work-package-source-review.py --repo-root .`의 Exit Code·실제 결과가 development_status=완료, verification_status=완료 판정을 뒷받침해야 한다. 실패·미검증 또는 이관/환경 Gap(없음)이 남으면 완료로 승격하지 않는다.",DIRECT_AND_ALTERNATIVE_REVIEW,python cpf-tools/scripts/build-cpf-work-package-source-review.py --repo-root .,0,CycloneDX CBOM object and digest plus in-toto/SLSA provenance subject were generated and verified.,evidence/ATOMIC_WORK_ITEM_EVIDENCE.jsonl#GAP-CBOM,,완료,완료,미검수,false
CPF-V9-INITIAL-FULL-REVIEW-20260805-2020-REV-007-DEVGPT-V9-S06,GAP-CONFIG-SCHEMA,REQUIREMENT_GAP,CORE-CONFIG;OPS-CONFIG;REL-COMPAT,P1,REQUIREMENT_GAP,MERGE_STRENGTHEN,Config Schema Evolution,core config + runtime control,core config + runtime control,,DEVGPT-V9-S06,,개발GPT 수행 또는 자체검수가 완료되지 않아 현재 개발 요청에 포함,,,,,core config + runtime control / ,core config + runtime control / ,N/A — baseline/gap entity is judged by the named product owner and linked gate evidence.,GAP-CONFIG-SCHEMA acceptance → owner core config + runtime control → linked evidence → integration/runtime decision,Acceptance-by-acceptance baseline/gap review against exact-SHA source and named evidence,"[GAP-CONFIG-SCHEMA] Config Schema Evolution: actual_source·actual_consumer·full_call_path가 해당 Acceptance와 일치하고, 명령 `python cpf-tools/scripts/build-cpf-work-package-source-review.py --repo-root .`의 Exit Code·실제 결과가 development_status=완료, verification_status=완료 판정을 뒷받침해야 한다. 실패·미검증 또는 이관/환경 Gap(없음)이 남으면 완료로 승격하지 않는다.",DIRECT_AND_ALTERNATIVE_REVIEW,python cpf-tools/scripts/build-cpf-work-package-source-review.py --repo-root .,0,Additive config accepted and type/removal/new-required breaking changes rejected.,evidence/ATOMIC_WORK_ITEM_EVIDENCE.jsonl#GAP-CONFIG-SCHEMA,,완료,완료,미검수,false
CPF-V9-INITIAL-FULL-REVIEW-20260805-2020-REV-007-DEVGPT-V9-S06,GAP-DATA-QUALITY,REQUIREMENT_GAP,,P1,REQUIREMENT_GAP,PROMOTE_NEW_CANONICAL,Data Quality·Quarantine·Correction,data owner + operations/admin,data owner + operations,admin,DEVGPT-V9-S06,,개발GPT 수행 또는 자체검수가 완료되지 않아 현재 개발 요청에 포함,,,,,data owner + operations / admin,data owner + operations / admin,N/A — baseline/gap entity is judged by the named product owner and linked gate evidence.,GAP-DATA-QUALITY acceptance → owner data owner + operations → linked evidence → integration/runtime decision,Acceptance-by-acceptance baseline/gap review against exact-SHA source and named evidence,"[GAP-DATA-QUALITY] Data Quality·Quarantine·Correction: actual_source·actual_consumer·full_call_path가 해당 Acceptance와 일치하고, 명령 `python cpf-tools/scripts/build-cpf-work-package-source-review.py --repo-root .`의 Exit Code·실제 결과가 development_status=미완료, verification_status=미검증 판정을 뒷받침해야 한다. 실패·미검증 또는 이관/환경 Gap(Quarantine/correction operational consumer not fully evidenced.)이 남으면 완료로 승격하지 않는다.",DIRECT_AND_ALTERNATIVE_REVIEW,python cpf-tools/scripts/build-cpf-work-package-source-review.py --repo-root .,0,Quarantine/correction operational consumer not fully evidenced.,evidence/ATOMIC_WORK_ITEM_EVIDENCE.jsonl#GAP-DATA-QUALITY,Quarantine/correction operational consumer not fully evidenced.,미완료,미검증,미검수,false
CPF-V9-INITIAL-FULL-REVIEW-20260805-2020-REV-007-DEVGPT-V9-S06,GAP-DEPENDENCY-POLICY,REQUIREMENT_GAP,RULE-SEC;RULE-QUALITY;REL-BUILD,P1,REQUIREMENT_GAP,MERGE_STRENGTHEN,Dependency·License·Supplier Policy,quality/release governance,quality,release governance,DEVGPT-V9-S06,,개발GPT 수행 또는 자체검수가 완료되지 않아 현재 개발 요청에 포함,,,,,quality / release governance,quality / release governance,N/A — baseline/gap entity is judged by the named product owner and linked gate evidence.,GAP-DEPENDENCY-POLICY acceptance → owner quality → linked evidence → integration/runtime decision,Acceptance-by-acceptance baseline/gap review against exact-SHA source and named evidence,"[GAP-DEPENDENCY-POLICY] Dependency·License·Supplier Policy: actual_source·actual_consumer·full_call_path가 해당 Acceptance와 일치하고, 명령 `python cpf-tools/scripts/build-cpf-work-package-source-review.py --repo-root .`의 Exit Code·실제 결과가 development_status=완료, verification_status=완료 판정을 뒷받침해야 한다. 실패·미검증 또는 이관/환경 Gap(없음)이 남으면 완료로 승격하지 않는다.",DIRECT_AND_ALTERNATIVE_REVIEW,python cpf-tools/scripts/build-cpf-work-package-source-review.py --repo-root .,0,"Approved-license dependency policy, KEV response and waiver expiry checks passed.",evidence/ATOMIC_WORK_ITEM_EVIDENCE.jsonl#GAP-DEPENDENCY-POLICY,,완료,완료,미검수,false
CPF-V9-INITIAL-FULL-REVIEW-20260805-2020-REV-007-DEVGPT-V9-S06,GAP-FEATURE-FLAG,REQUIREMENT_GAP,,P1,REQUIREMENT_GAP,PROMOTE_NEW_CANONICAL,OpenFeature Feature Flag,cpf-core SPI + OpenFeature starter + ADM operations,cpf-core SPI + OpenFeature starter + ADM operations,,DEVGPT-V9-S06,,개발GPT 수행 또는 자체검수가 완료되지 않아 현재 개발 요청에 포함,,,,,cpf-core SPI + OpenFeature starter + ADM operations / ,cpf-core SPI + OpenFeature starter + ADM operations / ,N/A — baseline/gap entity is judged by the named product owner and linked gate evidence.,GAP-FEATURE-FLAG acceptance → owner cpf-core SPI + OpenFeature starter + ADM operations → linked evidence → integration/runtime decision,Acceptance-by-acceptance baseline/gap review against exact-SHA source and named evidence,"[GAP-FEATURE-FLAG] OpenFeature Feature Flag: actual_source·actual_consumer·full_call_path가 해당 Acceptance와 일치하고, 명령 `python cpf-tools/scripts/build-cpf-work-package-source-review.py --repo-root .`의 Exit Code·실제 결과가 development_status=완료, verification_status=완료 판정을 뒷받침해야 한다. 실패·미검증 또는 이관/환경 Gap(없음)이 남으면 완료로 승격하지 않는다.",DIRECT_AND_ALTERNATIVE_REVIEW,python cpf-tools/scripts/build-cpf-work-package-source-review.py --repo-root .,0,Feature-flag safe default and monotonic version ordering passed with actual source contracts.,evidence/ATOMIC_WORK_ITEM_EVIDENCE.jsonl#GAP-FEATURE-FLAG,,완료,완료,미검수,false
CPF-V9-INITIAL-FULL-REVIEW-20260805-2020-REV-007-DEVGPT-V9-S06,GAP-NOTIFICATION,REQUIREMENT_GAP,,P1,REQUIREMENT_GAP,PROMOTE_NEW_CANONICAL,Notification Delivery Engine,cpf-common policy + channel SPI/providers + ADM,cpf-common policy + channel SPI,providers + ADM,DEVGPT-V9-S06,,개발GPT 수행 또는 자체검수가 완료되지 않아 현재 개발 요청에 포함,,,,,cpf-admin notification/outbox/incident services + frontend generated clients + Oracle/PostgreSQL/MariaDB V92/R92,cpf-common policy + channel SPI / providers + ADM,ADM notification DLQ and Incident Workbench generated-client consumers,ADM UI → generated API client → notification/incident controller → service/outbox → provider; fresh install source schema versus V92 upgrade/R92 rollback,Notification/Incident lifecycle verifier plus three-vendor canonical fresh-install parity negative/positive probe,Outbox retry·dedupe·UNKNOWN_RESULT·DLQ and incident transition consumers exist; each vendor fresh-install canonical schema must include V92 lifecycle DDL and rollback/checksum parity.,DIRECT_AND_ALTERNATIVE_REVIEW,python cpf-tools/scripts/verify-cpf-notification-incident-lifecycle.py --repo-root . --report-json <evidence>,1,"Baseline lifecycle source/frontend tests pass, but Oracle/PostgreSQL/MariaDB canonical source/10_cpf_schema.sql omit V92 incident DDL; proposed S04 patch probe exits 0.",evidence/S06_CAPABILITY_EVIDENCE_INDEX.json,DEVGPT-V9-S04 canonical DB source parity integration pending.,미완료,실패,미검수,false
CPF-V9-INITIAL-FULL-REVIEW-20260805-2020-REV-007-DEVGPT-V9-S06,GAP-OPENAPI-PROFILE,REQUIREMENT_GAP,API-CONTRACT;REL-COMPAT,P1,REQUIREMENT_GAP,MERGE_STRENGTHEN,OpenAPI Supported Profile Lifecycle,API quality/release,API quality,release,DEVGPT-V9-S06,,개발GPT 수행 또는 자체검수가 완료되지 않아 현재 개발 요청에 포함,,,,,API quality / release,API quality / release,N/A — baseline/gap entity is judged by the named product owner and linked gate evidence.,GAP-OPENAPI-PROFILE acceptance → owner API quality → linked evidence → integration/runtime decision,Acceptance-by-acceptance baseline/gap review against exact-SHA source and named evidence,"[GAP-OPENAPI-PROFILE] OpenAPI Supported Profile Lifecycle: actual_source·actual_consumer·full_call_path가 해당 Acceptance와 일치하고, 명령 `python cpf-tools/scripts/build-cpf-work-package-source-review.py --repo-root .`의 Exit Code·실제 결과가 development_status=미완료, verification_status=실패 판정을 뒷받침해야 한다. 실패·미검증 또는 이관/환경 Gap(OpenAPI lifecycle is blocked by seven duplicate Approval operationIds.)이 남으면 완료로 승격하지 않는다.",DIRECT_AND_ALTERNATIVE_REVIEW,python cpf-tools/scripts/build-cpf-work-package-source-review.py --repo-root .,1,OpenAPI lifecycle is blocked by seven duplicate Approval operationIds.,evidence/ATOMIC_WORK_ITEM_EVIDENCE.jsonl#GAP-OPENAPI-PROFILE,OpenAPI lifecycle is blocked by seven duplicate Approval operationIds.,미완료,실패,미검수,false
CPF-V9-INITIAL-FULL-REVIEW-20260805-2020-REV-007-DEVGPT-V9-S06,GAP-PERF-SOAK,REQUIREMENT_GAP,,P1,REQUIREMENT_GAP,PROMOTE_NEW_CANONICAL,Load·Stress·Soak·Leak Regression,repository-wide performance test kit + CI/release profile,repository-wide performance test kit + CI,release profile,DEVGPT-V9-S06,,개발GPT 수행 또는 자체검수가 완료되지 않아 현재 개발 요청에 포함,,,,,repository-wide performance test kit + CI / release profile,repository-wide performance test kit + CI / release profile,N/A — baseline/gap entity is judged by the named product owner and linked gate evidence.,GAP-PERF-SOAK acceptance → owner repository-wide performance test kit + CI → linked evidence → integration/runtime decision,Acceptance-by-acceptance baseline/gap review against exact-SHA source and named evidence,"[GAP-PERF-SOAK] Load·Stress·Soak·Leak Regression: actual_source·actual_consumer·full_call_path가 해당 Acceptance와 일치하고, 명령 `python cpf-tools/scripts/build-cpf-work-package-source-review.py --repo-root .`의 Exit Code·실제 결과가 development_status=완료, verification_status=완료 판정을 뒷받침해야 한다. 실패·미검증 또는 이관/환경 Gap(없음)이 남으면 완료로 승격하지 않는다.",DIRECT_AND_ALTERNATIVE_REVIEW,python cpf-tools/scripts/build-cpf-work-package-source-review.py --repo-root .,0,"Direct performance contract plus 40,000-operation deterministic time/memory/P95 alternative passed.",evidence/ATOMIC_WORK_ITEM_EVIDENCE.jsonl#GAP-PERF-SOAK,,완료,완료,미검수,false
CPF-V9-INITIAL-FULL-REVIEW-20260805-2020-REV-007-DEVGPT-V9-S06,GAP-SUPPLIER-DUE-DILIGENCE,REQUIREMENT_GAP,,P1,REQUIREMENT_GAP,PROMOTE_NEW_CANONICAL,Supplier/Product Due Diligence,release/product governance + dependency onboarding,release,product governance + dependency onboarding,DEVGPT-V9-S06,,개발GPT 수행 또는 자체검수가 완료되지 않아 현재 개발 요청에 포함,,,,,release / product governance + dependency onboarding,release / product governance + dependency onboarding,N/A — baseline/gap entity is judged by the named product owner and linked gate evidence.,GAP-SUPPLIER-DUE-DILIGENCE acceptance → owner release → linked evidence → integration/runtime decision,Acceptance-by-acceptance baseline/gap review against exact-SHA source and named evidence,"[GAP-SUPPLIER-DUE-DILIGENCE] Supplier/Product Due Diligence: actual_source·actual_consumer·full_call_path가 해당 Acceptance와 일치하고, 명령 `python cpf-tools/scripts/build-cpf-work-package-source-review.py --repo-root .`의 Exit Code·실제 결과가 development_status=완료, verification_status=완료 판정을 뒷받침해야 한다. 실패·미검증 또는 이관/환경 Gap(없음)이 남으면 완료로 승격하지 않는다.",DIRECT_AND_ALTERNATIVE_REVIEW,python cpf-tools/scripts/build-cpf-work-package-source-review.py --repo-root .,0,Supplier security/legal approval and dependency policy model passed.,evidence/ATOMIC_WORK_ITEM_EVIDENCE.jsonl#GAP-SUPPLIER-DUE-DILIGENCE,,완료,완료,미검수,false
CPF-V9-INITIAL-FULL-REVIEW-20260805-2020-REV-007-DEVGPT-V9-S06,GAP-SUPPORT-BUNDLE,REQUIREMENT_GAP,,P1,REQUIREMENT_GAP,PROMOTE_NEW_CANONICAL,Sanitized Support Bundle,cpf-admin operations + cpf-tools diagnostics,cpf-admin operations + cpf-tools diagnostics,,DEVGPT-V9-S06,,개발GPT 수행 또는 자체검수가 완료되지 않아 현재 개발 요청에 포함,,,,,cpf-admin operations + cpf-tools diagnostics / ,cpf-admin operations + cpf-tools diagnostics / ,N/A — baseline/gap entity is judged by the named product owner and linked gate evidence.,GAP-SUPPORT-BUNDLE acceptance → owner cpf-admin operations + cpf-tools diagnostics → linked evidence → integration/runtime decision,Acceptance-by-acceptance baseline/gap review against exact-SHA source and named evidence,"[GAP-SUPPORT-BUNDLE] Sanitized Support Bundle: actual_source·actual_consumer·full_call_path가 해당 Acceptance와 일치하고, 명령 `python cpf-tools/scripts/build-cpf-work-package-source-review.py --repo-root .`의 Exit Code·실제 결과가 development_status=완료, verification_status=완료 판정을 뒷받침해야 한다. 실패·미검증 또는 이관/환경 Gap(없음)이 남으면 완료로 승격하지 않는다.",DIRECT_AND_ALTERNATIVE_REVIEW,python cpf-tools/scripts/build-cpf-work-package-source-review.py --repo-root .,0,"Consent-bound allowlist collection, full Authorization/Proxy-Authorization/Cookie/Set-Cookie masking, residual-secret scan, deterministic ZIP and integrity hashes passed end-to-end.",evidence/ATOMIC_WORK_ITEM_EVIDENCE.jsonl#GAP-SUPPORT-BUNDLE,,완료,완료,미검수,false
CPF-V9-INITIAL-FULL-REVIEW-20260805-2020-REV-007-DEVGPT-V9-S06,GAP-TELEMETRY-LIFECYCLE,REQUIREMENT_GAP,CPF-TRACE;OPS-METRIC;REL-COMPAT,P1,REQUIREMENT_GAP,MERGE_STRENGTHEN,Telemetry Schema/Stability Lifecycle,cpf-core observability + operations,cpf-core observability + operations,,DEVGPT-V9-S06,,개발GPT 수행 또는 자체검수가 완료되지 않아 현재 개발 요청에 포함,,,,,cpf-core observability + operations / ,cpf-core observability + operations / ,N/A — baseline/gap entity is judged by the named product owner and linked gate evidence.,GAP-TELEMETRY-LIFECYCLE acceptance → owner cpf-core observability + operations → linked evidence → integration/runtime decision,Acceptance-by-acceptance baseline/gap review against exact-SHA source and named evidence,"[GAP-TELEMETRY-LIFECYCLE] Telemetry Schema/Stability Lifecycle: actual_source·actual_consumer·full_call_path가 해당 Acceptance와 일치하고, 명령 `python cpf-tools/scripts/build-cpf-work-package-source-review.py --repo-root .`의 Exit Code·실제 결과가 development_status=완료, verification_status=완료 판정을 뒷받침해야 한다. 실패·미검증 또는 이관/환경 Gap(없음)이 남으면 완료로 승격하지 않는다.",DIRECT_AND_ALTERNATIVE_REVIEW,python cpf-tools/scripts/build-cpf-work-package-source-review.py --repo-root .,0,Telemetry trace/metric semantic and additive/breaking config compatibility checks passed.,evidence/ATOMIC_WORK_ITEM_EVIDENCE.jsonl#GAP-TELEMETRY-LIFECYCLE,,완료,완료,미검수,false
CPF-V9-INITIAL-FULL-REVIEW-20260805-2020-REV-007-DEVGPT-V9-S06,GAP-THREAT-MODEL,REQUIREMENT_GAP,,P1,REQUIREMENT_GAP,PROMOTE_NEW_CANONICAL,Threat Modeling·Abuse Cases,architecture/security governance + quality gate,architecture,security governance + quality gate,DEVGPT-V9-S06,,개발GPT 수행 또는 자체검수가 완료되지 않아 현재 개발 요청에 포함,,,,,architecture / security governance + quality gate,architecture / security governance + quality gate,N/A — baseline/gap entity is judged by the named product owner and linked gate evidence.,GAP-THREAT-MODEL acceptance → owner architecture → linked evidence → integration/runtime decision,Acceptance-by-acceptance baseline/gap review against exact-SHA source and named evidence,"[GAP-THREAT-MODEL] Threat Modeling·Abuse Cases: actual_source·actual_consumer·full_call_path가 해당 Acceptance와 일치하고, 명령 `python cpf-tools/scripts/build-cpf-work-package-source-review.py --repo-root .`의 Exit Code·실제 결과가 development_status=완료, verification_status=완료 판정을 뒷받침해야 한다. 실패·미검증 또는 이관/환경 Gap(없음)이 남으면 완료로 승격하지 않는다.",DIRECT_AND_ALTERNATIVE_REVIEW,python cpf-tools/scripts/build-cpf-work-package-source-review.py --repo-root .,0,"Threat model data flow, trust boundary, abuse case, mitigation and changed-path coverage gate passed.",evidence/ATOMIC_WORK_ITEM_EVIDENCE.jsonl#GAP-THREAT-MODEL,,완료,완료,미검수,false
CPF-V9-INITIAL-FULL-REVIEW-20260805-2020-REV-007-DEVGPT-V9-S06,GAP-TIME,REQUIREMENT_GAP,,P1,REQUIREMENT_GAP,PROMOTE_NEW_CANONICAL,Time·Clock·Timezone Standard,cpf-core time API/SPI + operations health,cpf-core time API,SPI + operations health,DEVGPT-V9-S06,,개발GPT 수행 또는 자체검수가 완료되지 않아 현재 개발 요청에 포함,,,,,cpf-core time API / SPI + operations health,cpf-core time API / SPI + operations health,N/A — baseline/gap entity is judged by the named product owner and linked gate evidence.,GAP-TIME acceptance → owner cpf-core time API → linked evidence → integration/runtime decision,Acceptance-by-acceptance baseline/gap review against exact-SHA source and named evidence,"[GAP-TIME] Time·Clock·Timezone Standard: actual_source·actual_consumer·full_call_path가 해당 Acceptance와 일치하고, 명령 `python cpf-tools/scripts/build-cpf-work-package-source-review.py --repo-root .`의 Exit Code·실제 결과가 development_status=미완료, verification_status=미검증 판정을 뒷받침해야 한다. 실패·미검증 또는 이관/환경 Gap(Clock/timezone/DST standard runtime matrix incomplete.)이 남으면 완료로 승격하지 않는다.",DIRECT_AND_ALTERNATIVE_REVIEW,python cpf-tools/scripts/build-cpf-work-package-source-review.py --repo-root .,0,Clock/timezone/DST standard runtime matrix incomplete.,evidence/ATOMIC_WORK_ITEM_EVIDENCE.jsonl#GAP-TIME,Clock/timezone/DST standard runtime matrix incomplete.,미완료,미검증,미검수,false
CPF-V9-INITIAL-FULL-REVIEW-20260805-2020-REV-007-DEVGPT-V9-S06,GAP-UPGRADE-ASSISTANT,REQUIREMENT_GAP,,P1,REQUIREMENT_GAP,PROMOTE_NEW_CANONICAL,CPF Framework Upgrade Assistant,cpf-tools migration/upgrade tooling,cpf-tools migration,upgrade tooling,DEVGPT-V9-S06,,개발GPT 수행 또는 자체검수가 완료되지 않아 현재 개발 요청에 포함,,,,,cpf-tools migration / upgrade tooling,cpf-tools migration / upgrade tooling,N/A — baseline/gap entity is judged by the named product owner and linked gate evidence.,GAP-UPGRADE-ASSISTANT acceptance → owner cpf-tools migration → linked evidence → integration/runtime decision,Acceptance-by-acceptance baseline/gap review against exact-SHA source and named evidence,"[GAP-UPGRADE-ASSISTANT] CPF Framework Upgrade Assistant: actual_source·actual_consumer·full_call_path가 해당 Acceptance와 일치하고, 명령 `python cpf-tools/scripts/build-cpf-work-package-source-review.py --repo-root .`의 Exit Code·실제 결과가 development_status=완료, verification_status=완료 판정을 뒷받침해야 한다. 실패·미검증 또는 이관/환경 Gap(없음)이 남으면 완료로 승격하지 않는다.",DIRECT_AND_ALTERNATIVE_REVIEW,python cpf-tools/scripts/build-cpf-work-package-source-review.py --repo-root .,0,Generator upgrade ownership and lifecycle static gates pass.,evidence/ATOMIC_WORK_ITEM_EVIDENCE.jsonl#GAP-UPGRADE-ASSISTANT,,완료,완료,미검수,false
CPF-V9-INITIAL-FULL-REVIEW-20260805-2020-REV-007-DEVGPT-V9-S06,GAP-WEBHOOK,REQUIREMENT_GAP,,P1,REQUIREMENT_GAP,PROMOTE_NEW_CANONICAL,Webhook/Callback Delivery,cpf-core API contract + generated/customer adapter starter,cpf-core API contract + generated,customer adapter starter,DEVGPT-V9-S06,,개발GPT 수행 또는 자체검수가 완료되지 않아 현재 개발 요청에 포함,,,,,cpf-core API contract + generated / customer adapter starter,cpf-core API contract + generated / customer adapter starter,N/A — baseline/gap entity is judged by the named product owner and linked gate evidence.,GAP-WEBHOOK acceptance → owner cpf-core API contract + generated → linked evidence → integration/runtime decision,Acceptance-by-acceptance baseline/gap review against exact-SHA source and named evidence,"[GAP-WEBHOOK] Webhook/Callback Delivery: actual_source·actual_consumer·full_call_path가 해당 Acceptance와 일치하고, 명령 `python cpf-tools/scripts/build-cpf-work-package-source-review.py --repo-root .`의 Exit Code·실제 결과가 development_status=미완료, verification_status=미검증 판정을 뒷받침해야 한다. 실패·미검증 또는 이관/환경 Gap(No complete webhook delivery consumer/retry/DLQ runtime evidence.)이 남으면 완료로 승격하지 않는다.",DIRECT_AND_ALTERNATIVE_REVIEW,python cpf-tools/scripts/build-cpf-work-package-source-review.py --repo-root .,0,No complete webhook delivery consumer/retry/DLQ runtime evidence.,evidence/ATOMIC_WORK_ITEM_EVIDENCE.jsonl#GAP-WEBHOOK,No complete webhook delivery consumer/retry/DLQ runtime evidence.,미완료,미검증,미검수,false
CPF-V9-INITIAL-FULL-REVIEW-20260805-2020-REV-007-DEVGPT-V9-S06,STAB-017,BASELINE_STABILIZATION,,P1,BASELINE_STABILIZATION,STABILIZATION,Gradle 9.x Wrapper·Plugin Shadow Upgrade,integration owner / baseline stabilization,integration owner,baseline stabilization,DEVGPT-V9-S06,,개발GPT 수행 또는 자체검수가 완료되지 않아 현재 개발 요청에 포함,,,,,integration owner / baseline stabilization,integration owner / baseline stabilization,N/A — baseline/gap entity is judged by the named product owner and linked gate evidence.,STAB-017 acceptance → owner integration owner → linked evidence → integration/runtime decision,Acceptance-by-acceptance baseline/gap review against exact-SHA source and named evidence,"[STAB-017] Gradle 9.x Wrapper·Plugin Shadow Upgrade: actual_source·actual_consumer·full_call_path가 해당 Acceptance와 일치하고, 명령 `python cpf-tools/scripts/build-cpf-work-package-source-review.py --repo-root .`의 Exit Code·실제 결과가 development_status=완료, verification_status=미검증 판정을 뒷받침해야 한다. 실패·미검증 또는 이관/환경 Gap(Wrapper SHA is pinned and integrity passes; Gradle 9.1 distribution download fails in sandbox.)이 남으면 완료로 승격하지 않는다.",DIRECT_AND_ALTERNATIVE_REVIEW,python cpf-tools/scripts/build-cpf-work-package-source-review.py --repo-root .,0,Wrapper SHA is pinned and integrity passes; Gradle 9.1 distribution download fails in sandbox.,evidence/ATOMIC_WORK_ITEM_EVIDENCE.jsonl#STAB-017,Wrapper SHA is pinned and integrity passes; Gradle 9.1 distribution download fails in sandbox.,완료,미검증,미검수,false
CPF-V9-INITIAL-FULL-REVIEW-20260805-2020-REV-007-DEVGPT-V9-S06,STAB-019,BASELINE_STABILIZATION,,P1,BASELINE_STABILIZATION,STABILIZATION,OpenAPI 3.2.0/3.1.2 지원 Profile,integration owner / baseline stabilization,integration owner,baseline stabilization,DEVGPT-V9-S06,,개발GPT 수행 또는 자체검수가 완료되지 않아 현재 개발 요청에 포함,,,,,integration owner / baseline stabilization,integration owner / baseline stabilization,N/A — baseline/gap entity is judged by the named product owner and linked gate evidence.,STAB-019 acceptance → owner integration owner → linked evidence → integration/runtime decision,Acceptance-by-acceptance baseline/gap review against exact-SHA source and named evidence,"[STAB-019] OpenAPI 3.2.0/3.1.2 지원 Profile: actual_source·actual_consumer·full_call_path가 해당 Acceptance와 일치하고, 명령 `python cpf-tools/scripts/build-cpf-work-package-source-review.py --repo-root .`의 Exit Code·실제 결과가 development_status=완료, verification_status=미검증 판정을 뒷받침해야 한다. 실패·미검증 또는 이관/환경 Gap(OpenAPI profile source exists; Admin duplicate operations prevent full closure.)이 남으면 완료로 승격하지 않는다.",DIRECT_AND_ALTERNATIVE_REVIEW,python cpf-tools/scripts/build-cpf-work-package-source-review.py --repo-root .,0,OpenAPI profile source exists; Admin duplicate operations prevent full closure.,evidence/ATOMIC_WORK_ITEM_EVIDENCE.jsonl#STAB-019,OpenAPI profile source exists; Admin duplicate operations prevent full closure.,완료,미검증,미검수,false
CPF-V9-INITIAL-FULL-REVIEW-20260805-2020-REV-007-DEVGPT-V9-S06,STAB-020,BASELINE_STABILIZATION,,P1,BASELINE_STABILIZATION,STABILIZATION,AsyncAPI 3.1 Event Contract 공백,integration owner / baseline stabilization,integration owner,baseline stabilization,DEVGPT-V9-S06,,개발GPT 수행 또는 자체검수가 완료되지 않아 현재 개발 요청에 포함,,,,,integration owner / baseline stabilization,integration owner / baseline stabilization,N/A — baseline/gap entity is judged by the named product owner and linked gate evidence.,STAB-020 acceptance → owner integration owner → linked evidence → integration/runtime decision,Acceptance-by-acceptance baseline/gap review against exact-SHA source and named evidence,"[STAB-020] AsyncAPI 3.1 Event Contract 공백: actual_source·actual_consumer·full_call_path가 해당 Acceptance와 일치하고, 명령 `python cpf-tools/scripts/build-cpf-work-package-source-review.py --repo-root .`의 Exit Code·실제 결과가 development_status=완료, verification_status=완료 판정을 뒷받침해야 한다. 실패·미검증 또는 이관/환경 Gap(없음)이 남으면 완료로 승격하지 않는다.",DIRECT_AND_ALTERNATIVE_REVIEW,python cpf-tools/scripts/build-cpf-work-package-source-review.py --repo-root .,0,AsyncAPI 3.1 lifecycle and Kafka contract checks passed.,evidence/ATOMIC_WORK_ITEM_EVIDENCE.jsonl#STAB-020,,완료,완료,미검수,false
CPF-V9-INITIAL-FULL-REVIEW-20260805-2020-REV-007-DEVGPT-V9-S06,STAB-022,BASELINE_STABILIZATION,,P1,BASELINE_STABILIZATION,STABILIZATION,OpenTelemetry SemConv Stability Profile,integration owner / baseline stabilization,integration owner,baseline stabilization,DEVGPT-V9-S06,,개발GPT 수행 또는 자체검수가 완료되지 않아 현재 개발 요청에 포함,,,,,integration owner / baseline stabilization,integration owner / baseline stabilization,N/A — baseline/gap entity is judged by the named product owner and linked gate evidence.,STAB-022 acceptance → owner integration owner → linked evidence → integration/runtime decision,Acceptance-by-acceptance baseline/gap review against exact-SHA source and named evidence,"[STAB-022] OpenTelemetry SemConv Stability Profile: actual_source·actual_consumer·full_call_path가 해당 Acceptance와 일치하고, 명령 `python cpf-tools/scripts/build-cpf-work-package-source-review.py --repo-root .`의 Exit Code·실제 결과가 development_status=완료, verification_status=완료 판정을 뒷받침해야 한다. 실패·미검증 또는 이관/환경 Gap(없음)이 남으면 완료로 승격하지 않는다.",DIRECT_AND_ALTERNATIVE_REVIEW,python cpf-tools/scripts/build-cpf-work-package-source-review.py --repo-root .,0,"Trace parentage, metric attributes and source contracts passed in valid alternative runtime.",evidence/ATOMIC_WORK_ITEM_EVIDENCE.jsonl#STAB-022,,완료,완료,미검수,false
CPF-V9-INITIAL-FULL-REVIEW-20260805-2020-REV-007-DEVGPT-V9-S06,STAB-027,BASELINE_STABILIZATION,,P1,BASELINE_STABILIZATION,STABILIZATION,Frontend 외부 Runtime Asset 의존,integration owner / baseline stabilization,integration owner,baseline stabilization,DEVGPT-V9-S06,,개발GPT 수행 또는 자체검수가 완료되지 않아 현재 개발 요청에 포함,,,,,integration owner / baseline stabilization,integration owner / baseline stabilization,N/A — baseline/gap entity is judged by the named product owner and linked gate evidence.,STAB-027 acceptance → owner integration owner → linked evidence → integration/runtime decision,Acceptance-by-acceptance baseline/gap review against exact-SHA source and named evidence,"[STAB-027] Frontend 외부 Runtime Asset 의존: actual_source·actual_consumer·full_call_path가 해당 Acceptance와 일치하고, 명령 `python cpf-tools/scripts/build-cpf-work-package-source-review.py --repo-root .`의 Exit Code·실제 결과가 development_status=미완료, verification_status=실패 판정을 뒷받침해야 한다. 실패·미검증 또는 이관/환경 Gap(ADM release browser input contract fails; Admin integration request open.)이 남으면 완료로 승격하지 않는다.",DIRECT_AND_ALTERNATIVE_REVIEW,python cpf-tools/scripts/build-cpf-work-package-source-review.py --repo-root .,1,ADM release browser input contract fails; Admin integration request open.,evidence/ATOMIC_WORK_ITEM_EVIDENCE.jsonl#STAB-027,ADM release browser input contract fails; Admin integration request open.,미완료,실패,미검수,false
CPF-V9-INITIAL-FULL-REVIEW-20260805-2020-REV-007-DEVGPT-V9-S06,STAB-028,BASELINE_STABILIZATION,,P1,BASELINE_STABILIZATION,STABILIZATION,Dead Code·Dual Primary·Stale Evidence,integration owner / baseline stabilization,integration owner,baseline stabilization,DEVGPT-V9-S06,,개발GPT 수행 또는 자체검수가 완료되지 않아 현재 개발 요청에 포함,,,,,integration owner / baseline stabilization,integration owner / baseline stabilization,N/A — baseline/gap entity is judged by the named product owner and linked gate evidence.,STAB-028 acceptance → owner integration owner → linked evidence → integration/runtime decision,Acceptance-by-acceptance baseline/gap review against exact-SHA source and named evidence,"[STAB-028] Dead Code·Dual Primary·Stale Evidence: actual_source·actual_consumer·full_call_path가 해당 Acceptance와 일치하고, 명령 `python cpf-tools/scripts/build-cpf-work-package-source-review.py --repo-root .`의 Exit Code·실제 결과가 development_status=미완료, verification_status=실패 판정을 뒷받침해야 한다. 실패·미검증 또는 이관/환경 Gap(Dual Approval primary and stale removed starter root remain.)이 남으면 완료로 승격하지 않는다.",DIRECT_AND_ALTERNATIVE_REVIEW,python cpf-tools/scripts/build-cpf-work-package-source-review.py --repo-root .,1,Dual Approval primary and stale removed starter root remain.,evidence/ATOMIC_WORK_ITEM_EVIDENCE.jsonl#STAB-028,Dual Approval primary and stale removed starter root remain.,미완료,실패,미검수,false
CPF-V9-INITIAL-FULL-REVIEW-20260805-2020-REV-007-DEVGPT-V9-S06,CPF-WP-DEVEX-CODEGEN-01-CONTRACT_OWNERSHIP,WORK_PACKAGE,DEVEX-CODEGEN,P2,PRODUCT_IMPLEMENTATION,CONTRACT_OWNERSHIP,계약·Ownership 확정,cpf-tools + public artifacts,cpf-tools + public artifacts,,DEVGPT-V9-S06,,"Canonical Owner Module·Package·State Owner와 실제 Consumer를 코드 기준으로 확정한다. || Public API·SPI·Internal, 입력·출력·오류·lifecycle·thread-safety·version 계약을 정의한다. || 역방향/순환 의존, Internal 참조, 선택 OSS type 노출, Dual Primary와 owner 없는 공통기능을 제거 또는 이관 대상으로 등록한다. || Local/Remote/Async/Batch 등 적용 topology에서 계약 동등성과 trust boundary를 정의한다.",기존 정식 Package와 Contract를 우선 재사용하고 새 Module은 실제 Owner가 없을 때만 제안한다. || 복잡한 기술 세부는 Internal로 숨기고 고객 확장 지점만 안정 SPI로 노출한다.,contract compatibility;unsupported capability;invalid configuration;internal access negative fixture,GATE-01-OWNERSHIP;GATE-02-CONSUMER;GATE-03-HTTP-API;GATE-05-DB-QUERY;GATE-14-FRONTEND;GATE-15-GENERATOR;GATE-17-SUPPLY-CHAIN;GATE-18-TEST-EVIDENCE;GATE-19-DOC-SUPPORT;GATE-20-HYGIENE,STD-CYCLONEDX;STD-NIST-SSDF;STD-OAS;STD-OPENFEATURE;STD-OWASP-API;STD-RFC9457;STD-SCRUM;STD-SLSA;STD-WCAG,cpf-tools/scripts/verify-cpf-generator-upgrade-ownership.py;cpf-tools/scripts/tests/test_qa39_build_contract_split_bom.py;cpf-tools/scripts/verify-cpf-qa34-build-contract.py;cpf-tools/generator/contracts/cpf-starter-catalog.json;cpf-tools/scripts/build-cpf-requirement-development-traceability.py;cpf-tools/scripts/devgpt-control-v9/build_full_assignment.py;cpf-tools/scripts/build-cpf-work-package-source-review.py;cpf-tools/scripts/tests/test_publication_starter_closure.py,cpf-tools/scripts/verify-cpf-generator-upgrade-ownership.py,N/A — no direct consumer is defined by this atomic contract; verification is performed through the owning Work Item gate.,"Canonical Owner Module·Package·State Owner와 실제 Consumer를 코드 기준으로 확정한다. || Public API·SPI·Internal, 입력·출력·오류·lifecycle·thread-safety·version 계약을 정의한다. || 역방향/순환 의존, Internal 참조, 선택 OSS type 노출, Dual Primary와 owner 없는 공통기능을 제거 또는 이관 대상으로 등록한다. || Local/Remote/Async/Batch 등 적용 topology에서 계약 동등성과 trust boundary를 정의한다. → cpf-tools/scripts/verify-cpf-generator-upgrade-ownership.py;cpf-tools/scripts/tests/test_qa39_build_contract_split_bom.py;cpf-tools/scripts/verify-cpf-qa34-build-contract.py;cpf-tools/generator/contracts/cpf-starter-catalog.json;cpf-tools/scripts/build-cpf-requirement-development-traceability.py;cpf-tools/scripts/devgpt-control-v9/build_full_assignment.py;cpf-tools/scripts/build-cpf-work-package-source-review.py;cpf-tools/scripts/tests/test_publication_starter_closure.py → N/A — no direct consumer is defined by this atomic contract; verification is performed through the owning Work Item gate. → GATE-01-OWNERSHIP;GATE-02-CONSUMER;GATE-03-HTTP-API;GATE-05-DB-QUERY;GATE-14-FRONTEND;GATE-15-GENERATOR;GATE-17-SUPPLY-CHAIN;GATE-18-TEST-EVIDENCE;GATE-19-DOC-SUPPORT;GATE-20-HYGIENE",Per-Work-Item source inventory plus all applicable Engineering Gate commands,"Canonical Owner Module·Package·State Owner와 실제 Consumer를 코드 기준으로 확정한다. || Public API·SPI·Internal, 입력·출력·오류·lifecycle·thread-safety·version 계약을 정의한다. || 역방향/순환 의존, Internal 참조, 선택 OSS type 노출, Dual Primary와 owner 없는 공통기능을 제거 또는 이관 대상으로 등록한다. || Local/Remote/Async/Batch 등 적용 topology에서 계약 동등성과 trust boundary를 정의한다.",DIRECT_STATIC_AND_ACCEPTANCE_ALTERNATIVE,python cpf-tools/scripts/verify-cpf-owner-boundaries.py --repo-root . --report-json <evidence>,0,Acceptance-specific source/consumer review; relevant gates=GATE-01-OWNERSHIP; states=완료. Direct or valid alternative evidence passed.,evidence/ATOMIC_WORK_ITEM_EVIDENCE.jsonl#CPF-WP-DEVEX-CODEGEN-01-CONTRACT_OWNERSHIP,,완료,완료,미검수,false
CPF-V9-INITIAL-FULL-REVIEW-20260805-2020-REV-007-DEVGPT-V9-S06,CPF-WP-DEVEX-CODEGEN-02-IMPLEMENTATION_CONSUMER,WORK_PACKAGE,DEVEX-CODEGEN,P2,PRODUCT_IMPLEMENTATION,IMPLEMENTATION_CONSUMER,기본 구현·실제 Consumer 연결,cpf-tools + public artifacts,cpf-tools + public artifacts,,DEVGPT-V9-S06,CPF-WP-DEVEX-CODEGEN-01-CONTRACT_OWNERSHIP,"Interface/DTO/Marker가 아닌 안전한 기본 구현·Provider·AutoConfiguration·상태 저장을 제공한다. || Bean/Route/SQL/API/Frontend/Script를 실제 Product Consumer 호출 경로에 연결한다. || 설정 safe default, validation, capability detection, lifecycle start/stop와 resource cleanup을 구현한다. || Consumer 없는 추상화나 Sample-only 구현이면 완료하지 않고 실제 Consumer 연결 또는 통합/폐기 후보로 처리한다.",Leaf Starter와 조건부 AutoConfiguration을 사용해 선택하지 않은 Runtime 의존을 유입하지 않는다. || 제품 Consumer와 Reference Consumer를 분리하되 동일 Public Contract를 사용한다.,normal consumer flow;missing provider;invalid property;startup/shutdown;resource cleanup,GATE-01-OWNERSHIP;GATE-02-CONSUMER;GATE-03-HTTP-API;GATE-05-DB-QUERY;GATE-14-FRONTEND;GATE-15-GENERATOR;GATE-17-SUPPLY-CHAIN;GATE-18-TEST-EVIDENCE;GATE-19-DOC-SUPPORT;GATE-20-HYGIENE,STD-CYCLONEDX;STD-NIST-SSDF;STD-OAS;STD-OPENFEATURE;STD-OWASP-API;STD-RFC9457;STD-SCRUM;STD-SLSA;STD-WCAG,cpf-tools/scripts/build-cpf-requirement-development-traceability.py;cpf-tools/scripts/devgpt-control-v9/build_full_assignment.py;cpf-tools/scripts/build-cpf-work-package-source-review.py;cpf-tools/scripts/tests/test_publication_starter_closure.py;cpf-tools/scripts/verify-cpf-publication-starter-closure.py;cpf-tools/scripts/verify-cpf-generator-java-template-compile.py;cpf-tools/scripts/verify-cpf-qa34-build-contract.py;cpf-tools/scripts/invoke-official-db-vendor-sql.ps1,cpf-tools/scripts/build-cpf-requirement-development-traceability.py,N/A — no direct consumer is defined by this atomic contract; verification is performed through the owning Work Item gate.,"Interface/DTO/Marker가 아닌 안전한 기본 구현·Provider·AutoConfiguration·상태 저장을 제공한다. || Bean/Route/SQL/API/Frontend/Script를 실제 Product Consumer 호출 경로에 연결한다. || 설정 safe default, validation, capability detection, lifecycle start/stop와 resource cleanup을 구현한다. || Consumer 없는 추상화나 Sample-only 구현이면 완료하지 않고 실제 Consumer 연결 또는 통합/폐기 후보로 처리한다. → cpf-tools/scripts/build-cpf-requirement-development-traceability.py;cpf-tools/scripts/devgpt-control-v9/build_full_assignment.py;cpf-tools/scripts/build-cpf-work-package-source-review.py;cpf-tools/scripts/tests/test_publication_starter_closure.py;cpf-tools/scripts/verify-cpf-publication-starter-closure.py;cpf-tools/scripts/verify-cpf-generator-java-template-compile.py;cpf-tools/scripts/verify-cpf-qa34-build-contract.py;cpf-tools/scripts/invoke-official-db-vendor-sql.ps1 → N/A — no direct consumer is defined by this atomic contract; verification is performed through the owning Work Item gate. → GATE-01-OWNERSHIP;GATE-02-CONSUMER;GATE-03-HTTP-API;GATE-05-DB-QUERY;GATE-14-FRONTEND;GATE-15-GENERATOR;GATE-17-SUPPLY-CHAIN;GATE-18-TEST-EVIDENCE;GATE-19-DOC-SUPPORT;GATE-20-HYGIENE",Per-Work-Item source inventory plus all applicable Engineering Gate commands,"Interface/DTO/Marker가 아닌 안전한 기본 구현·Provider·AutoConfiguration·상태 저장을 제공한다. || Bean/Route/SQL/API/Frontend/Script를 실제 Product Consumer 호출 경로에 연결한다. || 설정 safe default, validation, capability detection, lifecycle start/stop와 resource cleanup을 구현한다. || Consumer 없는 추상화나 Sample-only 구현이면 완료하지 않고 실제 Consumer 연결 또는 통합/폐기 후보로 처리한다.",DIRECT_STATIC_AND_ACCEPTANCE_ALTERNATIVE,python cpf-tools/scripts/build-cpf-work-package-source-review.py --repo-root .; python cpf-tools/scripts/verify-cpf-spring-request-mapping-uniqueness.py --repo-root .,0,Acceptance-specific source/consumer review; relevant gates=GATE-02-CONSUMER; states=완료. Direct or valid alternative evidence passed.,evidence/ATOMIC_WORK_ITEM_EVIDENCE.jsonl#CPF-WP-DEVEX-CODEGEN-02-IMPLEMENTATION_CONSUMER,,완료,완료,미검수,false
CPF-V9-INITIAL-FULL-REVIEW-20260805-2020-REV-007-DEVGPT-V9-S06,CPF-WP-DEVEX-CODEGEN-03-VERIFICATION_EVIDENCE,WORK_PACKAGE,DEVEX-CODEGEN,P2,PRODUCT_IMPLEMENTATION,VERIFICATION_EVIDENCE,검증·Evidence·추적성,cpf-tools + public artifacts,cpf-tools + public artifacts,,DEVGPT-V9-S06,CPF-WP-DEVEX-CODEGEN-01-CONTRACT_OWNERSHIP;CPF-WP-DEVEX-CODEGEN-02-IMPLEMENTATION_CONSUMER,"연결 CPF-FR Requirement와 CPF-SC Scenario를 논리 원장에서 전수 추출해 이 Work Package에 매핑한다. || 목표 환경을 먼저 실제 실행하고, 불가능할 때 최대 대체검증과 남은 실제 Runtime 차이를 분리한다. || 각 Scenario에 Test Method·Assertion·실제 결과·Evidence를 개별 연결한다. || 명령, 환경/version, 시간, exit code, report/artifact hash, sanitization과 baseline/working-tree 상태를 기록한다.",공통 Test Harness는 재사용하되 각 Requirement/Scenario의 Acceptance 근거를 개별 기록한다. || 긴 로그는 별도 Evidence로 두고 원장에는 핵심 결과와 경로를 남긴다.,direct validation;alternative validation;negative fixture;regression;evidence schema failure,GATE-01-OWNERSHIP;GATE-02-CONSUMER;GATE-03-HTTP-API;GATE-05-DB-QUERY;GATE-14-FRONTEND;GATE-15-GENERATOR;GATE-17-SUPPLY-CHAIN;GATE-18-TEST-EVIDENCE;GATE-19-DOC-SUPPORT;GATE-20-HYGIENE,STD-CYCLONEDX;STD-NIST-SSDF;STD-OAS;STD-OPENFEATURE;STD-OWASP-API;STD-RFC9457;STD-SCRUM;STD-SLSA;STD-WCAG,cpf-tools/scripts/build-cpf-requirement-development-traceability.py;cpf-tools/config/cpf-starter-catalog.json;cpf-tools/generator/contracts/cpf-starter-catalog.json;cpf-tools/scripts/build-cpf-work-package-source-review.py;cpf-tools/scripts/devgpt-control-v9/build_full_assignment.py;cpf-tools/scripts/run-cpf-full-qa-validation.ps1;cpf-tools/scripts/tests/test_publication_starter_closure.py;cpf-tools/scripts/verify-cpf-publication-starter-closure.py,cpf-tools/scripts/build-cpf-requirement-development-traceability.py,N/A — static governance/verification contract; no runtime product consumer is required for this atomic assertion.,"연결 CPF-FR Requirement와 CPF-SC Scenario를 논리 원장에서 전수 추출해 이 Work Package에 매핑한다. || 목표 환경을 먼저 실제 실행하고, 불가능할 때 최대 대체검증과 남은 실제 Runtime 차이를 분리한다. || 각 Scenario에 Test Method·Assertion·실제 결과·Evidence를 개별 연결한다. || 명령, 환경/version, 시간, exit code, report/artifact hash, sanitization과 baseline/working-tree 상태를 기록한다. → cpf-tools/scripts/build-cpf-requirement-development-traceability.py;cpf-tools/config/cpf-starter-catalog.json;cpf-tools/generator/contracts/cpf-starter-catalog.json;cpf-tools/scripts/build-cpf-work-package-source-review.py;cpf-tools/scripts/devgpt-control-v9/build_full_assignment.py;cpf-tools/scripts/run-cpf-full-qa-validation.ps1;cpf-tools/scripts/tests/test_publication_starter_closure.py;cpf-tools/scripts/verify-cpf-publication-starter-closure.py → N/A — static governance/verification contract; no runtime product consumer is required for this atomic assertion. → GATE-01-OWNERSHIP;GATE-02-CONSUMER;GATE-03-HTTP-API;GATE-05-DB-QUERY;GATE-14-FRONTEND;GATE-15-GENERATOR;GATE-17-SUPPLY-CHAIN;GATE-18-TEST-EVIDENCE;GATE-19-DOC-SUPPORT;GATE-20-HYGIENE",Per-Work-Item source inventory plus all applicable Engineering Gate commands,"연결 CPF-FR Requirement와 CPF-SC Scenario를 논리 원장에서 전수 추출해 이 Work Package에 매핑한다. || 목표 환경을 먼저 실제 실행하고, 불가능할 때 최대 대체검증과 남은 실제 Runtime 차이를 분리한다. || 각 Scenario에 Test Method·Assertion·실제 결과·Evidence를 개별 연결한다. || 명령, 환경/version, 시간, exit code, report/artifact hash, sanitization과 baseline/working-tree 상태를 기록한다.",DIRECT_STATIC_AND_ACCEPTANCE_ALTERNATIVE,pytest -q <21 S06 verifier files>; ./gradlew test,0,Acceptance-specific source/consumer review; relevant gates=GATE-18-TEST-EVIDENCE; states=미검증. Authoritative environment evidence remains unavailable for at least one relevant gate.,evidence/ATOMIC_WORK_ITEM_EVIDENCE.jsonl#CPF-WP-DEVEX-CODEGEN-03-VERIFICATION_EVIDENCE,Acceptance-specific source/consumer review; relevant gates=GATE-18-TEST-EVIDENCE; states=미검증. Authoritative environment evidence remains unavailable for at least one relevant gate.,완료,미검증,미검수,false
CPF-V9-INITIAL-FULL-REVIEW-20260805-2020-REV-007-DEVGPT-V9-S06,CPF-WP-DEVEX-CODEGEN-04-DATA_MIGRATION,WORK_PACKAGE,DEVEX-CODEGEN,P2,PRODUCT_IMPLEMENTATION,DATA_MIGRATION,DB·Query·Generator·Vendor Lifecycle,cpf-tools + public artifacts,cpf-tools + public artifacts,,DEVGPT-V9-S06,CPF-WP-DEVEX-CODEGEN-01-CONTRACT_OWNERSHIP,DB/SQL/Query 영향 여부를 반드시 판정하고 N/A면 실제 호출 경로 근거를 기록한다. || Canonical Model/Query Contract→Generator/Template→Generated SQL/Mapper→Fresh Init/Seed→Migration/Rollback/Reapply 순서로 변경한다. || MariaDB/PostgreSQL/Oracle의 type/default/paging/locking/error/index/FK/transaction 차이를 전수 반영한다. || Repository/Mapper/DTO/Service/API/Frontend/Batch/ADM/BZA/Sample/EDU 소비자를 모두 점검한다.,Vendor-native SQL을 유지하되 Canonical Metadata에서 생성/검증 가능한 구조를 우선한다. || 파괴적 변경은 expand→migrate→contract와 compatibility window를 사용한다.,fresh install;double seed;upgrade;migration interruption;rollback/forward recovery;drift;vendor difference,GATE-01-OWNERSHIP;GATE-02-CONSUMER;GATE-03-HTTP-API;GATE-05-DB-QUERY;GATE-14-FRONTEND;GATE-15-GENERATOR;GATE-16-COMPATIBILITY;GATE-17-SUPPLY-CHAIN;GATE-18-TEST-EVIDENCE;GATE-19-DOC-SUPPORT;GATE-20-HYGIENE,STD-CYCLONEDX;STD-NIST-SSDF;STD-OAS;STD-OPENFEATURE;STD-OWASP-API;STD-RFC9457;STD-SCRUM;STD-SLSA;STD-WCAG,cpf-starters/profiles/minimal-domain/build.gradle;cpf-starters/profiles/secure-api/build.gradle;cpf-starters/profiles/web-api/build.gradle;cpf-starters/messaging/kafka/src/main/java/com/cpf/starter/messaging/kafka/internal/CpfKafkaConsumerControlAdapter.java;cpf-starters/data/cache-caffeine/build.gradle;cpf-starters/data/cache-valkey/build.gradle;cpf-starters/data/persistence-jdbc/build.gradle;cpf-starters/data/persistence-mybatis/build.gradle,cpf-starters/profiles/minimal-domain/build.gradle,cpf-starters/messaging/kafka/src/main/java/com/cpf/starter/messaging/kafka/internal/CpfKafkaConsumerControlAdapter.java;cpf-starters/profiles/batch-service/build.gradle;cpf-starters/profiles/event-service/build.gradle;cpf-starters/integration/http-client/src/main/java/com/cpf/starter/integration/http/client/internal/CpfResilientHttpClient.java;cpf-starters/integration/tcp/src/main/java/com/cpf/starter/integration/tcp/internal/CpfResilientTcpClient.java,DB/SQL/Query 영향 여부를 반드시 판정하고 N/A면 실제 호출 경로 근거를 기록한다. || Canonical Model/Query Contract→Generator/Template→Generated SQL/Mapper→Fresh Init/Seed→Migration/Rollback/Reapply 순서로 변경한다. || MariaDB/PostgreSQL/Oracle의 type/default/paging/locking/error/index/FK/transaction 차이를 전수 반영한다. || Repository/Mapper/DTO/Service/API/Frontend/Batch/ADM/BZA/Sample/EDU 소비자를 모두 점검한다. → cpf-starters/profiles/minimal-domain/build.gradle;cpf-starters/profiles/secure-api/build.gradle;cpf-starters/profiles/web-api/build.gradle;cpf-starters/messaging/kafka/src/main/java/com/cpf/starter/messaging/kafka/internal/CpfKafkaConsumerControlAdapter.java;cpf-starters/data/cache-caffeine/build.gradle;cpf-starters/data/cache-valkey/build.gradle;cpf-starters/data/persistence-jdbc/build.gradle;cpf-starters/data/persistence-mybatis/build.gradle → cpf-starters/messaging/kafka/src/main/java/com/cpf/starter/messaging/kafka/internal/CpfKafkaConsumerControlAdapter.java;cpf-starters/profiles/batch-service/build.gradle;cpf-starters/profiles/event-service/build.gradle;cpf-starters/integration/http-client/src/main/java/com/cpf/starter/integration/http/client/internal/CpfResilientHttpClient.java;cpf-starters/integration/tcp/src/main/java/com/cpf/starter/integration/tcp/internal/CpfResilientTcpClient.java → GATE-01-OWNERSHIP;GATE-02-CONSUMER;GATE-03-HTTP-API;GATE-05-DB-QUERY;GATE-14-FRONTEND;GATE-15-GENERATOR;GATE-16-COMPATIBILITY;GATE-17-SUPPLY-CHAIN;GATE-18-TEST-EVIDENCE;GATE-19-DOC-SUPPORT;GATE-20-HYGIENE,Per-Work-Item source inventory plus all applicable Engineering Gate commands,DB/SQL/Query 영향 여부를 반드시 판정하고 N/A면 실제 호출 경로 근거를 기록한다. || Canonical Model/Query Contract→Generator/Template→Generated SQL/Mapper→Fresh Init/Seed→Migration/Rollback/Reapply 순서로 변경한다. || MariaDB/PostgreSQL/Oracle의 type/default/paging/locking/error/index/FK/transaction 차이를 전수 반영한다. || Repository/Mapper/DTO/Service/API/Frontend/Batch/ADM/BZA/Sample/EDU 소비자를 모두 점검한다.,DIRECT_STATIC_AND_ACCEPTANCE_ALTERNATIVE,python cpf-tools/scripts/verify-cpf-seed-dialect.py --repo-root .; java -cp <classes> Qa39Tool db-static-token-parity .,0,Acceptance-specific source/consumer review; relevant gates=GATE-05-DB-QUERY; states=미검증. Authoritative environment evidence remains unavailable for at least one relevant gate.,evidence/ATOMIC_WORK_ITEM_EVIDENCE.jsonl#CPF-WP-DEVEX-CODEGEN-04-DATA_MIGRATION,Acceptance-specific source/consumer review; relevant gates=GATE-05-DB-QUERY; states=미검증. Authoritative environment evidence remains unavailable for at least one relevant gate.,완료,미검증,미검수,false
CPF-V9-INITIAL-FULL-REVIEW-20260805-2020-REV-007-DEVGPT-V9-S06,CPF-WP-DEVEX-CODEGEN-05-GENERATION_COMPATIBILITY,WORK_PACKAGE,DEVEX-CODEGEN,P2,PRODUCT_IMPLEMENTATION,GENERATION_COMPATIBILITY,생성·Artifact·호환성,cpf-tools + public artifacts,cpf-tools + public artifacts,,DEVGPT-V9-S06,CPF-WP-DEVEX-CODEGEN-01-CONTRACT_OWNERSHIP,"Generator/OpenAPI/AsyncAPI/DB metadata/template 등 Canonical 입력과 생성 산출물의 ownership을 확정한다. || remove→regenerate deterministic parity와 user-owned 영역 보존을 검증한다. || API/message/file/DB/config/artifact의 semantic version, compatibility, deprecation, mixed-version와 rollback 영향을 처리한다. || Generated Source만 수동 수정하지 않고 원본 입력·Generator·Golden Sample을 함께 수정한다.",입력 version/hash와 generator version을 manifest에 고정하고 normalized diff gate를 사용한다. || 최신 표준 버전은 shadow compatibility를 통과한 뒤 CPF 지원 profile로 승격한다.,clean regeneration;user region preserve;mixed version;unsupported profile;rollback compatibility,GATE-01-OWNERSHIP;GATE-02-CONSUMER;GATE-03-HTTP-API;GATE-05-DB-QUERY;GATE-14-FRONTEND;GATE-15-GENERATOR;GATE-16-COMPATIBILITY;GATE-17-SUPPLY-CHAIN;GATE-18-TEST-EVIDENCE;GATE-19-DOC-SUPPORT;GATE-20-HYGIENE,STD-CYCLONEDX;STD-NIST-SSDF;STD-OAS;STD-OPENFEATURE;STD-OWASP-API;STD-RFC9457;STD-SCRUM;STD-SLSA;STD-WCAG,cpf-admin/frontend/openapi/cpf-openapi.json;cpf-admin/frontend/src/generated/cpf-api.ts;cpf-tools/scripts/verify-cpf-openapi-controller-coverage.py;cpf-tools/db/vendor/mariadb/seed/00_optional_sample_seed.sql;cpf-tools/db/vendor/mariadb/source/00_optional_sample_seed.sql;cpf-tools/db/vendor/oracle/seed/00_optional_sample_seed.sql;cpf-tools/db/vendor/oracle/source/00_optional_sample_seed.sql;cpf-tools/db/vendor/postgresql/seed/00_optional_sample_seed.sql,cpf-admin/frontend/openapi/cpf-openapi.json,cpf-admin/frontend/src/generated/cpf-api.ts,"Generator/OpenAPI/AsyncAPI/DB metadata/template 등 Canonical 입력과 생성 산출물의 ownership을 확정한다. || remove→regenerate deterministic parity와 user-owned 영역 보존을 검증한다. || API/message/file/DB/config/artifact의 semantic version, compatibility, deprecation, mixed-version와 rollback 영향을 처리한다. || Generated Source만 수동 수정하지 않고 원본 입력·Generator·Golden Sample을 함께 수정한다. → cpf-admin/frontend/openapi/cpf-openapi.json;cpf-admin/frontend/src/generated/cpf-api.ts;cpf-tools/scripts/verify-cpf-openapi-controller-coverage.py;cpf-tools/db/vendor/mariadb/seed/00_optional_sample_seed.sql;cpf-tools/db/vendor/mariadb/source/00_optional_sample_seed.sql;cpf-tools/db/vendor/oracle/seed/00_optional_sample_seed.sql;cpf-tools/db/vendor/oracle/source/00_optional_sample_seed.sql;cpf-tools/db/vendor/postgresql/seed/00_optional_sample_seed.sql → cpf-admin/frontend/src/generated/cpf-api.ts → GATE-01-OWNERSHIP;GATE-02-CONSUMER;GATE-03-HTTP-API;GATE-05-DB-QUERY;GATE-14-FRONTEND;GATE-15-GENERATOR;GATE-16-COMPATIBILITY;GATE-17-SUPPLY-CHAIN;GATE-18-TEST-EVIDENCE;GATE-19-DOC-SUPPORT;GATE-20-HYGIENE",Per-Work-Item source inventory plus all applicable Engineering Gate commands,"Generator/OpenAPI/AsyncAPI/DB metadata/template 등 Canonical 입력과 생성 산출물의 ownership을 확정한다. || remove→regenerate deterministic parity와 user-owned 영역 보존을 검증한다. || API/message/file/DB/config/artifact의 semantic version, compatibility, deprecation, mixed-version와 rollback 영향을 처리한다. || Generated Source만 수동 수정하지 않고 원본 입력·Generator·Golden Sample을 함께 수정한다.",DIRECT_STATIC_AND_ACCEPTANCE_ALTERNATIVE,python cpf-tools/scripts/verify-cpf-generator-idempotency-templates.py --repo-root .; python cpf-tools/scripts/verify-cpf-generator-lifecycle.py --repo-root . || python cpf-tools/scripts/verify-cpf-qa34-build-contract.py --repo-root .,0,Acceptance-specific source/consumer review; relevant gates=GATE-15-GENERATOR;GATE-16-COMPATIBILITY; states=완료;미검증. Authoritative environment evidence remains unavailable for at least one relevant gate.,evidence/ATOMIC_WORK_ITEM_EVIDENCE.jsonl#CPF-WP-DEVEX-CODEGEN-05-GENERATION_COMPATIBILITY,Acceptance-specific source/consumer review; relevant gates=GATE-15-GENERATOR;GATE-16-COMPATIBILITY; states=완료;미검증. Authoritative environment evidence remains unavailable for at least one relevant gate.,완료,미검증,미검수,false
CPF-V9-INITIAL-FULL-REVIEW-20260805-2020-REV-007-DEVGPT-V9-S06,CPF-WP-DEVEX-COMMENT-01-CONTRACT_OWNERSHIP,WORK_PACKAGE,DEVEX-COMMENT,P2,PRODUCT_IMPLEMENTATION,CONTRACT_OWNERSHIP,계약·Ownership 확정,cpf-tools + public artifacts,cpf-tools + public artifacts,,DEVGPT-V9-S06,,"Canonical Owner Module·Package·State Owner와 실제 Consumer를 코드 기준으로 확정한다. || Public API·SPI·Internal, 입력·출력·오류·lifecycle·thread-safety·version 계약을 정의한다. || 역방향/순환 의존, Internal 참조, 선택 OSS type 노출, Dual Primary와 owner 없는 공통기능을 제거 또는 이관 대상으로 등록한다. || Local/Remote/Async/Batch 등 적용 topology에서 계약 동등성과 trust boundary를 정의한다.",기존 정식 Package와 Contract를 우선 재사용하고 새 Module은 실제 Owner가 없을 때만 제안한다. || 복잡한 기술 세부는 Internal로 숨기고 고객 확장 지점만 안정 SPI로 노출한다.,contract compatibility;unsupported capability;invalid configuration;internal access negative fixture,GATE-01-OWNERSHIP;GATE-02-CONSUMER;GATE-03-HTTP-API;GATE-15-GENERATOR;GATE-17-SUPPLY-CHAIN;GATE-18-TEST-EVIDENCE;GATE-19-DOC-SUPPORT;GATE-20-HYGIENE,STD-CYCLONEDX;STD-NIST-SSDF;STD-OAS;STD-OPENFEATURE;STD-OWASP-API;STD-RFC9457;STD-SCRUM;STD-SLSA,cpf-tools/scripts/verify-cpf-generator-upgrade-ownership.py;cpf-tools/scripts/tests/test_qa39_build_contract_split_bom.py;cpf-tools/scripts/verify-cpf-qa34-build-contract.py;cpf-tools/generator/contracts/cpf-starter-catalog.json;cpf-tools/scripts/build-cpf-requirement-development-traceability.py;cpf-tools/scripts/devgpt-control-v9/build_full_assignment.py;cpf-tools/scripts/build-cpf-work-package-source-review.py;cpf-tools/scripts/tests/test_publication_starter_closure.py,cpf-tools/scripts/verify-cpf-generator-upgrade-ownership.py,N/A — no direct consumer is defined by this atomic contract; verification is performed through the owning Work Item gate.,"Canonical Owner Module·Package·State Owner와 실제 Consumer를 코드 기준으로 확정한다. || Public API·SPI·Internal, 입력·출력·오류·lifecycle·thread-safety·version 계약을 정의한다. || 역방향/순환 의존, Internal 참조, 선택 OSS type 노출, Dual Primary와 owner 없는 공통기능을 제거 또는 이관 대상으로 등록한다. || Local/Remote/Async/Batch 등 적용 topology에서 계약 동등성과 trust boundary를 정의한다. → cpf-tools/scripts/verify-cpf-generator-upgrade-ownership.py;cpf-tools/scripts/tests/test_qa39_build_contract_split_bom.py;cpf-tools/scripts/verify-cpf-qa34-build-contract.py;cpf-tools/generator/contracts/cpf-starter-catalog.json;cpf-tools/scripts/build-cpf-requirement-development-traceability.py;cpf-tools/scripts/devgpt-control-v9/build_full_assignment.py;cpf-tools/scripts/build-cpf-work-package-source-review.py;cpf-tools/scripts/tests/test_publication_starter_closure.py → N/A — no direct consumer is defined by this atomic contract; verification is performed through the owning Work Item gate. → GATE-01-OWNERSHIP;GATE-02-CONSUMER;GATE-03-HTTP-API;GATE-15-GENERATOR;GATE-17-SUPPLY-CHAIN;GATE-18-TEST-EVIDENCE;GATE-19-DOC-SUPPORT;GATE-20-HYGIENE",Per-Work-Item source inventory plus all applicable Engineering Gate commands,"Canonical Owner Module·Package·State Owner와 실제 Consumer를 코드 기준으로 확정한다. || Public API·SPI·Internal, 입력·출력·오류·lifecycle·thread-safety·version 계약을 정의한다. || 역방향/순환 의존, Internal 참조, 선택 OSS type 노출, Dual Primary와 owner 없는 공통기능을 제거 또는 이관 대상으로 등록한다. || Local/Remote/Async/Batch 등 적용 topology에서 계약 동등성과 trust boundary를 정의한다.",DIRECT_STATIC_AND_ACCEPTANCE_ALTERNATIVE,python cpf-tools/scripts/verify-cpf-owner-boundaries.py --repo-root . --report-json <evidence>,0,Acceptance-specific source/consumer review; relevant gates=GATE-01-OWNERSHIP; states=완료. Direct or valid alternative evidence passed.,evidence/ATOMIC_WORK_ITEM_EVIDENCE.jsonl#CPF-WP-DEVEX-COMMENT-01-CONTRACT_OWNERSHIP,,완료,완료,미검수,false
CPF-V9-INITIAL-FULL-REVIEW-20260805-2020-REV-007-DEVGPT-V9-S06,CPF-WP-DEVEX-COMMENT-02-IMPLEMENTATION_CONSUMER,WORK_PACKAGE,DEVEX-COMMENT,P2,PRODUCT_IMPLEMENTATION,IMPLEMENTATION_CONSUMER,기본 구현·실제 Consumer 연결,cpf-tools + public artifacts,cpf-tools + public artifacts,,DEVGPT-V9-S06,CPF-WP-DEVEX-COMMENT-01-CONTRACT_OWNERSHIP,"Interface/DTO/Marker가 아닌 안전한 기본 구현·Provider·AutoConfiguration·상태 저장을 제공한다. || Bean/Route/SQL/API/Frontend/Script를 실제 Product Consumer 호출 경로에 연결한다. || 설정 safe default, validation, capability detection, lifecycle start/stop와 resource cleanup을 구현한다. || Consumer 없는 추상화나 Sample-only 구현이면 완료하지 않고 실제 Consumer 연결 또는 통합/폐기 후보로 처리한다.",Leaf Starter와 조건부 AutoConfiguration을 사용해 선택하지 않은 Runtime 의존을 유입하지 않는다. || 제품 Consumer와 Reference Consumer를 분리하되 동일 Public Contract를 사용한다.,normal consumer flow;missing provider;invalid property;startup/shutdown;resource cleanup,GATE-01-OWNERSHIP;GATE-02-CONSUMER;GATE-03-HTTP-API;GATE-15-GENERATOR;GATE-17-SUPPLY-CHAIN;GATE-18-TEST-EVIDENCE;GATE-19-DOC-SUPPORT;GATE-20-HYGIENE,STD-CYCLONEDX;STD-NIST-SSDF;STD-OAS;STD-OPENFEATURE;STD-OWASP-API;STD-RFC9457;STD-SCRUM;STD-SLSA,cpf-tools/scripts/build-cpf-requirement-development-traceability.py;cpf-tools/scripts/devgpt-control-v9/build_full_assignment.py;cpf-tools/scripts/build-cpf-work-package-source-review.py;cpf-tools/scripts/tests/test_publication_starter_closure.py;cpf-tools/scripts/verify-cpf-publication-starter-closure.py;cpf-tools/scripts/verify-cpf-generator-java-template-compile.py;cpf-tools/scripts/verify-cpf-qa34-build-contract.py;cpf-tools/scripts/invoke-official-db-vendor-sql.ps1,cpf-tools/scripts/build-cpf-requirement-development-traceability.py,N/A — no direct consumer is defined by this atomic contract; verification is performed through the owning Work Item gate.,"Interface/DTO/Marker가 아닌 안전한 기본 구현·Provider·AutoConfiguration·상태 저장을 제공한다. || Bean/Route/SQL/API/Frontend/Script를 실제 Product Consumer 호출 경로에 연결한다. || 설정 safe default, validation, capability detection, lifecycle start/stop와 resource cleanup을 구현한다. || Consumer 없는 추상화나 Sample-only 구현이면 완료하지 않고 실제 Consumer 연결 또는 통합/폐기 후보로 처리한다. → cpf-tools/scripts/build-cpf-requirement-development-traceability.py;cpf-tools/scripts/devgpt-control-v9/build_full_assignment.py;cpf-tools/scripts/build-cpf-work-package-source-review.py;cpf-tools/scripts/tests/test_publication_starter_closure.py;cpf-tools/scripts/verify-cpf-publication-starter-closure.py;cpf-tools/scripts/verify-cpf-generator-java-template-compile.py;cpf-tools/scripts/verify-cpf-qa34-build-contract.py;cpf-tools/scripts/invoke-official-db-vendor-sql.ps1 → N/A — no direct consumer is defined by this atomic contract; verification is performed through the owning Work Item gate. → GATE-01-OWNERSHIP;GATE-02-CONSUMER;GATE-03-HTTP-API;GATE-15-GENERATOR;GATE-17-SUPPLY-CHAIN;GATE-18-TEST-EVIDENCE;GATE-19-DOC-SUPPORT;GATE-20-HYGIENE",Per-Work-Item source inventory plus all applicable Engineering Gate commands,"Interface/DTO/Marker가 아닌 안전한 기본 구현·Provider·AutoConfiguration·상태 저장을 제공한다. || Bean/Route/SQL/API/Frontend/Script를 실제 Product Consumer 호출 경로에 연결한다. || 설정 safe default, validation, capability detection, lifecycle start/stop와 resource cleanup을 구현한다. || Consumer 없는 추상화나 Sample-only 구현이면 완료하지 않고 실제 Consumer 연결 또는 통합/폐기 후보로 처리한다.",DIRECT_STATIC_AND_ACCEPTANCE_ALTERNATIVE,python cpf-tools/scripts/build-cpf-work-package-source-review.py --repo-root .; python cpf-tools/scripts/verify-cpf-spring-request-mapping-uniqueness.py --repo-root .,0,Acceptance-specific source/consumer review; relevant gates=GATE-02-CONSUMER; states=완료. Direct or valid alternative evidence passed.,evidence/ATOMIC_WORK_ITEM_EVIDENCE.jsonl#CPF-WP-DEVEX-COMMENT-02-IMPLEMENTATION_CONSUMER,,완료,완료,미검수,false
CPF-V9-INITIAL-FULL-REVIEW-20260805-2020-REV-007-DEVGPT-V9-S06,CPF-WP-DEVEX-COMMENT-03-VERIFICATION_EVIDENCE,WORK_PACKAGE,DEVEX-COMMENT,P2,PRODUCT_IMPLEMENTATION,VERIFICATION_EVIDENCE,검증·Evidence·추적성,cpf-tools + public artifacts,cpf-tools + public artifacts,,DEVGPT-V9-S06,CPF-WP-DEVEX-COMMENT-01-CONTRACT_OWNERSHIP;CPF-WP-DEVEX-COMMENT-02-IMPLEMENTATION_CONSUMER,"연결 CPF-FR Requirement와 CPF-SC Scenario를 논리 원장에서 전수 추출해 이 Work Package에 매핑한다. || 목표 환경을 먼저 실제 실행하고, 불가능할 때 최대 대체검증과 남은 실제 Runtime 차이를 분리한다. || 각 Scenario에 Test Method·Assertion·실제 결과·Evidence를 개별 연결한다. || 명령, 환경/version, 시간, exit code, report/artifact hash, sanitization과 baseline/working-tree 상태를 기록한다.",공통 Test Harness는 재사용하되 각 Requirement/Scenario의 Acceptance 근거를 개별 기록한다. || 긴 로그는 별도 Evidence로 두고 원장에는 핵심 결과와 경로를 남긴다.,direct validation;alternative validation;negative fixture;regression;evidence schema failure,GATE-01-OWNERSHIP;GATE-02-CONSUMER;GATE-03-HTTP-API;GATE-15-GENERATOR;GATE-17-SUPPLY-CHAIN;GATE-18-TEST-EVIDENCE;GATE-19-DOC-SUPPORT;GATE-20-HYGIENE,STD-CYCLONEDX;STD-NIST-SSDF;STD-OAS;STD-OPENFEATURE;STD-OWASP-API;STD-RFC9457;STD-SCRUM;STD-SLSA,cpf-tools/scripts/verify-cpf-generator-idempotency-templates.py;cpf-tools/config/cpf-starter-catalog.json;cpf-tools/generator/contracts/cpf-starter-catalog.json;cpf-tools/scripts/build-cpf-requirement-development-traceability.py;cpf-tools/scripts/build-cpf-work-package-source-review.py;cpf-tools/scripts/devgpt-control-v9/build_full_assignment.py;cpf-tools/scripts/run-cpf-full-qa-validation.ps1;cpf-tools/scripts/verify-cpf-execution-scope-exhaustive.py,cpf-tools/scripts/verify-cpf-generator-idempotency-templates.py,N/A — static governance/verification contract; no runtime product consumer is required for this atomic assertion.,"연결 CPF-FR Requirement와 CPF-SC Scenario를 논리 원장에서 전수 추출해 이 Work Package에 매핑한다. || 목표 환경을 먼저 실제 실행하고, 불가능할 때 최대 대체검증과 남은 실제 Runtime 차이를 분리한다. || 각 Scenario에 Test Method·Assertion·실제 결과·Evidence를 개별 연결한다. || 명령, 환경/version, 시간, exit code, report/artifact hash, sanitization과 baseline/working-tree 상태를 기록한다. → cpf-tools/scripts/verify-cpf-generator-idempotency-templates.py;cpf-tools/config/cpf-starter-catalog.json;cpf-tools/generator/contracts/cpf-starter-catalog.json;cpf-tools/scripts/build-cpf-requirement-development-traceability.py;cpf-tools/scripts/build-cpf-work-package-source-review.py;cpf-tools/scripts/devgpt-control-v9/build_full_assignment.py;cpf-tools/scripts/run-cpf-full-qa-validation.ps1;cpf-tools/scripts/verify-cpf-execution-scope-exhaustive.py → N/A — static governance/verification contract; no runtime product consumer is required for this atomic assertion. → GATE-01-OWNERSHIP;GATE-02-CONSUMER;GATE-03-HTTP-API;GATE-15-GENERATOR;GATE-17-SUPPLY-CHAIN;GATE-18-TEST-EVIDENCE;GATE-19-DOC-SUPPORT;GATE-20-HYGIENE",Per-Work-Item source inventory plus all applicable Engineering Gate commands,"연결 CPF-FR Requirement와 CPF-SC Scenario를 논리 원장에서 전수 추출해 이 Work Package에 매핑한다. || 목표 환경을 먼저 실제 실행하고, 불가능할 때 최대 대체검증과 남은 실제 Runtime 차이를 분리한다. || 각 Scenario에 Test Method·Assertion·실제 결과·Evidence를 개별 연결한다. || 명령, 환경/version, 시간, exit code, report/artifact hash, sanitization과 baseline/working-tree 상태를 기록한다.",DIRECT_STATIC_AND_ACCEPTANCE_ALTERNATIVE,pytest -q <21 S06 verifier files>; ./gradlew test,0,Acceptance-specific source/consumer review; relevant gates=GATE-18-TEST-EVIDENCE; states=미검증. Authoritative environment evidence remains unavailable for at least one relevant gate.,evidence/ATOMIC_WORK_ITEM_EVIDENCE.jsonl#CPF-WP-DEVEX-COMMENT-03-VERIFICATION_EVIDENCE,Acceptance-specific source/consumer review; relevant gates=GATE-18-TEST-EVIDENCE; states=미검증. Authoritative environment evidence remains unavailable for at least one relevant gate.,완료,미검증,미검수,false
CPF-V9-INITIAL-FULL-REVIEW-20260805-2020-REV-007-DEVGPT-V9-S06,CPF-WP-DEVEX-COMMENT-04-GENERATION_COMPATIBILITY,WORK_PACKAGE,DEVEX-COMMENT,P2,PRODUCT_IMPLEMENTATION,GENERATION_COMPATIBILITY,생성·Artifact·호환성,cpf-tools + public artifacts,cpf-tools + public artifacts,,DEVGPT-V9-S06,CPF-WP-DEVEX-COMMENT-01-CONTRACT_OWNERSHIP,"Generator/OpenAPI/AsyncAPI/DB metadata/template 등 Canonical 입력과 생성 산출물의 ownership을 확정한다. || remove→regenerate deterministic parity와 user-owned 영역 보존을 검증한다. || API/message/file/DB/config/artifact의 semantic version, compatibility, deprecation, mixed-version와 rollback 영향을 처리한다. || Generated Source만 수동 수정하지 않고 원본 입력·Generator·Golden Sample을 함께 수정한다.",입력 version/hash와 generator version을 manifest에 고정하고 normalized diff gate를 사용한다. || 최신 표준 버전은 shadow compatibility를 통과한 뒤 CPF 지원 profile로 승격한다.,clean regeneration;user region preserve;mixed version;unsupported profile;rollback compatibility,GATE-01-OWNERSHIP;GATE-02-CONSUMER;GATE-03-HTTP-API;GATE-15-GENERATOR;GATE-16-COMPATIBILITY;GATE-17-SUPPLY-CHAIN;GATE-18-TEST-EVIDENCE;GATE-19-DOC-SUPPORT;GATE-20-HYGIENE,STD-CYCLONEDX;STD-NIST-SSDF;STD-OAS;STD-OPENFEATURE;STD-OWASP-API;STD-RFC9457;STD-SCRUM;STD-SLSA,cpf-tools/db/vendor/mariadb/seed/00_optional_sample_seed.sql;cpf-tools/db/vendor/mariadb/source/00_optional_sample_seed.sql;cpf-tools/db/vendor/oracle/seed/00_optional_sample_seed.sql;cpf-tools/db/vendor/oracle/source/00_optional_sample_seed.sql;cpf-tools/db/vendor/postgresql/seed/00_optional_sample_seed.sql;cpf-tools/db/vendor/postgresql/source/00_optional_sample_seed.sql;cpf-tools/db/vendor/mariadb/migration/flyway/V87__batch_remote_message_ledger.sql;cpf-tools/db/vendor/oracle/migration/flyway/batDB/V87__batch_remote_message_ledger.sql,cpf-tools/db/vendor/mariadb/seed/00_optional_sample_seed.sql,N/A — no direct consumer is defined by this atomic contract; verification is performed through the owning Work Item gate.,"Generator/OpenAPI/AsyncAPI/DB metadata/template 등 Canonical 입력과 생성 산출물의 ownership을 확정한다. || remove→regenerate deterministic parity와 user-owned 영역 보존을 검증한다. || API/message/file/DB/config/artifact의 semantic version, compatibility, deprecation, mixed-version와 rollback 영향을 처리한다. || Generated Source만 수동 수정하지 않고 원본 입력·Generator·Golden Sample을 함께 수정한다. → cpf-tools/db/vendor/mariadb/seed/00_optional_sample_seed.sql;cpf-tools/db/vendor/mariadb/source/00_optional_sample_seed.sql;cpf-tools/db/vendor/oracle/seed/00_optional_sample_seed.sql;cpf-tools/db/vendor/oracle/source/00_optional_sample_seed.sql;cpf-tools/db/vendor/postgresql/seed/00_optional_sample_seed.sql;cpf-tools/db/vendor/postgresql/source/00_optional_sample_seed.sql;cpf-tools/db/vendor/mariadb/migration/flyway/V87__batch_remote_message_ledger.sql;cpf-tools/db/vendor/oracle/migration/flyway/batDB/V87__batch_remote_message_ledger.sql → N/A — no direct consumer is defined by this atomic contract; verification is performed through the owning Work Item gate. → GATE-01-OWNERSHIP;GATE-02-CONSUMER;GATE-03-HTTP-API;GATE-15-GENERATOR;GATE-16-COMPATIBILITY;GATE-17-SUPPLY-CHAIN;GATE-18-TEST-EVIDENCE;GATE-19-DOC-SUPPORT;GATE-20-HYGIENE",Per-Work-Item source inventory plus all applicable Engineering Gate commands,"Generator/OpenAPI/AsyncAPI/DB metadata/template 등 Canonical 입력과 생성 산출물의 ownership을 확정한다. || remove→regenerate deterministic parity와 user-owned 영역 보존을 검증한다. || API/message/file/DB/config/artifact의 semantic version, compatibility, deprecation, mixed-version와 rollback 영향을 처리한다. || Generated Source만 수동 수정하지 않고 원본 입력·Generator·Golden Sample을 함께 수정한다.",DIRECT_STATIC_AND_ACCEPTANCE_ALTERNATIVE,python cpf-tools/scripts/verify-cpf-generator-idempotency-templates.py --repo-root .; python cpf-tools/scripts/verify-cpf-generator-lifecycle.py --repo-root . || python cpf-tools/scripts/verify-cpf-qa34-build-contract.py --repo-root .,0,Acceptance-specific source/consumer review; relevant gates=GATE-15-GENERATOR;GATE-16-COMPATIBILITY; states=완료;미검증. Authoritative environment evidence remains unavailable for at least one relevant gate.,evidence/ATOMIC_WORK_ITEM_EVIDENCE.jsonl#CPF-WP-DEVEX-COMMENT-04-GENERATION_COMPATIBILITY,Acceptance-specific source/consumer review; relevant gates=GATE-15-GENERATOR;GATE-16-COMPATIBILITY; states=완료;미검증. Authoritative environment evidence remains unavailable for at least one relevant gate.,완료,미검증,미검수,false
CPF-V9-INITIAL-FULL-REVIEW-20260805-2020-REV-007-DEVGPT-V9-S06,CPF-WP-DEVEX-QUICK-01-CONTRACT_OWNERSHIP,WORK_PACKAGE,DEVEX-QUICK,P2,PRODUCT_IMPLEMENTATION,CONTRACT_OWNERSHIP,계약·Ownership 확정,cpf-tools + public artifacts,cpf-tools + public artifacts,,DEVGPT-V9-S06,,"Canonical Owner Module·Package·State Owner와 실제 Consumer를 코드 기준으로 확정한다. || Public API·SPI·Internal, 입력·출력·오류·lifecycle·thread-safety·version 계약을 정의한다. || 역방향/순환 의존, Internal 참조, 선택 OSS type 노출, Dual Primary와 owner 없는 공통기능을 제거 또는 이관 대상으로 등록한다. || Local/Remote/Async/Batch 등 적용 topology에서 계약 동등성과 trust boundary를 정의한다.",기존 정식 Package와 Contract를 우선 재사용하고 새 Module은 실제 Owner가 없을 때만 제안한다. || 복잡한 기술 세부는 Internal로 숨기고 고객 확장 지점만 안정 SPI로 노출한다.,contract compatibility;unsupported capability;invalid configuration;internal access negative fixture,GATE-01-OWNERSHIP;GATE-02-CONSUMER;GATE-15-GENERATOR;GATE-17-SUPPLY-CHAIN;GATE-18-TEST-EVIDENCE;GATE-19-DOC-SUPPORT;GATE-20-HYGIENE,STD-CYCLONEDX;STD-NIST-SSDF;STD-OPENFEATURE;STD-SCRUM;STD-SLSA,cpf-tools/scripts/verify-cpf-generator-upgrade-ownership.py;cpf-tools/scripts/tests/test_qa39_build_contract_split_bom.py;cpf-tools/scripts/verify-cpf-qa34-build-contract.py;cpf-tools/generator/contracts/cpf-starter-catalog.json;cpf-tools/scripts/build-cpf-requirement-development-traceability.py;cpf-tools/scripts/devgpt-control-v9/build_full_assignment.py;cpf-tools/scripts/build-cpf-work-package-source-review.py;cpf-tools/scripts/tests/test_publication_starter_closure.py,cpf-tools/scripts/verify-cpf-generator-upgrade-ownership.py,N/A — no direct consumer is defined by this atomic contract; verification is performed through the owning Work Item gate.,"Canonical Owner Module·Package·State Owner와 실제 Consumer를 코드 기준으로 확정한다. || Public API·SPI·Internal, 입력·출력·오류·lifecycle·thread-safety·version 계약을 정의한다. || 역방향/순환 의존, Internal 참조, 선택 OSS type 노출, Dual Primary와 owner 없는 공통기능을 제거 또는 이관 대상으로 등록한다. || Local/Remote/Async/Batch 등 적용 topology에서 계약 동등성과 trust boundary를 정의한다. → cpf-tools/scripts/verify-cpf-generator-upgrade-ownership.py;cpf-tools/scripts/tests/test_qa39_build_contract_split_bom.py;cpf-tools/scripts/verify-cpf-qa34-build-contract.py;cpf-tools/generator/contracts/cpf-starter-catalog.json;cpf-tools/scripts/build-cpf-requirement-development-traceability.py;cpf-tools/scripts/devgpt-control-v9/build_full_assignment.py;cpf-tools/scripts/build-cpf-work-package-source-review.py;cpf-tools/scripts/tests/test_publication_starter_closure.py → N/A — no direct consumer is defined by this atomic contract; verification is performed through the owning Work Item gate. → GATE-01-OWNERSHIP;GATE-02-CONSUMER;GATE-15-GENERATOR;GATE-17-SUPPLY-CHAIN;GATE-18-TEST-EVIDENCE;GATE-19-DOC-SUPPORT;GATE-20-HYGIENE",Per-Work-Item source inventory plus all applicable Engineering Gate commands,"Canonical Owner Module·Package·State Owner와 실제 Consumer를 코드 기준으로 확정한다. || Public API·SPI·Internal, 입력·출력·오류·lifecycle·thread-safety·version 계약을 정의한다. || 역방향/순환 의존, Internal 참조, 선택 OSS type 노출, Dual Primary와 owner 없는 공통기능을 제거 또는 이관 대상으로 등록한다. || Local/Remote/Async/Batch 등 적용 topology에서 계약 동등성과 trust boundary를 정의한다.",DIRECT_STATIC_AND_ACCEPTANCE_ALTERNATIVE,python cpf-tools/scripts/verify-cpf-owner-boundaries.py --repo-root . --report-json <evidence>,0,Acceptance-specific source/consumer review; relevant gates=GATE-01-OWNERSHIP; states=완료. Direct or valid alternative evidence passed.,evidence/ATOMIC_WORK_ITEM_EVIDENCE.jsonl#CPF-WP-DEVEX-QUICK-01-CONTRACT_OWNERSHIP,,완료,완료,미검수,false
CPF-V9-INITIAL-FULL-REVIEW-20260805-2020-REV-007-DEVGPT-V9-S06,CPF-WP-DEVEX-QUICK-02-IMPLEMENTATION_CONSUMER,WORK_PACKAGE,DEVEX-QUICK,P2,PRODUCT_IMPLEMENTATION,IMPLEMENTATION_CONSUMER,기본 구현·실제 Consumer 연결,cpf-tools + public artifacts,cpf-tools + public artifacts,,DEVGPT-V9-S06,CPF-WP-DEVEX-QUICK-01-CONTRACT_OWNERSHIP,"Interface/DTO/Marker가 아닌 안전한 기본 구현·Provider·AutoConfiguration·상태 저장을 제공한다. || Bean/Route/SQL/API/Frontend/Script를 실제 Product Consumer 호출 경로에 연결한다. || 설정 safe default, validation, capability detection, lifecycle start/stop와 resource cleanup을 구현한다. || Consumer 없는 추상화나 Sample-only 구현이면 완료하지 않고 실제 Consumer 연결 또는 통합/폐기 후보로 처리한다.",Leaf Starter와 조건부 AutoConfiguration을 사용해 선택하지 않은 Runtime 의존을 유입하지 않는다. || 제품 Consumer와 Reference Consumer를 분리하되 동일 Public Contract를 사용한다.,normal consumer flow;missing provider;invalid property;startup/shutdown;resource cleanup,GATE-01-OWNERSHIP;GATE-02-CONSUMER;GATE-15-GENERATOR;GATE-17-SUPPLY-CHAIN;GATE-18-TEST-EVIDENCE;GATE-19-DOC-SUPPORT;GATE-20-HYGIENE,STD-CYCLONEDX;STD-NIST-SSDF;STD-OPENFEATURE;STD-SCRUM;STD-SLSA,cpf-tools/scripts/build-cpf-requirement-development-traceability.py;cpf-tools/scripts/devgpt-control-v9/build_full_assignment.py;cpf-tools/scripts/build-cpf-work-package-source-review.py;cpf-tools/scripts/tests/test_publication_starter_closure.py;cpf-tools/scripts/verify-cpf-publication-starter-closure.py;cpf-tools/scripts/verify-cpf-generator-java-template-compile.py;cpf-tools/scripts/verify-cpf-qa34-build-contract.py;cpf-tools/scripts/invoke-official-db-vendor-sql.ps1,cpf-tools/scripts/build-cpf-requirement-development-traceability.py,N/A — no direct consumer is defined by this atomic contract; verification is performed through the owning Work Item gate.,"Interface/DTO/Marker가 아닌 안전한 기본 구현·Provider·AutoConfiguration·상태 저장을 제공한다. || Bean/Route/SQL/API/Frontend/Script를 실제 Product Consumer 호출 경로에 연결한다. || 설정 safe default, validation, capability detection, lifecycle start/stop와 resource cleanup을 구현한다. || Consumer 없는 추상화나 Sample-only 구현이면 완료하지 않고 실제 Consumer 연결 또는 통합/폐기 후보로 처리한다. → cpf-tools/scripts/build-cpf-requirement-development-traceability.py;cpf-tools/scripts/devgpt-control-v9/build_full_assignment.py;cpf-tools/scripts/build-cpf-work-package-source-review.py;cpf-tools/scripts/tests/test_publication_starter_closure.py;cpf-tools/scripts/verify-cpf-publication-starter-closure.py;cpf-tools/scripts/verify-cpf-generator-java-template-compile.py;cpf-tools/scripts/verify-cpf-qa34-build-contract.py;cpf-tools/scripts/invoke-official-db-vendor-sql.ps1 → N/A — no direct consumer is defined by this atomic contract; verification is performed through the owning Work Item gate. → GATE-01-OWNERSHIP;GATE-02-CONSUMER;GATE-15-GENERATOR;GATE-17-SUPPLY-CHAIN;GATE-18-TEST-EVIDENCE;GATE-19-DOC-SUPPORT;GATE-20-HYGIENE",Per-Work-Item source inventory plus all applicable Engineering Gate commands,"Interface/DTO/Marker가 아닌 안전한 기본 구현·Provider·AutoConfiguration·상태 저장을 제공한다. || Bean/Route/SQL/API/Frontend/Script를 실제 Product Consumer 호출 경로에 연결한다. || 설정 safe default, validation, capability detection, lifecycle start/stop와 resource cleanup을 구현한다. || Consumer 없는 추상화나 Sample-only 구현이면 완료하지 않고 실제 Consumer 연결 또는 통합/폐기 후보로 처리한다.",DIRECT_STATIC_AND_ACCEPTANCE_ALTERNATIVE,python cpf-tools/scripts/build-cpf-work-package-source-review.py --repo-root .; python cpf-tools/scripts/verify-cpf-spring-request-mapping-uniqueness.py --repo-root .,0,Acceptance-specific source/consumer review; relevant gates=GATE-02-CONSUMER; states=완료. Direct or valid alternative evidence passed.,evidence/ATOMIC_WORK_ITEM_EVIDENCE.jsonl#CPF-WP-DEVEX-QUICK-02-IMPLEMENTATION_CONSUMER,,완료,완료,미검수,false
CPF-V9-INITIAL-FULL-REVIEW-20260805-2020-REV-007-DEVGPT-V9-S06,CPF-WP-DEVEX-QUICK-03-VERIFICATION_EVIDENCE,WORK_PACKAGE,DEVEX-QUICK,P2,PRODUCT_IMPLEMENTATION,VERIFICATION_EVIDENCE,검증·Evidence·추적성,cpf-tools + public artifacts,cpf-tools + public artifacts,,DEVGPT-V9-S06,CPF-WP-DEVEX-QUICK-01-CONTRACT_OWNERSHIP;CPF-WP-DEVEX-QUICK-02-IMPLEMENTATION_CONSUMER,"연결 CPF-FR Requirement와 CPF-SC Scenario를 논리 원장에서 전수 추출해 이 Work Package에 매핑한다. || 목표 환경을 먼저 실제 실행하고, 불가능할 때 최대 대체검증과 남은 실제 Runtime 차이를 분리한다. || 각 Scenario에 Test Method·Assertion·실제 결과·Evidence를 개별 연결한다. || 명령, 환경/version, 시간, exit code, report/artifact hash, sanitization과 baseline/working-tree 상태를 기록한다.",공통 Test Harness는 재사용하되 각 Requirement/Scenario의 Acceptance 근거를 개별 기록한다. || 긴 로그는 별도 Evidence로 두고 원장에는 핵심 결과와 경로를 남긴다.,direct validation;alternative validation;negative fixture;regression;evidence schema failure,GATE-01-OWNERSHIP;GATE-02-CONSUMER;GATE-15-GENERATOR;GATE-17-SUPPLY-CHAIN;GATE-18-TEST-EVIDENCE;GATE-19-DOC-SUPPORT;GATE-20-HYGIENE,STD-CYCLONEDX;STD-NIST-SSDF;STD-OPENFEATURE;STD-SCRUM;STD-SLSA,cpf-tools/scripts/verify-cpf-generator-idempotency-templates.py;cpf-tools/config/cpf-starter-catalog.json;cpf-tools/generator/contracts/cpf-starter-catalog.json;cpf-tools/scripts/build-cpf-requirement-development-traceability.py;cpf-tools/scripts/build-cpf-work-package-source-review.py;cpf-tools/scripts/devgpt-control-v9/build_full_assignment.py;cpf-tools/scripts/run-cpf-full-qa-validation.ps1;cpf-tools/scripts/verify-cpf-execution-scope-exhaustive.py,cpf-tools/scripts/verify-cpf-generator-idempotency-templates.py,N/A — static governance/verification contract; no runtime product consumer is required for this atomic assertion.,"연결 CPF-FR Requirement와 CPF-SC Scenario를 논리 원장에서 전수 추출해 이 Work Package에 매핑한다. || 목표 환경을 먼저 실제 실행하고, 불가능할 때 최대 대체검증과 남은 실제 Runtime 차이를 분리한다. || 각 Scenario에 Test Method·Assertion·실제 결과·Evidence를 개별 연결한다. || 명령, 환경/version, 시간, exit code, report/artifact hash, sanitization과 baseline/working-tree 상태를 기록한다. → cpf-tools/scripts/verify-cpf-generator-idempotency-templates.py;cpf-tools/config/cpf-starter-catalog.json;cpf-tools/generator/contracts/cpf-starter-catalog.json;cpf-tools/scripts/build-cpf-requirement-development-traceability.py;cpf-tools/scripts/build-cpf-work-package-source-review.py;cpf-tools/scripts/devgpt-control-v9/build_full_assignment.py;cpf-tools/scripts/run-cpf-full-qa-validation.ps1;cpf-tools/scripts/verify-cpf-execution-scope-exhaustive.py → N/A — static governance/verification contract; no runtime product consumer is required for this atomic assertion. → GATE-01-OWNERSHIP;GATE-02-CONSUMER;GATE-15-GENERATOR;GATE-17-SUPPLY-CHAIN;GATE-18-TEST-EVIDENCE;GATE-19-DOC-SUPPORT;GATE-20-HYGIENE",Per-Work-Item source inventory plus all applicable Engineering Gate commands,"연결 CPF-FR Requirement와 CPF-SC Scenario를 논리 원장에서 전수 추출해 이 Work Package에 매핑한다. || 목표 환경을 먼저 실제 실행하고, 불가능할 때 최대 대체검증과 남은 실제 Runtime 차이를 분리한다. || 각 Scenario에 Test Method·Assertion·실제 결과·Evidence를 개별 연결한다. || 명령, 환경/version, 시간, exit code, report/artifact hash, sanitization과 baseline/working-tree 상태를 기록한다.",DIRECT_STATIC_AND_ACCEPTANCE_ALTERNATIVE,pytest -q <21 S06 verifier files>; ./gradlew test,0,Acceptance-specific source/consumer review; relevant gates=GATE-18-TEST-EVIDENCE; states=미검증. Authoritative environment evidence remains unavailable for at least one relevant gate.,evidence/ATOMIC_WORK_ITEM_EVIDENCE.jsonl#CPF-WP-DEVEX-QUICK-03-VERIFICATION_EVIDENCE,Acceptance-specific source/consumer review; relevant gates=GATE-18-TEST-EVIDENCE; states=미검증. Authoritative environment evidence remains unavailable for at least one relevant gate.,완료,미검증,미검수,false
CPF-V9-INITIAL-FULL-REVIEW-20260805-2020-REV-007-DEVGPT-V9-S06,CPF-WP-DEVEX-QUICK-04-GENERATION_COMPATIBILITY,WORK_PACKAGE,DEVEX-QUICK,P2,PRODUCT_IMPLEMENTATION,GENERATION_COMPATIBILITY,생성·Artifact·호환성,cpf-tools + public artifacts,cpf-tools + public artifacts,,DEVGPT-V9-S06,CPF-WP-DEVEX-QUICK-01-CONTRACT_OWNERSHIP,"Generator/OpenAPI/AsyncAPI/DB metadata/template 등 Canonical 입력과 생성 산출물의 ownership을 확정한다. || remove→regenerate deterministic parity와 user-owned 영역 보존을 검증한다. || API/message/file/DB/config/artifact의 semantic version, compatibility, deprecation, mixed-version와 rollback 영향을 처리한다. || Generated Source만 수동 수정하지 않고 원본 입력·Generator·Golden Sample을 함께 수정한다.",입력 version/hash와 generator version을 manifest에 고정하고 normalized diff gate를 사용한다. || 최신 표준 버전은 shadow compatibility를 통과한 뒤 CPF 지원 profile로 승격한다.,clean regeneration;user region preserve;mixed version;unsupported profile;rollback compatibility,GATE-01-OWNERSHIP;GATE-02-CONSUMER;GATE-15-GENERATOR;GATE-16-COMPATIBILITY;GATE-17-SUPPLY-CHAIN;GATE-18-TEST-EVIDENCE;GATE-19-DOC-SUPPORT;GATE-20-HYGIENE,STD-CYCLONEDX;STD-NIST-SSDF;STD-OPENFEATURE;STD-SCRUM;STD-SLSA,cpf-tools/db/vendor/mariadb/seed/00_optional_sample_seed.sql;cpf-tools/db/vendor/mariadb/source/00_optional_sample_seed.sql;cpf-tools/db/vendor/oracle/seed/00_optional_sample_seed.sql;cpf-tools/db/vendor/oracle/source/00_optional_sample_seed.sql;cpf-tools/db/vendor/postgresql/seed/00_optional_sample_seed.sql;cpf-tools/db/vendor/postgresql/source/00_optional_sample_seed.sql;cpf-tools/db/vendor/mariadb/migration/flyway/V87__batch_remote_message_ledger.sql;cpf-tools/db/vendor/oracle/migration/flyway/batDB/V87__batch_remote_message_ledger.sql,cpf-tools/db/vendor/mariadb/seed/00_optional_sample_seed.sql,N/A — no direct consumer is defined by this atomic contract; verification is performed through the owning Work Item gate.,"Generator/OpenAPI/AsyncAPI/DB metadata/template 등 Canonical 입력과 생성 산출물의 ownership을 확정한다. || remove→regenerate deterministic parity와 user-owned 영역 보존을 검증한다. || API/message/file/DB/config/artifact의 semantic version, compatibility, deprecation, mixed-version와 rollback 영향을 처리한다. || Generated Source만 수동 수정하지 않고 원본 입력·Generator·Golden Sample을 함께 수정한다. → cpf-tools/db/vendor/mariadb/seed/00_optional_sample_seed.sql;cpf-tools/db/vendor/mariadb/source/00_optional_sample_seed.sql;cpf-tools/db/vendor/oracle/seed/00_optional_sample_seed.sql;cpf-tools/db/vendor/oracle/source/00_optional_sample_seed.sql;cpf-tools/db/vendor/postgresql/seed/00_optional_sample_seed.sql;cpf-tools/db/vendor/postgresql/source/00_optional_sample_seed.sql;cpf-tools/db/vendor/mariadb/migration/flyway/V87__batch_remote_message_ledger.sql;cpf-tools/db/vendor/oracle/migration/flyway/batDB/V87__batch_remote_message_ledger.sql → N/A — no direct consumer is defined by this atomic contract; verification is performed through the owning Work Item gate. → GATE-01-OWNERSHIP;GATE-02-CONSUMER;GATE-15-GENERATOR;GATE-16-COMPATIBILITY;GATE-17-SUPPLY-CHAIN;GATE-18-TEST-EVIDENCE;GATE-19-DOC-SUPPORT;GATE-20-HYGIENE",Per-Work-Item source inventory plus all applicable Engineering Gate commands,"Generator/OpenAPI/AsyncAPI/DB metadata/template 등 Canonical 입력과 생성 산출물의 ownership을 확정한다. || remove→regenerate deterministic parity와 user-owned 영역 보존을 검증한다. || API/message/file/DB/config/artifact의 semantic version, compatibility, deprecation, mixed-version와 rollback 영향을 처리한다. || Generated Source만 수동 수정하지 않고 원본 입력·Generator·Golden Sample을 함께 수정한다.",DIRECT_STATIC_AND_ACCEPTANCE_ALTERNATIVE,python cpf-tools/scripts/verify-cpf-generator-idempotency-templates.py --repo-root .; python cpf-tools/scripts/verify-cpf-generator-lifecycle.py --repo-root . || python cpf-tools/scripts/verify-cpf-qa34-build-contract.py --repo-root .,0,Acceptance-specific source/consumer review; relevant gates=GATE-15-GENERATOR;GATE-16-COMPATIBILITY; states=완료;미검증. Authoritative environment evidence remains unavailable for at least one relevant gate.,evidence/ATOMIC_WORK_ITEM_EVIDENCE.jsonl#CPF-WP-DEVEX-QUICK-04-GENERATION_COMPATIBILITY,Acceptance-specific source/consumer review; relevant gates=GATE-15-GENERATOR;GATE-16-COMPATIBILITY; states=완료;미검증. Authoritative environment evidence remains unavailable for at least one relevant gate.,완료,미검증,미검수,false
CPF-V9-INITIAL-FULL-REVIEW-20260805-2020-REV-007-DEVGPT-V9-S06,CPF-WP-DOC-GOV-01-CANONICAL_MODEL,WORK_PACKAGE,DOC-GOV,P2,GOVERNANCE,CANONICAL_MODEL,정본·ID·상태 모델,cpf-docs + source owner,cpf-docs + source owner,,DEVGPT-V9-S06,,"Canonical Requirement/Scenario ID, owner, acceptance, continuity와 상태 규칙을 단일 정본으로 유지한다. || Alias/split/supersede/deprecate 관계와 count 변화를 추적한다. || 169/162 등 count 불일치를 자동 차단한다.",CSV/JSON schema와 deterministic builder를 사용한다.,duplicate ID;orphan scenario;count mismatch;invalid continuity,GATE-01-OWNERSHIP;GATE-02-CONSUMER;GATE-18-TEST-EVIDENCE;GATE-19-DOC-SUPPORT;GATE-20-HYGIENE,STD-NIST-SSDF,cpf-tools/scripts/verify-cpf-generator-upgrade-ownership.py;cpf-tools/db/canonical/seed-model.json;cpf-tools/config/cpf-starter-catalog.json;cpf-admin/frontend/openapi/cpf-openapi.json;cpf-tools/scripts/invoke-official-db-vendor-sql.ps1;cpf-tools/scripts/verify-cpf-publication-starter-closure.py;cpf-tools/scripts/tests/test_publication_starter_closure.py;cpf-tools/scripts/verify-cpf-starter-catalog-truth.py,cpf-tools/scripts/verify-cpf-generator-upgrade-ownership.py,cpf-admin/frontend/src/generated/cpf-api.ts,"Canonical Requirement/Scenario ID, owner, acceptance, continuity와 상태 규칙을 단일 정본으로 유지한다. || Alias/split/supersede/deprecate 관계와 count 변화를 추적한다. || 169/162 등 count 불일치를 자동 차단한다. → cpf-tools/scripts/verify-cpf-generator-upgrade-ownership.py;cpf-tools/db/canonical/seed-model.json;cpf-tools/config/cpf-starter-catalog.json;cpf-admin/frontend/openapi/cpf-openapi.json;cpf-tools/scripts/invoke-official-db-vendor-sql.ps1;cpf-tools/scripts/verify-cpf-publication-starter-closure.py;cpf-tools/scripts/tests/test_publication_starter_closure.py;cpf-tools/scripts/verify-cpf-starter-catalog-truth.py → cpf-admin/frontend/src/generated/cpf-api.ts → GATE-01-OWNERSHIP;GATE-02-CONSUMER;GATE-18-TEST-EVIDENCE;GATE-19-DOC-SUPPORT;GATE-20-HYGIENE",Per-Work-Item source inventory plus all applicable Engineering Gate commands,"Canonical Requirement/Scenario ID, owner, acceptance, continuity와 상태 규칙을 단일 정본으로 유지한다. || Alias/split/supersede/deprecate 관계와 count 변화를 추적한다. || 169/162 등 count 불일치를 자동 차단한다.",DIRECT_STATIC_AND_ACCEPTANCE_ALTERNATIVE,python cpf-tools/scripts/verify-cpf-owner-boundaries.py --repo-root . --report-json <evidence> || python cpf-tools/scripts/build-cpf-work-package-source-review.py --repo-root .,0,Acceptance-specific source/consumer review; relevant gates=GATE-01-OWNERSHIP;GATE-19-DOC-SUPPORT; states=완료;완료. Direct or valid alternative evidence passed.,evidence/ATOMIC_WORK_ITEM_EVIDENCE.jsonl#CPF-WP-DOC-GOV-01-CANONICAL_MODEL,,완료,완료,미검수,false
CPF-V9-INITIAL-FULL-REVIEW-20260805-2020-REV-007-DEVGPT-V9-S06,CPF-WP-DOC-GOV-02-AUTOMATION_CONTINUITY,WORK_PACKAGE,DOC-GOV,P2,GOVERNANCE,AUTOMATION_CONTINUITY,Builder·Validator·Continuity 자동화,cpf-docs + source owner,cpf-docs + source owner,,DEVGPT-V9-S06,CPF-WP-DOC-GOV-01-CANONICAL_MODEL,"모든 Part 조립, header/count/hash, Requirement↔Scenario link와 role status를 검증한다. || Coverage 검증을 QA 통과로 오인하지 않게 result meaning을 명시한다. || 작업 전후 변경 ID와 Source/Evidence 연결을 보존한다.",logical master index와 streaming validator를 사용한다.,missing part;wrong hash;orphan link;false QA complete,GATE-01-OWNERSHIP;GATE-02-CONSUMER;GATE-18-TEST-EVIDENCE;GATE-19-DOC-SUPPORT;GATE-20-HYGIENE,STD-NIST-SSDF,cpf-starters/integration/http-client/src/main/java/com/cpf/starter/integration/http/client/internal/CpfResilientHttpClient.java;cpf-starters/integration/tcp/src/main/java/com/cpf/starter/integration/tcp/internal/CpfResilientTcpClient.java;cpf-starters/messaging/kafka/src/main/java/com/cpf/starter/messaging/kafka/internal/CpfKafkaConsumerControlAdapter.java;cpf-admin/frontend/openapi/cpf-openapi.json;cpf-tools/scripts/invoke-official-db-vendor-sql.ps1;cpf-tools/scripts/tests/test_publication_starter_closure.py;cpf-tools/scripts/verify-cpf-publication-starter-closure.py;cpf-admin/frontend/src/generated/cpf-api.ts,cpf-starters/integration/http-client/src/main/java/com/cpf/starter/integration/http/client/internal/CpfResilientHttpClient.java,cpf-starters/integration/http-client/src/main/java/com/cpf/starter/integration/http/client/internal/CpfResilientHttpClient.java;cpf-starters/integration/tcp/src/main/java/com/cpf/starter/integration/tcp/internal/CpfResilientTcpClient.java;cpf-starters/messaging/kafka/src/main/java/com/cpf/starter/messaging/kafka/internal/CpfKafkaConsumerControlAdapter.java;cpf-admin/frontend/src/generated/cpf-api.ts,"모든 Part 조립, header/count/hash, Requirement↔Scenario link와 role status를 검증한다. || Coverage 검증을 QA 통과로 오인하지 않게 result meaning을 명시한다. || 작업 전후 변경 ID와 Source/Evidence 연결을 보존한다. → cpf-starters/integration/http-client/src/main/java/com/cpf/starter/integration/http/client/internal/CpfResilientHttpClient.java;cpf-starters/integration/tcp/src/main/java/com/cpf/starter/integration/tcp/internal/CpfResilientTcpClient.java;cpf-starters/messaging/kafka/src/main/java/com/cpf/starter/messaging/kafka/internal/CpfKafkaConsumerControlAdapter.java;cpf-admin/frontend/openapi/cpf-openapi.json;cpf-tools/scripts/invoke-official-db-vendor-sql.ps1;cpf-tools/scripts/tests/test_publication_starter_closure.py;cpf-tools/scripts/verify-cpf-publication-starter-closure.py;cpf-admin/frontend/src/generated/cpf-api.ts → cpf-starters/integration/http-client/src/main/java/com/cpf/starter/integration/http/client/internal/CpfResilientHttpClient.java;cpf-starters/integration/tcp/src/main/java/com/cpf/starter/integration/tcp/internal/CpfResilientTcpClient.java;cpf-starters/messaging/kafka/src/main/java/com/cpf/starter/messaging/kafka/internal/CpfKafkaConsumerControlAdapter.java;cpf-admin/frontend/src/generated/cpf-api.ts → GATE-01-OWNERSHIP;GATE-02-CONSUMER;GATE-18-TEST-EVIDENCE;GATE-19-DOC-SUPPORT;GATE-20-HYGIENE",Per-Work-Item source inventory plus all applicable Engineering Gate commands,"모든 Part 조립, header/count/hash, Requirement↔Scenario link와 role status를 검증한다. || Coverage 검증을 QA 통과로 오인하지 않게 result meaning을 명시한다. || 작업 전후 변경 ID와 Source/Evidence 연결을 보존한다.",DIRECT_STATIC_AND_ACCEPTANCE_ALTERNATIVE,pytest -q <21 S06 verifier files>; ./gradlew test,0,Acceptance-specific source/consumer review; relevant gates=GATE-18-TEST-EVIDENCE; states=미검증. Authoritative environment evidence remains unavailable for at least one relevant gate.,evidence/ATOMIC_WORK_ITEM_EVIDENCE.jsonl#CPF-WP-DOC-GOV-02-AUTOMATION_CONTINUITY,Acceptance-specific source/consumer review; relevant gates=GATE-18-TEST-EVIDENCE; states=미검증. Authoritative environment evidence remains unavailable for at least one relevant gate.,완료,미검증,미검수,false
CPF-V9-INITIAL-FULL-REVIEW-20260805-2020-REV-007-DEVGPT-V9-S06,CPF-WP-DOC-GOV-03-EVIDENCE_VALIDATION,WORK_PACKAGE,DOC-GOV,P2,GOVERNANCE,EVIDENCE_VALIDATION,Evidence 유효성 검증,cpf-docs + source owner,cpf-docs + source owner,,DEVGPT-V9-S06,CPF-WP-DOC-GOV-01-CANONICAL_MODEL,"현재 baseline/working tree와 Evidence의 Source, command, environment, result, hash를 대조한다. || 과거 Commit·다른 장비·다른 Artifact·미실행 Test를 현재 성공으로 사용하지 않는다. || Coverage/traceability PASS와 제품 동작 PASS를 구분한다.",Evidence schema validator와 stale evidence detector를 사용한다.,baseline mismatch;missing report;unsanitized secret;stale evidence,GATE-01-OWNERSHIP;GATE-02-CONSUMER;GATE-18-TEST-EVIDENCE;GATE-19-DOC-SUPPORT;GATE-20-HYGIENE,STD-NIST-SSDF,cpf-docs/work/current/CPF_DEVGPT_CONTROL_V9/TEST_AND_EVIDENCE.md;cpf-admin/frontend/openapi/cpf-openapi.json;cpf-tools/scripts/verify-cpf-execution-scope-exhaustive.py;cpf-admin/frontend/src/generated/cpf-api.ts;cpf-tools/scripts/run-cpf-full-qa-validation.ps1;cpf-tools/scripts/verify-cpf-product-governance.py;cpf-tools/scripts/initialize-cpf-database.ps1;cpf-tools/scripts/verify-local-artifact-propagation.ps1,cpf-docs/work/current/CPF_DEVGPT_CONTROL_V9/TEST_AND_EVIDENCE.md,cpf-admin/frontend/src/generated/cpf-api.ts,"현재 baseline/working tree와 Evidence의 Source, command, environment, result, hash를 대조한다. || 과거 Commit·다른 장비·다른 Artifact·미실행 Test를 현재 성공으로 사용하지 않는다. || Coverage/traceability PASS와 제품 동작 PASS를 구분한다. → cpf-docs/work/current/CPF_DEVGPT_CONTROL_V9/TEST_AND_EVIDENCE.md;cpf-admin/frontend/openapi/cpf-openapi.json;cpf-tools/scripts/verify-cpf-execution-scope-exhaustive.py;cpf-admin/frontend/src/generated/cpf-api.ts;cpf-tools/scripts/run-cpf-full-qa-validation.ps1;cpf-tools/scripts/verify-cpf-product-governance.py;cpf-tools/scripts/initialize-cpf-database.ps1;cpf-tools/scripts/verify-local-artifact-propagation.ps1 → cpf-admin/frontend/src/generated/cpf-api.ts → GATE-01-OWNERSHIP;GATE-02-CONSUMER;GATE-18-TEST-EVIDENCE;GATE-19-DOC-SUPPORT;GATE-20-HYGIENE",Per-Work-Item source inventory plus all applicable Engineering Gate commands,"현재 baseline/working tree와 Evidence의 Source, command, environment, result, hash를 대조한다. || 과거 Commit·다른 장비·다른 Artifact·미실행 Test를 현재 성공으로 사용하지 않는다. || Coverage/traceability PASS와 제품 동작 PASS를 구분한다.",DIRECT_STATIC_AND_ACCEPTANCE_ALTERNATIVE,pytest -q <21 S06 verifier files>; ./gradlew test || python <overlay hygiene validator>,0,Acceptance-specific source/consumer review; relevant gates=GATE-18-TEST-EVIDENCE;GATE-20-HYGIENE; states=미검증;완료. Authoritative environment evidence remains unavailable for at least one relevant gate.,evidence/ATOMIC_WORK_ITEM_EVIDENCE.jsonl#CPF-WP-DOC-GOV-03-EVIDENCE_VALIDATION,Acceptance-specific source/consumer review; relevant gates=GATE-18-TEST-EVIDENCE;GATE-20-HYGIENE; states=미검증;완료. Authoritative environment evidence remains unavailable for at least one relevant gate.,완료,미검증,미검수,false
CPF-V9-INITIAL-FULL-REVIEW-20260805-2020-REV-007-DEVGPT-V9-S06,CPF-WP-DOC-PRODUCT-01-CANONICAL_MODEL,WORK_PACKAGE,DOC-PRODUCT,P2,GOVERNANCE,CANONICAL_MODEL,정본·ID·상태 모델,cpf-docs + source owner,cpf-docs + source owner,,DEVGPT-V9-S06,,"Canonical Requirement/Scenario ID, owner, acceptance, continuity와 상태 규칙을 단일 정본으로 유지한다. || Alias/split/supersede/deprecate 관계와 count 변화를 추적한다. || 169/162 등 count 불일치를 자동 차단한다.",CSV/JSON schema와 deterministic builder를 사용한다.,duplicate ID;orphan scenario;count mismatch;invalid continuity,GATE-01-OWNERSHIP;GATE-02-CONSUMER;GATE-03-HTTP-API;GATE-05-DB-QUERY;GATE-07-MULTI-INSTANCE;GATE-14-FRONTEND;GATE-16-COMPATIBILITY;GATE-18-TEST-EVIDENCE;GATE-19-DOC-SUPPORT;GATE-20-HYGIENE,STD-NIST-SSDF;STD-OAS;STD-OWASP-API;STD-RFC9457;STD-WCAG,cpf-admin/frontend/openapi/cpf-openapi.json;cpf-tools/db/vendor/mariadb/migration/flyway/V91__bza_bootstrap_claim_recovery.sql;cpf-tools/db/vendor/oracle/migration/flyway/bzaDB/V91__bza_bootstrap_claim_recovery.sql;cpf-tools/db/vendor/postgresql/migration/flyway/bzaDB/V91__bza_bootstrap_claim_recovery.sql;cpf-admin/frontend/src/generated/cpf-api.ts;cpf-batch/host-agent/src/main/java/com/cpf/batch/agent/internal/ArtifactInstaller.java;cpf-tools/db/vendor/oracle/migration/flyway/batDB/V89__batch_execution_idempotency_lifecycle.sql;cpf-tools/scripts/verify-cpf-generator-upgrade-ownership.py,cpf-admin/frontend/openapi/cpf-openapi.json,cpf-admin/frontend/src/generated/cpf-api.ts;cpf-admin/src/main/java/com/cpf/admin/opr/controller/AdmBatchWorkbenchController.java,"Canonical Requirement/Scenario ID, owner, acceptance, continuity와 상태 규칙을 단일 정본으로 유지한다. || Alias/split/supersede/deprecate 관계와 count 변화를 추적한다. || 169/162 등 count 불일치를 자동 차단한다. → cpf-admin/frontend/openapi/cpf-openapi.json;cpf-tools/db/vendor/mariadb/migration/flyway/V91__bza_bootstrap_claim_recovery.sql;cpf-tools/db/vendor/oracle/migration/flyway/bzaDB/V91__bza_bootstrap_claim_recovery.sql;cpf-tools/db/vendor/postgresql/migration/flyway/bzaDB/V91__bza_bootstrap_claim_recovery.sql;cpf-admin/frontend/src/generated/cpf-api.ts;cpf-batch/host-agent/src/main/java/com/cpf/batch/agent/internal/ArtifactInstaller.java;cpf-tools/db/vendor/oracle/migration/flyway/batDB/V89__batch_execution_idempotency_lifecycle.sql;cpf-tools/scripts/verify-cpf-generator-upgrade-ownership.py → cpf-admin/frontend/src/generated/cpf-api.ts;cpf-admin/src/main/java/com/cpf/admin/opr/controller/AdmBatchWorkbenchController.java → GATE-01-OWNERSHIP;GATE-02-CONSUMER;GATE-03-HTTP-API;GATE-05-DB-QUERY;GATE-07-MULTI-INSTANCE;GATE-14-FRONTEND;GATE-16-COMPATIBILITY;GATE-18-TEST-EVIDENCE;GATE-19-DOC-SUPPORT;GATE-20-HYGIENE",Per-Work-Item source inventory plus all applicable Engineering Gate commands,"Canonical Requirement/Scenario ID, owner, acceptance, continuity와 상태 규칙을 단일 정본으로 유지한다. || Alias/split/supersede/deprecate 관계와 count 변화를 추적한다. || 169/162 등 count 불일치를 자동 차단한다.",DIRECT_STATIC_AND_ACCEPTANCE_ALTERNATIVE,python cpf-tools/scripts/verify-cpf-owner-boundaries.py --repo-root . --report-json <evidence> || python cpf-tools/scripts/build-cpf-work-package-source-review.py --repo-root .,0,Acceptance-specific source/consumer review; relevant gates=GATE-01-OWNERSHIP;GATE-19-DOC-SUPPORT; states=완료;완료. Direct or valid alternative evidence passed.,evidence/ATOMIC_WORK_ITEM_EVIDENCE.jsonl#CPF-WP-DOC-PRODUCT-01-CANONICAL_MODEL,,완료,완료,미검수,false
CPF-V9-INITIAL-FULL-REVIEW-20260805-2020-REV-007-DEVGPT-V9-S06,CPF-WP-DOC-PRODUCT-02-AUTOMATION_CONTINUITY,WORK_PACKAGE,DOC-PRODUCT,P2,GOVERNANCE,AUTOMATION_CONTINUITY,Builder·Validator·Continuity 자동화,cpf-docs + source owner,cpf-docs + source owner,,DEVGPT-V9-S06,CPF-WP-DOC-PRODUCT-01-CANONICAL_MODEL,"모든 Part 조립, header/count/hash, Requirement↔Scenario link와 role status를 검증한다. || Coverage 검증을 QA 통과로 오인하지 않게 result meaning을 명시한다. || 작업 전후 변경 ID와 Source/Evidence 연결을 보존한다.",logical master index와 streaming validator를 사용한다.,missing part;wrong hash;orphan link;false QA complete,GATE-01-OWNERSHIP;GATE-02-CONSUMER;GATE-03-HTTP-API;GATE-05-DB-QUERY;GATE-07-MULTI-INSTANCE;GATE-14-FRONTEND;GATE-16-COMPATIBILITY;GATE-18-TEST-EVIDENCE;GATE-19-DOC-SUPPORT;GATE-20-HYGIENE,STD-NIST-SSDF;STD-OAS;STD-OWASP-API;STD-RFC9457;STD-WCAG,cpf-starters/messaging/kafka/src/main/java/com/cpf/starter/messaging/kafka/internal/CpfKafkaConsumerControlAdapter.java;cpf-admin/frontend/openapi/cpf-openapi.json;cpf-tools/scripts/invoke-official-db-vendor-sql.ps1;cpf-tools/scripts/tests/test_publication_starter_closure.py;cpf-tools/scripts/verify-cpf-publication-starter-closure.py;cpf-admin/frontend/src/generated/cpf-api.ts;cpf-tools/scripts/Qa39Tool.java;cpf-tools/scripts/devgpt-control-v9/build_full_assignment.py,cpf-starters/messaging/kafka/src/main/java/com/cpf/starter/messaging/kafka/internal/CpfKafkaConsumerControlAdapter.java,cpf-starters/messaging/kafka/src/main/java/com/cpf/starter/messaging/kafka/internal/CpfKafkaConsumerControlAdapter.java;cpf-admin/frontend/src/generated/cpf-api.ts,"모든 Part 조립, header/count/hash, Requirement↔Scenario link와 role status를 검증한다. || Coverage 검증을 QA 통과로 오인하지 않게 result meaning을 명시한다. || 작업 전후 변경 ID와 Source/Evidence 연결을 보존한다. → cpf-starters/messaging/kafka/src/main/java/com/cpf/starter/messaging/kafka/internal/CpfKafkaConsumerControlAdapter.java;cpf-admin/frontend/openapi/cpf-openapi.json;cpf-tools/scripts/invoke-official-db-vendor-sql.ps1;cpf-tools/scripts/tests/test_publication_starter_closure.py;cpf-tools/scripts/verify-cpf-publication-starter-closure.py;cpf-admin/frontend/src/generated/cpf-api.ts;cpf-tools/scripts/Qa39Tool.java;cpf-tools/scripts/devgpt-control-v9/build_full_assignment.py → cpf-starters/messaging/kafka/src/main/java/com/cpf/starter/messaging/kafka/internal/CpfKafkaConsumerControlAdapter.java;cpf-admin/frontend/src/generated/cpf-api.ts → GATE-01-OWNERSHIP;GATE-02-CONSUMER;GATE-03-HTTP-API;GATE-05-DB-QUERY;GATE-07-MULTI-INSTANCE;GATE-14-FRONTEND;GATE-16-COMPATIBILITY;GATE-18-TEST-EVIDENCE;GATE-19-DOC-SUPPORT;GATE-20-HYGIENE",Per-Work-Item source inventory plus all applicable Engineering Gate commands,"모든 Part 조립, header/count/hash, Requirement↔Scenario link와 role status를 검증한다. || Coverage 검증을 QA 통과로 오인하지 않게 result meaning을 명시한다. || 작업 전후 변경 ID와 Source/Evidence 연결을 보존한다.",DIRECT_STATIC_AND_ACCEPTANCE_ALTERNATIVE,pytest -q <21 S06 verifier files>; ./gradlew test,0,Acceptance-specific source/consumer review; relevant gates=GATE-18-TEST-EVIDENCE; states=미검증. Authoritative environment evidence remains unavailable for at least one relevant gate.,evidence/ATOMIC_WORK_ITEM_EVIDENCE.jsonl#CPF-WP-DOC-PRODUCT-02-AUTOMATION_CONTINUITY,Acceptance-specific source/consumer review; relevant gates=GATE-18-TEST-EVIDENCE; states=미검증. Authoritative environment evidence remains unavailable for at least one relevant gate.,완료,미검증,미검수,false
CPF-V9-INITIAL-FULL-REVIEW-20260805-2020-REV-007-DEVGPT-V9-S06,CPF-WP-DOC-PRODUCT-03-EVIDENCE_VALIDATION,WORK_PACKAGE,DOC-PRODUCT,P2,GOVERNANCE,EVIDENCE_VALIDATION,Evidence 유효성 검증,cpf-docs + source owner,cpf-docs + source owner,,DEVGPT-V9-S06,CPF-WP-DOC-PRODUCT-01-CANONICAL_MODEL,"현재 baseline/working tree와 Evidence의 Source, command, environment, result, hash를 대조한다. || 과거 Commit·다른 장비·다른 Artifact·미실행 Test를 현재 성공으로 사용하지 않는다. || Coverage/traceability PASS와 제품 동작 PASS를 구분한다.",Evidence schema validator와 stale evidence detector를 사용한다.,baseline mismatch;missing report;unsanitized secret;stale evidence,GATE-01-OWNERSHIP;GATE-02-CONSUMER;GATE-03-HTTP-API;GATE-05-DB-QUERY;GATE-07-MULTI-INSTANCE;GATE-14-FRONTEND;GATE-16-COMPATIBILITY;GATE-18-TEST-EVIDENCE;GATE-19-DOC-SUPPORT;GATE-20-HYGIENE,STD-NIST-SSDF;STD-OAS;STD-OWASP-API;STD-RFC9457;STD-WCAG,cpf-docs/work/current/CPF_DEVGPT_CONTROL_V9/TEST_AND_EVIDENCE.md;cpf-admin/frontend/openapi/cpf-openapi.json;cpf-tools/scripts/verify-cpf-execution-scope-exhaustive.py;cpf-admin/frontend/src/generated/cpf-api.ts;cpf-tools/scripts/run-cpf-full-qa-validation.ps1;cpf-tools/scripts/initialize-cpf-database.ps1;cpf-tools/scripts/verify-local-artifact-propagation.ps1;cpf-batch/execution-runtime/src/main/java/com/cpf/batch/execution/CpfBatchKafkaRemoteConfiguration.java,cpf-docs/work/current/CPF_DEVGPT_CONTROL_V9/TEST_AND_EVIDENCE.md,cpf-admin/frontend/src/generated/cpf-api.ts,"현재 baseline/working tree와 Evidence의 Source, command, environment, result, hash를 대조한다. || 과거 Commit·다른 장비·다른 Artifact·미실행 Test를 현재 성공으로 사용하지 않는다. || Coverage/traceability PASS와 제품 동작 PASS를 구분한다. → cpf-docs/work/current/CPF_DEVGPT_CONTROL_V9/TEST_AND_EVIDENCE.md;cpf-admin/frontend/openapi/cpf-openapi.json;cpf-tools/scripts/verify-cpf-execution-scope-exhaustive.py;cpf-admin/frontend/src/generated/cpf-api.ts;cpf-tools/scripts/run-cpf-full-qa-validation.ps1;cpf-tools/scripts/initialize-cpf-database.ps1;cpf-tools/scripts/verify-local-artifact-propagation.ps1;cpf-batch/execution-runtime/src/main/java/com/cpf/batch/execution/CpfBatchKafkaRemoteConfiguration.java → cpf-admin/frontend/src/generated/cpf-api.ts → GATE-01-OWNERSHIP;GATE-02-CONSUMER;GATE-03-HTTP-API;GATE-05-DB-QUERY;GATE-07-MULTI-INSTANCE;GATE-14-FRONTEND;GATE-16-COMPATIBILITY;GATE-18-TEST-EVIDENCE;GATE-19-DOC-SUPPORT;GATE-20-HYGIENE",Per-Work-Item source inventory plus all applicable Engineering Gate commands,"현재 baseline/working tree와 Evidence의 Source, command, environment, result, hash를 대조한다. || 과거 Commit·다른 장비·다른 Artifact·미실행 Test를 현재 성공으로 사용하지 않는다. || Coverage/traceability PASS와 제품 동작 PASS를 구분한다.",DIRECT_STATIC_AND_ACCEPTANCE_ALTERNATIVE,pytest -q <21 S06 verifier files>; ./gradlew test || python <overlay hygiene validator>,0,Acceptance-specific source/consumer review; relevant gates=GATE-18-TEST-EVIDENCE;GATE-20-HYGIENE; states=미검증;완료. Authoritative environment evidence remains unavailable for at least one relevant gate.,evidence/ATOMIC_WORK_ITEM_EVIDENCE.jsonl#CPF-WP-DOC-PRODUCT-03-EVIDENCE_VALIDATION,Acceptance-specific source/consumer review; relevant gates=GATE-18-TEST-EVIDENCE;GATE-20-HYGIENE; states=미검증;완료. Authoritative environment evidence remains unavailable for at least one relevant gate.,완료,미검증,미검수,false
CPF-V9-INITIAL-FULL-REVIEW-20260805-2020-REV-007-DEVGPT-V9-S06,CPF-WP-ONBOARD-DOMAIN-01-CONTRACT_OWNERSHIP,WORK_PACKAGE,ONBOARD-DOMAIN,P2,PRODUCT_IMPLEMENTATION,CONTRACT_OWNERSHIP,계약·Ownership 확정,cpf-tools + public artifacts,cpf-tools + public artifacts,,DEVGPT-V9-S06,,"Canonical Owner Module·Package·State Owner와 실제 Consumer를 코드 기준으로 확정한다. || Public API·SPI·Internal, 입력·출력·오류·lifecycle·thread-safety·version 계약을 정의한다. || 역방향/순환 의존, Internal 참조, 선택 OSS type 노출, Dual Primary와 owner 없는 공통기능을 제거 또는 이관 대상으로 등록한다. || Local/Remote/Async/Batch 등 적용 topology에서 계약 동등성과 trust boundary를 정의한다.",기존 정식 Package와 Contract를 우선 재사용하고 새 Module은 실제 Owner가 없을 때만 제안한다. || 복잡한 기술 세부는 Internal로 숨기고 고객 확장 지점만 안정 SPI로 노출한다.,contract compatibility;unsupported capability;invalid configuration;internal access negative fixture,GATE-01-OWNERSHIP;GATE-02-CONSUMER;GATE-05-DB-QUERY;GATE-13-PERFORMANCE;GATE-15-GENERATOR;GATE-17-SUPPLY-CHAIN;GATE-18-TEST-EVIDENCE;GATE-20-HYGIENE;GATE-21-TIME,STD-CYCLONEDX;STD-NIST-SSDF;STD-SCRUM;STD-SLSA,cpf-tools/scripts/verify-cpf-generator-upgrade-ownership.py;cpf-tools/generator/verify-domain-lifecycle.ps1;cpf-tools/generator/contracts/generator-lifecycle-contract.json;cpf-tools/scripts/verify-cpf-generator-lifecycle.py;cpf-tools/generator/contracts/cpf-starter-catalog.json;cpf-tools/generator/create-domain-jobpack.ps1;cpf-tools/generator/create-domain.ps1;cpf-tools/scripts/verify-cpf-generator-java-template-compile.py,cpf-tools/scripts/verify-cpf-generator-upgrade-ownership.py,cpf-admin/frontend/src/generated/cpf-api.ts,"Canonical Owner Module·Package·State Owner와 실제 Consumer를 코드 기준으로 확정한다. || Public API·SPI·Internal, 입력·출력·오류·lifecycle·thread-safety·version 계약을 정의한다. || 역방향/순환 의존, Internal 참조, 선택 OSS type 노출, Dual Primary와 owner 없는 공통기능을 제거 또는 이관 대상으로 등록한다. || Local/Remote/Async/Batch 등 적용 topology에서 계약 동등성과 trust boundary를 정의한다. → cpf-tools/scripts/verify-cpf-generator-upgrade-ownership.py;cpf-tools/generator/verify-domain-lifecycle.ps1;cpf-tools/generator/contracts/generator-lifecycle-contract.json;cpf-tools/scripts/verify-cpf-generator-lifecycle.py;cpf-tools/generator/contracts/cpf-starter-catalog.json;cpf-tools/generator/create-domain-jobpack.ps1;cpf-tools/generator/create-domain.ps1;cpf-tools/scripts/verify-cpf-generator-java-template-compile.py → cpf-admin/frontend/src/generated/cpf-api.ts → GATE-01-OWNERSHIP;GATE-02-CONSUMER;GATE-05-DB-QUERY;GATE-13-PERFORMANCE;GATE-15-GENERATOR;GATE-17-SUPPLY-CHAIN;GATE-18-TEST-EVIDENCE;GATE-20-HYGIENE;GATE-21-TIME",Per-Work-Item source inventory plus all applicable Engineering Gate commands,"Canonical Owner Module·Package·State Owner와 실제 Consumer를 코드 기준으로 확정한다. || Public API·SPI·Internal, 입력·출력·오류·lifecycle·thread-safety·version 계약을 정의한다. || 역방향/순환 의존, Internal 참조, 선택 OSS type 노출, Dual Primary와 owner 없는 공통기능을 제거 또는 이관 대상으로 등록한다. || Local/Remote/Async/Batch 등 적용 topology에서 계약 동등성과 trust boundary를 정의한다.",DIRECT_STATIC_AND_ACCEPTANCE_ALTERNATIVE,python cpf-tools/scripts/verify-cpf-owner-boundaries.py --repo-root . --report-json <evidence>,0,Acceptance-specific source/consumer review; relevant gates=GATE-01-OWNERSHIP; states=완료. Direct or valid alternative evidence passed.,evidence/ATOMIC_WORK_ITEM_EVIDENCE.jsonl#CPF-WP-ONBOARD-DOMAIN-01-CONTRACT_OWNERSHIP,,완료,완료,미검수,false
CPF-V9-INITIAL-FULL-REVIEW-20260805-2020-REV-007-DEVGPT-V9-S06,CPF-WP-ONBOARD-DOMAIN-02-IMPLEMENTATION_CONSUMER,WORK_PACKAGE,ONBOARD-DOMAIN,P2,PRODUCT_IMPLEMENTATION,IMPLEMENTATION_CONSUMER,기본 구현·실제 Consumer 연결,cpf-tools + public artifacts,cpf-tools + public artifacts,,DEVGPT-V9-S06,CPF-WP-ONBOARD-DOMAIN-01-CONTRACT_OWNERSHIP,"Interface/DTO/Marker가 아닌 안전한 기본 구현·Provider·AutoConfiguration·상태 저장을 제공한다. || Bean/Route/SQL/API/Frontend/Script를 실제 Product Consumer 호출 경로에 연결한다. || 설정 safe default, validation, capability detection, lifecycle start/stop와 resource cleanup을 구현한다. || Consumer 없는 추상화나 Sample-only 구현이면 완료하지 않고 실제 Consumer 연결 또는 통합/폐기 후보로 처리한다.",Leaf Starter와 조건부 AutoConfiguration을 사용해 선택하지 않은 Runtime 의존을 유입하지 않는다. || 제품 Consumer와 Reference Consumer를 분리하되 동일 Public Contract를 사용한다.,normal consumer flow;missing provider;invalid property;startup/shutdown;resource cleanup,GATE-01-OWNERSHIP;GATE-02-CONSUMER;GATE-05-DB-QUERY;GATE-13-PERFORMANCE;GATE-15-GENERATOR;GATE-17-SUPPLY-CHAIN;GATE-18-TEST-EVIDENCE;GATE-20-HYGIENE;GATE-21-TIME,STD-CYCLONEDX;STD-NIST-SSDF;STD-SCRUM;STD-SLSA,cpf-tools/generator/create-domain.ps1;cpf-tools/generator/create-domain-jobpack.ps1;cpf-tools/scripts/verify-cpf-generator-java-template-compile.py;cpf-tools/scripts/verify-cpf-generator-idempotency-templates.py;cpf-tools/generator/create-domain-repository.ps1;cpf-tools/generator/verify-domain-lifecycle.ps1;cpf-tools/scripts/initialize-domain-database.ps1;cpf-tools/scripts/tests/test_publication_starter_closure.py,cpf-tools/generator/create-domain.ps1,cpf-admin/frontend/src/generated/cpf-api.ts,"Interface/DTO/Marker가 아닌 안전한 기본 구현·Provider·AutoConfiguration·상태 저장을 제공한다. || Bean/Route/SQL/API/Frontend/Script를 실제 Product Consumer 호출 경로에 연결한다. || 설정 safe default, validation, capability detection, lifecycle start/stop와 resource cleanup을 구현한다. || Consumer 없는 추상화나 Sample-only 구현이면 완료하지 않고 실제 Consumer 연결 또는 통합/폐기 후보로 처리한다. → cpf-tools/generator/create-domain.ps1;cpf-tools/generator/create-domain-jobpack.ps1;cpf-tools/scripts/verify-cpf-generator-java-template-compile.py;cpf-tools/scripts/verify-cpf-generator-idempotency-templates.py;cpf-tools/generator/create-domain-repository.ps1;cpf-tools/generator/verify-domain-lifecycle.ps1;cpf-tools/scripts/initialize-domain-database.ps1;cpf-tools/scripts/tests/test_publication_starter_closure.py → cpf-admin/frontend/src/generated/cpf-api.ts → GATE-01-OWNERSHIP;GATE-02-CONSUMER;GATE-05-DB-QUERY;GATE-13-PERFORMANCE;GATE-15-GENERATOR;GATE-17-SUPPLY-CHAIN;GATE-18-TEST-EVIDENCE;GATE-20-HYGIENE;GATE-21-TIME",Per-Work-Item source inventory plus all applicable Engineering Gate commands,"Interface/DTO/Marker가 아닌 안전한 기본 구현·Provider·AutoConfiguration·상태 저장을 제공한다. || Bean/Route/SQL/API/Frontend/Script를 실제 Product Consumer 호출 경로에 연결한다. || 설정 safe default, validation, capability detection, lifecycle start/stop와 resource cleanup을 구현한다. || Consumer 없는 추상화나 Sample-only 구현이면 완료하지 않고 실제 Consumer 연결 또는 통합/폐기 후보로 처리한다.",DIRECT_STATIC_AND_ACCEPTANCE_ALTERNATIVE,python cpf-tools/scripts/build-cpf-work-package-source-review.py --repo-root .; python cpf-tools/scripts/verify-cpf-spring-request-mapping-uniqueness.py --repo-root .,0,Acceptance-specific source/consumer review; relevant gates=GATE-02-CONSUMER; states=완료. Direct or valid alternative evidence passed.,evidence/ATOMIC_WORK_ITEM_EVIDENCE.jsonl#CPF-WP-ONBOARD-DOMAIN-02-IMPLEMENTATION_CONSUMER,,완료,완료,미검수,false
CPF-V9-INITIAL-FULL-REVIEW-20260805-2020-REV-007-DEVGPT-V9-S06,CPF-WP-ONBOARD-DOMAIN-03-VERIFICATION_EVIDENCE,WORK_PACKAGE,ONBOARD-DOMAIN,P2,PRODUCT_IMPLEMENTATION,VERIFICATION_EVIDENCE,검증·Evidence·추적성,cpf-tools + public artifacts,cpf-tools + public artifacts,,DEVGPT-V9-S06,CPF-WP-ONBOARD-DOMAIN-01-CONTRACT_OWNERSHIP;CPF-WP-ONBOARD-DOMAIN-02-IMPLEMENTATION_CONSUMER,"연결 CPF-FR Requirement와 CPF-SC Scenario를 논리 원장에서 전수 추출해 이 Work Package에 매핑한다. || 목표 환경을 먼저 실제 실행하고, 불가능할 때 최대 대체검증과 남은 실제 Runtime 차이를 분리한다. || 각 Scenario에 Test Method·Assertion·실제 결과·Evidence를 개별 연결한다. || 명령, 환경/version, 시간, exit code, report/artifact hash, sanitization과 baseline/working-tree 상태를 기록한다.",공통 Test Harness는 재사용하되 각 Requirement/Scenario의 Acceptance 근거를 개별 기록한다. || 긴 로그는 별도 Evidence로 두고 원장에는 핵심 결과와 경로를 남긴다.,direct validation;alternative validation;negative fixture;regression;evidence schema failure,GATE-01-OWNERSHIP;GATE-02-CONSUMER;GATE-05-DB-QUERY;GATE-13-PERFORMANCE;GATE-15-GENERATOR;GATE-17-SUPPLY-CHAIN;GATE-18-TEST-EVIDENCE;GATE-20-HYGIENE;GATE-21-TIME,STD-CYCLONEDX;STD-NIST-SSDF;STD-SCRUM;STD-SLSA,cpf-admin/frontend/src/generated/cpf-api.ts;cpf-tools/config/cpf-starter-catalog.json;cpf-tools/generator/contracts/cpf-starter-catalog.json;cpf-tools/generator/create-domain.ps1;cpf-tools/scripts/build-cpf-requirement-development-traceability.py;cpf-tools/scripts/run-cpf-full-qa-validation.ps1;cpf-tools/generator/verify-domain-lifecycle.ps1;cpf-tools/generator/create-domain-jobpack.ps1,cpf-admin/frontend/src/generated/cpf-api.ts,cpf-admin/frontend/src/generated/cpf-api.ts,"연결 CPF-FR Requirement와 CPF-SC Scenario를 논리 원장에서 전수 추출해 이 Work Package에 매핑한다. || 목표 환경을 먼저 실제 실행하고, 불가능할 때 최대 대체검증과 남은 실제 Runtime 차이를 분리한다. || 각 Scenario에 Test Method·Assertion·실제 결과·Evidence를 개별 연결한다. || 명령, 환경/version, 시간, exit code, report/artifact hash, sanitization과 baseline/working-tree 상태를 기록한다. → cpf-admin/frontend/src/generated/cpf-api.ts;cpf-tools/config/cpf-starter-catalog.json;cpf-tools/generator/contracts/cpf-starter-catalog.json;cpf-tools/generator/create-domain.ps1;cpf-tools/scripts/build-cpf-requirement-development-traceability.py;cpf-tools/scripts/run-cpf-full-qa-validation.ps1;cpf-tools/generator/verify-domain-lifecycle.ps1;cpf-tools/generator/create-domain-jobpack.ps1 → cpf-admin/frontend/src/generated/cpf-api.ts → GATE-01-OWNERSHIP;GATE-02-CONSUMER;GATE-05-DB-QUERY;GATE-13-PERFORMANCE;GATE-15-GENERATOR;GATE-17-SUPPLY-CHAIN;GATE-18-TEST-EVIDENCE;GATE-20-HYGIENE;GATE-21-TIME",Per-Work-Item source inventory plus all applicable Engineering Gate commands,"연결 CPF-FR Requirement와 CPF-SC Scenario를 논리 원장에서 전수 추출해 이 Work Package에 매핑한다. || 목표 환경을 먼저 실제 실행하고, 불가능할 때 최대 대체검증과 남은 실제 Runtime 차이를 분리한다. || 각 Scenario에 Test Method·Assertion·실제 결과·Evidence를 개별 연결한다. || 명령, 환경/version, 시간, exit code, report/artifact hash, sanitization과 baseline/working-tree 상태를 기록한다.",DIRECT_STATIC_AND_ACCEPTANCE_ALTERNATIVE,pytest -q <21 S06 verifier files>; ./gradlew test,0,Acceptance-specific source/consumer review; relevant gates=GATE-18-TEST-EVIDENCE; states=미검증. Authoritative environment evidence remains unavailable for at least one relevant gate.,evidence/ATOMIC_WORK_ITEM_EVIDENCE.jsonl#CPF-WP-ONBOARD-DOMAIN-03-VERIFICATION_EVIDENCE,Acceptance-specific source/consumer review; relevant gates=GATE-18-TEST-EVIDENCE; states=미검증. Authoritative environment evidence remains unavailable for at least one relevant gate.,완료,미검증,미검수,false
CPF-V9-INITIAL-FULL-REVIEW-20260805-2020-REV-007-DEVGPT-V9-S06,CPF-WP-ONBOARD-DOMAIN-04-DATA_MIGRATION,WORK_PACKAGE,ONBOARD-DOMAIN,P2,PRODUCT_IMPLEMENTATION,DATA_MIGRATION,DB·Query·Generator·Vendor Lifecycle,cpf-tools + public artifacts,cpf-tools + public artifacts,,DEVGPT-V9-S06,CPF-WP-ONBOARD-DOMAIN-01-CONTRACT_OWNERSHIP,DB/SQL/Query 영향 여부를 반드시 판정하고 N/A면 실제 호출 경로 근거를 기록한다. || Canonical Model/Query Contract→Generator/Template→Generated SQL/Mapper→Fresh Init/Seed→Migration/Rollback/Reapply 순서로 변경한다. || MariaDB/PostgreSQL/Oracle의 type/default/paging/locking/error/index/FK/transaction 차이를 전수 반영한다. || Repository/Mapper/DTO/Service/API/Frontend/Batch/ADM/BZA/Sample/EDU 소비자를 모두 점검한다.,Vendor-native SQL을 유지하되 Canonical Metadata에서 생성/검증 가능한 구조를 우선한다. || 파괴적 변경은 expand→migrate→contract와 compatibility window를 사용한다.,fresh install;double seed;upgrade;migration interruption;rollback/forward recovery;drift;vendor difference,GATE-01-OWNERSHIP;GATE-02-CONSUMER;GATE-05-DB-QUERY;GATE-13-PERFORMANCE;GATE-15-GENERATOR;GATE-16-COMPATIBILITY;GATE-17-SUPPLY-CHAIN;GATE-18-TEST-EVIDENCE;GATE-20-HYGIENE;GATE-21-TIME,STD-CYCLONEDX;STD-NIST-SSDF;STD-SCRUM;STD-SLSA,cpf-tools/db/vendor/oracle/migration/flyway/batDB/V89__batch_execution_idempotency_lifecycle.sql;cpf-tools/db/vendor/mariadb/migration/flyway/V89__batch_execution_idempotency_lifecycle.sql;cpf-tools/db/vendor/postgresql/migration/flyway/batDB/V89__batch_execution_idempotency_lifecycle.sql;cpf-tools/scripts/verify-cpf-generator-upgrade-ownership.py;cpf-tools/db/vendor/oracle/domain-template/migration/V1____DOMAIN___domain.sql.template;cpf-tools/db/vendor/postgresql/domain-template/migration/V1____DOMAIN___domain.sql.template;cpf-tools/generator/verify-domain-lifecycle.ps1;cpf-tools/scripts/initialize-domain-database.ps1,cpf-tools/db/vendor/oracle/migration/flyway/batDB/V89__batch_execution_idempotency_lifecycle.sql,N/A — no direct consumer is defined by this atomic contract; verification is performed through the owning Work Item gate.,DB/SQL/Query 영향 여부를 반드시 판정하고 N/A면 실제 호출 경로 근거를 기록한다. || Canonical Model/Query Contract→Generator/Template→Generated SQL/Mapper→Fresh Init/Seed→Migration/Rollback/Reapply 순서로 변경한다. || MariaDB/PostgreSQL/Oracle의 type/default/paging/locking/error/index/FK/transaction 차이를 전수 반영한다. || Repository/Mapper/DTO/Service/API/Frontend/Batch/ADM/BZA/Sample/EDU 소비자를 모두 점검한다. → cpf-tools/db/vendor/oracle/migration/flyway/batDB/V89__batch_execution_idempotency_lifecycle.sql;cpf-tools/db/vendor/mariadb/migration/flyway/V89__batch_execution_idempotency_lifecycle.sql;cpf-tools/db/vendor/postgresql/migration/flyway/batDB/V89__batch_execution_idempotency_lifecycle.sql;cpf-tools/scripts/verify-cpf-generator-upgrade-ownership.py;cpf-tools/db/vendor/oracle/domain-template/migration/V1____DOMAIN___domain.sql.template;cpf-tools/db/vendor/postgresql/domain-template/migration/V1____DOMAIN___domain.sql.template;cpf-tools/generator/verify-domain-lifecycle.ps1;cpf-tools/scripts/initialize-domain-database.ps1 → N/A — no direct consumer is defined by this atomic contract; verification is performed through the owning Work Item gate. → GATE-01-OWNERSHIP;GATE-02-CONSUMER;GATE-05-DB-QUERY;GATE-13-PERFORMANCE;GATE-15-GENERATOR;GATE-16-COMPATIBILITY;GATE-17-SUPPLY-CHAIN;GATE-18-TEST-EVIDENCE;GATE-20-HYGIENE;GATE-21-TIME,Per-Work-Item source inventory plus all applicable Engineering Gate commands,DB/SQL/Query 영향 여부를 반드시 판정하고 N/A면 실제 호출 경로 근거를 기록한다. || Canonical Model/Query Contract→Generator/Template→Generated SQL/Mapper→Fresh Init/Seed→Migration/Rollback/Reapply 순서로 변경한다. || MariaDB/PostgreSQL/Oracle의 type/default/paging/locking/error/index/FK/transaction 차이를 전수 반영한다. || Repository/Mapper/DTO/Service/API/Frontend/Batch/ADM/BZA/Sample/EDU 소비자를 모두 점검한다.,DIRECT_STATIC_AND_ACCEPTANCE_ALTERNATIVE,python cpf-tools/scripts/verify-cpf-seed-dialect.py --repo-root .; java -cp <classes> Qa39Tool db-static-token-parity .,0,Acceptance-specific source/consumer review; relevant gates=GATE-05-DB-QUERY; states=미검증. Authoritative environment evidence remains unavailable for at least one relevant gate.,evidence/ATOMIC_WORK_ITEM_EVIDENCE.jsonl#CPF-WP-ONBOARD-DOMAIN-04-DATA_MIGRATION,Acceptance-specific source/consumer review; relevant gates=GATE-05-DB-QUERY; states=미검증. Authoritative environment evidence remains unavailable for at least one relevant gate.,완료,미검증,미검수,false
CPF-V9-INITIAL-FULL-REVIEW-20260805-2020-REV-007-DEVGPT-V9-S06,CPF-WP-ONBOARD-DOMAIN-05-GENERATION_COMPATIBILITY,WORK_PACKAGE,ONBOARD-DOMAIN,P2,PRODUCT_IMPLEMENTATION,GENERATION_COMPATIBILITY,생성·Artifact·호환성,cpf-tools + public artifacts,cpf-tools + public artifacts,,DEVGPT-V9-S06,CPF-WP-ONBOARD-DOMAIN-01-CONTRACT_OWNERSHIP,"Generator/OpenAPI/AsyncAPI/DB metadata/template 등 Canonical 입력과 생성 산출물의 ownership을 확정한다. || remove→regenerate deterministic parity와 user-owned 영역 보존을 검증한다. || API/message/file/DB/config/artifact의 semantic version, compatibility, deprecation, mixed-version와 rollback 영향을 처리한다. || Generated Source만 수동 수정하지 않고 원본 입력·Generator·Golden Sample을 함께 수정한다.",입력 version/hash와 generator version을 manifest에 고정하고 normalized diff gate를 사용한다. || 최신 표준 버전은 shadow compatibility를 통과한 뒤 CPF 지원 profile로 승격한다.,clean regeneration;user region preserve;mixed version;unsupported profile;rollback compatibility,GATE-01-OWNERSHIP;GATE-02-CONSUMER;GATE-05-DB-QUERY;GATE-13-PERFORMANCE;GATE-15-GENERATOR;GATE-16-COMPATIBILITY;GATE-17-SUPPLY-CHAIN;GATE-18-TEST-EVIDENCE;GATE-20-HYGIENE;GATE-21-TIME,STD-CYCLONEDX;STD-NIST-SSDF;STD-SCRUM;STD-SLSA,cpf-admin/frontend/openapi/cpf-openapi.json;cpf-tools/generator/verify-domain-lifecycle.ps1;cpf-admin/frontend/src/generated/cpf-api.ts;cpf-tools/scripts/tests/test_publication_starter_closure.py;cpf-tools/scripts/verify-cpf-generator-lifecycle.py;cpf-tools/scripts/verify-cpf-publication-starter-closure.py;cpf-tools/scripts/verify-cpf-openapi-controller-coverage.py;cpf-admin/frontend/src/generated/adm-route-operation-contract.ts,cpf-admin/frontend/openapi/cpf-openapi.json,cpf-admin/frontend/src/generated/cpf-api.ts;cpf-admin/frontend/src/generated/adm-route-operation-contract.ts,"Generator/OpenAPI/AsyncAPI/DB metadata/template 등 Canonical 입력과 생성 산출물의 ownership을 확정한다. || remove→regenerate deterministic parity와 user-owned 영역 보존을 검증한다. || API/message/file/DB/config/artifact의 semantic version, compatibility, deprecation, mixed-version와 rollback 영향을 처리한다. || Generated Source만 수동 수정하지 않고 원본 입력·Generator·Golden Sample을 함께 수정한다. → cpf-admin/frontend/openapi/cpf-openapi.json;cpf-tools/generator/verify-domain-lifecycle.ps1;cpf-admin/frontend/src/generated/cpf-api.ts;cpf-tools/scripts/tests/test_publication_starter_closure.py;cpf-tools/scripts/verify-cpf-generator-lifecycle.py;cpf-tools/scripts/verify-cpf-publication-starter-closure.py;cpf-tools/scripts/verify-cpf-openapi-controller-coverage.py;cpf-admin/frontend/src/generated/adm-route-operation-contract.ts → cpf-admin/frontend/src/generated/cpf-api.ts;cpf-admin/frontend/src/generated/adm-route-operation-contract.ts → GATE-01-OWNERSHIP;GATE-02-CONSUMER;GATE-05-DB-QUERY;GATE-13-PERFORMANCE;GATE-15-GENERATOR;GATE-16-COMPATIBILITY;GATE-17-SUPPLY-CHAIN;GATE-18-TEST-EVIDENCE;GATE-20-HYGIENE;GATE-21-TIME",Per-Work-Item source inventory plus all applicable Engineering Gate commands,"Generator/OpenAPI/AsyncAPI/DB metadata/template 등 Canonical 입력과 생성 산출물의 ownership을 확정한다. || remove→regenerate deterministic parity와 user-owned 영역 보존을 검증한다. || API/message/file/DB/config/artifact의 semantic version, compatibility, deprecation, mixed-version와 rollback 영향을 처리한다. || Generated Source만 수동 수정하지 않고 원본 입력·Generator·Golden Sample을 함께 수정한다.",DIRECT_STATIC_AND_ACCEPTANCE_ALTERNATIVE,python cpf-tools/scripts/verify-cpf-generator-idempotency-templates.py --repo-root .; python cpf-tools/scripts/verify-cpf-generator-lifecycle.py --repo-root . || python cpf-tools/scripts/verify-cpf-qa34-build-contract.py --repo-root .,0,Acceptance-specific source/consumer review; relevant gates=GATE-15-GENERATOR;GATE-16-COMPATIBILITY; states=완료;미검증. Authoritative environment evidence remains unavailable for at least one relevant gate.,evidence/ATOMIC_WORK_ITEM_EVIDENCE.jsonl#CPF-WP-ONBOARD-DOMAIN-05-GENERATION_COMPATIBILITY,Acceptance-specific source/consumer review; relevant gates=GATE-15-GENERATOR;GATE-16-COMPATIBILITY; states=완료;미검증. Authoritative environment evidence remains unavailable for at least one relevant gate.,완료,미검증,미검수,false
CPF-V9-INITIAL-FULL-REVIEW-20260805-2020-REV-007-DEVGPT-V9-S06,CPF-WP-PROD-EDITION-01-POLICY_BOUNDARY,WORK_PACKAGE,PROD-EDITION,P2,PRODUCT_POLICY_AND_PROTOTYPE,POLICY_BOUNDARY,제품 정책·지원 경계,product governance,product governance,,DEVGPT-V9-S06,,"지원/비지원, edition/license/capability와 security/compatibility 경계를 명시한다. || 미결정 정책을 GA 기능 완료처럼 노출하지 않는다. || 기술 Runtime과 상용 정책을 분리한다.",ADR와 capability manifest로 정책을 표현한다.,unsupported edition;license change;capability conflict,GATE-01-OWNERSHIP;GATE-02-CONSUMER;GATE-17-SUPPLY-CHAIN;GATE-18-TEST-EVIDENCE;GATE-20-HYGIENE;GATE-21-TIME,STD-CYCLONEDX;STD-NIST-SSDF;STD-OPENFEATURE;STD-SCRUM;STD-SLSA,cpf-tools/scripts/verify-cpf-product-governance.py;cpf-tools/product-governance/product-capability-policy.json;cpf-admin/frontend/openapi/cpf-openapi.json;cpf-tools/config/cpf-starter-catalog.json;cpf-tools/db/vendor/mariadb/seed/00_product_seed.sql;cpf-tools/db/vendor/mariadb/source/00_product_seed.sql;cpf-tools/db/vendor/oracle/seed/00_product_seed.sql;cpf-tools/db/vendor/oracle/source/00_product_seed.sql,cpf-tools/scripts/verify-cpf-product-governance.py,cpf-admin/frontend/src/generated/cpf-api.ts,"지원/비지원, edition/license/capability와 security/compatibility 경계를 명시한다. || 미결정 정책을 GA 기능 완료처럼 노출하지 않는다. || 기술 Runtime과 상용 정책을 분리한다. → cpf-tools/scripts/verify-cpf-product-governance.py;cpf-tools/product-governance/product-capability-policy.json;cpf-admin/frontend/openapi/cpf-openapi.json;cpf-tools/config/cpf-starter-catalog.json;cpf-tools/db/vendor/mariadb/seed/00_product_seed.sql;cpf-tools/db/vendor/mariadb/source/00_product_seed.sql;cpf-tools/db/vendor/oracle/seed/00_product_seed.sql;cpf-tools/db/vendor/oracle/source/00_product_seed.sql → cpf-admin/frontend/src/generated/cpf-api.ts → GATE-01-OWNERSHIP;GATE-02-CONSUMER;GATE-17-SUPPLY-CHAIN;GATE-18-TEST-EVIDENCE;GATE-20-HYGIENE;GATE-21-TIME",Per-Work-Item source inventory plus all applicable Engineering Gate commands,"지원/비지원, edition/license/capability와 security/compatibility 경계를 명시한다. || 미결정 정책을 GA 기능 완료처럼 노출하지 않는다. || 기술 Runtime과 상용 정책을 분리한다.",DIRECT_STATIC_AND_ACCEPTANCE_ALTERNATIVE,python cpf-tools/scripts/verify-cpf-owner-boundaries.py --repo-root . --report-json <evidence> || python cpf-tools/scripts/verify-cpf-supply-chain.py --repo-root .; python cpf-tools/scripts/verify-cpf-runtime-alternatives.py --root . --report <evidence>,0,Acceptance-specific source/consumer review; relevant gates=GATE-01-OWNERSHIP;GATE-17-SUPPLY-CHAIN; states=완료;미검증. Authoritative environment evidence remains unavailable for at least one relevant gate.,evidence/ATOMIC_WORK_ITEM_EVIDENCE.jsonl#CPF-WP-PROD-EDITION-01-POLICY_BOUNDARY,Acceptance-specific source/consumer review; relevant gates=GATE-01-OWNERSHIP;GATE-17-SUPPLY-CHAIN; states=완료;미검증. Authoritative environment evidence remains unavailable for at least one relevant gate.,완료,미검증,미검수,false
CPF-V9-INITIAL-FULL-REVIEW-20260805-2020-REV-007-DEVGPT-V9-S06,CPF-WP-PROD-EDITION-02-PROTOTYPE_EVIDENCE,WORK_PACKAGE,PROD-EDITION,P2,PRODUCT_POLICY_AND_PROTOTYPE,PROTOTYPE_EVIDENCE,Capability Prototype·실증,product governance,product governance,,DEVGPT-V9-S06,CPF-WP-PROD-EDITION-01-POLICY_BOUNDARY,정책 후보가 Architecture를 깨지 않는 최소 Prototype과 실제 Consumer를 제공한다. || 성능·보안·업그레이드·제거 가능성과 지원 비용을 검증한다.,기본 비활성 leaf module/profile로 실증한다.,enable;disable/remove;upgrade;security isolation,GATE-01-OWNERSHIP;GATE-02-CONSUMER;GATE-17-SUPPLY-CHAIN;GATE-18-TEST-EVIDENCE;GATE-20-HYGIENE;GATE-21-TIME,STD-CYCLONEDX;STD-NIST-SSDF;STD-OPENFEATURE;STD-SCRUM;STD-SLSA,cpf-tools/scripts/verify-cpf-product-governance.py;cpf-starters/messaging/kafka/src/main/java/com/cpf/starter/messaging/kafka/internal/CpfKafkaConsumerControlAdapter.java;cpf-tools/db/vendor/mariadb/seed/00_product_seed.sql;cpf-tools/db/vendor/mariadb/source/00_product_seed.sql;cpf-tools/db/vendor/oracle/seed/00_product_seed.sql;cpf-tools/db/vendor/oracle/source/00_product_seed.sql;cpf-tools/db/vendor/postgresql/seed/00_product_seed.sql;cpf-tools/db/vendor/postgresql/source/00_product_seed.sql,cpf-tools/scripts/verify-cpf-product-governance.py,cpf-starters/messaging/kafka/src/main/java/com/cpf/starter/messaging/kafka/internal/CpfKafkaConsumerControlAdapter.java,정책 후보가 Architecture를 깨지 않는 최소 Prototype과 실제 Consumer를 제공한다. || 성능·보안·업그레이드·제거 가능성과 지원 비용을 검증한다. → cpf-tools/scripts/verify-cpf-product-governance.py;cpf-starters/messaging/kafka/src/main/java/com/cpf/starter/messaging/kafka/internal/CpfKafkaConsumerControlAdapter.java;cpf-tools/db/vendor/mariadb/seed/00_product_seed.sql;cpf-tools/db/vendor/mariadb/source/00_product_seed.sql;cpf-tools/db/vendor/oracle/seed/00_product_seed.sql;cpf-tools/db/vendor/oracle/source/00_product_seed.sql;cpf-tools/db/vendor/postgresql/seed/00_product_seed.sql;cpf-tools/db/vendor/postgresql/source/00_product_seed.sql → cpf-starters/messaging/kafka/src/main/java/com/cpf/starter/messaging/kafka/internal/CpfKafkaConsumerControlAdapter.java → GATE-01-OWNERSHIP;GATE-02-CONSUMER;GATE-17-SUPPLY-CHAIN;GATE-18-TEST-EVIDENCE;GATE-20-HYGIENE;GATE-21-TIME,Per-Work-Item source inventory plus all applicable Engineering Gate commands,정책 후보가 Architecture를 깨지 않는 최소 Prototype과 실제 Consumer를 제공한다. || 성능·보안·업그레이드·제거 가능성과 지원 비용을 검증한다.,DIRECT_STATIC_AND_ACCEPTANCE_ALTERNATIVE,pytest -q <21 S06 verifier files>; ./gradlew test,0,Acceptance-specific source/consumer review; relevant gates=GATE-18-TEST-EVIDENCE; states=미검증. Authoritative environment evidence remains unavailable for at least one relevant gate.,evidence/ATOMIC_WORK_ITEM_EVIDENCE.jsonl#CPF-WP-PROD-EDITION-02-PROTOTYPE_EVIDENCE,Acceptance-specific source/consumer review; relevant gates=GATE-18-TEST-EVIDENCE; states=미검증. Authoritative environment evidence remains unavailable for at least one relevant gate.,완료,미검증,미검수,false
CPF-V9-INITIAL-FULL-REVIEW-20260805-2020-REV-007-DEVGPT-V9-S06,CPF-WP-PROD-EDITION-03-COMPATIBILITY_SECURITY,WORK_PACKAGE,PROD-EDITION,P2,PRODUCT_POLICY_AND_PROTOTYPE,COMPATIBILITY_SECURITY,정책 호환성·보안,product governance,product governance,,DEVGPT-V9-S06,CPF-WP-PROD-EDITION-01-POLICY_BOUNDARY,"tenant/plugin/edition/package 격리, permission, signature, upgrade/rollback와 mixed-version을 검토한다. || 선택 기능이 기본 Runtime 의존이나 권한 우회를 만들지 않는다.",capability-based permission and signed plugin/package metadata를 검토한다.,cross-tenant;unsigned plugin;incompatible package;rollback,GATE-01-OWNERSHIP;GATE-02-CONSUMER;GATE-09-SECURITY;GATE-16-COMPATIBILITY;GATE-17-SUPPLY-CHAIN;GATE-18-TEST-EVIDENCE;GATE-20-HYGIENE;GATE-21-TIME,STD-CISA-SBD;STD-CYCLONEDX;STD-NIST-SSDF;STD-OPENFEATURE;STD-OWASP-ASVS;STD-SCRUM;STD-SLSA,cpf-tools/scripts/verify-cpf-product-governance.py;cpf-tools/db/vendor/mariadb/seed/00_product_seed.sql;cpf-tools/db/vendor/mariadb/source/00_product_seed.sql;cpf-tools/db/vendor/oracle/seed/00_product_seed.sql;cpf-tools/db/vendor/oracle/source/00_product_seed.sql;cpf-tools/db/vendor/postgresql/seed/00_product_seed.sql;cpf-tools/db/vendor/postgresql/source/00_product_seed.sql;cpf-starters/security/session-jdbc/src/main/java/com/cpf/starter/security/CpfServerSessionSecurityAutoConfiguration.java,cpf-tools/scripts/verify-cpf-product-governance.py,cpf-admin/frontend/src/generated/cpf-api.ts;cpf-admin/frontend/e2e/bff-security.spec.ts;cpf-biz-admin/frontend/e2e/bff-security.spec.ts,"tenant/plugin/edition/package 격리, permission, signature, upgrade/rollback와 mixed-version을 검토한다. || 선택 기능이 기본 Runtime 의존이나 권한 우회를 만들지 않는다. → cpf-tools/scripts/verify-cpf-product-governance.py;cpf-tools/db/vendor/mariadb/seed/00_product_seed.sql;cpf-tools/db/vendor/mariadb/source/00_product_seed.sql;cpf-tools/db/vendor/oracle/seed/00_product_seed.sql;cpf-tools/db/vendor/oracle/source/00_product_seed.sql;cpf-tools/db/vendor/postgresql/seed/00_product_seed.sql;cpf-tools/db/vendor/postgresql/source/00_product_seed.sql;cpf-starters/security/session-jdbc/src/main/java/com/cpf/starter/security/CpfServerSessionSecurityAutoConfiguration.java → cpf-admin/frontend/src/generated/cpf-api.ts;cpf-admin/frontend/e2e/bff-security.spec.ts;cpf-biz-admin/frontend/e2e/bff-security.spec.ts → GATE-01-OWNERSHIP;GATE-02-CONSUMER;GATE-09-SECURITY;GATE-16-COMPATIBILITY;GATE-17-SUPPLY-CHAIN;GATE-18-TEST-EVIDENCE;GATE-20-HYGIENE;GATE-21-TIME",Per-Work-Item source inventory plus all applicable Engineering Gate commands,"tenant/plugin/edition/package 격리, permission, signature, upgrade/rollback와 mixed-version을 검토한다. || 선택 기능이 기본 Runtime 의존이나 권한 우회를 만들지 않는다.",DIRECT_STATIC_AND_ACCEPTANCE_ALTERNATIVE,java -cp <classes> Qa39Tool bff-security .; pytest -q cpf-tools/scripts/tests/test_oracle_sqlplus_secret_transport.py || python cpf-tools/scripts/verify-cpf-qa34-build-contract.py --repo-root .,0,Acceptance-specific source/consumer review; relevant gates=GATE-09-SECURITY;GATE-16-COMPATIBILITY; states=미검증;미검증. Authoritative environment evidence remains unavailable for at least one relevant gate.,evidence/ATOMIC_WORK_ITEM_EVIDENCE.jsonl#CPF-WP-PROD-EDITION-03-COMPATIBILITY_SECURITY,Acceptance-specific source/consumer review; relevant gates=GATE-09-SECURITY;GATE-16-COMPATIBILITY; states=미검증;미검증. Authoritative environment evidence remains unavailable for at least one relevant gate.,완료,미검증,미검수,false
CPF-V9-INITIAL-FULL-REVIEW-20260805-2020-REV-007-DEVGPT-V9-S06,CPF-WP-PROD-MULTITENANT-01-POLICY_BOUNDARY,WORK_PACKAGE,PROD-MULTITENANT,P2,PRODUCT_POLICY_AND_PROTOTYPE,POLICY_BOUNDARY,제품 정책·지원 경계,product governance,product governance,,DEVGPT-V9-S06,,"지원/비지원, edition/license/capability와 security/compatibility 경계를 명시한다. || 미결정 정책을 GA 기능 완료처럼 노출하지 않는다. || 기술 Runtime과 상용 정책을 분리한다.",ADR와 capability manifest로 정책을 표현한다.,unsupported edition;license change;capability conflict,GATE-01-OWNERSHIP;GATE-02-CONSUMER;GATE-09-SECURITY;GATE-10-CRYPTO-PRIVACY;GATE-11-OPS-AUDIT;GATE-17-SUPPLY-CHAIN;GATE-18-TEST-EVIDENCE;GATE-20-HYGIENE;GATE-21-TIME,STD-CISA-SBD;STD-CYCLONEDX;STD-NIST-SSDF;STD-OPENFEATURE;STD-OWASP-ASVS;STD-SCRUM;STD-SLSA,cpf-tools/scripts/verify-cpf-product-governance.py;cpf-tools/product-governance/product-capability-policy.json;cpf-tools/db/vendor/mariadb/seed/00_product_seed.sql;cpf-tools/db/vendor/mariadb/source/00_product_seed.sql;cpf-tools/db/vendor/oracle/seed/00_product_seed.sql;cpf-tools/db/vendor/oracle/source/00_product_seed.sql;cpf-tools/db/vendor/postgresql/seed/00_product_seed.sql;cpf-tools/db/vendor/postgresql/source/00_product_seed.sql,cpf-tools/scripts/verify-cpf-product-governance.py,cpf-admin/frontend/src/generated/cpf-api.ts,"지원/비지원, edition/license/capability와 security/compatibility 경계를 명시한다. || 미결정 정책을 GA 기능 완료처럼 노출하지 않는다. || 기술 Runtime과 상용 정책을 분리한다. → cpf-tools/scripts/verify-cpf-product-governance.py;cpf-tools/product-governance/product-capability-policy.json;cpf-tools/db/vendor/mariadb/seed/00_product_seed.sql;cpf-tools/db/vendor/mariadb/source/00_product_seed.sql;cpf-tools/db/vendor/oracle/seed/00_product_seed.sql;cpf-tools/db/vendor/oracle/source/00_product_seed.sql;cpf-tools/db/vendor/postgresql/seed/00_product_seed.sql;cpf-tools/db/vendor/postgresql/source/00_product_seed.sql → cpf-admin/frontend/src/generated/cpf-api.ts → GATE-01-OWNERSHIP;GATE-02-CONSUMER;GATE-09-SECURITY;GATE-10-CRYPTO-PRIVACY;GATE-11-OPS-AUDIT;GATE-17-SUPPLY-CHAIN;GATE-18-TEST-EVIDENCE;GATE-20-HYGIENE;GATE-21-TIME",Per-Work-Item source inventory plus all applicable Engineering Gate commands,"지원/비지원, edition/license/capability와 security/compatibility 경계를 명시한다. || 미결정 정책을 GA 기능 완료처럼 노출하지 않는다. || 기술 Runtime과 상용 정책을 분리한다.",DIRECT_STATIC_AND_ACCEPTANCE_ALTERNATIVE,python cpf-tools/scripts/verify-cpf-owner-boundaries.py --repo-root . --report-json <evidence> || python cpf-tools/scripts/verify-cpf-supply-chain.py --repo-root .; python cpf-tools/scripts/verify-cpf-runtime-alternatives.py --root . --report <evidence>,0,Acceptance-specific source/consumer review; relevant gates=GATE-01-OWNERSHIP;GATE-17-SUPPLY-CHAIN; states=완료;미검증. Authoritative environment evidence remains unavailable for at least one relevant gate.,evidence/ATOMIC_WORK_ITEM_EVIDENCE.jsonl#CPF-WP-PROD-MULTITENANT-01-POLICY_BOUNDARY,Acceptance-specific source/consumer review; relevant gates=GATE-01-OWNERSHIP;GATE-17-SUPPLY-CHAIN; states=완료;미검증. Authoritative environment evidence remains unavailable for at least one relevant gate.,완료,미검증,미검수,false
CPF-V9-INITIAL-FULL-REVIEW-20260805-2020-REV-007-DEVGPT-V9-S06,CPF-WP-PROD-MULTITENANT-02-PROTOTYPE_EVIDENCE,WORK_PACKAGE,PROD-MULTITENANT,P2,PRODUCT_POLICY_AND_PROTOTYPE,PROTOTYPE_EVIDENCE,Capability Prototype·실증,product governance,product governance,,DEVGPT-V9-S06,CPF-WP-PROD-MULTITENANT-01-POLICY_BOUNDARY,정책 후보가 Architecture를 깨지 않는 최소 Prototype과 실제 Consumer를 제공한다. || 성능·보안·업그레이드·제거 가능성과 지원 비용을 검증한다.,기본 비활성 leaf module/profile로 실증한다.,enable;disable/remove;upgrade;security isolation,GATE-01-OWNERSHIP;GATE-02-CONSUMER;GATE-09-SECURITY;GATE-10-CRYPTO-PRIVACY;GATE-11-OPS-AUDIT;GATE-17-SUPPLY-CHAIN;GATE-18-TEST-EVIDENCE;GATE-20-HYGIENE;GATE-21-TIME,STD-CISA-SBD;STD-CYCLONEDX;STD-NIST-SSDF;STD-OPENFEATURE;STD-OWASP-ASVS;STD-SCRUM;STD-SLSA,cpf-tools/scripts/verify-cpf-product-governance.py;cpf-admin/frontend/openapi/cpf-openapi.json;cpf-tools/config/cpf-starter-catalog.json;cpf-tools/db/vendor/mariadb/seed/00_product_seed.sql;cpf-tools/db/vendor/mariadb/source/00_product_seed.sql;cpf-tools/db/vendor/oracle/seed/00_product_seed.sql;cpf-tools/db/vendor/oracle/source/00_product_seed.sql;cpf-tools/db/vendor/postgresql/seed/00_product_seed.sql,cpf-tools/scripts/verify-cpf-product-governance.py,cpf-admin/frontend/src/generated/cpf-api.ts;cpf-starters/messaging/kafka/src/main/java/com/cpf/starter/messaging/kafka/internal/CpfKafkaConsumerControlAdapter.java,정책 후보가 Architecture를 깨지 않는 최소 Prototype과 실제 Consumer를 제공한다. || 성능·보안·업그레이드·제거 가능성과 지원 비용을 검증한다. → cpf-tools/scripts/verify-cpf-product-governance.py;cpf-admin/frontend/openapi/cpf-openapi.json;cpf-tools/config/cpf-starter-catalog.json;cpf-tools/db/vendor/mariadb/seed/00_product_seed.sql;cpf-tools/db/vendor/mariadb/source/00_product_seed.sql;cpf-tools/db/vendor/oracle/seed/00_product_seed.sql;cpf-tools/db/vendor/oracle/source/00_product_seed.sql;cpf-tools/db/vendor/postgresql/seed/00_product_seed.sql → cpf-admin/frontend/src/generated/cpf-api.ts;cpf-starters/messaging/kafka/src/main/java/com/cpf/starter/messaging/kafka/internal/CpfKafkaConsumerControlAdapter.java → GATE-01-OWNERSHIP;GATE-02-CONSUMER;GATE-09-SECURITY;GATE-10-CRYPTO-PRIVACY;GATE-11-OPS-AUDIT;GATE-17-SUPPLY-CHAIN;GATE-18-TEST-EVIDENCE;GATE-20-HYGIENE;GATE-21-TIME,Per-Work-Item source inventory plus all applicable Engineering Gate commands,정책 후보가 Architecture를 깨지 않는 최소 Prototype과 실제 Consumer를 제공한다. || 성능·보안·업그레이드·제거 가능성과 지원 비용을 검증한다.,DIRECT_STATIC_AND_ACCEPTANCE_ALTERNATIVE,pytest -q <21 S06 verifier files>; ./gradlew test,0,Acceptance-specific source/consumer review; relevant gates=GATE-18-TEST-EVIDENCE; states=미검증. Authoritative environment evidence remains unavailable for at least one relevant gate.,evidence/ATOMIC_WORK_ITEM_EVIDENCE.jsonl#CPF-WP-PROD-MULTITENANT-02-PROTOTYPE_EVIDENCE,Acceptance-specific source/consumer review; relevant gates=GATE-18-TEST-EVIDENCE; states=미검증. Authoritative environment evidence remains unavailable for at least one relevant gate.,완료,미검증,미검수,false
CPF-V9-INITIAL-FULL-REVIEW-20260805-2020-REV-007-DEVGPT-V9-S06,CPF-WP-PROD-MULTITENANT-03-COMPATIBILITY_SECURITY,WORK_PACKAGE,PROD-MULTITENANT,P2,PRODUCT_POLICY_AND_PROTOTYPE,COMPATIBILITY_SECURITY,정책 호환성·보안,product governance,product governance,,DEVGPT-V9-S06,CPF-WP-PROD-MULTITENANT-01-POLICY_BOUNDARY,"tenant/plugin/edition/package 격리, permission, signature, upgrade/rollback와 mixed-version을 검토한다. || 선택 기능이 기본 Runtime 의존이나 권한 우회를 만들지 않는다.",capability-based permission and signed plugin/package metadata를 검토한다.,cross-tenant;unsigned plugin;incompatible package;rollback,GATE-01-OWNERSHIP;GATE-02-CONSUMER;GATE-09-SECURITY;GATE-10-CRYPTO-PRIVACY;GATE-11-OPS-AUDIT;GATE-16-COMPATIBILITY;GATE-17-SUPPLY-CHAIN;GATE-18-TEST-EVIDENCE;GATE-20-HYGIENE;GATE-21-TIME,STD-CISA-SBD;STD-CYCLONEDX;STD-NIST-SSDF;STD-OPENFEATURE;STD-OWASP-ASVS;STD-SCRUM;STD-SLSA,cpf-tools/scripts/verify-cpf-product-governance.py;cpf-tools/db/vendor/mariadb/seed/00_product_seed.sql;cpf-tools/db/vendor/mariadb/source/00_product_seed.sql;cpf-tools/db/vendor/oracle/seed/00_product_seed.sql;cpf-tools/db/vendor/oracle/source/00_product_seed.sql;cpf-tools/db/vendor/postgresql/seed/00_product_seed.sql;cpf-tools/db/vendor/postgresql/source/00_product_seed.sql;cpf-starters/security/session-jdbc/src/main/java/com/cpf/starter/security/CpfServerSessionSecurityAutoConfiguration.java,cpf-tools/scripts/verify-cpf-product-governance.py,cpf-admin/frontend/src/generated/cpf-api.ts;cpf-admin/frontend/e2e/bff-security.spec.ts;cpf-biz-admin/frontend/e2e/bff-security.spec.ts,"tenant/plugin/edition/package 격리, permission, signature, upgrade/rollback와 mixed-version을 검토한다. || 선택 기능이 기본 Runtime 의존이나 권한 우회를 만들지 않는다. → cpf-tools/scripts/verify-cpf-product-governance.py;cpf-tools/db/vendor/mariadb/seed/00_product_seed.sql;cpf-tools/db/vendor/mariadb/source/00_product_seed.sql;cpf-tools/db/vendor/oracle/seed/00_product_seed.sql;cpf-tools/db/vendor/oracle/source/00_product_seed.sql;cpf-tools/db/vendor/postgresql/seed/00_product_seed.sql;cpf-tools/db/vendor/postgresql/source/00_product_seed.sql;cpf-starters/security/session-jdbc/src/main/java/com/cpf/starter/security/CpfServerSessionSecurityAutoConfiguration.java → cpf-admin/frontend/src/generated/cpf-api.ts;cpf-admin/frontend/e2e/bff-security.spec.ts;cpf-biz-admin/frontend/e2e/bff-security.spec.ts → GATE-01-OWNERSHIP;GATE-02-CONSUMER;GATE-09-SECURITY;GATE-10-CRYPTO-PRIVACY;GATE-11-OPS-AUDIT;GATE-16-COMPATIBILITY;GATE-17-SUPPLY-CHAIN;GATE-18-TEST-EVIDENCE;GATE-20-HYGIENE;GATE-21-TIME",Per-Work-Item source inventory plus all applicable Engineering Gate commands,"tenant/plugin/edition/package 격리, permission, signature, upgrade/rollback와 mixed-version을 검토한다. || 선택 기능이 기본 Runtime 의존이나 권한 우회를 만들지 않는다.",DIRECT_STATIC_AND_ACCEPTANCE_ALTERNATIVE,java -cp <classes> Qa39Tool bff-security .; pytest -q cpf-tools/scripts/tests/test_oracle_sqlplus_secret_transport.py || python cpf-tools/scripts/verify-cpf-qa34-build-contract.py --repo-root .,0,Acceptance-specific source/consumer review; relevant gates=GATE-09-SECURITY;GATE-16-COMPATIBILITY; states=미검증;미검증. Authoritative environment evidence remains unavailable for at least one relevant gate.,evidence/ATOMIC_WORK_ITEM_EVIDENCE.jsonl#CPF-WP-PROD-MULTITENANT-03-COMPATIBILITY_SECURITY,Acceptance-specific source/consumer review; relevant gates=GATE-09-SECURITY;GATE-16-COMPATIBILITY; states=미검증;미검증. Authoritative environment evidence remains unavailable for at least one relevant gate.,완료,미검증,미검수,false
CPF-V9-INITIAL-FULL-REVIEW-20260805-2020-REV-007-DEVGPT-V9-S06,CPF-WP-PROD-PACKAGE-01-POLICY_BOUNDARY,WORK_PACKAGE,PROD-PACKAGE,P2,PRODUCT_POLICY_AND_PROTOTYPE,POLICY_BOUNDARY,제품 정책·지원 경계,product governance,product governance,,DEVGPT-V9-S06,,"지원/비지원, edition/license/capability와 security/compatibility 경계를 명시한다. || 미결정 정책을 GA 기능 완료처럼 노출하지 않는다. || 기술 Runtime과 상용 정책을 분리한다.",ADR와 capability manifest로 정책을 표현한다.,unsupported edition;license change;capability conflict,GATE-01-OWNERSHIP;GATE-02-CONSUMER;GATE-16-COMPATIBILITY;GATE-17-SUPPLY-CHAIN;GATE-18-TEST-EVIDENCE;GATE-19-DOC-SUPPORT;GATE-20-HYGIENE,STD-CYCLONEDX;STD-NIST-SSDF;STD-OPENFEATURE;STD-SCRUM;STD-SLSA,cpf-tools/scripts/verify-cpf-product-governance.py;cpf-tools/product-governance/product-capability-policy.json;cpf-tools/db/vendor/mariadb/seed/00_product_seed.sql;cpf-tools/db/vendor/mariadb/source/00_product_seed.sql;cpf-tools/db/vendor/oracle/seed/00_product_seed.sql;cpf-tools/db/vendor/oracle/source/00_product_seed.sql;cpf-tools/db/vendor/postgresql/seed/00_product_seed.sql;cpf-tools/db/vendor/postgresql/source/00_product_seed.sql,cpf-tools/scripts/verify-cpf-product-governance.py,cpf-admin/frontend/src/generated/cpf-api.ts,"지원/비지원, edition/license/capability와 security/compatibility 경계를 명시한다. || 미결정 정책을 GA 기능 완료처럼 노출하지 않는다. || 기술 Runtime과 상용 정책을 분리한다. → cpf-tools/scripts/verify-cpf-product-governance.py;cpf-tools/product-governance/product-capability-policy.json;cpf-tools/db/vendor/mariadb/seed/00_product_seed.sql;cpf-tools/db/vendor/mariadb/source/00_product_seed.sql;cpf-tools/db/vendor/oracle/seed/00_product_seed.sql;cpf-tools/db/vendor/oracle/source/00_product_seed.sql;cpf-tools/db/vendor/postgresql/seed/00_product_seed.sql;cpf-tools/db/vendor/postgresql/source/00_product_seed.sql → cpf-admin/frontend/src/generated/cpf-api.ts → GATE-01-OWNERSHIP;GATE-02-CONSUMER;GATE-16-COMPATIBILITY;GATE-17-SUPPLY-CHAIN;GATE-18-TEST-EVIDENCE;GATE-19-DOC-SUPPORT;GATE-20-HYGIENE",Per-Work-Item source inventory plus all applicable Engineering Gate commands,"지원/비지원, edition/license/capability와 security/compatibility 경계를 명시한다. || 미결정 정책을 GA 기능 완료처럼 노출하지 않는다. || 기술 Runtime과 상용 정책을 분리한다.",DIRECT_STATIC_AND_ACCEPTANCE_ALTERNATIVE,python cpf-tools/scripts/verify-cpf-owner-boundaries.py --repo-root . --report-json <evidence> || python cpf-tools/scripts/verify-cpf-supply-chain.py --repo-root .; python cpf-tools/scripts/verify-cpf-runtime-alternatives.py --root . --report <evidence>,0,Acceptance-specific source/consumer review; relevant gates=GATE-01-OWNERSHIP;GATE-17-SUPPLY-CHAIN; states=완료;미검증. Authoritative environment evidence remains unavailable for at least one relevant gate.,evidence/ATOMIC_WORK_ITEM_EVIDENCE.jsonl#CPF-WP-PROD-PACKAGE-01-POLICY_BOUNDARY,Acceptance-specific source/consumer review; relevant gates=GATE-01-OWNERSHIP;GATE-17-SUPPLY-CHAIN; states=완료;미검증. Authoritative environment evidence remains unavailable for at least one relevant gate.,완료,미검증,미검수,false
CPF-V9-INITIAL-FULL-REVIEW-20260805-2020-REV-007-DEVGPT-V9-S06,CPF-WP-PROD-PACKAGE-02-PROTOTYPE_EVIDENCE,WORK_PACKAGE,PROD-PACKAGE,P2,PRODUCT_POLICY_AND_PROTOTYPE,PROTOTYPE_EVIDENCE,Capability Prototype·실증,product governance,product governance,,DEVGPT-V9-S06,CPF-WP-PROD-PACKAGE-01-POLICY_BOUNDARY,정책 후보가 Architecture를 깨지 않는 최소 Prototype과 실제 Consumer를 제공한다. || 성능·보안·업그레이드·제거 가능성과 지원 비용을 검증한다.,기본 비활성 leaf module/profile로 실증한다.,enable;disable/remove;upgrade;security isolation,GATE-01-OWNERSHIP;GATE-02-CONSUMER;GATE-16-COMPATIBILITY;GATE-17-SUPPLY-CHAIN;GATE-18-TEST-EVIDENCE;GATE-19-DOC-SUPPORT;GATE-20-HYGIENE,STD-CYCLONEDX;STD-NIST-SSDF;STD-OPENFEATURE;STD-SCRUM;STD-SLSA,cpf-tools/scripts/verify-cpf-product-governance.py;cpf-admin/frontend/openapi/cpf-openapi.json;cpf-tools/config/cpf-starter-catalog.json;cpf-tools/db/vendor/mariadb/seed/00_product_seed.sql;cpf-tools/db/vendor/mariadb/source/00_product_seed.sql;cpf-tools/db/vendor/oracle/seed/00_product_seed.sql;cpf-tools/db/vendor/oracle/source/00_product_seed.sql;cpf-tools/db/vendor/postgresql/seed/00_product_seed.sql,cpf-tools/scripts/verify-cpf-product-governance.py,cpf-admin/frontend/src/generated/cpf-api.ts;cpf-starters/messaging/kafka/src/main/java/com/cpf/starter/messaging/kafka/internal/CpfKafkaConsumerControlAdapter.java,정책 후보가 Architecture를 깨지 않는 최소 Prototype과 실제 Consumer를 제공한다. || 성능·보안·업그레이드·제거 가능성과 지원 비용을 검증한다. → cpf-tools/scripts/verify-cpf-product-governance.py;cpf-admin/frontend/openapi/cpf-openapi.json;cpf-tools/config/cpf-starter-catalog.json;cpf-tools/db/vendor/mariadb/seed/00_product_seed.sql;cpf-tools/db/vendor/mariadb/source/00_product_seed.sql;cpf-tools/db/vendor/oracle/seed/00_product_seed.sql;cpf-tools/db/vendor/oracle/source/00_product_seed.sql;cpf-tools/db/vendor/postgresql/seed/00_product_seed.sql → cpf-admin/frontend/src/generated/cpf-api.ts;cpf-starters/messaging/kafka/src/main/java/com/cpf/starter/messaging/kafka/internal/CpfKafkaConsumerControlAdapter.java → GATE-01-OWNERSHIP;GATE-02-CONSUMER;GATE-16-COMPATIBILITY;GATE-17-SUPPLY-CHAIN;GATE-18-TEST-EVIDENCE;GATE-19-DOC-SUPPORT;GATE-20-HYGIENE,Per-Work-Item source inventory plus all applicable Engineering Gate commands,정책 후보가 Architecture를 깨지 않는 최소 Prototype과 실제 Consumer를 제공한다. || 성능·보안·업그레이드·제거 가능성과 지원 비용을 검증한다.,DIRECT_STATIC_AND_ACCEPTANCE_ALTERNATIVE,pytest -q <21 S06 verifier files>; ./gradlew test,0,Acceptance-specific source/consumer review; relevant gates=GATE-18-TEST-EVIDENCE; states=미검증. Authoritative environment evidence remains unavailable for at least one relevant gate.,evidence/ATOMIC_WORK_ITEM_EVIDENCE.jsonl#CPF-WP-PROD-PACKAGE-02-PROTOTYPE_EVIDENCE,Acceptance-specific source/consumer review; relevant gates=GATE-18-TEST-EVIDENCE; states=미검증. Authoritative environment evidence remains unavailable for at least one relevant gate.,완료,미검증,미검수,false
CPF-V9-INITIAL-FULL-REVIEW-20260805-2020-REV-007-DEVGPT-V9-S06,CPF-WP-PROD-PACKAGE-03-COMPATIBILITY_SECURITY,WORK_PACKAGE,PROD-PACKAGE,P2,PRODUCT_POLICY_AND_PROTOTYPE,COMPATIBILITY_SECURITY,정책 호환성·보안,product governance,product governance,,DEVGPT-V9-S06,CPF-WP-PROD-PACKAGE-01-POLICY_BOUNDARY,"tenant/plugin/edition/package 격리, permission, signature, upgrade/rollback와 mixed-version을 검토한다. || 선택 기능이 기본 Runtime 의존이나 권한 우회를 만들지 않는다.",capability-based permission and signed plugin/package metadata를 검토한다.,cross-tenant;unsigned plugin;incompatible package;rollback,GATE-01-OWNERSHIP;GATE-02-CONSUMER;GATE-09-SECURITY;GATE-16-COMPATIBILITY;GATE-17-SUPPLY-CHAIN;GATE-18-TEST-EVIDENCE;GATE-19-DOC-SUPPORT;GATE-20-HYGIENE,STD-CISA-SBD;STD-CYCLONEDX;STD-NIST-SSDF;STD-OPENFEATURE;STD-OWASP-ASVS;STD-SCRUM;STD-SLSA,cpf-tools/scripts/verify-cpf-product-governance.py;cpf-tools/db/vendor/mariadb/seed/00_product_seed.sql;cpf-tools/db/vendor/mariadb/source/00_product_seed.sql;cpf-tools/db/vendor/oracle/seed/00_product_seed.sql;cpf-tools/db/vendor/oracle/source/00_product_seed.sql;cpf-tools/db/vendor/postgresql/seed/00_product_seed.sql;cpf-tools/db/vendor/postgresql/source/00_product_seed.sql;cpf-starters/security/session-jdbc/src/main/java/com/cpf/starter/security/CpfServerSessionSecurityAutoConfiguration.java,cpf-tools/scripts/verify-cpf-product-governance.py,cpf-admin/frontend/src/generated/cpf-api.ts;cpf-admin/frontend/e2e/bff-security.spec.ts;cpf-biz-admin/frontend/e2e/bff-security.spec.ts,"tenant/plugin/edition/package 격리, permission, signature, upgrade/rollback와 mixed-version을 검토한다. || 선택 기능이 기본 Runtime 의존이나 권한 우회를 만들지 않는다. → cpf-tools/scripts/verify-cpf-product-governance.py;cpf-tools/db/vendor/mariadb/seed/00_product_seed.sql;cpf-tools/db/vendor/mariadb/source/00_product_seed.sql;cpf-tools/db/vendor/oracle/seed/00_product_seed.sql;cpf-tools/db/vendor/oracle/source/00_product_seed.sql;cpf-tools/db/vendor/postgresql/seed/00_product_seed.sql;cpf-tools/db/vendor/postgresql/source/00_product_seed.sql;cpf-starters/security/session-jdbc/src/main/java/com/cpf/starter/security/CpfServerSessionSecurityAutoConfiguration.java → cpf-admin/frontend/src/generated/cpf-api.ts;cpf-admin/frontend/e2e/bff-security.spec.ts;cpf-biz-admin/frontend/e2e/bff-security.spec.ts → GATE-01-OWNERSHIP;GATE-02-CONSUMER;GATE-09-SECURITY;GATE-16-COMPATIBILITY;GATE-17-SUPPLY-CHAIN;GATE-18-TEST-EVIDENCE;GATE-19-DOC-SUPPORT;GATE-20-HYGIENE",Per-Work-Item source inventory plus all applicable Engineering Gate commands,"tenant/plugin/edition/package 격리, permission, signature, upgrade/rollback와 mixed-version을 검토한다. || 선택 기능이 기본 Runtime 의존이나 권한 우회를 만들지 않는다.",DIRECT_STATIC_AND_ACCEPTANCE_ALTERNATIVE,java -cp <classes> Qa39Tool bff-security .; pytest -q cpf-tools/scripts/tests/test_oracle_sqlplus_secret_transport.py || python cpf-tools/scripts/verify-cpf-qa34-build-contract.py --repo-root .,0,Acceptance-specific source/consumer review; relevant gates=GATE-09-SECURITY;GATE-16-COMPATIBILITY; states=미검증;미검증. Authoritative environment evidence remains unavailable for at least one relevant gate.,evidence/ATOMIC_WORK_ITEM_EVIDENCE.jsonl#CPF-WP-PROD-PACKAGE-03-COMPATIBILITY_SECURITY,Acceptance-specific source/consumer review; relevant gates=GATE-09-SECURITY;GATE-16-COMPATIBILITY; states=미검증;미검증. Authoritative environment evidence remains unavailable for at least one relevant gate.,완료,미검증,미검수,false
CPF-V9-INITIAL-FULL-REVIEW-20260805-2020-REV-007-DEVGPT-V9-S06,CPF-WP-PROD-PLUGIN-01-POLICY_BOUNDARY,WORK_PACKAGE,PROD-PLUGIN,P2,PRODUCT_POLICY_AND_PROTOTYPE,POLICY_BOUNDARY,제품 정책·지원 경계,product governance,product governance,,DEVGPT-V9-S06,,"지원/비지원, edition/license/capability와 security/compatibility 경계를 명시한다. || 미결정 정책을 GA 기능 완료처럼 노출하지 않는다. || 기술 Runtime과 상용 정책을 분리한다.",ADR와 capability manifest로 정책을 표현한다.,unsupported edition;license change;capability conflict,GATE-01-OWNERSHIP;GATE-02-CONSUMER;GATE-09-SECURITY;GATE-16-COMPATIBILITY;GATE-17-SUPPLY-CHAIN;GATE-18-TEST-EVIDENCE;GATE-20-HYGIENE,STD-CISA-SBD;STD-CYCLONEDX;STD-NIST-SSDF;STD-OPENFEATURE;STD-OWASP-ASVS;STD-SCRUM;STD-SLSA,cpf-tools/scripts/verify-cpf-product-governance.py;cpf-tools/product-governance/product-capability-policy.json;cpf-tools/db/vendor/mariadb/seed/00_product_seed.sql;cpf-tools/db/vendor/mariadb/source/00_product_seed.sql;cpf-tools/db/vendor/oracle/seed/00_product_seed.sql;cpf-tools/db/vendor/oracle/source/00_product_seed.sql;cpf-tools/db/vendor/postgresql/seed/00_product_seed.sql;cpf-tools/db/vendor/postgresql/source/00_product_seed.sql,cpf-tools/scripts/verify-cpf-product-governance.py,cpf-admin/frontend/src/generated/cpf-api.ts,"지원/비지원, edition/license/capability와 security/compatibility 경계를 명시한다. || 미결정 정책을 GA 기능 완료처럼 노출하지 않는다. || 기술 Runtime과 상용 정책을 분리한다. → cpf-tools/scripts/verify-cpf-product-governance.py;cpf-tools/product-governance/product-capability-policy.json;cpf-tools/db/vendor/mariadb/seed/00_product_seed.sql;cpf-tools/db/vendor/mariadb/source/00_product_seed.sql;cpf-tools/db/vendor/oracle/seed/00_product_seed.sql;cpf-tools/db/vendor/oracle/source/00_product_seed.sql;cpf-tools/db/vendor/postgresql/seed/00_product_seed.sql;cpf-tools/db/vendor/postgresql/source/00_product_seed.sql → cpf-admin/frontend/src/generated/cpf-api.ts → GATE-01-OWNERSHIP;GATE-02-CONSUMER;GATE-09-SECURITY;GATE-16-COMPATIBILITY;GATE-17-SUPPLY-CHAIN;GATE-18-TEST-EVIDENCE;GATE-20-HYGIENE",Per-Work-Item source inventory plus all applicable Engineering Gate commands,"지원/비지원, edition/license/capability와 security/compatibility 경계를 명시한다. || 미결정 정책을 GA 기능 완료처럼 노출하지 않는다. || 기술 Runtime과 상용 정책을 분리한다.",DIRECT_STATIC_AND_ACCEPTANCE_ALTERNATIVE,python cpf-tools/scripts/verify-cpf-owner-boundaries.py --repo-root . --report-json <evidence> || python cpf-tools/scripts/verify-cpf-supply-chain.py --repo-root .; python cpf-tools/scripts/verify-cpf-runtime-alternatives.py --root . --report <evidence>,0,Acceptance-specific source/consumer review; relevant gates=GATE-01-OWNERSHIP;GATE-17-SUPPLY-CHAIN; states=완료;미검증. Authoritative environment evidence remains unavailable for at least one relevant gate.,evidence/ATOMIC_WORK_ITEM_EVIDENCE.jsonl#CPF-WP-PROD-PLUGIN-01-POLICY_BOUNDARY,Acceptance-specific source/consumer review; relevant gates=GATE-01-OWNERSHIP;GATE-17-SUPPLY-CHAIN; states=완료;미검증. Authoritative environment evidence remains unavailable for at least one relevant gate.,완료,미검증,미검수,false
CPF-V9-INITIAL-FULL-REVIEW-20260805-2020-REV-007-DEVGPT-V9-S06,CPF-WP-PROD-PLUGIN-02-PROTOTYPE_EVIDENCE,WORK_PACKAGE,PROD-PLUGIN,P2,PRODUCT_POLICY_AND_PROTOTYPE,PROTOTYPE_EVIDENCE,Capability Prototype·실증,product governance,product governance,,DEVGPT-V9-S06,CPF-WP-PROD-PLUGIN-01-POLICY_BOUNDARY,정책 후보가 Architecture를 깨지 않는 최소 Prototype과 실제 Consumer를 제공한다. || 성능·보안·업그레이드·제거 가능성과 지원 비용을 검증한다.,기본 비활성 leaf module/profile로 실증한다.,enable;disable/remove;upgrade;security isolation,GATE-01-OWNERSHIP;GATE-02-CONSUMER;GATE-09-SECURITY;GATE-16-COMPATIBILITY;GATE-17-SUPPLY-CHAIN;GATE-18-TEST-EVIDENCE;GATE-20-HYGIENE,STD-CISA-SBD;STD-CYCLONEDX;STD-NIST-SSDF;STD-OPENFEATURE;STD-OWASP-ASVS;STD-SCRUM;STD-SLSA,cpf-tools/scripts/verify-cpf-product-governance.py;cpf-tools/generator/contracts/cpf-starter-catalog.json;cpf-starters/integration/http-client/src/main/java/com/cpf/starter/integration/http/client/internal/CpfResilientHttpClient.java;cpf-starters/integration/tcp/src/main/java/com/cpf/starter/integration/tcp/internal/CpfResilientTcpClient.java;cpf-starters/messaging/kafka/src/main/java/com/cpf/starter/messaging/kafka/internal/CpfKafkaConsumerControlAdapter.java;cpf-tools/db/vendor/mariadb/seed/00_product_seed.sql;cpf-tools/db/vendor/mariadb/source/00_product_seed.sql;cpf-tools/db/vendor/oracle/seed/00_product_seed.sql,cpf-tools/scripts/verify-cpf-product-governance.py,cpf-starters/integration/http-client/src/main/java/com/cpf/starter/integration/http/client/internal/CpfResilientHttpClient.java;cpf-starters/integration/tcp/src/main/java/com/cpf/starter/integration/tcp/internal/CpfResilientTcpClient.java;cpf-starters/messaging/kafka/src/main/java/com/cpf/starter/messaging/kafka/internal/CpfKafkaConsumerControlAdapter.java,정책 후보가 Architecture를 깨지 않는 최소 Prototype과 실제 Consumer를 제공한다. || 성능·보안·업그레이드·제거 가능성과 지원 비용을 검증한다. → cpf-tools/scripts/verify-cpf-product-governance.py;cpf-tools/generator/contracts/cpf-starter-catalog.json;cpf-starters/integration/http-client/src/main/java/com/cpf/starter/integration/http/client/internal/CpfResilientHttpClient.java;cpf-starters/integration/tcp/src/main/java/com/cpf/starter/integration/tcp/internal/CpfResilientTcpClient.java;cpf-starters/messaging/kafka/src/main/java/com/cpf/starter/messaging/kafka/internal/CpfKafkaConsumerControlAdapter.java;cpf-tools/db/vendor/mariadb/seed/00_product_seed.sql;cpf-tools/db/vendor/mariadb/source/00_product_seed.sql;cpf-tools/db/vendor/oracle/seed/00_product_seed.sql → cpf-starters/integration/http-client/src/main/java/com/cpf/starter/integration/http/client/internal/CpfResilientHttpClient.java;cpf-starters/integration/tcp/src/main/java/com/cpf/starter/integration/tcp/internal/CpfResilientTcpClient.java;cpf-starters/messaging/kafka/src/main/java/com/cpf/starter/messaging/kafka/internal/CpfKafkaConsumerControlAdapter.java → GATE-01-OWNERSHIP;GATE-02-CONSUMER;GATE-09-SECURITY;GATE-16-COMPATIBILITY;GATE-17-SUPPLY-CHAIN;GATE-18-TEST-EVIDENCE;GATE-20-HYGIENE,Per-Work-Item source inventory plus all applicable Engineering Gate commands,정책 후보가 Architecture를 깨지 않는 최소 Prototype과 실제 Consumer를 제공한다. || 성능·보안·업그레이드·제거 가능성과 지원 비용을 검증한다.,DIRECT_STATIC_AND_ACCEPTANCE_ALTERNATIVE,pytest -q <21 S06 verifier files>; ./gradlew test,0,Acceptance-specific source/consumer review; relevant gates=GATE-18-TEST-EVIDENCE; states=미검증. Authoritative environment evidence remains unavailable for at least one relevant gate.,evidence/ATOMIC_WORK_ITEM_EVIDENCE.jsonl#CPF-WP-PROD-PLUGIN-02-PROTOTYPE_EVIDENCE,Acceptance-specific source/consumer review; relevant gates=GATE-18-TEST-EVIDENCE; states=미검증. Authoritative environment evidence remains unavailable for at least one relevant gate.,완료,미검증,미검수,false
CPF-V9-INITIAL-FULL-REVIEW-20260805-2020-REV-007-DEVGPT-V9-S06,CPF-WP-PROD-PLUGIN-03-COMPATIBILITY_SECURITY,WORK_PACKAGE,PROD-PLUGIN,P2,PRODUCT_POLICY_AND_PROTOTYPE,COMPATIBILITY_SECURITY,정책 호환성·보안,product governance,product governance,,DEVGPT-V9-S06,CPF-WP-PROD-PLUGIN-01-POLICY_BOUNDARY,"tenant/plugin/edition/package 격리, permission, signature, upgrade/rollback와 mixed-version을 검토한다. || 선택 기능이 기본 Runtime 의존이나 권한 우회를 만들지 않는다.",capability-based permission and signed plugin/package metadata를 검토한다.,cross-tenant;unsigned plugin;incompatible package;rollback,GATE-01-OWNERSHIP;GATE-02-CONSUMER;GATE-09-SECURITY;GATE-16-COMPATIBILITY;GATE-17-SUPPLY-CHAIN;GATE-18-TEST-EVIDENCE;GATE-20-HYGIENE,STD-CISA-SBD;STD-CYCLONEDX;STD-NIST-SSDF;STD-OPENFEATURE;STD-OWASP-ASVS;STD-SCRUM;STD-SLSA,cpf-tools/scripts/verify-cpf-product-governance.py;cpf-admin/frontend/openapi/cpf-openapi.json;cpf-admin/frontend/src/generated/cpf-api.ts;cpf-tools/config/cpf-starter-catalog.json;cpf-tools/db/vendor/mariadb/seed/00_product_seed.sql;cpf-tools/db/vendor/mariadb/source/00_product_seed.sql;cpf-tools/db/vendor/oracle/seed/00_product_seed.sql;cpf-tools/db/vendor/oracle/source/00_product_seed.sql,cpf-tools/scripts/verify-cpf-product-governance.py,cpf-admin/frontend/src/generated/cpf-api.ts;cpf-admin/frontend/e2e/bff-security.spec.ts;cpf-biz-admin/frontend/e2e/bff-security.spec.ts,"tenant/plugin/edition/package 격리, permission, signature, upgrade/rollback와 mixed-version을 검토한다. || 선택 기능이 기본 Runtime 의존이나 권한 우회를 만들지 않는다. → cpf-tools/scripts/verify-cpf-product-governance.py;cpf-admin/frontend/openapi/cpf-openapi.json;cpf-admin/frontend/src/generated/cpf-api.ts;cpf-tools/config/cpf-starter-catalog.json;cpf-tools/db/vendor/mariadb/seed/00_product_seed.sql;cpf-tools/db/vendor/mariadb/source/00_product_seed.sql;cpf-tools/db/vendor/oracle/seed/00_product_seed.sql;cpf-tools/db/vendor/oracle/source/00_product_seed.sql → cpf-admin/frontend/src/generated/cpf-api.ts;cpf-admin/frontend/e2e/bff-security.spec.ts;cpf-biz-admin/frontend/e2e/bff-security.spec.ts → GATE-01-OWNERSHIP;GATE-02-CONSUMER;GATE-09-SECURITY;GATE-16-COMPATIBILITY;GATE-17-SUPPLY-CHAIN;GATE-18-TEST-EVIDENCE;GATE-20-HYGIENE",Per-Work-Item source inventory plus all applicable Engineering Gate commands,"tenant/plugin/edition/package 격리, permission, signature, upgrade/rollback와 mixed-version을 검토한다. || 선택 기능이 기본 Runtime 의존이나 권한 우회를 만들지 않는다.",DIRECT_STATIC_AND_ACCEPTANCE_ALTERNATIVE,java -cp <classes> Qa39Tool bff-security .; pytest -q cpf-tools/scripts/tests/test_oracle_sqlplus_secret_transport.py || python cpf-tools/scripts/verify-cpf-qa34-build-contract.py --repo-root .,0,Acceptance-specific source/consumer review; relevant gates=GATE-09-SECURITY;GATE-16-COMPATIBILITY; states=미검증;미검증. Authoritative environment evidence remains unavailable for at least one relevant gate.,evidence/ATOMIC_WORK_ITEM_EVIDENCE.jsonl#CPF-WP-PROD-PLUGIN-03-COMPATIBILITY_SECURITY,Acceptance-specific source/consumer review; relevant gates=GATE-09-SECURITY;GATE-16-COMPATIBILITY; states=미검증;미검증. Authoritative environment evidence remains unavailable for at least one relevant gate.,완료,미검증,미검수,false
CPF-V9-INITIAL-FULL-REVIEW-20260805-2020-REV-007-DEVGPT-V9-S06,CPF-WP-REQ-CODEX-01-CANONICAL_MODEL,WORK_PACKAGE,REQ-CODEX,P2,GOVERNANCE,CANONICAL_MODEL,정본·ID·상태 모델,requirement governance,requirement governance,,DEVGPT-V9-S06,,"Canonical Requirement/Scenario ID, owner, acceptance, continuity와 상태 규칙을 단일 정본으로 유지한다. || Alias/split/supersede/deprecate 관계와 count 변화를 추적한다. || 169/162 등 count 불일치를 자동 차단한다.",CSV/JSON schema와 deterministic builder를 사용한다.,duplicate ID;orphan scenario;count mismatch;invalid continuity,GATE-01-OWNERSHIP;GATE-02-CONSUMER;GATE-17-SUPPLY-CHAIN;GATE-18-TEST-EVIDENCE;GATE-20-HYGIENE,STD-CYCLONEDX;STD-NIST-SSDF;STD-SCRUM;STD-SLSA,cpf-tools/scripts/build-cpf-requirement-development-traceability.py;cpf-tools/scripts/verify-cpf-generator-upgrade-ownership.py;cpf-tools/scripts/verify-cpf-requirement-traceability.py;cpf-tools/config/cpf-starter-catalog.json;cpf-tools/db/canonical/seed-model.json;cpf-admin/frontend/openapi/cpf-openapi.json;cpf-tools/scripts/devgpt-control-v9/generate_development_requests.py;cpf-tools/scripts/invoke-official-db-vendor-sql.ps1,cpf-tools/scripts/build-cpf-requirement-development-traceability.py,cpf-admin/frontend/src/generated/cpf-api.ts,"Canonical Requirement/Scenario ID, owner, acceptance, continuity와 상태 규칙을 단일 정본으로 유지한다. || Alias/split/supersede/deprecate 관계와 count 변화를 추적한다. || 169/162 등 count 불일치를 자동 차단한다. → cpf-tools/scripts/build-cpf-requirement-development-traceability.py;cpf-tools/scripts/verify-cpf-generator-upgrade-ownership.py;cpf-tools/scripts/verify-cpf-requirement-traceability.py;cpf-tools/config/cpf-starter-catalog.json;cpf-tools/db/canonical/seed-model.json;cpf-admin/frontend/openapi/cpf-openapi.json;cpf-tools/scripts/devgpt-control-v9/generate_development_requests.py;cpf-tools/scripts/invoke-official-db-vendor-sql.ps1 → cpf-admin/frontend/src/generated/cpf-api.ts → GATE-01-OWNERSHIP;GATE-02-CONSUMER;GATE-17-SUPPLY-CHAIN;GATE-18-TEST-EVIDENCE;GATE-20-HYGIENE",Per-Work-Item source inventory plus all applicable Engineering Gate commands,"Canonical Requirement/Scenario ID, owner, acceptance, continuity와 상태 규칙을 단일 정본으로 유지한다. || Alias/split/supersede/deprecate 관계와 count 변화를 추적한다. || 169/162 등 count 불일치를 자동 차단한다.",DIRECT_STATIC_AND_ACCEPTANCE_ALTERNATIVE,python cpf-tools/scripts/verify-cpf-owner-boundaries.py --repo-root . --report-json <evidence>,0,Acceptance-specific source/consumer review; relevant gates=GATE-01-OWNERSHIP; states=완료. Direct or valid alternative evidence passed.,evidence/ATOMIC_WORK_ITEM_EVIDENCE.jsonl#CPF-WP-REQ-CODEX-01-CANONICAL_MODEL,,완료,완료,미검수,false
CPF-V9-INITIAL-FULL-REVIEW-20260805-2020-REV-007-DEVGPT-V9-S06,CPF-WP-REQ-CODEX-02-AUTOMATION_CONTINUITY,WORK_PACKAGE,REQ-CODEX,P2,GOVERNANCE,AUTOMATION_CONTINUITY,Builder·Validator·Continuity 자동화,requirement governance,requirement governance,,DEVGPT-V9-S06,CPF-WP-REQ-CODEX-01-CANONICAL_MODEL,"모든 Part 조립, header/count/hash, Requirement↔Scenario link와 role status를 검증한다. || Coverage 검증을 QA 통과로 오인하지 않게 result meaning을 명시한다. || 작업 전후 변경 ID와 Source/Evidence 연결을 보존한다.",logical master index와 streaming validator를 사용한다.,missing part;wrong hash;orphan link;false QA complete,GATE-01-OWNERSHIP;GATE-02-CONSUMER;GATE-17-SUPPLY-CHAIN;GATE-18-TEST-EVIDENCE;GATE-20-HYGIENE,STD-CYCLONEDX;STD-NIST-SSDF;STD-SCRUM;STD-SLSA,cpf-tools/scripts/build-cpf-requirement-development-traceability.py;cpf-tools/scripts/verify-cpf-requirement-traceability.py;cpf-starters/messaging/kafka/src/main/java/com/cpf/starter/messaging/kafka/internal/CpfKafkaConsumerControlAdapter.java;cpf-admin/frontend/openapi/cpf-openapi.json;cpf-core/src/main/java/com/cpf/core/api/broker/CpfBrokerPublishRequest.java;cpf-core/src/main/java/com/cpf/core/api/notification/CpfNotificationRequest.java;cpf-tools/scripts/invoke-official-db-vendor-sql.ps1;cpf-tools/scripts/tests/test_publication_starter_closure.py,cpf-tools/scripts/build-cpf-requirement-development-traceability.py,cpf-starters/messaging/kafka/src/main/java/com/cpf/starter/messaging/kafka/internal/CpfKafkaConsumerControlAdapter.java;cpf-admin/frontend/src/generated/cpf-api.ts,"모든 Part 조립, header/count/hash, Requirement↔Scenario link와 role status를 검증한다. || Coverage 검증을 QA 통과로 오인하지 않게 result meaning을 명시한다. || 작업 전후 변경 ID와 Source/Evidence 연결을 보존한다. → cpf-tools/scripts/build-cpf-requirement-development-traceability.py;cpf-tools/scripts/verify-cpf-requirement-traceability.py;cpf-starters/messaging/kafka/src/main/java/com/cpf/starter/messaging/kafka/internal/CpfKafkaConsumerControlAdapter.java;cpf-admin/frontend/openapi/cpf-openapi.json;cpf-core/src/main/java/com/cpf/core/api/broker/CpfBrokerPublishRequest.java;cpf-core/src/main/java/com/cpf/core/api/notification/CpfNotificationRequest.java;cpf-tools/scripts/invoke-official-db-vendor-sql.ps1;cpf-tools/scripts/tests/test_publication_starter_closure.py → cpf-starters/messaging/kafka/src/main/java/com/cpf/starter/messaging/kafka/internal/CpfKafkaConsumerControlAdapter.java;cpf-admin/frontend/src/generated/cpf-api.ts → GATE-01-OWNERSHIP;GATE-02-CONSUMER;GATE-17-SUPPLY-CHAIN;GATE-18-TEST-EVIDENCE;GATE-20-HYGIENE",Per-Work-Item source inventory plus all applicable Engineering Gate commands,"모든 Part 조립, header/count/hash, Requirement↔Scenario link와 role status를 검증한다. || Coverage 검증을 QA 통과로 오인하지 않게 result meaning을 명시한다. || 작업 전후 변경 ID와 Source/Evidence 연결을 보존한다.",DIRECT_STATIC_AND_ACCEPTANCE_ALTERNATIVE,pytest -q <21 S06 verifier files>; ./gradlew test,0,Acceptance-specific source/consumer review; relevant gates=GATE-18-TEST-EVIDENCE; states=미검증. Authoritative environment evidence remains unavailable for at least one relevant gate.,evidence/ATOMIC_WORK_ITEM_EVIDENCE.jsonl#CPF-WP-REQ-CODEX-02-AUTOMATION_CONTINUITY,Acceptance-specific source/consumer review; relevant gates=GATE-18-TEST-EVIDENCE; states=미검증. Authoritative environment evidence remains unavailable for at least one relevant gate.,완료,미검증,미검수,false
CPF-V9-INITIAL-FULL-REVIEW-20260805-2020-REV-007-DEVGPT-V9-S06,CPF-WP-REQ-CODEX-03-EVIDENCE_VALIDATION,WORK_PACKAGE,REQ-CODEX,P2,GOVERNANCE,EVIDENCE_VALIDATION,Evidence 유효성 검증,requirement governance,requirement governance,,DEVGPT-V9-S06,CPF-WP-REQ-CODEX-01-CANONICAL_MODEL,"현재 baseline/working tree와 Evidence의 Source, command, environment, result, hash를 대조한다. || 과거 Commit·다른 장비·다른 Artifact·미실행 Test를 현재 성공으로 사용하지 않는다. || Coverage/traceability PASS와 제품 동작 PASS를 구분한다.",Evidence schema validator와 stale evidence detector를 사용한다.,baseline mismatch;missing report;unsanitized secret;stale evidence,GATE-01-OWNERSHIP;GATE-02-CONSUMER;GATE-17-SUPPLY-CHAIN;GATE-18-TEST-EVIDENCE;GATE-20-HYGIENE,STD-CYCLONEDX;STD-NIST-SSDF;STD-SCRUM;STD-SLSA,cpf-tools/scripts/build-cpf-requirement-development-traceability.py;cpf-tools/scripts/verify-cpf-requirement-traceability.py;cpf-admin/frontend/openapi/cpf-openapi.json;cpf-tools/scripts/verify-cpf-execution-scope-exhaustive.py;cpf-admin/frontend/src/generated/cpf-api.ts;cpf-tools/scripts/verify-cpf-product-governance.py;cpf-tools/scripts/run-cpf-full-qa-validation.ps1;cpf-tools/scripts/devgpt-control-v9/generate_development_requests.py,cpf-tools/scripts/build-cpf-requirement-development-traceability.py,cpf-admin/frontend/src/generated/cpf-api.ts,"현재 baseline/working tree와 Evidence의 Source, command, environment, result, hash를 대조한다. || 과거 Commit·다른 장비·다른 Artifact·미실행 Test를 현재 성공으로 사용하지 않는다. || Coverage/traceability PASS와 제품 동작 PASS를 구분한다. → cpf-tools/scripts/build-cpf-requirement-development-traceability.py;cpf-tools/scripts/verify-cpf-requirement-traceability.py;cpf-admin/frontend/openapi/cpf-openapi.json;cpf-tools/scripts/verify-cpf-execution-scope-exhaustive.py;cpf-admin/frontend/src/generated/cpf-api.ts;cpf-tools/scripts/verify-cpf-product-governance.py;cpf-tools/scripts/run-cpf-full-qa-validation.ps1;cpf-tools/scripts/devgpt-control-v9/generate_development_requests.py → cpf-admin/frontend/src/generated/cpf-api.ts → GATE-01-OWNERSHIP;GATE-02-CONSUMER;GATE-17-SUPPLY-CHAIN;GATE-18-TEST-EVIDENCE;GATE-20-HYGIENE",Per-Work-Item source inventory plus all applicable Engineering Gate commands,"현재 baseline/working tree와 Evidence의 Source, command, environment, result, hash를 대조한다. || 과거 Commit·다른 장비·다른 Artifact·미실행 Test를 현재 성공으로 사용하지 않는다. || Coverage/traceability PASS와 제품 동작 PASS를 구분한다.",DIRECT_STATIC_AND_ACCEPTANCE_ALTERNATIVE,pytest -q <21 S06 verifier files>; ./gradlew test || python <overlay hygiene validator>,0,Acceptance-specific source/consumer review; relevant gates=GATE-18-TEST-EVIDENCE;GATE-20-HYGIENE; states=미검증;완료. Authoritative environment evidence remains unavailable for at least one relevant gate.,evidence/ATOMIC_WORK_ITEM_EVIDENCE.jsonl#CPF-WP-REQ-CODEX-03-EVIDENCE_VALIDATION,Acceptance-specific source/consumer review; relevant gates=GATE-18-TEST-EVIDENCE;GATE-20-HYGIENE; states=미검증;완료. Authoritative environment evidence remains unavailable for at least one relevant gate.,완료,미검증,미검수,false
CPF-V9-INITIAL-FULL-REVIEW-20260805-2020-REV-007-DEVGPT-V9-S06,CPF-WP-REQ-GAP-01-CANONICAL_MODEL,WORK_PACKAGE,REQ-GAP,P2,GOVERNANCE,CANONICAL_MODEL,정본·ID·상태 모델,requirement governance,requirement governance,,DEVGPT-V9-S06,,"Canonical Requirement/Scenario ID, owner, acceptance, continuity와 상태 규칙을 단일 정본으로 유지한다. || Alias/split/supersede/deprecate 관계와 count 변화를 추적한다. || 169/162 등 count 불일치를 자동 차단한다.",CSV/JSON schema와 deterministic builder를 사용한다.,duplicate ID;orphan scenario;count mismatch;invalid continuity,GATE-01-OWNERSHIP;GATE-02-CONSUMER;GATE-17-SUPPLY-CHAIN;GATE-18-TEST-EVIDENCE;GATE-20-HYGIENE,STD-CYCLONEDX;STD-NIST-SSDF;STD-SCRUM;STD-SLSA,cpf-tools/scripts/build-cpf-requirement-development-traceability.py;cpf-tools/scripts/verify-cpf-generator-upgrade-ownership.py;cpf-tools/config/cpf-starter-catalog.json;cpf-tools/scripts/verify-cpf-requirement-traceability.py;cpf-tools/db/canonical/seed-model.json;cpf-admin/frontend/openapi/cpf-openapi.json;cpf-tools/scripts/devgpt-control-v9/generate_development_requests.py;cpf-tools/scripts/invoke-official-db-vendor-sql.ps1,cpf-tools/scripts/build-cpf-requirement-development-traceability.py,cpf-admin/frontend/src/generated/cpf-api.ts,"Canonical Requirement/Scenario ID, owner, acceptance, continuity와 상태 규칙을 단일 정본으로 유지한다. || Alias/split/supersede/deprecate 관계와 count 변화를 추적한다. || 169/162 등 count 불일치를 자동 차단한다. → cpf-tools/scripts/build-cpf-requirement-development-traceability.py;cpf-tools/scripts/verify-cpf-generator-upgrade-ownership.py;cpf-tools/config/cpf-starter-catalog.json;cpf-tools/scripts/verify-cpf-requirement-traceability.py;cpf-tools/db/canonical/seed-model.json;cpf-admin/frontend/openapi/cpf-openapi.json;cpf-tools/scripts/devgpt-control-v9/generate_development_requests.py;cpf-tools/scripts/invoke-official-db-vendor-sql.ps1 → cpf-admin/frontend/src/generated/cpf-api.ts → GATE-01-OWNERSHIP;GATE-02-CONSUMER;GATE-17-SUPPLY-CHAIN;GATE-18-TEST-EVIDENCE;GATE-20-HYGIENE",Per-Work-Item source inventory plus all applicable Engineering Gate commands,"Canonical Requirement/Scenario ID, owner, acceptance, continuity와 상태 규칙을 단일 정본으로 유지한다. || Alias/split/supersede/deprecate 관계와 count 변화를 추적한다. || 169/162 등 count 불일치를 자동 차단한다.",DIRECT_STATIC_AND_ACCEPTANCE_ALTERNATIVE,python cpf-tools/scripts/verify-cpf-owner-boundaries.py --repo-root . --report-json <evidence>,0,Acceptance-specific source/consumer review; relevant gates=GATE-01-OWNERSHIP; states=완료. Direct or valid alternative evidence passed.,evidence/ATOMIC_WORK_ITEM_EVIDENCE.jsonl#CPF-WP-REQ-GAP-01-CANONICAL_MODEL,,완료,완료,미검수,false
CPF-V9-INITIAL-FULL-REVIEW-20260805-2020-REV-007-DEVGPT-V9-S06,CPF-WP-REQ-GAP-02-AUTOMATION_CONTINUITY,WORK_PACKAGE,REQ-GAP,P2,GOVERNANCE,AUTOMATION_CONTINUITY,Builder·Validator·Continuity 자동화,requirement governance,requirement governance,,DEVGPT-V9-S06,CPF-WP-REQ-GAP-01-CANONICAL_MODEL,"모든 Part 조립, header/count/hash, Requirement↔Scenario link와 role status를 검증한다. || Coverage 검증을 QA 통과로 오인하지 않게 result meaning을 명시한다. || 작업 전후 변경 ID와 Source/Evidence 연결을 보존한다.",logical master index와 streaming validator를 사용한다.,missing part;wrong hash;orphan link;false QA complete,GATE-01-OWNERSHIP;GATE-02-CONSUMER;GATE-17-SUPPLY-CHAIN;GATE-18-TEST-EVIDENCE;GATE-20-HYGIENE,STD-CYCLONEDX;STD-NIST-SSDF;STD-SCRUM;STD-SLSA,cpf-tools/scripts/build-cpf-requirement-development-traceability.py;cpf-tools/scripts/verify-cpf-requirement-traceability.py;cpf-starters/messaging/kafka/src/main/java/com/cpf/starter/messaging/kafka/internal/CpfKafkaConsumerControlAdapter.java;cpf-admin/frontend/openapi/cpf-openapi.json;cpf-core/src/main/java/com/cpf/core/api/broker/CpfBrokerPublishRequest.java;cpf-core/src/main/java/com/cpf/core/api/notification/CpfNotificationRequest.java;cpf-tools/scripts/invoke-official-db-vendor-sql.ps1;cpf-tools/scripts/tests/test_publication_starter_closure.py,cpf-tools/scripts/build-cpf-requirement-development-traceability.py,cpf-starters/messaging/kafka/src/main/java/com/cpf/starter/messaging/kafka/internal/CpfKafkaConsumerControlAdapter.java;cpf-admin/frontend/src/generated/cpf-api.ts,"모든 Part 조립, header/count/hash, Requirement↔Scenario link와 role status를 검증한다. || Coverage 검증을 QA 통과로 오인하지 않게 result meaning을 명시한다. || 작업 전후 변경 ID와 Source/Evidence 연결을 보존한다. → cpf-tools/scripts/build-cpf-requirement-development-traceability.py;cpf-tools/scripts/verify-cpf-requirement-traceability.py;cpf-starters/messaging/kafka/src/main/java/com/cpf/starter/messaging/kafka/internal/CpfKafkaConsumerControlAdapter.java;cpf-admin/frontend/openapi/cpf-openapi.json;cpf-core/src/main/java/com/cpf/core/api/broker/CpfBrokerPublishRequest.java;cpf-core/src/main/java/com/cpf/core/api/notification/CpfNotificationRequest.java;cpf-tools/scripts/invoke-official-db-vendor-sql.ps1;cpf-tools/scripts/tests/test_publication_starter_closure.py → cpf-starters/messaging/kafka/src/main/java/com/cpf/starter/messaging/kafka/internal/CpfKafkaConsumerControlAdapter.java;cpf-admin/frontend/src/generated/cpf-api.ts → GATE-01-OWNERSHIP;GATE-02-CONSUMER;GATE-17-SUPPLY-CHAIN;GATE-18-TEST-EVIDENCE;GATE-20-HYGIENE",Per-Work-Item source inventory plus all applicable Engineering Gate commands,"모든 Part 조립, header/count/hash, Requirement↔Scenario link와 role status를 검증한다. || Coverage 검증을 QA 통과로 오인하지 않게 result meaning을 명시한다. || 작업 전후 변경 ID와 Source/Evidence 연결을 보존한다.",DIRECT_STATIC_AND_ACCEPTANCE_ALTERNATIVE,pytest -q <21 S06 verifier files>; ./gradlew test,0,Acceptance-specific source/consumer review; relevant gates=GATE-18-TEST-EVIDENCE; states=미검증. Authoritative environment evidence remains unavailable for at least one relevant gate.,evidence/ATOMIC_WORK_ITEM_EVIDENCE.jsonl#CPF-WP-REQ-GAP-02-AUTOMATION_CONTINUITY,Acceptance-specific source/consumer review; relevant gates=GATE-18-TEST-EVIDENCE; states=미검증. Authoritative environment evidence remains unavailable for at least one relevant gate.,완료,미검증,미검수,false
CPF-V9-INITIAL-FULL-REVIEW-20260805-2020-REV-007-DEVGPT-V9-S06,CPF-WP-REQ-GAP-03-EVIDENCE_VALIDATION,WORK_PACKAGE,REQ-GAP,P2,GOVERNANCE,EVIDENCE_VALIDATION,Evidence 유효성 검증,requirement governance,requirement governance,,DEVGPT-V9-S06,CPF-WP-REQ-GAP-01-CANONICAL_MODEL,"현재 baseline/working tree와 Evidence의 Source, command, environment, result, hash를 대조한다. || 과거 Commit·다른 장비·다른 Artifact·미실행 Test를 현재 성공으로 사용하지 않는다. || Coverage/traceability PASS와 제품 동작 PASS를 구분한다.",Evidence schema validator와 stale evidence detector를 사용한다.,baseline mismatch;missing report;unsanitized secret;stale evidence,GATE-01-OWNERSHIP;GATE-02-CONSUMER;GATE-17-SUPPLY-CHAIN;GATE-18-TEST-EVIDENCE;GATE-20-HYGIENE,STD-CYCLONEDX;STD-NIST-SSDF;STD-SCRUM;STD-SLSA,cpf-tools/scripts/build-cpf-requirement-development-traceability.py;cpf-tools/scripts/verify-cpf-requirement-traceability.py;cpf-admin/frontend/openapi/cpf-openapi.json;cpf-tools/scripts/verify-cpf-execution-scope-exhaustive.py;cpf-admin/frontend/src/generated/cpf-api.ts;cpf-tools/scripts/verify-cpf-product-governance.py;cpf-tools/scripts/run-cpf-full-qa-validation.ps1;cpf-tools/scripts/devgpt-control-v9/generate_development_requests.py,cpf-tools/scripts/build-cpf-requirement-development-traceability.py,cpf-admin/frontend/src/generated/cpf-api.ts,"현재 baseline/working tree와 Evidence의 Source, command, environment, result, hash를 대조한다. || 과거 Commit·다른 장비·다른 Artifact·미실행 Test를 현재 성공으로 사용하지 않는다. || Coverage/traceability PASS와 제품 동작 PASS를 구분한다. → cpf-tools/scripts/build-cpf-requirement-development-traceability.py;cpf-tools/scripts/verify-cpf-requirement-traceability.py;cpf-admin/frontend/openapi/cpf-openapi.json;cpf-tools/scripts/verify-cpf-execution-scope-exhaustive.py;cpf-admin/frontend/src/generated/cpf-api.ts;cpf-tools/scripts/verify-cpf-product-governance.py;cpf-tools/scripts/run-cpf-full-qa-validation.ps1;cpf-tools/scripts/devgpt-control-v9/generate_development_requests.py → cpf-admin/frontend/src/generated/cpf-api.ts → GATE-01-OWNERSHIP;GATE-02-CONSUMER;GATE-17-SUPPLY-CHAIN;GATE-18-TEST-EVIDENCE;GATE-20-HYGIENE",Per-Work-Item source inventory plus all applicable Engineering Gate commands,"현재 baseline/working tree와 Evidence의 Source, command, environment, result, hash를 대조한다. || 과거 Commit·다른 장비·다른 Artifact·미실행 Test를 현재 성공으로 사용하지 않는다. || Coverage/traceability PASS와 제품 동작 PASS를 구분한다.",DIRECT_STATIC_AND_ACCEPTANCE_ALTERNATIVE,pytest -q <21 S06 verifier files>; ./gradlew test || python <overlay hygiene validator>,0,Acceptance-specific source/consumer review; relevant gates=GATE-18-TEST-EVIDENCE;GATE-20-HYGIENE; states=미검증;완료. Authoritative environment evidence remains unavailable for at least one relevant gate.,evidence/ATOMIC_WORK_ITEM_EVIDENCE.jsonl#CPF-WP-REQ-GAP-03-EVIDENCE_VALIDATION,Acceptance-specific source/consumer review; relevant gates=GATE-18-TEST-EVIDENCE;GATE-20-HYGIENE; states=미검증;완료. Authoritative environment evidence remains unavailable for at least one relevant gate.,완료,미검증,미검수,false
CPF-V9-INITIAL-FULL-REVIEW-20260805-2020-REV-007-DEVGPT-V9-S06,CPF-WP-REQ-GOV-01-CANONICAL_MODEL,WORK_PACKAGE,REQ-GOV,P2,GOVERNANCE,CANONICAL_MODEL,정본·ID·상태 모델,requirement governance,requirement governance,,DEVGPT-V9-S06,,"Canonical Requirement/Scenario ID, owner, acceptance, continuity와 상태 규칙을 단일 정본으로 유지한다. || Alias/split/supersede/deprecate 관계와 count 변화를 추적한다. || 169/162 등 count 불일치를 자동 차단한다.",CSV/JSON schema와 deterministic builder를 사용한다.,duplicate ID;orphan scenario;count mismatch;invalid continuity,GATE-01-OWNERSHIP;GATE-02-CONSUMER;GATE-12-OBSERVABILITY;GATE-17-SUPPLY-CHAIN;GATE-18-TEST-EVIDENCE;GATE-20-HYGIENE,STD-CYCLONEDX;STD-NIST-SSDF;STD-OTEL;STD-SCRUM;STD-SLSA;STD-TRACE,cpf-tools/scripts/build-cpf-requirement-development-traceability.py;cpf-tools/scripts/verify-cpf-product-governance.py;cpf-tools/scripts/verify-cpf-generator-upgrade-ownership.py;cpf-tools/db/canonical/seed-model.json;cpf-tools/scripts/verify-cpf-requirement-traceability.py;cpf-tools/config/cpf-starter-catalog.json;cpf-tools/governance/cpf-runtime-environment-manifest.schema.json;cpf-admin/frontend/openapi/cpf-openapi.json,cpf-tools/scripts/build-cpf-requirement-development-traceability.py,cpf-admin/frontend/src/generated/cpf-api.ts,"Canonical Requirement/Scenario ID, owner, acceptance, continuity와 상태 규칙을 단일 정본으로 유지한다. || Alias/split/supersede/deprecate 관계와 count 변화를 추적한다. || 169/162 등 count 불일치를 자동 차단한다. → cpf-tools/scripts/build-cpf-requirement-development-traceability.py;cpf-tools/scripts/verify-cpf-product-governance.py;cpf-tools/scripts/verify-cpf-generator-upgrade-ownership.py;cpf-tools/db/canonical/seed-model.json;cpf-tools/scripts/verify-cpf-requirement-traceability.py;cpf-tools/config/cpf-starter-catalog.json;cpf-tools/governance/cpf-runtime-environment-manifest.schema.json;cpf-admin/frontend/openapi/cpf-openapi.json → cpf-admin/frontend/src/generated/cpf-api.ts → GATE-01-OWNERSHIP;GATE-02-CONSUMER;GATE-12-OBSERVABILITY;GATE-17-SUPPLY-CHAIN;GATE-18-TEST-EVIDENCE;GATE-20-HYGIENE",Per-Work-Item source inventory plus all applicable Engineering Gate commands,"Canonical Requirement/Scenario ID, owner, acceptance, continuity와 상태 규칙을 단일 정본으로 유지한다. || Alias/split/supersede/deprecate 관계와 count 변화를 추적한다. || 169/162 등 count 불일치를 자동 차단한다.",DIRECT_STATIC_AND_ACCEPTANCE_ALTERNATIVE,python cpf-tools/scripts/verify-cpf-owner-boundaries.py --repo-root . --report-json <evidence>,0,Acceptance-specific source/consumer review; relevant gates=GATE-01-OWNERSHIP; states=완료. Direct or valid alternative evidence passed.,evidence/ATOMIC_WORK_ITEM_EVIDENCE.jsonl#CPF-WP-REQ-GOV-01-CANONICAL_MODEL,,완료,완료,미검수,false
CPF-V9-INITIAL-FULL-REVIEW-20260805-2020-REV-007-DEVGPT-V9-S06,CPF-WP-REQ-GOV-02-AUTOMATION_CONTINUITY,WORK_PACKAGE,REQ-GOV,P2,GOVERNANCE,AUTOMATION_CONTINUITY,Builder·Validator·Continuity 자동화,requirement governance,requirement governance,,DEVGPT-V9-S06,CPF-WP-REQ-GOV-01-CANONICAL_MODEL,"모든 Part 조립, header/count/hash, Requirement↔Scenario link와 role status를 검증한다. || Coverage 검증을 QA 통과로 오인하지 않게 result meaning을 명시한다. || 작업 전후 변경 ID와 Source/Evidence 연결을 보존한다.",logical master index와 streaming validator를 사용한다.,missing part;wrong hash;orphan link;false QA complete,GATE-01-OWNERSHIP;GATE-02-CONSUMER;GATE-12-OBSERVABILITY;GATE-17-SUPPLY-CHAIN;GATE-18-TEST-EVIDENCE;GATE-20-HYGIENE,STD-CYCLONEDX;STD-NIST-SSDF;STD-OTEL;STD-SCRUM;STD-SLSA;STD-TRACE,cpf-tools/scripts/build-cpf-requirement-development-traceability.py;cpf-tools/scripts/verify-cpf-product-governance.py;cpf-tools/scripts/verify-cpf-requirement-traceability.py;cpf-tools/scripts/devgpt-control-v9/generate_development_requests.py;cpf-tools/scripts/verify-cpf-publication-starter-closure.py;cpf-starters/integration/http-client/src/main/java/com/cpf/starter/integration/http/client/internal/CpfResilientHttpClient.java;cpf-starters/integration/tcp/src/main/java/com/cpf/starter/integration/tcp/internal/CpfResilientTcpClient.java;cpf-starters/messaging/kafka/src/main/java/com/cpf/starter/messaging/kafka/internal/CpfKafkaConsumerControlAdapter.java,cpf-tools/scripts/build-cpf-requirement-development-traceability.py,cpf-starters/integration/http-client/src/main/java/com/cpf/starter/integration/http/client/internal/CpfResilientHttpClient.java;cpf-starters/integration/tcp/src/main/java/com/cpf/starter/integration/tcp/internal/CpfResilientTcpClient.java;cpf-starters/messaging/kafka/src/main/java/com/cpf/starter/messaging/kafka/internal/CpfKafkaConsumerControlAdapter.java;cpf-gateway/src/main/java/com/cpf/gateway/scg/CpfGatewayPinnedHttpClientConfiguration.java,"모든 Part 조립, header/count/hash, Requirement↔Scenario link와 role status를 검증한다. || Coverage 검증을 QA 통과로 오인하지 않게 result meaning을 명시한다. || 작업 전후 변경 ID와 Source/Evidence 연결을 보존한다. → cpf-tools/scripts/build-cpf-requirement-development-traceability.py;cpf-tools/scripts/verify-cpf-product-governance.py;cpf-tools/scripts/verify-cpf-requirement-traceability.py;cpf-tools/scripts/devgpt-control-v9/generate_development_requests.py;cpf-tools/scripts/verify-cpf-publication-starter-closure.py;cpf-starters/integration/http-client/src/main/java/com/cpf/starter/integration/http/client/internal/CpfResilientHttpClient.java;cpf-starters/integration/tcp/src/main/java/com/cpf/starter/integration/tcp/internal/CpfResilientTcpClient.java;cpf-starters/messaging/kafka/src/main/java/com/cpf/starter/messaging/kafka/internal/CpfKafkaConsumerControlAdapter.java → cpf-starters/integration/http-client/src/main/java/com/cpf/starter/integration/http/client/internal/CpfResilientHttpClient.java;cpf-starters/integration/tcp/src/main/java/com/cpf/starter/integration/tcp/internal/CpfResilientTcpClient.java;cpf-starters/messaging/kafka/src/main/java/com/cpf/starter/messaging/kafka/internal/CpfKafkaConsumerControlAdapter.java;cpf-gateway/src/main/java/com/cpf/gateway/scg/CpfGatewayPinnedHttpClientConfiguration.java → GATE-01-OWNERSHIP;GATE-02-CONSUMER;GATE-12-OBSERVABILITY;GATE-17-SUPPLY-CHAIN;GATE-18-TEST-EVIDENCE;GATE-20-HYGIENE",Per-Work-Item source inventory plus all applicable Engineering Gate commands,"모든 Part 조립, header/count/hash, Requirement↔Scenario link와 role status를 검증한다. || Coverage 검증을 QA 통과로 오인하지 않게 result meaning을 명시한다. || 작업 전후 변경 ID와 Source/Evidence 연결을 보존한다.",DIRECT_STATIC_AND_ACCEPTANCE_ALTERNATIVE,pytest -q <21 S06 verifier files>; ./gradlew test,0,Acceptance-specific source/consumer review; relevant gates=GATE-18-TEST-EVIDENCE; states=미검증. Authoritative environment evidence remains unavailable for at least one relevant gate.,evidence/ATOMIC_WORK_ITEM_EVIDENCE.jsonl#CPF-WP-REQ-GOV-02-AUTOMATION_CONTINUITY,Acceptance-specific source/consumer review; relevant gates=GATE-18-TEST-EVIDENCE; states=미검증. Authoritative environment evidence remains unavailable for at least one relevant gate.,완료,미검증,미검수,false
CPF-V9-INITIAL-FULL-REVIEW-20260805-2020-REV-007-DEVGPT-V9-S06,CPF-WP-REQ-GOV-03-EVIDENCE_VALIDATION,WORK_PACKAGE,REQ-GOV,P2,GOVERNANCE,EVIDENCE_VALIDATION,Evidence 유효성 검증,requirement governance,requirement governance,,DEVGPT-V9-S06,CPF-WP-REQ-GOV-01-CANONICAL_MODEL,"현재 baseline/working tree와 Evidence의 Source, command, environment, result, hash를 대조한다. || 과거 Commit·다른 장비·다른 Artifact·미실행 Test를 현재 성공으로 사용하지 않는다. || Coverage/traceability PASS와 제품 동작 PASS를 구분한다.",Evidence schema validator와 stale evidence detector를 사용한다.,baseline mismatch;missing report;unsanitized secret;stale evidence,GATE-01-OWNERSHIP;GATE-02-CONSUMER;GATE-12-OBSERVABILITY;GATE-17-SUPPLY-CHAIN;GATE-18-TEST-EVIDENCE;GATE-20-HYGIENE,STD-CYCLONEDX;STD-NIST-SSDF;STD-OTEL;STD-SCRUM;STD-SLSA;STD-TRACE,cpf-tools/scripts/build-cpf-requirement-development-traceability.py;cpf-tools/scripts/verify-cpf-product-governance.py;cpf-tools/scripts/verify-cpf-requirement-traceability.py;cpf-admin/frontend/openapi/cpf-openapi.json;cpf-tools/scripts/verify-cpf-execution-scope-exhaustive.py;cpf-admin/frontend/src/generated/cpf-api.ts;cpf-tools/scripts/run-cpf-full-qa-validation.ps1;cpf-tools/scripts/devgpt-control-v9/generate_development_requests.py,cpf-tools/scripts/build-cpf-requirement-development-traceability.py,cpf-admin/frontend/src/generated/cpf-api.ts,"현재 baseline/working tree와 Evidence의 Source, command, environment, result, hash를 대조한다. || 과거 Commit·다른 장비·다른 Artifact·미실행 Test를 현재 성공으로 사용하지 않는다. || Coverage/traceability PASS와 제품 동작 PASS를 구분한다. → cpf-tools/scripts/build-cpf-requirement-development-traceability.py;cpf-tools/scripts/verify-cpf-product-governance.py;cpf-tools/scripts/verify-cpf-requirement-traceability.py;cpf-admin/frontend/openapi/cpf-openapi.json;cpf-tools/scripts/verify-cpf-execution-scope-exhaustive.py;cpf-admin/frontend/src/generated/cpf-api.ts;cpf-tools/scripts/run-cpf-full-qa-validation.ps1;cpf-tools/scripts/devgpt-control-v9/generate_development_requests.py → cpf-admin/frontend/src/generated/cpf-api.ts → GATE-01-OWNERSHIP;GATE-02-CONSUMER;GATE-12-OBSERVABILITY;GATE-17-SUPPLY-CHAIN;GATE-18-TEST-EVIDENCE;GATE-20-HYGIENE",Per-Work-Item source inventory plus all applicable Engineering Gate commands,"현재 baseline/working tree와 Evidence의 Source, command, environment, result, hash를 대조한다. || 과거 Commit·다른 장비·다른 Artifact·미실행 Test를 현재 성공으로 사용하지 않는다. || Coverage/traceability PASS와 제품 동작 PASS를 구분한다.",DIRECT_STATIC_AND_ACCEPTANCE_ALTERNATIVE,pytest -q <21 S06 verifier files>; ./gradlew test || python <overlay hygiene validator>,0,Acceptance-specific source/consumer review; relevant gates=GATE-18-TEST-EVIDENCE;GATE-20-HYGIENE; states=미검증;완료. Authoritative environment evidence remains unavailable for at least one relevant gate.,evidence/ATOMIC_WORK_ITEM_EVIDENCE.jsonl#CPF-WP-REQ-GOV-03-EVIDENCE_VALIDATION,Acceptance-specific source/consumer review; relevant gates=GATE-18-TEST-EVIDENCE;GATE-20-HYGIENE; states=미검증;완료. Authoritative environment evidence remains unavailable for at least one relevant gate.,완료,미검증,미검수,false
CPF-V9-INITIAL-FULL-REVIEW-20260805-2020-REV-007-DEVGPT-V9-S06,CPF-WP-REQ-REVIEW-01-CANONICAL_MODEL,WORK_PACKAGE,REQ-REVIEW,P2,GOVERNANCE,CANONICAL_MODEL,정본·ID·상태 모델,requirement governance,requirement governance,,DEVGPT-V9-S06,,"Canonical Requirement/Scenario ID, owner, acceptance, continuity와 상태 규칙을 단일 정본으로 유지한다. || Alias/split/supersede/deprecate 관계와 count 변화를 추적한다. || 169/162 등 count 불일치를 자동 차단한다.",CSV/JSON schema와 deterministic builder를 사용한다.,duplicate ID;orphan scenario;count mismatch;invalid continuity,GATE-01-OWNERSHIP;GATE-02-CONSUMER;GATE-17-SUPPLY-CHAIN;GATE-18-TEST-EVIDENCE;GATE-20-HYGIENE,STD-CYCLONEDX;STD-NIST-SSDF;STD-SCRUM;STD-SLSA,cpf-tools/scripts/build-cpf-requirement-development-traceability.py;cpf-tools/scripts/verify-cpf-generator-upgrade-ownership.py;cpf-tools/scripts/verify-cpf-requirement-traceability.py;cpf-tools/config/cpf-starter-catalog.json;cpf-tools/db/canonical/seed-model.json;cpf-tools/scripts/build-cpf-work-package-source-review.py;cpf-admin/frontend/openapi/cpf-openapi.json;cpf-tools/scripts/devgpt-control-v9/generate_development_requests.py,cpf-tools/scripts/build-cpf-requirement-development-traceability.py,cpf-admin/frontend/src/generated/cpf-api.ts,"Canonical Requirement/Scenario ID, owner, acceptance, continuity와 상태 규칙을 단일 정본으로 유지한다. || Alias/split/supersede/deprecate 관계와 count 변화를 추적한다. || 169/162 등 count 불일치를 자동 차단한다. → cpf-tools/scripts/build-cpf-requirement-development-traceability.py;cpf-tools/scripts/verify-cpf-generator-upgrade-ownership.py;cpf-tools/scripts/verify-cpf-requirement-traceability.py;cpf-tools/config/cpf-starter-catalog.json;cpf-tools/db/canonical/seed-model.json;cpf-tools/scripts/build-cpf-work-package-source-review.py;cpf-admin/frontend/openapi/cpf-openapi.json;cpf-tools/scripts/devgpt-control-v9/generate_development_requests.py → cpf-admin/frontend/src/generated/cpf-api.ts → GATE-01-OWNERSHIP;GATE-02-CONSUMER;GATE-17-SUPPLY-CHAIN;GATE-18-TEST-EVIDENCE;GATE-20-HYGIENE",Per-Work-Item source inventory plus all applicable Engineering Gate commands,"Canonical Requirement/Scenario ID, owner, acceptance, continuity와 상태 규칙을 단일 정본으로 유지한다. || Alias/split/supersede/deprecate 관계와 count 변화를 추적한다. || 169/162 등 count 불일치를 자동 차단한다.",DIRECT_STATIC_AND_ACCEPTANCE_ALTERNATIVE,python cpf-tools/scripts/verify-cpf-owner-boundaries.py --repo-root . --report-json <evidence>,0,Acceptance-specific source/consumer review; relevant gates=GATE-01-OWNERSHIP; states=완료. Direct or valid alternative evidence passed.,evidence/ATOMIC_WORK_ITEM_EVIDENCE.jsonl#CPF-WP-REQ-REVIEW-01-CANONICAL_MODEL,,완료,완료,미검수,false
CPF-V9-INITIAL-FULL-REVIEW-20260805-2020-REV-007-DEVGPT-V9-S06,CPF-WP-REQ-REVIEW-02-AUTOMATION_CONTINUITY,WORK_PACKAGE,REQ-REVIEW,P2,GOVERNANCE,AUTOMATION_CONTINUITY,Builder·Validator·Continuity 자동화,requirement governance,requirement governance,,DEVGPT-V9-S06,CPF-WP-REQ-REVIEW-01-CANONICAL_MODEL,"모든 Part 조립, header/count/hash, Requirement↔Scenario link와 role status를 검증한다. || Coverage 검증을 QA 통과로 오인하지 않게 result meaning을 명시한다. || 작업 전후 변경 ID와 Source/Evidence 연결을 보존한다.",logical master index와 streaming validator를 사용한다.,missing part;wrong hash;orphan link;false QA complete,GATE-01-OWNERSHIP;GATE-02-CONSUMER;GATE-17-SUPPLY-CHAIN;GATE-18-TEST-EVIDENCE;GATE-20-HYGIENE,STD-CYCLONEDX;STD-NIST-SSDF;STD-SCRUM;STD-SLSA,cpf-tools/scripts/build-cpf-requirement-development-traceability.py;cpf-tools/scripts/build-cpf-work-package-source-review.py;cpf-tools/scripts/verify-cpf-requirement-traceability.py;cpf-admin/frontend/openapi/cpf-openapi.json;cpf-starters/messaging/kafka/src/main/java/com/cpf/starter/messaging/kafka/internal/CpfKafkaConsumerControlAdapter.java;cpf-admin/frontend/src/generated/cpf-api.ts;cpf-core/src/main/java/com/cpf/core/api/notification/CpfNotificationProviderStatus.java;cpf-tools/scripts/verify-cpf-product-governance.py,cpf-tools/scripts/build-cpf-requirement-development-traceability.py,cpf-starters/messaging/kafka/src/main/java/com/cpf/starter/messaging/kafka/internal/CpfKafkaConsumerControlAdapter.java;cpf-admin/frontend/src/generated/cpf-api.ts,"모든 Part 조립, header/count/hash, Requirement↔Scenario link와 role status를 검증한다. || Coverage 검증을 QA 통과로 오인하지 않게 result meaning을 명시한다. || 작업 전후 변경 ID와 Source/Evidence 연결을 보존한다. → cpf-tools/scripts/build-cpf-requirement-development-traceability.py;cpf-tools/scripts/build-cpf-work-package-source-review.py;cpf-tools/scripts/verify-cpf-requirement-traceability.py;cpf-admin/frontend/openapi/cpf-openapi.json;cpf-starters/messaging/kafka/src/main/java/com/cpf/starter/messaging/kafka/internal/CpfKafkaConsumerControlAdapter.java;cpf-admin/frontend/src/generated/cpf-api.ts;cpf-core/src/main/java/com/cpf/core/api/notification/CpfNotificationProviderStatus.java;cpf-tools/scripts/verify-cpf-product-governance.py → cpf-starters/messaging/kafka/src/main/java/com/cpf/starter/messaging/kafka/internal/CpfKafkaConsumerControlAdapter.java;cpf-admin/frontend/src/generated/cpf-api.ts → GATE-01-OWNERSHIP;GATE-02-CONSUMER;GATE-17-SUPPLY-CHAIN;GATE-18-TEST-EVIDENCE;GATE-20-HYGIENE",Per-Work-Item source inventory plus all applicable Engineering Gate commands,"모든 Part 조립, header/count/hash, Requirement↔Scenario link와 role status를 검증한다. || Coverage 검증을 QA 통과로 오인하지 않게 result meaning을 명시한다. || 작업 전후 변경 ID와 Source/Evidence 연결을 보존한다.",DIRECT_STATIC_AND_ACCEPTANCE_ALTERNATIVE,pytest -q <21 S06 verifier files>; ./gradlew test,0,Acceptance-specific source/consumer review; relevant gates=GATE-18-TEST-EVIDENCE; states=미검증. Authoritative environment evidence remains unavailable for at least one relevant gate.,evidence/ATOMIC_WORK_ITEM_EVIDENCE.jsonl#CPF-WP-REQ-REVIEW-02-AUTOMATION_CONTINUITY,Acceptance-specific source/consumer review; relevant gates=GATE-18-TEST-EVIDENCE; states=미검증. Authoritative environment evidence remains unavailable for at least one relevant gate.,완료,미검증,미검수,false
CPF-V9-INITIAL-FULL-REVIEW-20260805-2020-REV-007-DEVGPT-V9-S06,CPF-WP-REQ-REVIEW-03-EVIDENCE_VALIDATION,WORK_PACKAGE,REQ-REVIEW,P2,GOVERNANCE,EVIDENCE_VALIDATION,Evidence 유효성 검증,requirement governance,requirement governance,,DEVGPT-V9-S06,CPF-WP-REQ-REVIEW-01-CANONICAL_MODEL,"현재 baseline/working tree와 Evidence의 Source, command, environment, result, hash를 대조한다. || 과거 Commit·다른 장비·다른 Artifact·미실행 Test를 현재 성공으로 사용하지 않는다. || Coverage/traceability PASS와 제품 동작 PASS를 구분한다.",Evidence schema validator와 stale evidence detector를 사용한다.,baseline mismatch;missing report;unsanitized secret;stale evidence,GATE-01-OWNERSHIP;GATE-02-CONSUMER;GATE-17-SUPPLY-CHAIN;GATE-18-TEST-EVIDENCE;GATE-20-HYGIENE,STD-CYCLONEDX;STD-NIST-SSDF;STD-SCRUM;STD-SLSA,cpf-tools/scripts/build-cpf-requirement-development-traceability.py;cpf-tools/scripts/verify-cpf-requirement-traceability.py;cpf-admin/frontend/openapi/cpf-openapi.json;cpf-admin/frontend/src/generated/cpf-api.ts;cpf-tools/scripts/build-cpf-work-package-source-review.py;cpf-tools/scripts/verify-cpf-execution-scope-exhaustive.py;cpf-tools/scripts/verify-cpf-product-governance.py;cpf-tools/scripts/run-cpf-full-qa-validation.ps1,cpf-tools/scripts/build-cpf-requirement-development-traceability.py,cpf-admin/frontend/src/generated/cpf-api.ts,"현재 baseline/working tree와 Evidence의 Source, command, environment, result, hash를 대조한다. || 과거 Commit·다른 장비·다른 Artifact·미실행 Test를 현재 성공으로 사용하지 않는다. || Coverage/traceability PASS와 제품 동작 PASS를 구분한다. → cpf-tools/scripts/build-cpf-requirement-development-traceability.py;cpf-tools/scripts/verify-cpf-requirement-traceability.py;cpf-admin/frontend/openapi/cpf-openapi.json;cpf-admin/frontend/src/generated/cpf-api.ts;cpf-tools/scripts/build-cpf-work-package-source-review.py;cpf-tools/scripts/verify-cpf-execution-scope-exhaustive.py;cpf-tools/scripts/verify-cpf-product-governance.py;cpf-tools/scripts/run-cpf-full-qa-validation.ps1 → cpf-admin/frontend/src/generated/cpf-api.ts → GATE-01-OWNERSHIP;GATE-02-CONSUMER;GATE-17-SUPPLY-CHAIN;GATE-18-TEST-EVIDENCE;GATE-20-HYGIENE",Per-Work-Item source inventory plus all applicable Engineering Gate commands,"현재 baseline/working tree와 Evidence의 Source, command, environment, result, hash를 대조한다. || 과거 Commit·다른 장비·다른 Artifact·미실행 Test를 현재 성공으로 사용하지 않는다. || Coverage/traceability PASS와 제품 동작 PASS를 구분한다.",DIRECT_STATIC_AND_ACCEPTANCE_ALTERNATIVE,pytest -q <21 S06 verifier files>; ./gradlew test || python <overlay hygiene validator>,0,Acceptance-specific source/consumer review; relevant gates=GATE-18-TEST-EVIDENCE;GATE-20-HYGIENE; states=미검증;완료. Authoritative environment evidence remains unavailable for at least one relevant gate.,evidence/ATOMIC_WORK_ITEM_EVIDENCE.jsonl#CPF-WP-REQ-REVIEW-03-EVIDENCE_VALIDATION,Acceptance-specific source/consumer review; relevant gates=GATE-18-TEST-EVIDENCE;GATE-20-HYGIENE; states=미검증;완료. Authoritative environment evidence remains unavailable for at least one relevant gate.,완료,미검증,미검수,false
CPF-V9-INITIAL-FULL-REVIEW-20260805-2020-REV-007-DEVGPT-V9-S06,CPF-WP-SAMPLE-ACC-01-REFERENCE_RUNTIME,WORK_PACKAGE,SAMPLE-ACC,P2,REFERENCE_IMPLEMENTATION,REFERENCE_RUNTIME,Reference 실제 Runtime,cpf-reference / generated reference,cpf-reference,generated reference,DEVGPT-V9-S06,,Sample/Reference가 제품 Public API와 Published Artifact를 실제 소비한다. || 별도 장난감 Contract나 Sample-only Engine을 만들지 않는다. || 정상·오류·권한·복구·운영 흐름을 실행 가능하게 제공한다.,작은 Golden scenario와 표준 Test Kit를 재사용한다.,normal;validation;authorization;failure;recovery,GATE-01-OWNERSHIP;GATE-02-CONSUMER;GATE-06-STATE-IDEMP;GATE-13-PERFORMANCE;GATE-15-GENERATOR;GATE-18-TEST-EVIDENCE;GATE-20-HYGIENE;GATE-21-TIME,STD-NIST-SSDF,cpf-reference/src/main/java/com/cpf/reference/edu/runtime/api/EduCapabilityController.java;cpf-reference/src/main/java/com/cpf/reference/edu/runtime/consumer/EduBusinessConsumerRegistry.java;cpf-reference/src/main/java/com/cpf/reference/edu/runtime/application/EduExecutionService.java;cpf-reference/src/test/java/com/cpf/reference/edu/runtime/EduManual135SelfTestMain.java;cpf-member/build.gradle;cpf-reference/src/test/java/com/cpf/reference/edu/runtime/EduFullReferenceTestRegistry.java;cpf-reference/build.gradle;cpf-admin/frontend/openapi/cpf-openapi.json,cpf-reference/src/main/java/com/cpf/reference/edu/runtime/api/EduCapabilityController.java,cpf-reference/src/main/java/com/cpf/reference/edu/runtime/consumer/EduBusinessConsumerRegistry.java;cpf-reference/src/main/java/com/cpf/reference/edu/runtime/application/EduExecutionService.java;cpf-reference/src/test/java/com/cpf/reference/edu/runtime/EduManual135SelfTestMain.java;cpf-reference/src/test/java/com/cpf/reference/edu/runtime/EduFullReferenceTestRegistry.java,Sample/Reference가 제품 Public API와 Published Artifact를 실제 소비한다. || 별도 장난감 Contract나 Sample-only Engine을 만들지 않는다. || 정상·오류·권한·복구·운영 흐름을 실행 가능하게 제공한다. → cpf-reference/src/main/java/com/cpf/reference/edu/runtime/api/EduCapabilityController.java;cpf-reference/src/main/java/com/cpf/reference/edu/runtime/consumer/EduBusinessConsumerRegistry.java;cpf-reference/src/main/java/com/cpf/reference/edu/runtime/application/EduExecutionService.java;cpf-reference/src/test/java/com/cpf/reference/edu/runtime/EduManual135SelfTestMain.java;cpf-member/build.gradle;cpf-reference/src/test/java/com/cpf/reference/edu/runtime/EduFullReferenceTestRegistry.java;cpf-reference/build.gradle;cpf-admin/frontend/openapi/cpf-openapi.json → cpf-reference/src/main/java/com/cpf/reference/edu/runtime/consumer/EduBusinessConsumerRegistry.java;cpf-reference/src/main/java/com/cpf/reference/edu/runtime/application/EduExecutionService.java;cpf-reference/src/test/java/com/cpf/reference/edu/runtime/EduManual135SelfTestMain.java;cpf-reference/src/test/java/com/cpf/reference/edu/runtime/EduFullReferenceTestRegistry.java → GATE-01-OWNERSHIP;GATE-02-CONSUMER;GATE-06-STATE-IDEMP;GATE-13-PERFORMANCE;GATE-15-GENERATOR;GATE-18-TEST-EVIDENCE;GATE-20-HYGIENE;GATE-21-TIME,Per-Work-Item source inventory plus all applicable Engineering Gate commands,Sample/Reference가 제품 Public API와 Published Artifact를 실제 소비한다. || 별도 장난감 Contract나 Sample-only Engine을 만들지 않는다. || 정상·오류·권한·복구·운영 흐름을 실행 가능하게 제공한다.,DIRECT_STATIC_AND_ACCEPTANCE_ALTERNATIVE,python cpf-tools/scripts/run-cpf-performance-contract.py --profile cpf-tools/performance/cpf-performance-profile.json; python cpf-tools/scripts/verify-cpf-runtime-alternatives.py --root . --report <evidence> || python cpf-tools/scripts/verify-cpf-generator-idempotency-templates.py --repo-root .; python cpf-tools/scripts/verify-cpf-generator-lifecycle.py --repo-root . || pytest -q <21 S06 verifier files>; ./gradlew test || python cpf-tools/scripts/verify-cpf-runtime-alternatives.py --root . --report <evidence>,0,Acceptance-specific source/consumer review; relevant gates=GATE-13-PERFORMANCE;GATE-15-GENERATOR;GATE-18-TEST-EVIDENCE;GATE-21-TIME; states=완료;완료;미검증;미검증. Authoritative environment evidence remains unavailable for at least one relevant gate.,evidence/ATOMIC_WORK_ITEM_EVIDENCE.jsonl#CPF-WP-SAMPLE-ACC-01-REFERENCE_RUNTIME,Acceptance-specific source/consumer review; relevant gates=GATE-13-PERFORMANCE;GATE-15-GENERATOR;GATE-18-TEST-EVIDENCE;GATE-21-TIME; states=완료;완료;미검증;미검증. Authoritative environment evidence remains unavailable for at least one relevant gate.,완료,미검증,미검수,false
CPF-V9-INITIAL-FULL-REVIEW-20260805-2020-REV-007-DEVGPT-V9-S06,CPF-WP-SAMPLE-ACC-02-FAILURE_PARITY,WORK_PACKAGE,SAMPLE-ACC,P2,REFERENCE_IMPLEMENTATION,FAILURE_PARITY,Reference 오류·복구 Parity,cpf-reference / generated reference,cpf-reference,generated reference,DEVGPT-V9-S06,CPF-WP-SAMPLE-ACC-01-REFERENCE_RUNTIME,"Reference가 제품 Runtime과 동일한 error taxonomy, retry/unknown/recovery와 audit를 사용한다. || Local/Remote 또는 provider profile 차이를 동일 업무 계약으로 검증한다.",fault profile과 documented operator workflow를 포함한다.,local/remote parity;dependency failure;unknown;manual recovery,GATE-01-OWNERSHIP;GATE-02-CONSUMER;GATE-06-STATE-IDEMP;GATE-08-UNKNOWN-RECOVERY;GATE-13-PERFORMANCE;GATE-15-GENERATOR;GATE-18-TEST-EVIDENCE;GATE-20-HYGIENE,STD-NIST-SSDF,cpf-reference/src/main/java/com/cpf/reference/edu/runtime/api/EduCapabilityController.java;cpf-reference/src/test/java/com/cpf/reference/edu/runtime/EduManual135SelfTestMain.java;cpf-reference/src/main/java/com/cpf/reference/edu/runtime/application/EduExecutionService.java;cpf-reference/src/main/java/com/cpf/reference/edu/runtime/consumer/EduBusinessConsumerRegistry.java;cpf-reference/src/test/java/com/cpf/reference/edu/runtime/EduFullReferenceTestRegistry.java;cpf-member/build.gradle;cpf-reference/build.gradle;cpf-tools/db/vendor/oracle/seed/00_optional_sample_seed.sql,cpf-reference/src/main/java/com/cpf/reference/edu/runtime/api/EduCapabilityController.java,cpf-reference/src/test/java/com/cpf/reference/edu/runtime/EduManual135SelfTestMain.java;cpf-reference/src/main/java/com/cpf/reference/edu/runtime/application/EduExecutionService.java;cpf-reference/src/main/java/com/cpf/reference/edu/runtime/consumer/EduBusinessConsumerRegistry.java;cpf-reference/src/test/java/com/cpf/reference/edu/runtime/EduFullReferenceTestRegistry.java,"Reference가 제품 Runtime과 동일한 error taxonomy, retry/unknown/recovery와 audit를 사용한다. || Local/Remote 또는 provider profile 차이를 동일 업무 계약으로 검증한다. → cpf-reference/src/main/java/com/cpf/reference/edu/runtime/api/EduCapabilityController.java;cpf-reference/src/test/java/com/cpf/reference/edu/runtime/EduManual135SelfTestMain.java;cpf-reference/src/main/java/com/cpf/reference/edu/runtime/application/EduExecutionService.java;cpf-reference/src/main/java/com/cpf/reference/edu/runtime/consumer/EduBusinessConsumerRegistry.java;cpf-reference/src/test/java/com/cpf/reference/edu/runtime/EduFullReferenceTestRegistry.java;cpf-member/build.gradle;cpf-reference/build.gradle;cpf-tools/db/vendor/oracle/seed/00_optional_sample_seed.sql → cpf-reference/src/test/java/com/cpf/reference/edu/runtime/EduManual135SelfTestMain.java;cpf-reference/src/main/java/com/cpf/reference/edu/runtime/application/EduExecutionService.java;cpf-reference/src/main/java/com/cpf/reference/edu/runtime/consumer/EduBusinessConsumerRegistry.java;cpf-reference/src/test/java/com/cpf/reference/edu/runtime/EduFullReferenceTestRegistry.java → GATE-01-OWNERSHIP;GATE-02-CONSUMER;GATE-06-STATE-IDEMP;GATE-08-UNKNOWN-RECOVERY;GATE-13-PERFORMANCE;GATE-15-GENERATOR;GATE-18-TEST-EVIDENCE;GATE-20-HYGIENE",Per-Work-Item source inventory plus all applicable Engineering Gate commands,"Reference가 제품 Runtime과 동일한 error taxonomy, retry/unknown/recovery와 audit를 사용한다. || Local/Remote 또는 provider profile 차이를 동일 업무 계약으로 검증한다.",DIRECT_STATIC_AND_ACCEPTANCE_ALTERNATIVE,python cpf-tools/scripts/verify-cpf-runtime-alternatives.py --root . --report <evidence>,0,Acceptance-specific source/consumer review; relevant gates=GATE-08-UNKNOWN-RECOVERY; states=완료. Direct or valid alternative evidence passed.,evidence/ATOMIC_WORK_ITEM_EVIDENCE.jsonl#CPF-WP-SAMPLE-ACC-02-FAILURE_PARITY,,완료,완료,미검수,false
CPF-V9-INITIAL-FULL-REVIEW-20260805-2020-REV-007-DEVGPT-V9-S06,CPF-WP-SAMPLE-ACC-03-REGENERATION_EVIDENCE,WORK_PACKAGE,SAMPLE-ACC,P2,REFERENCE_IMPLEMENTATION,REGENERATION_EVIDENCE,Sample·Golden 재생성 Evidence,cpf-reference / generated reference,cpf-reference,generated reference,DEVGPT-V9-S06,CPF-WP-SAMPLE-ACC-01-REFERENCE_RUNTIME,Generator 입력에서 Sample/Golden Domain을 재생성하고 normalized parity를 확인한다. || 사용자 영역과 교육 문서가 재생성 후 보존된다.,remove/regenerate CI profile과 golden diff를 사용한다.,remove/regenerate;user edit preserve;drift,GATE-01-OWNERSHIP;GATE-02-CONSUMER;GATE-06-STATE-IDEMP;GATE-13-PERFORMANCE;GATE-15-GENERATOR;GATE-18-TEST-EVIDENCE;GATE-20-HYGIENE,STD-NIST-SSDF,cpf-reference/src/main/java/com/cpf/reference/edu/runtime/api/EduCapabilityController.java;cpf-reference/src/test/java/com/cpf/reference/edu/runtime/EduManual135SelfTestMain.java;cpf-reference/src/main/java/com/cpf/reference/edu/runtime/application/EduExecutionService.java;cpf-reference/src/main/java/com/cpf/reference/edu/runtime/consumer/EduBusinessConsumerRegistry.java;cpf-reference/src/test/java/com/cpf/reference/edu/runtime/EduFullReferenceTestRegistry.java;cpf-member/build.gradle;cpf-reference/build.gradle;cpf-tools/db/vendor/oracle/seed/00_optional_sample_seed.sql,cpf-reference/src/main/java/com/cpf/reference/edu/runtime/api/EduCapabilityController.java,cpf-reference/src/test/java/com/cpf/reference/edu/runtime/EduManual135SelfTestMain.java;cpf-reference/src/main/java/com/cpf/reference/edu/runtime/application/EduExecutionService.java;cpf-reference/src/main/java/com/cpf/reference/edu/runtime/consumer/EduBusinessConsumerRegistry.java;cpf-reference/src/test/java/com/cpf/reference/edu/runtime/EduFullReferenceTestRegistry.java,Generator 입력에서 Sample/Golden Domain을 재생성하고 normalized parity를 확인한다. || 사용자 영역과 교육 문서가 재생성 후 보존된다. → cpf-reference/src/main/java/com/cpf/reference/edu/runtime/api/EduCapabilityController.java;cpf-reference/src/test/java/com/cpf/reference/edu/runtime/EduManual135SelfTestMain.java;cpf-reference/src/main/java/com/cpf/reference/edu/runtime/application/EduExecutionService.java;cpf-reference/src/main/java/com/cpf/reference/edu/runtime/consumer/EduBusinessConsumerRegistry.java;cpf-reference/src/test/java/com/cpf/reference/edu/runtime/EduFullReferenceTestRegistry.java;cpf-member/build.gradle;cpf-reference/build.gradle;cpf-tools/db/vendor/oracle/seed/00_optional_sample_seed.sql → cpf-reference/src/test/java/com/cpf/reference/edu/runtime/EduManual135SelfTestMain.java;cpf-reference/src/main/java/com/cpf/reference/edu/runtime/application/EduExecutionService.java;cpf-reference/src/main/java/com/cpf/reference/edu/runtime/consumer/EduBusinessConsumerRegistry.java;cpf-reference/src/test/java/com/cpf/reference/edu/runtime/EduFullReferenceTestRegistry.java → GATE-01-OWNERSHIP;GATE-02-CONSUMER;GATE-06-STATE-IDEMP;GATE-13-PERFORMANCE;GATE-15-GENERATOR;GATE-18-TEST-EVIDENCE;GATE-20-HYGIENE,Per-Work-Item source inventory plus all applicable Engineering Gate commands,Generator 입력에서 Sample/Golden Domain을 재생성하고 normalized parity를 확인한다. || 사용자 영역과 교육 문서가 재생성 후 보존된다.,DIRECT_STATIC_AND_ACCEPTANCE_ALTERNATIVE,python cpf-tools/scripts/verify-cpf-generator-idempotency-templates.py --repo-root .; python cpf-tools/scripts/verify-cpf-generator-lifecycle.py --repo-root .,0,Acceptance-specific source/consumer review; relevant gates=GATE-15-GENERATOR; states=완료. Direct or valid alternative evidence passed.,evidence/ATOMIC_WORK_ITEM_EVIDENCE.jsonl#CPF-WP-SAMPLE-ACC-03-REGENERATION_EVIDENCE,,완료,완료,미검수,false
CPF-V9-INITIAL-FULL-REVIEW-20260805-2020-REV-007-DEVGPT-V9-S06,CPF-WP-SAMPLE-BIZADM-01-REFERENCE_RUNTIME,WORK_PACKAGE,SAMPLE-BIZADM,P2,REFERENCE_IMPLEMENTATION,REFERENCE_RUNTIME,Reference 실제 Runtime,cpf-reference / generated reference,cpf-reference,generated reference,DEVGPT-V9-S06,,Sample/Reference가 제품 Public API와 Published Artifact를 실제 소비한다. || 별도 장난감 Contract나 Sample-only Engine을 만들지 않는다. || 정상·오류·권한·복구·운영 흐름을 실행 가능하게 제공한다.,작은 Golden scenario와 표준 Test Kit를 재사용한다.,normal;validation;authorization;failure;recovery,GATE-01-OWNERSHIP;GATE-02-CONSUMER;GATE-13-PERFORMANCE;GATE-15-GENERATOR;GATE-18-TEST-EVIDENCE;GATE-20-HYGIENE;GATE-21-TIME,STD-NIST-SSDF,cpf-reference/src/main/java/com/cpf/reference/edu/runtime/api/EduCapabilityController.java;cpf-reference/src/main/java/com/cpf/reference/edu/runtime/consumer/EduBusinessConsumerRegistry.java;cpf-reference/src/main/java/com/cpf/reference/edu/runtime/application/EduExecutionService.java;cpf-reference/src/test/java/com/cpf/reference/edu/runtime/EduManual135SelfTestMain.java;cpf-member/build.gradle;cpf-reference/src/test/java/com/cpf/reference/edu/runtime/EduFullReferenceTestRegistry.java;cpf-reference/build.gradle;cpf-admin/frontend/openapi/cpf-openapi.json,cpf-reference/src/main/java/com/cpf/reference/edu/runtime/api/EduCapabilityController.java,cpf-reference/src/main/java/com/cpf/reference/edu/runtime/consumer/EduBusinessConsumerRegistry.java;cpf-reference/src/main/java/com/cpf/reference/edu/runtime/application/EduExecutionService.java;cpf-reference/src/test/java/com/cpf/reference/edu/runtime/EduManual135SelfTestMain.java;cpf-reference/src/test/java/com/cpf/reference/edu/runtime/EduFullReferenceTestRegistry.java,Sample/Reference가 제품 Public API와 Published Artifact를 실제 소비한다. || 별도 장난감 Contract나 Sample-only Engine을 만들지 않는다. || 정상·오류·권한·복구·운영 흐름을 실행 가능하게 제공한다. → cpf-reference/src/main/java/com/cpf/reference/edu/runtime/api/EduCapabilityController.java;cpf-reference/src/main/java/com/cpf/reference/edu/runtime/consumer/EduBusinessConsumerRegistry.java;cpf-reference/src/main/java/com/cpf/reference/edu/runtime/application/EduExecutionService.java;cpf-reference/src/test/java/com/cpf/reference/edu/runtime/EduManual135SelfTestMain.java;cpf-member/build.gradle;cpf-reference/src/test/java/com/cpf/reference/edu/runtime/EduFullReferenceTestRegistry.java;cpf-reference/build.gradle;cpf-admin/frontend/openapi/cpf-openapi.json → cpf-reference/src/main/java/com/cpf/reference/edu/runtime/consumer/EduBusinessConsumerRegistry.java;cpf-reference/src/main/java/com/cpf/reference/edu/runtime/application/EduExecutionService.java;cpf-reference/src/test/java/com/cpf/reference/edu/runtime/EduManual135SelfTestMain.java;cpf-reference/src/test/java/com/cpf/reference/edu/runtime/EduFullReferenceTestRegistry.java → GATE-01-OWNERSHIP;GATE-02-CONSUMER;GATE-13-PERFORMANCE;GATE-15-GENERATOR;GATE-18-TEST-EVIDENCE;GATE-20-HYGIENE;GATE-21-TIME,Per-Work-Item source inventory plus all applicable Engineering Gate commands,Sample/Reference가 제품 Public API와 Published Artifact를 실제 소비한다. || 별도 장난감 Contract나 Sample-only Engine을 만들지 않는다. || 정상·오류·권한·복구·운영 흐름을 실행 가능하게 제공한다.,DIRECT_STATIC_AND_ACCEPTANCE_ALTERNATIVE,python cpf-tools/scripts/run-cpf-performance-contract.py --profile cpf-tools/performance/cpf-performance-profile.json; python cpf-tools/scripts/verify-cpf-runtime-alternatives.py --root . --report <evidence> || python cpf-tools/scripts/verify-cpf-generator-idempotency-templates.py --repo-root .; python cpf-tools/scripts/verify-cpf-generator-lifecycle.py --repo-root . || pytest -q <21 S06 verifier files>; ./gradlew test || python cpf-tools/scripts/verify-cpf-runtime-alternatives.py --root . --report <evidence>,0,Acceptance-specific source/consumer review; relevant gates=GATE-13-PERFORMANCE;GATE-15-GENERATOR;GATE-18-TEST-EVIDENCE;GATE-21-TIME; states=완료;완료;미검증;미검증. Authoritative environment evidence remains unavailable for at least one relevant gate.,evidence/ATOMIC_WORK_ITEM_EVIDENCE.jsonl#CPF-WP-SAMPLE-BIZADM-01-REFERENCE_RUNTIME,Acceptance-specific source/consumer review; relevant gates=GATE-13-PERFORMANCE;GATE-15-GENERATOR;GATE-18-TEST-EVIDENCE;GATE-21-TIME; states=완료;완료;미검증;미검증. Authoritative environment evidence remains unavailable for at least one relevant gate.,완료,미검증,미검수,false
CPF-V9-INITIAL-FULL-REVIEW-20260805-2020-REV-007-DEVGPT-V9-S06,CPF-WP-SAMPLE-BIZADM-02-FAILURE_PARITY,WORK_PACKAGE,SAMPLE-BIZADM,P2,REFERENCE_IMPLEMENTATION,FAILURE_PARITY,Reference 오류·복구 Parity,cpf-reference / generated reference,cpf-reference,generated reference,DEVGPT-V9-S06,CPF-WP-SAMPLE-BIZADM-01-REFERENCE_RUNTIME,"Reference가 제품 Runtime과 동일한 error taxonomy, retry/unknown/recovery와 audit를 사용한다. || Local/Remote 또는 provider profile 차이를 동일 업무 계약으로 검증한다.",fault profile과 documented operator workflow를 포함한다.,local/remote parity;dependency failure;unknown;manual recovery,GATE-01-OWNERSHIP;GATE-02-CONSUMER;GATE-08-UNKNOWN-RECOVERY;GATE-13-PERFORMANCE;GATE-15-GENERATOR;GATE-18-TEST-EVIDENCE;GATE-20-HYGIENE,STD-NIST-SSDF,cpf-reference/src/main/java/com/cpf/reference/edu/runtime/api/EduCapabilityController.java;cpf-reference/src/test/java/com/cpf/reference/edu/runtime/EduManual135SelfTestMain.java;cpf-reference/src/main/java/com/cpf/reference/edu/runtime/application/EduExecutionService.java;cpf-reference/src/main/java/com/cpf/reference/edu/runtime/consumer/EduBusinessConsumerRegistry.java;cpf-reference/src/test/java/com/cpf/reference/edu/runtime/EduFullReferenceTestRegistry.java;cpf-member/build.gradle;cpf-reference/build.gradle;cpf-tools/db/vendor/oracle/seed/00_optional_sample_seed.sql,cpf-reference/src/main/java/com/cpf/reference/edu/runtime/api/EduCapabilityController.java,cpf-reference/src/test/java/com/cpf/reference/edu/runtime/EduManual135SelfTestMain.java;cpf-reference/src/main/java/com/cpf/reference/edu/runtime/application/EduExecutionService.java;cpf-reference/src/main/java/com/cpf/reference/edu/runtime/consumer/EduBusinessConsumerRegistry.java;cpf-reference/src/test/java/com/cpf/reference/edu/runtime/EduFullReferenceTestRegistry.java,"Reference가 제품 Runtime과 동일한 error taxonomy, retry/unknown/recovery와 audit를 사용한다. || Local/Remote 또는 provider profile 차이를 동일 업무 계약으로 검증한다. → cpf-reference/src/main/java/com/cpf/reference/edu/runtime/api/EduCapabilityController.java;cpf-reference/src/test/java/com/cpf/reference/edu/runtime/EduManual135SelfTestMain.java;cpf-reference/src/main/java/com/cpf/reference/edu/runtime/application/EduExecutionService.java;cpf-reference/src/main/java/com/cpf/reference/edu/runtime/consumer/EduBusinessConsumerRegistry.java;cpf-reference/src/test/java/com/cpf/reference/edu/runtime/EduFullReferenceTestRegistry.java;cpf-member/build.gradle;cpf-reference/build.gradle;cpf-tools/db/vendor/oracle/seed/00_optional_sample_seed.sql → cpf-reference/src/test/java/com/cpf/reference/edu/runtime/EduManual135SelfTestMain.java;cpf-reference/src/main/java/com/cpf/reference/edu/runtime/application/EduExecutionService.java;cpf-reference/src/main/java/com/cpf/reference/edu/runtime/consumer/EduBusinessConsumerRegistry.java;cpf-reference/src/test/java/com/cpf/reference/edu/runtime/EduFullReferenceTestRegistry.java → GATE-01-OWNERSHIP;GATE-02-CONSUMER;GATE-08-UNKNOWN-RECOVERY;GATE-13-PERFORMANCE;GATE-15-GENERATOR;GATE-18-TEST-EVIDENCE;GATE-20-HYGIENE",Per-Work-Item source inventory plus all applicable Engineering Gate commands,"Reference가 제품 Runtime과 동일한 error taxonomy, retry/unknown/recovery와 audit를 사용한다. || Local/Remote 또는 provider profile 차이를 동일 업무 계약으로 검증한다.",DIRECT_STATIC_AND_ACCEPTANCE_ALTERNATIVE,python cpf-tools/scripts/verify-cpf-runtime-alternatives.py --root . --report <evidence>,0,Acceptance-specific source/consumer review; relevant gates=GATE-08-UNKNOWN-RECOVERY; states=완료. Direct or valid alternative evidence passed.,evidence/ATOMIC_WORK_ITEM_EVIDENCE.jsonl#CPF-WP-SAMPLE-BIZADM-02-FAILURE_PARITY,,완료,완료,미검수,false
CPF-V9-INITIAL-FULL-REVIEW-20260805-2020-REV-007-DEVGPT-V9-S06,CPF-WP-SAMPLE-BIZADM-03-REGENERATION_EVIDENCE,WORK_PACKAGE,SAMPLE-BIZADM,P2,REFERENCE_IMPLEMENTATION,REGENERATION_EVIDENCE,Sample·Golden 재생성 Evidence,cpf-reference / generated reference,cpf-reference,generated reference,DEVGPT-V9-S06,CPF-WP-SAMPLE-BIZADM-01-REFERENCE_RUNTIME,Generator 입력에서 Sample/Golden Domain을 재생성하고 normalized parity를 확인한다. || 사용자 영역과 교육 문서가 재생성 후 보존된다.,remove/regenerate CI profile과 golden diff를 사용한다.,remove/regenerate;user edit preserve;drift,GATE-01-OWNERSHIP;GATE-02-CONSUMER;GATE-13-PERFORMANCE;GATE-15-GENERATOR;GATE-18-TEST-EVIDENCE;GATE-20-HYGIENE,STD-NIST-SSDF,cpf-reference/src/main/java/com/cpf/reference/edu/runtime/api/EduCapabilityController.java;cpf-reference/src/test/java/com/cpf/reference/edu/runtime/EduManual135SelfTestMain.java;cpf-reference/src/main/java/com/cpf/reference/edu/runtime/application/EduExecutionService.java;cpf-reference/src/main/java/com/cpf/reference/edu/runtime/consumer/EduBusinessConsumerRegistry.java;cpf-reference/src/test/java/com/cpf/reference/edu/runtime/EduFullReferenceTestRegistry.java;cpf-member/build.gradle;cpf-reference/build.gradle;cpf-tools/db/vendor/oracle/seed/00_optional_sample_seed.sql,cpf-reference/src/main/java/com/cpf/reference/edu/runtime/api/EduCapabilityController.java,cpf-reference/src/test/java/com/cpf/reference/edu/runtime/EduManual135SelfTestMain.java;cpf-reference/src/main/java/com/cpf/reference/edu/runtime/application/EduExecutionService.java;cpf-reference/src/main/java/com/cpf/reference/edu/runtime/consumer/EduBusinessConsumerRegistry.java;cpf-reference/src/test/java/com/cpf/reference/edu/runtime/EduFullReferenceTestRegistry.java,Generator 입력에서 Sample/Golden Domain을 재생성하고 normalized parity를 확인한다. || 사용자 영역과 교육 문서가 재생성 후 보존된다. → cpf-reference/src/main/java/com/cpf/reference/edu/runtime/api/EduCapabilityController.java;cpf-reference/src/test/java/com/cpf/reference/edu/runtime/EduManual135SelfTestMain.java;cpf-reference/src/main/java/com/cpf/reference/edu/runtime/application/EduExecutionService.java;cpf-reference/src/main/java/com/cpf/reference/edu/runtime/consumer/EduBusinessConsumerRegistry.java;cpf-reference/src/test/java/com/cpf/reference/edu/runtime/EduFullReferenceTestRegistry.java;cpf-member/build.gradle;cpf-reference/build.gradle;cpf-tools/db/vendor/oracle/seed/00_optional_sample_seed.sql → cpf-reference/src/test/java/com/cpf/reference/edu/runtime/EduManual135SelfTestMain.java;cpf-reference/src/main/java/com/cpf/reference/edu/runtime/application/EduExecutionService.java;cpf-reference/src/main/java/com/cpf/reference/edu/runtime/consumer/EduBusinessConsumerRegistry.java;cpf-reference/src/test/java/com/cpf/reference/edu/runtime/EduFullReferenceTestRegistry.java → GATE-01-OWNERSHIP;GATE-02-CONSUMER;GATE-13-PERFORMANCE;GATE-15-GENERATOR;GATE-18-TEST-EVIDENCE;GATE-20-HYGIENE,Per-Work-Item source inventory plus all applicable Engineering Gate commands,Generator 입력에서 Sample/Golden Domain을 재생성하고 normalized parity를 확인한다. || 사용자 영역과 교육 문서가 재생성 후 보존된다.,DIRECT_STATIC_AND_ACCEPTANCE_ALTERNATIVE,python cpf-tools/scripts/verify-cpf-generator-idempotency-templates.py --repo-root .; python cpf-tools/scripts/verify-cpf-generator-lifecycle.py --repo-root .,0,Acceptance-specific source/consumer review; relevant gates=GATE-15-GENERATOR; states=완료. Direct or valid alternative evidence passed.,evidence/ATOMIC_WORK_ITEM_EVIDENCE.jsonl#CPF-WP-SAMPLE-BIZADM-03-REGENERATION_EVIDENCE,,완료,완료,미검수,false
CPF-V9-INITIAL-FULL-REVIEW-20260805-2020-REV-007-DEVGPT-V9-S06,CPF-WP-SAMPLE-EDU-01-REFERENCE_RUNTIME,WORK_PACKAGE,SAMPLE-EDU,P2,REFERENCE_IMPLEMENTATION,REFERENCE_RUNTIME,Reference 실제 Runtime,cpf-reference / generated reference,cpf-reference,generated reference,DEVGPT-V9-S06,,Sample/Reference가 제품 Public API와 Published Artifact를 실제 소비한다. || 별도 장난감 Contract나 Sample-only Engine을 만들지 않는다. || 정상·오류·권한·복구·운영 흐름을 실행 가능하게 제공한다.,작은 Golden scenario와 표준 Test Kit를 재사용한다.,normal;validation;authorization;failure;recovery,GATE-01-OWNERSHIP;GATE-02-CONSUMER;GATE-05-DB-QUERY;GATE-07-MULTI-INSTANCE;GATE-09-SECURITY;GATE-13-PERFORMANCE;GATE-15-GENERATOR;GATE-18-TEST-EVIDENCE;GATE-20-HYGIENE;GATE-21-TIME,STD-CISA-SBD;STD-NIST-SSDF;STD-OWASP-ASVS,cpf-reference/src/main/java/com/cpf/reference/edu/runtime/api/EduCapabilityController.java;cpf-reference/src/main/java/com/cpf/reference/edu/runtime/consumer/EduBusinessConsumerRegistry.java;cpf-reference/src/main/java/com/cpf/reference/edu/runtime/application/EduExecutionService.java;cpf-reference/src/test/java/com/cpf/reference/edu/runtime/EduManual135SelfTestMain.java;cpf-reference/src/test/java/com/cpf/reference/edu/runtime/EduFullReferenceTestRegistry.java;cpf-tools/scripts/tests/test_verify_cpf_reference_edu_runtime.py;cpf-tools/scripts/verify-cpf-reference-edu-runtime.py;cpf-member/build.gradle,cpf-reference/src/main/java/com/cpf/reference/edu/runtime/api/EduCapabilityController.java,cpf-reference/src/main/java/com/cpf/reference/edu/runtime/consumer/EduBusinessConsumerRegistry.java;cpf-reference/src/main/java/com/cpf/reference/edu/runtime/application/EduExecutionService.java;cpf-reference/src/test/java/com/cpf/reference/edu/runtime/EduManual135SelfTestMain.java;cpf-reference/src/test/java/com/cpf/reference/edu/runtime/EduFullReferenceTestRegistry.java,Sample/Reference가 제품 Public API와 Published Artifact를 실제 소비한다. || 별도 장난감 Contract나 Sample-only Engine을 만들지 않는다. || 정상·오류·권한·복구·운영 흐름을 실행 가능하게 제공한다. → cpf-reference/src/main/java/com/cpf/reference/edu/runtime/api/EduCapabilityController.java;cpf-reference/src/main/java/com/cpf/reference/edu/runtime/consumer/EduBusinessConsumerRegistry.java;cpf-reference/src/main/java/com/cpf/reference/edu/runtime/application/EduExecutionService.java;cpf-reference/src/test/java/com/cpf/reference/edu/runtime/EduManual135SelfTestMain.java;cpf-reference/src/test/java/com/cpf/reference/edu/runtime/EduFullReferenceTestRegistry.java;cpf-tools/scripts/tests/test_verify_cpf_reference_edu_runtime.py;cpf-tools/scripts/verify-cpf-reference-edu-runtime.py;cpf-member/build.gradle → cpf-reference/src/main/java/com/cpf/reference/edu/runtime/consumer/EduBusinessConsumerRegistry.java;cpf-reference/src/main/java/com/cpf/reference/edu/runtime/application/EduExecutionService.java;cpf-reference/src/test/java/com/cpf/reference/edu/runtime/EduManual135SelfTestMain.java;cpf-reference/src/test/java/com/cpf/reference/edu/runtime/EduFullReferenceTestRegistry.java → GATE-01-OWNERSHIP;GATE-02-CONSUMER;GATE-05-DB-QUERY;GATE-07-MULTI-INSTANCE;GATE-09-SECURITY;GATE-13-PERFORMANCE;GATE-15-GENERATOR;GATE-18-TEST-EVIDENCE;GATE-20-HYGIENE;GATE-21-TIME,Per-Work-Item source inventory plus all applicable Engineering Gate commands,Sample/Reference가 제품 Public API와 Published Artifact를 실제 소비한다. || 별도 장난감 Contract나 Sample-only Engine을 만들지 않는다. || 정상·오류·권한·복구·운영 흐름을 실행 가능하게 제공한다.,DIRECT_STATIC_AND_ACCEPTANCE_ALTERNATIVE,python cpf-tools/scripts/run-cpf-performance-contract.py --profile cpf-tools/performance/cpf-performance-profile.json; python cpf-tools/scripts/verify-cpf-runtime-alternatives.py --root . --report <evidence> || python cpf-tools/scripts/verify-cpf-generator-idempotency-templates.py --repo-root .; python cpf-tools/scripts/verify-cpf-generator-lifecycle.py --repo-root . || pytest -q <21 S06 verifier files>; ./gradlew test || python cpf-tools/scripts/verify-cpf-runtime-alternatives.py --root . --report <evidence>,0,Acceptance-specific source/consumer review; relevant gates=GATE-13-PERFORMANCE;GATE-15-GENERATOR;GATE-18-TEST-EVIDENCE;GATE-21-TIME; states=완료;완료;미검증;미검증. Authoritative environment evidence remains unavailable for at least one relevant gate.,evidence/ATOMIC_WORK_ITEM_EVIDENCE.jsonl#CPF-WP-SAMPLE-EDU-01-REFERENCE_RUNTIME,Acceptance-specific source/consumer review; relevant gates=GATE-13-PERFORMANCE;GATE-15-GENERATOR;GATE-18-TEST-EVIDENCE;GATE-21-TIME; states=완료;완료;미검증;미검증. Authoritative environment evidence remains unavailable for at least one relevant gate.,완료,미검증,미검수,false
CPF-V9-INITIAL-FULL-REVIEW-20260805-2020-REV-007-DEVGPT-V9-S06,CPF-WP-SAMPLE-EDU-02-FAILURE_PARITY,WORK_PACKAGE,SAMPLE-EDU,P2,REFERENCE_IMPLEMENTATION,FAILURE_PARITY,Reference 오류·복구 Parity,cpf-reference / generated reference,cpf-reference,generated reference,DEVGPT-V9-S06,CPF-WP-SAMPLE-EDU-01-REFERENCE_RUNTIME,"Reference가 제품 Runtime과 동일한 error taxonomy, retry/unknown/recovery와 audit를 사용한다. || Local/Remote 또는 provider profile 차이를 동일 업무 계약으로 검증한다.",fault profile과 documented operator workflow를 포함한다.,local/remote parity;dependency failure;unknown;manual recovery,GATE-01-OWNERSHIP;GATE-02-CONSUMER;GATE-05-DB-QUERY;GATE-07-MULTI-INSTANCE;GATE-08-UNKNOWN-RECOVERY;GATE-09-SECURITY;GATE-13-PERFORMANCE;GATE-15-GENERATOR;GATE-18-TEST-EVIDENCE;GATE-20-HYGIENE,STD-CISA-SBD;STD-NIST-SSDF;STD-OWASP-ASVS,cpf-reference/src/main/java/com/cpf/reference/edu/runtime/api/EduCapabilityController.java;cpf-reference/src/test/java/com/cpf/reference/edu/runtime/EduManual135SelfTestMain.java;cpf-reference/src/main/java/com/cpf/reference/edu/runtime/application/EduExecutionService.java;cpf-reference/src/main/java/com/cpf/reference/edu/runtime/consumer/EduBusinessConsumerRegistry.java;cpf-reference/src/test/java/com/cpf/reference/edu/runtime/EduFullReferenceTestRegistry.java;cpf-tools/scripts/tests/test_verify_cpf_reference_edu_runtime.py;cpf-tools/scripts/verify-cpf-reference-edu-runtime.py;cpf-member/build.gradle,cpf-reference/src/main/java/com/cpf/reference/edu/runtime/api/EduCapabilityController.java,cpf-reference/src/test/java/com/cpf/reference/edu/runtime/EduManual135SelfTestMain.java;cpf-reference/src/main/java/com/cpf/reference/edu/runtime/application/EduExecutionService.java;cpf-reference/src/main/java/com/cpf/reference/edu/runtime/consumer/EduBusinessConsumerRegistry.java;cpf-reference/src/test/java/com/cpf/reference/edu/runtime/EduFullReferenceTestRegistry.java,"Reference가 제품 Runtime과 동일한 error taxonomy, retry/unknown/recovery와 audit를 사용한다. || Local/Remote 또는 provider profile 차이를 동일 업무 계약으로 검증한다. → cpf-reference/src/main/java/com/cpf/reference/edu/runtime/api/EduCapabilityController.java;cpf-reference/src/test/java/com/cpf/reference/edu/runtime/EduManual135SelfTestMain.java;cpf-reference/src/main/java/com/cpf/reference/edu/runtime/application/EduExecutionService.java;cpf-reference/src/main/java/com/cpf/reference/edu/runtime/consumer/EduBusinessConsumerRegistry.java;cpf-reference/src/test/java/com/cpf/reference/edu/runtime/EduFullReferenceTestRegistry.java;cpf-tools/scripts/tests/test_verify_cpf_reference_edu_runtime.py;cpf-tools/scripts/verify-cpf-reference-edu-runtime.py;cpf-member/build.gradle → cpf-reference/src/test/java/com/cpf/reference/edu/runtime/EduManual135SelfTestMain.java;cpf-reference/src/main/java/com/cpf/reference/edu/runtime/application/EduExecutionService.java;cpf-reference/src/main/java/com/cpf/reference/edu/runtime/consumer/EduBusinessConsumerRegistry.java;cpf-reference/src/test/java/com/cpf/reference/edu/runtime/EduFullReferenceTestRegistry.java → GATE-01-OWNERSHIP;GATE-02-CONSUMER;GATE-05-DB-QUERY;GATE-07-MULTI-INSTANCE;GATE-08-UNKNOWN-RECOVERY;GATE-09-SECURITY;GATE-13-PERFORMANCE;GATE-15-GENERATOR;GATE-18-TEST-EVIDENCE;GATE-20-HYGIENE",Per-Work-Item source inventory plus all applicable Engineering Gate commands,"Reference가 제품 Runtime과 동일한 error taxonomy, retry/unknown/recovery와 audit를 사용한다. || Local/Remote 또는 provider profile 차이를 동일 업무 계약으로 검증한다.",DIRECT_STATIC_AND_ACCEPTANCE_ALTERNATIVE,python cpf-tools/scripts/verify-cpf-runtime-alternatives.py --root . --report <evidence>,0,Acceptance-specific source/consumer review; relevant gates=GATE-08-UNKNOWN-RECOVERY; states=완료. Direct or valid alternative evidence passed.,evidence/ATOMIC_WORK_ITEM_EVIDENCE.jsonl#CPF-WP-SAMPLE-EDU-02-FAILURE_PARITY,,완료,완료,미검수,false
CPF-V9-INITIAL-FULL-REVIEW-20260805-2020-REV-007-DEVGPT-V9-S06,CPF-WP-SAMPLE-EDU-03-REGENERATION_EVIDENCE,WORK_PACKAGE,SAMPLE-EDU,P2,REFERENCE_IMPLEMENTATION,REGENERATION_EVIDENCE,Sample·Golden 재생성 Evidence,cpf-reference / generated reference,cpf-reference,generated reference,DEVGPT-V9-S06,CPF-WP-SAMPLE-EDU-01-REFERENCE_RUNTIME,Generator 입력에서 Sample/Golden Domain을 재생성하고 normalized parity를 확인한다. || 사용자 영역과 교육 문서가 재생성 후 보존된다.,remove/regenerate CI profile과 golden diff를 사용한다.,remove/regenerate;user edit preserve;drift,GATE-01-OWNERSHIP;GATE-02-CONSUMER;GATE-05-DB-QUERY;GATE-07-MULTI-INSTANCE;GATE-09-SECURITY;GATE-13-PERFORMANCE;GATE-15-GENERATOR;GATE-18-TEST-EVIDENCE;GATE-20-HYGIENE,STD-CISA-SBD;STD-NIST-SSDF;STD-OWASP-ASVS,cpf-reference/src/main/java/com/cpf/reference/edu/runtime/api/EduCapabilityController.java;cpf-reference/src/test/java/com/cpf/reference/edu/runtime/EduManual135SelfTestMain.java;cpf-reference/src/main/java/com/cpf/reference/edu/runtime/application/EduExecutionService.java;cpf-reference/src/main/java/com/cpf/reference/edu/runtime/consumer/EduBusinessConsumerRegistry.java;cpf-reference/src/test/java/com/cpf/reference/edu/runtime/EduFullReferenceTestRegistry.java;cpf-tools/scripts/tests/test_verify_cpf_reference_edu_runtime.py;cpf-tools/scripts/verify-cpf-reference-edu-runtime.py;cpf-member/build.gradle,cpf-reference/src/main/java/com/cpf/reference/edu/runtime/api/EduCapabilityController.java,cpf-reference/src/test/java/com/cpf/reference/edu/runtime/EduManual135SelfTestMain.java;cpf-reference/src/main/java/com/cpf/reference/edu/runtime/application/EduExecutionService.java;cpf-reference/src/main/java/com/cpf/reference/edu/runtime/consumer/EduBusinessConsumerRegistry.java;cpf-reference/src/test/java/com/cpf/reference/edu/runtime/EduFullReferenceTestRegistry.java,Generator 입력에서 Sample/Golden Domain을 재생성하고 normalized parity를 확인한다. || 사용자 영역과 교육 문서가 재생성 후 보존된다. → cpf-reference/src/main/java/com/cpf/reference/edu/runtime/api/EduCapabilityController.java;cpf-reference/src/test/java/com/cpf/reference/edu/runtime/EduManual135SelfTestMain.java;cpf-reference/src/main/java/com/cpf/reference/edu/runtime/application/EduExecutionService.java;cpf-reference/src/main/java/com/cpf/reference/edu/runtime/consumer/EduBusinessConsumerRegistry.java;cpf-reference/src/test/java/com/cpf/reference/edu/runtime/EduFullReferenceTestRegistry.java;cpf-tools/scripts/tests/test_verify_cpf_reference_edu_runtime.py;cpf-tools/scripts/verify-cpf-reference-edu-runtime.py;cpf-member/build.gradle → cpf-reference/src/test/java/com/cpf/reference/edu/runtime/EduManual135SelfTestMain.java;cpf-reference/src/main/java/com/cpf/reference/edu/runtime/application/EduExecutionService.java;cpf-reference/src/main/java/com/cpf/reference/edu/runtime/consumer/EduBusinessConsumerRegistry.java;cpf-reference/src/test/java/com/cpf/reference/edu/runtime/EduFullReferenceTestRegistry.java → GATE-01-OWNERSHIP;GATE-02-CONSUMER;GATE-05-DB-QUERY;GATE-07-MULTI-INSTANCE;GATE-09-SECURITY;GATE-13-PERFORMANCE;GATE-15-GENERATOR;GATE-18-TEST-EVIDENCE;GATE-20-HYGIENE,Per-Work-Item source inventory plus all applicable Engineering Gate commands,Generator 입력에서 Sample/Golden Domain을 재생성하고 normalized parity를 확인한다. || 사용자 영역과 교육 문서가 재생성 후 보존된다.,DIRECT_STATIC_AND_ACCEPTANCE_ALTERNATIVE,python cpf-tools/scripts/verify-cpf-generator-idempotency-templates.py --repo-root .; python cpf-tools/scripts/verify-cpf-generator-lifecycle.py --repo-root .,0,Acceptance-specific source/consumer review; relevant gates=GATE-15-GENERATOR; states=완료. Direct or valid alternative evidence passed.,evidence/ATOMIC_WORK_ITEM_EVIDENCE.jsonl#CPF-WP-SAMPLE-EDU-03-REGENERATION_EVIDENCE,,완료,완료,미검수,false
CPF-V9-INITIAL-FULL-REVIEW-20260805-2020-REV-007-DEVGPT-V9-S06,CPF-WP-SAMPLE-MBR-01-REFERENCE_RUNTIME,WORK_PACKAGE,SAMPLE-MBR,P2,REFERENCE_IMPLEMENTATION,REFERENCE_RUNTIME,Reference 실제 Runtime,cpf-reference / generated reference,cpf-reference,generated reference,DEVGPT-V9-S06,,Sample/Reference가 제품 Public API와 Published Artifact를 실제 소비한다. || 별도 장난감 Contract나 Sample-only Engine을 만들지 않는다. || 정상·오류·권한·복구·운영 흐름을 실행 가능하게 제공한다.,작은 Golden scenario와 표준 Test Kit를 재사용한다.,normal;validation;authorization;failure;recovery,GATE-01-OWNERSHIP;GATE-02-CONSUMER;GATE-13-PERFORMANCE;GATE-15-GENERATOR;GATE-18-TEST-EVIDENCE;GATE-20-HYGIENE;GATE-21-TIME,STD-NIST-SSDF,cpf-reference/src/main/java/com/cpf/reference/edu/runtime/api/EduCapabilityController.java;cpf-reference/src/main/java/com/cpf/reference/edu/runtime/consumer/EduBusinessConsumerRegistry.java;cpf-reference/src/main/java/com/cpf/reference/edu/runtime/application/EduExecutionService.java;cpf-reference/src/test/java/com/cpf/reference/edu/runtime/EduManual135SelfTestMain.java;cpf-member/build.gradle;cpf-reference/src/test/java/com/cpf/reference/edu/runtime/EduFullReferenceTestRegistry.java;cpf-reference/build.gradle;cpf-admin/frontend/openapi/cpf-openapi.json,cpf-reference/src/main/java/com/cpf/reference/edu/runtime/api/EduCapabilityController.java,cpf-reference/src/main/java/com/cpf/reference/edu/runtime/consumer/EduBusinessConsumerRegistry.java;cpf-reference/src/main/java/com/cpf/reference/edu/runtime/application/EduExecutionService.java;cpf-reference/src/test/java/com/cpf/reference/edu/runtime/EduManual135SelfTestMain.java;cpf-reference/src/test/java/com/cpf/reference/edu/runtime/EduFullReferenceTestRegistry.java,Sample/Reference가 제품 Public API와 Published Artifact를 실제 소비한다. || 별도 장난감 Contract나 Sample-only Engine을 만들지 않는다. || 정상·오류·권한·복구·운영 흐름을 실행 가능하게 제공한다. → cpf-reference/src/main/java/com/cpf/reference/edu/runtime/api/EduCapabilityController.java;cpf-reference/src/main/java/com/cpf/reference/edu/runtime/consumer/EduBusinessConsumerRegistry.java;cpf-reference/src/main/java/com/cpf/reference/edu/runtime/application/EduExecutionService.java;cpf-reference/src/test/java/com/cpf/reference/edu/runtime/EduManual135SelfTestMain.java;cpf-member/build.gradle;cpf-reference/src/test/java/com/cpf/reference/edu/runtime/EduFullReferenceTestRegistry.java;cpf-reference/build.gradle;cpf-admin/frontend/openapi/cpf-openapi.json → cpf-reference/src/main/java/com/cpf/reference/edu/runtime/consumer/EduBusinessConsumerRegistry.java;cpf-reference/src/main/java/com/cpf/reference/edu/runtime/application/EduExecutionService.java;cpf-reference/src/test/java/com/cpf/reference/edu/runtime/EduManual135SelfTestMain.java;cpf-reference/src/test/java/com/cpf/reference/edu/runtime/EduFullReferenceTestRegistry.java → GATE-01-OWNERSHIP;GATE-02-CONSUMER;GATE-13-PERFORMANCE;GATE-15-GENERATOR;GATE-18-TEST-EVIDENCE;GATE-20-HYGIENE;GATE-21-TIME,Per-Work-Item source inventory plus all applicable Engineering Gate commands,Sample/Reference가 제품 Public API와 Published Artifact를 실제 소비한다. || 별도 장난감 Contract나 Sample-only Engine을 만들지 않는다. || 정상·오류·권한·복구·운영 흐름을 실행 가능하게 제공한다.,DIRECT_STATIC_AND_ACCEPTANCE_ALTERNATIVE,python cpf-tools/scripts/run-cpf-performance-contract.py --profile cpf-tools/performance/cpf-performance-profile.json; python cpf-tools/scripts/verify-cpf-runtime-alternatives.py --root . --report <evidence> || python cpf-tools/scripts/verify-cpf-generator-idempotency-templates.py --repo-root .; python cpf-tools/scripts/verify-cpf-generator-lifecycle.py --repo-root . || pytest -q <21 S06 verifier files>; ./gradlew test || python cpf-tools/scripts/verify-cpf-runtime-alternatives.py --root . --report <evidence>,0,Acceptance-specific source/consumer review; relevant gates=GATE-13-PERFORMANCE;GATE-15-GENERATOR;GATE-18-TEST-EVIDENCE;GATE-21-TIME; states=완료;완료;미검증;미검증. Authoritative environment evidence remains unavailable for at least one relevant gate.,evidence/ATOMIC_WORK_ITEM_EVIDENCE.jsonl#CPF-WP-SAMPLE-MBR-01-REFERENCE_RUNTIME,Acceptance-specific source/consumer review; relevant gates=GATE-13-PERFORMANCE;GATE-15-GENERATOR;GATE-18-TEST-EVIDENCE;GATE-21-TIME; states=완료;완료;미검증;미검증. Authoritative environment evidence remains unavailable for at least one relevant gate.,완료,미검증,미검수,false
CPF-V9-INITIAL-FULL-REVIEW-20260805-2020-REV-007-DEVGPT-V9-S06,CPF-WP-SAMPLE-MBR-02-FAILURE_PARITY,WORK_PACKAGE,SAMPLE-MBR,P2,REFERENCE_IMPLEMENTATION,FAILURE_PARITY,Reference 오류·복구 Parity,cpf-reference / generated reference,cpf-reference,generated reference,DEVGPT-V9-S06,CPF-WP-SAMPLE-MBR-01-REFERENCE_RUNTIME,"Reference가 제품 Runtime과 동일한 error taxonomy, retry/unknown/recovery와 audit를 사용한다. || Local/Remote 또는 provider profile 차이를 동일 업무 계약으로 검증한다.",fault profile과 documented operator workflow를 포함한다.,local/remote parity;dependency failure;unknown;manual recovery,GATE-01-OWNERSHIP;GATE-02-CONSUMER;GATE-08-UNKNOWN-RECOVERY;GATE-13-PERFORMANCE;GATE-15-GENERATOR;GATE-18-TEST-EVIDENCE;GATE-20-HYGIENE,STD-NIST-SSDF,cpf-reference/src/main/java/com/cpf/reference/edu/runtime/api/EduCapabilityController.java;cpf-reference/src/test/java/com/cpf/reference/edu/runtime/EduManual135SelfTestMain.java;cpf-reference/src/main/java/com/cpf/reference/edu/runtime/application/EduExecutionService.java;cpf-member/build.gradle;cpf-reference/src/main/java/com/cpf/reference/edu/runtime/consumer/EduBusinessConsumerRegistry.java;cpf-reference/src/test/java/com/cpf/reference/edu/runtime/EduFullReferenceTestRegistry.java;cpf-reference/build.gradle;cpf-tools/db/vendor/oracle/seed/00_optional_sample_seed.sql,cpf-reference/src/main/java/com/cpf/reference/edu/runtime/api/EduCapabilityController.java,cpf-reference/src/test/java/com/cpf/reference/edu/runtime/EduManual135SelfTestMain.java;cpf-reference/src/main/java/com/cpf/reference/edu/runtime/application/EduExecutionService.java;cpf-reference/src/main/java/com/cpf/reference/edu/runtime/consumer/EduBusinessConsumerRegistry.java;cpf-reference/src/test/java/com/cpf/reference/edu/runtime/EduFullReferenceTestRegistry.java,"Reference가 제품 Runtime과 동일한 error taxonomy, retry/unknown/recovery와 audit를 사용한다. || Local/Remote 또는 provider profile 차이를 동일 업무 계약으로 검증한다. → cpf-reference/src/main/java/com/cpf/reference/edu/runtime/api/EduCapabilityController.java;cpf-reference/src/test/java/com/cpf/reference/edu/runtime/EduManual135SelfTestMain.java;cpf-reference/src/main/java/com/cpf/reference/edu/runtime/application/EduExecutionService.java;cpf-member/build.gradle;cpf-reference/src/main/java/com/cpf/reference/edu/runtime/consumer/EduBusinessConsumerRegistry.java;cpf-reference/src/test/java/com/cpf/reference/edu/runtime/EduFullReferenceTestRegistry.java;cpf-reference/build.gradle;cpf-tools/db/vendor/oracle/seed/00_optional_sample_seed.sql → cpf-reference/src/test/java/com/cpf/reference/edu/runtime/EduManual135SelfTestMain.java;cpf-reference/src/main/java/com/cpf/reference/edu/runtime/application/EduExecutionService.java;cpf-reference/src/main/java/com/cpf/reference/edu/runtime/consumer/EduBusinessConsumerRegistry.java;cpf-reference/src/test/java/com/cpf/reference/edu/runtime/EduFullReferenceTestRegistry.java → GATE-01-OWNERSHIP;GATE-02-CONSUMER;GATE-08-UNKNOWN-RECOVERY;GATE-13-PERFORMANCE;GATE-15-GENERATOR;GATE-18-TEST-EVIDENCE;GATE-20-HYGIENE",Per-Work-Item source inventory plus all applicable Engineering Gate commands,"Reference가 제품 Runtime과 동일한 error taxonomy, retry/unknown/recovery와 audit를 사용한다. || Local/Remote 또는 provider profile 차이를 동일 업무 계약으로 검증한다.",DIRECT_STATIC_AND_ACCEPTANCE_ALTERNATIVE,python cpf-tools/scripts/verify-cpf-runtime-alternatives.py --root . --report <evidence>,0,Acceptance-specific source/consumer review; relevant gates=GATE-08-UNKNOWN-RECOVERY; states=완료. Direct or valid alternative evidence passed.,evidence/ATOMIC_WORK_ITEM_EVIDENCE.jsonl#CPF-WP-SAMPLE-MBR-02-FAILURE_PARITY,,완료,완료,미검수,false
CPF-V9-INITIAL-FULL-REVIEW-20260805-2020-REV-007-DEVGPT-V9-S06,CPF-WP-SAMPLE-MBR-03-REGENERATION_EVIDENCE,WORK_PACKAGE,SAMPLE-MBR,P2,REFERENCE_IMPLEMENTATION,REGENERATION_EVIDENCE,Sample·Golden 재생성 Evidence,cpf-reference / generated reference,cpf-reference,generated reference,DEVGPT-V9-S06,CPF-WP-SAMPLE-MBR-01-REFERENCE_RUNTIME,Generator 입력에서 Sample/Golden Domain을 재생성하고 normalized parity를 확인한다. || 사용자 영역과 교육 문서가 재생성 후 보존된다.,remove/regenerate CI profile과 golden diff를 사용한다.,remove/regenerate;user edit preserve;drift,GATE-01-OWNERSHIP;GATE-02-CONSUMER;GATE-13-PERFORMANCE;GATE-15-GENERATOR;GATE-18-TEST-EVIDENCE;GATE-20-HYGIENE,STD-NIST-SSDF,cpf-reference/src/main/java/com/cpf/reference/edu/runtime/api/EduCapabilityController.java;cpf-reference/src/test/java/com/cpf/reference/edu/runtime/EduManual135SelfTestMain.java;cpf-member/build.gradle;cpf-reference/src/main/java/com/cpf/reference/edu/runtime/application/EduExecutionService.java;cpf-reference/src/main/java/com/cpf/reference/edu/runtime/consumer/EduBusinessConsumerRegistry.java;cpf-reference/src/test/java/com/cpf/reference/edu/runtime/EduFullReferenceTestRegistry.java;cpf-reference/build.gradle;cpf-tools/db/vendor/oracle/seed/00_optional_sample_seed.sql,cpf-reference/src/main/java/com/cpf/reference/edu/runtime/api/EduCapabilityController.java,cpf-reference/src/test/java/com/cpf/reference/edu/runtime/EduManual135SelfTestMain.java;cpf-reference/src/main/java/com/cpf/reference/edu/runtime/application/EduExecutionService.java;cpf-reference/src/main/java/com/cpf/reference/edu/runtime/consumer/EduBusinessConsumerRegistry.java;cpf-reference/src/test/java/com/cpf/reference/edu/runtime/EduFullReferenceTestRegistry.java,Generator 입력에서 Sample/Golden Domain을 재생성하고 normalized parity를 확인한다. || 사용자 영역과 교육 문서가 재생성 후 보존된다. → cpf-reference/src/main/java/com/cpf/reference/edu/runtime/api/EduCapabilityController.java;cpf-reference/src/test/java/com/cpf/reference/edu/runtime/EduManual135SelfTestMain.java;cpf-member/build.gradle;cpf-reference/src/main/java/com/cpf/reference/edu/runtime/application/EduExecutionService.java;cpf-reference/src/main/java/com/cpf/reference/edu/runtime/consumer/EduBusinessConsumerRegistry.java;cpf-reference/src/test/java/com/cpf/reference/edu/runtime/EduFullReferenceTestRegistry.java;cpf-reference/build.gradle;cpf-tools/db/vendor/oracle/seed/00_optional_sample_seed.sql → cpf-reference/src/test/java/com/cpf/reference/edu/runtime/EduManual135SelfTestMain.java;cpf-reference/src/main/java/com/cpf/reference/edu/runtime/application/EduExecutionService.java;cpf-reference/src/main/java/com/cpf/reference/edu/runtime/consumer/EduBusinessConsumerRegistry.java;cpf-reference/src/test/java/com/cpf/reference/edu/runtime/EduFullReferenceTestRegistry.java → GATE-01-OWNERSHIP;GATE-02-CONSUMER;GATE-13-PERFORMANCE;GATE-15-GENERATOR;GATE-18-TEST-EVIDENCE;GATE-20-HYGIENE,Per-Work-Item source inventory plus all applicable Engineering Gate commands,Generator 입력에서 Sample/Golden Domain을 재생성하고 normalized parity를 확인한다. || 사용자 영역과 교육 문서가 재생성 후 보존된다.,DIRECT_STATIC_AND_ACCEPTANCE_ALTERNATIVE,python cpf-tools/scripts/verify-cpf-generator-idempotency-templates.py --repo-root .; python cpf-tools/scripts/verify-cpf-generator-lifecycle.py --repo-root .,0,Acceptance-specific source/consumer review; relevant gates=GATE-15-GENERATOR; states=완료. Direct or valid alternative evidence passed.,evidence/ATOMIC_WORK_ITEM_EVIDENCE.jsonl#CPF-WP-SAMPLE-MBR-03-REGENERATION_EVIDENCE,,완료,완료,미검수,false
CPF-V9-INITIAL-FULL-REVIEW-20260805-2020-REV-007-DEVGPT-V9-S06,CPF-WP-SAMPLE-REF-01-REFERENCE_RUNTIME,WORK_PACKAGE,SAMPLE-REF,P2,REFERENCE_IMPLEMENTATION,REFERENCE_RUNTIME,Reference 실제 Runtime,cpf-reference / generated reference,cpf-reference,generated reference,DEVGPT-V9-S06,,Sample/Reference가 제품 Public API와 Published Artifact를 실제 소비한다. || 별도 장난감 Contract나 Sample-only Engine을 만들지 않는다. || 정상·오류·권한·복구·운영 흐름을 실행 가능하게 제공한다.,작은 Golden scenario와 표준 Test Kit를 재사용한다.,normal;validation;authorization;failure;recovery,GATE-01-OWNERSHIP;GATE-02-CONSUMER;GATE-13-PERFORMANCE;GATE-15-GENERATOR;GATE-18-TEST-EVIDENCE;GATE-20-HYGIENE;GATE-21-TIME,STD-NIST-SSDF,cpf-reference/src/main/java/com/cpf/reference/edu/runtime/api/EduCapabilityController.java;cpf-reference/src/main/java/com/cpf/reference/edu/runtime/consumer/EduBusinessConsumerRegistry.java;cpf-reference/src/main/java/com/cpf/reference/edu/runtime/application/EduExecutionService.java;cpf-reference/src/test/java/com/cpf/reference/edu/runtime/EduManual135SelfTestMain.java;cpf-reference/src/test/java/com/cpf/reference/edu/runtime/EduFullReferenceTestRegistry.java;cpf-reference/build.gradle;cpf-tools/scripts/verify-cpf-reference-edu-runtime.py;cpf-tools/scripts/tests/test_verify_cpf_reference_edu_runtime.py,cpf-reference/src/main/java/com/cpf/reference/edu/runtime/api/EduCapabilityController.java,cpf-reference/src/main/java/com/cpf/reference/edu/runtime/consumer/EduBusinessConsumerRegistry.java;cpf-reference/src/main/java/com/cpf/reference/edu/runtime/application/EduExecutionService.java;cpf-reference/src/test/java/com/cpf/reference/edu/runtime/EduManual135SelfTestMain.java;cpf-reference/src/test/java/com/cpf/reference/edu/runtime/EduFullReferenceTestRegistry.java,Sample/Reference가 제품 Public API와 Published Artifact를 실제 소비한다. || 별도 장난감 Contract나 Sample-only Engine을 만들지 않는다. || 정상·오류·권한·복구·운영 흐름을 실행 가능하게 제공한다. → cpf-reference/src/main/java/com/cpf/reference/edu/runtime/api/EduCapabilityController.java;cpf-reference/src/main/java/com/cpf/reference/edu/runtime/consumer/EduBusinessConsumerRegistry.java;cpf-reference/src/main/java/com/cpf/reference/edu/runtime/application/EduExecutionService.java;cpf-reference/src/test/java/com/cpf/reference/edu/runtime/EduManual135SelfTestMain.java;cpf-reference/src/test/java/com/cpf/reference/edu/runtime/EduFullReferenceTestRegistry.java;cpf-reference/build.gradle;cpf-tools/scripts/verify-cpf-reference-edu-runtime.py;cpf-tools/scripts/tests/test_verify_cpf_reference_edu_runtime.py → cpf-reference/src/main/java/com/cpf/reference/edu/runtime/consumer/EduBusinessConsumerRegistry.java;cpf-reference/src/main/java/com/cpf/reference/edu/runtime/application/EduExecutionService.java;cpf-reference/src/test/java/com/cpf/reference/edu/runtime/EduManual135SelfTestMain.java;cpf-reference/src/test/java/com/cpf/reference/edu/runtime/EduFullReferenceTestRegistry.java → GATE-01-OWNERSHIP;GATE-02-CONSUMER;GATE-13-PERFORMANCE;GATE-15-GENERATOR;GATE-18-TEST-EVIDENCE;GATE-20-HYGIENE;GATE-21-TIME,Per-Work-Item source inventory plus all applicable Engineering Gate commands,Sample/Reference가 제품 Public API와 Published Artifact를 실제 소비한다. || 별도 장난감 Contract나 Sample-only Engine을 만들지 않는다. || 정상·오류·권한·복구·운영 흐름을 실행 가능하게 제공한다.,DIRECT_STATIC_AND_ACCEPTANCE_ALTERNATIVE,python cpf-tools/scripts/run-cpf-performance-contract.py --profile cpf-tools/performance/cpf-performance-profile.json; python cpf-tools/scripts/verify-cpf-runtime-alternatives.py --root . --report <evidence> || python cpf-tools/scripts/verify-cpf-generator-idempotency-templates.py --repo-root .; python cpf-tools/scripts/verify-cpf-generator-lifecycle.py --repo-root . || pytest -q <21 S06 verifier files>; ./gradlew test || python cpf-tools/scripts/verify-cpf-runtime-alternatives.py --root . --report <evidence>,0,Acceptance-specific source/consumer review; relevant gates=GATE-13-PERFORMANCE;GATE-15-GENERATOR;GATE-18-TEST-EVIDENCE;GATE-21-TIME; states=완료;완료;미검증;미검증. Authoritative environment evidence remains unavailable for at least one relevant gate.,evidence/ATOMIC_WORK_ITEM_EVIDENCE.jsonl#CPF-WP-SAMPLE-REF-01-REFERENCE_RUNTIME,Acceptance-specific source/consumer review; relevant gates=GATE-13-PERFORMANCE;GATE-15-GENERATOR;GATE-18-TEST-EVIDENCE;GATE-21-TIME; states=완료;완료;미검증;미검증. Authoritative environment evidence remains unavailable for at least one relevant gate.,완료,미검증,미검수,false
CPF-V9-INITIAL-FULL-REVIEW-20260805-2020-REV-007-DEVGPT-V9-S06,CPF-WP-SAMPLE-REF-02-FAILURE_PARITY,WORK_PACKAGE,SAMPLE-REF,P2,REFERENCE_IMPLEMENTATION,FAILURE_PARITY,Reference 오류·복구 Parity,cpf-reference / generated reference,cpf-reference,generated reference,DEVGPT-V9-S06,CPF-WP-SAMPLE-REF-01-REFERENCE_RUNTIME,"Reference가 제품 Runtime과 동일한 error taxonomy, retry/unknown/recovery와 audit를 사용한다. || Local/Remote 또는 provider profile 차이를 동일 업무 계약으로 검증한다.",fault profile과 documented operator workflow를 포함한다.,local/remote parity;dependency failure;unknown;manual recovery,GATE-01-OWNERSHIP;GATE-02-CONSUMER;GATE-08-UNKNOWN-RECOVERY;GATE-13-PERFORMANCE;GATE-15-GENERATOR;GATE-18-TEST-EVIDENCE;GATE-20-HYGIENE;GATE-21-TIME,STD-NIST-SSDF,cpf-reference/src/main/java/com/cpf/reference/edu/runtime/api/EduCapabilityController.java;cpf-reference/src/test/java/com/cpf/reference/edu/runtime/EduManual135SelfTestMain.java;cpf-reference/src/main/java/com/cpf/reference/edu/runtime/application/EduExecutionService.java;cpf-reference/src/main/java/com/cpf/reference/edu/runtime/consumer/EduBusinessConsumerRegistry.java;cpf-reference/src/test/java/com/cpf/reference/edu/runtime/EduFullReferenceTestRegistry.java;cpf-reference/build.gradle;cpf-tools/scripts/tests/test_verify_cpf_reference_edu_runtime.py;cpf-tools/scripts/verify-cpf-reference-edu-runtime.py,cpf-reference/src/main/java/com/cpf/reference/edu/runtime/api/EduCapabilityController.java,cpf-reference/src/test/java/com/cpf/reference/edu/runtime/EduManual135SelfTestMain.java;cpf-reference/src/main/java/com/cpf/reference/edu/runtime/application/EduExecutionService.java;cpf-reference/src/main/java/com/cpf/reference/edu/runtime/consumer/EduBusinessConsumerRegistry.java;cpf-reference/src/test/java/com/cpf/reference/edu/runtime/EduFullReferenceTestRegistry.java,"Reference가 제품 Runtime과 동일한 error taxonomy, retry/unknown/recovery와 audit를 사용한다. || Local/Remote 또는 provider profile 차이를 동일 업무 계약으로 검증한다. → cpf-reference/src/main/java/com/cpf/reference/edu/runtime/api/EduCapabilityController.java;cpf-reference/src/test/java/com/cpf/reference/edu/runtime/EduManual135SelfTestMain.java;cpf-reference/src/main/java/com/cpf/reference/edu/runtime/application/EduExecutionService.java;cpf-reference/src/main/java/com/cpf/reference/edu/runtime/consumer/EduBusinessConsumerRegistry.java;cpf-reference/src/test/java/com/cpf/reference/edu/runtime/EduFullReferenceTestRegistry.java;cpf-reference/build.gradle;cpf-tools/scripts/tests/test_verify_cpf_reference_edu_runtime.py;cpf-tools/scripts/verify-cpf-reference-edu-runtime.py → cpf-reference/src/test/java/com/cpf/reference/edu/runtime/EduManual135SelfTestMain.java;cpf-reference/src/main/java/com/cpf/reference/edu/runtime/application/EduExecutionService.java;cpf-reference/src/main/java/com/cpf/reference/edu/runtime/consumer/EduBusinessConsumerRegistry.java;cpf-reference/src/test/java/com/cpf/reference/edu/runtime/EduFullReferenceTestRegistry.java → GATE-01-OWNERSHIP;GATE-02-CONSUMER;GATE-08-UNKNOWN-RECOVERY;GATE-13-PERFORMANCE;GATE-15-GENERATOR;GATE-18-TEST-EVIDENCE;GATE-20-HYGIENE;GATE-21-TIME",Per-Work-Item source inventory plus all applicable Engineering Gate commands,"Reference가 제품 Runtime과 동일한 error taxonomy, retry/unknown/recovery와 audit를 사용한다. || Local/Remote 또는 provider profile 차이를 동일 업무 계약으로 검증한다.",DIRECT_STATIC_AND_ACCEPTANCE_ALTERNATIVE,python cpf-tools/scripts/verify-cpf-runtime-alternatives.py --root . --report <evidence>,0,Acceptance-specific source/consumer review; relevant gates=GATE-08-UNKNOWN-RECOVERY; states=완료. Direct or valid alternative evidence passed.,evidence/ATOMIC_WORK_ITEM_EVIDENCE.jsonl#CPF-WP-SAMPLE-REF-02-FAILURE_PARITY,,완료,완료,미검수,false
CPF-V9-INITIAL-FULL-REVIEW-20260805-2020-REV-007-DEVGPT-V9-S06,CPF-WP-SAMPLE-REF-03-REGENERATION_EVIDENCE,WORK_PACKAGE,SAMPLE-REF,P2,REFERENCE_IMPLEMENTATION,REGENERATION_EVIDENCE,Sample·Golden 재생성 Evidence,cpf-reference / generated reference,cpf-reference,generated reference,DEVGPT-V9-S06,CPF-WP-SAMPLE-REF-01-REFERENCE_RUNTIME,Generator 입력에서 Sample/Golden Domain을 재생성하고 normalized parity를 확인한다. || 사용자 영역과 교육 문서가 재생성 후 보존된다.,remove/regenerate CI profile과 golden diff를 사용한다.,remove/regenerate;user edit preserve;drift,GATE-01-OWNERSHIP;GATE-02-CONSUMER;GATE-13-PERFORMANCE;GATE-15-GENERATOR;GATE-18-TEST-EVIDENCE;GATE-20-HYGIENE;GATE-21-TIME,STD-NIST-SSDF,cpf-reference/src/main/java/com/cpf/reference/edu/runtime/api/EduCapabilityController.java;cpf-reference/src/test/java/com/cpf/reference/edu/runtime/EduManual135SelfTestMain.java;cpf-reference/src/main/java/com/cpf/reference/edu/runtime/application/EduExecutionService.java;cpf-reference/src/main/java/com/cpf/reference/edu/runtime/consumer/EduBusinessConsumerRegistry.java;cpf-reference/src/test/java/com/cpf/reference/edu/runtime/EduFullReferenceTestRegistry.java;cpf-reference/build.gradle;cpf-tools/scripts/tests/test_verify_cpf_reference_edu_runtime.py;cpf-tools/scripts/verify-cpf-reference-edu-runtime.py,cpf-reference/src/main/java/com/cpf/reference/edu/runtime/api/EduCapabilityController.java,cpf-reference/src/test/java/com/cpf/reference/edu/runtime/EduManual135SelfTestMain.java;cpf-reference/src/main/java/com/cpf/reference/edu/runtime/application/EduExecutionService.java;cpf-reference/src/main/java/com/cpf/reference/edu/runtime/consumer/EduBusinessConsumerRegistry.java;cpf-reference/src/test/java/com/cpf/reference/edu/runtime/EduFullReferenceTestRegistry.java,Generator 입력에서 Sample/Golden Domain을 재생성하고 normalized parity를 확인한다. || 사용자 영역과 교육 문서가 재생성 후 보존된다. → cpf-reference/src/main/java/com/cpf/reference/edu/runtime/api/EduCapabilityController.java;cpf-reference/src/test/java/com/cpf/reference/edu/runtime/EduManual135SelfTestMain.java;cpf-reference/src/main/java/com/cpf/reference/edu/runtime/application/EduExecutionService.java;cpf-reference/src/main/java/com/cpf/reference/edu/runtime/consumer/EduBusinessConsumerRegistry.java;cpf-reference/src/test/java/com/cpf/reference/edu/runtime/EduFullReferenceTestRegistry.java;cpf-reference/build.gradle;cpf-tools/scripts/tests/test_verify_cpf_reference_edu_runtime.py;cpf-tools/scripts/verify-cpf-reference-edu-runtime.py → cpf-reference/src/test/java/com/cpf/reference/edu/runtime/EduManual135SelfTestMain.java;cpf-reference/src/main/java/com/cpf/reference/edu/runtime/application/EduExecutionService.java;cpf-reference/src/main/java/com/cpf/reference/edu/runtime/consumer/EduBusinessConsumerRegistry.java;cpf-reference/src/test/java/com/cpf/reference/edu/runtime/EduFullReferenceTestRegistry.java → GATE-01-OWNERSHIP;GATE-02-CONSUMER;GATE-13-PERFORMANCE;GATE-15-GENERATOR;GATE-18-TEST-EVIDENCE;GATE-20-HYGIENE;GATE-21-TIME,Per-Work-Item source inventory plus all applicable Engineering Gate commands,Generator 입력에서 Sample/Golden Domain을 재생성하고 normalized parity를 확인한다. || 사용자 영역과 교육 문서가 재생성 후 보존된다.,DIRECT_STATIC_AND_ACCEPTANCE_ALTERNATIVE,python cpf-tools/scripts/verify-cpf-generator-idempotency-templates.py --repo-root .; python cpf-tools/scripts/verify-cpf-generator-lifecycle.py --repo-root .,0,Acceptance-specific source/consumer review; relevant gates=GATE-15-GENERATOR; states=완료. Direct or valid alternative evidence passed.,evidence/ATOMIC_WORK_ITEM_EVIDENCE.jsonl#CPF-WP-SAMPLE-REF-03-REGENERATION_EVIDENCE,,완료,완료,미검수,false
CPF-V9-INITIAL-FULL-REVIEW-20260805-2020-REV-007-DEVGPT-V9-S06,GAP-DESIGN-SYSTEM,REQUIREMENT_GAP,ADM-UX;CMN-MSG,P2,REQUIREMENT_GAP,MERGE_STRENGTHEN,ADM/BZA Design System·I18N,shared frontend design system,shared frontend design system,,DEVGPT-V9-S06,,개발GPT 수행 또는 자체검수가 완료되지 않아 현재 개발 요청에 포함,,,,,shared frontend design system / ,shared frontend design system / ,N/A — baseline/gap entity is judged by the named product owner and linked gate evidence.,GAP-DESIGN-SYSTEM acceptance → owner shared frontend design system → linked evidence → integration/runtime decision,Acceptance-by-acceptance baseline/gap review against exact-SHA source and named evidence,"[GAP-DESIGN-SYSTEM] ADM/BZA Design System·I18N: actual_source·actual_consumer·full_call_path가 해당 Acceptance와 일치하고, 명령 `python cpf-tools/scripts/build-cpf-work-package-source-review.py --repo-root .`의 Exit Code·실제 결과가 development_status=미완료, verification_status=미검증 판정을 뒷받침해야 한다. 실패·미검증 또는 이관/환경 Gap(Shared ADM/BZA design-system and i18n acceptance not fully evidenced.)이 남으면 완료로 승격하지 않는다.",DIRECT_AND_ALTERNATIVE_REVIEW,python cpf-tools/scripts/build-cpf-work-package-source-review.py --repo-root .,0,Shared ADM/BZA design-system and i18n acceptance not fully evidenced.,evidence/ATOMIC_WORK_ITEM_EVIDENCE.jsonl#GAP-DESIGN-SYSTEM,Shared ADM/BZA design-system and i18n acceptance not fully evidenced.,미완료,미검증,미검수,false
