/mnt/data/cpf_s03_work/overlay/cpf-core/src/main/java/com/cpf/core/common/broker/CpfBrokerOutboxPort.java:7: error: cannot find symbol
    CpfBrokerResult saveOutbox(CpfBrokerEnvelope envelope);
                               ^
  symbol:   class CpfBrokerEnvelope
  location: interface CpfBrokerOutboxPort
/mnt/data/cpf_s03_work/overlay/cpf-core/src/main/java/com/cpf/core/common/broker/CpfBrokerOutboxPort.java:7: error: cannot find symbol
    CpfBrokerResult saveOutbox(CpfBrokerEnvelope envelope);
    ^
  symbol:   class CpfBrokerResult
  location: interface CpfBrokerOutboxPort
/mnt/data/cpf_s03_work/overlay/cpf-core/src/main/java/com/cpf/core/common/broker/CpfBrokerOutboxPort.java:8: error: cannot find symbol
    List<CpfBrokerEnvelope> claimPending(String workerId, int limit);
         ^
  symbol:   class CpfBrokerEnvelope
  location: interface CpfBrokerOutboxPort
/mnt/data/cpf_s03_work/overlay/cpf-core/src/main/java/com/cpf/core/common/broker/CpfBrokerOutboxPort.java:11: error: cannot find symbol
    void markPublished(String messageId, CpfBrokerResult result);
                                         ^
  symbol:   class CpfBrokerResult
  location: interface CpfBrokerOutboxPort
/mnt/data/cpf_s03_work/overlay/cpf-core/src/main/java/com/cpf/core/common/broker/CpfBrokerOutboxPort.java:22: error: cannot find symbol
    default void markPublished(String workerId, String messageId, CpfBrokerResult result) {
                                                                  ^
  symbol:   class CpfBrokerResult
  location: interface CpfBrokerOutboxPort
/mnt/data/cpf_s03_work/overlay/cpf-core/src/main/java/com/cpf/core/common/broker/CpfBrokerUnknownResultPort.java:8: error: cannot find symbol
    void markUnknown(String messageId, CpfBrokerResult result, Instant nextReconcileAt);
                                       ^
  symbol:   class CpfBrokerResult
  location: interface CpfBrokerUnknownResultPort
/mnt/data/cpf_s03_work/overlay/cpf-core/src/main/java/com/cpf/core/common/broker/CpfBrokerUnknownResultPort.java:9: error: cannot find symbol
    List<CpfBrokerEnvelope> claimUnknown(String workerId, int limit);
         ^
  symbol:   class CpfBrokerEnvelope
  location: interface CpfBrokerUnknownResultPort
/mnt/data/cpf_s03_work/overlay/cpf-core/src/main/java/com/cpf/core/common/broker/CpfBrokerUnknownResultPort.java:20: error: cannot find symbol
    default void markUnknown(String workerId, String messageId, CpfBrokerResult result, Instant nextReconcileAt) {
                                                                ^
  symbol:   class CpfBrokerResult
  location: interface CpfBrokerUnknownResultPort
/mnt/data/cpf_s03_work/overlay/cpf-gateway/src/main/java/com/cpf/gateway/internal/resilience/CpfGatewayResilientInvoker.java:3: error: package com.cpf.core.api.resilience does not exist
import com.cpf.core.api.resilience.CpfResilienceCallContext;
                                  ^
/mnt/data/cpf_s03_work/overlay/cpf-gateway/src/main/java/com/cpf/gateway/internal/resilience/CpfGatewayResilientInvoker.java:4: error: package com.cpf.core.api.resilience.CpfResilienceCallContext does not exist
import com.cpf.core.api.resilience.CpfResilienceCallContext.OperationKind;
                                                           ^
/mnt/data/cpf_s03_work/overlay/cpf-gateway/src/main/java/com/cpf/gateway/internal/resilience/CpfGatewayResilientInvoker.java:5: error: package com.cpf.core.api.resilience does not exist
import com.cpf.core.api.resilience.CpfResilienceExecutor;
                                  ^
/mnt/data/cpf_s03_work/overlay/cpf-gateway/src/main/java/com/cpf/gateway/internal/resilience/CpfGatewayResilientInvoker.java:6: error: package com.cpf.core.api.resilience does not exist
import com.cpf.core.api.resilience.CpfResilienceOutcome;
                                  ^
/mnt/data/cpf_s03_work/overlay/cpf-gateway/src/main/java/com/cpf/gateway/internal/resilience/CpfGatewayResilientInvoker.java:15: error: cannot find symbol
    private final CpfResilienceExecutor executor;
                  ^
  symbol:   class CpfResilienceExecutor
  location: class CpfGatewayResilientInvoker
/mnt/data/cpf_s03_work/overlay/cpf-gateway/src/main/java/com/cpf/gateway/internal/resilience/CpfGatewayResilientInvoker.java:18: error: cannot find symbol
    public CpfGatewayResilientInvoker(CpfResilienceExecutor executor) {
                                      ^
  symbol:   class CpfResilienceExecutor
  location: class CpfGatewayResilientInvoker
/mnt/data/cpf_s03_work/overlay/cpf-gateway/src/main/java/com/cpf/gateway/internal/resilience/CpfGatewayResilientInvoker.java:22: error: cannot find symbol
    CpfGatewayResilientInvoker(CpfResilienceExecutor executor, Clock clock) {
                               ^
  symbol:   class CpfResilienceExecutor
  location: class CpfGatewayResilientInvoker
/mnt/data/cpf_s03_work/overlay/cpf-gateway/src/main/java/com/cpf/gateway/internal/resilience/CpfGatewayResilientInvoker.java:31: error: cannot find symbol
    public <T> CpfResilienceOutcome<T> invoke(
               ^
  symbol:   class CpfResilienceOutcome
  location: class CpfGatewayResilientInvoker
/mnt/data/cpf_s03_work/overlay/cpf-gateway/src/main/java/com/cpf/gateway/internal/resilience/CpfGatewayResilientInvoker.java:40: error: cannot find symbol
    public <T> CpfResilienceOutcome<T> invokeRead(
               ^
  symbol:   class CpfResilienceOutcome
  location: class CpfGatewayResilientInvoker
/mnt/data/cpf_s03_work/overlay/cpf-gateway/src/main/java/com/cpf/gateway/internal/resilience/CpfGatewayResilientInvoker.java:45: error: cannot find symbol
    public <T> CpfResilienceOutcome<T> invokeWrite(
               ^
  symbol:   class CpfResilienceOutcome
  location: class CpfGatewayResilientInvoker
/mnt/data/cpf_s03_work/overlay/cpf-gateway/src/main/java/com/cpf/gateway/internal/resilience/CpfGatewayResilientInvoker.java:63: error: cannot find symbol
            OperationKind operationKind,
            ^
  symbol:   class OperationKind
  location: class CpfGatewayResilientInvoker
/mnt/data/cpf_s03_work/overlay/cpf-gateway/src/main/java/com/cpf/gateway/internal/resilience/CpfGatewayResilientInvoker.java:59: error: cannot find symbol
    public <T> CpfResilienceOutcome<T> invoke(
               ^
  symbol:   class CpfResilienceOutcome
  location: class CpfGatewayResilientInvoker
/mnt/data/cpf_s03_work/overlay/cpf-gateway/src/test/java/com/cpf/gateway/internal/resilience/CpfGatewayResilientInvokerTest.java:3: error: package org.assertj.core.api does not exist
import static org.assertj.core.api.Assertions.assertThat;
                                  ^
/mnt/data/cpf_s03_work/overlay/cpf-gateway/src/test/java/com/cpf/gateway/internal/resilience/CpfGatewayResilientInvokerTest.java:3: error: static import only from classes and interfaces
import static org.assertj.core.api.Assertions.assertThat;
^
/mnt/data/cpf_s03_work/overlay/cpf-gateway/src/test/java/com/cpf/gateway/internal/resilience/CpfGatewayResilientInvokerTest.java:4: error: package org.assertj.core.api does not exist
import static org.assertj.core.api.Assertions.assertThatThrownBy;
                                  ^
/mnt/data/cpf_s03_work/overlay/cpf-gateway/src/test/java/com/cpf/gateway/internal/resilience/CpfGatewayResilientInvokerTest.java:4: error: static import only from classes and interfaces
import static org.assertj.core.api.Assertions.assertThatThrownBy;
^
/mnt/data/cpf_s03_work/overlay/cpf-gateway/src/test/java/com/cpf/gateway/internal/resilience/CpfGatewayResilientInvokerTest.java:6: error: package com.cpf.core.api.resilience does not exist
import com.cpf.core.api.resilience.CpfResilienceCallContext;
                                  ^
/mnt/data/cpf_s03_work/overlay/cpf-gateway/src/test/java/com/cpf/gateway/internal/resilience/CpfGatewayResilientInvokerTest.java:7: error: package com.cpf.core.api.resilience does not exist
import com.cpf.core.api.resilience.CpfResilienceExecutor;
                                  ^
/mnt/data/cpf_s03_work/overlay/cpf-gateway/src/test/java/com/cpf/gateway/internal/resilience/CpfGatewayResilientInvokerTest.java:8: error: package com.cpf.core.api.resilience does not exist
import com.cpf.core.api.resilience.CpfResilienceOutcome;
                                  ^
/mnt/data/cpf_s03_work/overlay/cpf-gateway/src/test/java/com/cpf/gateway/internal/resilience/CpfGatewayResilientInvokerTest.java:13: error: package org.junit.jupiter.api does not exist
import org.junit.jupiter.api.Test;
                            ^
/mnt/data/cpf_s03_work/overlay/cpf-gateway/src/test/java/com/cpf/gateway/internal/resilience/CpfGatewayResilientInvokerTest.java:65: error: cannot find symbol
    private static final class RecordingExecutor implements CpfResilienceExecutor {
                                                            ^
  symbol:   class CpfResilienceExecutor
  location: class CpfGatewayResilientInvokerTest
/mnt/data/cpf_s03_work/overlay/cpf-gateway/src/test/java/com/cpf/gateway/internal/resilience/CpfGatewayResilientInvokerTest.java:66: error: cannot find symbol
        private CpfResilienceCallContext context;
                ^
  symbol:   class CpfResilienceCallContext
  location: class RecordingExecutor
/mnt/data/cpf_s03_work/overlay/cpf-gateway/src/test/java/com/cpf/gateway/internal/resilience/CpfGatewayResilientInvokerTest.java:71: error: cannot find symbol
                CpfResilienceCallContext context, Supplier<T> action) {
                ^
  symbol:   class CpfResilienceCallContext
  location: class RecordingExecutor
/mnt/data/cpf_s03_work/overlay/cpf-gateway/src/test/java/com/cpf/gateway/internal/resilience/CpfGatewayResilientInvokerTest.java:70: error: cannot find symbol
        public <T> CpfResilienceOutcome<T> execute(
                   ^
  symbol:   class CpfResilienceOutcome
  location: class RecordingExecutor
/mnt/data/cpf_s03_work/overlay/cpf-gateway/src/test/java/com/cpf/gateway/internal/resilience/CpfGatewayResilientInvokerTest.java:80: error: cannot find symbol
                CpfResilienceCallContext context, Supplier<T> probe) {
                ^
  symbol:   class CpfResilienceCallContext
  location: class RecordingExecutor
/mnt/data/cpf_s03_work/overlay/cpf-gateway/src/test/java/com/cpf/gateway/internal/resilience/CpfGatewayResilientInvokerTest.java:79: error: cannot find symbol
        public <T> CpfResilienceOutcome<T> reconcile(
                   ^
  symbol:   class CpfResilienceOutcome
  location: class RecordingExecutor
/mnt/data/cpf_s03_work/overlay/cpf-starters/file/sftp/src/main/java/com/cpf/starter/sftp/CpfSftpClient.java:3: error: package com.cpf.core.api.security.secret does not exist
import com.cpf.core.api.security.secret.CpfSecretReference;
                                       ^
/mnt/data/cpf_s03_work/overlay/cpf-starters/file/sftp/src/main/java/com/cpf/starter/sftp/CpfSftpClient.java:4: error: package com.cpf.core.api.security.secret does not exist
import com.cpf.core.api.security.secret.CpfSecretValue;
                                       ^
/mnt/data/cpf_s03_work/overlay/cpf-starters/file/sftp/src/main/java/com/cpf/starter/sftp/CpfSftpClient.java:5: error: package com.cpf.starter.secret does not exist
import com.cpf.starter.secret.CpfSecretProviderRegistry;
                             ^
/mnt/data/cpf_s03_work/overlay/cpf-starters/file/sftp/src/main/java/com/cpf/starter/sftp/CpfSftpClient.java:26: error: package org.apache.sshd.client does not exist
import org.apache.sshd.client.SshClient;
                             ^
/mnt/data/cpf_s03_work/overlay/cpf-starters/file/sftp/src/main/java/com/cpf/starter/sftp/CpfSftpClient.java:27: error: package org.apache.sshd.client.keyverifier does not exist
import org.apache.sshd.client.keyverifier.ServerKeyVerifier;
                                         ^
/mnt/data/cpf_s03_work/overlay/cpf-starters/file/sftp/src/main/java/com/cpf/starter/sftp/CpfSftpClient.java:28: error: package org.apache.sshd.client.session does not exist
import org.apache.sshd.client.session.ClientSession;
                                     ^
/mnt/data/cpf_s03_work/overlay/cpf-starters/file/sftp/src/main/java/com/cpf/starter/sftp/CpfSftpClient.java:29: error: package org.apache.sshd.sftp.client does not exist
import org.apache.sshd.sftp.client.SftpClient;
                                  ^
/mnt/data/cpf_s03_work/overlay/cpf-starters/file/sftp/src/main/java/com/cpf/starter/sftp/CpfSftpClient.java:30: error: package org.apache.sshd.sftp.client does not exist
import org.apache.sshd.sftp.client.SftpClientFactory;
                                  ^
/mnt/data/cpf_s03_work/overlay/cpf-starters/file/sftp/src/main/java/com/cpf/starter/sftp/CpfSftpClient.java:37: error: cannot find symbol
    private final CpfSftpProperties properties;
                  ^
  symbol:   class CpfSftpProperties
  location: class CpfSftpClient
/mnt/data/cpf_s03_work/overlay/cpf-starters/file/sftp/src/main/java/com/cpf/starter/sftp/CpfSftpClient.java:38: error: cannot find symbol
    private final JdbcCpfSftpTransferLedger ledger;
                  ^
  symbol:   class JdbcCpfSftpTransferLedger
  location: class CpfSftpClient
/mnt/data/cpf_s03_work/overlay/cpf-starters/file/sftp/src/main/java/com/cpf/starter/sftp/CpfSftpClient.java:39: error: cannot find symbol
    private final CpfSecretProviderRegistry secrets;
                  ^
  symbol:   class CpfSecretProviderRegistry
  location: class CpfSftpClient
/mnt/data/cpf_s03_work/overlay/cpf-starters/file/sftp/src/main/java/com/cpf/starter/sftp/CpfSftpClient.java:40: error: cannot find symbol
    private final SshClient sshClient;
                  ^
  symbol:   class SshClient
  location: class CpfSftpClient
/mnt/data/cpf_s03_work/overlay/cpf-starters/file/sftp/src/main/java/com/cpf/starter/sftp/CpfSftpClient.java:41: error: cannot find symbol
    private final CpfSftpPathPolicy paths;
                  ^
  symbol:   class CpfSftpPathPolicy
  location: class CpfSftpClient
/mnt/data/cpf_s03_work/overlay/cpf-starters/file/sftp/src/main/java/com/cpf/starter/sftp/CpfSftpClient.java:46: error: cannot find symbol
            CpfSftpProperties properties,
            ^
  symbol:   class CpfSftpProperties
  location: class CpfSftpClient
/mnt/data/cpf_s03_work/overlay/cpf-starters/file/sftp/src/main/java/com/cpf/starter/sftp/CpfSftpClient.java:47: error: cannot find symbol
            ServerKeyVerifier verifier,
            ^
  symbol:   class ServerKeyVerifier
  location: class CpfSftpClient
/mnt/data/cpf_s03_work/overlay/cpf-starters/file/sftp/src/main/java/com/cpf/starter/sftp/CpfSftpClient.java:48: error: cannot find symbol
            JdbcCpfSftpTransferLedger ledger,
            ^
  symbol:   class JdbcCpfSftpTransferLedger
  location: class CpfSftpClient
/mnt/data/cpf_s03_work/overlay/cpf-starters/file/sftp/src/main/java/com/cpf/starter/sftp/CpfSftpClient.java:49: error: cannot find symbol
            CpfSecretProviderRegistry secrets) {
            ^
  symbol:   class CpfSecretProviderRegistry
  location: class CpfSftpClient
/mnt/data/cpf_s03_work/overlay/cpf-starters/file/sftp/src/main/java/com/cpf/starter/sftp/CpfSftpClient.java:55: error: cannot find symbol
            CpfSftpProperties properties,
            ^
  symbol:   class CpfSftpProperties
  location: class CpfSftpClient
/mnt/data/cpf_s03_work/overlay/cpf-starters/file/sftp/src/main/java/com/cpf/starter/sftp/CpfSftpClient.java:56: error: cannot find symbol
            ServerKeyVerifier verifier,
            ^
  symbol:   class ServerKeyVerifier
  location: class CpfSftpClient
/mnt/data/cpf_s03_work/overlay/cpf-starters/file/sftp/src/main/java/com/cpf/starter/sftp/CpfSftpClient.java:57: error: cannot find symbol
            JdbcCpfSftpTransferLedger ledger,
            ^
  symbol:   class JdbcCpfSftpTransferLedger
  location: class CpfSftpClient
/mnt/data/cpf_s03_work/overlay/cpf-starters/file/sftp/src/main/java/com/cpf/starter/sftp/CpfSftpClient.java:58: error: cannot find symbol
            CpfSecretProviderRegistry secrets,
            ^
  symbol:   class CpfSecretProviderRegistry
  location: class CpfSftpClient
/mnt/data/cpf_s03_work/overlay/cpf-starters/file/sftp/src/main/java/com/cpf/starter/sftp/CpfSftpClient.java:485: error: cannot find symbol
    private record Context(ClientSession session, SftpClient sftp) implements java.io.Closeable {
                           ^
  symbol:   class ClientSession
  location: class Context
/mnt/data/cpf_s03_work/overlay/cpf-starters/file/sftp/src/main/java/com/cpf/starter/sftp/CpfSftpClient.java:485: error: cannot find symbol
    private record Context(ClientSession session, SftpClient sftp) implements java.io.Closeable {
                                                  ^
  symbol:   class SftpClient
  location: class Context
/mnt/data/cpf_s03_work/overlay/cpf-starters/file/sftp/src/main/java/com/cpf/starter/sftp/CpfSftpClient.java:339: error: cannot find symbol
    private static CpfSecretReference parseSecret(String value) {
                   ^
  symbol:   class CpfSecretReference
  location: class CpfSftpClient
/mnt/data/cpf_s03_work/overlay/cpf-starters/file/sftp/src/main/java/com/cpf/starter/sftp/CpfSftpClient.java:354: error: cannot find symbol
    private static long remoteSizeForResume(SftpClient client, String remotePath) throws IOException {
                                            ^
  symbol:   class SftpClient
  location: class CpfSftpClient
/mnt/data/cpf_s03_work/overlay/cpf-starters/file/sftp/src/main/java/com/cpf/starter/sftp/CpfSftpClient.java:456: error: cannot find symbol
    private static CpfSftpTransferRecord record(
                   ^
  symbol:   class CpfSftpTransferRecord
  location: class CpfSftpClient
/mnt/data/cpf_s03_work/overlay/cpf-starters/file/sftp/src/test/java/com/cpf/starter/sftp/CpfSftpUploadOutcomePolicyTest.java:3: error: package org.junit.jupiter.api does not exist
import static org.junit.jupiter.api.Assertions.assertEquals;
                                   ^
/mnt/data/cpf_s03_work/overlay/cpf-starters/file/sftp/src/test/java/com/cpf/starter/sftp/CpfSftpUploadOutcomePolicyTest.java:3: error: static import only from classes and interfaces
import static org.junit.jupiter.api.Assertions.assertEquals;
^
/mnt/data/cpf_s03_work/overlay/cpf-starters/file/sftp/src/test/java/com/cpf/starter/sftp/CpfSftpUploadOutcomePolicyTest.java:4: error: package org.junit.jupiter.api does not exist
import static org.junit.jupiter.api.Assertions.assertFalse;
                                   ^
/mnt/data/cpf_s03_work/overlay/cpf-starters/file/sftp/src/test/java/com/cpf/starter/sftp/CpfSftpUploadOutcomePolicyTest.java:4: error: static import only from classes and interfaces
import static org.junit.jupiter.api.Assertions.assertFalse;
^
/mnt/data/cpf_s03_work/overlay/cpf-starters/file/sftp/src/test/java/com/cpf/starter/sftp/CpfSftpUploadOutcomePolicyTest.java:5: error: package org.junit.jupiter.api does not exist
import static org.junit.jupiter.api.Assertions.assertTrue;
                                   ^
/mnt/data/cpf_s03_work/overlay/cpf-starters/file/sftp/src/test/java/com/cpf/starter/sftp/CpfSftpUploadOutcomePolicyTest.java:5: error: static import only from classes and interfaces
import static org.junit.jupiter.api.Assertions.assertTrue;
^
/mnt/data/cpf_s03_work/overlay/cpf-starters/file/sftp/src/test/java/com/cpf/starter/sftp/CpfSftpUploadOutcomePolicyTest.java:7: error: package org.junit.jupiter.api does not exist
import org.junit.jupiter.api.Test;
                            ^
/mnt/data/cpf_s03_work/overlay/cpf-starters/integration/fixedlength-core/src/test/java/com/cpf/starter/integration/fixedlength/CpfFixedLengthValidationTest.java:3: error: package org.junit.jupiter.api does not exist
import static org.junit.jupiter.api.Assertions.assertEquals;
                                   ^
/mnt/data/cpf_s03_work/overlay/cpf-starters/integration/fixedlength-core/src/test/java/com/cpf/starter/integration/fixedlength/CpfFixedLengthValidationTest.java:3: error: static import only from classes and interfaces
import static org.junit.jupiter.api.Assertions.assertEquals;
^
/mnt/data/cpf_s03_work/overlay/cpf-starters/integration/fixedlength-core/src/test/java/com/cpf/starter/integration/fixedlength/CpfFixedLengthValidationTest.java:4: error: package org.junit.jupiter.api does not exist
import static org.junit.jupiter.api.Assertions.assertThrows;
                                   ^
/mnt/data/cpf_s03_work/overlay/cpf-starters/integration/fixedlength-core/src/test/java/com/cpf/starter/integration/fixedlength/CpfFixedLengthValidationTest.java:4: error: static import only from classes and interfaces
import static org.junit.jupiter.api.Assertions.assertThrows;
^
/mnt/data/cpf_s03_work/overlay/cpf-starters/integration/fixedlength-core/src/test/java/com/cpf/starter/integration/fixedlength/CpfFixedLengthValidationTest.java:7: error: package org.junit.jupiter.api does not exist
import org.junit.jupiter.api.Test;
                            ^
/mnt/data/cpf_s03_work/overlay/cpf-starters/integration/tcp/src/main/java/com/cpf/starter/integration/tcp/internal/CpfResilientTcpClient.java:3: error: package com.cpf.core.api.resilience does not exist
import com.cpf.core.api.resilience.CpfResilienceCallContext;
                                  ^
/mnt/data/cpf_s03_work/overlay/cpf-starters/integration/tcp/src/main/java/com/cpf/starter/integration/tcp/internal/CpfResilientTcpClient.java:4: error: package com.cpf.core.api.resilience does not exist
import com.cpf.core.api.resilience.CpfResilienceExecutor;
                                  ^
/mnt/data/cpf_s03_work/overlay/cpf-starters/integration/tcp/src/main/java/com/cpf/starter/integration/tcp/internal/CpfResilientTcpClient.java:5: error: package com.cpf.core.api.resilience does not exist
import com.cpf.core.api.resilience.CpfResilienceOutcome;
                                  ^
/mnt/data/cpf_s03_work/overlay/cpf-starters/integration/tcp/src/main/java/com/cpf/starter/integration/tcp/internal/CpfResilientTcpClient.java:28: error: cannot find symbol
    private final CpfResilienceExecutor resilience;
                  ^
  symbol:   class CpfResilienceExecutor
  location: class CpfResilientTcpClient
/mnt/data/cpf_s03_work/overlay/cpf-starters/integration/tcp/src/main/java/com/cpf/starter/integration/tcp/internal/CpfResilientTcpClient.java:32: error: cannot find symbol
    public CpfResilientTcpClient(CpfResilienceExecutor resilience) {
                                 ^
  symbol:   class CpfResilienceExecutor
  location: class CpfResilientTcpClient
/mnt/data/cpf_s03_work/overlay/cpf-starters/integration/tcp/src/main/java/com/cpf/starter/integration/tcp/internal/CpfResilientTcpClient.java:37: error: cannot find symbol
            CpfResilienceExecutor resilience, Clock clock, SocketFactory socketFactory) {
            ^
  symbol:   class CpfResilienceExecutor
  location: class CpfResilientTcpClient
/mnt/data/cpf_s03_work/overlay/cpf-starters/integration/tcp/src/main/java/com/cpf/starter/integration/tcp/internal/CpfResilientTcpClient.java:46: error: cannot find symbol
    public CpfResilienceOutcome<byte[]> exchange(
           ^
  symbol:   class CpfResilienceOutcome
  location: class CpfResilientTcpClient
/mnt/data/cpf_s03_work/overlay/cpf-starters/integration/tcp/src/main/java/com/cpf/starter/integration/tcp/internal/CpfResilientTcpClient.java:70: error: cannot find symbol
    public CpfResilienceOutcome<byte[]> exchangeRead(
           ^
  symbol:   class CpfResilienceOutcome
  location: class CpfResilientTcpClient
/mnt/data/cpf_s03_work/overlay/cpf-starters/integration/tcp/src/main/java/com/cpf/starter/integration/tcp/internal/CpfResilientTcpClient.java:93: error: cannot find symbol
    public CpfResilienceOutcome<byte[]> exchangeWrite(
           ^
  symbol:   class CpfResilienceOutcome
  location: class CpfResilientTcpClient
/mnt/data/cpf_s03_work/overlay/cpf-starters/integration/tcp/src/main/java/com/cpf/starter/integration/tcp/internal/CpfResilientTcpClient.java:132: error: package CpfResilienceCallContext does not exist
            CpfResilienceCallContext.OperationKind operationKind,
                                    ^
/mnt/data/cpf_s03_work/overlay/cpf-starters/integration/tcp/src/main/java/com/cpf/starter/integration/tcp/internal/CpfResilientTcpClient.java:122: error: cannot find symbol
    private CpfResilienceOutcome<byte[]> exchange(
            ^
  symbol:   class CpfResilienceOutcome
  location: class CpfResilientTcpClient
/mnt/data/cpf_s03_work/overlay/cpf-starters/integration/tcp/src/main/java/com/cpf/starter/tcp/CpfTcpClient.java:25: error: cannot find symbol
    private final CpfTcpProperties properties;
                  ^
  symbol:   class CpfTcpProperties
  location: class CpfTcpClient
/mnt/data/cpf_s03_work/overlay/cpf-starters/integration/tcp/src/main/java/com/cpf/starter/tcp/CpfTcpClient.java:28: error: cannot find symbol
    private final CpfTcpUnknownResultStore unknownResults;
                  ^
  symbol:   class CpfTcpUnknownResultStore
  location: class CpfTcpClient
/mnt/data/cpf_s03_work/overlay/cpf-starters/integration/tcp/src/main/java/com/cpf/starter/tcp/CpfTcpClient.java:29: error: cannot find symbol
    private final CpfTcpTlsContextProvider tlsContextProvider;
                  ^
  symbol:   class CpfTcpTlsContextProvider
  location: class CpfTcpClient
/mnt/data/cpf_s03_work/overlay/cpf-starters/integration/tcp/src/main/java/com/cpf/starter/tcp/CpfTcpClient.java:34: error: cannot find symbol
            CpfTcpProperties properties,
            ^
  symbol:   class CpfTcpProperties
  location: class CpfTcpClient
/mnt/data/cpf_s03_work/overlay/cpf-starters/integration/tcp/src/main/java/com/cpf/starter/tcp/CpfTcpClient.java:35: error: cannot find symbol
            CpfTcpUnknownResultStore unknownResults,
            ^
  symbol:   class CpfTcpUnknownResultStore
  location: class CpfTcpClient
/mnt/data/cpf_s03_work/overlay/cpf-starters/integration/tcp/src/main/java/com/cpf/starter/tcp/CpfTcpClient.java:36: error: cannot find symbol
            CpfTcpTlsContextProvider tlsContextProvider) {
            ^
  symbol:   class CpfTcpTlsContextProvider
  location: class CpfTcpClient
/mnt/data/cpf_s03_work/overlay/cpf-starters/integration/tcp/src/main/java/com/cpf/starter/tcp/CpfTcpClient.java:41: error: cannot find symbol
            CpfTcpProperties properties,
            ^
  symbol:   class CpfTcpProperties
  location: class CpfTcpClient
/mnt/data/cpf_s03_work/overlay/cpf-starters/integration/tcp/src/main/java/com/cpf/starter/tcp/CpfTcpClient.java:42: error: cannot find symbol
            CpfTcpUnknownResultStore unknownResults,
            ^
  symbol:   class CpfTcpUnknownResultStore
  location: class CpfTcpClient
/mnt/data/cpf_s03_work/overlay/cpf-starters/integration/tcp/src/main/java/com/cpf/starter/tcp/CpfTcpClient.java:43: error: cannot find symbol
            CpfTcpTlsContextProvider tlsContextProvider,
            ^
  symbol:   class CpfTcpTlsContextProvider
  location: class CpfTcpClient
/mnt/data/cpf_s03_work/overlay/cpf-starters/integration/tcp/src/main/java/com/cpf/starter/tcp/CpfTcpClient.java:98: error: cannot find symbol
            CpfTcpUnknownResultStore unknownResults) {
            ^
  symbol:   class CpfTcpUnknownResultStore
  location: class CpfTcpClient
/mnt/data/cpf_s03_work/overlay/cpf-starters/integration/tcp/src/main/java/com/cpf/starter/tcp/CpfTcpClient.java:108: error: cannot find symbol
            CpfTcpUnknownResultStore unknownResults,
            ^
  symbol:   class CpfTcpUnknownResultStore
  location: class CpfTcpClient
/mnt/data/cpf_s03_work/overlay/cpf-starters/integration/tcp/src/main/java/com/cpf/starter/tcp/CpfTcpFrameCodec.java:15: error: cannot find symbol
    private final CpfTcpProperties properties;
                  ^
  symbol:   class CpfTcpProperties
  location: class CpfTcpFrameCodec
/mnt/data/cpf_s03_work/overlay/cpf-starters/integration/tcp/src/main/java/com/cpf/starter/tcp/CpfTcpFrameCodec.java:17: error: cannot find symbol
    public CpfTcpFrameCodec(CpfTcpProperties properties) {
                            ^
  symbol:   class CpfTcpProperties
  location: class CpfTcpFrameCodec
/mnt/data/cpf_s03_work/overlay/cpf-starters/integration/tcp/src/test/java/com/cpf/starter/integration/tcp/internal/CpfResilientTcpClientTest.java:3: error: package org.junit.jupiter.api does not exist
import static org.junit.jupiter.api.Assertions.*;
                                   ^
/mnt/data/cpf_s03_work/overlay/cpf-starters/integration/tcp/src/test/java/com/cpf/starter/integration/tcp/internal/CpfResilientTcpClientTest.java:5: error: package com.cpf.core.api.resilience does not exist
import com.cpf.core.api.resilience.CpfResilienceCallContext;
                                  ^
/mnt/data/cpf_s03_work/overlay/cpf-starters/integration/tcp/src/test/java/com/cpf/starter/integration/tcp/internal/CpfResilientTcpClientTest.java:6: error: package com.cpf.core.api.resilience does not exist
import com.cpf.core.api.resilience.CpfResilienceExecutor;
                                  ^
/mnt/data/cpf_s03_work/overlay/cpf-starters/integration/tcp/src/test/java/com/cpf/starter/integration/tcp/internal/CpfResilientTcpClientTest.java:7: error: package com.cpf.core.api.resilience does not exist
import com.cpf.core.api.resilience.CpfResilienceOutcome;
                                  ^
/mnt/data/cpf_s03_work/overlay/cpf-starters/integration/tcp/src/test/java/com/cpf/starter/integration/tcp/internal/CpfResilientTcpClientTest.java:20: error: package org.junit.jupiter.api does not exist
import org.junit.jupiter.api.Test;
                            ^
/mnt/data/cpf_s03_work/overlay/cpf-starters/integration/tcp/src/test/java/com/cpf/starter/integration/tcp/internal/CpfResilientTcpClientTest.java:102: error: cannot find symbol
            AtomicReference<CpfResilienceCallContext> captured, Socket socket) {
                            ^
  symbol:   class CpfResilienceCallContext
  location: class CpfResilientTcpClientTest
/mnt/data/cpf_s03_work/overlay/cpf-starters/integration/tcp/src/test/java/com/cpf/starter/tcp/CpfTcpClientTest.java:3: error: package org.junit.jupiter.api does not exist
import static org.junit.jupiter.api.Assertions.assertArrayEquals;
                                   ^
/mnt/data/cpf_s03_work/overlay/cpf-starters/integration/tcp/src/test/java/com/cpf/starter/tcp/CpfTcpClientTest.java:3: error: static import only from classes and interfaces
import static org.junit.jupiter.api.Assertions.assertArrayEquals;
^
/mnt/data/cpf_s03_work/overlay/cpf-starters/integration/tcp/src/test/java/com/cpf/starter/tcp/CpfTcpClientTest.java:4: error: package org.junit.jupiter.api does not exist
import static org.junit.jupiter.api.Assertions.assertEquals;
                                   ^
/mnt/data/cpf_s03_work/overlay/cpf-starters/integration/tcp/src/test/java/com/cpf/starter/tcp/CpfTcpClientTest.java:4: error: static import only from classes and interfaces
import static org.junit.jupiter.api.Assertions.assertEquals;
^
/mnt/data/cpf_s03_work/overlay/cpf-starters/integration/tcp/src/test/java/com/cpf/starter/tcp/CpfTcpClientTest.java:5: error: package org.junit.jupiter.api does not exist
import static org.junit.jupiter.api.Assertions.assertFalse;
                                   ^
/mnt/data/cpf_s03_work/overlay/cpf-starters/integration/tcp/src/test/java/com/cpf/starter/tcp/CpfTcpClientTest.java:5: error: static import only from classes and interfaces
import static org.junit.jupiter.api.Assertions.assertFalse;
^
/mnt/data/cpf_s03_work/overlay/cpf-starters/integration/tcp/src/test/java/com/cpf/starter/tcp/CpfTcpClientTest.java:6: error: package org.junit.jupiter.api does not exist
import static org.junit.jupiter.api.Assertions.assertThrows;
                                   ^
/mnt/data/cpf_s03_work/overlay/cpf-starters/integration/tcp/src/test/java/com/cpf/starter/tcp/CpfTcpClientTest.java:6: error: static import only from classes and interfaces
import static org.junit.jupiter.api.Assertions.assertThrows;
^
/mnt/data/cpf_s03_work/overlay/cpf-starters/integration/tcp/src/test/java/com/cpf/starter/tcp/CpfTcpClientTest.java:7: error: package org.junit.jupiter.api does not exist
import static org.junit.jupiter.api.Assertions.assertTrue;
                                   ^
/mnt/data/cpf_s03_work/overlay/cpf-starters/integration/tcp/src/test/java/com/cpf/starter/tcp/CpfTcpClientTest.java:7: error: static import only from classes and interfaces
import static org.junit.jupiter.api.Assertions.assertTrue;
^
/mnt/data/cpf_s03_work/overlay/cpf-starters/integration/tcp/src/test/java/com/cpf/starter/tcp/CpfTcpClientTest.java:20: error: package org.junit.jupiter.api does not exist
import org.junit.jupiter.api.Test;
                            ^
/mnt/data/cpf_s03_work/overlay/cpf-starters/integration/tcp/src/test/java/com/cpf/starter/tcp/CpfTcpClientTest.java:140: error: cannot find symbol
    private static CpfTcpProperties properties(int port, int poolSize) {
                   ^
  symbol:   class CpfTcpProperties
  location: class CpfTcpClientTest
/mnt/data/cpf_s03_work/overlay/cpf-starters/messaging/ibm-mq/src/main/java/com/cpf/starter/ibmmq/CpfIbmMqBrokerClient.java:3: error: package com.cpf.core.api.broker does not exist
import com.cpf.core.api.broker.CpfBrokerClient;
                              ^
/mnt/data/cpf_s03_work/overlay/cpf-starters/messaging/ibm-mq/src/main/java/com/cpf/starter/ibmmq/CpfIbmMqBrokerClient.java:4: error: package com.cpf.core.api.broker does not exist
import com.cpf.core.api.broker.CpfBrokerPublishRequest;
                              ^
/mnt/data/cpf_s03_work/overlay/cpf-starters/messaging/ibm-mq/src/main/java/com/cpf/starter/ibmmq/CpfIbmMqBrokerClient.java:5: error: package com.cpf.core.api.broker does not exist
import com.cpf.core.api.broker.CpfBrokerPublishResult;
                              ^
/mnt/data/cpf_s03_work/overlay/cpf-starters/messaging/ibm-mq/src/main/java/com/cpf/starter/ibmmq/CpfIbmMqBrokerClient.java:14: error: package org.springframework.jms does not exist
import org.springframework.jms.JmsException;
                              ^
/mnt/data/cpf_s03_work/overlay/cpf-starters/messaging/ibm-mq/src/main/java/com/cpf/starter/ibmmq/CpfIbmMqBrokerClient.java:15: error: package org.springframework.jms.core does not exist
import org.springframework.jms.core.JmsTemplate;
                                   ^
/mnt/data/cpf_s03_work/overlay/cpf-starters/messaging/ibm-mq/src/main/java/com/cpf/starter/ibmmq/CpfIbmMqBrokerClient.java:24: error: cannot find symbol
public final class CpfIbmMqBrokerClient implements CpfBrokerClient {
                                                   ^
  symbol: class CpfBrokerClient
/mnt/data/cpf_s03_work/overlay/cpf-starters/messaging/ibm-mq/src/main/java/com/cpf/starter/ibmmq/CpfIbmMqBrokerClient.java:32: error: cannot find symbol
    private final JmsTemplate template;
                  ^
  symbol:   class JmsTemplate
  location: class CpfIbmMqBrokerClient
/mnt/data/cpf_s03_work/overlay/cpf-starters/messaging/ibm-mq/src/main/java/com/cpf/starter/ibmmq/CpfIbmMqBrokerClient.java:33: error: cannot find symbol
    private final CpfIbmMqProperties properties;
                  ^
  symbol:   class CpfIbmMqProperties
  location: class CpfIbmMqBrokerClient
/mnt/data/cpf_s03_work/overlay/cpf-starters/messaging/ibm-mq/src/main/java/com/cpf/starter/ibmmq/CpfIbmMqBrokerClient.java:36: error: cannot find symbol
    public CpfIbmMqBrokerClient(JmsTemplate template, CpfIbmMqProperties properties) {
                                ^
  symbol:   class JmsTemplate
  location: class CpfIbmMqBrokerClient
/mnt/data/cpf_s03_work/overlay/cpf-starters/messaging/ibm-mq/src/main/java/com/cpf/starter/ibmmq/CpfIbmMqBrokerClient.java:36: error: cannot find symbol
    public CpfIbmMqBrokerClient(JmsTemplate template, CpfIbmMqProperties properties) {
                                                      ^
  symbol:   class CpfIbmMqProperties
  location: class CpfIbmMqBrokerClient
/mnt/data/cpf_s03_work/overlay/cpf-starters/messaging/ibm-mq/src/main/java/com/cpf/starter/ibmmq/CpfIbmMqBrokerClient.java:41: error: cannot find symbol
            JmsTemplate template, CpfIbmMqProperties properties, Clock clock) {
            ^
  symbol:   class JmsTemplate
  location: class CpfIbmMqBrokerClient
/mnt/data/cpf_s03_work/overlay/cpf-starters/messaging/ibm-mq/src/main/java/com/cpf/starter/ibmmq/CpfIbmMqBrokerClient.java:41: error: cannot find symbol
            JmsTemplate template, CpfIbmMqProperties properties, Clock clock) {
                                  ^
  symbol:   class CpfIbmMqProperties
  location: class CpfIbmMqBrokerClient
/mnt/data/cpf_s03_work/overlay/cpf-starters/messaging/ibm-mq/src/main/java/com/cpf/starter/ibmmq/CpfIbmMqBrokerClient.java:48: error: cannot find symbol
    public CpfBrokerPublishResult enqueue(CpfBrokerPublishRequest request) {
                                          ^
  symbol:   class CpfBrokerPublishRequest
  location: class CpfIbmMqBrokerClient
/mnt/data/cpf_s03_work/overlay/cpf-starters/messaging/ibm-mq/src/main/java/com/cpf/starter/ibmmq/CpfIbmMqBrokerClient.java:48: error: cannot find symbol
    public CpfBrokerPublishResult enqueue(CpfBrokerPublishRequest request) {
           ^
  symbol:   class CpfBrokerPublishResult
  location: class CpfIbmMqBrokerClient
/mnt/data/cpf_s03_work/overlay/cpf-starters/messaging/ibm-mq/src/test/java/com/cpf/starter/ibmmq/CpfIbmMqBrokerClientTest.java:3: error: package com.cpf.core.api.broker does not exist
import com.cpf.core.api.broker.CpfBrokerPublishRequest;
                              ^
/mnt/data/cpf_s03_work/overlay/cpf-starters/messaging/ibm-mq/src/test/java/com/cpf/starter/ibmmq/CpfIbmMqBrokerClientTest.java:4: error: package jakarta.jms does not exist
import jakarta.jms.BytesMessage;
                  ^
/mnt/data/cpf_s03_work/overlay/cpf-starters/messaging/ibm-mq/src/test/java/com/cpf/starter/ibmmq/CpfIbmMqBrokerClientTest.java:5: error: package jakarta.jms does not exist
import jakarta.jms.Session;
                  ^
/mnt/data/cpf_s03_work/overlay/cpf-starters/messaging/ibm-mq/src/test/java/com/cpf/starter/ibmmq/CpfIbmMqBrokerClientTest.java:6: error: package org.junit.jupiter.api does not exist
import org.junit.jupiter.api.BeforeEach;
                            ^
/mnt/data/cpf_s03_work/overlay/cpf-starters/messaging/ibm-mq/src/test/java/com/cpf/starter/ibmmq/CpfIbmMqBrokerClientTest.java:7: error: package org.junit.jupiter.api does not exist
import org.junit.jupiter.api.Test;
                            ^
/mnt/data/cpf_s03_work/overlay/cpf-starters/messaging/ibm-mq/src/test/java/com/cpf/starter/ibmmq/CpfIbmMqBrokerClientTest.java:8: error: package org.springframework.jms does not exist
import org.springframework.jms.JmsException;
                              ^
/mnt/data/cpf_s03_work/overlay/cpf-starters/messaging/ibm-mq/src/test/java/com/cpf/starter/ibmmq/CpfIbmMqBrokerClientTest.java:9: error: package org.springframework.jms.core does not exist
import org.springframework.jms.core.JmsTemplate;
                                   ^
/mnt/data/cpf_s03_work/overlay/cpf-starters/messaging/ibm-mq/src/test/java/com/cpf/starter/ibmmq/CpfIbmMqBrokerClientTest.java:10: error: package org.springframework.jms.core does not exist
import org.springframework.jms.core.MessageCreator;
                                   ^
/mnt/data/cpf_s03_work/overlay/cpf-starters/messaging/ibm-mq/src/test/java/com/cpf/starter/ibmmq/CpfIbmMqBrokerClientTest.java:15: error: package org.assertj.core.api does not exist
import static org.assertj.core.api.Assertions.assertThat;
                                  ^
/mnt/data/cpf_s03_work/overlay/cpf-starters/messaging/ibm-mq/src/test/java/com/cpf/starter/ibmmq/CpfIbmMqBrokerClientTest.java:15: error: static import only from classes and interfaces
import static org.assertj.core.api.Assertions.assertThat;
^
/mnt/data/cpf_s03_work/overlay/cpf-starters/messaging/ibm-mq/src/test/java/com/cpf/starter/ibmmq/CpfIbmMqBrokerClientTest.java:16: error: package org.assertj.core.api does not exist
import static org.assertj.core.api.Assertions.assertThatIllegalArgumentException;
                                  ^
/mnt/data/cpf_s03_work/overlay/cpf-starters/messaging/ibm-mq/src/test/java/com/cpf/starter/ibmmq/CpfIbmMqBrokerClientTest.java:16: error: static import only from classes and interfaces
import static org.assertj.core.api.Assertions.assertThatIllegalArgumentException;
^
/mnt/data/cpf_s03_work/overlay/cpf-starters/messaging/ibm-mq/src/test/java/com/cpf/starter/ibmmq/CpfIbmMqBrokerClientTest.java:17: error: package org.assertj.core.api does not exist
import static org.assertj.core.api.Assertions.assertThatThrownBy;
                                  ^
/mnt/data/cpf_s03_work/overlay/cpf-starters/messaging/ibm-mq/src/test/java/com/cpf/starter/ibmmq/CpfIbmMqBrokerClientTest.java:17: error: static import only from classes and interfaces
import static org.assertj.core.api.Assertions.assertThatThrownBy;
^
/mnt/data/cpf_s03_work/overlay/cpf-starters/messaging/ibm-mq/src/test/java/com/cpf/starter/ibmmq/CpfIbmMqBrokerClientTest.java:18: error: package org.mockito does not exist
import static org.mockito.ArgumentMatchers.any;
                         ^
/mnt/data/cpf_s03_work/overlay/cpf-starters/messaging/ibm-mq/src/test/java/com/cpf/starter/ibmmq/CpfIbmMqBrokerClientTest.java:18: error: static import only from classes and interfaces
import static org.mockito.ArgumentMatchers.any;
^
/mnt/data/cpf_s03_work/overlay/cpf-starters/messaging/ibm-mq/src/test/java/com/cpf/starter/ibmmq/CpfIbmMqBrokerClientTest.java:19: error: package org.mockito does not exist
import static org.mockito.ArgumentMatchers.eq;
                         ^
/mnt/data/cpf_s03_work/overlay/cpf-starters/messaging/ibm-mq/src/test/java/com/cpf/starter/ibmmq/CpfIbmMqBrokerClientTest.java:19: error: static import only from classes and interfaces
import static org.mockito.ArgumentMatchers.eq;
^
/mnt/data/cpf_s03_work/overlay/cpf-starters/messaging/ibm-mq/src/test/java/com/cpf/starter/ibmmq/CpfIbmMqBrokerClientTest.java:20: error: package org.mockito does not exist
import static org.mockito.Mockito.doAnswer;
                         ^
/mnt/data/cpf_s03_work/overlay/cpf-starters/messaging/ibm-mq/src/test/java/com/cpf/starter/ibmmq/CpfIbmMqBrokerClientTest.java:20: error: static import only from classes and interfaces
import static org.mockito.Mockito.doAnswer;
^
/mnt/data/cpf_s03_work/overlay/cpf-starters/messaging/ibm-mq/src/test/java/com/cpf/starter/ibmmq/CpfIbmMqBrokerClientTest.java:21: error: package org.mockito does not exist
import static org.mockito.Mockito.doThrow;
                         ^
/mnt/data/cpf_s03_work/overlay/cpf-starters/messaging/ibm-mq/src/test/java/com/cpf/starter/ibmmq/CpfIbmMqBrokerClientTest.java:21: error: static import only from classes and interfaces
import static org.mockito.Mockito.doThrow;
^
/mnt/data/cpf_s03_work/overlay/cpf-starters/messaging/ibm-mq/src/test/java/com/cpf/starter/ibmmq/CpfIbmMqBrokerClientTest.java:22: error: package org.mockito does not exist
import static org.mockito.Mockito.mock;
                         ^
/mnt/data/cpf_s03_work/overlay/cpf-starters/messaging/ibm-mq/src/test/java/com/cpf/starter/ibmmq/CpfIbmMqBrokerClientTest.java:22: error: static import only from classes and interfaces
import static org.mockito.Mockito.mock;
^
/mnt/data/cpf_s03_work/overlay/cpf-starters/messaging/ibm-mq/src/test/java/com/cpf/starter/ibmmq/CpfIbmMqBrokerClientTest.java:23: error: package org.mockito does not exist
import static org.mockito.Mockito.verify;
                         ^
/mnt/data/cpf_s03_work/overlay/cpf-starters/messaging/ibm-mq/src/test/java/com/cpf/starter/ibmmq/CpfIbmMqBrokerClientTest.java:23: error: static import only from classes and interfaces
import static org.mockito.Mockito.verify;
^
/mnt/data/cpf_s03_work/overlay/cpf-starters/messaging/ibm-mq/src/test/java/com/cpf/starter/ibmmq/CpfIbmMqBrokerClientTest.java:24: error: package org.mockito does not exist
import static org.mockito.Mockito.verifyNoInteractions;
                         ^
/mnt/data/cpf_s03_work/overlay/cpf-starters/messaging/ibm-mq/src/test/java/com/cpf/starter/ibmmq/CpfIbmMqBrokerClientTest.java:24: error: static import only from classes and interfaces
import static org.mockito.Mockito.verifyNoInteractions;
^
/mnt/data/cpf_s03_work/overlay/cpf-starters/messaging/ibm-mq/src/test/java/com/cpf/starter/ibmmq/CpfIbmMqBrokerClientTest.java:25: error: package org.mockito does not exist
import static org.mockito.Mockito.when;
                         ^
/mnt/data/cpf_s03_work/overlay/cpf-starters/messaging/ibm-mq/src/test/java/com/cpf/starter/ibmmq/CpfIbmMqBrokerClientTest.java:25: error: static import only from classes and interfaces
import static org.mockito.Mockito.when;
^
/mnt/data/cpf_s03_work/overlay/cpf-starters/messaging/ibm-mq/src/test/java/com/cpf/starter/ibmmq/CpfIbmMqBrokerClientTest.java:28: error: cannot find symbol
    private JmsTemplate template;
            ^
  symbol:   class JmsTemplate
  location: class CpfIbmMqBrokerClientTest
/mnt/data/cpf_s03_work/overlay/cpf-starters/messaging/ibm-mq/src/test/java/com/cpf/starter/ibmmq/CpfIbmMqBrokerClientTest.java:29: error: cannot find symbol
    private Session session;
            ^
  symbol:   class Session
  location: class CpfIbmMqBrokerClientTest
/mnt/data/cpf_s03_work/overlay/cpf-starters/messaging/ibm-mq/src/test/java/com/cpf/starter/ibmmq/CpfIbmMqBrokerClientTest.java:30: error: cannot find symbol
    private BytesMessage message;
            ^
  symbol:   class BytesMessage
  location: class CpfIbmMqBrokerClientTest
/mnt/data/cpf_s03_work/overlay/cpf-starters/messaging/ibm-mq/src/test/java/com/cpf/starter/ibmmq/CpfIbmMqBrokerClientTest.java:31: error: cannot find symbol
    private CpfIbmMqProperties properties;
            ^
  symbol:   class CpfIbmMqProperties
  location: class CpfIbmMqBrokerClientTest
/mnt/data/cpf_s03_work/overlay/cpf-starters/messaging/ibm-mq/src/test/java/com/cpf/starter/ibmmq/CpfIbmMqBrokerClientTest.java:144: error: cannot find symbol
    private static CpfBrokerPublishRequest request(Map<String, String> headers) {
                   ^
  symbol:   class CpfBrokerPublishRequest
  location: class CpfIbmMqBrokerClientTest
/mnt/data/cpf_s03_work/overlay/cpf-starters/messaging/jms/src/main/java/com/cpf/starter/jms/CpfJmsBrokerClient.java:3: error: package com.cpf.core.api.broker does not exist
import com.cpf.core.api.broker.CpfBrokerClient;
                              ^
/mnt/data/cpf_s03_work/overlay/cpf-starters/messaging/jms/src/main/java/com/cpf/starter/jms/CpfJmsBrokerClient.java:4: error: package com.cpf.core.api.broker does not exist
import com.cpf.core.api.broker.CpfBrokerPublishRequest;
                              ^
/mnt/data/cpf_s03_work/overlay/cpf-starters/messaging/jms/src/main/java/com/cpf/starter/jms/CpfJmsBrokerClient.java:5: error: package com.cpf.core.api.broker does not exist
import com.cpf.core.api.broker.CpfBrokerPublishResult;
                              ^
/mnt/data/cpf_s03_work/overlay/cpf-starters/messaging/jms/src/main/java/com/cpf/starter/jms/CpfJmsBrokerClient.java:12: error: package org.springframework.jms does not exist
import org.springframework.jms.JmsException;
                              ^
/mnt/data/cpf_s03_work/overlay/cpf-starters/messaging/jms/src/main/java/com/cpf/starter/jms/CpfJmsBrokerClient.java:13: error: package org.springframework.jms.core does not exist
import org.springframework.jms.core.JmsTemplate;
                                   ^
/mnt/data/cpf_s03_work/overlay/cpf-starters/messaging/jms/src/main/java/com/cpf/starter/jms/CpfJmsBrokerClient.java:23: error: cannot find symbol
public final class CpfJmsBrokerClient implements CpfBrokerClient {
                                                 ^
  symbol: class CpfBrokerClient
/mnt/data/cpf_s03_work/overlay/cpf-starters/messaging/jms/src/main/java/com/cpf/starter/jms/CpfJmsBrokerClient.java:30: error: cannot find symbol
    private final JmsTemplate template;
                  ^
  symbol:   class JmsTemplate
  location: class CpfJmsBrokerClient
/mnt/data/cpf_s03_work/overlay/cpf-starters/messaging/jms/src/main/java/com/cpf/starter/jms/CpfJmsBrokerClient.java:31: error: cannot find symbol
    private final CpfJmsProperties properties;
                  ^
  symbol:   class CpfJmsProperties
  location: class CpfJmsBrokerClient
/mnt/data/cpf_s03_work/overlay/cpf-starters/messaging/jms/src/main/java/com/cpf/starter/jms/CpfJmsBrokerClient.java:34: error: cannot find symbol
    public CpfJmsBrokerClient(JmsTemplate template, CpfJmsProperties properties) {
                              ^
  symbol:   class JmsTemplate
  location: class CpfJmsBrokerClient
/mnt/data/cpf_s03_work/overlay/cpf-starters/messaging/jms/src/main/java/com/cpf/starter/jms/CpfJmsBrokerClient.java:34: error: cannot find symbol
    public CpfJmsBrokerClient(JmsTemplate template, CpfJmsProperties properties) {
                                                    ^
  symbol:   class CpfJmsProperties
  location: class CpfJmsBrokerClient
/mnt/data/cpf_s03_work/overlay/cpf-starters/messaging/jms/src/main/java/com/cpf/starter/jms/CpfJmsBrokerClient.java:39: error: cannot find symbol
            JmsTemplate template, CpfJmsProperties properties, Clock clock) {
            ^
  symbol:   class JmsTemplate
  location: class CpfJmsBrokerClient
/mnt/data/cpf_s03_work/overlay/cpf-starters/messaging/jms/src/main/java/com/cpf/starter/jms/CpfJmsBrokerClient.java:39: error: cannot find symbol
            JmsTemplate template, CpfJmsProperties properties, Clock clock) {
                                  ^
  symbol:   class CpfJmsProperties
  location: class CpfJmsBrokerClient
/mnt/data/cpf_s03_work/overlay/cpf-starters/messaging/jms/src/main/java/com/cpf/starter/jms/CpfJmsBrokerClient.java:46: error: cannot find symbol
    public CpfBrokerPublishResult enqueue(CpfBrokerPublishRequest request) {
                                          ^
  symbol:   class CpfBrokerPublishRequest
  location: class CpfJmsBrokerClient
/mnt/data/cpf_s03_work/overlay/cpf-starters/messaging/jms/src/main/java/com/cpf/starter/jms/CpfJmsBrokerClient.java:46: error: cannot find symbol
    public CpfBrokerPublishResult enqueue(CpfBrokerPublishRequest request) {
           ^
  symbol:   class CpfBrokerPublishResult
  location: class CpfJmsBrokerClient
/mnt/data/cpf_s03_work/overlay/cpf-starters/messaging/jms/src/test/java/com/cpf/starter/jms/CpfJmsBrokerClientTest.java:3: error: package com.cpf.core.api.broker does not exist
import com.cpf.core.api.broker.CpfBrokerPublishRequest;
                              ^
/mnt/data/cpf_s03_work/overlay/cpf-starters/messaging/jms/src/test/java/com/cpf/starter/jms/CpfJmsBrokerClientTest.java:4: error: package jakarta.jms does not exist
import jakarta.jms.BytesMessage;
                  ^
/mnt/data/cpf_s03_work/overlay/cpf-starters/messaging/jms/src/test/java/com/cpf/starter/jms/CpfJmsBrokerClientTest.java:5: error: package jakarta.jms does not exist
import jakarta.jms.Session;
                  ^
/mnt/data/cpf_s03_work/overlay/cpf-starters/messaging/jms/src/test/java/com/cpf/starter/jms/CpfJmsBrokerClientTest.java:6: error: package org.junit.jupiter.api does not exist
import org.junit.jupiter.api.BeforeEach;
                            ^
/mnt/data/cpf_s03_work/overlay/cpf-starters/messaging/jms/src/test/java/com/cpf/starter/jms/CpfJmsBrokerClientTest.java:7: error: package org.junit.jupiter.api does not exist
import org.junit.jupiter.api.Test;
                            ^
/mnt/data/cpf_s03_work/overlay/cpf-starters/messaging/jms/src/test/java/com/cpf/starter/jms/CpfJmsBrokerClientTest.java:8: error: package org.springframework.jms does not exist
import org.springframework.jms.JmsException;
                              ^
/mnt/data/cpf_s03_work/overlay/cpf-starters/messaging/jms/src/test/java/com/cpf/starter/jms/CpfJmsBrokerClientTest.java:9: error: package org.springframework.jms.core does not exist
import org.springframework.jms.core.JmsTemplate;
                                   ^
/mnt/data/cpf_s03_work/overlay/cpf-starters/messaging/jms/src/test/java/com/cpf/starter/jms/CpfJmsBrokerClientTest.java:10: error: package org.springframework.jms.core does not exist
import org.springframework.jms.core.MessageCreator;
                                   ^
/mnt/data/cpf_s03_work/overlay/cpf-starters/messaging/jms/src/test/java/com/cpf/starter/jms/CpfJmsBrokerClientTest.java:15: error: package org.assertj.core.api does not exist
import static org.assertj.core.api.Assertions.assertThat;
                                  ^
/mnt/data/cpf_s03_work/overlay/cpf-starters/messaging/jms/src/test/java/com/cpf/starter/jms/CpfJmsBrokerClientTest.java:15: error: static import only from classes and interfaces
import static org.assertj.core.api.Assertions.assertThat;
^
/mnt/data/cpf_s03_work/overlay/cpf-starters/messaging/jms/src/test/java/com/cpf/starter/jms/CpfJmsBrokerClientTest.java:16: error: package org.assertj.core.api does not exist
import static org.assertj.core.api.Assertions.assertThatIllegalArgumentException;
                                  ^
/mnt/data/cpf_s03_work/overlay/cpf-starters/messaging/jms/src/test/java/com/cpf/starter/jms/CpfJmsBrokerClientTest.java:16: error: static import only from classes and interfaces
import static org.assertj.core.api.Assertions.assertThatIllegalArgumentException;
^
/mnt/data/cpf_s03_work/overlay/cpf-starters/messaging/jms/src/test/java/com/cpf/starter/jms/CpfJmsBrokerClientTest.java:17: error: package org.assertj.core.api does not exist
import static org.assertj.core.api.Assertions.assertThatThrownBy;
                                  ^
/mnt/data/cpf_s03_work/overlay/cpf-starters/messaging/jms/src/test/java/com/cpf/starter/jms/CpfJmsBrokerClientTest.java:17: error: static import only from classes and interfaces
import static org.assertj.core.api.Assertions.assertThatThrownBy;
^
/mnt/data/cpf_s03_work/overlay/cpf-starters/messaging/jms/src/test/java/com/cpf/starter/jms/CpfJmsBrokerClientTest.java:18: error: package org.mockito does not exist
import static org.mockito.ArgumentMatchers.any;
                         ^
/mnt/data/cpf_s03_work/overlay/cpf-starters/messaging/jms/src/test/java/com/cpf/starter/jms/CpfJmsBrokerClientTest.java:18: error: static import only from classes and interfaces
import static org.mockito.ArgumentMatchers.any;
^
/mnt/data/cpf_s03_work/overlay/cpf-starters/messaging/jms/src/test/java/com/cpf/starter/jms/CpfJmsBrokerClientTest.java:19: error: package org.mockito does not exist
import static org.mockito.ArgumentMatchers.eq;
                         ^
/mnt/data/cpf_s03_work/overlay/cpf-starters/messaging/jms/src/test/java/com/cpf/starter/jms/CpfJmsBrokerClientTest.java:19: error: static import only from classes and interfaces
import static org.mockito.ArgumentMatchers.eq;
^
/mnt/data/cpf_s03_work/overlay/cpf-starters/messaging/jms/src/test/java/com/cpf/starter/jms/CpfJmsBrokerClientTest.java:20: error: package org.mockito does not exist
import static org.mockito.Mockito.doAnswer;
                         ^
/mnt/data/cpf_s03_work/overlay/cpf-starters/messaging/jms/src/test/java/com/cpf/starter/jms/CpfJmsBrokerClientTest.java:20: error: static import only from classes and interfaces
import static org.mockito.Mockito.doAnswer;
^
/mnt/data/cpf_s03_work/overlay/cpf-starters/messaging/jms/src/test/java/com/cpf/starter/jms/CpfJmsBrokerClientTest.java:21: error: package org.mockito does not exist
import static org.mockito.Mockito.doThrow;
                         ^
/mnt/data/cpf_s03_work/overlay/cpf-starters/messaging/jms/src/test/java/com/cpf/starter/jms/CpfJmsBrokerClientTest.java:21: error: static import only from classes and interfaces
import static org.mockito.Mockito.doThrow;
^
/mnt/data/cpf_s03_work/overlay/cpf-starters/messaging/jms/src/test/java/com/cpf/starter/jms/CpfJmsBrokerClientTest.java:22: error: package org.mockito does not exist
import static org.mockito.Mockito.mock;
                         ^
/mnt/data/cpf_s03_work/overlay/cpf-starters/messaging/jms/src/test/java/com/cpf/starter/jms/CpfJmsBrokerClientTest.java:22: error: static import only from classes and interfaces
import static org.mockito.Mockito.mock;
^
/mnt/data/cpf_s03_work/overlay/cpf-starters/messaging/jms/src/test/java/com/cpf/starter/jms/CpfJmsBrokerClientTest.java:23: error: package org.mockito does not exist
import static org.mockito.Mockito.verify;
                         ^
/mnt/data/cpf_s03_work/overlay/cpf-starters/messaging/jms/src/test/java/com/cpf/starter/jms/CpfJmsBrokerClientTest.java:23: error: static import only from classes and interfaces
import static org.mockito.Mockito.verify;
^
/mnt/data/cpf_s03_work/overlay/cpf-starters/messaging/jms/src/test/java/com/cpf/starter/jms/CpfJmsBrokerClientTest.java:24: error: package org.mockito does not exist
import static org.mockito.Mockito.verifyNoInteractions;
                         ^
/mnt/data/cpf_s03_work/overlay/cpf-starters/messaging/jms/src/test/java/com/cpf/starter/jms/CpfJmsBrokerClientTest.java:24: error: static import only from classes and interfaces
import static org.mockito.Mockito.verifyNoInteractions;
^
/mnt/data/cpf_s03_work/overlay/cpf-starters/messaging/jms/src/test/java/com/cpf/starter/jms/CpfJmsBrokerClientTest.java:25: error: package org.mockito does not exist
import static org.mockito.Mockito.when;
                         ^
/mnt/data/cpf_s03_work/overlay/cpf-starters/messaging/jms/src/test/java/com/cpf/starter/jms/CpfJmsBrokerClientTest.java:25: error: static import only from classes and interfaces
import static org.mockito.Mockito.when;
^
/mnt/data/cpf_s03_work/overlay/cpf-starters/messaging/jms/src/test/java/com/cpf/starter/jms/CpfJmsBrokerClientTest.java:28: error: cannot find symbol
    private JmsTemplate template;
            ^
  symbol:   class JmsTemplate
  location: class CpfJmsBrokerClientTest
/mnt/data/cpf_s03_work/overlay/cpf-starters/messaging/jms/src/test/java/com/cpf/starter/jms/CpfJmsBrokerClientTest.java:29: error: cannot find symbol
    private Session session;
            ^
  symbol:   class Session
  location: class CpfJmsBrokerClientTest
/mnt/data/cpf_s03_work/overlay/cpf-starters/messaging/jms/src/test/java/com/cpf/starter/jms/CpfJmsBrokerClientTest.java:30: error: cannot find symbol
    private BytesMessage message;
            ^
  symbol:   class BytesMessage
  location: class CpfJmsBrokerClientTest
/mnt/data/cpf_s03_work/overlay/cpf-starters/messaging/jms/src/test/java/com/cpf/starter/jms/CpfJmsBrokerClientTest.java:31: error: cannot find symbol
    private CpfJmsProperties properties;
            ^
  symbol:   class CpfJmsProperties
  location: class CpfJmsBrokerClientTest
/mnt/data/cpf_s03_work/overlay/cpf-starters/messaging/jms/src/test/java/com/cpf/starter/jms/CpfJmsBrokerClientTest.java:155: error: cannot find symbol
    private static CpfBrokerPublishRequest request(Map<String, String> headers) {
                   ^
  symbol:   class CpfBrokerPublishRequest
  location: class CpfJmsBrokerClientTest
/mnt/data/cpf_s03_work/overlay/cpf-starters/messaging/kafka/src/main/java/com/cpf/starter/kafka/KafkaCpfBrokerClient.java:3: error: package com.cpf.core.api.broker does not exist
import com.cpf.core.api.broker.CpfBrokerClient;
                              ^
/mnt/data/cpf_s03_work/overlay/cpf-starters/messaging/kafka/src/main/java/com/cpf/starter/kafka/KafkaCpfBrokerClient.java:4: error: package com.cpf.core.api.broker does not exist
import com.cpf.core.api.broker.CpfBrokerPublishRequest;
                              ^
/mnt/data/cpf_s03_work/overlay/cpf-starters/messaging/kafka/src/main/java/com/cpf/starter/kafka/KafkaCpfBrokerClient.java:5: error: package com.cpf.core.api.broker does not exist
import com.cpf.core.api.broker.CpfBrokerPublishResult;
                              ^
/mnt/data/cpf_s03_work/overlay/cpf-starters/messaging/kafka/src/main/java/com/cpf/starter/kafka/KafkaCpfBrokerClient.java:15: error: package org.apache.kafka.clients.producer does not exist
import org.apache.kafka.clients.producer.ProducerRecord;
                                        ^
/mnt/data/cpf_s03_work/overlay/cpf-starters/messaging/kafka/src/main/java/com/cpf/starter/kafka/KafkaCpfBrokerClient.java:16: error: package org.apache.kafka.common.errors does not exist
import org.apache.kafka.common.errors.SerializationException;
                                     ^
/mnt/data/cpf_s03_work/overlay/cpf-starters/messaging/kafka/src/main/java/com/cpf/starter/kafka/KafkaCpfBrokerClient.java:17: error: package org.apache.kafka.common.header.internals does not exist
import org.apache.kafka.common.header.internals.RecordHeader;
                                               ^
/mnt/data/cpf_s03_work/overlay/cpf-starters/messaging/kafka/src/main/java/com/cpf/starter/kafka/KafkaCpfBrokerClient.java:18: error: package org.springframework.kafka.core does not exist
import org.springframework.kafka.core.KafkaTemplate;
                                     ^
/mnt/data/cpf_s03_work/overlay/cpf-starters/messaging/kafka/src/main/java/com/cpf/starter/kafka/KafkaCpfBrokerClient.java:21: error: cannot find symbol
public final class KafkaCpfBrokerClient implements CpfBrokerClient {
                                                   ^
  symbol: class CpfBrokerClient
/mnt/data/cpf_s03_work/overlay/cpf-starters/messaging/kafka/src/main/java/com/cpf/starter/kafka/KafkaCpfBrokerClient.java:25: error: cannot find symbol
    private final KafkaTemplate<String, byte[]> kafkaTemplate;
                  ^
  symbol:   class KafkaTemplate
  location: class KafkaCpfBrokerClient
/mnt/data/cpf_s03_work/overlay/cpf-starters/messaging/kafka/src/main/java/com/cpf/starter/kafka/KafkaCpfBrokerClient.java:26: error: cannot find symbol
    private final CpfKafkaProperties properties;
                  ^
  symbol:   class CpfKafkaProperties
  location: class KafkaCpfBrokerClient
/mnt/data/cpf_s03_work/overlay/cpf-starters/messaging/kafka/src/main/java/com/cpf/starter/kafka/KafkaCpfBrokerClient.java:29: error: cannot find symbol
    public KafkaCpfBrokerClient(KafkaTemplate<String, byte[]> kafkaTemplate, CpfKafkaProperties properties) {
                                ^
  symbol:   class KafkaTemplate
  location: class KafkaCpfBrokerClient
/mnt/data/cpf_s03_work/overlay/cpf-starters/messaging/kafka/src/main/java/com/cpf/starter/kafka/KafkaCpfBrokerClient.java:29: error: cannot find symbol
    public KafkaCpfBrokerClient(KafkaTemplate<String, byte[]> kafkaTemplate, CpfKafkaProperties properties) {
                                                                             ^
  symbol:   class CpfKafkaProperties
  location: class KafkaCpfBrokerClient
/mnt/data/cpf_s03_work/overlay/cpf-starters/messaging/kafka/src/main/java/com/cpf/starter/kafka/KafkaCpfBrokerClient.java:32: error: cannot find symbol
    KafkaCpfBrokerClient(KafkaTemplate<String, byte[]> kafkaTemplate, CpfKafkaProperties properties, Clock clock) {
                         ^
  symbol:   class KafkaTemplate
  location: class KafkaCpfBrokerClient
/mnt/data/cpf_s03_work/overlay/cpf-starters/messaging/kafka/src/main/java/com/cpf/starter/kafka/KafkaCpfBrokerClient.java:32: error: cannot find symbol
    KafkaCpfBrokerClient(KafkaTemplate<String, byte[]> kafkaTemplate, CpfKafkaProperties properties, Clock clock) {
                                                                      ^
  symbol:   class CpfKafkaProperties
  location: class KafkaCpfBrokerClient
/mnt/data/cpf_s03_work/overlay/cpf-starters/messaging/kafka/src/main/java/com/cpf/starter/kafka/KafkaCpfBrokerClient.java:39: error: cannot find symbol
    public CpfBrokerPublishResult enqueue(CpfBrokerPublishRequest request) {
                                          ^
  symbol:   class CpfBrokerPublishRequest
  location: class KafkaCpfBrokerClient
/mnt/data/cpf_s03_work/overlay/cpf-starters/messaging/kafka/src/main/java/com/cpf/starter/kafka/KafkaCpfBrokerClient.java:39: error: cannot find symbol
    public CpfBrokerPublishResult enqueue(CpfBrokerPublishRequest request) {
           ^
  symbol:   class CpfBrokerPublishResult
  location: class KafkaCpfBrokerClient
/mnt/data/cpf_s03_work/overlay/cpf-starters/messaging/kafka/src/main/java/com/cpf/starter/kafka/KafkaCpfBrokerClient.java:97: error: cannot find symbol
    private static void addHeader(ProducerRecord<String,byte[]> r,String n,String v){if(v==null||v.isBlank())return;validateName(n);r.headers().add(new RecordHeader(n,v.getBytes(StandardCharsets.UTF_8)));}
                                  ^
  symbol:   class ProducerRecord
  location: class KafkaCpfBrokerClient
/mnt/data/cpf_s03_work/overlay/cpf-starters/messaging/kafka/src/test/java/com/cpf/starter/kafka/KafkaCpfBrokerClientTest.java:3: error: package org.assertj.core.api does not exist
import static org.assertj.core.api.Assertions.assertThat;
                                  ^
/mnt/data/cpf_s03_work/overlay/cpf-starters/messaging/kafka/src/test/java/com/cpf/starter/kafka/KafkaCpfBrokerClientTest.java:3: error: static import only from classes and interfaces
import static org.assertj.core.api.Assertions.assertThat;
^
/mnt/data/cpf_s03_work/overlay/cpf-starters/messaging/kafka/src/test/java/com/cpf/starter/kafka/KafkaCpfBrokerClientTest.java:4: error: package org.assertj.core.api does not exist
import static org.assertj.core.api.Assertions.assertThatThrownBy;
                                  ^
/mnt/data/cpf_s03_work/overlay/cpf-starters/messaging/kafka/src/test/java/com/cpf/starter/kafka/KafkaCpfBrokerClientTest.java:4: error: static import only from classes and interfaces
import static org.assertj.core.api.Assertions.assertThatThrownBy;
^
/mnt/data/cpf_s03_work/overlay/cpf-starters/messaging/kafka/src/test/java/com/cpf/starter/kafka/KafkaCpfBrokerClientTest.java:5: error: package org.mockito does not exist
import static org.mockito.ArgumentMatchers.any;
                         ^
/mnt/data/cpf_s03_work/overlay/cpf-starters/messaging/kafka/src/test/java/com/cpf/starter/kafka/KafkaCpfBrokerClientTest.java:5: error: static import only from classes and interfaces
import static org.mockito.ArgumentMatchers.any;
^
/mnt/data/cpf_s03_work/overlay/cpf-starters/messaging/kafka/src/test/java/com/cpf/starter/kafka/KafkaCpfBrokerClientTest.java:6: error: package org.mockito does not exist
import static org.mockito.Mockito.mock;
                         ^
/mnt/data/cpf_s03_work/overlay/cpf-starters/messaging/kafka/src/test/java/com/cpf/starter/kafka/KafkaCpfBrokerClientTest.java:6: error: static import only from classes and interfaces
import static org.mockito.Mockito.mock;
^
/mnt/data/cpf_s03_work/overlay/cpf-starters/messaging/kafka/src/test/java/com/cpf/starter/kafka/KafkaCpfBrokerClientTest.java:7: error: package org.mockito does not exist
import static org.mockito.Mockito.verify;
                         ^
/mnt/data/cpf_s03_work/overlay/cpf-starters/messaging/kafka/src/test/java/com/cpf/starter/kafka/KafkaCpfBrokerClientTest.java:7: error: static import only from classes and interfaces
import static org.mockito.Mockito.verify;
^
/mnt/data/cpf_s03_work/overlay/cpf-starters/messaging/kafka/src/test/java/com/cpf/starter/kafka/KafkaCpfBrokerClientTest.java:8: error: package org.mockito does not exist
import static org.mockito.Mockito.when;
                         ^
/mnt/data/cpf_s03_work/overlay/cpf-starters/messaging/kafka/src/test/java/com/cpf/starter/kafka/KafkaCpfBrokerClientTest.java:8: error: static import only from classes and interfaces
import static org.mockito.Mockito.when;
^
/mnt/data/cpf_s03_work/overlay/cpf-starters/messaging/kafka/src/test/java/com/cpf/starter/kafka/KafkaCpfBrokerClientTest.java:10: error: package com.cpf.core.api.broker does not exist
import com.cpf.core.api.broker.CpfBrokerPublishRequest;
                              ^
/mnt/data/cpf_s03_work/overlay/cpf-starters/messaging/kafka/src/test/java/com/cpf/starter/kafka/KafkaCpfBrokerClientTest.java:15: error: package org.apache.kafka.clients.producer does not exist
import org.apache.kafka.clients.producer.ProducerRecord;
                                        ^
/mnt/data/cpf_s03_work/overlay/cpf-starters/messaging/kafka/src/test/java/com/cpf/starter/kafka/KafkaCpfBrokerClientTest.java:16: error: package org.apache.kafka.clients.producer does not exist
import org.apache.kafka.clients.producer.RecordMetadata;
                                        ^
/mnt/data/cpf_s03_work/overlay/cpf-starters/messaging/kafka/src/test/java/com/cpf/starter/kafka/KafkaCpfBrokerClientTest.java:17: error: package org.apache.kafka.common.errors does not exist
import org.apache.kafka.common.errors.SerializationException;
                                     ^
/mnt/data/cpf_s03_work/overlay/cpf-starters/messaging/kafka/src/test/java/com/cpf/starter/kafka/KafkaCpfBrokerClientTest.java:18: error: package org.junit.jupiter.api does not exist
import org.junit.jupiter.api.AfterEach;
                            ^
/mnt/data/cpf_s03_work/overlay/cpf-starters/messaging/kafka/src/test/java/com/cpf/starter/kafka/KafkaCpfBrokerClientTest.java:19: error: package org.junit.jupiter.api does not exist
import org.junit.jupiter.api.Test;
                            ^
/mnt/data/cpf_s03_work/overlay/cpf-starters/messaging/kafka/src/test/java/com/cpf/starter/kafka/KafkaCpfBrokerClientTest.java:20: error: package org.mockito does not exist
import org.mockito.ArgumentCaptor;
                  ^
/mnt/data/cpf_s03_work/overlay/cpf-starters/messaging/kafka/src/test/java/com/cpf/starter/kafka/KafkaCpfBrokerClientTest.java:21: error: package org.springframework.kafka.core does not exist
import org.springframework.kafka.core.KafkaTemplate;
                                     ^
/mnt/data/cpf_s03_work/overlay/cpf-starters/messaging/kafka/src/test/java/com/cpf/starter/kafka/KafkaCpfBrokerClientTest.java:22: error: package org.springframework.kafka.support does not exist
import org.springframework.kafka.support.SendResult;
                                        ^
/mnt/data/cpf_s03_work/overlay/cpf-starters/messaging/kafka/src/test/java/com/cpf/starter/kafka/KafkaCpfBrokerClientTest.java:85: error: cannot find symbol
    @SuppressWarnings("unchecked") private static KafkaTemplate<String,byte[]> template(){return mock(KafkaTemplate.class);}
                                                  ^
  symbol:   class KafkaTemplate
  location: class KafkaCpfBrokerClientTest
/mnt/data/cpf_s03_work/overlay/cpf-starters/messaging/kafka/src/test/java/com/cpf/starter/kafka/KafkaCpfBrokerClientTest.java:86: error: cannot find symbol
    private static KafkaCpfBrokerClient client(KafkaTemplate<String,byte[]> t,Duration d){return new KafkaCpfBrokerClient(t,new CpfKafkaProperties(d,1024,true));}
                                               ^
  symbol:   class KafkaTemplate
  location: class KafkaCpfBrokerClientTest
/mnt/data/cpf_s03_work/overlay/cpf-starters/messaging/kafka/src/test/java/com/cpf/starter/kafka/KafkaCpfBrokerClientTest.java:87: error: cannot find symbol
    private static CpfBrokerPublishRequest request(Map<String,String> headers){return new CpfBrokerPublishRequest("message-1","cpf.events","partition-key",new byte[]{1},"application/octet-stream","transaction-1","segment-1","producer","consumer","idempotency-1",headers,Map.of());}
                   ^
  symbol:   class CpfBrokerPublishRequest
  location: class KafkaCpfBrokerClientTest
/mnt/data/cpf_s03_work/overlay/cpf-starters/messaging/kafka/src/test/java/com/cpf/starter/kafka/KafkaCpfBrokerClientTest.java:88: error: cannot find symbol
    private static String value(ProducerRecord<String,byte[]> r,String n){var h=r.headers().lastHeader(n);return h==null?null:new String(h.value(),StandardCharsets.UTF_8);}
                                ^
  symbol:   class ProducerRecord
  location: class KafkaCpfBrokerClientTest
/mnt/data/cpf_s03_work/overlay/cpf-starters/messaging/rabbitmq/src/main/java/com/cpf/starter/rabbitmq/CpfRabbitMqBrokerClient.java:3: error: package com.cpf.core.api.broker does not exist
import com.cpf.core.api.broker.CpfBrokerClient;
                              ^
/mnt/data/cpf_s03_work/overlay/cpf-starters/messaging/rabbitmq/src/main/java/com/cpf/starter/rabbitmq/CpfRabbitMqBrokerClient.java:4: error: package com.cpf.core.api.broker does not exist
import com.cpf.core.api.broker.CpfBrokerPublishRequest;
                              ^
/mnt/data/cpf_s03_work/overlay/cpf-starters/messaging/rabbitmq/src/main/java/com/cpf/starter/rabbitmq/CpfRabbitMqBrokerClient.java:5: error: package com.cpf.core.api.broker does not exist
import com.cpf.core.api.broker.CpfBrokerPublishResult;
                              ^
/mnt/data/cpf_s03_work/overlay/cpf-starters/messaging/rabbitmq/src/main/java/com/cpf/starter/rabbitmq/CpfRabbitMqBrokerClient.java:6: error: cannot find symbol
import com.cpf.core.common.broker.CpfBrokerFailureSanitizer;
                                 ^
  symbol:   class CpfBrokerFailureSanitizer
  location: package com.cpf.core.common.broker
/mnt/data/cpf_s03_work/overlay/cpf-starters/messaging/rabbitmq/src/main/java/com/cpf/starter/rabbitmq/CpfRabbitMqBrokerClient.java:16: error: package org.springframework.amqp.core does not exist
import org.springframework.amqp.core.Message;
                                    ^
/mnt/data/cpf_s03_work/overlay/cpf-starters/messaging/rabbitmq/src/main/java/com/cpf/starter/rabbitmq/CpfRabbitMqBrokerClient.java:17: error: package org.springframework.amqp.core does not exist
import org.springframework.amqp.core.MessageBuilder;
                                    ^
/mnt/data/cpf_s03_work/overlay/cpf-starters/messaging/rabbitmq/src/main/java/com/cpf/starter/rabbitmq/CpfRabbitMqBrokerClient.java:18: error: package org.springframework.amqp.rabbit.connection does not exist
import org.springframework.amqp.rabbit.connection.CorrelationData;
                                                 ^
/mnt/data/cpf_s03_work/overlay/cpf-starters/messaging/rabbitmq/src/main/java/com/cpf/starter/rabbitmq/CpfRabbitMqBrokerClient.java:19: error: package org.springframework.amqp.rabbit.core does not exist
import org.springframework.amqp.rabbit.core.RabbitTemplate;
                                           ^
/mnt/data/cpf_s03_work/overlay/cpf-starters/messaging/rabbitmq/src/main/java/com/cpf/starter/rabbitmq/CpfRabbitMqBrokerClient.java:27: error: cannot find symbol
public final class CpfRabbitMqBrokerClient implements CpfBrokerClient {
                                                      ^
  symbol: class CpfBrokerClient
/mnt/data/cpf_s03_work/overlay/cpf-starters/messaging/rabbitmq/src/main/java/com/cpf/starter/rabbitmq/CpfRabbitMqBrokerClient.java:33: error: cannot find symbol
    private final RabbitTemplate template;
                  ^
  symbol:   class RabbitTemplate
  location: class CpfRabbitMqBrokerClient
/mnt/data/cpf_s03_work/overlay/cpf-starters/messaging/rabbitmq/src/main/java/com/cpf/starter/rabbitmq/CpfRabbitMqBrokerClient.java:34: error: cannot find symbol
    private final CpfRabbitMqProperties properties;
                  ^
  symbol:   class CpfRabbitMqProperties
  location: class CpfRabbitMqBrokerClient
/mnt/data/cpf_s03_work/overlay/cpf-starters/messaging/rabbitmq/src/main/java/com/cpf/starter/rabbitmq/CpfRabbitMqBrokerClient.java:38: error: cannot find symbol
            RabbitTemplate template, CpfRabbitMqProperties properties) {
            ^
  symbol:   class RabbitTemplate
  location: class CpfRabbitMqBrokerClient
/mnt/data/cpf_s03_work/overlay/cpf-starters/messaging/rabbitmq/src/main/java/com/cpf/starter/rabbitmq/CpfRabbitMqBrokerClient.java:38: error: cannot find symbol
            RabbitTemplate template, CpfRabbitMqProperties properties) {
                                     ^
  symbol:   class CpfRabbitMqProperties
  location: class CpfRabbitMqBrokerClient
/mnt/data/cpf_s03_work/overlay/cpf-starters/messaging/rabbitmq/src/main/java/com/cpf/starter/rabbitmq/CpfRabbitMqBrokerClient.java:43: error: cannot find symbol
            RabbitTemplate template, CpfRabbitMqProperties properties, Clock clock) {
            ^
  symbol:   class RabbitTemplate
  location: class CpfRabbitMqBrokerClient
/mnt/data/cpf_s03_work/overlay/cpf-starters/messaging/rabbitmq/src/main/java/com/cpf/starter/rabbitmq/CpfRabbitMqBrokerClient.java:43: error: cannot find symbol
            RabbitTemplate template, CpfRabbitMqProperties properties, Clock clock) {
                                     ^
  symbol:   class CpfRabbitMqProperties
  location: class CpfRabbitMqBrokerClient
/mnt/data/cpf_s03_work/overlay/cpf-starters/messaging/rabbitmq/src/main/java/com/cpf/starter/rabbitmq/CpfRabbitMqBrokerClient.java:50: error: cannot find symbol
    public CpfBrokerPublishResult enqueue(CpfBrokerPublishRequest request) {
                                          ^
  symbol:   class CpfBrokerPublishRequest
  location: class CpfRabbitMqBrokerClient
/mnt/data/cpf_s03_work/overlay/cpf-starters/messaging/rabbitmq/src/main/java/com/cpf/starter/rabbitmq/CpfRabbitMqBrokerClient.java:50: error: cannot find symbol
    public CpfBrokerPublishResult enqueue(CpfBrokerPublishRequest request) {
           ^
  symbol:   class CpfBrokerPublishResult
  location: class CpfRabbitMqBrokerClient
/mnt/data/cpf_s03_work/overlay/cpf-starters/messaging/rabbitmq/src/main/java/com/cpf/starter/rabbitmq/CpfRabbitMqBrokerClient.java:135: error: cannot find symbol
            CpfBrokerPublishRequest request, String status, String detail) {
            ^
  symbol:   class CpfBrokerPublishRequest
  location: class CpfRabbitMqBrokerClient
/mnt/data/cpf_s03_work/overlay/cpf-starters/messaging/rabbitmq/src/main/java/com/cpf/starter/rabbitmq/CpfRabbitMqBrokerClient.java:134: error: cannot find symbol
    private CpfBrokerPublishResult result(
            ^
  symbol:   class CpfBrokerPublishResult
  location: class CpfRabbitMqBrokerClient
/mnt/data/cpf_s03_work/overlay/cpf-starters/messaging/rabbitmq/src/test/java/com/cpf/starter/rabbitmq/CpfRabbitMqBrokerClientTest.java:3: error: package com.cpf.core.api.broker does not exist
import com.cpf.core.api.broker.CpfBrokerPublishRequest;
                              ^
/mnt/data/cpf_s03_work/overlay/cpf-starters/messaging/rabbitmq/src/test/java/com/cpf/starter/rabbitmq/CpfRabbitMqBrokerClientTest.java:4: error: package org.junit.jupiter.api does not exist
import org.junit.jupiter.api.Test;
                            ^
/mnt/data/cpf_s03_work/overlay/cpf-starters/messaging/rabbitmq/src/test/java/com/cpf/starter/rabbitmq/CpfRabbitMqBrokerClientTest.java:5: error: package org.springframework.amqp.core does not exist
import org.springframework.amqp.core.Message;
                                    ^
/mnt/data/cpf_s03_work/overlay/cpf-starters/messaging/rabbitmq/src/test/java/com/cpf/starter/rabbitmq/CpfRabbitMqBrokerClientTest.java:6: error: package org.springframework.amqp.rabbit.connection does not exist
import org.springframework.amqp.rabbit.connection.CorrelationData;
                                                 ^
/mnt/data/cpf_s03_work/overlay/cpf-starters/messaging/rabbitmq/src/test/java/com/cpf/starter/rabbitmq/CpfRabbitMqBrokerClientTest.java:7: error: package org.springframework.amqp.rabbit.core does not exist
import org.springframework.amqp.rabbit.core.RabbitTemplate;
                                           ^
/mnt/data/cpf_s03_work/overlay/cpf-starters/messaging/rabbitmq/src/test/java/com/cpf/starter/rabbitmq/CpfRabbitMqBrokerClientTest.java:14: error: package org.assertj.core.api does not exist
import static org.assertj.core.api.Assertions.assertThat;
                                  ^
/mnt/data/cpf_s03_work/overlay/cpf-starters/messaging/rabbitmq/src/test/java/com/cpf/starter/rabbitmq/CpfRabbitMqBrokerClientTest.java:14: error: static import only from classes and interfaces
import static org.assertj.core.api.Assertions.assertThat;
^
/mnt/data/cpf_s03_work/overlay/cpf-starters/messaging/rabbitmq/src/test/java/com/cpf/starter/rabbitmq/CpfRabbitMqBrokerClientTest.java:15: error: package org.assertj.core.api does not exist
import static org.assertj.core.api.Assertions.assertThatIllegalArgumentException;
                                  ^
/mnt/data/cpf_s03_work/overlay/cpf-starters/messaging/rabbitmq/src/test/java/com/cpf/starter/rabbitmq/CpfRabbitMqBrokerClientTest.java:15: error: static import only from classes and interfaces
import static org.assertj.core.api.Assertions.assertThatIllegalArgumentException;
^
/mnt/data/cpf_s03_work/overlay/cpf-starters/messaging/rabbitmq/src/test/java/com/cpf/starter/rabbitmq/CpfRabbitMqBrokerClientTest.java:16: error: package org.mockito does not exist
import static org.mockito.ArgumentMatchers.any;
                         ^
/mnt/data/cpf_s03_work/overlay/cpf-starters/messaging/rabbitmq/src/test/java/com/cpf/starter/rabbitmq/CpfRabbitMqBrokerClientTest.java:16: error: static import only from classes and interfaces
import static org.mockito.ArgumentMatchers.any;
^
/mnt/data/cpf_s03_work/overlay/cpf-starters/messaging/rabbitmq/src/test/java/com/cpf/starter/rabbitmq/CpfRabbitMqBrokerClientTest.java:17: error: package org.mockito does not exist
import static org.mockito.ArgumentMatchers.eq;
                         ^
/mnt/data/cpf_s03_work/overlay/cpf-starters/messaging/rabbitmq/src/test/java/com/cpf/starter/rabbitmq/CpfRabbitMqBrokerClientTest.java:17: error: static import only from classes and interfaces
import static org.mockito.ArgumentMatchers.eq;
^
/mnt/data/cpf_s03_work/overlay/cpf-starters/messaging/rabbitmq/src/test/java/com/cpf/starter/rabbitmq/CpfRabbitMqBrokerClientTest.java:18: error: package org.mockito does not exist
import static org.mockito.Mockito.doAnswer;
                         ^
/mnt/data/cpf_s03_work/overlay/cpf-starters/messaging/rabbitmq/src/test/java/com/cpf/starter/rabbitmq/CpfRabbitMqBrokerClientTest.java:18: error: static import only from classes and interfaces
import static org.mockito.Mockito.doAnswer;
^
/mnt/data/cpf_s03_work/overlay/cpf-starters/messaging/rabbitmq/src/test/java/com/cpf/starter/rabbitmq/CpfRabbitMqBrokerClientTest.java:19: error: package org.mockito does not exist
import static org.mockito.Mockito.mock;
                         ^
/mnt/data/cpf_s03_work/overlay/cpf-starters/messaging/rabbitmq/src/test/java/com/cpf/starter/rabbitmq/CpfRabbitMqBrokerClientTest.java:19: error: static import only from classes and interfaces
import static org.mockito.Mockito.mock;
^
/mnt/data/cpf_s03_work/overlay/cpf-starters/messaging/rabbitmq/src/test/java/com/cpf/starter/rabbitmq/CpfRabbitMqBrokerClientTest.java:20: error: package org.mockito does not exist
import static org.mockito.Mockito.verifyNoInteractions;
                         ^
/mnt/data/cpf_s03_work/overlay/cpf-starters/messaging/rabbitmq/src/test/java/com/cpf/starter/rabbitmq/CpfRabbitMqBrokerClientTest.java:20: error: static import only from classes and interfaces
import static org.mockito.Mockito.verifyNoInteractions;
^
/mnt/data/cpf_s03_work/overlay/cpf-starters/messaging/rabbitmq/src/test/java/com/cpf/starter/rabbitmq/CpfRabbitMqBrokerClientTest.java:116: error: cannot find symbol
    private static CpfRabbitMqProperties properties() {
                   ^
  symbol:   class CpfRabbitMqProperties
  location: class CpfRabbitMqBrokerClientTest
/mnt/data/cpf_s03_work/overlay/cpf-starters/messaging/rabbitmq/src/test/java/com/cpf/starter/rabbitmq/CpfRabbitMqBrokerClientTest.java:153: error: cannot find symbol
    private static CpfBrokerPublishRequest request(Map<String, String> headers) {
                   ^
  symbol:   class CpfBrokerPublishRequest
  location: class CpfRabbitMqBrokerClientTest
/mnt/data/cpf_s03_work/overlay/cpf-starters/messaging/reliability-jdbc/src/main/java/com/cpf/core/common/broker/CpfBrokerPublisherWorker.java:13: error: cannot find symbol
    private final CpfBrokerPublisher publisher;
                  ^
  symbol:   class CpfBrokerPublisher
  location: class CpfBrokerPublisherWorker
/mnt/data/cpf_s03_work/overlay/cpf-starters/messaging/reliability-jdbc/src/main/java/com/cpf/core/common/broker/CpfBrokerPublisherWorker.java:17: error: cannot find symbol
    public CpfBrokerPublisherWorker(CpfBrokerOutboxPort outboxPort, CpfBrokerPublisher publisher) {
                                                                    ^
  symbol:   class CpfBrokerPublisher
  location: class CpfBrokerPublisherWorker
/mnt/data/cpf_s03_work/overlay/cpf-starters/messaging/reliability-jdbc/src/main/java/com/cpf/core/common/broker/CpfBrokerPublisherWorker.java:23: error: cannot find symbol
            CpfBrokerUnknownResultPort unknownPort, CpfBrokerPublisher publisher,
                                                    ^
  symbol:   class CpfBrokerPublisher
  location: class CpfBrokerPublisherWorker
/mnt/data/cpf_s03_work/overlay/cpf-starters/messaging/reliability-jdbc/src/main/java/com/cpf/core/common/broker/CpfBrokerPublisherWorker.java:101: error: cannot find symbol
    public record RunResult(String workerId,int claimedCount,long successCount,long failureCount,long unknownCount,List<CpfBrokerResult> results){
                                                                                                                        ^
  symbol:   class CpfBrokerResult
  location: class RunResult
/mnt/data/cpf_s03_work/overlay/cpf-starters/messaging/reliability-jdbc/src/main/java/com/cpf/core/common/broker/CpfBrokerPublisherWorker.java:75: error: cannot find symbol
    private CpfBrokerResult unknown(CpfBrokerEnvelope envelope, String detail) {
                                    ^
  symbol:   class CpfBrokerEnvelope
  location: class CpfBrokerPublisherWorker
/mnt/data/cpf_s03_work/overlay/cpf-starters/messaging/reliability-jdbc/src/main/java/com/cpf/core/common/broker/CpfBrokerPublisherWorker.java:75: error: cannot find symbol
    private CpfBrokerResult unknown(CpfBrokerEnvelope envelope, String detail) {
            ^
  symbol:   class CpfBrokerResult
  location: class CpfBrokerPublisherWorker
/mnt/data/cpf_s03_work/overlay/cpf-starters/messaging/reliability-jdbc/src/main/java/com/cpf/core/common/broker/CpfBrokerPublisherWorker.java:79: error: cannot find symbol
    private boolean isUnknown(CpfBrokerResult r){return "UNKNOWN".equalsIgnoreCase(r.status())||"RESULT_UNKNOWN".equalsIgnoreCase(r.status());}
                              ^
  symbol:   class CpfBrokerResult
  location: class CpfBrokerPublisherWorker
/mnt/data/cpf_s03_work/overlay/cpf-starters/messaging/reliability-jdbc/src/main/java/com/cpf/core/common/broker/CpfBrokerPublisherWorker.java:80: error: cannot find symbol
    private boolean isPublished(CpfBrokerResult r){return "PUBLISHED".equalsIgnoreCase(r.status())||"SUCCESS".equalsIgnoreCase(r.status())||"ACCEPTED".equalsIgnoreCase(r.status());}
                                ^
  symbol:   class CpfBrokerResult
  location: class CpfBrokerPublisherWorker
/mnt/data/cpf_s03_work/overlay/cpf-starters/messaging/reliability-jdbc/src/main/java/com/cpf/core/common/broker/JdbcCpfBrokerReliabilityRepository.java:3: error: package org.springframework.dao does not exist
import org.springframework.dao.DuplicateKeyException;
                              ^
/mnt/data/cpf_s03_work/overlay/cpf-starters/messaging/reliability-jdbc/src/main/java/com/cpf/core/common/broker/JdbcCpfBrokerReliabilityRepository.java:4: error: package org.springframework.jdbc.core does not exist
import org.springframework.jdbc.core.JdbcTemplate;
                                    ^
/mnt/data/cpf_s03_work/overlay/cpf-starters/messaging/reliability-jdbc/src/main/java/com/cpf/core/common/broker/JdbcCpfBrokerReliabilityRepository.java:5: error: package org.springframework.jdbc.core does not exist
import org.springframework.jdbc.core.ColumnMapRowMapper;
                                    ^
/mnt/data/cpf_s03_work/overlay/cpf-starters/messaging/reliability-jdbc/src/main/java/com/cpf/core/common/broker/JdbcCpfBrokerReliabilityRepository.java:6: error: package org.springframework.transaction.annotation does not exist
import org.springframework.transaction.annotation.Transactional;
                                                 ^
/mnt/data/cpf_s03_work/overlay/cpf-starters/messaging/reliability-jdbc/src/main/java/com/cpf/core/common/broker/JdbcCpfBrokerReliabilityRepository.java:27: error: cannot find symbol
        implements CpfBrokerOutboxPort, CpfBrokerUnknownResultPort, CpfBrokerInboxPort, CpfBrokerDlqPort, CpfBrokerFailureTransitionPort, CpfBrokerReplayPort, CpfBrokerIdempotencyPort {
                                                                    ^
  symbol: class CpfBrokerInboxPort
/mnt/data/cpf_s03_work/overlay/cpf-starters/messaging/reliability-jdbc/src/main/java/com/cpf/core/common/broker/JdbcCpfBrokerReliabilityRepository.java:27: error: cannot find symbol
        implements CpfBrokerOutboxPort, CpfBrokerUnknownResultPort, CpfBrokerInboxPort, CpfBrokerDlqPort, CpfBrokerFailureTransitionPort, CpfBrokerReplayPort, CpfBrokerIdempotencyPort {
                                                                                        ^
  symbol: class CpfBrokerDlqPort
/mnt/data/cpf_s03_work/overlay/cpf-starters/messaging/reliability-jdbc/src/main/java/com/cpf/core/common/broker/JdbcCpfBrokerReliabilityRepository.java:27: error: cannot find symbol
        implements CpfBrokerOutboxPort, CpfBrokerUnknownResultPort, CpfBrokerInboxPort, CpfBrokerDlqPort, CpfBrokerFailureTransitionPort, CpfBrokerReplayPort, CpfBrokerIdempotencyPort {
                                                                                                          ^
  symbol: class CpfBrokerFailureTransitionPort
/mnt/data/cpf_s03_work/overlay/cpf-starters/messaging/reliability-jdbc/src/main/java/com/cpf/core/common/broker/JdbcCpfBrokerReliabilityRepository.java:27: error: cannot find symbol
        implements CpfBrokerOutboxPort, CpfBrokerUnknownResultPort, CpfBrokerInboxPort, CpfBrokerDlqPort, CpfBrokerFailureTransitionPort, CpfBrokerReplayPort, CpfBrokerIdempotencyPort {
                                                                                                                                          ^
  symbol: class CpfBrokerReplayPort
/mnt/data/cpf_s03_work/overlay/cpf-starters/messaging/reliability-jdbc/src/main/java/com/cpf/core/common/broker/JdbcCpfBrokerReliabilityRepository.java:27: error: cannot find symbol
        implements CpfBrokerOutboxPort, CpfBrokerUnknownResultPort, CpfBrokerInboxPort, CpfBrokerDlqPort, CpfBrokerFailureTransitionPort, CpfBrokerReplayPort, CpfBrokerIdempotencyPort {
                                                                                                                                                               ^
  symbol: class CpfBrokerIdempotencyPort
/mnt/data/cpf_s03_work/overlay/cpf-starters/messaging/reliability-jdbc/src/main/java/com/cpf/core/common/broker/JdbcCpfBrokerReliabilityRepository.java:28: error: cannot find symbol
    private final JdbcTemplate jdbcTemplate;
                  ^
  symbol:   class JdbcTemplate
  location: class JdbcCpfBrokerReliabilityRepository
/mnt/data/cpf_s03_work/overlay/cpf-starters/messaging/reliability-jdbc/src/main/java/com/cpf/core/common/broker/JdbcCpfBrokerReliabilityRepository.java:32: error: cannot find symbol
    public JdbcCpfBrokerReliabilityRepository(JdbcTemplate jdbcTemplate) {
                                              ^
  symbol:   class JdbcTemplate
  location: class JdbcCpfBrokerReliabilityRepository
/mnt/data/cpf_s03_work/overlay/cpf-starters/messaging/reliability-jdbc/src/main/java/com/cpf/core/common/broker/JdbcCpfBrokerReliabilityRepository.java:36: error: cannot find symbol
    public JdbcCpfBrokerReliabilityRepository(JdbcTemplate jdbcTemplate, Duration claimLease) {
                                              ^
  symbol:   class JdbcTemplate
  location: class JdbcCpfBrokerReliabilityRepository
/mnt/data/cpf_s03_work/overlay/cpf-starters/messaging/reliability-jdbc/src/main/java/com/cpf/core/common/broker/JdbcCpfBrokerReliabilityRepository.java:41: error: cannot find symbol
            JdbcTemplate jdbcTemplate, Duration claimLease, Clock clock) {
            ^
  symbol:   class JdbcTemplate
  location: class JdbcCpfBrokerReliabilityRepository
/mnt/data/cpf_s03_work/overlay/cpf-starters/messaging/reliability-jdbc/src/main/java/com/cpf/core/common/broker/JdbcCpfBrokerReliabilityRepository.java:63: error: cannot find symbol
    public CpfBrokerResult saveOutbox(CpfBrokerEnvelope envelope) {
                                      ^
  symbol:   class CpfBrokerEnvelope
  location: class JdbcCpfBrokerReliabilityRepository
/mnt/data/cpf_s03_work/overlay/cpf-starters/messaging/reliability-jdbc/src/main/java/com/cpf/core/common/broker/JdbcCpfBrokerReliabilityRepository.java:63: error: cannot find symbol
    public CpfBrokerResult saveOutbox(CpfBrokerEnvelope envelope) {
           ^
  symbol:   class CpfBrokerResult
  location: class JdbcCpfBrokerReliabilityRepository
/mnt/data/cpf_s03_work/overlay/cpf-starters/messaging/reliability-jdbc/src/main/java/com/cpf/core/common/broker/JdbcCpfBrokerReliabilityRepository.java:108: error: cannot find symbol
            Map<String, Object> row, CpfBrokerEnvelope envelope) {
                                     ^
  symbol:   class CpfBrokerEnvelope
  location: class JdbcCpfBrokerReliabilityRepository
/mnt/data/cpf_s03_work/overlay/cpf-starters/messaging/reliability-jdbc/src/main/java/com/cpf/core/common/broker/JdbcCpfBrokerReliabilityRepository.java:136: error: cannot find symbol
    private void insertOutbox(CpfBrokerEnvelope envelope) {
                              ^
  symbol:   class CpfBrokerEnvelope
  location: class JdbcCpfBrokerReliabilityRepository
/mnt/data/cpf_s03_work/overlay/cpf-starters/messaging/reliability-jdbc/src/main/java/com/cpf/core/common/broker/JdbcCpfBrokerReliabilityRepository.java:161: error: cannot find symbol
    public List<CpfBrokerEnvelope> claimPending(String workerId, int limit) {
                ^
  symbol:   class CpfBrokerEnvelope
  location: class JdbcCpfBrokerReliabilityRepository
/mnt/data/cpf_s03_work/overlay/cpf-starters/messaging/reliability-jdbc/src/main/java/com/cpf/core/common/broker/JdbcCpfBrokerReliabilityRepository.java:225: error: cannot find symbol
    public void markUnknown(String messageId, CpfBrokerResult result, Instant nextReconcileAt) {
                                              ^
  symbol:   class CpfBrokerResult
  location: class JdbcCpfBrokerReliabilityRepository
/mnt/data/cpf_s03_work/overlay/cpf-starters/messaging/reliability-jdbc/src/main/java/com/cpf/core/common/broker/JdbcCpfBrokerReliabilityRepository.java:231: error: cannot find symbol
    public void markUnknown(String workerId, String messageId, CpfBrokerResult result, Instant nextReconcileAt) {
                                                               ^
  symbol:   class CpfBrokerResult
  location: class JdbcCpfBrokerReliabilityRepository
/mnt/data/cpf_s03_work/overlay/cpf-starters/messaging/reliability-jdbc/src/main/java/com/cpf/core/common/broker/JdbcCpfBrokerReliabilityRepository.java:246: error: cannot find symbol
    public List<CpfBrokerEnvelope> claimUnknown(String workerId, int limit) {
                ^
  symbol:   class CpfBrokerEnvelope
  location: class JdbcCpfBrokerReliabilityRepository
/mnt/data/cpf_s03_work/overlay/cpf-starters/messaging/reliability-jdbc/src/main/java/com/cpf/core/common/broker/JdbcCpfBrokerReliabilityRepository.java:301: error: cannot find symbol
    public void markPublished(String messageId, CpfBrokerResult result) {
                                                ^
  symbol:   class CpfBrokerResult
  location: class JdbcCpfBrokerReliabilityRepository
/mnt/data/cpf_s03_work/overlay/cpf-starters/messaging/reliability-jdbc/src/main/java/com/cpf/core/common/broker/JdbcCpfBrokerReliabilityRepository.java:307: error: cannot find symbol
    public void markPublished(String workerId, String messageId, CpfBrokerResult result) {
                                                                 ^
  symbol:   class CpfBrokerResult
  location: class JdbcCpfBrokerReliabilityRepository
/mnt/data/cpf_s03_work/overlay/cpf-starters/messaging/reliability-jdbc/src/main/java/com/cpf/core/common/broker/JdbcCpfBrokerReliabilityRepository.java:379: error: cannot find symbol
    public void markConsumed(String messageId, CpfBrokerResult result) {
                                               ^
  symbol:   class CpfBrokerResult
  location: class JdbcCpfBrokerReliabilityRepository
/mnt/data/cpf_s03_work/overlay/cpf-starters/messaging/reliability-jdbc/src/main/java/com/cpf/core/common/broker/JdbcCpfBrokerReliabilityRepository.java:403: error: cannot find symbol
    public CpfBrokerResult sendToDlq(CpfBrokerEnvelope envelope, String reason) {
                                     ^
  symbol:   class CpfBrokerEnvelope
  location: class JdbcCpfBrokerReliabilityRepository
/mnt/data/cpf_s03_work/overlay/cpf-starters/messaging/reliability-jdbc/src/main/java/com/cpf/core/common/broker/JdbcCpfBrokerReliabilityRepository.java:403: error: cannot find symbol
    public CpfBrokerResult sendToDlq(CpfBrokerEnvelope envelope, String reason) {
           ^
  symbol:   class CpfBrokerResult
  location: class JdbcCpfBrokerReliabilityRepository
/mnt/data/cpf_s03_work/overlay/cpf-starters/messaging/reliability-jdbc/src/main/java/com/cpf/core/common/broker/JdbcCpfBrokerReliabilityRepository.java:412: error: cannot find symbol
    public CpfBrokerResult moveToDlq(CpfBrokerEnvelope envelope, String reason) {
                                     ^
  symbol:   class CpfBrokerEnvelope
  location: class JdbcCpfBrokerReliabilityRepository
/mnt/data/cpf_s03_work/overlay/cpf-starters/messaging/reliability-jdbc/src/main/java/com/cpf/core/common/broker/JdbcCpfBrokerReliabilityRepository.java:412: error: cannot find symbol
    public CpfBrokerResult moveToDlq(CpfBrokerEnvelope envelope, String reason) {
           ^
  symbol:   class CpfBrokerResult
  location: class JdbcCpfBrokerReliabilityRepository
/mnt/data/cpf_s03_work/overlay/cpf-starters/messaging/reliability-jdbc/src/main/java/com/cpf/core/common/broker/JdbcCpfBrokerReliabilityRepository.java:424: error: cannot find symbol
    public List<CpfBrokerEnvelope> findDlqMessages(String topic, int limit) {
                ^
  symbol:   class CpfBrokerEnvelope
  location: class JdbcCpfBrokerReliabilityRepository
/mnt/data/cpf_s03_work/overlay/cpf-starters/messaging/reliability-jdbc/src/main/java/com/cpf/core/common/broker/JdbcCpfBrokerReliabilityRepository.java:453: error: cannot find symbol
    public CpfBrokerResult replay(String messageId) {
           ^
  symbol:   class CpfBrokerResult
  location: class JdbcCpfBrokerReliabilityRepository
/mnt/data/cpf_s03_work/overlay/cpf-starters/messaging/reliability-jdbc/src/main/java/com/cpf/core/common/broker/JdbcCpfBrokerReliabilityRepository.java:463: error: cannot find symbol
    public List<CpfBrokerResult> replayRange(String topic, Instant from, Instant to, int limit) {
                ^
  symbol:   class CpfBrokerResult
  location: class JdbcCpfBrokerReliabilityRepository
/mnt/data/cpf_s03_work/overlay/cpf-starters/messaging/reliability-jdbc/src/main/java/com/cpf/core/common/broker/JdbcCpfBrokerReliabilityRepository.java:488: error: cannot find symbol
    private CpfBrokerEnvelope mapEnvelope(Map<String, Object> row) {
            ^
  symbol:   class CpfBrokerEnvelope
  location: class JdbcCpfBrokerReliabilityRepository
/mnt/data/cpf_s03_work/overlay/cpf-starters/messaging/reliability-jdbc/src/main/java/com/cpf/starter/messaging/reliability/CpfBrokerClientRouter.java:3: error: package com.cpf.core.api.broker does not exist
import com.cpf.core.api.broker.CpfBrokerClient;
                              ^
/mnt/data/cpf_s03_work/overlay/cpf-starters/messaging/reliability-jdbc/src/main/java/com/cpf/starter/messaging/reliability/CpfBrokerClientRouter.java:4: error: package com.cpf.core.api.broker does not exist
import com.cpf.core.api.broker.CpfBrokerPublishRequest;
                              ^
/mnt/data/cpf_s03_work/overlay/cpf-starters/messaging/reliability-jdbc/src/main/java/com/cpf/starter/messaging/reliability/CpfBrokerClientRouter.java:5: error: package com.cpf.core.api.broker does not exist
import com.cpf.core.api.broker.CpfBrokerPublishResult;
                              ^
/mnt/data/cpf_s03_work/overlay/cpf-starters/messaging/reliability-jdbc/src/main/java/com/cpf/starter/messaging/reliability/CpfBrokerClientRouter.java:11: error: cannot find symbol
public final class CpfBrokerClientRouter implements CpfBrokerClient {
                                                    ^
  symbol: class CpfBrokerClient
/mnt/data/cpf_s03_work/overlay/cpf-starters/messaging/reliability-jdbc/src/main/java/com/cpf/starter/messaging/reliability/CpfBrokerClientRouter.java:12: error: cannot find symbol
    private final Map<String, CpfNamedBrokerClient> bindings;
                              ^
  symbol:   class CpfNamedBrokerClient
  location: class CpfBrokerClientRouter
/mnt/data/cpf_s03_work/overlay/cpf-starters/messaging/reliability-jdbc/src/main/java/com/cpf/starter/messaging/reliability/CpfBrokerClientRouter.java:13: error: cannot find symbol
    private final CpfNamedBrokerClient defaultBinding;
                  ^
  symbol:   class CpfNamedBrokerClient
  location: class CpfBrokerClientRouter
/mnt/data/cpf_s03_work/overlay/cpf-starters/messaging/reliability-jdbc/src/main/java/com/cpf/starter/messaging/reliability/CpfBrokerClientRouter.java:15: error: cannot find symbol
    public CpfBrokerClientRouter(List<CpfNamedBrokerClient> clients) {
                                      ^
  symbol:   class CpfNamedBrokerClient
  location: class CpfBrokerClientRouter
/mnt/data/cpf_s03_work/overlay/cpf-starters/messaging/reliability-jdbc/src/main/java/com/cpf/starter/messaging/reliability/CpfBrokerClientRouter.java:38: error: cannot find symbol
    public CpfBrokerPublishResult enqueue(CpfBrokerPublishRequest request) {
                                          ^
  symbol:   class CpfBrokerPublishRequest
  location: class CpfBrokerClientRouter
/mnt/data/cpf_s03_work/overlay/cpf-starters/messaging/reliability-jdbc/src/main/java/com/cpf/starter/messaging/reliability/CpfBrokerClientRouter.java:38: error: cannot find symbol
    public CpfBrokerPublishResult enqueue(CpfBrokerPublishRequest request) {
           ^
  symbol:   class CpfBrokerPublishResult
  location: class CpfBrokerClientRouter
/mnt/data/cpf_s03_work/overlay/cpf-starters/messaging/reliability-jdbc/src/main/java/com/cpf/starter/messaging/reliability/CpfBrokerClientRouter.java:42: error: cannot find symbol
    public CpfBrokerPublishResult enqueue(String binding, CpfBrokerPublishRequest request) {
                                                          ^
  symbol:   class CpfBrokerPublishRequest
  location: class CpfBrokerClientRouter
/mnt/data/cpf_s03_work/overlay/cpf-starters/messaging/reliability-jdbc/src/main/java/com/cpf/starter/messaging/reliability/CpfBrokerClientRouter.java:42: error: cannot find symbol
    public CpfBrokerPublishResult enqueue(String binding, CpfBrokerPublishRequest request) {
           ^
  symbol:   class CpfBrokerPublishResult
  location: class CpfBrokerClientRouter
/mnt/data/cpf_s03_work/overlay/cpf-starters/messaging/reliability-jdbc/src/main/java/com/cpf/starter/messaging/reliability/CpfBrokerHeaderPolicy.java:3: error: package com.cpf.core.api.broker does not exist
import com.cpf.core.api.broker.CpfBrokerPublishRequest;
                              ^
/mnt/data/cpf_s03_work/overlay/cpf-starters/messaging/reliability-jdbc/src/main/java/com/cpf/starter/messaging/reliability/CpfBrokerHeaderPolicy.java:38: error: cannot find symbol
    static CpfBrokerPublishRequest validatedRequest(CpfBrokerPublishRequest request) {
                                                    ^
  symbol:   class CpfBrokerPublishRequest
  location: class CpfBrokerHeaderPolicy
/mnt/data/cpf_s03_work/overlay/cpf-starters/messaging/reliability-jdbc/src/main/java/com/cpf/starter/messaging/reliability/CpfBrokerHeaderPolicy.java:38: error: cannot find symbol
    static CpfBrokerPublishRequest validatedRequest(CpfBrokerPublishRequest request) {
           ^
  symbol:   class CpfBrokerPublishRequest
  location: class CpfBrokerHeaderPolicy
/mnt/data/cpf_s03_work/overlay/cpf-starters/messaging/reliability-jdbc/src/main/java/com/cpf/starter/messaging/reliability/CpfBrokerUnknownResultReconciler.java:3: error: cannot find symbol
import com.cpf.core.common.broker.CpfBrokerEnvelope;
                                 ^
  symbol:   class CpfBrokerEnvelope
  location: package com.cpf.core.common.broker
/mnt/data/cpf_s03_work/overlay/cpf-starters/messaging/reliability-jdbc/src/main/java/com/cpf/starter/messaging/reliability/CpfBrokerUnknownResultReconciler.java:4: error: cannot find symbol
import com.cpf.core.common.broker.CpfBrokerFailureSanitizer;
                                 ^
  symbol:   class CpfBrokerFailureSanitizer
  location: package com.cpf.core.common.broker
/mnt/data/cpf_s03_work/overlay/cpf-starters/messaging/reliability-jdbc/src/main/java/com/cpf/starter/messaging/reliability/CpfBrokerUnknownResultReconciler.java:6: error: cannot find symbol
import com.cpf.core.common.broker.CpfBrokerPublishResultProbe;
                                 ^
  symbol:   class CpfBrokerPublishResultProbe
  location: package com.cpf.core.common.broker
/mnt/data/cpf_s03_work/overlay/cpf-starters/messaging/reliability-jdbc/src/main/java/com/cpf/starter/messaging/reliability/CpfBrokerUnknownResultReconciler.java:7: error: cannot find symbol
import com.cpf.core.common.broker.CpfBrokerResult;
                                 ^
  symbol:   class CpfBrokerResult
  location: package com.cpf.core.common.broker
/mnt/data/cpf_s03_work/overlay/cpf-starters/messaging/reliability-jdbc/src/main/java/com/cpf/starter/messaging/reliability/CpfBrokerUnknownResultReconciler.java:18: error: cannot find symbol
    private final List<CpfBrokerPublishResultProbe> probes;
                       ^
  symbol:   class CpfBrokerPublishResultProbe
  location: class CpfBrokerUnknownResultReconciler
/mnt/data/cpf_s03_work/overlay/cpf-starters/messaging/reliability-jdbc/src/main/java/com/cpf/starter/messaging/reliability/CpfBrokerUnknownResultReconciler.java:23: error: cannot find symbol
            List<CpfBrokerPublishResultProbe> probes, Clock clock, Duration retryDelay) {
                 ^
  symbol:   class CpfBrokerPublishResultProbe
  location: class CpfBrokerUnknownResultReconciler
/mnt/data/cpf_s03_work/overlay/cpf-starters/messaging/reliability-jdbc/src/main/java/com/cpf/starter/messaging/reliability/CpfBrokerUnknownResultReconciler.java:53: error: cannot find symbol
    private CpfBrokerResult probe(CpfBrokerEnvelope envelope){
                                  ^
  symbol:   class CpfBrokerEnvelope
  location: class CpfBrokerUnknownResultReconciler
/mnt/data/cpf_s03_work/overlay/cpf-starters/messaging/reliability-jdbc/src/main/java/com/cpf/starter/messaging/reliability/CpfBrokerUnknownResultReconciler.java:53: error: cannot find symbol
    private CpfBrokerResult probe(CpfBrokerEnvelope envelope){
            ^
  symbol:   class CpfBrokerResult
  location: class CpfBrokerUnknownResultReconciler
/mnt/data/cpf_s03_work/overlay/cpf-starters/messaging/reliability-jdbc/src/main/java/com/cpf/starter/messaging/reliability/CpfBrokerUnknownResultReconciler.java:68: error: cannot find symbol
    private CpfBrokerResult unknown(CpfBrokerEnvelope e,String d){return new CpfBrokerResult("UNKNOWN",e.message().messageId(),"PROBE",null,clock.instant(),safe(d));}
                                    ^
  symbol:   class CpfBrokerEnvelope
  location: class CpfBrokerUnknownResultReconciler
/mnt/data/cpf_s03_work/overlay/cpf-starters/messaging/reliability-jdbc/src/main/java/com/cpf/starter/messaging/reliability/CpfBrokerUnknownResultReconciler.java:68: error: cannot find symbol
    private CpfBrokerResult unknown(CpfBrokerEnvelope e,String d){return new CpfBrokerResult("UNKNOWN",e.message().messageId(),"PROBE",null,clock.instant(),safe(d));}
            ^
  symbol:   class CpfBrokerResult
  location: class CpfBrokerUnknownResultReconciler
/mnt/data/cpf_s03_work/overlay/cpf-starters/messaging/reliability-jdbc/src/main/java/com/cpf/starter/messaging/reliability/CpfBrokerUnknownResultReconciler.java:69: error: cannot find symbol
    private static boolean isUnknown(CpfBrokerResult r){return "UNKNOWN".equalsIgnoreCase(r.status())||"RESULT_UNKNOWN".equalsIgnoreCase(r.status());}
                                     ^
  symbol:   class CpfBrokerResult
  location: class CpfBrokerUnknownResultReconciler
/mnt/data/cpf_s03_work/overlay/cpf-starters/messaging/reliability-jdbc/src/main/java/com/cpf/starter/messaging/reliability/CpfBrokerUnknownResultReconciler.java:70: error: cannot find symbol
    private static boolean isPublished(CpfBrokerResult r){return "PUBLISHED".equalsIgnoreCase(r.status())||"SUCCESS".equalsIgnoreCase(r.status())||"ACCEPTED".equalsIgnoreCase(r.status());}
                                       ^
  symbol:   class CpfBrokerResult
  location: class CpfBrokerUnknownResultReconciler
/mnt/data/cpf_s03_work/overlay/cpf-starters/messaging/reliability-jdbc/src/main/java/com/cpf/starter/messaging/reliability/CpfProviderBrokerPublisher.java:3: error: package com.cpf.core.api.broker does not exist
import com.cpf.core.api.broker.CpfBrokerPublishRequest;
                              ^
/mnt/data/cpf_s03_work/overlay/cpf-starters/messaging/reliability-jdbc/src/main/java/com/cpf/starter/messaging/reliability/CpfProviderBrokerPublisher.java:4: error: package com.cpf.core.api.broker does not exist
import com.cpf.core.api.broker.CpfBrokerPublishResult;
                              ^
/mnt/data/cpf_s03_work/overlay/cpf-starters/messaging/reliability-jdbc/src/main/java/com/cpf/starter/messaging/reliability/CpfProviderBrokerPublisher.java:5: error: cannot find symbol
import com.cpf.core.common.broker.CpfBrokerEnvelope;
                                 ^
  symbol:   class CpfBrokerEnvelope
  location: package com.cpf.core.common.broker
/mnt/data/cpf_s03_work/overlay/cpf-starters/messaging/reliability-jdbc/src/main/java/com/cpf/starter/messaging/reliability/CpfProviderBrokerPublisher.java:6: error: cannot find symbol
import com.cpf.core.common.broker.CpfBrokerFailureSanitizer;
                                 ^
  symbol:   class CpfBrokerFailureSanitizer
  location: package com.cpf.core.common.broker
/mnt/data/cpf_s03_work/overlay/cpf-starters/messaging/reliability-jdbc/src/main/java/com/cpf/starter/messaging/reliability/CpfProviderBrokerPublisher.java:7: error: cannot find symbol
import com.cpf.core.common.broker.CpfBrokerPublisher;
                                 ^
  symbol:   class CpfBrokerPublisher
  location: package com.cpf.core.common.broker
/mnt/data/cpf_s03_work/overlay/cpf-starters/messaging/reliability-jdbc/src/main/java/com/cpf/starter/messaging/reliability/CpfProviderBrokerPublisher.java:8: error: cannot find symbol
import com.cpf.core.common.broker.CpfBrokerResult;
                                 ^
  symbol:   class CpfBrokerResult
  location: package com.cpf.core.common.broker
/mnt/data/cpf_s03_work/overlay/cpf-starters/messaging/reliability-jdbc/src/main/java/com/cpf/starter/messaging/reliability/CpfProviderBrokerPublisher.java:13: error: cannot find symbol
public final class CpfProviderBrokerPublisher implements CpfBrokerPublisher {
                                                         ^
  symbol: class CpfBrokerPublisher
/mnt/data/cpf_s03_work/overlay/cpf-starters/messaging/reliability-jdbc/src/main/java/com/cpf/starter/messaging/reliability/CpfProviderBrokerPublisher.java:23: error: cannot find symbol
    public CpfBrokerResult publish(CpfBrokerEnvelope envelope) {
                                   ^
  symbol:   class CpfBrokerEnvelope
  location: class CpfProviderBrokerPublisher
/mnt/data/cpf_s03_work/overlay/cpf-starters/messaging/reliability-jdbc/src/main/java/com/cpf/starter/messaging/reliability/CpfProviderBrokerPublisher.java:23: error: cannot find symbol
    public CpfBrokerResult publish(CpfBrokerEnvelope envelope) {
           ^
  symbol:   class CpfBrokerResult
  location: class CpfProviderBrokerPublisher
/mnt/data/cpf_s03_work/overlay/cpf-starters/messaging/reliability-jdbc/src/main/java/com/cpf/starter/messaging/reliability/CpfProviderBrokerPublisher.java:76: error: cannot find symbol
    private CpfBrokerResult unknown(CpfBrokerEnvelope envelope, String detail) {
                                    ^
  symbol:   class CpfBrokerEnvelope
  location: class CpfProviderBrokerPublisher
/mnt/data/cpf_s03_work/overlay/cpf-starters/messaging/reliability-jdbc/src/main/java/com/cpf/starter/messaging/reliability/CpfProviderBrokerPublisher.java:76: error: cannot find symbol
    private CpfBrokerResult unknown(CpfBrokerEnvelope envelope, String detail) {
            ^
  symbol:   class CpfBrokerResult
  location: class CpfProviderBrokerPublisher
/mnt/data/cpf_s03_work/overlay/cpf-starters/messaging/reliability-jdbc/src/main/java/com/cpf/starter/messaging/reliability/CpfReliableBrokerClient.java:3: error: package com.cpf.core.api.broker does not exist
import com.cpf.core.api.broker.CpfBrokerClient;
                              ^
/mnt/data/cpf_s03_work/overlay/cpf-starters/messaging/reliability-jdbc/src/main/java/com/cpf/starter/messaging/reliability/CpfReliableBrokerClient.java:4: error: package com.cpf.core.api.broker does not exist
import com.cpf.core.api.broker.CpfBrokerPublishRequest;
                              ^
/mnt/data/cpf_s03_work/overlay/cpf-starters/messaging/reliability-jdbc/src/main/java/com/cpf/starter/messaging/reliability/CpfReliableBrokerClient.java:5: error: package com.cpf.core.api.broker does not exist
import com.cpf.core.api.broker.CpfBrokerPublishResult;
                              ^
/mnt/data/cpf_s03_work/overlay/cpf-starters/messaging/reliability-jdbc/src/main/java/com/cpf/starter/messaging/reliability/CpfReliableBrokerClient.java:6: error: cannot find symbol
import com.cpf.core.common.broker.CpfBrokerEnvelope;
                                 ^
  symbol:   class CpfBrokerEnvelope
  location: package com.cpf.core.common.broker
/mnt/data/cpf_s03_work/overlay/cpf-starters/messaging/reliability-jdbc/src/main/java/com/cpf/starter/messaging/reliability/CpfReliableBrokerClient.java:7: error: cannot find symbol
import com.cpf.core.common.broker.CpfBrokerMessage;
                                 ^
  symbol:   class CpfBrokerMessage
  location: package com.cpf.core.common.broker
/mnt/data/cpf_s03_work/overlay/cpf-starters/messaging/reliability-jdbc/src/main/java/com/cpf/starter/messaging/reliability/CpfReliableBrokerClient.java:9: error: cannot find symbol
import com.cpf.core.common.broker.CpfBrokerResult;
                                 ^
  symbol:   class CpfBrokerResult
  location: package com.cpf.core.common.broker
/mnt/data/cpf_s03_work/overlay/cpf-starters/messaging/reliability-jdbc/src/main/java/com/cpf/starter/messaging/reliability/CpfReliableBrokerClient.java:13: error: package org.springframework.transaction.annotation does not exist
import org.springframework.transaction.annotation.Transactional;
                                                 ^
/mnt/data/cpf_s03_work/overlay/cpf-starters/messaging/reliability-jdbc/src/main/java/com/cpf/starter/messaging/reliability/CpfReliableBrokerClient.java:19: error: cannot find symbol
public class CpfReliableBrokerClient implements CpfBrokerClient {
                                                ^
  symbol: class CpfBrokerClient
/mnt/data/cpf_s03_work/overlay/cpf-starters/messaging/reliability-jdbc/src/main/java/com/cpf/starter/messaging/reliability/CpfReliableBrokerClient.java:30: error: cannot find symbol
    public CpfBrokerPublishResult enqueue(CpfBrokerPublishRequest request) {
                                          ^
  symbol:   class CpfBrokerPublishRequest
  location: class CpfReliableBrokerClient
/mnt/data/cpf_s03_work/overlay/cpf-starters/messaging/reliability-jdbc/src/main/java/com/cpf/starter/messaging/reliability/CpfReliableBrokerClient.java:30: error: cannot find symbol
    public CpfBrokerPublishResult enqueue(CpfBrokerPublishRequest request) {
           ^
  symbol:   class CpfBrokerPublishResult
  location: class CpfReliableBrokerClient
/mnt/data/cpf_s03_work/overlay/cpf-starters/messaging/reliability-jdbc/src/test/java/com/cpf/core/common/broker/CpfBrokerPublisherWorkerUnknownResultTest.java:3: error: package org.assertj.core.api does not exist
import static org.assertj.core.api.Assertions.assertThat;
                                  ^
/mnt/data/cpf_s03_work/overlay/cpf-starters/messaging/reliability-jdbc/src/test/java/com/cpf/core/common/broker/CpfBrokerPublisherWorkerUnknownResultTest.java:3: error: static import only from classes and interfaces
import static org.assertj.core.api.Assertions.assertThat;
^
/mnt/data/cpf_s03_work/overlay/cpf-starters/messaging/reliability-jdbc/src/test/java/com/cpf/core/common/broker/CpfBrokerPublisherWorkerUnknownResultTest.java:11: error: package org.junit.jupiter.api does not exist
import org.junit.jupiter.api.Test;
                            ^
/mnt/data/cpf_s03_work/overlay/cpf-starters/messaging/reliability-jdbc/src/test/java/com/cpf/core/common/broker/CpfBrokerPublisherWorkerUnknownResultTest.java:62: error: cannot find symbol
        public CpfBrokerResult saveOutbox(CpfBrokerEnvelope envelope) {
                                          ^
  symbol:   class CpfBrokerEnvelope
  location: class Port
/mnt/data/cpf_s03_work/overlay/cpf-starters/messaging/reliability-jdbc/src/test/java/com/cpf/core/common/broker/CpfBrokerPublisherWorkerUnknownResultTest.java:62: error: cannot find symbol
        public CpfBrokerResult saveOutbox(CpfBrokerEnvelope envelope) {
               ^
  symbol:   class CpfBrokerResult
  location: class Port
/mnt/data/cpf_s03_work/overlay/cpf-starters/messaging/reliability-jdbc/src/test/java/com/cpf/core/common/broker/CpfBrokerPublisherWorkerUnknownResultTest.java:68: error: cannot find symbol
        public List<CpfBrokerEnvelope> claimPending(String workerId, int limit) {
                    ^
  symbol:   class CpfBrokerEnvelope
  location: class Port
/mnt/data/cpf_s03_work/overlay/cpf-starters/messaging/reliability-jdbc/src/test/java/com/cpf/core/common/broker/CpfBrokerPublisherWorkerUnknownResultTest.java:76: error: cannot find symbol
        public void markPublished(String messageId, CpfBrokerResult result) {
                                                    ^
  symbol:   class CpfBrokerResult
  location: class Port
/mnt/data/cpf_s03_work/overlay/cpf-starters/messaging/reliability-jdbc/src/test/java/com/cpf/core/common/broker/CpfBrokerPublisherWorkerUnknownResultTest.java:81: error: cannot find symbol
        public void markPublished(String workerId, String messageId, CpfBrokerResult result) {
                                                                     ^
  symbol:   class CpfBrokerResult
  location: class Port
/mnt/data/cpf_s03_work/overlay/cpf-starters/messaging/reliability-jdbc/src/test/java/com/cpf/core/common/broker/CpfBrokerPublisherWorkerUnknownResultTest.java:90: error: cannot find symbol
                String messageId, CpfBrokerResult result, Instant nextReconcileAt) {
                                  ^
  symbol:   class CpfBrokerResult
  location: class Port
/mnt/data/cpf_s03_work/overlay/cpf-starters/messaging/reliability-jdbc/src/test/java/com/cpf/core/common/broker/CpfBrokerPublisherWorkerUnknownResultTest.java:96: error: cannot find symbol
                CpfBrokerResult result, Instant nextReconcileAt) {
                ^
  symbol:   class CpfBrokerResult
  location: class Port
/mnt/data/cpf_s03_work/overlay/cpf-starters/messaging/reliability-jdbc/src/test/java/com/cpf/core/common/broker/CpfBrokerPublisherWorkerUnknownResultTest.java:101: error: cannot find symbol
        public List<CpfBrokerEnvelope> claimUnknown(String workerId, int limit) {
                    ^
  symbol:   class CpfBrokerEnvelope
  location: class Port
/mnt/data/cpf_s03_work/overlay/cpf-starters/messaging/reliability-jdbc/src/test/java/com/cpf/core/common/broker/CpfBrokerPublisherWorkerUnknownResultTest.java:116: error: cannot find symbol
        private static CpfBrokerEnvelope envelope() {
                       ^
  symbol:   class CpfBrokerEnvelope
  location: class Port
/mnt/data/cpf_s03_work/overlay/cpf-starters/messaging/reliability-jdbc/src/test/java/com/cpf/core/common/broker/CpfBrokerPublisherWorkerUnknownResultTest.java:128: error: cannot find symbol
        @Override public CpfBrokerResult saveOutbox(CpfBrokerEnvelope envelope) { return null; }
                                                    ^
  symbol:   class CpfBrokerEnvelope
  location: class LegacyPort
/mnt/data/cpf_s03_work/overlay/cpf-starters/messaging/reliability-jdbc/src/test/java/com/cpf/core/common/broker/CpfBrokerPublisherWorkerUnknownResultTest.java:128: error: cannot find symbol
        @Override public CpfBrokerResult saveOutbox(CpfBrokerEnvelope envelope) { return null; }
                         ^
  symbol:   class CpfBrokerResult
  location: class LegacyPort
/mnt/data/cpf_s03_work/overlay/cpf-starters/messaging/reliability-jdbc/src/test/java/com/cpf/core/common/broker/CpfBrokerPublisherWorkerUnknownResultTest.java:129: error: cannot find symbol
        @Override public List<CpfBrokerEnvelope> claimPending(String workerId, int limit) { return List.of(); }
                              ^
  symbol:   class CpfBrokerEnvelope
  location: class LegacyPort
/mnt/data/cpf_s03_work/overlay/cpf-starters/messaging/reliability-jdbc/src/test/java/com/cpf/core/common/broker/CpfBrokerPublisherWorkerUnknownResultTest.java:130: error: cannot find symbol
        @Override public void markPublished(String messageId, CpfBrokerResult result) { }
                                                              ^
  symbol:   class CpfBrokerResult
  location: class LegacyPort
/mnt/data/cpf_s03_work/overlay/cpf-starters/messaging/reliability-jdbc/src/test/java/com/cpf/core/common/broker/CpfBrokerPublisherWorkerUnknownResultTest.java:131: error: cannot find symbol
        @Override public void markUnknown(String messageId, CpfBrokerResult result, Instant nextReconcileAt) { }
                                                            ^
  symbol:   class CpfBrokerResult
  location: class LegacyPort
/mnt/data/cpf_s03_work/overlay/cpf-starters/messaging/reliability-jdbc/src/test/java/com/cpf/core/common/broker/CpfBrokerPublisherWorkerUnknownResultTest.java:132: error: cannot find symbol
        @Override public List<CpfBrokerEnvelope> claimUnknown(String workerId, int limit) { return List.of(); }
                              ^
  symbol:   class CpfBrokerEnvelope
  location: class LegacyPort
/mnt/data/cpf_s03_work/overlay/cpf-starters/messaging/reliability-jdbc/src/test/java/com/cpf/starter/messaging/reliability/CpfBrokerHeaderPolicyTest.java:3: error: package org.assertj.core.api does not exist
import static org.assertj.core.api.Assertions.assertThat;
                                  ^
/mnt/data/cpf_s03_work/overlay/cpf-starters/messaging/reliability-jdbc/src/test/java/com/cpf/starter/messaging/reliability/CpfBrokerHeaderPolicyTest.java:3: error: static import only from classes and interfaces
import static org.assertj.core.api.Assertions.assertThat;
^
/mnt/data/cpf_s03_work/overlay/cpf-starters/messaging/reliability-jdbc/src/test/java/com/cpf/starter/messaging/reliability/CpfBrokerHeaderPolicyTest.java:4: error: package org.assertj.core.api does not exist
import static org.assertj.core.api.Assertions.assertThatThrownBy;
                                  ^
/mnt/data/cpf_s03_work/overlay/cpf-starters/messaging/reliability-jdbc/src/test/java/com/cpf/starter/messaging/reliability/CpfBrokerHeaderPolicyTest.java:4: error: static import only from classes and interfaces
import static org.assertj.core.api.Assertions.assertThatThrownBy;
^
/mnt/data/cpf_s03_work/overlay/cpf-starters/messaging/reliability-jdbc/src/test/java/com/cpf/starter/messaging/reliability/CpfBrokerHeaderPolicyTest.java:6: error: package com.cpf.core.api.broker does not exist
import com.cpf.core.api.broker.CpfBrokerPublishRequest;
                              ^
/mnt/data/cpf_s03_work/overlay/cpf-starters/messaging/reliability-jdbc/src/test/java/com/cpf/starter/messaging/reliability/CpfBrokerHeaderPolicyTest.java:10: error: package org.junit.jupiter.api does not exist
import org.junit.jupiter.api.Test;
                            ^
/mnt/data/cpf_s03_work/overlay/cpf-starters/messaging/reliability-jdbc/src/test/java/com/cpf/starter/messaging/reliability/CpfBrokerHeaderPolicyTest.java:55: error: cannot find symbol
    private static CpfBrokerPublishRequest request(Map<String, String> headers) {
                   ^
  symbol:   class CpfBrokerPublishRequest
  location: class CpfBrokerHeaderPolicyTest
/mnt/data/cpf_s03_work/overlay/cpf-starters/messaging/reliability-jdbc/src/test/java/com/cpf/starter/messaging/reliability/CpfBrokerUnknownResultReconcilerTest.java:3: error: package org.assertj.core.api does not exist
import static org.assertj.core.api.Assertions.assertThat;
                                  ^
/mnt/data/cpf_s03_work/overlay/cpf-starters/messaging/reliability-jdbc/src/test/java/com/cpf/starter/messaging/reliability/CpfBrokerUnknownResultReconcilerTest.java:3: error: static import only from classes and interfaces
import static org.assertj.core.api.Assertions.assertThat;
^
/mnt/data/cpf_s03_work/overlay/cpf-starters/messaging/reliability-jdbc/src/test/java/com/cpf/starter/messaging/reliability/CpfBrokerUnknownResultReconcilerTest.java:5: error: cannot find symbol
import com.cpf.core.common.broker.CpfBrokerEnvelope;
                                 ^
  symbol:   class CpfBrokerEnvelope
  location: package com.cpf.core.common.broker
/mnt/data/cpf_s03_work/overlay/cpf-starters/messaging/reliability-jdbc/src/test/java/com/cpf/starter/messaging/reliability/CpfBrokerUnknownResultReconcilerTest.java:6: error: cannot find symbol
import com.cpf.core.common.broker.CpfBrokerMessage;
                                 ^
  symbol:   class CpfBrokerMessage
  location: package com.cpf.core.common.broker
/mnt/data/cpf_s03_work/overlay/cpf-starters/messaging/reliability-jdbc/src/test/java/com/cpf/starter/messaging/reliability/CpfBrokerUnknownResultReconcilerTest.java:8: error: cannot find symbol
import com.cpf.core.common.broker.CpfBrokerResult;
                                 ^
  symbol:   class CpfBrokerResult
  location: package com.cpf.core.common.broker
/mnt/data/cpf_s03_work/overlay/cpf-starters/messaging/reliability-jdbc/src/test/java/com/cpf/starter/messaging/reliability/CpfBrokerUnknownResultReconcilerTest.java:16: error: package org.junit.jupiter.api does not exist
import org.junit.jupiter.api.Test;
                            ^
/mnt/data/cpf_s03_work/overlay/cpf-starters/messaging/reliability-jdbc/src/test/java/com/cpf/starter/messaging/reliability/CpfBrokerUnknownResultReconcilerTest.java:72: error: cannot find symbol
        public CpfBrokerResult saveOutbox(CpfBrokerEnvelope envelope) {
                                          ^
  symbol:   class CpfBrokerEnvelope
  location: class Port
/mnt/data/cpf_s03_work/overlay/cpf-starters/messaging/reliability-jdbc/src/test/java/com/cpf/starter/messaging/reliability/CpfBrokerUnknownResultReconcilerTest.java:72: error: cannot find symbol
        public CpfBrokerResult saveOutbox(CpfBrokerEnvelope envelope) {
               ^
  symbol:   class CpfBrokerResult
  location: class Port
/mnt/data/cpf_s03_work/overlay/cpf-starters/messaging/reliability-jdbc/src/test/java/com/cpf/starter/messaging/reliability/CpfBrokerUnknownResultReconcilerTest.java:77: error: cannot find symbol
        public List<CpfBrokerEnvelope> claimPending(String workerId, int limit) {
                    ^
  symbol:   class CpfBrokerEnvelope
  location: class Port
/mnt/data/cpf_s03_work/overlay/cpf-starters/messaging/reliability-jdbc/src/test/java/com/cpf/starter/messaging/reliability/CpfBrokerUnknownResultReconcilerTest.java:85: error: cannot find symbol
        public void markPublished(String messageId, CpfBrokerResult result) {
                                                    ^
  symbol:   class CpfBrokerResult
  location: class Port
/mnt/data/cpf_s03_work/overlay/cpf-starters/messaging/reliability-jdbc/src/test/java/com/cpf/starter/messaging/reliability/CpfBrokerUnknownResultReconcilerTest.java:90: error: cannot find symbol
        public void markPublished(String workerId, String messageId, CpfBrokerResult result) {
                                                                     ^
  symbol:   class CpfBrokerResult
  location: class Port
/mnt/data/cpf_s03_work/overlay/cpf-starters/messaging/reliability-jdbc/src/test/java/com/cpf/starter/messaging/reliability/CpfBrokerUnknownResultReconcilerTest.java:99: error: cannot find symbol
                String messageId, CpfBrokerResult result, Instant nextReconcileAt) {
                                  ^
  symbol:   class CpfBrokerResult
  location: class Port
/mnt/data/cpf_s03_work/overlay/cpf-starters/messaging/reliability-jdbc/src/test/java/com/cpf/starter/messaging/reliability/CpfBrokerUnknownResultReconcilerTest.java:105: error: cannot find symbol
                CpfBrokerResult result, Instant nextReconcileAt) {
                ^
  symbol:   class CpfBrokerResult
  location: class Port
/mnt/data/cpf_s03_work/overlay/cpf-starters/messaging/reliability-jdbc/src/test/java/com/cpf/starter/messaging/reliability/CpfBrokerUnknownResultReconcilerTest.java:109: error: cannot find symbol
        public List<CpfBrokerEnvelope> claimUnknown(String workerId, int limit) {
                    ^
  symbol:   class CpfBrokerEnvelope
  location: class Port
/mnt/data/cpf_s03_work/overlay/cpf-starters/messaging/reliability-jdbc/src/test/java/com/cpf/starter/messaging/reliability/CpfBrokerUnknownResultReconcilerTest.java:125: error: cannot find symbol
        private static CpfBrokerEnvelope envelope() {
                       ^
  symbol:   class CpfBrokerEnvelope
  location: class Port
/mnt/data/cpf_s03_work/overlay/cpf-starters/messaging/reliability-jdbc/src/test/java/com/cpf/starter/messaging/reliability/CpfBrokerUnknownResultReconcilerTest.java:137: error: cannot find symbol
        @Override public CpfBrokerResult saveOutbox(CpfBrokerEnvelope envelope) { return null; }
                                                    ^
  symbol:   class CpfBrokerEnvelope
  location: class LegacyPort
/mnt/data/cpf_s03_work/overlay/cpf-starters/messaging/reliability-jdbc/src/test/java/com/cpf/starter/messaging/reliability/CpfBrokerUnknownResultReconcilerTest.java:137: error: cannot find symbol
        @Override public CpfBrokerResult saveOutbox(CpfBrokerEnvelope envelope) { return null; }
                         ^
  symbol:   class CpfBrokerResult
  location: class LegacyPort
/mnt/data/cpf_s03_work/overlay/cpf-starters/messaging/reliability-jdbc/src/test/java/com/cpf/starter/messaging/reliability/CpfBrokerUnknownResultReconcilerTest.java:138: error: cannot find symbol
        @Override public List<CpfBrokerEnvelope> claimPending(String workerId, int limit) { return List.of(); }
                              ^
  symbol:   class CpfBrokerEnvelope
  location: class LegacyPort
/mnt/data/cpf_s03_work/overlay/cpf-starters/messaging/reliability-jdbc/src/test/java/com/cpf/starter/messaging/reliability/CpfBrokerUnknownResultReconcilerTest.java:139: error: cannot find symbol
        @Override public void markPublished(String messageId, CpfBrokerResult result) { }
                                                              ^
  symbol:   class CpfBrokerResult
  location: class LegacyPort
/mnt/data/cpf_s03_work/overlay/cpf-starters/messaging/reliability-jdbc/src/test/java/com/cpf/starter/messaging/reliability/CpfBrokerUnknownResultReconcilerTest.java:140: error: cannot find symbol
        @Override public void markUnknown(String messageId, CpfBrokerResult result, Instant nextReconcileAt) { }
                                                            ^
  symbol:   class CpfBrokerResult
  location: class LegacyPort
/mnt/data/cpf_s03_work/overlay/cpf-starters/messaging/reliability-jdbc/src/test/java/com/cpf/starter/messaging/reliability/CpfBrokerUnknownResultReconcilerTest.java:141: error: cannot find symbol
        @Override public List<CpfBrokerEnvelope> claimUnknown(String workerId, int limit) { return List.of(); }
                              ^
  symbol:   class CpfBrokerEnvelope
  location: class LegacyPort
/mnt/data/cpf_s03_work/overlay/cpf-starters/messaging/reliability-jdbc/src/test/java/com/cpf/starter/messaging/reliability/CpfProviderBrokerPublisherTest.java:3: error: package org.assertj.core.api does not exist
import static org.assertj.core.api.Assertions.assertThat;
                                  ^
/mnt/data/cpf_s03_work/overlay/cpf-starters/messaging/reliability-jdbc/src/test/java/com/cpf/starter/messaging/reliability/CpfProviderBrokerPublisherTest.java:3: error: static import only from classes and interfaces
import static org.assertj.core.api.Assertions.assertThat;
^
/mnt/data/cpf_s03_work/overlay/cpf-starters/messaging/reliability-jdbc/src/test/java/com/cpf/starter/messaging/reliability/CpfProviderBrokerPublisherTest.java:5: error: package com.cpf.core.api.broker does not exist
import com.cpf.core.api.broker.CpfBrokerClient;
                              ^
/mnt/data/cpf_s03_work/overlay/cpf-starters/messaging/reliability-jdbc/src/test/java/com/cpf/starter/messaging/reliability/CpfProviderBrokerPublisherTest.java:6: error: package com.cpf.core.api.broker does not exist
import com.cpf.core.api.broker.CpfBrokerPublishRequest;
                              ^
/mnt/data/cpf_s03_work/overlay/cpf-starters/messaging/reliability-jdbc/src/test/java/com/cpf/starter/messaging/reliability/CpfProviderBrokerPublisherTest.java:7: error: package com.cpf.core.api.broker does not exist
import com.cpf.core.api.broker.CpfBrokerPublishResult;
                              ^
/mnt/data/cpf_s03_work/overlay/cpf-starters/messaging/reliability-jdbc/src/test/java/com/cpf/starter/messaging/reliability/CpfProviderBrokerPublisherTest.java:8: error: cannot find symbol
import com.cpf.core.common.broker.CpfBrokerEnvelope;
                                 ^
  symbol:   class CpfBrokerEnvelope
  location: package com.cpf.core.common.broker
/mnt/data/cpf_s03_work/overlay/cpf-starters/messaging/reliability-jdbc/src/test/java/com/cpf/starter/messaging/reliability/CpfProviderBrokerPublisherTest.java:9: error: cannot find symbol
import com.cpf.core.common.broker.CpfBrokerMessage;
                                 ^
  symbol:   class CpfBrokerMessage
  location: package com.cpf.core.common.broker
/mnt/data/cpf_s03_work/overlay/cpf-starters/messaging/reliability-jdbc/src/test/java/com/cpf/starter/messaging/reliability/CpfProviderBrokerPublisherTest.java:16: error: package org.junit.jupiter.api does not exist
import org.junit.jupiter.api.Test;
                            ^
/mnt/data/cpf_s03_work/overlay/cpf-starters/messaging/reliability-jdbc/src/test/java/com/cpf/starter/messaging/reliability/CpfProviderBrokerPublisherTest.java:105: error: cannot find symbol
    private static CpfBrokerEnvelope envelope() {
                   ^
  symbol:   class CpfBrokerEnvelope
  location: class CpfProviderBrokerPublisherTest
/mnt/data/cpf_s03_work/overlay/cpf-starters/messaging/reliability-jdbc/src/test/java/com/cpf/starter/messaging/reliability/CpfProviderBrokerPublisherTest.java:115: error: cannot find symbol
    private static final class RecordingClient implements CpfBrokerClient {
                                                          ^
  symbol:   class CpfBrokerClient
  location: class CpfProviderBrokerPublisherTest
/mnt/data/cpf_s03_work/overlay/cpf-starters/messaging/reliability-jdbc/src/test/java/com/cpf/starter/messaging/reliability/CpfProviderBrokerPublisherTest.java:116: error: cannot find symbol
        private CpfBrokerPublishRequest request;
                ^
  symbol:   class CpfBrokerPublishRequest
  location: class RecordingClient
/mnt/data/cpf_s03_work/overlay/cpf-starters/messaging/reliability-jdbc/src/test/java/com/cpf/starter/messaging/reliability/CpfProviderBrokerPublisherTest.java:119: error: cannot find symbol
        public CpfBrokerPublishResult enqueue(CpfBrokerPublishRequest request) {
                                              ^
  symbol:   class CpfBrokerPublishRequest
  location: class RecordingClient
/mnt/data/cpf_s03_work/overlay/cpf-starters/messaging/reliability-jdbc/src/test/java/com/cpf/starter/messaging/reliability/CpfProviderBrokerPublisherTest.java:119: error: cannot find symbol
        public CpfBrokerPublishResult enqueue(CpfBrokerPublishRequest request) {
               ^
  symbol:   class CpfBrokerPublishResult
  location: class RecordingClient
/mnt/data/cpf_s03_work/overlay/cpf-starters/messaging/reliability-jdbc/src/test/java/com/cpf/starter/messaging/reliability/CpfReliableBrokerClientTest.java:3: error: package org.assertj.core.api does not exist
import static org.assertj.core.api.Assertions.assertThat;
                                  ^
/mnt/data/cpf_s03_work/overlay/cpf-starters/messaging/reliability-jdbc/src/test/java/com/cpf/starter/messaging/reliability/CpfReliableBrokerClientTest.java:3: error: static import only from classes and interfaces
import static org.assertj.core.api.Assertions.assertThat;
^
/mnt/data/cpf_s03_work/overlay/cpf-starters/messaging/reliability-jdbc/src/test/java/com/cpf/starter/messaging/reliability/CpfReliableBrokerClientTest.java:4: error: package org.assertj.core.api does not exist
import static org.assertj.core.api.Assertions.assertThatThrownBy;
                                  ^
/mnt/data/cpf_s03_work/overlay/cpf-starters/messaging/reliability-jdbc/src/test/java/com/cpf/starter/messaging/reliability/CpfReliableBrokerClientTest.java:4: error: static import only from classes and interfaces
import static org.assertj.core.api.Assertions.assertThatThrownBy;
^
/mnt/data/cpf_s03_work/overlay/cpf-starters/messaging/reliability-jdbc/src/test/java/com/cpf/starter/messaging/reliability/CpfReliableBrokerClientTest.java:6: error: package com.cpf.core.api.broker does not exist
import com.cpf.core.api.broker.CpfBrokerPublishRequest;
                              ^
/mnt/data/cpf_s03_work/overlay/cpf-starters/messaging/reliability-jdbc/src/test/java/com/cpf/starter/messaging/reliability/CpfReliableBrokerClientTest.java:7: error: cannot find symbol
import com.cpf.core.common.broker.CpfBrokerEnvelope;
                                 ^
  symbol:   class CpfBrokerEnvelope
  location: package com.cpf.core.common.broker
/mnt/data/cpf_s03_work/overlay/cpf-starters/messaging/reliability-jdbc/src/test/java/com/cpf/starter/messaging/reliability/CpfReliableBrokerClientTest.java:9: error: cannot find symbol
import com.cpf.core.common.broker.CpfBrokerResult;
                                 ^
  symbol:   class CpfBrokerResult
  location: package com.cpf.core.common.broker
/mnt/data/cpf_s03_work/overlay/cpf-starters/messaging/reliability-jdbc/src/test/java/com/cpf/starter/messaging/reliability/CpfReliableBrokerClientTest.java:17: error: package org.junit.jupiter.api does not exist
import org.junit.jupiter.api.Test;
                            ^
/mnt/data/cpf_s03_work/overlay/cpf-starters/messaging/reliability-jdbc/src/test/java/com/cpf/starter/messaging/reliability/CpfReliableBrokerClientTest.java:18: error: package org.springframework.transaction.annotation does not exist
import org.springframework.transaction.annotation.Transactional;
                                                 ^
/mnt/data/cpf_s03_work/overlay/cpf-starters/messaging/reliability-jdbc/src/test/java/com/cpf/starter/messaging/reliability/CpfReliableBrokerClientTest.java:77: error: cannot find symbol
    private static CpfBrokerPublishRequest request() {
                   ^
  symbol:   class CpfBrokerPublishRequest
  location: class CpfReliableBrokerClientTest
/mnt/data/cpf_s03_work/overlay/cpf-starters/messaging/reliability-jdbc/src/test/java/com/cpf/starter/messaging/reliability/CpfReliableBrokerClientTest.java:86: error: cannot find symbol
        private CpfBrokerEnvelope saved;
                ^
  symbol:   class CpfBrokerEnvelope
  location: class RecordingOutbox
/mnt/data/cpf_s03_work/overlay/cpf-starters/messaging/reliability-jdbc/src/test/java/com/cpf/starter/messaging/reliability/CpfReliableBrokerClientTest.java:89: error: cannot find symbol
        public CpfBrokerResult saveOutbox(CpfBrokerEnvelope envelope) {
                                          ^
  symbol:   class CpfBrokerEnvelope
  location: class RecordingOutbox
/mnt/data/cpf_s03_work/overlay/cpf-starters/messaging/reliability-jdbc/src/test/java/com/cpf/starter/messaging/reliability/CpfReliableBrokerClientTest.java:89: error: cannot find symbol
        public CpfBrokerResult saveOutbox(CpfBrokerEnvelope envelope) {
               ^
  symbol:   class CpfBrokerResult
  location: class RecordingOutbox
/mnt/data/cpf_s03_work/overlay/cpf-starters/messaging/reliability-jdbc/src/test/java/com/cpf/starter/messaging/reliability/CpfReliableBrokerClientTest.java:96: error: cannot find symbol
        public List<CpfBrokerEnvelope> claimPending(String workerId, int limit) {
                    ^
  symbol:   class CpfBrokerEnvelope
  location: class RecordingOutbox
/mnt/data/cpf_s03_work/overlay/cpf-starters/messaging/reliability-jdbc/src/test/java/com/cpf/starter/messaging/reliability/CpfReliableBrokerClientTest.java:101: error: cannot find symbol
        public void markPublished(String messageId, CpfBrokerResult result) {
                                                    ^
  symbol:   class CpfBrokerResult
  location: class RecordingOutbox
/mnt/data/cpf_s03_work/overlay/cpf-gateway/src/test/java/com/cpf/gateway/internal/resilience/CpfGatewayResilientInvokerTest.java:18: error: cannot find symbol
    @Test
     ^
  symbol:   class Test
  location: class CpfGatewayResilientInvokerTest
/mnt/data/cpf_s03_work/overlay/cpf-gateway/src/test/java/com/cpf/gateway/internal/resilience/CpfGatewayResilientInvokerTest.java:35: error: cannot find symbol
    @Test
     ^
  symbol:   class Test
  location: class CpfGatewayResilientInvokerTest
/mnt/data/cpf_s03_work/overlay/cpf-gateway/src/test/java/com/cpf/gateway/internal/resilience/CpfGatewayResilientInvokerTest.java:52: error: cannot find symbol
    @Test
     ^
  symbol:   class Test
  location: class CpfGatewayResilientInvokerTest
/mnt/data/cpf_s03_work/overlay/cpf-starters/file/sftp/src/test/java/com/cpf/starter/sftp/CpfSftpUploadOutcomePolicyTest.java:10: error: cannot find symbol
    @Test
     ^
  symbol:   class Test
  location: class CpfSftpUploadOutcomePolicyTest
/mnt/data/cpf_s03_work/overlay/cpf-starters/file/sftp/src/test/java/com/cpf/starter/sftp/CpfSftpUploadOutcomePolicyTest.java:16: error: cannot find symbol
    @Test
     ^
  symbol:   class Test
  location: class CpfSftpUploadOutcomePolicyTest
/mnt/data/cpf_s03_work/overlay/cpf-starters/file/sftp/src/test/java/com/cpf/starter/sftp/CpfSftpUploadOutcomePolicyTest.java:26: error: cannot find symbol
    @Test
     ^
  symbol:   class Test
  location: class CpfSftpUploadOutcomePolicyTest
/mnt/data/cpf_s03_work/overlay/cpf-starters/integration/fixedlength-core/src/test/java/com/cpf/starter/integration/fixedlength/CpfFixedLengthValidationTest.java:13: error: cannot find symbol
    @Test
     ^
  symbol:   class Test
  location: class CpfFixedLengthValidationTest
/mnt/data/cpf_s03_work/overlay/cpf-starters/integration/fixedlength-core/src/test/java/com/cpf/starter/integration/fixedlength/CpfFixedLengthValidationTest.java:19: error: cannot find symbol
    @Test
     ^
  symbol:   class Test
  location: class CpfFixedLengthValidationTest
/mnt/data/cpf_s03_work/overlay/cpf-starters/integration/fixedlength-core/src/test/java/com/cpf/starter/integration/fixedlength/CpfFixedLengthValidationTest.java:25: error: cannot find symbol
    @Test
     ^
  symbol:   class Test
  location: class CpfFixedLengthValidationTest
/mnt/data/cpf_s03_work/overlay/cpf-starters/integration/fixedlength-core/src/test/java/com/cpf/starter/integration/fixedlength/CpfFixedLengthValidationTest.java:31: error: cannot find symbol
    @Test
     ^
  symbol:   class Test
  location: class CpfFixedLengthValidationTest
/mnt/data/cpf_s03_work/overlay/cpf-starters/integration/tcp/src/test/java/com/cpf/starter/integration/tcp/internal/CpfResilientTcpClientTest.java:26: error: cannot find symbol
    @Test
     ^
  symbol:   class Test
  location: class CpfResilientTcpClientTest
/mnt/data/cpf_s03_work/overlay/cpf-starters/integration/tcp/src/test/java/com/cpf/starter/integration/tcp/internal/CpfResilientTcpClientTest.java:39: error: cannot find symbol
    @Test
     ^
  symbol:   class Test
  location: class CpfResilientTcpClientTest
/mnt/data/cpf_s03_work/overlay/cpf-starters/integration/tcp/src/test/java/com/cpf/starter/integration/tcp/internal/CpfResilientTcpClientTest.java:58: error: cannot find symbol
    @Test
     ^
  symbol:   class Test
  location: class CpfResilientTcpClientTest
/mnt/data/cpf_s03_work/overlay/cpf-starters/integration/tcp/src/test/java/com/cpf/starter/integration/tcp/internal/CpfResilientTcpClientTest.java:70: error: cannot find symbol
    @Test
     ^
  symbol:   class Test
  location: class CpfResilientTcpClientTest
/mnt/data/cpf_s03_work/overlay/cpf-starters/integration/tcp/src/test/java/com/cpf/starter/integration/tcp/internal/CpfResilientTcpClientTest.java:80: error: cannot find symbol
    @Test
     ^
  symbol:   class Test
  location: class CpfResilientTcpClientTest
/mnt/data/cpf_s03_work/overlay/cpf-starters/integration/tcp/src/test/java/com/cpf/starter/integration/tcp/internal/CpfResilientTcpClientTest.java:90: error: cannot find symbol
    @Test
     ^
  symbol:   class Test
  location: class CpfResilientTcpClientTest
/mnt/data/cpf_s03_work/overlay/cpf-starters/integration/tcp/src/test/java/com/cpf/starter/tcp/CpfTcpClientTest.java:23: error: cannot find symbol
    @Test
     ^
  symbol:   class Test
  location: class CpfTcpClientTest
/mnt/data/cpf_s03_work/overlay/cpf-starters/integration/tcp/src/test/java/com/cpf/starter/tcp/CpfTcpClientTest.java:40: error: cannot find symbol
    @Test
     ^
  symbol:   class Test
  location: class CpfTcpClientTest
/mnt/data/cpf_s03_work/overlay/cpf-starters/integration/tcp/src/test/java/com/cpf/starter/tcp/CpfTcpClientTest.java:75: error: cannot find symbol
    @Test
     ^
  symbol:   class Test
  location: class CpfTcpClientTest
/mnt/data/cpf_s03_work/overlay/cpf-starters/integration/tcp/src/test/java/com/cpf/starter/tcp/CpfTcpClientTest.java:98: error: cannot find symbol
    @Test
     ^
  symbol:   class Test
  location: class CpfTcpClientTest
/mnt/data/cpf_s03_work/overlay/cpf-starters/integration/tcp/src/test/java/com/cpf/starter/tcp/CpfTcpClientTest.java:116: error: cannot find symbol
    @Test
     ^
  symbol:   class Test
  location: class CpfTcpClientTest
/mnt/data/cpf_s03_work/overlay/cpf-starters/integration/tcp/src/test/java/com/cpf/starter/tcp/CpfTcpClientTest.java:129: error: cannot find symbol
    @Test
     ^
  symbol:   class Test
  location: class CpfTcpClientTest
/mnt/data/cpf_s03_work/overlay/cpf-starters/integration/tcp/src/test/java/com/cpf/starter/tcp/CpfTcpClientTest.java:164: error: cannot find symbol
    @Test
     ^
  symbol:   class Test
  location: class CpfTcpClientTest
/mnt/data/cpf_s03_work/overlay/cpf-starters/integration/tcp/src/test/java/com/cpf/starter/tcp/CpfTcpClientTest.java:176: error: cannot find symbol
    @Test
     ^
  symbol:   class Test
  location: class CpfTcpClientTest
/mnt/data/cpf_s03_work/overlay/cpf-starters/integration/tcp/src/test/java/com/cpf/starter/tcp/CpfTcpClientTest.java:190: error: cannot find symbol
    @Test
     ^
  symbol:   class Test
  location: class CpfTcpClientTest
/mnt/data/cpf_s03_work/overlay/cpf-starters/messaging/ibm-mq/src/test/java/com/cpf/starter/ibmmq/CpfIbmMqBrokerClientTest.java:33: error: cannot find symbol
    @BeforeEach
     ^
  symbol:   class BeforeEach
  location: class CpfIbmMqBrokerClientTest
/mnt/data/cpf_s03_work/overlay/cpf-starters/messaging/ibm-mq/src/test/java/com/cpf/starter/ibmmq/CpfIbmMqBrokerClientTest.java:49: error: cannot find symbol
    @Test
     ^
  symbol:   class Test
  location: class CpfIbmMqBrokerClientTest
/mnt/data/cpf_s03_work/overlay/cpf-starters/messaging/ibm-mq/src/test/java/com/cpf/starter/ibmmq/CpfIbmMqBrokerClientTest.java:64: error: cannot find symbol
    @Test
     ^
  symbol:   class Test
  location: class CpfIbmMqBrokerClientTest
/mnt/data/cpf_s03_work/overlay/cpf-starters/messaging/ibm-mq/src/test/java/com/cpf/starter/ibmmq/CpfIbmMqBrokerClientTest.java:74: error: cannot find symbol
    @Test
     ^
  symbol:   class Test
  location: class CpfIbmMqBrokerClientTest
/mnt/data/cpf_s03_work/overlay/cpf-starters/messaging/ibm-mq/src/test/java/com/cpf/starter/ibmmq/CpfIbmMqBrokerClientTest.java:85: error: cannot find symbol
    @Test
     ^
  symbol:   class Test
  location: class CpfIbmMqBrokerClientTest
/mnt/data/cpf_s03_work/overlay/cpf-starters/messaging/ibm-mq/src/test/java/com/cpf/starter/ibmmq/CpfIbmMqBrokerClientTest.java:103: error: cannot find symbol
    @Test
     ^
  symbol:   class Test
  location: class CpfIbmMqBrokerClientTest
/mnt/data/cpf_s03_work/overlay/cpf-starters/messaging/ibm-mq/src/test/java/com/cpf/starter/ibmmq/CpfIbmMqBrokerClientTest.java:116: error: cannot find symbol
    @Test
     ^
  symbol:   class Test
  location: class CpfIbmMqBrokerClientTest
/mnt/data/cpf_s03_work/overlay/cpf-starters/messaging/ibm-mq/src/test/java/com/cpf/starter/ibmmq/CpfIbmMqBrokerClientTest.java:129: error: cannot find symbol
    @Test
     ^
  symbol:   class Test
  location: class CpfIbmMqBrokerClientTest
/mnt/data/cpf_s03_work/overlay/cpf-starters/messaging/jms/src/test/java/com/cpf/starter/jms/CpfJmsBrokerClientTest.java:33: error: cannot find symbol
    @BeforeEach
     ^
  symbol:   class BeforeEach
  location: class CpfJmsBrokerClientTest
/mnt/data/cpf_s03_work/overlay/cpf-starters/messaging/jms/src/test/java/com/cpf/starter/jms/CpfJmsBrokerClientTest.java:49: error: cannot find symbol
    @Test
     ^
  symbol:   class Test
  location: class CpfJmsBrokerClientTest
/mnt/data/cpf_s03_work/overlay/cpf-starters/messaging/jms/src/test/java/com/cpf/starter/jms/CpfJmsBrokerClientTest.java:64: error: cannot find symbol
    @Test
     ^
  symbol:   class Test
  location: class CpfJmsBrokerClientTest
/mnt/data/cpf_s03_work/overlay/cpf-starters/messaging/jms/src/test/java/com/cpf/starter/jms/CpfJmsBrokerClientTest.java:74: error: cannot find symbol
    @Test
     ^
  symbol:   class Test
  location: class CpfJmsBrokerClientTest
/mnt/data/cpf_s03_work/overlay/cpf-starters/messaging/jms/src/test/java/com/cpf/starter/jms/CpfJmsBrokerClientTest.java:85: error: cannot find symbol
    @Test
     ^
  symbol:   class Test
  location: class CpfJmsBrokerClientTest
/mnt/data/cpf_s03_work/overlay/cpf-starters/messaging/jms/src/test/java/com/cpf/starter/jms/CpfJmsBrokerClientTest.java:103: error: cannot find symbol
    @Test
     ^
  symbol:   class Test
  location: class CpfJmsBrokerClientTest
/mnt/data/cpf_s03_work/overlay/cpf-starters/messaging/jms/src/test/java/com/cpf/starter/jms/CpfJmsBrokerClientTest.java:114: error: cannot find symbol
    @Test
     ^
  symbol:   class Test
  location: class CpfJmsBrokerClientTest
/mnt/data/cpf_s03_work/overlay/cpf-starters/messaging/jms/src/test/java/com/cpf/starter/jms/CpfJmsBrokerClientTest.java:127: error: cannot find symbol
    @Test
     ^
  symbol:   class Test
  location: class CpfJmsBrokerClientTest
/mnt/data/cpf_s03_work/overlay/cpf-starters/messaging/jms/src/test/java/com/cpf/starter/jms/CpfJmsBrokerClientTest.java:140: error: cannot find symbol
    @Test
     ^
  symbol:   class Test
  location: class CpfJmsBrokerClientTest
/mnt/data/cpf_s03_work/overlay/cpf-starters/messaging/kafka/src/test/java/com/cpf/starter/kafka/KafkaCpfBrokerClientTest.java:25: error: cannot find symbol
    @AfterEach void clearInterruptFlag(){Thread.interrupted();}
     ^
  symbol:   class AfterEach
  location: class KafkaCpfBrokerClientTest
/mnt/data/cpf_s03_work/overlay/cpf-starters/messaging/kafka/src/test/java/com/cpf/starter/kafka/KafkaCpfBrokerClientTest.java:27: error: cannot find symbol
    @Test void returnsPublishedOnlyAfterBrokerAckAndPropagatesCompleteCpfMetadata(){
     ^
  symbol:   class Test
  location: class KafkaCpfBrokerClientTest
/mnt/data/cpf_s03_work/overlay/cpf-starters/messaging/kafka/src/test/java/com/cpf/starter/kafka/KafkaCpfBrokerClientTest.java:45: error: cannot find symbol
    @Test void reservedOrInvalidHeaderFailsBeforeProviderCall(){
     ^
  symbol:   class Test
  location: class KafkaCpfBrokerClientTest
/mnt/data/cpf_s03_work/overlay/cpf-starters/messaging/kafka/src/test/java/com/cpf/starter/kafka/KafkaCpfBrokerClientTest.java:53: error: cannot find symbol
    @Test void missingTrackingFailsBeforeProviderCall(){
     ^
  symbol:   class Test
  location: class KafkaCpfBrokerClientTest
/mnt/data/cpf_s03_work/overlay/cpf-starters/messaging/kafka/src/test/java/com/cpf/starter/kafka/KafkaCpfBrokerClientTest.java:59: error: cannot find symbol
    @Test void synchronousProviderFailureAfterInvocationIsUnknown(){
     ^
  symbol:   class Test
  location: class KafkaCpfBrokerClientTest
/mnt/data/cpf_s03_work/overlay/cpf-starters/messaging/kafka/src/test/java/com/cpf/starter/kafka/KafkaCpfBrokerClientTest.java:70: error: cannot find symbol
    @Test void serializationFailureIsDefiniteBeforeWrite(){
     ^
  symbol:   class Test
  location: class KafkaCpfBrokerClientTest
/mnt/data/cpf_s03_work/overlay/cpf-starters/messaging/kafka/src/test/java/com/cpf/starter/kafka/KafkaCpfBrokerClientTest.java:82: error: cannot find symbol
    @Test void timeoutIsUnknownWithoutPollutingInterruptFlag(){KafkaTemplate<String,byte[]> t=template();when(t.send(any(ProducerRecord.class))).thenReturn(new CompletableFuture<>());assertThatThrownBy(()->client(t,Duration.ofMillis(1)).enqueue(request(Map.of()))).isInstanceOf(IllegalStateException.class).hasMessageContaining("UNKNOWN");assertThat(Thread.currentThread().isInterrupted()).isFalse();}
     ^
  symbol:   class Test
  location: class KafkaCpfBrokerClientTest
/mnt/data/cpf_s03_work/overlay/cpf-starters/messaging/kafka/src/test/java/com/cpf/starter/kafka/KafkaCpfBrokerClientTest.java:83: error: cannot find symbol
    @Test void interruptedWaitRestoresInterruptFlag(){KafkaTemplate<String,byte[]> t=template();when(t.send(any(ProducerRecord.class))).thenReturn(new CompletableFuture<>());Thread.currentThread().interrupt();assertThatThrownBy(()->client(t,Duration.ofSeconds(1)).enqueue(request(Map.of()))).isInstanceOf(IllegalStateException.class).hasMessageContaining("UNKNOWN");assertThat(Thread.currentThread().isInterrupted()).isTrue();}
     ^
  symbol:   class Test
  location: class KafkaCpfBrokerClientTest
/mnt/data/cpf_s03_work/overlay/cpf-starters/messaging/rabbitmq/src/test/java/com/cpf/starter/rabbitmq/CpfRabbitMqBrokerClientTest.java:24: error: cannot find symbol
    @Test
     ^
  symbol:   class Test
  location: class CpfRabbitMqBrokerClientTest
/mnt/data/cpf_s03_work/overlay/cpf-starters/messaging/rabbitmq/src/test/java/com/cpf/starter/rabbitmq/CpfRabbitMqBrokerClientTest.java:46: error: cannot find symbol
    @Test
     ^
  symbol:   class Test
  location: class CpfRabbitMqBrokerClientTest
/mnt/data/cpf_s03_work/overlay/cpf-starters/messaging/rabbitmq/src/test/java/com/cpf/starter/rabbitmq/CpfRabbitMqBrokerClientTest.java:57: error: cannot find symbol
    @Test
     ^
  symbol:   class Test
  location: class CpfRabbitMqBrokerClientTest
/mnt/data/cpf_s03_work/overlay/cpf-starters/messaging/rabbitmq/src/test/java/com/cpf/starter/rabbitmq/CpfRabbitMqBrokerClientTest.java:76: error: cannot find symbol
    @Test
     ^
  symbol:   class Test
  location: class CpfRabbitMqBrokerClientTest
/mnt/data/cpf_s03_work/overlay/cpf-starters/messaging/rabbitmq/src/test/java/com/cpf/starter/rabbitmq/CpfRabbitMqBrokerClientTest.java:88: error: cannot find symbol
    @Test
     ^
  symbol:   class Test
  location: class CpfRabbitMqBrokerClientTest
/mnt/data/cpf_s03_work/overlay/cpf-starters/messaging/rabbitmq/src/test/java/com/cpf/starter/rabbitmq/CpfRabbitMqBrokerClientTest.java:100: error: cannot find symbol
    @Test
     ^
  symbol:   class Test
  location: class CpfRabbitMqBrokerClientTest
/mnt/data/cpf_s03_work/overlay/cpf-starters/messaging/rabbitmq/src/test/java/com/cpf/starter/rabbitmq/CpfRabbitMqBrokerClientTest.java:124: error: cannot find symbol
    @Test
     ^
  symbol:   class Test
  location: class CpfRabbitMqBrokerClientTest
/mnt/data/cpf_s03_work/overlay/cpf-starters/messaging/rabbitmq/src/test/java/com/cpf/starter/rabbitmq/CpfRabbitMqBrokerClientTest.java:140: error: cannot find symbol
    @Test
     ^
  symbol:   class Test
  location: class CpfRabbitMqBrokerClientTest
/mnt/data/cpf_s03_work/overlay/cpf-starters/messaging/reliability-jdbc/src/main/java/com/cpf/core/common/broker/JdbcCpfBrokerReliabilityRepository.java:62: error: cannot find symbol
    @Transactional(transactionManager = "cpfTransactionManager")
     ^
  symbol:   class Transactional
  location: class JdbcCpfBrokerReliabilityRepository
/mnt/data/cpf_s03_work/overlay/cpf-starters/messaging/reliability-jdbc/src/main/java/com/cpf/core/common/broker/JdbcCpfBrokerReliabilityRepository.java:160: error: cannot find symbol
    @Transactional(transactionManager = "cpfTransactionManager")
     ^
  symbol:   class Transactional
  location: class JdbcCpfBrokerReliabilityRepository
/mnt/data/cpf_s03_work/overlay/cpf-starters/messaging/reliability-jdbc/src/main/java/com/cpf/core/common/broker/JdbcCpfBrokerReliabilityRepository.java:230: error: cannot find symbol
    @Transactional(transactionManager = "cpfTransactionManager")
     ^
  symbol:   class Transactional
  location: class JdbcCpfBrokerReliabilityRepository
/mnt/data/cpf_s03_work/overlay/cpf-starters/messaging/reliability-jdbc/src/main/java/com/cpf/core/common/broker/JdbcCpfBrokerReliabilityRepository.java:245: error: cannot find symbol
    @Transactional(transactionManager = "cpfTransactionManager")
     ^
  symbol:   class Transactional
  location: class JdbcCpfBrokerReliabilityRepository
/mnt/data/cpf_s03_work/overlay/cpf-starters/messaging/reliability-jdbc/src/main/java/com/cpf/core/common/broker/JdbcCpfBrokerReliabilityRepository.java:287: error: cannot find symbol
    @Transactional(transactionManager = "cpfTransactionManager")
     ^
  symbol:   class Transactional
  location: class JdbcCpfBrokerReliabilityRepository
/mnt/data/cpf_s03_work/overlay/cpf-starters/messaging/reliability-jdbc/src/main/java/com/cpf/core/common/broker/JdbcCpfBrokerReliabilityRepository.java:306: error: cannot find symbol
    @Transactional(transactionManager = "cpfTransactionManager")
     ^
  symbol:   class Transactional
  location: class JdbcCpfBrokerReliabilityRepository
/mnt/data/cpf_s03_work/overlay/cpf-starters/messaging/reliability-jdbc/src/main/java/com/cpf/core/common/broker/JdbcCpfBrokerReliabilityRepository.java:357: error: cannot find symbol
    @Transactional(transactionManager = "cpfTransactionManager")
     ^
  symbol:   class Transactional
  location: class JdbcCpfBrokerReliabilityRepository
/mnt/data/cpf_s03_work/overlay/cpf-starters/messaging/reliability-jdbc/src/main/java/com/cpf/core/common/broker/JdbcCpfBrokerReliabilityRepository.java:378: error: cannot find symbol
    @Transactional(transactionManager = "cpfTransactionManager")
     ^
  symbol:   class Transactional
  location: class JdbcCpfBrokerReliabilityRepository
/mnt/data/cpf_s03_work/overlay/cpf-starters/messaging/reliability-jdbc/src/main/java/com/cpf/core/common/broker/JdbcCpfBrokerReliabilityRepository.java:391: error: cannot find symbol
    @Transactional(transactionManager = "cpfTransactionManager")
     ^
  symbol:   class Transactional
  location: class JdbcCpfBrokerReliabilityRepository
/mnt/data/cpf_s03_work/overlay/cpf-starters/messaging/reliability-jdbc/src/main/java/com/cpf/core/common/broker/JdbcCpfBrokerReliabilityRepository.java:402: error: cannot find symbol
    @Transactional(transactionManager = "cpfTransactionManager")
     ^
  symbol:   class Transactional
  location: class JdbcCpfBrokerReliabilityRepository
/mnt/data/cpf_s03_work/overlay/cpf-starters/messaging/reliability-jdbc/src/main/java/com/cpf/core/common/broker/JdbcCpfBrokerReliabilityRepository.java:411: error: cannot find symbol
    @Transactional(transactionManager = "cpfTransactionManager")
     ^
  symbol:   class Transactional
  location: class JdbcCpfBrokerReliabilityRepository
/mnt/data/cpf_s03_work/overlay/cpf-starters/messaging/reliability-jdbc/src/main/java/com/cpf/core/common/broker/JdbcCpfBrokerReliabilityRepository.java:452: error: cannot find symbol
    @Transactional(transactionManager = "cpfTransactionManager")
     ^
  symbol:   class Transactional
  location: class JdbcCpfBrokerReliabilityRepository
/mnt/data/cpf_s03_work/overlay/cpf-starters/messaging/reliability-jdbc/src/main/java/com/cpf/core/common/broker/JdbcCpfBrokerReliabilityRepository.java:462: error: cannot find symbol
    @Transactional(transactionManager = "cpfTransactionManager")
     ^
  symbol:   class Transactional
  location: class JdbcCpfBrokerReliabilityRepository
/mnt/data/cpf_s03_work/overlay/cpf-starters/messaging/reliability-jdbc/src/main/java/com/cpf/starter/messaging/reliability/CpfReliableBrokerClient.java:29: error: cannot find symbol
    @Transactional(transactionManager = "cpfTransactionManager")
     ^
  symbol:   class Transactional
  location: class CpfReliableBrokerClient
/mnt/data/cpf_s03_work/overlay/cpf-starters/messaging/reliability-jdbc/src/test/java/com/cpf/core/common/broker/CpfBrokerPublisherWorkerUnknownResultTest.java:16: error: cannot find symbol
    @Test
     ^
  symbol:   class Test
  location: class CpfBrokerPublisherWorkerUnknownResultTest
/mnt/data/cpf_s03_work/overlay/cpf-starters/messaging/reliability-jdbc/src/test/java/com/cpf/core/common/broker/CpfBrokerPublisherWorkerUnknownResultTest.java:30: error: cannot find symbol
    @Test
     ^
  symbol:   class Test
  location: class CpfBrokerPublisherWorkerUnknownResultTest
/mnt/data/cpf_s03_work/overlay/cpf-starters/messaging/reliability-jdbc/src/test/java/com/cpf/core/common/broker/CpfBrokerPublisherWorkerUnknownResultTest.java:46: error: cannot find symbol
    @Test
     ^
  symbol:   class Test
  location: class CpfBrokerPublisherWorkerUnknownResultTest
/mnt/data/cpf_s03_work/overlay/cpf-starters/messaging/reliability-jdbc/src/test/java/com/cpf/starter/messaging/reliability/CpfBrokerHeaderPolicyTest.java:13: error: cannot find symbol
    @Test
     ^
  symbol:   class Test
  location: class CpfBrokerHeaderPolicyTest
/mnt/data/cpf_s03_work/overlay/cpf-starters/messaging/reliability-jdbc/src/test/java/com/cpf/starter/messaging/reliability/CpfBrokerHeaderPolicyTest.java:20: error: cannot find symbol
    @Test
     ^
  symbol:   class Test
  location: class CpfBrokerHeaderPolicyTest
/mnt/data/cpf_s03_work/overlay/cpf-starters/messaging/reliability-jdbc/src/test/java/com/cpf/starter/messaging/reliability/CpfBrokerHeaderPolicyTest.java:31: error: cannot find symbol
    @Test
     ^
  symbol:   class Test
  location: class CpfBrokerHeaderPolicyTest
/mnt/data/cpf_s03_work/overlay/cpf-starters/messaging/reliability-jdbc/src/test/java/com/cpf/starter/messaging/reliability/CpfBrokerHeaderPolicyTest.java:45: error: cannot find symbol
    @Test
     ^
  symbol:   class Test
  location: class CpfBrokerHeaderPolicyTest
/mnt/data/cpf_s03_work/overlay/cpf-starters/messaging/reliability-jdbc/src/test/java/com/cpf/starter/messaging/reliability/CpfBrokerUnknownResultReconcilerTest.java:21: error: cannot find symbol
    @Test
     ^
  symbol:   class Test
  location: class CpfBrokerUnknownResultReconcilerTest
/mnt/data/cpf_s03_work/overlay/cpf-starters/messaging/reliability-jdbc/src/test/java/com/cpf/starter/messaging/reliability/CpfBrokerUnknownResultReconcilerTest.java:37: error: cannot find symbol
    @Test
     ^
  symbol:   class Test
  location: class CpfBrokerUnknownResultReconcilerTest
/mnt/data/cpf_s03_work/overlay/cpf-starters/messaging/reliability-jdbc/src/test/java/com/cpf/starter/messaging/reliability/CpfBrokerUnknownResultReconcilerTest.java:56: error: cannot find symbol
    @Test
     ^
  symbol:   class Test
  location: class CpfBrokerUnknownResultReconcilerTest
/mnt/data/cpf_s03_work/overlay/cpf-starters/messaging/reliability-jdbc/src/test/java/com/cpf/starter/messaging/reliability/CpfProviderBrokerPublisherTest.java:21: error: cannot find symbol
    @Test
     ^
  symbol:   class Test
  location: class CpfProviderBrokerPublisherTest
/mnt/data/cpf_s03_work/overlay/cpf-starters/messaging/reliability-jdbc/src/test/java/com/cpf/starter/messaging/reliability/CpfProviderBrokerPublisherTest.java:40: error: cannot find symbol
    @Test
     ^
  symbol:   class Test
  location: class CpfProviderBrokerPublisherTest
/mnt/data/cpf_s03_work/overlay/cpf-starters/messaging/reliability-jdbc/src/test/java/com/cpf/starter/messaging/reliability/CpfProviderBrokerPublisherTest.java:56: error: cannot find symbol
    @Test
     ^
  symbol:   class Test
  location: class CpfProviderBrokerPublisherTest
/mnt/data/cpf_s03_work/overlay/cpf-starters/messaging/reliability-jdbc/src/test/java/com/cpf/starter/messaging/reliability/CpfProviderBrokerPublisherTest.java:73: error: cannot find symbol
    @Test
     ^
  symbol:   class Test
  location: class CpfProviderBrokerPublisherTest
/mnt/data/cpf_s03_work/overlay/cpf-starters/messaging/reliability-jdbc/src/test/java/com/cpf/starter/messaging/reliability/CpfProviderBrokerPublisherTest.java:90: error: cannot find symbol
    @Test
     ^
  symbol:   class Test
  location: class CpfProviderBrokerPublisherTest
/mnt/data/cpf_s03_work/overlay/cpf-starters/messaging/reliability-jdbc/src/test/java/com/cpf/starter/messaging/reliability/CpfReliableBrokerClientTest.java:23: error: cannot find symbol
    @Test
     ^
  symbol:   class Test
  location: class CpfReliableBrokerClientTest
/mnt/data/cpf_s03_work/overlay/cpf-starters/messaging/reliability-jdbc/src/test/java/com/cpf/starter/messaging/reliability/CpfReliableBrokerClientTest.java:49: error: cannot find symbol
    @Test
     ^
  symbol:   class Test
  location: class CpfReliableBrokerClientTest
/mnt/data/cpf_s03_work/overlay/cpf-gateway/src/main/java/com/cpf/gateway/internal/resilience/CpfGatewayResilientInvoker.java:37: error: cannot find symbol
                OperationKind.UNKNOWN, false, downstream);
                ^
  symbol:   variable OperationKind
  location: class CpfGatewayResilientInvoker
/mnt/data/cpf_s03_work/overlay/cpf-gateway/src/main/java/com/cpf/gateway/internal/resilience/CpfGatewayResilientInvoker.java:42: error: cannot find symbol
        return invoke(routeId, transactionId, null, OperationKind.READ, true, downstream);
                                                    ^
  symbol:   variable OperationKind
  location: class CpfGatewayResilientInvoker
/mnt/data/cpf_s03_work/overlay/cpf-gateway/src/main/java/com/cpf/gateway/internal/resilience/CpfGatewayResilientInvoker.java:56: error: cannot find symbol
                OperationKind.WRITE, timeoutRetryAllowed, downstream);
                ^
  symbol:   variable OperationKind
  location: class CpfGatewayResilientInvoker
/mnt/data/cpf_s03_work/overlay/cpf-gateway/src/main/java/com/cpf/gateway/internal/resilience/CpfGatewayResilientInvoker.java:73: error: cannot find symbol
        attributes.put(CpfResilienceCallContext.OPERATION_KIND_ATTRIBUTE, operationKind.name());
                       ^
  symbol:   variable CpfResilienceCallContext
  location: class CpfGatewayResilientInvoker
/mnt/data/cpf_s03_work/overlay/cpf-gateway/src/main/java/com/cpf/gateway/internal/resilience/CpfGatewayResilientInvoker.java:74: error: cannot find symbol
        attributes.put(CpfResilienceCallContext.TIMEOUT_RETRY_ATTRIBUTE,
                       ^
  symbol:   variable CpfResilienceCallContext
  location: class CpfGatewayResilientInvoker
/mnt/data/cpf_s03_work/overlay/cpf-gateway/src/main/java/com/cpf/gateway/internal/resilience/CpfGatewayResilientInvoker.java:76: error: cannot find symbol
        attributes.put(CpfResilienceCallContext.TRACE_SPAN_KIND_ATTRIBUTE, "CLIENT");
                       ^
  symbol:   variable CpfResilienceCallContext
  location: class CpfGatewayResilientInvoker
/mnt/data/cpf_s03_work/overlay/cpf-gateway/src/main/java/com/cpf/gateway/internal/resilience/CpfGatewayResilientInvoker.java:77: error: cannot find symbol
        attributes.put(CpfResilienceCallContext.TRACE_SEGMENT_ATTRIBUTE,
                       ^
  symbol:   variable CpfResilienceCallContext
  location: class CpfGatewayResilientInvoker
/mnt/data/cpf_s03_work/overlay/cpf-gateway/src/main/java/com/cpf/gateway/internal/resilience/CpfGatewayResilientInvoker.java:80: error: cannot find symbol
        CpfResilienceCallContext context = CpfResilienceCallContext.now(
        ^
  symbol:   class CpfResilienceCallContext
  location: class CpfGatewayResilientInvoker
/mnt/data/cpf_s03_work/overlay/cpf-gateway/src/main/java/com/cpf/gateway/internal/resilience/CpfGatewayResilientInvoker.java:80: error: cannot find symbol
        CpfResilienceCallContext context = CpfResilienceCallContext.now(
                                           ^
  symbol:   variable CpfResilienceCallContext
  location: class CpfGatewayResilientInvoker
/mnt/data/cpf_s03_work/overlay/cpf-gateway/src/test/java/com/cpf/gateway/internal/resilience/CpfGatewayResilientInvokerTest.java:28: error: package CpfResilienceCallContext does not exist
                .isEqualTo(CpfResilienceCallContext.OperationKind.UNKNOWN);
                                                   ^
/mnt/data/cpf_s03_work/overlay/cpf-gateway/src/test/java/com/cpf/gateway/internal/resilience/CpfGatewayResilientInvokerTest.java:32: error: cannot find symbol
                .containsEntry(CpfResilienceCallContext.TRACE_SEGMENT_ATTRIBUTE, "gateway.member");
                               ^
  symbol:   variable CpfResilienceCallContext
  location: class CpfGatewayResilientInvokerTest
/mnt/data/cpf_s03_work/overlay/cpf-gateway/src/test/java/com/cpf/gateway/internal/resilience/CpfGatewayResilientInvokerTest.java:31: error: cannot find symbol
                .containsEntry(CpfResilienceCallContext.TRACE_SPAN_KIND_ATTRIBUTE, "CLIENT")
                               ^
  symbol:   variable CpfResilienceCallContext
  location: class CpfGatewayResilientInvokerTest
/mnt/data/cpf_s03_work/overlay/cpf-gateway/src/test/java/com/cpf/gateway/internal/resilience/CpfGatewayResilientInvokerTest.java:43: error: package CpfResilienceCallContext does not exist
                .isEqualTo(CpfResilienceCallContext.OperationKind.READ);
                                                   ^
/mnt/data/cpf_s03_work/overlay/cpf-gateway/src/test/java/com/cpf/gateway/internal/resilience/CpfGatewayResilientInvokerTest.java:48: error: package CpfResilienceCallContext does not exist
                .isEqualTo(CpfResilienceCallContext.OperationKind.WRITE);
                                                   ^
/mnt/data/cpf_s03_work/overlay/cpf-gateway/src/test/java/com/cpf/gateway/internal/resilience/CpfGatewayResilientInvokerTest.java:58: error: cannot find symbol
        assertThatThrownBy(() -> invoker.invokeWrite(
        ^
  symbol:   method assertThatThrownBy(()->invoke[...]ite"))
  location: class CpfGatewayResilientInvokerTest
/mnt/data/cpf_s03_work/overlay/cpf-gateway/src/test/java/com/cpf/gateway/internal/resilience/CpfGatewayResilientInvokerTest.java:62: error: cannot find symbol
        assertThat(executor.calls).isZero();
        ^
  symbol:   method assertThat(int)
  location: class CpfGatewayResilientInvokerTest
/mnt/data/cpf_s03_work/overlay/cpf-gateway/src/test/java/com/cpf/gateway/internal/resilience/CpfGatewayResilientInvokerTest.java:69: error: method does not override or implement a method from a supertype
        @Override
        ^
/mnt/data/cpf_s03_work/overlay/cpf-gateway/src/test/java/com/cpf/gateway/internal/resilience/CpfGatewayResilientInvokerTest.java:74: error: cannot find symbol
            return new CpfResilienceOutcome<>(
                       ^
  symbol:   class CpfResilienceOutcome
  location: class RecordingExecutor
/mnt/data/cpf_s03_work/overlay/cpf-gateway/src/test/java/com/cpf/gateway/internal/resilience/CpfGatewayResilientInvokerTest.java:75: error: package CpfResilienceOutcome does not exist
                    CpfResilienceOutcome.Status.SUCCESS, action.get(), null, 1, 1L, NOW);
                                        ^
/mnt/data/cpf_s03_work/overlay/cpf-gateway/src/test/java/com/cpf/gateway/internal/resilience/CpfGatewayResilientInvokerTest.java:78: error: method does not override or implement a method from a supertype
        @Override
        ^
/mnt/data/cpf_s03_work/overlay/cpf-starters/file/sftp/src/main/java/com/cpf/starter/sftp/CpfSftpClient.java:68: error: cannot find symbol
        paths = new CpfSftpPathPolicy(properties.getLocalRoot(), properties.getRemoteRoot());
                    ^
  symbol:   class CpfSftpPathPolicy
  location: class CpfSftpClient
/mnt/data/cpf_s03_work/overlay/cpf-starters/file/sftp/src/main/java/com/cpf/starter/sftp/CpfSftpClient.java:70: error: cannot find symbol
        sshClient = SshClient.setUpDefaultClient();
                    ^
  symbol:   variable SshClient
  location: class CpfSftpClient
/mnt/data/cpf_s03_work/overlay/cpf-starters/file/sftp/src/main/java/com/cpf/starter/sftp/CpfSftpClient.java:107: error: package SftpClient does not exist
            SftpClient.OpenMode[] modes = offset > 0
                      ^
/mnt/data/cpf_s03_work/overlay/cpf-starters/file/sftp/src/main/java/com/cpf/starter/sftp/CpfSftpClient.java:108: error: package SftpClient does not exist
                    ? new SftpClient.OpenMode[]{SftpClient.OpenMode.Append, SftpClient.OpenMode.Write}
                                    ^
/mnt/data/cpf_s03_work/overlay/cpf-starters/file/sftp/src/main/java/com/cpf/starter/sftp/CpfSftpClient.java:108: error: package SftpClient does not exist
                    ? new SftpClient.OpenMode[]{SftpClient.OpenMode.Append, SftpClient.OpenMode.Write}
                                                          ^
/mnt/data/cpf_s03_work/overlay/cpf-starters/file/sftp/src/main/java/com/cpf/starter/sftp/CpfSftpClient.java:108: error: package SftpClient does not exist
                    ? new SftpClient.OpenMode[]{SftpClient.OpenMode.Append, SftpClient.OpenMode.Write}
                                                                                      ^
/mnt/data/cpf_s03_work/overlay/cpf-starters/file/sftp/src/main/java/com/cpf/starter/sftp/CpfSftpClient.java:109: error: package SftpClient does not exist
                    : new SftpClient.OpenMode[]{
                                    ^
/mnt/data/cpf_s03_work/overlay/cpf-starters/file/sftp/src/main/java/com/cpf/starter/sftp/CpfSftpClient.java:110: error: package SftpClient does not exist
                            SftpClient.OpenMode.Create,
                                      ^
/mnt/data/cpf_s03_work/overlay/cpf-starters/file/sftp/src/main/java/com/cpf/starter/sftp/CpfSftpClient.java:111: error: package SftpClient does not exist
                            SftpClient.OpenMode.Truncate,
                                      ^
/mnt/data/cpf_s03_work/overlay/cpf-starters/file/sftp/src/main/java/com/cpf/starter/sftp/CpfSftpClient.java:112: error: package SftpClient does not exist
                            SftpClient.OpenMode.Write};
                                      ^
/mnt/data/cpf_s03_work/overlay/cpf-starters/file/sftp/src/main/java/com/cpf/starter/sftp/CpfSftpClient.java:142: error: package SftpClient does not exist
                        SftpClient.CopyMode.Atomic,
                                  ^
/mnt/data/cpf_s03_work/overlay/cpf-starters/file/sftp/src/main/java/com/cpf/starter/sftp/CpfSftpClient.java:143: error: package SftpClient does not exist
                        SftpClient.CopyMode.Overwrite);
                                  ^
/mnt/data/cpf_s03_work/overlay/cpf-starters/file/sftp/src/main/java/com/cpf/starter/sftp/CpfSftpClient.java:283: error: package SftpClient does not exist
                    SftpClient.CopyMode.Atomic,
                              ^
/mnt/data/cpf_s03_work/overlay/cpf-starters/file/sftp/src/main/java/com/cpf/starter/sftp/CpfSftpClient.java:284: error: package SftpClient does not exist
                    SftpClient.CopyMode.Overwrite);
                              ^
/mnt/data/cpf_s03_work/overlay/cpf-starters/file/sftp/src/main/java/com/cpf/starter/sftp/CpfSftpClient.java:310: error: cannot find symbol
        CpfSecretReference reference = parseSecret(properties.getPasswordSecret());
        ^
  symbol:   class CpfSecretReference
  location: class CpfSftpClient
/mnt/data/cpf_s03_work/overlay/cpf-starters/file/sftp/src/main/java/com/cpf/starter/sftp/CpfSftpClient.java:311: error: cannot find symbol
        try (CpfSecretValue value = secrets.resolve(reference)) {
             ^
  symbol:   class CpfSecretValue
  location: class CpfSftpClient
/mnt/data/cpf_s03_work/overlay/cpf-starters/file/sftp/src/main/java/com/cpf/starter/sftp/CpfSftpClient.java:314: error: cannot find symbol
                ClientSession session = sshClient
                ^
  symbol:   class ClientSession
  location: class CpfSftpClient
/mnt/data/cpf_s03_work/overlay/cpf-starters/file/sftp/src/main/java/com/cpf/starter/sftp/CpfSftpClient.java:326: error: cannot find symbol
                            SftpClientFactory.instance().createSftpClient(session));
                            ^
  symbol:   variable SftpClientFactory
  location: class CpfSftpClient
/mnt/data/cpf_s03_work/overlay/cpf-starters/file/sftp/src/main/java/com/cpf/starter/sftp/CpfSftpClient.java:344: error: cannot find symbol
        return new CpfSecretReference(
                   ^
  symbol:   class CpfSecretReference
  location: class CpfSftpClient
/mnt/data/cpf_s03_work/overlay/cpf-starters/file/sftp/src/main/java/com/cpf/starter/sftp/CpfSftpClient.java:468: error: cannot find symbol
        return new CpfSftpTransferRecord(
                   ^
  symbol:   class CpfSftpTransferRecord
  location: class CpfSftpClient
/mnt/data/cpf_s03_work/overlay/cpf-starters/file/sftp/src/test/java/com/cpf/starter/sftp/CpfSftpUploadOutcomePolicyTest.java:12: error: cannot find symbol
        assertEquals("FAILED", CpfSftpUploadOutcomePolicy.failureStatus(false));
        ^
  symbol:   method assertEquals(String,String)
  location: class CpfSftpUploadOutcomePolicyTest
/mnt/data/cpf_s03_work/overlay/cpf-starters/file/sftp/src/test/java/com/cpf/starter/sftp/CpfSftpUploadOutcomePolicyTest.java:13: error: cannot find symbol
        assertEquals("UNKNOWN", CpfSftpUploadOutcomePolicy.failureStatus(true));
        ^
  symbol:   method assertEquals(String,String)
  location: class CpfSftpUploadOutcomePolicyTest
/mnt/data/cpf_s03_work/overlay/cpf-starters/file/sftp/src/test/java/com/cpf/starter/sftp/CpfSftpUploadOutcomePolicyTest.java:18: error: cannot find symbol
        assertEquals(
        ^
  symbol:   method assertEquals(String,String)
  location: class CpfSftpUploadOutcomePolicyTest
/mnt/data/cpf_s03_work/overlay/cpf-starters/file/sftp/src/test/java/com/cpf/starter/sftp/CpfSftpUploadOutcomePolicyTest.java:21: error: cannot find symbol
        assertEquals(
        ^
  symbol:   method assertEquals(String,String)
  location: class CpfSftpUploadOutcomePolicyTest
/mnt/data/cpf_s03_work/overlay/cpf-starters/file/sftp/src/test/java/com/cpf/starter/sftp/CpfSftpUploadOutcomePolicyTest.java:28: error: cannot find symbol
        assertTrue(CpfSftpUploadOutcomePolicy.checksumMatches("aBcD", "ABCD"));
        ^
  symbol:   method assertTrue(boolean)
  location: class CpfSftpUploadOutcomePolicyTest
/mnt/data/cpf_s03_work/overlay/cpf-starters/file/sftp/src/test/java/com/cpf/starter/sftp/CpfSftpUploadOutcomePolicyTest.java:29: error: cannot find symbol
        assertFalse(CpfSftpUploadOutcomePolicy.checksumMatches("abcd", "abce"));
        ^
  symbol:   method assertFalse(boolean)
  location: class CpfSftpUploadOutcomePolicyTest
/mnt/data/cpf_s03_work/overlay/cpf-starters/file/sftp/src/test/java/com/cpf/starter/sftp/CpfSftpUploadOutcomePolicyTest.java:30: error: cannot find symbol
        assertFalse(CpfSftpUploadOutcomePolicy.checksumMatches(null, "abcd"));
        ^
  symbol:   method assertFalse(boolean)
  location: class CpfSftpUploadOutcomePolicyTest
/mnt/data/cpf_s03_work/overlay/cpf-starters/integration/fixedlength-core/src/test/java/com/cpf/starter/integration/fixedlength/CpfFixedLengthValidationTest.java:15: error: cannot find symbol
        assertThrows(NullPointerException.class,
        ^
  symbol:   method assertThrows(Class<NullPointerException>,()->new Cp[...]true))
  location: class CpfFixedLengthValidationTest
/mnt/data/cpf_s03_work/overlay/cpf-starters/integration/fixedlength-core/src/test/java/com/cpf/starter/integration/fixedlength/CpfFixedLengthValidationTest.java:21: error: cannot find symbol
        assertThrows(NullPointerException.class, () -> codec.unsigned(1L, 2, null));
        ^
  symbol:   method assertThrows(Class<NullPointerException>,()->codec.[...]null))
  location: class CpfFixedLengthValidationTest
/mnt/data/cpf_s03_work/overlay/cpf-starters/integration/fixedlength-core/src/test/java/com/cpf/starter/integration/fixedlength/CpfFixedLengthValidationTest.java:22: error: cannot find symbol
        assertThrows(NullPointerException.class, () -> codec.unsigned(new byte[] {0, 1}, null));
        ^
  symbol:   method assertThrows(Class<NullPointerException>,()->codec.[...]null))
  location: class CpfFixedLengthValidationTest
/mnt/data/cpf_s03_work/overlay/cpf-starters/integration/fixedlength-core/src/test/java/com/cpf/starter/integration/fixedlength/CpfFixedLengthValidationTest.java:27: error: cannot find symbol
        assertThrows(IllegalArgumentException.class,
        ^
  symbol:   method assertThrows(Class<IllegalArgumentException>,()->codec.[...]}, 2))
  location: class CpfFixedLengthValidationTest
/mnt/data/cpf_s03_work/overlay/cpf-starters/integration/fixedlength-core/src/test/java/com/cpf/starter/integration/fixedlength/CpfFixedLengthValidationTest.java:33: error: cannot find symbol
        assertEquals("0102", codec.hex(codec.unsigned(0x0102, 2, ByteOrder.BIG_ENDIAN)));
        ^
  symbol:   method assertEquals(String,String)
  location: class CpfFixedLengthValidationTest
/mnt/data/cpf_s03_work/overlay/cpf-starters/integration/fixedlength-core/src/test/java/com/cpf/starter/integration/fixedlength/CpfFixedLengthValidationTest.java:34: error: cannot find symbol
        assertEquals("0201", codec.hex(codec.unsigned(0x0102, 2, ByteOrder.LITTLE_ENDIAN)));
        ^
  symbol:   method assertEquals(String,String)
  location: class CpfFixedLengthValidationTest
/mnt/data/cpf_s03_work/overlay/cpf-starters/integration/fixedlength-core/src/test/java/com/cpf/starter/integration/fixedlength/CpfFixedLengthValidationTest.java:35: error: cannot find symbol
        assertEquals("123", codec.packedBcd(codec.packedBcd("123"), 3));
        ^
  symbol:   method assertEquals(String,String)
  location: class CpfFixedLengthValidationTest
/mnt/data/cpf_s03_work/overlay/cpf-starters/integration/tcp/src/main/java/com/cpf/starter/integration/tcp/internal/CpfResilientTcpClient.java:66: error: package CpfResilienceCallContext does not exist
                CpfResilienceCallContext.OperationKind.UNKNOWN,
                                        ^
/mnt/data/cpf_s03_work/overlay/cpf-starters/integration/tcp/src/main/java/com/cpf/starter/integration/tcp/internal/CpfResilientTcpClient.java:89: error: package CpfResilienceCallContext does not exist
                CpfResilienceCallContext.OperationKind.READ,
                                        ^
/mnt/data/cpf_s03_work/overlay/cpf-starters/integration/tcp/src/main/java/com/cpf/starter/integration/tcp/internal/CpfResilientTcpClient.java:118: error: package CpfResilienceCallContext does not exist
                CpfResilienceCallContext.OperationKind.WRITE,
                                        ^
/mnt/data/cpf_s03_work/overlay/cpf-starters/integration/tcp/src/main/java/com/cpf/starter/integration/tcp/internal/CpfResilientTcpClient.java:151: error: cannot find symbol
        attributes.put(CpfResilienceCallContext.OPERATION_KIND_ATTRIBUTE, operationKind.name());
                       ^
  symbol:   variable CpfResilienceCallContext
  location: class CpfResilientTcpClient
/mnt/data/cpf_s03_work/overlay/cpf-starters/integration/tcp/src/main/java/com/cpf/starter/integration/tcp/internal/CpfResilientTcpClient.java:153: error: cannot find symbol
                CpfResilienceCallContext.TIMEOUT_RETRY_ATTRIBUTE,
                ^
  symbol:   variable CpfResilienceCallContext
  location: class CpfResilientTcpClient
/mnt/data/cpf_s03_work/overlay/cpf-starters/integration/tcp/src/main/java/com/cpf/starter/integration/tcp/internal/CpfResilientTcpClient.java:155: error: cannot find symbol
        attributes.put(CpfResilienceCallContext.TRACE_SPAN_KIND_ATTRIBUTE, "CLIENT");
                       ^
  symbol:   variable CpfResilienceCallContext
  location: class CpfResilientTcpClient
/mnt/data/cpf_s03_work/overlay/cpf-starters/integration/tcp/src/main/java/com/cpf/starter/integration/tcp/internal/CpfResilientTcpClient.java:156: error: cannot find symbol
        attributes.put(CpfResilienceCallContext.TRACE_SEGMENT_ATTRIBUTE, "tcp.exchange");
                       ^
  symbol:   variable CpfResilienceCallContext
  location: class CpfResilientTcpClient
/mnt/data/cpf_s03_work/overlay/cpf-starters/integration/tcp/src/main/java/com/cpf/starter/integration/tcp/internal/CpfResilientTcpClient.java:159: error: cannot find symbol
        CpfResilienceCallContext context = CpfResilienceCallContext.now(
        ^
  symbol:   class CpfResilienceCallContext
  location: class CpfResilientTcpClient
/mnt/data/cpf_s03_work/overlay/cpf-starters/integration/tcp/src/main/java/com/cpf/starter/integration/tcp/internal/CpfResilientTcpClient.java:159: error: cannot find symbol
        CpfResilienceCallContext context = CpfResilienceCallContext.now(
                                           ^
  symbol:   variable CpfResilienceCallContext
  location: class CpfResilientTcpClient
/mnt/data/cpf_s03_work/overlay/cpf-starters/integration/tcp/src/main/java/com/cpf/starter/tcp/CpfTcpClient.java:113: error: cannot find symbol
        unknownResults.record(new CpfTcpUnknownResult(
                                  ^
  symbol:   class CpfTcpUnknownResult
  location: class CpfTcpClient
/mnt/data/cpf_s03_work/overlay/cpf-starters/integration/tcp/src/main/java/com/cpf/starter/tcp/CpfTcpClient.java:158: error: cannot find symbol
        unknownResults.record(new CpfTcpUnknownResult(
                                  ^
  symbol:   class CpfTcpUnknownResult
  location: class CpfTcpClient
/mnt/data/cpf_s03_work/overlay/cpf-starters/integration/tcp/src/main/java/com/cpf/starter/tcp/CpfTcpFrameCodec.java:25: error: package CpfTcpProperties does not exist
        if (properties.getFrame() == CpfTcpProperties.Frame.FIXED
                                                     ^
/mnt/data/cpf_s03_work/overlay/cpf-starters/integration/tcp/src/test/java/com/cpf/starter/integration/tcp/internal/CpfResilientTcpClientTest.java:28: error: cannot find symbol
        AtomicReference<CpfResilienceCallContext> captured = new AtomicReference<>();
                        ^
  symbol:   class CpfResilienceCallContext
  location: class CpfResilientTcpClientTest
/mnt/data/cpf_s03_work/overlay/cpf-starters/integration/tcp/src/test/java/com/cpf/starter/integration/tcp/internal/CpfResilientTcpClientTest.java:31: error: cannot find symbol
        assertThrows(
        ^
  symbol:   method assertThrows(Class<IllegalArgumentException>,()->client[...]true))
  location: class CpfResilientTcpClientTest
/mnt/data/cpf_s03_work/overlay/cpf-starters/integration/tcp/src/test/java/com/cpf/starter/integration/tcp/internal/CpfResilientTcpClientTest.java:41: error: cannot find symbol
        AtomicReference<CpfResilienceCallContext> captured = new AtomicReference<>();
                        ^
  symbol:   class CpfResilienceCallContext
  location: class CpfResilientTcpClientTest
/mnt/data/cpf_s03_work/overlay/cpf-starters/integration/tcp/src/test/java/com/cpf/starter/integration/tcp/internal/CpfResilientTcpClientTest.java:46: error: cannot find symbol
        CpfResilienceOutcome<byte[]> outcome = client.exchangeWrite(
        ^
  symbol:   class CpfResilienceOutcome
  location: class CpfResilientTcpClientTest
/mnt/data/cpf_s03_work/overlay/cpf-starters/integration/tcp/src/test/java/com/cpf/starter/integration/tcp/internal/CpfResilientTcpClientTest.java:52: error: cannot find symbol
        assertArrayEquals(new byte[] {7}, socket.written.toByteArray());
        ^
  symbol:   method assertArrayEquals(byte[],byte[])
  location: class CpfResilientTcpClientTest
/mnt/data/cpf_s03_work/overlay/cpf-starters/integration/tcp/src/test/java/com/cpf/starter/integration/tcp/internal/CpfResilientTcpClientTest.java:53: error: package CpfResilienceCallContext does not exist
        assertEquals(CpfResilienceCallContext.OperationKind.WRITE, captured.get().operationKind());
                                             ^
/mnt/data/cpf_s03_work/overlay/cpf-starters/integration/tcp/src/test/java/com/cpf/starter/integration/tcp/internal/CpfResilientTcpClientTest.java:60: error: cannot find symbol
        AtomicReference<CpfResilienceCallContext> captured = new AtomicReference<>();
                        ^
  symbol:   class CpfResilienceCallContext
  location: class CpfResilientTcpClientTest
/mnt/data/cpf_s03_work/overlay/cpf-starters/integration/tcp/src/test/java/com/cpf/starter/integration/tcp/internal/CpfResilientTcpClientTest.java:66: error: package CpfResilienceCallContext does not exist
        assertEquals(CpfResilienceCallContext.OperationKind.UNKNOWN, captured.get().operationKind());
                                             ^
/mnt/data/cpf_s03_work/overlay/cpf-starters/integration/tcp/src/test/java/com/cpf/starter/integration/tcp/internal/CpfResilientTcpClientTest.java:74: error: cannot find symbol
        assertThrows(
        ^
  symbol:   method assertThrows(Class<CpfTcpPreDispatchException>,()->client[...] 100))
  location: class CpfResilientTcpClientTest
/mnt/data/cpf_s03_work/overlay/cpf-starters/integration/tcp/src/test/java/com/cpf/starter/integration/tcp/internal/CpfResilientTcpClientTest.java:84: error: cannot find symbol
        assertThrows(
        ^
  symbol:   method assertThrows(Class<CpfTcpUnknownResultException>,()->client[...]alse))
  location: class CpfResilientTcpClientTest
/mnt/data/cpf_s03_work/overlay/cpf-starters/integration/tcp/src/test/java/com/cpf/starter/integration/tcp/internal/CpfResilientTcpClientTest.java:95: error: cannot find symbol
        assertThrows(
        ^
  symbol:   method assertThrows(Class<CpfTcpUnknownResultException>,()->client[...] 100))
  location: class CpfResilientTcpClientTest
/mnt/data/cpf_s03_work/overlay/cpf-starters/integration/tcp/src/test/java/com/cpf/starter/integration/tcp/internal/CpfResilientTcpClientTest.java:103: error: cannot find symbol
        CpfResilienceExecutor executor = new CpfResilienceExecutor() {
        ^
  symbol:   class CpfResilienceExecutor
  location: class CpfResilientTcpClientTest
/mnt/data/cpf_s03_work/overlay/cpf-starters/integration/tcp/src/test/java/com/cpf/starter/integration/tcp/internal/CpfResilientTcpClientTest.java:103: error: cannot find symbol
        CpfResilienceExecutor executor = new CpfResilienceExecutor() {
                                             ^
  symbol:   class CpfResilienceExecutor
  location: class CpfResilientTcpClientTest
/mnt/data/cpf_s03_work/overlay/cpf-starters/integration/tcp/src/test/java/com/cpf/starter/integration/tcp/internal/CpfResilientTcpClientTest.java:106: error: cannot find symbol
                    CpfResilienceCallContext context, Supplier<T> operation) {
                    ^
  symbol: class CpfResilienceCallContext
/mnt/data/cpf_s03_work/overlay/cpf-starters/integration/tcp/src/test/java/com/cpf/starter/integration/tcp/internal/CpfResilientTcpClientTest.java:105: error: cannot find symbol
            public <T> CpfResilienceOutcome<T> execute(
                       ^
  symbol: class CpfResilienceOutcome
/mnt/data/cpf_s03_work/overlay/cpf-starters/integration/tcp/src/test/java/com/cpf/starter/integration/tcp/internal/CpfResilientTcpClientTest.java:114: error: cannot find symbol
                    CpfResilienceCallContext context, Supplier<T> probe) {
                    ^
  symbol: class CpfResilienceCallContext
/mnt/data/cpf_s03_work/overlay/cpf-starters/integration/tcp/src/test/java/com/cpf/starter/integration/tcp/internal/CpfResilientTcpClientTest.java:113: error: cannot find symbol
            public <T> CpfResilienceOutcome<T> reconcile(
                       ^
  symbol: class CpfResilienceOutcome
/mnt/data/cpf_s03_work/overlay/cpf-starters/integration/tcp/src/test/java/com/cpf/starter/integration/tcp/internal/CpfResilientTcpClientTest.java:104: error: method does not override or implement a method from a supertype
            @Override
            ^
/mnt/data/cpf_s03_work/overlay/cpf-starters/integration/tcp/src/test/java/com/cpf/starter/integration/tcp/internal/CpfResilientTcpClientTest.java:108: error: cannot find symbol
                return new CpfResilienceOutcome<>(
                           ^
  symbol: class CpfResilienceOutcome
/mnt/data/cpf_s03_work/overlay/cpf-starters/integration/tcp/src/test/java/com/cpf/starter/integration/tcp/internal/CpfResilientTcpClientTest.java:109: error: package CpfResilienceOutcome does not exist
                        CpfResilienceOutcome.Status.SUCCESS, operation.get(), null, 1, 0, CLOCK.instant());
                                            ^
/mnt/data/cpf_s03_work/overlay/cpf-starters/integration/tcp/src/test/java/com/cpf/starter/integration/tcp/internal/CpfResilientTcpClientTest.java:112: error: method does not override or implement a method from a supertype
            @Override
            ^
/mnt/data/cpf_s03_work/overlay/cpf-starters/integration/tcp/src/test/java/com/cpf/starter/tcp/CpfTcpClientTest.java:27: error: cannot find symbol
            CpfTcpProperties properties = properties(server.getLocalPort(), 1);
            ^
  symbol:   class CpfTcpProperties
  location: class CpfTcpClientTest
/mnt/data/cpf_s03_work/overlay/cpf-starters/integration/tcp/src/test/java/com/cpf/starter/tcp/CpfTcpClientTest.java:28: error: cannot find symbol
            CpfTcpUnknownResultStore unknown = new CpfTcpUnknownResultStore(10);
            ^
  symbol:   class CpfTcpUnknownResultStore
  location: class CpfTcpClientTest
/mnt/data/cpf_s03_work/overlay/cpf-starters/integration/tcp/src/test/java/com/cpf/starter/tcp/CpfTcpClientTest.java:28: error: cannot find symbol
            CpfTcpUnknownResultStore unknown = new CpfTcpUnknownResultStore(10);
                                                   ^
  symbol:   class CpfTcpUnknownResultStore
  location: class CpfTcpClientTest
/mnt/data/cpf_s03_work/overlay/cpf-starters/integration/tcp/src/test/java/com/cpf/starter/tcp/CpfTcpClientTest.java:30: error: cannot find symbol
                IllegalArgumentException failure = assertThrows(
                                                   ^
  symbol:   method assertThrows(Class<IllegalArgumentException>,()->client[...]]{1}))
  location: class CpfTcpClientTest
/mnt/data/cpf_s03_work/overlay/cpf-starters/integration/tcp/src/test/java/com/cpf/starter/tcp/CpfTcpClientTest.java:33: error: cannot find symbol
                assertTrue(failure.getMessage().contains("correlationId"));
                ^
  symbol:   method assertTrue(boolean)
  location: class CpfTcpClientTest
/mnt/data/cpf_s03_work/overlay/cpf-starters/integration/tcp/src/test/java/com/cpf/starter/tcp/CpfTcpClientTest.java:34: error: cannot find symbol
                assertThrows(SocketTimeoutException.class, server::accept);
                ^
  symbol:   method assertThrows(Class<SocketTimeoutException>,server::accept)
  location: class CpfTcpClientTest
/mnt/data/cpf_s03_work/overlay/cpf-starters/integration/tcp/src/test/java/com/cpf/starter/tcp/CpfTcpClientTest.java:48: error: cannot find symbol
                    assertArrayEquals(new byte[] {1, 2, 3}, readFrame(socket));
                    ^
  symbol:   method assertArrayEquals(byte[],byte[])
  location: class CpfTcpClientTest
/mnt/data/cpf_s03_work/overlay/cpf-starters/integration/tcp/src/test/java/com/cpf/starter/tcp/CpfTcpClientTest.java:50: error: cannot find symbol
                    assertTrue(releaseResponse.await(2, TimeUnit.SECONDS));
                    ^
  symbol:   method assertTrue(boolean)
  location: class CpfTcpClientTest
/mnt/data/cpf_s03_work/overlay/cpf-starters/integration/tcp/src/test/java/com/cpf/starter/tcp/CpfTcpClientTest.java:56: error: cannot find symbol
            CpfTcpProperties properties = properties(server.getLocalPort(), 1);
            ^
  symbol:   class CpfTcpProperties
  location: class CpfTcpClientTest
/mnt/data/cpf_s03_work/overlay/cpf-starters/integration/tcp/src/test/java/com/cpf/starter/tcp/CpfTcpClientTest.java:59: error: cannot find symbol
            CpfTcpUnknownResultStore unknown = new CpfTcpUnknownResultStore(10);
            ^
  symbol:   class CpfTcpUnknownResultStore
  location: class CpfTcpClientTest
/mnt/data/cpf_s03_work/overlay/cpf-starters/integration/tcp/src/test/java/com/cpf/starter/tcp/CpfTcpClientTest.java:59: error: cannot find symbol
            CpfTcpUnknownResultStore unknown = new CpfTcpUnknownResultStore(10);
                                                   ^
  symbol:   class CpfTcpUnknownResultStore
  location: class CpfTcpClientTest
/mnt/data/cpf_s03_work/overlay/cpf-starters/integration/tcp/src/test/java/com/cpf/starter/tcp/CpfTcpClientTest.java:62: error: cannot find symbol
                assertTrue(firstRequestRead.await(1, TimeUnit.SECONDS));
                ^
  symbol:   method assertTrue(boolean)
  location: class CpfTcpClientTest
/mnt/data/cpf_s03_work/overlay/cpf-starters/integration/tcp/src/test/java/com/cpf/starter/tcp/CpfTcpClientTest.java:63: error: cannot find symbol
                RejectedExecutionException failure = assertThrows(
                                                     ^
  symbol:   method assertThrows(Class<RejectedExecutionException>,()->client[...]]{4}))
  location: class CpfTcpClientTest
/mnt/data/cpf_s03_work/overlay/cpf-starters/integration/tcp/src/test/java/com/cpf/starter/tcp/CpfTcpClientTest.java:66: error: cannot find symbol
                assertTrue(failure.getMessage().contains("exhausted"));
                ^
  symbol:   method assertTrue(boolean)
  location: class CpfTcpClientTest
/mnt/data/cpf_s03_work/overlay/cpf-starters/integration/tcp/src/test/java/com/cpf/starter/tcp/CpfTcpClientTest.java:68: error: cannot find symbol
                assertArrayEquals(new byte[] {9}, first.get(2, TimeUnit.SECONDS));
                ^
  symbol:   method assertArrayEquals(byte[],byte[])
  location: class CpfTcpClientTest
/mnt/data/cpf_s03_work/overlay/cpf-starters/integration/tcp/src/test/java/com/cpf/starter/tcp/CpfTcpClientTest.java:81: error: cannot find symbol
                    assertArrayEquals(new byte[] {7, 8}, readFrame(socket));
                    ^
  symbol:   method assertArrayEquals(byte[],byte[])
  location: class CpfTcpClientTest
/mnt/data/cpf_s03_work/overlay/cpf-starters/integration/tcp/src/test/java/com/cpf/starter/tcp/CpfTcpClientTest.java:85: error: cannot find symbol
            CpfTcpUnknownResultStore unknown = new CpfTcpUnknownResultStore(10);
            ^
  symbol:   class CpfTcpUnknownResultStore
  location: class CpfTcpClientTest
/mnt/data/cpf_s03_work/overlay/cpf-starters/integration/tcp/src/test/java/com/cpf/starter/tcp/CpfTcpClientTest.java:85: error: cannot find symbol
            CpfTcpUnknownResultStore unknown = new CpfTcpUnknownResultStore(10);
                                                   ^
  symbol:   class CpfTcpUnknownResultStore
  location: class CpfTcpClientTest
/mnt/data/cpf_s03_work/overlay/cpf-starters/integration/tcp/src/test/java/com/cpf/starter/tcp/CpfTcpClientTest.java:87: error: cannot find symbol
                CpfTcpClient.UnknownResultException failure = assertThrows(
                                                              ^
  symbol:   method assertThrows(Class<UnknownResultException>,()->client[...], 8}))
  location: class CpfTcpClientTest
/mnt/data/cpf_s03_work/overlay/cpf-starters/integration/tcp/src/test/java/com/cpf/starter/tcp/CpfTcpClientTest.java:90: error: cannot find symbol
                assertTrue(failure.getMessage().contains("tx-unknown"));
                ^
  symbol:   method assertTrue(boolean)
  location: class CpfTcpClientTest
/mnt/data/cpf_s03_work/overlay/cpf-starters/integration/tcp/src/test/java/com/cpf/starter/tcp/CpfTcpClientTest.java:104: error: cannot find symbol
        CpfTcpUnknownResultStore unknown = new CpfTcpUnknownResultStore(10);
        ^
  symbol:   class CpfTcpUnknownResultStore
  location: class CpfTcpClientTest
/mnt/data/cpf_s03_work/overlay/cpf-starters/integration/tcp/src/test/java/com/cpf/starter/tcp/CpfTcpClientTest.java:104: error: cannot find symbol
        CpfTcpUnknownResultStore unknown = new CpfTcpUnknownResultStore(10);
                                               ^
  symbol:   class CpfTcpUnknownResultStore
  location: class CpfTcpClientTest
/mnt/data/cpf_s03_work/overlay/cpf-starters/integration/tcp/src/test/java/com/cpf/starter/tcp/CpfTcpClientTest.java:105: error: cannot find symbol
        CpfTcpProperties properties = properties(unusedPort, 1);
        ^
  symbol:   class CpfTcpProperties
  location: class CpfTcpClientTest
/mnt/data/cpf_s03_work/overlay/cpf-starters/integration/tcp/src/test/java/com/cpf/starter/tcp/CpfTcpClientTest.java:108: error: cannot find symbol
            IllegalStateException failure = assertThrows(
                                            ^
  symbol:   method assertThrows(Class<IllegalStateException>,()->client[...]]{1}))
  location: class CpfTcpClientTest
/mnt/data/cpf_s03_work/overlay/cpf-starters/integration/tcp/src/test/java/com/cpf/starter/tcp/CpfTcpClientTest.java:111: error: cannot find symbol
            assertTrue(failure.getMessage().contains("before write"));
            ^
  symbol:   method assertTrue(boolean)
  location: class CpfTcpClientTest
/mnt/data/cpf_s03_work/overlay/cpf-starters/integration/tcp/src/test/java/com/cpf/starter/tcp/CpfTcpClientTest.java:118: error: cannot find symbol
        CpfTcpUnknownResultStore unknown = new CpfTcpUnknownResultStore(10);
        ^
  symbol:   class CpfTcpUnknownResultStore
  location: class CpfTcpClientTest
/mnt/data/cpf_s03_work/overlay/cpf-starters/integration/tcp/src/test/java/com/cpf/starter/tcp/CpfTcpClientTest.java:118: error: cannot find symbol
        CpfTcpUnknownResultStore unknown = new CpfTcpUnknownResultStore(10);
                                               ^
  symbol:   class CpfTcpUnknownResultStore
  location: class CpfTcpClientTest
/mnt/data/cpf_s03_work/overlay/cpf-starters/integration/tcp/src/test/java/com/cpf/starter/tcp/CpfTcpClientTest.java:123: error: cannot find symbol
        assertTrue(failure instanceof IllegalStateException);
        ^
  symbol:   method assertTrue(boolean)
  location: class CpfTcpClientTest
/mnt/data/cpf_s03_work/overlay/cpf-starters/integration/tcp/src/test/java/com/cpf/starter/tcp/CpfTcpClientTest.java:124: error: cannot find symbol
        assertFalse(failure instanceof CpfTcpClient.UnknownResultException);
        ^
  symbol:   method assertFalse(boolean)
  location: class CpfTcpClientTest
/mnt/data/cpf_s03_work/overlay/cpf-starters/integration/tcp/src/test/java/com/cpf/starter/tcp/CpfTcpClientTest.java:125: error: cannot find symbol
        assertTrue(failure.getMessage().contains("before write"));
        ^
  symbol:   method assertTrue(boolean)
  location: class CpfTcpClientTest
/mnt/data/cpf_s03_work/overlay/cpf-starters/integration/tcp/src/test/java/com/cpf/starter/tcp/CpfTcpClientTest.java:131: error: cannot find symbol
        CpfTcpUnknownResultStore unknown = new CpfTcpUnknownResultStore(10);
        ^
  symbol:   class CpfTcpUnknownResultStore
  location: class CpfTcpClientTest
/mnt/data/cpf_s03_work/overlay/cpf-starters/integration/tcp/src/test/java/com/cpf/starter/tcp/CpfTcpClientTest.java:131: error: cannot find symbol
        CpfTcpUnknownResultStore unknown = new CpfTcpUnknownResultStore(10);
                                               ^
  symbol:   class CpfTcpUnknownResultStore
  location: class CpfTcpClientTest
/mnt/data/cpf_s03_work/overlay/cpf-starters/integration/tcp/src/test/java/com/cpf/starter/tcp/CpfTcpClientTest.java:136: error: cannot find symbol
        assertTrue(failure instanceof CpfTcpClient.UnknownResultException);
        ^
  symbol:   method assertTrue(boolean)
  location: class CpfTcpClientTest
/mnt/data/cpf_s03_work/overlay/cpf-starters/integration/tcp/src/test/java/com/cpf/starter/tcp/CpfTcpClientTest.java:141: error: cannot find symbol
        CpfTcpProperties properties = new CpfTcpProperties();
        ^
  symbol:   class CpfTcpProperties
  location: class CpfTcpClientTest
/mnt/data/cpf_s03_work/overlay/cpf-starters/integration/tcp/src/test/java/com/cpf/starter/tcp/CpfTcpClientTest.java:141: error: cannot find symbol
        CpfTcpProperties properties = new CpfTcpProperties();
                                          ^
  symbol:   class CpfTcpProperties
  location: class CpfTcpClientTest
/mnt/data/cpf_s03_work/overlay/cpf-starters/integration/tcp/src/test/java/com/cpf/starter/tcp/CpfTcpClientTest.java:166: error: cannot find symbol
        CpfTcpUnknownResultStore store = new CpfTcpUnknownResultStore(10);
        ^
  symbol:   class CpfTcpUnknownResultStore
  location: class CpfTcpClientTest
/mnt/data/cpf_s03_work/overlay/cpf-starters/integration/tcp/src/test/java/com/cpf/starter/tcp/CpfTcpClientTest.java:166: error: cannot find symbol
        CpfTcpUnknownResultStore store = new CpfTcpUnknownResultStore(10);
                                             ^
  symbol:   class CpfTcpUnknownResultStore
  location: class CpfTcpClientTest
/mnt/data/cpf_s03_work/overlay/cpf-starters/integration/tcp/src/test/java/com/cpf/starter/tcp/CpfTcpClientTest.java:170: error: cannot find symbol
                true, "corr-partial", payload, new IOException("partial write"), store);
                                                   ^
  symbol:   class IOException
  location: class CpfTcpClientTest
/mnt/data/cpf_s03_work/overlay/cpf-starters/integration/tcp/src/test/java/com/cpf/starter/tcp/CpfTcpClientTest.java:172: error: cannot find symbol
        assertThat(failure).isInstanceOf(CpfTcpClient.UnknownResultException.class);
        ^
  symbol:   method assertThat(RuntimeException)
  location: class CpfTcpClientTest
/mnt/data/cpf_s03_work/overlay/cpf-starters/integration/tcp/src/test/java/com/cpf/starter/tcp/CpfTcpClientTest.java:178: error: cannot find symbol
        CpfTcpProperties properties = properties();
        ^
  symbol:   class CpfTcpProperties
  location: class CpfTcpClientTest
/mnt/data/cpf_s03_work/overlay/cpf-starters/integration/tcp/src/test/java/com/cpf/starter/tcp/CpfTcpClientTest.java:178: error: method properties in class CpfTcpClientTest cannot be applied to given types;
        CpfTcpProperties properties = properties();
                                      ^
  required: int,int
  found:    no arguments
  reason: actual and formal argument lists differ in length
/mnt/data/cpf_s03_work/overlay/cpf-starters/integration/tcp/src/test/java/com/cpf/starter/tcp/CpfTcpClientTest.java:179: error: package CpfTcpProperties does not exist
        properties.setFrame(CpfTcpProperties.Frame.FIXED);
                                            ^
/mnt/data/cpf_s03_work/overlay/cpf-starters/integration/tcp/src/test/java/com/cpf/starter/tcp/CpfTcpClientTest.java:181: error: cannot find symbol
        CpfTcpUnknownResultStore store = new CpfTcpUnknownResultStore(10);
        ^
  symbol:   class CpfTcpUnknownResultStore
  location: class CpfTcpClientTest
/mnt/data/cpf_s03_work/overlay/cpf-starters/integration/tcp/src/test/java/com/cpf/starter/tcp/CpfTcpClientTest.java:181: error: cannot find symbol
        CpfTcpUnknownResultStore store = new CpfTcpUnknownResultStore(10);
                                             ^
  symbol:   class CpfTcpUnknownResultStore
  location: class CpfTcpClientTest
/mnt/data/cpf_s03_work/overlay/cpf-starters/integration/tcp/src/test/java/com/cpf/starter/tcp/CpfTcpClientTest.java:184: error: cannot find symbol
        assertThatThrownBy(() -> client.request("corr-invalid", new byte[] {1, 2, 3}))
        ^
  symbol:   method assertThatThrownBy(()->client[...], 3}))
  location: class CpfTcpClientTest
/mnt/data/cpf_s03_work/overlay/cpf-starters/integration/tcp/src/test/java/com/cpf/starter/tcp/CpfTcpClientTest.java:192: error: cannot find symbol
        CpfTcpUnknownResultStore unknown = new CpfTcpUnknownResultStore(10);
        ^
  symbol:   class CpfTcpUnknownResultStore
  location: class CpfTcpClientTest
/mnt/data/cpf_s03_work/overlay/cpf-starters/integration/tcp/src/test/java/com/cpf/starter/tcp/CpfTcpClientTest.java:192: error: cannot find symbol
        CpfTcpUnknownResultStore unknown = new CpfTcpUnknownResultStore(10);
                                               ^
  symbol:   class CpfTcpUnknownResultStore
  location: class CpfTcpClientTest
/mnt/data/cpf_s03_work/overlay/cpf-starters/integration/tcp/src/test/java/com/cpf/starter/tcp/CpfTcpClientTest.java:200: error: cannot find symbol
        assertInstanceOf(CpfTcpClient.UnknownResultException.class, failure);
        ^
  symbol:   method assertInstanceOf(Class<UnknownResultException>,RuntimeException)
  location: class CpfTcpClientTest
/mnt/data/cpf_s03_work/overlay/cpf-starters/messaging/ibm-mq/src/main/java/com/cpf/starter/ibmmq/CpfIbmMqBrokerClient.java:47: error: method does not override or implement a method from a supertype
    @Override
    ^
/mnt/data/cpf_s03_work/overlay/cpf-starters/messaging/ibm-mq/src/main/java/com/cpf/starter/ibmmq/CpfIbmMqBrokerClient.java:68: error: cannot find symbol
            return new CpfBrokerPublishResult(
                       ^
  symbol:   class CpfBrokerPublishResult
  location: class CpfIbmMqBrokerClient
/mnt/data/cpf_s03_work/overlay/cpf-starters/messaging/ibm-mq/src/main/java/com/cpf/starter/ibmmq/CpfIbmMqBrokerClient.java:75: error: cannot find symbol
        } catch (JmsException failure) {
                 ^
  symbol:   class JmsException
  location: class CpfIbmMqBrokerClient
/mnt/data/cpf_s03_work/overlay/cpf-starters/messaging/ibm-mq/src/test/java/com/cpf/starter/ibmmq/CpfIbmMqBrokerClientTest.java:35: error: cannot find symbol
        template = mock(JmsTemplate.class);
                        ^
  symbol:   class JmsTemplate
  location: class CpfIbmMqBrokerClientTest
/mnt/data/cpf_s03_work/overlay/cpf-starters/messaging/ibm-mq/src/test/java/com/cpf/starter/ibmmq/CpfIbmMqBrokerClientTest.java:36: error: cannot find symbol
        session = mock(Session.class);
                       ^
  symbol:   class Session
  location: class CpfIbmMqBrokerClientTest
/mnt/data/cpf_s03_work/overlay/cpf-starters/messaging/ibm-mq/src/test/java/com/cpf/starter/ibmmq/CpfIbmMqBrokerClientTest.java:37: error: cannot find symbol
        message = mock(BytesMessage.class);
                       ^
  symbol:   class BytesMessage
  location: class CpfIbmMqBrokerClientTest
/mnt/data/cpf_s03_work/overlay/cpf-starters/messaging/ibm-mq/src/test/java/com/cpf/starter/ibmmq/CpfIbmMqBrokerClientTest.java:38: error: cannot find symbol
        properties = new CpfIbmMqProperties();
                         ^
  symbol:   class CpfIbmMqProperties
  location: class CpfIbmMqBrokerClientTest
/mnt/data/cpf_s03_work/overlay/cpf-starters/messaging/ibm-mq/src/test/java/com/cpf/starter/ibmmq/CpfIbmMqBrokerClientTest.java:42: error: cannot find symbol
        doAnswer(invocation -> {
        ^
  symbol:   method doAnswer((invocatio[...]ll; })
  location: class CpfIbmMqBrokerClientTest
/mnt/data/cpf_s03_work/overlay/cpf-starters/messaging/ibm-mq/src/test/java/com/cpf/starter/ibmmq/CpfIbmMqBrokerClientTest.java:43: error: cannot find symbol
            MessageCreator creator = invocation.getArgument(1);
            ^
  symbol:   class MessageCreator
  location: class CpfIbmMqBrokerClientTest
/mnt/data/cpf_s03_work/overlay/cpf-starters/messaging/ibm-mq/src/test/java/com/cpf/starter/ibmmq/CpfIbmMqBrokerClientTest.java:46: error: cannot find symbol
        }).when(template).send(eq("CPF.IBM.QUEUE"), any(MessageCreator.class));
                               ^
  symbol:   method eq(String)
  location: class CpfIbmMqBrokerClientTest
/mnt/data/cpf_s03_work/overlay/cpf-starters/messaging/ibm-mq/src/test/java/com/cpf/starter/ibmmq/CpfIbmMqBrokerClientTest.java:46: error: cannot find symbol
        }).when(template).send(eq("CPF.IBM.QUEUE"), any(MessageCreator.class));
                                                        ^
  symbol:   class MessageCreator
  location: class CpfIbmMqBrokerClientTest
/mnt/data/cpf_s03_work/overlay/cpf-starters/messaging/ibm-mq/src/test/java/com/cpf/starter/ibmmq/CpfIbmMqBrokerClientTest.java:68: error: cannot find symbol
        assertThatIllegalArgumentException()
        ^
  symbol:   method assertThatIllegalArgumentException()
  location: class CpfIbmMqBrokerClientTest
/mnt/data/cpf_s03_work/overlay/cpf-starters/messaging/ibm-mq/src/test/java/com/cpf/starter/ibmmq/CpfIbmMqBrokerClientTest.java:78: error: cannot find symbol
        assertThatIllegalArgumentException()
        ^
  symbol:   method assertThatIllegalArgumentException()
  location: class CpfIbmMqBrokerClientTest
/mnt/data/cpf_s03_work/overlay/cpf-starters/messaging/ibm-mq/src/test/java/com/cpf/starter/ibmmq/CpfIbmMqBrokerClientTest.java:88: error: cannot find symbol
        assertThatIllegalArgumentException()
        ^
  symbol:   method assertThatIllegalArgumentException()
  location: class CpfIbmMqBrokerClientTest
/mnt/data/cpf_s03_work/overlay/cpf-starters/messaging/ibm-mq/src/test/java/com/cpf/starter/ibmmq/CpfIbmMqBrokerClientTest.java:91: error: cannot find symbol
        assertThatIllegalArgumentException()
        ^
  symbol:   method assertThatIllegalArgumentException()
  location: class CpfIbmMqBrokerClientTest
/mnt/data/cpf_s03_work/overlay/cpf-starters/messaging/ibm-mq/src/test/java/com/cpf/starter/ibmmq/CpfIbmMqBrokerClientTest.java:97: error: cannot find symbol
        assertThatIllegalArgumentException()
        ^
  symbol:   method assertThatIllegalArgumentException()
  location: class CpfIbmMqBrokerClientTest
/mnt/data/cpf_s03_work/overlay/cpf-starters/messaging/ibm-mq/src/test/java/com/cpf/starter/ibmmq/CpfIbmMqBrokerClientTest.java:105: error: cannot find symbol
        JmsException failure = new JmsException("MQRC_CONNECTION_BROKEN 2009") { };
        ^
  symbol:   class JmsException
  location: class CpfIbmMqBrokerClientTest
/mnt/data/cpf_s03_work/overlay/cpf-starters/messaging/ibm-mq/src/test/java/com/cpf/starter/ibmmq/CpfIbmMqBrokerClientTest.java:105: error: cannot find symbol
        JmsException failure = new JmsException("MQRC_CONNECTION_BROKEN 2009") { };
                                   ^
  symbol:   class JmsException
  location: class CpfIbmMqBrokerClientTest
/mnt/data/cpf_s03_work/overlay/cpf-starters/messaging/ibm-mq/src/test/java/com/cpf/starter/ibmmq/CpfIbmMqBrokerClientTest.java:106: error: cannot find symbol
        doThrow(failure).when(template).send(eq("CPF.IBM.QUEUE"), any(MessageCreator.class));
                                             ^
  symbol:   method eq(String)
  location: class CpfIbmMqBrokerClientTest
/mnt/data/cpf_s03_work/overlay/cpf-starters/messaging/ibm-mq/src/test/java/com/cpf/starter/ibmmq/CpfIbmMqBrokerClientTest.java:106: error: cannot find symbol
        doThrow(failure).when(template).send(eq("CPF.IBM.QUEUE"), any(MessageCreator.class));
                                                                      ^
  symbol:   class MessageCreator
  location: class CpfIbmMqBrokerClientTest
/mnt/data/cpf_s03_work/overlay/cpf-starters/messaging/ibm-mq/src/test/java/com/cpf/starter/ibmmq/CpfIbmMqBrokerClientTest.java:109: error: cannot find symbol
        assertThatThrownBy(() -> client.enqueue(request(Map.of())))
        ^
  symbol:   method assertThatThrownBy(()->client[...]f())))
  location: class CpfIbmMqBrokerClientTest
/mnt/data/cpf_s03_work/overlay/cpf-starters/messaging/ibm-mq/src/test/java/com/cpf/starter/ibmmq/CpfIbmMqBrokerClientTest.java:124: error: cannot find symbol
        assertThatIllegalArgumentException().isThrownBy(() -> client.enqueue(request(blankName)));
        ^
  symbol:   method assertThatIllegalArgumentException()
  location: class CpfIbmMqBrokerClientTest
/mnt/data/cpf_s03_work/overlay/cpf-starters/messaging/ibm-mq/src/test/java/com/cpf/starter/ibmmq/CpfIbmMqBrokerClientTest.java:125: error: cannot find symbol
        assertThatIllegalArgumentException().isThrownBy(() -> client.enqueue(request(nullValue)));
        ^
  symbol:   method assertThatIllegalArgumentException()
  location: class CpfIbmMqBrokerClientTest
/mnt/data/cpf_s03_work/overlay/cpf-starters/messaging/ibm-mq/src/test/java/com/cpf/starter/ibmmq/CpfIbmMqBrokerClientTest.java:132: error: cannot find symbol
        CpfBrokerPublishRequest missingTransaction = new CpfBrokerPublishRequest(
        ^
  symbol:   class CpfBrokerPublishRequest
  location: class CpfIbmMqBrokerClientTest
/mnt/data/cpf_s03_work/overlay/cpf-starters/messaging/ibm-mq/src/test/java/com/cpf/starter/ibmmq/CpfIbmMqBrokerClientTest.java:132: error: cannot find symbol
        CpfBrokerPublishRequest missingTransaction = new CpfBrokerPublishRequest(
                                                         ^
  symbol:   class CpfBrokerPublishRequest
  location: class CpfIbmMqBrokerClientTest
/mnt/data/cpf_s03_work/overlay/cpf-starters/messaging/ibm-mq/src/test/java/com/cpf/starter/ibmmq/CpfIbmMqBrokerClientTest.java:135: error: cannot find symbol
        CpfBrokerPublishRequest missingIdempotency = new CpfBrokerPublishRequest(
        ^
  symbol:   class CpfBrokerPublishRequest
  location: class CpfIbmMqBrokerClientTest
/mnt/data/cpf_s03_work/overlay/cpf-starters/messaging/ibm-mq/src/test/java/com/cpf/starter/ibmmq/CpfIbmMqBrokerClientTest.java:135: error: cannot find symbol
        CpfBrokerPublishRequest missingIdempotency = new CpfBrokerPublishRequest(
                                                         ^
  symbol:   class CpfBrokerPublishRequest
  location: class CpfIbmMqBrokerClientTest
/mnt/data/cpf_s03_work/overlay/cpf-starters/messaging/ibm-mq/src/test/java/com/cpf/starter/ibmmq/CpfIbmMqBrokerClientTest.java:139: error: cannot find symbol
        assertThatIllegalArgumentException().isThrownBy(() -> client.enqueue(missingTransaction));
        ^
  symbol:   method assertThatIllegalArgumentException()
  location: class CpfIbmMqBrokerClientTest
/mnt/data/cpf_s03_work/overlay/cpf-starters/messaging/ibm-mq/src/test/java/com/cpf/starter/ibmmq/CpfIbmMqBrokerClientTest.java:140: error: cannot find symbol
        assertThatIllegalArgumentException().isThrownBy(() -> client.enqueue(missingIdempotency));
        ^
  symbol:   method assertThatIllegalArgumentException()
  location: class CpfIbmMqBrokerClientTest
/mnt/data/cpf_s03_work/overlay/cpf-starters/messaging/ibm-mq/src/test/java/com/cpf/starter/ibmmq/CpfIbmMqBrokerClientTest.java:145: error: cannot find symbol
        return new CpfBrokerPublishRequest(
                   ^
  symbol:   class CpfBrokerPublishRequest
  location: class CpfIbmMqBrokerClientTest
/mnt/data/cpf_s03_work/overlay/cpf-starters/messaging/jms/src/main/java/com/cpf/starter/jms/CpfJmsBrokerClient.java:45: error: method does not override or implement a method from a supertype
    @Override
    ^
/mnt/data/cpf_s03_work/overlay/cpf-starters/messaging/jms/src/main/java/com/cpf/starter/jms/CpfJmsBrokerClient.java:66: error: cannot find symbol
            return new CpfBrokerPublishResult(
                       ^
  symbol:   class CpfBrokerPublishResult
  location: class CpfJmsBrokerClient
/mnt/data/cpf_s03_work/overlay/cpf-starters/messaging/jms/src/main/java/com/cpf/starter/jms/CpfJmsBrokerClient.java:75: error: cannot find symbol
        } catch (JmsException failure) {
                 ^
  symbol:   class JmsException
  location: class CpfJmsBrokerClient
/mnt/data/cpf_s03_work/overlay/cpf-starters/messaging/jms/src/test/java/com/cpf/starter/jms/CpfJmsBrokerClientTest.java:35: error: cannot find symbol
        template = mock(JmsTemplate.class);
                        ^
  symbol:   class JmsTemplate
  location: class CpfJmsBrokerClientTest
/mnt/data/cpf_s03_work/overlay/cpf-starters/messaging/jms/src/test/java/com/cpf/starter/jms/CpfJmsBrokerClientTest.java:36: error: cannot find symbol
        session = mock(Session.class);
                       ^
  symbol:   class Session
  location: class CpfJmsBrokerClientTest
/mnt/data/cpf_s03_work/overlay/cpf-starters/messaging/jms/src/test/java/com/cpf/starter/jms/CpfJmsBrokerClientTest.java:37: error: cannot find symbol
        message = mock(BytesMessage.class);
                       ^
  symbol:   class BytesMessage
  location: class CpfJmsBrokerClientTest
/mnt/data/cpf_s03_work/overlay/cpf-starters/messaging/jms/src/test/java/com/cpf/starter/jms/CpfJmsBrokerClientTest.java:38: error: cannot find symbol
        properties = new CpfJmsProperties();
                         ^
  symbol:   class CpfJmsProperties
  location: class CpfJmsBrokerClientTest
/mnt/data/cpf_s03_work/overlay/cpf-starters/messaging/jms/src/test/java/com/cpf/starter/jms/CpfJmsBrokerClientTest.java:42: error: cannot find symbol
        doAnswer(invocation -> {
        ^
  symbol:   method doAnswer((invocatio[...]ll; })
  location: class CpfJmsBrokerClientTest
/mnt/data/cpf_s03_work/overlay/cpf-starters/messaging/jms/src/test/java/com/cpf/starter/jms/CpfJmsBrokerClientTest.java:43: error: cannot find symbol
            MessageCreator creator = invocation.getArgument(1);
            ^
  symbol:   class MessageCreator
  location: class CpfJmsBrokerClientTest
/mnt/data/cpf_s03_work/overlay/cpf-starters/messaging/jms/src/test/java/com/cpf/starter/jms/CpfJmsBrokerClientTest.java:46: error: cannot find symbol
        }).when(template).send(eq("CPF.QUEUE"), any(MessageCreator.class));
                               ^
  symbol:   method eq(String)
  location: class CpfJmsBrokerClientTest
/mnt/data/cpf_s03_work/overlay/cpf-starters/messaging/jms/src/test/java/com/cpf/starter/jms/CpfJmsBrokerClientTest.java:46: error: cannot find symbol
        }).when(template).send(eq("CPF.QUEUE"), any(MessageCreator.class));
                                                    ^
  symbol:   class MessageCreator
  location: class CpfJmsBrokerClientTest
/mnt/data/cpf_s03_work/overlay/cpf-starters/messaging/jms/src/test/java/com/cpf/starter/jms/CpfJmsBrokerClientTest.java:68: error: cannot find symbol
        assertThatIllegalArgumentException()
        ^
  symbol:   method assertThatIllegalArgumentException()
  location: class CpfJmsBrokerClientTest
/mnt/data/cpf_s03_work/overlay/cpf-starters/messaging/jms/src/test/java/com/cpf/starter/jms/CpfJmsBrokerClientTest.java:78: error: cannot find symbol
        assertThatIllegalArgumentException()
        ^
  symbol:   method assertThatIllegalArgumentException()
  location: class CpfJmsBrokerClientTest
/mnt/data/cpf_s03_work/overlay/cpf-starters/messaging/jms/src/test/java/com/cpf/starter/jms/CpfJmsBrokerClientTest.java:88: error: cannot find symbol
        assertThatIllegalArgumentException()
        ^
  symbol:   method assertThatIllegalArgumentException()
  location: class CpfJmsBrokerClientTest
/mnt/data/cpf_s03_work/overlay/cpf-starters/messaging/jms/src/test/java/com/cpf/starter/jms/CpfJmsBrokerClientTest.java:91: error: cannot find symbol
        assertThatIllegalArgumentException()
        ^
  symbol:   method assertThatIllegalArgumentException()
  location: class CpfJmsBrokerClientTest
/mnt/data/cpf_s03_work/overlay/cpf-starters/messaging/jms/src/test/java/com/cpf/starter/jms/CpfJmsBrokerClientTest.java:97: error: cannot find symbol
        assertThatIllegalArgumentException()
        ^
  symbol:   method assertThatIllegalArgumentException()
  location: class CpfJmsBrokerClientTest
/mnt/data/cpf_s03_work/overlay/cpf-starters/messaging/jms/src/test/java/com/cpf/starter/jms/CpfJmsBrokerClientTest.java:108: error: cannot find symbol
        assertThatIllegalArgumentException()
        ^
  symbol:   method assertThatIllegalArgumentException()
  location: class CpfJmsBrokerClientTest
/mnt/data/cpf_s03_work/overlay/cpf-starters/messaging/jms/src/test/java/com/cpf/starter/jms/CpfJmsBrokerClientTest.java:116: error: cannot find symbol
        JmsException failure = new JmsException("connection lost") { };
        ^
  symbol:   class JmsException
  location: class CpfJmsBrokerClientTest
/mnt/data/cpf_s03_work/overlay/cpf-starters/messaging/jms/src/test/java/com/cpf/starter/jms/CpfJmsBrokerClientTest.java:116: error: cannot find symbol
        JmsException failure = new JmsException("connection lost") { };
                                   ^
  symbol:   class JmsException
  location: class CpfJmsBrokerClientTest
/mnt/data/cpf_s03_work/overlay/cpf-starters/messaging/jms/src/test/java/com/cpf/starter/jms/CpfJmsBrokerClientTest.java:117: error: cannot find symbol
        doThrow(failure).when(template).send(eq("CPF.QUEUE"), any(MessageCreator.class));
                                             ^
  symbol:   method eq(String)
  location: class CpfJmsBrokerClientTest
/mnt/data/cpf_s03_work/overlay/cpf-starters/messaging/jms/src/test/java/com/cpf/starter/jms/CpfJmsBrokerClientTest.java:117: error: cannot find symbol
        doThrow(failure).when(template).send(eq("CPF.QUEUE"), any(MessageCreator.class));
                                                                  ^
  symbol:   class MessageCreator
  location: class CpfJmsBrokerClientTest
/mnt/data/cpf_s03_work/overlay/cpf-starters/messaging/jms/src/test/java/com/cpf/starter/jms/CpfJmsBrokerClientTest.java:120: error: cannot find symbol
        assertThatThrownBy(() -> client.enqueue(request(Map.of())))
        ^
  symbol:   method assertThatThrownBy(()->client[...]f())))
  location: class CpfJmsBrokerClientTest
/mnt/data/cpf_s03_work/overlay/cpf-starters/messaging/jms/src/test/java/com/cpf/starter/jms/CpfJmsBrokerClientTest.java:135: error: cannot find symbol
        assertThatIllegalArgumentException().isThrownBy(() -> client.enqueue(request(blankName)));
        ^
  symbol:   method assertThatIllegalArgumentException()
  location: class CpfJmsBrokerClientTest
/mnt/data/cpf_s03_work/overlay/cpf-starters/messaging/jms/src/test/java/com/cpf/starter/jms/CpfJmsBrokerClientTest.java:136: error: cannot find symbol
        assertThatIllegalArgumentException().isThrownBy(() -> client.enqueue(request(nullValue)));
        ^
  symbol:   method assertThatIllegalArgumentException()
  location: class CpfJmsBrokerClientTest
/mnt/data/cpf_s03_work/overlay/cpf-starters/messaging/jms/src/test/java/com/cpf/starter/jms/CpfJmsBrokerClientTest.java:143: error: cannot find symbol
        CpfBrokerPublishRequest missingTransaction = new CpfBrokerPublishRequest(
        ^
  symbol:   class CpfBrokerPublishRequest
  location: class CpfJmsBrokerClientTest
/mnt/data/cpf_s03_work/overlay/cpf-starters/messaging/jms/src/test/java/com/cpf/starter/jms/CpfJmsBrokerClientTest.java:143: error: cannot find symbol
        CpfBrokerPublishRequest missingTransaction = new CpfBrokerPublishRequest(
                                                         ^
  symbol:   class CpfBrokerPublishRequest
  location: class CpfJmsBrokerClientTest
/mnt/data/cpf_s03_work/overlay/cpf-starters/messaging/jms/src/test/java/com/cpf/starter/jms/CpfJmsBrokerClientTest.java:146: error: cannot find symbol
        CpfBrokerPublishRequest missingIdempotency = new CpfBrokerPublishRequest(
        ^
  symbol:   class CpfBrokerPublishRequest
  location: class CpfJmsBrokerClientTest
/mnt/data/cpf_s03_work/overlay/cpf-starters/messaging/jms/src/test/java/com/cpf/starter/jms/CpfJmsBrokerClientTest.java:146: error: cannot find symbol
        CpfBrokerPublishRequest missingIdempotency = new CpfBrokerPublishRequest(
                                                         ^
  symbol:   class CpfBrokerPublishRequest
  location: class CpfJmsBrokerClientTest
/mnt/data/cpf_s03_work/overlay/cpf-starters/messaging/jms/src/test/java/com/cpf/starter/jms/CpfJmsBrokerClientTest.java:150: error: cannot find symbol
        assertThatIllegalArgumentException().isThrownBy(() -> client.enqueue(missingTransaction));
        ^
  symbol:   method assertThatIllegalArgumentException()
  location: class CpfJmsBrokerClientTest
/mnt/data/cpf_s03_work/overlay/cpf-starters/messaging/jms/src/test/java/com/cpf/starter/jms/CpfJmsBrokerClientTest.java:151: error: cannot find symbol
        assertThatIllegalArgumentException().isThrownBy(() -> client.enqueue(missingIdempotency));
        ^
  symbol:   method assertThatIllegalArgumentException()
  location: class CpfJmsBrokerClientTest
/mnt/data/cpf_s03_work/overlay/cpf-starters/messaging/jms/src/test/java/com/cpf/starter/jms/CpfJmsBrokerClientTest.java:156: error: cannot find symbol
        return new CpfBrokerPublishRequest(
                   ^
  symbol:   class CpfBrokerPublishRequest
  location: class CpfJmsBrokerClientTest
/mnt/data/cpf_s03_work/overlay/cpf-starters/messaging/kafka/src/main/java/com/cpf/starter/kafka/KafkaCpfBrokerClient.java:38: error: method does not override or implement a method from a supertype
    @Override
    ^
/mnt/data/cpf_s03_work/overlay/cpf-starters/messaging/kafka/src/main/java/com/cpf/starter/kafka/KafkaCpfBrokerClient.java:45: error: cannot find symbol
        ProducerRecord<String,byte[]> record=new ProducerRecord<>(request.topic(),request.key(),request.payload());
        ^
  symbol:   class ProducerRecord
  location: class KafkaCpfBrokerClient
/mnt/data/cpf_s03_work/overlay/cpf-starters/messaging/kafka/src/main/java/com/cpf/starter/kafka/KafkaCpfBrokerClient.java:45: error: cannot find symbol
        ProducerRecord<String,byte[]> record=new ProducerRecord<>(request.topic(),request.key(),request.payload());
                                                 ^
  symbol:   class ProducerRecord
  location: class KafkaCpfBrokerClient
/mnt/data/cpf_s03_work/overlay/cpf-starters/messaging/kafka/src/main/java/com/cpf/starter/kafka/KafkaCpfBrokerClient.java:54: error: package org.springframework.kafka.support does not exist
        java.util.concurrent.CompletableFuture<org.springframework.kafka.support.SendResult<String, byte[]>> acknowledgement;
                                                                                ^
/mnt/data/cpf_s03_work/overlay/cpf-starters/messaging/kafka/src/main/java/com/cpf/starter/kafka/KafkaCpfBrokerClient.java:58: error: cannot find symbol
        } catch (SerializationException | IllegalArgumentException deterministicFailure) {
                 ^
  symbol:   class SerializationException
  location: class KafkaCpfBrokerClient
/mnt/data/cpf_s03_work/overlay/cpf-starters/messaging/kafka/src/main/java/com/cpf/starter/kafka/KafkaCpfBrokerClient.java:67: error: cannot find symbol
            return new CpfBrokerPublishResult("PUBLISHED",request.messageId(),"KAFKA",
                       ^
  symbol:   class CpfBrokerPublishResult
  location: class KafkaCpfBrokerClient
/mnt/data/cpf_s03_work/overlay/cpf-starters/messaging/kafka/src/main/java/com/cpf/starter/kafka/KafkaCpfBrokerClient.java:74: error: cannot find symbol
            if(cause instanceof SerializationException || cause instanceof IllegalArgumentException){
                                ^
  symbol:   class SerializationException
  location: class KafkaCpfBrokerClient
/mnt/data/cpf_s03_work/overlay/cpf-starters/messaging/kafka/src/main/java/com/cpf/starter/kafka/KafkaCpfBrokerClient.java:97: error: cannot find symbol
    private static void addHeader(ProducerRecord<String,byte[]> r,String n,String v){if(v==null||v.isBlank())return;validateName(n);r.headers().add(new RecordHeader(n,v.getBytes(StandardCharsets.UTF_8)));}
                                                                                                                                                        ^
  symbol:   class RecordHeader
  location: class KafkaCpfBrokerClient
/mnt/data/cpf_s03_work/overlay/cpf-starters/messaging/kafka/src/test/java/com/cpf/starter/kafka/KafkaCpfBrokerClientTest.java:28: error: cannot find symbol
        KafkaTemplate<String,byte[]> template=template();SendResult<String,byte[]> sendResult=mock(SendResult.class);RecordMetadata metadata=mock(RecordMetadata.class);
        ^
  symbol:   class KafkaTemplate
  location: class KafkaCpfBrokerClientTest
/mnt/data/cpf_s03_work/overlay/cpf-starters/messaging/kafka/src/test/java/com/cpf/starter/kafka/KafkaCpfBrokerClientTest.java:28: error: cannot find symbol
        KafkaTemplate<String,byte[]> template=template();SendResult<String,byte[]> sendResult=mock(SendResult.class);RecordMetadata metadata=mock(RecordMetadata.class);
                                                         ^
  symbol:   class SendResult
  location: class KafkaCpfBrokerClientTest
/mnt/data/cpf_s03_work/overlay/cpf-starters/messaging/kafka/src/test/java/com/cpf/starter/kafka/KafkaCpfBrokerClientTest.java:28: error: cannot find symbol
        KafkaTemplate<String,byte[]> template=template();SendResult<String,byte[]> sendResult=mock(SendResult.class);RecordMetadata metadata=mock(RecordMetadata.class);
                                                                                                   ^
  symbol:   class SendResult
  location: class KafkaCpfBrokerClientTest
/mnt/data/cpf_s03_work/overlay/cpf-starters/messaging/kafka/src/test/java/com/cpf/starter/kafka/KafkaCpfBrokerClientTest.java:28: error: cannot find symbol
        KafkaTemplate<String,byte[]> template=template();SendResult<String,byte[]> sendResult=mock(SendResult.class);RecordMetadata metadata=mock(RecordMetadata.class);
                                                                                                                     ^
  symbol:   class RecordMetadata
  location: class KafkaCpfBrokerClientTest
/mnt/data/cpf_s03_work/overlay/cpf-starters/messaging/kafka/src/test/java/com/cpf/starter/kafka/KafkaCpfBrokerClientTest.java:28: error: cannot find symbol
        KafkaTemplate<String,byte[]> template=template();SendResult<String,byte[]> sendResult=mock(SendResult.class);RecordMetadata metadata=mock(RecordMetadata.class);
                                                                                                                                                  ^
  symbol:   class RecordMetadata
  location: class KafkaCpfBrokerClientTest
/mnt/data/cpf_s03_work/overlay/cpf-starters/messaging/kafka/src/test/java/com/cpf/starter/kafka/KafkaCpfBrokerClientTest.java:30: error: cannot find symbol
        when(template.send(any(ProducerRecord.class))).thenReturn(CompletableFuture.completedFuture(sendResult));
                               ^
  symbol:   class ProducerRecord
  location: class KafkaCpfBrokerClientTest
/mnt/data/cpf_s03_work/overlay/cpf-starters/messaging/kafka/src/test/java/com/cpf/starter/kafka/KafkaCpfBrokerClientTest.java:33: error: cannot find symbol
        ArgumentCaptor<ProducerRecord<String,byte[]>> captor=ArgumentCaptor.forClass(ProducerRecord.class);verify(template).send(captor.capture());
        ^
  symbol:   class ArgumentCaptor
  location: class KafkaCpfBrokerClientTest
/mnt/data/cpf_s03_work/overlay/cpf-starters/messaging/kafka/src/test/java/com/cpf/starter/kafka/KafkaCpfBrokerClientTest.java:33: error: cannot find symbol
        ArgumentCaptor<ProducerRecord<String,byte[]>> captor=ArgumentCaptor.forClass(ProducerRecord.class);verify(template).send(captor.capture());
                       ^
  symbol:   class ProducerRecord
  location: class KafkaCpfBrokerClientTest
/mnt/data/cpf_s03_work/overlay/cpf-starters/messaging/kafka/src/test/java/com/cpf/starter/kafka/KafkaCpfBrokerClientTest.java:33: error: cannot find symbol
        ArgumentCaptor<ProducerRecord<String,byte[]>> captor=ArgumentCaptor.forClass(ProducerRecord.class);verify(template).send(captor.capture());
                                                                                     ^
  symbol:   class ProducerRecord
  location: class KafkaCpfBrokerClientTest
/mnt/data/cpf_s03_work/overlay/cpf-starters/messaging/kafka/src/test/java/com/cpf/starter/kafka/KafkaCpfBrokerClientTest.java:33: error: cannot find symbol
        ArgumentCaptor<ProducerRecord<String,byte[]>> captor=ArgumentCaptor.forClass(ProducerRecord.class);verify(template).send(captor.capture());
                                                             ^
  symbol:   variable ArgumentCaptor
  location: class KafkaCpfBrokerClientTest
/mnt/data/cpf_s03_work/overlay/cpf-starters/messaging/kafka/src/test/java/com/cpf/starter/kafka/KafkaCpfBrokerClientTest.java:34: error: cannot find symbol
        ProducerRecord<String,byte[]> sent=captor.getValue();
        ^
  symbol:   class ProducerRecord
  location: class KafkaCpfBrokerClientTest
/mnt/data/cpf_s03_work/overlay/cpf-starters/messaging/kafka/src/test/java/com/cpf/starter/kafka/KafkaCpfBrokerClientTest.java:46: error: cannot find symbol
        KafkaTemplate<String,byte[]> template=template();
        ^
  symbol:   class KafkaTemplate
  location: class KafkaCpfBrokerClientTest
/mnt/data/cpf_s03_work/overlay/cpf-starters/messaging/kafka/src/test/java/com/cpf/starter/kafka/KafkaCpfBrokerClientTest.java:47: error: cannot find symbol
        assertThatThrownBy(()->client(template,Duration.ofSeconds(1)).enqueue(request(Map.of("CPF-TRANSACTION-ID","evil"))))
        ^
  symbol:   method assertThatThrownBy(()->client[...]l"))))
  location: class KafkaCpfBrokerClientTest
/mnt/data/cpf_s03_work/overlay/cpf-starters/messaging/kafka/src/test/java/com/cpf/starter/kafka/KafkaCpfBrokerClientTest.java:49: error: cannot find symbol
        assertThatThrownBy(()->client(template,Duration.ofSeconds(1)).enqueue(request(Map.of("bad header","v"))))
        ^
  symbol:   method assertThatThrownBy(()->client[...]v"))))
  location: class KafkaCpfBrokerClientTest
/mnt/data/cpf_s03_work/overlay/cpf-starters/messaging/kafka/src/test/java/com/cpf/starter/kafka/KafkaCpfBrokerClientTest.java:54: error: cannot find symbol
        KafkaTemplate<String,byte[]> template=template();
        ^
  symbol:   class KafkaTemplate
  location: class KafkaCpfBrokerClientTest
/mnt/data/cpf_s03_work/overlay/cpf-starters/messaging/kafka/src/test/java/com/cpf/starter/kafka/KafkaCpfBrokerClientTest.java:55: error: cannot find symbol
        CpfBrokerPublishRequest invalid=new CpfBrokerPublishRequest("m","t","k",new byte[0],"x",null,"s","p","c","i",Map.of(),Map.of());
        ^
  symbol:   class CpfBrokerPublishRequest
  location: class KafkaCpfBrokerClientTest
/mnt/data/cpf_s03_work/overlay/cpf-starters/messaging/kafka/src/test/java/com/cpf/starter/kafka/KafkaCpfBrokerClientTest.java:55: error: cannot find symbol
        CpfBrokerPublishRequest invalid=new CpfBrokerPublishRequest("m","t","k",new byte[0],"x",null,"s","p","c","i",Map.of(),Map.of());
                                            ^
  symbol:   class CpfBrokerPublishRequest
  location: class KafkaCpfBrokerClientTest
/mnt/data/cpf_s03_work/overlay/cpf-starters/messaging/kafka/src/test/java/com/cpf/starter/kafka/KafkaCpfBrokerClientTest.java:56: error: cannot find symbol
        assertThatThrownBy(()->client(template,Duration.ofSeconds(1)).enqueue(invalid)).isInstanceOf(IllegalArgumentException.class).hasMessageContaining("transactionId");
        ^
  symbol:   method assertThatThrownBy(()->client[...]alid))
  location: class KafkaCpfBrokerClientTest
/mnt/data/cpf_s03_work/overlay/cpf-starters/messaging/kafka/src/test/java/com/cpf/starter/kafka/KafkaCpfBrokerClientTest.java:60: error: cannot find symbol
        KafkaTemplate<String,byte[]> template=template();
        ^
  symbol:   class KafkaTemplate
  location: class KafkaCpfBrokerClientTest
/mnt/data/cpf_s03_work/overlay/cpf-starters/messaging/kafka/src/test/java/com/cpf/starter/kafka/KafkaCpfBrokerClientTest.java:61: error: cannot find symbol
        when(template.send(any(ProducerRecord.class)))
                               ^
  symbol:   class ProducerRecord
  location: class KafkaCpfBrokerClientTest
/mnt/data/cpf_s03_work/overlay/cpf-starters/messaging/kafka/src/test/java/com/cpf/starter/kafka/KafkaCpfBrokerClientTest.java:64: error: cannot find symbol
        assertThatThrownBy(()->client(template,Duration.ofSeconds(1)).enqueue(request(Map.of())))
        ^
  symbol:   method assertThatThrownBy(()->client[...]f())))
  location: class KafkaCpfBrokerClientTest
/mnt/data/cpf_s03_work/overlay/cpf-starters/messaging/kafka/src/test/java/com/cpf/starter/kafka/KafkaCpfBrokerClientTest.java:71: error: cannot find symbol
        KafkaTemplate<String,byte[]> template=template();
        ^
  symbol:   class KafkaTemplate
  location: class KafkaCpfBrokerClientTest
/mnt/data/cpf_s03_work/overlay/cpf-starters/messaging/kafka/src/test/java/com/cpf/starter/kafka/KafkaCpfBrokerClientTest.java:73: error: cannot find symbol
                .thenThrow(new SerializationException("serializer rejected payload"));
                               ^
  symbol:   class SerializationException
  location: class KafkaCpfBrokerClientTest
/mnt/data/cpf_s03_work/overlay/cpf-starters/messaging/kafka/src/test/java/com/cpf/starter/kafka/KafkaCpfBrokerClientTest.java:72: error: cannot find symbol
        when(template.send(any(ProducerRecord.class)))
                               ^
  symbol:   class ProducerRecord
  location: class KafkaCpfBrokerClientTest
/mnt/data/cpf_s03_work/overlay/cpf-starters/messaging/kafka/src/test/java/com/cpf/starter/kafka/KafkaCpfBrokerClientTest.java:75: error: cannot find symbol
        assertThatThrownBy(()->client(template,Duration.ofSeconds(1)).enqueue(request(Map.of())))
        ^
  symbol:   method assertThatThrownBy(()->client[...]f())))
  location: class KafkaCpfBrokerClientTest
/mnt/data/cpf_s03_work/overlay/cpf-starters/messaging/kafka/src/test/java/com/cpf/starter/kafka/KafkaCpfBrokerClientTest.java:82: error: cannot find symbol
    @Test void timeoutIsUnknownWithoutPollutingInterruptFlag(){KafkaTemplate<String,byte[]> t=template();when(t.send(any(ProducerRecord.class))).thenReturn(new CompletableFuture<>());assertThatThrownBy(()->client(t,Duration.ofMillis(1)).enqueue(request(Map.of()))).isInstanceOf(IllegalStateException.class).hasMessageContaining("UNKNOWN");assertThat(Thread.currentThread().isInterrupted()).isFalse();}
                                                               ^
  symbol:   class KafkaTemplate
  location: class KafkaCpfBrokerClientTest
/mnt/data/cpf_s03_work/overlay/cpf-starters/messaging/kafka/src/test/java/com/cpf/starter/kafka/KafkaCpfBrokerClientTest.java:82: error: cannot find symbol
    @Test void timeoutIsUnknownWithoutPollutingInterruptFlag(){KafkaTemplate<String,byte[]> t=template();when(t.send(any(ProducerRecord.class))).thenReturn(new CompletableFuture<>());assertThatThrownBy(()->client(t,Duration.ofMillis(1)).enqueue(request(Map.of()))).isInstanceOf(IllegalStateException.class).hasMessageContaining("UNKNOWN");assertThat(Thread.currentThread().isInterrupted()).isFalse();}
                                                                                                                         ^
  symbol:   class ProducerRecord
  location: class KafkaCpfBrokerClientTest
/mnt/data/cpf_s03_work/overlay/cpf-starters/messaging/kafka/src/test/java/com/cpf/starter/kafka/KafkaCpfBrokerClientTest.java:82: error: cannot find symbol
    @Test void timeoutIsUnknownWithoutPollutingInterruptFlag(){KafkaTemplate<String,byte[]> t=template();when(t.send(any(ProducerRecord.class))).thenReturn(new CompletableFuture<>());assertThatThrownBy(()->client(t,Duration.ofMillis(1)).enqueue(request(Map.of()))).isInstanceOf(IllegalStateException.class).hasMessageContaining("UNKNOWN");assertThat(Thread.currentThread().isInterrupted()).isFalse();}
                                                                                                                                                                                       ^
  symbol:   method assertThatThrownBy(()->client[...]f())))
  location: class KafkaCpfBrokerClientTest
/mnt/data/cpf_s03_work/overlay/cpf-starters/messaging/kafka/src/test/java/com/cpf/starter/kafka/KafkaCpfBrokerClientTest.java:82: error: cannot find symbol
    @Test void timeoutIsUnknownWithoutPollutingInterruptFlag(){KafkaTemplate<String,byte[]> t=template();when(t.send(any(ProducerRecord.class))).thenReturn(new CompletableFuture<>());assertThatThrownBy(()->client(t,Duration.ofMillis(1)).enqueue(request(Map.of()))).isInstanceOf(IllegalStateException.class).hasMessageContaining("UNKNOWN");assertThat(Thread.currentThread().isInterrupted()).isFalse();}
                                                                                                                                                                                                                                                                                                                                                   ^
  symbol:   method assertThat(boolean)
  location: class KafkaCpfBrokerClientTest
/mnt/data/cpf_s03_work/overlay/cpf-starters/messaging/kafka/src/test/java/com/cpf/starter/kafka/KafkaCpfBrokerClientTest.java:83: error: cannot find symbol
    @Test void interruptedWaitRestoresInterruptFlag(){KafkaTemplate<String,byte[]> t=template();when(t.send(any(ProducerRecord.class))).thenReturn(new CompletableFuture<>());Thread.currentThread().interrupt();assertThatThrownBy(()->client(t,Duration.ofSeconds(1)).enqueue(request(Map.of()))).isInstanceOf(IllegalStateException.class).hasMessageContaining("UNKNOWN");assertThat(Thread.currentThread().isInterrupted()).isTrue();}
                                                      ^
  symbol:   class KafkaTemplate
  location: class KafkaCpfBrokerClientTest
/mnt/data/cpf_s03_work/overlay/cpf-starters/messaging/kafka/src/test/java/com/cpf/starter/kafka/KafkaCpfBrokerClientTest.java:83: error: cannot find symbol
    @Test void interruptedWaitRestoresInterruptFlag(){KafkaTemplate<String,byte[]> t=template();when(t.send(any(ProducerRecord.class))).thenReturn(new CompletableFuture<>());Thread.currentThread().interrupt();assertThatThrownBy(()->client(t,Duration.ofSeconds(1)).enqueue(request(Map.of()))).isInstanceOf(IllegalStateException.class).hasMessageContaining("UNKNOWN");assertThat(Thread.currentThread().isInterrupted()).isTrue();}
                                                                                                                ^
  symbol:   class ProducerRecord
  location: class KafkaCpfBrokerClientTest
/mnt/data/cpf_s03_work/overlay/cpf-starters/messaging/kafka/src/test/java/com/cpf/starter/kafka/KafkaCpfBrokerClientTest.java:83: error: cannot find symbol
    @Test void interruptedWaitRestoresInterruptFlag(){KafkaTemplate<String,byte[]> t=template();when(t.send(any(ProducerRecord.class))).thenReturn(new CompletableFuture<>());Thread.currentThread().interrupt();assertThatThrownBy(()->client(t,Duration.ofSeconds(1)).enqueue(request(Map.of()))).isInstanceOf(IllegalStateException.class).hasMessageContaining("UNKNOWN");assertThat(Thread.currentThread().isInterrupted()).isTrue();}
                                                                                                                                                                                                                 ^
  symbol:   method assertThatThrownBy(()->client[...]f())))
  location: class KafkaCpfBrokerClientTest
/mnt/data/cpf_s03_work/overlay/cpf-starters/messaging/kafka/src/test/java/com/cpf/starter/kafka/KafkaCpfBrokerClientTest.java:83: error: cannot find symbol
    @Test void interruptedWaitRestoresInterruptFlag(){KafkaTemplate<String,byte[]> t=template();when(t.send(any(ProducerRecord.class))).thenReturn(new CompletableFuture<>());Thread.currentThread().interrupt();assertThatThrownBy(()->client(t,Duration.ofSeconds(1)).enqueue(request(Map.of()))).isInstanceOf(IllegalStateException.class).hasMessageContaining("UNKNOWN");assertThat(Thread.currentThread().isInterrupted()).isTrue();}
                                                                                                                                                                                                                                                                                                                                                                              ^
  symbol:   method assertThat(boolean)
  location: class KafkaCpfBrokerClientTest
/mnt/data/cpf_s03_work/overlay/cpf-starters/messaging/kafka/src/test/java/com/cpf/starter/kafka/KafkaCpfBrokerClientTest.java:85: error: cannot find symbol
    @SuppressWarnings("unchecked") private static KafkaTemplate<String,byte[]> template(){return mock(KafkaTemplate.class);}
                                                                                                      ^
  symbol:   class KafkaTemplate
  location: class KafkaCpfBrokerClientTest
/mnt/data/cpf_s03_work/overlay/cpf-starters/messaging/kafka/src/test/java/com/cpf/starter/kafka/KafkaCpfBrokerClientTest.java:86: error: cannot find symbol
    private static KafkaCpfBrokerClient client(KafkaTemplate<String,byte[]> t,Duration d){return new KafkaCpfBrokerClient(t,new CpfKafkaProperties(d,1024,true));}
                                                                                                                                ^
  symbol:   class CpfKafkaProperties
  location: class KafkaCpfBrokerClientTest
/mnt/data/cpf_s03_work/overlay/cpf-starters/messaging/kafka/src/test/java/com/cpf/starter/kafka/KafkaCpfBrokerClientTest.java:87: error: cannot find symbol
    private static CpfBrokerPublishRequest request(Map<String,String> headers){return new CpfBrokerPublishRequest("message-1","cpf.events","partition-key",new byte[]{1},"application/octet-stream","transaction-1","segment-1","producer","consumer","idempotency-1",headers,Map.of());}
                                                                                          ^
  symbol:   class CpfBrokerPublishRequest
  location: class KafkaCpfBrokerClientTest
/mnt/data/cpf_s03_work/overlay/cpf-starters/messaging/rabbitmq/src/main/java/com/cpf/starter/rabbitmq/CpfRabbitMqBrokerClient.java:49: error: method does not override or implement a method from a supertype
    @Override
    ^
/mnt/data/cpf_s03_work/overlay/cpf-starters/messaging/rabbitmq/src/main/java/com/cpf/starter/rabbitmq/CpfRabbitMqBrokerClient.java:57: error: cannot find symbol
        MessageBuilder builder = MessageBuilder.withBody(request.payload())
        ^
  symbol:   class MessageBuilder
  location: class CpfRabbitMqBrokerClient
/mnt/data/cpf_s03_work/overlay/cpf-starters/messaging/rabbitmq/src/main/java/com/cpf/starter/rabbitmq/CpfRabbitMqBrokerClient.java:57: error: cannot find symbol
        MessageBuilder builder = MessageBuilder.withBody(request.payload())
                                 ^
  symbol:   variable MessageBuilder
  location: class CpfRabbitMqBrokerClient
/mnt/data/cpf_s03_work/overlay/cpf-starters/messaging/rabbitmq/src/main/java/com/cpf/starter/rabbitmq/CpfRabbitMqBrokerClient.java:63: error: cannot find symbol
        Message message = builder.build();
        ^
  symbol:   class Message
  location: class CpfRabbitMqBrokerClient
/mnt/data/cpf_s03_work/overlay/cpf-starters/messaging/rabbitmq/src/main/java/com/cpf/starter/rabbitmq/CpfRabbitMqBrokerClient.java:64: error: cannot find symbol
        CorrelationData correlation = new CorrelationData(request.messageId());
        ^
  symbol:   class CorrelationData
  location: class CpfRabbitMqBrokerClient
/mnt/data/cpf_s03_work/overlay/cpf-starters/messaging/rabbitmq/src/main/java/com/cpf/starter/rabbitmq/CpfRabbitMqBrokerClient.java:64: error: cannot find symbol
        CorrelationData correlation = new CorrelationData(request.messageId());
                                          ^
  symbol:   class CorrelationData
  location: class CpfRabbitMqBrokerClient
/mnt/data/cpf_s03_work/overlay/cpf-starters/messaging/rabbitmq/src/main/java/com/cpf/starter/rabbitmq/CpfRabbitMqBrokerClient.java:68: error: package CorrelationData does not exist
            CorrelationData.Confirm confirm = correlation.getFuture().get(
                           ^
/mnt/data/cpf_s03_work/overlay/cpf-starters/messaging/rabbitmq/src/main/java/com/cpf/starter/rabbitmq/CpfRabbitMqBrokerClient.java:136: error: cannot find symbol
        return new CpfBrokerPublishResult(
                   ^
  symbol:   class CpfBrokerPublishResult
  location: class CpfRabbitMqBrokerClient
/mnt/data/cpf_s03_work/overlay/cpf-starters/messaging/rabbitmq/src/main/java/com/cpf/starter/rabbitmq/CpfRabbitMqBrokerClient.java:151: error: cannot find symbol
        return CpfBrokerFailureSanitizer.sanitize(detail == null || detail.isBlank() ? "unspecified" : detail);
               ^
  symbol:   variable CpfBrokerFailureSanitizer
  location: class CpfRabbitMqBrokerClient
/mnt/data/cpf_s03_work/overlay/cpf-starters/messaging/rabbitmq/src/test/java/com/cpf/starter/rabbitmq/CpfRabbitMqBrokerClientTest.java:26: error: cannot find symbol
        RabbitTemplate template = mock(RabbitTemplate.class);
        ^
  symbol:   class RabbitTemplate
  location: class CpfRabbitMqBrokerClientTest
/mnt/data/cpf_s03_work/overlay/cpf-starters/messaging/rabbitmq/src/test/java/com/cpf/starter/rabbitmq/CpfRabbitMqBrokerClientTest.java:26: error: cannot find symbol
        RabbitTemplate template = mock(RabbitTemplate.class);
                                       ^
  symbol:   class RabbitTemplate
  location: class CpfRabbitMqBrokerClientTest
/mnt/data/cpf_s03_work/overlay/cpf-starters/messaging/rabbitmq/src/test/java/com/cpf/starter/rabbitmq/CpfRabbitMqBrokerClientTest.java:27: error: cannot find symbol
        AtomicReference<Message> captured = new AtomicReference<>();
                        ^
  symbol:   class Message
  location: class CpfRabbitMqBrokerClientTest
/mnt/data/cpf_s03_work/overlay/cpf-starters/messaging/rabbitmq/src/test/java/com/cpf/starter/rabbitmq/CpfRabbitMqBrokerClientTest.java:28: error: cannot find symbol
        doAnswer(invocation -> {
        ^
  symbol:   method doAnswer((invocatio[...]ll; })
  location: class CpfRabbitMqBrokerClientTest
/mnt/data/cpf_s03_work/overlay/cpf-starters/messaging/rabbitmq/src/test/java/com/cpf/starter/rabbitmq/CpfRabbitMqBrokerClientTest.java:30: error: cannot find symbol
            CorrelationData correlation = invocation.getArgument(3);
            ^
  symbol:   class CorrelationData
  location: class CpfRabbitMqBrokerClientTest
/mnt/data/cpf_s03_work/overlay/cpf-starters/messaging/rabbitmq/src/test/java/com/cpf/starter/rabbitmq/CpfRabbitMqBrokerClientTest.java:31: error: package CorrelationData does not exist
            correlation.getFuture().complete(new CorrelationData.Confirm(true, null));
                                                                ^
/mnt/data/cpf_s03_work/overlay/cpf-starters/messaging/rabbitmq/src/test/java/com/cpf/starter/rabbitmq/CpfRabbitMqBrokerClientTest.java:33: error: cannot find symbol
        }).when(template).send(eq("cpf.exchange"), eq("cpf.route"), any(Message.class), any(CorrelationData.class));
                               ^
  symbol:   method eq(String)
  location: class CpfRabbitMqBrokerClientTest
/mnt/data/cpf_s03_work/overlay/cpf-starters/messaging/rabbitmq/src/test/java/com/cpf/starter/rabbitmq/CpfRabbitMqBrokerClientTest.java:33: error: cannot find symbol
        }).when(template).send(eq("cpf.exchange"), eq("cpf.route"), any(Message.class), any(CorrelationData.class));
                                                   ^
  symbol:   method eq(String)
  location: class CpfRabbitMqBrokerClientTest
/mnt/data/cpf_s03_work/overlay/cpf-starters/messaging/rabbitmq/src/test/java/com/cpf/starter/rabbitmq/CpfRabbitMqBrokerClientTest.java:33: error: cannot find symbol
        }).when(template).send(eq("cpf.exchange"), eq("cpf.route"), any(Message.class), any(CorrelationData.class));
                                                                        ^
  symbol:   class Message
  location: class CpfRabbitMqBrokerClientTest
/mnt/data/cpf_s03_work/overlay/cpf-starters/messaging/rabbitmq/src/test/java/com/cpf/starter/rabbitmq/CpfRabbitMqBrokerClientTest.java:33: error: cannot find symbol
        }).when(template).send(eq("cpf.exchange"), eq("cpf.route"), any(Message.class), any(CorrelationData.class));
                                                                                            ^
  symbol:   class CorrelationData
  location: class CpfRabbitMqBrokerClientTest
/mnt/data/cpf_s03_work/overlay/cpf-starters/messaging/rabbitmq/src/test/java/com/cpf/starter/rabbitmq/CpfRabbitMqBrokerClientTest.java:48: error: cannot find symbol
        RabbitTemplate template = mock(RabbitTemplate.class);
        ^
  symbol:   class RabbitTemplate
  location: class CpfRabbitMqBrokerClientTest
/mnt/data/cpf_s03_work/overlay/cpf-starters/messaging/rabbitmq/src/test/java/com/cpf/starter/rabbitmq/CpfRabbitMqBrokerClientTest.java:48: error: cannot find symbol
        RabbitTemplate template = mock(RabbitTemplate.class);
                                       ^
  symbol:   class RabbitTemplate
  location: class CpfRabbitMqBrokerClientTest
/mnt/data/cpf_s03_work/overlay/cpf-starters/messaging/rabbitmq/src/test/java/com/cpf/starter/rabbitmq/CpfRabbitMqBrokerClientTest.java:51: error: cannot find symbol
        assertThatIllegalArgumentException()
        ^
  symbol:   method assertThatIllegalArgumentException()
  location: class CpfRabbitMqBrokerClientTest
/mnt/data/cpf_s03_work/overlay/cpf-starters/messaging/rabbitmq/src/test/java/com/cpf/starter/rabbitmq/CpfRabbitMqBrokerClientTest.java:59: error: cannot find symbol
        RabbitTemplate template = mock(RabbitTemplate.class);
        ^
  symbol:   class RabbitTemplate
  location: class CpfRabbitMqBrokerClientTest
/mnt/data/cpf_s03_work/overlay/cpf-starters/messaging/rabbitmq/src/test/java/com/cpf/starter/rabbitmq/CpfRabbitMqBrokerClientTest.java:59: error: cannot find symbol
        RabbitTemplate template = mock(RabbitTemplate.class);
                                       ^
  symbol:   class RabbitTemplate
  location: class CpfRabbitMqBrokerClientTest
/mnt/data/cpf_s03_work/overlay/cpf-starters/messaging/rabbitmq/src/test/java/com/cpf/starter/rabbitmq/CpfRabbitMqBrokerClientTest.java:60: error: cannot find symbol
        doAnswer(invocation -> {
        ^
  symbol:   method doAnswer((invocatio[...]ll; })
  location: class CpfRabbitMqBrokerClientTest
/mnt/data/cpf_s03_work/overlay/cpf-starters/messaging/rabbitmq/src/test/java/com/cpf/starter/rabbitmq/CpfRabbitMqBrokerClientTest.java:61: error: cannot find symbol
            CorrelationData correlation = invocation.getArgument(3);
            ^
  symbol:   class CorrelationData
  location: class CpfRabbitMqBrokerClientTest
/mnt/data/cpf_s03_work/overlay/cpf-starters/messaging/rabbitmq/src/test/java/com/cpf/starter/rabbitmq/CpfRabbitMqBrokerClientTest.java:62: error: package CorrelationData does not exist
            correlation.getFuture().complete(new CorrelationData.Confirm(
                                                                ^
/mnt/data/cpf_s03_work/overlay/cpf-starters/messaging/rabbitmq/src/test/java/com/cpf/starter/rabbitmq/CpfRabbitMqBrokerClientTest.java:65: error: cannot find symbol
        }).when(template).send(eq("cpf.exchange"), eq("cpf.route"),
                               ^
  symbol:   method eq(String)
  location: class CpfRabbitMqBrokerClientTest
/mnt/data/cpf_s03_work/overlay/cpf-starters/messaging/rabbitmq/src/test/java/com/cpf/starter/rabbitmq/CpfRabbitMqBrokerClientTest.java:65: error: cannot find symbol
        }).when(template).send(eq("cpf.exchange"), eq("cpf.route"),
                                                   ^
  symbol:   method eq(String)
  location: class CpfRabbitMqBrokerClientTest
/mnt/data/cpf_s03_work/overlay/cpf-starters/messaging/rabbitmq/src/test/java/com/cpf/starter/rabbitmq/CpfRabbitMqBrokerClientTest.java:66: error: cannot find symbol
                any(Message.class), any(CorrelationData.class));
                    ^
  symbol:   class Message
  location: class CpfRabbitMqBrokerClientTest
/mnt/data/cpf_s03_work/overlay/cpf-starters/messaging/rabbitmq/src/test/java/com/cpf/starter/rabbitmq/CpfRabbitMqBrokerClientTest.java:66: error: cannot find symbol
                any(Message.class), any(CorrelationData.class));
                                        ^
  symbol:   class CorrelationData
  location: class CpfRabbitMqBrokerClientTest
/mnt/data/cpf_s03_work/overlay/cpf-starters/messaging/rabbitmq/src/test/java/com/cpf/starter/rabbitmq/CpfRabbitMqBrokerClientTest.java:82: error: cannot find symbol
        assertThatIllegalArgumentException()
        ^
  symbol:   method assertThatIllegalArgumentException()
  location: class CpfRabbitMqBrokerClientTest
/mnt/data/cpf_s03_work/overlay/cpf-starters/messaging/rabbitmq/src/test/java/com/cpf/starter/rabbitmq/CpfRabbitMqBrokerClientTest.java:90: error: cannot find symbol
        assertThatIllegalArgumentException()
        ^
  symbol:   method assertThatIllegalArgumentException()
  location: class CpfRabbitMqBrokerClientTest
/mnt/data/cpf_s03_work/overlay/cpf-starters/messaging/rabbitmq/src/test/java/com/cpf/starter/rabbitmq/CpfRabbitMqBrokerClientTest.java:94: error: cannot find symbol
        assertThatIllegalArgumentException()
        ^
  symbol:   method assertThatIllegalArgumentException()
  location: class CpfRabbitMqBrokerClientTest
/mnt/data/cpf_s03_work/overlay/cpf-starters/messaging/rabbitmq/src/test/java/com/cpf/starter/rabbitmq/CpfRabbitMqBrokerClientTest.java:102: error: cannot find symbol
        RabbitTemplate template = mock(RabbitTemplate.class);
        ^
  symbol:   class RabbitTemplate
  location: class CpfRabbitMqBrokerClientTest
/mnt/data/cpf_s03_work/overlay/cpf-starters/messaging/rabbitmq/src/test/java/com/cpf/starter/rabbitmq/CpfRabbitMqBrokerClientTest.java:102: error: cannot find symbol
        RabbitTemplate template = mock(RabbitTemplate.class);
                                       ^
  symbol:   class RabbitTemplate
  location: class CpfRabbitMqBrokerClientTest
/mnt/data/cpf_s03_work/overlay/cpf-starters/messaging/rabbitmq/src/test/java/com/cpf/starter/rabbitmq/CpfRabbitMqBrokerClientTest.java:104: error: cannot find symbol
        CpfBrokerPublishRequest missingTransaction = new CpfBrokerPublishRequest(
        ^
  symbol:   class CpfBrokerPublishRequest
  location: class CpfRabbitMqBrokerClientTest
/mnt/data/cpf_s03_work/overlay/cpf-starters/messaging/rabbitmq/src/test/java/com/cpf/starter/rabbitmq/CpfRabbitMqBrokerClientTest.java:104: error: cannot find symbol
        CpfBrokerPublishRequest missingTransaction = new CpfBrokerPublishRequest(
                                                         ^
  symbol:   class CpfBrokerPublishRequest
  location: class CpfRabbitMqBrokerClientTest
/mnt/data/cpf_s03_work/overlay/cpf-starters/messaging/rabbitmq/src/test/java/com/cpf/starter/rabbitmq/CpfRabbitMqBrokerClientTest.java:107: error: cannot find symbol
        CpfBrokerPublishRequest missingIdempotency = new CpfBrokerPublishRequest(
        ^
  symbol:   class CpfBrokerPublishRequest
  location: class CpfRabbitMqBrokerClientTest
/mnt/data/cpf_s03_work/overlay/cpf-starters/messaging/rabbitmq/src/test/java/com/cpf/starter/rabbitmq/CpfRabbitMqBrokerClientTest.java:107: error: cannot find symbol
        CpfBrokerPublishRequest missingIdempotency = new CpfBrokerPublishRequest(
                                                         ^
  symbol:   class CpfBrokerPublishRequest
  location: class CpfRabbitMqBrokerClientTest
/mnt/data/cpf_s03_work/overlay/cpf-starters/messaging/rabbitmq/src/test/java/com/cpf/starter/rabbitmq/CpfRabbitMqBrokerClientTest.java:111: error: cannot find symbol
        assertThatIllegalArgumentException().isThrownBy(() -> client.enqueue(missingTransaction));
        ^
  symbol:   method assertThatIllegalArgumentException()
  location: class CpfRabbitMqBrokerClientTest
/mnt/data/cpf_s03_work/overlay/cpf-starters/messaging/rabbitmq/src/test/java/com/cpf/starter/rabbitmq/CpfRabbitMqBrokerClientTest.java:112: error: cannot find symbol
        assertThatIllegalArgumentException().isThrownBy(() -> client.enqueue(missingIdempotency));
        ^
  symbol:   method assertThatIllegalArgumentException()
  location: class CpfRabbitMqBrokerClientTest
/mnt/data/cpf_s03_work/overlay/cpf-starters/messaging/rabbitmq/src/test/java/com/cpf/starter/rabbitmq/CpfRabbitMqBrokerClientTest.java:117: error: cannot find symbol
        var properties = new CpfRabbitMqProperties();
                             ^
  symbol:   class CpfRabbitMqProperties
  location: class CpfRabbitMqBrokerClientTest
/mnt/data/cpf_s03_work/overlay/cpf-starters/messaging/rabbitmq/src/test/java/com/cpf/starter/rabbitmq/CpfRabbitMqBrokerClientTest.java:133: error: package org.assertj.core.api does not exist
        org.assertj.core.api.Assertions.assertThat(snapshot)
                            ^
/mnt/data/cpf_s03_work/overlay/cpf-starters/messaging/rabbitmq/src/test/java/com/cpf/starter/rabbitmq/CpfRabbitMqBrokerClientTest.java:136: error: package org.assertj.core.api does not exist
        org.assertj.core.api.Assertions.assertThatThrownBy(() -> snapshot.put("x", "y"))
                            ^
/mnt/data/cpf_s03_work/overlay/cpf-starters/messaging/rabbitmq/src/test/java/com/cpf/starter/rabbitmq/CpfRabbitMqBrokerClientTest.java:147: error: package org.assertj.core.api does not exist
        org.assertj.core.api.Assertions.assertThatIllegalArgumentException()
                            ^
/mnt/data/cpf_s03_work/overlay/cpf-starters/messaging/rabbitmq/src/test/java/com/cpf/starter/rabbitmq/CpfRabbitMqBrokerClientTest.java:149: error: package org.assertj.core.api does not exist
        org.assertj.core.api.Assertions.assertThatIllegalArgumentException()
                            ^
/mnt/data/cpf_s03_work/overlay/cpf-starters/messaging/rabbitmq/src/test/java/com/cpf/starter/rabbitmq/CpfRabbitMqBrokerClientTest.java:154: error: cannot find symbol
        return new CpfBrokerPublishRequest(
                   ^
  symbol:   class CpfBrokerPublishRequest
  location: class CpfRabbitMqBrokerClientTest
/mnt/data/cpf_s03_work/overlay/cpf-starters/messaging/reliability-jdbc/src/main/java/com/cpf/core/common/broker/CpfBrokerPublisherWorker.java:34: error: cannot find symbol
        List<CpfBrokerEnvelope> claimed = outboxPort.claimPending(owner, limit);
             ^
  symbol:   class CpfBrokerEnvelope
  location: class CpfBrokerPublisherWorker
/mnt/data/cpf_s03_work/overlay/cpf-starters/messaging/reliability-jdbc/src/main/java/com/cpf/core/common/broker/CpfBrokerPublisherWorker.java:35: error: cannot find symbol
        List<CpfBrokerResult> results = new ArrayList<>(claimed.size());
             ^
  symbol:   class CpfBrokerResult
  location: class CpfBrokerPublisherWorker
/mnt/data/cpf_s03_work/overlay/cpf-starters/messaging/reliability-jdbc/src/main/java/com/cpf/core/common/broker/CpfBrokerPublisherWorker.java:37: error: cannot find symbol
        for (CpfBrokerEnvelope envelope : claimed) {
             ^
  symbol:   class CpfBrokerEnvelope
  location: class CpfBrokerPublisherWorker
/mnt/data/cpf_s03_work/overlay/cpf-starters/messaging/reliability-jdbc/src/main/java/com/cpf/core/common/broker/CpfBrokerPublisherWorker.java:38: error: cannot find symbol
            CpfBrokerResult result;
            ^
  symbol:   class CpfBrokerResult
  location: class CpfBrokerPublisherWorker
/mnt/data/cpf_s03_work/overlay/cpf-starters/messaging/reliability-jdbc/src/main/java/com/cpf/core/common/broker/CpfBrokerPublisherWorker.java:76: error: cannot find symbol
        return new CpfBrokerResult("UNKNOWN", envelope.message().messageId(), "UNKNOWN_ADAPTER", null,
                   ^
  symbol:   class CpfBrokerResult
  location: class CpfBrokerPublisherWorker
/mnt/data/cpf_s03_work/overlay/cpf-starters/messaging/reliability-jdbc/src/main/java/com/cpf/core/common/broker/CpfBrokerPublisherWorker.java:77: error: cannot find symbol
                clock.instant(), CpfBrokerFailureSanitizer.sanitize(detail));
                                 ^
  symbol:   variable CpfBrokerFailureSanitizer
  location: class CpfBrokerPublisherWorker
/mnt/data/cpf_s03_work/overlay/cpf-starters/messaging/reliability-jdbc/src/main/java/com/cpf/core/common/broker/CpfBrokerPublisherWorker.java:81: error: cannot find symbol
    private String safeMessage(RuntimeException ex) { String m=ex.getMessage(); return CpfBrokerFailureSanitizer.sanitize(m==null||m.isBlank()?ex.getClass().getSimpleName():m); }
                                                                                       ^
  symbol:   variable CpfBrokerFailureSanitizer
  location: class CpfBrokerPublisherWorker
/mnt/data/cpf_s03_work/overlay/cpf-starters/messaging/reliability-jdbc/src/main/java/com/cpf/core/common/broker/JdbcCpfBrokerReliabilityRepository.java:69: error: cannot find symbol
            return CpfBrokerResult.accepted(
                   ^
  symbol:   variable CpfBrokerResult
  location: class JdbcCpfBrokerReliabilityRepository
/mnt/data/cpf_s03_work/overlay/cpf-starters/messaging/reliability-jdbc/src/main/java/com/cpf/core/common/broker/JdbcCpfBrokerReliabilityRepository.java:74: error: cannot find symbol
        } catch (DuplicateKeyException duplicate) {
                 ^
  symbol:   class DuplicateKeyException
  location: class JdbcCpfBrokerReliabilityRepository
/mnt/data/cpf_s03_work/overlay/cpf-starters/messaging/reliability-jdbc/src/main/java/com/cpf/core/common/broker/JdbcCpfBrokerReliabilityRepository.java:83: error: cannot find symbol
        return CpfBrokerResult.accepted(
               ^
  symbol:   variable CpfBrokerResult
  location: class JdbcCpfBrokerReliabilityRepository
/mnt/data/cpf_s03_work/overlay/cpf-starters/messaging/reliability-jdbc/src/main/java/com/cpf/core/common/broker/JdbcCpfBrokerReliabilityRepository.java:109: error: cannot find symbol
        CpfBrokerEnvelope stored = mapEnvelope(row);
        ^
  symbol:   class CpfBrokerEnvelope
  location: class JdbcCpfBrokerReliabilityRepository
/mnt/data/cpf_s03_work/overlay/cpf-starters/messaging/reliability-jdbc/src/main/java/com/cpf/core/common/broker/JdbcCpfBrokerReliabilityRepository.java:196: error: cannot find symbol
        List<CpfBrokerEnvelope> claimed = new ArrayList<>(rows.size());
             ^
  symbol:   class CpfBrokerEnvelope
  location: class JdbcCpfBrokerReliabilityRepository
/mnt/data/cpf_s03_work/overlay/cpf-starters/messaging/reliability-jdbc/src/main/java/com/cpf/core/common/broker/JdbcCpfBrokerReliabilityRepository.java:240: error: cannot find symbol
                CpfBrokerFailureSanitizer.sanitizeNullable(result.detail()), messageId, workerId);
                ^
  symbol:   variable CpfBrokerFailureSanitizer
  location: class JdbcCpfBrokerReliabilityRepository
/mnt/data/cpf_s03_work/overlay/cpf-starters/messaging/reliability-jdbc/src/main/java/com/cpf/core/common/broker/JdbcCpfBrokerReliabilityRepository.java:265: error: cannot find symbol
        List<CpfBrokerEnvelope> claimed = new ArrayList<>();
             ^
  symbol:   class CpfBrokerEnvelope
  location: class JdbcCpfBrokerReliabilityRepository
/mnt/data/cpf_s03_work/overlay/cpf-starters/messaging/reliability-jdbc/src/main/java/com/cpf/core/common/broker/JdbcCpfBrokerReliabilityRepository.java:295: error: cannot find symbol
                """, timestamp(nextReconcileAt), CpfBrokerFailureSanitizer.sanitize(detail), messageId, workerId);
                                                 ^
  symbol:   variable CpfBrokerFailureSanitizer
  location: class JdbcCpfBrokerReliabilityRepository
/mnt/data/cpf_s03_work/overlay/cpf-starters/messaging/reliability-jdbc/src/main/java/com/cpf/core/common/broker/JdbcCpfBrokerReliabilityRepository.java:333: error: cannot find symbol
                CpfBrokerFailureSanitizer.sanitizeNullable(result.detail()), timestamp(processedAt),
                ^
  symbol:   variable CpfBrokerFailureSanitizer
  location: class JdbcCpfBrokerReliabilityRepository
/mnt/data/cpf_s03_work/overlay/cpf-starters/messaging/reliability-jdbc/src/main/java/com/cpf/core/common/broker/JdbcCpfBrokerReliabilityRepository.java:356: error: method does not override or implement a method from a supertype
    @Override
    ^
/mnt/data/cpf_s03_work/overlay/cpf-starters/messaging/reliability-jdbc/src/main/java/com/cpf/core/common/broker/JdbcCpfBrokerReliabilityRepository.java:366: error: cannot find symbol
        } catch (DuplicateKeyException ex) {
                 ^
  symbol:   class DuplicateKeyException
  location: class JdbcCpfBrokerReliabilityRepository
/mnt/data/cpf_s03_work/overlay/cpf-starters/messaging/reliability-jdbc/src/main/java/com/cpf/core/common/broker/JdbcCpfBrokerReliabilityRepository.java:377: error: method does not override or implement a method from a supertype
    @Override
    ^
/mnt/data/cpf_s03_work/overlay/cpf-starters/messaging/reliability-jdbc/src/main/java/com/cpf/core/common/broker/JdbcCpfBrokerReliabilityRepository.java:385: error: cannot find symbol
                """, result.status(), timestamp(processedAt), CpfBrokerFailureSanitizer.sanitizeNullable(result.detail()),
                                                              ^
  symbol:   variable CpfBrokerFailureSanitizer
  location: class JdbcCpfBrokerReliabilityRepository
/mnt/data/cpf_s03_work/overlay/cpf-starters/messaging/reliability-jdbc/src/main/java/com/cpf/core/common/broker/JdbcCpfBrokerReliabilityRepository.java:390: error: method does not override or implement a method from a supertype
    @Override
    ^
/mnt/data/cpf_s03_work/overlay/cpf-starters/messaging/reliability-jdbc/src/main/java/com/cpf/core/common/broker/JdbcCpfBrokerReliabilityRepository.java:397: error: cannot find symbol
                """, CpfBrokerFailureSanitizer.sanitize(detail), messageId);
                     ^
  symbol:   variable CpfBrokerFailureSanitizer
  location: class JdbcCpfBrokerReliabilityRepository
/mnt/data/cpf_s03_work/overlay/cpf-starters/messaging/reliability-jdbc/src/main/java/com/cpf/core/common/broker/JdbcCpfBrokerReliabilityRepository.java:401: error: method does not override or implement a method from a supertype
    @Override
    ^
/mnt/data/cpf_s03_work/overlay/cpf-starters/messaging/reliability-jdbc/src/main/java/com/cpf/core/common/broker/JdbcCpfBrokerReliabilityRepository.java:404: error: cannot find symbol
        String safe = CpfBrokerFailureSanitizer.sanitize(reason);
                      ^
  symbol:   variable CpfBrokerFailureSanitizer
  location: class JdbcCpfBrokerReliabilityRepository
/mnt/data/cpf_s03_work/overlay/cpf-starters/messaging/reliability-jdbc/src/main/java/com/cpf/core/common/broker/JdbcCpfBrokerReliabilityRepository.java:407: error: cannot find symbol
        return CpfBrokerResult.failed(envelope.message().messageId(), "CPF_DLQ", safe);
               ^
  symbol:   variable CpfBrokerResult
  location: class JdbcCpfBrokerReliabilityRepository
/mnt/data/cpf_s03_work/overlay/cpf-starters/messaging/reliability-jdbc/src/main/java/com/cpf/core/common/broker/JdbcCpfBrokerReliabilityRepository.java:410: error: method does not override or implement a method from a supertype
    @Override
    ^
/mnt/data/cpf_s03_work/overlay/cpf-starters/messaging/reliability-jdbc/src/main/java/com/cpf/core/common/broker/JdbcCpfBrokerReliabilityRepository.java:413: error: cannot find symbol
        CpfBrokerResult result = sendToDlq(envelope, reason);
        ^
  symbol:   class CpfBrokerResult
  location: class JdbcCpfBrokerReliabilityRepository
/mnt/data/cpf_s03_work/overlay/cpf-starters/messaging/reliability-jdbc/src/main/java/com/cpf/core/common/broker/JdbcCpfBrokerReliabilityRepository.java:423: error: method does not override or implement a method from a supertype
    @Override
    ^
/mnt/data/cpf_s03_work/overlay/cpf-starters/messaging/reliability-jdbc/src/main/java/com/cpf/core/common/broker/JdbcCpfBrokerReliabilityRepository.java:450: error: method does not override or implement a method from a supertype
    @Override
    ^
/mnt/data/cpf_s03_work/overlay/cpf-starters/messaging/reliability-jdbc/src/main/java/com/cpf/core/common/broker/JdbcCpfBrokerReliabilityRepository.java:460: error: method does not override or implement a method from a supertype
    @Override
    ^
/mnt/data/cpf_s03_work/overlay/cpf-starters/messaging/reliability-jdbc/src/main/java/com/cpf/core/common/broker/JdbcCpfBrokerReliabilityRepository.java:473: error: method does not override or implement a method from a supertype
    @Override
    ^
/mnt/data/cpf_s03_work/overlay/cpf-starters/messaging/reliability-jdbc/src/main/java/com/cpf/core/common/broker/JdbcCpfBrokerReliabilityRepository.java:483: error: method does not override or implement a method from a supertype
    @Override
    ^
/mnt/data/cpf_s03_work/overlay/cpf-starters/messaging/reliability-jdbc/src/main/java/com/cpf/core/common/broker/JdbcCpfBrokerReliabilityRepository.java:489: error: cannot find symbol
        CpfBrokerMessage message = new CpfBrokerMessage(
        ^
  symbol:   class CpfBrokerMessage
  location: class JdbcCpfBrokerReliabilityRepository
/mnt/data/cpf_s03_work/overlay/cpf-starters/messaging/reliability-jdbc/src/main/java/com/cpf/core/common/broker/JdbcCpfBrokerReliabilityRepository.java:489: error: cannot find symbol
        CpfBrokerMessage message = new CpfBrokerMessage(
                                       ^
  symbol:   class CpfBrokerMessage
  location: class JdbcCpfBrokerReliabilityRepository
/mnt/data/cpf_s03_work/overlay/cpf-starters/messaging/reliability-jdbc/src/main/java/com/cpf/core/common/broker/JdbcCpfBrokerReliabilityRepository.java:496: error: cannot find symbol
        return new CpfBrokerEnvelope(
                   ^
  symbol:   class CpfBrokerEnvelope
  location: class JdbcCpfBrokerReliabilityRepository
/mnt/data/cpf_s03_work/overlay/cpf-starters/messaging/reliability-jdbc/src/main/java/com/cpf/core/common/broker/JdbcCpfBrokerReliabilityRepository.java:524: error: cannot find symbol
        }, new ColumnMapRowMapper());
               ^
  symbol:   class ColumnMapRowMapper
  location: class JdbcCpfBrokerReliabilityRepository
/mnt/data/cpf_s03_work/overlay/cpf-starters/messaging/reliability-jdbc/src/main/java/com/cpf/core/common/broker/JdbcCpfBrokerReliabilityRepository.java:546: error: cannot find symbol
        } catch (DuplicateKeyException duplicate) {
                 ^
  symbol:   class DuplicateKeyException
  location: class JdbcCpfBrokerReliabilityRepository
/mnt/data/cpf_s03_work/overlay/cpf-starters/messaging/reliability-jdbc/src/main/java/com/cpf/starter/messaging/reliability/CpfBrokerClientRouter.java:19: error: cannot find symbol
        Map<String, CpfNamedBrokerClient> map = new LinkedHashMap<>();
                    ^
  symbol:   class CpfNamedBrokerClient
  location: class CpfBrokerClientRouter
/mnt/data/cpf_s03_work/overlay/cpf-starters/messaging/reliability-jdbc/src/main/java/com/cpf/starter/messaging/reliability/CpfBrokerClientRouter.java:20: error: cannot find symbol
        for (CpfNamedBrokerClient client : clients) {
             ^
  symbol:   class CpfNamedBrokerClient
  location: class CpfBrokerClientRouter
/mnt/data/cpf_s03_work/overlay/cpf-starters/messaging/reliability-jdbc/src/main/java/com/cpf/starter/messaging/reliability/CpfBrokerClientRouter.java:25: error: cannot find symbol
        List<CpfNamedBrokerClient> defaults = clients.stream()
             ^
  symbol:   class CpfNamedBrokerClient
  location: class CpfBrokerClientRouter
/mnt/data/cpf_s03_work/overlay/cpf-starters/messaging/reliability-jdbc/src/main/java/com/cpf/starter/messaging/reliability/CpfBrokerClientRouter.java:26: error: cannot find symbol
                .filter(CpfNamedBrokerClient::defaultBinding)
                        ^
  symbol:   variable CpfNamedBrokerClient
  location: class CpfBrokerClientRouter
/mnt/data/cpf_s03_work/overlay/cpf-starters/messaging/reliability-jdbc/src/main/java/com/cpf/starter/messaging/reliability/CpfBrokerClientRouter.java:37: error: method does not override or implement a method from a supertype
    @Override
    ^
/mnt/data/cpf_s03_work/overlay/cpf-starters/messaging/reliability-jdbc/src/main/java/com/cpf/starter/messaging/reliability/CpfBrokerClientRouter.java:43: error: cannot find symbol
        CpfNamedBrokerClient client = bindings.get(binding);
        ^
  symbol:   class CpfNamedBrokerClient
  location: class CpfBrokerClientRouter
/mnt/data/cpf_s03_work/overlay/cpf-starters/messaging/reliability-jdbc/src/main/java/com/cpf/starter/messaging/reliability/CpfBrokerHeaderPolicy.java:41: error: cannot find symbol
        return new CpfBrokerPublishRequest(
                   ^
  symbol:   class CpfBrokerPublishRequest
  location: class CpfBrokerHeaderPolicy
/mnt/data/cpf_s03_work/overlay/cpf-starters/messaging/reliability-jdbc/src/main/java/com/cpf/starter/messaging/reliability/CpfBrokerUnknownResultReconciler.java:37: error: cannot find symbol
        List<CpfBrokerEnvelope> claimed=unknownPort.claimUnknown(owner,limit);
             ^
  symbol:   class CpfBrokerEnvelope
  location: class CpfBrokerUnknownResultReconciler
/mnt/data/cpf_s03_work/overlay/cpf-starters/messaging/reliability-jdbc/src/main/java/com/cpf/starter/messaging/reliability/CpfBrokerUnknownResultReconciler.java:39: error: cannot find symbol
        for(CpfBrokerEnvelope envelope:claimed){
            ^
  symbol:   class CpfBrokerEnvelope
  location: class CpfBrokerUnknownResultReconciler
/mnt/data/cpf_s03_work/overlay/cpf-starters/messaging/reliability-jdbc/src/main/java/com/cpf/starter/messaging/reliability/CpfBrokerUnknownResultReconciler.java:40: error: cannot find symbol
            CpfBrokerResult result=probe(envelope);
            ^
  symbol:   class CpfBrokerResult
  location: class CpfBrokerUnknownResultReconciler
/mnt/data/cpf_s03_work/overlay/cpf-starters/messaging/reliability-jdbc/src/main/java/com/cpf/starter/messaging/reliability/CpfBrokerUnknownResultReconciler.java:54: error: cannot find symbol
        CpfBrokerResult last=null;
        ^
  symbol:   class CpfBrokerResult
  location: class CpfBrokerUnknownResultReconciler
/mnt/data/cpf_s03_work/overlay/cpf-starters/messaging/reliability-jdbc/src/main/java/com/cpf/starter/messaging/reliability/CpfBrokerUnknownResultReconciler.java:55: error: cannot find symbol
        for(CpfBrokerPublishResultProbe probe:probes){
            ^
  symbol:   class CpfBrokerPublishResultProbe
  location: class CpfBrokerUnknownResultReconciler
/mnt/data/cpf_s03_work/overlay/cpf-starters/messaging/reliability-jdbc/src/main/java/com/cpf/starter/messaging/reliability/CpfBrokerUnknownResultReconciler.java:57: error: cannot find symbol
                CpfBrokerResult r=probe.probe(envelope);
                ^
  symbol:   class CpfBrokerResult
  location: class CpfBrokerUnknownResultReconciler
/mnt/data/cpf_s03_work/overlay/cpf-starters/messaging/reliability-jdbc/src/main/java/com/cpf/starter/messaging/reliability/CpfBrokerUnknownResultReconciler.java:68: error: cannot find symbol
    private CpfBrokerResult unknown(CpfBrokerEnvelope e,String d){return new CpfBrokerResult("UNKNOWN",e.message().messageId(),"PROBE",null,clock.instant(),safe(d));}
                                                                             ^
  symbol:   class CpfBrokerResult
  location: class CpfBrokerUnknownResultReconciler
/mnt/data/cpf_s03_work/overlay/cpf-starters/messaging/reliability-jdbc/src/main/java/com/cpf/starter/messaging/reliability/CpfBrokerUnknownResultReconciler.java:71: error: cannot find symbol
    private static String safe(String v){return CpfBrokerFailureSanitizer.sanitize(v==null||v.isBlank()?"UNKNOWN":v);}
                                                ^
  symbol:   variable CpfBrokerFailureSanitizer
  location: class CpfBrokerUnknownResultReconciler
/mnt/data/cpf_s03_work/overlay/cpf-starters/messaging/reliability-jdbc/src/main/java/com/cpf/starter/messaging/reliability/CpfProviderBrokerPublisher.java:22: error: method does not override or implement a method from a supertype
    @Override
    ^
/mnt/data/cpf_s03_work/overlay/cpf-starters/messaging/reliability-jdbc/src/main/java/com/cpf/starter/messaging/reliability/CpfProviderBrokerPublisher.java:25: error: cannot find symbol
        CpfBrokerPublishRequest request = new CpfBrokerPublishRequest(
        ^
  symbol:   class CpfBrokerPublishRequest
  location: class CpfProviderBrokerPublisher
/mnt/data/cpf_s03_work/overlay/cpf-starters/messaging/reliability-jdbc/src/main/java/com/cpf/starter/messaging/reliability/CpfProviderBrokerPublisher.java:25: error: cannot find symbol
        CpfBrokerPublishRequest request = new CpfBrokerPublishRequest(
                                              ^
  symbol:   class CpfBrokerPublishRequest
  location: class CpfProviderBrokerPublisher
/mnt/data/cpf_s03_work/overlay/cpf-starters/messaging/reliability-jdbc/src/main/java/com/cpf/starter/messaging/reliability/CpfProviderBrokerPublisher.java:38: error: cannot find symbol
        CpfBrokerPublishResult providerResult;
        ^
  symbol:   class CpfBrokerPublishResult
  location: class CpfProviderBrokerPublisher
/mnt/data/cpf_s03_work/overlay/cpf-starters/messaging/reliability-jdbc/src/main/java/com/cpf/starter/messaging/reliability/CpfProviderBrokerPublisher.java:42: error: cannot find symbol
            return CpfBrokerResult.failed(envelope.message().messageId(), "VALIDATION",
                   ^
  symbol:   variable CpfBrokerResult
  location: class CpfProviderBrokerPublisher
/mnt/data/cpf_s03_work/overlay/cpf-starters/messaging/reliability-jdbc/src/main/java/com/cpf/starter/messaging/reliability/CpfProviderBrokerPublisher.java:43: error: cannot find symbol
                    CpfBrokerFailureSanitizer.sanitize(deterministicFailure.getMessage()));
                    ^
  symbol:   variable CpfBrokerFailureSanitizer
  location: class CpfProviderBrokerPublisher
/mnt/data/cpf_s03_work/overlay/cpf-starters/messaging/reliability-jdbc/src/main/java/com/cpf/starter/messaging/reliability/CpfProviderBrokerPublisher.java:46: error: cannot find symbol
                    + CpfBrokerFailureSanitizer.sanitizeNullable(
                      ^
  symbol:   variable CpfBrokerFailureSanitizer
  location: class CpfProviderBrokerPublisher
/mnt/data/cpf_s03_work/overlay/cpf-starters/messaging/reliability-jdbc/src/main/java/com/cpf/starter/messaging/reliability/CpfProviderBrokerPublisher.java:58: error: cannot find symbol
                    + CpfBrokerFailureSanitizer.sanitizeNullable(providerResult.status()));
                      ^
  symbol:   variable CpfBrokerFailureSanitizer
  location: class CpfProviderBrokerPublisher
/mnt/data/cpf_s03_work/overlay/cpf-starters/messaging/reliability-jdbc/src/main/java/com/cpf/starter/messaging/reliability/CpfProviderBrokerPublisher.java:60: error: cannot find symbol
        return new CpfBrokerResult(
                   ^
  symbol:   class CpfBrokerResult
  location: class CpfProviderBrokerPublisher
/mnt/data/cpf_s03_work/overlay/cpf-starters/messaging/reliability-jdbc/src/main/java/com/cpf/starter/messaging/reliability/CpfProviderBrokerPublisher.java:66: error: cannot find symbol
                CpfBrokerFailureSanitizer.sanitizeNullable(providerResult.detail()));
                ^
  symbol:   variable CpfBrokerFailureSanitizer
  location: class CpfProviderBrokerPublisher
/mnt/data/cpf_s03_work/overlay/cpf-starters/messaging/reliability-jdbc/src/main/java/com/cpf/starter/messaging/reliability/CpfProviderBrokerPublisher.java:77: error: cannot find symbol
        return new CpfBrokerResult(
                   ^
  symbol:   class CpfBrokerResult
  location: class CpfProviderBrokerPublisher
/mnt/data/cpf_s03_work/overlay/cpf-starters/messaging/reliability-jdbc/src/main/java/com/cpf/starter/messaging/reliability/CpfProviderBrokerPublisher.java:79: error: cannot find symbol
                clock.instant(), CpfBrokerFailureSanitizer.sanitize(detail));
                                 ^
  symbol:   variable CpfBrokerFailureSanitizer
  location: class CpfProviderBrokerPublisher
/mnt/data/cpf_s03_work/overlay/cpf-starters/messaging/reliability-jdbc/src/main/java/com/cpf/starter/messaging/reliability/CpfReliableBrokerClient.java:28: error: method does not override or implement a method from a supertype
    @Override
    ^
/mnt/data/cpf_s03_work/overlay/cpf-starters/messaging/reliability-jdbc/src/main/java/com/cpf/starter/messaging/reliability/CpfReliableBrokerClient.java:31: error: cannot find symbol
        CpfBrokerPublishRequest validated = CpfBrokerHeaderPolicy.validatedRequest(request);
        ^
  symbol:   class CpfBrokerPublishRequest
  location: class CpfReliableBrokerClient
/mnt/data/cpf_s03_work/overlay/cpf-starters/messaging/reliability-jdbc/src/main/java/com/cpf/starter/messaging/reliability/CpfReliableBrokerClient.java:35: error: cannot find symbol
        CpfBrokerMessage message = new CpfBrokerMessage(
        ^
  symbol:   class CpfBrokerMessage
  location: class CpfReliableBrokerClient
/mnt/data/cpf_s03_work/overlay/cpf-starters/messaging/reliability-jdbc/src/main/java/com/cpf/starter/messaging/reliability/CpfReliableBrokerClient.java:35: error: cannot find symbol
        CpfBrokerMessage message = new CpfBrokerMessage(
                                       ^
  symbol:   class CpfBrokerMessage
  location: class CpfReliableBrokerClient
/mnt/data/cpf_s03_work/overlay/cpf-starters/messaging/reliability-jdbc/src/main/java/com/cpf/starter/messaging/reliability/CpfReliableBrokerClient.java:38: error: cannot find symbol
        CpfBrokerEnvelope envelope = new CpfBrokerEnvelope(
        ^
  symbol:   class CpfBrokerEnvelope
  location: class CpfReliableBrokerClient
/mnt/data/cpf_s03_work/overlay/cpf-starters/messaging/reliability-jdbc/src/main/java/com/cpf/starter/messaging/reliability/CpfReliableBrokerClient.java:38: error: cannot find symbol
        CpfBrokerEnvelope envelope = new CpfBrokerEnvelope(
                                         ^
  symbol:   class CpfBrokerEnvelope
  location: class CpfReliableBrokerClient
/mnt/data/cpf_s03_work/overlay/cpf-starters/messaging/reliability-jdbc/src/main/java/com/cpf/starter/messaging/reliability/CpfReliableBrokerClient.java:42: error: cannot find symbol
        CpfBrokerResult result = Objects.requireNonNull(
        ^
  symbol:   class CpfBrokerResult
  location: class CpfReliableBrokerClient
/mnt/data/cpf_s03_work/overlay/cpf-starters/messaging/reliability-jdbc/src/main/java/com/cpf/starter/messaging/reliability/CpfReliableBrokerClient.java:45: error: cannot find symbol
        return new CpfBrokerPublishResult(
                   ^
  symbol:   class CpfBrokerPublishResult
  location: class CpfReliableBrokerClient
/mnt/data/cpf_s03_work/overlay/cpf-starters/messaging/reliability-jdbc/src/test/java/com/cpf/core/common/broker/CpfBrokerPublisherWorkerUnknownResultTest.java:25: error: cannot find symbol
        assertThat(result.unknownCount()).isEqualTo(1);
        ^
  symbol:   method assertThat(long)
  location: class CpfBrokerPublisherWorkerUnknownResultTest
/mnt/data/cpf_s03_work/overlay/cpf-starters/messaging/reliability-jdbc/src/test/java/com/cpf/core/common/broker/CpfBrokerPublisherWorkerUnknownResultTest.java:26: error: cannot find symbol
        assertThat(port.unknown).isTrue();
        ^
  symbol:   method assertThat(boolean)
  location: class CpfBrokerPublisherWorkerUnknownResultTest
/mnt/data/cpf_s03_work/overlay/cpf-starters/messaging/reliability-jdbc/src/test/java/com/cpf/core/common/broker/CpfBrokerPublisherWorkerUnknownResultTest.java:27: error: cannot find symbol
        assertThat(port.published).isFalse();
        ^
  symbol:   method assertThat(boolean)
  location: class CpfBrokerPublisherWorkerUnknownResultTest
/mnt/data/cpf_s03_work/overlay/cpf-starters/messaging/reliability-jdbc/src/test/java/com/cpf/core/common/broker/CpfBrokerPublisherWorkerUnknownResultTest.java:35: error: cannot find symbol
                envelope -> CpfBrokerResult.failed("m1", "BROKER", "rejected"),
                            ^
  symbol:   variable CpfBrokerResult
  location: class CpfBrokerPublisherWorkerUnknownResultTest
/mnt/data/cpf_s03_work/overlay/cpf-starters/messaging/reliability-jdbc/src/test/java/com/cpf/core/common/broker/CpfBrokerPublisherWorkerUnknownResultTest.java:40: error: cannot find symbol
        assertThat(result.failureCount()).isEqualTo(1);
        ^
  symbol:   method assertThat(long)
  location: class CpfBrokerPublisherWorkerUnknownResultTest
/mnt/data/cpf_s03_work/overlay/cpf-starters/messaging/reliability-jdbc/src/test/java/com/cpf/core/common/broker/CpfBrokerPublisherWorkerUnknownResultTest.java:41: error: cannot find symbol
        assertThat(port.published).isTrue();
        ^
  symbol:   method assertThat(boolean)
  location: class CpfBrokerPublisherWorkerUnknownResultTest
/mnt/data/cpf_s03_work/overlay/cpf-starters/messaging/reliability-jdbc/src/test/java/com/cpf/core/common/broker/CpfBrokerPublisherWorkerUnknownResultTest.java:42: error: cannot find symbol
        assertThat(port.unknown).isFalse();
        ^
  symbol:   method assertThat(boolean)
  location: class CpfBrokerPublisherWorkerUnknownResultTest
/mnt/data/cpf_s03_work/overlay/cpf-starters/messaging/reliability-jdbc/src/test/java/com/cpf/core/common/broker/CpfBrokerPublisherWorkerUnknownResultTest.java:49: error: package org.assertj.core.api does not exist
        org.assertj.core.api.Assertions.assertThatThrownBy(() -> new CpfBrokerPublisherWorker(
                            ^
/mnt/data/cpf_s03_work/overlay/cpf-starters/messaging/reliability-jdbc/src/test/java/com/cpf/core/common/broker/CpfBrokerPublisherWorkerUnknownResultTest.java:50: error: cannot find symbol
                port, port, envelope -> CpfBrokerResult.accepted("m1", "BROKER", null),
                                        ^
  symbol:   variable CpfBrokerResult
  location: class CpfBrokerPublisherWorkerUnknownResultTest
/mnt/data/cpf_s03_work/overlay/cpf-starters/messaging/reliability-jdbc/src/test/java/com/cpf/core/common/broker/CpfBrokerPublisherWorkerUnknownResultTest.java:63: error: cannot find symbol
            return CpfBrokerResult.accepted(
                   ^
  symbol:   variable CpfBrokerResult
  location: class Port
/mnt/data/cpf_s03_work/overlay/cpf-starters/messaging/reliability-jdbc/src/test/java/com/cpf/core/common/broker/CpfBrokerPublisherWorkerUnknownResultTest.java:117: error: cannot find symbol
            return new CpfBrokerEnvelope(
                       ^
  symbol:   class CpfBrokerEnvelope
  location: class Port
/mnt/data/cpf_s03_work/overlay/cpf-starters/messaging/reliability-jdbc/src/test/java/com/cpf/core/common/broker/CpfBrokerPublisherWorkerUnknownResultTest.java:119: error: cannot find symbol
                    new CpfBrokerMessage(
                        ^
  symbol:   class CpfBrokerMessage
  location: class Port
/mnt/data/cpf_s03_work/overlay/cpf-starters/messaging/reliability-jdbc/src/test/java/com/cpf/starter/messaging/reliability/CpfBrokerHeaderPolicyTest.java:15: error: cannot find symbol
        assertThatThrownBy(() -> request(Map.of("CPF.Message-Id", "override")))
        ^
  symbol:   method assertThatThrownBy(()->reques[...]de")))
  location: class CpfBrokerHeaderPolicyTest
/mnt/data/cpf_s03_work/overlay/cpf-starters/messaging/reliability-jdbc/src/test/java/com/cpf/starter/messaging/reliability/CpfBrokerHeaderPolicyTest.java:26: error: cannot find symbol
        assertThatThrownBy(() -> request(headers))
        ^
  symbol:   method assertThatThrownBy(()->reques[...]ders))
  location: class CpfBrokerHeaderPolicyTest
/mnt/data/cpf_s03_work/overlay/cpf-starters/messaging/reliability-jdbc/src/test/java/com/cpf/starter/messaging/reliability/CpfBrokerHeaderPolicyTest.java:36: error: cannot find symbol
        CpfBrokerPublishRequest validated = request(headers);
        ^
  symbol:   class CpfBrokerPublishRequest
  location: class CpfBrokerHeaderPolicyTest
/mnt/data/cpf_s03_work/overlay/cpf-starters/messaging/reliability-jdbc/src/test/java/com/cpf/starter/messaging/reliability/CpfBrokerHeaderPolicyTest.java:41: error: cannot find symbol
        assertThatThrownBy(() -> validated.headers().put("new", "value"))
        ^
  symbol:   method assertThatThrownBy(()->valida[...]lue"))
  location: class CpfBrokerHeaderPolicyTest
/mnt/data/cpf_s03_work/overlay/cpf-starters/messaging/reliability-jdbc/src/test/java/com/cpf/starter/messaging/reliability/CpfBrokerHeaderPolicyTest.java:47: error: cannot find symbol
        assertThatThrownBy(() -> request(Map.of(" traceparent", "value")))
        ^
  symbol:   method assertThatThrownBy(()->reques[...]ue")))
  location: class CpfBrokerHeaderPolicyTest
/mnt/data/cpf_s03_work/overlay/cpf-starters/messaging/reliability-jdbc/src/test/java/com/cpf/starter/messaging/reliability/CpfBrokerHeaderPolicyTest.java:50: error: cannot find symbol
        assertThatThrownBy(() -> request(Map.of("trace parent", "value")))
        ^
  symbol:   method assertThatThrownBy(()->reques[...]ue")))
  location: class CpfBrokerHeaderPolicyTest
/mnt/data/cpf_s03_work/overlay/cpf-starters/messaging/reliability-jdbc/src/test/java/com/cpf/starter/messaging/reliability/CpfBrokerHeaderPolicyTest.java:56: error: cannot find symbol
        return CpfBrokerHeaderPolicy.validatedRequest(new CpfBrokerPublishRequest(
                                                          ^
  symbol:   class CpfBrokerPublishRequest
  location: class CpfBrokerHeaderPolicyTest
/mnt/data/cpf_s03_work/overlay/cpf-starters/messaging/reliability-jdbc/src/test/java/com/cpf/starter/messaging/reliability/CpfBrokerUnknownResultReconcilerTest.java:26: error: cannot find symbol
                List.of(envelope -> CpfBrokerResult.failed("m1", "BROKER", "rejected")),
                                    ^
  symbol:   variable CpfBrokerResult
  location: class CpfBrokerUnknownResultReconcilerTest
/mnt/data/cpf_s03_work/overlay/cpf-starters/messaging/reliability-jdbc/src/test/java/com/cpf/starter/messaging/reliability/CpfBrokerUnknownResultReconcilerTest.java:32: error: cannot find symbol
        assertThat(result.resolvedFailure()).isEqualTo(1);
        ^
  symbol:   method assertThat(int)
  location: class CpfBrokerUnknownResultReconcilerTest
/mnt/data/cpf_s03_work/overlay/cpf-starters/messaging/reliability-jdbc/src/test/java/com/cpf/starter/messaging/reliability/CpfBrokerUnknownResultReconcilerTest.java:33: error: cannot find symbol
        assertThat(port.marked).isTrue();
        ^
  symbol:   method assertThat(boolean)
  location: class CpfBrokerUnknownResultReconcilerTest
/mnt/data/cpf_s03_work/overlay/cpf-starters/messaging/reliability-jdbc/src/test/java/com/cpf/starter/messaging/reliability/CpfBrokerUnknownResultReconcilerTest.java:34: error: cannot find symbol
        assertThat(port.released).isFalse();
        ^
  symbol:   method assertThat(boolean)
  location: class CpfBrokerUnknownResultReconcilerTest
/mnt/data/cpf_s03_work/overlay/cpf-starters/messaging/reliability-jdbc/src/test/java/com/cpf/starter/messaging/reliability/CpfBrokerUnknownResultReconcilerTest.java:50: error: cannot find symbol
        assertThat(result.pending()).isEqualTo(1);
        ^
  symbol:   method assertThat(int)
  location: class CpfBrokerUnknownResultReconcilerTest
/mnt/data/cpf_s03_work/overlay/cpf-starters/messaging/reliability-jdbc/src/test/java/com/cpf/starter/messaging/reliability/CpfBrokerUnknownResultReconcilerTest.java:51: error: cannot find symbol
        assertThat(port.released).isTrue();
        ^
  symbol:   method assertThat(boolean)
  location: class CpfBrokerUnknownResultReconcilerTest
/mnt/data/cpf_s03_work/overlay/cpf-starters/messaging/reliability-jdbc/src/test/java/com/cpf/starter/messaging/reliability/CpfBrokerUnknownResultReconcilerTest.java:52: error: cannot find symbol
        assertThat(port.marked).isFalse();
        ^
  symbol:   method assertThat(boolean)
  location: class CpfBrokerUnknownResultReconcilerTest
/mnt/data/cpf_s03_work/overlay/cpf-starters/messaging/reliability-jdbc/src/test/java/com/cpf/starter/messaging/reliability/CpfBrokerUnknownResultReconcilerTest.java:59: error: package org.assertj.core.api does not exist
        org.assertj.core.api.Assertions.assertThatThrownBy(() ->
                            ^
/mnt/data/cpf_s03_work/overlay/cpf-starters/messaging/reliability-jdbc/src/test/java/com/cpf/starter/messaging/reliability/CpfBrokerUnknownResultReconcilerTest.java:73: error: cannot find symbol
            return CpfBrokerResult.accepted("m1", "OUTBOX", null);
                   ^
  symbol:   variable CpfBrokerResult
  location: class Port
/mnt/data/cpf_s03_work/overlay/cpf-starters/messaging/reliability-jdbc/src/test/java/com/cpf/starter/messaging/reliability/CpfBrokerUnknownResultReconcilerTest.java:126: error: cannot find symbol
            return new CpfBrokerEnvelope(
                       ^
  symbol:   class CpfBrokerEnvelope
  location: class Port
/mnt/data/cpf_s03_work/overlay/cpf-starters/messaging/reliability-jdbc/src/test/java/com/cpf/starter/messaging/reliability/CpfBrokerUnknownResultReconcilerTest.java:128: error: cannot find symbol
                    new CpfBrokerMessage(
                        ^
  symbol:   class CpfBrokerMessage
  location: class Port
/mnt/data/cpf_s03_work/overlay/cpf-starters/messaging/reliability-jdbc/src/test/java/com/cpf/starter/messaging/reliability/CpfProviderBrokerPublisherTest.java:25: error: cannot find symbol
                new CpfNamedBrokerClient("default", "rabbitmq", true, provider)));
                    ^
  symbol:   class CpfNamedBrokerClient
  location: class CpfProviderBrokerPublisherTest
/mnt/data/cpf_s03_work/overlay/cpf-starters/messaging/reliability-jdbc/src/test/java/com/cpf/starter/messaging/reliability/CpfProviderBrokerPublisherTest.java:42: error: cannot find symbol
        CpfBrokerClient provider = request -> new CpfBrokerPublishResult(
        ^
  symbol:   class CpfBrokerClient
  location: class CpfProviderBrokerPublisherTest
/mnt/data/cpf_s03_work/overlay/cpf-starters/messaging/reliability-jdbc/src/test/java/com/cpf/starter/messaging/reliability/CpfProviderBrokerPublisherTest.java:42: error: cannot find symbol
        CpfBrokerClient provider = request -> new CpfBrokerPublishResult(
                                                  ^
  symbol:   class CpfBrokerPublishResult
  location: class CpfProviderBrokerPublisherTest
/mnt/data/cpf_s03_work/overlay/cpf-starters/messaging/reliability-jdbc/src/test/java/com/cpf/starter/messaging/reliability/CpfProviderBrokerPublisherTest.java:46: error: cannot find symbol
                        new CpfNamedBrokerClient("default", "rabbitmq", true, provider))),
                            ^
  symbol:   class CpfNamedBrokerClient
  location: class CpfProviderBrokerPublisherTest
/mnt/data/cpf_s03_work/overlay/cpf-starters/messaging/reliability-jdbc/src/test/java/com/cpf/starter/messaging/reliability/CpfProviderBrokerPublisherTest.java:58: error: cannot find symbol
        CpfBrokerClient provider = request -> new CpfBrokerPublishResult(
        ^
  symbol:   class CpfBrokerClient
  location: class CpfProviderBrokerPublisherTest
/mnt/data/cpf_s03_work/overlay/cpf-starters/messaging/reliability-jdbc/src/test/java/com/cpf/starter/messaging/reliability/CpfProviderBrokerPublisherTest.java:58: error: cannot find symbol
        CpfBrokerClient provider = request -> new CpfBrokerPublishResult(
                                                  ^
  symbol:   class CpfBrokerPublishResult
  location: class CpfProviderBrokerPublisherTest
/mnt/data/cpf_s03_work/overlay/cpf-starters/messaging/reliability-jdbc/src/test/java/com/cpf/starter/messaging/reliability/CpfProviderBrokerPublisherTest.java:63: error: cannot find symbol
                        new CpfNamedBrokerClient("default", "rabbitmq", true, provider))),
                            ^
  symbol:   class CpfNamedBrokerClient
  location: class CpfProviderBrokerPublisherTest
/mnt/data/cpf_s03_work/overlay/cpf-starters/messaging/reliability-jdbc/src/test/java/com/cpf/starter/messaging/reliability/CpfProviderBrokerPublisherTest.java:75: error: cannot find symbol
        CpfBrokerClient provider = request -> {
        ^
  symbol:   class CpfBrokerClient
  location: class CpfProviderBrokerPublisherTest
/mnt/data/cpf_s03_work/overlay/cpf-starters/messaging/reliability-jdbc/src/test/java/com/cpf/starter/messaging/reliability/CpfProviderBrokerPublisherTest.java:80: error: cannot find symbol
                        new CpfNamedBrokerClient("default", "kafka", true, provider))),
                            ^
  symbol:   class CpfNamedBrokerClient
  location: class CpfProviderBrokerPublisherTest
/mnt/data/cpf_s03_work/overlay/cpf-starters/messaging/reliability-jdbc/src/test/java/com/cpf/starter/messaging/reliability/CpfProviderBrokerPublisherTest.java:92: error: cannot find symbol
        CpfBrokerClient provider = request -> new CpfBrokerPublishResult(
        ^
  symbol:   class CpfBrokerClient
  location: class CpfProviderBrokerPublisherTest
/mnt/data/cpf_s03_work/overlay/cpf-starters/messaging/reliability-jdbc/src/test/java/com/cpf/starter/messaging/reliability/CpfProviderBrokerPublisherTest.java:92: error: cannot find symbol
        CpfBrokerClient provider = request -> new CpfBrokerPublishResult(
                                                  ^
  symbol:   class CpfBrokerPublishResult
  location: class CpfProviderBrokerPublisherTest
/mnt/data/cpf_s03_work/overlay/cpf-starters/messaging/reliability-jdbc/src/test/java/com/cpf/starter/messaging/reliability/CpfProviderBrokerPublisherTest.java:96: error: cannot find symbol
                        new CpfNamedBrokerClient("default", "custom", true, provider))),
                            ^
  symbol:   class CpfNamedBrokerClient
  location: class CpfProviderBrokerPublisherTest
/mnt/data/cpf_s03_work/overlay/cpf-starters/messaging/reliability-jdbc/src/test/java/com/cpf/starter/messaging/reliability/CpfProviderBrokerPublisherTest.java:106: error: cannot find symbol
        return new CpfBrokerEnvelope(
                   ^
  symbol:   class CpfBrokerEnvelope
  location: class CpfProviderBrokerPublisherTest
/mnt/data/cpf_s03_work/overlay/cpf-starters/messaging/reliability-jdbc/src/test/java/com/cpf/starter/messaging/reliability/CpfProviderBrokerPublisherTest.java:108: error: cannot find symbol
                new CpfBrokerMessage(
                    ^
  symbol:   class CpfBrokerMessage
  location: class CpfProviderBrokerPublisherTest
/mnt/data/cpf_s03_work/overlay/cpf-starters/messaging/reliability-jdbc/src/test/java/com/cpf/starter/messaging/reliability/CpfProviderBrokerPublisherTest.java:118: error: method does not override or implement a method from a supertype
        @Override
        ^
/mnt/data/cpf_s03_work/overlay/cpf-starters/messaging/reliability-jdbc/src/test/java/com/cpf/starter/messaging/reliability/CpfProviderBrokerPublisherTest.java:121: error: cannot find symbol
            return new CpfBrokerPublishResult(
                       ^
  symbol:   class CpfBrokerPublishResult
  location: class RecordingClient
/mnt/data/cpf_s03_work/overlay/cpf-starters/messaging/reliability-jdbc/src/test/java/com/cpf/starter/messaging/reliability/CpfReliableBrokerClientTest.java:28: error: cannot find symbol
        CpfBrokerPublishRequest request = request();
        ^
  symbol:   class CpfBrokerPublishRequest
  location: class CpfReliableBrokerClientTest
/mnt/data/cpf_s03_work/overlay/cpf-starters/messaging/reliability-jdbc/src/test/java/com/cpf/starter/messaging/reliability/CpfReliableBrokerClientTest.java:45: error: cannot find symbol
                "enqueue", CpfBrokerPublishRequest.class);
                           ^
  symbol:   class CpfBrokerPublishRequest
  location: class CpfReliableBrokerClientTest
/mnt/data/cpf_s03_work/overlay/cpf-starters/messaging/reliability-jdbc/src/test/java/com/cpf/starter/messaging/reliability/CpfReliableBrokerClientTest.java:46: error: cannot find symbol
        assertThat(method.isAnnotationPresent(Transactional.class)).isTrue();
                                              ^
  symbol:   class Transactional
  location: class CpfReliableBrokerClientTest
/mnt/data/cpf_s03_work/overlay/cpf-starters/messaging/reliability-jdbc/src/test/java/com/cpf/starter/messaging/reliability/CpfReliableBrokerClientTest.java:54: error: cannot find symbol
        CpfBrokerPublishRequest reserved = new CpfBrokerPublishRequest(
        ^
  symbol:   class CpfBrokerPublishRequest
  location: class CpfReliableBrokerClientTest
/mnt/data/cpf_s03_work/overlay/cpf-starters/messaging/reliability-jdbc/src/test/java/com/cpf/starter/messaging/reliability/CpfReliableBrokerClientTest.java:54: error: cannot find symbol
        CpfBrokerPublishRequest reserved = new CpfBrokerPublishRequest(
                                               ^
  symbol:   class CpfBrokerPublishRequest
  location: class CpfReliableBrokerClientTest
/mnt/data/cpf_s03_work/overlay/cpf-starters/messaging/reliability-jdbc/src/test/java/com/cpf/starter/messaging/reliability/CpfReliableBrokerClientTest.java:59: error: cannot find symbol
        assertThatThrownBy(() -> client.enqueue(reserved))
        ^
  symbol:   method assertThatThrownBy(()->client[...]rved))
  location: class CpfReliableBrokerClientTest
/mnt/data/cpf_s03_work/overlay/cpf-starters/messaging/reliability-jdbc/src/test/java/com/cpf/starter/messaging/reliability/CpfReliableBrokerClientTest.java:66: error: cannot find symbol
        CpfBrokerPublishRequest duplicate = new CpfBrokerPublishRequest(
        ^
  symbol:   class CpfBrokerPublishRequest
  location: class CpfReliableBrokerClientTest
/mnt/data/cpf_s03_work/overlay/cpf-starters/messaging/reliability-jdbc/src/test/java/com/cpf/starter/messaging/reliability/CpfReliableBrokerClientTest.java:66: error: cannot find symbol
        CpfBrokerPublishRequest duplicate = new CpfBrokerPublishRequest(
                                                ^
  symbol:   class CpfBrokerPublishRequest
  location: class CpfReliableBrokerClientTest
/mnt/data/cpf_s03_work/overlay/cpf-starters/messaging/reliability-jdbc/src/test/java/com/cpf/starter/messaging/reliability/CpfReliableBrokerClientTest.java:71: error: cannot find symbol
        assertThatThrownBy(() -> client.enqueue(duplicate))
        ^
  symbol:   method assertThatThrownBy(()->client[...]cate))
  location: class CpfReliableBrokerClientTest
/mnt/data/cpf_s03_work/overlay/cpf-starters/messaging/reliability-jdbc/src/test/java/com/cpf/starter/messaging/reliability/CpfReliableBrokerClientTest.java:78: error: cannot find symbol
        return new CpfBrokerPublishRequest(
                   ^
  symbol:   class CpfBrokerPublishRequest
  location: class CpfReliableBrokerClientTest
/mnt/data/cpf_s03_work/overlay/cpf-starters/messaging/reliability-jdbc/src/test/java/com/cpf/starter/messaging/reliability/CpfReliableBrokerClientTest.java:91: error: cannot find symbol
            return CpfBrokerResult.accepted(
                   ^
  symbol:   variable CpfBrokerResult
  location: class RecordingOutbox
961 errors
