work_item_id,canonical_requirement_id,applicable_gates,required_standards
CPF-WP-ARCH-MISSION-01-GATE_AGGREGATION,ARCH-MISSION,GATE-01-OWNERSHIP;GATE-02-CONSUMER;GATE-18-TEST-EVIDENCE;GATE-20-HYGIENE,STD-GRADLE-JAVA;STD-NIST-SSDF;STD-SPRING
CPF-WP-ARCH-MISSION-02-EVIDENCE_VALIDATION,ARCH-MISSION,GATE-01-OWNERSHIP;GATE-02-CONSUMER;GATE-18-TEST-EVIDENCE;GATE-20-HYGIENE,STD-GRADLE-JAVA;STD-NIST-SSDF;STD-SPRING
CPF-WP-ARCH-MSA-01-CONTRACT_OWNERSHIP,ARCH-MSA,GATE-01-OWNERSHIP;GATE-02-CONSUMER;GATE-12-OBSERVABILITY;GATE-18-TEST-EVIDENCE;GATE-20-HYGIENE,STD-GRADLE-JAVA;STD-NIST-SSDF;STD-OTEL;STD-SPRING;STD-TRACE
CPF-WP-ARCH-MSA-02-IMPLEMENTATION_CONSUMER,ARCH-MSA,GATE-01-OWNERSHIP;GATE-02-CONSUMER;GATE-12-OBSERVABILITY;GATE-18-TEST-EVIDENCE;GATE-20-HYGIENE,STD-GRADLE-JAVA;STD-NIST-SSDF;STD-OTEL;STD-SPRING;STD-TRACE
CPF-WP-ARCH-MSA-03-VERIFICATION_EVIDENCE,ARCH-MSA,GATE-01-OWNERSHIP;GATE-02-CONSUMER;GATE-12-OBSERVABILITY;GATE-18-TEST-EVIDENCE;GATE-20-HYGIENE,STD-GRADLE-JAVA;STD-NIST-SSDF;STD-OTEL;STD-SPRING;STD-TRACE
CPF-WP-ARCH-MSA-04-OPERATIONS_SECURITY,ARCH-MSA,GATE-01-OWNERSHIP;GATE-02-CONSUMER;GATE-09-SECURITY;GATE-11-OPS-AUDIT;GATE-12-OBSERVABILITY;GATE-18-TEST-EVIDENCE;GATE-20-HYGIENE,STD-CISA-SBD;STD-GRADLE-JAVA;STD-NIST-SSDF;STD-OTEL;STD-OWASP-ASVS;STD-SPRING;STD-TRACE
CPF-WP-ARCH-BOUNDARY-01-CONTRACT_OWNERSHIP,ARCH-BOUNDARY,GATE-01-OWNERSHIP;GATE-02-CONSUMER;GATE-05-DB-QUERY;GATE-07-MULTI-INSTANCE;GATE-13-PERFORMANCE;GATE-15-GENERATOR;GATE-18-TEST-EVIDENCE;GATE-20-HYGIENE,STD-GRADLE-JAVA;STD-NIST-SSDF;STD-SPRING
CPF-WP-ARCH-BOUNDARY-02-IMPLEMENTATION_CONSUMER,ARCH-BOUNDARY,GATE-01-OWNERSHIP;GATE-02-CONSUMER;GATE-05-DB-QUERY;GATE-07-MULTI-INSTANCE;GATE-13-PERFORMANCE;GATE-15-GENERATOR;GATE-18-TEST-EVIDENCE;GATE-20-HYGIENE,STD-GRADLE-JAVA;STD-NIST-SSDF;STD-SPRING
CPF-WP-ARCH-BOUNDARY-03-VERIFICATION_EVIDENCE,ARCH-BOUNDARY,GATE-01-OWNERSHIP;GATE-02-CONSUMER;GATE-05-DB-QUERY;GATE-07-MULTI-INSTANCE;GATE-13-PERFORMANCE;GATE-15-GENERATOR;GATE-18-TEST-EVIDENCE;GATE-20-HYGIENE,STD-GRADLE-JAVA;STD-NIST-SSDF;STD-SPRING
CPF-WP-ARCH-BOUNDARY-04-FAILURE_RECOVERY,ARCH-BOUNDARY,GATE-01-OWNERSHIP;GATE-02-CONSUMER;GATE-05-DB-QUERY;GATE-06-STATE-IDEMP;GATE-07-MULTI-INSTANCE;GATE-08-UNKNOWN-RECOVERY;GATE-13-PERFORMANCE;GATE-15-GENERATOR;GATE-18-TEST-EVIDENCE;GATE-20-HYGIENE,STD-GRADLE-JAVA;STD-NIST-SSDF;STD-SPRING
CPF-WP-ARCH-BOUNDARY-05-DATA_MIGRATION,ARCH-BOUNDARY,GATE-01-OWNERSHIP;GATE-02-CONSUMER;GATE-05-DB-QUERY;GATE-07-MULTI-INSTANCE;GATE-13-PERFORMANCE;GATE-15-GENERATOR;GATE-16-COMPATIBILITY;GATE-18-TEST-EVIDENCE;GATE-20-HYGIENE,STD-GRADLE-JAVA;STD-NIST-SSDF;STD-SPRING
CPF-WP-ARCH-BOUNDARY-06-GENERATION_COMPATIBILITY,ARCH-BOUNDARY,GATE-01-OWNERSHIP;GATE-02-CONSUMER;GATE-05-DB-QUERY;GATE-07-MULTI-INSTANCE;GATE-13-PERFORMANCE;GATE-15-GENERATOR;GATE-16-COMPATIBILITY;GATE-18-TEST-EVIDENCE;GATE-20-HYGIENE,STD-GRADLE-JAVA;STD-NIST-SSDF;STD-SPRING
CPF-WP-ARCH-LAYER-01-CONTRACT_OWNERSHIP,ARCH-LAYER,GATE-01-OWNERSHIP;GATE-02-CONSUMER;GATE-17-SUPPLY-CHAIN;GATE-18-TEST-EVIDENCE;GATE-20-HYGIENE,STD-CYCLONEDX;STD-GRADLE-JAVA;STD-NIST-SSDF;STD-SCRUM;STD-SLSA;STD-SPRING
CPF-WP-ARCH-LAYER-02-IMPLEMENTATION_CONSUMER,ARCH-LAYER,GATE-01-OWNERSHIP;GATE-02-CONSUMER;GATE-17-SUPPLY-CHAIN;GATE-18-TEST-EVIDENCE;GATE-20-HYGIENE,STD-CYCLONEDX;STD-GRADLE-JAVA;STD-NIST-SSDF;STD-SCRUM;STD-SLSA;STD-SPRING
CPF-WP-ARCH-LAYER-03-VERIFICATION_EVIDENCE,ARCH-LAYER,GATE-01-OWNERSHIP;GATE-02-CONSUMER;GATE-17-SUPPLY-CHAIN;GATE-18-TEST-EVIDENCE;GATE-20-HYGIENE,STD-CYCLONEDX;STD-GRADLE-JAVA;STD-NIST-SSDF;STD-SCRUM;STD-SLSA;STD-SPRING
CPF-WP-ARCH-LAYER-04-GENERATION_COMPATIBILITY,ARCH-LAYER,GATE-01-OWNERSHIP;GATE-02-CONSUMER;GATE-15-GENERATOR;GATE-16-COMPATIBILITY;GATE-17-SUPPLY-CHAIN;GATE-18-TEST-EVIDENCE;GATE-20-HYGIENE,STD-CYCLONEDX;STD-GRADLE-JAVA;STD-NIST-SSDF;STD-SCRUM;STD-SLSA;STD-SPRING
CPF-WP-CORE-API-01-CONTRACT_OWNERSHIP,CORE-API,GATE-01-OWNERSHIP;GATE-02-CONSUMER;GATE-18-TEST-EVIDENCE;GATE-20-HYGIENE;GATE-21-TIME,STD-GRADLE-JAVA;STD-NIST-SSDF;STD-SPRING
CPF-WP-CORE-API-02-IMPLEMENTATION_CONSUMER,CORE-API,GATE-01-OWNERSHIP;GATE-02-CONSUMER;GATE-18-TEST-EVIDENCE;GATE-20-HYGIENE;GATE-21-TIME,STD-GRADLE-JAVA;STD-NIST-SSDF;STD-SPRING
CPF-WP-CORE-API-03-VERIFICATION_EVIDENCE,CORE-API,GATE-01-OWNERSHIP;GATE-02-CONSUMER;GATE-18-TEST-EVIDENCE;GATE-20-HYGIENE;GATE-21-TIME,STD-GRADLE-JAVA;STD-NIST-SSDF;STD-SPRING
CPF-WP-CORE-SPI-01-CONTRACT_OWNERSHIP,CORE-SPI,GATE-01-OWNERSHIP;GATE-02-CONSUMER;GATE-08-UNKNOWN-RECOVERY;GATE-13-PERFORMANCE;GATE-15-GENERATOR;GATE-16-COMPATIBILITY;GATE-18-TEST-EVIDENCE;GATE-20-HYGIENE,STD-GRADLE-JAVA;STD-NIST-SSDF;STD-SPRING
CPF-WP-CORE-SPI-02-IMPLEMENTATION_CONSUMER,CORE-SPI,GATE-01-OWNERSHIP;GATE-02-CONSUMER;GATE-08-UNKNOWN-RECOVERY;GATE-13-PERFORMANCE;GATE-15-GENERATOR;GATE-16-COMPATIBILITY;GATE-18-TEST-EVIDENCE;GATE-20-HYGIENE,STD-GRADLE-JAVA;STD-NIST-SSDF;STD-SPRING
CPF-WP-CORE-SPI-03-VERIFICATION_EVIDENCE,CORE-SPI,GATE-01-OWNERSHIP;GATE-02-CONSUMER;GATE-08-UNKNOWN-RECOVERY;GATE-13-PERFORMANCE;GATE-15-GENERATOR;GATE-16-COMPATIBILITY;GATE-18-TEST-EVIDENCE;GATE-20-HYGIENE,STD-GRADLE-JAVA;STD-NIST-SSDF;STD-SPRING
CPF-WP-CORE-SPI-04-GENERATION_COMPATIBILITY,CORE-SPI,GATE-01-OWNERSHIP;GATE-02-CONSUMER;GATE-08-UNKNOWN-RECOVERY;GATE-13-PERFORMANCE;GATE-15-GENERATOR;GATE-16-COMPATIBILITY;GATE-18-TEST-EVIDENCE;GATE-20-HYGIENE,STD-GRADLE-JAVA;STD-NIST-SSDF;STD-SPRING
CPF-WP-CORE-CONFIG-01-CONTRACT_OWNERSHIP,CORE-CONFIG,GATE-01-OWNERSHIP;GATE-02-CONSUMER;GATE-08-UNKNOWN-RECOVERY;GATE-11-OPS-AUDIT;GATE-16-COMPATIBILITY;GATE-18-TEST-EVIDENCE;GATE-20-HYGIENE,STD-GRADLE-JAVA;STD-NIST-SSDF;STD-SPRING
CPF-WP-CORE-CONFIG-02-IMPLEMENTATION_CONSUMER,CORE-CONFIG,GATE-01-OWNERSHIP;GATE-02-CONSUMER;GATE-08-UNKNOWN-RECOVERY;GATE-11-OPS-AUDIT;GATE-16-COMPATIBILITY;GATE-18-TEST-EVIDENCE;GATE-20-HYGIENE,STD-GRADLE-JAVA;STD-NIST-SSDF;STD-SPRING
CPF-WP-CORE-CONFIG-03-VERIFICATION_EVIDENCE,CORE-CONFIG,GATE-01-OWNERSHIP;GATE-02-CONSUMER;GATE-08-UNKNOWN-RECOVERY;GATE-11-OPS-AUDIT;GATE-16-COMPATIBILITY;GATE-18-TEST-EVIDENCE;GATE-20-HYGIENE,STD-GRADLE-JAVA;STD-NIST-SSDF;STD-SPRING
CPF-WP-CORE-CONFIG-04-FAILURE_RECOVERY,CORE-CONFIG,GATE-01-OWNERSHIP;GATE-02-CONSUMER;GATE-06-STATE-IDEMP;GATE-08-UNKNOWN-RECOVERY;GATE-11-OPS-AUDIT;GATE-16-COMPATIBILITY;GATE-18-TEST-EVIDENCE;GATE-20-HYGIENE,STD-GRADLE-JAVA;STD-NIST-SSDF;STD-SPRING
CPF-WP-CORE-CONFIG-05-OPERATIONS_SECURITY,CORE-CONFIG,GATE-01-OWNERSHIP;GATE-02-CONSUMER;GATE-08-UNKNOWN-RECOVERY;GATE-09-SECURITY;GATE-11-OPS-AUDIT;GATE-16-COMPATIBILITY;GATE-18-TEST-EVIDENCE;GATE-20-HYGIENE,STD-CISA-SBD;STD-GRADLE-JAVA;STD-NIST-SSDF;STD-OWASP-ASVS;STD-SPRING
CPF-WP-CORE-TESTKIT-01-CONTRACT_OWNERSHIP,CORE-TESTKIT,GATE-01-OWNERSHIP;GATE-02-CONSUMER;GATE-06-STATE-IDEMP;GATE-08-UNKNOWN-RECOVERY;GATE-18-TEST-EVIDENCE;GATE-20-HYGIENE,STD-GRADLE-JAVA;STD-NIST-SSDF;STD-SPRING
CPF-WP-CORE-TESTKIT-02-IMPLEMENTATION_CONSUMER,CORE-TESTKIT,GATE-01-OWNERSHIP;GATE-02-CONSUMER;GATE-06-STATE-IDEMP;GATE-08-UNKNOWN-RECOVERY;GATE-18-TEST-EVIDENCE;GATE-20-HYGIENE,STD-GRADLE-JAVA;STD-NIST-SSDF;STD-SPRING
CPF-WP-CORE-TESTKIT-03-VERIFICATION_EVIDENCE,CORE-TESTKIT,GATE-01-OWNERSHIP;GATE-02-CONSUMER;GATE-06-STATE-IDEMP;GATE-08-UNKNOWN-RECOVERY;GATE-18-TEST-EVIDENCE;GATE-20-HYGIENE,STD-GRADLE-JAVA;STD-NIST-SSDF;STD-SPRING
CPF-WP-CORE-TESTKIT-04-FAILURE_RECOVERY,CORE-TESTKIT,GATE-01-OWNERSHIP;GATE-02-CONSUMER;GATE-06-STATE-IDEMP;GATE-08-UNKNOWN-RECOVERY;GATE-18-TEST-EVIDENCE;GATE-20-HYGIENE,STD-GRADLE-JAVA;STD-NIST-SSDF;STD-SPRING
CPF-WP-CPF-CALL-01-CONTRACT_OWNERSHIP,CPF-CALL,GATE-01-OWNERSHIP;GATE-02-CONSUMER;GATE-06-STATE-IDEMP;GATE-18-TEST-EVIDENCE;GATE-20-HYGIENE;GATE-21-TIME,STD-NIST-SSDF
CPF-WP-CPF-CALL-02-IMPLEMENTATION_CONSUMER,CPF-CALL,GATE-01-OWNERSHIP;GATE-02-CONSUMER;GATE-06-STATE-IDEMP;GATE-18-TEST-EVIDENCE;GATE-20-HYGIENE;GATE-21-TIME,STD-NIST-SSDF
CPF-WP-CPF-CALL-03-VERIFICATION_EVIDENCE,CPF-CALL,GATE-01-OWNERSHIP;GATE-02-CONSUMER;GATE-06-STATE-IDEMP;GATE-18-TEST-EVIDENCE;GATE-20-HYGIENE;GATE-21-TIME,STD-NIST-SSDF
CPF-WP-CPF-CALL-04-FAILURE_RECOVERY,CPF-CALL,GATE-01-OWNERSHIP;GATE-02-CONSUMER;GATE-06-STATE-IDEMP;GATE-08-UNKNOWN-RECOVERY;GATE-18-TEST-EVIDENCE;GATE-20-HYGIENE;GATE-21-TIME,STD-NIST-SSDF
CPF-WP-CPF-REGISTRY-01-CONTRACT_OWNERSHIP,CPF-REGISTRY,GATE-01-OWNERSHIP;GATE-02-CONSUMER;GATE-07-MULTI-INSTANCE;GATE-12-OBSERVABILITY;GATE-16-COMPATIBILITY;GATE-18-TEST-EVIDENCE;GATE-20-HYGIENE;GATE-21-TIME,STD-NIST-SSDF;STD-OTEL;STD-TRACE
CPF-WP-CPF-REGISTRY-02-IMPLEMENTATION_CONSUMER,CPF-REGISTRY,GATE-01-OWNERSHIP;GATE-02-CONSUMER;GATE-07-MULTI-INSTANCE;GATE-12-OBSERVABILITY;GATE-16-COMPATIBILITY;GATE-18-TEST-EVIDENCE;GATE-20-HYGIENE;GATE-21-TIME,STD-NIST-SSDF;STD-OTEL;STD-TRACE
CPF-WP-CPF-REGISTRY-03-VERIFICATION_EVIDENCE,CPF-REGISTRY,GATE-01-OWNERSHIP;GATE-02-CONSUMER;GATE-07-MULTI-INSTANCE;GATE-12-OBSERVABILITY;GATE-16-COMPATIBILITY;GATE-18-TEST-EVIDENCE;GATE-20-HYGIENE;GATE-21-TIME,STD-NIST-SSDF;STD-OTEL;STD-TRACE
CPF-WP-CPF-REGISTRY-04-FAILURE_RECOVERY,CPF-REGISTRY,GATE-01-OWNERSHIP;GATE-02-CONSUMER;GATE-06-STATE-IDEMP;GATE-07-MULTI-INSTANCE;GATE-08-UNKNOWN-RECOVERY;GATE-12-OBSERVABILITY;GATE-16-COMPATIBILITY;GATE-18-TEST-EVIDENCE;GATE-20-HYGIENE;GATE-21-TIME,STD-NIST-SSDF;STD-OTEL;STD-TRACE
CPF-WP-CPF-REGISTRY-05-OPERATIONS_SECURITY,CPF-REGISTRY,GATE-01-OWNERSHIP;GATE-02-CONSUMER;GATE-07-MULTI-INSTANCE;GATE-09-SECURITY;GATE-11-OPS-AUDIT;GATE-12-OBSERVABILITY;GATE-16-COMPATIBILITY;GATE-18-TEST-EVIDENCE;GATE-20-HYGIENE;GATE-21-TIME,STD-CISA-SBD;STD-NIST-SSDF;STD-OTEL;STD-OWASP-ASVS;STD-TRACE
CPF-WP-CPF-REGISTRY-06-GENERATION_COMPATIBILITY,CPF-REGISTRY,GATE-01-OWNERSHIP;GATE-02-CONSUMER;GATE-07-MULTI-INSTANCE;GATE-12-OBSERVABILITY;GATE-15-GENERATOR;GATE-16-COMPATIBILITY;GATE-18-TEST-EVIDENCE;GATE-20-HYGIENE;GATE-21-TIME,STD-NIST-SSDF;STD-OTEL;STD-TRACE
CPF-WP-CPF-ROUTING-01-CONTRACT_OWNERSHIP,CPF-ROUTING,GATE-01-OWNERSHIP;GATE-02-CONSUMER;GATE-07-MULTI-INSTANCE;GATE-08-UNKNOWN-RECOVERY;GATE-11-OPS-AUDIT;GATE-16-COMPATIBILITY;GATE-18-TEST-EVIDENCE;GATE-20-HYGIENE;GATE-21-TIME,STD-NIST-SSDF
CPF-WP-CPF-ROUTING-02-IMPLEMENTATION_CONSUMER,CPF-ROUTING,GATE-01-OWNERSHIP;GATE-02-CONSUMER;GATE-07-MULTI-INSTANCE;GATE-08-UNKNOWN-RECOVERY;GATE-11-OPS-AUDIT;GATE-16-COMPATIBILITY;GATE-18-TEST-EVIDENCE;GATE-20-HYGIENE;GATE-21-TIME,STD-NIST-SSDF
CPF-WP-CPF-ROUTING-03-VERIFICATION_EVIDENCE,CPF-ROUTING,GATE-01-OWNERSHIP;GATE-02-CONSUMER;GATE-07-MULTI-INSTANCE;GATE-08-UNKNOWN-RECOVERY;GATE-11-OPS-AUDIT;GATE-16-COMPATIBILITY;GATE-18-TEST-EVIDENCE;GATE-20-HYGIENE;GATE-21-TIME,STD-NIST-SSDF
CPF-WP-CPF-ROUTING-04-FAILURE_RECOVERY,CPF-ROUTING,GATE-01-OWNERSHIP;GATE-02-CONSUMER;GATE-06-STATE-IDEMP;GATE-07-MULTI-INSTANCE;GATE-08-UNKNOWN-RECOVERY;GATE-11-OPS-AUDIT;GATE-16-COMPATIBILITY;GATE-18-TEST-EVIDENCE;GATE-20-HYGIENE;GATE-21-TIME,STD-NIST-SSDF
CPF-WP-CPF-ROUTING-05-OPERATIONS_SECURITY,CPF-ROUTING,GATE-01-OWNERSHIP;GATE-02-CONSUMER;GATE-07-MULTI-INSTANCE;GATE-08-UNKNOWN-RECOVERY;GATE-09-SECURITY;GATE-11-OPS-AUDIT;GATE-16-COMPATIBILITY;GATE-18-TEST-EVIDENCE;GATE-20-HYGIENE;GATE-21-TIME,STD-CISA-SBD;STD-NIST-SSDF;STD-OWASP-ASVS
CPF-WP-CPF-ROUTING-06-GENERATION_COMPATIBILITY,CPF-ROUTING,GATE-01-OWNERSHIP;GATE-02-CONSUMER;GATE-07-MULTI-INSTANCE;GATE-08-UNKNOWN-RECOVERY;GATE-11-OPS-AUDIT;GATE-15-GENERATOR;GATE-16-COMPATIBILITY;GATE-18-TEST-EVIDENCE;GATE-20-HYGIENE;GATE-21-TIME,STD-NIST-SSDF
CPF-WP-CPF-HEALTH-01-CONTRACT_OWNERSHIP,CPF-HEALTH,GATE-01-OWNERSHIP;GATE-02-CONSUMER;GATE-05-DB-QUERY;GATE-12-OBSERVABILITY;GATE-16-COMPATIBILITY;GATE-17-SUPPLY-CHAIN;GATE-18-TEST-EVIDENCE;GATE-20-HYGIENE,STD-CYCLONEDX;STD-NIST-SSDF;STD-OTEL;STD-SCRUM;STD-SLSA;STD-TRACE
CPF-WP-CPF-HEALTH-02-IMPLEMENTATION_CONSUMER,CPF-HEALTH,GATE-01-OWNERSHIP;GATE-02-CONSUMER;GATE-05-DB-QUERY;GATE-12-OBSERVABILITY;GATE-16-COMPATIBILITY;GATE-17-SUPPLY-CHAIN;GATE-18-TEST-EVIDENCE;GATE-20-HYGIENE,STD-CYCLONEDX;STD-NIST-SSDF;STD-OTEL;STD-SCRUM;STD-SLSA;STD-TRACE
CPF-WP-CPF-HEALTH-03-VERIFICATION_EVIDENCE,CPF-HEALTH,GATE-01-OWNERSHIP;GATE-02-CONSUMER;GATE-05-DB-QUERY;GATE-12-OBSERVABILITY;GATE-16-COMPATIBILITY;GATE-17-SUPPLY-CHAIN;GATE-18-TEST-EVIDENCE;GATE-20-HYGIENE,STD-CYCLONEDX;STD-NIST-SSDF;STD-OTEL;STD-SCRUM;STD-SLSA;STD-TRACE
CPF-WP-CPF-HEALTH-04-OPERATIONS_SECURITY,CPF-HEALTH,GATE-01-OWNERSHIP;GATE-02-CONSUMER;GATE-05-DB-QUERY;GATE-09-SECURITY;GATE-11-OPS-AUDIT;GATE-12-OBSERVABILITY;GATE-16-COMPATIBILITY;GATE-17-SUPPLY-CHAIN;GATE-18-TEST-EVIDENCE;GATE-20-HYGIENE,STD-CISA-SBD;STD-CYCLONEDX;STD-NIST-SSDF;STD-OTEL;STD-OWASP-ASVS;STD-SCRUM;STD-SLSA;STD-TRACE
CPF-WP-CPF-HEALTH-05-DATA_MIGRATION,CPF-HEALTH,GATE-01-OWNERSHIP;GATE-02-CONSUMER;GATE-05-DB-QUERY;GATE-12-OBSERVABILITY;GATE-16-COMPATIBILITY;GATE-17-SUPPLY-CHAIN;GATE-18-TEST-EVIDENCE;GATE-20-HYGIENE,STD-CYCLONEDX;STD-NIST-SSDF;STD-OTEL;STD-SCRUM;STD-SLSA;STD-TRACE
CPF-WP-CPF-HEALTH-06-GENERATION_COMPATIBILITY,CPF-HEALTH,GATE-01-OWNERSHIP;GATE-02-CONSUMER;GATE-05-DB-QUERY;GATE-12-OBSERVABILITY;GATE-15-GENERATOR;GATE-16-COMPATIBILITY;GATE-17-SUPPLY-CHAIN;GATE-18-TEST-EVIDENCE;GATE-20-HYGIENE,STD-CYCLONEDX;STD-NIST-SSDF;STD-OTEL;STD-SCRUM;STD-SLSA;STD-TRACE
CPF-WP-CPF-HEADER-01-CONTRACT_OWNERSHIP,CPF-HEADER,GATE-01-OWNERSHIP;GATE-02-CONSUMER;GATE-10-CRYPTO-PRIVACY;GATE-18-TEST-EVIDENCE;GATE-20-HYGIENE,STD-NIST-SSDF
CPF-WP-CPF-HEADER-02-IMPLEMENTATION_CONSUMER,CPF-HEADER,GATE-01-OWNERSHIP;GATE-02-CONSUMER;GATE-10-CRYPTO-PRIVACY;GATE-18-TEST-EVIDENCE;GATE-20-HYGIENE,STD-NIST-SSDF
CPF-WP-CPF-HEADER-03-VERIFICATION_EVIDENCE,CPF-HEADER,GATE-01-OWNERSHIP;GATE-02-CONSUMER;GATE-10-CRYPTO-PRIVACY;GATE-18-TEST-EVIDENCE;GATE-20-HYGIENE,STD-NIST-SSDF
CPF-WP-CPF-CONTEXT-01-CONTRACT_OWNERSHIP,CPF-CONTEXT,GATE-01-OWNERSHIP;GATE-02-CONSUMER;GATE-06-STATE-IDEMP;GATE-07-MULTI-INSTANCE;GATE-12-OBSERVABILITY;GATE-18-TEST-EVIDENCE;GATE-20-HYGIENE;GATE-21-TIME,STD-NIST-SSDF;STD-OTEL;STD-TRACE
CPF-WP-CPF-CONTEXT-02-IMPLEMENTATION_CONSUMER,CPF-CONTEXT,GATE-01-OWNERSHIP;GATE-02-CONSUMER;GATE-06-STATE-IDEMP;GATE-07-MULTI-INSTANCE;GATE-12-OBSERVABILITY;GATE-18-TEST-EVIDENCE;GATE-20-HYGIENE;GATE-21-TIME,STD-NIST-SSDF;STD-OTEL;STD-TRACE
CPF-WP-CPF-CONTEXT-03-VERIFICATION_EVIDENCE,CPF-CONTEXT,GATE-01-OWNERSHIP;GATE-02-CONSUMER;GATE-06-STATE-IDEMP;GATE-07-MULTI-INSTANCE;GATE-12-OBSERVABILITY;GATE-18-TEST-EVIDENCE;GATE-20-HYGIENE;GATE-21-TIME,STD-NIST-SSDF;STD-OTEL;STD-TRACE
CPF-WP-CPF-CONTEXT-04-FAILURE_RECOVERY,CPF-CONTEXT,GATE-01-OWNERSHIP;GATE-02-CONSUMER;GATE-06-STATE-IDEMP;GATE-07-MULTI-INSTANCE;GATE-08-UNKNOWN-RECOVERY;GATE-12-OBSERVABILITY;GATE-18-TEST-EVIDENCE;GATE-20-HYGIENE;GATE-21-TIME,STD-NIST-SSDF;STD-OTEL;STD-TRACE
CPF-WP-CPF-CONTEXT-05-OPERATIONS_SECURITY,CPF-CONTEXT,GATE-01-OWNERSHIP;GATE-02-CONSUMER;GATE-06-STATE-IDEMP;GATE-07-MULTI-INSTANCE;GATE-09-SECURITY;GATE-11-OPS-AUDIT;GATE-12-OBSERVABILITY;GATE-18-TEST-EVIDENCE;GATE-20-HYGIENE;GATE-21-TIME,STD-CISA-SBD;STD-NIST-SSDF;STD-OTEL;STD-OWASP-ASVS;STD-TRACE
CPF-WP-CPF-TXID-01-CONTRACT_OWNERSHIP,CPF-TXID,GATE-01-OWNERSHIP;GATE-02-CONSUMER;GATE-04-EVENT-API;GATE-06-STATE-IDEMP;GATE-07-MULTI-INSTANCE;GATE-12-OBSERVABILITY;GATE-18-TEST-EVIDENCE;GATE-20-HYGIENE;GATE-21-TIME,STD-ASYNCAPI;STD-CLOUDEVENTS;STD-NIST-SSDF;STD-OTEL;STD-TRACE
CPF-WP-CPF-TXID-02-IMPLEMENTATION_CONSUMER,CPF-TXID,GATE-01-OWNERSHIP;GATE-02-CONSUMER;GATE-04-EVENT-API;GATE-06-STATE-IDEMP;GATE-07-MULTI-INSTANCE;GATE-12-OBSERVABILITY;GATE-18-TEST-EVIDENCE;GATE-20-HYGIENE;GATE-21-TIME,STD-ASYNCAPI;STD-CLOUDEVENTS;STD-NIST-SSDF;STD-OTEL;STD-TRACE
CPF-WP-CPF-TXID-03-VERIFICATION_EVIDENCE,CPF-TXID,GATE-01-OWNERSHIP;GATE-02-CONSUMER;GATE-04-EVENT-API;GATE-06-STATE-IDEMP;GATE-07-MULTI-INSTANCE;GATE-12-OBSERVABILITY;GATE-18-TEST-EVIDENCE;GATE-20-HYGIENE;GATE-21-TIME,STD-ASYNCAPI;STD-CLOUDEVENTS;STD-NIST-SSDF;STD-OTEL;STD-TRACE
CPF-WP-CPF-TXID-04-FAILURE_RECOVERY,CPF-TXID,GATE-01-OWNERSHIP;GATE-02-CONSUMER;GATE-04-EVENT-API;GATE-06-STATE-IDEMP;GATE-07-MULTI-INSTANCE;GATE-08-UNKNOWN-RECOVERY;GATE-12-OBSERVABILITY;GATE-18-TEST-EVIDENCE;GATE-20-HYGIENE;GATE-21-TIME,STD-ASYNCAPI;STD-CLOUDEVENTS;STD-NIST-SSDF;STD-OTEL;STD-TRACE
CPF-WP-CPF-TXID-05-OPERATIONS_SECURITY,CPF-TXID,GATE-01-OWNERSHIP;GATE-02-CONSUMER;GATE-04-EVENT-API;GATE-06-STATE-IDEMP;GATE-07-MULTI-INSTANCE;GATE-09-SECURITY;GATE-11-OPS-AUDIT;GATE-12-OBSERVABILITY;GATE-18-TEST-EVIDENCE;GATE-20-HYGIENE;GATE-21-TIME,STD-ASYNCAPI;STD-CISA-SBD;STD-CLOUDEVENTS;STD-NIST-SSDF;STD-OTEL;STD-OWASP-ASVS;STD-TRACE
CPF-WP-CPF-ROLE-01-CONTRACT_OWNERSHIP,CPF-ROLE,GATE-01-OWNERSHIP;GATE-02-CONSUMER;GATE-06-STATE-IDEMP;GATE-11-OPS-AUDIT;GATE-12-OBSERVABILITY;GATE-18-TEST-EVIDENCE;GATE-20-HYGIENE;GATE-21-TIME,STD-NIST-SSDF;STD-OTEL;STD-TRACE
CPF-WP-CPF-ROLE-02-IMPLEMENTATION_CONSUMER,CPF-ROLE,GATE-01-OWNERSHIP;GATE-02-CONSUMER;GATE-06-STATE-IDEMP;GATE-11-OPS-AUDIT;GATE-12-OBSERVABILITY;GATE-18-TEST-EVIDENCE;GATE-20-HYGIENE;GATE-21-TIME,STD-NIST-SSDF;STD-OTEL;STD-TRACE
CPF-WP-CPF-ROLE-03-VERIFICATION_EVIDENCE,CPF-ROLE,GATE-01-OWNERSHIP;GATE-02-CONSUMER;GATE-06-STATE-IDEMP;GATE-11-OPS-AUDIT;GATE-12-OBSERVABILITY;GATE-18-TEST-EVIDENCE;GATE-20-HYGIENE;GATE-21-TIME,STD-NIST-SSDF;STD-OTEL;STD-TRACE
CPF-WP-CPF-ROLE-04-FAILURE_RECOVERY,CPF-ROLE,GATE-01-OWNERSHIP;GATE-02-CONSUMER;GATE-06-STATE-IDEMP;GATE-08-UNKNOWN-RECOVERY;GATE-11-OPS-AUDIT;GATE-12-OBSERVABILITY;GATE-18-TEST-EVIDENCE;GATE-20-HYGIENE;GATE-21-TIME,STD-NIST-SSDF;STD-OTEL;STD-TRACE
CPF-WP-CPF-ROLE-05-OPERATIONS_SECURITY,CPF-ROLE,GATE-01-OWNERSHIP;GATE-02-CONSUMER;GATE-06-STATE-IDEMP;GATE-09-SECURITY;GATE-11-OPS-AUDIT;GATE-12-OBSERVABILITY;GATE-18-TEST-EVIDENCE;GATE-20-HYGIENE;GATE-21-TIME,STD-CISA-SBD;STD-NIST-SSDF;STD-OTEL;STD-OWASP-ASVS;STD-TRACE
CPF-WP-CPF-ERROR-01-CONTRACT_OWNERSHIP,CPF-ERROR,GATE-01-OWNERSHIP;GATE-02-CONSUMER;GATE-03-HTTP-API;GATE-04-EVENT-API;GATE-06-STATE-IDEMP;GATE-08-UNKNOWN-RECOVERY;GATE-18-TEST-EVIDENCE;GATE-20-HYGIENE,STD-ASYNCAPI;STD-CLOUDEVENTS;STD-NIST-SSDF;STD-OAS;STD-OWASP-API;STD-RFC9457
CPF-WP-CPF-ERROR-02-IMPLEMENTATION_CONSUMER,CPF-ERROR,GATE-01-OWNERSHIP;GATE-02-CONSUMER;GATE-03-HTTP-API;GATE-04-EVENT-API;GATE-06-STATE-IDEMP;GATE-08-UNKNOWN-RECOVERY;GATE-18-TEST-EVIDENCE;GATE-20-HYGIENE,STD-ASYNCAPI;STD-CLOUDEVENTS;STD-NIST-SSDF;STD-OAS;STD-OWASP-API;STD-RFC9457
CPF-WP-CPF-ERROR-03-VERIFICATION_EVIDENCE,CPF-ERROR,GATE-01-OWNERSHIP;GATE-02-CONSUMER;GATE-03-HTTP-API;GATE-04-EVENT-API;GATE-06-STATE-IDEMP;GATE-08-UNKNOWN-RECOVERY;GATE-18-TEST-EVIDENCE;GATE-20-HYGIENE,STD-ASYNCAPI;STD-CLOUDEVENTS;STD-NIST-SSDF;STD-OAS;STD-OWASP-API;STD-RFC9457
CPF-WP-CPF-ERROR-04-FAILURE_RECOVERY,CPF-ERROR,GATE-01-OWNERSHIP;GATE-02-CONSUMER;GATE-03-HTTP-API;GATE-04-EVENT-API;GATE-06-STATE-IDEMP;GATE-08-UNKNOWN-RECOVERY;GATE-18-TEST-EVIDENCE;GATE-20-HYGIENE,STD-ASYNCAPI;STD-CLOUDEVENTS;STD-NIST-SSDF;STD-OAS;STD-OWASP-API;STD-RFC9457
CPF-WP-CPF-VALID-01-CONTRACT_OWNERSHIP,CPF-VALID,GATE-01-OWNERSHIP;GATE-02-CONSUMER;GATE-05-DB-QUERY;GATE-18-TEST-EVIDENCE;GATE-20-HYGIENE,STD-NIST-SSDF
CPF-WP-CPF-VALID-02-IMPLEMENTATION_CONSUMER,CPF-VALID,GATE-01-OWNERSHIP;GATE-02-CONSUMER;GATE-05-DB-QUERY;GATE-18-TEST-EVIDENCE;GATE-20-HYGIENE,STD-NIST-SSDF
CPF-WP-CPF-VALID-03-VERIFICATION_EVIDENCE,CPF-VALID,GATE-01-OWNERSHIP;GATE-02-CONSUMER;GATE-05-DB-QUERY;GATE-18-TEST-EVIDENCE;GATE-20-HYGIENE,STD-NIST-SSDF
CPF-WP-CPF-VALID-04-DATA_MIGRATION,CPF-VALID,GATE-01-OWNERSHIP;GATE-02-CONSUMER;GATE-05-DB-QUERY;GATE-16-COMPATIBILITY;GATE-18-TEST-EVIDENCE;GATE-20-HYGIENE,STD-NIST-SSDF
CPF-WP-CPF-IDEMP-01-CONTRACT_OWNERSHIP,CPF-IDEMP,GATE-01-OWNERSHIP;GATE-02-CONSUMER;GATE-06-STATE-IDEMP;GATE-18-TEST-EVIDENCE;GATE-20-HYGIENE,STD-NIST-SSDF
CPF-WP-CPF-IDEMP-02-IMPLEMENTATION_CONSUMER,CPF-IDEMP,GATE-01-OWNERSHIP;GATE-02-CONSUMER;GATE-06-STATE-IDEMP;GATE-18-TEST-EVIDENCE;GATE-20-HYGIENE,STD-NIST-SSDF
CPF-WP-CPF-IDEMP-03-VERIFICATION_EVIDENCE,CPF-IDEMP,GATE-01-OWNERSHIP;GATE-02-CONSUMER;GATE-06-STATE-IDEMP;GATE-18-TEST-EVIDENCE;GATE-20-HYGIENE,STD-NIST-SSDF
CPF-WP-CPF-IDEMP-04-FAILURE_RECOVERY,CPF-IDEMP,GATE-01-OWNERSHIP;GATE-02-CONSUMER;GATE-06-STATE-IDEMP;GATE-08-UNKNOWN-RECOVERY;GATE-18-TEST-EVIDENCE;GATE-20-HYGIENE,STD-NIST-SSDF
CPF-WP-CPF-STATE-01-CONTRACT_OWNERSHIP,CPF-STATE,GATE-01-OWNERSHIP;GATE-02-CONSUMER;GATE-06-STATE-IDEMP;GATE-18-TEST-EVIDENCE;GATE-20-HYGIENE,STD-NIST-SSDF
CPF-WP-CPF-STATE-02-IMPLEMENTATION_CONSUMER,CPF-STATE,GATE-01-OWNERSHIP;GATE-02-CONSUMER;GATE-06-STATE-IDEMP;GATE-18-TEST-EVIDENCE;GATE-20-HYGIENE,STD-NIST-SSDF
CPF-WP-CPF-STATE-03-VERIFICATION_EVIDENCE,CPF-STATE,GATE-01-OWNERSHIP;GATE-02-CONSUMER;GATE-06-STATE-IDEMP;GATE-18-TEST-EVIDENCE;GATE-20-HYGIENE,STD-NIST-SSDF
CPF-WP-CPF-STATE-04-FAILURE_RECOVERY,CPF-STATE,GATE-01-OWNERSHIP;GATE-02-CONSUMER;GATE-06-STATE-IDEMP;GATE-08-UNKNOWN-RECOVERY;GATE-18-TEST-EVIDENCE;GATE-20-HYGIENE,STD-NIST-SSDF
CPF-WP-CPF-LOCK-01-CONTRACT_OWNERSHIP,CPF-LOCK,GATE-01-OWNERSHIP;GATE-02-CONSUMER;GATE-07-MULTI-INSTANCE;GATE-18-TEST-EVIDENCE;GATE-20-HYGIENE;GATE-21-TIME,STD-NIST-SSDF
CPF-WP-CPF-LOCK-02-IMPLEMENTATION_CONSUMER,CPF-LOCK,GATE-01-OWNERSHIP;GATE-02-CONSUMER;GATE-07-MULTI-INSTANCE;GATE-18-TEST-EVIDENCE;GATE-20-HYGIENE;GATE-21-TIME,STD-NIST-SSDF
CPF-WP-CPF-LOCK-03-VERIFICATION_EVIDENCE,CPF-LOCK,GATE-01-OWNERSHIP;GATE-02-CONSUMER;GATE-07-MULTI-INSTANCE;GATE-18-TEST-EVIDENCE;GATE-20-HYGIENE;GATE-21-TIME,STD-NIST-SSDF
CPF-WP-CPF-LOCK-04-FAILURE_RECOVERY,CPF-LOCK,GATE-01-OWNERSHIP;GATE-02-CONSUMER;GATE-06-STATE-IDEMP;GATE-07-MULTI-INSTANCE;GATE-08-UNKNOWN-RECOVERY;GATE-18-TEST-EVIDENCE;GATE-20-HYGIENE;GATE-21-TIME,STD-NIST-SSDF
CPF-WP-CPF-RESILIENCE-01-CONTRACT_OWNERSHIP,CPF-RESILIENCE,GATE-01-OWNERSHIP;GATE-02-CONSUMER;GATE-06-STATE-IDEMP;GATE-11-OPS-AUDIT;GATE-13-PERFORMANCE;GATE-18-TEST-EVIDENCE;GATE-20-HYGIENE;GATE-21-TIME,STD-NIST-SSDF
CPF-WP-CPF-RESILIENCE-02-IMPLEMENTATION_CONSUMER,CPF-RESILIENCE,GATE-01-OWNERSHIP;GATE-02-CONSUMER;GATE-06-STATE-IDEMP;GATE-11-OPS-AUDIT;GATE-13-PERFORMANCE;GATE-18-TEST-EVIDENCE;GATE-20-HYGIENE;GATE-21-TIME,STD-NIST-SSDF
CPF-WP-CPF-RESILIENCE-03-VERIFICATION_EVIDENCE,CPF-RESILIENCE,GATE-01-OWNERSHIP;GATE-02-CONSUMER;GATE-06-STATE-IDEMP;GATE-11-OPS-AUDIT;GATE-13-PERFORMANCE;GATE-18-TEST-EVIDENCE;GATE-20-HYGIENE;GATE-21-TIME,STD-NIST-SSDF
CPF-WP-CPF-RESILIENCE-04-FAILURE_RECOVERY,CPF-RESILIENCE,GATE-01-OWNERSHIP;GATE-02-CONSUMER;GATE-06-STATE-IDEMP;GATE-08-UNKNOWN-RECOVERY;GATE-11-OPS-AUDIT;GATE-13-PERFORMANCE;GATE-18-TEST-EVIDENCE;GATE-20-HYGIENE;GATE-21-TIME,STD-NIST-SSDF
CPF-WP-CPF-RESILIENCE-05-OPERATIONS_SECURITY,CPF-RESILIENCE,GATE-01-OWNERSHIP;GATE-02-CONSUMER;GATE-06-STATE-IDEMP;GATE-09-SECURITY;GATE-11-OPS-AUDIT;GATE-13-PERFORMANCE;GATE-18-TEST-EVIDENCE;GATE-20-HYGIENE;GATE-21-TIME,STD-CISA-SBD;STD-NIST-SSDF;STD-OWASP-ASVS
CPF-WP-CPF-DEADLINE-01-CONTRACT_OWNERSHIP,CPF-DEADLINE,GATE-01-OWNERSHIP;GATE-02-CONSUMER;GATE-04-EVENT-API;GATE-05-DB-QUERY;GATE-08-UNKNOWN-RECOVERY;GATE-18-TEST-EVIDENCE;GATE-20-HYGIENE;GATE-21-TIME,STD-ASYNCAPI;STD-CLOUDEVENTS;STD-NIST-SSDF
CPF-WP-CPF-DEADLINE-02-IMPLEMENTATION_CONSUMER,CPF-DEADLINE,GATE-01-OWNERSHIP;GATE-02-CONSUMER;GATE-04-EVENT-API;GATE-05-DB-QUERY;GATE-08-UNKNOWN-RECOVERY;GATE-18-TEST-EVIDENCE;GATE-20-HYGIENE;GATE-21-TIME,STD-ASYNCAPI;STD-CLOUDEVENTS;STD-NIST-SSDF
CPF-WP-CPF-DEADLINE-03-VERIFICATION_EVIDENCE,CPF-DEADLINE,GATE-01-OWNERSHIP;GATE-02-CONSUMER;GATE-04-EVENT-API;GATE-05-DB-QUERY;GATE-08-UNKNOWN-RECOVERY;GATE-18-TEST-EVIDENCE;GATE-20-HYGIENE;GATE-21-TIME,STD-ASYNCAPI;STD-CLOUDEVENTS;STD-NIST-SSDF
CPF-WP-CPF-DEADLINE-04-FAILURE_RECOVERY,CPF-DEADLINE,GATE-01-OWNERSHIP;GATE-02-CONSUMER;GATE-04-EVENT-API;GATE-05-DB-QUERY;GATE-06-STATE-IDEMP;GATE-08-UNKNOWN-RECOVERY;GATE-18-TEST-EVIDENCE;GATE-20-HYGIENE;GATE-21-TIME,STD-ASYNCAPI;STD-CLOUDEVENTS;STD-NIST-SSDF
CPF-WP-CPF-DEADLINE-05-DATA_MIGRATION,CPF-DEADLINE,GATE-01-OWNERSHIP;GATE-02-CONSUMER;GATE-04-EVENT-API;GATE-05-DB-QUERY;GATE-08-UNKNOWN-RECOVERY;GATE-16-COMPATIBILITY;GATE-18-TEST-EVIDENCE;GATE-20-HYGIENE;GATE-21-TIME,STD-ASYNCAPI;STD-CLOUDEVENTS;STD-NIST-SSDF
CPF-WP-CPF-SCHED-01-CONTRACT_OWNERSHIP,CPF-SCHED,GATE-01-OWNERSHIP;GATE-02-CONSUMER;GATE-06-STATE-IDEMP;GATE-07-MULTI-INSTANCE;GATE-18-TEST-EVIDENCE;GATE-20-HYGIENE;GATE-21-TIME,STD-NIST-SSDF
CPF-WP-CPF-SCHED-02-IMPLEMENTATION_CONSUMER,CPF-SCHED,GATE-01-OWNERSHIP;GATE-02-CONSUMER;GATE-06-STATE-IDEMP;GATE-07-MULTI-INSTANCE;GATE-18-TEST-EVIDENCE;GATE-20-HYGIENE;GATE-21-TIME,STD-NIST-SSDF
CPF-WP-CPF-SCHED-03-VERIFICATION_EVIDENCE,CPF-SCHED,GATE-01-OWNERSHIP;GATE-02-CONSUMER;GATE-06-STATE-IDEMP;GATE-07-MULTI-INSTANCE;GATE-18-TEST-EVIDENCE;GATE-20-HYGIENE;GATE-21-TIME,STD-NIST-SSDF
CPF-WP-CPF-SCHED-04-FAILURE_RECOVERY,CPF-SCHED,GATE-01-OWNERSHIP;GATE-02-CONSUMER;GATE-06-STATE-IDEMP;GATE-07-MULTI-INSTANCE;GATE-08-UNKNOWN-RECOVERY;GATE-18-TEST-EVIDENCE;GATE-20-HYGIENE;GATE-21-TIME,STD-NIST-SSDF
CPF-WP-CPF-OPSDB-01-CONTRACT_OWNERSHIP,CPF-OPSDB,GATE-01-OWNERSHIP;GATE-02-CONSUMER;GATE-05-DB-QUERY;GATE-08-UNKNOWN-RECOVERY;GATE-12-OBSERVABILITY;GATE-13-PERFORMANCE;GATE-18-TEST-EVIDENCE;GATE-20-HYGIENE,STD-NIST-SSDF;STD-OTEL;STD-TRACE
CPF-WP-CPF-OPSDB-02-IMPLEMENTATION_CONSUMER,CPF-OPSDB,GATE-01-OWNERSHIP;GATE-02-CONSUMER;GATE-05-DB-QUERY;GATE-08-UNKNOWN-RECOVERY;GATE-12-OBSERVABILITY;GATE-13-PERFORMANCE;GATE-18-TEST-EVIDENCE;GATE-20-HYGIENE,STD-NIST-SSDF;STD-OTEL;STD-TRACE
CPF-WP-CPF-OPSDB-03-VERIFICATION_EVIDENCE,CPF-OPSDB,GATE-01-OWNERSHIP;GATE-02-CONSUMER;GATE-05-DB-QUERY;GATE-08-UNKNOWN-RECOVERY;GATE-12-OBSERVABILITY;GATE-13-PERFORMANCE;GATE-18-TEST-EVIDENCE;GATE-20-HYGIENE,STD-NIST-SSDF;STD-OTEL;STD-TRACE
CPF-WP-CPF-OPSDB-04-OPERATIONS_SECURITY,CPF-OPSDB,GATE-01-OWNERSHIP;GATE-02-CONSUMER;GATE-05-DB-QUERY;GATE-08-UNKNOWN-RECOVERY;GATE-09-SECURITY;GATE-11-OPS-AUDIT;GATE-12-OBSERVABILITY;GATE-13-PERFORMANCE;GATE-18-TEST-EVIDENCE;GATE-20-HYGIENE,STD-CISA-SBD;STD-NIST-SSDF;STD-OTEL;STD-OWASP-ASVS;STD-TRACE
CPF-WP-CPF-OPSDB-05-DATA_MIGRATION,CPF-OPSDB,GATE-01-OWNERSHIP;GATE-02-CONSUMER;GATE-05-DB-QUERY;GATE-08-UNKNOWN-RECOVERY;GATE-12-OBSERVABILITY;GATE-13-PERFORMANCE;GATE-16-COMPATIBILITY;GATE-18-TEST-EVIDENCE;GATE-20-HYGIENE,STD-NIST-SSDF;STD-OTEL;STD-TRACE
CPF-WP-CPF-LOGDB-01-CONTRACT_OWNERSHIP,CPF-LOGDB,GATE-01-OWNERSHIP;GATE-02-CONSUMER;GATE-05-DB-QUERY;GATE-10-CRYPTO-PRIVACY;GATE-12-OBSERVABILITY;GATE-18-TEST-EVIDENCE;GATE-20-HYGIENE,STD-NIST-SSDF;STD-OTEL;STD-TRACE
CPF-WP-CPF-LOGDB-02-IMPLEMENTATION_CONSUMER,CPF-LOGDB,GATE-01-OWNERSHIP;GATE-02-CONSUMER;GATE-05-DB-QUERY;GATE-10-CRYPTO-PRIVACY;GATE-12-OBSERVABILITY;GATE-18-TEST-EVIDENCE;GATE-20-HYGIENE,STD-NIST-SSDF;STD-OTEL;STD-TRACE
CPF-WP-CPF-LOGDB-03-VERIFICATION_EVIDENCE,CPF-LOGDB,GATE-01-OWNERSHIP;GATE-02-CONSUMER;GATE-05-DB-QUERY;GATE-10-CRYPTO-PRIVACY;GATE-12-OBSERVABILITY;GATE-18-TEST-EVIDENCE;GATE-20-HYGIENE,STD-NIST-SSDF;STD-OTEL;STD-TRACE
CPF-WP-CPF-LOGDB-04-FAILURE_RECOVERY,CPF-LOGDB,GATE-01-OWNERSHIP;GATE-02-CONSUMER;GATE-05-DB-QUERY;GATE-06-STATE-IDEMP;GATE-08-UNKNOWN-RECOVERY;GATE-10-CRYPTO-PRIVACY;GATE-12-OBSERVABILITY;GATE-18-TEST-EVIDENCE;GATE-20-HYGIENE,STD-NIST-SSDF;STD-OTEL;STD-TRACE
CPF-WP-CPF-LOGDB-05-OPERATIONS_SECURITY,CPF-LOGDB,GATE-01-OWNERSHIP;GATE-02-CONSUMER;GATE-05-DB-QUERY;GATE-09-SECURITY;GATE-10-CRYPTO-PRIVACY;GATE-11-OPS-AUDIT;GATE-12-OBSERVABILITY;GATE-18-TEST-EVIDENCE;GATE-20-HYGIENE,STD-CISA-SBD;STD-NIST-SSDF;STD-OTEL;STD-OWASP-ASVS;STD-TRACE
CPF-WP-CPF-LOGDB-06-DATA_MIGRATION,CPF-LOGDB,GATE-01-OWNERSHIP;GATE-02-CONSUMER;GATE-05-DB-QUERY;GATE-10-CRYPTO-PRIVACY;GATE-12-OBSERVABILITY;GATE-16-COMPATIBILITY;GATE-18-TEST-EVIDENCE;GATE-20-HYGIENE,STD-NIST-SSDF;STD-OTEL;STD-TRACE
CPF-WP-CPF-FILELOG-01-CONTRACT_OWNERSHIP,CPF-FILELOG,GATE-01-OWNERSHIP;GATE-02-CONSUMER;GATE-06-STATE-IDEMP;GATE-09-SECURITY;GATE-12-OBSERVABILITY;GATE-18-TEST-EVIDENCE;GATE-20-HYGIENE,STD-CISA-SBD;STD-NIST-SSDF;STD-OTEL;STD-OWASP-ASVS;STD-TRACE
CPF-WP-CPF-FILELOG-02-IMPLEMENTATION_CONSUMER,CPF-FILELOG,GATE-01-OWNERSHIP;GATE-02-CONSUMER;GATE-06-STATE-IDEMP;GATE-09-SECURITY;GATE-12-OBSERVABILITY;GATE-18-TEST-EVIDENCE;GATE-20-HYGIENE,STD-CISA-SBD;STD-NIST-SSDF;STD-OTEL;STD-OWASP-ASVS;STD-TRACE
CPF-WP-CPF-FILELOG-03-VERIFICATION_EVIDENCE,CPF-FILELOG,GATE-01-OWNERSHIP;GATE-02-CONSUMER;GATE-06-STATE-IDEMP;GATE-09-SECURITY;GATE-12-OBSERVABILITY;GATE-18-TEST-EVIDENCE;GATE-20-HYGIENE,STD-CISA-SBD;STD-NIST-SSDF;STD-OTEL;STD-OWASP-ASVS;STD-TRACE
CPF-WP-CPF-FILELOG-04-FAILURE_RECOVERY,CPF-FILELOG,GATE-01-OWNERSHIP;GATE-02-CONSUMER;GATE-06-STATE-IDEMP;GATE-08-UNKNOWN-RECOVERY;GATE-09-SECURITY;GATE-12-OBSERVABILITY;GATE-18-TEST-EVIDENCE;GATE-20-HYGIENE,STD-CISA-SBD;STD-NIST-SSDF;STD-OTEL;STD-OWASP-ASVS;STD-TRACE
CPF-WP-CPF-FILELOG-05-OPERATIONS_SECURITY,CPF-FILELOG,GATE-01-OWNERSHIP;GATE-02-CONSUMER;GATE-06-STATE-IDEMP;GATE-09-SECURITY;GATE-11-OPS-AUDIT;GATE-12-OBSERVABILITY;GATE-18-TEST-EVIDENCE;GATE-20-HYGIENE,STD-CISA-SBD;STD-NIST-SSDF;STD-OTEL;STD-OWASP-ASVS;STD-TRACE
CPF-WP-CPF-FILELOG-06-DATA_MIGRATION,CPF-FILELOG,GATE-01-OWNERSHIP;GATE-02-CONSUMER;GATE-05-DB-QUERY;GATE-06-STATE-IDEMP;GATE-09-SECURITY;GATE-12-OBSERVABILITY;GATE-16-COMPATIBILITY;GATE-18-TEST-EVIDENCE;GATE-20-HYGIENE,STD-CISA-SBD;STD-NIST-SSDF;STD-OTEL;STD-OWASP-ASVS;STD-TRACE
CPF-WP-CPF-LOGFAIL-01-CONTRACT_OWNERSHIP,CPF-LOGFAIL,GATE-01-OWNERSHIP;GATE-02-CONSUMER;GATE-08-UNKNOWN-RECOVERY;GATE-12-OBSERVABILITY;GATE-18-TEST-EVIDENCE;GATE-20-HYGIENE,STD-NIST-SSDF;STD-OTEL;STD-TRACE
CPF-WP-CPF-LOGFAIL-02-IMPLEMENTATION_CONSUMER,CPF-LOGFAIL,GATE-01-OWNERSHIP;GATE-02-CONSUMER;GATE-08-UNKNOWN-RECOVERY;GATE-12-OBSERVABILITY;GATE-18-TEST-EVIDENCE;GATE-20-HYGIENE,STD-NIST-SSDF;STD-OTEL;STD-TRACE
CPF-WP-CPF-LOGFAIL-03-VERIFICATION_EVIDENCE,CPF-LOGFAIL,GATE-01-OWNERSHIP;GATE-02-CONSUMER;GATE-08-UNKNOWN-RECOVERY;GATE-12-OBSERVABILITY;GATE-18-TEST-EVIDENCE;GATE-20-HYGIENE,STD-NIST-SSDF;STD-OTEL;STD-TRACE
CPF-WP-CPF-LOGFAIL-04-OPERATIONS_SECURITY,CPF-LOGFAIL,GATE-01-OWNERSHIP;GATE-02-CONSUMER;GATE-08-UNKNOWN-RECOVERY;GATE-09-SECURITY;GATE-11-OPS-AUDIT;GATE-12-OBSERVABILITY;GATE-18-TEST-EVIDENCE;GATE-20-HYGIENE,STD-CISA-SBD;STD-NIST-SSDF;STD-OTEL;STD-OWASP-ASVS;STD-TRACE
CPF-WP-CPF-TRACE-01-CONTRACT_OWNERSHIP,CPF-TRACE,GATE-01-OWNERSHIP;GATE-02-CONSUMER;GATE-06-STATE-IDEMP;GATE-12-OBSERVABILITY;GATE-18-TEST-EVIDENCE;GATE-20-HYGIENE,STD-NIST-SSDF;STD-OTEL;STD-TRACE
CPF-WP-CPF-TRACE-02-IMPLEMENTATION_CONSUMER,CPF-TRACE,GATE-01-OWNERSHIP;GATE-02-CONSUMER;GATE-06-STATE-IDEMP;GATE-12-OBSERVABILITY;GATE-18-TEST-EVIDENCE;GATE-20-HYGIENE,STD-NIST-SSDF;STD-OTEL;STD-TRACE
CPF-WP-CPF-TRACE-03-VERIFICATION_EVIDENCE,CPF-TRACE,GATE-01-OWNERSHIP;GATE-02-CONSUMER;GATE-06-STATE-IDEMP;GATE-12-OBSERVABILITY;GATE-18-TEST-EVIDENCE;GATE-20-HYGIENE,STD-NIST-SSDF;STD-OTEL;STD-TRACE
CPF-WP-CPF-TRACE-04-FAILURE_RECOVERY,CPF-TRACE,GATE-01-OWNERSHIP;GATE-02-CONSUMER;GATE-06-STATE-IDEMP;GATE-08-UNKNOWN-RECOVERY;GATE-12-OBSERVABILITY;GATE-18-TEST-EVIDENCE;GATE-20-HYGIENE,STD-NIST-SSDF;STD-OTEL;STD-TRACE
CPF-WP-CPF-TRACE-05-OPERATIONS_SECURITY,CPF-TRACE,GATE-01-OWNERSHIP;GATE-02-CONSUMER;GATE-06-STATE-IDEMP;GATE-09-SECURITY;GATE-11-OPS-AUDIT;GATE-12-OBSERVABILITY;GATE-18-TEST-EVIDENCE;GATE-20-HYGIENE,STD-CISA-SBD;STD-NIST-SSDF;STD-OTEL;STD-OWASP-ASVS;STD-TRACE
CPF-WP-CPF-MASK-01-CONTRACT_OWNERSHIP,CPF-MASK,GATE-01-OWNERSHIP;GATE-02-CONSUMER;GATE-09-SECURITY;GATE-10-CRYPTO-PRIVACY;GATE-12-OBSERVABILITY;GATE-18-TEST-EVIDENCE;GATE-20-HYGIENE,STD-CISA-SBD;STD-NIST-SSDF;STD-OTEL;STD-OWASP-ASVS;STD-TRACE
CPF-WP-CPF-MASK-02-IMPLEMENTATION_CONSUMER,CPF-MASK,GATE-01-OWNERSHIP;GATE-02-CONSUMER;GATE-09-SECURITY;GATE-10-CRYPTO-PRIVACY;GATE-12-OBSERVABILITY;GATE-18-TEST-EVIDENCE;GATE-20-HYGIENE,STD-CISA-SBD;STD-NIST-SSDF;STD-OTEL;STD-OWASP-ASVS;STD-TRACE
CPF-WP-CPF-MASK-03-VERIFICATION_EVIDENCE,CPF-MASK,GATE-01-OWNERSHIP;GATE-02-CONSUMER;GATE-09-SECURITY;GATE-10-CRYPTO-PRIVACY;GATE-12-OBSERVABILITY;GATE-18-TEST-EVIDENCE;GATE-20-HYGIENE,STD-CISA-SBD;STD-NIST-SSDF;STD-OTEL;STD-OWASP-ASVS;STD-TRACE
CPF-WP-CPF-MASK-04-OPERATIONS_SECURITY,CPF-MASK,GATE-01-OWNERSHIP;GATE-02-CONSUMER;GATE-09-SECURITY;GATE-10-CRYPTO-PRIVACY;GATE-11-OPS-AUDIT;GATE-12-OBSERVABILITY;GATE-18-TEST-EVIDENCE;GATE-20-HYGIENE,STD-CISA-SBD;STD-NIST-SSDF;STD-OTEL;STD-OWASP-ASVS;STD-TRACE
CPF-WP-CORE-FIXED-01-CONTRACT_OWNERSHIP,CORE-FIXED,GATE-01-OWNERSHIP;GATE-02-CONSUMER;GATE-13-PERFORMANCE;GATE-16-COMPATIBILITY;GATE-18-TEST-EVIDENCE;GATE-20-HYGIENE,STD-GRADLE-JAVA;STD-NIST-SSDF;STD-SPRING
CPF-WP-CORE-FIXED-02-IMPLEMENTATION_CONSUMER,CORE-FIXED,GATE-01-OWNERSHIP;GATE-02-CONSUMER;GATE-13-PERFORMANCE;GATE-16-COMPATIBILITY;GATE-18-TEST-EVIDENCE;GATE-20-HYGIENE,STD-GRADLE-JAVA;STD-NIST-SSDF;STD-SPRING
CPF-WP-CORE-FIXED-03-VERIFICATION_EVIDENCE,CORE-FIXED,GATE-01-OWNERSHIP;GATE-02-CONSUMER;GATE-13-PERFORMANCE;GATE-16-COMPATIBILITY;GATE-18-TEST-EVIDENCE;GATE-20-HYGIENE,STD-GRADLE-JAVA;STD-NIST-SSDF;STD-SPRING
CPF-WP-CORE-FIXED-04-GENERATION_COMPATIBILITY,CORE-FIXED,GATE-01-OWNERSHIP;GATE-02-CONSUMER;GATE-13-PERFORMANCE;GATE-15-GENERATOR;GATE-16-COMPATIBILITY;GATE-18-TEST-EVIDENCE;GATE-20-HYGIENE,STD-GRADLE-JAVA;STD-NIST-SSDF;STD-SPRING
CPF-WP-CORE-FILE-01-CONTRACT_OWNERSHIP,CORE-FILE,GATE-01-OWNERSHIP;GATE-02-CONSUMER;GATE-13-PERFORMANCE;GATE-18-TEST-EVIDENCE;GATE-20-HYGIENE,STD-GRADLE-JAVA;STD-NIST-SSDF;STD-SPRING
CPF-WP-CORE-FILE-02-IMPLEMENTATION_CONSUMER,CORE-FILE,GATE-01-OWNERSHIP;GATE-02-CONSUMER;GATE-13-PERFORMANCE;GATE-18-TEST-EVIDENCE;GATE-20-HYGIENE,STD-GRADLE-JAVA;STD-NIST-SSDF;STD-SPRING
CPF-WP-CORE-FILE-03-VERIFICATION_EVIDENCE,CORE-FILE,GATE-01-OWNERSHIP;GATE-02-CONSUMER;GATE-13-PERFORMANCE;GATE-18-TEST-EVIDENCE;GATE-20-HYGIENE,STD-GRADLE-JAVA;STD-NIST-SSDF;STD-SPRING
CPF-WP-CORE-FILE-04-FAILURE_RECOVERY,CORE-FILE,GATE-01-OWNERSHIP;GATE-02-CONSUMER;GATE-06-STATE-IDEMP;GATE-08-UNKNOWN-RECOVERY;GATE-13-PERFORMANCE;GATE-18-TEST-EVIDENCE;GATE-20-HYGIENE,STD-GRADLE-JAVA;STD-NIST-SSDF;STD-SPRING
CPF-WP-CORE-FILE-05-DATA_MIGRATION,CORE-FILE,GATE-01-OWNERSHIP;GATE-02-CONSUMER;GATE-05-DB-QUERY;GATE-13-PERFORMANCE;GATE-16-COMPATIBILITY;GATE-18-TEST-EVIDENCE;GATE-20-HYGIENE,STD-GRADLE-JAVA;STD-NIST-SSDF;STD-SPRING
CPF-WP-CORE-MESSAGE-01-CONTRACT_OWNERSHIP,CORE-MESSAGE,GATE-01-OWNERSHIP;GATE-02-CONSUMER;GATE-04-EVENT-API;GATE-05-DB-QUERY;GATE-06-STATE-IDEMP;GATE-16-COMPATIBILITY;GATE-18-TEST-EVIDENCE;GATE-20-HYGIENE,STD-ASYNCAPI;STD-CLOUDEVENTS;STD-GRADLE-JAVA;STD-NIST-SSDF;STD-SPRING
CPF-WP-CORE-MESSAGE-02-IMPLEMENTATION_CONSUMER,CORE-MESSAGE,GATE-01-OWNERSHIP;GATE-02-CONSUMER;GATE-04-EVENT-API;GATE-05-DB-QUERY;GATE-06-STATE-IDEMP;GATE-16-COMPATIBILITY;GATE-18-TEST-EVIDENCE;GATE-20-HYGIENE,STD-ASYNCAPI;STD-CLOUDEVENTS;STD-GRADLE-JAVA;STD-NIST-SSDF;STD-SPRING
CPF-WP-CORE-MESSAGE-03-VERIFICATION_EVIDENCE,CORE-MESSAGE,GATE-01-OWNERSHIP;GATE-02-CONSUMER;GATE-04-EVENT-API;GATE-05-DB-QUERY;GATE-06-STATE-IDEMP;GATE-16-COMPATIBILITY;GATE-18-TEST-EVIDENCE;GATE-20-HYGIENE,STD-ASYNCAPI;STD-CLOUDEVENTS;STD-GRADLE-JAVA;STD-NIST-SSDF;STD-SPRING
CPF-WP-CORE-MESSAGE-04-FAILURE_RECOVERY,CORE-MESSAGE,GATE-01-OWNERSHIP;GATE-02-CONSUMER;GATE-04-EVENT-API;GATE-05-DB-QUERY;GATE-06-STATE-IDEMP;GATE-08-UNKNOWN-RECOVERY;GATE-16-COMPATIBILITY;GATE-18-TEST-EVIDENCE;GATE-20-HYGIENE,STD-ASYNCAPI;STD-CLOUDEVENTS;STD-GRADLE-JAVA;STD-NIST-SSDF;STD-SPRING
CPF-WP-CORE-MESSAGE-05-DATA_MIGRATION,CORE-MESSAGE,GATE-01-OWNERSHIP;GATE-02-CONSUMER;GATE-04-EVENT-API;GATE-05-DB-QUERY;GATE-06-STATE-IDEMP;GATE-16-COMPATIBILITY;GATE-18-TEST-EVIDENCE;GATE-20-HYGIENE,STD-ASYNCAPI;STD-CLOUDEVENTS;STD-GRADLE-JAVA;STD-NIST-SSDF;STD-SPRING
CPF-WP-CORE-MESSAGE-06-GENERATION_COMPATIBILITY,CORE-MESSAGE,GATE-01-OWNERSHIP;GATE-02-CONSUMER;GATE-04-EVENT-API;GATE-05-DB-QUERY;GATE-06-STATE-IDEMP;GATE-15-GENERATOR;GATE-16-COMPATIBILITY;GATE-18-TEST-EVIDENCE;GATE-20-HYGIENE,STD-ASYNCAPI;STD-CLOUDEVENTS;STD-GRADLE-JAVA;STD-NIST-SSDF;STD-SPRING
CPF-WP-ARCH-STARTER-01-CONTRACT_OWNERSHIP,ARCH-STARTER,GATE-01-OWNERSHIP;GATE-02-CONSUMER;GATE-15-GENERATOR;GATE-17-SUPPLY-CHAIN;GATE-18-TEST-EVIDENCE;GATE-20-HYGIENE,STD-CYCLONEDX;STD-GRADLE-JAVA;STD-NIST-SSDF;STD-SCRUM;STD-SLSA;STD-SPRING
CPF-WP-ARCH-STARTER-02-IMPLEMENTATION_CONSUMER,ARCH-STARTER,GATE-01-OWNERSHIP;GATE-02-CONSUMER;GATE-15-GENERATOR;GATE-17-SUPPLY-CHAIN;GATE-18-TEST-EVIDENCE;GATE-20-HYGIENE,STD-CYCLONEDX;STD-GRADLE-JAVA;STD-NIST-SSDF;STD-SCRUM;STD-SLSA;STD-SPRING
CPF-WP-ARCH-STARTER-03-VERIFICATION_EVIDENCE,ARCH-STARTER,GATE-01-OWNERSHIP;GATE-02-CONSUMER;GATE-15-GENERATOR;GATE-17-SUPPLY-CHAIN;GATE-18-TEST-EVIDENCE;GATE-20-HYGIENE,STD-CYCLONEDX;STD-GRADLE-JAVA;STD-NIST-SSDF;STD-SCRUM;STD-SLSA;STD-SPRING
CPF-WP-ARCH-STARTER-04-FAILURE_RECOVERY,ARCH-STARTER,GATE-01-OWNERSHIP;GATE-02-CONSUMER;GATE-06-STATE-IDEMP;GATE-08-UNKNOWN-RECOVERY;GATE-15-GENERATOR;GATE-17-SUPPLY-CHAIN;GATE-18-TEST-EVIDENCE;GATE-20-HYGIENE,STD-CYCLONEDX;STD-GRADLE-JAVA;STD-NIST-SSDF;STD-SCRUM;STD-SLSA;STD-SPRING
CPF-WP-ARCH-STARTER-05-GENERATION_COMPATIBILITY,ARCH-STARTER,GATE-01-OWNERSHIP;GATE-02-CONSUMER;GATE-15-GENERATOR;GATE-16-COMPATIBILITY;GATE-17-SUPPLY-CHAIN;GATE-18-TEST-EVIDENCE;GATE-20-HYGIENE,STD-CYCLONEDX;STD-GRADLE-JAVA;STD-NIST-SSDF;STD-SCRUM;STD-SLSA;STD-SPRING
CPF-WP-CMN-EXTENSION-01-CONTRACT_OWNERSHIP,CMN-EXTENSION,GATE-01-OWNERSHIP;GATE-02-CONSUMER;GATE-05-DB-QUERY;GATE-10-CRYPTO-PRIVACY;GATE-11-OPS-AUDIT;GATE-18-TEST-EVIDENCE;GATE-20-HYGIENE;GATE-21-TIME,STD-NIST-SSDF
CPF-WP-CMN-EXTENSION-02-IMPLEMENTATION_CONSUMER,CMN-EXTENSION,GATE-01-OWNERSHIP;GATE-02-CONSUMER;GATE-05-DB-QUERY;GATE-10-CRYPTO-PRIVACY;GATE-11-OPS-AUDIT;GATE-18-TEST-EVIDENCE;GATE-20-HYGIENE;GATE-21-TIME,STD-NIST-SSDF
CPF-WP-CMN-EXTENSION-03-VERIFICATION_EVIDENCE,CMN-EXTENSION,GATE-01-OWNERSHIP;GATE-02-CONSUMER;GATE-05-DB-QUERY;GATE-10-CRYPTO-PRIVACY;GATE-11-OPS-AUDIT;GATE-18-TEST-EVIDENCE;GATE-20-HYGIENE;GATE-21-TIME,STD-NIST-SSDF
CPF-WP-CMN-EXTENSION-04-OPERATIONS_SECURITY,CMN-EXTENSION,GATE-01-OWNERSHIP;GATE-02-CONSUMER;GATE-05-DB-QUERY;GATE-09-SECURITY;GATE-10-CRYPTO-PRIVACY;GATE-11-OPS-AUDIT;GATE-18-TEST-EVIDENCE;GATE-20-HYGIENE;GATE-21-TIME,STD-CISA-SBD;STD-NIST-SSDF;STD-OWASP-ASVS
CPF-WP-CMN-EXTENSION-05-DATA_MIGRATION,CMN-EXTENSION,GATE-01-OWNERSHIP;GATE-02-CONSUMER;GATE-05-DB-QUERY;GATE-10-CRYPTO-PRIVACY;GATE-11-OPS-AUDIT;GATE-16-COMPATIBILITY;GATE-18-TEST-EVIDENCE;GATE-20-HYGIENE;GATE-21-TIME,STD-NIST-SSDF
CPF-WP-CMN-SAMPLE-DB-01-CONTRACT_OWNERSHIP,CMN-SAMPLE-DB,GATE-01-OWNERSHIP;GATE-02-CONSUMER;GATE-05-DB-QUERY;GATE-08-UNKNOWN-RECOVERY;GATE-15-GENERATOR;GATE-16-COMPATIBILITY;GATE-18-TEST-EVIDENCE;GATE-20-HYGIENE,STD-NIST-SSDF
CPF-WP-CMN-SAMPLE-DB-02-IMPLEMENTATION_CONSUMER,CMN-SAMPLE-DB,GATE-01-OWNERSHIP;GATE-02-CONSUMER;GATE-05-DB-QUERY;GATE-08-UNKNOWN-RECOVERY;GATE-15-GENERATOR;GATE-16-COMPATIBILITY;GATE-18-TEST-EVIDENCE;GATE-20-HYGIENE,STD-NIST-SSDF
CPF-WP-CMN-SAMPLE-DB-03-VERIFICATION_EVIDENCE,CMN-SAMPLE-DB,GATE-01-OWNERSHIP;GATE-02-CONSUMER;GATE-05-DB-QUERY;GATE-08-UNKNOWN-RECOVERY;GATE-15-GENERATOR;GATE-16-COMPATIBILITY;GATE-18-TEST-EVIDENCE;GATE-20-HYGIENE,STD-NIST-SSDF
CPF-WP-CMN-SAMPLE-DB-04-FAILURE_RECOVERY,CMN-SAMPLE-DB,GATE-01-OWNERSHIP;GATE-02-CONSUMER;GATE-05-DB-QUERY;GATE-06-STATE-IDEMP;GATE-08-UNKNOWN-RECOVERY;GATE-15-GENERATOR;GATE-16-COMPATIBILITY;GATE-18-TEST-EVIDENCE;GATE-20-HYGIENE,STD-NIST-SSDF
CPF-WP-CMN-SAMPLE-DB-05-DATA_MIGRATION,CMN-SAMPLE-DB,GATE-01-OWNERSHIP;GATE-02-CONSUMER;GATE-05-DB-QUERY;GATE-08-UNKNOWN-RECOVERY;GATE-15-GENERATOR;GATE-16-COMPATIBILITY;GATE-18-TEST-EVIDENCE;GATE-20-HYGIENE,STD-NIST-SSDF
CPF-WP-CMN-CODE-01-CONTRACT_OWNERSHIP,CMN-CODE,GATE-01-OWNERSHIP;GATE-02-CONSUMER;GATE-05-DB-QUERY;GATE-11-OPS-AUDIT;GATE-16-COMPATIBILITY;GATE-18-TEST-EVIDENCE;GATE-20-HYGIENE;GATE-21-TIME,STD-NIST-SSDF
CPF-WP-CMN-CODE-02-IMPLEMENTATION_CONSUMER,CMN-CODE,GATE-01-OWNERSHIP;GATE-02-CONSUMER;GATE-05-DB-QUERY;GATE-11-OPS-AUDIT;GATE-16-COMPATIBILITY;GATE-18-TEST-EVIDENCE;GATE-20-HYGIENE;GATE-21-TIME,STD-NIST-SSDF
CPF-WP-CMN-CODE-03-VERIFICATION_EVIDENCE,CMN-CODE,GATE-01-OWNERSHIP;GATE-02-CONSUMER;GATE-05-DB-QUERY;GATE-11-OPS-AUDIT;GATE-16-COMPATIBILITY;GATE-18-TEST-EVIDENCE;GATE-20-HYGIENE;GATE-21-TIME,STD-NIST-SSDF
CPF-WP-CMN-CODE-04-OPERATIONS_SECURITY,CMN-CODE,GATE-01-OWNERSHIP;GATE-02-CONSUMER;GATE-05-DB-QUERY;GATE-09-SECURITY;GATE-11-OPS-AUDIT;GATE-16-COMPATIBILITY;GATE-18-TEST-EVIDENCE;GATE-20-HYGIENE;GATE-21-TIME,STD-CISA-SBD;STD-NIST-SSDF;STD-OWASP-ASVS
CPF-WP-CMN-CODE-05-DATA_MIGRATION,CMN-CODE,GATE-01-OWNERSHIP;GATE-02-CONSUMER;GATE-05-DB-QUERY;GATE-11-OPS-AUDIT;GATE-16-COMPATIBILITY;GATE-18-TEST-EVIDENCE;GATE-20-HYGIENE;GATE-21-TIME,STD-NIST-SSDF
CPF-WP-CMN-CODE-06-GENERATION_COMPATIBILITY,CMN-CODE,GATE-01-OWNERSHIP;GATE-02-CONSUMER;GATE-05-DB-QUERY;GATE-11-OPS-AUDIT;GATE-15-GENERATOR;GATE-16-COMPATIBILITY;GATE-18-TEST-EVIDENCE;GATE-20-HYGIENE;GATE-21-TIME,STD-NIST-SSDF
CPF-WP-CMN-MSG-01-CONTRACT_OWNERSHIP,CMN-MSG,GATE-01-OWNERSHIP;GATE-02-CONSUMER;GATE-05-DB-QUERY;GATE-16-COMPATIBILITY;GATE-18-TEST-EVIDENCE;GATE-20-HYGIENE,STD-NIST-SSDF
CPF-WP-CMN-MSG-02-IMPLEMENTATION_CONSUMER,CMN-MSG,GATE-01-OWNERSHIP;GATE-02-CONSUMER;GATE-05-DB-QUERY;GATE-16-COMPATIBILITY;GATE-18-TEST-EVIDENCE;GATE-20-HYGIENE,STD-NIST-SSDF
CPF-WP-CMN-MSG-03-VERIFICATION_EVIDENCE,CMN-MSG,GATE-01-OWNERSHIP;GATE-02-CONSUMER;GATE-05-DB-QUERY;GATE-16-COMPATIBILITY;GATE-18-TEST-EVIDENCE;GATE-20-HYGIENE,STD-NIST-SSDF
CPF-WP-CMN-MSG-04-DATA_MIGRATION,CMN-MSG,GATE-01-OWNERSHIP;GATE-02-CONSUMER;GATE-05-DB-QUERY;GATE-16-COMPATIBILITY;GATE-18-TEST-EVIDENCE;GATE-20-HYGIENE,STD-NIST-SSDF
CPF-WP-CMN-MSG-05-GENERATION_COMPATIBILITY,CMN-MSG,GATE-01-OWNERSHIP;GATE-02-CONSUMER;GATE-05-DB-QUERY;GATE-15-GENERATOR;GATE-16-COMPATIBILITY;GATE-18-TEST-EVIDENCE;GATE-20-HYGIENE,STD-NIST-SSDF
CPF-WP-CMN-CALENDAR-01-CONTRACT_OWNERSHIP,CMN-CALENDAR,GATE-01-OWNERSHIP;GATE-02-CONSUMER;GATE-05-DB-QUERY;GATE-07-MULTI-INSTANCE;GATE-18-TEST-EVIDENCE;GATE-20-HYGIENE;GATE-21-TIME,STD-NIST-SSDF
CPF-WP-CMN-CALENDAR-02-IMPLEMENTATION_CONSUMER,CMN-CALENDAR,GATE-01-OWNERSHIP;GATE-02-CONSUMER;GATE-05-DB-QUERY;GATE-07-MULTI-INSTANCE;GATE-18-TEST-EVIDENCE;GATE-20-HYGIENE;GATE-21-TIME,STD-NIST-SSDF
CPF-WP-CMN-CALENDAR-03-VERIFICATION_EVIDENCE,CMN-CALENDAR,GATE-01-OWNERSHIP;GATE-02-CONSUMER;GATE-05-DB-QUERY;GATE-07-MULTI-INSTANCE;GATE-18-TEST-EVIDENCE;GATE-20-HYGIENE;GATE-21-TIME,STD-NIST-SSDF
CPF-WP-CMN-CALENDAR-04-FAILURE_RECOVERY,CMN-CALENDAR,GATE-01-OWNERSHIP;GATE-02-CONSUMER;GATE-05-DB-QUERY;GATE-06-STATE-IDEMP;GATE-07-MULTI-INSTANCE;GATE-08-UNKNOWN-RECOVERY;GATE-18-TEST-EVIDENCE;GATE-20-HYGIENE;GATE-21-TIME,STD-NIST-SSDF
CPF-WP-CMN-CALENDAR-05-DATA_MIGRATION,CMN-CALENDAR,GATE-01-OWNERSHIP;GATE-02-CONSUMER;GATE-05-DB-QUERY;GATE-07-MULTI-INSTANCE;GATE-16-COMPATIBILITY;GATE-18-TEST-EVIDENCE;GATE-20-HYGIENE;GATE-21-TIME,STD-NIST-SSDF
CPF-WP-CMN-TEMPLATE-01-CONTRACT_OWNERSHIP,CMN-TEMPLATE,GATE-01-OWNERSHIP;GATE-02-CONSUMER;GATE-05-DB-QUERY;GATE-06-STATE-IDEMP;GATE-11-OPS-AUDIT;GATE-15-GENERATOR;GATE-16-COMPATIBILITY;GATE-18-TEST-EVIDENCE;GATE-20-HYGIENE;GATE-21-TIME,STD-NIST-SSDF
CPF-WP-CMN-TEMPLATE-02-IMPLEMENTATION_CONSUMER,CMN-TEMPLATE,GATE-01-OWNERSHIP;GATE-02-CONSUMER;GATE-05-DB-QUERY;GATE-06-STATE-IDEMP;GATE-11-OPS-AUDIT;GATE-15-GENERATOR;GATE-16-COMPATIBILITY;GATE-18-TEST-EVIDENCE;GATE-20-HYGIENE;GATE-21-TIME,STD-NIST-SSDF
CPF-WP-CMN-TEMPLATE-03-VERIFICATION_EVIDENCE,CMN-TEMPLATE,GATE-01-OWNERSHIP;GATE-02-CONSUMER;GATE-05-DB-QUERY;GATE-06-STATE-IDEMP;GATE-11-OPS-AUDIT;GATE-15-GENERATOR;GATE-16-COMPATIBILITY;GATE-18-TEST-EVIDENCE;GATE-20-HYGIENE;GATE-21-TIME,STD-NIST-SSDF
CPF-WP-CMN-TEMPLATE-04-FAILURE_RECOVERY,CMN-TEMPLATE,GATE-01-OWNERSHIP;GATE-02-CONSUMER;GATE-05-DB-QUERY;GATE-06-STATE-IDEMP;GATE-08-UNKNOWN-RECOVERY;GATE-11-OPS-AUDIT;GATE-15-GENERATOR;GATE-16-COMPATIBILITY;GATE-18-TEST-EVIDENCE;GATE-20-HYGIENE;GATE-21-TIME,STD-NIST-SSDF
CPF-WP-CMN-TEMPLATE-05-OPERATIONS_SECURITY,CMN-TEMPLATE,GATE-01-OWNERSHIP;GATE-02-CONSUMER;GATE-05-DB-QUERY;GATE-06-STATE-IDEMP;GATE-09-SECURITY;GATE-11-OPS-AUDIT;GATE-15-GENERATOR;GATE-16-COMPATIBILITY;GATE-18-TEST-EVIDENCE;GATE-20-HYGIENE;GATE-21-TIME,STD-CISA-SBD;STD-NIST-SSDF;STD-OWASP-ASVS
CPF-WP-CMN-TEMPLATE-06-DATA_MIGRATION,CMN-TEMPLATE,GATE-01-OWNERSHIP;GATE-02-CONSUMER;GATE-05-DB-QUERY;GATE-06-STATE-IDEMP;GATE-11-OPS-AUDIT;GATE-15-GENERATOR;GATE-16-COMPATIBILITY;GATE-18-TEST-EVIDENCE;GATE-20-HYGIENE;GATE-21-TIME,STD-NIST-SSDF
CPF-WP-CMN-TEMPLATE-07-GENERATION_COMPATIBILITY,CMN-TEMPLATE,GATE-01-OWNERSHIP;GATE-02-CONSUMER;GATE-05-DB-QUERY;GATE-06-STATE-IDEMP;GATE-11-OPS-AUDIT;GATE-15-GENERATOR;GATE-16-COMPATIBILITY;GATE-18-TEST-EVIDENCE;GATE-20-HYGIENE;GATE-21-TIME,STD-NIST-SSDF
CPF-WP-DB-OWNERSHIP-01-CONTRACT_OWNERSHIP,DB-OWNERSHIP,GATE-01-OWNERSHIP;GATE-02-CONSUMER;GATE-05-DB-QUERY;GATE-18-TEST-EVIDENCE;GATE-20-HYGIENE,STD-NIST-SSDF
CPF-WP-DB-OWNERSHIP-02-IMPLEMENTATION_CONSUMER,DB-OWNERSHIP,GATE-01-OWNERSHIP;GATE-02-CONSUMER;GATE-05-DB-QUERY;GATE-18-TEST-EVIDENCE;GATE-20-HYGIENE,STD-NIST-SSDF
CPF-WP-DB-OWNERSHIP-03-VERIFICATION_EVIDENCE,DB-OWNERSHIP,GATE-01-OWNERSHIP;GATE-02-CONSUMER;GATE-05-DB-QUERY;GATE-18-TEST-EVIDENCE;GATE-20-HYGIENE,STD-NIST-SSDF
CPF-WP-DB-OWNERSHIP-04-OPERATIONS_SECURITY,DB-OWNERSHIP,GATE-01-OWNERSHIP;GATE-02-CONSUMER;GATE-05-DB-QUERY;GATE-09-SECURITY;GATE-11-OPS-AUDIT;GATE-18-TEST-EVIDENCE;GATE-20-HYGIENE,STD-CISA-SBD;STD-NIST-SSDF;STD-OWASP-ASVS
CPF-WP-DB-OWNERSHIP-05-DATA_MIGRATION,DB-OWNERSHIP,GATE-01-OWNERSHIP;GATE-02-CONSUMER;GATE-05-DB-QUERY;GATE-16-COMPATIBILITY;GATE-18-TEST-EVIDENCE;GATE-20-HYGIENE,STD-NIST-SSDF
CPF-WP-DB-INSTALL-01-CONTRACT_OWNERSHIP,DB-INSTALL,GATE-01-OWNERSHIP;GATE-02-CONSUMER;GATE-05-DB-QUERY;GATE-18-TEST-EVIDENCE;GATE-20-HYGIENE,STD-NIST-SSDF
CPF-WP-DB-INSTALL-02-IMPLEMENTATION_CONSUMER,DB-INSTALL,GATE-01-OWNERSHIP;GATE-02-CONSUMER;GATE-05-DB-QUERY;GATE-18-TEST-EVIDENCE;GATE-20-HYGIENE,STD-NIST-SSDF
CPF-WP-DB-INSTALL-03-VERIFICATION_EVIDENCE,DB-INSTALL,GATE-01-OWNERSHIP;GATE-02-CONSUMER;GATE-05-DB-QUERY;GATE-18-TEST-EVIDENCE;GATE-20-HYGIENE,STD-NIST-SSDF
CPF-WP-DB-INSTALL-04-DATA_MIGRATION,DB-INSTALL,GATE-01-OWNERSHIP;GATE-02-CONSUMER;GATE-05-DB-QUERY;GATE-16-COMPATIBILITY;GATE-18-TEST-EVIDENCE;GATE-20-HYGIENE,STD-NIST-SSDF
CPF-WP-DB-FRESH-01-CONTRACT_OWNERSHIP,DB-FRESH,GATE-01-OWNERSHIP;GATE-02-CONSUMER;GATE-05-DB-QUERY;GATE-08-UNKNOWN-RECOVERY;GATE-15-GENERATOR;GATE-16-COMPATIBILITY;GATE-18-TEST-EVIDENCE;GATE-20-HYGIENE,STD-NIST-SSDF
CPF-WP-DB-FRESH-02-IMPLEMENTATION_CONSUMER,DB-FRESH,GATE-01-OWNERSHIP;GATE-02-CONSUMER;GATE-05-DB-QUERY;GATE-08-UNKNOWN-RECOVERY;GATE-15-GENERATOR;GATE-16-COMPATIBILITY;GATE-18-TEST-EVIDENCE;GATE-20-HYGIENE,STD-NIST-SSDF
CPF-WP-DB-FRESH-03-VERIFICATION_EVIDENCE,DB-FRESH,GATE-01-OWNERSHIP;GATE-02-CONSUMER;GATE-05-DB-QUERY;GATE-08-UNKNOWN-RECOVERY;GATE-15-GENERATOR;GATE-16-COMPATIBILITY;GATE-18-TEST-EVIDENCE;GATE-20-HYGIENE,STD-NIST-SSDF
CPF-WP-DB-FRESH-04-FAILURE_RECOVERY,DB-FRESH,GATE-01-OWNERSHIP;GATE-02-CONSUMER;GATE-05-DB-QUERY;GATE-06-STATE-IDEMP;GATE-08-UNKNOWN-RECOVERY;GATE-15-GENERATOR;GATE-16-COMPATIBILITY;GATE-18-TEST-EVIDENCE;GATE-20-HYGIENE,STD-NIST-SSDF
CPF-WP-DB-FRESH-05-DATA_MIGRATION,DB-FRESH,GATE-01-OWNERSHIP;GATE-02-CONSUMER;GATE-05-DB-QUERY;GATE-08-UNKNOWN-RECOVERY;GATE-15-GENERATOR;GATE-16-COMPATIBILITY;GATE-18-TEST-EVIDENCE;GATE-20-HYGIENE,STD-NIST-SSDF
CPF-WP-DB-FRESH-06-GENERATION_COMPATIBILITY,DB-FRESH,GATE-01-OWNERSHIP;GATE-02-CONSUMER;GATE-05-DB-QUERY;GATE-08-UNKNOWN-RECOVERY;GATE-15-GENERATOR;GATE-16-COMPATIBILITY;GATE-18-TEST-EVIDENCE;GATE-20-HYGIENE,STD-NIST-SSDF
CPF-WP-DB-MIGRATION-01-CONTRACT_OWNERSHIP,DB-MIGRATION,GATE-01-OWNERSHIP;GATE-02-CONSUMER;GATE-05-DB-QUERY;GATE-08-UNKNOWN-RECOVERY;GATE-13-PERFORMANCE;GATE-16-COMPATIBILITY;GATE-18-TEST-EVIDENCE;GATE-20-HYGIENE,STD-NIST-SSDF
CPF-WP-DB-MIGRATION-02-IMPLEMENTATION_CONSUMER,DB-MIGRATION,GATE-01-OWNERSHIP;GATE-02-CONSUMER;GATE-05-DB-QUERY;GATE-08-UNKNOWN-RECOVERY;GATE-13-PERFORMANCE;GATE-16-COMPATIBILITY;GATE-18-TEST-EVIDENCE;GATE-20-HYGIENE,STD-NIST-SSDF
CPF-WP-DB-MIGRATION-03-VERIFICATION_EVIDENCE,DB-MIGRATION,GATE-01-OWNERSHIP;GATE-02-CONSUMER;GATE-05-DB-QUERY;GATE-08-UNKNOWN-RECOVERY;GATE-13-PERFORMANCE;GATE-16-COMPATIBILITY;GATE-18-TEST-EVIDENCE;GATE-20-HYGIENE,STD-NIST-SSDF
CPF-WP-DB-MIGRATION-04-FAILURE_RECOVERY,DB-MIGRATION,GATE-01-OWNERSHIP;GATE-02-CONSUMER;GATE-05-DB-QUERY;GATE-06-STATE-IDEMP;GATE-08-UNKNOWN-RECOVERY;GATE-13-PERFORMANCE;GATE-16-COMPATIBILITY;GATE-18-TEST-EVIDENCE;GATE-20-HYGIENE,STD-NIST-SSDF
CPF-WP-DB-MIGRATION-05-DATA_MIGRATION,DB-MIGRATION,GATE-01-OWNERSHIP;GATE-02-CONSUMER;GATE-05-DB-QUERY;GATE-08-UNKNOWN-RECOVERY;GATE-13-PERFORMANCE;GATE-16-COMPATIBILITY;GATE-18-TEST-EVIDENCE;GATE-20-HYGIENE,STD-NIST-SSDF
CPF-WP-DB-MIGRATION-06-GENERATION_COMPATIBILITY,DB-MIGRATION,GATE-01-OWNERSHIP;GATE-02-CONSUMER;GATE-05-DB-QUERY;GATE-08-UNKNOWN-RECOVERY;GATE-13-PERFORMANCE;GATE-15-GENERATOR;GATE-16-COMPATIBILITY;GATE-18-TEST-EVIDENCE;GATE-20-HYGIENE,STD-NIST-SSDF
CPF-WP-DB-ROLLBACK-01-CONTRACT_OWNERSHIP,DB-ROLLBACK,GATE-01-OWNERSHIP;GATE-02-CONSUMER;GATE-05-DB-QUERY;GATE-08-UNKNOWN-RECOVERY;GATE-16-COMPATIBILITY;GATE-18-TEST-EVIDENCE;GATE-20-HYGIENE,STD-NIST-SSDF
CPF-WP-DB-ROLLBACK-02-IMPLEMENTATION_CONSUMER,DB-ROLLBACK,GATE-01-OWNERSHIP;GATE-02-CONSUMER;GATE-05-DB-QUERY;GATE-08-UNKNOWN-RECOVERY;GATE-16-COMPATIBILITY;GATE-18-TEST-EVIDENCE;GATE-20-HYGIENE,STD-NIST-SSDF
CPF-WP-DB-ROLLBACK-03-VERIFICATION_EVIDENCE,DB-ROLLBACK,GATE-01-OWNERSHIP;GATE-02-CONSUMER;GATE-05-DB-QUERY;GATE-08-UNKNOWN-RECOVERY;GATE-16-COMPATIBILITY;GATE-18-TEST-EVIDENCE;GATE-20-HYGIENE,STD-NIST-SSDF
CPF-WP-DB-ROLLBACK-04-FAILURE_RECOVERY,DB-ROLLBACK,GATE-01-OWNERSHIP;GATE-02-CONSUMER;GATE-05-DB-QUERY;GATE-06-STATE-IDEMP;GATE-08-UNKNOWN-RECOVERY;GATE-16-COMPATIBILITY;GATE-18-TEST-EVIDENCE;GATE-20-HYGIENE,STD-NIST-SSDF
CPF-WP-DB-ROLLBACK-05-DATA_MIGRATION,DB-ROLLBACK,GATE-01-OWNERSHIP;GATE-02-CONSUMER;GATE-05-DB-QUERY;GATE-08-UNKNOWN-RECOVERY;GATE-16-COMPATIBILITY;GATE-18-TEST-EVIDENCE;GATE-20-HYGIENE,STD-NIST-SSDF
CPF-WP-DB-BACKUP-01-CONTRACT_OWNERSHIP,DB-BACKUP,GATE-01-OWNERSHIP;GATE-02-CONSUMER;GATE-05-DB-QUERY;GATE-10-CRYPTO-PRIVACY;GATE-18-TEST-EVIDENCE;GATE-20-HYGIENE,STD-NIST-SSDF
CPF-WP-DB-BACKUP-02-IMPLEMENTATION_CONSUMER,DB-BACKUP,GATE-01-OWNERSHIP;GATE-02-CONSUMER;GATE-05-DB-QUERY;GATE-10-CRYPTO-PRIVACY;GATE-18-TEST-EVIDENCE;GATE-20-HYGIENE,STD-NIST-SSDF
CPF-WP-DB-BACKUP-03-VERIFICATION_EVIDENCE,DB-BACKUP,GATE-01-OWNERSHIP;GATE-02-CONSUMER;GATE-05-DB-QUERY;GATE-10-CRYPTO-PRIVACY;GATE-18-TEST-EVIDENCE;GATE-20-HYGIENE,STD-NIST-SSDF
CPF-WP-DB-BACKUP-04-FAILURE_RECOVERY,DB-BACKUP,GATE-01-OWNERSHIP;GATE-02-CONSUMER;GATE-05-DB-QUERY;GATE-06-STATE-IDEMP;GATE-08-UNKNOWN-RECOVERY;GATE-10-CRYPTO-PRIVACY;GATE-18-TEST-EVIDENCE;GATE-20-HYGIENE,STD-NIST-SSDF
CPF-WP-DB-BACKUP-05-DATA_MIGRATION,DB-BACKUP,GATE-01-OWNERSHIP;GATE-02-CONSUMER;GATE-05-DB-QUERY;GATE-10-CRYPTO-PRIVACY;GATE-16-COMPATIBILITY;GATE-18-TEST-EVIDENCE;GATE-20-HYGIENE,STD-NIST-SSDF
CPF-WP-DB-MULTI-VENDOR-01-CONTRACT_OWNERSHIP,DB-MULTI-VENDOR,GATE-01-OWNERSHIP;GATE-02-CONSUMER;GATE-05-DB-QUERY;GATE-08-UNKNOWN-RECOVERY;GATE-16-COMPATIBILITY;GATE-18-TEST-EVIDENCE;GATE-20-HYGIENE,STD-NIST-SSDF
CPF-WP-DB-MULTI-VENDOR-02-IMPLEMENTATION_CONSUMER,DB-MULTI-VENDOR,GATE-01-OWNERSHIP;GATE-02-CONSUMER;GATE-05-DB-QUERY;GATE-08-UNKNOWN-RECOVERY;GATE-16-COMPATIBILITY;GATE-18-TEST-EVIDENCE;GATE-20-HYGIENE,STD-NIST-SSDF
CPF-WP-DB-MULTI-VENDOR-03-VERIFICATION_EVIDENCE,DB-MULTI-VENDOR,GATE-01-OWNERSHIP;GATE-02-CONSUMER;GATE-05-DB-QUERY;GATE-08-UNKNOWN-RECOVERY;GATE-16-COMPATIBILITY;GATE-18-TEST-EVIDENCE;GATE-20-HYGIENE,STD-NIST-SSDF
CPF-WP-DB-MULTI-VENDOR-04-FAILURE_RECOVERY,DB-MULTI-VENDOR,GATE-01-OWNERSHIP;GATE-02-CONSUMER;GATE-05-DB-QUERY;GATE-06-STATE-IDEMP;GATE-08-UNKNOWN-RECOVERY;GATE-16-COMPATIBILITY;GATE-18-TEST-EVIDENCE;GATE-20-HYGIENE,STD-NIST-SSDF
CPF-WP-DB-MULTI-VENDOR-05-DATA_MIGRATION,DB-MULTI-VENDOR,GATE-01-OWNERSHIP;GATE-02-CONSUMER;GATE-05-DB-QUERY;GATE-08-UNKNOWN-RECOVERY;GATE-16-COMPATIBILITY;GATE-18-TEST-EVIDENCE;GATE-20-HYGIENE,STD-NIST-SSDF
CPF-WP-DB-SQL-01-CONTRACT_OWNERSHIP,DB-SQL,GATE-01-OWNERSHIP;GATE-02-CONSUMER;GATE-05-DB-QUERY;GATE-13-PERFORMANCE;GATE-18-TEST-EVIDENCE;GATE-20-HYGIENE,STD-NIST-SSDF
CPF-WP-DB-SQL-02-IMPLEMENTATION_CONSUMER,DB-SQL,GATE-01-OWNERSHIP;GATE-02-CONSUMER;GATE-05-DB-QUERY;GATE-13-PERFORMANCE;GATE-18-TEST-EVIDENCE;GATE-20-HYGIENE,STD-NIST-SSDF
CPF-WP-DB-SQL-03-VERIFICATION_EVIDENCE,DB-SQL,GATE-01-OWNERSHIP;GATE-02-CONSUMER;GATE-05-DB-QUERY;GATE-13-PERFORMANCE;GATE-18-TEST-EVIDENCE;GATE-20-HYGIENE,STD-NIST-SSDF
CPF-WP-DB-SQL-04-DATA_MIGRATION,DB-SQL,GATE-01-OWNERSHIP;GATE-02-CONSUMER;GATE-05-DB-QUERY;GATE-13-PERFORMANCE;GATE-16-COMPATIBILITY;GATE-18-TEST-EVIDENCE;GATE-20-HYGIENE,STD-NIST-SSDF
CPF-WP-DB-PERF-01-CONTRACT_OWNERSHIP,DB-PERF,GATE-01-OWNERSHIP;GATE-02-CONSUMER;GATE-05-DB-QUERY;GATE-12-OBSERVABILITY;GATE-13-PERFORMANCE;GATE-18-TEST-EVIDENCE;GATE-20-HYGIENE,STD-NIST-SSDF;STD-OTEL;STD-TRACE
CPF-WP-DB-PERF-02-IMPLEMENTATION_CONSUMER,DB-PERF,GATE-01-OWNERSHIP;GATE-02-CONSUMER;GATE-05-DB-QUERY;GATE-12-OBSERVABILITY;GATE-13-PERFORMANCE;GATE-18-TEST-EVIDENCE;GATE-20-HYGIENE,STD-NIST-SSDF;STD-OTEL;STD-TRACE
CPF-WP-DB-PERF-03-VERIFICATION_EVIDENCE,DB-PERF,GATE-01-OWNERSHIP;GATE-02-CONSUMER;GATE-05-DB-QUERY;GATE-12-OBSERVABILITY;GATE-13-PERFORMANCE;GATE-18-TEST-EVIDENCE;GATE-20-HYGIENE,STD-NIST-SSDF;STD-OTEL;STD-TRACE
CPF-WP-DB-PERF-04-FAILURE_RECOVERY,DB-PERF,GATE-01-OWNERSHIP;GATE-02-CONSUMER;GATE-05-DB-QUERY;GATE-06-STATE-IDEMP;GATE-08-UNKNOWN-RECOVERY;GATE-12-OBSERVABILITY;GATE-13-PERFORMANCE;GATE-18-TEST-EVIDENCE;GATE-20-HYGIENE,STD-NIST-SSDF;STD-OTEL;STD-TRACE
CPF-WP-DB-PERF-05-DATA_MIGRATION,DB-PERF,GATE-01-OWNERSHIP;GATE-02-CONSUMER;GATE-05-DB-QUERY;GATE-12-OBSERVABILITY;GATE-13-PERFORMANCE;GATE-16-COMPATIBILITY;GATE-18-TEST-EVIDENCE;GATE-20-HYGIENE,STD-NIST-SSDF;STD-OTEL;STD-TRACE
CPF-WP-DB-MULTI-01-CONTRACT_OWNERSHIP,DB-MULTI,GATE-01-OWNERSHIP;GATE-02-CONSUMER;GATE-05-DB-QUERY;GATE-06-STATE-IDEMP;GATE-07-MULTI-INSTANCE;GATE-08-UNKNOWN-RECOVERY;GATE-18-TEST-EVIDENCE;GATE-20-HYGIENE,STD-NIST-SSDF
CPF-WP-DB-MULTI-02-IMPLEMENTATION_CONSUMER,DB-MULTI,GATE-01-OWNERSHIP;GATE-02-CONSUMER;GATE-05-DB-QUERY;GATE-06-STATE-IDEMP;GATE-07-MULTI-INSTANCE;GATE-08-UNKNOWN-RECOVERY;GATE-18-TEST-EVIDENCE;GATE-20-HYGIENE,STD-NIST-SSDF
CPF-WP-DB-MULTI-03-VERIFICATION_EVIDENCE,DB-MULTI,GATE-01-OWNERSHIP;GATE-02-CONSUMER;GATE-05-DB-QUERY;GATE-06-STATE-IDEMP;GATE-07-MULTI-INSTANCE;GATE-08-UNKNOWN-RECOVERY;GATE-18-TEST-EVIDENCE;GATE-20-HYGIENE,STD-NIST-SSDF
CPF-WP-DB-MULTI-04-FAILURE_RECOVERY,DB-MULTI,GATE-01-OWNERSHIP;GATE-02-CONSUMER;GATE-05-DB-QUERY;GATE-06-STATE-IDEMP;GATE-07-MULTI-INSTANCE;GATE-08-UNKNOWN-RECOVERY;GATE-18-TEST-EVIDENCE;GATE-20-HYGIENE,STD-NIST-SSDF
CPF-WP-DB-MULTI-05-DATA_MIGRATION,DB-MULTI,GATE-01-OWNERSHIP;GATE-02-CONSUMER;GATE-05-DB-QUERY;GATE-06-STATE-IDEMP;GATE-07-MULTI-INSTANCE;GATE-08-UNKNOWN-RECOVERY;GATE-16-COMPATIBILITY;GATE-18-TEST-EVIDENCE;GATE-20-HYGIENE,STD-NIST-SSDF
CPF-WP-DATA-LINEAGE-01-CONTRACT_OWNERSHIP,DATA-LINEAGE,GATE-01-OWNERSHIP;GATE-02-CONSUMER;GATE-05-DB-QUERY;GATE-11-OPS-AUDIT;GATE-18-TEST-EVIDENCE;GATE-20-HYGIENE;GATE-21-TIME,STD-NIST-SSDF
CPF-WP-DATA-LINEAGE-02-IMPLEMENTATION_CONSUMER,DATA-LINEAGE,GATE-01-OWNERSHIP;GATE-02-CONSUMER;GATE-05-DB-QUERY;GATE-11-OPS-AUDIT;GATE-18-TEST-EVIDENCE;GATE-20-HYGIENE;GATE-21-TIME,STD-NIST-SSDF
CPF-WP-DATA-LINEAGE-03-VERIFICATION_EVIDENCE,DATA-LINEAGE,GATE-01-OWNERSHIP;GATE-02-CONSUMER;GATE-05-DB-QUERY;GATE-11-OPS-AUDIT;GATE-18-TEST-EVIDENCE;GATE-20-HYGIENE;GATE-21-TIME,STD-NIST-SSDF
CPF-WP-DATA-LINEAGE-04-OPERATIONS_SECURITY,DATA-LINEAGE,GATE-01-OWNERSHIP;GATE-02-CONSUMER;GATE-05-DB-QUERY;GATE-09-SECURITY;GATE-11-OPS-AUDIT;GATE-18-TEST-EVIDENCE;GATE-20-HYGIENE;GATE-21-TIME,STD-CISA-SBD;STD-NIST-SSDF;STD-OWASP-ASVS
CPF-WP-DATA-LINEAGE-05-DATA_MIGRATION,DATA-LINEAGE,GATE-01-OWNERSHIP;GATE-02-CONSUMER;GATE-05-DB-QUERY;GATE-11-OPS-AUDIT;GATE-16-COMPATIBILITY;GATE-18-TEST-EVIDENCE;GATE-20-HYGIENE;GATE-21-TIME,STD-NIST-SSDF
CPF-WP-DATA-RETENTION-01-CONTRACT_OWNERSHIP,DATA-RETENTION,GATE-01-OWNERSHIP;GATE-02-CONSUMER;GATE-05-DB-QUERY;GATE-18-TEST-EVIDENCE;GATE-20-HYGIENE,STD-NIST-SSDF
CPF-WP-DATA-RETENTION-02-IMPLEMENTATION_CONSUMER,DATA-RETENTION,GATE-01-OWNERSHIP;GATE-02-CONSUMER;GATE-05-DB-QUERY;GATE-18-TEST-EVIDENCE;GATE-20-HYGIENE,STD-NIST-SSDF
CPF-WP-DATA-RETENTION-03-VERIFICATION_EVIDENCE,DATA-RETENTION,GATE-01-OWNERSHIP;GATE-02-CONSUMER;GATE-05-DB-QUERY;GATE-18-TEST-EVIDENCE;GATE-20-HYGIENE,STD-NIST-SSDF
CPF-WP-DATA-RETENTION-04-FAILURE_RECOVERY,DATA-RETENTION,GATE-01-OWNERSHIP;GATE-02-CONSUMER;GATE-05-DB-QUERY;GATE-06-STATE-IDEMP;GATE-08-UNKNOWN-RECOVERY;GATE-18-TEST-EVIDENCE;GATE-20-HYGIENE,STD-NIST-SSDF
CPF-WP-DATA-RETENTION-05-DATA_MIGRATION,DATA-RETENTION,GATE-01-OWNERSHIP;GATE-02-CONSUMER;GATE-05-DB-QUERY;GATE-16-COMPATIBILITY;GATE-18-TEST-EVIDENCE;GATE-20-HYGIENE,STD-NIST-SSDF
CPF-WP-GWY-ENTRY-01-CONTRACT_OWNERSHIP,GWY-ENTRY,GATE-01-OWNERSHIP;GATE-02-CONSUMER;GATE-03-HTTP-API;GATE-18-TEST-EVIDENCE;GATE-20-HYGIENE,STD-NIST-SSDF;STD-OAS;STD-OWASP-API;STD-RFC9457
CPF-WP-GWY-ENTRY-02-IMPLEMENTATION_CONSUMER,GWY-ENTRY,GATE-01-OWNERSHIP;GATE-02-CONSUMER;GATE-03-HTTP-API;GATE-18-TEST-EVIDENCE;GATE-20-HYGIENE,STD-NIST-SSDF;STD-OAS;STD-OWASP-API;STD-RFC9457
CPF-WP-GWY-ENTRY-03-VERIFICATION_EVIDENCE,GWY-ENTRY,GATE-01-OWNERSHIP;GATE-02-CONSUMER;GATE-03-HTTP-API;GATE-18-TEST-EVIDENCE;GATE-20-HYGIENE,STD-NIST-SSDF;STD-OAS;STD-OWASP-API;STD-RFC9457
CPF-WP-GWY-ENTRY-04-FAILURE_RECOVERY,GWY-ENTRY,GATE-01-OWNERSHIP;GATE-02-CONSUMER;GATE-03-HTTP-API;GATE-06-STATE-IDEMP;GATE-08-UNKNOWN-RECOVERY;GATE-18-TEST-EVIDENCE;GATE-20-HYGIENE,STD-NIST-SSDF;STD-OAS;STD-OWASP-API;STD-RFC9457
CPF-WP-GWY-ENTRY-05-DATA_MIGRATION,GWY-ENTRY,GATE-01-OWNERSHIP;GATE-02-CONSUMER;GATE-03-HTTP-API;GATE-05-DB-QUERY;GATE-16-COMPATIBILITY;GATE-18-TEST-EVIDENCE;GATE-20-HYGIENE,STD-NIST-SSDF;STD-OAS;STD-OWASP-API;STD-RFC9457
CPF-WP-GWY-ROUTING-01-CONTRACT_OWNERSHIP,GWY-ROUTING,GATE-01-OWNERSHIP;GATE-02-CONSUMER;GATE-03-HTTP-API;GATE-05-DB-QUERY;GATE-07-MULTI-INSTANCE;GATE-16-COMPATIBILITY;GATE-18-TEST-EVIDENCE;GATE-20-HYGIENE,STD-NIST-SSDF;STD-OAS;STD-OWASP-API;STD-RFC9457
CPF-WP-GWY-ROUTING-02-IMPLEMENTATION_CONSUMER,GWY-ROUTING,GATE-01-OWNERSHIP;GATE-02-CONSUMER;GATE-03-HTTP-API;GATE-05-DB-QUERY;GATE-07-MULTI-INSTANCE;GATE-16-COMPATIBILITY;GATE-18-TEST-EVIDENCE;GATE-20-HYGIENE,STD-NIST-SSDF;STD-OAS;STD-OWASP-API;STD-RFC9457
CPF-WP-GWY-ROUTING-03-VERIFICATION_EVIDENCE,GWY-ROUTING,GATE-01-OWNERSHIP;GATE-02-CONSUMER;GATE-03-HTTP-API;GATE-05-DB-QUERY;GATE-07-MULTI-INSTANCE;GATE-16-COMPATIBILITY;GATE-18-TEST-EVIDENCE;GATE-20-HYGIENE,STD-NIST-SSDF;STD-OAS;STD-OWASP-API;STD-RFC9457
CPF-WP-GWY-ROUTING-04-FAILURE_RECOVERY,GWY-ROUTING,GATE-01-OWNERSHIP;GATE-02-CONSUMER;GATE-03-HTTP-API;GATE-05-DB-QUERY;GATE-06-STATE-IDEMP;GATE-07-MULTI-INSTANCE;GATE-08-UNKNOWN-RECOVERY;GATE-16-COMPATIBILITY;GATE-18-TEST-EVIDENCE;GATE-20-HYGIENE,STD-NIST-SSDF;STD-OAS;STD-OWASP-API;STD-RFC9457
CPF-WP-GWY-ROUTING-05-DATA_MIGRATION,GWY-ROUTING,GATE-01-OWNERSHIP;GATE-02-CONSUMER;GATE-03-HTTP-API;GATE-05-DB-QUERY;GATE-07-MULTI-INSTANCE;GATE-16-COMPATIBILITY;GATE-18-TEST-EVIDENCE;GATE-20-HYGIENE,STD-NIST-SSDF;STD-OAS;STD-OWASP-API;STD-RFC9457
CPF-WP-GWY-ROUTING-06-GENERATION_COMPATIBILITY,GWY-ROUTING,GATE-01-OWNERSHIP;GATE-02-CONSUMER;GATE-03-HTTP-API;GATE-05-DB-QUERY;GATE-07-MULTI-INSTANCE;GATE-15-GENERATOR;GATE-16-COMPATIBILITY;GATE-18-TEST-EVIDENCE;GATE-20-HYGIENE,STD-NIST-SSDF;STD-OAS;STD-OWASP-API;STD-RFC9457
CPF-WP-GWY-TRUST-01-CONTRACT_OWNERSHIP,GWY-TRUST,GATE-01-OWNERSHIP;GATE-02-CONSUMER;GATE-03-HTTP-API;GATE-09-SECURITY;GATE-18-TEST-EVIDENCE;GATE-20-HYGIENE,STD-CISA-SBD;STD-NIST-SSDF;STD-OAS;STD-OWASP-API;STD-OWASP-ASVS;STD-RFC9457
CPF-WP-GWY-TRUST-02-IMPLEMENTATION_CONSUMER,GWY-TRUST,GATE-01-OWNERSHIP;GATE-02-CONSUMER;GATE-03-HTTP-API;GATE-09-SECURITY;GATE-18-TEST-EVIDENCE;GATE-20-HYGIENE,STD-CISA-SBD;STD-NIST-SSDF;STD-OAS;STD-OWASP-API;STD-OWASP-ASVS;STD-RFC9457
CPF-WP-GWY-TRUST-03-VERIFICATION_EVIDENCE,GWY-TRUST,GATE-01-OWNERSHIP;GATE-02-CONSUMER;GATE-03-HTTP-API;GATE-09-SECURITY;GATE-18-TEST-EVIDENCE;GATE-20-HYGIENE,STD-CISA-SBD;STD-NIST-SSDF;STD-OAS;STD-OWASP-API;STD-OWASP-ASVS;STD-RFC9457
CPF-WP-GWY-TRUST-04-FAILURE_RECOVERY,GWY-TRUST,GATE-01-OWNERSHIP;GATE-02-CONSUMER;GATE-03-HTTP-API;GATE-06-STATE-IDEMP;GATE-08-UNKNOWN-RECOVERY;GATE-09-SECURITY;GATE-18-TEST-EVIDENCE;GATE-20-HYGIENE,STD-CISA-SBD;STD-NIST-SSDF;STD-OAS;STD-OWASP-API;STD-OWASP-ASVS;STD-RFC9457
CPF-WP-GWY-RESILIENCE-01-CONTRACT_OWNERSHIP,GWY-RESILIENCE,GATE-01-OWNERSHIP;GATE-02-CONSUMER;GATE-03-HTTP-API;GATE-06-STATE-IDEMP;GATE-07-MULTI-INSTANCE;GATE-08-UNKNOWN-RECOVERY;GATE-13-PERFORMANCE;GATE-18-TEST-EVIDENCE;GATE-20-HYGIENE;GATE-21-TIME,STD-NIST-SSDF;STD-OAS;STD-OWASP-API;STD-RFC9457
CPF-WP-GWY-RESILIENCE-02-IMPLEMENTATION_CONSUMER,GWY-RESILIENCE,GATE-01-OWNERSHIP;GATE-02-CONSUMER;GATE-03-HTTP-API;GATE-06-STATE-IDEMP;GATE-07-MULTI-INSTANCE;GATE-08-UNKNOWN-RECOVERY;GATE-13-PERFORMANCE;GATE-18-TEST-EVIDENCE;GATE-20-HYGIENE;GATE-21-TIME,STD-NIST-SSDF;STD-OAS;STD-OWASP-API;STD-RFC9457
CPF-WP-GWY-RESILIENCE-03-VERIFICATION_EVIDENCE,GWY-RESILIENCE,GATE-01-OWNERSHIP;GATE-02-CONSUMER;GATE-03-HTTP-API;GATE-06-STATE-IDEMP;GATE-07-MULTI-INSTANCE;GATE-08-UNKNOWN-RECOVERY;GATE-13-PERFORMANCE;GATE-18-TEST-EVIDENCE;GATE-20-HYGIENE;GATE-21-TIME,STD-NIST-SSDF;STD-OAS;STD-OWASP-API;STD-RFC9457
CPF-WP-GWY-RESILIENCE-04-FAILURE_RECOVERY,GWY-RESILIENCE,GATE-01-OWNERSHIP;GATE-02-CONSUMER;GATE-03-HTTP-API;GATE-06-STATE-IDEMP;GATE-07-MULTI-INSTANCE;GATE-08-UNKNOWN-RECOVERY;GATE-13-PERFORMANCE;GATE-18-TEST-EVIDENCE;GATE-20-HYGIENE;GATE-21-TIME,STD-NIST-SSDF;STD-OAS;STD-OWASP-API;STD-RFC9457
CPF-WP-API-LIMIT-01-CONTRACT_OWNERSHIP,API-LIMIT,GATE-01-OWNERSHIP;GATE-02-CONSUMER;GATE-03-HTTP-API;GATE-06-STATE-IDEMP;GATE-13-PERFORMANCE;GATE-18-TEST-EVIDENCE;GATE-20-HYGIENE,STD-NIST-SSDF;STD-OAS;STD-OWASP-API;STD-RFC9457
CPF-WP-API-LIMIT-02-IMPLEMENTATION_CONSUMER,API-LIMIT,GATE-01-OWNERSHIP;GATE-02-CONSUMER;GATE-03-HTTP-API;GATE-06-STATE-IDEMP;GATE-13-PERFORMANCE;GATE-18-TEST-EVIDENCE;GATE-20-HYGIENE,STD-NIST-SSDF;STD-OAS;STD-OWASP-API;STD-RFC9457
CPF-WP-API-LIMIT-03-VERIFICATION_EVIDENCE,API-LIMIT,GATE-01-OWNERSHIP;GATE-02-CONSUMER;GATE-03-HTTP-API;GATE-06-STATE-IDEMP;GATE-13-PERFORMANCE;GATE-18-TEST-EVIDENCE;GATE-20-HYGIENE,STD-NIST-SSDF;STD-OAS;STD-OWASP-API;STD-RFC9457
CPF-WP-API-LIMIT-04-FAILURE_RECOVERY,API-LIMIT,GATE-01-OWNERSHIP;GATE-02-CONSUMER;GATE-03-HTTP-API;GATE-06-STATE-IDEMP;GATE-08-UNKNOWN-RECOVERY;GATE-13-PERFORMANCE;GATE-18-TEST-EVIDENCE;GATE-20-HYGIENE,STD-NIST-SSDF;STD-OAS;STD-OWASP-API;STD-RFC9457
CPF-WP-EXS-INST-01-CONTRACT_OWNERSHIP,EXS-INST,GATE-01-OWNERSHIP;GATE-02-CONSUMER;GATE-13-PERFORMANCE;GATE-15-GENERATOR;GATE-18-TEST-EVIDENCE;GATE-20-HYGIENE,STD-NIST-SSDF
CPF-WP-EXS-INST-02-IMPLEMENTATION_CONSUMER,EXS-INST,GATE-01-OWNERSHIP;GATE-02-CONSUMER;GATE-13-PERFORMANCE;GATE-15-GENERATOR;GATE-18-TEST-EVIDENCE;GATE-20-HYGIENE,STD-NIST-SSDF
CPF-WP-EXS-INST-03-VERIFICATION_EVIDENCE,EXS-INST,GATE-01-OWNERSHIP;GATE-02-CONSUMER;GATE-13-PERFORMANCE;GATE-15-GENERATOR;GATE-18-TEST-EVIDENCE;GATE-20-HYGIENE,STD-NIST-SSDF
CPF-WP-EXS-INST-04-FAILURE_RECOVERY,EXS-INST,GATE-01-OWNERSHIP;GATE-02-CONSUMER;GATE-06-STATE-IDEMP;GATE-08-UNKNOWN-RECOVERY;GATE-13-PERFORMANCE;GATE-15-GENERATOR;GATE-18-TEST-EVIDENCE;GATE-20-HYGIENE,STD-NIST-SSDF
CPF-WP-EXS-INST-05-GENERATION_COMPATIBILITY,EXS-INST,GATE-01-OWNERSHIP;GATE-02-CONSUMER;GATE-13-PERFORMANCE;GATE-15-GENERATOR;GATE-16-COMPATIBILITY;GATE-18-TEST-EVIDENCE;GATE-20-HYGIENE,STD-NIST-SSDF
CPF-WP-EXS-REST-01-CONTRACT_OWNERSHIP,EXS-REST,GATE-01-OWNERSHIP;GATE-02-CONSUMER;GATE-05-DB-QUERY;GATE-06-STATE-IDEMP;GATE-09-SECURITY;GATE-11-OPS-AUDIT;GATE-13-PERFORMANCE;GATE-15-GENERATOR;GATE-18-TEST-EVIDENCE;GATE-20-HYGIENE;GATE-21-TIME,STD-CISA-SBD;STD-NIST-SSDF;STD-OWASP-ASVS
CPF-WP-EXS-REST-02-IMPLEMENTATION_CONSUMER,EXS-REST,GATE-01-OWNERSHIP;GATE-02-CONSUMER;GATE-05-DB-QUERY;GATE-06-STATE-IDEMP;GATE-09-SECURITY;GATE-11-OPS-AUDIT;GATE-13-PERFORMANCE;GATE-15-GENERATOR;GATE-18-TEST-EVIDENCE;GATE-20-HYGIENE;GATE-21-TIME,STD-CISA-SBD;STD-NIST-SSDF;STD-OWASP-ASVS
CPF-WP-EXS-REST-03-VERIFICATION_EVIDENCE,EXS-REST,GATE-01-OWNERSHIP;GATE-02-CONSUMER;GATE-05-DB-QUERY;GATE-06-STATE-IDEMP;GATE-09-SECURITY;GATE-11-OPS-AUDIT;GATE-13-PERFORMANCE;GATE-15-GENERATOR;GATE-18-TEST-EVIDENCE;GATE-20-HYGIENE;GATE-21-TIME,STD-CISA-SBD;STD-NIST-SSDF;STD-OWASP-ASVS
CPF-WP-EXS-REST-04-FAILURE_RECOVERY,EXS-REST,GATE-01-OWNERSHIP;GATE-02-CONSUMER;GATE-05-DB-QUERY;GATE-06-STATE-IDEMP;GATE-08-UNKNOWN-RECOVERY;GATE-09-SECURITY;GATE-11-OPS-AUDIT;GATE-13-PERFORMANCE;GATE-15-GENERATOR;GATE-18-TEST-EVIDENCE;GATE-20-HYGIENE;GATE-21-TIME,STD-CISA-SBD;STD-NIST-SSDF;STD-OWASP-ASVS
CPF-WP-EXS-REST-05-OPERATIONS_SECURITY,EXS-REST,GATE-01-OWNERSHIP;GATE-02-CONSUMER;GATE-05-DB-QUERY;GATE-06-STATE-IDEMP;GATE-09-SECURITY;GATE-11-OPS-AUDIT;GATE-13-PERFORMANCE;GATE-15-GENERATOR;GATE-18-TEST-EVIDENCE;GATE-20-HYGIENE;GATE-21-TIME,STD-CISA-SBD;STD-NIST-SSDF;STD-OWASP-ASVS
CPF-WP-EXS-REST-06-DATA_MIGRATION,EXS-REST,GATE-01-OWNERSHIP;GATE-02-CONSUMER;GATE-05-DB-QUERY;GATE-06-STATE-IDEMP;GATE-09-SECURITY;GATE-11-OPS-AUDIT;GATE-13-PERFORMANCE;GATE-15-GENERATOR;GATE-16-COMPATIBILITY;GATE-18-TEST-EVIDENCE;GATE-20-HYGIENE;GATE-21-TIME,STD-CISA-SBD;STD-NIST-SSDF;STD-OWASP-ASVS
CPF-WP-EXS-FIXED-01-CONTRACT_OWNERSHIP,EXS-FIXED,GATE-01-OWNERSHIP;GATE-02-CONSUMER;GATE-13-PERFORMANCE;GATE-15-GENERATOR;GATE-16-COMPATIBILITY;GATE-18-TEST-EVIDENCE;GATE-20-HYGIENE,STD-NIST-SSDF
CPF-WP-EXS-FIXED-02-IMPLEMENTATION_CONSUMER,EXS-FIXED,GATE-01-OWNERSHIP;GATE-02-CONSUMER;GATE-13-PERFORMANCE;GATE-15-GENERATOR;GATE-16-COMPATIBILITY;GATE-18-TEST-EVIDENCE;GATE-20-HYGIENE,STD-NIST-SSDF
CPF-WP-EXS-FIXED-03-VERIFICATION_EVIDENCE,EXS-FIXED,GATE-01-OWNERSHIP;GATE-02-CONSUMER;GATE-13-PERFORMANCE;GATE-15-GENERATOR;GATE-16-COMPATIBILITY;GATE-18-TEST-EVIDENCE;GATE-20-HYGIENE,STD-NIST-SSDF
CPF-WP-EXS-FIXED-04-FAILURE_RECOVERY,EXS-FIXED,GATE-01-OWNERSHIP;GATE-02-CONSUMER;GATE-06-STATE-IDEMP;GATE-08-UNKNOWN-RECOVERY;GATE-13-PERFORMANCE;GATE-15-GENERATOR;GATE-16-COMPATIBILITY;GATE-18-TEST-EVIDENCE;GATE-20-HYGIENE,STD-NIST-SSDF
CPF-WP-EXS-FIXED-05-GENERATION_COMPATIBILITY,EXS-FIXED,GATE-01-OWNERSHIP;GATE-02-CONSUMER;GATE-13-PERFORMANCE;GATE-15-GENERATOR;GATE-16-COMPATIBILITY;GATE-18-TEST-EVIDENCE;GATE-20-HYGIENE,STD-NIST-SSDF
CPF-WP-EXS-SEC-01-CONTRACT_OWNERSHIP,EXS-SEC,GATE-01-OWNERSHIP;GATE-02-CONSUMER;GATE-09-SECURITY;GATE-10-CRYPTO-PRIVACY;GATE-13-PERFORMANCE;GATE-15-GENERATOR;GATE-18-TEST-EVIDENCE;GATE-20-HYGIENE,STD-CISA-SBD;STD-NIST-SSDF;STD-OWASP-ASVS
CPF-WP-EXS-SEC-02-IMPLEMENTATION_CONSUMER,EXS-SEC,GATE-01-OWNERSHIP;GATE-02-CONSUMER;GATE-09-SECURITY;GATE-10-CRYPTO-PRIVACY;GATE-13-PERFORMANCE;GATE-15-GENERATOR;GATE-18-TEST-EVIDENCE;GATE-20-HYGIENE,STD-CISA-SBD;STD-NIST-SSDF;STD-OWASP-ASVS
CPF-WP-EXS-SEC-03-VERIFICATION_EVIDENCE,EXS-SEC,GATE-01-OWNERSHIP;GATE-02-CONSUMER;GATE-09-SECURITY;GATE-10-CRYPTO-PRIVACY;GATE-13-PERFORMANCE;GATE-15-GENERATOR;GATE-18-TEST-EVIDENCE;GATE-20-HYGIENE,STD-CISA-SBD;STD-NIST-SSDF;STD-OWASP-ASVS
CPF-WP-EXS-SEC-04-FAILURE_RECOVERY,EXS-SEC,GATE-01-OWNERSHIP;GATE-02-CONSUMER;GATE-06-STATE-IDEMP;GATE-08-UNKNOWN-RECOVERY;GATE-09-SECURITY;GATE-10-CRYPTO-PRIVACY;GATE-13-PERFORMANCE;GATE-15-GENERATOR;GATE-18-TEST-EVIDENCE;GATE-20-HYGIENE,STD-CISA-SBD;STD-NIST-SSDF;STD-OWASP-ASVS
CPF-WP-EXS-SEC-05-OPERATIONS_SECURITY,EXS-SEC,GATE-01-OWNERSHIP;GATE-02-CONSUMER;GATE-09-SECURITY;GATE-10-CRYPTO-PRIVACY;GATE-11-OPS-AUDIT;GATE-13-PERFORMANCE;GATE-15-GENERATOR;GATE-18-TEST-EVIDENCE;GATE-20-HYGIENE,STD-CISA-SBD;STD-NIST-SSDF;STD-OWASP-ASVS
CPF-WP-EXS-FILE-01-CONTRACT_OWNERSHIP,EXS-FILE,GATE-01-OWNERSHIP;GATE-02-CONSUMER;GATE-06-STATE-IDEMP;GATE-13-PERFORMANCE;GATE-15-GENERATOR;GATE-18-TEST-EVIDENCE;GATE-20-HYGIENE,STD-NIST-SSDF
CPF-WP-EXS-FILE-02-IMPLEMENTATION_CONSUMER,EXS-FILE,GATE-01-OWNERSHIP;GATE-02-CONSUMER;GATE-06-STATE-IDEMP;GATE-13-PERFORMANCE;GATE-15-GENERATOR;GATE-18-TEST-EVIDENCE;GATE-20-HYGIENE,STD-NIST-SSDF
CPF-WP-EXS-FILE-03-VERIFICATION_EVIDENCE,EXS-FILE,GATE-01-OWNERSHIP;GATE-02-CONSUMER;GATE-06-STATE-IDEMP;GATE-13-PERFORMANCE;GATE-15-GENERATOR;GATE-18-TEST-EVIDENCE;GATE-20-HYGIENE,STD-NIST-SSDF
CPF-WP-EXS-FILE-04-FAILURE_RECOVERY,EXS-FILE,GATE-01-OWNERSHIP;GATE-02-CONSUMER;GATE-06-STATE-IDEMP;GATE-08-UNKNOWN-RECOVERY;GATE-13-PERFORMANCE;GATE-15-GENERATOR;GATE-18-TEST-EVIDENCE;GATE-20-HYGIENE,STD-NIST-SSDF
CPF-WP-EXS-FILE-05-DATA_MIGRATION,EXS-FILE,GATE-01-OWNERSHIP;GATE-02-CONSUMER;GATE-05-DB-QUERY;GATE-06-STATE-IDEMP;GATE-13-PERFORMANCE;GATE-15-GENERATOR;GATE-16-COMPATIBILITY;GATE-18-TEST-EVIDENCE;GATE-20-HYGIENE,STD-NIST-SSDF
CPF-WP-EXS-UNKNOWN-01-CONTRACT_OWNERSHIP,EXS-UNKNOWN,GATE-01-OWNERSHIP;GATE-02-CONSUMER;GATE-08-UNKNOWN-RECOVERY;GATE-13-PERFORMANCE;GATE-15-GENERATOR;GATE-18-TEST-EVIDENCE;GATE-20-HYGIENE,STD-NIST-SSDF
CPF-WP-EXS-UNKNOWN-02-IMPLEMENTATION_CONSUMER,EXS-UNKNOWN,GATE-01-OWNERSHIP;GATE-02-CONSUMER;GATE-08-UNKNOWN-RECOVERY;GATE-13-PERFORMANCE;GATE-15-GENERATOR;GATE-18-TEST-EVIDENCE;GATE-20-HYGIENE,STD-NIST-SSDF
CPF-WP-EXS-UNKNOWN-03-VERIFICATION_EVIDENCE,EXS-UNKNOWN,GATE-01-OWNERSHIP;GATE-02-CONSUMER;GATE-08-UNKNOWN-RECOVERY;GATE-13-PERFORMANCE;GATE-15-GENERATOR;GATE-18-TEST-EVIDENCE;GATE-20-HYGIENE,STD-NIST-SSDF
CPF-WP-EXS-UNKNOWN-04-FAILURE_RECOVERY,EXS-UNKNOWN,GATE-01-OWNERSHIP;GATE-02-CONSUMER;GATE-06-STATE-IDEMP;GATE-08-UNKNOWN-RECOVERY;GATE-13-PERFORMANCE;GATE-15-GENERATOR;GATE-18-TEST-EVIDENCE;GATE-20-HYGIENE,STD-NIST-SSDF
CPF-WP-EXS-RECON-01-CONTRACT_OWNERSHIP,EXS-RECON,GATE-01-OWNERSHIP;GATE-02-CONSUMER;GATE-08-UNKNOWN-RECOVERY;GATE-13-PERFORMANCE;GATE-15-GENERATOR;GATE-18-TEST-EVIDENCE;GATE-20-HYGIENE,STD-NIST-SSDF
CPF-WP-EXS-RECON-02-IMPLEMENTATION_CONSUMER,EXS-RECON,GATE-01-OWNERSHIP;GATE-02-CONSUMER;GATE-08-UNKNOWN-RECOVERY;GATE-13-PERFORMANCE;GATE-15-GENERATOR;GATE-18-TEST-EVIDENCE;GATE-20-HYGIENE,STD-NIST-SSDF
CPF-WP-EXS-RECON-03-VERIFICATION_EVIDENCE,EXS-RECON,GATE-01-OWNERSHIP;GATE-02-CONSUMER;GATE-08-UNKNOWN-RECOVERY;GATE-13-PERFORMANCE;GATE-15-GENERATOR;GATE-18-TEST-EVIDENCE;GATE-20-HYGIENE,STD-NIST-SSDF
CPF-WP-EXS-RECON-04-FAILURE_RECOVERY,EXS-RECON,GATE-01-OWNERSHIP;GATE-02-CONSUMER;GATE-06-STATE-IDEMP;GATE-08-UNKNOWN-RECOVERY;GATE-13-PERFORMANCE;GATE-15-GENERATOR;GATE-18-TEST-EVIDENCE;GATE-20-HYGIENE,STD-NIST-SSDF
CPF-WP-EVENT-CORE-01-CONTRACT_OWNERSHIP,EVENT-CORE,GATE-01-OWNERSHIP;GATE-02-CONSUMER;GATE-04-EVENT-API;GATE-16-COMPATIBILITY;GATE-18-TEST-EVIDENCE;GATE-20-HYGIENE,STD-ASYNCAPI;STD-CLOUDEVENTS;STD-NIST-SSDF
CPF-WP-EVENT-CORE-02-IMPLEMENTATION_CONSUMER,EVENT-CORE,GATE-01-OWNERSHIP;GATE-02-CONSUMER;GATE-04-EVENT-API;GATE-16-COMPATIBILITY;GATE-18-TEST-EVIDENCE;GATE-20-HYGIENE,STD-ASYNCAPI;STD-CLOUDEVENTS;STD-NIST-SSDF
CPF-WP-EVENT-CORE-03-VERIFICATION_EVIDENCE,EVENT-CORE,GATE-01-OWNERSHIP;GATE-02-CONSUMER;GATE-04-EVENT-API;GATE-16-COMPATIBILITY;GATE-18-TEST-EVIDENCE;GATE-20-HYGIENE,STD-ASYNCAPI;STD-CLOUDEVENTS;STD-NIST-SSDF
CPF-WP-EVENT-CORE-04-FAILURE_RECOVERY,EVENT-CORE,GATE-01-OWNERSHIP;GATE-02-CONSUMER;GATE-04-EVENT-API;GATE-06-STATE-IDEMP;GATE-08-UNKNOWN-RECOVERY;GATE-16-COMPATIBILITY;GATE-18-TEST-EVIDENCE;GATE-20-HYGIENE,STD-ASYNCAPI;STD-CLOUDEVENTS;STD-NIST-SSDF
CPF-WP-EVENT-CORE-05-GENERATION_COMPATIBILITY,EVENT-CORE,GATE-01-OWNERSHIP;GATE-02-CONSUMER;GATE-04-EVENT-API;GATE-15-GENERATOR;GATE-16-COMPATIBILITY;GATE-18-TEST-EVIDENCE;GATE-20-HYGIENE,STD-ASYNCAPI;STD-CLOUDEVENTS;STD-NIST-SSDF
CPF-WP-EVENT-OUTBOX-01-CONTRACT_OWNERSHIP,EVENT-OUTBOX,GATE-01-OWNERSHIP;GATE-02-CONSUMER;GATE-04-EVENT-API;GATE-06-STATE-IDEMP;GATE-08-UNKNOWN-RECOVERY;GATE-18-TEST-EVIDENCE;GATE-20-HYGIENE,STD-ASYNCAPI;STD-CLOUDEVENTS;STD-NIST-SSDF
CPF-WP-EVENT-OUTBOX-02-IMPLEMENTATION_CONSUMER,EVENT-OUTBOX,GATE-01-OWNERSHIP;GATE-02-CONSUMER;GATE-04-EVENT-API;GATE-06-STATE-IDEMP;GATE-08-UNKNOWN-RECOVERY;GATE-18-TEST-EVIDENCE;GATE-20-HYGIENE,STD-ASYNCAPI;STD-CLOUDEVENTS;STD-NIST-SSDF
CPF-WP-EVENT-OUTBOX-03-VERIFICATION_EVIDENCE,EVENT-OUTBOX,GATE-01-OWNERSHIP;GATE-02-CONSUMER;GATE-04-EVENT-API;GATE-06-STATE-IDEMP;GATE-08-UNKNOWN-RECOVERY;GATE-18-TEST-EVIDENCE;GATE-20-HYGIENE,STD-ASYNCAPI;STD-CLOUDEVENTS;STD-NIST-SSDF
CPF-WP-EVENT-OUTBOX-04-FAILURE_RECOVERY,EVENT-OUTBOX,GATE-01-OWNERSHIP;GATE-02-CONSUMER;GATE-04-EVENT-API;GATE-06-STATE-IDEMP;GATE-08-UNKNOWN-RECOVERY;GATE-18-TEST-EVIDENCE;GATE-20-HYGIENE,STD-ASYNCAPI;STD-CLOUDEVENTS;STD-NIST-SSDF
CPF-WP-EVENT-BROKER-01-CONTRACT_OWNERSHIP,EVENT-BROKER,GATE-01-OWNERSHIP;GATE-02-CONSUMER;GATE-04-EVENT-API;GATE-05-DB-QUERY;GATE-06-STATE-IDEMP;GATE-07-MULTI-INSTANCE;GATE-09-SECURITY;GATE-12-OBSERVABILITY;GATE-13-PERFORMANCE;GATE-18-TEST-EVIDENCE;GATE-20-HYGIENE,STD-ASYNCAPI;STD-CISA-SBD;STD-CLOUDEVENTS;STD-NIST-SSDF;STD-OTEL;STD-OWASP-ASVS;STD-TRACE
CPF-WP-EVENT-BROKER-02-IMPLEMENTATION_CONSUMER,EVENT-BROKER,GATE-01-OWNERSHIP;GATE-02-CONSUMER;GATE-04-EVENT-API;GATE-05-DB-QUERY;GATE-06-STATE-IDEMP;GATE-07-MULTI-INSTANCE;GATE-09-SECURITY;GATE-12-OBSERVABILITY;GATE-13-PERFORMANCE;GATE-18-TEST-EVIDENCE;GATE-20-HYGIENE,STD-ASYNCAPI;STD-CISA-SBD;STD-CLOUDEVENTS;STD-NIST-SSDF;STD-OTEL;STD-OWASP-ASVS;STD-TRACE
CPF-WP-EVENT-BROKER-03-VERIFICATION_EVIDENCE,EVENT-BROKER,GATE-01-OWNERSHIP;GATE-02-CONSUMER;GATE-04-EVENT-API;GATE-05-DB-QUERY;GATE-06-STATE-IDEMP;GATE-07-MULTI-INSTANCE;GATE-09-SECURITY;GATE-12-OBSERVABILITY;GATE-13-PERFORMANCE;GATE-18-TEST-EVIDENCE;GATE-20-HYGIENE,STD-ASYNCAPI;STD-CISA-SBD;STD-CLOUDEVENTS;STD-NIST-SSDF;STD-OTEL;STD-OWASP-ASVS;STD-TRACE
CPF-WP-EVENT-BROKER-04-FAILURE_RECOVERY,EVENT-BROKER,GATE-01-OWNERSHIP;GATE-02-CONSUMER;GATE-04-EVENT-API;GATE-05-DB-QUERY;GATE-06-STATE-IDEMP;GATE-07-MULTI-INSTANCE;GATE-08-UNKNOWN-RECOVERY;GATE-09-SECURITY;GATE-12-OBSERVABILITY;GATE-13-PERFORMANCE;GATE-18-TEST-EVIDENCE;GATE-20-HYGIENE,STD-ASYNCAPI;STD-CISA-SBD;STD-CLOUDEVENTS;STD-NIST-SSDF;STD-OTEL;STD-OWASP-ASVS;STD-TRACE
CPF-WP-EVENT-BROKER-05-OPERATIONS_SECURITY,EVENT-BROKER,GATE-01-OWNERSHIP;GATE-02-CONSUMER;GATE-04-EVENT-API;GATE-05-DB-QUERY;GATE-06-STATE-IDEMP;GATE-07-MULTI-INSTANCE;GATE-09-SECURITY;GATE-11-OPS-AUDIT;GATE-12-OBSERVABILITY;GATE-13-PERFORMANCE;GATE-18-TEST-EVIDENCE;GATE-20-HYGIENE,STD-ASYNCAPI;STD-CISA-SBD;STD-CLOUDEVENTS;STD-NIST-SSDF;STD-OTEL;STD-OWASP-ASVS;STD-TRACE
CPF-WP-EVENT-BROKER-06-DATA_MIGRATION,EVENT-BROKER,GATE-01-OWNERSHIP;GATE-02-CONSUMER;GATE-04-EVENT-API;GATE-05-DB-QUERY;GATE-06-STATE-IDEMP;GATE-07-MULTI-INSTANCE;GATE-09-SECURITY;GATE-12-OBSERVABILITY;GATE-13-PERFORMANCE;GATE-16-COMPATIBILITY;GATE-18-TEST-EVIDENCE;GATE-20-HYGIENE,STD-ASYNCAPI;STD-CISA-SBD;STD-CLOUDEVENTS;STD-NIST-SSDF;STD-OTEL;STD-OWASP-ASVS;STD-TRACE
CPF-WP-EVENT-MQ-01-CONTRACT_OWNERSHIP,EVENT-MQ,GATE-01-OWNERSHIP;GATE-02-CONSUMER;GATE-04-EVENT-API;GATE-06-STATE-IDEMP;GATE-08-UNKNOWN-RECOVERY;GATE-13-PERFORMANCE;GATE-18-TEST-EVIDENCE;GATE-20-HYGIENE;GATE-21-TIME,STD-ASYNCAPI;STD-CLOUDEVENTS;STD-NIST-SSDF
CPF-WP-EVENT-MQ-02-IMPLEMENTATION_CONSUMER,EVENT-MQ,GATE-01-OWNERSHIP;GATE-02-CONSUMER;GATE-04-EVENT-API;GATE-06-STATE-IDEMP;GATE-08-UNKNOWN-RECOVERY;GATE-13-PERFORMANCE;GATE-18-TEST-EVIDENCE;GATE-20-HYGIENE;GATE-21-TIME,STD-ASYNCAPI;STD-CLOUDEVENTS;STD-NIST-SSDF
CPF-WP-EVENT-MQ-03-VERIFICATION_EVIDENCE,EVENT-MQ,GATE-01-OWNERSHIP;GATE-02-CONSUMER;GATE-04-EVENT-API;GATE-06-STATE-IDEMP;GATE-08-UNKNOWN-RECOVERY;GATE-13-PERFORMANCE;GATE-18-TEST-EVIDENCE;GATE-20-HYGIENE;GATE-21-TIME,STD-ASYNCAPI;STD-CLOUDEVENTS;STD-NIST-SSDF
CPF-WP-EVENT-MQ-04-FAILURE_RECOVERY,EVENT-MQ,GATE-01-OWNERSHIP;GATE-02-CONSUMER;GATE-04-EVENT-API;GATE-06-STATE-IDEMP;GATE-08-UNKNOWN-RECOVERY;GATE-13-PERFORMANCE;GATE-18-TEST-EVIDENCE;GATE-20-HYGIENE;GATE-21-TIME,STD-ASYNCAPI;STD-CLOUDEVENTS;STD-NIST-SSDF
CPF-WP-EVENT-JMS-01-CONTRACT_OWNERSHIP,EVENT-JMS,GATE-01-OWNERSHIP;GATE-02-CONSUMER;GATE-04-EVENT-API;GATE-06-STATE-IDEMP;GATE-18-TEST-EVIDENCE;GATE-20-HYGIENE,STD-ASYNCAPI;STD-CLOUDEVENTS;STD-NIST-SSDF
CPF-WP-EVENT-JMS-02-IMPLEMENTATION_CONSUMER,EVENT-JMS,GATE-01-OWNERSHIP;GATE-02-CONSUMER;GATE-04-EVENT-API;GATE-06-STATE-IDEMP;GATE-18-TEST-EVIDENCE;GATE-20-HYGIENE,STD-ASYNCAPI;STD-CLOUDEVENTS;STD-NIST-SSDF
CPF-WP-EVENT-JMS-03-VERIFICATION_EVIDENCE,EVENT-JMS,GATE-01-OWNERSHIP;GATE-02-CONSUMER;GATE-04-EVENT-API;GATE-06-STATE-IDEMP;GATE-18-TEST-EVIDENCE;GATE-20-HYGIENE,STD-ASYNCAPI;STD-CLOUDEVENTS;STD-NIST-SSDF
CPF-WP-EVENT-JMS-04-FAILURE_RECOVERY,EVENT-JMS,GATE-01-OWNERSHIP;GATE-02-CONSUMER;GATE-04-EVENT-API;GATE-06-STATE-IDEMP;GATE-08-UNKNOWN-RECOVERY;GATE-18-TEST-EVIDENCE;GATE-20-HYGIENE,STD-ASYNCAPI;STD-CLOUDEVENTS;STD-NIST-SSDF
CPF-WP-EVENT-IBM-MQ-01-CONTRACT_OWNERSHIP,EVENT-IBM-MQ,GATE-01-OWNERSHIP;GATE-02-CONSUMER;GATE-04-EVENT-API;GATE-08-UNKNOWN-RECOVERY;GATE-13-PERFORMANCE;GATE-18-TEST-EVIDENCE;GATE-20-HYGIENE,STD-ASYNCAPI;STD-CLOUDEVENTS;STD-NIST-SSDF
CPF-WP-EVENT-IBM-MQ-02-IMPLEMENTATION_CONSUMER,EVENT-IBM-MQ,GATE-01-OWNERSHIP;GATE-02-CONSUMER;GATE-04-EVENT-API;GATE-08-UNKNOWN-RECOVERY;GATE-13-PERFORMANCE;GATE-18-TEST-EVIDENCE;GATE-20-HYGIENE,STD-ASYNCAPI;STD-CLOUDEVENTS;STD-NIST-SSDF
CPF-WP-EVENT-IBM-MQ-03-VERIFICATION_EVIDENCE,EVENT-IBM-MQ,GATE-01-OWNERSHIP;GATE-02-CONSUMER;GATE-04-EVENT-API;GATE-08-UNKNOWN-RECOVERY;GATE-13-PERFORMANCE;GATE-18-TEST-EVIDENCE;GATE-20-HYGIENE,STD-ASYNCAPI;STD-CLOUDEVENTS;STD-NIST-SSDF
CPF-WP-EVENT-IBM-MQ-04-FAILURE_RECOVERY,EVENT-IBM-MQ,GATE-01-OWNERSHIP;GATE-02-CONSUMER;GATE-04-EVENT-API;GATE-06-STATE-IDEMP;GATE-08-UNKNOWN-RECOVERY;GATE-13-PERFORMANCE;GATE-18-TEST-EVIDENCE;GATE-20-HYGIENE,STD-ASYNCAPI;STD-CLOUDEVENTS;STD-NIST-SSDF
CPF-WP-EVENT-AMQP-01-CONTRACT_OWNERSHIP,EVENT-AMQP,GATE-01-OWNERSHIP;GATE-02-CONSUMER;GATE-04-EVENT-API;GATE-08-UNKNOWN-RECOVERY;GATE-13-PERFORMANCE;GATE-18-TEST-EVIDENCE;GATE-20-HYGIENE,STD-ASYNCAPI;STD-CLOUDEVENTS;STD-NIST-SSDF
CPF-WP-EVENT-AMQP-02-IMPLEMENTATION_CONSUMER,EVENT-AMQP,GATE-01-OWNERSHIP;GATE-02-CONSUMER;GATE-04-EVENT-API;GATE-08-UNKNOWN-RECOVERY;GATE-13-PERFORMANCE;GATE-18-TEST-EVIDENCE;GATE-20-HYGIENE,STD-ASYNCAPI;STD-CLOUDEVENTS;STD-NIST-SSDF
CPF-WP-EVENT-AMQP-03-VERIFICATION_EVIDENCE,EVENT-AMQP,GATE-01-OWNERSHIP;GATE-02-CONSUMER;GATE-04-EVENT-API;GATE-08-UNKNOWN-RECOVERY;GATE-13-PERFORMANCE;GATE-18-TEST-EVIDENCE;GATE-20-HYGIENE,STD-ASYNCAPI;STD-CLOUDEVENTS;STD-NIST-SSDF
CPF-WP-EVENT-AMQP-04-FAILURE_RECOVERY,EVENT-AMQP,GATE-01-OWNERSHIP;GATE-02-CONSUMER;GATE-04-EVENT-API;GATE-06-STATE-IDEMP;GATE-08-UNKNOWN-RECOVERY;GATE-13-PERFORMANCE;GATE-18-TEST-EVIDENCE;GATE-20-HYGIENE,STD-ASYNCAPI;STD-CLOUDEVENTS;STD-NIST-SSDF
CPF-WP-EXS-TCP-01-CONTRACT_OWNERSHIP,EXS-TCP,GATE-01-OWNERSHIP;GATE-02-CONSUMER;GATE-13-PERFORMANCE;GATE-15-GENERATOR;GATE-18-TEST-EVIDENCE;GATE-20-HYGIENE,STD-NIST-SSDF
CPF-WP-EXS-TCP-02-IMPLEMENTATION_CONSUMER,EXS-TCP,GATE-01-OWNERSHIP;GATE-02-CONSUMER;GATE-13-PERFORMANCE;GATE-15-GENERATOR;GATE-18-TEST-EVIDENCE;GATE-20-HYGIENE,STD-NIST-SSDF
CPF-WP-EXS-TCP-03-VERIFICATION_EVIDENCE,EXS-TCP,GATE-01-OWNERSHIP;GATE-02-CONSUMER;GATE-13-PERFORMANCE;GATE-15-GENERATOR;GATE-18-TEST-EVIDENCE;GATE-20-HYGIENE,STD-NIST-SSDF
CPF-WP-EXS-TCP-04-FAILURE_RECOVERY,EXS-TCP,GATE-01-OWNERSHIP;GATE-02-CONSUMER;GATE-06-STATE-IDEMP;GATE-08-UNKNOWN-RECOVERY;GATE-13-PERFORMANCE;GATE-15-GENERATOR;GATE-18-TEST-EVIDENCE;GATE-20-HYGIENE,STD-NIST-SSDF
CPF-WP-EVENT-DLQ-01-CONTRACT_OWNERSHIP,EVENT-DLQ,GATE-01-OWNERSHIP;GATE-02-CONSUMER;GATE-04-EVENT-API;GATE-06-STATE-IDEMP;GATE-08-UNKNOWN-RECOVERY;GATE-10-CRYPTO-PRIVACY;GATE-11-OPS-AUDIT;GATE-18-TEST-EVIDENCE;GATE-20-HYGIENE,STD-ASYNCAPI;STD-CLOUDEVENTS;STD-NIST-SSDF
CPF-WP-EVENT-DLQ-02-IMPLEMENTATION_CONSUMER,EVENT-DLQ,GATE-01-OWNERSHIP;GATE-02-CONSUMER;GATE-04-EVENT-API;GATE-06-STATE-IDEMP;GATE-08-UNKNOWN-RECOVERY;GATE-10-CRYPTO-PRIVACY;GATE-11-OPS-AUDIT;GATE-18-TEST-EVIDENCE;GATE-20-HYGIENE,STD-ASYNCAPI;STD-CLOUDEVENTS;STD-NIST-SSDF
CPF-WP-EVENT-DLQ-03-VERIFICATION_EVIDENCE,EVENT-DLQ,GATE-01-OWNERSHIP;GATE-02-CONSUMER;GATE-04-EVENT-API;GATE-06-STATE-IDEMP;GATE-08-UNKNOWN-RECOVERY;GATE-10-CRYPTO-PRIVACY;GATE-11-OPS-AUDIT;GATE-18-TEST-EVIDENCE;GATE-20-HYGIENE,STD-ASYNCAPI;STD-CLOUDEVENTS;STD-NIST-SSDF
CPF-WP-EVENT-DLQ-04-FAILURE_RECOVERY,EVENT-DLQ,GATE-01-OWNERSHIP;GATE-02-CONSUMER;GATE-04-EVENT-API;GATE-06-STATE-IDEMP;GATE-08-UNKNOWN-RECOVERY;GATE-10-CRYPTO-PRIVACY;GATE-11-OPS-AUDIT;GATE-18-TEST-EVIDENCE;GATE-20-HYGIENE,STD-ASYNCAPI;STD-CLOUDEVENTS;STD-NIST-SSDF
CPF-WP-SAGA-CORE-01-CONTRACT_OWNERSHIP,SAGA-CORE,GATE-01-OWNERSHIP;GATE-02-CONSUMER;GATE-04-EVENT-API;GATE-06-STATE-IDEMP;GATE-16-COMPATIBILITY;GATE-18-TEST-EVIDENCE;GATE-20-HYGIENE;GATE-21-TIME,STD-ASYNCAPI;STD-CLOUDEVENTS;STD-NIST-SSDF
CPF-WP-SAGA-CORE-02-IMPLEMENTATION_CONSUMER,SAGA-CORE,GATE-01-OWNERSHIP;GATE-02-CONSUMER;GATE-04-EVENT-API;GATE-06-STATE-IDEMP;GATE-16-COMPATIBILITY;GATE-18-TEST-EVIDENCE;GATE-20-HYGIENE;GATE-21-TIME,STD-ASYNCAPI;STD-CLOUDEVENTS;STD-NIST-SSDF
CPF-WP-SAGA-CORE-03-VERIFICATION_EVIDENCE,SAGA-CORE,GATE-01-OWNERSHIP;GATE-02-CONSUMER;GATE-04-EVENT-API;GATE-06-STATE-IDEMP;GATE-16-COMPATIBILITY;GATE-18-TEST-EVIDENCE;GATE-20-HYGIENE;GATE-21-TIME,STD-ASYNCAPI;STD-CLOUDEVENTS;STD-NIST-SSDF
CPF-WP-SAGA-CORE-04-FAILURE_RECOVERY,SAGA-CORE,GATE-01-OWNERSHIP;GATE-02-CONSUMER;GATE-04-EVENT-API;GATE-06-STATE-IDEMP;GATE-08-UNKNOWN-RECOVERY;GATE-16-COMPATIBILITY;GATE-18-TEST-EVIDENCE;GATE-20-HYGIENE;GATE-21-TIME,STD-ASYNCAPI;STD-CLOUDEVENTS;STD-NIST-SSDF
CPF-WP-SAGA-CORE-05-GENERATION_COMPATIBILITY,SAGA-CORE,GATE-01-OWNERSHIP;GATE-02-CONSUMER;GATE-04-EVENT-API;GATE-06-STATE-IDEMP;GATE-15-GENERATOR;GATE-16-COMPATIBILITY;GATE-18-TEST-EVIDENCE;GATE-20-HYGIENE;GATE-21-TIME,STD-ASYNCAPI;STD-CLOUDEVENTS;STD-NIST-SSDF
CPF-WP-SAGA-COMP-01-CONTRACT_OWNERSHIP,SAGA-COMP,GATE-01-OWNERSHIP;GATE-02-CONSUMER;GATE-04-EVENT-API;GATE-06-STATE-IDEMP;GATE-08-UNKNOWN-RECOVERY;GATE-18-TEST-EVIDENCE;GATE-20-HYGIENE,STD-ASYNCAPI;STD-CLOUDEVENTS;STD-NIST-SSDF
CPF-WP-SAGA-COMP-02-IMPLEMENTATION_CONSUMER,SAGA-COMP,GATE-01-OWNERSHIP;GATE-02-CONSUMER;GATE-04-EVENT-API;GATE-06-STATE-IDEMP;GATE-08-UNKNOWN-RECOVERY;GATE-18-TEST-EVIDENCE;GATE-20-HYGIENE,STD-ASYNCAPI;STD-CLOUDEVENTS;STD-NIST-SSDF
CPF-WP-SAGA-COMP-03-VERIFICATION_EVIDENCE,SAGA-COMP,GATE-01-OWNERSHIP;GATE-02-CONSUMER;GATE-04-EVENT-API;GATE-06-STATE-IDEMP;GATE-08-UNKNOWN-RECOVERY;GATE-18-TEST-EVIDENCE;GATE-20-HYGIENE,STD-ASYNCAPI;STD-CLOUDEVENTS;STD-NIST-SSDF
CPF-WP-SAGA-COMP-04-FAILURE_RECOVERY,SAGA-COMP,GATE-01-OWNERSHIP;GATE-02-CONSUMER;GATE-04-EVENT-API;GATE-06-STATE-IDEMP;GATE-08-UNKNOWN-RECOVERY;GATE-18-TEST-EVIDENCE;GATE-20-HYGIENE,STD-ASYNCAPI;STD-CLOUDEVENTS;STD-NIST-SSDF
CPF-WP-SAGA-MANUAL-01-CONTRACT_OWNERSHIP,SAGA-MANUAL,GATE-01-OWNERSHIP;GATE-02-CONSUMER;GATE-04-EVENT-API;GATE-11-OPS-AUDIT;GATE-18-TEST-EVIDENCE;GATE-20-HYGIENE;GATE-21-TIME,STD-ASYNCAPI;STD-CLOUDEVENTS;STD-NIST-SSDF
CPF-WP-SAGA-MANUAL-02-IMPLEMENTATION_CONSUMER,SAGA-MANUAL,GATE-01-OWNERSHIP;GATE-02-CONSUMER;GATE-04-EVENT-API;GATE-11-OPS-AUDIT;GATE-18-TEST-EVIDENCE;GATE-20-HYGIENE;GATE-21-TIME,STD-ASYNCAPI;STD-CLOUDEVENTS;STD-NIST-SSDF
CPF-WP-SAGA-MANUAL-03-VERIFICATION_EVIDENCE,SAGA-MANUAL,GATE-01-OWNERSHIP;GATE-02-CONSUMER;GATE-04-EVENT-API;GATE-11-OPS-AUDIT;GATE-18-TEST-EVIDENCE;GATE-20-HYGIENE;GATE-21-TIME,STD-ASYNCAPI;STD-CLOUDEVENTS;STD-NIST-SSDF
CPF-WP-SAGA-MANUAL-04-FAILURE_RECOVERY,SAGA-MANUAL,GATE-01-OWNERSHIP;GATE-02-CONSUMER;GATE-04-EVENT-API;GATE-06-STATE-IDEMP;GATE-08-UNKNOWN-RECOVERY;GATE-11-OPS-AUDIT;GATE-18-TEST-EVIDENCE;GATE-20-HYGIENE;GATE-21-TIME,STD-ASYNCAPI;STD-CLOUDEVENTS;STD-NIST-SSDF
CPF-WP-SAGA-MANUAL-05-OPERATIONS_SECURITY,SAGA-MANUAL,GATE-01-OWNERSHIP;GATE-02-CONSUMER;GATE-04-EVENT-API;GATE-09-SECURITY;GATE-11-OPS-AUDIT;GATE-18-TEST-EVIDENCE;GATE-20-HYGIENE;GATE-21-TIME,STD-ASYNCAPI;STD-CISA-SBD;STD-CLOUDEVENTS;STD-NIST-SSDF;STD-OWASP-ASVS
CPF-WP-BAT-CORE-01-CONTRACT_OWNERSHIP,BAT-CORE,GATE-01-OWNERSHIP;GATE-02-CONSUMER;GATE-06-STATE-IDEMP;GATE-07-MULTI-INSTANCE;GATE-18-TEST-EVIDENCE;GATE-20-HYGIENE,STD-NIST-SSDF
CPF-WP-BAT-CORE-02-IMPLEMENTATION_CONSUMER,BAT-CORE,GATE-01-OWNERSHIP;GATE-02-CONSUMER;GATE-06-STATE-IDEMP;GATE-07-MULTI-INSTANCE;GATE-18-TEST-EVIDENCE;GATE-20-HYGIENE,STD-NIST-SSDF
CPF-WP-BAT-CORE-03-VERIFICATION_EVIDENCE,BAT-CORE,GATE-01-OWNERSHIP;GATE-02-CONSUMER;GATE-06-STATE-IDEMP;GATE-07-MULTI-INSTANCE;GATE-18-TEST-EVIDENCE;GATE-20-HYGIENE,STD-NIST-SSDF
CPF-WP-BAT-CORE-04-FAILURE_RECOVERY,BAT-CORE,GATE-01-OWNERSHIP;GATE-02-CONSUMER;GATE-06-STATE-IDEMP;GATE-07-MULTI-INSTANCE;GATE-08-UNKNOWN-RECOVERY;GATE-18-TEST-EVIDENCE;GATE-20-HYGIENE,STD-NIST-SSDF
CPF-WP-BAT-JOB-01-CONTRACT_OWNERSHIP,BAT-JOB,GATE-01-OWNERSHIP;GATE-02-CONSUMER;GATE-05-DB-QUERY;GATE-07-MULTI-INSTANCE;GATE-18-TEST-EVIDENCE;GATE-20-HYGIENE,STD-NIST-SSDF
CPF-WP-BAT-JOB-02-IMPLEMENTATION_CONSUMER,BAT-JOB,GATE-01-OWNERSHIP;GATE-02-CONSUMER;GATE-05-DB-QUERY;GATE-07-MULTI-INSTANCE;GATE-18-TEST-EVIDENCE;GATE-20-HYGIENE,STD-NIST-SSDF
CPF-WP-BAT-JOB-03-VERIFICATION_EVIDENCE,BAT-JOB,GATE-01-OWNERSHIP;GATE-02-CONSUMER;GATE-05-DB-QUERY;GATE-07-MULTI-INSTANCE;GATE-18-TEST-EVIDENCE;GATE-20-HYGIENE,STD-NIST-SSDF
CPF-WP-BAT-JOB-04-FAILURE_RECOVERY,BAT-JOB,GATE-01-OWNERSHIP;GATE-02-CONSUMER;GATE-05-DB-QUERY;GATE-06-STATE-IDEMP;GATE-07-MULTI-INSTANCE;GATE-08-UNKNOWN-RECOVERY;GATE-18-TEST-EVIDENCE;GATE-20-HYGIENE,STD-NIST-SSDF
CPF-WP-BAT-JOB-05-DATA_MIGRATION,BAT-JOB,GATE-01-OWNERSHIP;GATE-02-CONSUMER;GATE-05-DB-QUERY;GATE-07-MULTI-INSTANCE;GATE-16-COMPATIBILITY;GATE-18-TEST-EVIDENCE;GATE-20-HYGIENE,STD-NIST-SSDF
CPF-WP-BAT-ITEM-01-CONTRACT_OWNERSHIP,BAT-ITEM,GATE-01-OWNERSHIP;GATE-02-CONSUMER;GATE-06-STATE-IDEMP;GATE-07-MULTI-INSTANCE;GATE-18-TEST-EVIDENCE;GATE-20-HYGIENE,STD-NIST-SSDF
CPF-WP-BAT-ITEM-02-IMPLEMENTATION_CONSUMER,BAT-ITEM,GATE-01-OWNERSHIP;GATE-02-CONSUMER;GATE-06-STATE-IDEMP;GATE-07-MULTI-INSTANCE;GATE-18-TEST-EVIDENCE;GATE-20-HYGIENE,STD-NIST-SSDF
CPF-WP-BAT-ITEM-03-VERIFICATION_EVIDENCE,BAT-ITEM,GATE-01-OWNERSHIP;GATE-02-CONSUMER;GATE-06-STATE-IDEMP;GATE-07-MULTI-INSTANCE;GATE-18-TEST-EVIDENCE;GATE-20-HYGIENE,STD-NIST-SSDF
CPF-WP-BAT-ITEM-04-FAILURE_RECOVERY,BAT-ITEM,GATE-01-OWNERSHIP;GATE-02-CONSUMER;GATE-06-STATE-IDEMP;GATE-07-MULTI-INSTANCE;GATE-08-UNKNOWN-RECOVERY;GATE-18-TEST-EVIDENCE;GATE-20-HYGIENE,STD-NIST-SSDF
CPF-WP-BAT-EXECUTOR-01-CONTRACT_OWNERSHIP,BAT-EXECUTOR,GATE-01-OWNERSHIP;GATE-02-CONSUMER;GATE-04-EVENT-API;GATE-07-MULTI-INSTANCE;GATE-09-SECURITY;GATE-13-PERFORMANCE;GATE-18-TEST-EVIDENCE;GATE-20-HYGIENE;GATE-21-TIME,STD-ASYNCAPI;STD-CISA-SBD;STD-CLOUDEVENTS;STD-NIST-SSDF;STD-OWASP-ASVS
CPF-WP-BAT-EXECUTOR-02-IMPLEMENTATION_CONSUMER,BAT-EXECUTOR,GATE-01-OWNERSHIP;GATE-02-CONSUMER;GATE-04-EVENT-API;GATE-07-MULTI-INSTANCE;GATE-09-SECURITY;GATE-13-PERFORMANCE;GATE-18-TEST-EVIDENCE;GATE-20-HYGIENE;GATE-21-TIME,STD-ASYNCAPI;STD-CISA-SBD;STD-CLOUDEVENTS;STD-NIST-SSDF;STD-OWASP-ASVS
CPF-WP-BAT-EXECUTOR-03-VERIFICATION_EVIDENCE,BAT-EXECUTOR,GATE-01-OWNERSHIP;GATE-02-CONSUMER;GATE-04-EVENT-API;GATE-07-MULTI-INSTANCE;GATE-09-SECURITY;GATE-13-PERFORMANCE;GATE-18-TEST-EVIDENCE;GATE-20-HYGIENE;GATE-21-TIME,STD-ASYNCAPI;STD-CISA-SBD;STD-CLOUDEVENTS;STD-NIST-SSDF;STD-OWASP-ASVS
CPF-WP-BAT-EXECUTOR-04-FAILURE_RECOVERY,BAT-EXECUTOR,GATE-01-OWNERSHIP;GATE-02-CONSUMER;GATE-04-EVENT-API;GATE-06-STATE-IDEMP;GATE-07-MULTI-INSTANCE;GATE-08-UNKNOWN-RECOVERY;GATE-09-SECURITY;GATE-13-PERFORMANCE;GATE-18-TEST-EVIDENCE;GATE-20-HYGIENE;GATE-21-TIME,STD-ASYNCAPI;STD-CISA-SBD;STD-CLOUDEVENTS;STD-NIST-SSDF;STD-OWASP-ASVS
CPF-WP-BAT-EXECUTOR-05-OPERATIONS_SECURITY,BAT-EXECUTOR,GATE-01-OWNERSHIP;GATE-02-CONSUMER;GATE-04-EVENT-API;GATE-07-MULTI-INSTANCE;GATE-09-SECURITY;GATE-11-OPS-AUDIT;GATE-13-PERFORMANCE;GATE-18-TEST-EVIDENCE;GATE-20-HYGIENE;GATE-21-TIME,STD-ASYNCAPI;STD-CISA-SBD;STD-CLOUDEVENTS;STD-NIST-SSDF;STD-OWASP-ASVS
CPF-WP-BAT-AGENT-01-CONTRACT_OWNERSHIP,BAT-AGENT,GATE-01-OWNERSHIP;GATE-02-CONSUMER;GATE-06-STATE-IDEMP;GATE-07-MULTI-INSTANCE;GATE-17-SUPPLY-CHAIN;GATE-18-TEST-EVIDENCE;GATE-20-HYGIENE;GATE-21-TIME,STD-CYCLONEDX;STD-NIST-SSDF;STD-SCRUM;STD-SLSA
CPF-WP-BAT-AGENT-02-IMPLEMENTATION_CONSUMER,BAT-AGENT,GATE-01-OWNERSHIP;GATE-02-CONSUMER;GATE-06-STATE-IDEMP;GATE-07-MULTI-INSTANCE;GATE-17-SUPPLY-CHAIN;GATE-18-TEST-EVIDENCE;GATE-20-HYGIENE;GATE-21-TIME,STD-CYCLONEDX;STD-NIST-SSDF;STD-SCRUM;STD-SLSA
CPF-WP-BAT-AGENT-03-VERIFICATION_EVIDENCE,BAT-AGENT,GATE-01-OWNERSHIP;GATE-02-CONSUMER;GATE-06-STATE-IDEMP;GATE-07-MULTI-INSTANCE;GATE-17-SUPPLY-CHAIN;GATE-18-TEST-EVIDENCE;GATE-20-HYGIENE;GATE-21-TIME,STD-CYCLONEDX;STD-NIST-SSDF;STD-SCRUM;STD-SLSA
CPF-WP-BAT-AGENT-04-FAILURE_RECOVERY,BAT-AGENT,GATE-01-OWNERSHIP;GATE-02-CONSUMER;GATE-06-STATE-IDEMP;GATE-07-MULTI-INSTANCE;GATE-08-UNKNOWN-RECOVERY;GATE-17-SUPPLY-CHAIN;GATE-18-TEST-EVIDENCE;GATE-20-HYGIENE;GATE-21-TIME,STD-CYCLONEDX;STD-NIST-SSDF;STD-SCRUM;STD-SLSA
CPF-WP-BAT-AGENT-05-GENERATION_COMPATIBILITY,BAT-AGENT,GATE-01-OWNERSHIP;GATE-02-CONSUMER;GATE-06-STATE-IDEMP;GATE-07-MULTI-INSTANCE;GATE-15-GENERATOR;GATE-16-COMPATIBILITY;GATE-17-SUPPLY-CHAIN;GATE-18-TEST-EVIDENCE;GATE-20-HYGIENE;GATE-21-TIME,STD-CYCLONEDX;STD-NIST-SSDF;STD-SCRUM;STD-SLSA
CPF-WP-BAT-CALL-SYNC-01-CONTRACT_OWNERSHIP,BAT-CALL-SYNC,GATE-01-OWNERSHIP;GATE-02-CONSUMER;GATE-06-STATE-IDEMP;GATE-07-MULTI-INSTANCE;GATE-08-UNKNOWN-RECOVERY;GATE-18-TEST-EVIDENCE;GATE-20-HYGIENE;GATE-21-TIME,STD-NIST-SSDF
CPF-WP-BAT-CALL-SYNC-02-IMPLEMENTATION_CONSUMER,BAT-CALL-SYNC,GATE-01-OWNERSHIP;GATE-02-CONSUMER;GATE-06-STATE-IDEMP;GATE-07-MULTI-INSTANCE;GATE-08-UNKNOWN-RECOVERY;GATE-18-TEST-EVIDENCE;GATE-20-HYGIENE;GATE-21-TIME,STD-NIST-SSDF
CPF-WP-BAT-CALL-SYNC-03-VERIFICATION_EVIDENCE,BAT-CALL-SYNC,GATE-01-OWNERSHIP;GATE-02-CONSUMER;GATE-06-STATE-IDEMP;GATE-07-MULTI-INSTANCE;GATE-08-UNKNOWN-RECOVERY;GATE-18-TEST-EVIDENCE;GATE-20-HYGIENE;GATE-21-TIME,STD-NIST-SSDF
CPF-WP-BAT-CALL-SYNC-04-FAILURE_RECOVERY,BAT-CALL-SYNC,GATE-01-OWNERSHIP;GATE-02-CONSUMER;GATE-06-STATE-IDEMP;GATE-07-MULTI-INSTANCE;GATE-08-UNKNOWN-RECOVERY;GATE-18-TEST-EVIDENCE;GATE-20-HYGIENE;GATE-21-TIME,STD-NIST-SSDF
CPF-WP-BAT-CALL-ASYNC-01-CONTRACT_OWNERSHIP,BAT-CALL-ASYNC,GATE-01-OWNERSHIP;GATE-02-CONSUMER;GATE-04-EVENT-API;GATE-06-STATE-IDEMP;GATE-07-MULTI-INSTANCE;GATE-08-UNKNOWN-RECOVERY;GATE-18-TEST-EVIDENCE;GATE-20-HYGIENE,STD-ASYNCAPI;STD-CLOUDEVENTS;STD-NIST-SSDF
CPF-WP-BAT-CALL-ASYNC-02-IMPLEMENTATION_CONSUMER,BAT-CALL-ASYNC,GATE-01-OWNERSHIP;GATE-02-CONSUMER;GATE-04-EVENT-API;GATE-06-STATE-IDEMP;GATE-07-MULTI-INSTANCE;GATE-08-UNKNOWN-RECOVERY;GATE-18-TEST-EVIDENCE;GATE-20-HYGIENE,STD-ASYNCAPI;STD-CLOUDEVENTS;STD-NIST-SSDF
CPF-WP-BAT-CALL-ASYNC-03-VERIFICATION_EVIDENCE,BAT-CALL-ASYNC,GATE-01-OWNERSHIP;GATE-02-CONSUMER;GATE-04-EVENT-API;GATE-06-STATE-IDEMP;GATE-07-MULTI-INSTANCE;GATE-08-UNKNOWN-RECOVERY;GATE-18-TEST-EVIDENCE;GATE-20-HYGIENE,STD-ASYNCAPI;STD-CLOUDEVENTS;STD-NIST-SSDF
CPF-WP-BAT-CALL-ASYNC-04-FAILURE_RECOVERY,BAT-CALL-ASYNC,GATE-01-OWNERSHIP;GATE-02-CONSUMER;GATE-04-EVENT-API;GATE-06-STATE-IDEMP;GATE-07-MULTI-INSTANCE;GATE-08-UNKNOWN-RECOVERY;GATE-18-TEST-EVIDENCE;GATE-20-HYGIENE,STD-ASYNCAPI;STD-CLOUDEVENTS;STD-NIST-SSDF
CPF-WP-BAT-SHARED-01-CONTRACT_OWNERSHIP,BAT-SHARED,GATE-01-OWNERSHIP;GATE-02-CONSUMER;GATE-06-STATE-IDEMP;GATE-07-MULTI-INSTANCE;GATE-12-OBSERVABILITY;GATE-16-COMPATIBILITY;GATE-18-TEST-EVIDENCE;GATE-20-HYGIENE,STD-NIST-SSDF;STD-OTEL;STD-TRACE
CPF-WP-BAT-SHARED-02-IMPLEMENTATION_CONSUMER,BAT-SHARED,GATE-01-OWNERSHIP;GATE-02-CONSUMER;GATE-06-STATE-IDEMP;GATE-07-MULTI-INSTANCE;GATE-12-OBSERVABILITY;GATE-16-COMPATIBILITY;GATE-18-TEST-EVIDENCE;GATE-20-HYGIENE,STD-NIST-SSDF;STD-OTEL;STD-TRACE
CPF-WP-BAT-SHARED-03-VERIFICATION_EVIDENCE,BAT-SHARED,GATE-01-OWNERSHIP;GATE-02-CONSUMER;GATE-06-STATE-IDEMP;GATE-07-MULTI-INSTANCE;GATE-12-OBSERVABILITY;GATE-16-COMPATIBILITY;GATE-18-TEST-EVIDENCE;GATE-20-HYGIENE,STD-NIST-SSDF;STD-OTEL;STD-TRACE
CPF-WP-BAT-SHARED-04-FAILURE_RECOVERY,BAT-SHARED,GATE-01-OWNERSHIP;GATE-02-CONSUMER;GATE-06-STATE-IDEMP;GATE-07-MULTI-INSTANCE;GATE-08-UNKNOWN-RECOVERY;GATE-12-OBSERVABILITY;GATE-16-COMPATIBILITY;GATE-18-TEST-EVIDENCE;GATE-20-HYGIENE,STD-NIST-SSDF;STD-OTEL;STD-TRACE
CPF-WP-BAT-SHARED-05-OPERATIONS_SECURITY,BAT-SHARED,GATE-01-OWNERSHIP;GATE-02-CONSUMER;GATE-06-STATE-IDEMP;GATE-07-MULTI-INSTANCE;GATE-09-SECURITY;GATE-11-OPS-AUDIT;GATE-12-OBSERVABILITY;GATE-16-COMPATIBILITY;GATE-18-TEST-EVIDENCE;GATE-20-HYGIENE,STD-CISA-SBD;STD-NIST-SSDF;STD-OTEL;STD-OWASP-ASVS;STD-TRACE
CPF-WP-BAT-SHARED-06-GENERATION_COMPATIBILITY,BAT-SHARED,GATE-01-OWNERSHIP;GATE-02-CONSUMER;GATE-06-STATE-IDEMP;GATE-07-MULTI-INSTANCE;GATE-12-OBSERVABILITY;GATE-15-GENERATOR;GATE-16-COMPATIBILITY;GATE-18-TEST-EVIDENCE;GATE-20-HYGIENE,STD-NIST-SSDF;STD-OTEL;STD-TRACE
CPF-WP-CENTER-CORE-01-CONTRACT_OWNERSHIP,CENTER-CORE,GATE-01-OWNERSHIP;GATE-02-CONSUMER;GATE-06-STATE-IDEMP;GATE-07-MULTI-INSTANCE;GATE-18-TEST-EVIDENCE;GATE-20-HYGIENE,STD-NIST-SSDF
CPF-WP-CENTER-CORE-02-IMPLEMENTATION_CONSUMER,CENTER-CORE,GATE-01-OWNERSHIP;GATE-02-CONSUMER;GATE-06-STATE-IDEMP;GATE-07-MULTI-INSTANCE;GATE-18-TEST-EVIDENCE;GATE-20-HYGIENE,STD-NIST-SSDF
CPF-WP-CENTER-CORE-03-VERIFICATION_EVIDENCE,CENTER-CORE,GATE-01-OWNERSHIP;GATE-02-CONSUMER;GATE-06-STATE-IDEMP;GATE-07-MULTI-INSTANCE;GATE-18-TEST-EVIDENCE;GATE-20-HYGIENE,STD-NIST-SSDF
CPF-WP-CENTER-CORE-04-FAILURE_RECOVERY,CENTER-CORE,GATE-01-OWNERSHIP;GATE-02-CONSUMER;GATE-06-STATE-IDEMP;GATE-07-MULTI-INSTANCE;GATE-08-UNKNOWN-RECOVERY;GATE-18-TEST-EVIDENCE;GATE-20-HYGIENE,STD-NIST-SSDF
CPF-WP-CENTER-RUNNER-01-CONTRACT_OWNERSHIP,CENTER-RUNNER,GATE-01-OWNERSHIP;GATE-02-CONSUMER;GATE-06-STATE-IDEMP;GATE-07-MULTI-INSTANCE;GATE-18-TEST-EVIDENCE;GATE-20-HYGIENE,STD-NIST-SSDF
CPF-WP-CENTER-RUNNER-02-IMPLEMENTATION_CONSUMER,CENTER-RUNNER,GATE-01-OWNERSHIP;GATE-02-CONSUMER;GATE-06-STATE-IDEMP;GATE-07-MULTI-INSTANCE;GATE-18-TEST-EVIDENCE;GATE-20-HYGIENE,STD-NIST-SSDF
CPF-WP-CENTER-RUNNER-03-VERIFICATION_EVIDENCE,CENTER-RUNNER,GATE-01-OWNERSHIP;GATE-02-CONSUMER;GATE-06-STATE-IDEMP;GATE-07-MULTI-INSTANCE;GATE-18-TEST-EVIDENCE;GATE-20-HYGIENE,STD-NIST-SSDF
CPF-WP-CENTER-RUNNER-04-FAILURE_RECOVERY,CENTER-RUNNER,GATE-01-OWNERSHIP;GATE-02-CONSUMER;GATE-06-STATE-IDEMP;GATE-07-MULTI-INSTANCE;GATE-08-UNKNOWN-RECOVERY;GATE-18-TEST-EVIDENCE;GATE-20-HYGIENE,STD-NIST-SSDF
CPF-WP-CENTER-PARAM-01-CONTRACT_OWNERSHIP,CENTER-PARAM,GATE-01-OWNERSHIP;GATE-02-CONSUMER;GATE-05-DB-QUERY;GATE-07-MULTI-INSTANCE;GATE-10-CRYPTO-PRIVACY;GATE-16-COMPATIBILITY;GATE-18-TEST-EVIDENCE;GATE-20-HYGIENE,STD-NIST-SSDF
CPF-WP-CENTER-PARAM-02-IMPLEMENTATION_CONSUMER,CENTER-PARAM,GATE-01-OWNERSHIP;GATE-02-CONSUMER;GATE-05-DB-QUERY;GATE-07-MULTI-INSTANCE;GATE-10-CRYPTO-PRIVACY;GATE-16-COMPATIBILITY;GATE-18-TEST-EVIDENCE;GATE-20-HYGIENE,STD-NIST-SSDF
CPF-WP-CENTER-PARAM-03-VERIFICATION_EVIDENCE,CENTER-PARAM,GATE-01-OWNERSHIP;GATE-02-CONSUMER;GATE-05-DB-QUERY;GATE-07-MULTI-INSTANCE;GATE-10-CRYPTO-PRIVACY;GATE-16-COMPATIBILITY;GATE-18-TEST-EVIDENCE;GATE-20-HYGIENE,STD-NIST-SSDF
CPF-WP-CENTER-PARAM-04-FAILURE_RECOVERY,CENTER-PARAM,GATE-01-OWNERSHIP;GATE-02-CONSUMER;GATE-05-DB-QUERY;GATE-06-STATE-IDEMP;GATE-07-MULTI-INSTANCE;GATE-08-UNKNOWN-RECOVERY;GATE-10-CRYPTO-PRIVACY;GATE-16-COMPATIBILITY;GATE-18-TEST-EVIDENCE;GATE-20-HYGIENE,STD-NIST-SSDF
CPF-WP-CENTER-PARAM-05-DATA_MIGRATION,CENTER-PARAM,GATE-01-OWNERSHIP;GATE-02-CONSUMER;GATE-05-DB-QUERY;GATE-07-MULTI-INSTANCE;GATE-10-CRYPTO-PRIVACY;GATE-16-COMPATIBILITY;GATE-18-TEST-EVIDENCE;GATE-20-HYGIENE,STD-NIST-SSDF
CPF-WP-CENTER-PARAM-06-GENERATION_COMPATIBILITY,CENTER-PARAM,GATE-01-OWNERSHIP;GATE-02-CONSUMER;GATE-05-DB-QUERY;GATE-07-MULTI-INSTANCE;GATE-10-CRYPTO-PRIVACY;GATE-15-GENERATOR;GATE-16-COMPATIBILITY;GATE-18-TEST-EVIDENCE;GATE-20-HYGIENE,STD-NIST-SSDF
CPF-WP-CENTER-CLAIM-01-CONTRACT_OWNERSHIP,CENTER-CLAIM,GATE-01-OWNERSHIP;GATE-02-CONSUMER;GATE-06-STATE-IDEMP;GATE-07-MULTI-INSTANCE;GATE-18-TEST-EVIDENCE;GATE-20-HYGIENE;GATE-21-TIME,STD-NIST-SSDF
CPF-WP-CENTER-CLAIM-02-IMPLEMENTATION_CONSUMER,CENTER-CLAIM,GATE-01-OWNERSHIP;GATE-02-CONSUMER;GATE-06-STATE-IDEMP;GATE-07-MULTI-INSTANCE;GATE-18-TEST-EVIDENCE;GATE-20-HYGIENE;GATE-21-TIME,STD-NIST-SSDF
CPF-WP-CENTER-CLAIM-03-VERIFICATION_EVIDENCE,CENTER-CLAIM,GATE-01-OWNERSHIP;GATE-02-CONSUMER;GATE-06-STATE-IDEMP;GATE-07-MULTI-INSTANCE;GATE-18-TEST-EVIDENCE;GATE-20-HYGIENE;GATE-21-TIME,STD-NIST-SSDF
CPF-WP-CENTER-CLAIM-04-FAILURE_RECOVERY,CENTER-CLAIM,GATE-01-OWNERSHIP;GATE-02-CONSUMER;GATE-06-STATE-IDEMP;GATE-07-MULTI-INSTANCE;GATE-08-UNKNOWN-RECOVERY;GATE-18-TEST-EVIDENCE;GATE-20-HYGIENE;GATE-21-TIME,STD-NIST-SSDF
CPF-WP-CENTER-RATE-01-CONTRACT_OWNERSHIP,CENTER-RATE,GATE-01-OWNERSHIP;GATE-02-CONSUMER;GATE-07-MULTI-INSTANCE;GATE-13-PERFORMANCE;GATE-18-TEST-EVIDENCE;GATE-20-HYGIENE,STD-NIST-SSDF
CPF-WP-CENTER-RATE-02-IMPLEMENTATION_CONSUMER,CENTER-RATE,GATE-01-OWNERSHIP;GATE-02-CONSUMER;GATE-07-MULTI-INSTANCE;GATE-13-PERFORMANCE;GATE-18-TEST-EVIDENCE;GATE-20-HYGIENE,STD-NIST-SSDF
CPF-WP-CENTER-RATE-03-VERIFICATION_EVIDENCE,CENTER-RATE,GATE-01-OWNERSHIP;GATE-02-CONSUMER;GATE-07-MULTI-INSTANCE;GATE-13-PERFORMANCE;GATE-18-TEST-EVIDENCE;GATE-20-HYGIENE,STD-NIST-SSDF
CPF-WP-CENTER-RATE-04-FAILURE_RECOVERY,CENTER-RATE,GATE-01-OWNERSHIP;GATE-02-CONSUMER;GATE-06-STATE-IDEMP;GATE-07-MULTI-INSTANCE;GATE-08-UNKNOWN-RECOVERY;GATE-13-PERFORMANCE;GATE-18-TEST-EVIDENCE;GATE-20-HYGIENE,STD-NIST-SSDF
CPF-WP-CENTER-REPROCESS-01-CONTRACT_OWNERSHIP,CENTER-REPROCESS,GATE-01-OWNERSHIP;GATE-02-CONSUMER;GATE-06-STATE-IDEMP;GATE-07-MULTI-INSTANCE;GATE-08-UNKNOWN-RECOVERY;GATE-11-OPS-AUDIT;GATE-18-TEST-EVIDENCE;GATE-20-HYGIENE,STD-NIST-SSDF
CPF-WP-CENTER-REPROCESS-02-IMPLEMENTATION_CONSUMER,CENTER-REPROCESS,GATE-01-OWNERSHIP;GATE-02-CONSUMER;GATE-06-STATE-IDEMP;GATE-07-MULTI-INSTANCE;GATE-08-UNKNOWN-RECOVERY;GATE-11-OPS-AUDIT;GATE-18-TEST-EVIDENCE;GATE-20-HYGIENE,STD-NIST-SSDF
CPF-WP-CENTER-REPROCESS-03-VERIFICATION_EVIDENCE,CENTER-REPROCESS,GATE-01-OWNERSHIP;GATE-02-CONSUMER;GATE-06-STATE-IDEMP;GATE-07-MULTI-INSTANCE;GATE-08-UNKNOWN-RECOVERY;GATE-11-OPS-AUDIT;GATE-18-TEST-EVIDENCE;GATE-20-HYGIENE,STD-NIST-SSDF
CPF-WP-CENTER-REPROCESS-04-FAILURE_RECOVERY,CENTER-REPROCESS,GATE-01-OWNERSHIP;GATE-02-CONSUMER;GATE-06-STATE-IDEMP;GATE-07-MULTI-INSTANCE;GATE-08-UNKNOWN-RECOVERY;GATE-11-OPS-AUDIT;GATE-18-TEST-EVIDENCE;GATE-20-HYGIENE,STD-NIST-SSDF
CPF-WP-CENTER-UNKNOWN-01-CONTRACT_OWNERSHIP,CENTER-UNKNOWN,GATE-01-OWNERSHIP;GATE-02-CONSUMER;GATE-07-MULTI-INSTANCE;GATE-08-UNKNOWN-RECOVERY;GATE-11-OPS-AUDIT;GATE-18-TEST-EVIDENCE;GATE-20-HYGIENE;GATE-21-TIME,STD-NIST-SSDF
CPF-WP-CENTER-UNKNOWN-02-IMPLEMENTATION_CONSUMER,CENTER-UNKNOWN,GATE-01-OWNERSHIP;GATE-02-CONSUMER;GATE-07-MULTI-INSTANCE;GATE-08-UNKNOWN-RECOVERY;GATE-11-OPS-AUDIT;GATE-18-TEST-EVIDENCE;GATE-20-HYGIENE;GATE-21-TIME,STD-NIST-SSDF
CPF-WP-CENTER-UNKNOWN-03-VERIFICATION_EVIDENCE,CENTER-UNKNOWN,GATE-01-OWNERSHIP;GATE-02-CONSUMER;GATE-07-MULTI-INSTANCE;GATE-08-UNKNOWN-RECOVERY;GATE-11-OPS-AUDIT;GATE-18-TEST-EVIDENCE;GATE-20-HYGIENE;GATE-21-TIME,STD-NIST-SSDF
CPF-WP-CENTER-UNKNOWN-04-FAILURE_RECOVERY,CENTER-UNKNOWN,GATE-01-OWNERSHIP;GATE-02-CONSUMER;GATE-06-STATE-IDEMP;GATE-07-MULTI-INSTANCE;GATE-08-UNKNOWN-RECOVERY;GATE-11-OPS-AUDIT;GATE-18-TEST-EVIDENCE;GATE-20-HYGIENE;GATE-21-TIME,STD-NIST-SSDF
CPF-WP-CENTER-UNKNOWN-05-OPERATIONS_SECURITY,CENTER-UNKNOWN,GATE-01-OWNERSHIP;GATE-02-CONSUMER;GATE-07-MULTI-INSTANCE;GATE-08-UNKNOWN-RECOVERY;GATE-09-SECURITY;GATE-11-OPS-AUDIT;GATE-18-TEST-EVIDENCE;GATE-20-HYGIENE;GATE-21-TIME,STD-CISA-SBD;STD-NIST-SSDF;STD-OWASP-ASVS
CPF-WP-CENTER-OPS-01-CONTRACT_OWNERSHIP,CENTER-OPS,GATE-01-OWNERSHIP;GATE-02-CONSUMER;GATE-07-MULTI-INSTANCE;GATE-12-OBSERVABILITY;GATE-18-TEST-EVIDENCE;GATE-20-HYGIENE;GATE-21-TIME,STD-NIST-SSDF;STD-OTEL;STD-TRACE
CPF-WP-CENTER-OPS-02-IMPLEMENTATION_CONSUMER,CENTER-OPS,GATE-01-OWNERSHIP;GATE-02-CONSUMER;GATE-07-MULTI-INSTANCE;GATE-12-OBSERVABILITY;GATE-18-TEST-EVIDENCE;GATE-20-HYGIENE;GATE-21-TIME,STD-NIST-SSDF;STD-OTEL;STD-TRACE
CPF-WP-CENTER-OPS-03-VERIFICATION_EVIDENCE,CENTER-OPS,GATE-01-OWNERSHIP;GATE-02-CONSUMER;GATE-07-MULTI-INSTANCE;GATE-12-OBSERVABILITY;GATE-18-TEST-EVIDENCE;GATE-20-HYGIENE;GATE-21-TIME,STD-NIST-SSDF;STD-OTEL;STD-TRACE
CPF-WP-CENTER-OPS-04-FAILURE_RECOVERY,CENTER-OPS,GATE-01-OWNERSHIP;GATE-02-CONSUMER;GATE-06-STATE-IDEMP;GATE-07-MULTI-INSTANCE;GATE-08-UNKNOWN-RECOVERY;GATE-12-OBSERVABILITY;GATE-18-TEST-EVIDENCE;GATE-20-HYGIENE;GATE-21-TIME,STD-NIST-SSDF;STD-OTEL;STD-TRACE
CPF-WP-ADM-AUTH-01-CONTRACT_OWNERSHIP,ADM-AUTH,GATE-01-OWNERSHIP;GATE-02-CONSUMER;GATE-03-HTTP-API;GATE-05-DB-QUERY;GATE-08-UNKNOWN-RECOVERY;GATE-09-SECURITY;GATE-11-OPS-AUDIT;GATE-12-OBSERVABILITY;GATE-14-FRONTEND;GATE-18-TEST-EVIDENCE;GATE-19-DOC-SUPPORT;GATE-20-HYGIENE,STD-CISA-SBD;STD-NIST-SSDF;STD-OAS;STD-OTEL;STD-OWASP-API;STD-OWASP-ASVS;STD-RFC9457;STD-TRACE;STD-WCAG
CPF-WP-ADM-AUTH-02-IMPLEMENTATION_CONSUMER,ADM-AUTH,GATE-01-OWNERSHIP;GATE-02-CONSUMER;GATE-03-HTTP-API;GATE-05-DB-QUERY;GATE-08-UNKNOWN-RECOVERY;GATE-09-SECURITY;GATE-11-OPS-AUDIT;GATE-12-OBSERVABILITY;GATE-14-FRONTEND;GATE-18-TEST-EVIDENCE;GATE-19-DOC-SUPPORT;GATE-20-HYGIENE,STD-CISA-SBD;STD-NIST-SSDF;STD-OAS;STD-OTEL;STD-OWASP-API;STD-OWASP-ASVS;STD-RFC9457;STD-TRACE;STD-WCAG
CPF-WP-ADM-AUTH-03-VERIFICATION_EVIDENCE,ADM-AUTH,GATE-01-OWNERSHIP;GATE-02-CONSUMER;GATE-03-HTTP-API;GATE-05-DB-QUERY;GATE-08-UNKNOWN-RECOVERY;GATE-09-SECURITY;GATE-11-OPS-AUDIT;GATE-12-OBSERVABILITY;GATE-14-FRONTEND;GATE-18-TEST-EVIDENCE;GATE-19-DOC-SUPPORT;GATE-20-HYGIENE,STD-CISA-SBD;STD-NIST-SSDF;STD-OAS;STD-OTEL;STD-OWASP-API;STD-OWASP-ASVS;STD-RFC9457;STD-TRACE;STD-WCAG
CPF-WP-ADM-AUTH-04-FAILURE_RECOVERY,ADM-AUTH,GATE-01-OWNERSHIP;GATE-02-CONSUMER;GATE-03-HTTP-API;GATE-05-DB-QUERY;GATE-06-STATE-IDEMP;GATE-08-UNKNOWN-RECOVERY;GATE-09-SECURITY;GATE-11-OPS-AUDIT;GATE-12-OBSERVABILITY;GATE-14-FRONTEND;GATE-18-TEST-EVIDENCE;GATE-19-DOC-SUPPORT;GATE-20-HYGIENE,STD-CISA-SBD;STD-NIST-SSDF;STD-OAS;STD-OTEL;STD-OWASP-API;STD-OWASP-ASVS;STD-RFC9457;STD-TRACE;STD-WCAG
CPF-WP-ADM-AUTH-05-OPERATIONS_SECURITY,ADM-AUTH,GATE-01-OWNERSHIP;GATE-02-CONSUMER;GATE-03-HTTP-API;GATE-05-DB-QUERY;GATE-08-UNKNOWN-RECOVERY;GATE-09-SECURITY;GATE-11-OPS-AUDIT;GATE-12-OBSERVABILITY;GATE-14-FRONTEND;GATE-18-TEST-EVIDENCE;GATE-19-DOC-SUPPORT;GATE-20-HYGIENE,STD-CISA-SBD;STD-NIST-SSDF;STD-OAS;STD-OTEL;STD-OWASP-API;STD-OWASP-ASVS;STD-RFC9457;STD-TRACE;STD-WCAG
CPF-WP-ADM-AUTH-06-DATA_MIGRATION,ADM-AUTH,GATE-01-OWNERSHIP;GATE-02-CONSUMER;GATE-03-HTTP-API;GATE-05-DB-QUERY;GATE-08-UNKNOWN-RECOVERY;GATE-09-SECURITY;GATE-11-OPS-AUDIT;GATE-12-OBSERVABILITY;GATE-14-FRONTEND;GATE-16-COMPATIBILITY;GATE-18-TEST-EVIDENCE;GATE-19-DOC-SUPPORT;GATE-20-HYGIENE,STD-CISA-SBD;STD-NIST-SSDF;STD-OAS;STD-OTEL;STD-OWASP-API;STD-OWASP-ASVS;STD-RFC9457;STD-TRACE;STD-WCAG
CPF-WP-ADM-RBAC-01-CONTRACT_OWNERSHIP,ADM-RBAC,GATE-01-OWNERSHIP;GATE-02-CONSUMER;GATE-03-HTTP-API;GATE-11-OPS-AUDIT;GATE-14-FRONTEND;GATE-18-TEST-EVIDENCE;GATE-19-DOC-SUPPORT;GATE-20-HYGIENE,STD-NIST-SSDF;STD-OAS;STD-OWASP-API;STD-RFC9457;STD-WCAG
CPF-WP-ADM-RBAC-02-IMPLEMENTATION_CONSUMER,ADM-RBAC,GATE-01-OWNERSHIP;GATE-02-CONSUMER;GATE-03-HTTP-API;GATE-11-OPS-AUDIT;GATE-14-FRONTEND;GATE-18-TEST-EVIDENCE;GATE-19-DOC-SUPPORT;GATE-20-HYGIENE,STD-NIST-SSDF;STD-OAS;STD-OWASP-API;STD-RFC9457;STD-WCAG
CPF-WP-ADM-RBAC-03-VERIFICATION_EVIDENCE,ADM-RBAC,GATE-01-OWNERSHIP;GATE-02-CONSUMER;GATE-03-HTTP-API;GATE-11-OPS-AUDIT;GATE-14-FRONTEND;GATE-18-TEST-EVIDENCE;GATE-19-DOC-SUPPORT;GATE-20-HYGIENE,STD-NIST-SSDF;STD-OAS;STD-OWASP-API;STD-RFC9457;STD-WCAG
CPF-WP-ADM-RBAC-04-OPERATIONS_SECURITY,ADM-RBAC,GATE-01-OWNERSHIP;GATE-02-CONSUMER;GATE-03-HTTP-API;GATE-09-SECURITY;GATE-11-OPS-AUDIT;GATE-14-FRONTEND;GATE-18-TEST-EVIDENCE;GATE-19-DOC-SUPPORT;GATE-20-HYGIENE,STD-CISA-SBD;STD-NIST-SSDF;STD-OAS;STD-OWASP-API;STD-OWASP-ASVS;STD-RFC9457;STD-WCAG
CPF-WP-ADM-AUDIT-01-CONTRACT_OWNERSHIP,ADM-AUDIT,GATE-01-OWNERSHIP;GATE-02-CONSUMER;GATE-03-HTTP-API;GATE-06-STATE-IDEMP;GATE-10-CRYPTO-PRIVACY;GATE-11-OPS-AUDIT;GATE-14-FRONTEND;GATE-18-TEST-EVIDENCE;GATE-19-DOC-SUPPORT;GATE-20-HYGIENE;GATE-21-TIME,STD-NIST-SSDF;STD-OAS;STD-OWASP-API;STD-RFC9457;STD-WCAG
CPF-WP-ADM-AUDIT-02-IMPLEMENTATION_CONSUMER,ADM-AUDIT,GATE-01-OWNERSHIP;GATE-02-CONSUMER;GATE-03-HTTP-API;GATE-06-STATE-IDEMP;GATE-10-CRYPTO-PRIVACY;GATE-11-OPS-AUDIT;GATE-14-FRONTEND;GATE-18-TEST-EVIDENCE;GATE-19-DOC-SUPPORT;GATE-20-HYGIENE;GATE-21-TIME,STD-NIST-SSDF;STD-OAS;STD-OWASP-API;STD-RFC9457;STD-WCAG
CPF-WP-ADM-AUDIT-03-VERIFICATION_EVIDENCE,ADM-AUDIT,GATE-01-OWNERSHIP;GATE-02-CONSUMER;GATE-03-HTTP-API;GATE-06-STATE-IDEMP;GATE-10-CRYPTO-PRIVACY;GATE-11-OPS-AUDIT;GATE-14-FRONTEND;GATE-18-TEST-EVIDENCE;GATE-19-DOC-SUPPORT;GATE-20-HYGIENE;GATE-21-TIME,STD-NIST-SSDF;STD-OAS;STD-OWASP-API;STD-RFC9457;STD-WCAG
CPF-WP-ADM-AUDIT-04-FAILURE_RECOVERY,ADM-AUDIT,GATE-01-OWNERSHIP;GATE-02-CONSUMER;GATE-03-HTTP-API;GATE-06-STATE-IDEMP;GATE-08-UNKNOWN-RECOVERY;GATE-10-CRYPTO-PRIVACY;GATE-11-OPS-AUDIT;GATE-14-FRONTEND;GATE-18-TEST-EVIDENCE;GATE-19-DOC-SUPPORT;GATE-20-HYGIENE;GATE-21-TIME,STD-NIST-SSDF;STD-OAS;STD-OWASP-API;STD-RFC9457;STD-WCAG
CPF-WP-ADM-AUDIT-05-OPERATIONS_SECURITY,ADM-AUDIT,GATE-01-OWNERSHIP;GATE-02-CONSUMER;GATE-03-HTTP-API;GATE-06-STATE-IDEMP;GATE-09-SECURITY;GATE-10-CRYPTO-PRIVACY;GATE-11-OPS-AUDIT;GATE-14-FRONTEND;GATE-18-TEST-EVIDENCE;GATE-19-DOC-SUPPORT;GATE-20-HYGIENE;GATE-21-TIME,STD-CISA-SBD;STD-NIST-SSDF;STD-OAS;STD-OWASP-API;STD-OWASP-ASVS;STD-RFC9457;STD-WCAG
CPF-WP-ADM-TX-01-CONTRACT_OWNERSHIP,ADM-TX,GATE-01-OWNERSHIP;GATE-02-CONSUMER;GATE-03-HTTP-API;GATE-06-STATE-IDEMP;GATE-07-MULTI-INSTANCE;GATE-10-CRYPTO-PRIVACY;GATE-11-OPS-AUDIT;GATE-14-FRONTEND;GATE-18-TEST-EVIDENCE;GATE-19-DOC-SUPPORT;GATE-20-HYGIENE,STD-NIST-SSDF;STD-OAS;STD-OWASP-API;STD-RFC9457;STD-WCAG
CPF-WP-ADM-TX-02-IMPLEMENTATION_CONSUMER,ADM-TX,GATE-01-OWNERSHIP;GATE-02-CONSUMER;GATE-03-HTTP-API;GATE-06-STATE-IDEMP;GATE-07-MULTI-INSTANCE;GATE-10-CRYPTO-PRIVACY;GATE-11-OPS-AUDIT;GATE-14-FRONTEND;GATE-18-TEST-EVIDENCE;GATE-19-DOC-SUPPORT;GATE-20-HYGIENE,STD-NIST-SSDF;STD-OAS;STD-OWASP-API;STD-RFC9457;STD-WCAG
CPF-WP-ADM-TX-03-VERIFICATION_EVIDENCE,ADM-TX,GATE-01-OWNERSHIP;GATE-02-CONSUMER;GATE-03-HTTP-API;GATE-06-STATE-IDEMP;GATE-07-MULTI-INSTANCE;GATE-10-CRYPTO-PRIVACY;GATE-11-OPS-AUDIT;GATE-14-FRONTEND;GATE-18-TEST-EVIDENCE;GATE-19-DOC-SUPPORT;GATE-20-HYGIENE,STD-NIST-SSDF;STD-OAS;STD-OWASP-API;STD-RFC9457;STD-WCAG
CPF-WP-ADM-TX-04-FAILURE_RECOVERY,ADM-TX,GATE-01-OWNERSHIP;GATE-02-CONSUMER;GATE-03-HTTP-API;GATE-06-STATE-IDEMP;GATE-07-MULTI-INSTANCE;GATE-08-UNKNOWN-RECOVERY;GATE-10-CRYPTO-PRIVACY;GATE-11-OPS-AUDIT;GATE-14-FRONTEND;GATE-18-TEST-EVIDENCE;GATE-19-DOC-SUPPORT;GATE-20-HYGIENE,STD-NIST-SSDF;STD-OAS;STD-OWASP-API;STD-RFC9457;STD-WCAG
CPF-WP-ADM-TX-05-OPERATIONS_SECURITY,ADM-TX,GATE-01-OWNERSHIP;GATE-02-CONSUMER;GATE-03-HTTP-API;GATE-06-STATE-IDEMP;GATE-07-MULTI-INSTANCE;GATE-09-SECURITY;GATE-10-CRYPTO-PRIVACY;GATE-11-OPS-AUDIT;GATE-14-FRONTEND;GATE-18-TEST-EVIDENCE;GATE-19-DOC-SUPPORT;GATE-20-HYGIENE,STD-CISA-SBD;STD-NIST-SSDF;STD-OAS;STD-OWASP-API;STD-OWASP-ASVS;STD-RFC9457;STD-WCAG
CPF-WP-ADM-TIMELINE-01-CONTRACT_OWNERSHIP,ADM-TIMELINE,GATE-01-OWNERSHIP;GATE-02-CONSUMER;GATE-03-HTTP-API;GATE-06-STATE-IDEMP;GATE-07-MULTI-INSTANCE;GATE-08-UNKNOWN-RECOVERY;GATE-11-OPS-AUDIT;GATE-12-OBSERVABILITY;GATE-14-FRONTEND;GATE-18-TEST-EVIDENCE;GATE-19-DOC-SUPPORT;GATE-20-HYGIENE;GATE-21-TIME,STD-NIST-SSDF;STD-OAS;STD-OTEL;STD-OWASP-API;STD-RFC9457;STD-TRACE;STD-WCAG
CPF-WP-ADM-TIMELINE-02-IMPLEMENTATION_CONSUMER,ADM-TIMELINE,GATE-01-OWNERSHIP;GATE-02-CONSUMER;GATE-03-HTTP-API;GATE-06-STATE-IDEMP;GATE-07-MULTI-INSTANCE;GATE-08-UNKNOWN-RECOVERY;GATE-11-OPS-AUDIT;GATE-12-OBSERVABILITY;GATE-14-FRONTEND;GATE-18-TEST-EVIDENCE;GATE-19-DOC-SUPPORT;GATE-20-HYGIENE;GATE-21-TIME,STD-NIST-SSDF;STD-OAS;STD-OTEL;STD-OWASP-API;STD-RFC9457;STD-TRACE;STD-WCAG
CPF-WP-ADM-TIMELINE-03-VERIFICATION_EVIDENCE,ADM-TIMELINE,GATE-01-OWNERSHIP;GATE-02-CONSUMER;GATE-03-HTTP-API;GATE-06-STATE-IDEMP;GATE-07-MULTI-INSTANCE;GATE-08-UNKNOWN-RECOVERY;GATE-11-OPS-AUDIT;GATE-12-OBSERVABILITY;GATE-14-FRONTEND;GATE-18-TEST-EVIDENCE;GATE-19-DOC-SUPPORT;GATE-20-HYGIENE;GATE-21-TIME,STD-NIST-SSDF;STD-OAS;STD-OTEL;STD-OWASP-API;STD-RFC9457;STD-TRACE;STD-WCAG
CPF-WP-ADM-TIMELINE-04-FAILURE_RECOVERY,ADM-TIMELINE,GATE-01-OWNERSHIP;GATE-02-CONSUMER;GATE-03-HTTP-API;GATE-06-STATE-IDEMP;GATE-07-MULTI-INSTANCE;GATE-08-UNKNOWN-RECOVERY;GATE-11-OPS-AUDIT;GATE-12-OBSERVABILITY;GATE-14-FRONTEND;GATE-18-TEST-EVIDENCE;GATE-19-DOC-SUPPORT;GATE-20-HYGIENE;GATE-21-TIME,STD-NIST-SSDF;STD-OAS;STD-OTEL;STD-OWASP-API;STD-RFC9457;STD-TRACE;STD-WCAG
CPF-WP-ADM-TIMELINE-05-OPERATIONS_SECURITY,ADM-TIMELINE,GATE-01-OWNERSHIP;GATE-02-CONSUMER;GATE-03-HTTP-API;GATE-06-STATE-IDEMP;GATE-07-MULTI-INSTANCE;GATE-08-UNKNOWN-RECOVERY;GATE-09-SECURITY;GATE-11-OPS-AUDIT;GATE-12-OBSERVABILITY;GATE-14-FRONTEND;GATE-18-TEST-EVIDENCE;GATE-19-DOC-SUPPORT;GATE-20-HYGIENE;GATE-21-TIME,STD-CISA-SBD;STD-NIST-SSDF;STD-OAS;STD-OTEL;STD-OWASP-API;STD-OWASP-ASVS;STD-RFC9457;STD-TRACE;STD-WCAG
CPF-WP-ADM-SERVICE-01-CONTRACT_OWNERSHIP,ADM-SERVICE,GATE-01-OWNERSHIP;GATE-02-CONSUMER;GATE-03-HTTP-API;GATE-11-OPS-AUDIT;GATE-12-OBSERVABILITY;GATE-14-FRONTEND;GATE-16-COMPATIBILITY;GATE-18-TEST-EVIDENCE;GATE-19-DOC-SUPPORT;GATE-20-HYGIENE,STD-NIST-SSDF;STD-OAS;STD-OTEL;STD-OWASP-API;STD-RFC9457;STD-TRACE;STD-WCAG
CPF-WP-ADM-SERVICE-02-IMPLEMENTATION_CONSUMER,ADM-SERVICE,GATE-01-OWNERSHIP;GATE-02-CONSUMER;GATE-03-HTTP-API;GATE-11-OPS-AUDIT;GATE-12-OBSERVABILITY;GATE-14-FRONTEND;GATE-16-COMPATIBILITY;GATE-18-TEST-EVIDENCE;GATE-19-DOC-SUPPORT;GATE-20-HYGIENE,STD-NIST-SSDF;STD-OAS;STD-OTEL;STD-OWASP-API;STD-RFC9457;STD-TRACE;STD-WCAG
CPF-WP-ADM-SERVICE-03-VERIFICATION_EVIDENCE,ADM-SERVICE,GATE-01-OWNERSHIP;GATE-02-CONSUMER;GATE-03-HTTP-API;GATE-11-OPS-AUDIT;GATE-12-OBSERVABILITY;GATE-14-FRONTEND;GATE-16-COMPATIBILITY;GATE-18-TEST-EVIDENCE;GATE-19-DOC-SUPPORT;GATE-20-HYGIENE,STD-NIST-SSDF;STD-OAS;STD-OTEL;STD-OWASP-API;STD-RFC9457;STD-TRACE;STD-WCAG
CPF-WP-ADM-SERVICE-04-OPERATIONS_SECURITY,ADM-SERVICE,GATE-01-OWNERSHIP;GATE-02-CONSUMER;GATE-03-HTTP-API;GATE-09-SECURITY;GATE-11-OPS-AUDIT;GATE-12-OBSERVABILITY;GATE-14-FRONTEND;GATE-16-COMPATIBILITY;GATE-18-TEST-EVIDENCE;GATE-19-DOC-SUPPORT;GATE-20-HYGIENE,STD-CISA-SBD;STD-NIST-SSDF;STD-OAS;STD-OTEL;STD-OWASP-API;STD-OWASP-ASVS;STD-RFC9457;STD-TRACE;STD-WCAG
CPF-WP-ADM-SERVICE-05-GENERATION_COMPATIBILITY,ADM-SERVICE,GATE-01-OWNERSHIP;GATE-02-CONSUMER;GATE-03-HTTP-API;GATE-11-OPS-AUDIT;GATE-12-OBSERVABILITY;GATE-14-FRONTEND;GATE-15-GENERATOR;GATE-16-COMPATIBILITY;GATE-18-TEST-EVIDENCE;GATE-19-DOC-SUPPORT;GATE-20-HYGIENE,STD-NIST-SSDF;STD-OAS;STD-OTEL;STD-OWASP-API;STD-RFC9457;STD-TRACE;STD-WCAG
CPF-WP-ADM-LOG-01-CONTRACT_OWNERSHIP,ADM-LOG,GATE-01-OWNERSHIP;GATE-02-CONSUMER;GATE-03-HTTP-API;GATE-05-DB-QUERY;GATE-10-CRYPTO-PRIVACY;GATE-11-OPS-AUDIT;GATE-12-OBSERVABILITY;GATE-14-FRONTEND;GATE-18-TEST-EVIDENCE;GATE-19-DOC-SUPPORT;GATE-20-HYGIENE;GATE-21-TIME,STD-NIST-SSDF;STD-OAS;STD-OTEL;STD-OWASP-API;STD-RFC9457;STD-TRACE;STD-WCAG
CPF-WP-ADM-LOG-02-IMPLEMENTATION_CONSUMER,ADM-LOG,GATE-01-OWNERSHIP;GATE-02-CONSUMER;GATE-03-HTTP-API;GATE-05-DB-QUERY;GATE-10-CRYPTO-PRIVACY;GATE-11-OPS-AUDIT;GATE-12-OBSERVABILITY;GATE-14-FRONTEND;GATE-18-TEST-EVIDENCE;GATE-19-DOC-SUPPORT;GATE-20-HYGIENE;GATE-21-TIME,STD-NIST-SSDF;STD-OAS;STD-OTEL;STD-OWASP-API;STD-RFC9457;STD-TRACE;STD-WCAG
CPF-WP-ADM-LOG-03-VERIFICATION_EVIDENCE,ADM-LOG,GATE-01-OWNERSHIP;GATE-02-CONSUMER;GATE-03-HTTP-API;GATE-05-DB-QUERY;GATE-10-CRYPTO-PRIVACY;GATE-11-OPS-AUDIT;GATE-12-OBSERVABILITY;GATE-14-FRONTEND;GATE-18-TEST-EVIDENCE;GATE-19-DOC-SUPPORT;GATE-20-HYGIENE;GATE-21-TIME,STD-NIST-SSDF;STD-OAS;STD-OTEL;STD-OWASP-API;STD-RFC9457;STD-TRACE;STD-WCAG
CPF-WP-ADM-LOG-04-FAILURE_RECOVERY,ADM-LOG,GATE-01-OWNERSHIP;GATE-02-CONSUMER;GATE-03-HTTP-API;GATE-05-DB-QUERY;GATE-06-STATE-IDEMP;GATE-08-UNKNOWN-RECOVERY;GATE-10-CRYPTO-PRIVACY;GATE-11-OPS-AUDIT;GATE-12-OBSERVABILITY;GATE-14-FRONTEND;GATE-18-TEST-EVIDENCE;GATE-19-DOC-SUPPORT;GATE-20-HYGIENE;GATE-21-TIME,STD-NIST-SSDF;STD-OAS;STD-OTEL;STD-OWASP-API;STD-RFC9457;STD-TRACE;STD-WCAG
CPF-WP-ADM-LOG-05-OPERATIONS_SECURITY,ADM-LOG,GATE-01-OWNERSHIP;GATE-02-CONSUMER;GATE-03-HTTP-API;GATE-05-DB-QUERY;GATE-09-SECURITY;GATE-10-CRYPTO-PRIVACY;GATE-11-OPS-AUDIT;GATE-12-OBSERVABILITY;GATE-14-FRONTEND;GATE-18-TEST-EVIDENCE;GATE-19-DOC-SUPPORT;GATE-20-HYGIENE;GATE-21-TIME,STD-CISA-SBD;STD-NIST-SSDF;STD-OAS;STD-OTEL;STD-OWASP-API;STD-OWASP-ASVS;STD-RFC9457;STD-TRACE;STD-WCAG
CPF-WP-ADM-LOG-06-DATA_MIGRATION,ADM-LOG,GATE-01-OWNERSHIP;GATE-02-CONSUMER;GATE-03-HTTP-API;GATE-05-DB-QUERY;GATE-10-CRYPTO-PRIVACY;GATE-11-OPS-AUDIT;GATE-12-OBSERVABILITY;GATE-14-FRONTEND;GATE-16-COMPATIBILITY;GATE-18-TEST-EVIDENCE;GATE-19-DOC-SUPPORT;GATE-20-HYGIENE;GATE-21-TIME,STD-NIST-SSDF;STD-OAS;STD-OTEL;STD-OWASP-API;STD-RFC9457;STD-TRACE;STD-WCAG
CPF-WP-ADM-BATCH-01-CONTRACT_OWNERSHIP,ADM-BATCH,GATE-01-OWNERSHIP;GATE-02-CONSUMER;GATE-03-HTTP-API;GATE-06-STATE-IDEMP;GATE-07-MULTI-INSTANCE;GATE-11-OPS-AUDIT;GATE-14-FRONTEND;GATE-18-TEST-EVIDENCE;GATE-19-DOC-SUPPORT;GATE-20-HYGIENE,STD-NIST-SSDF;STD-OAS;STD-OWASP-API;STD-RFC9457;STD-WCAG
CPF-WP-ADM-BATCH-02-IMPLEMENTATION_CONSUMER,ADM-BATCH,GATE-01-OWNERSHIP;GATE-02-CONSUMER;GATE-03-HTTP-API;GATE-06-STATE-IDEMP;GATE-07-MULTI-INSTANCE;GATE-11-OPS-AUDIT;GATE-14-FRONTEND;GATE-18-TEST-EVIDENCE;GATE-19-DOC-SUPPORT;GATE-20-HYGIENE,STD-NIST-SSDF;STD-OAS;STD-OWASP-API;STD-RFC9457;STD-WCAG
CPF-WP-ADM-BATCH-03-VERIFICATION_EVIDENCE,ADM-BATCH,GATE-01-OWNERSHIP;GATE-02-CONSUMER;GATE-03-HTTP-API;GATE-06-STATE-IDEMP;GATE-07-MULTI-INSTANCE;GATE-11-OPS-AUDIT;GATE-14-FRONTEND;GATE-18-TEST-EVIDENCE;GATE-19-DOC-SUPPORT;GATE-20-HYGIENE,STD-NIST-SSDF;STD-OAS;STD-OWASP-API;STD-RFC9457;STD-WCAG
CPF-WP-ADM-BATCH-04-FAILURE_RECOVERY,ADM-BATCH,GATE-01-OWNERSHIP;GATE-02-CONSUMER;GATE-03-HTTP-API;GATE-06-STATE-IDEMP;GATE-07-MULTI-INSTANCE;GATE-08-UNKNOWN-RECOVERY;GATE-11-OPS-AUDIT;GATE-14-FRONTEND;GATE-18-TEST-EVIDENCE;GATE-19-DOC-SUPPORT;GATE-20-HYGIENE,STD-NIST-SSDF;STD-OAS;STD-OWASP-API;STD-RFC9457;STD-WCAG
CPF-WP-ADM-BATCH-05-OPERATIONS_SECURITY,ADM-BATCH,GATE-01-OWNERSHIP;GATE-02-CONSUMER;GATE-03-HTTP-API;GATE-06-STATE-IDEMP;GATE-07-MULTI-INSTANCE;GATE-09-SECURITY;GATE-11-OPS-AUDIT;GATE-14-FRONTEND;GATE-18-TEST-EVIDENCE;GATE-19-DOC-SUPPORT;GATE-20-HYGIENE,STD-CISA-SBD;STD-NIST-SSDF;STD-OAS;STD-OWASP-API;STD-OWASP-ASVS;STD-RFC9457;STD-WCAG
CPF-WP-ADM-CENTER-01-CONTRACT_OWNERSHIP,ADM-CENTER,GATE-01-OWNERSHIP;GATE-02-CONSUMER;GATE-03-HTTP-API;GATE-07-MULTI-INSTANCE;GATE-08-UNKNOWN-RECOVERY;GATE-11-OPS-AUDIT;GATE-14-FRONTEND;GATE-18-TEST-EVIDENCE;GATE-19-DOC-SUPPORT;GATE-20-HYGIENE,STD-NIST-SSDF;STD-OAS;STD-OWASP-API;STD-RFC9457;STD-WCAG
CPF-WP-ADM-CENTER-02-IMPLEMENTATION_CONSUMER,ADM-CENTER,GATE-01-OWNERSHIP;GATE-02-CONSUMER;GATE-03-HTTP-API;GATE-07-MULTI-INSTANCE;GATE-08-UNKNOWN-RECOVERY;GATE-11-OPS-AUDIT;GATE-14-FRONTEND;GATE-18-TEST-EVIDENCE;GATE-19-DOC-SUPPORT;GATE-20-HYGIENE,STD-NIST-SSDF;STD-OAS;STD-OWASP-API;STD-RFC9457;STD-WCAG
CPF-WP-ADM-CENTER-03-VERIFICATION_EVIDENCE,ADM-CENTER,GATE-01-OWNERSHIP;GATE-02-CONSUMER;GATE-03-HTTP-API;GATE-07-MULTI-INSTANCE;GATE-08-UNKNOWN-RECOVERY;GATE-11-OPS-AUDIT;GATE-14-FRONTEND;GATE-18-TEST-EVIDENCE;GATE-19-DOC-SUPPORT;GATE-20-HYGIENE,STD-NIST-SSDF;STD-OAS;STD-OWASP-API;STD-RFC9457;STD-WCAG
CPF-WP-ADM-CENTER-04-FAILURE_RECOVERY,ADM-CENTER,GATE-01-OWNERSHIP;GATE-02-CONSUMER;GATE-03-HTTP-API;GATE-06-STATE-IDEMP;GATE-07-MULTI-INSTANCE;GATE-08-UNKNOWN-RECOVERY;GATE-11-OPS-AUDIT;GATE-14-FRONTEND;GATE-18-TEST-EVIDENCE;GATE-19-DOC-SUPPORT;GATE-20-HYGIENE,STD-NIST-SSDF;STD-OAS;STD-OWASP-API;STD-RFC9457;STD-WCAG
CPF-WP-ADM-CENTER-05-OPERATIONS_SECURITY,ADM-CENTER,GATE-01-OWNERSHIP;GATE-02-CONSUMER;GATE-03-HTTP-API;GATE-07-MULTI-INSTANCE;GATE-08-UNKNOWN-RECOVERY;GATE-09-SECURITY;GATE-11-OPS-AUDIT;GATE-14-FRONTEND;GATE-18-TEST-EVIDENCE;GATE-19-DOC-SUPPORT;GATE-20-HYGIENE,STD-CISA-SBD;STD-NIST-SSDF;STD-OAS;STD-OWASP-API;STD-OWASP-ASVS;STD-RFC9457;STD-WCAG
CPF-WP-ADM-AGENT-01-CONTRACT_OWNERSHIP,ADM-AGENT,GATE-01-OWNERSHIP;GATE-02-CONSUMER;GATE-03-HTTP-API;GATE-07-MULTI-INSTANCE;GATE-11-OPS-AUDIT;GATE-14-FRONTEND;GATE-17-SUPPLY-CHAIN;GATE-18-TEST-EVIDENCE;GATE-19-DOC-SUPPORT;GATE-20-HYGIENE,STD-CYCLONEDX;STD-NIST-SSDF;STD-OAS;STD-OWASP-API;STD-RFC9457;STD-SCRUM;STD-SLSA;STD-WCAG
CPF-WP-ADM-AGENT-02-IMPLEMENTATION_CONSUMER,ADM-AGENT,GATE-01-OWNERSHIP;GATE-02-CONSUMER;GATE-03-HTTP-API;GATE-07-MULTI-INSTANCE;GATE-11-OPS-AUDIT;GATE-14-FRONTEND;GATE-17-SUPPLY-CHAIN;GATE-18-TEST-EVIDENCE;GATE-19-DOC-SUPPORT;GATE-20-HYGIENE,STD-CYCLONEDX;STD-NIST-SSDF;STD-OAS;STD-OWASP-API;STD-RFC9457;STD-SCRUM;STD-SLSA;STD-WCAG
CPF-WP-ADM-AGENT-03-VERIFICATION_EVIDENCE,ADM-AGENT,GATE-01-OWNERSHIP;GATE-02-CONSUMER;GATE-03-HTTP-API;GATE-07-MULTI-INSTANCE;GATE-11-OPS-AUDIT;GATE-14-FRONTEND;GATE-17-SUPPLY-CHAIN;GATE-18-TEST-EVIDENCE;GATE-19-DOC-SUPPORT;GATE-20-HYGIENE,STD-CYCLONEDX;STD-NIST-SSDF;STD-OAS;STD-OWASP-API;STD-RFC9457;STD-SCRUM;STD-SLSA;STD-WCAG
CPF-WP-ADM-AGENT-04-FAILURE_RECOVERY,ADM-AGENT,GATE-01-OWNERSHIP;GATE-02-CONSUMER;GATE-03-HTTP-API;GATE-06-STATE-IDEMP;GATE-07-MULTI-INSTANCE;GATE-08-UNKNOWN-RECOVERY;GATE-11-OPS-AUDIT;GATE-14-FRONTEND;GATE-17-SUPPLY-CHAIN;GATE-18-TEST-EVIDENCE;GATE-19-DOC-SUPPORT;GATE-20-HYGIENE,STD-CYCLONEDX;STD-NIST-SSDF;STD-OAS;STD-OWASP-API;STD-RFC9457;STD-SCRUM;STD-SLSA;STD-WCAG
CPF-WP-ADM-AGENT-05-OPERATIONS_SECURITY,ADM-AGENT,GATE-01-OWNERSHIP;GATE-02-CONSUMER;GATE-03-HTTP-API;GATE-07-MULTI-INSTANCE;GATE-09-SECURITY;GATE-11-OPS-AUDIT;GATE-14-FRONTEND;GATE-17-SUPPLY-CHAIN;GATE-18-TEST-EVIDENCE;GATE-19-DOC-SUPPORT;GATE-20-HYGIENE,STD-CISA-SBD;STD-CYCLONEDX;STD-NIST-SSDF;STD-OAS;STD-OWASP-API;STD-OWASP-ASVS;STD-RFC9457;STD-SCRUM;STD-SLSA;STD-WCAG
CPF-WP-ADM-AGENT-06-GENERATION_COMPATIBILITY,ADM-AGENT,GATE-01-OWNERSHIP;GATE-02-CONSUMER;GATE-03-HTTP-API;GATE-07-MULTI-INSTANCE;GATE-11-OPS-AUDIT;GATE-14-FRONTEND;GATE-15-GENERATOR;GATE-16-COMPATIBILITY;GATE-17-SUPPLY-CHAIN;GATE-18-TEST-EVIDENCE;GATE-19-DOC-SUPPORT;GATE-20-HYGIENE,STD-CYCLONEDX;STD-NIST-SSDF;STD-OAS;STD-OWASP-API;STD-RFC9457;STD-SCRUM;STD-SLSA;STD-WCAG
CPF-WP-ADM-EXS-01-CONTRACT_OWNERSHIP,ADM-EXS,GATE-01-OWNERSHIP;GATE-02-CONSUMER;GATE-03-HTTP-API;GATE-08-UNKNOWN-RECOVERY;GATE-10-CRYPTO-PRIVACY;GATE-11-OPS-AUDIT;GATE-12-OBSERVABILITY;GATE-14-FRONTEND;GATE-18-TEST-EVIDENCE;GATE-19-DOC-SUPPORT;GATE-20-HYGIENE;GATE-21-TIME,STD-NIST-SSDF;STD-OAS;STD-OTEL;STD-OWASP-API;STD-RFC9457;STD-TRACE;STD-WCAG
CPF-WP-ADM-EXS-02-IMPLEMENTATION_CONSUMER,ADM-EXS,GATE-01-OWNERSHIP;GATE-02-CONSUMER;GATE-03-HTTP-API;GATE-08-UNKNOWN-RECOVERY;GATE-10-CRYPTO-PRIVACY;GATE-11-OPS-AUDIT;GATE-12-OBSERVABILITY;GATE-14-FRONTEND;GATE-18-TEST-EVIDENCE;GATE-19-DOC-SUPPORT;GATE-20-HYGIENE;GATE-21-TIME,STD-NIST-SSDF;STD-OAS;STD-OTEL;STD-OWASP-API;STD-RFC9457;STD-TRACE;STD-WCAG
CPF-WP-ADM-EXS-03-VERIFICATION_EVIDENCE,ADM-EXS,GATE-01-OWNERSHIP;GATE-02-CONSUMER;GATE-03-HTTP-API;GATE-08-UNKNOWN-RECOVERY;GATE-10-CRYPTO-PRIVACY;GATE-11-OPS-AUDIT;GATE-12-OBSERVABILITY;GATE-14-FRONTEND;GATE-18-TEST-EVIDENCE;GATE-19-DOC-SUPPORT;GATE-20-HYGIENE;GATE-21-TIME,STD-NIST-SSDF;STD-OAS;STD-OTEL;STD-OWASP-API;STD-RFC9457;STD-TRACE;STD-WCAG
CPF-WP-ADM-EXS-04-FAILURE_RECOVERY,ADM-EXS,GATE-01-OWNERSHIP;GATE-02-CONSUMER;GATE-03-HTTP-API;GATE-06-STATE-IDEMP;GATE-08-UNKNOWN-RECOVERY;GATE-10-CRYPTO-PRIVACY;GATE-11-OPS-AUDIT;GATE-12-OBSERVABILITY;GATE-14-FRONTEND;GATE-18-TEST-EVIDENCE;GATE-19-DOC-SUPPORT;GATE-20-HYGIENE;GATE-21-TIME,STD-NIST-SSDF;STD-OAS;STD-OTEL;STD-OWASP-API;STD-RFC9457;STD-TRACE;STD-WCAG
CPF-WP-ADM-EXS-05-OPERATIONS_SECURITY,ADM-EXS,GATE-01-OWNERSHIP;GATE-02-CONSUMER;GATE-03-HTTP-API;GATE-08-UNKNOWN-RECOVERY;GATE-09-SECURITY;GATE-10-CRYPTO-PRIVACY;GATE-11-OPS-AUDIT;GATE-12-OBSERVABILITY;GATE-14-FRONTEND;GATE-18-TEST-EVIDENCE;GATE-19-DOC-SUPPORT;GATE-20-HYGIENE;GATE-21-TIME,STD-CISA-SBD;STD-NIST-SSDF;STD-OAS;STD-OTEL;STD-OWASP-API;STD-OWASP-ASVS;STD-RFC9457;STD-TRACE;STD-WCAG
CPF-WP-ADM-RECOVERY-01-CONTRACT_OWNERSHIP,ADM-RECOVERY,GATE-01-OWNERSHIP;GATE-02-CONSUMER;GATE-03-HTTP-API;GATE-07-MULTI-INSTANCE;GATE-08-UNKNOWN-RECOVERY;GATE-11-OPS-AUDIT;GATE-14-FRONTEND;GATE-18-TEST-EVIDENCE;GATE-19-DOC-SUPPORT;GATE-20-HYGIENE,STD-NIST-SSDF;STD-OAS;STD-OWASP-API;STD-RFC9457;STD-WCAG
CPF-WP-ADM-RECOVERY-02-IMPLEMENTATION_CONSUMER,ADM-RECOVERY,GATE-01-OWNERSHIP;GATE-02-CONSUMER;GATE-03-HTTP-API;GATE-07-MULTI-INSTANCE;GATE-08-UNKNOWN-RECOVERY;GATE-11-OPS-AUDIT;GATE-14-FRONTEND;GATE-18-TEST-EVIDENCE;GATE-19-DOC-SUPPORT;GATE-20-HYGIENE,STD-NIST-SSDF;STD-OAS;STD-OWASP-API;STD-RFC9457;STD-WCAG
CPF-WP-ADM-RECOVERY-03-VERIFICATION_EVIDENCE,ADM-RECOVERY,GATE-01-OWNERSHIP;GATE-02-CONSUMER;GATE-03-HTTP-API;GATE-07-MULTI-INSTANCE;GATE-08-UNKNOWN-RECOVERY;GATE-11-OPS-AUDIT;GATE-14-FRONTEND;GATE-18-TEST-EVIDENCE;GATE-19-DOC-SUPPORT;GATE-20-HYGIENE,STD-NIST-SSDF;STD-OAS;STD-OWASP-API;STD-RFC9457;STD-WCAG
CPF-WP-ADM-RECOVERY-04-FAILURE_RECOVERY,ADM-RECOVERY,GATE-01-OWNERSHIP;GATE-02-CONSUMER;GATE-03-HTTP-API;GATE-06-STATE-IDEMP;GATE-07-MULTI-INSTANCE;GATE-08-UNKNOWN-RECOVERY;GATE-11-OPS-AUDIT;GATE-14-FRONTEND;GATE-18-TEST-EVIDENCE;GATE-19-DOC-SUPPORT;GATE-20-HYGIENE,STD-NIST-SSDF;STD-OAS;STD-OWASP-API;STD-RFC9457;STD-WCAG
CPF-WP-ADM-RECOVERY-05-OPERATIONS_SECURITY,ADM-RECOVERY,GATE-01-OWNERSHIP;GATE-02-CONSUMER;GATE-03-HTTP-API;GATE-07-MULTI-INSTANCE;GATE-08-UNKNOWN-RECOVERY;GATE-09-SECURITY;GATE-11-OPS-AUDIT;GATE-14-FRONTEND;GATE-18-TEST-EVIDENCE;GATE-19-DOC-SUPPORT;GATE-20-HYGIENE,STD-CISA-SBD;STD-NIST-SSDF;STD-OAS;STD-OWASP-API;STD-OWASP-ASVS;STD-RFC9457;STD-WCAG
CPF-WP-ADM-INCIDENT-01-CONTRACT_OWNERSHIP,ADM-INCIDENT,GATE-01-OWNERSHIP;GATE-02-CONSUMER;GATE-03-HTTP-API;GATE-06-STATE-IDEMP;GATE-11-OPS-AUDIT;GATE-12-OBSERVABILITY;GATE-14-FRONTEND;GATE-18-TEST-EVIDENCE;GATE-19-DOC-SUPPORT;GATE-20-HYGIENE,STD-NIST-SSDF;STD-OAS;STD-OTEL;STD-OWASP-API;STD-RFC9457;STD-TRACE;STD-WCAG
CPF-WP-ADM-INCIDENT-02-IMPLEMENTATION_CONSUMER,ADM-INCIDENT,GATE-01-OWNERSHIP;GATE-02-CONSUMER;GATE-03-HTTP-API;GATE-06-STATE-IDEMP;GATE-11-OPS-AUDIT;GATE-12-OBSERVABILITY;GATE-14-FRONTEND;GATE-18-TEST-EVIDENCE;GATE-19-DOC-SUPPORT;GATE-20-HYGIENE,STD-NIST-SSDF;STD-OAS;STD-OTEL;STD-OWASP-API;STD-RFC9457;STD-TRACE;STD-WCAG
CPF-WP-ADM-INCIDENT-03-VERIFICATION_EVIDENCE,ADM-INCIDENT,GATE-01-OWNERSHIP;GATE-02-CONSUMER;GATE-03-HTTP-API;GATE-06-STATE-IDEMP;GATE-11-OPS-AUDIT;GATE-12-OBSERVABILITY;GATE-14-FRONTEND;GATE-18-TEST-EVIDENCE;GATE-19-DOC-SUPPORT;GATE-20-HYGIENE,STD-NIST-SSDF;STD-OAS;STD-OTEL;STD-OWASP-API;STD-RFC9457;STD-TRACE;STD-WCAG
CPF-WP-ADM-INCIDENT-04-FAILURE_RECOVERY,ADM-INCIDENT,GATE-01-OWNERSHIP;GATE-02-CONSUMER;GATE-03-HTTP-API;GATE-06-STATE-IDEMP;GATE-08-UNKNOWN-RECOVERY;GATE-11-OPS-AUDIT;GATE-12-OBSERVABILITY;GATE-14-FRONTEND;GATE-18-TEST-EVIDENCE;GATE-19-DOC-SUPPORT;GATE-20-HYGIENE,STD-NIST-SSDF;STD-OAS;STD-OTEL;STD-OWASP-API;STD-RFC9457;STD-TRACE;STD-WCAG
CPF-WP-ADM-INCIDENT-05-OPERATIONS_SECURITY,ADM-INCIDENT,GATE-01-OWNERSHIP;GATE-02-CONSUMER;GATE-03-HTTP-API;GATE-06-STATE-IDEMP;GATE-09-SECURITY;GATE-11-OPS-AUDIT;GATE-12-OBSERVABILITY;GATE-14-FRONTEND;GATE-18-TEST-EVIDENCE;GATE-19-DOC-SUPPORT;GATE-20-HYGIENE,STD-CISA-SBD;STD-NIST-SSDF;STD-OAS;STD-OTEL;STD-OWASP-API;STD-OWASP-ASVS;STD-RFC9457;STD-TRACE;STD-WCAG
CPF-WP-ADM-UX-01-CONTRACT_OWNERSHIP,ADM-UX,GATE-01-OWNERSHIP;GATE-02-CONSUMER;GATE-03-HTTP-API;GATE-10-CRYPTO-PRIVACY;GATE-11-OPS-AUDIT;GATE-14-FRONTEND;GATE-18-TEST-EVIDENCE;GATE-19-DOC-SUPPORT;GATE-20-HYGIENE,STD-NIST-SSDF;STD-OAS;STD-OWASP-API;STD-RFC9457;STD-WCAG
CPF-WP-ADM-UX-02-IMPLEMENTATION_CONSUMER,ADM-UX,GATE-01-OWNERSHIP;GATE-02-CONSUMER;GATE-03-HTTP-API;GATE-10-CRYPTO-PRIVACY;GATE-11-OPS-AUDIT;GATE-14-FRONTEND;GATE-18-TEST-EVIDENCE;GATE-19-DOC-SUPPORT;GATE-20-HYGIENE,STD-NIST-SSDF;STD-OAS;STD-OWASP-API;STD-RFC9457;STD-WCAG
CPF-WP-ADM-UX-03-VERIFICATION_EVIDENCE,ADM-UX,GATE-01-OWNERSHIP;GATE-02-CONSUMER;GATE-03-HTTP-API;GATE-10-CRYPTO-PRIVACY;GATE-11-OPS-AUDIT;GATE-14-FRONTEND;GATE-18-TEST-EVIDENCE;GATE-19-DOC-SUPPORT;GATE-20-HYGIENE,STD-NIST-SSDF;STD-OAS;STD-OWASP-API;STD-RFC9457;STD-WCAG
CPF-WP-ADM-UX-04-OPERATIONS_SECURITY,ADM-UX,GATE-01-OWNERSHIP;GATE-02-CONSUMER;GATE-03-HTTP-API;GATE-09-SECURITY;GATE-10-CRYPTO-PRIVACY;GATE-11-OPS-AUDIT;GATE-14-FRONTEND;GATE-18-TEST-EVIDENCE;GATE-19-DOC-SUPPORT;GATE-20-HYGIENE,STD-CISA-SBD;STD-NIST-SSDF;STD-OAS;STD-OWASP-API;STD-OWASP-ASVS;STD-RFC9457;STD-WCAG
CPF-WP-ADM-APPROVAL-01-CONTRACT_OWNERSHIP,ADM-APPROVAL,GATE-01-OWNERSHIP;GATE-02-CONSUMER;GATE-03-HTTP-API;GATE-06-STATE-IDEMP;GATE-11-OPS-AUDIT;GATE-14-FRONTEND;GATE-16-COMPATIBILITY;GATE-18-TEST-EVIDENCE;GATE-19-DOC-SUPPORT;GATE-20-HYGIENE;GATE-21-TIME,STD-NIST-SSDF;STD-OAS;STD-OWASP-API;STD-RFC9457;STD-WCAG
CPF-WP-ADM-APPROVAL-02-IMPLEMENTATION_CONSUMER,ADM-APPROVAL,GATE-01-OWNERSHIP;GATE-02-CONSUMER;GATE-03-HTTP-API;GATE-06-STATE-IDEMP;GATE-11-OPS-AUDIT;GATE-14-FRONTEND;GATE-16-COMPATIBILITY;GATE-18-TEST-EVIDENCE;GATE-19-DOC-SUPPORT;GATE-20-HYGIENE;GATE-21-TIME,STD-NIST-SSDF;STD-OAS;STD-OWASP-API;STD-RFC9457;STD-WCAG
CPF-WP-ADM-APPROVAL-03-VERIFICATION_EVIDENCE,ADM-APPROVAL,GATE-01-OWNERSHIP;GATE-02-CONSUMER;GATE-03-HTTP-API;GATE-06-STATE-IDEMP;GATE-11-OPS-AUDIT;GATE-14-FRONTEND;GATE-16-COMPATIBILITY;GATE-18-TEST-EVIDENCE;GATE-19-DOC-SUPPORT;GATE-20-HYGIENE;GATE-21-TIME,STD-NIST-SSDF;STD-OAS;STD-OWASP-API;STD-RFC9457;STD-WCAG
CPF-WP-ADM-APPROVAL-04-FAILURE_RECOVERY,ADM-APPROVAL,GATE-01-OWNERSHIP;GATE-02-CONSUMER;GATE-03-HTTP-API;GATE-06-STATE-IDEMP;GATE-08-UNKNOWN-RECOVERY;GATE-11-OPS-AUDIT;GATE-14-FRONTEND;GATE-16-COMPATIBILITY;GATE-18-TEST-EVIDENCE;GATE-19-DOC-SUPPORT;GATE-20-HYGIENE;GATE-21-TIME,STD-NIST-SSDF;STD-OAS;STD-OWASP-API;STD-RFC9457;STD-WCAG
CPF-WP-ADM-APPROVAL-05-OPERATIONS_SECURITY,ADM-APPROVAL,GATE-01-OWNERSHIP;GATE-02-CONSUMER;GATE-03-HTTP-API;GATE-06-STATE-IDEMP;GATE-09-SECURITY;GATE-11-OPS-AUDIT;GATE-14-FRONTEND;GATE-16-COMPATIBILITY;GATE-18-TEST-EVIDENCE;GATE-19-DOC-SUPPORT;GATE-20-HYGIENE;GATE-21-TIME,STD-CISA-SBD;STD-NIST-SSDF;STD-OAS;STD-OWASP-API;STD-OWASP-ASVS;STD-RFC9457;STD-WCAG
CPF-WP-ADM-APPROVAL-06-GENERATION_COMPATIBILITY,ADM-APPROVAL,GATE-01-OWNERSHIP;GATE-02-CONSUMER;GATE-03-HTTP-API;GATE-06-STATE-IDEMP;GATE-11-OPS-AUDIT;GATE-14-FRONTEND;GATE-15-GENERATOR;GATE-16-COMPATIBILITY;GATE-18-TEST-EVIDENCE;GATE-19-DOC-SUPPORT;GATE-20-HYGIENE;GATE-21-TIME,STD-NIST-SSDF;STD-OAS;STD-OWASP-API;STD-RFC9457;STD-WCAG
CPF-WP-BZA-BUSINESS-01-CONTRACT_OWNERSHIP,BZA-BUSINESS,GATE-01-OWNERSHIP;GATE-02-CONSUMER;GATE-03-HTTP-API;GATE-06-STATE-IDEMP;GATE-10-CRYPTO-PRIVACY;GATE-11-OPS-AUDIT;GATE-14-FRONTEND;GATE-18-TEST-EVIDENCE;GATE-20-HYGIENE,STD-NIST-SSDF;STD-OAS;STD-OWASP-API;STD-RFC9457;STD-WCAG
CPF-WP-BZA-BUSINESS-02-IMPLEMENTATION_CONSUMER,BZA-BUSINESS,GATE-01-OWNERSHIP;GATE-02-CONSUMER;GATE-03-HTTP-API;GATE-06-STATE-IDEMP;GATE-10-CRYPTO-PRIVACY;GATE-11-OPS-AUDIT;GATE-14-FRONTEND;GATE-18-TEST-EVIDENCE;GATE-20-HYGIENE,STD-NIST-SSDF;STD-OAS;STD-OWASP-API;STD-RFC9457;STD-WCAG
CPF-WP-BZA-BUSINESS-03-VERIFICATION_EVIDENCE,BZA-BUSINESS,GATE-01-OWNERSHIP;GATE-02-CONSUMER;GATE-03-HTTP-API;GATE-06-STATE-IDEMP;GATE-10-CRYPTO-PRIVACY;GATE-11-OPS-AUDIT;GATE-14-FRONTEND;GATE-18-TEST-EVIDENCE;GATE-20-HYGIENE,STD-NIST-SSDF;STD-OAS;STD-OWASP-API;STD-RFC9457;STD-WCAG
CPF-WP-BZA-BUSINESS-04-FAILURE_RECOVERY,BZA-BUSINESS,GATE-01-OWNERSHIP;GATE-02-CONSUMER;GATE-03-HTTP-API;GATE-06-STATE-IDEMP;GATE-08-UNKNOWN-RECOVERY;GATE-10-CRYPTO-PRIVACY;GATE-11-OPS-AUDIT;GATE-14-FRONTEND;GATE-18-TEST-EVIDENCE;GATE-20-HYGIENE,STD-NIST-SSDF;STD-OAS;STD-OWASP-API;STD-RFC9457;STD-WCAG
CPF-WP-BZA-BUSINESS-05-OPERATIONS_SECURITY,BZA-BUSINESS,GATE-01-OWNERSHIP;GATE-02-CONSUMER;GATE-03-HTTP-API;GATE-06-STATE-IDEMP;GATE-09-SECURITY;GATE-10-CRYPTO-PRIVACY;GATE-11-OPS-AUDIT;GATE-14-FRONTEND;GATE-18-TEST-EVIDENCE;GATE-20-HYGIENE,STD-CISA-SBD;STD-NIST-SSDF;STD-OAS;STD-OWASP-API;STD-OWASP-ASVS;STD-RFC9457;STD-WCAG
CPF-WP-BZA-ORG-01-CONTRACT_OWNERSHIP,BZA-ORG,GATE-01-OWNERSHIP;GATE-02-CONSUMER;GATE-03-HTTP-API;GATE-10-CRYPTO-PRIVACY;GATE-11-OPS-AUDIT;GATE-14-FRONTEND;GATE-18-TEST-EVIDENCE;GATE-20-HYGIENE,STD-NIST-SSDF;STD-OAS;STD-OWASP-API;STD-RFC9457;STD-WCAG
CPF-WP-BZA-ORG-02-IMPLEMENTATION_CONSUMER,BZA-ORG,GATE-01-OWNERSHIP;GATE-02-CONSUMER;GATE-03-HTTP-API;GATE-10-CRYPTO-PRIVACY;GATE-11-OPS-AUDIT;GATE-14-FRONTEND;GATE-18-TEST-EVIDENCE;GATE-20-HYGIENE,STD-NIST-SSDF;STD-OAS;STD-OWASP-API;STD-RFC9457;STD-WCAG
CPF-WP-BZA-ORG-03-VERIFICATION_EVIDENCE,BZA-ORG,GATE-01-OWNERSHIP;GATE-02-CONSUMER;GATE-03-HTTP-API;GATE-10-CRYPTO-PRIVACY;GATE-11-OPS-AUDIT;GATE-14-FRONTEND;GATE-18-TEST-EVIDENCE;GATE-20-HYGIENE,STD-NIST-SSDF;STD-OAS;STD-OWASP-API;STD-RFC9457;STD-WCAG
CPF-WP-BZA-ORG-04-FAILURE_RECOVERY,BZA-ORG,GATE-01-OWNERSHIP;GATE-02-CONSUMER;GATE-03-HTTP-API;GATE-06-STATE-IDEMP;GATE-08-UNKNOWN-RECOVERY;GATE-10-CRYPTO-PRIVACY;GATE-11-OPS-AUDIT;GATE-14-FRONTEND;GATE-18-TEST-EVIDENCE;GATE-20-HYGIENE,STD-NIST-SSDF;STD-OAS;STD-OWASP-API;STD-RFC9457;STD-WCAG
CPF-WP-BZA-ORG-05-OPERATIONS_SECURITY,BZA-ORG,GATE-01-OWNERSHIP;GATE-02-CONSUMER;GATE-03-HTTP-API;GATE-09-SECURITY;GATE-10-CRYPTO-PRIVACY;GATE-11-OPS-AUDIT;GATE-14-FRONTEND;GATE-18-TEST-EVIDENCE;GATE-20-HYGIENE,STD-CISA-SBD;STD-NIST-SSDF;STD-OAS;STD-OWASP-API;STD-OWASP-ASVS;STD-RFC9457;STD-WCAG
CPF-WP-BZA-APPROVAL-01-CONTRACT_OWNERSHIP,BZA-APPROVAL,GATE-01-OWNERSHIP;GATE-02-CONSUMER;GATE-03-HTTP-API;GATE-06-STATE-IDEMP;GATE-11-OPS-AUDIT;GATE-14-FRONTEND;GATE-18-TEST-EVIDENCE;GATE-20-HYGIENE,STD-NIST-SSDF;STD-OAS;STD-OWASP-API;STD-RFC9457;STD-WCAG
CPF-WP-BZA-APPROVAL-02-IMPLEMENTATION_CONSUMER,BZA-APPROVAL,GATE-01-OWNERSHIP;GATE-02-CONSUMER;GATE-03-HTTP-API;GATE-06-STATE-IDEMP;GATE-11-OPS-AUDIT;GATE-14-FRONTEND;GATE-18-TEST-EVIDENCE;GATE-20-HYGIENE,STD-NIST-SSDF;STD-OAS;STD-OWASP-API;STD-RFC9457;STD-WCAG
CPF-WP-BZA-APPROVAL-03-VERIFICATION_EVIDENCE,BZA-APPROVAL,GATE-01-OWNERSHIP;GATE-02-CONSUMER;GATE-03-HTTP-API;GATE-06-STATE-IDEMP;GATE-11-OPS-AUDIT;GATE-14-FRONTEND;GATE-18-TEST-EVIDENCE;GATE-20-HYGIENE,STD-NIST-SSDF;STD-OAS;STD-OWASP-API;STD-RFC9457;STD-WCAG
CPF-WP-BZA-APPROVAL-04-FAILURE_RECOVERY,BZA-APPROVAL,GATE-01-OWNERSHIP;GATE-02-CONSUMER;GATE-03-HTTP-API;GATE-06-STATE-IDEMP;GATE-08-UNKNOWN-RECOVERY;GATE-11-OPS-AUDIT;GATE-14-FRONTEND;GATE-18-TEST-EVIDENCE;GATE-20-HYGIENE,STD-NIST-SSDF;STD-OAS;STD-OWASP-API;STD-RFC9457;STD-WCAG
CPF-WP-BZA-APPROVAL-05-OPERATIONS_SECURITY,BZA-APPROVAL,GATE-01-OWNERSHIP;GATE-02-CONSUMER;GATE-03-HTTP-API;GATE-06-STATE-IDEMP;GATE-09-SECURITY;GATE-11-OPS-AUDIT;GATE-14-FRONTEND;GATE-18-TEST-EVIDENCE;GATE-20-HYGIENE,STD-CISA-SBD;STD-NIST-SSDF;STD-OAS;STD-OWASP-API;STD-OWASP-ASVS;STD-RFC9457;STD-WCAG
CPF-WP-BZA-SEQUENCE-SAMPLE-01-REFERENCE_RUNTIME,BZA-SEQUENCE-SAMPLE,GATE-01-OWNERSHIP;GATE-02-CONSUMER;GATE-03-HTTP-API;GATE-11-OPS-AUDIT;GATE-14-FRONTEND;GATE-15-GENERATOR;GATE-18-TEST-EVIDENCE;GATE-20-HYGIENE;GATE-21-TIME,STD-NIST-SSDF;STD-OAS;STD-OWASP-API;STD-RFC9457;STD-WCAG
CPF-WP-BZA-SEQUENCE-SAMPLE-02-FAILURE_PARITY,BZA-SEQUENCE-SAMPLE,GATE-01-OWNERSHIP;GATE-02-CONSUMER;GATE-03-HTTP-API;GATE-08-UNKNOWN-RECOVERY;GATE-11-OPS-AUDIT;GATE-14-FRONTEND;GATE-15-GENERATOR;GATE-18-TEST-EVIDENCE;GATE-20-HYGIENE;GATE-21-TIME,STD-NIST-SSDF;STD-OAS;STD-OWASP-API;STD-RFC9457;STD-WCAG
CPF-WP-BZA-SEQUENCE-SAMPLE-03-REGENERATION_EVIDENCE,BZA-SEQUENCE-SAMPLE,GATE-01-OWNERSHIP;GATE-02-CONSUMER;GATE-03-HTTP-API;GATE-11-OPS-AUDIT;GATE-14-FRONTEND;GATE-15-GENERATOR;GATE-18-TEST-EVIDENCE;GATE-20-HYGIENE;GATE-21-TIME,STD-NIST-SSDF;STD-OAS;STD-OWASP-API;STD-RFC9457;STD-WCAG
CPF-WP-SEC-AUTHN-01-CONTRACT_OWNERSHIP,SEC-AUTHN,GATE-01-OWNERSHIP;GATE-02-CONSUMER;GATE-09-SECURITY;GATE-10-CRYPTO-PRIVACY;GATE-18-TEST-EVIDENCE;GATE-20-HYGIENE,STD-CISA-SBD;STD-NIST-SSDF;STD-OWASP-ASVS
CPF-WP-SEC-AUTHN-02-IMPLEMENTATION_CONSUMER,SEC-AUTHN,GATE-01-OWNERSHIP;GATE-02-CONSUMER;GATE-09-SECURITY;GATE-10-CRYPTO-PRIVACY;GATE-18-TEST-EVIDENCE;GATE-20-HYGIENE,STD-CISA-SBD;STD-NIST-SSDF;STD-OWASP-ASVS
CPF-WP-SEC-AUTHN-03-VERIFICATION_EVIDENCE,SEC-AUTHN,GATE-01-OWNERSHIP;GATE-02-CONSUMER;GATE-09-SECURITY;GATE-10-CRYPTO-PRIVACY;GATE-18-TEST-EVIDENCE;GATE-20-HYGIENE,STD-CISA-SBD;STD-NIST-SSDF;STD-OWASP-ASVS
CPF-WP-SEC-AUTHN-04-FAILURE_RECOVERY,SEC-AUTHN,GATE-01-OWNERSHIP;GATE-02-CONSUMER;GATE-06-STATE-IDEMP;GATE-08-UNKNOWN-RECOVERY;GATE-09-SECURITY;GATE-10-CRYPTO-PRIVACY;GATE-18-TEST-EVIDENCE;GATE-20-HYGIENE,STD-CISA-SBD;STD-NIST-SSDF;STD-OWASP-ASVS
CPF-WP-SEC-AUTHN-05-OPERATIONS_SECURITY,SEC-AUTHN,GATE-01-OWNERSHIP;GATE-02-CONSUMER;GATE-09-SECURITY;GATE-10-CRYPTO-PRIVACY;GATE-11-OPS-AUDIT;GATE-18-TEST-EVIDENCE;GATE-20-HYGIENE,STD-CISA-SBD;STD-NIST-SSDF;STD-OWASP-ASVS
CPF-WP-SEC-AUTHZ-01-CONTRACT_OWNERSHIP,SEC-AUTHZ,GATE-01-OWNERSHIP;GATE-02-CONSUMER;GATE-09-SECURITY;GATE-10-CRYPTO-PRIVACY;GATE-13-PERFORMANCE;GATE-16-COMPATIBILITY;GATE-18-TEST-EVIDENCE;GATE-20-HYGIENE,STD-CISA-SBD;STD-NIST-SSDF;STD-OWASP-ASVS
CPF-WP-SEC-AUTHZ-02-IMPLEMENTATION_CONSUMER,SEC-AUTHZ,GATE-01-OWNERSHIP;GATE-02-CONSUMER;GATE-09-SECURITY;GATE-10-CRYPTO-PRIVACY;GATE-13-PERFORMANCE;GATE-16-COMPATIBILITY;GATE-18-TEST-EVIDENCE;GATE-20-HYGIENE,STD-CISA-SBD;STD-NIST-SSDF;STD-OWASP-ASVS
CPF-WP-SEC-AUTHZ-03-VERIFICATION_EVIDENCE,SEC-AUTHZ,GATE-01-OWNERSHIP;GATE-02-CONSUMER;GATE-09-SECURITY;GATE-10-CRYPTO-PRIVACY;GATE-13-PERFORMANCE;GATE-16-COMPATIBILITY;GATE-18-TEST-EVIDENCE;GATE-20-HYGIENE,STD-CISA-SBD;STD-NIST-SSDF;STD-OWASP-ASVS
CPF-WP-SEC-AUTHZ-04-OPERATIONS_SECURITY,SEC-AUTHZ,GATE-01-OWNERSHIP;GATE-02-CONSUMER;GATE-09-SECURITY;GATE-10-CRYPTO-PRIVACY;GATE-11-OPS-AUDIT;GATE-13-PERFORMANCE;GATE-16-COMPATIBILITY;GATE-18-TEST-EVIDENCE;GATE-20-HYGIENE,STD-CISA-SBD;STD-NIST-SSDF;STD-OWASP-ASVS
CPF-WP-SEC-AUTHZ-05-GENERATION_COMPATIBILITY,SEC-AUTHZ,GATE-01-OWNERSHIP;GATE-02-CONSUMER;GATE-09-SECURITY;GATE-10-CRYPTO-PRIVACY;GATE-13-PERFORMANCE;GATE-15-GENERATOR;GATE-16-COMPATIBILITY;GATE-18-TEST-EVIDENCE;GATE-20-HYGIENE,STD-CISA-SBD;STD-NIST-SSDF;STD-OWASP-ASVS
CPF-WP-SEC-SECRET-01-CONTRACT_OWNERSHIP,SEC-SECRET,GATE-01-OWNERSHIP;GATE-02-CONSUMER;GATE-09-SECURITY;GATE-10-CRYPTO-PRIVACY;GATE-12-OBSERVABILITY;GATE-18-TEST-EVIDENCE;GATE-20-HYGIENE,STD-CISA-SBD;STD-NIST-SSDF;STD-OTEL;STD-OWASP-ASVS;STD-TRACE
CPF-WP-SEC-SECRET-02-IMPLEMENTATION_CONSUMER,SEC-SECRET,GATE-01-OWNERSHIP;GATE-02-CONSUMER;GATE-09-SECURITY;GATE-10-CRYPTO-PRIVACY;GATE-12-OBSERVABILITY;GATE-18-TEST-EVIDENCE;GATE-20-HYGIENE,STD-CISA-SBD;STD-NIST-SSDF;STD-OTEL;STD-OWASP-ASVS;STD-TRACE
CPF-WP-SEC-SECRET-03-VERIFICATION_EVIDENCE,SEC-SECRET,GATE-01-OWNERSHIP;GATE-02-CONSUMER;GATE-09-SECURITY;GATE-10-CRYPTO-PRIVACY;GATE-12-OBSERVABILITY;GATE-18-TEST-EVIDENCE;GATE-20-HYGIENE,STD-CISA-SBD;STD-NIST-SSDF;STD-OTEL;STD-OWASP-ASVS;STD-TRACE
CPF-WP-SEC-SECRET-04-FAILURE_RECOVERY,SEC-SECRET,GATE-01-OWNERSHIP;GATE-02-CONSUMER;GATE-06-STATE-IDEMP;GATE-08-UNKNOWN-RECOVERY;GATE-09-SECURITY;GATE-10-CRYPTO-PRIVACY;GATE-12-OBSERVABILITY;GATE-18-TEST-EVIDENCE;GATE-20-HYGIENE,STD-CISA-SBD;STD-NIST-SSDF;STD-OTEL;STD-OWASP-ASVS;STD-TRACE
CPF-WP-SEC-SECRET-05-OPERATIONS_SECURITY,SEC-SECRET,GATE-01-OWNERSHIP;GATE-02-CONSUMER;GATE-09-SECURITY;GATE-10-CRYPTO-PRIVACY;GATE-11-OPS-AUDIT;GATE-12-OBSERVABILITY;GATE-18-TEST-EVIDENCE;GATE-20-HYGIENE,STD-CISA-SBD;STD-NIST-SSDF;STD-OTEL;STD-OWASP-ASVS;STD-TRACE
CPF-WP-SEC-CERT-01-CONTRACT_OWNERSHIP,SEC-CERT,GATE-01-OWNERSHIP;GATE-02-CONSUMER;GATE-09-SECURITY;GATE-10-CRYPTO-PRIVACY;GATE-12-OBSERVABILITY;GATE-18-TEST-EVIDENCE;GATE-20-HYGIENE;GATE-21-TIME,STD-CISA-SBD;STD-NIST-SSDF;STD-OTEL;STD-OWASP-ASVS;STD-TRACE
CPF-WP-SEC-CERT-02-IMPLEMENTATION_CONSUMER,SEC-CERT,GATE-01-OWNERSHIP;GATE-02-CONSUMER;GATE-09-SECURITY;GATE-10-CRYPTO-PRIVACY;GATE-12-OBSERVABILITY;GATE-18-TEST-EVIDENCE;GATE-20-HYGIENE;GATE-21-TIME,STD-CISA-SBD;STD-NIST-SSDF;STD-OTEL;STD-OWASP-ASVS;STD-TRACE
CPF-WP-SEC-CERT-03-VERIFICATION_EVIDENCE,SEC-CERT,GATE-01-OWNERSHIP;GATE-02-CONSUMER;GATE-09-SECURITY;GATE-10-CRYPTO-PRIVACY;GATE-12-OBSERVABILITY;GATE-18-TEST-EVIDENCE;GATE-20-HYGIENE;GATE-21-TIME,STD-CISA-SBD;STD-NIST-SSDF;STD-OTEL;STD-OWASP-ASVS;STD-TRACE
CPF-WP-SEC-CERT-04-OPERATIONS_SECURITY,SEC-CERT,GATE-01-OWNERSHIP;GATE-02-CONSUMER;GATE-09-SECURITY;GATE-10-CRYPTO-PRIVACY;GATE-11-OPS-AUDIT;GATE-12-OBSERVABILITY;GATE-18-TEST-EVIDENCE;GATE-20-HYGIENE;GATE-21-TIME,STD-CISA-SBD;STD-NIST-SSDF;STD-OTEL;STD-OWASP-ASVS;STD-TRACE
CPF-WP-SEC-PRIVACY-01-CONTRACT_OWNERSHIP,SEC-PRIVACY,GATE-01-OWNERSHIP;GATE-02-CONSUMER;GATE-09-SECURITY;GATE-10-CRYPTO-PRIVACY;GATE-11-OPS-AUDIT;GATE-12-OBSERVABILITY;GATE-18-TEST-EVIDENCE;GATE-20-HYGIENE;GATE-21-TIME,STD-CISA-SBD;STD-NIST-SSDF;STD-OTEL;STD-OWASP-ASVS;STD-TRACE
CPF-WP-SEC-PRIVACY-02-IMPLEMENTATION_CONSUMER,SEC-PRIVACY,GATE-01-OWNERSHIP;GATE-02-CONSUMER;GATE-09-SECURITY;GATE-10-CRYPTO-PRIVACY;GATE-11-OPS-AUDIT;GATE-12-OBSERVABILITY;GATE-18-TEST-EVIDENCE;GATE-20-HYGIENE;GATE-21-TIME,STD-CISA-SBD;STD-NIST-SSDF;STD-OTEL;STD-OWASP-ASVS;STD-TRACE
CPF-WP-SEC-PRIVACY-03-VERIFICATION_EVIDENCE,SEC-PRIVACY,GATE-01-OWNERSHIP;GATE-02-CONSUMER;GATE-09-SECURITY;GATE-10-CRYPTO-PRIVACY;GATE-11-OPS-AUDIT;GATE-12-OBSERVABILITY;GATE-18-TEST-EVIDENCE;GATE-20-HYGIENE;GATE-21-TIME,STD-CISA-SBD;STD-NIST-SSDF;STD-OTEL;STD-OWASP-ASVS;STD-TRACE
CPF-WP-SEC-PRIVACY-04-FAILURE_RECOVERY,SEC-PRIVACY,GATE-01-OWNERSHIP;GATE-02-CONSUMER;GATE-06-STATE-IDEMP;GATE-08-UNKNOWN-RECOVERY;GATE-09-SECURITY;GATE-10-CRYPTO-PRIVACY;GATE-11-OPS-AUDIT;GATE-12-OBSERVABILITY;GATE-18-TEST-EVIDENCE;GATE-20-HYGIENE;GATE-21-TIME,STD-CISA-SBD;STD-NIST-SSDF;STD-OTEL;STD-OWASP-ASVS;STD-TRACE
CPF-WP-SEC-PRIVACY-05-OPERATIONS_SECURITY,SEC-PRIVACY,GATE-01-OWNERSHIP;GATE-02-CONSUMER;GATE-09-SECURITY;GATE-10-CRYPTO-PRIVACY;GATE-11-OPS-AUDIT;GATE-12-OBSERVABILITY;GATE-18-TEST-EVIDENCE;GATE-20-HYGIENE;GATE-21-TIME,STD-CISA-SBD;STD-NIST-SSDF;STD-OTEL;STD-OWASP-ASVS;STD-TRACE
CPF-WP-SEC-PRIVACY-06-DATA_MIGRATION,SEC-PRIVACY,GATE-01-OWNERSHIP;GATE-02-CONSUMER;GATE-05-DB-QUERY;GATE-09-SECURITY;GATE-10-CRYPTO-PRIVACY;GATE-11-OPS-AUDIT;GATE-12-OBSERVABILITY;GATE-16-COMPATIBILITY;GATE-18-TEST-EVIDENCE;GATE-20-HYGIENE;GATE-21-TIME,STD-CISA-SBD;STD-NIST-SSDF;STD-OTEL;STD-OWASP-ASVS;STD-TRACE
CPF-WP-SEC-DOWNLOAD-01-CONTRACT_OWNERSHIP,SEC-DOWNLOAD,GATE-01-OWNERSHIP;GATE-02-CONSUMER;GATE-09-SECURITY;GATE-10-CRYPTO-PRIVACY;GATE-11-OPS-AUDIT;GATE-18-TEST-EVIDENCE;GATE-20-HYGIENE;GATE-21-TIME,STD-CISA-SBD;STD-NIST-SSDF;STD-OWASP-ASVS
CPF-WP-SEC-DOWNLOAD-02-IMPLEMENTATION_CONSUMER,SEC-DOWNLOAD,GATE-01-OWNERSHIP;GATE-02-CONSUMER;GATE-09-SECURITY;GATE-10-CRYPTO-PRIVACY;GATE-11-OPS-AUDIT;GATE-18-TEST-EVIDENCE;GATE-20-HYGIENE;GATE-21-TIME,STD-CISA-SBD;STD-NIST-SSDF;STD-OWASP-ASVS
CPF-WP-SEC-DOWNLOAD-03-VERIFICATION_EVIDENCE,SEC-DOWNLOAD,GATE-01-OWNERSHIP;GATE-02-CONSUMER;GATE-09-SECURITY;GATE-10-CRYPTO-PRIVACY;GATE-11-OPS-AUDIT;GATE-18-TEST-EVIDENCE;GATE-20-HYGIENE;GATE-21-TIME,STD-CISA-SBD;STD-NIST-SSDF;STD-OWASP-ASVS
CPF-WP-SEC-DOWNLOAD-04-OPERATIONS_SECURITY,SEC-DOWNLOAD,GATE-01-OWNERSHIP;GATE-02-CONSUMER;GATE-09-SECURITY;GATE-10-CRYPTO-PRIVACY;GATE-11-OPS-AUDIT;GATE-18-TEST-EVIDENCE;GATE-20-HYGIENE;GATE-21-TIME,STD-CISA-SBD;STD-NIST-SSDF;STD-OWASP-ASVS
CPF-WP-SEC-APP-01-CONTRACT_OWNERSHIP,SEC-APP,GATE-01-OWNERSHIP;GATE-02-CONSUMER;GATE-06-STATE-IDEMP;GATE-09-SECURITY;GATE-10-CRYPTO-PRIVACY;GATE-18-TEST-EVIDENCE;GATE-20-HYGIENE,STD-CISA-SBD;STD-NIST-SSDF;STD-OWASP-ASVS
CPF-WP-SEC-APP-02-IMPLEMENTATION_CONSUMER,SEC-APP,GATE-01-OWNERSHIP;GATE-02-CONSUMER;GATE-06-STATE-IDEMP;GATE-09-SECURITY;GATE-10-CRYPTO-PRIVACY;GATE-18-TEST-EVIDENCE;GATE-20-HYGIENE,STD-CISA-SBD;STD-NIST-SSDF;STD-OWASP-ASVS
CPF-WP-SEC-APP-03-VERIFICATION_EVIDENCE,SEC-APP,GATE-01-OWNERSHIP;GATE-02-CONSUMER;GATE-06-STATE-IDEMP;GATE-09-SECURITY;GATE-10-CRYPTO-PRIVACY;GATE-18-TEST-EVIDENCE;GATE-20-HYGIENE,STD-CISA-SBD;STD-NIST-SSDF;STD-OWASP-ASVS
CPF-WP-SEC-APP-04-FAILURE_RECOVERY,SEC-APP,GATE-01-OWNERSHIP;GATE-02-CONSUMER;GATE-06-STATE-IDEMP;GATE-08-UNKNOWN-RECOVERY;GATE-09-SECURITY;GATE-10-CRYPTO-PRIVACY;GATE-18-TEST-EVIDENCE;GATE-20-HYGIENE,STD-CISA-SBD;STD-NIST-SSDF;STD-OWASP-ASVS
CPF-WP-SEC-APP-05-OPERATIONS_SECURITY,SEC-APP,GATE-01-OWNERSHIP;GATE-02-CONSUMER;GATE-06-STATE-IDEMP;GATE-09-SECURITY;GATE-10-CRYPTO-PRIVACY;GATE-11-OPS-AUDIT;GATE-18-TEST-EVIDENCE;GATE-20-HYGIENE,STD-CISA-SBD;STD-NIST-SSDF;STD-OWASP-ASVS
CPF-WP-SEC-APP-06-DATA_MIGRATION,SEC-APP,GATE-01-OWNERSHIP;GATE-02-CONSUMER;GATE-05-DB-QUERY;GATE-06-STATE-IDEMP;GATE-09-SECURITY;GATE-10-CRYPTO-PRIVACY;GATE-16-COMPATIBILITY;GATE-18-TEST-EVIDENCE;GATE-20-HYGIENE,STD-CISA-SBD;STD-NIST-SSDF;STD-OWASP-ASVS
CPF-WP-SEC-APPROVAL-01-CONTRACT_OWNERSHIP,SEC-APPROVAL,GATE-01-OWNERSHIP;GATE-02-CONSUMER;GATE-06-STATE-IDEMP;GATE-09-SECURITY;GATE-10-CRYPTO-PRIVACY;GATE-11-OPS-AUDIT;GATE-18-TEST-EVIDENCE;GATE-20-HYGIENE;GATE-21-TIME,STD-CISA-SBD;STD-NIST-SSDF;STD-OWASP-ASVS
CPF-WP-SEC-APPROVAL-02-IMPLEMENTATION_CONSUMER,SEC-APPROVAL,GATE-01-OWNERSHIP;GATE-02-CONSUMER;GATE-06-STATE-IDEMP;GATE-09-SECURITY;GATE-10-CRYPTO-PRIVACY;GATE-11-OPS-AUDIT;GATE-18-TEST-EVIDENCE;GATE-20-HYGIENE;GATE-21-TIME,STD-CISA-SBD;STD-NIST-SSDF;STD-OWASP-ASVS
CPF-WP-SEC-APPROVAL-03-VERIFICATION_EVIDENCE,SEC-APPROVAL,GATE-01-OWNERSHIP;GATE-02-CONSUMER;GATE-06-STATE-IDEMP;GATE-09-SECURITY;GATE-10-CRYPTO-PRIVACY;GATE-11-OPS-AUDIT;GATE-18-TEST-EVIDENCE;GATE-20-HYGIENE;GATE-21-TIME,STD-CISA-SBD;STD-NIST-SSDF;STD-OWASP-ASVS
CPF-WP-SEC-APPROVAL-04-FAILURE_RECOVERY,SEC-APPROVAL,GATE-01-OWNERSHIP;GATE-02-CONSUMER;GATE-06-STATE-IDEMP;GATE-08-UNKNOWN-RECOVERY;GATE-09-SECURITY;GATE-10-CRYPTO-PRIVACY;GATE-11-OPS-AUDIT;GATE-18-TEST-EVIDENCE;GATE-20-HYGIENE;GATE-21-TIME,STD-CISA-SBD;STD-NIST-SSDF;STD-OWASP-ASVS
CPF-WP-SEC-APPROVAL-05-OPERATIONS_SECURITY,SEC-APPROVAL,GATE-01-OWNERSHIP;GATE-02-CONSUMER;GATE-06-STATE-IDEMP;GATE-09-SECURITY;GATE-10-CRYPTO-PRIVACY;GATE-11-OPS-AUDIT;GATE-18-TEST-EVIDENCE;GATE-20-HYGIENE;GATE-21-TIME,STD-CISA-SBD;STD-NIST-SSDF;STD-OWASP-ASVS
CPF-WP-SEC-AUDIT-01-CONTRACT_OWNERSHIP,SEC-AUDIT,GATE-01-OWNERSHIP;GATE-02-CONSUMER;GATE-09-SECURITY;GATE-10-CRYPTO-PRIVACY;GATE-11-OPS-AUDIT;GATE-18-TEST-EVIDENCE;GATE-20-HYGIENE;GATE-21-TIME,STD-CISA-SBD;STD-NIST-SSDF;STD-OWASP-ASVS
CPF-WP-SEC-AUDIT-02-IMPLEMENTATION_CONSUMER,SEC-AUDIT,GATE-01-OWNERSHIP;GATE-02-CONSUMER;GATE-09-SECURITY;GATE-10-CRYPTO-PRIVACY;GATE-11-OPS-AUDIT;GATE-18-TEST-EVIDENCE;GATE-20-HYGIENE;GATE-21-TIME,STD-CISA-SBD;STD-NIST-SSDF;STD-OWASP-ASVS
CPF-WP-SEC-AUDIT-03-VERIFICATION_EVIDENCE,SEC-AUDIT,GATE-01-OWNERSHIP;GATE-02-CONSUMER;GATE-09-SECURITY;GATE-10-CRYPTO-PRIVACY;GATE-11-OPS-AUDIT;GATE-18-TEST-EVIDENCE;GATE-20-HYGIENE;GATE-21-TIME,STD-CISA-SBD;STD-NIST-SSDF;STD-OWASP-ASVS
CPF-WP-SEC-AUDIT-04-FAILURE_RECOVERY,SEC-AUDIT,GATE-01-OWNERSHIP;GATE-02-CONSUMER;GATE-06-STATE-IDEMP;GATE-08-UNKNOWN-RECOVERY;GATE-09-SECURITY;GATE-10-CRYPTO-PRIVACY;GATE-11-OPS-AUDIT;GATE-18-TEST-EVIDENCE;GATE-20-HYGIENE;GATE-21-TIME,STD-CISA-SBD;STD-NIST-SSDF;STD-OWASP-ASVS
CPF-WP-SEC-AUDIT-05-OPERATIONS_SECURITY,SEC-AUDIT,GATE-01-OWNERSHIP;GATE-02-CONSUMER;GATE-09-SECURITY;GATE-10-CRYPTO-PRIVACY;GATE-11-OPS-AUDIT;GATE-18-TEST-EVIDENCE;GATE-20-HYGIENE;GATE-21-TIME,STD-CISA-SBD;STD-NIST-SSDF;STD-OWASP-ASVS
CPF-WP-SEC-AUDIT-06-DATA_MIGRATION,SEC-AUDIT,GATE-01-OWNERSHIP;GATE-02-CONSUMER;GATE-05-DB-QUERY;GATE-09-SECURITY;GATE-10-CRYPTO-PRIVACY;GATE-11-OPS-AUDIT;GATE-16-COMPATIBILITY;GATE-18-TEST-EVIDENCE;GATE-20-HYGIENE;GATE-21-TIME,STD-CISA-SBD;STD-NIST-SSDF;STD-OWASP-ASVS
CPF-WP-OPS-METRIC-01-CONTRACT_OWNERSHIP,OPS-METRIC,GATE-01-OWNERSHIP;GATE-02-CONSUMER;GATE-04-EVENT-API;GATE-05-DB-QUERY;GATE-06-STATE-IDEMP;GATE-07-MULTI-INSTANCE;GATE-11-OPS-AUDIT;GATE-12-OBSERVABILITY;GATE-18-TEST-EVIDENCE;GATE-19-DOC-SUPPORT;GATE-20-HYGIENE;GATE-21-TIME,STD-ASYNCAPI;STD-CLOUDEVENTS;STD-NIST-SSDF;STD-OTEL;STD-TRACE
CPF-WP-OPS-METRIC-02-IMPLEMENTATION_CONSUMER,OPS-METRIC,GATE-01-OWNERSHIP;GATE-02-CONSUMER;GATE-04-EVENT-API;GATE-05-DB-QUERY;GATE-06-STATE-IDEMP;GATE-07-MULTI-INSTANCE;GATE-11-OPS-AUDIT;GATE-12-OBSERVABILITY;GATE-18-TEST-EVIDENCE;GATE-19-DOC-SUPPORT;GATE-20-HYGIENE;GATE-21-TIME,STD-ASYNCAPI;STD-CLOUDEVENTS;STD-NIST-SSDF;STD-OTEL;STD-TRACE
CPF-WP-OPS-METRIC-03-VERIFICATION_EVIDENCE,OPS-METRIC,GATE-01-OWNERSHIP;GATE-02-CONSUMER;GATE-04-EVENT-API;GATE-05-DB-QUERY;GATE-06-STATE-IDEMP;GATE-07-MULTI-INSTANCE;GATE-11-OPS-AUDIT;GATE-12-OBSERVABILITY;GATE-18-TEST-EVIDENCE;GATE-19-DOC-SUPPORT;GATE-20-HYGIENE;GATE-21-TIME,STD-ASYNCAPI;STD-CLOUDEVENTS;STD-NIST-SSDF;STD-OTEL;STD-TRACE
CPF-WP-OPS-METRIC-04-FAILURE_RECOVERY,OPS-METRIC,GATE-01-OWNERSHIP;GATE-02-CONSUMER;GATE-04-EVENT-API;GATE-05-DB-QUERY;GATE-06-STATE-IDEMP;GATE-07-MULTI-INSTANCE;GATE-08-UNKNOWN-RECOVERY;GATE-11-OPS-AUDIT;GATE-12-OBSERVABILITY;GATE-18-TEST-EVIDENCE;GATE-19-DOC-SUPPORT;GATE-20-HYGIENE;GATE-21-TIME,STD-ASYNCAPI;STD-CLOUDEVENTS;STD-NIST-SSDF;STD-OTEL;STD-TRACE
CPF-WP-OPS-METRIC-05-OPERATIONS_SECURITY,OPS-METRIC,GATE-01-OWNERSHIP;GATE-02-CONSUMER;GATE-04-EVENT-API;GATE-05-DB-QUERY;GATE-06-STATE-IDEMP;GATE-07-MULTI-INSTANCE;GATE-09-SECURITY;GATE-11-OPS-AUDIT;GATE-12-OBSERVABILITY;GATE-18-TEST-EVIDENCE;GATE-19-DOC-SUPPORT;GATE-20-HYGIENE;GATE-21-TIME,STD-ASYNCAPI;STD-CISA-SBD;STD-CLOUDEVENTS;STD-NIST-SSDF;STD-OTEL;STD-OWASP-ASVS;STD-TRACE
CPF-WP-OPS-METRIC-06-DATA_MIGRATION,OPS-METRIC,GATE-01-OWNERSHIP;GATE-02-CONSUMER;GATE-04-EVENT-API;GATE-05-DB-QUERY;GATE-06-STATE-IDEMP;GATE-07-MULTI-INSTANCE;GATE-11-OPS-AUDIT;GATE-12-OBSERVABILITY;GATE-16-COMPATIBILITY;GATE-18-TEST-EVIDENCE;GATE-19-DOC-SUPPORT;GATE-20-HYGIENE;GATE-21-TIME,STD-ASYNCAPI;STD-CLOUDEVENTS;STD-NIST-SSDF;STD-OTEL;STD-TRACE
CPF-WP-OPS-SLO-01-CONTRACT_OWNERSHIP,OPS-SLO,GATE-01-OWNERSHIP;GATE-02-CONSUMER;GATE-08-UNKNOWN-RECOVERY;GATE-11-OPS-AUDIT;GATE-12-OBSERVABILITY;GATE-13-PERFORMANCE;GATE-18-TEST-EVIDENCE;GATE-19-DOC-SUPPORT;GATE-20-HYGIENE;GATE-21-TIME,STD-NIST-SSDF;STD-OTEL;STD-TRACE
CPF-WP-OPS-SLO-02-IMPLEMENTATION_CONSUMER,OPS-SLO,GATE-01-OWNERSHIP;GATE-02-CONSUMER;GATE-08-UNKNOWN-RECOVERY;GATE-11-OPS-AUDIT;GATE-12-OBSERVABILITY;GATE-13-PERFORMANCE;GATE-18-TEST-EVIDENCE;GATE-19-DOC-SUPPORT;GATE-20-HYGIENE;GATE-21-TIME,STD-NIST-SSDF;STD-OTEL;STD-TRACE
CPF-WP-OPS-SLO-03-VERIFICATION_EVIDENCE,OPS-SLO,GATE-01-OWNERSHIP;GATE-02-CONSUMER;GATE-08-UNKNOWN-RECOVERY;GATE-11-OPS-AUDIT;GATE-12-OBSERVABILITY;GATE-13-PERFORMANCE;GATE-18-TEST-EVIDENCE;GATE-19-DOC-SUPPORT;GATE-20-HYGIENE;GATE-21-TIME,STD-NIST-SSDF;STD-OTEL;STD-TRACE
CPF-WP-OPS-SLO-04-FAILURE_RECOVERY,OPS-SLO,GATE-01-OWNERSHIP;GATE-02-CONSUMER;GATE-06-STATE-IDEMP;GATE-08-UNKNOWN-RECOVERY;GATE-11-OPS-AUDIT;GATE-12-OBSERVABILITY;GATE-13-PERFORMANCE;GATE-18-TEST-EVIDENCE;GATE-19-DOC-SUPPORT;GATE-20-HYGIENE;GATE-21-TIME,STD-NIST-SSDF;STD-OTEL;STD-TRACE
CPF-WP-OPS-SLO-05-OPERATIONS_SECURITY,OPS-SLO,GATE-01-OWNERSHIP;GATE-02-CONSUMER;GATE-08-UNKNOWN-RECOVERY;GATE-09-SECURITY;GATE-11-OPS-AUDIT;GATE-12-OBSERVABILITY;GATE-13-PERFORMANCE;GATE-18-TEST-EVIDENCE;GATE-19-DOC-SUPPORT;GATE-20-HYGIENE;GATE-21-TIME,STD-CISA-SBD;STD-NIST-SSDF;STD-OTEL;STD-OWASP-ASVS;STD-TRACE
CPF-WP-OPS-ALERT-01-CONTRACT_OWNERSHIP,OPS-ALERT,GATE-01-OWNERSHIP;GATE-02-CONSUMER;GATE-11-OPS-AUDIT;GATE-12-OBSERVABILITY;GATE-18-TEST-EVIDENCE;GATE-19-DOC-SUPPORT;GATE-20-HYGIENE;GATE-21-TIME,STD-NIST-SSDF;STD-OTEL;STD-TRACE
CPF-WP-OPS-ALERT-02-IMPLEMENTATION_CONSUMER,OPS-ALERT,GATE-01-OWNERSHIP;GATE-02-CONSUMER;GATE-11-OPS-AUDIT;GATE-12-OBSERVABILITY;GATE-18-TEST-EVIDENCE;GATE-19-DOC-SUPPORT;GATE-20-HYGIENE;GATE-21-TIME,STD-NIST-SSDF;STD-OTEL;STD-TRACE
CPF-WP-OPS-ALERT-03-VERIFICATION_EVIDENCE,OPS-ALERT,GATE-01-OWNERSHIP;GATE-02-CONSUMER;GATE-11-OPS-AUDIT;GATE-12-OBSERVABILITY;GATE-18-TEST-EVIDENCE;GATE-19-DOC-SUPPORT;GATE-20-HYGIENE;GATE-21-TIME,STD-NIST-SSDF;STD-OTEL;STD-TRACE
CPF-WP-OPS-ALERT-04-FAILURE_RECOVERY,OPS-ALERT,GATE-01-OWNERSHIP;GATE-02-CONSUMER;GATE-06-STATE-IDEMP;GATE-08-UNKNOWN-RECOVERY;GATE-11-OPS-AUDIT;GATE-12-OBSERVABILITY;GATE-18-TEST-EVIDENCE;GATE-19-DOC-SUPPORT;GATE-20-HYGIENE;GATE-21-TIME,STD-NIST-SSDF;STD-OTEL;STD-TRACE
CPF-WP-OPS-ALERT-05-OPERATIONS_SECURITY,OPS-ALERT,GATE-01-OWNERSHIP;GATE-02-CONSUMER;GATE-09-SECURITY;GATE-11-OPS-AUDIT;GATE-12-OBSERVABILITY;GATE-18-TEST-EVIDENCE;GATE-19-DOC-SUPPORT;GATE-20-HYGIENE;GATE-21-TIME,STD-CISA-SBD;STD-NIST-SSDF;STD-OTEL;STD-OWASP-ASVS;STD-TRACE
CPF-WP-OPS-INCIDENT-01-CONTRACT_OWNERSHIP,OPS-INCIDENT,GATE-01-OWNERSHIP;GATE-02-CONSUMER;GATE-11-OPS-AUDIT;GATE-12-OBSERVABILITY;GATE-18-TEST-EVIDENCE;GATE-19-DOC-SUPPORT;GATE-20-HYGIENE;GATE-21-TIME,STD-NIST-SSDF;STD-OTEL;STD-TRACE
CPF-WP-OPS-INCIDENT-02-IMPLEMENTATION_CONSUMER,OPS-INCIDENT,GATE-01-OWNERSHIP;GATE-02-CONSUMER;GATE-11-OPS-AUDIT;GATE-12-OBSERVABILITY;GATE-18-TEST-EVIDENCE;GATE-19-DOC-SUPPORT;GATE-20-HYGIENE;GATE-21-TIME,STD-NIST-SSDF;STD-OTEL;STD-TRACE
CPF-WP-OPS-INCIDENT-03-VERIFICATION_EVIDENCE,OPS-INCIDENT,GATE-01-OWNERSHIP;GATE-02-CONSUMER;GATE-11-OPS-AUDIT;GATE-12-OBSERVABILITY;GATE-18-TEST-EVIDENCE;GATE-19-DOC-SUPPORT;GATE-20-HYGIENE;GATE-21-TIME,STD-NIST-SSDF;STD-OTEL;STD-TRACE
CPF-WP-OPS-INCIDENT-04-FAILURE_RECOVERY,OPS-INCIDENT,GATE-01-OWNERSHIP;GATE-02-CONSUMER;GATE-06-STATE-IDEMP;GATE-08-UNKNOWN-RECOVERY;GATE-11-OPS-AUDIT;GATE-12-OBSERVABILITY;GATE-18-TEST-EVIDENCE;GATE-19-DOC-SUPPORT;GATE-20-HYGIENE;GATE-21-TIME,STD-NIST-SSDF;STD-OTEL;STD-TRACE
CPF-WP-OPS-INCIDENT-05-OPERATIONS_SECURITY,OPS-INCIDENT,GATE-01-OWNERSHIP;GATE-02-CONSUMER;GATE-09-SECURITY;GATE-11-OPS-AUDIT;GATE-12-OBSERVABILITY;GATE-18-TEST-EVIDENCE;GATE-19-DOC-SUPPORT;GATE-20-HYGIENE;GATE-21-TIME,STD-CISA-SBD;STD-NIST-SSDF;STD-OTEL;STD-OWASP-ASVS;STD-TRACE
CPF-WP-OPS-RUNBOOK-01-CONTRACT_OWNERSHIP,OPS-RUNBOOK,GATE-01-OWNERSHIP;GATE-02-CONSUMER;GATE-08-UNKNOWN-RECOVERY;GATE-11-OPS-AUDIT;GATE-16-COMPATIBILITY;GATE-18-TEST-EVIDENCE;GATE-19-DOC-SUPPORT;GATE-20-HYGIENE;GATE-21-TIME,STD-NIST-SSDF
CPF-WP-OPS-RUNBOOK-02-IMPLEMENTATION_CONSUMER,OPS-RUNBOOK,GATE-01-OWNERSHIP;GATE-02-CONSUMER;GATE-08-UNKNOWN-RECOVERY;GATE-11-OPS-AUDIT;GATE-16-COMPATIBILITY;GATE-18-TEST-EVIDENCE;GATE-19-DOC-SUPPORT;GATE-20-HYGIENE;GATE-21-TIME,STD-NIST-SSDF
CPF-WP-OPS-RUNBOOK-03-VERIFICATION_EVIDENCE,OPS-RUNBOOK,GATE-01-OWNERSHIP;GATE-02-CONSUMER;GATE-08-UNKNOWN-RECOVERY;GATE-11-OPS-AUDIT;GATE-16-COMPATIBILITY;GATE-18-TEST-EVIDENCE;GATE-19-DOC-SUPPORT;GATE-20-HYGIENE;GATE-21-TIME,STD-NIST-SSDF
CPF-WP-OPS-RUNBOOK-04-FAILURE_RECOVERY,OPS-RUNBOOK,GATE-01-OWNERSHIP;GATE-02-CONSUMER;GATE-06-STATE-IDEMP;GATE-08-UNKNOWN-RECOVERY;GATE-11-OPS-AUDIT;GATE-16-COMPATIBILITY;GATE-18-TEST-EVIDENCE;GATE-19-DOC-SUPPORT;GATE-20-HYGIENE;GATE-21-TIME,STD-NIST-SSDF
CPF-WP-OPS-RUNBOOK-05-OPERATIONS_SECURITY,OPS-RUNBOOK,GATE-01-OWNERSHIP;GATE-02-CONSUMER;GATE-08-UNKNOWN-RECOVERY;GATE-09-SECURITY;GATE-11-OPS-AUDIT;GATE-16-COMPATIBILITY;GATE-18-TEST-EVIDENCE;GATE-19-DOC-SUPPORT;GATE-20-HYGIENE;GATE-21-TIME,STD-CISA-SBD;STD-NIST-SSDF;STD-OWASP-ASVS
CPF-WP-OPS-SELF-01-CONTRACT_OWNERSHIP,OPS-SELF,GATE-01-OWNERSHIP;GATE-02-CONSUMER;GATE-06-STATE-IDEMP;GATE-08-UNKNOWN-RECOVERY;GATE-11-OPS-AUDIT;GATE-13-PERFORMANCE;GATE-16-COMPATIBILITY;GATE-18-TEST-EVIDENCE;GATE-19-DOC-SUPPORT;GATE-20-HYGIENE;GATE-21-TIME,STD-NIST-SSDF
CPF-WP-OPS-SELF-02-IMPLEMENTATION_CONSUMER,OPS-SELF,GATE-01-OWNERSHIP;GATE-02-CONSUMER;GATE-06-STATE-IDEMP;GATE-08-UNKNOWN-RECOVERY;GATE-11-OPS-AUDIT;GATE-13-PERFORMANCE;GATE-16-COMPATIBILITY;GATE-18-TEST-EVIDENCE;GATE-19-DOC-SUPPORT;GATE-20-HYGIENE;GATE-21-TIME,STD-NIST-SSDF
CPF-WP-OPS-SELF-03-VERIFICATION_EVIDENCE,OPS-SELF,GATE-01-OWNERSHIP;GATE-02-CONSUMER;GATE-06-STATE-IDEMP;GATE-08-UNKNOWN-RECOVERY;GATE-11-OPS-AUDIT;GATE-13-PERFORMANCE;GATE-16-COMPATIBILITY;GATE-18-TEST-EVIDENCE;GATE-19-DOC-SUPPORT;GATE-20-HYGIENE;GATE-21-TIME,STD-NIST-SSDF
CPF-WP-OPS-SELF-04-FAILURE_RECOVERY,OPS-SELF,GATE-01-OWNERSHIP;GATE-02-CONSUMER;GATE-06-STATE-IDEMP;GATE-08-UNKNOWN-RECOVERY;GATE-11-OPS-AUDIT;GATE-13-PERFORMANCE;GATE-16-COMPATIBILITY;GATE-18-TEST-EVIDENCE;GATE-19-DOC-SUPPORT;GATE-20-HYGIENE;GATE-21-TIME,STD-NIST-SSDF
CPF-WP-OPS-SELF-05-OPERATIONS_SECURITY,OPS-SELF,GATE-01-OWNERSHIP;GATE-02-CONSUMER;GATE-06-STATE-IDEMP;GATE-08-UNKNOWN-RECOVERY;GATE-09-SECURITY;GATE-11-OPS-AUDIT;GATE-13-PERFORMANCE;GATE-16-COMPATIBILITY;GATE-18-TEST-EVIDENCE;GATE-19-DOC-SUPPORT;GATE-20-HYGIENE;GATE-21-TIME,STD-CISA-SBD;STD-NIST-SSDF;STD-OWASP-ASVS
CPF-WP-OPS-TOPOLOGY-01-CONTRACT_OWNERSHIP,OPS-TOPOLOGY,GATE-01-OWNERSHIP;GATE-02-CONSUMER;GATE-04-EVENT-API;GATE-11-OPS-AUDIT;GATE-12-OBSERVABILITY;GATE-16-COMPATIBILITY;GATE-17-SUPPLY-CHAIN;GATE-18-TEST-EVIDENCE;GATE-19-DOC-SUPPORT;GATE-20-HYGIENE;GATE-21-TIME,STD-ASYNCAPI;STD-CLOUDEVENTS;STD-CYCLONEDX;STD-NIST-SSDF;STD-OTEL;STD-SCRUM;STD-SLSA;STD-TRACE
CPF-WP-OPS-TOPOLOGY-02-IMPLEMENTATION_CONSUMER,OPS-TOPOLOGY,GATE-01-OWNERSHIP;GATE-02-CONSUMER;GATE-04-EVENT-API;GATE-11-OPS-AUDIT;GATE-12-OBSERVABILITY;GATE-16-COMPATIBILITY;GATE-17-SUPPLY-CHAIN;GATE-18-TEST-EVIDENCE;GATE-19-DOC-SUPPORT;GATE-20-HYGIENE;GATE-21-TIME,STD-ASYNCAPI;STD-CLOUDEVENTS;STD-CYCLONEDX;STD-NIST-SSDF;STD-OTEL;STD-SCRUM;STD-SLSA;STD-TRACE
CPF-WP-OPS-TOPOLOGY-03-VERIFICATION_EVIDENCE,OPS-TOPOLOGY,GATE-01-OWNERSHIP;GATE-02-CONSUMER;GATE-04-EVENT-API;GATE-11-OPS-AUDIT;GATE-12-OBSERVABILITY;GATE-16-COMPATIBILITY;GATE-17-SUPPLY-CHAIN;GATE-18-TEST-EVIDENCE;GATE-19-DOC-SUPPORT;GATE-20-HYGIENE;GATE-21-TIME,STD-ASYNCAPI;STD-CLOUDEVENTS;STD-CYCLONEDX;STD-NIST-SSDF;STD-OTEL;STD-SCRUM;STD-SLSA;STD-TRACE
CPF-WP-OPS-TOPOLOGY-04-FAILURE_RECOVERY,OPS-TOPOLOGY,GATE-01-OWNERSHIP;GATE-02-CONSUMER;GATE-04-EVENT-API;GATE-06-STATE-IDEMP;GATE-08-UNKNOWN-RECOVERY;GATE-11-OPS-AUDIT;GATE-12-OBSERVABILITY;GATE-16-COMPATIBILITY;GATE-17-SUPPLY-CHAIN;GATE-18-TEST-EVIDENCE;GATE-19-DOC-SUPPORT;GATE-20-HYGIENE;GATE-21-TIME,STD-ASYNCAPI;STD-CLOUDEVENTS;STD-CYCLONEDX;STD-NIST-SSDF;STD-OTEL;STD-SCRUM;STD-SLSA;STD-TRACE
CPF-WP-OPS-TOPOLOGY-05-OPERATIONS_SECURITY,OPS-TOPOLOGY,GATE-01-OWNERSHIP;GATE-02-CONSUMER;GATE-04-EVENT-API;GATE-09-SECURITY;GATE-11-OPS-AUDIT;GATE-12-OBSERVABILITY;GATE-16-COMPATIBILITY;GATE-17-SUPPLY-CHAIN;GATE-18-TEST-EVIDENCE;GATE-19-DOC-SUPPORT;GATE-20-HYGIENE;GATE-21-TIME,STD-ASYNCAPI;STD-CISA-SBD;STD-CLOUDEVENTS;STD-CYCLONEDX;STD-NIST-SSDF;STD-OTEL;STD-OWASP-ASVS;STD-SCRUM;STD-SLSA;STD-TRACE
CPF-WP-OPS-TOPOLOGY-06-DATA_MIGRATION,OPS-TOPOLOGY,GATE-01-OWNERSHIP;GATE-02-CONSUMER;GATE-04-EVENT-API;GATE-05-DB-QUERY;GATE-11-OPS-AUDIT;GATE-12-OBSERVABILITY;GATE-16-COMPATIBILITY;GATE-17-SUPPLY-CHAIN;GATE-18-TEST-EVIDENCE;GATE-19-DOC-SUPPORT;GATE-20-HYGIENE;GATE-21-TIME,STD-ASYNCAPI;STD-CLOUDEVENTS;STD-CYCLONEDX;STD-NIST-SSDF;STD-OTEL;STD-SCRUM;STD-SLSA;STD-TRACE
CPF-WP-OPS-TOPOLOGY-07-GENERATION_COMPATIBILITY,OPS-TOPOLOGY,GATE-01-OWNERSHIP;GATE-02-CONSUMER;GATE-04-EVENT-API;GATE-11-OPS-AUDIT;GATE-12-OBSERVABILITY;GATE-15-GENERATOR;GATE-16-COMPATIBILITY;GATE-17-SUPPLY-CHAIN;GATE-18-TEST-EVIDENCE;GATE-19-DOC-SUPPORT;GATE-20-HYGIENE;GATE-21-TIME,STD-ASYNCAPI;STD-CLOUDEVENTS;STD-CYCLONEDX;STD-NIST-SSDF;STD-OTEL;STD-SCRUM;STD-SLSA;STD-TRACE
CPF-WP-OPS-MAINT-01-CONTRACT_OWNERSHIP,OPS-MAINT,GATE-01-OWNERSHIP;GATE-02-CONSUMER;GATE-11-OPS-AUDIT;GATE-12-OBSERVABILITY;GATE-18-TEST-EVIDENCE;GATE-19-DOC-SUPPORT;GATE-20-HYGIENE;GATE-21-TIME,STD-NIST-SSDF;STD-OTEL;STD-TRACE
CPF-WP-OPS-MAINT-02-IMPLEMENTATION_CONSUMER,OPS-MAINT,GATE-01-OWNERSHIP;GATE-02-CONSUMER;GATE-11-OPS-AUDIT;GATE-12-OBSERVABILITY;GATE-18-TEST-EVIDENCE;GATE-19-DOC-SUPPORT;GATE-20-HYGIENE;GATE-21-TIME,STD-NIST-SSDF;STD-OTEL;STD-TRACE
CPF-WP-OPS-MAINT-03-VERIFICATION_EVIDENCE,OPS-MAINT,GATE-01-OWNERSHIP;GATE-02-CONSUMER;GATE-11-OPS-AUDIT;GATE-12-OBSERVABILITY;GATE-18-TEST-EVIDENCE;GATE-19-DOC-SUPPORT;GATE-20-HYGIENE;GATE-21-TIME,STD-NIST-SSDF;STD-OTEL;STD-TRACE
CPF-WP-OPS-MAINT-04-FAILURE_RECOVERY,OPS-MAINT,GATE-01-OWNERSHIP;GATE-02-CONSUMER;GATE-06-STATE-IDEMP;GATE-08-UNKNOWN-RECOVERY;GATE-11-OPS-AUDIT;GATE-12-OBSERVABILITY;GATE-18-TEST-EVIDENCE;GATE-19-DOC-SUPPORT;GATE-20-HYGIENE;GATE-21-TIME,STD-NIST-SSDF;STD-OTEL;STD-TRACE
CPF-WP-OPS-MAINT-05-OPERATIONS_SECURITY,OPS-MAINT,GATE-01-OWNERSHIP;GATE-02-CONSUMER;GATE-09-SECURITY;GATE-11-OPS-AUDIT;GATE-12-OBSERVABILITY;GATE-18-TEST-EVIDENCE;GATE-19-DOC-SUPPORT;GATE-20-HYGIENE;GATE-21-TIME,STD-CISA-SBD;STD-NIST-SSDF;STD-OTEL;STD-OWASP-ASVS;STD-TRACE
CPF-WP-OPS-CONFIG-01-CONTRACT_OWNERSHIP,OPS-CONFIG,GATE-01-OWNERSHIP;GATE-02-CONSUMER;GATE-05-DB-QUERY;GATE-06-STATE-IDEMP;GATE-08-UNKNOWN-RECOVERY;GATE-10-CRYPTO-PRIVACY;GATE-11-OPS-AUDIT;GATE-12-OBSERVABILITY;GATE-16-COMPATIBILITY;GATE-18-TEST-EVIDENCE;GATE-19-DOC-SUPPORT;GATE-20-HYGIENE;GATE-21-TIME,STD-NIST-SSDF;STD-OPENFEATURE;STD-OTEL;STD-TRACE
CPF-WP-OPS-CONFIG-02-IMPLEMENTATION_CONSUMER,OPS-CONFIG,GATE-01-OWNERSHIP;GATE-02-CONSUMER;GATE-05-DB-QUERY;GATE-06-STATE-IDEMP;GATE-08-UNKNOWN-RECOVERY;GATE-10-CRYPTO-PRIVACY;GATE-11-OPS-AUDIT;GATE-12-OBSERVABILITY;GATE-16-COMPATIBILITY;GATE-18-TEST-EVIDENCE;GATE-19-DOC-SUPPORT;GATE-20-HYGIENE;GATE-21-TIME,STD-NIST-SSDF;STD-OPENFEATURE;STD-OTEL;STD-TRACE
CPF-WP-OPS-CONFIG-03-VERIFICATION_EVIDENCE,OPS-CONFIG,GATE-01-OWNERSHIP;GATE-02-CONSUMER;GATE-05-DB-QUERY;GATE-06-STATE-IDEMP;GATE-08-UNKNOWN-RECOVERY;GATE-10-CRYPTO-PRIVACY;GATE-11-OPS-AUDIT;GATE-12-OBSERVABILITY;GATE-16-COMPATIBILITY;GATE-18-TEST-EVIDENCE;GATE-19-DOC-SUPPORT;GATE-20-HYGIENE;GATE-21-TIME,STD-NIST-SSDF;STD-OPENFEATURE;STD-OTEL;STD-TRACE
CPF-WP-OPS-CONFIG-04-FAILURE_RECOVERY,OPS-CONFIG,GATE-01-OWNERSHIP;GATE-02-CONSUMER;GATE-05-DB-QUERY;GATE-06-STATE-IDEMP;GATE-08-UNKNOWN-RECOVERY;GATE-10-CRYPTO-PRIVACY;GATE-11-OPS-AUDIT;GATE-12-OBSERVABILITY;GATE-16-COMPATIBILITY;GATE-18-TEST-EVIDENCE;GATE-19-DOC-SUPPORT;GATE-20-HYGIENE;GATE-21-TIME,STD-NIST-SSDF;STD-OPENFEATURE;STD-OTEL;STD-TRACE
CPF-WP-OPS-CONFIG-05-OPERATIONS_SECURITY,OPS-CONFIG,GATE-01-OWNERSHIP;GATE-02-CONSUMER;GATE-05-DB-QUERY;GATE-06-STATE-IDEMP;GATE-08-UNKNOWN-RECOVERY;GATE-09-SECURITY;GATE-10-CRYPTO-PRIVACY;GATE-11-OPS-AUDIT;GATE-12-OBSERVABILITY;GATE-16-COMPATIBILITY;GATE-18-TEST-EVIDENCE;GATE-19-DOC-SUPPORT;GATE-20-HYGIENE;GATE-21-TIME,STD-CISA-SBD;STD-NIST-SSDF;STD-OPENFEATURE;STD-OTEL;STD-OWASP-ASVS;STD-TRACE
CPF-WP-OPS-CONFIG-06-DATA_MIGRATION,OPS-CONFIG,GATE-01-OWNERSHIP;GATE-02-CONSUMER;GATE-05-DB-QUERY;GATE-06-STATE-IDEMP;GATE-08-UNKNOWN-RECOVERY;GATE-10-CRYPTO-PRIVACY;GATE-11-OPS-AUDIT;GATE-12-OBSERVABILITY;GATE-16-COMPATIBILITY;GATE-18-TEST-EVIDENCE;GATE-19-DOC-SUPPORT;GATE-20-HYGIENE;GATE-21-TIME,STD-NIST-SSDF;STD-OPENFEATURE;STD-OTEL;STD-TRACE
CPF-WP-OPS-CONFIG-07-GENERATION_COMPATIBILITY,OPS-CONFIG,GATE-01-OWNERSHIP;GATE-02-CONSUMER;GATE-05-DB-QUERY;GATE-06-STATE-IDEMP;GATE-08-UNKNOWN-RECOVERY;GATE-10-CRYPTO-PRIVACY;GATE-11-OPS-AUDIT;GATE-12-OBSERVABILITY;GATE-15-GENERATOR;GATE-16-COMPATIBILITY;GATE-18-TEST-EVIDENCE;GATE-19-DOC-SUPPORT;GATE-20-HYGIENE;GATE-21-TIME,STD-NIST-SSDF;STD-OPENFEATURE;STD-OTEL;STD-TRACE
CPF-WP-OPS-DRIFT-01-CONTRACT_OWNERSHIP,OPS-DRIFT,GATE-01-OWNERSHIP;GATE-02-CONSUMER;GATE-05-DB-QUERY;GATE-09-SECURITY;GATE-11-OPS-AUDIT;GATE-16-COMPATIBILITY;GATE-17-SUPPLY-CHAIN;GATE-18-TEST-EVIDENCE;GATE-19-DOC-SUPPORT;GATE-20-HYGIENE;GATE-21-TIME,STD-CISA-SBD;STD-CYCLONEDX;STD-NIST-SSDF;STD-OWASP-ASVS;STD-SCRUM;STD-SLSA
CPF-WP-OPS-DRIFT-02-IMPLEMENTATION_CONSUMER,OPS-DRIFT,GATE-01-OWNERSHIP;GATE-02-CONSUMER;GATE-05-DB-QUERY;GATE-09-SECURITY;GATE-11-OPS-AUDIT;GATE-16-COMPATIBILITY;GATE-17-SUPPLY-CHAIN;GATE-18-TEST-EVIDENCE;GATE-19-DOC-SUPPORT;GATE-20-HYGIENE;GATE-21-TIME,STD-CISA-SBD;STD-CYCLONEDX;STD-NIST-SSDF;STD-OWASP-ASVS;STD-SCRUM;STD-SLSA
CPF-WP-OPS-DRIFT-03-VERIFICATION_EVIDENCE,OPS-DRIFT,GATE-01-OWNERSHIP;GATE-02-CONSUMER;GATE-05-DB-QUERY;GATE-09-SECURITY;GATE-11-OPS-AUDIT;GATE-16-COMPATIBILITY;GATE-17-SUPPLY-CHAIN;GATE-18-TEST-EVIDENCE;GATE-19-DOC-SUPPORT;GATE-20-HYGIENE;GATE-21-TIME,STD-CISA-SBD;STD-CYCLONEDX;STD-NIST-SSDF;STD-OWASP-ASVS;STD-SCRUM;STD-SLSA
CPF-WP-OPS-DRIFT-04-FAILURE_RECOVERY,OPS-DRIFT,GATE-01-OWNERSHIP;GATE-02-CONSUMER;GATE-05-DB-QUERY;GATE-06-STATE-IDEMP;GATE-08-UNKNOWN-RECOVERY;GATE-09-SECURITY;GATE-11-OPS-AUDIT;GATE-16-COMPATIBILITY;GATE-17-SUPPLY-CHAIN;GATE-18-TEST-EVIDENCE;GATE-19-DOC-SUPPORT;GATE-20-HYGIENE;GATE-21-TIME,STD-CISA-SBD;STD-CYCLONEDX;STD-NIST-SSDF;STD-OWASP-ASVS;STD-SCRUM;STD-SLSA
CPF-WP-OPS-DRIFT-05-OPERATIONS_SECURITY,OPS-DRIFT,GATE-01-OWNERSHIP;GATE-02-CONSUMER;GATE-05-DB-QUERY;GATE-09-SECURITY;GATE-11-OPS-AUDIT;GATE-16-COMPATIBILITY;GATE-17-SUPPLY-CHAIN;GATE-18-TEST-EVIDENCE;GATE-19-DOC-SUPPORT;GATE-20-HYGIENE;GATE-21-TIME,STD-CISA-SBD;STD-CYCLONEDX;STD-NIST-SSDF;STD-OWASP-ASVS;STD-SCRUM;STD-SLSA
CPF-WP-OPS-DRIFT-06-DATA_MIGRATION,OPS-DRIFT,GATE-01-OWNERSHIP;GATE-02-CONSUMER;GATE-05-DB-QUERY;GATE-09-SECURITY;GATE-11-OPS-AUDIT;GATE-16-COMPATIBILITY;GATE-17-SUPPLY-CHAIN;GATE-18-TEST-EVIDENCE;GATE-19-DOC-SUPPORT;GATE-20-HYGIENE;GATE-21-TIME,STD-CISA-SBD;STD-CYCLONEDX;STD-NIST-SSDF;STD-OWASP-ASVS;STD-SCRUM;STD-SLSA
CPF-WP-OPS-DRIFT-07-GENERATION_COMPATIBILITY,OPS-DRIFT,GATE-01-OWNERSHIP;GATE-02-CONSUMER;GATE-05-DB-QUERY;GATE-09-SECURITY;GATE-11-OPS-AUDIT;GATE-15-GENERATOR;GATE-16-COMPATIBILITY;GATE-17-SUPPLY-CHAIN;GATE-18-TEST-EVIDENCE;GATE-19-DOC-SUPPORT;GATE-20-HYGIENE;GATE-21-TIME,STD-CISA-SBD;STD-CYCLONEDX;STD-NIST-SSDF;STD-OWASP-ASVS;STD-SCRUM;STD-SLSA
CPF-WP-OPS-CAPACITY-01-CONTRACT_OWNERSHIP,OPS-CAPACITY,GATE-01-OWNERSHIP;GATE-02-CONSUMER;GATE-04-EVENT-API;GATE-05-DB-QUERY;GATE-11-OPS-AUDIT;GATE-13-PERFORMANCE;GATE-18-TEST-EVIDENCE;GATE-19-DOC-SUPPORT;GATE-20-HYGIENE;GATE-21-TIME,STD-ASYNCAPI;STD-CLOUDEVENTS;STD-NIST-SSDF
CPF-WP-OPS-CAPACITY-02-IMPLEMENTATION_CONSUMER,OPS-CAPACITY,GATE-01-OWNERSHIP;GATE-02-CONSUMER;GATE-04-EVENT-API;GATE-05-DB-QUERY;GATE-11-OPS-AUDIT;GATE-13-PERFORMANCE;GATE-18-TEST-EVIDENCE;GATE-19-DOC-SUPPORT;GATE-20-HYGIENE;GATE-21-TIME,STD-ASYNCAPI;STD-CLOUDEVENTS;STD-NIST-SSDF
CPF-WP-OPS-CAPACITY-03-VERIFICATION_EVIDENCE,OPS-CAPACITY,GATE-01-OWNERSHIP;GATE-02-CONSUMER;GATE-04-EVENT-API;GATE-05-DB-QUERY;GATE-11-OPS-AUDIT;GATE-13-PERFORMANCE;GATE-18-TEST-EVIDENCE;GATE-19-DOC-SUPPORT;GATE-20-HYGIENE;GATE-21-TIME,STD-ASYNCAPI;STD-CLOUDEVENTS;STD-NIST-SSDF
CPF-WP-OPS-CAPACITY-04-FAILURE_RECOVERY,OPS-CAPACITY,GATE-01-OWNERSHIP;GATE-02-CONSUMER;GATE-04-EVENT-API;GATE-05-DB-QUERY;GATE-06-STATE-IDEMP;GATE-08-UNKNOWN-RECOVERY;GATE-11-OPS-AUDIT;GATE-13-PERFORMANCE;GATE-18-TEST-EVIDENCE;GATE-19-DOC-SUPPORT;GATE-20-HYGIENE;GATE-21-TIME,STD-ASYNCAPI;STD-CLOUDEVENTS;STD-NIST-SSDF
CPF-WP-OPS-CAPACITY-05-OPERATIONS_SECURITY,OPS-CAPACITY,GATE-01-OWNERSHIP;GATE-02-CONSUMER;GATE-04-EVENT-API;GATE-05-DB-QUERY;GATE-09-SECURITY;GATE-11-OPS-AUDIT;GATE-13-PERFORMANCE;GATE-18-TEST-EVIDENCE;GATE-19-DOC-SUPPORT;GATE-20-HYGIENE;GATE-21-TIME,STD-ASYNCAPI;STD-CISA-SBD;STD-CLOUDEVENTS;STD-NIST-SSDF;STD-OWASP-ASVS
CPF-WP-OPS-CAPACITY-06-DATA_MIGRATION,OPS-CAPACITY,GATE-01-OWNERSHIP;GATE-02-CONSUMER;GATE-04-EVENT-API;GATE-05-DB-QUERY;GATE-11-OPS-AUDIT;GATE-13-PERFORMANCE;GATE-16-COMPATIBILITY;GATE-18-TEST-EVIDENCE;GATE-19-DOC-SUPPORT;GATE-20-HYGIENE;GATE-21-TIME,STD-ASYNCAPI;STD-CLOUDEVENTS;STD-NIST-SSDF
CPF-WP-OPS-DR-01-CONTRACT_OWNERSHIP,OPS-DR,GATE-01-OWNERSHIP;GATE-02-CONSUMER;GATE-07-MULTI-INSTANCE;GATE-08-UNKNOWN-RECOVERY;GATE-11-OPS-AUDIT;GATE-18-TEST-EVIDENCE;GATE-19-DOC-SUPPORT;GATE-20-HYGIENE;GATE-21-TIME,STD-NIST-SSDF
CPF-WP-OPS-DR-02-IMPLEMENTATION_CONSUMER,OPS-DR,GATE-01-OWNERSHIP;GATE-02-CONSUMER;GATE-07-MULTI-INSTANCE;GATE-08-UNKNOWN-RECOVERY;GATE-11-OPS-AUDIT;GATE-18-TEST-EVIDENCE;GATE-19-DOC-SUPPORT;GATE-20-HYGIENE;GATE-21-TIME,STD-NIST-SSDF
CPF-WP-OPS-DR-03-VERIFICATION_EVIDENCE,OPS-DR,GATE-01-OWNERSHIP;GATE-02-CONSUMER;GATE-07-MULTI-INSTANCE;GATE-08-UNKNOWN-RECOVERY;GATE-11-OPS-AUDIT;GATE-18-TEST-EVIDENCE;GATE-19-DOC-SUPPORT;GATE-20-HYGIENE;GATE-21-TIME,STD-NIST-SSDF
CPF-WP-OPS-DR-04-FAILURE_RECOVERY,OPS-DR,GATE-01-OWNERSHIP;GATE-02-CONSUMER;GATE-06-STATE-IDEMP;GATE-07-MULTI-INSTANCE;GATE-08-UNKNOWN-RECOVERY;GATE-11-OPS-AUDIT;GATE-18-TEST-EVIDENCE;GATE-19-DOC-SUPPORT;GATE-20-HYGIENE;GATE-21-TIME,STD-NIST-SSDF
CPF-WP-OPS-DR-05-OPERATIONS_SECURITY,OPS-DR,GATE-01-OWNERSHIP;GATE-02-CONSUMER;GATE-07-MULTI-INSTANCE;GATE-08-UNKNOWN-RECOVERY;GATE-09-SECURITY;GATE-11-OPS-AUDIT;GATE-18-TEST-EVIDENCE;GATE-19-DOC-SUPPORT;GATE-20-HYGIENE;GATE-21-TIME,STD-CISA-SBD;STD-NIST-SSDF;STD-OWASP-ASVS
CPF-WP-OPS-DR-06-DATA_MIGRATION,OPS-DR,GATE-01-OWNERSHIP;GATE-02-CONSUMER;GATE-05-DB-QUERY;GATE-07-MULTI-INSTANCE;GATE-08-UNKNOWN-RECOVERY;GATE-11-OPS-AUDIT;GATE-16-COMPATIBILITY;GATE-18-TEST-EVIDENCE;GATE-19-DOC-SUPPORT;GATE-20-HYGIENE;GATE-21-TIME,STD-NIST-SSDF
CPF-WP-DEVEX-QUICK-01-CONTRACT_OWNERSHIP,DEVEX-QUICK,GATE-01-OWNERSHIP;GATE-02-CONSUMER;GATE-15-GENERATOR;GATE-17-SUPPLY-CHAIN;GATE-18-TEST-EVIDENCE;GATE-19-DOC-SUPPORT;GATE-20-HYGIENE,STD-CYCLONEDX;STD-NIST-SSDF;STD-OPENFEATURE;STD-SCRUM;STD-SLSA
CPF-WP-DEVEX-QUICK-02-IMPLEMENTATION_CONSUMER,DEVEX-QUICK,GATE-01-OWNERSHIP;GATE-02-CONSUMER;GATE-15-GENERATOR;GATE-17-SUPPLY-CHAIN;GATE-18-TEST-EVIDENCE;GATE-19-DOC-SUPPORT;GATE-20-HYGIENE,STD-CYCLONEDX;STD-NIST-SSDF;STD-OPENFEATURE;STD-SCRUM;STD-SLSA
CPF-WP-DEVEX-QUICK-03-VERIFICATION_EVIDENCE,DEVEX-QUICK,GATE-01-OWNERSHIP;GATE-02-CONSUMER;GATE-15-GENERATOR;GATE-17-SUPPLY-CHAIN;GATE-18-TEST-EVIDENCE;GATE-19-DOC-SUPPORT;GATE-20-HYGIENE,STD-CYCLONEDX;STD-NIST-SSDF;STD-OPENFEATURE;STD-SCRUM;STD-SLSA
CPF-WP-DEVEX-QUICK-04-GENERATION_COMPATIBILITY,DEVEX-QUICK,GATE-01-OWNERSHIP;GATE-02-CONSUMER;GATE-15-GENERATOR;GATE-16-COMPATIBILITY;GATE-17-SUPPLY-CHAIN;GATE-18-TEST-EVIDENCE;GATE-19-DOC-SUPPORT;GATE-20-HYGIENE,STD-CYCLONEDX;STD-NIST-SSDF;STD-OPENFEATURE;STD-SCRUM;STD-SLSA
CPF-WP-DEVEX-CODEGEN-01-CONTRACT_OWNERSHIP,DEVEX-CODEGEN,GATE-01-OWNERSHIP;GATE-02-CONSUMER;GATE-03-HTTP-API;GATE-05-DB-QUERY;GATE-14-FRONTEND;GATE-15-GENERATOR;GATE-17-SUPPLY-CHAIN;GATE-18-TEST-EVIDENCE;GATE-19-DOC-SUPPORT;GATE-20-HYGIENE,STD-CYCLONEDX;STD-NIST-SSDF;STD-OAS;STD-OPENFEATURE;STD-OWASP-API;STD-RFC9457;STD-SCRUM;STD-SLSA;STD-WCAG
CPF-WP-DEVEX-CODEGEN-02-IMPLEMENTATION_CONSUMER,DEVEX-CODEGEN,GATE-01-OWNERSHIP;GATE-02-CONSUMER;GATE-03-HTTP-API;GATE-05-DB-QUERY;GATE-14-FRONTEND;GATE-15-GENERATOR;GATE-17-SUPPLY-CHAIN;GATE-18-TEST-EVIDENCE;GATE-19-DOC-SUPPORT;GATE-20-HYGIENE,STD-CYCLONEDX;STD-NIST-SSDF;STD-OAS;STD-OPENFEATURE;STD-OWASP-API;STD-RFC9457;STD-SCRUM;STD-SLSA;STD-WCAG
CPF-WP-DEVEX-CODEGEN-03-VERIFICATION_EVIDENCE,DEVEX-CODEGEN,GATE-01-OWNERSHIP;GATE-02-CONSUMER;GATE-03-HTTP-API;GATE-05-DB-QUERY;GATE-14-FRONTEND;GATE-15-GENERATOR;GATE-17-SUPPLY-CHAIN;GATE-18-TEST-EVIDENCE;GATE-19-DOC-SUPPORT;GATE-20-HYGIENE,STD-CYCLONEDX;STD-NIST-SSDF;STD-OAS;STD-OPENFEATURE;STD-OWASP-API;STD-RFC9457;STD-SCRUM;STD-SLSA;STD-WCAG
CPF-WP-DEVEX-CODEGEN-04-DATA_MIGRATION,DEVEX-CODEGEN,GATE-01-OWNERSHIP;GATE-02-CONSUMER;GATE-03-HTTP-API;GATE-05-DB-QUERY;GATE-14-FRONTEND;GATE-15-GENERATOR;GATE-16-COMPATIBILITY;GATE-17-SUPPLY-CHAIN;GATE-18-TEST-EVIDENCE;GATE-19-DOC-SUPPORT;GATE-20-HYGIENE,STD-CYCLONEDX;STD-NIST-SSDF;STD-OAS;STD-OPENFEATURE;STD-OWASP-API;STD-RFC9457;STD-SCRUM;STD-SLSA;STD-WCAG
CPF-WP-DEVEX-CODEGEN-05-GENERATION_COMPATIBILITY,DEVEX-CODEGEN,GATE-01-OWNERSHIP;GATE-02-CONSUMER;GATE-03-HTTP-API;GATE-05-DB-QUERY;GATE-14-FRONTEND;GATE-15-GENERATOR;GATE-16-COMPATIBILITY;GATE-17-SUPPLY-CHAIN;GATE-18-TEST-EVIDENCE;GATE-19-DOC-SUPPORT;GATE-20-HYGIENE,STD-CYCLONEDX;STD-NIST-SSDF;STD-OAS;STD-OPENFEATURE;STD-OWASP-API;STD-RFC9457;STD-SCRUM;STD-SLSA;STD-WCAG
CPF-WP-DEVEX-COMMENT-01-CONTRACT_OWNERSHIP,DEVEX-COMMENT,GATE-01-OWNERSHIP;GATE-02-CONSUMER;GATE-03-HTTP-API;GATE-15-GENERATOR;GATE-17-SUPPLY-CHAIN;GATE-18-TEST-EVIDENCE;GATE-19-DOC-SUPPORT;GATE-20-HYGIENE,STD-CYCLONEDX;STD-NIST-SSDF;STD-OAS;STD-OPENFEATURE;STD-OWASP-API;STD-RFC9457;STD-SCRUM;STD-SLSA
CPF-WP-DEVEX-COMMENT-02-IMPLEMENTATION_CONSUMER,DEVEX-COMMENT,GATE-01-OWNERSHIP;GATE-02-CONSUMER;GATE-03-HTTP-API;GATE-15-GENERATOR;GATE-17-SUPPLY-CHAIN;GATE-18-TEST-EVIDENCE;GATE-19-DOC-SUPPORT;GATE-20-HYGIENE,STD-CYCLONEDX;STD-NIST-SSDF;STD-OAS;STD-OPENFEATURE;STD-OWASP-API;STD-RFC9457;STD-SCRUM;STD-SLSA
CPF-WP-DEVEX-COMMENT-03-VERIFICATION_EVIDENCE,DEVEX-COMMENT,GATE-01-OWNERSHIP;GATE-02-CONSUMER;GATE-03-HTTP-API;GATE-15-GENERATOR;GATE-17-SUPPLY-CHAIN;GATE-18-TEST-EVIDENCE;GATE-19-DOC-SUPPORT;GATE-20-HYGIENE,STD-CYCLONEDX;STD-NIST-SSDF;STD-OAS;STD-OPENFEATURE;STD-OWASP-API;STD-RFC9457;STD-SCRUM;STD-SLSA
CPF-WP-DEVEX-COMMENT-04-GENERATION_COMPATIBILITY,DEVEX-COMMENT,GATE-01-OWNERSHIP;GATE-02-CONSUMER;GATE-03-HTTP-API;GATE-15-GENERATOR;GATE-16-COMPATIBILITY;GATE-17-SUPPLY-CHAIN;GATE-18-TEST-EVIDENCE;GATE-19-DOC-SUPPORT;GATE-20-HYGIENE,STD-CYCLONEDX;STD-NIST-SSDF;STD-OAS;STD-OPENFEATURE;STD-OWASP-API;STD-RFC9457;STD-SCRUM;STD-SLSA
CPF-WP-ONBOARD-DOMAIN-01-CONTRACT_OWNERSHIP,ONBOARD-DOMAIN,GATE-01-OWNERSHIP;GATE-02-CONSUMER;GATE-05-DB-QUERY;GATE-13-PERFORMANCE;GATE-15-GENERATOR;GATE-17-SUPPLY-CHAIN;GATE-18-TEST-EVIDENCE;GATE-20-HYGIENE;GATE-21-TIME,STD-CYCLONEDX;STD-NIST-SSDF;STD-SCRUM;STD-SLSA
CPF-WP-ONBOARD-DOMAIN-02-IMPLEMENTATION_CONSUMER,ONBOARD-DOMAIN,GATE-01-OWNERSHIP;GATE-02-CONSUMER;GATE-05-DB-QUERY;GATE-13-PERFORMANCE;GATE-15-GENERATOR;GATE-17-SUPPLY-CHAIN;GATE-18-TEST-EVIDENCE;GATE-20-HYGIENE;GATE-21-TIME,STD-CYCLONEDX;STD-NIST-SSDF;STD-SCRUM;STD-SLSA
CPF-WP-ONBOARD-DOMAIN-03-VERIFICATION_EVIDENCE,ONBOARD-DOMAIN,GATE-01-OWNERSHIP;GATE-02-CONSUMER;GATE-05-DB-QUERY;GATE-13-PERFORMANCE;GATE-15-GENERATOR;GATE-17-SUPPLY-CHAIN;GATE-18-TEST-EVIDENCE;GATE-20-HYGIENE;GATE-21-TIME,STD-CYCLONEDX;STD-NIST-SSDF;STD-SCRUM;STD-SLSA
CPF-WP-ONBOARD-DOMAIN-04-DATA_MIGRATION,ONBOARD-DOMAIN,GATE-01-OWNERSHIP;GATE-02-CONSUMER;GATE-05-DB-QUERY;GATE-13-PERFORMANCE;GATE-15-GENERATOR;GATE-16-COMPATIBILITY;GATE-17-SUPPLY-CHAIN;GATE-18-TEST-EVIDENCE;GATE-20-HYGIENE;GATE-21-TIME,STD-CYCLONEDX;STD-NIST-SSDF;STD-SCRUM;STD-SLSA
CPF-WP-ONBOARD-DOMAIN-05-GENERATION_COMPATIBILITY,ONBOARD-DOMAIN,GATE-01-OWNERSHIP;GATE-02-CONSUMER;GATE-05-DB-QUERY;GATE-13-PERFORMANCE;GATE-15-GENERATOR;GATE-16-COMPATIBILITY;GATE-17-SUPPLY-CHAIN;GATE-18-TEST-EVIDENCE;GATE-20-HYGIENE;GATE-21-TIME,STD-CYCLONEDX;STD-NIST-SSDF;STD-SCRUM;STD-SLSA
CPF-WP-SAMPLE-ACC-01-REFERENCE_RUNTIME,SAMPLE-ACC,GATE-01-OWNERSHIP;GATE-02-CONSUMER;GATE-06-STATE-IDEMP;GATE-13-PERFORMANCE;GATE-15-GENERATOR;GATE-18-TEST-EVIDENCE;GATE-20-HYGIENE;GATE-21-TIME,STD-NIST-SSDF
CPF-WP-SAMPLE-ACC-02-FAILURE_PARITY,SAMPLE-ACC,GATE-01-OWNERSHIP;GATE-02-CONSUMER;GATE-06-STATE-IDEMP;GATE-08-UNKNOWN-RECOVERY;GATE-13-PERFORMANCE;GATE-15-GENERATOR;GATE-18-TEST-EVIDENCE;GATE-20-HYGIENE,STD-NIST-SSDF
CPF-WP-SAMPLE-ACC-03-REGENERATION_EVIDENCE,SAMPLE-ACC,GATE-01-OWNERSHIP;GATE-02-CONSUMER;GATE-06-STATE-IDEMP;GATE-13-PERFORMANCE;GATE-15-GENERATOR;GATE-18-TEST-EVIDENCE;GATE-20-HYGIENE,STD-NIST-SSDF
CPF-WP-SAMPLE-MBR-01-REFERENCE_RUNTIME,SAMPLE-MBR,GATE-01-OWNERSHIP;GATE-02-CONSUMER;GATE-13-PERFORMANCE;GATE-15-GENERATOR;GATE-18-TEST-EVIDENCE;GATE-20-HYGIENE;GATE-21-TIME,STD-NIST-SSDF
CPF-WP-SAMPLE-MBR-02-FAILURE_PARITY,SAMPLE-MBR,GATE-01-OWNERSHIP;GATE-02-CONSUMER;GATE-08-UNKNOWN-RECOVERY;GATE-13-PERFORMANCE;GATE-15-GENERATOR;GATE-18-TEST-EVIDENCE;GATE-20-HYGIENE,STD-NIST-SSDF
CPF-WP-SAMPLE-MBR-03-REGENERATION_EVIDENCE,SAMPLE-MBR,GATE-01-OWNERSHIP;GATE-02-CONSUMER;GATE-13-PERFORMANCE;GATE-15-GENERATOR;GATE-18-TEST-EVIDENCE;GATE-20-HYGIENE,STD-NIST-SSDF
CPF-WP-SAMPLE-REF-01-REFERENCE_RUNTIME,SAMPLE-REF,GATE-01-OWNERSHIP;GATE-02-CONSUMER;GATE-13-PERFORMANCE;GATE-15-GENERATOR;GATE-18-TEST-EVIDENCE;GATE-20-HYGIENE;GATE-21-TIME,STD-NIST-SSDF
CPF-WP-SAMPLE-REF-02-FAILURE_PARITY,SAMPLE-REF,GATE-01-OWNERSHIP;GATE-02-CONSUMER;GATE-08-UNKNOWN-RECOVERY;GATE-13-PERFORMANCE;GATE-15-GENERATOR;GATE-18-TEST-EVIDENCE;GATE-20-HYGIENE;GATE-21-TIME,STD-NIST-SSDF
CPF-WP-SAMPLE-REF-03-REGENERATION_EVIDENCE,SAMPLE-REF,GATE-01-OWNERSHIP;GATE-02-CONSUMER;GATE-13-PERFORMANCE;GATE-15-GENERATOR;GATE-18-TEST-EVIDENCE;GATE-20-HYGIENE;GATE-21-TIME,STD-NIST-SSDF
CPF-WP-SAMPLE-BIZADM-01-REFERENCE_RUNTIME,SAMPLE-BIZADM,GATE-01-OWNERSHIP;GATE-02-CONSUMER;GATE-13-PERFORMANCE;GATE-15-GENERATOR;GATE-18-TEST-EVIDENCE;GATE-20-HYGIENE;GATE-21-TIME,STD-NIST-SSDF
CPF-WP-SAMPLE-BIZADM-02-FAILURE_PARITY,SAMPLE-BIZADM,GATE-01-OWNERSHIP;GATE-02-CONSUMER;GATE-08-UNKNOWN-RECOVERY;GATE-13-PERFORMANCE;GATE-15-GENERATOR;GATE-18-TEST-EVIDENCE;GATE-20-HYGIENE,STD-NIST-SSDF
CPF-WP-SAMPLE-BIZADM-03-REGENERATION_EVIDENCE,SAMPLE-BIZADM,GATE-01-OWNERSHIP;GATE-02-CONSUMER;GATE-13-PERFORMANCE;GATE-15-GENERATOR;GATE-18-TEST-EVIDENCE;GATE-20-HYGIENE,STD-NIST-SSDF
CPF-WP-SAMPLE-EDU-01-REFERENCE_RUNTIME,SAMPLE-EDU,GATE-01-OWNERSHIP;GATE-02-CONSUMER;GATE-05-DB-QUERY;GATE-07-MULTI-INSTANCE;GATE-09-SECURITY;GATE-13-PERFORMANCE;GATE-15-GENERATOR;GATE-18-TEST-EVIDENCE;GATE-20-HYGIENE;GATE-21-TIME,STD-CISA-SBD;STD-NIST-SSDF;STD-OWASP-ASVS
CPF-WP-SAMPLE-EDU-02-FAILURE_PARITY,SAMPLE-EDU,GATE-01-OWNERSHIP;GATE-02-CONSUMER;GATE-05-DB-QUERY;GATE-07-MULTI-INSTANCE;GATE-08-UNKNOWN-RECOVERY;GATE-09-SECURITY;GATE-13-PERFORMANCE;GATE-15-GENERATOR;GATE-18-TEST-EVIDENCE;GATE-20-HYGIENE,STD-CISA-SBD;STD-NIST-SSDF;STD-OWASP-ASVS
CPF-WP-SAMPLE-EDU-03-REGENERATION_EVIDENCE,SAMPLE-EDU,GATE-01-OWNERSHIP;GATE-02-CONSUMER;GATE-05-DB-QUERY;GATE-07-MULTI-INSTANCE;GATE-09-SECURITY;GATE-13-PERFORMANCE;GATE-15-GENERATOR;GATE-18-TEST-EVIDENCE;GATE-20-HYGIENE,STD-CISA-SBD;STD-NIST-SSDF;STD-OWASP-ASVS
CPF-WP-API-CONTRACT-01-CONTRACT_OWNERSHIP,API-CONTRACT,GATE-01-OWNERSHIP;GATE-02-CONSUMER;GATE-03-HTTP-API;GATE-06-STATE-IDEMP;GATE-09-SECURITY;GATE-16-COMPATIBILITY;GATE-18-TEST-EVIDENCE;GATE-20-HYGIENE,STD-CISA-SBD;STD-NIST-SSDF;STD-OAS;STD-OWASP-API;STD-OWASP-ASVS;STD-RFC9457
CPF-WP-API-CONTRACT-02-IMPLEMENTATION_CONSUMER,API-CONTRACT,GATE-01-OWNERSHIP;GATE-02-CONSUMER;GATE-03-HTTP-API;GATE-06-STATE-IDEMP;GATE-09-SECURITY;GATE-16-COMPATIBILITY;GATE-18-TEST-EVIDENCE;GATE-20-HYGIENE,STD-CISA-SBD;STD-NIST-SSDF;STD-OAS;STD-OWASP-API;STD-OWASP-ASVS;STD-RFC9457
CPF-WP-API-CONTRACT-03-VERIFICATION_EVIDENCE,API-CONTRACT,GATE-01-OWNERSHIP;GATE-02-CONSUMER;GATE-03-HTTP-API;GATE-06-STATE-IDEMP;GATE-09-SECURITY;GATE-16-COMPATIBILITY;GATE-18-TEST-EVIDENCE;GATE-20-HYGIENE,STD-CISA-SBD;STD-NIST-SSDF;STD-OAS;STD-OWASP-API;STD-OWASP-ASVS;STD-RFC9457
CPF-WP-API-CONTRACT-04-FAILURE_RECOVERY,API-CONTRACT,GATE-01-OWNERSHIP;GATE-02-CONSUMER;GATE-03-HTTP-API;GATE-06-STATE-IDEMP;GATE-08-UNKNOWN-RECOVERY;GATE-09-SECURITY;GATE-16-COMPATIBILITY;GATE-18-TEST-EVIDENCE;GATE-20-HYGIENE,STD-CISA-SBD;STD-NIST-SSDF;STD-OAS;STD-OWASP-API;STD-OWASP-ASVS;STD-RFC9457
CPF-WP-API-CONTRACT-05-OPERATIONS_SECURITY,API-CONTRACT,GATE-01-OWNERSHIP;GATE-02-CONSUMER;GATE-03-HTTP-API;GATE-06-STATE-IDEMP;GATE-09-SECURITY;GATE-11-OPS-AUDIT;GATE-16-COMPATIBILITY;GATE-18-TEST-EVIDENCE;GATE-20-HYGIENE,STD-CISA-SBD;STD-NIST-SSDF;STD-OAS;STD-OWASP-API;STD-OWASP-ASVS;STD-RFC9457
CPF-WP-API-CONTRACT-06-GENERATION_COMPATIBILITY,API-CONTRACT,GATE-01-OWNERSHIP;GATE-02-CONSUMER;GATE-03-HTTP-API;GATE-06-STATE-IDEMP;GATE-09-SECURITY;GATE-15-GENERATOR;GATE-16-COMPATIBILITY;GATE-18-TEST-EVIDENCE;GATE-20-HYGIENE,STD-CISA-SBD;STD-NIST-SSDF;STD-OAS;STD-OWASP-API;STD-OWASP-ASVS;STD-RFC9457
CPF-WP-API-PAGING-01-CONTRACT_OWNERSHIP,API-PAGING,GATE-01-OWNERSHIP;GATE-02-CONSUMER;GATE-03-HTTP-API;GATE-18-TEST-EVIDENCE;GATE-20-HYGIENE,STD-NIST-SSDF;STD-OAS;STD-OWASP-API;STD-RFC9457
CPF-WP-API-PAGING-02-IMPLEMENTATION_CONSUMER,API-PAGING,GATE-01-OWNERSHIP;GATE-02-CONSUMER;GATE-03-HTTP-API;GATE-18-TEST-EVIDENCE;GATE-20-HYGIENE,STD-NIST-SSDF;STD-OAS;STD-OWASP-API;STD-RFC9457
CPF-WP-API-PAGING-03-VERIFICATION_EVIDENCE,API-PAGING,GATE-01-OWNERSHIP;GATE-02-CONSUMER;GATE-03-HTTP-API;GATE-18-TEST-EVIDENCE;GATE-20-HYGIENE,STD-NIST-SSDF;STD-OAS;STD-OWASP-API;STD-RFC9457
CPF-WP-API-ASYNC-01-CONTRACT_OWNERSHIP,API-ASYNC,GATE-01-OWNERSHIP;GATE-02-CONSUMER;GATE-03-HTTP-API;GATE-04-EVENT-API;GATE-06-STATE-IDEMP;GATE-08-UNKNOWN-RECOVERY;GATE-11-OPS-AUDIT;GATE-18-TEST-EVIDENCE;GATE-20-HYGIENE;GATE-21-TIME,STD-ASYNCAPI;STD-CLOUDEVENTS;STD-NIST-SSDF;STD-OAS;STD-OWASP-API;STD-RFC9457
CPF-WP-API-ASYNC-02-IMPLEMENTATION_CONSUMER,API-ASYNC,GATE-01-OWNERSHIP;GATE-02-CONSUMER;GATE-03-HTTP-API;GATE-04-EVENT-API;GATE-06-STATE-IDEMP;GATE-08-UNKNOWN-RECOVERY;GATE-11-OPS-AUDIT;GATE-18-TEST-EVIDENCE;GATE-20-HYGIENE;GATE-21-TIME,STD-ASYNCAPI;STD-CLOUDEVENTS;STD-NIST-SSDF;STD-OAS;STD-OWASP-API;STD-RFC9457
CPF-WP-API-ASYNC-03-VERIFICATION_EVIDENCE,API-ASYNC,GATE-01-OWNERSHIP;GATE-02-CONSUMER;GATE-03-HTTP-API;GATE-04-EVENT-API;GATE-06-STATE-IDEMP;GATE-08-UNKNOWN-RECOVERY;GATE-11-OPS-AUDIT;GATE-18-TEST-EVIDENCE;GATE-20-HYGIENE;GATE-21-TIME,STD-ASYNCAPI;STD-CLOUDEVENTS;STD-NIST-SSDF;STD-OAS;STD-OWASP-API;STD-RFC9457
CPF-WP-API-ASYNC-04-FAILURE_RECOVERY,API-ASYNC,GATE-01-OWNERSHIP;GATE-02-CONSUMER;GATE-03-HTTP-API;GATE-04-EVENT-API;GATE-06-STATE-IDEMP;GATE-08-UNKNOWN-RECOVERY;GATE-11-OPS-AUDIT;GATE-18-TEST-EVIDENCE;GATE-20-HYGIENE;GATE-21-TIME,STD-ASYNCAPI;STD-CLOUDEVENTS;STD-NIST-SSDF;STD-OAS;STD-OWASP-API;STD-RFC9457
CPF-WP-API-ASYNC-05-OPERATIONS_SECURITY,API-ASYNC,GATE-01-OWNERSHIP;GATE-02-CONSUMER;GATE-03-HTTP-API;GATE-04-EVENT-API;GATE-06-STATE-IDEMP;GATE-08-UNKNOWN-RECOVERY;GATE-09-SECURITY;GATE-11-OPS-AUDIT;GATE-18-TEST-EVIDENCE;GATE-20-HYGIENE;GATE-21-TIME,STD-ASYNCAPI;STD-CISA-SBD;STD-CLOUDEVENTS;STD-NIST-SSDF;STD-OAS;STD-OWASP-API;STD-OWASP-ASVS;STD-RFC9457
CPF-WP-API-FILE-01-CONTRACT_OWNERSHIP,API-FILE,GATE-01-OWNERSHIP;GATE-02-CONSUMER;GATE-03-HTTP-API;GATE-10-CRYPTO-PRIVACY;GATE-13-PERFORMANCE;GATE-18-TEST-EVIDENCE;GATE-20-HYGIENE,STD-NIST-SSDF;STD-OAS;STD-OWASP-API;STD-RFC9457
CPF-WP-API-FILE-02-IMPLEMENTATION_CONSUMER,API-FILE,GATE-01-OWNERSHIP;GATE-02-CONSUMER;GATE-03-HTTP-API;GATE-10-CRYPTO-PRIVACY;GATE-13-PERFORMANCE;GATE-18-TEST-EVIDENCE;GATE-20-HYGIENE,STD-NIST-SSDF;STD-OAS;STD-OWASP-API;STD-RFC9457
CPF-WP-API-FILE-03-VERIFICATION_EVIDENCE,API-FILE,GATE-01-OWNERSHIP;GATE-02-CONSUMER;GATE-03-HTTP-API;GATE-10-CRYPTO-PRIVACY;GATE-13-PERFORMANCE;GATE-18-TEST-EVIDENCE;GATE-20-HYGIENE,STD-NIST-SSDF;STD-OAS;STD-OWASP-API;STD-RFC9457
CPF-WP-API-FILE-04-FAILURE_RECOVERY,API-FILE,GATE-01-OWNERSHIP;GATE-02-CONSUMER;GATE-03-HTTP-API;GATE-06-STATE-IDEMP;GATE-08-UNKNOWN-RECOVERY;GATE-10-CRYPTO-PRIVACY;GATE-13-PERFORMANCE;GATE-18-TEST-EVIDENCE;GATE-20-HYGIENE,STD-NIST-SSDF;STD-OAS;STD-OWASP-API;STD-RFC9457
CPF-WP-API-FILE-05-OPERATIONS_SECURITY,API-FILE,GATE-01-OWNERSHIP;GATE-02-CONSUMER;GATE-03-HTTP-API;GATE-09-SECURITY;GATE-10-CRYPTO-PRIVACY;GATE-11-OPS-AUDIT;GATE-13-PERFORMANCE;GATE-18-TEST-EVIDENCE;GATE-20-HYGIENE,STD-CISA-SBD;STD-NIST-SSDF;STD-OAS;STD-OWASP-API;STD-OWASP-ASVS;STD-RFC9457
CPF-WP-RULE-ARCH-01-GATE_ENGINE,RULE-ARCH,GATE-01-OWNERSHIP;GATE-02-CONSUMER;GATE-05-DB-QUERY;GATE-13-PERFORMANCE;GATE-15-GENERATOR;GATE-17-SUPPLY-CHAIN;GATE-18-TEST-EVIDENCE;GATE-20-HYGIENE,STD-CYCLONEDX;STD-NIST-SSDF;STD-SCRUM;STD-SLSA
CPF-WP-RULE-ARCH-02-NEGATIVE_FIXTURES,RULE-ARCH,GATE-01-OWNERSHIP;GATE-02-CONSUMER;GATE-05-DB-QUERY;GATE-13-PERFORMANCE;GATE-15-GENERATOR;GATE-17-SUPPLY-CHAIN;GATE-18-TEST-EVIDENCE;GATE-20-HYGIENE,STD-CYCLONEDX;STD-NIST-SSDF;STD-SCRUM;STD-SLSA
CPF-WP-RULE-ARCH-03-INTEGRATION_ENFORCEMENT,RULE-ARCH,GATE-01-OWNERSHIP;GATE-02-CONSUMER;GATE-05-DB-QUERY;GATE-13-PERFORMANCE;GATE-15-GENERATOR;GATE-17-SUPPLY-CHAIN;GATE-18-TEST-EVIDENCE;GATE-20-HYGIENE,STD-CYCLONEDX;STD-NIST-SSDF;STD-SCRUM;STD-SLSA
CPF-WP-RULE-SEC-01-GATE_ENGINE,RULE-SEC,GATE-01-OWNERSHIP;GATE-02-CONSUMER;GATE-05-DB-QUERY;GATE-09-SECURITY;GATE-10-CRYPTO-PRIVACY;GATE-12-OBSERVABILITY;GATE-17-SUPPLY-CHAIN;GATE-18-TEST-EVIDENCE;GATE-20-HYGIENE,STD-CISA-SBD;STD-CYCLONEDX;STD-NIST-SSDF;STD-OTEL;STD-OWASP-ASVS;STD-SCRUM;STD-SLSA;STD-TRACE
CPF-WP-RULE-SEC-02-NEGATIVE_FIXTURES,RULE-SEC,GATE-01-OWNERSHIP;GATE-02-CONSUMER;GATE-05-DB-QUERY;GATE-09-SECURITY;GATE-10-CRYPTO-PRIVACY;GATE-12-OBSERVABILITY;GATE-17-SUPPLY-CHAIN;GATE-18-TEST-EVIDENCE;GATE-20-HYGIENE,STD-CISA-SBD;STD-CYCLONEDX;STD-NIST-SSDF;STD-OTEL;STD-OWASP-ASVS;STD-SCRUM;STD-SLSA;STD-TRACE
CPF-WP-RULE-SEC-03-INTEGRATION_ENFORCEMENT,RULE-SEC,GATE-01-OWNERSHIP;GATE-02-CONSUMER;GATE-05-DB-QUERY;GATE-09-SECURITY;GATE-10-CRYPTO-PRIVACY;GATE-12-OBSERVABILITY;GATE-17-SUPPLY-CHAIN;GATE-18-TEST-EVIDENCE;GATE-20-HYGIENE,STD-CISA-SBD;STD-CYCLONEDX;STD-NIST-SSDF;STD-OTEL;STD-OWASP-ASVS;STD-SCRUM;STD-SLSA;STD-TRACE
CPF-WP-RULE-QUALITY-01-GATE_ENGINE,RULE-QUALITY,GATE-01-OWNERSHIP;GATE-02-CONSUMER;GATE-17-SUPPLY-CHAIN;GATE-18-TEST-EVIDENCE;GATE-20-HYGIENE,STD-CYCLONEDX;STD-NIST-SSDF;STD-SCRUM;STD-SLSA
CPF-WP-RULE-QUALITY-02-NEGATIVE_FIXTURES,RULE-QUALITY,GATE-01-OWNERSHIP;GATE-02-CONSUMER;GATE-17-SUPPLY-CHAIN;GATE-18-TEST-EVIDENCE;GATE-20-HYGIENE,STD-CYCLONEDX;STD-NIST-SSDF;STD-SCRUM;STD-SLSA
CPF-WP-RULE-QUALITY-03-INTEGRATION_ENFORCEMENT,RULE-QUALITY,GATE-01-OWNERSHIP;GATE-02-CONSUMER;GATE-17-SUPPLY-CHAIN;GATE-18-TEST-EVIDENCE;GATE-20-HYGIENE,STD-CYCLONEDX;STD-NIST-SSDF;STD-SCRUM;STD-SLSA
CPF-WP-TEST-UNIT-01-GATE_ENGINE,TEST-UNIT,GATE-01-OWNERSHIP;GATE-02-CONSUMER;GATE-06-STATE-IDEMP;GATE-09-SECURITY;GATE-18-TEST-EVIDENCE;GATE-20-HYGIENE,STD-CISA-SBD;STD-NIST-SSDF;STD-OWASP-ASVS
CPF-WP-TEST-UNIT-02-NEGATIVE_FIXTURES,TEST-UNIT,GATE-01-OWNERSHIP;GATE-02-CONSUMER;GATE-06-STATE-IDEMP;GATE-09-SECURITY;GATE-18-TEST-EVIDENCE;GATE-20-HYGIENE,STD-CISA-SBD;STD-NIST-SSDF;STD-OWASP-ASVS
CPF-WP-TEST-UNIT-03-INTEGRATION_ENFORCEMENT,TEST-UNIT,GATE-01-OWNERSHIP;GATE-02-CONSUMER;GATE-06-STATE-IDEMP;GATE-09-SECURITY;GATE-18-TEST-EVIDENCE;GATE-20-HYGIENE,STD-CISA-SBD;STD-NIST-SSDF;STD-OWASP-ASVS
CPF-WP-TEST-CONTRACT-01-GATE_ENGINE,TEST-CONTRACT,GATE-01-OWNERSHIP;GATE-02-CONSUMER;GATE-03-HTTP-API;GATE-04-EVENT-API;GATE-05-DB-QUERY;GATE-13-PERFORMANCE;GATE-14-FRONTEND;GATE-15-GENERATOR;GATE-16-COMPATIBILITY;GATE-17-SUPPLY-CHAIN;GATE-18-TEST-EVIDENCE;GATE-20-HYGIENE,STD-ASYNCAPI;STD-CLOUDEVENTS;STD-CYCLONEDX;STD-NIST-SSDF;STD-OAS;STD-OWASP-API;STD-RFC9457;STD-SCRUM;STD-SLSA;STD-WCAG
CPF-WP-TEST-CONTRACT-02-NEGATIVE_FIXTURES,TEST-CONTRACT,GATE-01-OWNERSHIP;GATE-02-CONSUMER;GATE-03-HTTP-API;GATE-04-EVENT-API;GATE-05-DB-QUERY;GATE-13-PERFORMANCE;GATE-14-FRONTEND;GATE-15-GENERATOR;GATE-16-COMPATIBILITY;GATE-17-SUPPLY-CHAIN;GATE-18-TEST-EVIDENCE;GATE-20-HYGIENE,STD-ASYNCAPI;STD-CLOUDEVENTS;STD-CYCLONEDX;STD-NIST-SSDF;STD-OAS;STD-OWASP-API;STD-RFC9457;STD-SCRUM;STD-SLSA;STD-WCAG
CPF-WP-TEST-CONTRACT-03-INTEGRATION_ENFORCEMENT,TEST-CONTRACT,GATE-01-OWNERSHIP;GATE-02-CONSUMER;GATE-03-HTTP-API;GATE-04-EVENT-API;GATE-05-DB-QUERY;GATE-13-PERFORMANCE;GATE-14-FRONTEND;GATE-15-GENERATOR;GATE-16-COMPATIBILITY;GATE-17-SUPPLY-CHAIN;GATE-18-TEST-EVIDENCE;GATE-20-HYGIENE,STD-ASYNCAPI;STD-CLOUDEVENTS;STD-CYCLONEDX;STD-NIST-SSDF;STD-OAS;STD-OWASP-API;STD-RFC9457;STD-SCRUM;STD-SLSA;STD-WCAG
CPF-WP-TEST-RUNTIME-01-GATE_ENGINE,TEST-RUNTIME,GATE-01-OWNERSHIP;GATE-02-CONSUMER;GATE-05-DB-QUERY;GATE-06-STATE-IDEMP;GATE-08-UNKNOWN-RECOVERY;GATE-13-PERFORMANCE;GATE-18-TEST-EVIDENCE;GATE-20-HYGIENE;GATE-21-TIME,STD-NIST-SSDF
CPF-WP-TEST-RUNTIME-02-NEGATIVE_FIXTURES,TEST-RUNTIME,GATE-01-OWNERSHIP;GATE-02-CONSUMER;GATE-05-DB-QUERY;GATE-06-STATE-IDEMP;GATE-08-UNKNOWN-RECOVERY;GATE-13-PERFORMANCE;GATE-18-TEST-EVIDENCE;GATE-20-HYGIENE;GATE-21-TIME,STD-NIST-SSDF
CPF-WP-TEST-RUNTIME-03-INTEGRATION_ENFORCEMENT,TEST-RUNTIME,GATE-01-OWNERSHIP;GATE-02-CONSUMER;GATE-05-DB-QUERY;GATE-06-STATE-IDEMP;GATE-08-UNKNOWN-RECOVERY;GATE-13-PERFORMANCE;GATE-18-TEST-EVIDENCE;GATE-20-HYGIENE;GATE-21-TIME,STD-NIST-SSDF
CPF-WP-TEST-BROWSER-01-GATE_ENGINE,TEST-BROWSER,GATE-01-OWNERSHIP;GATE-02-CONSUMER;GATE-09-SECURITY;GATE-14-FRONTEND;GATE-18-TEST-EVIDENCE;GATE-20-HYGIENE,STD-CISA-SBD;STD-NIST-SSDF;STD-OWASP-ASVS;STD-WCAG
CPF-WP-TEST-BROWSER-02-NEGATIVE_FIXTURES,TEST-BROWSER,GATE-01-OWNERSHIP;GATE-02-CONSUMER;GATE-09-SECURITY;GATE-14-FRONTEND;GATE-18-TEST-EVIDENCE;GATE-20-HYGIENE,STD-CISA-SBD;STD-NIST-SSDF;STD-OWASP-ASVS;STD-WCAG
CPF-WP-TEST-BROWSER-03-INTEGRATION_ENFORCEMENT,TEST-BROWSER,GATE-01-OWNERSHIP;GATE-02-CONSUMER;GATE-09-SECURITY;GATE-14-FRONTEND;GATE-18-TEST-EVIDENCE;GATE-20-HYGIENE,STD-CISA-SBD;STD-NIST-SSDF;STD-OWASP-ASVS;STD-WCAG
CPF-WP-TEST-BROKER-01-GATE_ENGINE,TEST-BROKER,GATE-01-OWNERSHIP;GATE-02-CONSUMER;GATE-04-EVENT-API;GATE-06-STATE-IDEMP;GATE-08-UNKNOWN-RECOVERY;GATE-18-TEST-EVIDENCE;GATE-20-HYGIENE,STD-ASYNCAPI;STD-CLOUDEVENTS;STD-NIST-SSDF
CPF-WP-TEST-BROKER-02-NEGATIVE_FIXTURES,TEST-BROKER,GATE-01-OWNERSHIP;GATE-02-CONSUMER;GATE-04-EVENT-API;GATE-06-STATE-IDEMP;GATE-08-UNKNOWN-RECOVERY;GATE-18-TEST-EVIDENCE;GATE-20-HYGIENE,STD-ASYNCAPI;STD-CLOUDEVENTS;STD-NIST-SSDF
CPF-WP-TEST-BROKER-03-INTEGRATION_ENFORCEMENT,TEST-BROKER,GATE-01-OWNERSHIP;GATE-02-CONSUMER;GATE-04-EVENT-API;GATE-06-STATE-IDEMP;GATE-08-UNKNOWN-RECOVERY;GATE-18-TEST-EVIDENCE;GATE-20-HYGIENE,STD-ASYNCAPI;STD-CLOUDEVENTS;STD-NIST-SSDF
CPF-WP-TEST-FAULT-01-GATE_ENGINE,TEST-FAULT,GATE-01-OWNERSHIP;GATE-02-CONSUMER;GATE-04-EVENT-API;GATE-05-DB-QUERY;GATE-06-STATE-IDEMP;GATE-08-UNKNOWN-RECOVERY;GATE-18-TEST-EVIDENCE;GATE-20-HYGIENE;GATE-21-TIME,STD-ASYNCAPI;STD-CLOUDEVENTS;STD-NIST-SSDF
CPF-WP-TEST-FAULT-02-NEGATIVE_FIXTURES,TEST-FAULT,GATE-01-OWNERSHIP;GATE-02-CONSUMER;GATE-04-EVENT-API;GATE-05-DB-QUERY;GATE-06-STATE-IDEMP;GATE-08-UNKNOWN-RECOVERY;GATE-18-TEST-EVIDENCE;GATE-20-HYGIENE;GATE-21-TIME,STD-ASYNCAPI;STD-CLOUDEVENTS;STD-NIST-SSDF
CPF-WP-TEST-FAULT-03-INTEGRATION_ENFORCEMENT,TEST-FAULT,GATE-01-OWNERSHIP;GATE-02-CONSUMER;GATE-04-EVENT-API;GATE-05-DB-QUERY;GATE-06-STATE-IDEMP;GATE-08-UNKNOWN-RECOVERY;GATE-18-TEST-EVIDENCE;GATE-20-HYGIENE;GATE-21-TIME,STD-ASYNCAPI;STD-CLOUDEVENTS;STD-NIST-SSDF
CPF-WP-TEST-EVIDENCE-01-GATE_ENGINE,TEST-EVIDENCE,GATE-01-OWNERSHIP;GATE-02-CONSUMER;GATE-05-DB-QUERY;GATE-17-SUPPLY-CHAIN;GATE-18-TEST-EVIDENCE;GATE-20-HYGIENE;GATE-21-TIME,STD-CYCLONEDX;STD-NIST-SSDF;STD-SCRUM;STD-SLSA
CPF-WP-TEST-EVIDENCE-02-NEGATIVE_FIXTURES,TEST-EVIDENCE,GATE-01-OWNERSHIP;GATE-02-CONSUMER;GATE-05-DB-QUERY;GATE-17-SUPPLY-CHAIN;GATE-18-TEST-EVIDENCE;GATE-20-HYGIENE;GATE-21-TIME,STD-CYCLONEDX;STD-NIST-SSDF;STD-SCRUM;STD-SLSA
CPF-WP-TEST-EVIDENCE-03-INTEGRATION_ENFORCEMENT,TEST-EVIDENCE,GATE-01-OWNERSHIP;GATE-02-CONSUMER;GATE-05-DB-QUERY;GATE-17-SUPPLY-CHAIN;GATE-18-TEST-EVIDENCE;GATE-20-HYGIENE;GATE-21-TIME,STD-CYCLONEDX;STD-NIST-SSDF;STD-SCRUM;STD-SLSA
CPF-WP-REL-BUILD-01-CONTRACT_OWNERSHIP,REL-BUILD,GATE-01-OWNERSHIP;GATE-02-CONSUMER;GATE-07-MULTI-INSTANCE;GATE-17-SUPPLY-CHAIN;GATE-18-TEST-EVIDENCE;GATE-20-HYGIENE;GATE-21-TIME,STD-CYCLONEDX;STD-GRADLE-JAVA;STD-NIST-SSDF;STD-SCRUM;STD-SLSA;STD-SPRING
CPF-WP-REL-BUILD-02-IMPLEMENTATION_CONSUMER,REL-BUILD,GATE-01-OWNERSHIP;GATE-02-CONSUMER;GATE-07-MULTI-INSTANCE;GATE-17-SUPPLY-CHAIN;GATE-18-TEST-EVIDENCE;GATE-20-HYGIENE;GATE-21-TIME,STD-CYCLONEDX;STD-GRADLE-JAVA;STD-NIST-SSDF;STD-SCRUM;STD-SLSA;STD-SPRING
CPF-WP-REL-BUILD-03-VERIFICATION_EVIDENCE,REL-BUILD,GATE-01-OWNERSHIP;GATE-02-CONSUMER;GATE-07-MULTI-INSTANCE;GATE-17-SUPPLY-CHAIN;GATE-18-TEST-EVIDENCE;GATE-20-HYGIENE;GATE-21-TIME,STD-CYCLONEDX;STD-GRADLE-JAVA;STD-NIST-SSDF;STD-SCRUM;STD-SLSA;STD-SPRING
CPF-WP-REL-BUILD-04-FAILURE_RECOVERY,REL-BUILD,GATE-01-OWNERSHIP;GATE-02-CONSUMER;GATE-06-STATE-IDEMP;GATE-07-MULTI-INSTANCE;GATE-08-UNKNOWN-RECOVERY;GATE-17-SUPPLY-CHAIN;GATE-18-TEST-EVIDENCE;GATE-20-HYGIENE;GATE-21-TIME,STD-CYCLONEDX;STD-GRADLE-JAVA;STD-NIST-SSDF;STD-SCRUM;STD-SLSA;STD-SPRING
CPF-WP-REL-BUILD-05-GENERATION_COMPATIBILITY,REL-BUILD,GATE-01-OWNERSHIP;GATE-02-CONSUMER;GATE-07-MULTI-INSTANCE;GATE-15-GENERATOR;GATE-16-COMPATIBILITY;GATE-17-SUPPLY-CHAIN;GATE-18-TEST-EVIDENCE;GATE-20-HYGIENE;GATE-21-TIME,STD-CYCLONEDX;STD-GRADLE-JAVA;STD-NIST-SSDF;STD-SCRUM;STD-SLSA;STD-SPRING
CPF-WP-REL-DEPLOY-01-CONTRACT_OWNERSHIP,REL-DEPLOY,GATE-01-OWNERSHIP;GATE-02-CONSUMER;GATE-07-MULTI-INSTANCE;GATE-08-UNKNOWN-RECOVERY;GATE-12-OBSERVABILITY;GATE-16-COMPATIBILITY;GATE-17-SUPPLY-CHAIN;GATE-18-TEST-EVIDENCE;GATE-20-HYGIENE;GATE-21-TIME,STD-CYCLONEDX;STD-GRADLE-JAVA;STD-NIST-SSDF;STD-OTEL;STD-SCRUM;STD-SLSA;STD-SPRING;STD-TRACE
CPF-WP-REL-DEPLOY-02-IMPLEMENTATION_CONSUMER,REL-DEPLOY,GATE-01-OWNERSHIP;GATE-02-CONSUMER;GATE-07-MULTI-INSTANCE;GATE-08-UNKNOWN-RECOVERY;GATE-12-OBSERVABILITY;GATE-16-COMPATIBILITY;GATE-17-SUPPLY-CHAIN;GATE-18-TEST-EVIDENCE;GATE-20-HYGIENE;GATE-21-TIME,STD-CYCLONEDX;STD-GRADLE-JAVA;STD-NIST-SSDF;STD-OTEL;STD-SCRUM;STD-SLSA;STD-SPRING;STD-TRACE
CPF-WP-REL-DEPLOY-03-VERIFICATION_EVIDENCE,REL-DEPLOY,GATE-01-OWNERSHIP;GATE-02-CONSUMER;GATE-07-MULTI-INSTANCE;GATE-08-UNKNOWN-RECOVERY;GATE-12-OBSERVABILITY;GATE-16-COMPATIBILITY;GATE-17-SUPPLY-CHAIN;GATE-18-TEST-EVIDENCE;GATE-20-HYGIENE;GATE-21-TIME,STD-CYCLONEDX;STD-GRADLE-JAVA;STD-NIST-SSDF;STD-OTEL;STD-SCRUM;STD-SLSA;STD-SPRING;STD-TRACE
CPF-WP-REL-DEPLOY-04-FAILURE_RECOVERY,REL-DEPLOY,GATE-01-OWNERSHIP;GATE-02-CONSUMER;GATE-06-STATE-IDEMP;GATE-07-MULTI-INSTANCE;GATE-08-UNKNOWN-RECOVERY;GATE-12-OBSERVABILITY;GATE-16-COMPATIBILITY;GATE-17-SUPPLY-CHAIN;GATE-18-TEST-EVIDENCE;GATE-20-HYGIENE;GATE-21-TIME,STD-CYCLONEDX;STD-GRADLE-JAVA;STD-NIST-SSDF;STD-OTEL;STD-SCRUM;STD-SLSA;STD-SPRING;STD-TRACE
CPF-WP-REL-DEPLOY-05-OPERATIONS_SECURITY,REL-DEPLOY,GATE-01-OWNERSHIP;GATE-02-CONSUMER;GATE-07-MULTI-INSTANCE;GATE-08-UNKNOWN-RECOVERY;GATE-09-SECURITY;GATE-11-OPS-AUDIT;GATE-12-OBSERVABILITY;GATE-16-COMPATIBILITY;GATE-17-SUPPLY-CHAIN;GATE-18-TEST-EVIDENCE;GATE-20-HYGIENE;GATE-21-TIME,STD-CISA-SBD;STD-CYCLONEDX;STD-GRADLE-JAVA;STD-NIST-SSDF;STD-OTEL;STD-OWASP-ASVS;STD-SCRUM;STD-SLSA;STD-SPRING;STD-TRACE
CPF-WP-REL-DEPLOY-06-GENERATION_COMPATIBILITY,REL-DEPLOY,GATE-01-OWNERSHIP;GATE-02-CONSUMER;GATE-07-MULTI-INSTANCE;GATE-08-UNKNOWN-RECOVERY;GATE-12-OBSERVABILITY;GATE-15-GENERATOR;GATE-16-COMPATIBILITY;GATE-17-SUPPLY-CHAIN;GATE-18-TEST-EVIDENCE;GATE-20-HYGIENE;GATE-21-TIME,STD-CYCLONEDX;STD-GRADLE-JAVA;STD-NIST-SSDF;STD-OTEL;STD-SCRUM;STD-SLSA;STD-SPRING;STD-TRACE
CPF-WP-REL-MIG-01-CONTRACT_OWNERSHIP,REL-MIG,GATE-01-OWNERSHIP;GATE-02-CONSUMER;GATE-04-EVENT-API;GATE-05-DB-QUERY;GATE-07-MULTI-INSTANCE;GATE-08-UNKNOWN-RECOVERY;GATE-16-COMPATIBILITY;GATE-17-SUPPLY-CHAIN;GATE-18-TEST-EVIDENCE;GATE-19-DOC-SUPPORT;GATE-20-HYGIENE;GATE-21-TIME,STD-ASYNCAPI;STD-CLOUDEVENTS;STD-CYCLONEDX;STD-GRADLE-JAVA;STD-NIST-SSDF;STD-SCRUM;STD-SLSA;STD-SPRING
CPF-WP-REL-MIG-02-IMPLEMENTATION_CONSUMER,REL-MIG,GATE-01-OWNERSHIP;GATE-02-CONSUMER;GATE-04-EVENT-API;GATE-05-DB-QUERY;GATE-07-MULTI-INSTANCE;GATE-08-UNKNOWN-RECOVERY;GATE-16-COMPATIBILITY;GATE-17-SUPPLY-CHAIN;GATE-18-TEST-EVIDENCE;GATE-19-DOC-SUPPORT;GATE-20-HYGIENE;GATE-21-TIME,STD-ASYNCAPI;STD-CLOUDEVENTS;STD-CYCLONEDX;STD-GRADLE-JAVA;STD-NIST-SSDF;STD-SCRUM;STD-SLSA;STD-SPRING
CPF-WP-REL-MIG-03-VERIFICATION_EVIDENCE,REL-MIG,GATE-01-OWNERSHIP;GATE-02-CONSUMER;GATE-04-EVENT-API;GATE-05-DB-QUERY;GATE-07-MULTI-INSTANCE;GATE-08-UNKNOWN-RECOVERY;GATE-16-COMPATIBILITY;GATE-17-SUPPLY-CHAIN;GATE-18-TEST-EVIDENCE;GATE-19-DOC-SUPPORT;GATE-20-HYGIENE;GATE-21-TIME,STD-ASYNCAPI;STD-CLOUDEVENTS;STD-CYCLONEDX;STD-GRADLE-JAVA;STD-NIST-SSDF;STD-SCRUM;STD-SLSA;STD-SPRING
CPF-WP-REL-MIG-04-FAILURE_RECOVERY,REL-MIG,GATE-01-OWNERSHIP;GATE-02-CONSUMER;GATE-04-EVENT-API;GATE-05-DB-QUERY;GATE-06-STATE-IDEMP;GATE-07-MULTI-INSTANCE;GATE-08-UNKNOWN-RECOVERY;GATE-16-COMPATIBILITY;GATE-17-SUPPLY-CHAIN;GATE-18-TEST-EVIDENCE;GATE-19-DOC-SUPPORT;GATE-20-HYGIENE;GATE-21-TIME,STD-ASYNCAPI;STD-CLOUDEVENTS;STD-CYCLONEDX;STD-GRADLE-JAVA;STD-NIST-SSDF;STD-SCRUM;STD-SLSA;STD-SPRING
CPF-WP-REL-MIG-05-DATA_MIGRATION,REL-MIG,GATE-01-OWNERSHIP;GATE-02-CONSUMER;GATE-04-EVENT-API;GATE-05-DB-QUERY;GATE-07-MULTI-INSTANCE;GATE-08-UNKNOWN-RECOVERY;GATE-16-COMPATIBILITY;GATE-17-SUPPLY-CHAIN;GATE-18-TEST-EVIDENCE;GATE-19-DOC-SUPPORT;GATE-20-HYGIENE;GATE-21-TIME,STD-ASYNCAPI;STD-CLOUDEVENTS;STD-CYCLONEDX;STD-GRADLE-JAVA;STD-NIST-SSDF;STD-SCRUM;STD-SLSA;STD-SPRING
CPF-WP-REL-MIG-06-GENERATION_COMPATIBILITY,REL-MIG,GATE-01-OWNERSHIP;GATE-02-CONSUMER;GATE-04-EVENT-API;GATE-05-DB-QUERY;GATE-07-MULTI-INSTANCE;GATE-08-UNKNOWN-RECOVERY;GATE-15-GENERATOR;GATE-16-COMPATIBILITY;GATE-17-SUPPLY-CHAIN;GATE-18-TEST-EVIDENCE;GATE-19-DOC-SUPPORT;GATE-20-HYGIENE;GATE-21-TIME,STD-ASYNCAPI;STD-CLOUDEVENTS;STD-CYCLONEDX;STD-GRADLE-JAVA;STD-NIST-SSDF;STD-SCRUM;STD-SLSA;STD-SPRING
CPF-WP-REL-COMPAT-01-CONTRACT_OWNERSHIP,REL-COMPAT,GATE-01-OWNERSHIP;GATE-02-CONSUMER;GATE-07-MULTI-INSTANCE;GATE-08-UNKNOWN-RECOVERY;GATE-16-COMPATIBILITY;GATE-17-SUPPLY-CHAIN;GATE-18-TEST-EVIDENCE;GATE-19-DOC-SUPPORT;GATE-20-HYGIENE;GATE-21-TIME,STD-CYCLONEDX;STD-GRADLE-JAVA;STD-NIST-SSDF;STD-SCRUM;STD-SLSA;STD-SPRING
CPF-WP-REL-COMPAT-02-IMPLEMENTATION_CONSUMER,REL-COMPAT,GATE-01-OWNERSHIP;GATE-02-CONSUMER;GATE-07-MULTI-INSTANCE;GATE-08-UNKNOWN-RECOVERY;GATE-16-COMPATIBILITY;GATE-17-SUPPLY-CHAIN;GATE-18-TEST-EVIDENCE;GATE-19-DOC-SUPPORT;GATE-20-HYGIENE;GATE-21-TIME,STD-CYCLONEDX;STD-GRADLE-JAVA;STD-NIST-SSDF;STD-SCRUM;STD-SLSA;STD-SPRING
CPF-WP-REL-COMPAT-03-VERIFICATION_EVIDENCE,REL-COMPAT,GATE-01-OWNERSHIP;GATE-02-CONSUMER;GATE-07-MULTI-INSTANCE;GATE-08-UNKNOWN-RECOVERY;GATE-16-COMPATIBILITY;GATE-17-SUPPLY-CHAIN;GATE-18-TEST-EVIDENCE;GATE-19-DOC-SUPPORT;GATE-20-HYGIENE;GATE-21-TIME,STD-CYCLONEDX;STD-GRADLE-JAVA;STD-NIST-SSDF;STD-SCRUM;STD-SLSA;STD-SPRING
CPF-WP-REL-COMPAT-04-FAILURE_RECOVERY,REL-COMPAT,GATE-01-OWNERSHIP;GATE-02-CONSUMER;GATE-06-STATE-IDEMP;GATE-07-MULTI-INSTANCE;GATE-08-UNKNOWN-RECOVERY;GATE-16-COMPATIBILITY;GATE-17-SUPPLY-CHAIN;GATE-18-TEST-EVIDENCE;GATE-19-DOC-SUPPORT;GATE-20-HYGIENE;GATE-21-TIME,STD-CYCLONEDX;STD-GRADLE-JAVA;STD-NIST-SSDF;STD-SCRUM;STD-SLSA;STD-SPRING
CPF-WP-REL-COMPAT-05-GENERATION_COMPATIBILITY,REL-COMPAT,GATE-01-OWNERSHIP;GATE-02-CONSUMER;GATE-07-MULTI-INSTANCE;GATE-08-UNKNOWN-RECOVERY;GATE-15-GENERATOR;GATE-16-COMPATIBILITY;GATE-17-SUPPLY-CHAIN;GATE-18-TEST-EVIDENCE;GATE-19-DOC-SUPPORT;GATE-20-HYGIENE;GATE-21-TIME,STD-CYCLONEDX;STD-GRADLE-JAVA;STD-NIST-SSDF;STD-SCRUM;STD-SLSA;STD-SPRING
CPF-WP-DOC-GOV-01-CANONICAL_MODEL,DOC-GOV,GATE-01-OWNERSHIP;GATE-02-CONSUMER;GATE-18-TEST-EVIDENCE;GATE-19-DOC-SUPPORT;GATE-20-HYGIENE,STD-NIST-SSDF
CPF-WP-DOC-GOV-02-AUTOMATION_CONTINUITY,DOC-GOV,GATE-01-OWNERSHIP;GATE-02-CONSUMER;GATE-18-TEST-EVIDENCE;GATE-19-DOC-SUPPORT;GATE-20-HYGIENE,STD-NIST-SSDF
CPF-WP-DOC-GOV-03-EVIDENCE_VALIDATION,DOC-GOV,GATE-01-OWNERSHIP;GATE-02-CONSUMER;GATE-18-TEST-EVIDENCE;GATE-19-DOC-SUPPORT;GATE-20-HYGIENE,STD-NIST-SSDF
CPF-WP-DOC-PRODUCT-01-CANONICAL_MODEL,DOC-PRODUCT,GATE-01-OWNERSHIP;GATE-02-CONSUMER;GATE-03-HTTP-API;GATE-05-DB-QUERY;GATE-07-MULTI-INSTANCE;GATE-14-FRONTEND;GATE-16-COMPATIBILITY;GATE-18-TEST-EVIDENCE;GATE-19-DOC-SUPPORT;GATE-20-HYGIENE,STD-NIST-SSDF;STD-OAS;STD-OWASP-API;STD-RFC9457;STD-WCAG
CPF-WP-DOC-PRODUCT-02-AUTOMATION_CONTINUITY,DOC-PRODUCT,GATE-01-OWNERSHIP;GATE-02-CONSUMER;GATE-03-HTTP-API;GATE-05-DB-QUERY;GATE-07-MULTI-INSTANCE;GATE-14-FRONTEND;GATE-16-COMPATIBILITY;GATE-18-TEST-EVIDENCE;GATE-19-DOC-SUPPORT;GATE-20-HYGIENE,STD-NIST-SSDF;STD-OAS;STD-OWASP-API;STD-RFC9457;STD-WCAG
CPF-WP-DOC-PRODUCT-03-EVIDENCE_VALIDATION,DOC-PRODUCT,GATE-01-OWNERSHIP;GATE-02-CONSUMER;GATE-03-HTTP-API;GATE-05-DB-QUERY;GATE-07-MULTI-INSTANCE;GATE-14-FRONTEND;GATE-16-COMPATIBILITY;GATE-18-TEST-EVIDENCE;GATE-19-DOC-SUPPORT;GATE-20-HYGIENE,STD-NIST-SSDF;STD-OAS;STD-OWASP-API;STD-RFC9457;STD-WCAG
CPF-WP-PROD-EDITION-01-POLICY_BOUNDARY,PROD-EDITION,GATE-01-OWNERSHIP;GATE-02-CONSUMER;GATE-17-SUPPLY-CHAIN;GATE-18-TEST-EVIDENCE;GATE-20-HYGIENE;GATE-21-TIME,STD-CYCLONEDX;STD-NIST-SSDF;STD-OPENFEATURE;STD-SCRUM;STD-SLSA
CPF-WP-PROD-EDITION-02-PROTOTYPE_EVIDENCE,PROD-EDITION,GATE-01-OWNERSHIP;GATE-02-CONSUMER;GATE-17-SUPPLY-CHAIN;GATE-18-TEST-EVIDENCE;GATE-20-HYGIENE;GATE-21-TIME,STD-CYCLONEDX;STD-NIST-SSDF;STD-OPENFEATURE;STD-SCRUM;STD-SLSA
CPF-WP-PROD-EDITION-03-COMPATIBILITY_SECURITY,PROD-EDITION,GATE-01-OWNERSHIP;GATE-02-CONSUMER;GATE-09-SECURITY;GATE-16-COMPATIBILITY;GATE-17-SUPPLY-CHAIN;GATE-18-TEST-EVIDENCE;GATE-20-HYGIENE;GATE-21-TIME,STD-CISA-SBD;STD-CYCLONEDX;STD-NIST-SSDF;STD-OPENFEATURE;STD-OWASP-ASVS;STD-SCRUM;STD-SLSA
CPF-WP-PROD-MULTITENANT-01-POLICY_BOUNDARY,PROD-MULTITENANT,GATE-01-OWNERSHIP;GATE-02-CONSUMER;GATE-09-SECURITY;GATE-10-CRYPTO-PRIVACY;GATE-11-OPS-AUDIT;GATE-17-SUPPLY-CHAIN;GATE-18-TEST-EVIDENCE;GATE-20-HYGIENE;GATE-21-TIME,STD-CISA-SBD;STD-CYCLONEDX;STD-NIST-SSDF;STD-OPENFEATURE;STD-OWASP-ASVS;STD-SCRUM;STD-SLSA
CPF-WP-PROD-MULTITENANT-02-PROTOTYPE_EVIDENCE,PROD-MULTITENANT,GATE-01-OWNERSHIP;GATE-02-CONSUMER;GATE-09-SECURITY;GATE-10-CRYPTO-PRIVACY;GATE-11-OPS-AUDIT;GATE-17-SUPPLY-CHAIN;GATE-18-TEST-EVIDENCE;GATE-20-HYGIENE;GATE-21-TIME,STD-CISA-SBD;STD-CYCLONEDX;STD-NIST-SSDF;STD-OPENFEATURE;STD-OWASP-ASVS;STD-SCRUM;STD-SLSA
CPF-WP-PROD-MULTITENANT-03-COMPATIBILITY_SECURITY,PROD-MULTITENANT,GATE-01-OWNERSHIP;GATE-02-CONSUMER;GATE-09-SECURITY;GATE-10-CRYPTO-PRIVACY;GATE-11-OPS-AUDIT;GATE-16-COMPATIBILITY;GATE-17-SUPPLY-CHAIN;GATE-18-TEST-EVIDENCE;GATE-20-HYGIENE;GATE-21-TIME,STD-CISA-SBD;STD-CYCLONEDX;STD-NIST-SSDF;STD-OPENFEATURE;STD-OWASP-ASVS;STD-SCRUM;STD-SLSA
CPF-WP-PROD-PLUGIN-01-POLICY_BOUNDARY,PROD-PLUGIN,GATE-01-OWNERSHIP;GATE-02-CONSUMER;GATE-09-SECURITY;GATE-16-COMPATIBILITY;GATE-17-SUPPLY-CHAIN;GATE-18-TEST-EVIDENCE;GATE-20-HYGIENE,STD-CISA-SBD;STD-CYCLONEDX;STD-NIST-SSDF;STD-OPENFEATURE;STD-OWASP-ASVS;STD-SCRUM;STD-SLSA
CPF-WP-PROD-PLUGIN-02-PROTOTYPE_EVIDENCE,PROD-PLUGIN,GATE-01-OWNERSHIP;GATE-02-CONSUMER;GATE-09-SECURITY;GATE-16-COMPATIBILITY;GATE-17-SUPPLY-CHAIN;GATE-18-TEST-EVIDENCE;GATE-20-HYGIENE,STD-CISA-SBD;STD-CYCLONEDX;STD-NIST-SSDF;STD-OPENFEATURE;STD-OWASP-ASVS;STD-SCRUM;STD-SLSA
CPF-WP-PROD-PLUGIN-03-COMPATIBILITY_SECURITY,PROD-PLUGIN,GATE-01-OWNERSHIP;GATE-02-CONSUMER;GATE-09-SECURITY;GATE-16-COMPATIBILITY;GATE-17-SUPPLY-CHAIN;GATE-18-TEST-EVIDENCE;GATE-20-HYGIENE,STD-CISA-SBD;STD-CYCLONEDX;STD-NIST-SSDF;STD-OPENFEATURE;STD-OWASP-ASVS;STD-SCRUM;STD-SLSA
CPF-WP-PROD-PACKAGE-01-POLICY_BOUNDARY,PROD-PACKAGE,GATE-01-OWNERSHIP;GATE-02-CONSUMER;GATE-16-COMPATIBILITY;GATE-17-SUPPLY-CHAIN;GATE-18-TEST-EVIDENCE;GATE-19-DOC-SUPPORT;GATE-20-HYGIENE,STD-CYCLONEDX;STD-NIST-SSDF;STD-OPENFEATURE;STD-SCRUM;STD-SLSA
CPF-WP-PROD-PACKAGE-02-PROTOTYPE_EVIDENCE,PROD-PACKAGE,GATE-01-OWNERSHIP;GATE-02-CONSUMER;GATE-16-COMPATIBILITY;GATE-17-SUPPLY-CHAIN;GATE-18-TEST-EVIDENCE;GATE-19-DOC-SUPPORT;GATE-20-HYGIENE,STD-CYCLONEDX;STD-NIST-SSDF;STD-OPENFEATURE;STD-SCRUM;STD-SLSA
CPF-WP-PROD-PACKAGE-03-COMPATIBILITY_SECURITY,PROD-PACKAGE,GATE-01-OWNERSHIP;GATE-02-CONSUMER;GATE-09-SECURITY;GATE-16-COMPATIBILITY;GATE-17-SUPPLY-CHAIN;GATE-18-TEST-EVIDENCE;GATE-19-DOC-SUPPORT;GATE-20-HYGIENE,STD-CISA-SBD;STD-CYCLONEDX;STD-NIST-SSDF;STD-OPENFEATURE;STD-OWASP-ASVS;STD-SCRUM;STD-SLSA
CPF-WP-REQ-GOV-01-CANONICAL_MODEL,REQ-GOV,GATE-01-OWNERSHIP;GATE-02-CONSUMER;GATE-12-OBSERVABILITY;GATE-17-SUPPLY-CHAIN;GATE-18-TEST-EVIDENCE;GATE-20-HYGIENE,STD-CYCLONEDX;STD-NIST-SSDF;STD-OTEL;STD-SCRUM;STD-SLSA;STD-TRACE
CPF-WP-REQ-GOV-02-AUTOMATION_CONTINUITY,REQ-GOV,GATE-01-OWNERSHIP;GATE-02-CONSUMER;GATE-12-OBSERVABILITY;GATE-17-SUPPLY-CHAIN;GATE-18-TEST-EVIDENCE;GATE-20-HYGIENE,STD-CYCLONEDX;STD-NIST-SSDF;STD-OTEL;STD-SCRUM;STD-SLSA;STD-TRACE
CPF-WP-REQ-GOV-03-EVIDENCE_VALIDATION,REQ-GOV,GATE-01-OWNERSHIP;GATE-02-CONSUMER;GATE-12-OBSERVABILITY;GATE-17-SUPPLY-CHAIN;GATE-18-TEST-EVIDENCE;GATE-20-HYGIENE,STD-CYCLONEDX;STD-NIST-SSDF;STD-OTEL;STD-SCRUM;STD-SLSA;STD-TRACE
CPF-WP-REQ-REVIEW-01-CANONICAL_MODEL,REQ-REVIEW,GATE-01-OWNERSHIP;GATE-02-CONSUMER;GATE-17-SUPPLY-CHAIN;GATE-18-TEST-EVIDENCE;GATE-20-HYGIENE,STD-CYCLONEDX;STD-NIST-SSDF;STD-SCRUM;STD-SLSA
CPF-WP-REQ-REVIEW-02-AUTOMATION_CONTINUITY,REQ-REVIEW,GATE-01-OWNERSHIP;GATE-02-CONSUMER;GATE-17-SUPPLY-CHAIN;GATE-18-TEST-EVIDENCE;GATE-20-HYGIENE,STD-CYCLONEDX;STD-NIST-SSDF;STD-SCRUM;STD-SLSA
CPF-WP-REQ-REVIEW-03-EVIDENCE_VALIDATION,REQ-REVIEW,GATE-01-OWNERSHIP;GATE-02-CONSUMER;GATE-17-SUPPLY-CHAIN;GATE-18-TEST-EVIDENCE;GATE-20-HYGIENE,STD-CYCLONEDX;STD-NIST-SSDF;STD-SCRUM;STD-SLSA
CPF-WP-REQ-CODEX-01-CANONICAL_MODEL,REQ-CODEX,GATE-01-OWNERSHIP;GATE-02-CONSUMER;GATE-17-SUPPLY-CHAIN;GATE-18-TEST-EVIDENCE;GATE-20-HYGIENE,STD-CYCLONEDX;STD-NIST-SSDF;STD-SCRUM;STD-SLSA
CPF-WP-REQ-CODEX-02-AUTOMATION_CONTINUITY,REQ-CODEX,GATE-01-OWNERSHIP;GATE-02-CONSUMER;GATE-17-SUPPLY-CHAIN;GATE-18-TEST-EVIDENCE;GATE-20-HYGIENE,STD-CYCLONEDX;STD-NIST-SSDF;STD-SCRUM;STD-SLSA
CPF-WP-REQ-CODEX-03-EVIDENCE_VALIDATION,REQ-CODEX,GATE-01-OWNERSHIP;GATE-02-CONSUMER;GATE-17-SUPPLY-CHAIN;GATE-18-TEST-EVIDENCE;GATE-20-HYGIENE,STD-CYCLONEDX;STD-NIST-SSDF;STD-SCRUM;STD-SLSA
CPF-WP-REQ-GAP-01-CANONICAL_MODEL,REQ-GAP,GATE-01-OWNERSHIP;GATE-02-CONSUMER;GATE-17-SUPPLY-CHAIN;GATE-18-TEST-EVIDENCE;GATE-20-HYGIENE,STD-CYCLONEDX;STD-NIST-SSDF;STD-SCRUM;STD-SLSA
CPF-WP-REQ-GAP-02-AUTOMATION_CONTINUITY,REQ-GAP,GATE-01-OWNERSHIP;GATE-02-CONSUMER;GATE-17-SUPPLY-CHAIN;GATE-18-TEST-EVIDENCE;GATE-20-HYGIENE,STD-CYCLONEDX;STD-NIST-SSDF;STD-SCRUM;STD-SLSA
CPF-WP-REQ-GAP-03-EVIDENCE_VALIDATION,REQ-GAP,GATE-01-OWNERSHIP;GATE-02-CONSUMER;GATE-17-SUPPLY-CHAIN;GATE-18-TEST-EVIDENCE;GATE-20-HYGIENE,STD-CYCLONEDX;STD-NIST-SSDF;STD-SCRUM;STD-SLSA
