requirement_id,execution_order,domain,feature,dimension,qa_result,direct_fix,finding_ids,evidence_path,next_action
CPF-FR-012734,05-00012734,Resilience,Recovery Probe,기본 구현,미통과,아니오,QA12F-RES-001,cpf-docs/evidence/qa/QA_PARALLEL_12WAY_QA-12F_f97655c/resilience-contract-runtime-harness.log;cpf-docs/evidence/qa/QA_PARALLEL_12WAY_QA-12F_f97655c/SOURCE_TRACE_MATRIX.csv,재개발 후 contract/fault/runtime 재검수
CPF-FR-012735,05-00012735,Resilience,Recovery Probe,상태·데이터,미통과,아니오,QA12F-RES-001,cpf-docs/evidence/qa/QA_PARALLEL_12WAY_QA-12F_f97655c/resilience-contract-runtime-harness.log;cpf-docs/evidence/qa/QA_PARALLEL_12WAY_QA-12F_f97655c/SOURCE_TRACE_MATRIX.csv,재개발 후 contract/fault/runtime 재검수
CPF-FR-012736,05-00012736,Resilience,Recovery Probe,보안·권한,미통과,아니오,QA12F-RES-001,cpf-docs/evidence/qa/QA_PARALLEL_12WAY_QA-12F_f97655c/resilience-contract-runtime-harness.log;cpf-docs/evidence/qa/QA_PARALLEL_12WAY_QA-12F_f97655c/SOURCE_TRACE_MATRIX.csv,재개발 후 contract/fault/runtime 재검수
CPF-FR-012737,05-00012737,Resilience,Recovery Probe,운영,미통과,아니오,QA12F-RES-001,cpf-docs/evidence/qa/QA_PARALLEL_12WAY_QA-12F_f97655c/resilience-contract-runtime-harness.log;cpf-docs/evidence/qa/QA_PARALLEL_12WAY_QA-12F_f97655c/SOURCE_TRACE_MATRIX.csv,재개발 후 contract/fault/runtime 재검수
CPF-FR-012738,10-00012738,Resilience,Recovery Probe,실패·복구,미통과,아니오,QA12F-RES-001,cpf-docs/evidence/qa/QA_PARALLEL_12WAY_QA-12F_f97655c/resilience-contract-runtime-harness.log;cpf-docs/evidence/qa/QA_PARALLEL_12WAY_QA-12F_f97655c/SOURCE_TRACE_MATRIX.csv,재개발 후 contract/fault/runtime 재검수
CPF-FR-012739,05-00012739,Resilience,Recovery Probe,호환·배포,미통과,아니오,QA12F-RES-001,cpf-docs/evidence/qa/QA_PARALLEL_12WAY_QA-12F_f97655c/resilience-contract-runtime-harness.log;cpf-docs/evidence/qa/QA_PARALLEL_12WAY_QA-12F_f97655c/SOURCE_TRACE_MATRIX.csv,재개발 후 contract/fault/runtime 재검수
CPF-FR-012740,10-00012740,Resilience,Recovery Probe,검증·Evidence,미통과,아니오,QA12F-RES-001,cpf-docs/evidence/qa/QA_PARALLEL_12WAY_QA-12F_f97655c/resilience-contract-runtime-harness.log;cpf-docs/evidence/qa/QA_PARALLEL_12WAY_QA-12F_f97655c/SOURCE_TRACE_MATRIX.csv,재개발 후 contract/fault/runtime 재검수
CPF-FR-012741,05-00012741,Resilience,Policy Version,계약,미검증,아니오,QA12F-RES-002,cpf-docs/evidence/qa/QA_PARALLEL_12WAY_QA-12F_f97655c/resilience-contract-runtime-harness.log;cpf-docs/evidence/qa/QA_PARALLEL_12WAY_QA-12F_f97655c/SOURCE_TRACE_MATRIX.csv,목표 환경 또는 동등 Harness 실행
CPF-FR-012742,05-00012742,Resilience,Policy Version,기본 구현,미검증,아니오,QA12F-RES-002,cpf-docs/evidence/qa/QA_PARALLEL_12WAY_QA-12F_f97655c/resilience-contract-runtime-harness.log;cpf-docs/evidence/qa/QA_PARALLEL_12WAY_QA-12F_f97655c/SOURCE_TRACE_MATRIX.csv,목표 환경 또는 동등 Harness 실행
CPF-FR-012743,05-00012743,Resilience,Policy Version,상태·데이터,미검증,아니오,QA12F-RES-002,cpf-docs/evidence/qa/QA_PARALLEL_12WAY_QA-12F_f97655c/resilience-contract-runtime-harness.log;cpf-docs/evidence/qa/QA_PARALLEL_12WAY_QA-12F_f97655c/SOURCE_TRACE_MATRIX.csv,목표 환경 또는 동등 Harness 실행
CPF-FR-012744,05-00012744,Resilience,Policy Version,보안·권한,미검증,아니오,QA12F-RES-002,cpf-docs/evidence/qa/QA_PARALLEL_12WAY_QA-12F_f97655c/resilience-contract-runtime-harness.log;cpf-docs/evidence/qa/QA_PARALLEL_12WAY_QA-12F_f97655c/SOURCE_TRACE_MATRIX.csv,목표 환경 또는 동등 Harness 실행
CPF-FR-012745,05-00012745,Resilience,Policy Version,운영,미검증,아니오,QA12F-RES-002,cpf-docs/evidence/qa/QA_PARALLEL_12WAY_QA-12F_f97655c/resilience-contract-runtime-harness.log;cpf-docs/evidence/qa/QA_PARALLEL_12WAY_QA-12F_f97655c/SOURCE_TRACE_MATRIX.csv,목표 환경 또는 동등 Harness 실행
CPF-FR-012746,10-00012746,Resilience,Policy Version,실패·복구,미검증,아니오,QA12F-RES-002,cpf-docs/evidence/qa/QA_PARALLEL_12WAY_QA-12F_f97655c/resilience-contract-runtime-harness.log;cpf-docs/evidence/qa/QA_PARALLEL_12WAY_QA-12F_f97655c/SOURCE_TRACE_MATRIX.csv,목표 환경 또는 동등 Harness 실행
CPF-FR-012747,05-00012747,Resilience,Policy Version,호환·배포,미검증,아니오,QA12F-RES-002,cpf-docs/evidence/qa/QA_PARALLEL_12WAY_QA-12F_f97655c/resilience-contract-runtime-harness.log;cpf-docs/evidence/qa/QA_PARALLEL_12WAY_QA-12F_f97655c/SOURCE_TRACE_MATRIX.csv,목표 환경 또는 동등 Harness 실행
CPF-FR-012748,10-00012748,Resilience,Policy Version,검증·Evidence,미검증,아니오,QA12F-RES-002,cpf-docs/evidence/qa/QA_PARALLEL_12WAY_QA-12F_f97655c/resilience-contract-runtime-harness.log;cpf-docs/evidence/qa/QA_PARALLEL_12WAY_QA-12F_f97655c/SOURCE_TRACE_MATRIX.csv,목표 환경 또는 동등 Harness 실행
CPF-FR-012749,05-00012749,Logging,Structured Log Schema,계약,미통과,아니오,QA12F-LOG-003,cpf-docs/evidence/qa/QA_PARALLEL_12WAY_QA-12F_f97655c/dynamic-log-runtime-harness.log;cpf-docs/evidence/qa/QA_PARALLEL_12WAY_QA-12F_f97655c/log-spool-runtime-harness.log;cpf-docs/evidence/qa/QA_PARALLEL_12WAY_QA-12F_f97655c/file-log-retention-before-after-harness.log;cpf-docs/evidence/qa/QA_PARALLEL_12WAY_QA-12F_f97655c/file-log-permission-before-after.log;cpf-docs/evidence/qa/QA_PARALLEL_12WAY_QA-12F_f97655c/SOURCE_TRACE_MATRIX.csv,재개발 후 contract/fault/runtime 재검수
CPF-FR-012750,05-00012750,Logging,Structured Log Schema,기본 구현,미통과,아니오,QA12F-LOG-003,cpf-docs/evidence/qa/QA_PARALLEL_12WAY_QA-12F_f97655c/dynamic-log-runtime-harness.log;cpf-docs/evidence/qa/QA_PARALLEL_12WAY_QA-12F_f97655c/log-spool-runtime-harness.log;cpf-docs/evidence/qa/QA_PARALLEL_12WAY_QA-12F_f97655c/file-log-retention-before-after-harness.log;cpf-docs/evidence/qa/QA_PARALLEL_12WAY_QA-12F_f97655c/file-log-permission-before-after.log;cpf-docs/evidence/qa/QA_PARALLEL_12WAY_QA-12F_f97655c/SOURCE_TRACE_MATRIX.csv,재개발 후 contract/fault/runtime 재검수
CPF-FR-012751,05-00012751,Logging,Structured Log Schema,상태·데이터,미통과,아니오,QA12F-LOG-003,cpf-docs/evidence/qa/QA_PARALLEL_12WAY_QA-12F_f97655c/dynamic-log-runtime-harness.log;cpf-docs/evidence/qa/QA_PARALLEL_12WAY_QA-12F_f97655c/log-spool-runtime-harness.log;cpf-docs/evidence/qa/QA_PARALLEL_12WAY_QA-12F_f97655c/file-log-retention-before-after-harness.log;cpf-docs/evidence/qa/QA_PARALLEL_12WAY_QA-12F_f97655c/file-log-permission-before-after.log;cpf-docs/evidence/qa/QA_PARALLEL_12WAY_QA-12F_f97655c/SOURCE_TRACE_MATRIX.csv,재개발 후 contract/fault/runtime 재검수
CPF-FR-012752,05-00012752,Logging,Structured Log Schema,보안·권한,미통과,아니오,QA12F-LOG-003,cpf-docs/evidence/qa/QA_PARALLEL_12WAY_QA-12F_f97655c/dynamic-log-runtime-harness.log;cpf-docs/evidence/qa/QA_PARALLEL_12WAY_QA-12F_f97655c/log-spool-runtime-harness.log;cpf-docs/evidence/qa/QA_PARALLEL_12WAY_QA-12F_f97655c/file-log-retention-before-after-harness.log;cpf-docs/evidence/qa/QA_PARALLEL_12WAY_QA-12F_f97655c/file-log-permission-before-after.log;cpf-docs/evidence/qa/QA_PARALLEL_12WAY_QA-12F_f97655c/SOURCE_TRACE_MATRIX.csv,재개발 후 contract/fault/runtime 재검수
CPF-FR-012753,05-00012753,Logging,Structured Log Schema,운영,미통과,아니오,QA12F-LOG-003,cpf-docs/evidence/qa/QA_PARALLEL_12WAY_QA-12F_f97655c/dynamic-log-runtime-harness.log;cpf-docs/evidence/qa/QA_PARALLEL_12WAY_QA-12F_f97655c/log-spool-runtime-harness.log;cpf-docs/evidence/qa/QA_PARALLEL_12WAY_QA-12F_f97655c/file-log-retention-before-after-harness.log;cpf-docs/evidence/qa/QA_PARALLEL_12WAY_QA-12F_f97655c/file-log-permission-before-after.log;cpf-docs/evidence/qa/QA_PARALLEL_12WAY_QA-12F_f97655c/SOURCE_TRACE_MATRIX.csv,재개발 후 contract/fault/runtime 재검수
CPF-FR-012754,10-00012754,Logging,Structured Log Schema,실패·복구,미통과,아니오,QA12F-LOG-003,cpf-docs/evidence/qa/QA_PARALLEL_12WAY_QA-12F_f97655c/dynamic-log-runtime-harness.log;cpf-docs/evidence/qa/QA_PARALLEL_12WAY_QA-12F_f97655c/log-spool-runtime-harness.log;cpf-docs/evidence/qa/QA_PARALLEL_12WAY_QA-12F_f97655c/file-log-retention-before-after-harness.log;cpf-docs/evidence/qa/QA_PARALLEL_12WAY_QA-12F_f97655c/file-log-permission-before-after.log;cpf-docs/evidence/qa/QA_PARALLEL_12WAY_QA-12F_f97655c/SOURCE_TRACE_MATRIX.csv,재개발 후 contract/fault/runtime 재검수
CPF-FR-012755,05-00012755,Logging,Structured Log Schema,호환·배포,미통과,아니오,QA12F-LOG-003,cpf-docs/evidence/qa/QA_PARALLEL_12WAY_QA-12F_f97655c/dynamic-log-runtime-harness.log;cpf-docs/evidence/qa/QA_PARALLEL_12WAY_QA-12F_f97655c/log-spool-runtime-harness.log;cpf-docs/evidence/qa/QA_PARALLEL_12WAY_QA-12F_f97655c/file-log-retention-before-after-harness.log;cpf-docs/evidence/qa/QA_PARALLEL_12WAY_QA-12F_f97655c/file-log-permission-before-after.log;cpf-docs/evidence/qa/QA_PARALLEL_12WAY_QA-12F_f97655c/SOURCE_TRACE_MATRIX.csv,재개발 후 contract/fault/runtime 재검수
CPF-FR-012756,10-00012756,Logging,Structured Log Schema,검증·Evidence,미통과,아니오,QA12F-LOG-003,cpf-docs/evidence/qa/QA_PARALLEL_12WAY_QA-12F_f97655c/dynamic-log-runtime-harness.log;cpf-docs/evidence/qa/QA_PARALLEL_12WAY_QA-12F_f97655c/log-spool-runtime-harness.log;cpf-docs/evidence/qa/QA_PARALLEL_12WAY_QA-12F_f97655c/file-log-retention-before-after-harness.log;cpf-docs/evidence/qa/QA_PARALLEL_12WAY_QA-12F_f97655c/file-log-permission-before-after.log;cpf-docs/evidence/qa/QA_PARALLEL_12WAY_QA-12F_f97655c/SOURCE_TRACE_MATRIX.csv,재개발 후 contract/fault/runtime 재검수
CPF-FR-012757,05-00012757,Logging,File Log Rotation,계약,미통과,예,QA12F-LOG-001,cpf-docs/evidence/qa/QA_PARALLEL_12WAY_QA-12F_f97655c/dynamic-log-runtime-harness.log;cpf-docs/evidence/qa/QA_PARALLEL_12WAY_QA-12F_f97655c/log-spool-runtime-harness.log;cpf-docs/evidence/qa/QA_PARALLEL_12WAY_QA-12F_f97655c/file-log-retention-before-after-harness.log;cpf-docs/evidence/qa/QA_PARALLEL_12WAY_QA-12F_f97655c/file-log-permission-before-after.log;cpf-docs/evidence/qa/QA_PARALLEL_12WAY_QA-12F_f97655c/SOURCE_TRACE_MATRIX.csv,개발GPT·Codex 교차검토 후 독립 QA 재검수
CPF-FR-012758,05-00012758,Logging,File Log Rotation,기본 구현,미통과,예,QA12F-LOG-001,cpf-docs/evidence/qa/QA_PARALLEL_12WAY_QA-12F_f97655c/dynamic-log-runtime-harness.log;cpf-docs/evidence/qa/QA_PARALLEL_12WAY_QA-12F_f97655c/log-spool-runtime-harness.log;cpf-docs/evidence/qa/QA_PARALLEL_12WAY_QA-12F_f97655c/file-log-retention-before-after-harness.log;cpf-docs/evidence/qa/QA_PARALLEL_12WAY_QA-12F_f97655c/file-log-permission-before-after.log;cpf-docs/evidence/qa/QA_PARALLEL_12WAY_QA-12F_f97655c/SOURCE_TRACE_MATRIX.csv,개발GPT·Codex 교차검토 후 독립 QA 재검수
CPF-FR-012759,05-00012759,Logging,File Log Rotation,상태·데이터,미통과,예,QA12F-LOG-001,cpf-docs/evidence/qa/QA_PARALLEL_12WAY_QA-12F_f97655c/dynamic-log-runtime-harness.log;cpf-docs/evidence/qa/QA_PARALLEL_12WAY_QA-12F_f97655c/log-spool-runtime-harness.log;cpf-docs/evidence/qa/QA_PARALLEL_12WAY_QA-12F_f97655c/file-log-retention-before-after-harness.log;cpf-docs/evidence/qa/QA_PARALLEL_12WAY_QA-12F_f97655c/file-log-permission-before-after.log;cpf-docs/evidence/qa/QA_PARALLEL_12WAY_QA-12F_f97655c/SOURCE_TRACE_MATRIX.csv,개발GPT·Codex 교차검토 후 독립 QA 재검수
CPF-FR-012760,05-00012760,Logging,File Log Rotation,보안·권한,미통과,예,QA12F-LOG-001,cpf-docs/evidence/qa/QA_PARALLEL_12WAY_QA-12F_f97655c/dynamic-log-runtime-harness.log;cpf-docs/evidence/qa/QA_PARALLEL_12WAY_QA-12F_f97655c/log-spool-runtime-harness.log;cpf-docs/evidence/qa/QA_PARALLEL_12WAY_QA-12F_f97655c/file-log-retention-before-after-harness.log;cpf-docs/evidence/qa/QA_PARALLEL_12WAY_QA-12F_f97655c/file-log-permission-before-after.log;cpf-docs/evidence/qa/QA_PARALLEL_12WAY_QA-12F_f97655c/SOURCE_TRACE_MATRIX.csv,개발GPT·Codex 교차검토 후 독립 QA 재검수
CPF-FR-012761,05-00012761,Logging,File Log Rotation,운영,미통과,예,QA12F-LOG-001,cpf-docs/evidence/qa/QA_PARALLEL_12WAY_QA-12F_f97655c/dynamic-log-runtime-harness.log;cpf-docs/evidence/qa/QA_PARALLEL_12WAY_QA-12F_f97655c/log-spool-runtime-harness.log;cpf-docs/evidence/qa/QA_PARALLEL_12WAY_QA-12F_f97655c/file-log-retention-before-after-harness.log;cpf-docs/evidence/qa/QA_PARALLEL_12WAY_QA-12F_f97655c/file-log-permission-before-after.log;cpf-docs/evidence/qa/QA_PARALLEL_12WAY_QA-12F_f97655c/SOURCE_TRACE_MATRIX.csv,개발GPT·Codex 교차검토 후 독립 QA 재검수
CPF-FR-012762,10-00012762,Logging,File Log Rotation,실패·복구,미통과,예,QA12F-LOG-001,cpf-docs/evidence/qa/QA_PARALLEL_12WAY_QA-12F_f97655c/dynamic-log-runtime-harness.log;cpf-docs/evidence/qa/QA_PARALLEL_12WAY_QA-12F_f97655c/log-spool-runtime-harness.log;cpf-docs/evidence/qa/QA_PARALLEL_12WAY_QA-12F_f97655c/file-log-retention-before-after-harness.log;cpf-docs/evidence/qa/QA_PARALLEL_12WAY_QA-12F_f97655c/file-log-permission-before-after.log;cpf-docs/evidence/qa/QA_PARALLEL_12WAY_QA-12F_f97655c/SOURCE_TRACE_MATRIX.csv,개발GPT·Codex 교차검토 후 독립 QA 재검수
CPF-FR-012763,05-00012763,Logging,File Log Rotation,호환·배포,미통과,예,QA12F-LOG-001,cpf-docs/evidence/qa/QA_PARALLEL_12WAY_QA-12F_f97655c/dynamic-log-runtime-harness.log;cpf-docs/evidence/qa/QA_PARALLEL_12WAY_QA-12F_f97655c/log-spool-runtime-harness.log;cpf-docs/evidence/qa/QA_PARALLEL_12WAY_QA-12F_f97655c/file-log-retention-before-after-harness.log;cpf-docs/evidence/qa/QA_PARALLEL_12WAY_QA-12F_f97655c/file-log-permission-before-after.log;cpf-docs/evidence/qa/QA_PARALLEL_12WAY_QA-12F_f97655c/SOURCE_TRACE_MATRIX.csv,개발GPT·Codex 교차검토 후 독립 QA 재검수
CPF-FR-012764,10-00012764,Logging,File Log Rotation,검증·Evidence,미통과,예,QA12F-LOG-001,cpf-docs/evidence/qa/QA_PARALLEL_12WAY_QA-12F_f97655c/dynamic-log-runtime-harness.log;cpf-docs/evidence/qa/QA_PARALLEL_12WAY_QA-12F_f97655c/log-spool-runtime-harness.log;cpf-docs/evidence/qa/QA_PARALLEL_12WAY_QA-12F_f97655c/file-log-retention-before-after-harness.log;cpf-docs/evidence/qa/QA_PARALLEL_12WAY_QA-12F_f97655c/file-log-permission-before-after.log;cpf-docs/evidence/qa/QA_PARALLEL_12WAY_QA-12F_f97655c/SOURCE_TRACE_MATRIX.csv,개발GPT·Codex 교차검토 후 독립 QA 재검수
CPF-FR-012765,05-00012765,Logging,File Log Permission,계약,미통과,예,QA12F-LOG-002,cpf-docs/evidence/qa/QA_PARALLEL_12WAY_QA-12F_f97655c/dynamic-log-runtime-harness.log;cpf-docs/evidence/qa/QA_PARALLEL_12WAY_QA-12F_f97655c/log-spool-runtime-harness.log;cpf-docs/evidence/qa/QA_PARALLEL_12WAY_QA-12F_f97655c/file-log-retention-before-after-harness.log;cpf-docs/evidence/qa/QA_PARALLEL_12WAY_QA-12F_f97655c/file-log-permission-before-after.log;cpf-docs/evidence/qa/QA_PARALLEL_12WAY_QA-12F_f97655c/SOURCE_TRACE_MATRIX.csv,개발GPT·Codex 교차검토 후 독립 QA 재검수
CPF-FR-012766,05-00012766,Logging,File Log Permission,기본 구현,미통과,예,QA12F-LOG-002,cpf-docs/evidence/qa/QA_PARALLEL_12WAY_QA-12F_f97655c/dynamic-log-runtime-harness.log;cpf-docs/evidence/qa/QA_PARALLEL_12WAY_QA-12F_f97655c/log-spool-runtime-harness.log;cpf-docs/evidence/qa/QA_PARALLEL_12WAY_QA-12F_f97655c/file-log-retention-before-after-harness.log;cpf-docs/evidence/qa/QA_PARALLEL_12WAY_QA-12F_f97655c/file-log-permission-before-after.log;cpf-docs/evidence/qa/QA_PARALLEL_12WAY_QA-12F_f97655c/SOURCE_TRACE_MATRIX.csv,개발GPT·Codex 교차검토 후 독립 QA 재검수
CPF-FR-012767,05-00012767,Logging,File Log Permission,상태·데이터,미통과,예,QA12F-LOG-002,cpf-docs/evidence/qa/QA_PARALLEL_12WAY_QA-12F_f97655c/dynamic-log-runtime-harness.log;cpf-docs/evidence/qa/QA_PARALLEL_12WAY_QA-12F_f97655c/log-spool-runtime-harness.log;cpf-docs/evidence/qa/QA_PARALLEL_12WAY_QA-12F_f97655c/file-log-retention-before-after-harness.log;cpf-docs/evidence/qa/QA_PARALLEL_12WAY_QA-12F_f97655c/file-log-permission-before-after.log;cpf-docs/evidence/qa/QA_PARALLEL_12WAY_QA-12F_f97655c/SOURCE_TRACE_MATRIX.csv,개발GPT·Codex 교차검토 후 독립 QA 재검수
CPF-FR-012768,05-00012768,Logging,File Log Permission,보안·권한,미통과,예,QA12F-LOG-002,cpf-docs/evidence/qa/QA_PARALLEL_12WAY_QA-12F_f97655c/dynamic-log-runtime-harness.log;cpf-docs/evidence/qa/QA_PARALLEL_12WAY_QA-12F_f97655c/log-spool-runtime-harness.log;cpf-docs/evidence/qa/QA_PARALLEL_12WAY_QA-12F_f97655c/file-log-retention-before-after-harness.log;cpf-docs/evidence/qa/QA_PARALLEL_12WAY_QA-12F_f97655c/file-log-permission-before-after.log;cpf-docs/evidence/qa/QA_PARALLEL_12WAY_QA-12F_f97655c/SOURCE_TRACE_MATRIX.csv,개발GPT·Codex 교차검토 후 독립 QA 재검수
CPF-FR-012769,05-00012769,Logging,File Log Permission,운영,미통과,예,QA12F-LOG-002,cpf-docs/evidence/qa/QA_PARALLEL_12WAY_QA-12F_f97655c/dynamic-log-runtime-harness.log;cpf-docs/evidence/qa/QA_PARALLEL_12WAY_QA-12F_f97655c/log-spool-runtime-harness.log;cpf-docs/evidence/qa/QA_PARALLEL_12WAY_QA-12F_f97655c/file-log-retention-before-after-harness.log;cpf-docs/evidence/qa/QA_PARALLEL_12WAY_QA-12F_f97655c/file-log-permission-before-after.log;cpf-docs/evidence/qa/QA_PARALLEL_12WAY_QA-12F_f97655c/SOURCE_TRACE_MATRIX.csv,개발GPT·Codex 교차검토 후 독립 QA 재검수
CPF-FR-012770,10-00012770,Logging,File Log Permission,실패·복구,미통과,예,QA12F-LOG-002,cpf-docs/evidence/qa/QA_PARALLEL_12WAY_QA-12F_f97655c/dynamic-log-runtime-harness.log;cpf-docs/evidence/qa/QA_PARALLEL_12WAY_QA-12F_f97655c/log-spool-runtime-harness.log;cpf-docs/evidence/qa/QA_PARALLEL_12WAY_QA-12F_f97655c/file-log-retention-before-after-harness.log;cpf-docs/evidence/qa/QA_PARALLEL_12WAY_QA-12F_f97655c/file-log-permission-before-after.log;cpf-docs/evidence/qa/QA_PARALLEL_12WAY_QA-12F_f97655c/SOURCE_TRACE_MATRIX.csv,개발GPT·Codex 교차검토 후 독립 QA 재검수
CPF-FR-012771,05-00012771,Logging,File Log Permission,호환·배포,미통과,예,QA12F-LOG-002,cpf-docs/evidence/qa/QA_PARALLEL_12WAY_QA-12F_f97655c/dynamic-log-runtime-harness.log;cpf-docs/evidence/qa/QA_PARALLEL_12WAY_QA-12F_f97655c/log-spool-runtime-harness.log;cpf-docs/evidence/qa/QA_PARALLEL_12WAY_QA-12F_f97655c/file-log-retention-before-after-harness.log;cpf-docs/evidence/qa/QA_PARALLEL_12WAY_QA-12F_f97655c/file-log-permission-before-after.log;cpf-docs/evidence/qa/QA_PARALLEL_12WAY_QA-12F_f97655c/SOURCE_TRACE_MATRIX.csv,개발GPT·Codex 교차검토 후 독립 QA 재검수
CPF-FR-012772,10-00012772,Logging,File Log Permission,검증·Evidence,미통과,예,QA12F-LOG-002,cpf-docs/evidence/qa/QA_PARALLEL_12WAY_QA-12F_f97655c/dynamic-log-runtime-harness.log;cpf-docs/evidence/qa/QA_PARALLEL_12WAY_QA-12F_f97655c/log-spool-runtime-harness.log;cpf-docs/evidence/qa/QA_PARALLEL_12WAY_QA-12F_f97655c/file-log-retention-before-after-harness.log;cpf-docs/evidence/qa/QA_PARALLEL_12WAY_QA-12F_f97655c/file-log-permission-before-after.log;cpf-docs/evidence/qa/QA_PARALLEL_12WAY_QA-12F_f97655c/SOURCE_TRACE_MATRIX.csv,개발GPT·Codex 교차검토 후 독립 QA 재검수
CPF-FR-012773,05-00012773,Logging,DB Log Schema,계약,미통과,아니오,QA12F-LOG-003,cpf-docs/evidence/qa/QA_PARALLEL_12WAY_QA-12F_f97655c/dynamic-log-runtime-harness.log;cpf-docs/evidence/qa/QA_PARALLEL_12WAY_QA-12F_f97655c/log-spool-runtime-harness.log;cpf-docs/evidence/qa/QA_PARALLEL_12WAY_QA-12F_f97655c/file-log-retention-before-after-harness.log;cpf-docs/evidence/qa/QA_PARALLEL_12WAY_QA-12F_f97655c/file-log-permission-before-after.log;cpf-docs/evidence/qa/QA_PARALLEL_12WAY_QA-12F_f97655c/SOURCE_TRACE_MATRIX.csv,재개발 후 contract/fault/runtime 재검수
CPF-FR-012774,05-00012774,Logging,DB Log Schema,기본 구현,미검증,아니오,QA12F-LOG-003,cpf-docs/evidence/qa/QA_PARALLEL_12WAY_QA-12F_f97655c/dynamic-log-runtime-harness.log;cpf-docs/evidence/qa/QA_PARALLEL_12WAY_QA-12F_f97655c/log-spool-runtime-harness.log;cpf-docs/evidence/qa/QA_PARALLEL_12WAY_QA-12F_f97655c/file-log-retention-before-after-harness.log;cpf-docs/evidence/qa/QA_PARALLEL_12WAY_QA-12F_f97655c/file-log-permission-before-after.log;cpf-docs/evidence/qa/QA_PARALLEL_12WAY_QA-12F_f97655c/SOURCE_TRACE_MATRIX.csv,목표 환경 또는 동등 Harness 실행
CPF-FR-012775,05-00012775,Logging,DB Log Schema,상태·데이터,미검증,아니오,QA12F-LOG-003,cpf-docs/evidence/qa/QA_PARALLEL_12WAY_QA-12F_f97655c/dynamic-log-runtime-harness.log;cpf-docs/evidence/qa/QA_PARALLEL_12WAY_QA-12F_f97655c/log-spool-runtime-harness.log;cpf-docs/evidence/qa/QA_PARALLEL_12WAY_QA-12F_f97655c/file-log-retention-before-after-harness.log;cpf-docs/evidence/qa/QA_PARALLEL_12WAY_QA-12F_f97655c/file-log-permission-before-after.log;cpf-docs/evidence/qa/QA_PARALLEL_12WAY_QA-12F_f97655c/SOURCE_TRACE_MATRIX.csv,목표 환경 또는 동등 Harness 실행
CPF-FR-012776,05-00012776,Logging,DB Log Schema,보안·권한,미검증,아니오,QA12F-LOG-003,cpf-docs/evidence/qa/QA_PARALLEL_12WAY_QA-12F_f97655c/dynamic-log-runtime-harness.log;cpf-docs/evidence/qa/QA_PARALLEL_12WAY_QA-12F_f97655c/log-spool-runtime-harness.log;cpf-docs/evidence/qa/QA_PARALLEL_12WAY_QA-12F_f97655c/file-log-retention-before-after-harness.log;cpf-docs/evidence/qa/QA_PARALLEL_12WAY_QA-12F_f97655c/file-log-permission-before-after.log;cpf-docs/evidence/qa/QA_PARALLEL_12WAY_QA-12F_f97655c/SOURCE_TRACE_MATRIX.csv,목표 환경 또는 동등 Harness 실행
CPF-FR-012777,05-00012777,Logging,DB Log Schema,운영,미검증,아니오,QA12F-LOG-003,cpf-docs/evidence/qa/QA_PARALLEL_12WAY_QA-12F_f97655c/dynamic-log-runtime-harness.log;cpf-docs/evidence/qa/QA_PARALLEL_12WAY_QA-12F_f97655c/log-spool-runtime-harness.log;cpf-docs/evidence/qa/QA_PARALLEL_12WAY_QA-12F_f97655c/file-log-retention-before-after-harness.log;cpf-docs/evidence/qa/QA_PARALLEL_12WAY_QA-12F_f97655c/file-log-permission-before-after.log;cpf-docs/evidence/qa/QA_PARALLEL_12WAY_QA-12F_f97655c/SOURCE_TRACE_MATRIX.csv,목표 환경 또는 동등 Harness 실행
CPF-FR-012778,10-00012778,Logging,DB Log Schema,실패·복구,미검증,아니오,QA12F-LOG-003,cpf-docs/evidence/qa/QA_PARALLEL_12WAY_QA-12F_f97655c/dynamic-log-runtime-harness.log;cpf-docs/evidence/qa/QA_PARALLEL_12WAY_QA-12F_f97655c/log-spool-runtime-harness.log;cpf-docs/evidence/qa/QA_PARALLEL_12WAY_QA-12F_f97655c/file-log-retention-before-after-harness.log;cpf-docs/evidence/qa/QA_PARALLEL_12WAY_QA-12F_f97655c/file-log-permission-before-after.log;cpf-docs/evidence/qa/QA_PARALLEL_12WAY_QA-12F_f97655c/SOURCE_TRACE_MATRIX.csv,목표 환경 또는 동등 Harness 실행
CPF-FR-012779,05-00012779,Logging,DB Log Schema,호환·배포,미통과,아니오,QA12F-LOG-003,cpf-docs/evidence/qa/QA_PARALLEL_12WAY_QA-12F_f97655c/dynamic-log-runtime-harness.log;cpf-docs/evidence/qa/QA_PARALLEL_12WAY_QA-12F_f97655c/log-spool-runtime-harness.log;cpf-docs/evidence/qa/QA_PARALLEL_12WAY_QA-12F_f97655c/file-log-retention-before-after-harness.log;cpf-docs/evidence/qa/QA_PARALLEL_12WAY_QA-12F_f97655c/file-log-permission-before-after.log;cpf-docs/evidence/qa/QA_PARALLEL_12WAY_QA-12F_f97655c/SOURCE_TRACE_MATRIX.csv,재개발 후 contract/fault/runtime 재검수
CPF-FR-012780,10-00012780,Logging,DB Log Schema,검증·Evidence,미검증,아니오,QA12F-LOG-003,cpf-docs/evidence/qa/QA_PARALLEL_12WAY_QA-12F_f97655c/dynamic-log-runtime-harness.log;cpf-docs/evidence/qa/QA_PARALLEL_12WAY_QA-12F_f97655c/log-spool-runtime-harness.log;cpf-docs/evidence/qa/QA_PARALLEL_12WAY_QA-12F_f97655c/file-log-retention-before-after-harness.log;cpf-docs/evidence/qa/QA_PARALLEL_12WAY_QA-12F_f97655c/file-log-permission-before-after.log;cpf-docs/evidence/qa/QA_PARALLEL_12WAY_QA-12F_f97655c/SOURCE_TRACE_MATRIX.csv,목표 환경 또는 동등 Harness 실행
CPF-FR-012781,05-00012781,Logging,Asynchronous Log Writer,계약,미통과,아니오,QA12F-LOG-004,cpf-docs/evidence/qa/QA_PARALLEL_12WAY_QA-12F_f97655c/dynamic-log-runtime-harness.log;cpf-docs/evidence/qa/QA_PARALLEL_12WAY_QA-12F_f97655c/log-spool-runtime-harness.log;cpf-docs/evidence/qa/QA_PARALLEL_12WAY_QA-12F_f97655c/file-log-retention-before-after-harness.log;cpf-docs/evidence/qa/QA_PARALLEL_12WAY_QA-12F_f97655c/file-log-permission-before-after.log;cpf-docs/evidence/qa/QA_PARALLEL_12WAY_QA-12F_f97655c/SOURCE_TRACE_MATRIX.csv,재개발 후 contract/fault/runtime 재검수
CPF-FR-012782,05-00012782,Logging,Asynchronous Log Writer,기본 구현,미통과,아니오,QA12F-LOG-004,cpf-docs/evidence/qa/QA_PARALLEL_12WAY_QA-12F_f97655c/dynamic-log-runtime-harness.log;cpf-docs/evidence/qa/QA_PARALLEL_12WAY_QA-12F_f97655c/log-spool-runtime-harness.log;cpf-docs/evidence/qa/QA_PARALLEL_12WAY_QA-12F_f97655c/file-log-retention-before-after-harness.log;cpf-docs/evidence/qa/QA_PARALLEL_12WAY_QA-12F_f97655c/file-log-permission-before-after.log;cpf-docs/evidence/qa/QA_PARALLEL_12WAY_QA-12F_f97655c/SOURCE_TRACE_MATRIX.csv,재개발 후 contract/fault/runtime 재검수
CPF-FR-012783,05-00012783,Logging,Asynchronous Log Writer,상태·데이터,미통과,아니오,QA12F-LOG-004,cpf-docs/evidence/qa/QA_PARALLEL_12WAY_QA-12F_f97655c/dynamic-log-runtime-harness.log;cpf-docs/evidence/qa/QA_PARALLEL_12WAY_QA-12F_f97655c/log-spool-runtime-harness.log;cpf-docs/evidence/qa/QA_PARALLEL_12WAY_QA-12F_f97655c/file-log-retention-before-after-harness.log;cpf-docs/evidence/qa/QA_PARALLEL_12WAY_QA-12F_f97655c/file-log-permission-before-after.log;cpf-docs/evidence/qa/QA_PARALLEL_12WAY_QA-12F_f97655c/SOURCE_TRACE_MATRIX.csv,재개발 후 contract/fault/runtime 재검수
CPF-FR-012784,05-00012784,Logging,Asynchronous Log Writer,보안·권한,미통과,아니오,QA12F-LOG-004,cpf-docs/evidence/qa/QA_PARALLEL_12WAY_QA-12F_f97655c/dynamic-log-runtime-harness.log;cpf-docs/evidence/qa/QA_PARALLEL_12WAY_QA-12F_f97655c/log-spool-runtime-harness.log;cpf-docs/evidence/qa/QA_PARALLEL_12WAY_QA-12F_f97655c/file-log-retention-before-after-harness.log;cpf-docs/evidence/qa/QA_PARALLEL_12WAY_QA-12F_f97655c/file-log-permission-before-after.log;cpf-docs/evidence/qa/QA_PARALLEL_12WAY_QA-12F_f97655c/SOURCE_TRACE_MATRIX.csv,재개발 후 contract/fault/runtime 재검수
CPF-FR-012785,05-00012785,Logging,Asynchronous Log Writer,운영,미통과,아니오,QA12F-LOG-004,cpf-docs/evidence/qa/QA_PARALLEL_12WAY_QA-12F_f97655c/dynamic-log-runtime-harness.log;cpf-docs/evidence/qa/QA_PARALLEL_12WAY_QA-12F_f97655c/log-spool-runtime-harness.log;cpf-docs/evidence/qa/QA_PARALLEL_12WAY_QA-12F_f97655c/file-log-retention-before-after-harness.log;cpf-docs/evidence/qa/QA_PARALLEL_12WAY_QA-12F_f97655c/file-log-permission-before-after.log;cpf-docs/evidence/qa/QA_PARALLEL_12WAY_QA-12F_f97655c/SOURCE_TRACE_MATRIX.csv,재개발 후 contract/fault/runtime 재검수
CPF-FR-012786,10-00012786,Logging,Asynchronous Log Writer,실패·복구,미통과,아니오,QA12F-LOG-004,cpf-docs/evidence/qa/QA_PARALLEL_12WAY_QA-12F_f97655c/dynamic-log-runtime-harness.log;cpf-docs/evidence/qa/QA_PARALLEL_12WAY_QA-12F_f97655c/log-spool-runtime-harness.log;cpf-docs/evidence/qa/QA_PARALLEL_12WAY_QA-12F_f97655c/file-log-retention-before-after-harness.log;cpf-docs/evidence/qa/QA_PARALLEL_12WAY_QA-12F_f97655c/file-log-permission-before-after.log;cpf-docs/evidence/qa/QA_PARALLEL_12WAY_QA-12F_f97655c/SOURCE_TRACE_MATRIX.csv,재개발 후 contract/fault/runtime 재검수
CPF-FR-012787,05-00012787,Logging,Asynchronous Log Writer,호환·배포,미통과,아니오,QA12F-LOG-004,cpf-docs/evidence/qa/QA_PARALLEL_12WAY_QA-12F_f97655c/dynamic-log-runtime-harness.log;cpf-docs/evidence/qa/QA_PARALLEL_12WAY_QA-12F_f97655c/log-spool-runtime-harness.log;cpf-docs/evidence/qa/QA_PARALLEL_12WAY_QA-12F_f97655c/file-log-retention-before-after-harness.log;cpf-docs/evidence/qa/QA_PARALLEL_12WAY_QA-12F_f97655c/file-log-permission-before-after.log;cpf-docs/evidence/qa/QA_PARALLEL_12WAY_QA-12F_f97655c/SOURCE_TRACE_MATRIX.csv,재개발 후 contract/fault/runtime 재검수
CPF-FR-012788,10-00012788,Logging,Asynchronous Log Writer,검증·Evidence,미통과,아니오,QA12F-LOG-004,cpf-docs/evidence/qa/QA_PARALLEL_12WAY_QA-12F_f97655c/dynamic-log-runtime-harness.log;cpf-docs/evidence/qa/QA_PARALLEL_12WAY_QA-12F_f97655c/log-spool-runtime-harness.log;cpf-docs/evidence/qa/QA_PARALLEL_12WAY_QA-12F_f97655c/file-log-retention-before-after-harness.log;cpf-docs/evidence/qa/QA_PARALLEL_12WAY_QA-12F_f97655c/file-log-permission-before-after.log;cpf-docs/evidence/qa/QA_PARALLEL_12WAY_QA-12F_f97655c/SOURCE_TRACE_MATRIX.csv,재개발 후 contract/fault/runtime 재검수
CPF-FR-012789,05-00012789,Logging,Local Spool,계약,미통과,아니오,QA12F-LOG-005,cpf-docs/evidence/qa/QA_PARALLEL_12WAY_QA-12F_f97655c/dynamic-log-runtime-harness.log;cpf-docs/evidence/qa/QA_PARALLEL_12WAY_QA-12F_f97655c/log-spool-runtime-harness.log;cpf-docs/evidence/qa/QA_PARALLEL_12WAY_QA-12F_f97655c/file-log-retention-before-after-harness.log;cpf-docs/evidence/qa/QA_PARALLEL_12WAY_QA-12F_f97655c/file-log-permission-before-after.log;cpf-docs/evidence/qa/QA_PARALLEL_12WAY_QA-12F_f97655c/SOURCE_TRACE_MATRIX.csv,재개발 후 contract/fault/runtime 재검수
CPF-FR-012790,05-00012790,Logging,Local Spool,기본 구현,통과,아니오,QA12F-LOG-005,cpf-docs/evidence/qa/QA_PARALLEL_12WAY_QA-12F_f97655c/dynamic-log-runtime-harness.log;cpf-docs/evidence/qa/QA_PARALLEL_12WAY_QA-12F_f97655c/log-spool-runtime-harness.log;cpf-docs/evidence/qa/QA_PARALLEL_12WAY_QA-12F_f97655c/file-log-retention-before-after-harness.log;cpf-docs/evidence/qa/QA_PARALLEL_12WAY_QA-12F_f97655c/file-log-permission-before-after.log;cpf-docs/evidence/qa/QA_PARALLEL_12WAY_QA-12F_f97655c/SOURCE_TRACE_MATRIX.csv,회귀 보호 유지
CPF-FR-012791,05-00012791,Logging,Local Spool,상태·데이터,통과,아니오,QA12F-LOG-005,cpf-docs/evidence/qa/QA_PARALLEL_12WAY_QA-12F_f97655c/dynamic-log-runtime-harness.log;cpf-docs/evidence/qa/QA_PARALLEL_12WAY_QA-12F_f97655c/log-spool-runtime-harness.log;cpf-docs/evidence/qa/QA_PARALLEL_12WAY_QA-12F_f97655c/file-log-retention-before-after-harness.log;cpf-docs/evidence/qa/QA_PARALLEL_12WAY_QA-12F_f97655c/file-log-permission-before-after.log;cpf-docs/evidence/qa/QA_PARALLEL_12WAY_QA-12F_f97655c/SOURCE_TRACE_MATRIX.csv,회귀 보호 유지
CPF-FR-012792,05-00012792,Logging,Local Spool,보안·권한,통과,아니오,QA12F-LOG-005,cpf-docs/evidence/qa/QA_PARALLEL_12WAY_QA-12F_f97655c/dynamic-log-runtime-harness.log;cpf-docs/evidence/qa/QA_PARALLEL_12WAY_QA-12F_f97655c/log-spool-runtime-harness.log;cpf-docs/evidence/qa/QA_PARALLEL_12WAY_QA-12F_f97655c/file-log-retention-before-after-harness.log;cpf-docs/evidence/qa/QA_PARALLEL_12WAY_QA-12F_f97655c/file-log-permission-before-after.log;cpf-docs/evidence/qa/QA_PARALLEL_12WAY_QA-12F_f97655c/SOURCE_TRACE_MATRIX.csv,회귀 보호 유지
CPF-FR-012793,05-00012793,Logging,Local Spool,운영,미검증,아니오,QA12F-LOG-005,cpf-docs/evidence/qa/QA_PARALLEL_12WAY_QA-12F_f97655c/dynamic-log-runtime-harness.log;cpf-docs/evidence/qa/QA_PARALLEL_12WAY_QA-12F_f97655c/log-spool-runtime-harness.log;cpf-docs/evidence/qa/QA_PARALLEL_12WAY_QA-12F_f97655c/file-log-retention-before-after-harness.log;cpf-docs/evidence/qa/QA_PARALLEL_12WAY_QA-12F_f97655c/file-log-permission-before-after.log;cpf-docs/evidence/qa/QA_PARALLEL_12WAY_QA-12F_f97655c/SOURCE_TRACE_MATRIX.csv,목표 환경 또는 동등 Harness 실행
CPF-FR-012794,10-00012794,Logging,Local Spool,실패·복구,통과,아니오,QA12F-LOG-005,cpf-docs/evidence/qa/QA_PARALLEL_12WAY_QA-12F_f97655c/dynamic-log-runtime-harness.log;cpf-docs/evidence/qa/QA_PARALLEL_12WAY_QA-12F_f97655c/log-spool-runtime-harness.log;cpf-docs/evidence/qa/QA_PARALLEL_12WAY_QA-12F_f97655c/file-log-retention-before-after-harness.log;cpf-docs/evidence/qa/QA_PARALLEL_12WAY_QA-12F_f97655c/file-log-permission-before-after.log;cpf-docs/evidence/qa/QA_PARALLEL_12WAY_QA-12F_f97655c/SOURCE_TRACE_MATRIX.csv,회귀 보호 유지
CPF-FR-012795,05-00012795,Logging,Local Spool,호환·배포,미통과,아니오,QA12F-LOG-005,cpf-docs/evidence/qa/QA_PARALLEL_12WAY_QA-12F_f97655c/dynamic-log-runtime-harness.log;cpf-docs/evidence/qa/QA_PARALLEL_12WAY_QA-12F_f97655c/log-spool-runtime-harness.log;cpf-docs/evidence/qa/QA_PARALLEL_12WAY_QA-12F_f97655c/file-log-retention-before-after-harness.log;cpf-docs/evidence/qa/QA_PARALLEL_12WAY_QA-12F_f97655c/file-log-permission-before-after.log;cpf-docs/evidence/qa/QA_PARALLEL_12WAY_QA-12F_f97655c/SOURCE_TRACE_MATRIX.csv,재개발 후 contract/fault/runtime 재검수
CPF-FR-012796,10-00012796,Logging,Local Spool,검증·Evidence,통과,아니오,QA12F-LOG-005,cpf-docs/evidence/qa/QA_PARALLEL_12WAY_QA-12F_f97655c/dynamic-log-runtime-harness.log;cpf-docs/evidence/qa/QA_PARALLEL_12WAY_QA-12F_f97655c/log-spool-runtime-harness.log;cpf-docs/evidence/qa/QA_PARALLEL_12WAY_QA-12F_f97655c/file-log-retention-before-after-harness.log;cpf-docs/evidence/qa/QA_PARALLEL_12WAY_QA-12F_f97655c/file-log-permission-before-after.log;cpf-docs/evidence/qa/QA_PARALLEL_12WAY_QA-12F_f97655c/SOURCE_TRACE_MATRIX.csv,회귀 보호 유지
CPF-FR-012797,05-00012797,Logging,Spool Replay,계약,미통과,아니오,QA12F-LOG-005,cpf-docs/evidence/qa/QA_PARALLEL_12WAY_QA-12F_f97655c/dynamic-log-runtime-harness.log;cpf-docs/evidence/qa/QA_PARALLEL_12WAY_QA-12F_f97655c/log-spool-runtime-harness.log;cpf-docs/evidence/qa/QA_PARALLEL_12WAY_QA-12F_f97655c/file-log-retention-before-after-harness.log;cpf-docs/evidence/qa/QA_PARALLEL_12WAY_QA-12F_f97655c/file-log-permission-before-after.log;cpf-docs/evidence/qa/QA_PARALLEL_12WAY_QA-12F_f97655c/SOURCE_TRACE_MATRIX.csv,재개발 후 contract/fault/runtime 재검수
CPF-FR-012798,05-00012798,Logging,Spool Replay,기본 구현,통과,아니오,QA12F-LOG-005,cpf-docs/evidence/qa/QA_PARALLEL_12WAY_QA-12F_f97655c/dynamic-log-runtime-harness.log;cpf-docs/evidence/qa/QA_PARALLEL_12WAY_QA-12F_f97655c/log-spool-runtime-harness.log;cpf-docs/evidence/qa/QA_PARALLEL_12WAY_QA-12F_f97655c/file-log-retention-before-after-harness.log;cpf-docs/evidence/qa/QA_PARALLEL_12WAY_QA-12F_f97655c/file-log-permission-before-after.log;cpf-docs/evidence/qa/QA_PARALLEL_12WAY_QA-12F_f97655c/SOURCE_TRACE_MATRIX.csv,회귀 보호 유지
CPF-FR-012799,05-00012799,Logging,Spool Replay,상태·데이터,통과,아니오,QA12F-LOG-005,cpf-docs/evidence/qa/QA_PARALLEL_12WAY_QA-12F_f97655c/dynamic-log-runtime-harness.log;cpf-docs/evidence/qa/QA_PARALLEL_12WAY_QA-12F_f97655c/log-spool-runtime-harness.log;cpf-docs/evidence/qa/QA_PARALLEL_12WAY_QA-12F_f97655c/file-log-retention-before-after-harness.log;cpf-docs/evidence/qa/QA_PARALLEL_12WAY_QA-12F_f97655c/file-log-permission-before-after.log;cpf-docs/evidence/qa/QA_PARALLEL_12WAY_QA-12F_f97655c/SOURCE_TRACE_MATRIX.csv,회귀 보호 유지
CPF-FR-012800,05-00012800,Logging,Spool Replay,보안·권한,통과,아니오,QA12F-LOG-005,cpf-docs/evidence/qa/QA_PARALLEL_12WAY_QA-12F_f97655c/dynamic-log-runtime-harness.log;cpf-docs/evidence/qa/QA_PARALLEL_12WAY_QA-12F_f97655c/log-spool-runtime-harness.log;cpf-docs/evidence/qa/QA_PARALLEL_12WAY_QA-12F_f97655c/file-log-retention-before-after-harness.log;cpf-docs/evidence/qa/QA_PARALLEL_12WAY_QA-12F_f97655c/file-log-permission-before-after.log;cpf-docs/evidence/qa/QA_PARALLEL_12WAY_QA-12F_f97655c/SOURCE_TRACE_MATRIX.csv,회귀 보호 유지
CPF-FR-012801,05-00012801,Logging,Spool Replay,운영,미검증,아니오,QA12F-LOG-005,cpf-docs/evidence/qa/QA_PARALLEL_12WAY_QA-12F_f97655c/dynamic-log-runtime-harness.log;cpf-docs/evidence/qa/QA_PARALLEL_12WAY_QA-12F_f97655c/log-spool-runtime-harness.log;cpf-docs/evidence/qa/QA_PARALLEL_12WAY_QA-12F_f97655c/file-log-retention-before-after-harness.log;cpf-docs/evidence/qa/QA_PARALLEL_12WAY_QA-12F_f97655c/file-log-permission-before-after.log;cpf-docs/evidence/qa/QA_PARALLEL_12WAY_QA-12F_f97655c/SOURCE_TRACE_MATRIX.csv,목표 환경 또는 동등 Harness 실행
CPF-FR-012802,10-00012802,Logging,Spool Replay,실패·복구,통과,아니오,QA12F-LOG-005,cpf-docs/evidence/qa/QA_PARALLEL_12WAY_QA-12F_f97655c/dynamic-log-runtime-harness.log;cpf-docs/evidence/qa/QA_PARALLEL_12WAY_QA-12F_f97655c/log-spool-runtime-harness.log;cpf-docs/evidence/qa/QA_PARALLEL_12WAY_QA-12F_f97655c/file-log-retention-before-after-harness.log;cpf-docs/evidence/qa/QA_PARALLEL_12WAY_QA-12F_f97655c/file-log-permission-before-after.log;cpf-docs/evidence/qa/QA_PARALLEL_12WAY_QA-12F_f97655c/SOURCE_TRACE_MATRIX.csv,회귀 보호 유지
CPF-FR-012803,05-00012803,Logging,Spool Replay,호환·배포,미통과,아니오,QA12F-LOG-005,cpf-docs/evidence/qa/QA_PARALLEL_12WAY_QA-12F_f97655c/dynamic-log-runtime-harness.log;cpf-docs/evidence/qa/QA_PARALLEL_12WAY_QA-12F_f97655c/log-spool-runtime-harness.log;cpf-docs/evidence/qa/QA_PARALLEL_12WAY_QA-12F_f97655c/file-log-retention-before-after-harness.log;cpf-docs/evidence/qa/QA_PARALLEL_12WAY_QA-12F_f97655c/file-log-permission-before-after.log;cpf-docs/evidence/qa/QA_PARALLEL_12WAY_QA-12F_f97655c/SOURCE_TRACE_MATRIX.csv,재개발 후 contract/fault/runtime 재검수
CPF-FR-012804,10-00012804,Logging,Spool Replay,검증·Evidence,통과,아니오,QA12F-LOG-005,cpf-docs/evidence/qa/QA_PARALLEL_12WAY_QA-12F_f97655c/dynamic-log-runtime-harness.log;cpf-docs/evidence/qa/QA_PARALLEL_12WAY_QA-12F_f97655c/log-spool-runtime-harness.log;cpf-docs/evidence/qa/QA_PARALLEL_12WAY_QA-12F_f97655c/file-log-retention-before-after-harness.log;cpf-docs/evidence/qa/QA_PARALLEL_12WAY_QA-12F_f97655c/file-log-permission-before-after.log;cpf-docs/evidence/qa/QA_PARALLEL_12WAY_QA-12F_f97655c/SOURCE_TRACE_MATRIX.csv,회귀 보호 유지
CPF-FR-012805,05-00012805,Logging,Duplicate Log Suppression,계약,미검증,아니오,,cpf-docs/evidence/qa/QA_PARALLEL_12WAY_QA-12F_f97655c/dynamic-log-runtime-harness.log;cpf-docs/evidence/qa/QA_PARALLEL_12WAY_QA-12F_f97655c/log-spool-runtime-harness.log;cpf-docs/evidence/qa/QA_PARALLEL_12WAY_QA-12F_f97655c/file-log-retention-before-after-harness.log;cpf-docs/evidence/qa/QA_PARALLEL_12WAY_QA-12F_f97655c/file-log-permission-before-after.log;cpf-docs/evidence/qa/QA_PARALLEL_12WAY_QA-12F_f97655c/SOURCE_TRACE_MATRIX.csv,목표 환경 또는 동등 Harness 실행
CPF-FR-012806,05-00012806,Logging,Duplicate Log Suppression,기본 구현,통과,아니오,,cpf-docs/evidence/qa/QA_PARALLEL_12WAY_QA-12F_f97655c/dynamic-log-runtime-harness.log;cpf-docs/evidence/qa/QA_PARALLEL_12WAY_QA-12F_f97655c/log-spool-runtime-harness.log;cpf-docs/evidence/qa/QA_PARALLEL_12WAY_QA-12F_f97655c/file-log-retention-before-after-harness.log;cpf-docs/evidence/qa/QA_PARALLEL_12WAY_QA-12F_f97655c/file-log-permission-before-after.log;cpf-docs/evidence/qa/QA_PARALLEL_12WAY_QA-12F_f97655c/SOURCE_TRACE_MATRIX.csv,회귀 보호 유지
CPF-FR-012807,05-00012807,Logging,Duplicate Log Suppression,상태·데이터,통과,아니오,,cpf-docs/evidence/qa/QA_PARALLEL_12WAY_QA-12F_f97655c/dynamic-log-runtime-harness.log;cpf-docs/evidence/qa/QA_PARALLEL_12WAY_QA-12F_f97655c/log-spool-runtime-harness.log;cpf-docs/evidence/qa/QA_PARALLEL_12WAY_QA-12F_f97655c/file-log-retention-before-after-harness.log;cpf-docs/evidence/qa/QA_PARALLEL_12WAY_QA-12F_f97655c/file-log-permission-before-after.log;cpf-docs/evidence/qa/QA_PARALLEL_12WAY_QA-12F_f97655c/SOURCE_TRACE_MATRIX.csv,회귀 보호 유지
CPF-FR-012808,05-00012808,Logging,Duplicate Log Suppression,보안·권한,미검증,아니오,,cpf-docs/evidence/qa/QA_PARALLEL_12WAY_QA-12F_f97655c/dynamic-log-runtime-harness.log;cpf-docs/evidence/qa/QA_PARALLEL_12WAY_QA-12F_f97655c/log-spool-runtime-harness.log;cpf-docs/evidence/qa/QA_PARALLEL_12WAY_QA-12F_f97655c/file-log-retention-before-after-harness.log;cpf-docs/evidence/qa/QA_PARALLEL_12WAY_QA-12F_f97655c/file-log-permission-before-after.log;cpf-docs/evidence/qa/QA_PARALLEL_12WAY_QA-12F_f97655c/SOURCE_TRACE_MATRIX.csv,목표 환경 또는 동등 Harness 실행
CPF-FR-012809,05-00012809,Logging,Duplicate Log Suppression,운영,미검증,아니오,,cpf-docs/evidence/qa/QA_PARALLEL_12WAY_QA-12F_f97655c/dynamic-log-runtime-harness.log;cpf-docs/evidence/qa/QA_PARALLEL_12WAY_QA-12F_f97655c/log-spool-runtime-harness.log;cpf-docs/evidence/qa/QA_PARALLEL_12WAY_QA-12F_f97655c/file-log-retention-before-after-harness.log;cpf-docs/evidence/qa/QA_PARALLEL_12WAY_QA-12F_f97655c/file-log-permission-before-after.log;cpf-docs/evidence/qa/QA_PARALLEL_12WAY_QA-12F_f97655c/SOURCE_TRACE_MATRIX.csv,목표 환경 또는 동등 Harness 실행
CPF-FR-012810,10-00012810,Logging,Duplicate Log Suppression,실패·복구,통과,아니오,,cpf-docs/evidence/qa/QA_PARALLEL_12WAY_QA-12F_f97655c/dynamic-log-runtime-harness.log;cpf-docs/evidence/qa/QA_PARALLEL_12WAY_QA-12F_f97655c/log-spool-runtime-harness.log;cpf-docs/evidence/qa/QA_PARALLEL_12WAY_QA-12F_f97655c/file-log-retention-before-after-harness.log;cpf-docs/evidence/qa/QA_PARALLEL_12WAY_QA-12F_f97655c/file-log-permission-before-after.log;cpf-docs/evidence/qa/QA_PARALLEL_12WAY_QA-12F_f97655c/SOURCE_TRACE_MATRIX.csv,회귀 보호 유지
CPF-FR-012811,05-00012811,Logging,Duplicate Log Suppression,호환·배포,미검증,아니오,,cpf-docs/evidence/qa/QA_PARALLEL_12WAY_QA-12F_f97655c/dynamic-log-runtime-harness.log;cpf-docs/evidence/qa/QA_PARALLEL_12WAY_QA-12F_f97655c/log-spool-runtime-harness.log;cpf-docs/evidence/qa/QA_PARALLEL_12WAY_QA-12F_f97655c/file-log-retention-before-after-harness.log;cpf-docs/evidence/qa/QA_PARALLEL_12WAY_QA-12F_f97655c/file-log-permission-before-after.log;cpf-docs/evidence/qa/QA_PARALLEL_12WAY_QA-12F_f97655c/SOURCE_TRACE_MATRIX.csv,목표 환경 또는 동등 Harness 실행
CPF-FR-012812,10-00012812,Logging,Duplicate Log Suppression,검증·Evidence,통과,아니오,,cpf-docs/evidence/qa/QA_PARALLEL_12WAY_QA-12F_f97655c/dynamic-log-runtime-harness.log;cpf-docs/evidence/qa/QA_PARALLEL_12WAY_QA-12F_f97655c/log-spool-runtime-harness.log;cpf-docs/evidence/qa/QA_PARALLEL_12WAY_QA-12F_f97655c/file-log-retention-before-after-harness.log;cpf-docs/evidence/qa/QA_PARALLEL_12WAY_QA-12F_f97655c/file-log-permission-before-after.log;cpf-docs/evidence/qa/QA_PARALLEL_12WAY_QA-12F_f97655c/SOURCE_TRACE_MATRIX.csv,회귀 보호 유지
CPF-FR-012813,05-00012813,Logging,Loss Detection,계약,미통과,예,QA12F-LOG-001,cpf-docs/evidence/qa/QA_PARALLEL_12WAY_QA-12F_f97655c/dynamic-log-runtime-harness.log;cpf-docs/evidence/qa/QA_PARALLEL_12WAY_QA-12F_f97655c/log-spool-runtime-harness.log;cpf-docs/evidence/qa/QA_PARALLEL_12WAY_QA-12F_f97655c/file-log-retention-before-after-harness.log;cpf-docs/evidence/qa/QA_PARALLEL_12WAY_QA-12F_f97655c/file-log-permission-before-after.log;cpf-docs/evidence/qa/QA_PARALLEL_12WAY_QA-12F_f97655c/SOURCE_TRACE_MATRIX.csv,개발GPT·Codex 교차검토 후 독립 QA 재검수
CPF-FR-012814,05-00012814,Logging,Loss Detection,기본 구현,미통과,예,QA12F-LOG-001,cpf-docs/evidence/qa/QA_PARALLEL_12WAY_QA-12F_f97655c/dynamic-log-runtime-harness.log;cpf-docs/evidence/qa/QA_PARALLEL_12WAY_QA-12F_f97655c/log-spool-runtime-harness.log;cpf-docs/evidence/qa/QA_PARALLEL_12WAY_QA-12F_f97655c/file-log-retention-before-after-harness.log;cpf-docs/evidence/qa/QA_PARALLEL_12WAY_QA-12F_f97655c/file-log-permission-before-after.log;cpf-docs/evidence/qa/QA_PARALLEL_12WAY_QA-12F_f97655c/SOURCE_TRACE_MATRIX.csv,개발GPT·Codex 교차검토 후 독립 QA 재검수
CPF-FR-012815,05-00012815,Logging,Loss Detection,상태·데이터,미통과,예,QA12F-LOG-001,cpf-docs/evidence/qa/QA_PARALLEL_12WAY_QA-12F_f97655c/dynamic-log-runtime-harness.log;cpf-docs/evidence/qa/QA_PARALLEL_12WAY_QA-12F_f97655c/log-spool-runtime-harness.log;cpf-docs/evidence/qa/QA_PARALLEL_12WAY_QA-12F_f97655c/file-log-retention-before-after-harness.log;cpf-docs/evidence/qa/QA_PARALLEL_12WAY_QA-12F_f97655c/file-log-permission-before-after.log;cpf-docs/evidence/qa/QA_PARALLEL_12WAY_QA-12F_f97655c/SOURCE_TRACE_MATRIX.csv,개발GPT·Codex 교차검토 후 독립 QA 재검수
CPF-FR-012816,05-00012816,Logging,Loss Detection,보안·권한,미통과,예,QA12F-LOG-001,cpf-docs/evidence/qa/QA_PARALLEL_12WAY_QA-12F_f97655c/dynamic-log-runtime-harness.log;cpf-docs/evidence/qa/QA_PARALLEL_12WAY_QA-12F_f97655c/log-spool-runtime-harness.log;cpf-docs/evidence/qa/QA_PARALLEL_12WAY_QA-12F_f97655c/file-log-retention-before-after-harness.log;cpf-docs/evidence/qa/QA_PARALLEL_12WAY_QA-12F_f97655c/file-log-permission-before-after.log;cpf-docs/evidence/qa/QA_PARALLEL_12WAY_QA-12F_f97655c/SOURCE_TRACE_MATRIX.csv,개발GPT·Codex 교차검토 후 독립 QA 재검수
CPF-FR-012817,05-00012817,Logging,Loss Detection,운영,미통과,예,QA12F-LOG-001,cpf-docs/evidence/qa/QA_PARALLEL_12WAY_QA-12F_f97655c/dynamic-log-runtime-harness.log;cpf-docs/evidence/qa/QA_PARALLEL_12WAY_QA-12F_f97655c/log-spool-runtime-harness.log;cpf-docs/evidence/qa/QA_PARALLEL_12WAY_QA-12F_f97655c/file-log-retention-before-after-harness.log;cpf-docs/evidence/qa/QA_PARALLEL_12WAY_QA-12F_f97655c/file-log-permission-before-after.log;cpf-docs/evidence/qa/QA_PARALLEL_12WAY_QA-12F_f97655c/SOURCE_TRACE_MATRIX.csv,개발GPT·Codex 교차검토 후 독립 QA 재검수
CPF-FR-012818,10-00012818,Logging,Loss Detection,실패·복구,미통과,예,QA12F-LOG-001,cpf-docs/evidence/qa/QA_PARALLEL_12WAY_QA-12F_f97655c/dynamic-log-runtime-harness.log;cpf-docs/evidence/qa/QA_PARALLEL_12WAY_QA-12F_f97655c/log-spool-runtime-harness.log;cpf-docs/evidence/qa/QA_PARALLEL_12WAY_QA-12F_f97655c/file-log-retention-before-after-harness.log;cpf-docs/evidence/qa/QA_PARALLEL_12WAY_QA-12F_f97655c/file-log-permission-before-after.log;cpf-docs/evidence/qa/QA_PARALLEL_12WAY_QA-12F_f97655c/SOURCE_TRACE_MATRIX.csv,개발GPT·Codex 교차검토 후 독립 QA 재검수
CPF-FR-012819,05-00012819,Logging,Loss Detection,호환·배포,미통과,예,QA12F-LOG-001,cpf-docs/evidence/qa/QA_PARALLEL_12WAY_QA-12F_f97655c/dynamic-log-runtime-harness.log;cpf-docs/evidence/qa/QA_PARALLEL_12WAY_QA-12F_f97655c/log-spool-runtime-harness.log;cpf-docs/evidence/qa/QA_PARALLEL_12WAY_QA-12F_f97655c/file-log-retention-before-after-harness.log;cpf-docs/evidence/qa/QA_PARALLEL_12WAY_QA-12F_f97655c/file-log-permission-before-after.log;cpf-docs/evidence/qa/QA_PARALLEL_12WAY_QA-12F_f97655c/SOURCE_TRACE_MATRIX.csv,개발GPT·Codex 교차검토 후 독립 QA 재검수
CPF-FR-012820,10-00012820,Logging,Loss Detection,검증·Evidence,미통과,예,QA12F-LOG-001,cpf-docs/evidence/qa/QA_PARALLEL_12WAY_QA-12F_f97655c/dynamic-log-runtime-harness.log;cpf-docs/evidence/qa/QA_PARALLEL_12WAY_QA-12F_f97655c/log-spool-runtime-harness.log;cpf-docs/evidence/qa/QA_PARALLEL_12WAY_QA-12F_f97655c/file-log-retention-before-after-harness.log;cpf-docs/evidence/qa/QA_PARALLEL_12WAY_QA-12F_f97655c/file-log-permission-before-after.log;cpf-docs/evidence/qa/QA_PARALLEL_12WAY_QA-12F_f97655c/SOURCE_TRACE_MATRIX.csv,개발GPT·Codex 교차검토 후 독립 QA 재검수
CPF-FR-012821,05-00012821,Logging,Dynamic Log Level,계약,미통과,아니오,QA12F-LOG-006,cpf-docs/evidence/qa/QA_PARALLEL_12WAY_QA-12F_f97655c/dynamic-log-runtime-harness.log;cpf-docs/evidence/qa/QA_PARALLEL_12WAY_QA-12F_f97655c/log-spool-runtime-harness.log;cpf-docs/evidence/qa/QA_PARALLEL_12WAY_QA-12F_f97655c/file-log-retention-before-after-harness.log;cpf-docs/evidence/qa/QA_PARALLEL_12WAY_QA-12F_f97655c/file-log-permission-before-after.log;cpf-docs/evidence/qa/QA_PARALLEL_12WAY_QA-12F_f97655c/SOURCE_TRACE_MATRIX.csv,재개발 후 contract/fault/runtime 재검수
CPF-FR-012822,05-00012822,Logging,Dynamic Log Level,기본 구현,통과,아니오,QA12F-LOG-006,cpf-docs/evidence/qa/QA_PARALLEL_12WAY_QA-12F_f97655c/dynamic-log-runtime-harness.log;cpf-docs/evidence/qa/QA_PARALLEL_12WAY_QA-12F_f97655c/log-spool-runtime-harness.log;cpf-docs/evidence/qa/QA_PARALLEL_12WAY_QA-12F_f97655c/file-log-retention-before-after-harness.log;cpf-docs/evidence/qa/QA_PARALLEL_12WAY_QA-12F_f97655c/file-log-permission-before-after.log;cpf-docs/evidence/qa/QA_PARALLEL_12WAY_QA-12F_f97655c/SOURCE_TRACE_MATRIX.csv,회귀 보호 유지
CPF-FR-012823,05-00012823,Logging,Dynamic Log Level,상태·데이터,미통과,아니오,QA12F-LOG-006,cpf-docs/evidence/qa/QA_PARALLEL_12WAY_QA-12F_f97655c/dynamic-log-runtime-harness.log;cpf-docs/evidence/qa/QA_PARALLEL_12WAY_QA-12F_f97655c/log-spool-runtime-harness.log;cpf-docs/evidence/qa/QA_PARALLEL_12WAY_QA-12F_f97655c/file-log-retention-before-after-harness.log;cpf-docs/evidence/qa/QA_PARALLEL_12WAY_QA-12F_f97655c/file-log-permission-before-after.log;cpf-docs/evidence/qa/QA_PARALLEL_12WAY_QA-12F_f97655c/SOURCE_TRACE_MATRIX.csv,재개발 후 contract/fault/runtime 재검수
CPF-FR-012824,05-00012824,Logging,Dynamic Log Level,보안·권한,통과,아니오,QA12F-LOG-006,cpf-docs/evidence/qa/QA_PARALLEL_12WAY_QA-12F_f97655c/dynamic-log-runtime-harness.log;cpf-docs/evidence/qa/QA_PARALLEL_12WAY_QA-12F_f97655c/log-spool-runtime-harness.log;cpf-docs/evidence/qa/QA_PARALLEL_12WAY_QA-12F_f97655c/file-log-retention-before-after-harness.log;cpf-docs/evidence/qa/QA_PARALLEL_12WAY_QA-12F_f97655c/file-log-permission-before-after.log;cpf-docs/evidence/qa/QA_PARALLEL_12WAY_QA-12F_f97655c/SOURCE_TRACE_MATRIX.csv,회귀 보호 유지
CPF-FR-012825,05-00012825,Logging,Dynamic Log Level,운영,미통과,아니오,QA12F-LOG-006,cpf-docs/evidence/qa/QA_PARALLEL_12WAY_QA-12F_f97655c/dynamic-log-runtime-harness.log;cpf-docs/evidence/qa/QA_PARALLEL_12WAY_QA-12F_f97655c/log-spool-runtime-harness.log;cpf-docs/evidence/qa/QA_PARALLEL_12WAY_QA-12F_f97655c/file-log-retention-before-after-harness.log;cpf-docs/evidence/qa/QA_PARALLEL_12WAY_QA-12F_f97655c/file-log-permission-before-after.log;cpf-docs/evidence/qa/QA_PARALLEL_12WAY_QA-12F_f97655c/SOURCE_TRACE_MATRIX.csv,재개발 후 contract/fault/runtime 재검수
CPF-FR-012826,10-00012826,Logging,Dynamic Log Level,실패·복구,미통과,아니오,QA12F-LOG-006,cpf-docs/evidence/qa/QA_PARALLEL_12WAY_QA-12F_f97655c/dynamic-log-runtime-harness.log;cpf-docs/evidence/qa/QA_PARALLEL_12WAY_QA-12F_f97655c/log-spool-runtime-harness.log;cpf-docs/evidence/qa/QA_PARALLEL_12WAY_QA-12F_f97655c/file-log-retention-before-after-harness.log;cpf-docs/evidence/qa/QA_PARALLEL_12WAY_QA-12F_f97655c/file-log-permission-before-after.log;cpf-docs/evidence/qa/QA_PARALLEL_12WAY_QA-12F_f97655c/SOURCE_TRACE_MATRIX.csv,재개발 후 contract/fault/runtime 재검수
CPF-FR-012827,05-00012827,Logging,Dynamic Log Level,호환·배포,미통과,아니오,QA12F-LOG-006,cpf-docs/evidence/qa/QA_PARALLEL_12WAY_QA-12F_f97655c/dynamic-log-runtime-harness.log;cpf-docs/evidence/qa/QA_PARALLEL_12WAY_QA-12F_f97655c/log-spool-runtime-harness.log;cpf-docs/evidence/qa/QA_PARALLEL_12WAY_QA-12F_f97655c/file-log-retention-before-after-harness.log;cpf-docs/evidence/qa/QA_PARALLEL_12WAY_QA-12F_f97655c/file-log-permission-before-after.log;cpf-docs/evidence/qa/QA_PARALLEL_12WAY_QA-12F_f97655c/SOURCE_TRACE_MATRIX.csv,재개발 후 contract/fault/runtime 재검수
CPF-FR-012828,10-00012828,Logging,Dynamic Log Level,검증·Evidence,통과,아니오,QA12F-LOG-006,cpf-docs/evidence/qa/QA_PARALLEL_12WAY_QA-12F_f97655c/dynamic-log-runtime-harness.log;cpf-docs/evidence/qa/QA_PARALLEL_12WAY_QA-12F_f97655c/log-spool-runtime-harness.log;cpf-docs/evidence/qa/QA_PARALLEL_12WAY_QA-12F_f97655c/file-log-retention-before-after-harness.log;cpf-docs/evidence/qa/QA_PARALLEL_12WAY_QA-12F_f97655c/file-log-permission-before-after.log;cpf-docs/evidence/qa/QA_PARALLEL_12WAY_QA-12F_f97655c/SOURCE_TRACE_MATRIX.csv,회귀 보호 유지
CPF-FR-012829,05-00012829,Logging,Log Policy Version,계약,미통과,아니오,QA12F-LOG-007,cpf-docs/evidence/qa/QA_PARALLEL_12WAY_QA-12F_f97655c/dynamic-log-runtime-harness.log;cpf-docs/evidence/qa/QA_PARALLEL_12WAY_QA-12F_f97655c/log-spool-runtime-harness.log;cpf-docs/evidence/qa/QA_PARALLEL_12WAY_QA-12F_f97655c/file-log-retention-before-after-harness.log;cpf-docs/evidence/qa/QA_PARALLEL_12WAY_QA-12F_f97655c/file-log-permission-before-after.log;cpf-docs/evidence/qa/QA_PARALLEL_12WAY_QA-12F_f97655c/SOURCE_TRACE_MATRIX.csv,재개발 후 contract/fault/runtime 재검수
CPF-FR-012830,05-00012830,Logging,Log Policy Version,기본 구현,미검증,아니오,QA12F-LOG-007,cpf-docs/evidence/qa/QA_PARALLEL_12WAY_QA-12F_f97655c/dynamic-log-runtime-harness.log;cpf-docs/evidence/qa/QA_PARALLEL_12WAY_QA-12F_f97655c/log-spool-runtime-harness.log;cpf-docs/evidence/qa/QA_PARALLEL_12WAY_QA-12F_f97655c/file-log-retention-before-after-harness.log;cpf-docs/evidence/qa/QA_PARALLEL_12WAY_QA-12F_f97655c/file-log-permission-before-after.log;cpf-docs/evidence/qa/QA_PARALLEL_12WAY_QA-12F_f97655c/SOURCE_TRACE_MATRIX.csv,목표 환경 또는 동등 Harness 실행
CPF-FR-012831,05-00012831,Logging,Log Policy Version,상태·데이터,미통과,아니오,QA12F-LOG-007,cpf-docs/evidence/qa/QA_PARALLEL_12WAY_QA-12F_f97655c/dynamic-log-runtime-harness.log;cpf-docs/evidence/qa/QA_PARALLEL_12WAY_QA-12F_f97655c/log-spool-runtime-harness.log;cpf-docs/evidence/qa/QA_PARALLEL_12WAY_QA-12F_f97655c/file-log-retention-before-after-harness.log;cpf-docs/evidence/qa/QA_PARALLEL_12WAY_QA-12F_f97655c/file-log-permission-before-after.log;cpf-docs/evidence/qa/QA_PARALLEL_12WAY_QA-12F_f97655c/SOURCE_TRACE_MATRIX.csv,재개발 후 contract/fault/runtime 재검수
CPF-FR-012832,05-00012832,Logging,Log Policy Version,보안·권한,미검증,아니오,QA12F-LOG-007,cpf-docs/evidence/qa/QA_PARALLEL_12WAY_QA-12F_f97655c/dynamic-log-runtime-harness.log;cpf-docs/evidence/qa/QA_PARALLEL_12WAY_QA-12F_f97655c/log-spool-runtime-harness.log;cpf-docs/evidence/qa/QA_PARALLEL_12WAY_QA-12F_f97655c/file-log-retention-before-after-harness.log;cpf-docs/evidence/qa/QA_PARALLEL_12WAY_QA-12F_f97655c/file-log-permission-before-after.log;cpf-docs/evidence/qa/QA_PARALLEL_12WAY_QA-12F_f97655c/SOURCE_TRACE_MATRIX.csv,목표 환경 또는 동등 Harness 실행
CPF-FR-012833,05-00012833,Logging,Log Policy Version,운영,미통과,아니오,QA12F-LOG-007,cpf-docs/evidence/qa/QA_PARALLEL_12WAY_QA-12F_f97655c/dynamic-log-runtime-harness.log;cpf-docs/evidence/qa/QA_PARALLEL_12WAY_QA-12F_f97655c/log-spool-runtime-harness.log;cpf-docs/evidence/qa/QA_PARALLEL_12WAY_QA-12F_f97655c/file-log-retention-before-after-harness.log;cpf-docs/evidence/qa/QA_PARALLEL_12WAY_QA-12F_f97655c/file-log-permission-before-after.log;cpf-docs/evidence/qa/QA_PARALLEL_12WAY_QA-12F_f97655c/SOURCE_TRACE_MATRIX.csv,재개발 후 contract/fault/runtime 재검수
CPF-FR-012834,10-00012834,Logging,Log Policy Version,실패·복구,미통과,아니오,QA12F-LOG-007,cpf-docs/evidence/qa/QA_PARALLEL_12WAY_QA-12F_f97655c/dynamic-log-runtime-harness.log;cpf-docs/evidence/qa/QA_PARALLEL_12WAY_QA-12F_f97655c/log-spool-runtime-harness.log;cpf-docs/evidence/qa/QA_PARALLEL_12WAY_QA-12F_f97655c/file-log-retention-before-after-harness.log;cpf-docs/evidence/qa/QA_PARALLEL_12WAY_QA-12F_f97655c/file-log-permission-before-after.log;cpf-docs/evidence/qa/QA_PARALLEL_12WAY_QA-12F_f97655c/SOURCE_TRACE_MATRIX.csv,재개발 후 contract/fault/runtime 재검수
CPF-FR-012835,05-00012835,Logging,Log Policy Version,호환·배포,미통과,아니오,QA12F-LOG-007,cpf-docs/evidence/qa/QA_PARALLEL_12WAY_QA-12F_f97655c/dynamic-log-runtime-harness.log;cpf-docs/evidence/qa/QA_PARALLEL_12WAY_QA-12F_f97655c/log-spool-runtime-harness.log;cpf-docs/evidence/qa/QA_PARALLEL_12WAY_QA-12F_f97655c/file-log-retention-before-after-harness.log;cpf-docs/evidence/qa/QA_PARALLEL_12WAY_QA-12F_f97655c/file-log-permission-before-after.log;cpf-docs/evidence/qa/QA_PARALLEL_12WAY_QA-12F_f97655c/SOURCE_TRACE_MATRIX.csv,재개발 후 contract/fault/runtime 재검수
CPF-FR-012836,10-00012836,Logging,Log Policy Version,검증·Evidence,미검증,아니오,QA12F-LOG-007,cpf-docs/evidence/qa/QA_PARALLEL_12WAY_QA-12F_f97655c/dynamic-log-runtime-harness.log;cpf-docs/evidence/qa/QA_PARALLEL_12WAY_QA-12F_f97655c/log-spool-runtime-harness.log;cpf-docs/evidence/qa/QA_PARALLEL_12WAY_QA-12F_f97655c/file-log-retention-before-after-harness.log;cpf-docs/evidence/qa/QA_PARALLEL_12WAY_QA-12F_f97655c/file-log-permission-before-after.log;cpf-docs/evidence/qa/QA_PARALLEL_12WAY_QA-12F_f97655c/SOURCE_TRACE_MATRIX.csv,목표 환경 또는 동등 Harness 실행
CPF-FR-012837,05-00012837,Logging,Log Retention,계약,미통과,예,QA12F-LOG-001;QA12F-LOG-008,cpf-docs/evidence/qa/QA_PARALLEL_12WAY_QA-12F_f97655c/dynamic-log-runtime-harness.log;cpf-docs/evidence/qa/QA_PARALLEL_12WAY_QA-12F_f97655c/log-spool-runtime-harness.log;cpf-docs/evidence/qa/QA_PARALLEL_12WAY_QA-12F_f97655c/file-log-retention-before-after-harness.log;cpf-docs/evidence/qa/QA_PARALLEL_12WAY_QA-12F_f97655c/file-log-permission-before-after.log;cpf-docs/evidence/qa/QA_PARALLEL_12WAY_QA-12F_f97655c/SOURCE_TRACE_MATRIX.csv,개발GPT·Codex 교차검토 후 독립 QA 재검수
CPF-FR-012838,05-00012838,Logging,Log Retention,기본 구현,미통과,예,QA12F-LOG-001;QA12F-LOG-008,cpf-docs/evidence/qa/QA_PARALLEL_12WAY_QA-12F_f97655c/dynamic-log-runtime-harness.log;cpf-docs/evidence/qa/QA_PARALLEL_12WAY_QA-12F_f97655c/log-spool-runtime-harness.log;cpf-docs/evidence/qa/QA_PARALLEL_12WAY_QA-12F_f97655c/file-log-retention-before-after-harness.log;cpf-docs/evidence/qa/QA_PARALLEL_12WAY_QA-12F_f97655c/file-log-permission-before-after.log;cpf-docs/evidence/qa/QA_PARALLEL_12WAY_QA-12F_f97655c/SOURCE_TRACE_MATRIX.csv,개발GPT·Codex 교차검토 후 독립 QA 재검수
CPF-FR-012839,05-00012839,Logging,Log Retention,상태·데이터,미통과,예,QA12F-LOG-001;QA12F-LOG-008,cpf-docs/evidence/qa/QA_PARALLEL_12WAY_QA-12F_f97655c/dynamic-log-runtime-harness.log;cpf-docs/evidence/qa/QA_PARALLEL_12WAY_QA-12F_f97655c/log-spool-runtime-harness.log;cpf-docs/evidence/qa/QA_PARALLEL_12WAY_QA-12F_f97655c/file-log-retention-before-after-harness.log;cpf-docs/evidence/qa/QA_PARALLEL_12WAY_QA-12F_f97655c/file-log-permission-before-after.log;cpf-docs/evidence/qa/QA_PARALLEL_12WAY_QA-12F_f97655c/SOURCE_TRACE_MATRIX.csv,개발GPT·Codex 교차검토 후 독립 QA 재검수
CPF-FR-012840,05-00012840,Logging,Log Retention,보안·권한,미통과,예,QA12F-LOG-001;QA12F-LOG-008,cpf-docs/evidence/qa/QA_PARALLEL_12WAY_QA-12F_f97655c/dynamic-log-runtime-harness.log;cpf-docs/evidence/qa/QA_PARALLEL_12WAY_QA-12F_f97655c/log-spool-runtime-harness.log;cpf-docs/evidence/qa/QA_PARALLEL_12WAY_QA-12F_f97655c/file-log-retention-before-after-harness.log;cpf-docs/evidence/qa/QA_PARALLEL_12WAY_QA-12F_f97655c/file-log-permission-before-after.log;cpf-docs/evidence/qa/QA_PARALLEL_12WAY_QA-12F_f97655c/SOURCE_TRACE_MATRIX.csv,개발GPT·Codex 교차검토 후 독립 QA 재검수
CPF-FR-012841,05-00012841,Logging,Log Retention,운영,미통과,예,QA12F-LOG-001;QA12F-LOG-008,cpf-docs/evidence/qa/QA_PARALLEL_12WAY_QA-12F_f97655c/dynamic-log-runtime-harness.log;cpf-docs/evidence/qa/QA_PARALLEL_12WAY_QA-12F_f97655c/log-spool-runtime-harness.log;cpf-docs/evidence/qa/QA_PARALLEL_12WAY_QA-12F_f97655c/file-log-retention-before-after-harness.log;cpf-docs/evidence/qa/QA_PARALLEL_12WAY_QA-12F_f97655c/file-log-permission-before-after.log;cpf-docs/evidence/qa/QA_PARALLEL_12WAY_QA-12F_f97655c/SOURCE_TRACE_MATRIX.csv,개발GPT·Codex 교차검토 후 독립 QA 재검수
CPF-FR-012842,10-00012842,Logging,Log Retention,실패·복구,미통과,예,QA12F-LOG-001;QA12F-LOG-008,cpf-docs/evidence/qa/QA_PARALLEL_12WAY_QA-12F_f97655c/dynamic-log-runtime-harness.log;cpf-docs/evidence/qa/QA_PARALLEL_12WAY_QA-12F_f97655c/log-spool-runtime-harness.log;cpf-docs/evidence/qa/QA_PARALLEL_12WAY_QA-12F_f97655c/file-log-retention-before-after-harness.log;cpf-docs/evidence/qa/QA_PARALLEL_12WAY_QA-12F_f97655c/file-log-permission-before-after.log;cpf-docs/evidence/qa/QA_PARALLEL_12WAY_QA-12F_f97655c/SOURCE_TRACE_MATRIX.csv,개발GPT·Codex 교차검토 후 독립 QA 재검수
CPF-FR-012843,05-00012843,Logging,Log Retention,호환·배포,미통과,예,QA12F-LOG-001;QA12F-LOG-008,cpf-docs/evidence/qa/QA_PARALLEL_12WAY_QA-12F_f97655c/dynamic-log-runtime-harness.log;cpf-docs/evidence/qa/QA_PARALLEL_12WAY_QA-12F_f97655c/log-spool-runtime-harness.log;cpf-docs/evidence/qa/QA_PARALLEL_12WAY_QA-12F_f97655c/file-log-retention-before-after-harness.log;cpf-docs/evidence/qa/QA_PARALLEL_12WAY_QA-12F_f97655c/file-log-permission-before-after.log;cpf-docs/evidence/qa/QA_PARALLEL_12WAY_QA-12F_f97655c/SOURCE_TRACE_MATRIX.csv,개발GPT·Codex 교차검토 후 독립 QA 재검수
CPF-FR-012844,10-00012844,Logging,Log Retention,검증·Evidence,미통과,예,QA12F-LOG-001;QA12F-LOG-008,cpf-docs/evidence/qa/QA_PARALLEL_12WAY_QA-12F_f97655c/dynamic-log-runtime-harness.log;cpf-docs/evidence/qa/QA_PARALLEL_12WAY_QA-12F_f97655c/log-spool-runtime-harness.log;cpf-docs/evidence/qa/QA_PARALLEL_12WAY_QA-12F_f97655c/file-log-retention-before-after-harness.log;cpf-docs/evidence/qa/QA_PARALLEL_12WAY_QA-12F_f97655c/file-log-permission-before-after.log;cpf-docs/evidence/qa/QA_PARALLEL_12WAY_QA-12F_f97655c/SOURCE_TRACE_MATRIX.csv,개발GPT·Codex 교차검토 후 독립 QA 재검수
CPF-FR-012845,05-00012845,Logging,Log Search Keys,계약,미검증,아니오,,cpf-docs/evidence/qa/QA_PARALLEL_12WAY_QA-12F_f97655c/dynamic-log-runtime-harness.log;cpf-docs/evidence/qa/QA_PARALLEL_12WAY_QA-12F_f97655c/log-spool-runtime-harness.log;cpf-docs/evidence/qa/QA_PARALLEL_12WAY_QA-12F_f97655c/file-log-retention-before-after-harness.log;cpf-docs/evidence/qa/QA_PARALLEL_12WAY_QA-12F_f97655c/file-log-permission-before-after.log;cpf-docs/evidence/qa/QA_PARALLEL_12WAY_QA-12F_f97655c/SOURCE_TRACE_MATRIX.csv,목표 환경 또는 동등 Harness 실행
CPF-FR-012846,05-00012846,Logging,Log Search Keys,기본 구현,미검증,아니오,,cpf-docs/evidence/qa/QA_PARALLEL_12WAY_QA-12F_f97655c/dynamic-log-runtime-harness.log;cpf-docs/evidence/qa/QA_PARALLEL_12WAY_QA-12F_f97655c/log-spool-runtime-harness.log;cpf-docs/evidence/qa/QA_PARALLEL_12WAY_QA-12F_f97655c/file-log-retention-before-after-harness.log;cpf-docs/evidence/qa/QA_PARALLEL_12WAY_QA-12F_f97655c/file-log-permission-before-after.log;cpf-docs/evidence/qa/QA_PARALLEL_12WAY_QA-12F_f97655c/SOURCE_TRACE_MATRIX.csv,목표 환경 또는 동등 Harness 실행
CPF-FR-012847,05-00012847,Logging,Log Search Keys,상태·데이터,미검증,아니오,,cpf-docs/evidence/qa/QA_PARALLEL_12WAY_QA-12F_f97655c/dynamic-log-runtime-harness.log;cpf-docs/evidence/qa/QA_PARALLEL_12WAY_QA-12F_f97655c/log-spool-runtime-harness.log;cpf-docs/evidence/qa/QA_PARALLEL_12WAY_QA-12F_f97655c/file-log-retention-before-after-harness.log;cpf-docs/evidence/qa/QA_PARALLEL_12WAY_QA-12F_f97655c/file-log-permission-before-after.log;cpf-docs/evidence/qa/QA_PARALLEL_12WAY_QA-12F_f97655c/SOURCE_TRACE_MATRIX.csv,목표 환경 또는 동등 Harness 실행
CPF-FR-012848,05-00012848,Logging,Log Search Keys,보안·권한,미검증,아니오,,cpf-docs/evidence/qa/QA_PARALLEL_12WAY_QA-12F_f97655c/dynamic-log-runtime-harness.log;cpf-docs/evidence/qa/QA_PARALLEL_12WAY_QA-12F_f97655c/log-spool-runtime-harness.log;cpf-docs/evidence/qa/QA_PARALLEL_12WAY_QA-12F_f97655c/file-log-retention-before-after-harness.log;cpf-docs/evidence/qa/QA_PARALLEL_12WAY_QA-12F_f97655c/file-log-permission-before-after.log;cpf-docs/evidence/qa/QA_PARALLEL_12WAY_QA-12F_f97655c/SOURCE_TRACE_MATRIX.csv,목표 환경 또는 동등 Harness 실행
CPF-FR-012849,05-00012849,Logging,Log Search Keys,운영,미검증,아니오,,cpf-docs/evidence/qa/QA_PARALLEL_12WAY_QA-12F_f97655c/dynamic-log-runtime-harness.log;cpf-docs/evidence/qa/QA_PARALLEL_12WAY_QA-12F_f97655c/log-spool-runtime-harness.log;cpf-docs/evidence/qa/QA_PARALLEL_12WAY_QA-12F_f97655c/file-log-retention-before-after-harness.log;cpf-docs/evidence/qa/QA_PARALLEL_12WAY_QA-12F_f97655c/file-log-permission-before-after.log;cpf-docs/evidence/qa/QA_PARALLEL_12WAY_QA-12F_f97655c/SOURCE_TRACE_MATRIX.csv,목표 환경 또는 동등 Harness 실행
CPF-FR-012850,10-00012850,Logging,Log Search Keys,실패·복구,미검증,아니오,,cpf-docs/evidence/qa/QA_PARALLEL_12WAY_QA-12F_f97655c/dynamic-log-runtime-harness.log;cpf-docs/evidence/qa/QA_PARALLEL_12WAY_QA-12F_f97655c/log-spool-runtime-harness.log;cpf-docs/evidence/qa/QA_PARALLEL_12WAY_QA-12F_f97655c/file-log-retention-before-after-harness.log;cpf-docs/evidence/qa/QA_PARALLEL_12WAY_QA-12F_f97655c/file-log-permission-before-after.log;cpf-docs/evidence/qa/QA_PARALLEL_12WAY_QA-12F_f97655c/SOURCE_TRACE_MATRIX.csv,목표 환경 또는 동등 Harness 실행
CPF-FR-012851,05-00012851,Logging,Log Search Keys,호환·배포,미검증,아니오,,cpf-docs/evidence/qa/QA_PARALLEL_12WAY_QA-12F_f97655c/dynamic-log-runtime-harness.log;cpf-docs/evidence/qa/QA_PARALLEL_12WAY_QA-12F_f97655c/log-spool-runtime-harness.log;cpf-docs/evidence/qa/QA_PARALLEL_12WAY_QA-12F_f97655c/file-log-retention-before-after-harness.log;cpf-docs/evidence/qa/QA_PARALLEL_12WAY_QA-12F_f97655c/file-log-permission-before-after.log;cpf-docs/evidence/qa/QA_PARALLEL_12WAY_QA-12F_f97655c/SOURCE_TRACE_MATRIX.csv,목표 환경 또는 동등 Harness 실행
CPF-FR-012852,10-00012852,Logging,Log Search Keys,검증·Evidence,미검증,아니오,,cpf-docs/evidence/qa/QA_PARALLEL_12WAY_QA-12F_f97655c/dynamic-log-runtime-harness.log;cpf-docs/evidence/qa/QA_PARALLEL_12WAY_QA-12F_f97655c/log-spool-runtime-harness.log;cpf-docs/evidence/qa/QA_PARALLEL_12WAY_QA-12F_f97655c/file-log-retention-before-after-harness.log;cpf-docs/evidence/qa/QA_PARALLEL_12WAY_QA-12F_f97655c/file-log-permission-before-after.log;cpf-docs/evidence/qa/QA_PARALLEL_12WAY_QA-12F_f97655c/SOURCE_TRACE_MATRIX.csv,목표 환경 또는 동등 Harness 실행
CPF-FR-012853,05-00012853,Logging,Log Download Guard,계약,미검증,아니오,,cpf-docs/evidence/qa/QA_PARALLEL_12WAY_QA-12F_f97655c/dynamic-log-runtime-harness.log;cpf-docs/evidence/qa/QA_PARALLEL_12WAY_QA-12F_f97655c/log-spool-runtime-harness.log;cpf-docs/evidence/qa/QA_PARALLEL_12WAY_QA-12F_f97655c/file-log-retention-before-after-harness.log;cpf-docs/evidence/qa/QA_PARALLEL_12WAY_QA-12F_f97655c/file-log-permission-before-after.log;cpf-docs/evidence/qa/QA_PARALLEL_12WAY_QA-12F_f97655c/SOURCE_TRACE_MATRIX.csv,목표 환경 또는 동등 Harness 실행
CPF-FR-012854,05-00012854,Logging,Log Download Guard,기본 구현,미검증,아니오,,cpf-docs/evidence/qa/QA_PARALLEL_12WAY_QA-12F_f97655c/dynamic-log-runtime-harness.log;cpf-docs/evidence/qa/QA_PARALLEL_12WAY_QA-12F_f97655c/log-spool-runtime-harness.log;cpf-docs/evidence/qa/QA_PARALLEL_12WAY_QA-12F_f97655c/file-log-retention-before-after-harness.log;cpf-docs/evidence/qa/QA_PARALLEL_12WAY_QA-12F_f97655c/file-log-permission-before-after.log;cpf-docs/evidence/qa/QA_PARALLEL_12WAY_QA-12F_f97655c/SOURCE_TRACE_MATRIX.csv,목표 환경 또는 동등 Harness 실행
CPF-FR-012855,05-00012855,Logging,Log Download Guard,상태·데이터,미검증,아니오,,cpf-docs/evidence/qa/QA_PARALLEL_12WAY_QA-12F_f97655c/dynamic-log-runtime-harness.log;cpf-docs/evidence/qa/QA_PARALLEL_12WAY_QA-12F_f97655c/log-spool-runtime-harness.log;cpf-docs/evidence/qa/QA_PARALLEL_12WAY_QA-12F_f97655c/file-log-retention-before-after-harness.log;cpf-docs/evidence/qa/QA_PARALLEL_12WAY_QA-12F_f97655c/file-log-permission-before-after.log;cpf-docs/evidence/qa/QA_PARALLEL_12WAY_QA-12F_f97655c/SOURCE_TRACE_MATRIX.csv,목표 환경 또는 동등 Harness 실행
CPF-FR-012856,05-00012856,Logging,Log Download Guard,보안·권한,미검증,아니오,,cpf-docs/evidence/qa/QA_PARALLEL_12WAY_QA-12F_f97655c/dynamic-log-runtime-harness.log;cpf-docs/evidence/qa/QA_PARALLEL_12WAY_QA-12F_f97655c/log-spool-runtime-harness.log;cpf-docs/evidence/qa/QA_PARALLEL_12WAY_QA-12F_f97655c/file-log-retention-before-after-harness.log;cpf-docs/evidence/qa/QA_PARALLEL_12WAY_QA-12F_f97655c/file-log-permission-before-after.log;cpf-docs/evidence/qa/QA_PARALLEL_12WAY_QA-12F_f97655c/SOURCE_TRACE_MATRIX.csv,목표 환경 또는 동등 Harness 실행
CPF-FR-012857,05-00012857,Logging,Log Download Guard,운영,미검증,아니오,,cpf-docs/evidence/qa/QA_PARALLEL_12WAY_QA-12F_f97655c/dynamic-log-runtime-harness.log;cpf-docs/evidence/qa/QA_PARALLEL_12WAY_QA-12F_f97655c/log-spool-runtime-harness.log;cpf-docs/evidence/qa/QA_PARALLEL_12WAY_QA-12F_f97655c/file-log-retention-before-after-harness.log;cpf-docs/evidence/qa/QA_PARALLEL_12WAY_QA-12F_f97655c/file-log-permission-before-after.log;cpf-docs/evidence/qa/QA_PARALLEL_12WAY_QA-12F_f97655c/SOURCE_TRACE_MATRIX.csv,목표 환경 또는 동등 Harness 실행
CPF-FR-012858,10-00012858,Logging,Log Download Guard,실패·복구,미검증,아니오,,cpf-docs/evidence/qa/QA_PARALLEL_12WAY_QA-12F_f97655c/dynamic-log-runtime-harness.log;cpf-docs/evidence/qa/QA_PARALLEL_12WAY_QA-12F_f97655c/log-spool-runtime-harness.log;cpf-docs/evidence/qa/QA_PARALLEL_12WAY_QA-12F_f97655c/file-log-retention-before-after-harness.log;cpf-docs/evidence/qa/QA_PARALLEL_12WAY_QA-12F_f97655c/file-log-permission-before-after.log;cpf-docs/evidence/qa/QA_PARALLEL_12WAY_QA-12F_f97655c/SOURCE_TRACE_MATRIX.csv,목표 환경 또는 동등 Harness 실행
CPF-FR-012859,05-00012859,Logging,Log Download Guard,호환·배포,미검증,아니오,,cpf-docs/evidence/qa/QA_PARALLEL_12WAY_QA-12F_f97655c/dynamic-log-runtime-harness.log;cpf-docs/evidence/qa/QA_PARALLEL_12WAY_QA-12F_f97655c/log-spool-runtime-harness.log;cpf-docs/evidence/qa/QA_PARALLEL_12WAY_QA-12F_f97655c/file-log-retention-before-after-harness.log;cpf-docs/evidence/qa/QA_PARALLEL_12WAY_QA-12F_f97655c/file-log-permission-before-after.log;cpf-docs/evidence/qa/QA_PARALLEL_12WAY_QA-12F_f97655c/SOURCE_TRACE_MATRIX.csv,목표 환경 또는 동등 Harness 실행
CPF-FR-012860,10-00012860,Logging,Log Download Guard,검증·Evidence,미검증,아니오,,cpf-docs/evidence/qa/QA_PARALLEL_12WAY_QA-12F_f97655c/dynamic-log-runtime-harness.log;cpf-docs/evidence/qa/QA_PARALLEL_12WAY_QA-12F_f97655c/log-spool-runtime-harness.log;cpf-docs/evidence/qa/QA_PARALLEL_12WAY_QA-12F_f97655c/file-log-retention-before-after-harness.log;cpf-docs/evidence/qa/QA_PARALLEL_12WAY_QA-12F_f97655c/file-log-permission-before-after.log;cpf-docs/evidence/qa/QA_PARALLEL_12WAY_QA-12F_f97655c/SOURCE_TRACE_MATRIX.csv,목표 환경 또는 동등 Harness 실행
CPF-FR-012861,05-00012861,Logging,Log Failure Isolation,계약,미검증,아니오,QA12F-LOG-005,cpf-docs/evidence/qa/QA_PARALLEL_12WAY_QA-12F_f97655c/dynamic-log-runtime-harness.log;cpf-docs/evidence/qa/QA_PARALLEL_12WAY_QA-12F_f97655c/log-spool-runtime-harness.log;cpf-docs/evidence/qa/QA_PARALLEL_12WAY_QA-12F_f97655c/file-log-retention-before-after-harness.log;cpf-docs/evidence/qa/QA_PARALLEL_12WAY_QA-12F_f97655c/file-log-permission-before-after.log;cpf-docs/evidence/qa/QA_PARALLEL_12WAY_QA-12F_f97655c/SOURCE_TRACE_MATRIX.csv,목표 환경 또는 동등 Harness 실행
CPF-FR-012862,05-00012862,Logging,Log Failure Isolation,기본 구현,미검증,아니오,QA12F-LOG-005,cpf-docs/evidence/qa/QA_PARALLEL_12WAY_QA-12F_f97655c/dynamic-log-runtime-harness.log;cpf-docs/evidence/qa/QA_PARALLEL_12WAY_QA-12F_f97655c/log-spool-runtime-harness.log;cpf-docs/evidence/qa/QA_PARALLEL_12WAY_QA-12F_f97655c/file-log-retention-before-after-harness.log;cpf-docs/evidence/qa/QA_PARALLEL_12WAY_QA-12F_f97655c/file-log-permission-before-after.log;cpf-docs/evidence/qa/QA_PARALLEL_12WAY_QA-12F_f97655c/SOURCE_TRACE_MATRIX.csv,목표 환경 또는 동등 Harness 실행
CPF-FR-012863,05-00012863,Logging,Log Failure Isolation,상태·데이터,미검증,아니오,QA12F-LOG-005,cpf-docs/evidence/qa/QA_PARALLEL_12WAY_QA-12F_f97655c/dynamic-log-runtime-harness.log;cpf-docs/evidence/qa/QA_PARALLEL_12WAY_QA-12F_f97655c/log-spool-runtime-harness.log;cpf-docs/evidence/qa/QA_PARALLEL_12WAY_QA-12F_f97655c/file-log-retention-before-after-harness.log;cpf-docs/evidence/qa/QA_PARALLEL_12WAY_QA-12F_f97655c/file-log-permission-before-after.log;cpf-docs/evidence/qa/QA_PARALLEL_12WAY_QA-12F_f97655c/SOURCE_TRACE_MATRIX.csv,목표 환경 또는 동등 Harness 실행
CPF-FR-012864,05-00012864,Logging,Log Failure Isolation,보안·권한,미검증,아니오,QA12F-LOG-005,cpf-docs/evidence/qa/QA_PARALLEL_12WAY_QA-12F_f97655c/dynamic-log-runtime-harness.log;cpf-docs/evidence/qa/QA_PARALLEL_12WAY_QA-12F_f97655c/log-spool-runtime-harness.log;cpf-docs/evidence/qa/QA_PARALLEL_12WAY_QA-12F_f97655c/file-log-retention-before-after-harness.log;cpf-docs/evidence/qa/QA_PARALLEL_12WAY_QA-12F_f97655c/file-log-permission-before-after.log;cpf-docs/evidence/qa/QA_PARALLEL_12WAY_QA-12F_f97655c/SOURCE_TRACE_MATRIX.csv,목표 환경 또는 동등 Harness 실행
CPF-FR-012865,05-00012865,Logging,Log Failure Isolation,운영,미검증,아니오,QA12F-LOG-005,cpf-docs/evidence/qa/QA_PARALLEL_12WAY_QA-12F_f97655c/dynamic-log-runtime-harness.log;cpf-docs/evidence/qa/QA_PARALLEL_12WAY_QA-12F_f97655c/log-spool-runtime-harness.log;cpf-docs/evidence/qa/QA_PARALLEL_12WAY_QA-12F_f97655c/file-log-retention-before-after-harness.log;cpf-docs/evidence/qa/QA_PARALLEL_12WAY_QA-12F_f97655c/file-log-permission-before-after.log;cpf-docs/evidence/qa/QA_PARALLEL_12WAY_QA-12F_f97655c/SOURCE_TRACE_MATRIX.csv,목표 환경 또는 동등 Harness 실행
CPF-FR-012866,10-00012866,Logging,Log Failure Isolation,실패·복구,미검증,아니오,QA12F-LOG-005,cpf-docs/evidence/qa/QA_PARALLEL_12WAY_QA-12F_f97655c/dynamic-log-runtime-harness.log;cpf-docs/evidence/qa/QA_PARALLEL_12WAY_QA-12F_f97655c/log-spool-runtime-harness.log;cpf-docs/evidence/qa/QA_PARALLEL_12WAY_QA-12F_f97655c/file-log-retention-before-after-harness.log;cpf-docs/evidence/qa/QA_PARALLEL_12WAY_QA-12F_f97655c/file-log-permission-before-after.log;cpf-docs/evidence/qa/QA_PARALLEL_12WAY_QA-12F_f97655c/SOURCE_TRACE_MATRIX.csv,목표 환경 또는 동등 Harness 실행
CPF-FR-012867,05-00012867,Logging,Log Failure Isolation,호환·배포,미검증,아니오,QA12F-LOG-005,cpf-docs/evidence/qa/QA_PARALLEL_12WAY_QA-12F_f97655c/dynamic-log-runtime-harness.log;cpf-docs/evidence/qa/QA_PARALLEL_12WAY_QA-12F_f97655c/log-spool-runtime-harness.log;cpf-docs/evidence/qa/QA_PARALLEL_12WAY_QA-12F_f97655c/file-log-retention-before-after-harness.log;cpf-docs/evidence/qa/QA_PARALLEL_12WAY_QA-12F_f97655c/file-log-permission-before-after.log;cpf-docs/evidence/qa/QA_PARALLEL_12WAY_QA-12F_f97655c/SOURCE_TRACE_MATRIX.csv,목표 환경 또는 동등 Harness 실행
CPF-FR-012868,10-00012868,Logging,Log Failure Isolation,검증·Evidence,미검증,아니오,QA12F-LOG-005,cpf-docs/evidence/qa/QA_PARALLEL_12WAY_QA-12F_f97655c/dynamic-log-runtime-harness.log;cpf-docs/evidence/qa/QA_PARALLEL_12WAY_QA-12F_f97655c/log-spool-runtime-harness.log;cpf-docs/evidence/qa/QA_PARALLEL_12WAY_QA-12F_f97655c/file-log-retention-before-after-harness.log;cpf-docs/evidence/qa/QA_PARALLEL_12WAY_QA-12F_f97655c/file-log-permission-before-after.log;cpf-docs/evidence/qa/QA_PARALLEL_12WAY_QA-12F_f97655c/SOURCE_TRACE_MATRIX.csv,목표 환경 또는 동등 Harness 실행
CPF-FR-012869,05-00012869,Tracing,Trace / Transaction Correlation,계약,미검증,아니오,QA12F-TRACE-001,cpf-docs/evidence/qa/QA_PARALLEL_12WAY_QA-12F_f97655c/trace-sampling-runtime-harness.log;cpf-docs/evidence/qa/QA_PARALLEL_12WAY_QA-12F_f97655c/trace-header-correlation-harness.log;cpf-docs/evidence/qa/QA_PARALLEL_12WAY_QA-12F_f97655c/SOURCE_TRACE_MATRIX.csv,목표 환경 또는 동등 Harness 실행
CPF-FR-012870,05-00012870,Tracing,Trace / Transaction Correlation,기본 구현,미검증,아니오,QA12F-TRACE-001,cpf-docs/evidence/qa/QA_PARALLEL_12WAY_QA-12F_f97655c/trace-sampling-runtime-harness.log;cpf-docs/evidence/qa/QA_PARALLEL_12WAY_QA-12F_f97655c/trace-header-correlation-harness.log;cpf-docs/evidence/qa/QA_PARALLEL_12WAY_QA-12F_f97655c/SOURCE_TRACE_MATRIX.csv,목표 환경 또는 동등 Harness 실행
CPF-FR-012871,05-00012871,Tracing,Trace / Transaction Correlation,상태·데이터,미검증,아니오,QA12F-TRACE-001,cpf-docs/evidence/qa/QA_PARALLEL_12WAY_QA-12F_f97655c/trace-sampling-runtime-harness.log;cpf-docs/evidence/qa/QA_PARALLEL_12WAY_QA-12F_f97655c/trace-header-correlation-harness.log;cpf-docs/evidence/qa/QA_PARALLEL_12WAY_QA-12F_f97655c/SOURCE_TRACE_MATRIX.csv,목표 환경 또는 동등 Harness 실행
CPF-FR-012872,05-00012872,Tracing,Trace / Transaction Correlation,보안·권한,미검증,아니오,QA12F-TRACE-001,cpf-docs/evidence/qa/QA_PARALLEL_12WAY_QA-12F_f97655c/trace-sampling-runtime-harness.log;cpf-docs/evidence/qa/QA_PARALLEL_12WAY_QA-12F_f97655c/trace-header-correlation-harness.log;cpf-docs/evidence/qa/QA_PARALLEL_12WAY_QA-12F_f97655c/SOURCE_TRACE_MATRIX.csv,목표 환경 또는 동등 Harness 실행
CPF-FR-012873,05-00012873,Tracing,Trace / Transaction Correlation,운영,미검증,아니오,QA12F-TRACE-001,cpf-docs/evidence/qa/QA_PARALLEL_12WAY_QA-12F_f97655c/trace-sampling-runtime-harness.log;cpf-docs/evidence/qa/QA_PARALLEL_12WAY_QA-12F_f97655c/trace-header-correlation-harness.log;cpf-docs/evidence/qa/QA_PARALLEL_12WAY_QA-12F_f97655c/SOURCE_TRACE_MATRIX.csv,목표 환경 또는 동등 Harness 실행
CPF-FR-012874,10-00012874,Tracing,Trace / Transaction Correlation,실패·복구,미검증,아니오,QA12F-TRACE-001,cpf-docs/evidence/qa/QA_PARALLEL_12WAY_QA-12F_f97655c/trace-sampling-runtime-harness.log;cpf-docs/evidence/qa/QA_PARALLEL_12WAY_QA-12F_f97655c/trace-header-correlation-harness.log;cpf-docs/evidence/qa/QA_PARALLEL_12WAY_QA-12F_f97655c/SOURCE_TRACE_MATRIX.csv,목표 환경 또는 동등 Harness 실행
CPF-FR-012875,05-00012875,Tracing,Trace / Transaction Correlation,호환·배포,미검증,아니오,QA12F-TRACE-001,cpf-docs/evidence/qa/QA_PARALLEL_12WAY_QA-12F_f97655c/trace-sampling-runtime-harness.log;cpf-docs/evidence/qa/QA_PARALLEL_12WAY_QA-12F_f97655c/trace-header-correlation-harness.log;cpf-docs/evidence/qa/QA_PARALLEL_12WAY_QA-12F_f97655c/SOURCE_TRACE_MATRIX.csv,목표 환경 또는 동등 Harness 실행
CPF-FR-012876,10-00012876,Tracing,Trace / Transaction Correlation,검증·Evidence,미검증,아니오,QA12F-TRACE-001,cpf-docs/evidence/qa/QA_PARALLEL_12WAY_QA-12F_f97655c/trace-sampling-runtime-harness.log;cpf-docs/evidence/qa/QA_PARALLEL_12WAY_QA-12F_f97655c/trace-header-correlation-harness.log;cpf-docs/evidence/qa/QA_PARALLEL_12WAY_QA-12F_f97655c/SOURCE_TRACE_MATRIX.csv,목표 환경 또는 동등 Harness 실행
CPF-FR-012877,05-00012877,Tracing,Span Naming,계약,미검증,아니오,QA12F-TRACE-001,cpf-docs/evidence/qa/QA_PARALLEL_12WAY_QA-12F_f97655c/trace-sampling-runtime-harness.log;cpf-docs/evidence/qa/QA_PARALLEL_12WAY_QA-12F_f97655c/trace-header-correlation-harness.log;cpf-docs/evidence/qa/QA_PARALLEL_12WAY_QA-12F_f97655c/SOURCE_TRACE_MATRIX.csv,목표 환경 또는 동등 Harness 실행
CPF-FR-012878,05-00012878,Tracing,Span Naming,기본 구현,미검증,아니오,QA12F-TRACE-001,cpf-docs/evidence/qa/QA_PARALLEL_12WAY_QA-12F_f97655c/trace-sampling-runtime-harness.log;cpf-docs/evidence/qa/QA_PARALLEL_12WAY_QA-12F_f97655c/trace-header-correlation-harness.log;cpf-docs/evidence/qa/QA_PARALLEL_12WAY_QA-12F_f97655c/SOURCE_TRACE_MATRIX.csv,목표 환경 또는 동등 Harness 실행
CPF-FR-012879,05-00012879,Tracing,Span Naming,상태·데이터,미검증,아니오,QA12F-TRACE-001,cpf-docs/evidence/qa/QA_PARALLEL_12WAY_QA-12F_f97655c/trace-sampling-runtime-harness.log;cpf-docs/evidence/qa/QA_PARALLEL_12WAY_QA-12F_f97655c/trace-header-correlation-harness.log;cpf-docs/evidence/qa/QA_PARALLEL_12WAY_QA-12F_f97655c/SOURCE_TRACE_MATRIX.csv,목표 환경 또는 동등 Harness 실행
CPF-FR-012880,05-00012880,Tracing,Span Naming,보안·권한,미검증,아니오,QA12F-TRACE-001,cpf-docs/evidence/qa/QA_PARALLEL_12WAY_QA-12F_f97655c/trace-sampling-runtime-harness.log;cpf-docs/evidence/qa/QA_PARALLEL_12WAY_QA-12F_f97655c/trace-header-correlation-harness.log;cpf-docs/evidence/qa/QA_PARALLEL_12WAY_QA-12F_f97655c/SOURCE_TRACE_MATRIX.csv,목표 환경 또는 동등 Harness 실행
CPF-FR-012881,05-00012881,Tracing,Span Naming,운영,미검증,아니오,QA12F-TRACE-001,cpf-docs/evidence/qa/QA_PARALLEL_12WAY_QA-12F_f97655c/trace-sampling-runtime-harness.log;cpf-docs/evidence/qa/QA_PARALLEL_12WAY_QA-12F_f97655c/trace-header-correlation-harness.log;cpf-docs/evidence/qa/QA_PARALLEL_12WAY_QA-12F_f97655c/SOURCE_TRACE_MATRIX.csv,목표 환경 또는 동등 Harness 실행
CPF-FR-012882,10-00012882,Tracing,Span Naming,실패·복구,미검증,아니오,QA12F-TRACE-001,cpf-docs/evidence/qa/QA_PARALLEL_12WAY_QA-12F_f97655c/trace-sampling-runtime-harness.log;cpf-docs/evidence/qa/QA_PARALLEL_12WAY_QA-12F_f97655c/trace-header-correlation-harness.log;cpf-docs/evidence/qa/QA_PARALLEL_12WAY_QA-12F_f97655c/SOURCE_TRACE_MATRIX.csv,목표 환경 또는 동등 Harness 실행
CPF-FR-012883,05-00012883,Tracing,Span Naming,호환·배포,미검증,아니오,QA12F-TRACE-001,cpf-docs/evidence/qa/QA_PARALLEL_12WAY_QA-12F_f97655c/trace-sampling-runtime-harness.log;cpf-docs/evidence/qa/QA_PARALLEL_12WAY_QA-12F_f97655c/trace-header-correlation-harness.log;cpf-docs/evidence/qa/QA_PARALLEL_12WAY_QA-12F_f97655c/SOURCE_TRACE_MATRIX.csv,목표 환경 또는 동등 Harness 실행
CPF-FR-012884,10-00012884,Tracing,Span Naming,검증·Evidence,미검증,아니오,QA12F-TRACE-001,cpf-docs/evidence/qa/QA_PARALLEL_12WAY_QA-12F_f97655c/trace-sampling-runtime-harness.log;cpf-docs/evidence/qa/QA_PARALLEL_12WAY_QA-12F_f97655c/trace-header-correlation-harness.log;cpf-docs/evidence/qa/QA_PARALLEL_12WAY_QA-12F_f97655c/SOURCE_TRACE_MATRIX.csv,목표 환경 또는 동등 Harness 실행
CPF-FR-012885,05-00012885,Tracing,Segment / Attempt Correlation,계약,미검증,아니오,QA12F-TRACE-001,cpf-docs/evidence/qa/QA_PARALLEL_12WAY_QA-12F_f97655c/trace-sampling-runtime-harness.log;cpf-docs/evidence/qa/QA_PARALLEL_12WAY_QA-12F_f97655c/trace-header-correlation-harness.log;cpf-docs/evidence/qa/QA_PARALLEL_12WAY_QA-12F_f97655c/SOURCE_TRACE_MATRIX.csv,목표 환경 또는 동등 Harness 실행
CPF-FR-012886,05-00012886,Tracing,Segment / Attempt Correlation,기본 구현,미검증,아니오,QA12F-TRACE-001,cpf-docs/evidence/qa/QA_PARALLEL_12WAY_QA-12F_f97655c/trace-sampling-runtime-harness.log;cpf-docs/evidence/qa/QA_PARALLEL_12WAY_QA-12F_f97655c/trace-header-correlation-harness.log;cpf-docs/evidence/qa/QA_PARALLEL_12WAY_QA-12F_f97655c/SOURCE_TRACE_MATRIX.csv,목표 환경 또는 동등 Harness 실행
CPF-FR-012887,05-00012887,Tracing,Segment / Attempt Correlation,상태·데이터,미검증,아니오,QA12F-TRACE-001,cpf-docs/evidence/qa/QA_PARALLEL_12WAY_QA-12F_f97655c/trace-sampling-runtime-harness.log;cpf-docs/evidence/qa/QA_PARALLEL_12WAY_QA-12F_f97655c/trace-header-correlation-harness.log;cpf-docs/evidence/qa/QA_PARALLEL_12WAY_QA-12F_f97655c/SOURCE_TRACE_MATRIX.csv,목표 환경 또는 동등 Harness 실행
CPF-FR-012888,05-00012888,Tracing,Segment / Attempt Correlation,보안·권한,미검증,아니오,QA12F-TRACE-001,cpf-docs/evidence/qa/QA_PARALLEL_12WAY_QA-12F_f97655c/trace-sampling-runtime-harness.log;cpf-docs/evidence/qa/QA_PARALLEL_12WAY_QA-12F_f97655c/trace-header-correlation-harness.log;cpf-docs/evidence/qa/QA_PARALLEL_12WAY_QA-12F_f97655c/SOURCE_TRACE_MATRIX.csv,목표 환경 또는 동등 Harness 실행
CPF-FR-012889,05-00012889,Tracing,Segment / Attempt Correlation,운영,미검증,아니오,QA12F-TRACE-001,cpf-docs/evidence/qa/QA_PARALLEL_12WAY_QA-12F_f97655c/trace-sampling-runtime-harness.log;cpf-docs/evidence/qa/QA_PARALLEL_12WAY_QA-12F_f97655c/trace-header-correlation-harness.log;cpf-docs/evidence/qa/QA_PARALLEL_12WAY_QA-12F_f97655c/SOURCE_TRACE_MATRIX.csv,목표 환경 또는 동등 Harness 실행
CPF-FR-012890,10-00012890,Tracing,Segment / Attempt Correlation,실패·복구,미검증,아니오,QA12F-TRACE-001,cpf-docs/evidence/qa/QA_PARALLEL_12WAY_QA-12F_f97655c/trace-sampling-runtime-harness.log;cpf-docs/evidence/qa/QA_PARALLEL_12WAY_QA-12F_f97655c/trace-header-correlation-harness.log;cpf-docs/evidence/qa/QA_PARALLEL_12WAY_QA-12F_f97655c/SOURCE_TRACE_MATRIX.csv,목표 환경 또는 동등 Harness 실행
CPF-FR-012891,05-00012891,Tracing,Segment / Attempt Correlation,호환·배포,미검증,아니오,QA12F-TRACE-001,cpf-docs/evidence/qa/QA_PARALLEL_12WAY_QA-12F_f97655c/trace-sampling-runtime-harness.log;cpf-docs/evidence/qa/QA_PARALLEL_12WAY_QA-12F_f97655c/trace-header-correlation-harness.log;cpf-docs/evidence/qa/QA_PARALLEL_12WAY_QA-12F_f97655c/SOURCE_TRACE_MATRIX.csv,목표 환경 또는 동등 Harness 실행
CPF-FR-012892,10-00012892,Tracing,Segment / Attempt Correlation,검증·Evidence,미검증,아니오,QA12F-TRACE-001,cpf-docs/evidence/qa/QA_PARALLEL_12WAY_QA-12F_f97655c/trace-sampling-runtime-harness.log;cpf-docs/evidence/qa/QA_PARALLEL_12WAY_QA-12F_f97655c/trace-header-correlation-harness.log;cpf-docs/evidence/qa/QA_PARALLEL_12WAY_QA-12F_f97655c/SOURCE_TRACE_MATRIX.csv,목표 환경 또는 동등 Harness 실행
CPF-FR-012893,05-00012893,Tracing,Sampling Policy,계약,미검증,아니오,QA12F-TRACE-002,cpf-docs/evidence/qa/QA_PARALLEL_12WAY_QA-12F_f97655c/trace-sampling-runtime-harness.log;cpf-docs/evidence/qa/QA_PARALLEL_12WAY_QA-12F_f97655c/trace-header-correlation-harness.log;cpf-docs/evidence/qa/QA_PARALLEL_12WAY_QA-12F_f97655c/SOURCE_TRACE_MATRIX.csv,목표 환경 또는 동등 Harness 실행
CPF-FR-012894,05-00012894,Tracing,Sampling Policy,기본 구현,통과,아니오,QA12F-TRACE-002,cpf-docs/evidence/qa/QA_PARALLEL_12WAY_QA-12F_f97655c/trace-sampling-runtime-harness.log;cpf-docs/evidence/qa/QA_PARALLEL_12WAY_QA-12F_f97655c/trace-header-correlation-harness.log;cpf-docs/evidence/qa/QA_PARALLEL_12WAY_QA-12F_f97655c/SOURCE_TRACE_MATRIX.csv,회귀 보호 유지
CPF-FR-012895,05-00012895,Tracing,Sampling Policy,상태·데이터,통과,아니오,QA12F-TRACE-002,cpf-docs/evidence/qa/QA_PARALLEL_12WAY_QA-12F_f97655c/trace-sampling-runtime-harness.log;cpf-docs/evidence/qa/QA_PARALLEL_12WAY_QA-12F_f97655c/trace-header-correlation-harness.log;cpf-docs/evidence/qa/QA_PARALLEL_12WAY_QA-12F_f97655c/SOURCE_TRACE_MATRIX.csv,회귀 보호 유지
CPF-FR-012896,05-00012896,Tracing,Sampling Policy,보안·권한,통과,아니오,QA12F-TRACE-002,cpf-docs/evidence/qa/QA_PARALLEL_12WAY_QA-12F_f97655c/trace-sampling-runtime-harness.log;cpf-docs/evidence/qa/QA_PARALLEL_12WAY_QA-12F_f97655c/trace-header-correlation-harness.log;cpf-docs/evidence/qa/QA_PARALLEL_12WAY_QA-12F_f97655c/SOURCE_TRACE_MATRIX.csv,회귀 보호 유지
CPF-FR-012897,05-00012897,Tracing,Sampling Policy,운영,미검증,아니오,QA12F-TRACE-002,cpf-docs/evidence/qa/QA_PARALLEL_12WAY_QA-12F_f97655c/trace-sampling-runtime-harness.log;cpf-docs/evidence/qa/QA_PARALLEL_12WAY_QA-12F_f97655c/trace-header-correlation-harness.log;cpf-docs/evidence/qa/QA_PARALLEL_12WAY_QA-12F_f97655c/SOURCE_TRACE_MATRIX.csv,목표 환경 또는 동등 Harness 실행
CPF-FR-012898,10-00012898,Tracing,Sampling Policy,실패·복구,통과,아니오,QA12F-TRACE-002,cpf-docs/evidence/qa/QA_PARALLEL_12WAY_QA-12F_f97655c/trace-sampling-runtime-harness.log;cpf-docs/evidence/qa/QA_PARALLEL_12WAY_QA-12F_f97655c/trace-header-correlation-harness.log;cpf-docs/evidence/qa/QA_PARALLEL_12WAY_QA-12F_f97655c/SOURCE_TRACE_MATRIX.csv,회귀 보호 유지
CPF-FR-012899,05-00012899,Tracing,Sampling Policy,호환·배포,미검증,아니오,QA12F-TRACE-002,cpf-docs/evidence/qa/QA_PARALLEL_12WAY_QA-12F_f97655c/trace-sampling-runtime-harness.log;cpf-docs/evidence/qa/QA_PARALLEL_12WAY_QA-12F_f97655c/trace-header-correlation-harness.log;cpf-docs/evidence/qa/QA_PARALLEL_12WAY_QA-12F_f97655c/SOURCE_TRACE_MATRIX.csv,목표 환경 또는 동등 Harness 실행
CPF-FR-012900,10-00012900,Tracing,Sampling Policy,검증·Evidence,통과,아니오,QA12F-TRACE-002,cpf-docs/evidence/qa/QA_PARALLEL_12WAY_QA-12F_f97655c/trace-sampling-runtime-harness.log;cpf-docs/evidence/qa/QA_PARALLEL_12WAY_QA-12F_f97655c/trace-header-correlation-harness.log;cpf-docs/evidence/qa/QA_PARALLEL_12WAY_QA-12F_f97655c/SOURCE_TRACE_MATRIX.csv,회귀 보호 유지
CPF-FR-012901,05-00012901,Tracing,Trace Boost,계약,미검증,아니오,QA12F-TRACE-002,cpf-docs/evidence/qa/QA_PARALLEL_12WAY_QA-12F_f97655c/trace-sampling-runtime-harness.log;cpf-docs/evidence/qa/QA_PARALLEL_12WAY_QA-12F_f97655c/trace-header-correlation-harness.log;cpf-docs/evidence/qa/QA_PARALLEL_12WAY_QA-12F_f97655c/SOURCE_TRACE_MATRIX.csv,목표 환경 또는 동등 Harness 실행
CPF-FR-012902,05-00012902,Tracing,Trace Boost,기본 구현,통과,아니오,QA12F-TRACE-002,cpf-docs/evidence/qa/QA_PARALLEL_12WAY_QA-12F_f97655c/trace-sampling-runtime-harness.log;cpf-docs/evidence/qa/QA_PARALLEL_12WAY_QA-12F_f97655c/trace-header-correlation-harness.log;cpf-docs/evidence/qa/QA_PARALLEL_12WAY_QA-12F_f97655c/SOURCE_TRACE_MATRIX.csv,회귀 보호 유지
CPF-FR-012903,05-00012903,Tracing,Trace Boost,상태·데이터,통과,아니오,QA12F-TRACE-002,cpf-docs/evidence/qa/QA_PARALLEL_12WAY_QA-12F_f97655c/trace-sampling-runtime-harness.log;cpf-docs/evidence/qa/QA_PARALLEL_12WAY_QA-12F_f97655c/trace-header-correlation-harness.log;cpf-docs/evidence/qa/QA_PARALLEL_12WAY_QA-12F_f97655c/SOURCE_TRACE_MATRIX.csv,회귀 보호 유지
CPF-FR-012904,05-00012904,Tracing,Trace Boost,보안·권한,통과,아니오,QA12F-TRACE-002,cpf-docs/evidence/qa/QA_PARALLEL_12WAY_QA-12F_f97655c/trace-sampling-runtime-harness.log;cpf-docs/evidence/qa/QA_PARALLEL_12WAY_QA-12F_f97655c/trace-header-correlation-harness.log;cpf-docs/evidence/qa/QA_PARALLEL_12WAY_QA-12F_f97655c/SOURCE_TRACE_MATRIX.csv,회귀 보호 유지
CPF-FR-012905,05-00012905,Tracing,Trace Boost,운영,미검증,아니오,QA12F-TRACE-002,cpf-docs/evidence/qa/QA_PARALLEL_12WAY_QA-12F_f97655c/trace-sampling-runtime-harness.log;cpf-docs/evidence/qa/QA_PARALLEL_12WAY_QA-12F_f97655c/trace-header-correlation-harness.log;cpf-docs/evidence/qa/QA_PARALLEL_12WAY_QA-12F_f97655c/SOURCE_TRACE_MATRIX.csv,목표 환경 또는 동등 Harness 실행
CPF-FR-012906,10-00012906,Tracing,Trace Boost,실패·복구,통과,아니오,QA12F-TRACE-002,cpf-docs/evidence/qa/QA_PARALLEL_12WAY_QA-12F_f97655c/trace-sampling-runtime-harness.log;cpf-docs/evidence/qa/QA_PARALLEL_12WAY_QA-12F_f97655c/trace-header-correlation-harness.log;cpf-docs/evidence/qa/QA_PARALLEL_12WAY_QA-12F_f97655c/SOURCE_TRACE_MATRIX.csv,회귀 보호 유지
CPF-FR-012907,05-00012907,Tracing,Trace Boost,호환·배포,미검증,아니오,QA12F-TRACE-002,cpf-docs/evidence/qa/QA_PARALLEL_12WAY_QA-12F_f97655c/trace-sampling-runtime-harness.log;cpf-docs/evidence/qa/QA_PARALLEL_12WAY_QA-12F_f97655c/trace-header-correlation-harness.log;cpf-docs/evidence/qa/QA_PARALLEL_12WAY_QA-12F_f97655c/SOURCE_TRACE_MATRIX.csv,목표 환경 또는 동등 Harness 실행
CPF-FR-012908,10-00012908,Tracing,Trace Boost,검증·Evidence,통과,아니오,QA12F-TRACE-002,cpf-docs/evidence/qa/QA_PARALLEL_12WAY_QA-12F_f97655c/trace-sampling-runtime-harness.log;cpf-docs/evidence/qa/QA_PARALLEL_12WAY_QA-12F_f97655c/trace-header-correlation-harness.log;cpf-docs/evidence/qa/QA_PARALLEL_12WAY_QA-12F_f97655c/SOURCE_TRACE_MATRIX.csv,회귀 보호 유지
CPF-FR-012909,05-00012909,Tracing,Baggage Allowlist,계약,미통과,아니오,QA12F-TRACE-003,cpf-docs/evidence/qa/QA_PARALLEL_12WAY_QA-12F_f97655c/trace-sampling-runtime-harness.log;cpf-docs/evidence/qa/QA_PARALLEL_12WAY_QA-12F_f97655c/trace-header-correlation-harness.log;cpf-docs/evidence/qa/QA_PARALLEL_12WAY_QA-12F_f97655c/SOURCE_TRACE_MATRIX.csv,재개발 후 contract/fault/runtime 재검수
CPF-FR-012910,05-00012910,Tracing,Baggage Allowlist,기본 구현,미통과,아니오,QA12F-TRACE-003,cpf-docs/evidence/qa/QA_PARALLEL_12WAY_QA-12F_f97655c/trace-sampling-runtime-harness.log;cpf-docs/evidence/qa/QA_PARALLEL_12WAY_QA-12F_f97655c/trace-header-correlation-harness.log;cpf-docs/evidence/qa/QA_PARALLEL_12WAY_QA-12F_f97655c/SOURCE_TRACE_MATRIX.csv,재개발 후 contract/fault/runtime 재검수
CPF-FR-012911,05-00012911,Tracing,Baggage Allowlist,상태·데이터,미통과,아니오,QA12F-TRACE-003,cpf-docs/evidence/qa/QA_PARALLEL_12WAY_QA-12F_f97655c/trace-sampling-runtime-harness.log;cpf-docs/evidence/qa/QA_PARALLEL_12WAY_QA-12F_f97655c/trace-header-correlation-harness.log;cpf-docs/evidence/qa/QA_PARALLEL_12WAY_QA-12F_f97655c/SOURCE_TRACE_MATRIX.csv,재개발 후 contract/fault/runtime 재검수
CPF-FR-012912,05-00012912,Tracing,Baggage Allowlist,보안·권한,미통과,아니오,QA12F-TRACE-003,cpf-docs/evidence/qa/QA_PARALLEL_12WAY_QA-12F_f97655c/trace-sampling-runtime-harness.log;cpf-docs/evidence/qa/QA_PARALLEL_12WAY_QA-12F_f97655c/trace-header-correlation-harness.log;cpf-docs/evidence/qa/QA_PARALLEL_12WAY_QA-12F_f97655c/SOURCE_TRACE_MATRIX.csv,재개발 후 contract/fault/runtime 재검수
CPF-FR-012913,05-00012913,Tracing,Baggage Allowlist,운영,미통과,아니오,QA12F-TRACE-003,cpf-docs/evidence/qa/QA_PARALLEL_12WAY_QA-12F_f97655c/trace-sampling-runtime-harness.log;cpf-docs/evidence/qa/QA_PARALLEL_12WAY_QA-12F_f97655c/trace-header-correlation-harness.log;cpf-docs/evidence/qa/QA_PARALLEL_12WAY_QA-12F_f97655c/SOURCE_TRACE_MATRIX.csv,재개발 후 contract/fault/runtime 재검수
CPF-FR-012914,10-00012914,Tracing,Baggage Allowlist,실패·복구,미통과,아니오,QA12F-TRACE-003,cpf-docs/evidence/qa/QA_PARALLEL_12WAY_QA-12F_f97655c/trace-sampling-runtime-harness.log;cpf-docs/evidence/qa/QA_PARALLEL_12WAY_QA-12F_f97655c/trace-header-correlation-harness.log;cpf-docs/evidence/qa/QA_PARALLEL_12WAY_QA-12F_f97655c/SOURCE_TRACE_MATRIX.csv,재개발 후 contract/fault/runtime 재검수
CPF-FR-012915,05-00012915,Tracing,Baggage Allowlist,호환·배포,미통과,아니오,QA12F-TRACE-003,cpf-docs/evidence/qa/QA_PARALLEL_12WAY_QA-12F_f97655c/trace-sampling-runtime-harness.log;cpf-docs/evidence/qa/QA_PARALLEL_12WAY_QA-12F_f97655c/trace-header-correlation-harness.log;cpf-docs/evidence/qa/QA_PARALLEL_12WAY_QA-12F_f97655c/SOURCE_TRACE_MATRIX.csv,재개발 후 contract/fault/runtime 재검수
CPF-FR-012916,10-00012916,Tracing,Baggage Allowlist,검증·Evidence,미통과,아니오,QA12F-TRACE-003,cpf-docs/evidence/qa/QA_PARALLEL_12WAY_QA-12F_f97655c/trace-sampling-runtime-harness.log;cpf-docs/evidence/qa/QA_PARALLEL_12WAY_QA-12F_f97655c/trace-header-correlation-harness.log;cpf-docs/evidence/qa/QA_PARALLEL_12WAY_QA-12F_f97655c/SOURCE_TRACE_MATRIX.csv,재개발 후 contract/fault/runtime 재검수
CPF-FR-012917,05-00012917,Tracing,PII Exclusion,계약,미검증,아니오,QA12F-TRACE-001,cpf-docs/evidence/qa/QA_PARALLEL_12WAY_QA-12F_f97655c/trace-sampling-runtime-harness.log;cpf-docs/evidence/qa/QA_PARALLEL_12WAY_QA-12F_f97655c/trace-header-correlation-harness.log;cpf-docs/evidence/qa/QA_PARALLEL_12WAY_QA-12F_f97655c/SOURCE_TRACE_MATRIX.csv,목표 환경 또는 동등 Harness 실행
CPF-FR-012918,05-00012918,Tracing,PII Exclusion,기본 구현,미검증,아니오,QA12F-TRACE-001,cpf-docs/evidence/qa/QA_PARALLEL_12WAY_QA-12F_f97655c/trace-sampling-runtime-harness.log;cpf-docs/evidence/qa/QA_PARALLEL_12WAY_QA-12F_f97655c/trace-header-correlation-harness.log;cpf-docs/evidence/qa/QA_PARALLEL_12WAY_QA-12F_f97655c/SOURCE_TRACE_MATRIX.csv,목표 환경 또는 동등 Harness 실행
CPF-FR-012919,05-00012919,Tracing,PII Exclusion,상태·데이터,미검증,아니오,QA12F-TRACE-001,cpf-docs/evidence/qa/QA_PARALLEL_12WAY_QA-12F_f97655c/trace-sampling-runtime-harness.log;cpf-docs/evidence/qa/QA_PARALLEL_12WAY_QA-12F_f97655c/trace-header-correlation-harness.log;cpf-docs/evidence/qa/QA_PARALLEL_12WAY_QA-12F_f97655c/SOURCE_TRACE_MATRIX.csv,목표 환경 또는 동등 Harness 실행
CPF-FR-012920,05-00012920,Tracing,PII Exclusion,보안·권한,미검증,아니오,QA12F-TRACE-001,cpf-docs/evidence/qa/QA_PARALLEL_12WAY_QA-12F_f97655c/trace-sampling-runtime-harness.log;cpf-docs/evidence/qa/QA_PARALLEL_12WAY_QA-12F_f97655c/trace-header-correlation-harness.log;cpf-docs/evidence/qa/QA_PARALLEL_12WAY_QA-12F_f97655c/SOURCE_TRACE_MATRIX.csv,목표 환경 또는 동등 Harness 실행
CPF-FR-012921,05-00012921,Tracing,PII Exclusion,운영,미검증,아니오,QA12F-TRACE-001,cpf-docs/evidence/qa/QA_PARALLEL_12WAY_QA-12F_f97655c/trace-sampling-runtime-harness.log;cpf-docs/evidence/qa/QA_PARALLEL_12WAY_QA-12F_f97655c/trace-header-correlation-harness.log;cpf-docs/evidence/qa/QA_PARALLEL_12WAY_QA-12F_f97655c/SOURCE_TRACE_MATRIX.csv,목표 환경 또는 동등 Harness 실행
CPF-FR-012922,10-00012922,Tracing,PII Exclusion,실패·복구,미검증,아니오,QA12F-TRACE-001,cpf-docs/evidence/qa/QA_PARALLEL_12WAY_QA-12F_f97655c/trace-sampling-runtime-harness.log;cpf-docs/evidence/qa/QA_PARALLEL_12WAY_QA-12F_f97655c/trace-header-correlation-harness.log;cpf-docs/evidence/qa/QA_PARALLEL_12WAY_QA-12F_f97655c/SOURCE_TRACE_MATRIX.csv,목표 환경 또는 동등 Harness 실행
CPF-FR-012923,05-00012923,Tracing,PII Exclusion,호환·배포,미검증,아니오,QA12F-TRACE-001,cpf-docs/evidence/qa/QA_PARALLEL_12WAY_QA-12F_f97655c/trace-sampling-runtime-harness.log;cpf-docs/evidence/qa/QA_PARALLEL_12WAY_QA-12F_f97655c/trace-header-correlation-harness.log;cpf-docs/evidence/qa/QA_PARALLEL_12WAY_QA-12F_f97655c/SOURCE_TRACE_MATRIX.csv,목표 환경 또는 동등 Harness 실행
CPF-FR-012924,10-00012924,Tracing,PII Exclusion,검증·Evidence,미검증,아니오,QA12F-TRACE-001,cpf-docs/evidence/qa/QA_PARALLEL_12WAY_QA-12F_f97655c/trace-sampling-runtime-harness.log;cpf-docs/evidence/qa/QA_PARALLEL_12WAY_QA-12F_f97655c/trace-header-correlation-harness.log;cpf-docs/evidence/qa/QA_PARALLEL_12WAY_QA-12F_f97655c/SOURCE_TRACE_MATRIX.csv,목표 환경 또는 동등 Harness 실행
CPF-FR-012925,05-00012925,Tracing,Cardinality Control,계약,미통과,아니오,QA12F-TRACE-003,cpf-docs/evidence/qa/QA_PARALLEL_12WAY_QA-12F_f97655c/trace-sampling-runtime-harness.log;cpf-docs/evidence/qa/QA_PARALLEL_12WAY_QA-12F_f97655c/trace-header-correlation-harness.log;cpf-docs/evidence/qa/QA_PARALLEL_12WAY_QA-12F_f97655c/SOURCE_TRACE_MATRIX.csv,재개발 후 contract/fault/runtime 재검수
CPF-FR-012926,05-00012926,Tracing,Cardinality Control,기본 구현,미통과,아니오,QA12F-TRACE-003,cpf-docs/evidence/qa/QA_PARALLEL_12WAY_QA-12F_f97655c/trace-sampling-runtime-harness.log;cpf-docs/evidence/qa/QA_PARALLEL_12WAY_QA-12F_f97655c/trace-header-correlation-harness.log;cpf-docs/evidence/qa/QA_PARALLEL_12WAY_QA-12F_f97655c/SOURCE_TRACE_MATRIX.csv,재개발 후 contract/fault/runtime 재검수
CPF-FR-012927,05-00012927,Tracing,Cardinality Control,상태·데이터,미통과,아니오,QA12F-TRACE-003,cpf-docs/evidence/qa/QA_PARALLEL_12WAY_QA-12F_f97655c/trace-sampling-runtime-harness.log;cpf-docs/evidence/qa/QA_PARALLEL_12WAY_QA-12F_f97655c/trace-header-correlation-harness.log;cpf-docs/evidence/qa/QA_PARALLEL_12WAY_QA-12F_f97655c/SOURCE_TRACE_MATRIX.csv,재개발 후 contract/fault/runtime 재검수
CPF-FR-012928,05-00012928,Tracing,Cardinality Control,보안·권한,미통과,아니오,QA12F-TRACE-003,cpf-docs/evidence/qa/QA_PARALLEL_12WAY_QA-12F_f97655c/trace-sampling-runtime-harness.log;cpf-docs/evidence/qa/QA_PARALLEL_12WAY_QA-12F_f97655c/trace-header-correlation-harness.log;cpf-docs/evidence/qa/QA_PARALLEL_12WAY_QA-12F_f97655c/SOURCE_TRACE_MATRIX.csv,재개발 후 contract/fault/runtime 재검수
CPF-FR-012929,05-00012929,Tracing,Cardinality Control,운영,미통과,아니오,QA12F-TRACE-003,cpf-docs/evidence/qa/QA_PARALLEL_12WAY_QA-12F_f97655c/trace-sampling-runtime-harness.log;cpf-docs/evidence/qa/QA_PARALLEL_12WAY_QA-12F_f97655c/trace-header-correlation-harness.log;cpf-docs/evidence/qa/QA_PARALLEL_12WAY_QA-12F_f97655c/SOURCE_TRACE_MATRIX.csv,재개발 후 contract/fault/runtime 재검수
CPF-FR-012930,10-00012930,Tracing,Cardinality Control,실패·복구,미통과,아니오,QA12F-TRACE-003,cpf-docs/evidence/qa/QA_PARALLEL_12WAY_QA-12F_f97655c/trace-sampling-runtime-harness.log;cpf-docs/evidence/qa/QA_PARALLEL_12WAY_QA-12F_f97655c/trace-header-correlation-harness.log;cpf-docs/evidence/qa/QA_PARALLEL_12WAY_QA-12F_f97655c/SOURCE_TRACE_MATRIX.csv,재개발 후 contract/fault/runtime 재검수
CPF-FR-012931,05-00012931,Tracing,Cardinality Control,호환·배포,미통과,아니오,QA12F-TRACE-003,cpf-docs/evidence/qa/QA_PARALLEL_12WAY_QA-12F_f97655c/trace-sampling-runtime-harness.log;cpf-docs/evidence/qa/QA_PARALLEL_12WAY_QA-12F_f97655c/trace-header-correlation-harness.log;cpf-docs/evidence/qa/QA_PARALLEL_12WAY_QA-12F_f97655c/SOURCE_TRACE_MATRIX.csv,재개발 후 contract/fault/runtime 재검수
CPF-FR-012932,10-00012932,Tracing,Cardinality Control,검증·Evidence,미통과,아니오,QA12F-TRACE-003,cpf-docs/evidence/qa/QA_PARALLEL_12WAY_QA-12F_f97655c/trace-sampling-runtime-harness.log;cpf-docs/evidence/qa/QA_PARALLEL_12WAY_QA-12F_f97655c/trace-header-correlation-harness.log;cpf-docs/evidence/qa/QA_PARALLEL_12WAY_QA-12F_f97655c/SOURCE_TRACE_MATRIX.csv,재개발 후 contract/fault/runtime 재검수
CPF-FR-012933,05-00012933,Tracing,Local Call Span,계약,미통과,아니오,QA12F-TRACE-001,cpf-docs/evidence/qa/QA_PARALLEL_12WAY_QA-12F_f97655c/trace-sampling-runtime-harness.log;cpf-docs/evidence/qa/QA_PARALLEL_12WAY_QA-12F_f97655c/trace-header-correlation-harness.log;cpf-docs/evidence/qa/QA_PARALLEL_12WAY_QA-12F_f97655c/SOURCE_TRACE_MATRIX.csv,재개발 후 contract/fault/runtime 재검수
CPF-FR-012934,05-00012934,Tracing,Local Call Span,기본 구현,미통과,아니오,QA12F-TRACE-001,cpf-docs/evidence/qa/QA_PARALLEL_12WAY_QA-12F_f97655c/trace-sampling-runtime-harness.log;cpf-docs/evidence/qa/QA_PARALLEL_12WAY_QA-12F_f97655c/trace-header-correlation-harness.log;cpf-docs/evidence/qa/QA_PARALLEL_12WAY_QA-12F_f97655c/SOURCE_TRACE_MATRIX.csv,재개발 후 contract/fault/runtime 재검수
CPF-FR-012935,05-00012935,Tracing,Local Call Span,상태·데이터,미검증,아니오,QA12F-TRACE-001,cpf-docs/evidence/qa/QA_PARALLEL_12WAY_QA-12F_f97655c/trace-sampling-runtime-harness.log;cpf-docs/evidence/qa/QA_PARALLEL_12WAY_QA-12F_f97655c/trace-header-correlation-harness.log;cpf-docs/evidence/qa/QA_PARALLEL_12WAY_QA-12F_f97655c/SOURCE_TRACE_MATRIX.csv,목표 환경 또는 동등 Harness 실행
CPF-FR-012936,05-00012936,Tracing,Local Call Span,보안·권한,미검증,아니오,QA12F-TRACE-001,cpf-docs/evidence/qa/QA_PARALLEL_12WAY_QA-12F_f97655c/trace-sampling-runtime-harness.log;cpf-docs/evidence/qa/QA_PARALLEL_12WAY_QA-12F_f97655c/trace-header-correlation-harness.log;cpf-docs/evidence/qa/QA_PARALLEL_12WAY_QA-12F_f97655c/SOURCE_TRACE_MATRIX.csv,목표 환경 또는 동등 Harness 실행
CPF-FR-012937,05-00012937,Tracing,Local Call Span,운영,미검증,아니오,QA12F-TRACE-001,cpf-docs/evidence/qa/QA_PARALLEL_12WAY_QA-12F_f97655c/trace-sampling-runtime-harness.log;cpf-docs/evidence/qa/QA_PARALLEL_12WAY_QA-12F_f97655c/trace-header-correlation-harness.log;cpf-docs/evidence/qa/QA_PARALLEL_12WAY_QA-12F_f97655c/SOURCE_TRACE_MATRIX.csv,목표 환경 또는 동등 Harness 실행
CPF-FR-012938,10-00012938,Tracing,Local Call Span,실패·복구,미통과,아니오,QA12F-TRACE-001,cpf-docs/evidence/qa/QA_PARALLEL_12WAY_QA-12F_f97655c/trace-sampling-runtime-harness.log;cpf-docs/evidence/qa/QA_PARALLEL_12WAY_QA-12F_f97655c/trace-header-correlation-harness.log;cpf-docs/evidence/qa/QA_PARALLEL_12WAY_QA-12F_f97655c/SOURCE_TRACE_MATRIX.csv,재개발 후 contract/fault/runtime 재검수
CPF-FR-012939,05-00012939,Tracing,Local Call Span,호환·배포,미검증,아니오,QA12F-TRACE-001,cpf-docs/evidence/qa/QA_PARALLEL_12WAY_QA-12F_f97655c/trace-sampling-runtime-harness.log;cpf-docs/evidence/qa/QA_PARALLEL_12WAY_QA-12F_f97655c/trace-header-correlation-harness.log;cpf-docs/evidence/qa/QA_PARALLEL_12WAY_QA-12F_f97655c/SOURCE_TRACE_MATRIX.csv,목표 환경 또는 동등 Harness 실행
CPF-FR-012940,10-00012940,Tracing,Local Call Span,검증·Evidence,미통과,아니오,QA12F-TRACE-001,cpf-docs/evidence/qa/QA_PARALLEL_12WAY_QA-12F_f97655c/trace-sampling-runtime-harness.log;cpf-docs/evidence/qa/QA_PARALLEL_12WAY_QA-12F_f97655c/trace-header-correlation-harness.log;cpf-docs/evidence/qa/QA_PARALLEL_12WAY_QA-12F_f97655c/SOURCE_TRACE_MATRIX.csv,재개발 후 contract/fault/runtime 재검수
CPF-FR-012941,05-00012941,Tracing,Remote Call Span,계약,미통과,아니오,QA12F-TRACE-001,cpf-docs/evidence/qa/QA_PARALLEL_12WAY_QA-12F_f97655c/trace-sampling-runtime-harness.log;cpf-docs/evidence/qa/QA_PARALLEL_12WAY_QA-12F_f97655c/trace-header-correlation-harness.log;cpf-docs/evidence/qa/QA_PARALLEL_12WAY_QA-12F_f97655c/SOURCE_TRACE_MATRIX.csv,재개발 후 contract/fault/runtime 재검수
CPF-FR-012942,05-00012942,Tracing,Remote Call Span,기본 구현,미통과,아니오,QA12F-TRACE-001,cpf-docs/evidence/qa/QA_PARALLEL_12WAY_QA-12F_f97655c/trace-sampling-runtime-harness.log;cpf-docs/evidence/qa/QA_PARALLEL_12WAY_QA-12F_f97655c/trace-header-correlation-harness.log;cpf-docs/evidence/qa/QA_PARALLEL_12WAY_QA-12F_f97655c/SOURCE_TRACE_MATRIX.csv,재개발 후 contract/fault/runtime 재검수
CPF-FR-012943,05-00012943,Tracing,Remote Call Span,상태·데이터,미검증,아니오,QA12F-TRACE-001,cpf-docs/evidence/qa/QA_PARALLEL_12WAY_QA-12F_f97655c/trace-sampling-runtime-harness.log;cpf-docs/evidence/qa/QA_PARALLEL_12WAY_QA-12F_f97655c/trace-header-correlation-harness.log;cpf-docs/evidence/qa/QA_PARALLEL_12WAY_QA-12F_f97655c/SOURCE_TRACE_MATRIX.csv,목표 환경 또는 동등 Harness 실행
CPF-FR-012944,05-00012944,Tracing,Remote Call Span,보안·권한,미검증,아니오,QA12F-TRACE-001,cpf-docs/evidence/qa/QA_PARALLEL_12WAY_QA-12F_f97655c/trace-sampling-runtime-harness.log;cpf-docs/evidence/qa/QA_PARALLEL_12WAY_QA-12F_f97655c/trace-header-correlation-harness.log;cpf-docs/evidence/qa/QA_PARALLEL_12WAY_QA-12F_f97655c/SOURCE_TRACE_MATRIX.csv,목표 환경 또는 동등 Harness 실행
CPF-FR-012945,05-00012945,Tracing,Remote Call Span,운영,미검증,아니오,QA12F-TRACE-001,cpf-docs/evidence/qa/QA_PARALLEL_12WAY_QA-12F_f97655c/trace-sampling-runtime-harness.log;cpf-docs/evidence/qa/QA_PARALLEL_12WAY_QA-12F_f97655c/trace-header-correlation-harness.log;cpf-docs/evidence/qa/QA_PARALLEL_12WAY_QA-12F_f97655c/SOURCE_TRACE_MATRIX.csv,목표 환경 또는 동등 Harness 실행
CPF-FR-012946,10-00012946,Tracing,Remote Call Span,실패·복구,미통과,아니오,QA12F-TRACE-001,cpf-docs/evidence/qa/QA_PARALLEL_12WAY_QA-12F_f97655c/trace-sampling-runtime-harness.log;cpf-docs/evidence/qa/QA_PARALLEL_12WAY_QA-12F_f97655c/trace-header-correlation-harness.log;cpf-docs/evidence/qa/QA_PARALLEL_12WAY_QA-12F_f97655c/SOURCE_TRACE_MATRIX.csv,재개발 후 contract/fault/runtime 재검수
CPF-FR-012947,05-00012947,Tracing,Remote Call Span,호환·배포,미검증,아니오,QA12F-TRACE-001,cpf-docs/evidence/qa/QA_PARALLEL_12WAY_QA-12F_f97655c/trace-sampling-runtime-harness.log;cpf-docs/evidence/qa/QA_PARALLEL_12WAY_QA-12F_f97655c/trace-header-correlation-harness.log;cpf-docs/evidence/qa/QA_PARALLEL_12WAY_QA-12F_f97655c/SOURCE_TRACE_MATRIX.csv,목표 환경 또는 동등 Harness 실행
CPF-FR-012948,10-00012948,Tracing,Remote Call Span,검증·Evidence,미통과,아니오,QA12F-TRACE-001,cpf-docs/evidence/qa/QA_PARALLEL_12WAY_QA-12F_f97655c/trace-sampling-runtime-harness.log;cpf-docs/evidence/qa/QA_PARALLEL_12WAY_QA-12F_f97655c/trace-header-correlation-harness.log;cpf-docs/evidence/qa/QA_PARALLEL_12WAY_QA-12F_f97655c/SOURCE_TRACE_MATRIX.csv,재개발 후 contract/fault/runtime 재검수
CPF-FR-012949,05-00012949,Tracing,Message Span,계약,미통과,아니오,QA12F-TRACE-001,cpf-docs/evidence/qa/QA_PARALLEL_12WAY_QA-12F_f97655c/trace-sampling-runtime-harness.log;cpf-docs/evidence/qa/QA_PARALLEL_12WAY_QA-12F_f97655c/trace-header-correlation-harness.log;cpf-docs/evidence/qa/QA_PARALLEL_12WAY_QA-12F_f97655c/SOURCE_TRACE_MATRIX.csv,재개발 후 contract/fault/runtime 재검수
CPF-FR-012950,05-00012950,Tracing,Message Span,기본 구현,미통과,아니오,QA12F-TRACE-001,cpf-docs/evidence/qa/QA_PARALLEL_12WAY_QA-12F_f97655c/trace-sampling-runtime-harness.log;cpf-docs/evidence/qa/QA_PARALLEL_12WAY_QA-12F_f97655c/trace-header-correlation-harness.log;cpf-docs/evidence/qa/QA_PARALLEL_12WAY_QA-12F_f97655c/SOURCE_TRACE_MATRIX.csv,재개발 후 contract/fault/runtime 재검수
CPF-FR-012951,05-00012951,Tracing,Message Span,상태·데이터,미검증,아니오,QA12F-TRACE-001,cpf-docs/evidence/qa/QA_PARALLEL_12WAY_QA-12F_f97655c/trace-sampling-runtime-harness.log;cpf-docs/evidence/qa/QA_PARALLEL_12WAY_QA-12F_f97655c/trace-header-correlation-harness.log;cpf-docs/evidence/qa/QA_PARALLEL_12WAY_QA-12F_f97655c/SOURCE_TRACE_MATRIX.csv,목표 환경 또는 동등 Harness 실행
CPF-FR-012952,05-00012952,Tracing,Message Span,보안·권한,미검증,아니오,QA12F-TRACE-001,cpf-docs/evidence/qa/QA_PARALLEL_12WAY_QA-12F_f97655c/trace-sampling-runtime-harness.log;cpf-docs/evidence/qa/QA_PARALLEL_12WAY_QA-12F_f97655c/trace-header-correlation-harness.log;cpf-docs/evidence/qa/QA_PARALLEL_12WAY_QA-12F_f97655c/SOURCE_TRACE_MATRIX.csv,목표 환경 또는 동등 Harness 실행
CPF-FR-012953,05-00012953,Tracing,Message Span,운영,미검증,아니오,QA12F-TRACE-001,cpf-docs/evidence/qa/QA_PARALLEL_12WAY_QA-12F_f97655c/trace-sampling-runtime-harness.log;cpf-docs/evidence/qa/QA_PARALLEL_12WAY_QA-12F_f97655c/trace-header-correlation-harness.log;cpf-docs/evidence/qa/QA_PARALLEL_12WAY_QA-12F_f97655c/SOURCE_TRACE_MATRIX.csv,목표 환경 또는 동등 Harness 실행
CPF-FR-012954,10-00012954,Tracing,Message Span,실패·복구,미통과,아니오,QA12F-TRACE-001,cpf-docs/evidence/qa/QA_PARALLEL_12WAY_QA-12F_f97655c/trace-sampling-runtime-harness.log;cpf-docs/evidence/qa/QA_PARALLEL_12WAY_QA-12F_f97655c/trace-header-correlation-harness.log;cpf-docs/evidence/qa/QA_PARALLEL_12WAY_QA-12F_f97655c/SOURCE_TRACE_MATRIX.csv,재개발 후 contract/fault/runtime 재검수
CPF-FR-012955,05-00012955,Tracing,Message Span,호환·배포,미검증,아니오,QA12F-TRACE-001,cpf-docs/evidence/qa/QA_PARALLEL_12WAY_QA-12F_f97655c/trace-sampling-runtime-harness.log;cpf-docs/evidence/qa/QA_PARALLEL_12WAY_QA-12F_f97655c/trace-header-correlation-harness.log;cpf-docs/evidence/qa/QA_PARALLEL_12WAY_QA-12F_f97655c/SOURCE_TRACE_MATRIX.csv,목표 환경 또는 동등 Harness 실행
CPF-FR-012956,10-00012956,Tracing,Message Span,검증·Evidence,미통과,아니오,QA12F-TRACE-001,cpf-docs/evidence/qa/QA_PARALLEL_12WAY_QA-12F_f97655c/trace-sampling-runtime-harness.log;cpf-docs/evidence/qa/QA_PARALLEL_12WAY_QA-12F_f97655c/trace-header-correlation-harness.log;cpf-docs/evidence/qa/QA_PARALLEL_12WAY_QA-12F_f97655c/SOURCE_TRACE_MATRIX.csv,재개발 후 contract/fault/runtime 재검수
CPF-FR-012957,05-00012957,Tracing,Batch Span,계약,미통과,아니오,QA12F-TRACE-001,cpf-docs/evidence/qa/QA_PARALLEL_12WAY_QA-12F_f97655c/trace-sampling-runtime-harness.log;cpf-docs/evidence/qa/QA_PARALLEL_12WAY_QA-12F_f97655c/trace-header-correlation-harness.log;cpf-docs/evidence/qa/QA_PARALLEL_12WAY_QA-12F_f97655c/SOURCE_TRACE_MATRIX.csv,재개발 후 contract/fault/runtime 재검수
CPF-FR-012958,05-00012958,Tracing,Batch Span,기본 구현,미통과,아니오,QA12F-TRACE-001,cpf-docs/evidence/qa/QA_PARALLEL_12WAY_QA-12F_f97655c/trace-sampling-runtime-harness.log;cpf-docs/evidence/qa/QA_PARALLEL_12WAY_QA-12F_f97655c/trace-header-correlation-harness.log;cpf-docs/evidence/qa/QA_PARALLEL_12WAY_QA-12F_f97655c/SOURCE_TRACE_MATRIX.csv,재개발 후 contract/fault/runtime 재검수
CPF-FR-012959,05-00012959,Tracing,Batch Span,상태·데이터,미검증,아니오,QA12F-TRACE-001,cpf-docs/evidence/qa/QA_PARALLEL_12WAY_QA-12F_f97655c/trace-sampling-runtime-harness.log;cpf-docs/evidence/qa/QA_PARALLEL_12WAY_QA-12F_f97655c/trace-header-correlation-harness.log;cpf-docs/evidence/qa/QA_PARALLEL_12WAY_QA-12F_f97655c/SOURCE_TRACE_MATRIX.csv,목표 환경 또는 동등 Harness 실행
CPF-FR-012960,05-00012960,Tracing,Batch Span,보안·권한,미검증,아니오,QA12F-TRACE-001,cpf-docs/evidence/qa/QA_PARALLEL_12WAY_QA-12F_f97655c/trace-sampling-runtime-harness.log;cpf-docs/evidence/qa/QA_PARALLEL_12WAY_QA-12F_f97655c/trace-header-correlation-harness.log;cpf-docs/evidence/qa/QA_PARALLEL_12WAY_QA-12F_f97655c/SOURCE_TRACE_MATRIX.csv,목표 환경 또는 동등 Harness 실행
CPF-FR-012961,05-00012961,Tracing,Batch Span,운영,미검증,아니오,QA12F-TRACE-001,cpf-docs/evidence/qa/QA_PARALLEL_12WAY_QA-12F_f97655c/trace-sampling-runtime-harness.log;cpf-docs/evidence/qa/QA_PARALLEL_12WAY_QA-12F_f97655c/trace-header-correlation-harness.log;cpf-docs/evidence/qa/QA_PARALLEL_12WAY_QA-12F_f97655c/SOURCE_TRACE_MATRIX.csv,목표 환경 또는 동등 Harness 실행
CPF-FR-012962,10-00012962,Tracing,Batch Span,실패·복구,미통과,아니오,QA12F-TRACE-001,cpf-docs/evidence/qa/QA_PARALLEL_12WAY_QA-12F_f97655c/trace-sampling-runtime-harness.log;cpf-docs/evidence/qa/QA_PARALLEL_12WAY_QA-12F_f97655c/trace-header-correlation-harness.log;cpf-docs/evidence/qa/QA_PARALLEL_12WAY_QA-12F_f97655c/SOURCE_TRACE_MATRIX.csv,재개발 후 contract/fault/runtime 재검수
CPF-FR-012963,05-00012963,Tracing,Batch Span,호환·배포,미검증,아니오,QA12F-TRACE-001,cpf-docs/evidence/qa/QA_PARALLEL_12WAY_QA-12F_f97655c/trace-sampling-runtime-harness.log;cpf-docs/evidence/qa/QA_PARALLEL_12WAY_QA-12F_f97655c/trace-header-correlation-harness.log;cpf-docs/evidence/qa/QA_PARALLEL_12WAY_QA-12F_f97655c/SOURCE_TRACE_MATRIX.csv,목표 환경 또는 동등 Harness 실행
CPF-FR-012964,10-00012964,Tracing,Batch Span,검증·Evidence,미통과,아니오,QA12F-TRACE-001,cpf-docs/evidence/qa/QA_PARALLEL_12WAY_QA-12F_f97655c/trace-sampling-runtime-harness.log;cpf-docs/evidence/qa/QA_PARALLEL_12WAY_QA-12F_f97655c/trace-header-correlation-harness.log;cpf-docs/evidence/qa/QA_PARALLEL_12WAY_QA-12F_f97655c/SOURCE_TRACE_MATRIX.csv,재개발 후 contract/fault/runtime 재검수
CPF-FR-012965,05-00012965,Tracing,File Span,계약,미통과,아니오,QA12F-TRACE-001,cpf-docs/evidence/qa/QA_PARALLEL_12WAY_QA-12F_f97655c/trace-sampling-runtime-harness.log;cpf-docs/evidence/qa/QA_PARALLEL_12WAY_QA-12F_f97655c/trace-header-correlation-harness.log;cpf-docs/evidence/qa/QA_PARALLEL_12WAY_QA-12F_f97655c/SOURCE_TRACE_MATRIX.csv,재개발 후 contract/fault/runtime 재검수
CPF-FR-012966,05-00012966,Tracing,File Span,기본 구현,미통과,아니오,QA12F-TRACE-001,cpf-docs/evidence/qa/QA_PARALLEL_12WAY_QA-12F_f97655c/trace-sampling-runtime-harness.log;cpf-docs/evidence/qa/QA_PARALLEL_12WAY_QA-12F_f97655c/trace-header-correlation-harness.log;cpf-docs/evidence/qa/QA_PARALLEL_12WAY_QA-12F_f97655c/SOURCE_TRACE_MATRIX.csv,재개발 후 contract/fault/runtime 재검수
CPF-FR-012967,05-00012967,Tracing,File Span,상태·데이터,미검증,아니오,QA12F-TRACE-001,cpf-docs/evidence/qa/QA_PARALLEL_12WAY_QA-12F_f97655c/trace-sampling-runtime-harness.log;cpf-docs/evidence/qa/QA_PARALLEL_12WAY_QA-12F_f97655c/trace-header-correlation-harness.log;cpf-docs/evidence/qa/QA_PARALLEL_12WAY_QA-12F_f97655c/SOURCE_TRACE_MATRIX.csv,목표 환경 또는 동등 Harness 실행
CPF-FR-012968,05-00012968,Tracing,File Span,보안·권한,미검증,아니오,QA12F-TRACE-001,cpf-docs/evidence/qa/QA_PARALLEL_12WAY_QA-12F_f97655c/trace-sampling-runtime-harness.log;cpf-docs/evidence/qa/QA_PARALLEL_12WAY_QA-12F_f97655c/trace-header-correlation-harness.log;cpf-docs/evidence/qa/QA_PARALLEL_12WAY_QA-12F_f97655c/SOURCE_TRACE_MATRIX.csv,목표 환경 또는 동등 Harness 실행
CPF-FR-012969,05-00012969,Tracing,File Span,운영,미검증,아니오,QA12F-TRACE-001,cpf-docs/evidence/qa/QA_PARALLEL_12WAY_QA-12F_f97655c/trace-sampling-runtime-harness.log;cpf-docs/evidence/qa/QA_PARALLEL_12WAY_QA-12F_f97655c/trace-header-correlation-harness.log;cpf-docs/evidence/qa/QA_PARALLEL_12WAY_QA-12F_f97655c/SOURCE_TRACE_MATRIX.csv,목표 환경 또는 동등 Harness 실행
CPF-FR-012970,10-00012970,Tracing,File Span,실패·복구,미통과,아니오,QA12F-TRACE-001,cpf-docs/evidence/qa/QA_PARALLEL_12WAY_QA-12F_f97655c/trace-sampling-runtime-harness.log;cpf-docs/evidence/qa/QA_PARALLEL_12WAY_QA-12F_f97655c/trace-header-correlation-harness.log;cpf-docs/evidence/qa/QA_PARALLEL_12WAY_QA-12F_f97655c/SOURCE_TRACE_MATRIX.csv,재개발 후 contract/fault/runtime 재검수
CPF-FR-012971,05-00012971,Tracing,File Span,호환·배포,미검증,아니오,QA12F-TRACE-001,cpf-docs/evidence/qa/QA_PARALLEL_12WAY_QA-12F_f97655c/trace-sampling-runtime-harness.log;cpf-docs/evidence/qa/QA_PARALLEL_12WAY_QA-12F_f97655c/trace-header-correlation-harness.log;cpf-docs/evidence/qa/QA_PARALLEL_12WAY_QA-12F_f97655c/SOURCE_TRACE_MATRIX.csv,목표 환경 또는 동등 Harness 실행
CPF-FR-012972,10-00012972,Tracing,File Span,검증·Evidence,미통과,아니오,QA12F-TRACE-001,cpf-docs/evidence/qa/QA_PARALLEL_12WAY_QA-12F_f97655c/trace-sampling-runtime-harness.log;cpf-docs/evidence/qa/QA_PARALLEL_12WAY_QA-12F_f97655c/trace-header-correlation-harness.log;cpf-docs/evidence/qa/QA_PARALLEL_12WAY_QA-12F_f97655c/SOURCE_TRACE_MATRIX.csv,재개발 후 contract/fault/runtime 재검수
CPF-FR-012973,11-00012973,Masking,PII Classification,계약,통과,아니오,,cpf-docs/evidence/qa/QA_PARALLEL_12WAY_QA-12F_f97655c/masking-policy-runtime-harness.log;cpf-docs/evidence/qa/QA_PARALLEL_12WAY_QA-12F_f97655c/masking-truncate-before-after-harness.log;cpf-docs/evidence/qa/QA_PARALLEL_12WAY_QA-12F_f97655c/masking-bearer-before-after-harness.log;cpf-docs/evidence/qa/QA_PARALLEL_12WAY_QA-12F_f97655c/SOURCE_TRACE_MATRIX.csv,회귀 보호 유지
CPF-FR-012974,11-00012974,Masking,PII Classification,기본 구현,통과,아니오,,cpf-docs/evidence/qa/QA_PARALLEL_12WAY_QA-12F_f97655c/masking-policy-runtime-harness.log;cpf-docs/evidence/qa/QA_PARALLEL_12WAY_QA-12F_f97655c/masking-truncate-before-after-harness.log;cpf-docs/evidence/qa/QA_PARALLEL_12WAY_QA-12F_f97655c/masking-bearer-before-after-harness.log;cpf-docs/evidence/qa/QA_PARALLEL_12WAY_QA-12F_f97655c/SOURCE_TRACE_MATRIX.csv,회귀 보호 유지
CPF-FR-012975,11-00012975,Masking,PII Classification,상태·데이터,미검증,아니오,,cpf-docs/evidence/qa/QA_PARALLEL_12WAY_QA-12F_f97655c/masking-policy-runtime-harness.log;cpf-docs/evidence/qa/QA_PARALLEL_12WAY_QA-12F_f97655c/masking-truncate-before-after-harness.log;cpf-docs/evidence/qa/QA_PARALLEL_12WAY_QA-12F_f97655c/masking-bearer-before-after-harness.log;cpf-docs/evidence/qa/QA_PARALLEL_12WAY_QA-12F_f97655c/SOURCE_TRACE_MATRIX.csv,목표 환경 또는 동등 Harness 실행
CPF-FR-012976,11-00012976,Masking,PII Classification,보안·권한,통과,아니오,,cpf-docs/evidence/qa/QA_PARALLEL_12WAY_QA-12F_f97655c/masking-policy-runtime-harness.log;cpf-docs/evidence/qa/QA_PARALLEL_12WAY_QA-12F_f97655c/masking-truncate-before-after-harness.log;cpf-docs/evidence/qa/QA_PARALLEL_12WAY_QA-12F_f97655c/masking-bearer-before-after-harness.log;cpf-docs/evidence/qa/QA_PARALLEL_12WAY_QA-12F_f97655c/SOURCE_TRACE_MATRIX.csv,회귀 보호 유지
CPF-FR-012977,11-00012977,Masking,PII Classification,운영,미검증,아니오,,cpf-docs/evidence/qa/QA_PARALLEL_12WAY_QA-12F_f97655c/masking-policy-runtime-harness.log;cpf-docs/evidence/qa/QA_PARALLEL_12WAY_QA-12F_f97655c/masking-truncate-before-after-harness.log;cpf-docs/evidence/qa/QA_PARALLEL_12WAY_QA-12F_f97655c/masking-bearer-before-after-harness.log;cpf-docs/evidence/qa/QA_PARALLEL_12WAY_QA-12F_f97655c/SOURCE_TRACE_MATRIX.csv,목표 환경 또는 동등 Harness 실행
CPF-FR-012978,11-00012978,Masking,PII Classification,실패·복구,통과,아니오,,cpf-docs/evidence/qa/QA_PARALLEL_12WAY_QA-12F_f97655c/masking-policy-runtime-harness.log;cpf-docs/evidence/qa/QA_PARALLEL_12WAY_QA-12F_f97655c/masking-truncate-before-after-harness.log;cpf-docs/evidence/qa/QA_PARALLEL_12WAY_QA-12F_f97655c/masking-bearer-before-after-harness.log;cpf-docs/evidence/qa/QA_PARALLEL_12WAY_QA-12F_f97655c/SOURCE_TRACE_MATRIX.csv,회귀 보호 유지
CPF-FR-012979,11-00012979,Masking,PII Classification,호환·배포,미검증,아니오,,cpf-docs/evidence/qa/QA_PARALLEL_12WAY_QA-12F_f97655c/masking-policy-runtime-harness.log;cpf-docs/evidence/qa/QA_PARALLEL_12WAY_QA-12F_f97655c/masking-truncate-before-after-harness.log;cpf-docs/evidence/qa/QA_PARALLEL_12WAY_QA-12F_f97655c/masking-bearer-before-after-harness.log;cpf-docs/evidence/qa/QA_PARALLEL_12WAY_QA-12F_f97655c/SOURCE_TRACE_MATRIX.csv,목표 환경 또는 동등 Harness 실행
CPF-FR-012980,10-00012980,Masking,PII Classification,검증·Evidence,통과,아니오,,cpf-docs/evidence/qa/QA_PARALLEL_12WAY_QA-12F_f97655c/masking-policy-runtime-harness.log;cpf-docs/evidence/qa/QA_PARALLEL_12WAY_QA-12F_f97655c/masking-truncate-before-after-harness.log;cpf-docs/evidence/qa/QA_PARALLEL_12WAY_QA-12F_f97655c/masking-bearer-before-after-harness.log;cpf-docs/evidence/qa/QA_PARALLEL_12WAY_QA-12F_f97655c/SOURCE_TRACE_MATRIX.csv,회귀 보호 유지
CPF-FR-012981,11-00012981,Masking,Secret Classification,계약,미통과,예,QA12F-MASK-001;QA12F-MASK-002,cpf-docs/evidence/qa/QA_PARALLEL_12WAY_QA-12F_f97655c/masking-policy-runtime-harness.log;cpf-docs/evidence/qa/QA_PARALLEL_12WAY_QA-12F_f97655c/masking-truncate-before-after-harness.log;cpf-docs/evidence/qa/QA_PARALLEL_12WAY_QA-12F_f97655c/masking-bearer-before-after-harness.log;cpf-docs/evidence/qa/QA_PARALLEL_12WAY_QA-12F_f97655c/SOURCE_TRACE_MATRIX.csv,개발GPT·Codex 교차검토 후 독립 QA 재검수
CPF-FR-012982,11-00012982,Masking,Secret Classification,기본 구현,미통과,예,QA12F-MASK-001;QA12F-MASK-002,cpf-docs/evidence/qa/QA_PARALLEL_12WAY_QA-12F_f97655c/masking-policy-runtime-harness.log;cpf-docs/evidence/qa/QA_PARALLEL_12WAY_QA-12F_f97655c/masking-truncate-before-after-harness.log;cpf-docs/evidence/qa/QA_PARALLEL_12WAY_QA-12F_f97655c/masking-bearer-before-after-harness.log;cpf-docs/evidence/qa/QA_PARALLEL_12WAY_QA-12F_f97655c/SOURCE_TRACE_MATRIX.csv,개발GPT·Codex 교차검토 후 독립 QA 재검수
CPF-FR-012983,11-00012983,Masking,Secret Classification,상태·데이터,미통과,예,QA12F-MASK-001;QA12F-MASK-002,cpf-docs/evidence/qa/QA_PARALLEL_12WAY_QA-12F_f97655c/masking-policy-runtime-harness.log;cpf-docs/evidence/qa/QA_PARALLEL_12WAY_QA-12F_f97655c/masking-truncate-before-after-harness.log;cpf-docs/evidence/qa/QA_PARALLEL_12WAY_QA-12F_f97655c/masking-bearer-before-after-harness.log;cpf-docs/evidence/qa/QA_PARALLEL_12WAY_QA-12F_f97655c/SOURCE_TRACE_MATRIX.csv,개발GPT·Codex 교차검토 후 독립 QA 재검수
CPF-FR-012984,11-00012984,Masking,Secret Classification,보안·권한,미통과,예,QA12F-MASK-001;QA12F-MASK-002,cpf-docs/evidence/qa/QA_PARALLEL_12WAY_QA-12F_f97655c/masking-policy-runtime-harness.log;cpf-docs/evidence/qa/QA_PARALLEL_12WAY_QA-12F_f97655c/masking-truncate-before-after-harness.log;cpf-docs/evidence/qa/QA_PARALLEL_12WAY_QA-12F_f97655c/masking-bearer-before-after-harness.log;cpf-docs/evidence/qa/QA_PARALLEL_12WAY_QA-12F_f97655c/SOURCE_TRACE_MATRIX.csv,개발GPT·Codex 교차검토 후 독립 QA 재검수
CPF-FR-012985,11-00012985,Masking,Secret Classification,운영,미통과,예,QA12F-MASK-001;QA12F-MASK-002,cpf-docs/evidence/qa/QA_PARALLEL_12WAY_QA-12F_f97655c/masking-policy-runtime-harness.log;cpf-docs/evidence/qa/QA_PARALLEL_12WAY_QA-12F_f97655c/masking-truncate-before-after-harness.log;cpf-docs/evidence/qa/QA_PARALLEL_12WAY_QA-12F_f97655c/masking-bearer-before-after-harness.log;cpf-docs/evidence/qa/QA_PARALLEL_12WAY_QA-12F_f97655c/SOURCE_TRACE_MATRIX.csv,개발GPT·Codex 교차검토 후 독립 QA 재검수
CPF-FR-012986,11-00012986,Masking,Secret Classification,실패·복구,미통과,예,QA12F-MASK-001;QA12F-MASK-002,cpf-docs/evidence/qa/QA_PARALLEL_12WAY_QA-12F_f97655c/masking-policy-runtime-harness.log;cpf-docs/evidence/qa/QA_PARALLEL_12WAY_QA-12F_f97655c/masking-truncate-before-after-harness.log;cpf-docs/evidence/qa/QA_PARALLEL_12WAY_QA-12F_f97655c/masking-bearer-before-after-harness.log;cpf-docs/evidence/qa/QA_PARALLEL_12WAY_QA-12F_f97655c/SOURCE_TRACE_MATRIX.csv,개발GPT·Codex 교차검토 후 독립 QA 재검수
CPF-FR-012987,11-00012987,Masking,Secret Classification,호환·배포,미통과,예,QA12F-MASK-001;QA12F-MASK-002,cpf-docs/evidence/qa/QA_PARALLEL_12WAY_QA-12F_f97655c/masking-policy-runtime-harness.log;cpf-docs/evidence/qa/QA_PARALLEL_12WAY_QA-12F_f97655c/masking-truncate-before-after-harness.log;cpf-docs/evidence/qa/QA_PARALLEL_12WAY_QA-12F_f97655c/masking-bearer-before-after-harness.log;cpf-docs/evidence/qa/QA_PARALLEL_12WAY_QA-12F_f97655c/SOURCE_TRACE_MATRIX.csv,개발GPT·Codex 교차검토 후 독립 QA 재검수
CPF-FR-012988,10-00012988,Masking,Secret Classification,검증·Evidence,미통과,예,QA12F-MASK-001;QA12F-MASK-002,cpf-docs/evidence/qa/QA_PARALLEL_12WAY_QA-12F_f97655c/masking-policy-runtime-harness.log;cpf-docs/evidence/qa/QA_PARALLEL_12WAY_QA-12F_f97655c/masking-truncate-before-after-harness.log;cpf-docs/evidence/qa/QA_PARALLEL_12WAY_QA-12F_f97655c/masking-bearer-before-after-harness.log;cpf-docs/evidence/qa/QA_PARALLEL_12WAY_QA-12F_f97655c/SOURCE_TRACE_MATRIX.csv,개발GPT·Codex 교차검토 후 독립 QA 재검수
CPF-FR-012989,11-00012989,Masking,Credential Classification,계약,미통과,예,QA12F-MASK-001;QA12F-MASK-002,cpf-docs/evidence/qa/QA_PARALLEL_12WAY_QA-12F_f97655c/masking-policy-runtime-harness.log;cpf-docs/evidence/qa/QA_PARALLEL_12WAY_QA-12F_f97655c/masking-truncate-before-after-harness.log;cpf-docs/evidence/qa/QA_PARALLEL_12WAY_QA-12F_f97655c/masking-bearer-before-after-harness.log;cpf-docs/evidence/qa/QA_PARALLEL_12WAY_QA-12F_f97655c/SOURCE_TRACE_MATRIX.csv,개발GPT·Codex 교차검토 후 독립 QA 재검수
CPF-FR-012990,11-00012990,Masking,Credential Classification,기본 구현,미통과,예,QA12F-MASK-001;QA12F-MASK-002,cpf-docs/evidence/qa/QA_PARALLEL_12WAY_QA-12F_f97655c/masking-policy-runtime-harness.log;cpf-docs/evidence/qa/QA_PARALLEL_12WAY_QA-12F_f97655c/masking-truncate-before-after-harness.log;cpf-docs/evidence/qa/QA_PARALLEL_12WAY_QA-12F_f97655c/masking-bearer-before-after-harness.log;cpf-docs/evidence/qa/QA_PARALLEL_12WAY_QA-12F_f97655c/SOURCE_TRACE_MATRIX.csv,개발GPT·Codex 교차검토 후 독립 QA 재검수
CPF-FR-012991,11-00012991,Masking,Credential Classification,상태·데이터,미통과,예,QA12F-MASK-001;QA12F-MASK-002,cpf-docs/evidence/qa/QA_PARALLEL_12WAY_QA-12F_f97655c/masking-policy-runtime-harness.log;cpf-docs/evidence/qa/QA_PARALLEL_12WAY_QA-12F_f97655c/masking-truncate-before-after-harness.log;cpf-docs/evidence/qa/QA_PARALLEL_12WAY_QA-12F_f97655c/masking-bearer-before-after-harness.log;cpf-docs/evidence/qa/QA_PARALLEL_12WAY_QA-12F_f97655c/SOURCE_TRACE_MATRIX.csv,개발GPT·Codex 교차검토 후 독립 QA 재검수
CPF-FR-012992,11-00012992,Masking,Credential Classification,보안·권한,미통과,예,QA12F-MASK-001;QA12F-MASK-002,cpf-docs/evidence/qa/QA_PARALLEL_12WAY_QA-12F_f97655c/masking-policy-runtime-harness.log;cpf-docs/evidence/qa/QA_PARALLEL_12WAY_QA-12F_f97655c/masking-truncate-before-after-harness.log;cpf-docs/evidence/qa/QA_PARALLEL_12WAY_QA-12F_f97655c/masking-bearer-before-after-harness.log;cpf-docs/evidence/qa/QA_PARALLEL_12WAY_QA-12F_f97655c/SOURCE_TRACE_MATRIX.csv,개발GPT·Codex 교차검토 후 독립 QA 재검수
CPF-FR-012993,11-00012993,Masking,Credential Classification,운영,미통과,예,QA12F-MASK-001;QA12F-MASK-002,cpf-docs/evidence/qa/QA_PARALLEL_12WAY_QA-12F_f97655c/masking-policy-runtime-harness.log;cpf-docs/evidence/qa/QA_PARALLEL_12WAY_QA-12F_f97655c/masking-truncate-before-after-harness.log;cpf-docs/evidence/qa/QA_PARALLEL_12WAY_QA-12F_f97655c/masking-bearer-before-after-harness.log;cpf-docs/evidence/qa/QA_PARALLEL_12WAY_QA-12F_f97655c/SOURCE_TRACE_MATRIX.csv,개발GPT·Codex 교차검토 후 독립 QA 재검수
CPF-FR-012994,11-00012994,Masking,Credential Classification,실패·복구,미통과,예,QA12F-MASK-001;QA12F-MASK-002,cpf-docs/evidence/qa/QA_PARALLEL_12WAY_QA-12F_f97655c/masking-policy-runtime-harness.log;cpf-docs/evidence/qa/QA_PARALLEL_12WAY_QA-12F_f97655c/masking-truncate-before-after-harness.log;cpf-docs/evidence/qa/QA_PARALLEL_12WAY_QA-12F_f97655c/masking-bearer-before-after-harness.log;cpf-docs/evidence/qa/QA_PARALLEL_12WAY_QA-12F_f97655c/SOURCE_TRACE_MATRIX.csv,개발GPT·Codex 교차검토 후 독립 QA 재검수
CPF-FR-012995,11-00012995,Masking,Credential Classification,호환·배포,미통과,예,QA12F-MASK-001;QA12F-MASK-002,cpf-docs/evidence/qa/QA_PARALLEL_12WAY_QA-12F_f97655c/masking-policy-runtime-harness.log;cpf-docs/evidence/qa/QA_PARALLEL_12WAY_QA-12F_f97655c/masking-truncate-before-after-harness.log;cpf-docs/evidence/qa/QA_PARALLEL_12WAY_QA-12F_f97655c/masking-bearer-before-after-harness.log;cpf-docs/evidence/qa/QA_PARALLEL_12WAY_QA-12F_f97655c/SOURCE_TRACE_MATRIX.csv,개발GPT·Codex 교차검토 후 독립 QA 재검수
CPF-FR-012996,10-00012996,Masking,Credential Classification,검증·Evidence,미통과,예,QA12F-MASK-001;QA12F-MASK-002,cpf-docs/evidence/qa/QA_PARALLEL_12WAY_QA-12F_f97655c/masking-policy-runtime-harness.log;cpf-docs/evidence/qa/QA_PARALLEL_12WAY_QA-12F_f97655c/masking-truncate-before-after-harness.log;cpf-docs/evidence/qa/QA_PARALLEL_12WAY_QA-12F_f97655c/masking-bearer-before-after-harness.log;cpf-docs/evidence/qa/QA_PARALLEL_12WAY_QA-12F_f97655c/SOURCE_TRACE_MATRIX.csv,개발GPT·Codex 교차검토 후 독립 QA 재검수
CPF-FR-012997,11-00012997,Masking,List Masking,계약,미검증,아니오,,cpf-docs/evidence/qa/QA_PARALLEL_12WAY_QA-12F_f97655c/masking-policy-runtime-harness.log;cpf-docs/evidence/qa/QA_PARALLEL_12WAY_QA-12F_f97655c/masking-truncate-before-after-harness.log;cpf-docs/evidence/qa/QA_PARALLEL_12WAY_QA-12F_f97655c/masking-bearer-before-after-harness.log;cpf-docs/evidence/qa/QA_PARALLEL_12WAY_QA-12F_f97655c/SOURCE_TRACE_MATRIX.csv,목표 환경 또는 동등 Harness 실행
CPF-FR-012998,11-00012998,Masking,List Masking,기본 구현,통과,아니오,,cpf-docs/evidence/qa/QA_PARALLEL_12WAY_QA-12F_f97655c/masking-policy-runtime-harness.log;cpf-docs/evidence/qa/QA_PARALLEL_12WAY_QA-12F_f97655c/masking-truncate-before-after-harness.log;cpf-docs/evidence/qa/QA_PARALLEL_12WAY_QA-12F_f97655c/masking-bearer-before-after-harness.log;cpf-docs/evidence/qa/QA_PARALLEL_12WAY_QA-12F_f97655c/SOURCE_TRACE_MATRIX.csv,회귀 보호 유지
CPF-FR-012999,11-00012999,Masking,List Masking,상태·데이터,미검증,아니오,,cpf-docs/evidence/qa/QA_PARALLEL_12WAY_QA-12F_f97655c/masking-policy-runtime-harness.log;cpf-docs/evidence/qa/QA_PARALLEL_12WAY_QA-12F_f97655c/masking-truncate-before-after-harness.log;cpf-docs/evidence/qa/QA_PARALLEL_12WAY_QA-12F_f97655c/masking-bearer-before-after-harness.log;cpf-docs/evidence/qa/QA_PARALLEL_12WAY_QA-12F_f97655c/SOURCE_TRACE_MATRIX.csv,목표 환경 또는 동등 Harness 실행
CPF-FR-013000,11-00013000,Masking,List Masking,보안·권한,통과,아니오,,cpf-docs/evidence/qa/QA_PARALLEL_12WAY_QA-12F_f97655c/masking-policy-runtime-harness.log;cpf-docs/evidence/qa/QA_PARALLEL_12WAY_QA-12F_f97655c/masking-truncate-before-after-harness.log;cpf-docs/evidence/qa/QA_PARALLEL_12WAY_QA-12F_f97655c/masking-bearer-before-after-harness.log;cpf-docs/evidence/qa/QA_PARALLEL_12WAY_QA-12F_f97655c/SOURCE_TRACE_MATRIX.csv,회귀 보호 유지
CPF-FR-013001,11-00013001,Masking,List Masking,운영,미검증,아니오,,cpf-docs/evidence/qa/QA_PARALLEL_12WAY_QA-12F_f97655c/masking-policy-runtime-harness.log;cpf-docs/evidence/qa/QA_PARALLEL_12WAY_QA-12F_f97655c/masking-truncate-before-after-harness.log;cpf-docs/evidence/qa/QA_PARALLEL_12WAY_QA-12F_f97655c/masking-bearer-before-after-harness.log;cpf-docs/evidence/qa/QA_PARALLEL_12WAY_QA-12F_f97655c/SOURCE_TRACE_MATRIX.csv,목표 환경 또는 동등 Harness 실행
CPF-FR-013002,11-00013002,Masking,List Masking,실패·복구,통과,아니오,,cpf-docs/evidence/qa/QA_PARALLEL_12WAY_QA-12F_f97655c/masking-policy-runtime-harness.log;cpf-docs/evidence/qa/QA_PARALLEL_12WAY_QA-12F_f97655c/masking-truncate-before-after-harness.log;cpf-docs/evidence/qa/QA_PARALLEL_12WAY_QA-12F_f97655c/masking-bearer-before-after-harness.log;cpf-docs/evidence/qa/QA_PARALLEL_12WAY_QA-12F_f97655c/SOURCE_TRACE_MATRIX.csv,회귀 보호 유지
CPF-FR-013003,11-00013003,Masking,List Masking,호환·배포,미검증,아니오,,cpf-docs/evidence/qa/QA_PARALLEL_12WAY_QA-12F_f97655c/masking-policy-runtime-harness.log;cpf-docs/evidence/qa/QA_PARALLEL_12WAY_QA-12F_f97655c/masking-truncate-before-after-harness.log;cpf-docs/evidence/qa/QA_PARALLEL_12WAY_QA-12F_f97655c/masking-bearer-before-after-harness.log;cpf-docs/evidence/qa/QA_PARALLEL_12WAY_QA-12F_f97655c/SOURCE_TRACE_MATRIX.csv,목표 환경 또는 동등 Harness 실행
CPF-FR-013004,10-00013004,Masking,List Masking,검증·Evidence,통과,아니오,,cpf-docs/evidence/qa/QA_PARALLEL_12WAY_QA-12F_f97655c/masking-policy-runtime-harness.log;cpf-docs/evidence/qa/QA_PARALLEL_12WAY_QA-12F_f97655c/masking-truncate-before-after-harness.log;cpf-docs/evidence/qa/QA_PARALLEL_12WAY_QA-12F_f97655c/masking-bearer-before-after-harness.log;cpf-docs/evidence/qa/QA_PARALLEL_12WAY_QA-12F_f97655c/SOURCE_TRACE_MATRIX.csv,회귀 보호 유지
CPF-FR-013005,11-00013005,Masking,Detail Masking,계약,미통과,예,QA12F-MASK-001;QA12F-MASK-002,cpf-docs/evidence/qa/QA_PARALLEL_12WAY_QA-12F_f97655c/masking-policy-runtime-harness.log;cpf-docs/evidence/qa/QA_PARALLEL_12WAY_QA-12F_f97655c/masking-truncate-before-after-harness.log;cpf-docs/evidence/qa/QA_PARALLEL_12WAY_QA-12F_f97655c/masking-bearer-before-after-harness.log;cpf-docs/evidence/qa/QA_PARALLEL_12WAY_QA-12F_f97655c/SOURCE_TRACE_MATRIX.csv,개발GPT·Codex 교차검토 후 독립 QA 재검수
CPF-FR-013006,11-00013006,Masking,Detail Masking,기본 구현,미통과,예,QA12F-MASK-001;QA12F-MASK-002,cpf-docs/evidence/qa/QA_PARALLEL_12WAY_QA-12F_f97655c/masking-policy-runtime-harness.log;cpf-docs/evidence/qa/QA_PARALLEL_12WAY_QA-12F_f97655c/masking-truncate-before-after-harness.log;cpf-docs/evidence/qa/QA_PARALLEL_12WAY_QA-12F_f97655c/masking-bearer-before-after-harness.log;cpf-docs/evidence/qa/QA_PARALLEL_12WAY_QA-12F_f97655c/SOURCE_TRACE_MATRIX.csv,개발GPT·Codex 교차검토 후 독립 QA 재검수
CPF-FR-013007,11-00013007,Masking,Detail Masking,상태·데이터,미통과,예,QA12F-MASK-001;QA12F-MASK-002,cpf-docs/evidence/qa/QA_PARALLEL_12WAY_QA-12F_f97655c/masking-policy-runtime-harness.log;cpf-docs/evidence/qa/QA_PARALLEL_12WAY_QA-12F_f97655c/masking-truncate-before-after-harness.log;cpf-docs/evidence/qa/QA_PARALLEL_12WAY_QA-12F_f97655c/masking-bearer-before-after-harness.log;cpf-docs/evidence/qa/QA_PARALLEL_12WAY_QA-12F_f97655c/SOURCE_TRACE_MATRIX.csv,개발GPT·Codex 교차검토 후 독립 QA 재검수
CPF-FR-013008,11-00013008,Masking,Detail Masking,보안·권한,미통과,예,QA12F-MASK-001;QA12F-MASK-002,cpf-docs/evidence/qa/QA_PARALLEL_12WAY_QA-12F_f97655c/masking-policy-runtime-harness.log;cpf-docs/evidence/qa/QA_PARALLEL_12WAY_QA-12F_f97655c/masking-truncate-before-after-harness.log;cpf-docs/evidence/qa/QA_PARALLEL_12WAY_QA-12F_f97655c/masking-bearer-before-after-harness.log;cpf-docs/evidence/qa/QA_PARALLEL_12WAY_QA-12F_f97655c/SOURCE_TRACE_MATRIX.csv,개발GPT·Codex 교차검토 후 독립 QA 재검수
CPF-FR-013009,11-00013009,Masking,Detail Masking,운영,미통과,예,QA12F-MASK-001;QA12F-MASK-002,cpf-docs/evidence/qa/QA_PARALLEL_12WAY_QA-12F_f97655c/masking-policy-runtime-harness.log;cpf-docs/evidence/qa/QA_PARALLEL_12WAY_QA-12F_f97655c/masking-truncate-before-after-harness.log;cpf-docs/evidence/qa/QA_PARALLEL_12WAY_QA-12F_f97655c/masking-bearer-before-after-harness.log;cpf-docs/evidence/qa/QA_PARALLEL_12WAY_QA-12F_f97655c/SOURCE_TRACE_MATRIX.csv,개발GPT·Codex 교차검토 후 독립 QA 재검수
CPF-FR-013010,11-00013010,Masking,Detail Masking,실패·복구,미통과,예,QA12F-MASK-001;QA12F-MASK-002,cpf-docs/evidence/qa/QA_PARALLEL_12WAY_QA-12F_f97655c/masking-policy-runtime-harness.log;cpf-docs/evidence/qa/QA_PARALLEL_12WAY_QA-12F_f97655c/masking-truncate-before-after-harness.log;cpf-docs/evidence/qa/QA_PARALLEL_12WAY_QA-12F_f97655c/masking-bearer-before-after-harness.log;cpf-docs/evidence/qa/QA_PARALLEL_12WAY_QA-12F_f97655c/SOURCE_TRACE_MATRIX.csv,개발GPT·Codex 교차검토 후 독립 QA 재검수
CPF-FR-013011,11-00013011,Masking,Detail Masking,호환·배포,미통과,예,QA12F-MASK-001;QA12F-MASK-002,cpf-docs/evidence/qa/QA_PARALLEL_12WAY_QA-12F_f97655c/masking-policy-runtime-harness.log;cpf-docs/evidence/qa/QA_PARALLEL_12WAY_QA-12F_f97655c/masking-truncate-before-after-harness.log;cpf-docs/evidence/qa/QA_PARALLEL_12WAY_QA-12F_f97655c/masking-bearer-before-after-harness.log;cpf-docs/evidence/qa/QA_PARALLEL_12WAY_QA-12F_f97655c/SOURCE_TRACE_MATRIX.csv,개발GPT·Codex 교차검토 후 독립 QA 재검수
CPF-FR-013012,10-00013012,Masking,Detail Masking,검증·Evidence,미통과,예,QA12F-MASK-001;QA12F-MASK-002,cpf-docs/evidence/qa/QA_PARALLEL_12WAY_QA-12F_f97655c/masking-policy-runtime-harness.log;cpf-docs/evidence/qa/QA_PARALLEL_12WAY_QA-12F_f97655c/masking-truncate-before-after-harness.log;cpf-docs/evidence/qa/QA_PARALLEL_12WAY_QA-12F_f97655c/masking-bearer-before-after-harness.log;cpf-docs/evidence/qa/QA_PARALLEL_12WAY_QA-12F_f97655c/SOURCE_TRACE_MATRIX.csv,개발GPT·Codex 교차검토 후 독립 QA 재검수
CPF-FR-013013,11-00013013,Masking,Raw View Approval,계약,미통과,아니오,QA12F-MASK-004,cpf-docs/evidence/qa/QA_PARALLEL_12WAY_QA-12F_f97655c/masking-policy-runtime-harness.log;cpf-docs/evidence/qa/QA_PARALLEL_12WAY_QA-12F_f97655c/masking-truncate-before-after-harness.log;cpf-docs/evidence/qa/QA_PARALLEL_12WAY_QA-12F_f97655c/masking-bearer-before-after-harness.log;cpf-docs/evidence/qa/QA_PARALLEL_12WAY_QA-12F_f97655c/SOURCE_TRACE_MATRIX.csv,재개발 후 contract/fault/runtime 재검수
CPF-FR-013014,11-00013014,Masking,Raw View Approval,기본 구현,미통과,아니오,QA12F-MASK-004,cpf-docs/evidence/qa/QA_PARALLEL_12WAY_QA-12F_f97655c/masking-policy-runtime-harness.log;cpf-docs/evidence/qa/QA_PARALLEL_12WAY_QA-12F_f97655c/masking-truncate-before-after-harness.log;cpf-docs/evidence/qa/QA_PARALLEL_12WAY_QA-12F_f97655c/masking-bearer-before-after-harness.log;cpf-docs/evidence/qa/QA_PARALLEL_12WAY_QA-12F_f97655c/SOURCE_TRACE_MATRIX.csv,재개발 후 contract/fault/runtime 재검수
CPF-FR-013015,11-00013015,Masking,Raw View Approval,상태·데이터,미통과,아니오,QA12F-MASK-004,cpf-docs/evidence/qa/QA_PARALLEL_12WAY_QA-12F_f97655c/masking-policy-runtime-harness.log;cpf-docs/evidence/qa/QA_PARALLEL_12WAY_QA-12F_f97655c/masking-truncate-before-after-harness.log;cpf-docs/evidence/qa/QA_PARALLEL_12WAY_QA-12F_f97655c/masking-bearer-before-after-harness.log;cpf-docs/evidence/qa/QA_PARALLEL_12WAY_QA-12F_f97655c/SOURCE_TRACE_MATRIX.csv,재개발 후 contract/fault/runtime 재검수
CPF-FR-013016,11-00013016,Masking,Raw View Approval,보안·권한,미통과,아니오,QA12F-MASK-004,cpf-docs/evidence/qa/QA_PARALLEL_12WAY_QA-12F_f97655c/masking-policy-runtime-harness.log;cpf-docs/evidence/qa/QA_PARALLEL_12WAY_QA-12F_f97655c/masking-truncate-before-after-harness.log;cpf-docs/evidence/qa/QA_PARALLEL_12WAY_QA-12F_f97655c/masking-bearer-before-after-harness.log;cpf-docs/evidence/qa/QA_PARALLEL_12WAY_QA-12F_f97655c/SOURCE_TRACE_MATRIX.csv,재개발 후 contract/fault/runtime 재검수
CPF-FR-013017,11-00013017,Masking,Raw View Approval,운영,미통과,아니오,QA12F-MASK-004,cpf-docs/evidence/qa/QA_PARALLEL_12WAY_QA-12F_f97655c/masking-policy-runtime-harness.log;cpf-docs/evidence/qa/QA_PARALLEL_12WAY_QA-12F_f97655c/masking-truncate-before-after-harness.log;cpf-docs/evidence/qa/QA_PARALLEL_12WAY_QA-12F_f97655c/masking-bearer-before-after-harness.log;cpf-docs/evidence/qa/QA_PARALLEL_12WAY_QA-12F_f97655c/SOURCE_TRACE_MATRIX.csv,재개발 후 contract/fault/runtime 재검수
CPF-FR-013018,11-00013018,Masking,Raw View Approval,실패·복구,미통과,아니오,QA12F-MASK-004,cpf-docs/evidence/qa/QA_PARALLEL_12WAY_QA-12F_f97655c/masking-policy-runtime-harness.log;cpf-docs/evidence/qa/QA_PARALLEL_12WAY_QA-12F_f97655c/masking-truncate-before-after-harness.log;cpf-docs/evidence/qa/QA_PARALLEL_12WAY_QA-12F_f97655c/masking-bearer-before-after-harness.log;cpf-docs/evidence/qa/QA_PARALLEL_12WAY_QA-12F_f97655c/SOURCE_TRACE_MATRIX.csv,재개발 후 contract/fault/runtime 재검수
CPF-FR-013019,11-00013019,Masking,Raw View Approval,호환·배포,미통과,아니오,QA12F-MASK-004,cpf-docs/evidence/qa/QA_PARALLEL_12WAY_QA-12F_f97655c/masking-policy-runtime-harness.log;cpf-docs/evidence/qa/QA_PARALLEL_12WAY_QA-12F_f97655c/masking-truncate-before-after-harness.log;cpf-docs/evidence/qa/QA_PARALLEL_12WAY_QA-12F_f97655c/masking-bearer-before-after-harness.log;cpf-docs/evidence/qa/QA_PARALLEL_12WAY_QA-12F_f97655c/SOURCE_TRACE_MATRIX.csv,재개발 후 contract/fault/runtime 재검수
CPF-FR-013020,10-00013020,Masking,Raw View Approval,검증·Evidence,미통과,아니오,QA12F-MASK-004,cpf-docs/evidence/qa/QA_PARALLEL_12WAY_QA-12F_f97655c/masking-policy-runtime-harness.log;cpf-docs/evidence/qa/QA_PARALLEL_12WAY_QA-12F_f97655c/masking-truncate-before-after-harness.log;cpf-docs/evidence/qa/QA_PARALLEL_12WAY_QA-12F_f97655c/masking-bearer-before-after-harness.log;cpf-docs/evidence/qa/QA_PARALLEL_12WAY_QA-12F_f97655c/SOURCE_TRACE_MATRIX.csv,재개발 후 contract/fault/runtime 재검수
CPF-FR-013021,11-00013021,Masking,Log Redaction,계약,미통과,예,QA12F-MASK-001;QA12F-MASK-002,cpf-docs/evidence/qa/QA_PARALLEL_12WAY_QA-12F_f97655c/masking-policy-runtime-harness.log;cpf-docs/evidence/qa/QA_PARALLEL_12WAY_QA-12F_f97655c/masking-truncate-before-after-harness.log;cpf-docs/evidence/qa/QA_PARALLEL_12WAY_QA-12F_f97655c/masking-bearer-before-after-harness.log;cpf-docs/evidence/qa/QA_PARALLEL_12WAY_QA-12F_f97655c/SOURCE_TRACE_MATRIX.csv,개발GPT·Codex 교차검토 후 독립 QA 재검수
CPF-FR-013022,11-00013022,Masking,Log Redaction,기본 구현,미통과,예,QA12F-MASK-001;QA12F-MASK-002,cpf-docs/evidence/qa/QA_PARALLEL_12WAY_QA-12F_f97655c/masking-policy-runtime-harness.log;cpf-docs/evidence/qa/QA_PARALLEL_12WAY_QA-12F_f97655c/masking-truncate-before-after-harness.log;cpf-docs/evidence/qa/QA_PARALLEL_12WAY_QA-12F_f97655c/masking-bearer-before-after-harness.log;cpf-docs/evidence/qa/QA_PARALLEL_12WAY_QA-12F_f97655c/SOURCE_TRACE_MATRIX.csv,개발GPT·Codex 교차검토 후 독립 QA 재검수
CPF-FR-013023,11-00013023,Masking,Log Redaction,상태·데이터,미통과,예,QA12F-MASK-001;QA12F-MASK-002,cpf-docs/evidence/qa/QA_PARALLEL_12WAY_QA-12F_f97655c/masking-policy-runtime-harness.log;cpf-docs/evidence/qa/QA_PARALLEL_12WAY_QA-12F_f97655c/masking-truncate-before-after-harness.log;cpf-docs/evidence/qa/QA_PARALLEL_12WAY_QA-12F_f97655c/masking-bearer-before-after-harness.log;cpf-docs/evidence/qa/QA_PARALLEL_12WAY_QA-12F_f97655c/SOURCE_TRACE_MATRIX.csv,개발GPT·Codex 교차검토 후 독립 QA 재검수
CPF-FR-013024,11-00013024,Masking,Log Redaction,보안·권한,미통과,예,QA12F-MASK-001;QA12F-MASK-002,cpf-docs/evidence/qa/QA_PARALLEL_12WAY_QA-12F_f97655c/masking-policy-runtime-harness.log;cpf-docs/evidence/qa/QA_PARALLEL_12WAY_QA-12F_f97655c/masking-truncate-before-after-harness.log;cpf-docs/evidence/qa/QA_PARALLEL_12WAY_QA-12F_f97655c/masking-bearer-before-after-harness.log;cpf-docs/evidence/qa/QA_PARALLEL_12WAY_QA-12F_f97655c/SOURCE_TRACE_MATRIX.csv,개발GPT·Codex 교차검토 후 독립 QA 재검수
CPF-FR-013025,11-00013025,Masking,Log Redaction,운영,미통과,예,QA12F-MASK-001;QA12F-MASK-002,cpf-docs/evidence/qa/QA_PARALLEL_12WAY_QA-12F_f97655c/masking-policy-runtime-harness.log;cpf-docs/evidence/qa/QA_PARALLEL_12WAY_QA-12F_f97655c/masking-truncate-before-after-harness.log;cpf-docs/evidence/qa/QA_PARALLEL_12WAY_QA-12F_f97655c/masking-bearer-before-after-harness.log;cpf-docs/evidence/qa/QA_PARALLEL_12WAY_QA-12F_f97655c/SOURCE_TRACE_MATRIX.csv,개발GPT·Codex 교차검토 후 독립 QA 재검수
CPF-FR-013026,11-00013026,Masking,Log Redaction,실패·복구,미통과,예,QA12F-MASK-001;QA12F-MASK-002,cpf-docs/evidence/qa/QA_PARALLEL_12WAY_QA-12F_f97655c/masking-policy-runtime-harness.log;cpf-docs/evidence/qa/QA_PARALLEL_12WAY_QA-12F_f97655c/masking-truncate-before-after-harness.log;cpf-docs/evidence/qa/QA_PARALLEL_12WAY_QA-12F_f97655c/masking-bearer-before-after-harness.log;cpf-docs/evidence/qa/QA_PARALLEL_12WAY_QA-12F_f97655c/SOURCE_TRACE_MATRIX.csv,개발GPT·Codex 교차검토 후 독립 QA 재검수
CPF-FR-013027,11-00013027,Masking,Log Redaction,호환·배포,미통과,예,QA12F-MASK-001;QA12F-MASK-002,cpf-docs/evidence/qa/QA_PARALLEL_12WAY_QA-12F_f97655c/masking-policy-runtime-harness.log;cpf-docs/evidence/qa/QA_PARALLEL_12WAY_QA-12F_f97655c/masking-truncate-before-after-harness.log;cpf-docs/evidence/qa/QA_PARALLEL_12WAY_QA-12F_f97655c/masking-bearer-before-after-harness.log;cpf-docs/evidence/qa/QA_PARALLEL_12WAY_QA-12F_f97655c/SOURCE_TRACE_MATRIX.csv,개발GPT·Codex 교차검토 후 독립 QA 재검수
CPF-FR-013028,10-00013028,Masking,Log Redaction,검증·Evidence,미통과,예,QA12F-MASK-001;QA12F-MASK-002,cpf-docs/evidence/qa/QA_PARALLEL_12WAY_QA-12F_f97655c/masking-policy-runtime-harness.log;cpf-docs/evidence/qa/QA_PARALLEL_12WAY_QA-12F_f97655c/masking-truncate-before-after-harness.log;cpf-docs/evidence/qa/QA_PARALLEL_12WAY_QA-12F_f97655c/masking-bearer-before-after-harness.log;cpf-docs/evidence/qa/QA_PARALLEL_12WAY_QA-12F_f97655c/SOURCE_TRACE_MATRIX.csv,개발GPT·Codex 교차검토 후 독립 QA 재검수
CPF-FR-013029,11-00013029,Masking,Trace Redaction,계약,미통과,예,QA12F-MASK-001;QA12F-MASK-002,cpf-docs/evidence/qa/QA_PARALLEL_12WAY_QA-12F_f97655c/masking-policy-runtime-harness.log;cpf-docs/evidence/qa/QA_PARALLEL_12WAY_QA-12F_f97655c/masking-truncate-before-after-harness.log;cpf-docs/evidence/qa/QA_PARALLEL_12WAY_QA-12F_f97655c/masking-bearer-before-after-harness.log;cpf-docs/evidence/qa/QA_PARALLEL_12WAY_QA-12F_f97655c/SOURCE_TRACE_MATRIX.csv,개발GPT·Codex 교차검토 후 독립 QA 재검수
CPF-FR-013030,11-00013030,Masking,Trace Redaction,기본 구현,미통과,예,QA12F-MASK-001;QA12F-MASK-002,cpf-docs/evidence/qa/QA_PARALLEL_12WAY_QA-12F_f97655c/masking-policy-runtime-harness.log;cpf-docs/evidence/qa/QA_PARALLEL_12WAY_QA-12F_f97655c/masking-truncate-before-after-harness.log;cpf-docs/evidence/qa/QA_PARALLEL_12WAY_QA-12F_f97655c/masking-bearer-before-after-harness.log;cpf-docs/evidence/qa/QA_PARALLEL_12WAY_QA-12F_f97655c/SOURCE_TRACE_MATRIX.csv,개발GPT·Codex 교차검토 후 독립 QA 재검수
CPF-FR-013031,11-00013031,Masking,Trace Redaction,상태·데이터,미통과,예,QA12F-MASK-001;QA12F-MASK-002,cpf-docs/evidence/qa/QA_PARALLEL_12WAY_QA-12F_f97655c/masking-policy-runtime-harness.log;cpf-docs/evidence/qa/QA_PARALLEL_12WAY_QA-12F_f97655c/masking-truncate-before-after-harness.log;cpf-docs/evidence/qa/QA_PARALLEL_12WAY_QA-12F_f97655c/masking-bearer-before-after-harness.log;cpf-docs/evidence/qa/QA_PARALLEL_12WAY_QA-12F_f97655c/SOURCE_TRACE_MATRIX.csv,개발GPT·Codex 교차검토 후 독립 QA 재검수
CPF-FR-013032,11-00013032,Masking,Trace Redaction,보안·권한,미통과,예,QA12F-MASK-001;QA12F-MASK-002,cpf-docs/evidence/qa/QA_PARALLEL_12WAY_QA-12F_f97655c/masking-policy-runtime-harness.log;cpf-docs/evidence/qa/QA_PARALLEL_12WAY_QA-12F_f97655c/masking-truncate-before-after-harness.log;cpf-docs/evidence/qa/QA_PARALLEL_12WAY_QA-12F_f97655c/masking-bearer-before-after-harness.log;cpf-docs/evidence/qa/QA_PARALLEL_12WAY_QA-12F_f97655c/SOURCE_TRACE_MATRIX.csv,개발GPT·Codex 교차검토 후 독립 QA 재검수
CPF-FR-013033,11-00013033,Masking,Trace Redaction,운영,미통과,예,QA12F-MASK-001;QA12F-MASK-002,cpf-docs/evidence/qa/QA_PARALLEL_12WAY_QA-12F_f97655c/masking-policy-runtime-harness.log;cpf-docs/evidence/qa/QA_PARALLEL_12WAY_QA-12F_f97655c/masking-truncate-before-after-harness.log;cpf-docs/evidence/qa/QA_PARALLEL_12WAY_QA-12F_f97655c/masking-bearer-before-after-harness.log;cpf-docs/evidence/qa/QA_PARALLEL_12WAY_QA-12F_f97655c/SOURCE_TRACE_MATRIX.csv,개발GPT·Codex 교차검토 후 독립 QA 재검수
CPF-FR-013034,11-00013034,Masking,Trace Redaction,실패·복구,미통과,예,QA12F-MASK-001;QA12F-MASK-002,cpf-docs/evidence/qa/QA_PARALLEL_12WAY_QA-12F_f97655c/masking-policy-runtime-harness.log;cpf-docs/evidence/qa/QA_PARALLEL_12WAY_QA-12F_f97655c/masking-truncate-before-after-harness.log;cpf-docs/evidence/qa/QA_PARALLEL_12WAY_QA-12F_f97655c/masking-bearer-before-after-harness.log;cpf-docs/evidence/qa/QA_PARALLEL_12WAY_QA-12F_f97655c/SOURCE_TRACE_MATRIX.csv,개발GPT·Codex 교차검토 후 독립 QA 재검수
CPF-FR-013035,11-00013035,Masking,Trace Redaction,호환·배포,미통과,예,QA12F-MASK-001;QA12F-MASK-002,cpf-docs/evidence/qa/QA_PARALLEL_12WAY_QA-12F_f97655c/masking-policy-runtime-harness.log;cpf-docs/evidence/qa/QA_PARALLEL_12WAY_QA-12F_f97655c/masking-truncate-before-after-harness.log;cpf-docs/evidence/qa/QA_PARALLEL_12WAY_QA-12F_f97655c/masking-bearer-before-after-harness.log;cpf-docs/evidence/qa/QA_PARALLEL_12WAY_QA-12F_f97655c/SOURCE_TRACE_MATRIX.csv,개발GPT·Codex 교차검토 후 독립 QA 재검수
CPF-FR-013036,10-00013036,Masking,Trace Redaction,검증·Evidence,미통과,예,QA12F-MASK-001;QA12F-MASK-002,cpf-docs/evidence/qa/QA_PARALLEL_12WAY_QA-12F_f97655c/masking-policy-runtime-harness.log;cpf-docs/evidence/qa/QA_PARALLEL_12WAY_QA-12F_f97655c/masking-truncate-before-after-harness.log;cpf-docs/evidence/qa/QA_PARALLEL_12WAY_QA-12F_f97655c/masking-bearer-before-after-harness.log;cpf-docs/evidence/qa/QA_PARALLEL_12WAY_QA-12F_f97655c/SOURCE_TRACE_MATRIX.csv,개발GPT·Codex 교차검토 후 독립 QA 재검수
CPF-FR-013037,11-00013037,Masking,Download Masking,계약,미검증,아니오,,cpf-docs/evidence/qa/QA_PARALLEL_12WAY_QA-12F_f97655c/masking-policy-runtime-harness.log;cpf-docs/evidence/qa/QA_PARALLEL_12WAY_QA-12F_f97655c/masking-truncate-before-after-harness.log;cpf-docs/evidence/qa/QA_PARALLEL_12WAY_QA-12F_f97655c/masking-bearer-before-after-harness.log;cpf-docs/evidence/qa/QA_PARALLEL_12WAY_QA-12F_f97655c/SOURCE_TRACE_MATRIX.csv,목표 환경 또는 동등 Harness 실행
CPF-FR-013038,11-00013038,Masking,Download Masking,기본 구현,통과,아니오,,cpf-docs/evidence/qa/QA_PARALLEL_12WAY_QA-12F_f97655c/masking-policy-runtime-harness.log;cpf-docs/evidence/qa/QA_PARALLEL_12WAY_QA-12F_f97655c/masking-truncate-before-after-harness.log;cpf-docs/evidence/qa/QA_PARALLEL_12WAY_QA-12F_f97655c/masking-bearer-before-after-harness.log;cpf-docs/evidence/qa/QA_PARALLEL_12WAY_QA-12F_f97655c/SOURCE_TRACE_MATRIX.csv,회귀 보호 유지
CPF-FR-013039,11-00013039,Masking,Download Masking,상태·데이터,미검증,아니오,,cpf-docs/evidence/qa/QA_PARALLEL_12WAY_QA-12F_f97655c/masking-policy-runtime-harness.log;cpf-docs/evidence/qa/QA_PARALLEL_12WAY_QA-12F_f97655c/masking-truncate-before-after-harness.log;cpf-docs/evidence/qa/QA_PARALLEL_12WAY_QA-12F_f97655c/masking-bearer-before-after-harness.log;cpf-docs/evidence/qa/QA_PARALLEL_12WAY_QA-12F_f97655c/SOURCE_TRACE_MATRIX.csv,목표 환경 또는 동등 Harness 실행
CPF-FR-013040,11-00013040,Masking,Download Masking,보안·권한,통과,아니오,,cpf-docs/evidence/qa/QA_PARALLEL_12WAY_QA-12F_f97655c/masking-policy-runtime-harness.log;cpf-docs/evidence/qa/QA_PARALLEL_12WAY_QA-12F_f97655c/masking-truncate-before-after-harness.log;cpf-docs/evidence/qa/QA_PARALLEL_12WAY_QA-12F_f97655c/masking-bearer-before-after-harness.log;cpf-docs/evidence/qa/QA_PARALLEL_12WAY_QA-12F_f97655c/SOURCE_TRACE_MATRIX.csv,회귀 보호 유지
CPF-FR-013041,11-00013041,Masking,Download Masking,운영,미검증,아니오,,cpf-docs/evidence/qa/QA_PARALLEL_12WAY_QA-12F_f97655c/masking-policy-runtime-harness.log;cpf-docs/evidence/qa/QA_PARALLEL_12WAY_QA-12F_f97655c/masking-truncate-before-after-harness.log;cpf-docs/evidence/qa/QA_PARALLEL_12WAY_QA-12F_f97655c/masking-bearer-before-after-harness.log;cpf-docs/evidence/qa/QA_PARALLEL_12WAY_QA-12F_f97655c/SOURCE_TRACE_MATRIX.csv,목표 환경 또는 동등 Harness 실행
CPF-FR-013042,11-00013042,Masking,Download Masking,실패·복구,통과,아니오,,cpf-docs/evidence/qa/QA_PARALLEL_12WAY_QA-12F_f97655c/masking-policy-runtime-harness.log;cpf-docs/evidence/qa/QA_PARALLEL_12WAY_QA-12F_f97655c/masking-truncate-before-after-harness.log;cpf-docs/evidence/qa/QA_PARALLEL_12WAY_QA-12F_f97655c/masking-bearer-before-after-harness.log;cpf-docs/evidence/qa/QA_PARALLEL_12WAY_QA-12F_f97655c/SOURCE_TRACE_MATRIX.csv,회귀 보호 유지
CPF-FR-013043,11-00013043,Masking,Download Masking,호환·배포,미검증,아니오,,cpf-docs/evidence/qa/QA_PARALLEL_12WAY_QA-12F_f97655c/masking-policy-runtime-harness.log;cpf-docs/evidence/qa/QA_PARALLEL_12WAY_QA-12F_f97655c/masking-truncate-before-after-harness.log;cpf-docs/evidence/qa/QA_PARALLEL_12WAY_QA-12F_f97655c/masking-bearer-before-after-harness.log;cpf-docs/evidence/qa/QA_PARALLEL_12WAY_QA-12F_f97655c/SOURCE_TRACE_MATRIX.csv,목표 환경 또는 동등 Harness 실행
CPF-FR-013044,10-00013044,Masking,Download Masking,검증·Evidence,통과,아니오,,cpf-docs/evidence/qa/QA_PARALLEL_12WAY_QA-12F_f97655c/masking-policy-runtime-harness.log;cpf-docs/evidence/qa/QA_PARALLEL_12WAY_QA-12F_f97655c/masking-truncate-before-after-harness.log;cpf-docs/evidence/qa/QA_PARALLEL_12WAY_QA-12F_f97655c/masking-bearer-before-after-harness.log;cpf-docs/evidence/qa/QA_PARALLEL_12WAY_QA-12F_f97655c/SOURCE_TRACE_MATRIX.csv,회귀 보호 유지
CPF-FR-013045,11-00013045,Masking,Evidence Sanitization,계약,미통과,예,QA12F-MASK-001;QA12F-MASK-002,cpf-docs/evidence/qa/QA_PARALLEL_12WAY_QA-12F_f97655c/masking-policy-runtime-harness.log;cpf-docs/evidence/qa/QA_PARALLEL_12WAY_QA-12F_f97655c/masking-truncate-before-after-harness.log;cpf-docs/evidence/qa/QA_PARALLEL_12WAY_QA-12F_f97655c/masking-bearer-before-after-harness.log;cpf-docs/evidence/qa/QA_PARALLEL_12WAY_QA-12F_f97655c/SOURCE_TRACE_MATRIX.csv,개발GPT·Codex 교차검토 후 독립 QA 재검수
CPF-FR-013046,11-00013046,Masking,Evidence Sanitization,기본 구현,미통과,예,QA12F-MASK-001;QA12F-MASK-002,cpf-docs/evidence/qa/QA_PARALLEL_12WAY_QA-12F_f97655c/masking-policy-runtime-harness.log;cpf-docs/evidence/qa/QA_PARALLEL_12WAY_QA-12F_f97655c/masking-truncate-before-after-harness.log;cpf-docs/evidence/qa/QA_PARALLEL_12WAY_QA-12F_f97655c/masking-bearer-before-after-harness.log;cpf-docs/evidence/qa/QA_PARALLEL_12WAY_QA-12F_f97655c/SOURCE_TRACE_MATRIX.csv,개발GPT·Codex 교차검토 후 독립 QA 재검수
CPF-FR-013047,11-00013047,Masking,Evidence Sanitization,상태·데이터,미통과,예,QA12F-MASK-001;QA12F-MASK-002,cpf-docs/evidence/qa/QA_PARALLEL_12WAY_QA-12F_f97655c/masking-policy-runtime-harness.log;cpf-docs/evidence/qa/QA_PARALLEL_12WAY_QA-12F_f97655c/masking-truncate-before-after-harness.log;cpf-docs/evidence/qa/QA_PARALLEL_12WAY_QA-12F_f97655c/masking-bearer-before-after-harness.log;cpf-docs/evidence/qa/QA_PARALLEL_12WAY_QA-12F_f97655c/SOURCE_TRACE_MATRIX.csv,개발GPT·Codex 교차검토 후 독립 QA 재검수
CPF-FR-013048,11-00013048,Masking,Evidence Sanitization,보안·권한,미통과,예,QA12F-MASK-001;QA12F-MASK-002,cpf-docs/evidence/qa/QA_PARALLEL_12WAY_QA-12F_f97655c/masking-policy-runtime-harness.log;cpf-docs/evidence/qa/QA_PARALLEL_12WAY_QA-12F_f97655c/masking-truncate-before-after-harness.log;cpf-docs/evidence/qa/QA_PARALLEL_12WAY_QA-12F_f97655c/masking-bearer-before-after-harness.log;cpf-docs/evidence/qa/QA_PARALLEL_12WAY_QA-12F_f97655c/SOURCE_TRACE_MATRIX.csv,개발GPT·Codex 교차검토 후 독립 QA 재검수
CPF-FR-013049,11-00013049,Masking,Evidence Sanitization,운영,미통과,예,QA12F-MASK-001;QA12F-MASK-002,cpf-docs/evidence/qa/QA_PARALLEL_12WAY_QA-12F_f97655c/masking-policy-runtime-harness.log;cpf-docs/evidence/qa/QA_PARALLEL_12WAY_QA-12F_f97655c/masking-truncate-before-after-harness.log;cpf-docs/evidence/qa/QA_PARALLEL_12WAY_QA-12F_f97655c/masking-bearer-before-after-harness.log;cpf-docs/evidence/qa/QA_PARALLEL_12WAY_QA-12F_f97655c/SOURCE_TRACE_MATRIX.csv,개발GPT·Codex 교차검토 후 독립 QA 재검수
CPF-FR-013050,11-00013050,Masking,Evidence Sanitization,실패·복구,미통과,예,QA12F-MASK-001;QA12F-MASK-002,cpf-docs/evidence/qa/QA_PARALLEL_12WAY_QA-12F_f97655c/masking-policy-runtime-harness.log;cpf-docs/evidence/qa/QA_PARALLEL_12WAY_QA-12F_f97655c/masking-truncate-before-after-harness.log;cpf-docs/evidence/qa/QA_PARALLEL_12WAY_QA-12F_f97655c/masking-bearer-before-after-harness.log;cpf-docs/evidence/qa/QA_PARALLEL_12WAY_QA-12F_f97655c/SOURCE_TRACE_MATRIX.csv,개발GPT·Codex 교차검토 후 독립 QA 재검수
CPF-FR-013051,11-00013051,Masking,Evidence Sanitization,호환·배포,미통과,예,QA12F-MASK-001;QA12F-MASK-002,cpf-docs/evidence/qa/QA_PARALLEL_12WAY_QA-12F_f97655c/masking-policy-runtime-harness.log;cpf-docs/evidence/qa/QA_PARALLEL_12WAY_QA-12F_f97655c/masking-truncate-before-after-harness.log;cpf-docs/evidence/qa/QA_PARALLEL_12WAY_QA-12F_f97655c/masking-bearer-before-after-harness.log;cpf-docs/evidence/qa/QA_PARALLEL_12WAY_QA-12F_f97655c/SOURCE_TRACE_MATRIX.csv,개발GPT·Codex 교차검토 후 독립 QA 재검수
CPF-FR-013052,10-00013052,Masking,Evidence Sanitization,검증·Evidence,미통과,예,QA12F-MASK-001;QA12F-MASK-002,cpf-docs/evidence/qa/QA_PARALLEL_12WAY_QA-12F_f97655c/masking-policy-runtime-harness.log;cpf-docs/evidence/qa/QA_PARALLEL_12WAY_QA-12F_f97655c/masking-truncate-before-after-harness.log;cpf-docs/evidence/qa/QA_PARALLEL_12WAY_QA-12F_f97655c/masking-bearer-before-after-harness.log;cpf-docs/evidence/qa/QA_PARALLEL_12WAY_QA-12F_f97655c/SOURCE_TRACE_MATRIX.csv,개발GPT·Codex 교차검토 후 독립 QA 재검수
CPF-FR-013053,11-00013053,Masking,Browser Zeroization,계약,미통과,아니오,QA12F-MASK-004,cpf-docs/evidence/qa/QA_PARALLEL_12WAY_QA-12F_f97655c/masking-policy-runtime-harness.log;cpf-docs/evidence/qa/QA_PARALLEL_12WAY_QA-12F_f97655c/masking-truncate-before-after-harness.log;cpf-docs/evidence/qa/QA_PARALLEL_12WAY_QA-12F_f97655c/masking-bearer-before-after-harness.log;cpf-docs/evidence/qa/QA_PARALLEL_12WAY_QA-12F_f97655c/SOURCE_TRACE_MATRIX.csv,재개발 후 contract/fault/runtime 재검수
CPF-FR-013054,11-00013054,Masking,Browser Zeroization,기본 구현,미통과,아니오,QA12F-MASK-004,cpf-docs/evidence/qa/QA_PARALLEL_12WAY_QA-12F_f97655c/masking-policy-runtime-harness.log;cpf-docs/evidence/qa/QA_PARALLEL_12WAY_QA-12F_f97655c/masking-truncate-before-after-harness.log;cpf-docs/evidence/qa/QA_PARALLEL_12WAY_QA-12F_f97655c/masking-bearer-before-after-harness.log;cpf-docs/evidence/qa/QA_PARALLEL_12WAY_QA-12F_f97655c/SOURCE_TRACE_MATRIX.csv,재개발 후 contract/fault/runtime 재검수
CPF-FR-013055,11-00013055,Masking,Browser Zeroization,상태·데이터,미통과,아니오,QA12F-MASK-004,cpf-docs/evidence/qa/QA_PARALLEL_12WAY_QA-12F_f97655c/masking-policy-runtime-harness.log;cpf-docs/evidence/qa/QA_PARALLEL_12WAY_QA-12F_f97655c/masking-truncate-before-after-harness.log;cpf-docs/evidence/qa/QA_PARALLEL_12WAY_QA-12F_f97655c/masking-bearer-before-after-harness.log;cpf-docs/evidence/qa/QA_PARALLEL_12WAY_QA-12F_f97655c/SOURCE_TRACE_MATRIX.csv,재개발 후 contract/fault/runtime 재검수
CPF-FR-013056,11-00013056,Masking,Browser Zeroization,보안·권한,미통과,아니오,QA12F-MASK-004,cpf-docs/evidence/qa/QA_PARALLEL_12WAY_QA-12F_f97655c/masking-policy-runtime-harness.log;cpf-docs/evidence/qa/QA_PARALLEL_12WAY_QA-12F_f97655c/masking-truncate-before-after-harness.log;cpf-docs/evidence/qa/QA_PARALLEL_12WAY_QA-12F_f97655c/masking-bearer-before-after-harness.log;cpf-docs/evidence/qa/QA_PARALLEL_12WAY_QA-12F_f97655c/SOURCE_TRACE_MATRIX.csv,재개발 후 contract/fault/runtime 재검수
CPF-FR-013057,11-00013057,Masking,Browser Zeroization,운영,미통과,아니오,QA12F-MASK-004,cpf-docs/evidence/qa/QA_PARALLEL_12WAY_QA-12F_f97655c/masking-policy-runtime-harness.log;cpf-docs/evidence/qa/QA_PARALLEL_12WAY_QA-12F_f97655c/masking-truncate-before-after-harness.log;cpf-docs/evidence/qa/QA_PARALLEL_12WAY_QA-12F_f97655c/masking-bearer-before-after-harness.log;cpf-docs/evidence/qa/QA_PARALLEL_12WAY_QA-12F_f97655c/SOURCE_TRACE_MATRIX.csv,재개발 후 contract/fault/runtime 재검수
CPF-FR-013058,11-00013058,Masking,Browser Zeroization,실패·복구,미통과,아니오,QA12F-MASK-004,cpf-docs/evidence/qa/QA_PARALLEL_12WAY_QA-12F_f97655c/masking-policy-runtime-harness.log;cpf-docs/evidence/qa/QA_PARALLEL_12WAY_QA-12F_f97655c/masking-truncate-before-after-harness.log;cpf-docs/evidence/qa/QA_PARALLEL_12WAY_QA-12F_f97655c/masking-bearer-before-after-harness.log;cpf-docs/evidence/qa/QA_PARALLEL_12WAY_QA-12F_f97655c/SOURCE_TRACE_MATRIX.csv,재개발 후 contract/fault/runtime 재검수
CPF-FR-013059,11-00013059,Masking,Browser Zeroization,호환·배포,미통과,아니오,QA12F-MASK-004,cpf-docs/evidence/qa/QA_PARALLEL_12WAY_QA-12F_f97655c/masking-policy-runtime-harness.log;cpf-docs/evidence/qa/QA_PARALLEL_12WAY_QA-12F_f97655c/masking-truncate-before-after-harness.log;cpf-docs/evidence/qa/QA_PARALLEL_12WAY_QA-12F_f97655c/masking-bearer-before-after-harness.log;cpf-docs/evidence/qa/QA_PARALLEL_12WAY_QA-12F_f97655c/SOURCE_TRACE_MATRIX.csv,재개발 후 contract/fault/runtime 재검수
CPF-FR-013060,10-00013060,Masking,Browser Zeroization,검증·Evidence,미통과,아니오,QA12F-MASK-004,cpf-docs/evidence/qa/QA_PARALLEL_12WAY_QA-12F_f97655c/masking-policy-runtime-harness.log;cpf-docs/evidence/qa/QA_PARALLEL_12WAY_QA-12F_f97655c/masking-truncate-before-after-harness.log;cpf-docs/evidence/qa/QA_PARALLEL_12WAY_QA-12F_f97655c/masking-bearer-before-after-harness.log;cpf-docs/evidence/qa/QA_PARALLEL_12WAY_QA-12F_f97655c/SOURCE_TRACE_MATRIX.csv,재개발 후 contract/fault/runtime 재검수
CPF-FR-013061,11-00013061,Masking,Masking Policy Version,계약,미통과,아니오,QA12F-MASK-003,cpf-docs/evidence/qa/QA_PARALLEL_12WAY_QA-12F_f97655c/masking-policy-runtime-harness.log;cpf-docs/evidence/qa/QA_PARALLEL_12WAY_QA-12F_f97655c/masking-truncate-before-after-harness.log;cpf-docs/evidence/qa/QA_PARALLEL_12WAY_QA-12F_f97655c/masking-bearer-before-after-harness.log;cpf-docs/evidence/qa/QA_PARALLEL_12WAY_QA-12F_f97655c/SOURCE_TRACE_MATRIX.csv,재개발 후 contract/fault/runtime 재검수
CPF-FR-013062,11-00013062,Masking,Masking Policy Version,기본 구현,미검증,아니오,QA12F-MASK-003,cpf-docs/evidence/qa/QA_PARALLEL_12WAY_QA-12F_f97655c/masking-policy-runtime-harness.log;cpf-docs/evidence/qa/QA_PARALLEL_12WAY_QA-12F_f97655c/masking-truncate-before-after-harness.log;cpf-docs/evidence/qa/QA_PARALLEL_12WAY_QA-12F_f97655c/masking-bearer-before-after-harness.log;cpf-docs/evidence/qa/QA_PARALLEL_12WAY_QA-12F_f97655c/SOURCE_TRACE_MATRIX.csv,목표 환경 또는 동등 Harness 실행
CPF-FR-013063,11-00013063,Masking,Masking Policy Version,상태·데이터,미통과,아니오,QA12F-MASK-003,cpf-docs/evidence/qa/QA_PARALLEL_12WAY_QA-12F_f97655c/masking-policy-runtime-harness.log;cpf-docs/evidence/qa/QA_PARALLEL_12WAY_QA-12F_f97655c/masking-truncate-before-after-harness.log;cpf-docs/evidence/qa/QA_PARALLEL_12WAY_QA-12F_f97655c/masking-bearer-before-after-harness.log;cpf-docs/evidence/qa/QA_PARALLEL_12WAY_QA-12F_f97655c/SOURCE_TRACE_MATRIX.csv,재개발 후 contract/fault/runtime 재검수
CPF-FR-013064,11-00013064,Masking,Masking Policy Version,보안·권한,미검증,아니오,QA12F-MASK-003,cpf-docs/evidence/qa/QA_PARALLEL_12WAY_QA-12F_f97655c/masking-policy-runtime-harness.log;cpf-docs/evidence/qa/QA_PARALLEL_12WAY_QA-12F_f97655c/masking-truncate-before-after-harness.log;cpf-docs/evidence/qa/QA_PARALLEL_12WAY_QA-12F_f97655c/masking-bearer-before-after-harness.log;cpf-docs/evidence/qa/QA_PARALLEL_12WAY_QA-12F_f97655c/SOURCE_TRACE_MATRIX.csv,목표 환경 또는 동등 Harness 실행
CPF-FR-013065,11-00013065,Masking,Masking Policy Version,운영,미통과,아니오,QA12F-MASK-003,cpf-docs/evidence/qa/QA_PARALLEL_12WAY_QA-12F_f97655c/masking-policy-runtime-harness.log;cpf-docs/evidence/qa/QA_PARALLEL_12WAY_QA-12F_f97655c/masking-truncate-before-after-harness.log;cpf-docs/evidence/qa/QA_PARALLEL_12WAY_QA-12F_f97655c/masking-bearer-before-after-harness.log;cpf-docs/evidence/qa/QA_PARALLEL_12WAY_QA-12F_f97655c/SOURCE_TRACE_MATRIX.csv,재개발 후 contract/fault/runtime 재검수
CPF-FR-013066,11-00013066,Masking,Masking Policy Version,실패·복구,미검증,아니오,QA12F-MASK-003,cpf-docs/evidence/qa/QA_PARALLEL_12WAY_QA-12F_f97655c/masking-policy-runtime-harness.log;cpf-docs/evidence/qa/QA_PARALLEL_12WAY_QA-12F_f97655c/masking-truncate-before-after-harness.log;cpf-docs/evidence/qa/QA_PARALLEL_12WAY_QA-12F_f97655c/masking-bearer-before-after-harness.log;cpf-docs/evidence/qa/QA_PARALLEL_12WAY_QA-12F_f97655c/SOURCE_TRACE_MATRIX.csv,목표 환경 또는 동등 Harness 실행
CPF-FR-013067,11-00013067,Masking,Masking Policy Version,호환·배포,미통과,아니오,QA12F-MASK-003,cpf-docs/evidence/qa/QA_PARALLEL_12WAY_QA-12F_f97655c/masking-policy-runtime-harness.log;cpf-docs/evidence/qa/QA_PARALLEL_12WAY_QA-12F_f97655c/masking-truncate-before-after-harness.log;cpf-docs/evidence/qa/QA_PARALLEL_12WAY_QA-12F_f97655c/masking-bearer-before-after-harness.log;cpf-docs/evidence/qa/QA_PARALLEL_12WAY_QA-12F_f97655c/SOURCE_TRACE_MATRIX.csv,재개발 후 contract/fault/runtime 재검수
CPF-FR-013068,10-00013068,Masking,Masking Policy Version,검증·Evidence,미검증,아니오,QA12F-MASK-003,cpf-docs/evidence/qa/QA_PARALLEL_12WAY_QA-12F_f97655c/masking-policy-runtime-harness.log;cpf-docs/evidence/qa/QA_PARALLEL_12WAY_QA-12F_f97655c/masking-truncate-before-after-harness.log;cpf-docs/evidence/qa/QA_PARALLEL_12WAY_QA-12F_f97655c/masking-bearer-before-after-harness.log;cpf-docs/evidence/qa/QA_PARALLEL_12WAY_QA-12F_f97655c/SOURCE_TRACE_MATRIX.csv,목표 환경 또는 동등 Harness 실행
CPF-FR-013069,05-00013069,File Contract,Path Alias,계약,미검증,아니오,,cpf-docs/evidence/qa/QA_PARALLEL_12WAY_QA-12F_f97655c/SOURCE_TRACE_MATRIX.csv,목표 환경 또는 동등 Harness 실행
CPF-FR-013070,05-00013070,File Contract,Path Alias,기본 구현,미검증,아니오,,cpf-docs/evidence/qa/QA_PARALLEL_12WAY_QA-12F_f97655c/SOURCE_TRACE_MATRIX.csv,목표 환경 또는 동등 Harness 실행
CPF-FR-013071,05-00013071,File Contract,Path Alias,상태·데이터,미검증,아니오,,cpf-docs/evidence/qa/QA_PARALLEL_12WAY_QA-12F_f97655c/SOURCE_TRACE_MATRIX.csv,목표 환경 또는 동등 Harness 실행
CPF-FR-013072,05-00013072,File Contract,Path Alias,보안·권한,미검증,아니오,,cpf-docs/evidence/qa/QA_PARALLEL_12WAY_QA-12F_f97655c/SOURCE_TRACE_MATRIX.csv,목표 환경 또는 동등 Harness 실행
CPF-FR-013073,05-00013073,File Contract,Path Alias,운영,미검증,아니오,,cpf-docs/evidence/qa/QA_PARALLEL_12WAY_QA-12F_f97655c/SOURCE_TRACE_MATRIX.csv,목표 환경 또는 동등 Harness 실행
CPF-FR-013074,10-00013074,File Contract,Path Alias,실패·복구,미검증,아니오,,cpf-docs/evidence/qa/QA_PARALLEL_12WAY_QA-12F_f97655c/SOURCE_TRACE_MATRIX.csv,목표 환경 또는 동등 Harness 실행
CPF-FR-013075,05-00013075,File Contract,Path Alias,호환·배포,미검증,아니오,,cpf-docs/evidence/qa/QA_PARALLEL_12WAY_QA-12F_f97655c/SOURCE_TRACE_MATRIX.csv,목표 환경 또는 동등 Harness 실행
CPF-FR-013076,10-00013076,File Contract,Path Alias,검증·Evidence,미검증,아니오,,cpf-docs/evidence/qa/QA_PARALLEL_12WAY_QA-12F_f97655c/SOURCE_TRACE_MATRIX.csv,목표 환경 또는 동등 Harness 실행
CPF-FR-013077,05-00013077,File Contract,Canonical Path,계약,미검증,아니오,,cpf-docs/evidence/qa/QA_PARALLEL_12WAY_QA-12F_f97655c/SOURCE_TRACE_MATRIX.csv,목표 환경 또는 동등 Harness 실행
CPF-FR-013078,05-00013078,File Contract,Canonical Path,기본 구현,미검증,아니오,,cpf-docs/evidence/qa/QA_PARALLEL_12WAY_QA-12F_f97655c/SOURCE_TRACE_MATRIX.csv,목표 환경 또는 동등 Harness 실행
CPF-FR-013079,05-00013079,File Contract,Canonical Path,상태·데이터,미검증,아니오,,cpf-docs/evidence/qa/QA_PARALLEL_12WAY_QA-12F_f97655c/SOURCE_TRACE_MATRIX.csv,목표 환경 또는 동등 Harness 실행
CPF-FR-013080,05-00013080,File Contract,Canonical Path,보안·권한,미검증,아니오,,cpf-docs/evidence/qa/QA_PARALLEL_12WAY_QA-12F_f97655c/SOURCE_TRACE_MATRIX.csv,목표 환경 또는 동등 Harness 실행
CPF-FR-013081,05-00013081,File Contract,Canonical Path,운영,미검증,아니오,,cpf-docs/evidence/qa/QA_PARALLEL_12WAY_QA-12F_f97655c/SOURCE_TRACE_MATRIX.csv,목표 환경 또는 동등 Harness 실행
CPF-FR-013082,10-00013082,File Contract,Canonical Path,실패·복구,미검증,아니오,,cpf-docs/evidence/qa/QA_PARALLEL_12WAY_QA-12F_f97655c/SOURCE_TRACE_MATRIX.csv,목표 환경 또는 동등 Harness 실행
CPF-FR-013083,05-00013083,File Contract,Canonical Path,호환·배포,미검증,아니오,,cpf-docs/evidence/qa/QA_PARALLEL_12WAY_QA-12F_f97655c/SOURCE_TRACE_MATRIX.csv,목표 환경 또는 동등 Harness 실행
CPF-FR-013084,10-00013084,File Contract,Canonical Path,검증·Evidence,미검증,아니오,,cpf-docs/evidence/qa/QA_PARALLEL_12WAY_QA-12F_f97655c/SOURCE_TRACE_MATRIX.csv,목표 환경 또는 동등 Harness 실행
CPF-FR-013085,05-00013085,File Contract,Root Boundary,계약,미검증,아니오,,cpf-docs/evidence/qa/QA_PARALLEL_12WAY_QA-12F_f97655c/SOURCE_TRACE_MATRIX.csv,목표 환경 또는 동등 Harness 실행
CPF-FR-013086,05-00013086,File Contract,Root Boundary,기본 구현,미검증,아니오,,cpf-docs/evidence/qa/QA_PARALLEL_12WAY_QA-12F_f97655c/SOURCE_TRACE_MATRIX.csv,목표 환경 또는 동등 Harness 실행
CPF-FR-013087,05-00013087,File Contract,Root Boundary,상태·데이터,미검증,아니오,,cpf-docs/evidence/qa/QA_PARALLEL_12WAY_QA-12F_f97655c/SOURCE_TRACE_MATRIX.csv,목표 환경 또는 동등 Harness 실행
CPF-FR-013088,05-00013088,File Contract,Root Boundary,보안·권한,미검증,아니오,,cpf-docs/evidence/qa/QA_PARALLEL_12WAY_QA-12F_f97655c/SOURCE_TRACE_MATRIX.csv,목표 환경 또는 동등 Harness 실행
CPF-FR-013089,05-00013089,File Contract,Root Boundary,운영,미검증,아니오,,cpf-docs/evidence/qa/QA_PARALLEL_12WAY_QA-12F_f97655c/SOURCE_TRACE_MATRIX.csv,목표 환경 또는 동등 Harness 실행
CPF-FR-013090,10-00013090,File Contract,Root Boundary,실패·복구,미검증,아니오,,cpf-docs/evidence/qa/QA_PARALLEL_12WAY_QA-12F_f97655c/SOURCE_TRACE_MATRIX.csv,목표 환경 또는 동등 Harness 실행
CPF-FR-013091,05-00013091,File Contract,Root Boundary,호환·배포,미검증,아니오,,cpf-docs/evidence/qa/QA_PARALLEL_12WAY_QA-12F_f97655c/SOURCE_TRACE_MATRIX.csv,목표 환경 또는 동등 Harness 실행
CPF-FR-013092,10-00013092,File Contract,Root Boundary,검증·Evidence,미검증,아니오,,cpf-docs/evidence/qa/QA_PARALLEL_12WAY_QA-12F_f97655c/SOURCE_TRACE_MATRIX.csv,목표 환경 또는 동등 Harness 실행
CPF-FR-013093,05-00013093,File Contract,Symlink Guard,계약,미검증,아니오,,cpf-docs/evidence/qa/QA_PARALLEL_12WAY_QA-12F_f97655c/SOURCE_TRACE_MATRIX.csv,목표 환경 또는 동등 Harness 실행
CPF-FR-013094,05-00013094,File Contract,Symlink Guard,기본 구현,미검증,아니오,,cpf-docs/evidence/qa/QA_PARALLEL_12WAY_QA-12F_f97655c/SOURCE_TRACE_MATRIX.csv,목표 환경 또는 동등 Harness 실행
CPF-FR-013095,05-00013095,File Contract,Symlink Guard,상태·데이터,미검증,아니오,,cpf-docs/evidence/qa/QA_PARALLEL_12WAY_QA-12F_f97655c/SOURCE_TRACE_MATRIX.csv,목표 환경 또는 동등 Harness 실행
CPF-FR-013096,05-00013096,File Contract,Symlink Guard,보안·권한,미검증,아니오,,cpf-docs/evidence/qa/QA_PARALLEL_12WAY_QA-12F_f97655c/SOURCE_TRACE_MATRIX.csv,목표 환경 또는 동등 Harness 실행
CPF-FR-013097,05-00013097,File Contract,Symlink Guard,운영,미검증,아니오,,cpf-docs/evidence/qa/QA_PARALLEL_12WAY_QA-12F_f97655c/SOURCE_TRACE_MATRIX.csv,목표 환경 또는 동등 Harness 실행
CPF-FR-013098,10-00013098,File Contract,Symlink Guard,실패·복구,미검증,아니오,,cpf-docs/evidence/qa/QA_PARALLEL_12WAY_QA-12F_f97655c/SOURCE_TRACE_MATRIX.csv,목표 환경 또는 동등 Harness 실행
CPF-FR-013099,05-00013099,File Contract,Symlink Guard,호환·배포,미검증,아니오,,cpf-docs/evidence/qa/QA_PARALLEL_12WAY_QA-12F_f97655c/SOURCE_TRACE_MATRIX.csv,목표 환경 또는 동등 Harness 실행
CPF-FR-013100,10-00013100,File Contract,Symlink Guard,검증·Evidence,미검증,아니오,,cpf-docs/evidence/qa/QA_PARALLEL_12WAY_QA-12F_f97655c/SOURCE_TRACE_MATRIX.csv,목표 환경 또는 동등 Harness 실행
CPF-FR-013101,05-00013101,File Contract,Hardlink / Device Guard,계약,미검증,아니오,,cpf-docs/evidence/qa/QA_PARALLEL_12WAY_QA-12F_f97655c/SOURCE_TRACE_MATRIX.csv,목표 환경 또는 동등 Harness 실행
CPF-FR-013102,05-00013102,File Contract,Hardlink / Device Guard,기본 구현,미검증,아니오,,cpf-docs/evidence/qa/QA_PARALLEL_12WAY_QA-12F_f97655c/SOURCE_TRACE_MATRIX.csv,목표 환경 또는 동등 Harness 실행
CPF-FR-013103,05-00013103,File Contract,Hardlink / Device Guard,상태·데이터,미검증,아니오,,cpf-docs/evidence/qa/QA_PARALLEL_12WAY_QA-12F_f97655c/SOURCE_TRACE_MATRIX.csv,목표 환경 또는 동등 Harness 실행
CPF-FR-013104,05-00013104,File Contract,Hardlink / Device Guard,보안·권한,미검증,아니오,,cpf-docs/evidence/qa/QA_PARALLEL_12WAY_QA-12F_f97655c/SOURCE_TRACE_MATRIX.csv,목표 환경 또는 동등 Harness 실행
CPF-FR-013105,05-00013105,File Contract,Hardlink / Device Guard,운영,미검증,아니오,,cpf-docs/evidence/qa/QA_PARALLEL_12WAY_QA-12F_f97655c/SOURCE_TRACE_MATRIX.csv,목표 환경 또는 동등 Harness 실행
CPF-FR-013106,10-00013106,File Contract,Hardlink / Device Guard,실패·복구,미검증,아니오,,cpf-docs/evidence/qa/QA_PARALLEL_12WAY_QA-12F_f97655c/SOURCE_TRACE_MATRIX.csv,목표 환경 또는 동등 Harness 실행
CPF-FR-013107,05-00013107,File Contract,Hardlink / Device Guard,호환·배포,미검증,아니오,,cpf-docs/evidence/qa/QA_PARALLEL_12WAY_QA-12F_f97655c/SOURCE_TRACE_MATRIX.csv,목표 환경 또는 동등 Harness 실행
CPF-FR-013108,10-00013108,File Contract,Hardlink / Device Guard,검증·Evidence,미검증,아니오,,cpf-docs/evidence/qa/QA_PARALLEL_12WAY_QA-12F_f97655c/SOURCE_TRACE_MATRIX.csv,목표 환경 또는 동등 Harness 실행
CPF-FR-013109,05-00013109,File Contract,Bounded Upload,계약,미검증,아니오,,cpf-docs/evidence/qa/QA_PARALLEL_12WAY_QA-12F_f97655c/SOURCE_TRACE_MATRIX.csv,목표 환경 또는 동등 Harness 실행
CPF-FR-013110,05-00013110,File Contract,Bounded Upload,기본 구현,미검증,아니오,,cpf-docs/evidence/qa/QA_PARALLEL_12WAY_QA-12F_f97655c/SOURCE_TRACE_MATRIX.csv,목표 환경 또는 동등 Harness 실행
CPF-FR-013111,05-00013111,File Contract,Bounded Upload,상태·데이터,미검증,아니오,,cpf-docs/evidence/qa/QA_PARALLEL_12WAY_QA-12F_f97655c/SOURCE_TRACE_MATRIX.csv,목표 환경 또는 동등 Harness 실행
CPF-FR-013112,05-00013112,File Contract,Bounded Upload,보안·권한,미검증,아니오,,cpf-docs/evidence/qa/QA_PARALLEL_12WAY_QA-12F_f97655c/SOURCE_TRACE_MATRIX.csv,목표 환경 또는 동등 Harness 실행
CPF-FR-013113,05-00013113,File Contract,Bounded Upload,운영,미검증,아니오,,cpf-docs/evidence/qa/QA_PARALLEL_12WAY_QA-12F_f97655c/SOURCE_TRACE_MATRIX.csv,목표 환경 또는 동등 Harness 실행
CPF-FR-013114,10-00013114,File Contract,Bounded Upload,실패·복구,미검증,아니오,,cpf-docs/evidence/qa/QA_PARALLEL_12WAY_QA-12F_f97655c/SOURCE_TRACE_MATRIX.csv,목표 환경 또는 동등 Harness 실행
CPF-FR-013115,05-00013115,File Contract,Bounded Upload,호환·배포,미검증,아니오,,cpf-docs/evidence/qa/QA_PARALLEL_12WAY_QA-12F_f97655c/SOURCE_TRACE_MATRIX.csv,목표 환경 또는 동등 Harness 실행
CPF-FR-013116,10-00013116,File Contract,Bounded Upload,검증·Evidence,미검증,아니오,,cpf-docs/evidence/qa/QA_PARALLEL_12WAY_QA-12F_f97655c/SOURCE_TRACE_MATRIX.csv,목표 환경 또는 동등 Harness 실행
CPF-FR-013117,05-00013117,File Contract,Bounded Download,계약,미검증,아니오,,cpf-docs/evidence/qa/QA_PARALLEL_12WAY_QA-12F_f97655c/SOURCE_TRACE_MATRIX.csv,목표 환경 또는 동등 Harness 실행
CPF-FR-013118,05-00013118,File Contract,Bounded Download,기본 구현,미검증,아니오,,cpf-docs/evidence/qa/QA_PARALLEL_12WAY_QA-12F_f97655c/SOURCE_TRACE_MATRIX.csv,목표 환경 또는 동등 Harness 실행
CPF-FR-013119,05-00013119,File Contract,Bounded Download,상태·데이터,미검증,아니오,,cpf-docs/evidence/qa/QA_PARALLEL_12WAY_QA-12F_f97655c/SOURCE_TRACE_MATRIX.csv,목표 환경 또는 동등 Harness 실행
CPF-FR-013120,05-00013120,File Contract,Bounded Download,보안·권한,미검증,아니오,,cpf-docs/evidence/qa/QA_PARALLEL_12WAY_QA-12F_f97655c/SOURCE_TRACE_MATRIX.csv,목표 환경 또는 동등 Harness 실행
CPF-FR-013121,05-00013121,File Contract,Bounded Download,운영,미검증,아니오,,cpf-docs/evidence/qa/QA_PARALLEL_12WAY_QA-12F_f97655c/SOURCE_TRACE_MATRIX.csv,목표 환경 또는 동등 Harness 실행
CPF-FR-013122,10-00013122,File Contract,Bounded Download,실패·복구,미검증,아니오,,cpf-docs/evidence/qa/QA_PARALLEL_12WAY_QA-12F_f97655c/SOURCE_TRACE_MATRIX.csv,목표 환경 또는 동등 Harness 실행
CPF-FR-013123,05-00013123,File Contract,Bounded Download,호환·배포,미검증,아니오,,cpf-docs/evidence/qa/QA_PARALLEL_12WAY_QA-12F_f97655c/SOURCE_TRACE_MATRIX.csv,목표 환경 또는 동등 Harness 실행
CPF-FR-013124,10-00013124,File Contract,Bounded Download,검증·Evidence,미검증,아니오,,cpf-docs/evidence/qa/QA_PARALLEL_12WAY_QA-12F_f97655c/SOURCE_TRACE_MATRIX.csv,목표 환경 또는 동등 Harness 실행
CPF-FR-013125,05-00013125,File Contract,Checksum,계약,미검증,아니오,,cpf-docs/evidence/qa/QA_PARALLEL_12WAY_QA-12F_f97655c/SOURCE_TRACE_MATRIX.csv,목표 환경 또는 동등 Harness 실행
CPF-FR-013126,05-00013126,File Contract,Checksum,기본 구현,미검증,아니오,,cpf-docs/evidence/qa/QA_PARALLEL_12WAY_QA-12F_f97655c/SOURCE_TRACE_MATRIX.csv,목표 환경 또는 동등 Harness 실행
CPF-FR-013127,05-00013127,File Contract,Checksum,상태·데이터,미검증,아니오,,cpf-docs/evidence/qa/QA_PARALLEL_12WAY_QA-12F_f97655c/SOURCE_TRACE_MATRIX.csv,목표 환경 또는 동등 Harness 실행
CPF-FR-013128,05-00013128,File Contract,Checksum,보안·권한,미검증,아니오,,cpf-docs/evidence/qa/QA_PARALLEL_12WAY_QA-12F_f97655c/SOURCE_TRACE_MATRIX.csv,목표 환경 또는 동등 Harness 실행
CPF-FR-013129,05-00013129,File Contract,Checksum,운영,미검증,아니오,,cpf-docs/evidence/qa/QA_PARALLEL_12WAY_QA-12F_f97655c/SOURCE_TRACE_MATRIX.csv,목표 환경 또는 동등 Harness 실행
CPF-FR-013130,10-00013130,File Contract,Checksum,실패·복구,미검증,아니오,,cpf-docs/evidence/qa/QA_PARALLEL_12WAY_QA-12F_f97655c/SOURCE_TRACE_MATRIX.csv,목표 환경 또는 동등 Harness 실행
CPF-FR-013131,05-00013131,File Contract,Checksum,호환·배포,미검증,아니오,,cpf-docs/evidence/qa/QA_PARALLEL_12WAY_QA-12F_f97655c/SOURCE_TRACE_MATRIX.csv,목표 환경 또는 동등 Harness 실행
CPF-FR-013132,10-00013132,File Contract,Checksum,검증·Evidence,미검증,아니오,,cpf-docs/evidence/qa/QA_PARALLEL_12WAY_QA-12F_f97655c/SOURCE_TRACE_MATRIX.csv,목표 환경 또는 동등 Harness 실행
CPF-FR-013133,05-00013133,File Contract,Temporary File,계약,미검증,아니오,,cpf-docs/evidence/qa/QA_PARALLEL_12WAY_QA-12F_f97655c/SOURCE_TRACE_MATRIX.csv,목표 환경 또는 동등 Harness 실행
CPF-FR-013134,05-00013134,File Contract,Temporary File,기본 구현,미검증,아니오,,cpf-docs/evidence/qa/QA_PARALLEL_12WAY_QA-12F_f97655c/SOURCE_TRACE_MATRIX.csv,목표 환경 또는 동등 Harness 실행
CPF-FR-013135,05-00013135,File Contract,Temporary File,상태·데이터,미검증,아니오,,cpf-docs/evidence/qa/QA_PARALLEL_12WAY_QA-12F_f97655c/SOURCE_TRACE_MATRIX.csv,목표 환경 또는 동등 Harness 실행
CPF-FR-013136,05-00013136,File Contract,Temporary File,보안·권한,미검증,아니오,,cpf-docs/evidence/qa/QA_PARALLEL_12WAY_QA-12F_f97655c/SOURCE_TRACE_MATRIX.csv,목표 환경 또는 동등 Harness 실행
CPF-FR-013137,05-00013137,File Contract,Temporary File,운영,미검증,아니오,,cpf-docs/evidence/qa/QA_PARALLEL_12WAY_QA-12F_f97655c/SOURCE_TRACE_MATRIX.csv,목표 환경 또는 동등 Harness 실행
CPF-FR-013138,10-00013138,File Contract,Temporary File,실패·복구,미검증,아니오,,cpf-docs/evidence/qa/QA_PARALLEL_12WAY_QA-12F_f97655c/SOURCE_TRACE_MATRIX.csv,목표 환경 또는 동등 Harness 실행
CPF-FR-013139,05-00013139,File Contract,Temporary File,호환·배포,미검증,아니오,,cpf-docs/evidence/qa/QA_PARALLEL_12WAY_QA-12F_f97655c/SOURCE_TRACE_MATRIX.csv,목표 환경 또는 동등 Harness 실행
CPF-FR-013140,10-00013140,File Contract,Temporary File,검증·Evidence,미검증,아니오,,cpf-docs/evidence/qa/QA_PARALLEL_12WAY_QA-12F_f97655c/SOURCE_TRACE_MATRIX.csv,목표 환경 또는 동등 Harness 실행
CPF-FR-013141,05-00013141,File Contract,fsync,계약,미통과,아니오,QA12F-FILE-001,cpf-docs/evidence/qa/QA_PARALLEL_12WAY_QA-12F_f97655c/SOURCE_TRACE_MATRIX.csv,재개발 후 contract/fault/runtime 재검수
CPF-FR-013142,05-00013142,File Contract,fsync,기본 구현,미통과,아니오,QA12F-FILE-001,cpf-docs/evidence/qa/QA_PARALLEL_12WAY_QA-12F_f97655c/SOURCE_TRACE_MATRIX.csv,재개발 후 contract/fault/runtime 재검수
CPF-FR-013143,05-00013143,File Contract,fsync,상태·데이터,미통과,아니오,QA12F-FILE-001,cpf-docs/evidence/qa/QA_PARALLEL_12WAY_QA-12F_f97655c/SOURCE_TRACE_MATRIX.csv,재개발 후 contract/fault/runtime 재검수
CPF-FR-013144,05-00013144,File Contract,fsync,보안·권한,미통과,아니오,QA12F-FILE-001,cpf-docs/evidence/qa/QA_PARALLEL_12WAY_QA-12F_f97655c/SOURCE_TRACE_MATRIX.csv,재개발 후 contract/fault/runtime 재검수
CPF-FR-013145,05-00013145,File Contract,fsync,운영,미통과,아니오,QA12F-FILE-001,cpf-docs/evidence/qa/QA_PARALLEL_12WAY_QA-12F_f97655c/SOURCE_TRACE_MATRIX.csv,재개발 후 contract/fault/runtime 재검수
CPF-FR-013146,10-00013146,File Contract,fsync,실패·복구,미통과,아니오,QA12F-FILE-001,cpf-docs/evidence/qa/QA_PARALLEL_12WAY_QA-12F_f97655c/SOURCE_TRACE_MATRIX.csv,재개발 후 contract/fault/runtime 재검수
CPF-FR-013147,05-00013147,File Contract,fsync,호환·배포,미통과,아니오,QA12F-FILE-001,cpf-docs/evidence/qa/QA_PARALLEL_12WAY_QA-12F_f97655c/SOURCE_TRACE_MATRIX.csv,재개발 후 contract/fault/runtime 재검수
CPF-FR-013148,10-00013148,File Contract,fsync,검증·Evidence,미통과,아니오,QA12F-FILE-001,cpf-docs/evidence/qa/QA_PARALLEL_12WAY_QA-12F_f97655c/SOURCE_TRACE_MATRIX.csv,재개발 후 contract/fault/runtime 재검수
CPF-FR-013149,05-00013149,File Contract,Atomic Publish,계약,미통과,아니오,QA12F-FILE-001,cpf-docs/evidence/qa/QA_PARALLEL_12WAY_QA-12F_f97655c/SOURCE_TRACE_MATRIX.csv,재개발 후 contract/fault/runtime 재검수
CPF-FR-013150,05-00013150,File Contract,Atomic Publish,기본 구현,미통과,아니오,QA12F-FILE-001,cpf-docs/evidence/qa/QA_PARALLEL_12WAY_QA-12F_f97655c/SOURCE_TRACE_MATRIX.csv,재개발 후 contract/fault/runtime 재검수
CPF-FR-013151,05-00013151,File Contract,Atomic Publish,상태·데이터,미통과,아니오,QA12F-FILE-001,cpf-docs/evidence/qa/QA_PARALLEL_12WAY_QA-12F_f97655c/SOURCE_TRACE_MATRIX.csv,재개발 후 contract/fault/runtime 재검수
CPF-FR-013152,05-00013152,File Contract,Atomic Publish,보안·권한,미통과,아니오,QA12F-FILE-001,cpf-docs/evidence/qa/QA_PARALLEL_12WAY_QA-12F_f97655c/SOURCE_TRACE_MATRIX.csv,재개발 후 contract/fault/runtime 재검수
CPF-FR-013153,05-00013153,File Contract,Atomic Publish,운영,미통과,아니오,QA12F-FILE-001,cpf-docs/evidence/qa/QA_PARALLEL_12WAY_QA-12F_f97655c/SOURCE_TRACE_MATRIX.csv,재개발 후 contract/fault/runtime 재검수
CPF-FR-013154,10-00013154,File Contract,Atomic Publish,실패·복구,미통과,아니오,QA12F-FILE-001,cpf-docs/evidence/qa/QA_PARALLEL_12WAY_QA-12F_f97655c/SOURCE_TRACE_MATRIX.csv,재개발 후 contract/fault/runtime 재검수
CPF-FR-013155,05-00013155,File Contract,Atomic Publish,호환·배포,미통과,아니오,QA12F-FILE-001,cpf-docs/evidence/qa/QA_PARALLEL_12WAY_QA-12F_f97655c/SOURCE_TRACE_MATRIX.csv,재개발 후 contract/fault/runtime 재검수
CPF-FR-013156,10-00013156,File Contract,Atomic Publish,검증·Evidence,미통과,아니오,QA12F-FILE-001,cpf-docs/evidence/qa/QA_PARALLEL_12WAY_QA-12F_f97655c/SOURCE_TRACE_MATRIX.csv,재개발 후 contract/fault/runtime 재검수
CPF-FR-013157,05-00013157,File Contract,Resume,계약,미검증,아니오,QA12F-FILE-002,cpf-docs/evidence/qa/QA_PARALLEL_12WAY_QA-12F_f97655c/SOURCE_TRACE_MATRIX.csv,목표 환경 또는 동등 Harness 실행
CPF-FR-013158,05-00013158,File Contract,Resume,기본 구현,미검증,아니오,QA12F-FILE-002,cpf-docs/evidence/qa/QA_PARALLEL_12WAY_QA-12F_f97655c/SOURCE_TRACE_MATRIX.csv,목표 환경 또는 동등 Harness 실행
CPF-FR-013159,05-00013159,File Contract,Resume,상태·데이터,미검증,아니오,QA12F-FILE-002,cpf-docs/evidence/qa/QA_PARALLEL_12WAY_QA-12F_f97655c/SOURCE_TRACE_MATRIX.csv,목표 환경 또는 동등 Harness 실행
CPF-FR-013160,05-00013160,File Contract,Resume,보안·권한,미검증,아니오,QA12F-FILE-002,cpf-docs/evidence/qa/QA_PARALLEL_12WAY_QA-12F_f97655c/SOURCE_TRACE_MATRIX.csv,목표 환경 또는 동등 Harness 실행
CPF-FR-013161,05-00013161,File Contract,Resume,운영,미검증,아니오,QA12F-FILE-002,cpf-docs/evidence/qa/QA_PARALLEL_12WAY_QA-12F_f97655c/SOURCE_TRACE_MATRIX.csv,목표 환경 또는 동등 Harness 실행
CPF-FR-013162,10-00013162,File Contract,Resume,실패·복구,미검증,아니오,QA12F-FILE-002,cpf-docs/evidence/qa/QA_PARALLEL_12WAY_QA-12F_f97655c/SOURCE_TRACE_MATRIX.csv,목표 환경 또는 동등 Harness 실행
CPF-FR-013163,05-00013163,File Contract,Resume,호환·배포,미검증,아니오,QA12F-FILE-002,cpf-docs/evidence/qa/QA_PARALLEL_12WAY_QA-12F_f97655c/SOURCE_TRACE_MATRIX.csv,목표 환경 또는 동등 Harness 실행
CPF-FR-013164,10-00013164,File Contract,Resume,검증·Evidence,미검증,아니오,QA12F-FILE-002,cpf-docs/evidence/qa/QA_PARALLEL_12WAY_QA-12F_f97655c/SOURCE_TRACE_MATRIX.csv,목표 환경 또는 동등 Harness 실행
CPF-FR-013165,05-00013165,File Contract,Range Download,계약,미검증,아니오,QA12F-FILE-002,cpf-docs/evidence/qa/QA_PARALLEL_12WAY_QA-12F_f97655c/SOURCE_TRACE_MATRIX.csv,목표 환경 또는 동등 Harness 실행
CPF-FR-013166,05-00013166,File Contract,Range Download,기본 구현,미검증,아니오,QA12F-FILE-002,cpf-docs/evidence/qa/QA_PARALLEL_12WAY_QA-12F_f97655c/SOURCE_TRACE_MATRIX.csv,목표 환경 또는 동등 Harness 실행
CPF-FR-013167,05-00013167,File Contract,Range Download,상태·데이터,미검증,아니오,QA12F-FILE-002,cpf-docs/evidence/qa/QA_PARALLEL_12WAY_QA-12F_f97655c/SOURCE_TRACE_MATRIX.csv,목표 환경 또는 동등 Harness 실행
CPF-FR-013168,05-00013168,File Contract,Range Download,보안·권한,미검증,아니오,QA12F-FILE-002,cpf-docs/evidence/qa/QA_PARALLEL_12WAY_QA-12F_f97655c/SOURCE_TRACE_MATRIX.csv,목표 환경 또는 동등 Harness 실행
CPF-FR-013169,05-00013169,File Contract,Range Download,운영,미검증,아니오,QA12F-FILE-002,cpf-docs/evidence/qa/QA_PARALLEL_12WAY_QA-12F_f97655c/SOURCE_TRACE_MATRIX.csv,목표 환경 또는 동등 Harness 실행
CPF-FR-013170,10-00013170,File Contract,Range Download,실패·복구,미검증,아니오,QA12F-FILE-002,cpf-docs/evidence/qa/QA_PARALLEL_12WAY_QA-12F_f97655c/SOURCE_TRACE_MATRIX.csv,목표 환경 또는 동등 Harness 실행
CPF-FR-013171,05-00013171,File Contract,Range Download,호환·배포,미검증,아니오,QA12F-FILE-002,cpf-docs/evidence/qa/QA_PARALLEL_12WAY_QA-12F_f97655c/SOURCE_TRACE_MATRIX.csv,목표 환경 또는 동등 Harness 실행
CPF-FR-013172,10-00013172,File Contract,Range Download,검증·Evidence,미검증,아니오,QA12F-FILE-002,cpf-docs/evidence/qa/QA_PARALLEL_12WAY_QA-12F_f97655c/SOURCE_TRACE_MATRIX.csv,목표 환경 또는 동등 Harness 실행
CPF-FR-013173,05-00013173,File Contract,Cancellation,계약,미검증,아니오,QA12F-FILE-002,cpf-docs/evidence/qa/QA_PARALLEL_12WAY_QA-12F_f97655c/SOURCE_TRACE_MATRIX.csv,목표 환경 또는 동등 Harness 실행
CPF-FR-013174,05-00013174,File Contract,Cancellation,기본 구현,미검증,아니오,QA12F-FILE-002,cpf-docs/evidence/qa/QA_PARALLEL_12WAY_QA-12F_f97655c/SOURCE_TRACE_MATRIX.csv,목표 환경 또는 동등 Harness 실행
CPF-FR-013175,05-00013175,File Contract,Cancellation,상태·데이터,미검증,아니오,QA12F-FILE-002,cpf-docs/evidence/qa/QA_PARALLEL_12WAY_QA-12F_f97655c/SOURCE_TRACE_MATRIX.csv,목표 환경 또는 동등 Harness 실행
CPF-FR-013176,05-00013176,File Contract,Cancellation,보안·권한,미검증,아니오,QA12F-FILE-002,cpf-docs/evidence/qa/QA_PARALLEL_12WAY_QA-12F_f97655c/SOURCE_TRACE_MATRIX.csv,목표 환경 또는 동등 Harness 실행
CPF-FR-013177,05-00013177,File Contract,Cancellation,운영,미검증,아니오,QA12F-FILE-002,cpf-docs/evidence/qa/QA_PARALLEL_12WAY_QA-12F_f97655c/SOURCE_TRACE_MATRIX.csv,목표 환경 또는 동등 Harness 실행
CPF-FR-013178,10-00013178,File Contract,Cancellation,실패·복구,미검증,아니오,QA12F-FILE-002,cpf-docs/evidence/qa/QA_PARALLEL_12WAY_QA-12F_f97655c/SOURCE_TRACE_MATRIX.csv,목표 환경 또는 동등 Harness 실행
CPF-FR-013179,05-00013179,File Contract,Cancellation,호환·배포,미검증,아니오,QA12F-FILE-002,cpf-docs/evidence/qa/QA_PARALLEL_12WAY_QA-12F_f97655c/SOURCE_TRACE_MATRIX.csv,목표 환경 또는 동등 Harness 실행
CPF-FR-013180,10-00013180,File Contract,Cancellation,검증·Evidence,미검증,아니오,QA12F-FILE-002,cpf-docs/evidence/qa/QA_PARALLEL_12WAY_QA-12F_f97655c/SOURCE_TRACE_MATRIX.csv,목표 환경 또는 동등 Harness 실행
CPF-FR-013181,05-00013181,File Contract,Disk Full Handling,계약,미검증,아니오,QA12F-FILE-002,cpf-docs/evidence/qa/QA_PARALLEL_12WAY_QA-12F_f97655c/SOURCE_TRACE_MATRIX.csv,목표 환경 또는 동등 Harness 실행
CPF-FR-013182,05-00013182,File Contract,Disk Full Handling,기본 구현,미검증,아니오,QA12F-FILE-002,cpf-docs/evidence/qa/QA_PARALLEL_12WAY_QA-12F_f97655c/SOURCE_TRACE_MATRIX.csv,목표 환경 또는 동등 Harness 실행
CPF-FR-013183,05-00013183,File Contract,Disk Full Handling,상태·데이터,미검증,아니오,QA12F-FILE-002,cpf-docs/evidence/qa/QA_PARALLEL_12WAY_QA-12F_f97655c/SOURCE_TRACE_MATRIX.csv,목표 환경 또는 동등 Harness 실행
CPF-FR-013184,05-00013184,File Contract,Disk Full Handling,보안·권한,미검증,아니오,QA12F-FILE-002,cpf-docs/evidence/qa/QA_PARALLEL_12WAY_QA-12F_f97655c/SOURCE_TRACE_MATRIX.csv,목표 환경 또는 동등 Harness 실행
CPF-FR-013185,05-00013185,File Contract,Disk Full Handling,운영,미검증,아니오,QA12F-FILE-002,cpf-docs/evidence/qa/QA_PARALLEL_12WAY_QA-12F_f97655c/SOURCE_TRACE_MATRIX.csv,목표 환경 또는 동등 Harness 실행
CPF-FR-013186,10-00013186,File Contract,Disk Full Handling,실패·복구,미검증,아니오,QA12F-FILE-002,cpf-docs/evidence/qa/QA_PARALLEL_12WAY_QA-12F_f97655c/SOURCE_TRACE_MATRIX.csv,목표 환경 또는 동등 Harness 실행
CPF-FR-013187,05-00013187,File Contract,Disk Full Handling,호환·배포,미검증,아니오,QA12F-FILE-002,cpf-docs/evidence/qa/QA_PARALLEL_12WAY_QA-12F_f97655c/SOURCE_TRACE_MATRIX.csv,목표 환경 또는 동등 Harness 실행
CPF-FR-013188,10-00013188,File Contract,Disk Full Handling,검증·Evidence,미검증,아니오,QA12F-FILE-002,cpf-docs/evidence/qa/QA_PARALLEL_12WAY_QA-12F_f97655c/SOURCE_TRACE_MATRIX.csv,목표 환경 또는 동등 Harness 실행
CPF-FR-013189,05-00013189,File Contract,Process Kill Cleanup,계약,미통과,아니오,QA12F-FILE-001,cpf-docs/evidence/qa/QA_PARALLEL_12WAY_QA-12F_f97655c/SOURCE_TRACE_MATRIX.csv,재개발 후 contract/fault/runtime 재검수
CPF-FR-013190,05-00013190,File Contract,Process Kill Cleanup,기본 구현,미통과,아니오,QA12F-FILE-001,cpf-docs/evidence/qa/QA_PARALLEL_12WAY_QA-12F_f97655c/SOURCE_TRACE_MATRIX.csv,재개발 후 contract/fault/runtime 재검수
CPF-FR-013191,05-00013191,File Contract,Process Kill Cleanup,상태·데이터,미통과,아니오,QA12F-FILE-001,cpf-docs/evidence/qa/QA_PARALLEL_12WAY_QA-12F_f97655c/SOURCE_TRACE_MATRIX.csv,재개발 후 contract/fault/runtime 재검수
CPF-FR-013192,05-00013192,File Contract,Process Kill Cleanup,보안·권한,미통과,아니오,QA12F-FILE-001,cpf-docs/evidence/qa/QA_PARALLEL_12WAY_QA-12F_f97655c/SOURCE_TRACE_MATRIX.csv,재개발 후 contract/fault/runtime 재검수
CPF-FR-013193,05-00013193,File Contract,Process Kill Cleanup,운영,미통과,아니오,QA12F-FILE-001,cpf-docs/evidence/qa/QA_PARALLEL_12WAY_QA-12F_f97655c/SOURCE_TRACE_MATRIX.csv,재개발 후 contract/fault/runtime 재검수
CPF-FR-013194,10-00013194,File Contract,Process Kill Cleanup,실패·복구,미통과,아니오,QA12F-FILE-001,cpf-docs/evidence/qa/QA_PARALLEL_12WAY_QA-12F_f97655c/SOURCE_TRACE_MATRIX.csv,재개발 후 contract/fault/runtime 재검수
CPF-FR-013195,05-00013195,File Contract,Process Kill Cleanup,호환·배포,미통과,아니오,QA12F-FILE-001,cpf-docs/evidence/qa/QA_PARALLEL_12WAY_QA-12F_f97655c/SOURCE_TRACE_MATRIX.csv,재개발 후 contract/fault/runtime 재검수
CPF-FR-013196,10-00013196,File Contract,Process Kill Cleanup,검증·Evidence,미통과,아니오,QA12F-FILE-001,cpf-docs/evidence/qa/QA_PARALLEL_12WAY_QA-12F_f97655c/SOURCE_TRACE_MATRIX.csv,재개발 후 contract/fault/runtime 재검수
CPF-FR-013197,05-00013197,File Contract,Archive Entry Limit,계약,미검증,아니오,,cpf-docs/evidence/qa/QA_PARALLEL_12WAY_QA-12F_f97655c/SOURCE_TRACE_MATRIX.csv,목표 환경 또는 동등 Harness 실행
CPF-FR-013198,05-00013198,File Contract,Archive Entry Limit,기본 구현,미검증,아니오,,cpf-docs/evidence/qa/QA_PARALLEL_12WAY_QA-12F_f97655c/SOURCE_TRACE_MATRIX.csv,목표 환경 또는 동등 Harness 실행
CPF-FR-013199,05-00013199,File Contract,Archive Entry Limit,상태·데이터,미검증,아니오,,cpf-docs/evidence/qa/QA_PARALLEL_12WAY_QA-12F_f97655c/SOURCE_TRACE_MATRIX.csv,목표 환경 또는 동등 Harness 실행
CPF-FR-013200,05-00013200,File Contract,Archive Entry Limit,보안·권한,미검증,아니오,,cpf-docs/evidence/qa/QA_PARALLEL_12WAY_QA-12F_f97655c/SOURCE_TRACE_MATRIX.csv,목표 환경 또는 동등 Harness 실행
CPF-FR-013201,05-00013201,File Contract,Archive Entry Limit,운영,미검증,아니오,,cpf-docs/evidence/qa/QA_PARALLEL_12WAY_QA-12F_f97655c/SOURCE_TRACE_MATRIX.csv,목표 환경 또는 동등 Harness 실행
CPF-FR-013202,10-00013202,File Contract,Archive Entry Limit,실패·복구,미검증,아니오,,cpf-docs/evidence/qa/QA_PARALLEL_12WAY_QA-12F_f97655c/SOURCE_TRACE_MATRIX.csv,목표 환경 또는 동등 Harness 실행
CPF-FR-013203,05-00013203,File Contract,Archive Entry Limit,호환·배포,미검증,아니오,,cpf-docs/evidence/qa/QA_PARALLEL_12WAY_QA-12F_f97655c/SOURCE_TRACE_MATRIX.csv,목표 환경 또는 동등 Harness 실행
CPF-FR-013204,10-00013204,File Contract,Archive Entry Limit,검증·Evidence,미검증,아니오,,cpf-docs/evidence/qa/QA_PARALLEL_12WAY_QA-12F_f97655c/SOURCE_TRACE_MATRIX.csv,목표 환경 또는 동등 Harness 실행
CPF-FR-013205,05-00013205,File Contract,Archive Ratio Limit,계약,미검증,아니오,,cpf-docs/evidence/qa/QA_PARALLEL_12WAY_QA-12F_f97655c/SOURCE_TRACE_MATRIX.csv,목표 환경 또는 동등 Harness 실행
CPF-FR-013206,05-00013206,File Contract,Archive Ratio Limit,기본 구현,미검증,아니오,,cpf-docs/evidence/qa/QA_PARALLEL_12WAY_QA-12F_f97655c/SOURCE_TRACE_MATRIX.csv,목표 환경 또는 동등 Harness 실행
CPF-FR-013207,05-00013207,File Contract,Archive Ratio Limit,상태·데이터,미검증,아니오,,cpf-docs/evidence/qa/QA_PARALLEL_12WAY_QA-12F_f97655c/SOURCE_TRACE_MATRIX.csv,목표 환경 또는 동등 Harness 실행
CPF-FR-013208,05-00013208,File Contract,Archive Ratio Limit,보안·권한,미검증,아니오,,cpf-docs/evidence/qa/QA_PARALLEL_12WAY_QA-12F_f97655c/SOURCE_TRACE_MATRIX.csv,목표 환경 또는 동등 Harness 실행
CPF-FR-013209,05-00013209,File Contract,Archive Ratio Limit,운영,미검증,아니오,,cpf-docs/evidence/qa/QA_PARALLEL_12WAY_QA-12F_f97655c/SOURCE_TRACE_MATRIX.csv,목표 환경 또는 동등 Harness 실행
CPF-FR-013210,10-00013210,File Contract,Archive Ratio Limit,실패·복구,미검증,아니오,,cpf-docs/evidence/qa/QA_PARALLEL_12WAY_QA-12F_f97655c/SOURCE_TRACE_MATRIX.csv,목표 환경 또는 동등 Harness 실행
CPF-FR-013211,05-00013211,File Contract,Archive Ratio Limit,호환·배포,미검증,아니오,,cpf-docs/evidence/qa/QA_PARALLEL_12WAY_QA-12F_f97655c/SOURCE_TRACE_MATRIX.csv,목표 환경 또는 동등 Harness 실행
CPF-FR-013212,10-00013212,File Contract,Archive Ratio Limit,검증·Evidence,미검증,아니오,,cpf-docs/evidence/qa/QA_PARALLEL_12WAY_QA-12F_f97655c/SOURCE_TRACE_MATRIX.csv,목표 환경 또는 동등 Harness 실행
CPF-FR-013213,05-00013213,File Contract,Zip Slip Guard,계약,미검증,아니오,,cpf-docs/evidence/qa/QA_PARALLEL_12WAY_QA-12F_f97655c/SOURCE_TRACE_MATRIX.csv,목표 환경 또는 동등 Harness 실행
CPF-FR-013214,05-00013214,File Contract,Zip Slip Guard,기본 구현,미검증,아니오,,cpf-docs/evidence/qa/QA_PARALLEL_12WAY_QA-12F_f97655c/SOURCE_TRACE_MATRIX.csv,목표 환경 또는 동등 Harness 실행
CPF-FR-013215,05-00013215,File Contract,Zip Slip Guard,상태·데이터,미검증,아니오,,cpf-docs/evidence/qa/QA_PARALLEL_12WAY_QA-12F_f97655c/SOURCE_TRACE_MATRIX.csv,목표 환경 또는 동등 Harness 실행
CPF-FR-013216,05-00013216,File Contract,Zip Slip Guard,보안·권한,미검증,아니오,,cpf-docs/evidence/qa/QA_PARALLEL_12WAY_QA-12F_f97655c/SOURCE_TRACE_MATRIX.csv,목표 환경 또는 동등 Harness 실행
CPF-FR-013217,05-00013217,File Contract,Zip Slip Guard,운영,미검증,아니오,,cpf-docs/evidence/qa/QA_PARALLEL_12WAY_QA-12F_f97655c/SOURCE_TRACE_MATRIX.csv,목표 환경 또는 동등 Harness 실행
CPF-FR-013218,10-00013218,File Contract,Zip Slip Guard,실패·복구,미검증,아니오,,cpf-docs/evidence/qa/QA_PARALLEL_12WAY_QA-12F_f97655c/SOURCE_TRACE_MATRIX.csv,목표 환경 또는 동등 Harness 실행
CPF-FR-013219,05-00013219,File Contract,Zip Slip Guard,호환·배포,미검증,아니오,,cpf-docs/evidence/qa/QA_PARALLEL_12WAY_QA-12F_f97655c/SOURCE_TRACE_MATRIX.csv,목표 환경 또는 동등 Harness 실행
CPF-FR-013220,10-00013220,File Contract,Zip Slip Guard,검증·Evidence,미검증,아니오,,cpf-docs/evidence/qa/QA_PARALLEL_12WAY_QA-12F_f97655c/SOURCE_TRACE_MATRIX.csv,목표 환경 또는 동등 Harness 실행
CPF-FR-013221,05-00013221,File Contract,Duplicate Canonical Entry Guard,계약,미검증,아니오,,cpf-docs/evidence/qa/QA_PARALLEL_12WAY_QA-12F_f97655c/SOURCE_TRACE_MATRIX.csv,목표 환경 또는 동등 Harness 실행
CPF-FR-013222,05-00013222,File Contract,Duplicate Canonical Entry Guard,기본 구현,미검증,아니오,,cpf-docs/evidence/qa/QA_PARALLEL_12WAY_QA-12F_f97655c/SOURCE_TRACE_MATRIX.csv,목표 환경 또는 동등 Harness 실행
CPF-FR-013223,05-00013223,File Contract,Duplicate Canonical Entry Guard,상태·데이터,미검증,아니오,,cpf-docs/evidence/qa/QA_PARALLEL_12WAY_QA-12F_f97655c/SOURCE_TRACE_MATRIX.csv,목표 환경 또는 동등 Harness 실행
CPF-FR-013224,05-00013224,File Contract,Duplicate Canonical Entry Guard,보안·권한,미검증,아니오,,cpf-docs/evidence/qa/QA_PARALLEL_12WAY_QA-12F_f97655c/SOURCE_TRACE_MATRIX.csv,목표 환경 또는 동등 Harness 실행
CPF-FR-013225,05-00013225,File Contract,Duplicate Canonical Entry Guard,운영,미검증,아니오,,cpf-docs/evidence/qa/QA_PARALLEL_12WAY_QA-12F_f97655c/SOURCE_TRACE_MATRIX.csv,목표 환경 또는 동등 Harness 실행
CPF-FR-013226,10-00013226,File Contract,Duplicate Canonical Entry Guard,실패·복구,미검증,아니오,,cpf-docs/evidence/qa/QA_PARALLEL_12WAY_QA-12F_f97655c/SOURCE_TRACE_MATRIX.csv,목표 환경 또는 동등 Harness 실행
CPF-FR-013227,05-00013227,File Contract,Duplicate Canonical Entry Guard,호환·배포,미검증,아니오,,cpf-docs/evidence/qa/QA_PARALLEL_12WAY_QA-12F_f97655c/SOURCE_TRACE_MATRIX.csv,목표 환경 또는 동등 Harness 실행
CPF-FR-013228,10-00013228,File Contract,Duplicate Canonical Entry Guard,검증·Evidence,미검증,아니오,,cpf-docs/evidence/qa/QA_PARALLEL_12WAY_QA-12F_f97655c/SOURCE_TRACE_MATRIX.csv,목표 환경 또는 동등 Harness 실행
CPF-FR-013229,05-00013229,Fixed-Length,Layout Registry,계약,미통과,예,QA12F-FIXED-001;QA12F-FIXED-002,cpf-docs/evidence/qa/QA_PARALLEL_12WAY_QA-12F_f97655c/fixedlength-autoconfig-before-after-harness.log;cpf-docs/evidence/qa/QA_PARALLEL_12WAY_QA-12F_f97655c/SOURCE_TRACE_MATRIX.csv,개발GPT·Codex 교차검토 후 독립 QA 재검수
CPF-FR-013230,05-00013230,Fixed-Length,Layout Registry,기본 구현,미통과,예,QA12F-FIXED-001;QA12F-FIXED-002,cpf-docs/evidence/qa/QA_PARALLEL_12WAY_QA-12F_f97655c/fixedlength-autoconfig-before-after-harness.log;cpf-docs/evidence/qa/QA_PARALLEL_12WAY_QA-12F_f97655c/SOURCE_TRACE_MATRIX.csv,개발GPT·Codex 교차검토 후 독립 QA 재검수
CPF-FR-013231,05-00013231,Fixed-Length,Layout Registry,상태·데이터,미통과,예,QA12F-FIXED-001;QA12F-FIXED-002,cpf-docs/evidence/qa/QA_PARALLEL_12WAY_QA-12F_f97655c/fixedlength-autoconfig-before-after-harness.log;cpf-docs/evidence/qa/QA_PARALLEL_12WAY_QA-12F_f97655c/SOURCE_TRACE_MATRIX.csv,개발GPT·Codex 교차검토 후 독립 QA 재검수
CPF-FR-013232,05-00013232,Fixed-Length,Layout Registry,보안·권한,미통과,예,QA12F-FIXED-001;QA12F-FIXED-002,cpf-docs/evidence/qa/QA_PARALLEL_12WAY_QA-12F_f97655c/fixedlength-autoconfig-before-after-harness.log;cpf-docs/evidence/qa/QA_PARALLEL_12WAY_QA-12F_f97655c/SOURCE_TRACE_MATRIX.csv,개발GPT·Codex 교차검토 후 독립 QA 재검수
CPF-FR-013233,05-00013233,Fixed-Length,Layout Registry,운영,미통과,예,QA12F-FIXED-001;QA12F-FIXED-002,cpf-docs/evidence/qa/QA_PARALLEL_12WAY_QA-12F_f97655c/fixedlength-autoconfig-before-after-harness.log;cpf-docs/evidence/qa/QA_PARALLEL_12WAY_QA-12F_f97655c/SOURCE_TRACE_MATRIX.csv,개발GPT·Codex 교차검토 후 독립 QA 재검수
CPF-FR-013234,10-00013234,Fixed-Length,Layout Registry,실패·복구,미통과,예,QA12F-FIXED-001;QA12F-FIXED-002,cpf-docs/evidence/qa/QA_PARALLEL_12WAY_QA-12F_f97655c/fixedlength-autoconfig-before-after-harness.log;cpf-docs/evidence/qa/QA_PARALLEL_12WAY_QA-12F_f97655c/SOURCE_TRACE_MATRIX.csv,개발GPT·Codex 교차검토 후 독립 QA 재검수
CPF-FR-013235,05-00013235,Fixed-Length,Layout Registry,호환·배포,미통과,예,QA12F-FIXED-001;QA12F-FIXED-002,cpf-docs/evidence/qa/QA_PARALLEL_12WAY_QA-12F_f97655c/fixedlength-autoconfig-before-after-harness.log;cpf-docs/evidence/qa/QA_PARALLEL_12WAY_QA-12F_f97655c/SOURCE_TRACE_MATRIX.csv,개발GPT·Codex 교차검토 후 독립 QA 재검수
CPF-FR-013236,10-00013236,Fixed-Length,Layout Registry,검증·Evidence,미통과,예,QA12F-FIXED-001;QA12F-FIXED-002,cpf-docs/evidence/qa/QA_PARALLEL_12WAY_QA-12F_f97655c/fixedlength-autoconfig-before-after-harness.log;cpf-docs/evidence/qa/QA_PARALLEL_12WAY_QA-12F_f97655c/SOURCE_TRACE_MATRIX.csv,개발GPT·Codex 교차검토 후 독립 QA 재검수
CPF-FR-013237,05-00013237,Fixed-Length,Field Definition,계약,미통과,예,QA12F-FIXED-001;QA12F-FIXED-002,cpf-docs/evidence/qa/QA_PARALLEL_12WAY_QA-12F_f97655c/fixedlength-autoconfig-before-after-harness.log;cpf-docs/evidence/qa/QA_PARALLEL_12WAY_QA-12F_f97655c/SOURCE_TRACE_MATRIX.csv,개발GPT·Codex 교차검토 후 독립 QA 재검수
CPF-FR-013238,05-00013238,Fixed-Length,Field Definition,기본 구현,미통과,예,QA12F-FIXED-001;QA12F-FIXED-002,cpf-docs/evidence/qa/QA_PARALLEL_12WAY_QA-12F_f97655c/fixedlength-autoconfig-before-after-harness.log;cpf-docs/evidence/qa/QA_PARALLEL_12WAY_QA-12F_f97655c/SOURCE_TRACE_MATRIX.csv,개발GPT·Codex 교차검토 후 독립 QA 재검수
CPF-FR-013239,05-00013239,Fixed-Length,Field Definition,상태·데이터,미통과,예,QA12F-FIXED-001;QA12F-FIXED-002,cpf-docs/evidence/qa/QA_PARALLEL_12WAY_QA-12F_f97655c/fixedlength-autoconfig-before-after-harness.log;cpf-docs/evidence/qa/QA_PARALLEL_12WAY_QA-12F_f97655c/SOURCE_TRACE_MATRIX.csv,개발GPT·Codex 교차검토 후 독립 QA 재검수
CPF-FR-013240,05-00013240,Fixed-Length,Field Definition,보안·권한,미통과,예,QA12F-FIXED-001;QA12F-FIXED-002,cpf-docs/evidence/qa/QA_PARALLEL_12WAY_QA-12F_f97655c/fixedlength-autoconfig-before-after-harness.log;cpf-docs/evidence/qa/QA_PARALLEL_12WAY_QA-12F_f97655c/SOURCE_TRACE_MATRIX.csv,개발GPT·Codex 교차검토 후 독립 QA 재검수
CPF-FR-013241,05-00013241,Fixed-Length,Field Definition,운영,미통과,예,QA12F-FIXED-001;QA12F-FIXED-002,cpf-docs/evidence/qa/QA_PARALLEL_12WAY_QA-12F_f97655c/fixedlength-autoconfig-before-after-harness.log;cpf-docs/evidence/qa/QA_PARALLEL_12WAY_QA-12F_f97655c/SOURCE_TRACE_MATRIX.csv,개발GPT·Codex 교차검토 후 독립 QA 재검수
CPF-FR-013242,10-00013242,Fixed-Length,Field Definition,실패·복구,미통과,예,QA12F-FIXED-001;QA12F-FIXED-002,cpf-docs/evidence/qa/QA_PARALLEL_12WAY_QA-12F_f97655c/fixedlength-autoconfig-before-after-harness.log;cpf-docs/evidence/qa/QA_PARALLEL_12WAY_QA-12F_f97655c/SOURCE_TRACE_MATRIX.csv,개발GPT·Codex 교차검토 후 독립 QA 재검수
CPF-FR-013243,05-00013243,Fixed-Length,Field Definition,호환·배포,미통과,예,QA12F-FIXED-001;QA12F-FIXED-002,cpf-docs/evidence/qa/QA_PARALLEL_12WAY_QA-12F_f97655c/fixedlength-autoconfig-before-after-harness.log;cpf-docs/evidence/qa/QA_PARALLEL_12WAY_QA-12F_f97655c/SOURCE_TRACE_MATRIX.csv,개발GPT·Codex 교차검토 후 독립 QA 재검수
CPF-FR-013244,10-00013244,Fixed-Length,Field Definition,검증·Evidence,미통과,예,QA12F-FIXED-001;QA12F-FIXED-002,cpf-docs/evidence/qa/QA_PARALLEL_12WAY_QA-12F_f97655c/fixedlength-autoconfig-before-after-harness.log;cpf-docs/evidence/qa/QA_PARALLEL_12WAY_QA-12F_f97655c/SOURCE_TRACE_MATRIX.csv,개발GPT·Codex 교차검토 후 독립 QA 재검수
CPF-FR-013245,05-00013245,Fixed-Length,Group Definition,계약,미통과,예,QA12F-FIXED-001;QA12F-FIXED-002,cpf-docs/evidence/qa/QA_PARALLEL_12WAY_QA-12F_f97655c/fixedlength-autoconfig-before-after-harness.log;cpf-docs/evidence/qa/QA_PARALLEL_12WAY_QA-12F_f97655c/SOURCE_TRACE_MATRIX.csv,개발GPT·Codex 교차검토 후 독립 QA 재검수
CPF-FR-013246,05-00013246,Fixed-Length,Group Definition,기본 구현,미통과,예,QA12F-FIXED-001;QA12F-FIXED-002,cpf-docs/evidence/qa/QA_PARALLEL_12WAY_QA-12F_f97655c/fixedlength-autoconfig-before-after-harness.log;cpf-docs/evidence/qa/QA_PARALLEL_12WAY_QA-12F_f97655c/SOURCE_TRACE_MATRIX.csv,개발GPT·Codex 교차검토 후 독립 QA 재검수
CPF-FR-013247,05-00013247,Fixed-Length,Group Definition,상태·데이터,미통과,예,QA12F-FIXED-001;QA12F-FIXED-002,cpf-docs/evidence/qa/QA_PARALLEL_12WAY_QA-12F_f97655c/fixedlength-autoconfig-before-after-harness.log;cpf-docs/evidence/qa/QA_PARALLEL_12WAY_QA-12F_f97655c/SOURCE_TRACE_MATRIX.csv,개발GPT·Codex 교차검토 후 독립 QA 재검수
CPF-FR-013248,05-00013248,Fixed-Length,Group Definition,보안·권한,미통과,예,QA12F-FIXED-001;QA12F-FIXED-002,cpf-docs/evidence/qa/QA_PARALLEL_12WAY_QA-12F_f97655c/fixedlength-autoconfig-before-after-harness.log;cpf-docs/evidence/qa/QA_PARALLEL_12WAY_QA-12F_f97655c/SOURCE_TRACE_MATRIX.csv,개발GPT·Codex 교차검토 후 독립 QA 재검수
CPF-FR-013249,05-00013249,Fixed-Length,Group Definition,운영,미통과,예,QA12F-FIXED-001;QA12F-FIXED-002,cpf-docs/evidence/qa/QA_PARALLEL_12WAY_QA-12F_f97655c/fixedlength-autoconfig-before-after-harness.log;cpf-docs/evidence/qa/QA_PARALLEL_12WAY_QA-12F_f97655c/SOURCE_TRACE_MATRIX.csv,개발GPT·Codex 교차검토 후 독립 QA 재검수
CPF-FR-013250,10-00013250,Fixed-Length,Group Definition,실패·복구,미통과,예,QA12F-FIXED-001;QA12F-FIXED-002,cpf-docs/evidence/qa/QA_PARALLEL_12WAY_QA-12F_f97655c/fixedlength-autoconfig-before-after-harness.log;cpf-docs/evidence/qa/QA_PARALLEL_12WAY_QA-12F_f97655c/SOURCE_TRACE_MATRIX.csv,개발GPT·Codex 교차검토 후 독립 QA 재검수
CPF-FR-013251,05-00013251,Fixed-Length,Group Definition,호환·배포,미통과,예,QA12F-FIXED-001;QA12F-FIXED-002,cpf-docs/evidence/qa/QA_PARALLEL_12WAY_QA-12F_f97655c/fixedlength-autoconfig-before-after-harness.log;cpf-docs/evidence/qa/QA_PARALLEL_12WAY_QA-12F_f97655c/SOURCE_TRACE_MATRIX.csv,개발GPT·Codex 교차검토 후 독립 QA 재검수
CPF-FR-013252,10-00013252,Fixed-Length,Group Definition,검증·Evidence,미통과,예,QA12F-FIXED-001;QA12F-FIXED-002,cpf-docs/evidence/qa/QA_PARALLEL_12WAY_QA-12F_f97655c/fixedlength-autoconfig-before-after-harness.log;cpf-docs/evidence/qa/QA_PARALLEL_12WAY_QA-12F_f97655c/SOURCE_TRACE_MATRIX.csv,개발GPT·Codex 교차검토 후 독립 QA 재검수
CPF-FR-013253,05-00013253,Fixed-Length,Encoding,계약,미통과,예,QA12F-FIXED-001;QA12F-FIXED-002,cpf-docs/evidence/qa/QA_PARALLEL_12WAY_QA-12F_f97655c/fixedlength-autoconfig-before-after-harness.log;cpf-docs/evidence/qa/QA_PARALLEL_12WAY_QA-12F_f97655c/SOURCE_TRACE_MATRIX.csv,개발GPT·Codex 교차검토 후 독립 QA 재검수
CPF-FR-013254,05-00013254,Fixed-Length,Encoding,기본 구현,미통과,예,QA12F-FIXED-001;QA12F-FIXED-002,cpf-docs/evidence/qa/QA_PARALLEL_12WAY_QA-12F_f97655c/fixedlength-autoconfig-before-after-harness.log;cpf-docs/evidence/qa/QA_PARALLEL_12WAY_QA-12F_f97655c/SOURCE_TRACE_MATRIX.csv,개발GPT·Codex 교차검토 후 독립 QA 재검수
CPF-FR-013255,05-00013255,Fixed-Length,Encoding,상태·데이터,미통과,예,QA12F-FIXED-001;QA12F-FIXED-002,cpf-docs/evidence/qa/QA_PARALLEL_12WAY_QA-12F_f97655c/fixedlength-autoconfig-before-after-harness.log;cpf-docs/evidence/qa/QA_PARALLEL_12WAY_QA-12F_f97655c/SOURCE_TRACE_MATRIX.csv,개발GPT·Codex 교차검토 후 독립 QA 재검수
CPF-FR-013256,05-00013256,Fixed-Length,Encoding,보안·권한,미통과,예,QA12F-FIXED-001;QA12F-FIXED-002,cpf-docs/evidence/qa/QA_PARALLEL_12WAY_QA-12F_f97655c/fixedlength-autoconfig-before-after-harness.log;cpf-docs/evidence/qa/QA_PARALLEL_12WAY_QA-12F_f97655c/SOURCE_TRACE_MATRIX.csv,개발GPT·Codex 교차검토 후 독립 QA 재검수
CPF-FR-013257,05-00013257,Fixed-Length,Encoding,운영,미통과,예,QA12F-FIXED-001;QA12F-FIXED-002,cpf-docs/evidence/qa/QA_PARALLEL_12WAY_QA-12F_f97655c/fixedlength-autoconfig-before-after-harness.log;cpf-docs/evidence/qa/QA_PARALLEL_12WAY_QA-12F_f97655c/SOURCE_TRACE_MATRIX.csv,개발GPT·Codex 교차검토 후 독립 QA 재검수
CPF-FR-013258,10-00013258,Fixed-Length,Encoding,실패·복구,미통과,예,QA12F-FIXED-001;QA12F-FIXED-002,cpf-docs/evidence/qa/QA_PARALLEL_12WAY_QA-12F_f97655c/fixedlength-autoconfig-before-after-harness.log;cpf-docs/evidence/qa/QA_PARALLEL_12WAY_QA-12F_f97655c/SOURCE_TRACE_MATRIX.csv,개발GPT·Codex 교차검토 후 독립 QA 재검수
CPF-FR-013259,05-00013259,Fixed-Length,Encoding,호환·배포,미통과,예,QA12F-FIXED-001;QA12F-FIXED-002,cpf-docs/evidence/qa/QA_PARALLEL_12WAY_QA-12F_f97655c/fixedlength-autoconfig-before-after-harness.log;cpf-docs/evidence/qa/QA_PARALLEL_12WAY_QA-12F_f97655c/SOURCE_TRACE_MATRIX.csv,개발GPT·Codex 교차검토 후 독립 QA 재검수
CPF-FR-013260,10-00013260,Fixed-Length,Encoding,검증·Evidence,미통과,예,QA12F-FIXED-001;QA12F-FIXED-002,cpf-docs/evidence/qa/QA_PARALLEL_12WAY_QA-12F_f97655c/fixedlength-autoconfig-before-after-harness.log;cpf-docs/evidence/qa/QA_PARALLEL_12WAY_QA-12F_f97655c/SOURCE_TRACE_MATRIX.csv,개발GPT·Codex 교차검토 후 독립 QA 재검수
CPF-FR-013261,05-00013261,Fixed-Length,Byte Length,계약,미통과,예,QA12F-FIXED-001;QA12F-FIXED-002,cpf-docs/evidence/qa/QA_PARALLEL_12WAY_QA-12F_f97655c/fixedlength-autoconfig-before-after-harness.log;cpf-docs/evidence/qa/QA_PARALLEL_12WAY_QA-12F_f97655c/SOURCE_TRACE_MATRIX.csv,개발GPT·Codex 교차검토 후 독립 QA 재검수
CPF-FR-013262,05-00013262,Fixed-Length,Byte Length,기본 구현,미통과,예,QA12F-FIXED-001;QA12F-FIXED-002,cpf-docs/evidence/qa/QA_PARALLEL_12WAY_QA-12F_f97655c/fixedlength-autoconfig-before-after-harness.log;cpf-docs/evidence/qa/QA_PARALLEL_12WAY_QA-12F_f97655c/SOURCE_TRACE_MATRIX.csv,개발GPT·Codex 교차검토 후 독립 QA 재검수
CPF-FR-013263,05-00013263,Fixed-Length,Byte Length,상태·데이터,미통과,예,QA12F-FIXED-001;QA12F-FIXED-002,cpf-docs/evidence/qa/QA_PARALLEL_12WAY_QA-12F_f97655c/fixedlength-autoconfig-before-after-harness.log;cpf-docs/evidence/qa/QA_PARALLEL_12WAY_QA-12F_f97655c/SOURCE_TRACE_MATRIX.csv,개발GPT·Codex 교차검토 후 독립 QA 재검수
CPF-FR-013264,05-00013264,Fixed-Length,Byte Length,보안·권한,미통과,예,QA12F-FIXED-001;QA12F-FIXED-002,cpf-docs/evidence/qa/QA_PARALLEL_12WAY_QA-12F_f97655c/fixedlength-autoconfig-before-after-harness.log;cpf-docs/evidence/qa/QA_PARALLEL_12WAY_QA-12F_f97655c/SOURCE_TRACE_MATRIX.csv,개발GPT·Codex 교차검토 후 독립 QA 재검수
CPF-FR-013265,05-00013265,Fixed-Length,Byte Length,운영,미통과,예,QA12F-FIXED-001;QA12F-FIXED-002,cpf-docs/evidence/qa/QA_PARALLEL_12WAY_QA-12F_f97655c/fixedlength-autoconfig-before-after-harness.log;cpf-docs/evidence/qa/QA_PARALLEL_12WAY_QA-12F_f97655c/SOURCE_TRACE_MATRIX.csv,개발GPT·Codex 교차검토 후 독립 QA 재검수
CPF-FR-013266,10-00013266,Fixed-Length,Byte Length,실패·복구,미통과,예,QA12F-FIXED-001;QA12F-FIXED-002,cpf-docs/evidence/qa/QA_PARALLEL_12WAY_QA-12F_f97655c/fixedlength-autoconfig-before-after-harness.log;cpf-docs/evidence/qa/QA_PARALLEL_12WAY_QA-12F_f97655c/SOURCE_TRACE_MATRIX.csv,개발GPT·Codex 교차검토 후 독립 QA 재검수
CPF-FR-013267,05-00013267,Fixed-Length,Byte Length,호환·배포,미통과,예,QA12F-FIXED-001;QA12F-FIXED-002,cpf-docs/evidence/qa/QA_PARALLEL_12WAY_QA-12F_f97655c/fixedlength-autoconfig-before-after-harness.log;cpf-docs/evidence/qa/QA_PARALLEL_12WAY_QA-12F_f97655c/SOURCE_TRACE_MATRIX.csv,개발GPT·Codex 교차검토 후 독립 QA 재검수
CPF-FR-013268,10-00013268,Fixed-Length,Byte Length,검증·Evidence,미통과,예,QA12F-FIXED-001;QA12F-FIXED-002,cpf-docs/evidence/qa/QA_PARALLEL_12WAY_QA-12F_f97655c/fixedlength-autoconfig-before-after-harness.log;cpf-docs/evidence/qa/QA_PARALLEL_12WAY_QA-12F_f97655c/SOURCE_TRACE_MATRIX.csv,개발GPT·Codex 교차검토 후 독립 QA 재검수
CPF-FR-013269,05-00013269,Fixed-Length,Padding,계약,미통과,예,QA12F-FIXED-001;QA12F-FIXED-002,cpf-docs/evidence/qa/QA_PARALLEL_12WAY_QA-12F_f97655c/fixedlength-autoconfig-before-after-harness.log;cpf-docs/evidence/qa/QA_PARALLEL_12WAY_QA-12F_f97655c/SOURCE_TRACE_MATRIX.csv,개발GPT·Codex 교차검토 후 독립 QA 재검수
CPF-FR-013270,05-00013270,Fixed-Length,Padding,기본 구현,미통과,예,QA12F-FIXED-001;QA12F-FIXED-002,cpf-docs/evidence/qa/QA_PARALLEL_12WAY_QA-12F_f97655c/fixedlength-autoconfig-before-after-harness.log;cpf-docs/evidence/qa/QA_PARALLEL_12WAY_QA-12F_f97655c/SOURCE_TRACE_MATRIX.csv,개발GPT·Codex 교차검토 후 독립 QA 재검수
CPF-FR-013271,05-00013271,Fixed-Length,Padding,상태·데이터,미통과,예,QA12F-FIXED-001;QA12F-FIXED-002,cpf-docs/evidence/qa/QA_PARALLEL_12WAY_QA-12F_f97655c/fixedlength-autoconfig-before-after-harness.log;cpf-docs/evidence/qa/QA_PARALLEL_12WAY_QA-12F_f97655c/SOURCE_TRACE_MATRIX.csv,개발GPT·Codex 교차검토 후 독립 QA 재검수
CPF-FR-013272,05-00013272,Fixed-Length,Padding,보안·권한,미통과,예,QA12F-FIXED-001;QA12F-FIXED-002,cpf-docs/evidence/qa/QA_PARALLEL_12WAY_QA-12F_f97655c/fixedlength-autoconfig-before-after-harness.log;cpf-docs/evidence/qa/QA_PARALLEL_12WAY_QA-12F_f97655c/SOURCE_TRACE_MATRIX.csv,개발GPT·Codex 교차검토 후 독립 QA 재검수
CPF-FR-013273,05-00013273,Fixed-Length,Padding,운영,미통과,예,QA12F-FIXED-001;QA12F-FIXED-002,cpf-docs/evidence/qa/QA_PARALLEL_12WAY_QA-12F_f97655c/fixedlength-autoconfig-before-after-harness.log;cpf-docs/evidence/qa/QA_PARALLEL_12WAY_QA-12F_f97655c/SOURCE_TRACE_MATRIX.csv,개발GPT·Codex 교차검토 후 독립 QA 재검수
CPF-FR-013274,10-00013274,Fixed-Length,Padding,실패·복구,미통과,예,QA12F-FIXED-001;QA12F-FIXED-002,cpf-docs/evidence/qa/QA_PARALLEL_12WAY_QA-12F_f97655c/fixedlength-autoconfig-before-after-harness.log;cpf-docs/evidence/qa/QA_PARALLEL_12WAY_QA-12F_f97655c/SOURCE_TRACE_MATRIX.csv,개발GPT·Codex 교차검토 후 독립 QA 재검수
CPF-FR-013275,05-00013275,Fixed-Length,Padding,호환·배포,미통과,예,QA12F-FIXED-001;QA12F-FIXED-002,cpf-docs/evidence/qa/QA_PARALLEL_12WAY_QA-12F_f97655c/fixedlength-autoconfig-before-after-harness.log;cpf-docs/evidence/qa/QA_PARALLEL_12WAY_QA-12F_f97655c/SOURCE_TRACE_MATRIX.csv,개발GPT·Codex 교차검토 후 독립 QA 재검수
CPF-FR-013276,10-00013276,Fixed-Length,Padding,검증·Evidence,미통과,예,QA12F-FIXED-001;QA12F-FIXED-002,cpf-docs/evidence/qa/QA_PARALLEL_12WAY_QA-12F_f97655c/fixedlength-autoconfig-before-after-harness.log;cpf-docs/evidence/qa/QA_PARALLEL_12WAY_QA-12F_f97655c/SOURCE_TRACE_MATRIX.csv,개발GPT·Codex 교차검토 후 독립 QA 재검수
CPF-FR-013277,05-00013277,Fixed-Length,Decimal / Date Conversion,계약,미통과,예,QA12F-FIXED-001;QA12F-FIXED-002,cpf-docs/evidence/qa/QA_PARALLEL_12WAY_QA-12F_f97655c/fixedlength-autoconfig-before-after-harness.log;cpf-docs/evidence/qa/QA_PARALLEL_12WAY_QA-12F_f97655c/SOURCE_TRACE_MATRIX.csv,개발GPT·Codex 교차검토 후 독립 QA 재검수
CPF-FR-013278,05-00013278,Fixed-Length,Decimal / Date Conversion,기본 구현,미통과,예,QA12F-FIXED-001;QA12F-FIXED-002,cpf-docs/evidence/qa/QA_PARALLEL_12WAY_QA-12F_f97655c/fixedlength-autoconfig-before-after-harness.log;cpf-docs/evidence/qa/QA_PARALLEL_12WAY_QA-12F_f97655c/SOURCE_TRACE_MATRIX.csv,개발GPT·Codex 교차검토 후 독립 QA 재검수
CPF-FR-013279,05-00013279,Fixed-Length,Decimal / Date Conversion,상태·데이터,미통과,예,QA12F-FIXED-001;QA12F-FIXED-002,cpf-docs/evidence/qa/QA_PARALLEL_12WAY_QA-12F_f97655c/fixedlength-autoconfig-before-after-harness.log;cpf-docs/evidence/qa/QA_PARALLEL_12WAY_QA-12F_f97655c/SOURCE_TRACE_MATRIX.csv,개발GPT·Codex 교차검토 후 독립 QA 재검수
CPF-FR-013280,05-00013280,Fixed-Length,Decimal / Date Conversion,보안·권한,미통과,예,QA12F-FIXED-001;QA12F-FIXED-002,cpf-docs/evidence/qa/QA_PARALLEL_12WAY_QA-12F_f97655c/fixedlength-autoconfig-before-after-harness.log;cpf-docs/evidence/qa/QA_PARALLEL_12WAY_QA-12F_f97655c/SOURCE_TRACE_MATRIX.csv,개발GPT·Codex 교차검토 후 독립 QA 재검수
CPF-FR-013281,05-00013281,Fixed-Length,Decimal / Date Conversion,운영,미통과,예,QA12F-FIXED-001;QA12F-FIXED-002,cpf-docs/evidence/qa/QA_PARALLEL_12WAY_QA-12F_f97655c/fixedlength-autoconfig-before-after-harness.log;cpf-docs/evidence/qa/QA_PARALLEL_12WAY_QA-12F_f97655c/SOURCE_TRACE_MATRIX.csv,개발GPT·Codex 교차검토 후 독립 QA 재검수
CPF-FR-013282,10-00013282,Fixed-Length,Decimal / Date Conversion,실패·복구,미통과,예,QA12F-FIXED-001;QA12F-FIXED-002,cpf-docs/evidence/qa/QA_PARALLEL_12WAY_QA-12F_f97655c/fixedlength-autoconfig-before-after-harness.log;cpf-docs/evidence/qa/QA_PARALLEL_12WAY_QA-12F_f97655c/SOURCE_TRACE_MATRIX.csv,개발GPT·Codex 교차검토 후 독립 QA 재검수
CPF-FR-013283,05-00013283,Fixed-Length,Decimal / Date Conversion,호환·배포,미통과,예,QA12F-FIXED-001;QA12F-FIXED-002,cpf-docs/evidence/qa/QA_PARALLEL_12WAY_QA-12F_f97655c/fixedlength-autoconfig-before-after-harness.log;cpf-docs/evidence/qa/QA_PARALLEL_12WAY_QA-12F_f97655c/SOURCE_TRACE_MATRIX.csv,개발GPT·Codex 교차검토 후 독립 QA 재검수
CPF-FR-013284,10-00013284,Fixed-Length,Decimal / Date Conversion,검증·Evidence,미통과,예,QA12F-FIXED-001;QA12F-FIXED-002,cpf-docs/evidence/qa/QA_PARALLEL_12WAY_QA-12F_f97655c/fixedlength-autoconfig-before-after-harness.log;cpf-docs/evidence/qa/QA_PARALLEL_12WAY_QA-12F_f97655c/SOURCE_TRACE_MATRIX.csv,개발GPT·Codex 교차검토 후 독립 QA 재검수
CPF-FR-013285,05-00013285,Fixed-Length,Parser,계약,미통과,예,QA12F-FIXED-001;QA12F-FIXED-002,cpf-docs/evidence/qa/QA_PARALLEL_12WAY_QA-12F_f97655c/fixedlength-autoconfig-before-after-harness.log;cpf-docs/evidence/qa/QA_PARALLEL_12WAY_QA-12F_f97655c/SOURCE_TRACE_MATRIX.csv,개발GPT·Codex 교차검토 후 독립 QA 재검수
CPF-FR-013286,05-00013286,Fixed-Length,Parser,기본 구현,미통과,예,QA12F-FIXED-001;QA12F-FIXED-002,cpf-docs/evidence/qa/QA_PARALLEL_12WAY_QA-12F_f97655c/fixedlength-autoconfig-before-after-harness.log;cpf-docs/evidence/qa/QA_PARALLEL_12WAY_QA-12F_f97655c/SOURCE_TRACE_MATRIX.csv,개발GPT·Codex 교차검토 후 독립 QA 재검수
CPF-FR-013287,05-00013287,Fixed-Length,Parser,상태·데이터,미통과,예,QA12F-FIXED-001;QA12F-FIXED-002,cpf-docs/evidence/qa/QA_PARALLEL_12WAY_QA-12F_f97655c/fixedlength-autoconfig-before-after-harness.log;cpf-docs/evidence/qa/QA_PARALLEL_12WAY_QA-12F_f97655c/SOURCE_TRACE_MATRIX.csv,개발GPT·Codex 교차검토 후 독립 QA 재검수
CPF-FR-013288,05-00013288,Fixed-Length,Parser,보안·권한,미통과,예,QA12F-FIXED-001;QA12F-FIXED-002,cpf-docs/evidence/qa/QA_PARALLEL_12WAY_QA-12F_f97655c/fixedlength-autoconfig-before-after-harness.log;cpf-docs/evidence/qa/QA_PARALLEL_12WAY_QA-12F_f97655c/SOURCE_TRACE_MATRIX.csv,개발GPT·Codex 교차검토 후 독립 QA 재검수
CPF-FR-013289,05-00013289,Fixed-Length,Parser,운영,미통과,예,QA12F-FIXED-001;QA12F-FIXED-002,cpf-docs/evidence/qa/QA_PARALLEL_12WAY_QA-12F_f97655c/fixedlength-autoconfig-before-after-harness.log;cpf-docs/evidence/qa/QA_PARALLEL_12WAY_QA-12F_f97655c/SOURCE_TRACE_MATRIX.csv,개발GPT·Codex 교차검토 후 독립 QA 재검수
CPF-FR-013290,10-00013290,Fixed-Length,Parser,실패·복구,미통과,예,QA12F-FIXED-001;QA12F-FIXED-002,cpf-docs/evidence/qa/QA_PARALLEL_12WAY_QA-12F_f97655c/fixedlength-autoconfig-before-after-harness.log;cpf-docs/evidence/qa/QA_PARALLEL_12WAY_QA-12F_f97655c/SOURCE_TRACE_MATRIX.csv,개발GPT·Codex 교차검토 후 독립 QA 재검수
CPF-FR-013291,05-00013291,Fixed-Length,Parser,호환·배포,미통과,예,QA12F-FIXED-001;QA12F-FIXED-002,cpf-docs/evidence/qa/QA_PARALLEL_12WAY_QA-12F_f97655c/fixedlength-autoconfig-before-after-harness.log;cpf-docs/evidence/qa/QA_PARALLEL_12WAY_QA-12F_f97655c/SOURCE_TRACE_MATRIX.csv,개발GPT·Codex 교차검토 후 독립 QA 재검수
CPF-FR-013292,10-00013292,Fixed-Length,Parser,검증·Evidence,미통과,예,QA12F-FIXED-001;QA12F-FIXED-002,cpf-docs/evidence/qa/QA_PARALLEL_12WAY_QA-12F_f97655c/fixedlength-autoconfig-before-after-harness.log;cpf-docs/evidence/qa/QA_PARALLEL_12WAY_QA-12F_f97655c/SOURCE_TRACE_MATRIX.csv,개발GPT·Codex 교차검토 후 독립 QA 재검수
CPF-FR-013293,05-00013293,Fixed-Length,Writer,계약,미통과,예,QA12F-FIXED-001;QA12F-FIXED-002,cpf-docs/evidence/qa/QA_PARALLEL_12WAY_QA-12F_f97655c/fixedlength-autoconfig-before-after-harness.log;cpf-docs/evidence/qa/QA_PARALLEL_12WAY_QA-12F_f97655c/SOURCE_TRACE_MATRIX.csv,개발GPT·Codex 교차검토 후 독립 QA 재검수
CPF-FR-013294,05-00013294,Fixed-Length,Writer,기본 구현,미통과,예,QA12F-FIXED-001;QA12F-FIXED-002,cpf-docs/evidence/qa/QA_PARALLEL_12WAY_QA-12F_f97655c/fixedlength-autoconfig-before-after-harness.log;cpf-docs/evidence/qa/QA_PARALLEL_12WAY_QA-12F_f97655c/SOURCE_TRACE_MATRIX.csv,개발GPT·Codex 교차검토 후 독립 QA 재검수
CPF-FR-013295,05-00013295,Fixed-Length,Writer,상태·데이터,미통과,예,QA12F-FIXED-001;QA12F-FIXED-002,cpf-docs/evidence/qa/QA_PARALLEL_12WAY_QA-12F_f97655c/fixedlength-autoconfig-before-after-harness.log;cpf-docs/evidence/qa/QA_PARALLEL_12WAY_QA-12F_f97655c/SOURCE_TRACE_MATRIX.csv,개발GPT·Codex 교차검토 후 독립 QA 재검수
CPF-FR-013296,05-00013296,Fixed-Length,Writer,보안·권한,미통과,예,QA12F-FIXED-001;QA12F-FIXED-002,cpf-docs/evidence/qa/QA_PARALLEL_12WAY_QA-12F_f97655c/fixedlength-autoconfig-before-after-harness.log;cpf-docs/evidence/qa/QA_PARALLEL_12WAY_QA-12F_f97655c/SOURCE_TRACE_MATRIX.csv,개발GPT·Codex 교차검토 후 독립 QA 재검수
CPF-FR-013297,05-00013297,Fixed-Length,Writer,운영,미통과,예,QA12F-FIXED-001;QA12F-FIXED-002,cpf-docs/evidence/qa/QA_PARALLEL_12WAY_QA-12F_f97655c/fixedlength-autoconfig-before-after-harness.log;cpf-docs/evidence/qa/QA_PARALLEL_12WAY_QA-12F_f97655c/SOURCE_TRACE_MATRIX.csv,개발GPT·Codex 교차검토 후 독립 QA 재검수
CPF-FR-013298,10-00013298,Fixed-Length,Writer,실패·복구,미통과,예,QA12F-FIXED-001;QA12F-FIXED-002,cpf-docs/evidence/qa/QA_PARALLEL_12WAY_QA-12F_f97655c/fixedlength-autoconfig-before-after-harness.log;cpf-docs/evidence/qa/QA_PARALLEL_12WAY_QA-12F_f97655c/SOURCE_TRACE_MATRIX.csv,개발GPT·Codex 교차검토 후 독립 QA 재검수
CPF-FR-013299,05-00013299,Fixed-Length,Writer,호환·배포,미통과,예,QA12F-FIXED-001;QA12F-FIXED-002,cpf-docs/evidence/qa/QA_PARALLEL_12WAY_QA-12F_f97655c/fixedlength-autoconfig-before-after-harness.log;cpf-docs/evidence/qa/QA_PARALLEL_12WAY_QA-12F_f97655c/SOURCE_TRACE_MATRIX.csv,개발GPT·Codex 교차검토 후 독립 QA 재검수
CPF-FR-013300,10-00013300,Fixed-Length,Writer,검증·Evidence,미통과,예,QA12F-FIXED-001;QA12F-FIXED-002,cpf-docs/evidence/qa/QA_PARALLEL_12WAY_QA-12F_f97655c/fixedlength-autoconfig-before-after-harness.log;cpf-docs/evidence/qa/QA_PARALLEL_12WAY_QA-12F_f97655c/SOURCE_TRACE_MATRIX.csv,개발GPT·Codex 교차검토 후 독립 QA 재검수
CPF-FR-013301,05-00013301,Fixed-Length,Validation,계약,미통과,예,QA12F-FIXED-001;QA12F-FIXED-002,cpf-docs/evidence/qa/QA_PARALLEL_12WAY_QA-12F_f97655c/fixedlength-autoconfig-before-after-harness.log;cpf-docs/evidence/qa/QA_PARALLEL_12WAY_QA-12F_f97655c/SOURCE_TRACE_MATRIX.csv,개발GPT·Codex 교차검토 후 독립 QA 재검수
CPF-FR-013302,05-00013302,Fixed-Length,Validation,기본 구현,미통과,예,QA12F-FIXED-001;QA12F-FIXED-002,cpf-docs/evidence/qa/QA_PARALLEL_12WAY_QA-12F_f97655c/fixedlength-autoconfig-before-after-harness.log;cpf-docs/evidence/qa/QA_PARALLEL_12WAY_QA-12F_f97655c/SOURCE_TRACE_MATRIX.csv,개발GPT·Codex 교차검토 후 독립 QA 재검수
CPF-FR-013303,05-00013303,Fixed-Length,Validation,상태·데이터,미통과,예,QA12F-FIXED-001;QA12F-FIXED-002,cpf-docs/evidence/qa/QA_PARALLEL_12WAY_QA-12F_f97655c/fixedlength-autoconfig-before-after-harness.log;cpf-docs/evidence/qa/QA_PARALLEL_12WAY_QA-12F_f97655c/SOURCE_TRACE_MATRIX.csv,개발GPT·Codex 교차검토 후 독립 QA 재검수
CPF-FR-013304,05-00013304,Fixed-Length,Validation,보안·권한,미통과,예,QA12F-FIXED-001;QA12F-FIXED-002,cpf-docs/evidence/qa/QA_PARALLEL_12WAY_QA-12F_f97655c/fixedlength-autoconfig-before-after-harness.log;cpf-docs/evidence/qa/QA_PARALLEL_12WAY_QA-12F_f97655c/SOURCE_TRACE_MATRIX.csv,개발GPT·Codex 교차검토 후 독립 QA 재검수
CPF-FR-013305,05-00013305,Fixed-Length,Validation,운영,미통과,예,QA12F-FIXED-001;QA12F-FIXED-002,cpf-docs/evidence/qa/QA_PARALLEL_12WAY_QA-12F_f97655c/fixedlength-autoconfig-before-after-harness.log;cpf-docs/evidence/qa/QA_PARALLEL_12WAY_QA-12F_f97655c/SOURCE_TRACE_MATRIX.csv,개발GPT·Codex 교차검토 후 독립 QA 재검수
CPF-FR-013306,10-00013306,Fixed-Length,Validation,실패·복구,미통과,예,QA12F-FIXED-001;QA12F-FIXED-002,cpf-docs/evidence/qa/QA_PARALLEL_12WAY_QA-12F_f97655c/fixedlength-autoconfig-before-after-harness.log;cpf-docs/evidence/qa/QA_PARALLEL_12WAY_QA-12F_f97655c/SOURCE_TRACE_MATRIX.csv,개발GPT·Codex 교차검토 후 독립 QA 재검수
CPF-FR-013307,05-00013307,Fixed-Length,Validation,호환·배포,미통과,예,QA12F-FIXED-001;QA12F-FIXED-002,cpf-docs/evidence/qa/QA_PARALLEL_12WAY_QA-12F_f97655c/fixedlength-autoconfig-before-after-harness.log;cpf-docs/evidence/qa/QA_PARALLEL_12WAY_QA-12F_f97655c/SOURCE_TRACE_MATRIX.csv,개발GPT·Codex 교차검토 후 독립 QA 재검수
CPF-FR-013308,10-00013308,Fixed-Length,Validation,검증·Evidence,미통과,예,QA12F-FIXED-001;QA12F-FIXED-002,cpf-docs/evidence/qa/QA_PARALLEL_12WAY_QA-12F_f97655c/fixedlength-autoconfig-before-after-harness.log;cpf-docs/evidence/qa/QA_PARALLEL_12WAY_QA-12F_f97655c/SOURCE_TRACE_MATRIX.csv,개발GPT·Codex 교차검토 후 독립 QA 재검수
CPF-FR-013309,05-00013309,Fixed-Length,Version,계약,미통과,예,QA12F-FIXED-001;QA12F-FIXED-002,cpf-docs/evidence/qa/QA_PARALLEL_12WAY_QA-12F_f97655c/fixedlength-autoconfig-before-after-harness.log;cpf-docs/evidence/qa/QA_PARALLEL_12WAY_QA-12F_f97655c/SOURCE_TRACE_MATRIX.csv,개발GPT·Codex 교차검토 후 독립 QA 재검수
CPF-FR-013310,05-00013310,Fixed-Length,Version,기본 구현,미통과,예,QA12F-FIXED-001;QA12F-FIXED-002,cpf-docs/evidence/qa/QA_PARALLEL_12WAY_QA-12F_f97655c/fixedlength-autoconfig-before-after-harness.log;cpf-docs/evidence/qa/QA_PARALLEL_12WAY_QA-12F_f97655c/SOURCE_TRACE_MATRIX.csv,개발GPT·Codex 교차검토 후 독립 QA 재검수
CPF-FR-013311,05-00013311,Fixed-Length,Version,상태·데이터,미통과,예,QA12F-FIXED-001;QA12F-FIXED-002,cpf-docs/evidence/qa/QA_PARALLEL_12WAY_QA-12F_f97655c/fixedlength-autoconfig-before-after-harness.log;cpf-docs/evidence/qa/QA_PARALLEL_12WAY_QA-12F_f97655c/SOURCE_TRACE_MATRIX.csv,개발GPT·Codex 교차검토 후 독립 QA 재검수
CPF-FR-013312,05-00013312,Fixed-Length,Version,보안·권한,미통과,예,QA12F-FIXED-001;QA12F-FIXED-002,cpf-docs/evidence/qa/QA_PARALLEL_12WAY_QA-12F_f97655c/fixedlength-autoconfig-before-after-harness.log;cpf-docs/evidence/qa/QA_PARALLEL_12WAY_QA-12F_f97655c/SOURCE_TRACE_MATRIX.csv,개발GPT·Codex 교차검토 후 독립 QA 재검수
CPF-FR-013313,05-00013313,Fixed-Length,Version,운영,미통과,예,QA12F-FIXED-001;QA12F-FIXED-002,cpf-docs/evidence/qa/QA_PARALLEL_12WAY_QA-12F_f97655c/fixedlength-autoconfig-before-after-harness.log;cpf-docs/evidence/qa/QA_PARALLEL_12WAY_QA-12F_f97655c/SOURCE_TRACE_MATRIX.csv,개발GPT·Codex 교차검토 후 독립 QA 재검수
CPF-FR-013314,10-00013314,Fixed-Length,Version,실패·복구,미통과,예,QA12F-FIXED-001;QA12F-FIXED-002,cpf-docs/evidence/qa/QA_PARALLEL_12WAY_QA-12F_f97655c/fixedlength-autoconfig-before-after-harness.log;cpf-docs/evidence/qa/QA_PARALLEL_12WAY_QA-12F_f97655c/SOURCE_TRACE_MATRIX.csv,개발GPT·Codex 교차검토 후 독립 QA 재검수
CPF-FR-013315,05-00013315,Fixed-Length,Version,호환·배포,미통과,예,QA12F-FIXED-001;QA12F-FIXED-002,cpf-docs/evidence/qa/QA_PARALLEL_12WAY_QA-12F_f97655c/fixedlength-autoconfig-before-after-harness.log;cpf-docs/evidence/qa/QA_PARALLEL_12WAY_QA-12F_f97655c/SOURCE_TRACE_MATRIX.csv,개발GPT·Codex 교차검토 후 독립 QA 재검수
CPF-FR-013316,10-00013316,Fixed-Length,Version,검증·Evidence,미통과,예,QA12F-FIXED-001;QA12F-FIXED-002,cpf-docs/evidence/qa/QA_PARALLEL_12WAY_QA-12F_f97655c/fixedlength-autoconfig-before-after-harness.log;cpf-docs/evidence/qa/QA_PARALLEL_12WAY_QA-12F_f97655c/SOURCE_TRACE_MATRIX.csv,개발GPT·Codex 교차검토 후 독립 QA 재검수
CPF-FR-013317,05-00013317,Fixed-Length,Streaming,계약,미통과,예,QA12F-FIXED-001;QA12F-FIXED-002,cpf-docs/evidence/qa/QA_PARALLEL_12WAY_QA-12F_f97655c/fixedlength-autoconfig-before-after-harness.log;cpf-docs/evidence/qa/QA_PARALLEL_12WAY_QA-12F_f97655c/SOURCE_TRACE_MATRIX.csv,개발GPT·Codex 교차검토 후 독립 QA 재검수
CPF-FR-013318,05-00013318,Fixed-Length,Streaming,기본 구현,미통과,예,QA12F-FIXED-001;QA12F-FIXED-002,cpf-docs/evidence/qa/QA_PARALLEL_12WAY_QA-12F_f97655c/fixedlength-autoconfig-before-after-harness.log;cpf-docs/evidence/qa/QA_PARALLEL_12WAY_QA-12F_f97655c/SOURCE_TRACE_MATRIX.csv,개발GPT·Codex 교차검토 후 독립 QA 재검수
CPF-FR-013319,05-00013319,Fixed-Length,Streaming,상태·데이터,미통과,예,QA12F-FIXED-001;QA12F-FIXED-002,cpf-docs/evidence/qa/QA_PARALLEL_12WAY_QA-12F_f97655c/fixedlength-autoconfig-before-after-harness.log;cpf-docs/evidence/qa/QA_PARALLEL_12WAY_QA-12F_f97655c/SOURCE_TRACE_MATRIX.csv,개발GPT·Codex 교차검토 후 독립 QA 재검수
CPF-FR-013320,05-00013320,Fixed-Length,Streaming,보안·권한,미통과,예,QA12F-FIXED-001;QA12F-FIXED-002,cpf-docs/evidence/qa/QA_PARALLEL_12WAY_QA-12F_f97655c/fixedlength-autoconfig-before-after-harness.log;cpf-docs/evidence/qa/QA_PARALLEL_12WAY_QA-12F_f97655c/SOURCE_TRACE_MATRIX.csv,개발GPT·Codex 교차검토 후 독립 QA 재검수
CPF-FR-013321,05-00013321,Fixed-Length,Streaming,운영,미통과,예,QA12F-FIXED-001;QA12F-FIXED-002,cpf-docs/evidence/qa/QA_PARALLEL_12WAY_QA-12F_f97655c/fixedlength-autoconfig-before-after-harness.log;cpf-docs/evidence/qa/QA_PARALLEL_12WAY_QA-12F_f97655c/SOURCE_TRACE_MATRIX.csv,개발GPT·Codex 교차검토 후 독립 QA 재검수
CPF-FR-013322,10-00013322,Fixed-Length,Streaming,실패·복구,미통과,예,QA12F-FIXED-001;QA12F-FIXED-002,cpf-docs/evidence/qa/QA_PARALLEL_12WAY_QA-12F_f97655c/fixedlength-autoconfig-before-after-harness.log;cpf-docs/evidence/qa/QA_PARALLEL_12WAY_QA-12F_f97655c/SOURCE_TRACE_MATRIX.csv,개발GPT·Codex 교차검토 후 독립 QA 재검수
CPF-FR-013323,05-00013323,Fixed-Length,Streaming,호환·배포,미통과,예,QA12F-FIXED-001;QA12F-FIXED-002,cpf-docs/evidence/qa/QA_PARALLEL_12WAY_QA-12F_f97655c/fixedlength-autoconfig-before-after-harness.log;cpf-docs/evidence/qa/QA_PARALLEL_12WAY_QA-12F_f97655c/SOURCE_TRACE_MATRIX.csv,개발GPT·Codex 교차검토 후 독립 QA 재검수
CPF-FR-013324,10-00013324,Fixed-Length,Streaming,검증·Evidence,미통과,예,QA12F-FIXED-001;QA12F-FIXED-002,cpf-docs/evidence/qa/QA_PARALLEL_12WAY_QA-12F_f97655c/fixedlength-autoconfig-before-after-harness.log;cpf-docs/evidence/qa/QA_PARALLEL_12WAY_QA-12F_f97655c/SOURCE_TRACE_MATRIX.csv,개발GPT·Codex 교차검토 후 독립 QA 재검수
CPF-FR-013325,05-00013325,Fixed-Length,Offset Diagnostic,계약,미통과,예,QA12F-FIXED-001;QA12F-FIXED-002,cpf-docs/evidence/qa/QA_PARALLEL_12WAY_QA-12F_f97655c/fixedlength-autoconfig-before-after-harness.log;cpf-docs/evidence/qa/QA_PARALLEL_12WAY_QA-12F_f97655c/SOURCE_TRACE_MATRIX.csv,개발GPT·Codex 교차검토 후 독립 QA 재검수
CPF-FR-013326,05-00013326,Fixed-Length,Offset Diagnostic,기본 구현,미통과,예,QA12F-FIXED-001;QA12F-FIXED-002,cpf-docs/evidence/qa/QA_PARALLEL_12WAY_QA-12F_f97655c/fixedlength-autoconfig-before-after-harness.log;cpf-docs/evidence/qa/QA_PARALLEL_12WAY_QA-12F_f97655c/SOURCE_TRACE_MATRIX.csv,개발GPT·Codex 교차검토 후 독립 QA 재검수
CPF-FR-013327,05-00013327,Fixed-Length,Offset Diagnostic,상태·데이터,미통과,예,QA12F-FIXED-001;QA12F-FIXED-002,cpf-docs/evidence/qa/QA_PARALLEL_12WAY_QA-12F_f97655c/fixedlength-autoconfig-before-after-harness.log;cpf-docs/evidence/qa/QA_PARALLEL_12WAY_QA-12F_f97655c/SOURCE_TRACE_MATRIX.csv,개발GPT·Codex 교차검토 후 독립 QA 재검수
CPF-FR-013328,05-00013328,Fixed-Length,Offset Diagnostic,보안·권한,미통과,예,QA12F-FIXED-001;QA12F-FIXED-002,cpf-docs/evidence/qa/QA_PARALLEL_12WAY_QA-12F_f97655c/fixedlength-autoconfig-before-after-harness.log;cpf-docs/evidence/qa/QA_PARALLEL_12WAY_QA-12F_f97655c/SOURCE_TRACE_MATRIX.csv,개발GPT·Codex 교차검토 후 독립 QA 재검수
CPF-FR-013329,05-00013329,Fixed-Length,Offset Diagnostic,운영,미통과,예,QA12F-FIXED-001;QA12F-FIXED-002,cpf-docs/evidence/qa/QA_PARALLEL_12WAY_QA-12F_f97655c/fixedlength-autoconfig-before-after-harness.log;cpf-docs/evidence/qa/QA_PARALLEL_12WAY_QA-12F_f97655c/SOURCE_TRACE_MATRIX.csv,개발GPT·Codex 교차검토 후 독립 QA 재검수
CPF-FR-013330,10-00013330,Fixed-Length,Offset Diagnostic,실패·복구,미통과,예,QA12F-FIXED-001;QA12F-FIXED-002,cpf-docs/evidence/qa/QA_PARALLEL_12WAY_QA-12F_f97655c/fixedlength-autoconfig-before-after-harness.log;cpf-docs/evidence/qa/QA_PARALLEL_12WAY_QA-12F_f97655c/SOURCE_TRACE_MATRIX.csv,개발GPT·Codex 교차검토 후 독립 QA 재검수
CPF-FR-013331,05-00013331,Fixed-Length,Offset Diagnostic,호환·배포,미통과,예,QA12F-FIXED-001;QA12F-FIXED-002,cpf-docs/evidence/qa/QA_PARALLEL_12WAY_QA-12F_f97655c/fixedlength-autoconfig-before-after-harness.log;cpf-docs/evidence/qa/QA_PARALLEL_12WAY_QA-12F_f97655c/SOURCE_TRACE_MATRIX.csv,개발GPT·Codex 교차검토 후 독립 QA 재검수
CPF-FR-013332,10-00013332,Fixed-Length,Offset Diagnostic,검증·Evidence,미통과,예,QA12F-FIXED-001;QA12F-FIXED-002,cpf-docs/evidence/qa/QA_PARALLEL_12WAY_QA-12F_f97655c/fixedlength-autoconfig-before-after-harness.log;cpf-docs/evidence/qa/QA_PARALLEL_12WAY_QA-12F_f97655c/SOURCE_TRACE_MATRIX.csv,개발GPT·Codex 교차검토 후 독립 QA 재검수
CPF-FR-013333,05-00013333,Fixed-Length,Masking Diagnostic,계약,미통과,예,QA12F-FIXED-001;QA12F-FIXED-002,cpf-docs/evidence/qa/QA_PARALLEL_12WAY_QA-12F_f97655c/fixedlength-autoconfig-before-after-harness.log;cpf-docs/evidence/qa/QA_PARALLEL_12WAY_QA-12F_f97655c/SOURCE_TRACE_MATRIX.csv,개발GPT·Codex 교차검토 후 독립 QA 재검수
CPF-FR-013334,05-00013334,Fixed-Length,Masking Diagnostic,기본 구현,미통과,예,QA12F-FIXED-001;QA12F-FIXED-002,cpf-docs/evidence/qa/QA_PARALLEL_12WAY_QA-12F_f97655c/fixedlength-autoconfig-before-after-harness.log;cpf-docs/evidence/qa/QA_PARALLEL_12WAY_QA-12F_f97655c/SOURCE_TRACE_MATRIX.csv,개발GPT·Codex 교차검토 후 독립 QA 재검수
CPF-FR-013335,05-00013335,Fixed-Length,Masking Diagnostic,상태·데이터,미통과,예,QA12F-FIXED-001;QA12F-FIXED-002,cpf-docs/evidence/qa/QA_PARALLEL_12WAY_QA-12F_f97655c/fixedlength-autoconfig-before-after-harness.log;cpf-docs/evidence/qa/QA_PARALLEL_12WAY_QA-12F_f97655c/SOURCE_TRACE_MATRIX.csv,개발GPT·Codex 교차검토 후 독립 QA 재검수
CPF-FR-013336,05-00013336,Fixed-Length,Masking Diagnostic,보안·권한,미통과,예,QA12F-FIXED-001;QA12F-FIXED-002,cpf-docs/evidence/qa/QA_PARALLEL_12WAY_QA-12F_f97655c/fixedlength-autoconfig-before-after-harness.log;cpf-docs/evidence/qa/QA_PARALLEL_12WAY_QA-12F_f97655c/SOURCE_TRACE_MATRIX.csv,개발GPT·Codex 교차검토 후 독립 QA 재검수
CPF-FR-013337,05-00013337,Fixed-Length,Masking Diagnostic,운영,미통과,예,QA12F-FIXED-001;QA12F-FIXED-002,cpf-docs/evidence/qa/QA_PARALLEL_12WAY_QA-12F_f97655c/fixedlength-autoconfig-before-after-harness.log;cpf-docs/evidence/qa/QA_PARALLEL_12WAY_QA-12F_f97655c/SOURCE_TRACE_MATRIX.csv,개발GPT·Codex 교차검토 후 독립 QA 재검수
CPF-FR-013338,10-00013338,Fixed-Length,Masking Diagnostic,실패·복구,미통과,예,QA12F-FIXED-001;QA12F-FIXED-002,cpf-docs/evidence/qa/QA_PARALLEL_12WAY_QA-12F_f97655c/fixedlength-autoconfig-before-after-harness.log;cpf-docs/evidence/qa/QA_PARALLEL_12WAY_QA-12F_f97655c/SOURCE_TRACE_MATRIX.csv,개발GPT·Codex 교차검토 후 독립 QA 재검수
CPF-FR-013339,05-00013339,Fixed-Length,Masking Diagnostic,호환·배포,미통과,예,QA12F-FIXED-001;QA12F-FIXED-002,cpf-docs/evidence/qa/QA_PARALLEL_12WAY_QA-12F_f97655c/fixedlength-autoconfig-before-after-harness.log;cpf-docs/evidence/qa/QA_PARALLEL_12WAY_QA-12F_f97655c/SOURCE_TRACE_MATRIX.csv,개발GPT·Codex 교차검토 후 독립 QA 재검수
CPF-FR-013340,10-00013340,Fixed-Length,Masking Diagnostic,검증·Evidence,미통과,예,QA12F-FIXED-001;QA12F-FIXED-002,cpf-docs/evidence/qa/QA_PARALLEL_12WAY_QA-12F_f97655c/fixedlength-autoconfig-before-after-harness.log;cpf-docs/evidence/qa/QA_PARALLEL_12WAY_QA-12F_f97655c/SOURCE_TRACE_MATRIX.csv,개발GPT·Codex 교차검토 후 독립 QA 재검수
CPF-FR-013341,05-00013341,Fixed-Length,Known Vector Corpus,계약,미통과,예,QA12F-FIXED-001;QA12F-FIXED-002,cpf-docs/evidence/qa/QA_PARALLEL_12WAY_QA-12F_f97655c/fixedlength-autoconfig-before-after-harness.log;cpf-docs/evidence/qa/QA_PARALLEL_12WAY_QA-12F_f97655c/SOURCE_TRACE_MATRIX.csv,개발GPT·Codex 교차검토 후 독립 QA 재검수
CPF-FR-013342,05-00013342,Fixed-Length,Known Vector Corpus,기본 구현,미통과,예,QA12F-FIXED-001;QA12F-FIXED-002,cpf-docs/evidence/qa/QA_PARALLEL_12WAY_QA-12F_f97655c/fixedlength-autoconfig-before-after-harness.log;cpf-docs/evidence/qa/QA_PARALLEL_12WAY_QA-12F_f97655c/SOURCE_TRACE_MATRIX.csv,개발GPT·Codex 교차검토 후 독립 QA 재검수
CPF-FR-013343,05-00013343,Fixed-Length,Known Vector Corpus,상태·데이터,미통과,예,QA12F-FIXED-001;QA12F-FIXED-002,cpf-docs/evidence/qa/QA_PARALLEL_12WAY_QA-12F_f97655c/fixedlength-autoconfig-before-after-harness.log;cpf-docs/evidence/qa/QA_PARALLEL_12WAY_QA-12F_f97655c/SOURCE_TRACE_MATRIX.csv,개발GPT·Codex 교차검토 후 독립 QA 재검수
CPF-FR-013344,05-00013344,Fixed-Length,Known Vector Corpus,보안·권한,미통과,예,QA12F-FIXED-001;QA12F-FIXED-002,cpf-docs/evidence/qa/QA_PARALLEL_12WAY_QA-12F_f97655c/fixedlength-autoconfig-before-after-harness.log;cpf-docs/evidence/qa/QA_PARALLEL_12WAY_QA-12F_f97655c/SOURCE_TRACE_MATRIX.csv,개발GPT·Codex 교차검토 후 독립 QA 재검수
CPF-FR-013345,05-00013345,Fixed-Length,Known Vector Corpus,운영,미통과,예,QA12F-FIXED-001;QA12F-FIXED-002,cpf-docs/evidence/qa/QA_PARALLEL_12WAY_QA-12F_f97655c/fixedlength-autoconfig-before-after-harness.log;cpf-docs/evidence/qa/QA_PARALLEL_12WAY_QA-12F_f97655c/SOURCE_TRACE_MATRIX.csv,개발GPT·Codex 교차검토 후 독립 QA 재검수
CPF-FR-013346,10-00013346,Fixed-Length,Known Vector Corpus,실패·복구,미통과,예,QA12F-FIXED-001;QA12F-FIXED-002,cpf-docs/evidence/qa/QA_PARALLEL_12WAY_QA-12F_f97655c/fixedlength-autoconfig-before-after-harness.log;cpf-docs/evidence/qa/QA_PARALLEL_12WAY_QA-12F_f97655c/SOURCE_TRACE_MATRIX.csv,개발GPT·Codex 교차검토 후 독립 QA 재검수
CPF-FR-013347,05-00013347,Fixed-Length,Known Vector Corpus,호환·배포,미통과,예,QA12F-FIXED-001;QA12F-FIXED-002,cpf-docs/evidence/qa/QA_PARALLEL_12WAY_QA-12F_f97655c/fixedlength-autoconfig-before-after-harness.log;cpf-docs/evidence/qa/QA_PARALLEL_12WAY_QA-12F_f97655c/SOURCE_TRACE_MATRIX.csv,개발GPT·Codex 교차검토 후 독립 QA 재검수
CPF-FR-013348,10-00013348,Fixed-Length,Known Vector Corpus,검증·Evidence,미통과,예,QA12F-FIXED-001;QA12F-FIXED-002,cpf-docs/evidence/qa/QA_PARALLEL_12WAY_QA-12F_f97655c/fixedlength-autoconfig-before-after-harness.log;cpf-docs/evidence/qa/QA_PARALLEL_12WAY_QA-12F_f97655c/SOURCE_TRACE_MATRIX.csv,개발GPT·Codex 교차검토 후 독립 QA 재검수
CPF-FR-013349,04-00013349,Database Lifecycle,Canonical Metadata,계약,미검증,아니오,QA12F-DB-001,cpf-docs/evidence/qa/QA_PARALLEL_12WAY_QA-12F_f97655c/db-pack-static-parity.log;cpf-docs/evidence/qa/QA_PARALLEL_12WAY_QA-12F_f97655c/SOURCE_TRACE_MATRIX.csv,목표 환경 또는 동등 Harness 실행
CPF-FR-013350,04-00013350,Database Lifecycle,Canonical Metadata,기본 구현,미검증,아니오,QA12F-DB-001,cpf-docs/evidence/qa/QA_PARALLEL_12WAY_QA-12F_f97655c/db-pack-static-parity.log;cpf-docs/evidence/qa/QA_PARALLEL_12WAY_QA-12F_f97655c/SOURCE_TRACE_MATRIX.csv,목표 환경 또는 동등 Harness 실행
CPF-FR-013351,04-00013351,Database Lifecycle,Canonical Metadata,상태·데이터,미검증,아니오,QA12F-DB-001,cpf-docs/evidence/qa/QA_PARALLEL_12WAY_QA-12F_f97655c/db-pack-static-parity.log;cpf-docs/evidence/qa/QA_PARALLEL_12WAY_QA-12F_f97655c/SOURCE_TRACE_MATRIX.csv,목표 환경 또는 동등 Harness 실행
CPF-FR-013352,04-00013352,Database Lifecycle,Canonical Metadata,보안·권한,미검증,아니오,QA12F-DB-001,cpf-docs/evidence/qa/QA_PARALLEL_12WAY_QA-12F_f97655c/db-pack-static-parity.log;cpf-docs/evidence/qa/QA_PARALLEL_12WAY_QA-12F_f97655c/SOURCE_TRACE_MATRIX.csv,목표 환경 또는 동등 Harness 실행
CPF-FR-013353,04-00013353,Database Lifecycle,Canonical Metadata,운영,미검증,아니오,QA12F-DB-001,cpf-docs/evidence/qa/QA_PARALLEL_12WAY_QA-12F_f97655c/db-pack-static-parity.log;cpf-docs/evidence/qa/QA_PARALLEL_12WAY_QA-12F_f97655c/SOURCE_TRACE_MATRIX.csv,목표 환경 또는 동등 Harness 실행
CPF-FR-013354,04-00013354,Database Lifecycle,Canonical Metadata,실패·복구,미검증,아니오,QA12F-DB-001,cpf-docs/evidence/qa/QA_PARALLEL_12WAY_QA-12F_f97655c/db-pack-static-parity.log;cpf-docs/evidence/qa/QA_PARALLEL_12WAY_QA-12F_f97655c/SOURCE_TRACE_MATRIX.csv,목표 환경 또는 동등 Harness 실행
CPF-FR-013355,04-00013355,Database Lifecycle,Canonical Metadata,호환·배포,미검증,아니오,QA12F-DB-001,cpf-docs/evidence/qa/QA_PARALLEL_12WAY_QA-12F_f97655c/db-pack-static-parity.log;cpf-docs/evidence/qa/QA_PARALLEL_12WAY_QA-12F_f97655c/SOURCE_TRACE_MATRIX.csv,목표 환경 또는 동등 Harness 실행
CPF-FR-013356,04-00013356,Database Lifecycle,Canonical Metadata,검증·Evidence,미검증,아니오,QA12F-DB-001,cpf-docs/evidence/qa/QA_PARALLEL_12WAY_QA-12F_f97655c/db-pack-static-parity.log;cpf-docs/evidence/qa/QA_PARALLEL_12WAY_QA-12F_f97655c/SOURCE_TRACE_MATRIX.csv,목표 환경 또는 동등 Harness 실행
CPF-FR-013357,04-00013357,Database Lifecycle,Schema Provision,계약,미검증,아니오,QA12F-DB-001,cpf-docs/evidence/qa/QA_PARALLEL_12WAY_QA-12F_f97655c/db-pack-static-parity.log;cpf-docs/evidence/qa/QA_PARALLEL_12WAY_QA-12F_f97655c/SOURCE_TRACE_MATRIX.csv,목표 환경 또는 동등 Harness 실행
CPF-FR-013358,04-00013358,Database Lifecycle,Schema Provision,기본 구현,미검증,아니오,QA12F-DB-001,cpf-docs/evidence/qa/QA_PARALLEL_12WAY_QA-12F_f97655c/db-pack-static-parity.log;cpf-docs/evidence/qa/QA_PARALLEL_12WAY_QA-12F_f97655c/SOURCE_TRACE_MATRIX.csv,목표 환경 또는 동등 Harness 실행
CPF-FR-013359,04-00013359,Database Lifecycle,Schema Provision,상태·데이터,미검증,아니오,QA12F-DB-001,cpf-docs/evidence/qa/QA_PARALLEL_12WAY_QA-12F_f97655c/db-pack-static-parity.log;cpf-docs/evidence/qa/QA_PARALLEL_12WAY_QA-12F_f97655c/SOURCE_TRACE_MATRIX.csv,목표 환경 또는 동등 Harness 실행
CPF-FR-013360,04-00013360,Database Lifecycle,Schema Provision,보안·권한,미검증,아니오,QA12F-DB-001,cpf-docs/evidence/qa/QA_PARALLEL_12WAY_QA-12F_f97655c/db-pack-static-parity.log;cpf-docs/evidence/qa/QA_PARALLEL_12WAY_QA-12F_f97655c/SOURCE_TRACE_MATRIX.csv,목표 환경 또는 동등 Harness 실행
CPF-FR-013361,04-00013361,Database Lifecycle,Schema Provision,운영,미검증,아니오,QA12F-DB-001,cpf-docs/evidence/qa/QA_PARALLEL_12WAY_QA-12F_f97655c/db-pack-static-parity.log;cpf-docs/evidence/qa/QA_PARALLEL_12WAY_QA-12F_f97655c/SOURCE_TRACE_MATRIX.csv,목표 환경 또는 동등 Harness 실행
CPF-FR-013362,04-00013362,Database Lifecycle,Schema Provision,실패·복구,미검증,아니오,QA12F-DB-001,cpf-docs/evidence/qa/QA_PARALLEL_12WAY_QA-12F_f97655c/db-pack-static-parity.log;cpf-docs/evidence/qa/QA_PARALLEL_12WAY_QA-12F_f97655c/SOURCE_TRACE_MATRIX.csv,목표 환경 또는 동등 Harness 실행
CPF-FR-013363,04-00013363,Database Lifecycle,Schema Provision,호환·배포,미검증,아니오,QA12F-DB-001,cpf-docs/evidence/qa/QA_PARALLEL_12WAY_QA-12F_f97655c/db-pack-static-parity.log;cpf-docs/evidence/qa/QA_PARALLEL_12WAY_QA-12F_f97655c/SOURCE_TRACE_MATRIX.csv,목표 환경 또는 동등 Harness 실행
CPF-FR-013364,04-00013364,Database Lifecycle,Schema Provision,검증·Evidence,미검증,아니오,QA12F-DB-001,cpf-docs/evidence/qa/QA_PARALLEL_12WAY_QA-12F_f97655c/db-pack-static-parity.log;cpf-docs/evidence/qa/QA_PARALLEL_12WAY_QA-12F_f97655c/SOURCE_TRACE_MATRIX.csv,목표 환경 또는 동등 Harness 실행
CPF-FR-013365,04-00013365,Database Lifecycle,Service User Provision,계약,미검증,아니오,QA12F-DB-001,cpf-docs/evidence/qa/QA_PARALLEL_12WAY_QA-12F_f97655c/db-pack-static-parity.log;cpf-docs/evidence/qa/QA_PARALLEL_12WAY_QA-12F_f97655c/SOURCE_TRACE_MATRIX.csv,목표 환경 또는 동등 Harness 실행
CPF-FR-013366,04-00013366,Database Lifecycle,Service User Provision,기본 구현,미검증,아니오,QA12F-DB-001,cpf-docs/evidence/qa/QA_PARALLEL_12WAY_QA-12F_f97655c/db-pack-static-parity.log;cpf-docs/evidence/qa/QA_PARALLEL_12WAY_QA-12F_f97655c/SOURCE_TRACE_MATRIX.csv,목표 환경 또는 동등 Harness 실행
CPF-FR-013367,04-00013367,Database Lifecycle,Service User Provision,상태·데이터,미검증,아니오,QA12F-DB-001,cpf-docs/evidence/qa/QA_PARALLEL_12WAY_QA-12F_f97655c/db-pack-static-parity.log;cpf-docs/evidence/qa/QA_PARALLEL_12WAY_QA-12F_f97655c/SOURCE_TRACE_MATRIX.csv,목표 환경 또는 동등 Harness 실행
CPF-FR-013368,04-00013368,Database Lifecycle,Service User Provision,보안·권한,미검증,아니오,QA12F-DB-001,cpf-docs/evidence/qa/QA_PARALLEL_12WAY_QA-12F_f97655c/db-pack-static-parity.log;cpf-docs/evidence/qa/QA_PARALLEL_12WAY_QA-12F_f97655c/SOURCE_TRACE_MATRIX.csv,목표 환경 또는 동등 Harness 실행
CPF-FR-013369,04-00013369,Database Lifecycle,Service User Provision,운영,미검증,아니오,QA12F-DB-001,cpf-docs/evidence/qa/QA_PARALLEL_12WAY_QA-12F_f97655c/db-pack-static-parity.log;cpf-docs/evidence/qa/QA_PARALLEL_12WAY_QA-12F_f97655c/SOURCE_TRACE_MATRIX.csv,목표 환경 또는 동등 Harness 실행
CPF-FR-013370,04-00013370,Database Lifecycle,Service User Provision,실패·복구,미검증,아니오,QA12F-DB-001,cpf-docs/evidence/qa/QA_PARALLEL_12WAY_QA-12F_f97655c/db-pack-static-parity.log;cpf-docs/evidence/qa/QA_PARALLEL_12WAY_QA-12F_f97655c/SOURCE_TRACE_MATRIX.csv,목표 환경 또는 동등 Harness 실행
CPF-FR-013371,04-00013371,Database Lifecycle,Service User Provision,호환·배포,미검증,아니오,QA12F-DB-001,cpf-docs/evidence/qa/QA_PARALLEL_12WAY_QA-12F_f97655c/db-pack-static-parity.log;cpf-docs/evidence/qa/QA_PARALLEL_12WAY_QA-12F_f97655c/SOURCE_TRACE_MATRIX.csv,목표 환경 또는 동등 Harness 실행
CPF-FR-013372,04-00013372,Database Lifecycle,Service User Provision,검증·Evidence,미검증,아니오,QA12F-DB-001,cpf-docs/evidence/qa/QA_PARALLEL_12WAY_QA-12F_f97655c/db-pack-static-parity.log;cpf-docs/evidence/qa/QA_PARALLEL_12WAY_QA-12F_f97655c/SOURCE_TRACE_MATRIX.csv,목표 환경 또는 동등 Harness 실행
CPF-FR-013373,04-00013373,Database Lifecycle,Least Privilege,계약,미검증,아니오,QA12F-DB-001,cpf-docs/evidence/qa/QA_PARALLEL_12WAY_QA-12F_f97655c/db-pack-static-parity.log;cpf-docs/evidence/qa/QA_PARALLEL_12WAY_QA-12F_f97655c/SOURCE_TRACE_MATRIX.csv,목표 환경 또는 동등 Harness 실행
CPF-FR-013374,04-00013374,Database Lifecycle,Least Privilege,기본 구현,미검증,아니오,QA12F-DB-001,cpf-docs/evidence/qa/QA_PARALLEL_12WAY_QA-12F_f97655c/db-pack-static-parity.log;cpf-docs/evidence/qa/QA_PARALLEL_12WAY_QA-12F_f97655c/SOURCE_TRACE_MATRIX.csv,목표 환경 또는 동등 Harness 실행
CPF-FR-013375,04-00013375,Database Lifecycle,Least Privilege,상태·데이터,미검증,아니오,QA12F-DB-001,cpf-docs/evidence/qa/QA_PARALLEL_12WAY_QA-12F_f97655c/db-pack-static-parity.log;cpf-docs/evidence/qa/QA_PARALLEL_12WAY_QA-12F_f97655c/SOURCE_TRACE_MATRIX.csv,목표 환경 또는 동등 Harness 실행
CPF-FR-013376,04-00013376,Database Lifecycle,Least Privilege,보안·권한,미검증,아니오,QA12F-DB-001,cpf-docs/evidence/qa/QA_PARALLEL_12WAY_QA-12F_f97655c/db-pack-static-parity.log;cpf-docs/evidence/qa/QA_PARALLEL_12WAY_QA-12F_f97655c/SOURCE_TRACE_MATRIX.csv,목표 환경 또는 동등 Harness 실행
CPF-FR-013377,04-00013377,Database Lifecycle,Least Privilege,운영,미검증,아니오,QA12F-DB-001,cpf-docs/evidence/qa/QA_PARALLEL_12WAY_QA-12F_f97655c/db-pack-static-parity.log;cpf-docs/evidence/qa/QA_PARALLEL_12WAY_QA-12F_f97655c/SOURCE_TRACE_MATRIX.csv,목표 환경 또는 동등 Harness 실행
CPF-FR-013378,04-00013378,Database Lifecycle,Least Privilege,실패·복구,미검증,아니오,QA12F-DB-001,cpf-docs/evidence/qa/QA_PARALLEL_12WAY_QA-12F_f97655c/db-pack-static-parity.log;cpf-docs/evidence/qa/QA_PARALLEL_12WAY_QA-12F_f97655c/SOURCE_TRACE_MATRIX.csv,목표 환경 또는 동등 Harness 실행
CPF-FR-013379,04-00013379,Database Lifecycle,Least Privilege,호환·배포,미검증,아니오,QA12F-DB-001,cpf-docs/evidence/qa/QA_PARALLEL_12WAY_QA-12F_f97655c/db-pack-static-parity.log;cpf-docs/evidence/qa/QA_PARALLEL_12WAY_QA-12F_f97655c/SOURCE_TRACE_MATRIX.csv,목표 환경 또는 동등 Harness 실행
CPF-FR-013380,04-00013380,Database Lifecycle,Least Privilege,검증·Evidence,미검증,아니오,QA12F-DB-001,cpf-docs/evidence/qa/QA_PARALLEL_12WAY_QA-12F_f97655c/db-pack-static-parity.log;cpf-docs/evidence/qa/QA_PARALLEL_12WAY_QA-12F_f97655c/SOURCE_TRACE_MATRIX.csv,목표 환경 또는 동등 Harness 실행
CPF-FR-013381,04-00013381,Database Lifecycle,Table Definition,계약,미검증,아니오,QA12F-DB-001,cpf-docs/evidence/qa/QA_PARALLEL_12WAY_QA-12F_f97655c/db-pack-static-parity.log;cpf-docs/evidence/qa/QA_PARALLEL_12WAY_QA-12F_f97655c/SOURCE_TRACE_MATRIX.csv,목표 환경 또는 동등 Harness 실행
CPF-FR-013382,04-00013382,Database Lifecycle,Table Definition,기본 구현,미검증,아니오,QA12F-DB-001,cpf-docs/evidence/qa/QA_PARALLEL_12WAY_QA-12F_f97655c/db-pack-static-parity.log;cpf-docs/evidence/qa/QA_PARALLEL_12WAY_QA-12F_f97655c/SOURCE_TRACE_MATRIX.csv,목표 환경 또는 동등 Harness 실행
CPF-FR-013383,04-00013383,Database Lifecycle,Table Definition,상태·데이터,미검증,아니오,QA12F-DB-001,cpf-docs/evidence/qa/QA_PARALLEL_12WAY_QA-12F_f97655c/db-pack-static-parity.log;cpf-docs/evidence/qa/QA_PARALLEL_12WAY_QA-12F_f97655c/SOURCE_TRACE_MATRIX.csv,목표 환경 또는 동등 Harness 실행
CPF-FR-013384,04-00013384,Database Lifecycle,Table Definition,보안·권한,미검증,아니오,QA12F-DB-001,cpf-docs/evidence/qa/QA_PARALLEL_12WAY_QA-12F_f97655c/db-pack-static-parity.log;cpf-docs/evidence/qa/QA_PARALLEL_12WAY_QA-12F_f97655c/SOURCE_TRACE_MATRIX.csv,목표 환경 또는 동등 Harness 실행
CPF-FR-013385,04-00013385,Database Lifecycle,Table Definition,운영,미검증,아니오,QA12F-DB-001,cpf-docs/evidence/qa/QA_PARALLEL_12WAY_QA-12F_f97655c/db-pack-static-parity.log;cpf-docs/evidence/qa/QA_PARALLEL_12WAY_QA-12F_f97655c/SOURCE_TRACE_MATRIX.csv,목표 환경 또는 동등 Harness 실행
CPF-FR-013386,04-00013386,Database Lifecycle,Table Definition,실패·복구,미검증,아니오,QA12F-DB-001,cpf-docs/evidence/qa/QA_PARALLEL_12WAY_QA-12F_f97655c/db-pack-static-parity.log;cpf-docs/evidence/qa/QA_PARALLEL_12WAY_QA-12F_f97655c/SOURCE_TRACE_MATRIX.csv,목표 환경 또는 동등 Harness 실행
CPF-FR-013387,04-00013387,Database Lifecycle,Table Definition,호환·배포,미검증,아니오,QA12F-DB-001,cpf-docs/evidence/qa/QA_PARALLEL_12WAY_QA-12F_f97655c/db-pack-static-parity.log;cpf-docs/evidence/qa/QA_PARALLEL_12WAY_QA-12F_f97655c/SOURCE_TRACE_MATRIX.csv,목표 환경 또는 동등 Harness 실행
CPF-FR-013388,04-00013388,Database Lifecycle,Table Definition,검증·Evidence,미검증,아니오,QA12F-DB-001,cpf-docs/evidence/qa/QA_PARALLEL_12WAY_QA-12F_f97655c/db-pack-static-parity.log;cpf-docs/evidence/qa/QA_PARALLEL_12WAY_QA-12F_f97655c/SOURCE_TRACE_MATRIX.csv,목표 환경 또는 동등 Harness 실행
CPF-FR-013389,04-00013389,Database Lifecycle,Index Definition,계약,미검증,아니오,QA12F-DB-001,cpf-docs/evidence/qa/QA_PARALLEL_12WAY_QA-12F_f97655c/db-pack-static-parity.log;cpf-docs/evidence/qa/QA_PARALLEL_12WAY_QA-12F_f97655c/SOURCE_TRACE_MATRIX.csv,목표 환경 또는 동등 Harness 실행
CPF-FR-013390,04-00013390,Database Lifecycle,Index Definition,기본 구현,미검증,아니오,QA12F-DB-001,cpf-docs/evidence/qa/QA_PARALLEL_12WAY_QA-12F_f97655c/db-pack-static-parity.log;cpf-docs/evidence/qa/QA_PARALLEL_12WAY_QA-12F_f97655c/SOURCE_TRACE_MATRIX.csv,목표 환경 또는 동등 Harness 실행
CPF-FR-013391,04-00013391,Database Lifecycle,Index Definition,상태·데이터,미검증,아니오,QA12F-DB-001,cpf-docs/evidence/qa/QA_PARALLEL_12WAY_QA-12F_f97655c/db-pack-static-parity.log;cpf-docs/evidence/qa/QA_PARALLEL_12WAY_QA-12F_f97655c/SOURCE_TRACE_MATRIX.csv,목표 환경 또는 동등 Harness 실행
CPF-FR-013392,04-00013392,Database Lifecycle,Index Definition,보안·권한,미검증,아니오,QA12F-DB-001,cpf-docs/evidence/qa/QA_PARALLEL_12WAY_QA-12F_f97655c/db-pack-static-parity.log;cpf-docs/evidence/qa/QA_PARALLEL_12WAY_QA-12F_f97655c/SOURCE_TRACE_MATRIX.csv,목표 환경 또는 동등 Harness 실행
CPF-FR-013393,04-00013393,Database Lifecycle,Index Definition,운영,미검증,아니오,QA12F-DB-001,cpf-docs/evidence/qa/QA_PARALLEL_12WAY_QA-12F_f97655c/db-pack-static-parity.log;cpf-docs/evidence/qa/QA_PARALLEL_12WAY_QA-12F_f97655c/SOURCE_TRACE_MATRIX.csv,목표 환경 또는 동등 Harness 실행
CPF-FR-013394,04-00013394,Database Lifecycle,Index Definition,실패·복구,미검증,아니오,QA12F-DB-001,cpf-docs/evidence/qa/QA_PARALLEL_12WAY_QA-12F_f97655c/db-pack-static-parity.log;cpf-docs/evidence/qa/QA_PARALLEL_12WAY_QA-12F_f97655c/SOURCE_TRACE_MATRIX.csv,목표 환경 또는 동등 Harness 실행
CPF-FR-013395,04-00013395,Database Lifecycle,Index Definition,호환·배포,미검증,아니오,QA12F-DB-001,cpf-docs/evidence/qa/QA_PARALLEL_12WAY_QA-12F_f97655c/db-pack-static-parity.log;cpf-docs/evidence/qa/QA_PARALLEL_12WAY_QA-12F_f97655c/SOURCE_TRACE_MATRIX.csv,목표 환경 또는 동등 Harness 실행
CPF-FR-013396,04-00013396,Database Lifecycle,Index Definition,검증·Evidence,미검증,아니오,QA12F-DB-001,cpf-docs/evidence/qa/QA_PARALLEL_12WAY_QA-12F_f97655c/db-pack-static-parity.log;cpf-docs/evidence/qa/QA_PARALLEL_12WAY_QA-12F_f97655c/SOURCE_TRACE_MATRIX.csv,목표 환경 또는 동등 Harness 실행
CPF-FR-013397,04-00013397,Database Lifecycle,FK Definition,계약,미검증,아니오,QA12F-DB-001,cpf-docs/evidence/qa/QA_PARALLEL_12WAY_QA-12F_f97655c/db-pack-static-parity.log;cpf-docs/evidence/qa/QA_PARALLEL_12WAY_QA-12F_f97655c/SOURCE_TRACE_MATRIX.csv,목표 환경 또는 동등 Harness 실행
CPF-FR-013398,04-00013398,Database Lifecycle,FK Definition,기본 구현,미검증,아니오,QA12F-DB-001,cpf-docs/evidence/qa/QA_PARALLEL_12WAY_QA-12F_f97655c/db-pack-static-parity.log;cpf-docs/evidence/qa/QA_PARALLEL_12WAY_QA-12F_f97655c/SOURCE_TRACE_MATRIX.csv,목표 환경 또는 동등 Harness 실행
CPF-FR-013399,04-00013399,Database Lifecycle,FK Definition,상태·데이터,미검증,아니오,QA12F-DB-001,cpf-docs/evidence/qa/QA_PARALLEL_12WAY_QA-12F_f97655c/db-pack-static-parity.log;cpf-docs/evidence/qa/QA_PARALLEL_12WAY_QA-12F_f97655c/SOURCE_TRACE_MATRIX.csv,목표 환경 또는 동등 Harness 실행
CPF-FR-013400,04-00013400,Database Lifecycle,FK Definition,보안·권한,미검증,아니오,QA12F-DB-001,cpf-docs/evidence/qa/QA_PARALLEL_12WAY_QA-12F_f97655c/db-pack-static-parity.log;cpf-docs/evidence/qa/QA_PARALLEL_12WAY_QA-12F_f97655c/SOURCE_TRACE_MATRIX.csv,목표 환경 또는 동등 Harness 실행
CPF-FR-013401,04-00013401,Database Lifecycle,FK Definition,운영,미검증,아니오,QA12F-DB-001,cpf-docs/evidence/qa/QA_PARALLEL_12WAY_QA-12F_f97655c/db-pack-static-parity.log;cpf-docs/evidence/qa/QA_PARALLEL_12WAY_QA-12F_f97655c/SOURCE_TRACE_MATRIX.csv,목표 환경 또는 동등 Harness 실행
CPF-FR-013402,04-00013402,Database Lifecycle,FK Definition,실패·복구,미검증,아니오,QA12F-DB-001,cpf-docs/evidence/qa/QA_PARALLEL_12WAY_QA-12F_f97655c/db-pack-static-parity.log;cpf-docs/evidence/qa/QA_PARALLEL_12WAY_QA-12F_f97655c/SOURCE_TRACE_MATRIX.csv,목표 환경 또는 동등 Harness 실행
CPF-FR-013403,04-00013403,Database Lifecycle,FK Definition,호환·배포,미검증,아니오,QA12F-DB-001,cpf-docs/evidence/qa/QA_PARALLEL_12WAY_QA-12F_f97655c/db-pack-static-parity.log;cpf-docs/evidence/qa/QA_PARALLEL_12WAY_QA-12F_f97655c/SOURCE_TRACE_MATRIX.csv,목표 환경 또는 동등 Harness 실행
CPF-FR-013404,04-00013404,Database Lifecycle,FK Definition,검증·Evidence,미검증,아니오,QA12F-DB-001,cpf-docs/evidence/qa/QA_PARALLEL_12WAY_QA-12F_f97655c/db-pack-static-parity.log;cpf-docs/evidence/qa/QA_PARALLEL_12WAY_QA-12F_f97655c/SOURCE_TRACE_MATRIX.csv,목표 환경 또는 동등 Harness 실행
CPF-FR-013405,04-00013405,Database Lifecycle,Check Constraint,계약,미검증,아니오,QA12F-DB-001,cpf-docs/evidence/qa/QA_PARALLEL_12WAY_QA-12F_f97655c/db-pack-static-parity.log;cpf-docs/evidence/qa/QA_PARALLEL_12WAY_QA-12F_f97655c/SOURCE_TRACE_MATRIX.csv,목표 환경 또는 동등 Harness 실행
CPF-FR-013406,04-00013406,Database Lifecycle,Check Constraint,기본 구현,미검증,아니오,QA12F-DB-001,cpf-docs/evidence/qa/QA_PARALLEL_12WAY_QA-12F_f97655c/db-pack-static-parity.log;cpf-docs/evidence/qa/QA_PARALLEL_12WAY_QA-12F_f97655c/SOURCE_TRACE_MATRIX.csv,목표 환경 또는 동등 Harness 실행
CPF-FR-013407,04-00013407,Database Lifecycle,Check Constraint,상태·데이터,미검증,아니오,QA12F-DB-001,cpf-docs/evidence/qa/QA_PARALLEL_12WAY_QA-12F_f97655c/db-pack-static-parity.log;cpf-docs/evidence/qa/QA_PARALLEL_12WAY_QA-12F_f97655c/SOURCE_TRACE_MATRIX.csv,목표 환경 또는 동등 Harness 실행
CPF-FR-013408,04-00013408,Database Lifecycle,Check Constraint,보안·권한,미검증,아니오,QA12F-DB-001,cpf-docs/evidence/qa/QA_PARALLEL_12WAY_QA-12F_f97655c/db-pack-static-parity.log;cpf-docs/evidence/qa/QA_PARALLEL_12WAY_QA-12F_f97655c/SOURCE_TRACE_MATRIX.csv,목표 환경 또는 동등 Harness 실행
CPF-FR-013409,04-00013409,Database Lifecycle,Check Constraint,운영,미검증,아니오,QA12F-DB-001,cpf-docs/evidence/qa/QA_PARALLEL_12WAY_QA-12F_f97655c/db-pack-static-parity.log;cpf-docs/evidence/qa/QA_PARALLEL_12WAY_QA-12F_f97655c/SOURCE_TRACE_MATRIX.csv,목표 환경 또는 동등 Harness 실행
CPF-FR-013410,04-00013410,Database Lifecycle,Check Constraint,실패·복구,미검증,아니오,QA12F-DB-001,cpf-docs/evidence/qa/QA_PARALLEL_12WAY_QA-12F_f97655c/db-pack-static-parity.log;cpf-docs/evidence/qa/QA_PARALLEL_12WAY_QA-12F_f97655c/SOURCE_TRACE_MATRIX.csv,목표 환경 또는 동등 Harness 실행
CPF-FR-013411,04-00013411,Database Lifecycle,Check Constraint,호환·배포,미검증,아니오,QA12F-DB-001,cpf-docs/evidence/qa/QA_PARALLEL_12WAY_QA-12F_f97655c/db-pack-static-parity.log;cpf-docs/evidence/qa/QA_PARALLEL_12WAY_QA-12F_f97655c/SOURCE_TRACE_MATRIX.csv,목표 환경 또는 동등 Harness 실행
CPF-FR-013412,04-00013412,Database Lifecycle,Check Constraint,검증·Evidence,미검증,아니오,QA12F-DB-001,cpf-docs/evidence/qa/QA_PARALLEL_12WAY_QA-12F_f97655c/db-pack-static-parity.log;cpf-docs/evidence/qa/QA_PARALLEL_12WAY_QA-12F_f97655c/SOURCE_TRACE_MATRIX.csv,목표 환경 또는 동등 Harness 실행
CPF-FR-013413,04-00013413,Database Lifecycle,Mandatory Seed,계약,미검증,아니오,QA12F-DB-001,cpf-docs/evidence/qa/QA_PARALLEL_12WAY_QA-12F_f97655c/db-pack-static-parity.log;cpf-docs/evidence/qa/QA_PARALLEL_12WAY_QA-12F_f97655c/SOURCE_TRACE_MATRIX.csv,목표 환경 또는 동등 Harness 실행
CPF-FR-013414,04-00013414,Database Lifecycle,Mandatory Seed,기본 구현,미검증,아니오,QA12F-DB-001,cpf-docs/evidence/qa/QA_PARALLEL_12WAY_QA-12F_f97655c/db-pack-static-parity.log;cpf-docs/evidence/qa/QA_PARALLEL_12WAY_QA-12F_f97655c/SOURCE_TRACE_MATRIX.csv,목표 환경 또는 동등 Harness 실행
CPF-FR-013415,04-00013415,Database Lifecycle,Mandatory Seed,상태·데이터,미검증,아니오,QA12F-DB-001,cpf-docs/evidence/qa/QA_PARALLEL_12WAY_QA-12F_f97655c/db-pack-static-parity.log;cpf-docs/evidence/qa/QA_PARALLEL_12WAY_QA-12F_f97655c/SOURCE_TRACE_MATRIX.csv,목표 환경 또는 동등 Harness 실행
CPF-FR-013416,04-00013416,Database Lifecycle,Mandatory Seed,보안·권한,미검증,아니오,QA12F-DB-001,cpf-docs/evidence/qa/QA_PARALLEL_12WAY_QA-12F_f97655c/db-pack-static-parity.log;cpf-docs/evidence/qa/QA_PARALLEL_12WAY_QA-12F_f97655c/SOURCE_TRACE_MATRIX.csv,목표 환경 또는 동등 Harness 실행
CPF-FR-013417,04-00013417,Database Lifecycle,Mandatory Seed,운영,미검증,아니오,QA12F-DB-001,cpf-docs/evidence/qa/QA_PARALLEL_12WAY_QA-12F_f97655c/db-pack-static-parity.log;cpf-docs/evidence/qa/QA_PARALLEL_12WAY_QA-12F_f97655c/SOURCE_TRACE_MATRIX.csv,목표 환경 또는 동등 Harness 실행
CPF-FR-013418,04-00013418,Database Lifecycle,Mandatory Seed,실패·복구,미검증,아니오,QA12F-DB-001,cpf-docs/evidence/qa/QA_PARALLEL_12WAY_QA-12F_f97655c/db-pack-static-parity.log;cpf-docs/evidence/qa/QA_PARALLEL_12WAY_QA-12F_f97655c/SOURCE_TRACE_MATRIX.csv,목표 환경 또는 동등 Harness 실행
CPF-FR-013419,04-00013419,Database Lifecycle,Mandatory Seed,호환·배포,미검증,아니오,QA12F-DB-001,cpf-docs/evidence/qa/QA_PARALLEL_12WAY_QA-12F_f97655c/db-pack-static-parity.log;cpf-docs/evidence/qa/QA_PARALLEL_12WAY_QA-12F_f97655c/SOURCE_TRACE_MATRIX.csv,목표 환경 또는 동등 Harness 실행
CPF-FR-013420,04-00013420,Database Lifecycle,Mandatory Seed,검증·Evidence,미검증,아니오,QA12F-DB-001,cpf-docs/evidence/qa/QA_PARALLEL_12WAY_QA-12F_f97655c/db-pack-static-parity.log;cpf-docs/evidence/qa/QA_PARALLEL_12WAY_QA-12F_f97655c/SOURCE_TRACE_MATRIX.csv,목표 환경 또는 동등 Harness 실행
CPF-FR-013421,04-00013421,Database Lifecycle,Seed Idempotency,계약,미검증,아니오,QA12F-DB-001,cpf-docs/evidence/qa/QA_PARALLEL_12WAY_QA-12F_f97655c/db-pack-static-parity.log;cpf-docs/evidence/qa/QA_PARALLEL_12WAY_QA-12F_f97655c/SOURCE_TRACE_MATRIX.csv,목표 환경 또는 동등 Harness 실행
CPF-FR-013422,04-00013422,Database Lifecycle,Seed Idempotency,기본 구현,미검증,아니오,QA12F-DB-001,cpf-docs/evidence/qa/QA_PARALLEL_12WAY_QA-12F_f97655c/db-pack-static-parity.log;cpf-docs/evidence/qa/QA_PARALLEL_12WAY_QA-12F_f97655c/SOURCE_TRACE_MATRIX.csv,목표 환경 또는 동등 Harness 실행
CPF-FR-013423,04-00013423,Database Lifecycle,Seed Idempotency,상태·데이터,미검증,아니오,QA12F-DB-001,cpf-docs/evidence/qa/QA_PARALLEL_12WAY_QA-12F_f97655c/db-pack-static-parity.log;cpf-docs/evidence/qa/QA_PARALLEL_12WAY_QA-12F_f97655c/SOURCE_TRACE_MATRIX.csv,목표 환경 또는 동등 Harness 실행
CPF-FR-013424,04-00013424,Database Lifecycle,Seed Idempotency,보안·권한,미검증,아니오,QA12F-DB-001,cpf-docs/evidence/qa/QA_PARALLEL_12WAY_QA-12F_f97655c/db-pack-static-parity.log;cpf-docs/evidence/qa/QA_PARALLEL_12WAY_QA-12F_f97655c/SOURCE_TRACE_MATRIX.csv,목표 환경 또는 동등 Harness 실행
CPF-FR-013425,04-00013425,Database Lifecycle,Seed Idempotency,운영,미검증,아니오,QA12F-DB-001,cpf-docs/evidence/qa/QA_PARALLEL_12WAY_QA-12F_f97655c/db-pack-static-parity.log;cpf-docs/evidence/qa/QA_PARALLEL_12WAY_QA-12F_f97655c/SOURCE_TRACE_MATRIX.csv,목표 환경 또는 동등 Harness 실행
CPF-FR-013426,04-00013426,Database Lifecycle,Seed Idempotency,실패·복구,미검증,아니오,QA12F-DB-001,cpf-docs/evidence/qa/QA_PARALLEL_12WAY_QA-12F_f97655c/db-pack-static-parity.log;cpf-docs/evidence/qa/QA_PARALLEL_12WAY_QA-12F_f97655c/SOURCE_TRACE_MATRIX.csv,목표 환경 또는 동등 Harness 실행
CPF-FR-013427,04-00013427,Database Lifecycle,Seed Idempotency,호환·배포,미검증,아니오,QA12F-DB-001,cpf-docs/evidence/qa/QA_PARALLEL_12WAY_QA-12F_f97655c/db-pack-static-parity.log;cpf-docs/evidence/qa/QA_PARALLEL_12WAY_QA-12F_f97655c/SOURCE_TRACE_MATRIX.csv,목표 환경 또는 동등 Harness 실행
CPF-FR-013428,04-00013428,Database Lifecycle,Seed Idempotency,검증·Evidence,미검증,아니오,QA12F-DB-001,cpf-docs/evidence/qa/QA_PARALLEL_12WAY_QA-12F_f97655c/db-pack-static-parity.log;cpf-docs/evidence/qa/QA_PARALLEL_12WAY_QA-12F_f97655c/SOURCE_TRACE_MATRIX.csv,목표 환경 또는 동등 Harness 실행
CPF-FR-013429,04-00013429,Database Lifecycle,Fresh Install,계약,미검증,아니오,QA12F-DB-001,cpf-docs/evidence/qa/QA_PARALLEL_12WAY_QA-12F_f97655c/db-pack-static-parity.log;cpf-docs/evidence/qa/QA_PARALLEL_12WAY_QA-12F_f97655c/SOURCE_TRACE_MATRIX.csv,목표 환경 또는 동등 Harness 실행
CPF-FR-013430,04-00013430,Database Lifecycle,Fresh Install,기본 구현,미검증,아니오,QA12F-DB-001,cpf-docs/evidence/qa/QA_PARALLEL_12WAY_QA-12F_f97655c/db-pack-static-parity.log;cpf-docs/evidence/qa/QA_PARALLEL_12WAY_QA-12F_f97655c/SOURCE_TRACE_MATRIX.csv,목표 환경 또는 동등 Harness 실행
CPF-FR-013431,04-00013431,Database Lifecycle,Fresh Install,상태·데이터,미검증,아니오,QA12F-DB-001,cpf-docs/evidence/qa/QA_PARALLEL_12WAY_QA-12F_f97655c/db-pack-static-parity.log;cpf-docs/evidence/qa/QA_PARALLEL_12WAY_QA-12F_f97655c/SOURCE_TRACE_MATRIX.csv,목표 환경 또는 동등 Harness 실행
CPF-FR-013432,04-00013432,Database Lifecycle,Fresh Install,보안·권한,미검증,아니오,QA12F-DB-001,cpf-docs/evidence/qa/QA_PARALLEL_12WAY_QA-12F_f97655c/db-pack-static-parity.log;cpf-docs/evidence/qa/QA_PARALLEL_12WAY_QA-12F_f97655c/SOURCE_TRACE_MATRIX.csv,목표 환경 또는 동등 Harness 실행
CPF-FR-013433,04-00013433,Database Lifecycle,Fresh Install,운영,미검증,아니오,QA12F-DB-001,cpf-docs/evidence/qa/QA_PARALLEL_12WAY_QA-12F_f97655c/db-pack-static-parity.log;cpf-docs/evidence/qa/QA_PARALLEL_12WAY_QA-12F_f97655c/SOURCE_TRACE_MATRIX.csv,목표 환경 또는 동등 Harness 실행
CPF-FR-013434,04-00013434,Database Lifecycle,Fresh Install,실패·복구,미검증,아니오,QA12F-DB-001,cpf-docs/evidence/qa/QA_PARALLEL_12WAY_QA-12F_f97655c/db-pack-static-parity.log;cpf-docs/evidence/qa/QA_PARALLEL_12WAY_QA-12F_f97655c/SOURCE_TRACE_MATRIX.csv,목표 환경 또는 동등 Harness 실행
CPF-FR-013435,04-00013435,Database Lifecycle,Fresh Install,호환·배포,미검증,아니오,QA12F-DB-001,cpf-docs/evidence/qa/QA_PARALLEL_12WAY_QA-12F_f97655c/db-pack-static-parity.log;cpf-docs/evidence/qa/QA_PARALLEL_12WAY_QA-12F_f97655c/SOURCE_TRACE_MATRIX.csv,목표 환경 또는 동등 Harness 실행
CPF-FR-013436,04-00013436,Database Lifecycle,Fresh Install,검증·Evidence,미검증,아니오,QA12F-DB-001,cpf-docs/evidence/qa/QA_PARALLEL_12WAY_QA-12F_f97655c/db-pack-static-parity.log;cpf-docs/evidence/qa/QA_PARALLEL_12WAY_QA-12F_f97655c/SOURCE_TRACE_MATRIX.csv,목표 환경 또는 동등 Harness 실행
CPF-FR-013437,04-00013437,Database Lifecycle,Reinstall,계약,미검증,아니오,QA12F-DB-001,cpf-docs/evidence/qa/QA_PARALLEL_12WAY_QA-12F_f97655c/db-pack-static-parity.log;cpf-docs/evidence/qa/QA_PARALLEL_12WAY_QA-12F_f97655c/SOURCE_TRACE_MATRIX.csv,목표 환경 또는 동등 Harness 실행
CPF-FR-013438,04-00013438,Database Lifecycle,Reinstall,기본 구현,미검증,아니오,QA12F-DB-001,cpf-docs/evidence/qa/QA_PARALLEL_12WAY_QA-12F_f97655c/db-pack-static-parity.log;cpf-docs/evidence/qa/QA_PARALLEL_12WAY_QA-12F_f97655c/SOURCE_TRACE_MATRIX.csv,목표 환경 또는 동등 Harness 실행
CPF-FR-013439,04-00013439,Database Lifecycle,Reinstall,상태·데이터,미검증,아니오,QA12F-DB-001,cpf-docs/evidence/qa/QA_PARALLEL_12WAY_QA-12F_f97655c/db-pack-static-parity.log;cpf-docs/evidence/qa/QA_PARALLEL_12WAY_QA-12F_f97655c/SOURCE_TRACE_MATRIX.csv,목표 환경 또는 동등 Harness 실행
CPF-FR-013440,04-00013440,Database Lifecycle,Reinstall,보안·권한,미검증,아니오,QA12F-DB-001,cpf-docs/evidence/qa/QA_PARALLEL_12WAY_QA-12F_f97655c/db-pack-static-parity.log;cpf-docs/evidence/qa/QA_PARALLEL_12WAY_QA-12F_f97655c/SOURCE_TRACE_MATRIX.csv,목표 환경 또는 동등 Harness 실행
CPF-FR-013441,04-00013441,Database Lifecycle,Reinstall,운영,미검증,아니오,QA12F-DB-001,cpf-docs/evidence/qa/QA_PARALLEL_12WAY_QA-12F_f97655c/db-pack-static-parity.log;cpf-docs/evidence/qa/QA_PARALLEL_12WAY_QA-12F_f97655c/SOURCE_TRACE_MATRIX.csv,목표 환경 또는 동등 Harness 실행
CPF-FR-013442,04-00013442,Database Lifecycle,Reinstall,실패·복구,미검증,아니오,QA12F-DB-001,cpf-docs/evidence/qa/QA_PARALLEL_12WAY_QA-12F_f97655c/db-pack-static-parity.log;cpf-docs/evidence/qa/QA_PARALLEL_12WAY_QA-12F_f97655c/SOURCE_TRACE_MATRIX.csv,목표 환경 또는 동등 Harness 실행
CPF-FR-013443,04-00013443,Database Lifecycle,Reinstall,호환·배포,미검증,아니오,QA12F-DB-001,cpf-docs/evidence/qa/QA_PARALLEL_12WAY_QA-12F_f97655c/db-pack-static-parity.log;cpf-docs/evidence/qa/QA_PARALLEL_12WAY_QA-12F_f97655c/SOURCE_TRACE_MATRIX.csv,목표 환경 또는 동등 Harness 실행
CPF-FR-013444,04-00013444,Database Lifecycle,Reinstall,검증·Evidence,미검증,아니오,QA12F-DB-001,cpf-docs/evidence/qa/QA_PARALLEL_12WAY_QA-12F_f97655c/db-pack-static-parity.log;cpf-docs/evidence/qa/QA_PARALLEL_12WAY_QA-12F_f97655c/SOURCE_TRACE_MATRIX.csv,목표 환경 또는 동등 Harness 실행
CPF-FR-013445,04-00013445,Database Lifecycle,Upgrade,계약,미검증,아니오,QA12F-DB-001,cpf-docs/evidence/qa/QA_PARALLEL_12WAY_QA-12F_f97655c/db-pack-static-parity.log;cpf-docs/evidence/qa/QA_PARALLEL_12WAY_QA-12F_f97655c/SOURCE_TRACE_MATRIX.csv,목표 환경 또는 동등 Harness 실행
CPF-FR-013446,04-00013446,Database Lifecycle,Upgrade,기본 구현,미검증,아니오,QA12F-DB-001,cpf-docs/evidence/qa/QA_PARALLEL_12WAY_QA-12F_f97655c/db-pack-static-parity.log;cpf-docs/evidence/qa/QA_PARALLEL_12WAY_QA-12F_f97655c/SOURCE_TRACE_MATRIX.csv,목표 환경 또는 동등 Harness 실행
CPF-FR-013447,04-00013447,Database Lifecycle,Upgrade,상태·데이터,미검증,아니오,QA12F-DB-001,cpf-docs/evidence/qa/QA_PARALLEL_12WAY_QA-12F_f97655c/db-pack-static-parity.log;cpf-docs/evidence/qa/QA_PARALLEL_12WAY_QA-12F_f97655c/SOURCE_TRACE_MATRIX.csv,목표 환경 또는 동등 Harness 실행
CPF-FR-013448,04-00013448,Database Lifecycle,Upgrade,보안·권한,미검증,아니오,QA12F-DB-001,cpf-docs/evidence/qa/QA_PARALLEL_12WAY_QA-12F_f97655c/db-pack-static-parity.log;cpf-docs/evidence/qa/QA_PARALLEL_12WAY_QA-12F_f97655c/SOURCE_TRACE_MATRIX.csv,목표 환경 또는 동등 Harness 실행
CPF-FR-013449,04-00013449,Database Lifecycle,Upgrade,운영,미검증,아니오,QA12F-DB-001,cpf-docs/evidence/qa/QA_PARALLEL_12WAY_QA-12F_f97655c/db-pack-static-parity.log;cpf-docs/evidence/qa/QA_PARALLEL_12WAY_QA-12F_f97655c/SOURCE_TRACE_MATRIX.csv,목표 환경 또는 동등 Harness 실행
CPF-FR-013450,04-00013450,Database Lifecycle,Upgrade,실패·복구,미검증,아니오,QA12F-DB-001,cpf-docs/evidence/qa/QA_PARALLEL_12WAY_QA-12F_f97655c/db-pack-static-parity.log;cpf-docs/evidence/qa/QA_PARALLEL_12WAY_QA-12F_f97655c/SOURCE_TRACE_MATRIX.csv,목표 환경 또는 동등 Harness 실행
CPF-FR-013451,04-00013451,Database Lifecycle,Upgrade,호환·배포,미검증,아니오,QA12F-DB-001,cpf-docs/evidence/qa/QA_PARALLEL_12WAY_QA-12F_f97655c/db-pack-static-parity.log;cpf-docs/evidence/qa/QA_PARALLEL_12WAY_QA-12F_f97655c/SOURCE_TRACE_MATRIX.csv,목표 환경 또는 동등 Harness 실행
CPF-FR-013452,04-00013452,Database Lifecycle,Upgrade,검증·Evidence,미검증,아니오,QA12F-DB-001,cpf-docs/evidence/qa/QA_PARALLEL_12WAY_QA-12F_f97655c/db-pack-static-parity.log;cpf-docs/evidence/qa/QA_PARALLEL_12WAY_QA-12F_f97655c/SOURCE_TRACE_MATRIX.csv,목표 환경 또는 동등 Harness 실행
CPF-FR-013453,04-00013453,Database Lifecycle,Rollback,계약,미검증,아니오,QA12F-DB-001,cpf-docs/evidence/qa/QA_PARALLEL_12WAY_QA-12F_f97655c/db-pack-static-parity.log;cpf-docs/evidence/qa/QA_PARALLEL_12WAY_QA-12F_f97655c/SOURCE_TRACE_MATRIX.csv,목표 환경 또는 동등 Harness 실행
CPF-FR-013454,04-00013454,Database Lifecycle,Rollback,기본 구현,미검증,아니오,QA12F-DB-001,cpf-docs/evidence/qa/QA_PARALLEL_12WAY_QA-12F_f97655c/db-pack-static-parity.log;cpf-docs/evidence/qa/QA_PARALLEL_12WAY_QA-12F_f97655c/SOURCE_TRACE_MATRIX.csv,목표 환경 또는 동등 Harness 실행
CPF-FR-013455,04-00013455,Database Lifecycle,Rollback,상태·데이터,미검증,아니오,QA12F-DB-001,cpf-docs/evidence/qa/QA_PARALLEL_12WAY_QA-12F_f97655c/db-pack-static-parity.log;cpf-docs/evidence/qa/QA_PARALLEL_12WAY_QA-12F_f97655c/SOURCE_TRACE_MATRIX.csv,목표 환경 또는 동등 Harness 실행
CPF-FR-013456,04-00013456,Database Lifecycle,Rollback,보안·권한,미검증,아니오,QA12F-DB-001,cpf-docs/evidence/qa/QA_PARALLEL_12WAY_QA-12F_f97655c/db-pack-static-parity.log;cpf-docs/evidence/qa/QA_PARALLEL_12WAY_QA-12F_f97655c/SOURCE_TRACE_MATRIX.csv,목표 환경 또는 동등 Harness 실행
CPF-FR-013457,04-00013457,Database Lifecycle,Rollback,운영,미검증,아니오,QA12F-DB-001,cpf-docs/evidence/qa/QA_PARALLEL_12WAY_QA-12F_f97655c/db-pack-static-parity.log;cpf-docs/evidence/qa/QA_PARALLEL_12WAY_QA-12F_f97655c/SOURCE_TRACE_MATRIX.csv,목표 환경 또는 동등 Harness 실행
CPF-FR-013458,04-00013458,Database Lifecycle,Rollback,실패·복구,미검증,아니오,QA12F-DB-001,cpf-docs/evidence/qa/QA_PARALLEL_12WAY_QA-12F_f97655c/db-pack-static-parity.log;cpf-docs/evidence/qa/QA_PARALLEL_12WAY_QA-12F_f97655c/SOURCE_TRACE_MATRIX.csv,목표 환경 또는 동등 Harness 실행
CPF-FR-013459,04-00013459,Database Lifecycle,Rollback,호환·배포,미검증,아니오,QA12F-DB-001,cpf-docs/evidence/qa/QA_PARALLEL_12WAY_QA-12F_f97655c/db-pack-static-parity.log;cpf-docs/evidence/qa/QA_PARALLEL_12WAY_QA-12F_f97655c/SOURCE_TRACE_MATRIX.csv,목표 환경 또는 동등 Harness 실행
CPF-FR-013460,04-00013460,Database Lifecycle,Rollback,검증·Evidence,미검증,아니오,QA12F-DB-001,cpf-docs/evidence/qa/QA_PARALLEL_12WAY_QA-12F_f97655c/db-pack-static-parity.log;cpf-docs/evidence/qa/QA_PARALLEL_12WAY_QA-12F_f97655c/SOURCE_TRACE_MATRIX.csv,목표 환경 또는 동등 Harness 실행
CPF-FR-013461,04-00013461,Database Lifecycle,Forward Recovery,계약,미검증,아니오,QA12F-DB-001,cpf-docs/evidence/qa/QA_PARALLEL_12WAY_QA-12F_f97655c/db-pack-static-parity.log;cpf-docs/evidence/qa/QA_PARALLEL_12WAY_QA-12F_f97655c/SOURCE_TRACE_MATRIX.csv,목표 환경 또는 동등 Harness 실행
CPF-FR-013462,04-00013462,Database Lifecycle,Forward Recovery,기본 구현,미검증,아니오,QA12F-DB-001,cpf-docs/evidence/qa/QA_PARALLEL_12WAY_QA-12F_f97655c/db-pack-static-parity.log;cpf-docs/evidence/qa/QA_PARALLEL_12WAY_QA-12F_f97655c/SOURCE_TRACE_MATRIX.csv,목표 환경 또는 동등 Harness 실행
CPF-FR-013463,04-00013463,Database Lifecycle,Forward Recovery,상태·데이터,미검증,아니오,QA12F-DB-001,cpf-docs/evidence/qa/QA_PARALLEL_12WAY_QA-12F_f97655c/db-pack-static-parity.log;cpf-docs/evidence/qa/QA_PARALLEL_12WAY_QA-12F_f97655c/SOURCE_TRACE_MATRIX.csv,목표 환경 또는 동등 Harness 실행
CPF-FR-013464,04-00013464,Database Lifecycle,Forward Recovery,보안·권한,미검증,아니오,QA12F-DB-001,cpf-docs/evidence/qa/QA_PARALLEL_12WAY_QA-12F_f97655c/db-pack-static-parity.log;cpf-docs/evidence/qa/QA_PARALLEL_12WAY_QA-12F_f97655c/SOURCE_TRACE_MATRIX.csv,목표 환경 또는 동등 Harness 실행
CPF-FR-013465,04-00013465,Database Lifecycle,Forward Recovery,운영,미검증,아니오,QA12F-DB-001,cpf-docs/evidence/qa/QA_PARALLEL_12WAY_QA-12F_f97655c/db-pack-static-parity.log;cpf-docs/evidence/qa/QA_PARALLEL_12WAY_QA-12F_f97655c/SOURCE_TRACE_MATRIX.csv,목표 환경 또는 동등 Harness 실행
CPF-FR-013466,04-00013466,Database Lifecycle,Forward Recovery,실패·복구,미검증,아니오,QA12F-DB-001,cpf-docs/evidence/qa/QA_PARALLEL_12WAY_QA-12F_f97655c/db-pack-static-parity.log;cpf-docs/evidence/qa/QA_PARALLEL_12WAY_QA-12F_f97655c/SOURCE_TRACE_MATRIX.csv,목표 환경 또는 동등 Harness 실행
CPF-FR-013467,04-00013467,Database Lifecycle,Forward Recovery,호환·배포,미검증,아니오,QA12F-DB-001,cpf-docs/evidence/qa/QA_PARALLEL_12WAY_QA-12F_f97655c/db-pack-static-parity.log;cpf-docs/evidence/qa/QA_PARALLEL_12WAY_QA-12F_f97655c/SOURCE_TRACE_MATRIX.csv,목표 환경 또는 동등 Harness 실행
CPF-FR-013468,04-00013468,Database Lifecycle,Forward Recovery,검증·Evidence,미검증,아니오,QA12F-DB-001,cpf-docs/evidence/qa/QA_PARALLEL_12WAY_QA-12F_f97655c/db-pack-static-parity.log;cpf-docs/evidence/qa/QA_PARALLEL_12WAY_QA-12F_f97655c/SOURCE_TRACE_MATRIX.csv,목표 환경 또는 동등 Harness 실행
CPF-FR-013469,04-00013469,Database Lifecycle,Reapply,계약,미검증,아니오,QA12F-DB-001,cpf-docs/evidence/qa/QA_PARALLEL_12WAY_QA-12F_f97655c/db-pack-static-parity.log;cpf-docs/evidence/qa/QA_PARALLEL_12WAY_QA-12F_f97655c/SOURCE_TRACE_MATRIX.csv,목표 환경 또는 동등 Harness 실행
CPF-FR-013470,04-00013470,Database Lifecycle,Reapply,기본 구현,미검증,아니오,QA12F-DB-001,cpf-docs/evidence/qa/QA_PARALLEL_12WAY_QA-12F_f97655c/db-pack-static-parity.log;cpf-docs/evidence/qa/QA_PARALLEL_12WAY_QA-12F_f97655c/SOURCE_TRACE_MATRIX.csv,목표 환경 또는 동등 Harness 실행
CPF-FR-013471,04-00013471,Database Lifecycle,Reapply,상태·데이터,미검증,아니오,QA12F-DB-001,cpf-docs/evidence/qa/QA_PARALLEL_12WAY_QA-12F_f97655c/db-pack-static-parity.log;cpf-docs/evidence/qa/QA_PARALLEL_12WAY_QA-12F_f97655c/SOURCE_TRACE_MATRIX.csv,목표 환경 또는 동등 Harness 실행
CPF-FR-013472,04-00013472,Database Lifecycle,Reapply,보안·권한,미검증,아니오,QA12F-DB-001,cpf-docs/evidence/qa/QA_PARALLEL_12WAY_QA-12F_f97655c/db-pack-static-parity.log;cpf-docs/evidence/qa/QA_PARALLEL_12WAY_QA-12F_f97655c/SOURCE_TRACE_MATRIX.csv,목표 환경 또는 동등 Harness 실행
CPF-FR-013473,04-00013473,Database Lifecycle,Reapply,운영,미검증,아니오,QA12F-DB-001,cpf-docs/evidence/qa/QA_PARALLEL_12WAY_QA-12F_f97655c/db-pack-static-parity.log;cpf-docs/evidence/qa/QA_PARALLEL_12WAY_QA-12F_f97655c/SOURCE_TRACE_MATRIX.csv,목표 환경 또는 동등 Harness 실행
CPF-FR-013474,04-00013474,Database Lifecycle,Reapply,실패·복구,미검증,아니오,QA12F-DB-001,cpf-docs/evidence/qa/QA_PARALLEL_12WAY_QA-12F_f97655c/db-pack-static-parity.log;cpf-docs/evidence/qa/QA_PARALLEL_12WAY_QA-12F_f97655c/SOURCE_TRACE_MATRIX.csv,목표 환경 또는 동등 Harness 실행
CPF-FR-013475,04-00013475,Database Lifecycle,Reapply,호환·배포,미검증,아니오,QA12F-DB-001,cpf-docs/evidence/qa/QA_PARALLEL_12WAY_QA-12F_f97655c/db-pack-static-parity.log;cpf-docs/evidence/qa/QA_PARALLEL_12WAY_QA-12F_f97655c/SOURCE_TRACE_MATRIX.csv,목표 환경 또는 동등 Harness 실행
CPF-FR-013476,04-00013476,Database Lifecycle,Reapply,검증·Evidence,미검증,아니오,QA12F-DB-001,cpf-docs/evidence/qa/QA_PARALLEL_12WAY_QA-12F_f97655c/db-pack-static-parity.log;cpf-docs/evidence/qa/QA_PARALLEL_12WAY_QA-12F_f97655c/SOURCE_TRACE_MATRIX.csv,목표 환경 또는 동등 Harness 실행
CPF-FR-013477,04-00013477,Database Lifecycle,Drift Detection,계약,미검증,아니오,QA12F-DB-001,cpf-docs/evidence/qa/QA_PARALLEL_12WAY_QA-12F_f97655c/db-pack-static-parity.log;cpf-docs/evidence/qa/QA_PARALLEL_12WAY_QA-12F_f97655c/SOURCE_TRACE_MATRIX.csv,목표 환경 또는 동등 Harness 실행
CPF-FR-013478,04-00013478,Database Lifecycle,Drift Detection,기본 구현,미검증,아니오,QA12F-DB-001,cpf-docs/evidence/qa/QA_PARALLEL_12WAY_QA-12F_f97655c/db-pack-static-parity.log;cpf-docs/evidence/qa/QA_PARALLEL_12WAY_QA-12F_f97655c/SOURCE_TRACE_MATRIX.csv,목표 환경 또는 동등 Harness 실행
CPF-FR-013479,04-00013479,Database Lifecycle,Drift Detection,상태·데이터,미검증,아니오,QA12F-DB-001,cpf-docs/evidence/qa/QA_PARALLEL_12WAY_QA-12F_f97655c/db-pack-static-parity.log;cpf-docs/evidence/qa/QA_PARALLEL_12WAY_QA-12F_f97655c/SOURCE_TRACE_MATRIX.csv,목표 환경 또는 동등 Harness 실행
CPF-FR-013480,04-00013480,Database Lifecycle,Drift Detection,보안·권한,미검증,아니오,QA12F-DB-001,cpf-docs/evidence/qa/QA_PARALLEL_12WAY_QA-12F_f97655c/db-pack-static-parity.log;cpf-docs/evidence/qa/QA_PARALLEL_12WAY_QA-12F_f97655c/SOURCE_TRACE_MATRIX.csv,목표 환경 또는 동등 Harness 실행
CPF-FR-013481,04-00013481,Database Lifecycle,Drift Detection,운영,미검증,아니오,QA12F-DB-001,cpf-docs/evidence/qa/QA_PARALLEL_12WAY_QA-12F_f97655c/db-pack-static-parity.log;cpf-docs/evidence/qa/QA_PARALLEL_12WAY_QA-12F_f97655c/SOURCE_TRACE_MATRIX.csv,목표 환경 또는 동등 Harness 실행
CPF-FR-013482,04-00013482,Database Lifecycle,Drift Detection,실패·복구,미검증,아니오,QA12F-DB-001,cpf-docs/evidence/qa/QA_PARALLEL_12WAY_QA-12F_f97655c/db-pack-static-parity.log;cpf-docs/evidence/qa/QA_PARALLEL_12WAY_QA-12F_f97655c/SOURCE_TRACE_MATRIX.csv,목표 환경 또는 동등 Harness 실행
CPF-FR-013483,04-00013483,Database Lifecycle,Drift Detection,호환·배포,미검증,아니오,QA12F-DB-001,cpf-docs/evidence/qa/QA_PARALLEL_12WAY_QA-12F_f97655c/db-pack-static-parity.log;cpf-docs/evidence/qa/QA_PARALLEL_12WAY_QA-12F_f97655c/SOURCE_TRACE_MATRIX.csv,목표 환경 또는 동등 Harness 실행
CPF-FR-013484,04-00013484,Database Lifecycle,Drift Detection,검증·Evidence,미검증,아니오,QA12F-DB-001,cpf-docs/evidence/qa/QA_PARALLEL_12WAY_QA-12F_f97655c/db-pack-static-parity.log;cpf-docs/evidence/qa/QA_PARALLEL_12WAY_QA-12F_f97655c/SOURCE_TRACE_MATRIX.csv,목표 환경 또는 동등 Harness 실행
CPF-FR-013485,04-00013485,Database Lifecycle,Different Hash Conflict,계약,미검증,아니오,QA12F-DB-001,cpf-docs/evidence/qa/QA_PARALLEL_12WAY_QA-12F_f97655c/db-pack-static-parity.log;cpf-docs/evidence/qa/QA_PARALLEL_12WAY_QA-12F_f97655c/SOURCE_TRACE_MATRIX.csv,목표 환경 또는 동등 Harness 실행
CPF-FR-013486,04-00013486,Database Lifecycle,Different Hash Conflict,기본 구현,미검증,아니오,QA12F-DB-001,cpf-docs/evidence/qa/QA_PARALLEL_12WAY_QA-12F_f97655c/db-pack-static-parity.log;cpf-docs/evidence/qa/QA_PARALLEL_12WAY_QA-12F_f97655c/SOURCE_TRACE_MATRIX.csv,목표 환경 또는 동등 Harness 실행
CPF-FR-013487,04-00013487,Database Lifecycle,Different Hash Conflict,상태·데이터,미검증,아니오,QA12F-DB-001,cpf-docs/evidence/qa/QA_PARALLEL_12WAY_QA-12F_f97655c/db-pack-static-parity.log;cpf-docs/evidence/qa/QA_PARALLEL_12WAY_QA-12F_f97655c/SOURCE_TRACE_MATRIX.csv,목표 환경 또는 동등 Harness 실행
CPF-FR-013488,04-00013488,Database Lifecycle,Different Hash Conflict,보안·권한,미검증,아니오,QA12F-DB-001,cpf-docs/evidence/qa/QA_PARALLEL_12WAY_QA-12F_f97655c/db-pack-static-parity.log;cpf-docs/evidence/qa/QA_PARALLEL_12WAY_QA-12F_f97655c/SOURCE_TRACE_MATRIX.csv,목표 환경 또는 동등 Harness 실행
CPF-FR-013489,04-00013489,Database Lifecycle,Different Hash Conflict,운영,미검증,아니오,QA12F-DB-001,cpf-docs/evidence/qa/QA_PARALLEL_12WAY_QA-12F_f97655c/db-pack-static-parity.log;cpf-docs/evidence/qa/QA_PARALLEL_12WAY_QA-12F_f97655c/SOURCE_TRACE_MATRIX.csv,목표 환경 또는 동등 Harness 실행
CPF-FR-013490,04-00013490,Database Lifecycle,Different Hash Conflict,실패·복구,미검증,아니오,QA12F-DB-001,cpf-docs/evidence/qa/QA_PARALLEL_12WAY_QA-12F_f97655c/db-pack-static-parity.log;cpf-docs/evidence/qa/QA_PARALLEL_12WAY_QA-12F_f97655c/SOURCE_TRACE_MATRIX.csv,목표 환경 또는 동등 Harness 실행
CPF-FR-013491,04-00013491,Database Lifecycle,Different Hash Conflict,호환·배포,미검증,아니오,QA12F-DB-001,cpf-docs/evidence/qa/QA_PARALLEL_12WAY_QA-12F_f97655c/db-pack-static-parity.log;cpf-docs/evidence/qa/QA_PARALLEL_12WAY_QA-12F_f97655c/SOURCE_TRACE_MATRIX.csv,목표 환경 또는 동등 Harness 실행
CPF-FR-013492,04-00013492,Database Lifecycle,Different Hash Conflict,검증·Evidence,미검증,아니오,QA12F-DB-001,cpf-docs/evidence/qa/QA_PARALLEL_12WAY_QA-12F_f97655c/db-pack-static-parity.log;cpf-docs/evidence/qa/QA_PARALLEL_12WAY_QA-12F_f97655c/SOURCE_TRACE_MATRIX.csv,목표 환경 또는 동등 Harness 실행
CPF-FR-013493,04-00013493,Database Lifecycle,Partial Failure Restart,계약,미검증,아니오,QA12F-DB-001,cpf-docs/evidence/qa/QA_PARALLEL_12WAY_QA-12F_f97655c/db-pack-static-parity.log;cpf-docs/evidence/qa/QA_PARALLEL_12WAY_QA-12F_f97655c/SOURCE_TRACE_MATRIX.csv,목표 환경 또는 동등 Harness 실행
CPF-FR-013494,04-00013494,Database Lifecycle,Partial Failure Restart,기본 구현,미검증,아니오,QA12F-DB-001,cpf-docs/evidence/qa/QA_PARALLEL_12WAY_QA-12F_f97655c/db-pack-static-parity.log;cpf-docs/evidence/qa/QA_PARALLEL_12WAY_QA-12F_f97655c/SOURCE_TRACE_MATRIX.csv,목표 환경 또는 동등 Harness 실행
CPF-FR-013495,04-00013495,Database Lifecycle,Partial Failure Restart,상태·데이터,미검증,아니오,QA12F-DB-001,cpf-docs/evidence/qa/QA_PARALLEL_12WAY_QA-12F_f97655c/db-pack-static-parity.log;cpf-docs/evidence/qa/QA_PARALLEL_12WAY_QA-12F_f97655c/SOURCE_TRACE_MATRIX.csv,목표 환경 또는 동등 Harness 실행
CPF-FR-013496,04-00013496,Database Lifecycle,Partial Failure Restart,보안·권한,미검증,아니오,QA12F-DB-001,cpf-docs/evidence/qa/QA_PARALLEL_12WAY_QA-12F_f97655c/db-pack-static-parity.log;cpf-docs/evidence/qa/QA_PARALLEL_12WAY_QA-12F_f97655c/SOURCE_TRACE_MATRIX.csv,목표 환경 또는 동등 Harness 실행
CPF-FR-013497,04-00013497,Database Lifecycle,Partial Failure Restart,운영,미검증,아니오,QA12F-DB-001,cpf-docs/evidence/qa/QA_PARALLEL_12WAY_QA-12F_f97655c/db-pack-static-parity.log;cpf-docs/evidence/qa/QA_PARALLEL_12WAY_QA-12F_f97655c/SOURCE_TRACE_MATRIX.csv,목표 환경 또는 동등 Harness 실행
CPF-FR-013498,04-00013498,Database Lifecycle,Partial Failure Restart,실패·복구,미검증,아니오,QA12F-DB-001,cpf-docs/evidence/qa/QA_PARALLEL_12WAY_QA-12F_f97655c/db-pack-static-parity.log;cpf-docs/evidence/qa/QA_PARALLEL_12WAY_QA-12F_f97655c/SOURCE_TRACE_MATRIX.csv,목표 환경 또는 동등 Harness 실행
CPF-FR-013499,04-00013499,Database Lifecycle,Partial Failure Restart,호환·배포,미검증,아니오,QA12F-DB-001,cpf-docs/evidence/qa/QA_PARALLEL_12WAY_QA-12F_f97655c/db-pack-static-parity.log;cpf-docs/evidence/qa/QA_PARALLEL_12WAY_QA-12F_f97655c/SOURCE_TRACE_MATRIX.csv,목표 환경 또는 동등 Harness 실행
CPF-FR-013500,04-00013500,Database Lifecycle,Partial Failure Restart,검증·Evidence,미검증,아니오,QA12F-DB-001,cpf-docs/evidence/qa/QA_PARALLEL_12WAY_QA-12F_f97655c/db-pack-static-parity.log;cpf-docs/evidence/qa/QA_PARALLEL_12WAY_QA-12F_f97655c/SOURCE_TRACE_MATRIX.csv,목표 환경 또는 동등 Harness 실행
CPF-FR-013501,04-00013501,Database Lifecycle,Backup Checkpoint,계약,미검증,아니오,QA12F-DB-001,cpf-docs/evidence/qa/QA_PARALLEL_12WAY_QA-12F_f97655c/db-pack-static-parity.log;cpf-docs/evidence/qa/QA_PARALLEL_12WAY_QA-12F_f97655c/SOURCE_TRACE_MATRIX.csv,목표 환경 또는 동등 Harness 실행
CPF-FR-013502,04-00013502,Database Lifecycle,Backup Checkpoint,기본 구현,미검증,아니오,QA12F-DB-001,cpf-docs/evidence/qa/QA_PARALLEL_12WAY_QA-12F_f97655c/db-pack-static-parity.log;cpf-docs/evidence/qa/QA_PARALLEL_12WAY_QA-12F_f97655c/SOURCE_TRACE_MATRIX.csv,목표 환경 또는 동등 Harness 실행
CPF-FR-013503,04-00013503,Database Lifecycle,Backup Checkpoint,상태·데이터,미검증,아니오,QA12F-DB-001,cpf-docs/evidence/qa/QA_PARALLEL_12WAY_QA-12F_f97655c/db-pack-static-parity.log;cpf-docs/evidence/qa/QA_PARALLEL_12WAY_QA-12F_f97655c/SOURCE_TRACE_MATRIX.csv,목표 환경 또는 동등 Harness 실행
CPF-FR-013504,04-00013504,Database Lifecycle,Backup Checkpoint,보안·권한,미검증,아니오,QA12F-DB-001,cpf-docs/evidence/qa/QA_PARALLEL_12WAY_QA-12F_f97655c/db-pack-static-parity.log;cpf-docs/evidence/qa/QA_PARALLEL_12WAY_QA-12F_f97655c/SOURCE_TRACE_MATRIX.csv,목표 환경 또는 동등 Harness 실행
CPF-FR-013505,04-00013505,Database Lifecycle,Backup Checkpoint,운영,미검증,아니오,QA12F-DB-001,cpf-docs/evidence/qa/QA_PARALLEL_12WAY_QA-12F_f97655c/db-pack-static-parity.log;cpf-docs/evidence/qa/QA_PARALLEL_12WAY_QA-12F_f97655c/SOURCE_TRACE_MATRIX.csv,목표 환경 또는 동등 Harness 실행
CPF-FR-013506,04-00013506,Database Lifecycle,Backup Checkpoint,실패·복구,미검증,아니오,QA12F-DB-001,cpf-docs/evidence/qa/QA_PARALLEL_12WAY_QA-12F_f97655c/db-pack-static-parity.log;cpf-docs/evidence/qa/QA_PARALLEL_12WAY_QA-12F_f97655c/SOURCE_TRACE_MATRIX.csv,목표 환경 또는 동등 Harness 실행
CPF-FR-013507,04-00013507,Database Lifecycle,Backup Checkpoint,호환·배포,미검증,아니오,QA12F-DB-001,cpf-docs/evidence/qa/QA_PARALLEL_12WAY_QA-12F_f97655c/db-pack-static-parity.log;cpf-docs/evidence/qa/QA_PARALLEL_12WAY_QA-12F_f97655c/SOURCE_TRACE_MATRIX.csv,목표 환경 또는 동등 Harness 실행
CPF-FR-013508,04-00013508,Database Lifecycle,Backup Checkpoint,검증·Evidence,미검증,아니오,QA12F-DB-001,cpf-docs/evidence/qa/QA_PARALLEL_12WAY_QA-12F_f97655c/db-pack-static-parity.log;cpf-docs/evidence/qa/QA_PARALLEL_12WAY_QA-12F_f97655c/SOURCE_TRACE_MATRIX.csv,목표 환경 또는 동등 Harness 실행
CPF-FR-013509,04-00013509,Database Lifecycle,Restore Validation,계약,미검증,아니오,QA12F-DB-001,cpf-docs/evidence/qa/QA_PARALLEL_12WAY_QA-12F_f97655c/db-pack-static-parity.log;cpf-docs/evidence/qa/QA_PARALLEL_12WAY_QA-12F_f97655c/SOURCE_TRACE_MATRIX.csv,목표 환경 또는 동등 Harness 실행
CPF-FR-013510,04-00013510,Database Lifecycle,Restore Validation,기본 구현,미검증,아니오,QA12F-DB-001,cpf-docs/evidence/qa/QA_PARALLEL_12WAY_QA-12F_f97655c/db-pack-static-parity.log;cpf-docs/evidence/qa/QA_PARALLEL_12WAY_QA-12F_f97655c/SOURCE_TRACE_MATRIX.csv,목표 환경 또는 동등 Harness 실행
CPF-FR-013511,04-00013511,Database Lifecycle,Restore Validation,상태·데이터,미검증,아니오,QA12F-DB-001,cpf-docs/evidence/qa/QA_PARALLEL_12WAY_QA-12F_f97655c/db-pack-static-parity.log;cpf-docs/evidence/qa/QA_PARALLEL_12WAY_QA-12F_f97655c/SOURCE_TRACE_MATRIX.csv,목표 환경 또는 동등 Harness 실행
CPF-FR-013512,04-00013512,Database Lifecycle,Restore Validation,보안·권한,미검증,아니오,QA12F-DB-001,cpf-docs/evidence/qa/QA_PARALLEL_12WAY_QA-12F_f97655c/db-pack-static-parity.log;cpf-docs/evidence/qa/QA_PARALLEL_12WAY_QA-12F_f97655c/SOURCE_TRACE_MATRIX.csv,목표 환경 또는 동등 Harness 실행
CPF-FR-013513,04-00013513,Database Lifecycle,Restore Validation,운영,미검증,아니오,QA12F-DB-001,cpf-docs/evidence/qa/QA_PARALLEL_12WAY_QA-12F_f97655c/db-pack-static-parity.log;cpf-docs/evidence/qa/QA_PARALLEL_12WAY_QA-12F_f97655c/SOURCE_TRACE_MATRIX.csv,목표 환경 또는 동등 Harness 실행
CPF-FR-013514,04-00013514,Database Lifecycle,Restore Validation,실패·복구,미검증,아니오,QA12F-DB-001,cpf-docs/evidence/qa/QA_PARALLEL_12WAY_QA-12F_f97655c/db-pack-static-parity.log;cpf-docs/evidence/qa/QA_PARALLEL_12WAY_QA-12F_f97655c/SOURCE_TRACE_MATRIX.csv,목표 환경 또는 동등 Harness 실행
CPF-FR-013515,04-00013515,Database Lifecycle,Restore Validation,호환·배포,미검증,아니오,QA12F-DB-001,cpf-docs/evidence/qa/QA_PARALLEL_12WAY_QA-12F_f97655c/db-pack-static-parity.log;cpf-docs/evidence/qa/QA_PARALLEL_12WAY_QA-12F_f97655c/SOURCE_TRACE_MATRIX.csv,목표 환경 또는 동등 Harness 실행
CPF-FR-013516,04-00013516,Database Lifecycle,Restore Validation,검증·Evidence,미검증,아니오,QA12F-DB-001,cpf-docs/evidence/qa/QA_PARALLEL_12WAY_QA-12F_f97655c/db-pack-static-parity.log;cpf-docs/evidence/qa/QA_PARALLEL_12WAY_QA-12F_f97655c/SOURCE_TRACE_MATRIX.csv,목표 환경 또는 동등 Harness 실행
CPF-FR-013517,04-00013517,Database Lifecycle,Cleanup,계약,미검증,아니오,QA12F-DB-001,cpf-docs/evidence/qa/QA_PARALLEL_12WAY_QA-12F_f97655c/db-pack-static-parity.log;cpf-docs/evidence/qa/QA_PARALLEL_12WAY_QA-12F_f97655c/SOURCE_TRACE_MATRIX.csv,목표 환경 또는 동등 Harness 실행
CPF-FR-013518,04-00013518,Database Lifecycle,Cleanup,기본 구현,미검증,아니오,QA12F-DB-001,cpf-docs/evidence/qa/QA_PARALLEL_12WAY_QA-12F_f97655c/db-pack-static-parity.log;cpf-docs/evidence/qa/QA_PARALLEL_12WAY_QA-12F_f97655c/SOURCE_TRACE_MATRIX.csv,목표 환경 또는 동등 Harness 실행
CPF-FR-013519,04-00013519,Database Lifecycle,Cleanup,상태·데이터,미검증,아니오,QA12F-DB-001,cpf-docs/evidence/qa/QA_PARALLEL_12WAY_QA-12F_f97655c/db-pack-static-parity.log;cpf-docs/evidence/qa/QA_PARALLEL_12WAY_QA-12F_f97655c/SOURCE_TRACE_MATRIX.csv,목표 환경 또는 동등 Harness 실행
CPF-FR-013520,04-00013520,Database Lifecycle,Cleanup,보안·권한,미검증,아니오,QA12F-DB-001,cpf-docs/evidence/qa/QA_PARALLEL_12WAY_QA-12F_f97655c/db-pack-static-parity.log;cpf-docs/evidence/qa/QA_PARALLEL_12WAY_QA-12F_f97655c/SOURCE_TRACE_MATRIX.csv,목표 환경 또는 동등 Harness 실행
CPF-FR-013521,04-00013521,Database Lifecycle,Cleanup,운영,미검증,아니오,QA12F-DB-001,cpf-docs/evidence/qa/QA_PARALLEL_12WAY_QA-12F_f97655c/db-pack-static-parity.log;cpf-docs/evidence/qa/QA_PARALLEL_12WAY_QA-12F_f97655c/SOURCE_TRACE_MATRIX.csv,목표 환경 또는 동등 Harness 실행
CPF-FR-013522,04-00013522,Database Lifecycle,Cleanup,실패·복구,미검증,아니오,QA12F-DB-001,cpf-docs/evidence/qa/QA_PARALLEL_12WAY_QA-12F_f97655c/db-pack-static-parity.log;cpf-docs/evidence/qa/QA_PARALLEL_12WAY_QA-12F_f97655c/SOURCE_TRACE_MATRIX.csv,목표 환경 또는 동등 Harness 실행
CPF-FR-013523,04-00013523,Database Lifecycle,Cleanup,호환·배포,미검증,아니오,QA12F-DB-001,cpf-docs/evidence/qa/QA_PARALLEL_12WAY_QA-12F_f97655c/db-pack-static-parity.log;cpf-docs/evidence/qa/QA_PARALLEL_12WAY_QA-12F_f97655c/SOURCE_TRACE_MATRIX.csv,목표 환경 또는 동등 Harness 실행
CPF-FR-013524,04-00013524,Database Lifecycle,Cleanup,검증·Evidence,미검증,아니오,QA12F-DB-001,cpf-docs/evidence/qa/QA_PARALLEL_12WAY_QA-12F_f97655c/db-pack-static-parity.log;cpf-docs/evidence/qa/QA_PARALLEL_12WAY_QA-12F_f97655c/SOURCE_TRACE_MATRIX.csv,목표 환경 또는 동등 Harness 실행
CPF-FR-013525,04-00013525,Query Contract,Query ID Registry,계약,미통과,아니오,QA12F-QUERY-001,cpf-docs/evidence/qa/QA_PARALLEL_12WAY_QA-12F_f97655c/SOURCE_TRACE_MATRIX.csv,재개발 후 contract/fault/runtime 재검수
CPF-FR-013526,04-00013526,Query Contract,Query ID Registry,기본 구현,미통과,아니오,QA12F-QUERY-001,cpf-docs/evidence/qa/QA_PARALLEL_12WAY_QA-12F_f97655c/SOURCE_TRACE_MATRIX.csv,재개발 후 contract/fault/runtime 재검수
CPF-FR-013527,04-00013527,Query Contract,Query ID Registry,상태·데이터,미통과,아니오,QA12F-QUERY-001,cpf-docs/evidence/qa/QA_PARALLEL_12WAY_QA-12F_f97655c/SOURCE_TRACE_MATRIX.csv,재개발 후 contract/fault/runtime 재검수
CPF-FR-013528,04-00013528,Query Contract,Query ID Registry,보안·권한,미통과,아니오,QA12F-QUERY-001,cpf-docs/evidence/qa/QA_PARALLEL_12WAY_QA-12F_f97655c/SOURCE_TRACE_MATRIX.csv,재개발 후 contract/fault/runtime 재검수
CPF-FR-013529,04-00013529,Query Contract,Query ID Registry,운영,미통과,아니오,QA12F-QUERY-001,cpf-docs/evidence/qa/QA_PARALLEL_12WAY_QA-12F_f97655c/SOURCE_TRACE_MATRIX.csv,재개발 후 contract/fault/runtime 재검수
CPF-FR-013530,04-00013530,Query Contract,Query ID Registry,실패·복구,미통과,아니오,QA12F-QUERY-001,cpf-docs/evidence/qa/QA_PARALLEL_12WAY_QA-12F_f97655c/SOURCE_TRACE_MATRIX.csv,재개발 후 contract/fault/runtime 재검수
CPF-FR-013531,04-00013531,Query Contract,Query ID Registry,호환·배포,미통과,아니오,QA12F-QUERY-001,cpf-docs/evidence/qa/QA_PARALLEL_12WAY_QA-12F_f97655c/SOURCE_TRACE_MATRIX.csv,재개발 후 contract/fault/runtime 재검수
CPF-FR-013532,04-00013532,Query Contract,Query ID Registry,검증·Evidence,미통과,아니오,QA12F-QUERY-001,cpf-docs/evidence/qa/QA_PARALLEL_12WAY_QA-12F_f97655c/SOURCE_TRACE_MATRIX.csv,재개발 후 contract/fault/runtime 재검수
CPF-FR-013533,04-00013533,Query Contract,Parameter Schema,계약,미통과,아니오,QA12F-QUERY-001,cpf-docs/evidence/qa/QA_PARALLEL_12WAY_QA-12F_f97655c/SOURCE_TRACE_MATRIX.csv,재개발 후 contract/fault/runtime 재검수
CPF-FR-013534,04-00013534,Query Contract,Parameter Schema,기본 구현,미통과,아니오,QA12F-QUERY-001,cpf-docs/evidence/qa/QA_PARALLEL_12WAY_QA-12F_f97655c/SOURCE_TRACE_MATRIX.csv,재개발 후 contract/fault/runtime 재검수
CPF-FR-013535,04-00013535,Query Contract,Parameter Schema,상태·데이터,미통과,아니오,QA12F-QUERY-001,cpf-docs/evidence/qa/QA_PARALLEL_12WAY_QA-12F_f97655c/SOURCE_TRACE_MATRIX.csv,재개발 후 contract/fault/runtime 재검수
CPF-FR-013536,04-00013536,Query Contract,Parameter Schema,보안·권한,미통과,아니오,QA12F-QUERY-001,cpf-docs/evidence/qa/QA_PARALLEL_12WAY_QA-12F_f97655c/SOURCE_TRACE_MATRIX.csv,재개발 후 contract/fault/runtime 재검수
CPF-FR-013537,04-00013537,Query Contract,Parameter Schema,운영,미통과,아니오,QA12F-QUERY-001,cpf-docs/evidence/qa/QA_PARALLEL_12WAY_QA-12F_f97655c/SOURCE_TRACE_MATRIX.csv,재개발 후 contract/fault/runtime 재검수
CPF-FR-013538,04-00013538,Query Contract,Parameter Schema,실패·복구,미통과,아니오,QA12F-QUERY-001,cpf-docs/evidence/qa/QA_PARALLEL_12WAY_QA-12F_f97655c/SOURCE_TRACE_MATRIX.csv,재개발 후 contract/fault/runtime 재검수
CPF-FR-013539,04-00013539,Query Contract,Parameter Schema,호환·배포,미통과,아니오,QA12F-QUERY-001,cpf-docs/evidence/qa/QA_PARALLEL_12WAY_QA-12F_f97655c/SOURCE_TRACE_MATRIX.csv,재개발 후 contract/fault/runtime 재검수
CPF-FR-013540,04-00013540,Query Contract,Parameter Schema,검증·Evidence,미통과,아니오,QA12F-QUERY-001,cpf-docs/evidence/qa/QA_PARALLEL_12WAY_QA-12F_f97655c/SOURCE_TRACE_MATRIX.csv,재개발 후 contract/fault/runtime 재검수
CPF-FR-013541,04-00013541,Query Contract,Result Schema,계약,미통과,아니오,QA12F-QUERY-001,cpf-docs/evidence/qa/QA_PARALLEL_12WAY_QA-12F_f97655c/SOURCE_TRACE_MATRIX.csv,재개발 후 contract/fault/runtime 재검수
CPF-FR-013542,04-00013542,Query Contract,Result Schema,기본 구현,미통과,아니오,QA12F-QUERY-001,cpf-docs/evidence/qa/QA_PARALLEL_12WAY_QA-12F_f97655c/SOURCE_TRACE_MATRIX.csv,재개발 후 contract/fault/runtime 재검수
CPF-FR-013543,04-00013543,Query Contract,Result Schema,상태·데이터,미통과,아니오,QA12F-QUERY-001,cpf-docs/evidence/qa/QA_PARALLEL_12WAY_QA-12F_f97655c/SOURCE_TRACE_MATRIX.csv,재개발 후 contract/fault/runtime 재검수
CPF-FR-013544,04-00013544,Query Contract,Result Schema,보안·권한,미통과,아니오,QA12F-QUERY-001,cpf-docs/evidence/qa/QA_PARALLEL_12WAY_QA-12F_f97655c/SOURCE_TRACE_MATRIX.csv,재개발 후 contract/fault/runtime 재검수
CPF-FR-013545,04-00013545,Query Contract,Result Schema,운영,미통과,아니오,QA12F-QUERY-001,cpf-docs/evidence/qa/QA_PARALLEL_12WAY_QA-12F_f97655c/SOURCE_TRACE_MATRIX.csv,재개발 후 contract/fault/runtime 재검수
CPF-FR-013546,04-00013546,Query Contract,Result Schema,실패·복구,미통과,아니오,QA12F-QUERY-001,cpf-docs/evidence/qa/QA_PARALLEL_12WAY_QA-12F_f97655c/SOURCE_TRACE_MATRIX.csv,재개발 후 contract/fault/runtime 재검수
CPF-FR-013547,04-00013547,Query Contract,Result Schema,호환·배포,미통과,아니오,QA12F-QUERY-001,cpf-docs/evidence/qa/QA_PARALLEL_12WAY_QA-12F_f97655c/SOURCE_TRACE_MATRIX.csv,재개발 후 contract/fault/runtime 재검수
CPF-FR-013548,04-00013548,Query Contract,Result Schema,검증·Evidence,미통과,아니오,QA12F-QUERY-001,cpf-docs/evidence/qa/QA_PARALLEL_12WAY_QA-12F_f97655c/SOURCE_TRACE_MATRIX.csv,재개발 후 contract/fault/runtime 재검수
CPF-FR-013549,04-00013549,Query Contract,Sort Allowlist,계약,미통과,아니오,QA12F-QUERY-001,cpf-docs/evidence/qa/QA_PARALLEL_12WAY_QA-12F_f97655c/SOURCE_TRACE_MATRIX.csv,재개발 후 contract/fault/runtime 재검수
CPF-FR-013550,04-00013550,Query Contract,Sort Allowlist,기본 구현,미통과,아니오,QA12F-QUERY-001,cpf-docs/evidence/qa/QA_PARALLEL_12WAY_QA-12F_f97655c/SOURCE_TRACE_MATRIX.csv,재개발 후 contract/fault/runtime 재검수
CPF-FR-013551,04-00013551,Query Contract,Sort Allowlist,상태·데이터,미통과,아니오,QA12F-QUERY-001,cpf-docs/evidence/qa/QA_PARALLEL_12WAY_QA-12F_f97655c/SOURCE_TRACE_MATRIX.csv,재개발 후 contract/fault/runtime 재검수
CPF-FR-013552,04-00013552,Query Contract,Sort Allowlist,보안·권한,미통과,아니오,QA12F-QUERY-001,cpf-docs/evidence/qa/QA_PARALLEL_12WAY_QA-12F_f97655c/SOURCE_TRACE_MATRIX.csv,재개발 후 contract/fault/runtime 재검수
CPF-FR-013553,04-00013553,Query Contract,Sort Allowlist,운영,미통과,아니오,QA12F-QUERY-001,cpf-docs/evidence/qa/QA_PARALLEL_12WAY_QA-12F_f97655c/SOURCE_TRACE_MATRIX.csv,재개발 후 contract/fault/runtime 재검수
CPF-FR-013554,04-00013554,Query Contract,Sort Allowlist,실패·복구,미통과,아니오,QA12F-QUERY-001,cpf-docs/evidence/qa/QA_PARALLEL_12WAY_QA-12F_f97655c/SOURCE_TRACE_MATRIX.csv,재개발 후 contract/fault/runtime 재검수
CPF-FR-013555,04-00013555,Query Contract,Sort Allowlist,호환·배포,미통과,아니오,QA12F-QUERY-001,cpf-docs/evidence/qa/QA_PARALLEL_12WAY_QA-12F_f97655c/SOURCE_TRACE_MATRIX.csv,재개발 후 contract/fault/runtime 재검수
CPF-FR-013556,04-00013556,Query Contract,Sort Allowlist,검증·Evidence,미통과,아니오,QA12F-QUERY-001,cpf-docs/evidence/qa/QA_PARALLEL_12WAY_QA-12F_f97655c/SOURCE_TRACE_MATRIX.csv,재개발 후 contract/fault/runtime 재검수
CPF-FR-013557,04-00013557,Query Contract,Filter Allowlist,계약,미통과,아니오,QA12F-QUERY-001,cpf-docs/evidence/qa/QA_PARALLEL_12WAY_QA-12F_f97655c/SOURCE_TRACE_MATRIX.csv,재개발 후 contract/fault/runtime 재검수
CPF-FR-013558,04-00013558,Query Contract,Filter Allowlist,기본 구현,미통과,아니오,QA12F-QUERY-001,cpf-docs/evidence/qa/QA_PARALLEL_12WAY_QA-12F_f97655c/SOURCE_TRACE_MATRIX.csv,재개발 후 contract/fault/runtime 재검수
CPF-FR-013559,04-00013559,Query Contract,Filter Allowlist,상태·데이터,미통과,아니오,QA12F-QUERY-001,cpf-docs/evidence/qa/QA_PARALLEL_12WAY_QA-12F_f97655c/SOURCE_TRACE_MATRIX.csv,재개발 후 contract/fault/runtime 재검수
CPF-FR-013560,04-00013560,Query Contract,Filter Allowlist,보안·권한,미통과,아니오,QA12F-QUERY-001,cpf-docs/evidence/qa/QA_PARALLEL_12WAY_QA-12F_f97655c/SOURCE_TRACE_MATRIX.csv,재개발 후 contract/fault/runtime 재검수
CPF-FR-013561,04-00013561,Query Contract,Filter Allowlist,운영,미통과,아니오,QA12F-QUERY-001,cpf-docs/evidence/qa/QA_PARALLEL_12WAY_QA-12F_f97655c/SOURCE_TRACE_MATRIX.csv,재개발 후 contract/fault/runtime 재검수
CPF-FR-013562,04-00013562,Query Contract,Filter Allowlist,실패·복구,미통과,아니오,QA12F-QUERY-001,cpf-docs/evidence/qa/QA_PARALLEL_12WAY_QA-12F_f97655c/SOURCE_TRACE_MATRIX.csv,재개발 후 contract/fault/runtime 재검수
CPF-FR-013563,04-00013563,Query Contract,Filter Allowlist,호환·배포,미통과,아니오,QA12F-QUERY-001,cpf-docs/evidence/qa/QA_PARALLEL_12WAY_QA-12F_f97655c/SOURCE_TRACE_MATRIX.csv,재개발 후 contract/fault/runtime 재검수
CPF-FR-013564,04-00013564,Query Contract,Filter Allowlist,검증·Evidence,미통과,아니오,QA12F-QUERY-001,cpf-docs/evidence/qa/QA_PARALLEL_12WAY_QA-12F_f97655c/SOURCE_TRACE_MATRIX.csv,재개발 후 contract/fault/runtime 재검수
CPF-FR-013565,04-00013565,Query Contract,Offset Paging,계약,미통과,아니오,QA12F-QUERY-001,cpf-docs/evidence/qa/QA_PARALLEL_12WAY_QA-12F_f97655c/SOURCE_TRACE_MATRIX.csv,재개발 후 contract/fault/runtime 재검수
CPF-FR-013566,04-00013566,Query Contract,Offset Paging,기본 구현,미통과,아니오,QA12F-QUERY-001,cpf-docs/evidence/qa/QA_PARALLEL_12WAY_QA-12F_f97655c/SOURCE_TRACE_MATRIX.csv,재개발 후 contract/fault/runtime 재검수
CPF-FR-013567,04-00013567,Query Contract,Offset Paging,상태·데이터,미통과,아니오,QA12F-QUERY-001,cpf-docs/evidence/qa/QA_PARALLEL_12WAY_QA-12F_f97655c/SOURCE_TRACE_MATRIX.csv,재개발 후 contract/fault/runtime 재검수
CPF-FR-013568,04-00013568,Query Contract,Offset Paging,보안·권한,미통과,아니오,QA12F-QUERY-001,cpf-docs/evidence/qa/QA_PARALLEL_12WAY_QA-12F_f97655c/SOURCE_TRACE_MATRIX.csv,재개발 후 contract/fault/runtime 재검수
CPF-FR-013569,04-00013569,Query Contract,Offset Paging,운영,미통과,아니오,QA12F-QUERY-001,cpf-docs/evidence/qa/QA_PARALLEL_12WAY_QA-12F_f97655c/SOURCE_TRACE_MATRIX.csv,재개발 후 contract/fault/runtime 재검수
CPF-FR-013570,04-00013570,Query Contract,Offset Paging,실패·복구,미통과,아니오,QA12F-QUERY-001,cpf-docs/evidence/qa/QA_PARALLEL_12WAY_QA-12F_f97655c/SOURCE_TRACE_MATRIX.csv,재개발 후 contract/fault/runtime 재검수
CPF-FR-013571,04-00013571,Query Contract,Offset Paging,호환·배포,미통과,아니오,QA12F-QUERY-001,cpf-docs/evidence/qa/QA_PARALLEL_12WAY_QA-12F_f97655c/SOURCE_TRACE_MATRIX.csv,재개발 후 contract/fault/runtime 재검수
CPF-FR-013572,04-00013572,Query Contract,Offset Paging,검증·Evidence,미통과,아니오,QA12F-QUERY-001,cpf-docs/evidence/qa/QA_PARALLEL_12WAY_QA-12F_f97655c/SOURCE_TRACE_MATRIX.csv,재개발 후 contract/fault/runtime 재검수
CPF-FR-013573,04-00013573,Query Contract,Keyset Paging,계약,미통과,아니오,QA12F-QUERY-001,cpf-docs/evidence/qa/QA_PARALLEL_12WAY_QA-12F_f97655c/SOURCE_TRACE_MATRIX.csv,재개발 후 contract/fault/runtime 재검수
CPF-FR-013574,04-00013574,Query Contract,Keyset Paging,기본 구현,미통과,아니오,QA12F-QUERY-001,cpf-docs/evidence/qa/QA_PARALLEL_12WAY_QA-12F_f97655c/SOURCE_TRACE_MATRIX.csv,재개발 후 contract/fault/runtime 재검수
CPF-FR-013575,04-00013575,Query Contract,Keyset Paging,상태·데이터,미통과,아니오,QA12F-QUERY-001,cpf-docs/evidence/qa/QA_PARALLEL_12WAY_QA-12F_f97655c/SOURCE_TRACE_MATRIX.csv,재개발 후 contract/fault/runtime 재검수
CPF-FR-013576,04-00013576,Query Contract,Keyset Paging,보안·권한,미통과,아니오,QA12F-QUERY-001,cpf-docs/evidence/qa/QA_PARALLEL_12WAY_QA-12F_f97655c/SOURCE_TRACE_MATRIX.csv,재개발 후 contract/fault/runtime 재검수
CPF-FR-013577,04-00013577,Query Contract,Keyset Paging,운영,미통과,아니오,QA12F-QUERY-001,cpf-docs/evidence/qa/QA_PARALLEL_12WAY_QA-12F_f97655c/SOURCE_TRACE_MATRIX.csv,재개발 후 contract/fault/runtime 재검수
CPF-FR-013578,04-00013578,Query Contract,Keyset Paging,실패·복구,미통과,아니오,QA12F-QUERY-001,cpf-docs/evidence/qa/QA_PARALLEL_12WAY_QA-12F_f97655c/SOURCE_TRACE_MATRIX.csv,재개발 후 contract/fault/runtime 재검수
CPF-FR-013579,04-00013579,Query Contract,Keyset Paging,호환·배포,미통과,아니오,QA12F-QUERY-001,cpf-docs/evidence/qa/QA_PARALLEL_12WAY_QA-12F_f97655c/SOURCE_TRACE_MATRIX.csv,재개발 후 contract/fault/runtime 재검수
CPF-FR-013580,04-00013580,Query Contract,Keyset Paging,검증·Evidence,미통과,아니오,QA12F-QUERY-001,cpf-docs/evidence/qa/QA_PARALLEL_12WAY_QA-12F_f97655c/SOURCE_TRACE_MATRIX.csv,재개발 후 contract/fault/runtime 재검수
CPF-FR-013581,04-00013581,Query Contract,Optimistic Update,계약,미통과,아니오,QA12F-QUERY-001,cpf-docs/evidence/qa/QA_PARALLEL_12WAY_QA-12F_f97655c/SOURCE_TRACE_MATRIX.csv,재개발 후 contract/fault/runtime 재검수
CPF-FR-013582,04-00013582,Query Contract,Optimistic Update,기본 구현,미통과,아니오,QA12F-QUERY-001,cpf-docs/evidence/qa/QA_PARALLEL_12WAY_QA-12F_f97655c/SOURCE_TRACE_MATRIX.csv,재개발 후 contract/fault/runtime 재검수
CPF-FR-013583,04-00013583,Query Contract,Optimistic Update,상태·데이터,미통과,아니오,QA12F-QUERY-001,cpf-docs/evidence/qa/QA_PARALLEL_12WAY_QA-12F_f97655c/SOURCE_TRACE_MATRIX.csv,재개발 후 contract/fault/runtime 재검수
CPF-FR-013584,04-00013584,Query Contract,Optimistic Update,보안·권한,미통과,아니오,QA12F-QUERY-001,cpf-docs/evidence/qa/QA_PARALLEL_12WAY_QA-12F_f97655c/SOURCE_TRACE_MATRIX.csv,재개발 후 contract/fault/runtime 재검수
CPF-FR-013585,04-00013585,Query Contract,Optimistic Update,운영,미통과,아니오,QA12F-QUERY-001,cpf-docs/evidence/qa/QA_PARALLEL_12WAY_QA-12F_f97655c/SOURCE_TRACE_MATRIX.csv,재개발 후 contract/fault/runtime 재검수
CPF-FR-013586,04-00013586,Query Contract,Optimistic Update,실패·복구,미통과,아니오,QA12F-QUERY-001,cpf-docs/evidence/qa/QA_PARALLEL_12WAY_QA-12F_f97655c/SOURCE_TRACE_MATRIX.csv,재개발 후 contract/fault/runtime 재검수
CPF-FR-013587,04-00013587,Query Contract,Optimistic Update,호환·배포,미통과,아니오,QA12F-QUERY-001,cpf-docs/evidence/qa/QA_PARALLEL_12WAY_QA-12F_f97655c/SOURCE_TRACE_MATRIX.csv,재개발 후 contract/fault/runtime 재검수
CPF-FR-013588,04-00013588,Query Contract,Optimistic Update,검증·Evidence,미통과,아니오,QA12F-QUERY-001,cpf-docs/evidence/qa/QA_PARALLEL_12WAY_QA-12F_f97655c/SOURCE_TRACE_MATRIX.csv,재개발 후 contract/fault/runtime 재검수
CPF-FR-013589,04-00013589,Query Contract,Pessimistic Lock,계약,미통과,아니오,QA12F-QUERY-001,cpf-docs/evidence/qa/QA_PARALLEL_12WAY_QA-12F_f97655c/SOURCE_TRACE_MATRIX.csv,재개발 후 contract/fault/runtime 재검수
CPF-FR-013590,04-00013590,Query Contract,Pessimistic Lock,기본 구현,미통과,아니오,QA12F-QUERY-001,cpf-docs/evidence/qa/QA_PARALLEL_12WAY_QA-12F_f97655c/SOURCE_TRACE_MATRIX.csv,재개발 후 contract/fault/runtime 재검수
CPF-FR-013591,04-00013591,Query Contract,Pessimistic Lock,상태·데이터,미통과,아니오,QA12F-QUERY-001,cpf-docs/evidence/qa/QA_PARALLEL_12WAY_QA-12F_f97655c/SOURCE_TRACE_MATRIX.csv,재개발 후 contract/fault/runtime 재검수
CPF-FR-013592,04-00013592,Query Contract,Pessimistic Lock,보안·권한,미통과,아니오,QA12F-QUERY-001,cpf-docs/evidence/qa/QA_PARALLEL_12WAY_QA-12F_f97655c/SOURCE_TRACE_MATRIX.csv,재개발 후 contract/fault/runtime 재검수
CPF-FR-013593,04-00013593,Query Contract,Pessimistic Lock,운영,미통과,아니오,QA12F-QUERY-001,cpf-docs/evidence/qa/QA_PARALLEL_12WAY_QA-12F_f97655c/SOURCE_TRACE_MATRIX.csv,재개발 후 contract/fault/runtime 재검수
CPF-FR-013594,04-00013594,Query Contract,Pessimistic Lock,실패·복구,미통과,아니오,QA12F-QUERY-001,cpf-docs/evidence/qa/QA_PARALLEL_12WAY_QA-12F_f97655c/SOURCE_TRACE_MATRIX.csv,재개발 후 contract/fault/runtime 재검수
CPF-FR-013595,04-00013595,Query Contract,Pessimistic Lock,호환·배포,미통과,아니오,QA12F-QUERY-001,cpf-docs/evidence/qa/QA_PARALLEL_12WAY_QA-12F_f97655c/SOURCE_TRACE_MATRIX.csv,재개발 후 contract/fault/runtime 재검수
CPF-FR-013596,04-00013596,Query Contract,Pessimistic Lock,검증·Evidence,미통과,아니오,QA12F-QUERY-001,cpf-docs/evidence/qa/QA_PARALLEL_12WAY_QA-12F_f97655c/SOURCE_TRACE_MATRIX.csv,재개발 후 contract/fault/runtime 재검수
CPF-FR-013597,04-00013597,Query Contract,Bulk Insert,계약,미통과,아니오,QA12F-QUERY-001,cpf-docs/evidence/qa/QA_PARALLEL_12WAY_QA-12F_f97655c/SOURCE_TRACE_MATRIX.csv,재개발 후 contract/fault/runtime 재검수
CPF-FR-013598,04-00013598,Query Contract,Bulk Insert,기본 구현,미통과,아니오,QA12F-QUERY-001,cpf-docs/evidence/qa/QA_PARALLEL_12WAY_QA-12F_f97655c/SOURCE_TRACE_MATRIX.csv,재개발 후 contract/fault/runtime 재검수
CPF-FR-013599,04-00013599,Query Contract,Bulk Insert,상태·데이터,미통과,아니오,QA12F-QUERY-001,cpf-docs/evidence/qa/QA_PARALLEL_12WAY_QA-12F_f97655c/SOURCE_TRACE_MATRIX.csv,재개발 후 contract/fault/runtime 재검수
CPF-FR-013600,04-00013600,Query Contract,Bulk Insert,보안·권한,미통과,아니오,QA12F-QUERY-001,cpf-docs/evidence/qa/QA_PARALLEL_12WAY_QA-12F_f97655c/SOURCE_TRACE_MATRIX.csv,재개발 후 contract/fault/runtime 재검수
CPF-FR-013601,04-00013601,Query Contract,Bulk Insert,운영,미통과,아니오,QA12F-QUERY-001,cpf-docs/evidence/qa/QA_PARALLEL_12WAY_QA-12F_f97655c/SOURCE_TRACE_MATRIX.csv,재개발 후 contract/fault/runtime 재검수
CPF-FR-013602,04-00013602,Query Contract,Bulk Insert,실패·복구,미통과,아니오,QA12F-QUERY-001,cpf-docs/evidence/qa/QA_PARALLEL_12WAY_QA-12F_f97655c/SOURCE_TRACE_MATRIX.csv,재개발 후 contract/fault/runtime 재검수
CPF-FR-013603,04-00013603,Query Contract,Bulk Insert,호환·배포,미통과,아니오,QA12F-QUERY-001,cpf-docs/evidence/qa/QA_PARALLEL_12WAY_QA-12F_f97655c/SOURCE_TRACE_MATRIX.csv,재개발 후 contract/fault/runtime 재검수
CPF-FR-013604,04-00013604,Query Contract,Bulk Insert,검증·Evidence,미통과,아니오,QA12F-QUERY-001,cpf-docs/evidence/qa/QA_PARALLEL_12WAY_QA-12F_f97655c/SOURCE_TRACE_MATRIX.csv,재개발 후 contract/fault/runtime 재검수
CPF-FR-013605,04-00013605,Query Contract,Bulk Update,계약,미통과,아니오,QA12F-QUERY-001,cpf-docs/evidence/qa/QA_PARALLEL_12WAY_QA-12F_f97655c/SOURCE_TRACE_MATRIX.csv,재개발 후 contract/fault/runtime 재검수
CPF-FR-013606,04-00013606,Query Contract,Bulk Update,기본 구현,미통과,아니오,QA12F-QUERY-001,cpf-docs/evidence/qa/QA_PARALLEL_12WAY_QA-12F_f97655c/SOURCE_TRACE_MATRIX.csv,재개발 후 contract/fault/runtime 재검수
CPF-FR-013607,04-00013607,Query Contract,Bulk Update,상태·데이터,미통과,아니오,QA12F-QUERY-001,cpf-docs/evidence/qa/QA_PARALLEL_12WAY_QA-12F_f97655c/SOURCE_TRACE_MATRIX.csv,재개발 후 contract/fault/runtime 재검수
CPF-FR-013608,04-00013608,Query Contract,Bulk Update,보안·권한,미통과,아니오,QA12F-QUERY-001,cpf-docs/evidence/qa/QA_PARALLEL_12WAY_QA-12F_f97655c/SOURCE_TRACE_MATRIX.csv,재개발 후 contract/fault/runtime 재검수
CPF-FR-013609,04-00013609,Query Contract,Bulk Update,운영,미통과,아니오,QA12F-QUERY-001,cpf-docs/evidence/qa/QA_PARALLEL_12WAY_QA-12F_f97655c/SOURCE_TRACE_MATRIX.csv,재개발 후 contract/fault/runtime 재검수
CPF-FR-013610,04-00013610,Query Contract,Bulk Update,실패·복구,미통과,아니오,QA12F-QUERY-001,cpf-docs/evidence/qa/QA_PARALLEL_12WAY_QA-12F_f97655c/SOURCE_TRACE_MATRIX.csv,재개발 후 contract/fault/runtime 재검수
CPF-FR-013611,04-00013611,Query Contract,Bulk Update,호환·배포,미통과,아니오,QA12F-QUERY-001,cpf-docs/evidence/qa/QA_PARALLEL_12WAY_QA-12F_f97655c/SOURCE_TRACE_MATRIX.csv,재개발 후 contract/fault/runtime 재검수
CPF-FR-013612,04-00013612,Query Contract,Bulk Update,검증·Evidence,미통과,아니오,QA12F-QUERY-001,cpf-docs/evidence/qa/QA_PARALLEL_12WAY_QA-12F_f97655c/SOURCE_TRACE_MATRIX.csv,재개발 후 contract/fault/runtime 재검수
CPF-FR-013613,04-00013613,Query Contract,Upsert Semantics,계약,미통과,아니오,QA12F-QUERY-001,cpf-docs/evidence/qa/QA_PARALLEL_12WAY_QA-12F_f97655c/SOURCE_TRACE_MATRIX.csv,재개발 후 contract/fault/runtime 재검수
CPF-FR-013614,04-00013614,Query Contract,Upsert Semantics,기본 구현,미통과,아니오,QA12F-QUERY-001,cpf-docs/evidence/qa/QA_PARALLEL_12WAY_QA-12F_f97655c/SOURCE_TRACE_MATRIX.csv,재개발 후 contract/fault/runtime 재검수
CPF-FR-013615,04-00013615,Query Contract,Upsert Semantics,상태·데이터,미통과,아니오,QA12F-QUERY-001,cpf-docs/evidence/qa/QA_PARALLEL_12WAY_QA-12F_f97655c/SOURCE_TRACE_MATRIX.csv,재개발 후 contract/fault/runtime 재검수
CPF-FR-013616,04-00013616,Query Contract,Upsert Semantics,보안·권한,미통과,아니오,QA12F-QUERY-001,cpf-docs/evidence/qa/QA_PARALLEL_12WAY_QA-12F_f97655c/SOURCE_TRACE_MATRIX.csv,재개발 후 contract/fault/runtime 재검수
CPF-FR-013617,04-00013617,Query Contract,Upsert Semantics,운영,미통과,아니오,QA12F-QUERY-001,cpf-docs/evidence/qa/QA_PARALLEL_12WAY_QA-12F_f97655c/SOURCE_TRACE_MATRIX.csv,재개발 후 contract/fault/runtime 재검수
CPF-FR-013618,04-00013618,Query Contract,Upsert Semantics,실패·복구,미통과,아니오,QA12F-QUERY-001,cpf-docs/evidence/qa/QA_PARALLEL_12WAY_QA-12F_f97655c/SOURCE_TRACE_MATRIX.csv,재개발 후 contract/fault/runtime 재검수
CPF-FR-013619,04-00013619,Query Contract,Upsert Semantics,호환·배포,미통과,아니오,QA12F-QUERY-001,cpf-docs/evidence/qa/QA_PARALLEL_12WAY_QA-12F_f97655c/SOURCE_TRACE_MATRIX.csv,재개발 후 contract/fault/runtime 재검수
CPF-FR-013620,04-00013620,Query Contract,Upsert Semantics,검증·Evidence,미통과,아니오,QA12F-QUERY-001,cpf-docs/evidence/qa/QA_PARALLEL_12WAY_QA-12F_f97655c/SOURCE_TRACE_MATRIX.csv,재개발 후 contract/fault/runtime 재검수
CPF-FR-013621,04-00013621,Query Contract,Generated Key,계약,미통과,아니오,QA12F-QUERY-001,cpf-docs/evidence/qa/QA_PARALLEL_12WAY_QA-12F_f97655c/SOURCE_TRACE_MATRIX.csv,재개발 후 contract/fault/runtime 재검수
CPF-FR-013622,04-00013622,Query Contract,Generated Key,기본 구현,미통과,아니오,QA12F-QUERY-001,cpf-docs/evidence/qa/QA_PARALLEL_12WAY_QA-12F_f97655c/SOURCE_TRACE_MATRIX.csv,재개발 후 contract/fault/runtime 재검수
CPF-FR-013623,04-00013623,Query Contract,Generated Key,상태·데이터,미통과,아니오,QA12F-QUERY-001,cpf-docs/evidence/qa/QA_PARALLEL_12WAY_QA-12F_f97655c/SOURCE_TRACE_MATRIX.csv,재개발 후 contract/fault/runtime 재검수
CPF-FR-013624,04-00013624,Query Contract,Generated Key,보안·권한,미통과,아니오,QA12F-QUERY-001,cpf-docs/evidence/qa/QA_PARALLEL_12WAY_QA-12F_f97655c/SOURCE_TRACE_MATRIX.csv,재개발 후 contract/fault/runtime 재검수
CPF-FR-013625,04-00013625,Query Contract,Generated Key,운영,미통과,아니오,QA12F-QUERY-001,cpf-docs/evidence/qa/QA_PARALLEL_12WAY_QA-12F_f97655c/SOURCE_TRACE_MATRIX.csv,재개발 후 contract/fault/runtime 재검수
CPF-FR-013626,04-00013626,Query Contract,Generated Key,실패·복구,미통과,아니오,QA12F-QUERY-001,cpf-docs/evidence/qa/QA_PARALLEL_12WAY_QA-12F_f97655c/SOURCE_TRACE_MATRIX.csv,재개발 후 contract/fault/runtime 재검수
CPF-FR-013627,04-00013627,Query Contract,Generated Key,호환·배포,미통과,아니오,QA12F-QUERY-001,cpf-docs/evidence/qa/QA_PARALLEL_12WAY_QA-12F_f97655c/SOURCE_TRACE_MATRIX.csv,재개발 후 contract/fault/runtime 재검수
CPF-FR-013628,04-00013628,Query Contract,Generated Key,검증·Evidence,미통과,아니오,QA12F-QUERY-001,cpf-docs/evidence/qa/QA_PARALLEL_12WAY_QA-12F_f97655c/SOURCE_TRACE_MATRIX.csv,재개발 후 contract/fault/runtime 재검수
CPF-FR-013629,04-00013629,Query Contract,Timestamp Semantics,계약,미통과,아니오,QA12F-QUERY-001,cpf-docs/evidence/qa/QA_PARALLEL_12WAY_QA-12F_f97655c/SOURCE_TRACE_MATRIX.csv,재개발 후 contract/fault/runtime 재검수
CPF-FR-013630,04-00013630,Query Contract,Timestamp Semantics,기본 구현,미통과,아니오,QA12F-QUERY-001,cpf-docs/evidence/qa/QA_PARALLEL_12WAY_QA-12F_f97655c/SOURCE_TRACE_MATRIX.csv,재개발 후 contract/fault/runtime 재검수
CPF-FR-013631,04-00013631,Query Contract,Timestamp Semantics,상태·데이터,미통과,아니오,QA12F-QUERY-001,cpf-docs/evidence/qa/QA_PARALLEL_12WAY_QA-12F_f97655c/SOURCE_TRACE_MATRIX.csv,재개발 후 contract/fault/runtime 재검수
CPF-FR-013632,04-00013632,Query Contract,Timestamp Semantics,보안·권한,미통과,아니오,QA12F-QUERY-001,cpf-docs/evidence/qa/QA_PARALLEL_12WAY_QA-12F_f97655c/SOURCE_TRACE_MATRIX.csv,재개발 후 contract/fault/runtime 재검수
CPF-FR-013633,04-00013633,Query Contract,Timestamp Semantics,운영,미통과,아니오,QA12F-QUERY-001,cpf-docs/evidence/qa/QA_PARALLEL_12WAY_QA-12F_f97655c/SOURCE_TRACE_MATRIX.csv,재개발 후 contract/fault/runtime 재검수
CPF-FR-013634,04-00013634,Query Contract,Timestamp Semantics,실패·복구,미통과,아니오,QA12F-QUERY-001,cpf-docs/evidence/qa/QA_PARALLEL_12WAY_QA-12F_f97655c/SOURCE_TRACE_MATRIX.csv,재개발 후 contract/fault/runtime 재검수
CPF-FR-013635,04-00013635,Query Contract,Timestamp Semantics,호환·배포,미통과,아니오,QA12F-QUERY-001,cpf-docs/evidence/qa/QA_PARALLEL_12WAY_QA-12F_f97655c/SOURCE_TRACE_MATRIX.csv,재개발 후 contract/fault/runtime 재검수
CPF-FR-013636,04-00013636,Query Contract,Timestamp Semantics,검증·Evidence,미통과,아니오,QA12F-QUERY-001,cpf-docs/evidence/qa/QA_PARALLEL_12WAY_QA-12F_f97655c/SOURCE_TRACE_MATRIX.csv,재개발 후 contract/fault/runtime 재검수
CPF-FR-013637,04-00013637,Query Contract,Plan Baseline,계약,미통과,아니오,QA12F-QUERY-001;QA12F-QUERY-002,cpf-docs/evidence/qa/QA_PARALLEL_12WAY_QA-12F_f97655c/SOURCE_TRACE_MATRIX.csv,재개발 후 contract/fault/runtime 재검수
CPF-FR-013638,04-00013638,Query Contract,Plan Baseline,기본 구현,미통과,아니오,QA12F-QUERY-001;QA12F-QUERY-002,cpf-docs/evidence/qa/QA_PARALLEL_12WAY_QA-12F_f97655c/SOURCE_TRACE_MATRIX.csv,재개발 후 contract/fault/runtime 재검수
CPF-FR-013639,04-00013639,Query Contract,Plan Baseline,상태·데이터,미통과,아니오,QA12F-QUERY-001;QA12F-QUERY-002,cpf-docs/evidence/qa/QA_PARALLEL_12WAY_QA-12F_f97655c/SOURCE_TRACE_MATRIX.csv,재개발 후 contract/fault/runtime 재검수
CPF-FR-013640,04-00013640,Query Contract,Plan Baseline,보안·권한,미통과,아니오,QA12F-QUERY-001;QA12F-QUERY-002,cpf-docs/evidence/qa/QA_PARALLEL_12WAY_QA-12F_f97655c/SOURCE_TRACE_MATRIX.csv,재개발 후 contract/fault/runtime 재검수
CPF-FR-013641,04-00013641,Query Contract,Plan Baseline,운영,미통과,아니오,QA12F-QUERY-001;QA12F-QUERY-002,cpf-docs/evidence/qa/QA_PARALLEL_12WAY_QA-12F_f97655c/SOURCE_TRACE_MATRIX.csv,재개발 후 contract/fault/runtime 재검수
CPF-FR-013642,04-00013642,Query Contract,Plan Baseline,실패·복구,미통과,아니오,QA12F-QUERY-001;QA12F-QUERY-002,cpf-docs/evidence/qa/QA_PARALLEL_12WAY_QA-12F_f97655c/SOURCE_TRACE_MATRIX.csv,재개발 후 contract/fault/runtime 재검수
CPF-FR-013643,04-00013643,Query Contract,Plan Baseline,호환·배포,미통과,아니오,QA12F-QUERY-001;QA12F-QUERY-002,cpf-docs/evidence/qa/QA_PARALLEL_12WAY_QA-12F_f97655c/SOURCE_TRACE_MATRIX.csv,재개발 후 contract/fault/runtime 재검수
CPF-FR-013644,04-00013644,Query Contract,Plan Baseline,검증·Evidence,미통과,아니오,QA12F-QUERY-001;QA12F-QUERY-002,cpf-docs/evidence/qa/QA_PARALLEL_12WAY_QA-12F_f97655c/SOURCE_TRACE_MATRIX.csv,재개발 후 contract/fault/runtime 재검수
CPF-FR-013645,04-00013645,Query Contract,Slow Query Detection,계약,미통과,아니오,QA12F-QUERY-001;QA12F-QUERY-002,cpf-docs/evidence/qa/QA_PARALLEL_12WAY_QA-12F_f97655c/SOURCE_TRACE_MATRIX.csv,재개발 후 contract/fault/runtime 재검수
CPF-FR-013646,04-00013646,Query Contract,Slow Query Detection,기본 구현,미통과,아니오,QA12F-QUERY-001;QA12F-QUERY-002,cpf-docs/evidence/qa/QA_PARALLEL_12WAY_QA-12F_f97655c/SOURCE_TRACE_MATRIX.csv,재개발 후 contract/fault/runtime 재검수
CPF-FR-013647,04-00013647,Query Contract,Slow Query Detection,상태·데이터,미통과,아니오,QA12F-QUERY-001;QA12F-QUERY-002,cpf-docs/evidence/qa/QA_PARALLEL_12WAY_QA-12F_f97655c/SOURCE_TRACE_MATRIX.csv,재개발 후 contract/fault/runtime 재검수
CPF-FR-013648,04-00013648,Query Contract,Slow Query Detection,보안·권한,미통과,아니오,QA12F-QUERY-001;QA12F-QUERY-002,cpf-docs/evidence/qa/QA_PARALLEL_12WAY_QA-12F_f97655c/SOURCE_TRACE_MATRIX.csv,재개발 후 contract/fault/runtime 재검수
CPF-FR-013649,04-00013649,Query Contract,Slow Query Detection,운영,미통과,아니오,QA12F-QUERY-001;QA12F-QUERY-002,cpf-docs/evidence/qa/QA_PARALLEL_12WAY_QA-12F_f97655c/SOURCE_TRACE_MATRIX.csv,재개발 후 contract/fault/runtime 재검수
CPF-FR-013650,04-00013650,Query Contract,Slow Query Detection,실패·복구,미통과,아니오,QA12F-QUERY-001;QA12F-QUERY-002,cpf-docs/evidence/qa/QA_PARALLEL_12WAY_QA-12F_f97655c/SOURCE_TRACE_MATRIX.csv,재개발 후 contract/fault/runtime 재검수
CPF-FR-013651,04-00013651,Query Contract,Slow Query Detection,호환·배포,미통과,아니오,QA12F-QUERY-001;QA12F-QUERY-002,cpf-docs/evidence/qa/QA_PARALLEL_12WAY_QA-12F_f97655c/SOURCE_TRACE_MATRIX.csv,재개발 후 contract/fault/runtime 재검수
CPF-FR-013652,04-00013652,Query Contract,Slow Query Detection,검증·Evidence,미통과,아니오,QA12F-QUERY-001;QA12F-QUERY-002,cpf-docs/evidence/qa/QA_PARALLEL_12WAY_QA-12F_f97655c/SOURCE_TRACE_MATRIX.csv,재개발 후 contract/fault/runtime 재검수
CPF-FR-013653,04-00013653,Query Contract,Orphan Query Detection,계약,미통과,아니오,QA12F-QUERY-001;QA12F-QUERY-002,cpf-docs/evidence/qa/QA_PARALLEL_12WAY_QA-12F_f97655c/SOURCE_TRACE_MATRIX.csv,재개발 후 contract/fault/runtime 재검수
CPF-FR-013654,04-00013654,Query Contract,Orphan Query Detection,기본 구현,미통과,아니오,QA12F-QUERY-001;QA12F-QUERY-002,cpf-docs/evidence/qa/QA_PARALLEL_12WAY_QA-12F_f97655c/SOURCE_TRACE_MATRIX.csv,재개발 후 contract/fault/runtime 재검수
CPF-FR-013655,04-00013655,Query Contract,Orphan Query Detection,상태·데이터,미통과,아니오,QA12F-QUERY-001;QA12F-QUERY-002,cpf-docs/evidence/qa/QA_PARALLEL_12WAY_QA-12F_f97655c/SOURCE_TRACE_MATRIX.csv,재개발 후 contract/fault/runtime 재검수
CPF-FR-013656,04-00013656,Query Contract,Orphan Query Detection,보안·권한,미통과,아니오,QA12F-QUERY-001;QA12F-QUERY-002,cpf-docs/evidence/qa/QA_PARALLEL_12WAY_QA-12F_f97655c/SOURCE_TRACE_MATRIX.csv,재개발 후 contract/fault/runtime 재검수
CPF-FR-013657,04-00013657,Query Contract,Orphan Query Detection,운영,미통과,아니오,QA12F-QUERY-001;QA12F-QUERY-002,cpf-docs/evidence/qa/QA_PARALLEL_12WAY_QA-12F_f97655c/SOURCE_TRACE_MATRIX.csv,재개발 후 contract/fault/runtime 재검수
CPF-FR-013658,04-00013658,Query Contract,Orphan Query Detection,실패·복구,미통과,아니오,QA12F-QUERY-001;QA12F-QUERY-002,cpf-docs/evidence/qa/QA_PARALLEL_12WAY_QA-12F_f97655c/SOURCE_TRACE_MATRIX.csv,재개발 후 contract/fault/runtime 재검수
CPF-FR-013659,04-00013659,Query Contract,Orphan Query Detection,호환·배포,미통과,아니오,QA12F-QUERY-001;QA12F-QUERY-002,cpf-docs/evidence/qa/QA_PARALLEL_12WAY_QA-12F_f97655c/SOURCE_TRACE_MATRIX.csv,재개발 후 contract/fault/runtime 재검수
CPF-FR-013660,04-00013660,Query Contract,Orphan Query Detection,검증·Evidence,미통과,아니오,QA12F-QUERY-001;QA12F-QUERY-002,cpf-docs/evidence/qa/QA_PARALLEL_12WAY_QA-12F_f97655c/SOURCE_TRACE_MATRIX.csv,재개발 후 contract/fault/runtime 재검수
CPF-FR-013661,07-00013661,Gateway,TLS Listener,계약,미검증,아니오,QA12F-GW-001,cpf-docs/evidence/qa/QA_PARALLEL_12WAY_QA-12F_f97655c/SOURCE_TRACE_MATRIX.csv,목표 환경 또는 동등 Harness 실행
CPF-FR-013662,07-00013662,Gateway,TLS Listener,기본 구현,미검증,아니오,QA12F-GW-001,cpf-docs/evidence/qa/QA_PARALLEL_12WAY_QA-12F_f97655c/SOURCE_TRACE_MATRIX.csv,목표 환경 또는 동등 Harness 실행
CPF-FR-013663,07-00013663,Gateway,TLS Listener,상태·데이터,미검증,아니오,QA12F-GW-001,cpf-docs/evidence/qa/QA_PARALLEL_12WAY_QA-12F_f97655c/SOURCE_TRACE_MATRIX.csv,목표 환경 또는 동등 Harness 실행
CPF-FR-013664,07-00013664,Gateway,TLS Listener,보안·권한,미검증,아니오,QA12F-GW-001,cpf-docs/evidence/qa/QA_PARALLEL_12WAY_QA-12F_f97655c/SOURCE_TRACE_MATRIX.csv,목표 환경 또는 동등 Harness 실행
CPF-FR-013665,07-00013665,Gateway,TLS Listener,운영,미검증,아니오,QA12F-GW-001,cpf-docs/evidence/qa/QA_PARALLEL_12WAY_QA-12F_f97655c/SOURCE_TRACE_MATRIX.csv,목표 환경 또는 동등 Harness 실행
CPF-FR-013666,10-00013666,Gateway,TLS Listener,실패·복구,미검증,아니오,QA12F-GW-001,cpf-docs/evidence/qa/QA_PARALLEL_12WAY_QA-12F_f97655c/SOURCE_TRACE_MATRIX.csv,목표 환경 또는 동등 Harness 실행
CPF-FR-013667,07-00013667,Gateway,TLS Listener,호환·배포,미검증,아니오,QA12F-GW-001,cpf-docs/evidence/qa/QA_PARALLEL_12WAY_QA-12F_f97655c/SOURCE_TRACE_MATRIX.csv,목표 환경 또는 동등 Harness 실행
CPF-FR-013668,10-00013668,Gateway,TLS Listener,검증·Evidence,미검증,아니오,QA12F-GW-001,cpf-docs/evidence/qa/QA_PARALLEL_12WAY_QA-12F_f97655c/SOURCE_TRACE_MATRIX.csv,목표 환경 또는 동등 Harness 실행
CPF-FR-013669,07-00013669,Gateway,Client Identity,계약,미검증,아니오,QA12F-GW-001,cpf-docs/evidence/qa/QA_PARALLEL_12WAY_QA-12F_f97655c/SOURCE_TRACE_MATRIX.csv,목표 환경 또는 동등 Harness 실행
CPF-FR-013670,07-00013670,Gateway,Client Identity,기본 구현,미검증,아니오,QA12F-GW-001,cpf-docs/evidence/qa/QA_PARALLEL_12WAY_QA-12F_f97655c/SOURCE_TRACE_MATRIX.csv,목표 환경 또는 동등 Harness 실행
CPF-FR-013671,07-00013671,Gateway,Client Identity,상태·데이터,미검증,아니오,QA12F-GW-001,cpf-docs/evidence/qa/QA_PARALLEL_12WAY_QA-12F_f97655c/SOURCE_TRACE_MATRIX.csv,목표 환경 또는 동등 Harness 실행
CPF-FR-013672,07-00013672,Gateway,Client Identity,보안·권한,미검증,아니오,QA12F-GW-001,cpf-docs/evidence/qa/QA_PARALLEL_12WAY_QA-12F_f97655c/SOURCE_TRACE_MATRIX.csv,목표 환경 또는 동등 Harness 실행
CPF-FR-013673,07-00013673,Gateway,Client Identity,운영,미검증,아니오,QA12F-GW-001,cpf-docs/evidence/qa/QA_PARALLEL_12WAY_QA-12F_f97655c/SOURCE_TRACE_MATRIX.csv,목표 환경 또는 동등 Harness 실행
CPF-FR-013674,10-00013674,Gateway,Client Identity,실패·복구,미검증,아니오,QA12F-GW-001,cpf-docs/evidence/qa/QA_PARALLEL_12WAY_QA-12F_f97655c/SOURCE_TRACE_MATRIX.csv,목표 환경 또는 동등 Harness 실행
CPF-FR-013675,07-00013675,Gateway,Client Identity,호환·배포,미검증,아니오,QA12F-GW-001,cpf-docs/evidence/qa/QA_PARALLEL_12WAY_QA-12F_f97655c/SOURCE_TRACE_MATRIX.csv,목표 환경 또는 동등 Harness 실행
CPF-FR-013676,10-00013676,Gateway,Client Identity,검증·Evidence,미검증,아니오,QA12F-GW-001,cpf-docs/evidence/qa/QA_PARALLEL_12WAY_QA-12F_f97655c/SOURCE_TRACE_MATRIX.csv,목표 환경 또는 동등 Harness 실행
CPF-FR-013677,07-00013677,Gateway,Request Size Limit,계약,미검증,아니오,QA12F-GW-001,cpf-docs/evidence/qa/QA_PARALLEL_12WAY_QA-12F_f97655c/SOURCE_TRACE_MATRIX.csv,목표 환경 또는 동등 Harness 실행
CPF-FR-013678,07-00013678,Gateway,Request Size Limit,기본 구현,미검증,아니오,QA12F-GW-001,cpf-docs/evidence/qa/QA_PARALLEL_12WAY_QA-12F_f97655c/SOURCE_TRACE_MATRIX.csv,목표 환경 또는 동등 Harness 실행
CPF-FR-013679,07-00013679,Gateway,Request Size Limit,상태·데이터,미검증,아니오,QA12F-GW-001,cpf-docs/evidence/qa/QA_PARALLEL_12WAY_QA-12F_f97655c/SOURCE_TRACE_MATRIX.csv,목표 환경 또는 동등 Harness 실행
CPF-FR-013680,07-00013680,Gateway,Request Size Limit,보안·권한,미검증,아니오,QA12F-GW-001,cpf-docs/evidence/qa/QA_PARALLEL_12WAY_QA-12F_f97655c/SOURCE_TRACE_MATRIX.csv,목표 환경 또는 동등 Harness 실행
CPF-FR-013681,07-00013681,Gateway,Request Size Limit,운영,미검증,아니오,QA12F-GW-001,cpf-docs/evidence/qa/QA_PARALLEL_12WAY_QA-12F_f97655c/SOURCE_TRACE_MATRIX.csv,목표 환경 또는 동등 Harness 실행
CPF-FR-013682,10-00013682,Gateway,Request Size Limit,실패·복구,미검증,아니오,QA12F-GW-001,cpf-docs/evidence/qa/QA_PARALLEL_12WAY_QA-12F_f97655c/SOURCE_TRACE_MATRIX.csv,목표 환경 또는 동등 Harness 실행
CPF-FR-013683,07-00013683,Gateway,Request Size Limit,호환·배포,미검증,아니오,QA12F-GW-001,cpf-docs/evidence/qa/QA_PARALLEL_12WAY_QA-12F_f97655c/SOURCE_TRACE_MATRIX.csv,목표 환경 또는 동등 Harness 실행
CPF-FR-013684,10-00013684,Gateway,Request Size Limit,검증·Evidence,미검증,아니오,QA12F-GW-001,cpf-docs/evidence/qa/QA_PARALLEL_12WAY_QA-12F_f97655c/SOURCE_TRACE_MATRIX.csv,목표 환경 또는 동등 Harness 실행
CPF-FR-013685,07-00013685,Gateway,Header Size Limit,계약,미검증,아니오,QA12F-GW-001,cpf-docs/evidence/qa/QA_PARALLEL_12WAY_QA-12F_f97655c/SOURCE_TRACE_MATRIX.csv,목표 환경 또는 동등 Harness 실행
CPF-FR-013686,07-00013686,Gateway,Header Size Limit,기본 구현,미검증,아니오,QA12F-GW-001,cpf-docs/evidence/qa/QA_PARALLEL_12WAY_QA-12F_f97655c/SOURCE_TRACE_MATRIX.csv,목표 환경 또는 동등 Harness 실행
CPF-FR-013687,07-00013687,Gateway,Header Size Limit,상태·데이터,미검증,아니오,QA12F-GW-001,cpf-docs/evidence/qa/QA_PARALLEL_12WAY_QA-12F_f97655c/SOURCE_TRACE_MATRIX.csv,목표 환경 또는 동등 Harness 실행
CPF-FR-013688,07-00013688,Gateway,Header Size Limit,보안·권한,미검증,아니오,QA12F-GW-001,cpf-docs/evidence/qa/QA_PARALLEL_12WAY_QA-12F_f97655c/SOURCE_TRACE_MATRIX.csv,목표 환경 또는 동등 Harness 실행
CPF-FR-013689,07-00013689,Gateway,Header Size Limit,운영,미검증,아니오,QA12F-GW-001,cpf-docs/evidence/qa/QA_PARALLEL_12WAY_QA-12F_f97655c/SOURCE_TRACE_MATRIX.csv,목표 환경 또는 동등 Harness 실행
CPF-FR-013690,10-00013690,Gateway,Header Size Limit,실패·복구,미검증,아니오,QA12F-GW-001,cpf-docs/evidence/qa/QA_PARALLEL_12WAY_QA-12F_f97655c/SOURCE_TRACE_MATRIX.csv,목표 환경 또는 동등 Harness 실행
CPF-FR-013691,07-00013691,Gateway,Header Size Limit,호환·배포,미검증,아니오,QA12F-GW-001,cpf-docs/evidence/qa/QA_PARALLEL_12WAY_QA-12F_f97655c/SOURCE_TRACE_MATRIX.csv,목표 환경 또는 동등 Harness 실행
CPF-FR-013692,10-00013692,Gateway,Header Size Limit,검증·Evidence,미검증,아니오,QA12F-GW-001,cpf-docs/evidence/qa/QA_PARALLEL_12WAY_QA-12F_f97655c/SOURCE_TRACE_MATRIX.csv,목표 환경 또는 동등 Harness 실행
CPF-FR-013693,07-00013693,Gateway,Maintenance Admission,계약,미검증,아니오,QA12F-GW-001,cpf-docs/evidence/qa/QA_PARALLEL_12WAY_QA-12F_f97655c/SOURCE_TRACE_MATRIX.csv,목표 환경 또는 동등 Harness 실행
CPF-FR-013694,07-00013694,Gateway,Maintenance Admission,기본 구현,미검증,아니오,QA12F-GW-001,cpf-docs/evidence/qa/QA_PARALLEL_12WAY_QA-12F_f97655c/SOURCE_TRACE_MATRIX.csv,목표 환경 또는 동등 Harness 실행
CPF-FR-013695,07-00013695,Gateway,Maintenance Admission,상태·데이터,미검증,아니오,QA12F-GW-001,cpf-docs/evidence/qa/QA_PARALLEL_12WAY_QA-12F_f97655c/SOURCE_TRACE_MATRIX.csv,목표 환경 또는 동등 Harness 실행
CPF-FR-013696,07-00013696,Gateway,Maintenance Admission,보안·권한,미검증,아니오,QA12F-GW-001,cpf-docs/evidence/qa/QA_PARALLEL_12WAY_QA-12F_f97655c/SOURCE_TRACE_MATRIX.csv,목표 환경 또는 동등 Harness 실행
CPF-FR-013697,07-00013697,Gateway,Maintenance Admission,운영,미검증,아니오,QA12F-GW-001,cpf-docs/evidence/qa/QA_PARALLEL_12WAY_QA-12F_f97655c/SOURCE_TRACE_MATRIX.csv,목표 환경 또는 동등 Harness 실행
CPF-FR-013698,10-00013698,Gateway,Maintenance Admission,실패·복구,미검증,아니오,QA12F-GW-001,cpf-docs/evidence/qa/QA_PARALLEL_12WAY_QA-12F_f97655c/SOURCE_TRACE_MATRIX.csv,목표 환경 또는 동등 Harness 실행
CPF-FR-013699,07-00013699,Gateway,Maintenance Admission,호환·배포,미검증,아니오,QA12F-GW-001,cpf-docs/evidence/qa/QA_PARALLEL_12WAY_QA-12F_f97655c/SOURCE_TRACE_MATRIX.csv,목표 환경 또는 동등 Harness 실행
CPF-FR-013700,10-00013700,Gateway,Maintenance Admission,검증·Evidence,미검증,아니오,QA12F-GW-001,cpf-docs/evidence/qa/QA_PARALLEL_12WAY_QA-12F_f97655c/SOURCE_TRACE_MATRIX.csv,목표 환경 또는 동등 Harness 실행
CPF-FR-013701,07-00013701,Gateway,Control / Data Plane Separation,계약,미검증,아니오,QA12F-GW-001,cpf-docs/evidence/qa/QA_PARALLEL_12WAY_QA-12F_f97655c/SOURCE_TRACE_MATRIX.csv,목표 환경 또는 동등 Harness 실행
CPF-FR-013702,07-00013702,Gateway,Control / Data Plane Separation,기본 구현,미검증,아니오,QA12F-GW-001,cpf-docs/evidence/qa/QA_PARALLEL_12WAY_QA-12F_f97655c/SOURCE_TRACE_MATRIX.csv,목표 환경 또는 동등 Harness 실행
CPF-FR-013703,07-00013703,Gateway,Control / Data Plane Separation,상태·데이터,미검증,아니오,QA12F-GW-001,cpf-docs/evidence/qa/QA_PARALLEL_12WAY_QA-12F_f97655c/SOURCE_TRACE_MATRIX.csv,목표 환경 또는 동등 Harness 실행
CPF-FR-013704,07-00013704,Gateway,Control / Data Plane Separation,보안·권한,미검증,아니오,QA12F-GW-001,cpf-docs/evidence/qa/QA_PARALLEL_12WAY_QA-12F_f97655c/SOURCE_TRACE_MATRIX.csv,목표 환경 또는 동등 Harness 실행
CPF-FR-013705,07-00013705,Gateway,Control / Data Plane Separation,운영,미검증,아니오,QA12F-GW-001,cpf-docs/evidence/qa/QA_PARALLEL_12WAY_QA-12F_f97655c/SOURCE_TRACE_MATRIX.csv,목표 환경 또는 동등 Harness 실행
CPF-FR-013706,10-00013706,Gateway,Control / Data Plane Separation,실패·복구,미검증,아니오,QA12F-GW-001,cpf-docs/evidence/qa/QA_PARALLEL_12WAY_QA-12F_f97655c/SOURCE_TRACE_MATRIX.csv,목표 환경 또는 동등 Harness 실행
CPF-FR-013707,07-00013707,Gateway,Control / Data Plane Separation,호환·배포,미검증,아니오,QA12F-GW-001,cpf-docs/evidence/qa/QA_PARALLEL_12WAY_QA-12F_f97655c/SOURCE_TRACE_MATRIX.csv,목표 환경 또는 동등 Harness 실행
CPF-FR-013708,10-00013708,Gateway,Control / Data Plane Separation,검증·Evidence,미검증,아니오,QA12F-GW-001,cpf-docs/evidence/qa/QA_PARALLEL_12WAY_QA-12F_f97655c/SOURCE_TRACE_MATRIX.csv,목표 환경 또는 동등 Harness 실행
CPF-FR-013709,07-00013709,Gateway,Route Snapshot,계약,미검증,아니오,QA12F-GW-001,cpf-docs/evidence/qa/QA_PARALLEL_12WAY_QA-12F_f97655c/SOURCE_TRACE_MATRIX.csv,목표 환경 또는 동등 Harness 실행
CPF-FR-013710,07-00013710,Gateway,Route Snapshot,기본 구현,미검증,아니오,QA12F-GW-001,cpf-docs/evidence/qa/QA_PARALLEL_12WAY_QA-12F_f97655c/SOURCE_TRACE_MATRIX.csv,목표 환경 또는 동등 Harness 실행
CPF-FR-013711,07-00013711,Gateway,Route Snapshot,상태·데이터,미검증,아니오,QA12F-GW-001,cpf-docs/evidence/qa/QA_PARALLEL_12WAY_QA-12F_f97655c/SOURCE_TRACE_MATRIX.csv,목표 환경 또는 동등 Harness 실행
CPF-FR-013712,07-00013712,Gateway,Route Snapshot,보안·권한,미검증,아니오,QA12F-GW-001,cpf-docs/evidence/qa/QA_PARALLEL_12WAY_QA-12F_f97655c/SOURCE_TRACE_MATRIX.csv,목표 환경 또는 동등 Harness 실행
CPF-FR-013713,07-00013713,Gateway,Route Snapshot,운영,미검증,아니오,QA12F-GW-001,cpf-docs/evidence/qa/QA_PARALLEL_12WAY_QA-12F_f97655c/SOURCE_TRACE_MATRIX.csv,목표 환경 또는 동등 Harness 실행
CPF-FR-013714,10-00013714,Gateway,Route Snapshot,실패·복구,미검증,아니오,QA12F-GW-001,cpf-docs/evidence/qa/QA_PARALLEL_12WAY_QA-12F_f97655c/SOURCE_TRACE_MATRIX.csv,목표 환경 또는 동등 Harness 실행
CPF-FR-013715,07-00013715,Gateway,Route Snapshot,호환·배포,미검증,아니오,QA12F-GW-001,cpf-docs/evidence/qa/QA_PARALLEL_12WAY_QA-12F_f97655c/SOURCE_TRACE_MATRIX.csv,목표 환경 또는 동등 Harness 실행
CPF-FR-013716,10-00013716,Gateway,Route Snapshot,검증·Evidence,미검증,아니오,QA12F-GW-001,cpf-docs/evidence/qa/QA_PARALLEL_12WAY_QA-12F_f97655c/SOURCE_TRACE_MATRIX.csv,목표 환경 또는 동등 Harness 실행
CPF-FR-013717,07-00013717,Gateway,Atomic Route Refresh,계약,미검증,아니오,QA12F-GW-001,cpf-docs/evidence/qa/QA_PARALLEL_12WAY_QA-12F_f97655c/SOURCE_TRACE_MATRIX.csv,목표 환경 또는 동등 Harness 실행
CPF-FR-013718,07-00013718,Gateway,Atomic Route Refresh,기본 구현,미검증,아니오,QA12F-GW-001,cpf-docs/evidence/qa/QA_PARALLEL_12WAY_QA-12F_f97655c/SOURCE_TRACE_MATRIX.csv,목표 환경 또는 동등 Harness 실행
CPF-FR-013719,07-00013719,Gateway,Atomic Route Refresh,상태·데이터,미검증,아니오,QA12F-GW-001,cpf-docs/evidence/qa/QA_PARALLEL_12WAY_QA-12F_f97655c/SOURCE_TRACE_MATRIX.csv,목표 환경 또는 동등 Harness 실행
CPF-FR-013720,07-00013720,Gateway,Atomic Route Refresh,보안·권한,미검증,아니오,QA12F-GW-001,cpf-docs/evidence/qa/QA_PARALLEL_12WAY_QA-12F_f97655c/SOURCE_TRACE_MATRIX.csv,목표 환경 또는 동등 Harness 실행
CPF-FR-013721,07-00013721,Gateway,Atomic Route Refresh,운영,미검증,아니오,QA12F-GW-001,cpf-docs/evidence/qa/QA_PARALLEL_12WAY_QA-12F_f97655c/SOURCE_TRACE_MATRIX.csv,목표 환경 또는 동등 Harness 실행
CPF-FR-013722,10-00013722,Gateway,Atomic Route Refresh,실패·복구,미검증,아니오,QA12F-GW-001,cpf-docs/evidence/qa/QA_PARALLEL_12WAY_QA-12F_f97655c/SOURCE_TRACE_MATRIX.csv,목표 환경 또는 동등 Harness 실행
CPF-FR-013723,07-00013723,Gateway,Atomic Route Refresh,호환·배포,미검증,아니오,QA12F-GW-001,cpf-docs/evidence/qa/QA_PARALLEL_12WAY_QA-12F_f97655c/SOURCE_TRACE_MATRIX.csv,목표 환경 또는 동등 Harness 실행
CPF-FR-013724,10-00013724,Gateway,Atomic Route Refresh,검증·Evidence,미검증,아니오,QA12F-GW-001,cpf-docs/evidence/qa/QA_PARALLEL_12WAY_QA-12F_f97655c/SOURCE_TRACE_MATRIX.csv,목표 환경 또는 동등 Harness 실행
CPF-FR-013725,07-00013725,Gateway,Route Validation,계약,미검증,아니오,QA12F-GW-001,cpf-docs/evidence/qa/QA_PARALLEL_12WAY_QA-12F_f97655c/SOURCE_TRACE_MATRIX.csv,목표 환경 또는 동등 Harness 실행
CPF-FR-013726,07-00013726,Gateway,Route Validation,기본 구현,미검증,아니오,QA12F-GW-001,cpf-docs/evidence/qa/QA_PARALLEL_12WAY_QA-12F_f97655c/SOURCE_TRACE_MATRIX.csv,목표 환경 또는 동등 Harness 실행
CPF-FR-013727,07-00013727,Gateway,Route Validation,상태·데이터,미검증,아니오,QA12F-GW-001,cpf-docs/evidence/qa/QA_PARALLEL_12WAY_QA-12F_f97655c/SOURCE_TRACE_MATRIX.csv,목표 환경 또는 동등 Harness 실행
CPF-FR-013728,07-00013728,Gateway,Route Validation,보안·권한,미검증,아니오,QA12F-GW-001,cpf-docs/evidence/qa/QA_PARALLEL_12WAY_QA-12F_f97655c/SOURCE_TRACE_MATRIX.csv,목표 환경 또는 동등 Harness 실행
CPF-FR-013729,07-00013729,Gateway,Route Validation,운영,미검증,아니오,QA12F-GW-001,cpf-docs/evidence/qa/QA_PARALLEL_12WAY_QA-12F_f97655c/SOURCE_TRACE_MATRIX.csv,목표 환경 또는 동등 Harness 실행
CPF-FR-013730,10-00013730,Gateway,Route Validation,실패·복구,미검증,아니오,QA12F-GW-001,cpf-docs/evidence/qa/QA_PARALLEL_12WAY_QA-12F_f97655c/SOURCE_TRACE_MATRIX.csv,목표 환경 또는 동등 Harness 실행
CPF-FR-013731,07-00013731,Gateway,Route Validation,호환·배포,미검증,아니오,QA12F-GW-001,cpf-docs/evidence/qa/QA_PARALLEL_12WAY_QA-12F_f97655c/SOURCE_TRACE_MATRIX.csv,목표 환경 또는 동등 Harness 실행
CPF-FR-013732,10-00013732,Gateway,Route Validation,검증·Evidence,미검증,아니오,QA12F-GW-001,cpf-docs/evidence/qa/QA_PARALLEL_12WAY_QA-12F_f97655c/SOURCE_TRACE_MATRIX.csv,목표 환경 또는 동등 Harness 실행
CPF-FR-013733,07-00013733,Gateway,Service Discovery,계약,미검증,아니오,QA12F-GW-001,cpf-docs/evidence/qa/QA_PARALLEL_12WAY_QA-12F_f97655c/SOURCE_TRACE_MATRIX.csv,목표 환경 또는 동등 Harness 실행
CPF-FR-013734,07-00013734,Gateway,Service Discovery,기본 구현,미검증,아니오,QA12F-GW-001,cpf-docs/evidence/qa/QA_PARALLEL_12WAY_QA-12F_f97655c/SOURCE_TRACE_MATRIX.csv,목표 환경 또는 동등 Harness 실행
CPF-FR-013735,07-00013735,Gateway,Service Discovery,상태·데이터,미검증,아니오,QA12F-GW-001,cpf-docs/evidence/qa/QA_PARALLEL_12WAY_QA-12F_f97655c/SOURCE_TRACE_MATRIX.csv,목표 환경 또는 동등 Harness 실행
CPF-FR-013736,07-00013736,Gateway,Service Discovery,보안·권한,미검증,아니오,QA12F-GW-001,cpf-docs/evidence/qa/QA_PARALLEL_12WAY_QA-12F_f97655c/SOURCE_TRACE_MATRIX.csv,목표 환경 또는 동등 Harness 실행
CPF-FR-013737,07-00013737,Gateway,Service Discovery,운영,미검증,아니오,QA12F-GW-001,cpf-docs/evidence/qa/QA_PARALLEL_12WAY_QA-12F_f97655c/SOURCE_TRACE_MATRIX.csv,목표 환경 또는 동등 Harness 실행
CPF-FR-013738,10-00013738,Gateway,Service Discovery,실패·복구,미검증,아니오,QA12F-GW-001,cpf-docs/evidence/qa/QA_PARALLEL_12WAY_QA-12F_f97655c/SOURCE_TRACE_MATRIX.csv,목표 환경 또는 동등 Harness 실행
CPF-FR-013739,07-00013739,Gateway,Service Discovery,호환·배포,미검증,아니오,QA12F-GW-001,cpf-docs/evidence/qa/QA_PARALLEL_12WAY_QA-12F_f97655c/SOURCE_TRACE_MATRIX.csv,목표 환경 또는 동등 Harness 실행
CPF-FR-013740,10-00013740,Gateway,Service Discovery,검증·Evidence,미검증,아니오,QA12F-GW-001,cpf-docs/evidence/qa/QA_PARALLEL_12WAY_QA-12F_f97655c/SOURCE_TRACE_MATRIX.csv,목표 환경 또는 동등 Harness 실행
CPF-FR-013741,07-00013741,Gateway,Target Pool,계약,미검증,아니오,QA12F-GW-001,cpf-docs/evidence/qa/QA_PARALLEL_12WAY_QA-12F_f97655c/SOURCE_TRACE_MATRIX.csv,목표 환경 또는 동등 Harness 실행
CPF-FR-013742,07-00013742,Gateway,Target Pool,기본 구현,미검증,아니오,QA12F-GW-001,cpf-docs/evidence/qa/QA_PARALLEL_12WAY_QA-12F_f97655c/SOURCE_TRACE_MATRIX.csv,목표 환경 또는 동등 Harness 실행
CPF-FR-013743,07-00013743,Gateway,Target Pool,상태·데이터,미검증,아니오,QA12F-GW-001,cpf-docs/evidence/qa/QA_PARALLEL_12WAY_QA-12F_f97655c/SOURCE_TRACE_MATRIX.csv,목표 환경 또는 동등 Harness 실행
CPF-FR-013744,07-00013744,Gateway,Target Pool,보안·권한,미검증,아니오,QA12F-GW-001,cpf-docs/evidence/qa/QA_PARALLEL_12WAY_QA-12F_f97655c/SOURCE_TRACE_MATRIX.csv,목표 환경 또는 동등 Harness 실행
CPF-FR-013745,07-00013745,Gateway,Target Pool,운영,미검증,아니오,QA12F-GW-001,cpf-docs/evidence/qa/QA_PARALLEL_12WAY_QA-12F_f97655c/SOURCE_TRACE_MATRIX.csv,목표 환경 또는 동등 Harness 실행
CPF-FR-013746,10-00013746,Gateway,Target Pool,실패·복구,미검증,아니오,QA12F-GW-001,cpf-docs/evidence/qa/QA_PARALLEL_12WAY_QA-12F_f97655c/SOURCE_TRACE_MATRIX.csv,목표 환경 또는 동등 Harness 실행
CPF-FR-013747,07-00013747,Gateway,Target Pool,호환·배포,미검증,아니오,QA12F-GW-001,cpf-docs/evidence/qa/QA_PARALLEL_12WAY_QA-12F_f97655c/SOURCE_TRACE_MATRIX.csv,목표 환경 또는 동등 Harness 실행
CPF-FR-013748,10-00013748,Gateway,Target Pool,검증·Evidence,미검증,아니오,QA12F-GW-001,cpf-docs/evidence/qa/QA_PARALLEL_12WAY_QA-12F_f97655c/SOURCE_TRACE_MATRIX.csv,목표 환경 또는 동등 Harness 실행
CPF-FR-013749,07-00013749,Gateway,Target Selection,계약,미검증,아니오,QA12F-GW-001,cpf-docs/evidence/qa/QA_PARALLEL_12WAY_QA-12F_f97655c/SOURCE_TRACE_MATRIX.csv,목표 환경 또는 동등 Harness 실행
CPF-FR-013750,07-00013750,Gateway,Target Selection,기본 구현,미검증,아니오,QA12F-GW-001,cpf-docs/evidence/qa/QA_PARALLEL_12WAY_QA-12F_f97655c/SOURCE_TRACE_MATRIX.csv,목표 환경 또는 동등 Harness 실행
CPF-FR-013751,07-00013751,Gateway,Target Selection,상태·데이터,미검증,아니오,QA12F-GW-001,cpf-docs/evidence/qa/QA_PARALLEL_12WAY_QA-12F_f97655c/SOURCE_TRACE_MATRIX.csv,목표 환경 또는 동등 Harness 실행
CPF-FR-013752,07-00013752,Gateway,Target Selection,보안·권한,미검증,아니오,QA12F-GW-001,cpf-docs/evidence/qa/QA_PARALLEL_12WAY_QA-12F_f97655c/SOURCE_TRACE_MATRIX.csv,목표 환경 또는 동등 Harness 실행
CPF-FR-013753,07-00013753,Gateway,Target Selection,운영,미검증,아니오,QA12F-GW-001,cpf-docs/evidence/qa/QA_PARALLEL_12WAY_QA-12F_f97655c/SOURCE_TRACE_MATRIX.csv,목표 환경 또는 동등 Harness 실행
CPF-FR-013754,10-00013754,Gateway,Target Selection,실패·복구,미검증,아니오,QA12F-GW-001,cpf-docs/evidence/qa/QA_PARALLEL_12WAY_QA-12F_f97655c/SOURCE_TRACE_MATRIX.csv,목표 환경 또는 동등 Harness 실행
CPF-FR-013755,07-00013755,Gateway,Target Selection,호환·배포,미검증,아니오,QA12F-GW-001,cpf-docs/evidence/qa/QA_PARALLEL_12WAY_QA-12F_f97655c/SOURCE_TRACE_MATRIX.csv,목표 환경 또는 동등 Harness 실행
CPF-FR-013756,10-00013756,Gateway,Target Selection,검증·Evidence,미검증,아니오,QA12F-GW-001,cpf-docs/evidence/qa/QA_PARALLEL_12WAY_QA-12F_f97655c/SOURCE_TRACE_MATRIX.csv,목표 환경 또는 동등 Harness 실행
CPF-FR-013757,07-00013757,Gateway,Zone Routing,계약,미검증,아니오,QA12F-GW-001,cpf-docs/evidence/qa/QA_PARALLEL_12WAY_QA-12F_f97655c/SOURCE_TRACE_MATRIX.csv,목표 환경 또는 동등 Harness 실행
CPF-FR-013758,07-00013758,Gateway,Zone Routing,기본 구현,미검증,아니오,QA12F-GW-001,cpf-docs/evidence/qa/QA_PARALLEL_12WAY_QA-12F_f97655c/SOURCE_TRACE_MATRIX.csv,목표 환경 또는 동등 Harness 실행
CPF-FR-013759,07-00013759,Gateway,Zone Routing,상태·데이터,미검증,아니오,QA12F-GW-001,cpf-docs/evidence/qa/QA_PARALLEL_12WAY_QA-12F_f97655c/SOURCE_TRACE_MATRIX.csv,목표 환경 또는 동등 Harness 실행
CPF-FR-013760,07-00013760,Gateway,Zone Routing,보안·권한,미검증,아니오,QA12F-GW-001,cpf-docs/evidence/qa/QA_PARALLEL_12WAY_QA-12F_f97655c/SOURCE_TRACE_MATRIX.csv,목표 환경 또는 동등 Harness 실행
CPF-FR-013761,07-00013761,Gateway,Zone Routing,운영,미검증,아니오,QA12F-GW-001,cpf-docs/evidence/qa/QA_PARALLEL_12WAY_QA-12F_f97655c/SOURCE_TRACE_MATRIX.csv,목표 환경 또는 동등 Harness 실행
CPF-FR-013762,10-00013762,Gateway,Zone Routing,실패·복구,미검증,아니오,QA12F-GW-001,cpf-docs/evidence/qa/QA_PARALLEL_12WAY_QA-12F_f97655c/SOURCE_TRACE_MATRIX.csv,목표 환경 또는 동등 Harness 실행
CPF-FR-013763,07-00013763,Gateway,Zone Routing,호환·배포,미검증,아니오,QA12F-GW-001,cpf-docs/evidence/qa/QA_PARALLEL_12WAY_QA-12F_f97655c/SOURCE_TRACE_MATRIX.csv,목표 환경 또는 동등 Harness 실행
CPF-FR-013764,10-00013764,Gateway,Zone Routing,검증·Evidence,미검증,아니오,QA12F-GW-001,cpf-docs/evidence/qa/QA_PARALLEL_12WAY_QA-12F_f97655c/SOURCE_TRACE_MATRIX.csv,목표 환경 또는 동등 Harness 실행
CPF-FR-013765,07-00013765,Gateway,Weight Routing,계약,미검증,아니오,QA12F-GW-001,cpf-docs/evidence/qa/QA_PARALLEL_12WAY_QA-12F_f97655c/SOURCE_TRACE_MATRIX.csv,목표 환경 또는 동등 Harness 실행
CPF-FR-013766,07-00013766,Gateway,Weight Routing,기본 구현,미검증,아니오,QA12F-GW-001,cpf-docs/evidence/qa/QA_PARALLEL_12WAY_QA-12F_f97655c/SOURCE_TRACE_MATRIX.csv,목표 환경 또는 동등 Harness 실행
CPF-FR-013767,07-00013767,Gateway,Weight Routing,상태·데이터,미검증,아니오,QA12F-GW-001,cpf-docs/evidence/qa/QA_PARALLEL_12WAY_QA-12F_f97655c/SOURCE_TRACE_MATRIX.csv,목표 환경 또는 동등 Harness 실행
CPF-FR-013768,07-00013768,Gateway,Weight Routing,보안·권한,미검증,아니오,QA12F-GW-001,cpf-docs/evidence/qa/QA_PARALLEL_12WAY_QA-12F_f97655c/SOURCE_TRACE_MATRIX.csv,목표 환경 또는 동등 Harness 실행
CPF-FR-013769,07-00013769,Gateway,Weight Routing,운영,미검증,아니오,QA12F-GW-001,cpf-docs/evidence/qa/QA_PARALLEL_12WAY_QA-12F_f97655c/SOURCE_TRACE_MATRIX.csv,목표 환경 또는 동등 Harness 실행
CPF-FR-013770,10-00013770,Gateway,Weight Routing,실패·복구,미검증,아니오,QA12F-GW-001,cpf-docs/evidence/qa/QA_PARALLEL_12WAY_QA-12F_f97655c/SOURCE_TRACE_MATRIX.csv,목표 환경 또는 동등 Harness 실행
CPF-FR-013771,07-00013771,Gateway,Weight Routing,호환·배포,미검증,아니오,QA12F-GW-001,cpf-docs/evidence/qa/QA_PARALLEL_12WAY_QA-12F_f97655c/SOURCE_TRACE_MATRIX.csv,목표 환경 또는 동등 Harness 실행
CPF-FR-013772,10-00013772,Gateway,Weight Routing,검증·Evidence,미검증,아니오,QA12F-GW-001,cpf-docs/evidence/qa/QA_PARALLEL_12WAY_QA-12F_f97655c/SOURCE_TRACE_MATRIX.csv,목표 환경 또는 동등 Harness 실행
CPF-FR-013773,07-00013773,Gateway,Canary Routing,계약,미검증,아니오,QA12F-GW-001,cpf-docs/evidence/qa/QA_PARALLEL_12WAY_QA-12F_f97655c/SOURCE_TRACE_MATRIX.csv,목표 환경 또는 동등 Harness 실행
CPF-FR-013774,07-00013774,Gateway,Canary Routing,기본 구현,미검증,아니오,QA12F-GW-001,cpf-docs/evidence/qa/QA_PARALLEL_12WAY_QA-12F_f97655c/SOURCE_TRACE_MATRIX.csv,목표 환경 또는 동등 Harness 실행
CPF-FR-013775,07-00013775,Gateway,Canary Routing,상태·데이터,미검증,아니오,QA12F-GW-001,cpf-docs/evidence/qa/QA_PARALLEL_12WAY_QA-12F_f97655c/SOURCE_TRACE_MATRIX.csv,목표 환경 또는 동등 Harness 실행
CPF-FR-013776,07-00013776,Gateway,Canary Routing,보안·권한,미검증,아니오,QA12F-GW-001,cpf-docs/evidence/qa/QA_PARALLEL_12WAY_QA-12F_f97655c/SOURCE_TRACE_MATRIX.csv,목표 환경 또는 동등 Harness 실행
CPF-FR-013777,07-00013777,Gateway,Canary Routing,운영,미검증,아니오,QA12F-GW-001,cpf-docs/evidence/qa/QA_PARALLEL_12WAY_QA-12F_f97655c/SOURCE_TRACE_MATRIX.csv,목표 환경 또는 동등 Harness 실행
CPF-FR-013778,10-00013778,Gateway,Canary Routing,실패·복구,미검증,아니오,QA12F-GW-001,cpf-docs/evidence/qa/QA_PARALLEL_12WAY_QA-12F_f97655c/SOURCE_TRACE_MATRIX.csv,목표 환경 또는 동등 Harness 실행
CPF-FR-013779,07-00013779,Gateway,Canary Routing,호환·배포,미검증,아니오,QA12F-GW-001,cpf-docs/evidence/qa/QA_PARALLEL_12WAY_QA-12F_f97655c/SOURCE_TRACE_MATRIX.csv,목표 환경 또는 동등 Harness 실행
CPF-FR-013780,10-00013780,Gateway,Canary Routing,검증·Evidence,미검증,아니오,QA12F-GW-001,cpf-docs/evidence/qa/QA_PARALLEL_12WAY_QA-12F_f97655c/SOURCE_TRACE_MATRIX.csv,목표 환경 또는 동등 Harness 실행
CPF-FR-013781,07-00013781,Gateway,Drain,계약,미검증,아니오,QA12F-GW-001,cpf-docs/evidence/qa/QA_PARALLEL_12WAY_QA-12F_f97655c/SOURCE_TRACE_MATRIX.csv,목표 환경 또는 동등 Harness 실행
CPF-FR-013782,07-00013782,Gateway,Drain,기본 구현,미검증,아니오,QA12F-GW-001,cpf-docs/evidence/qa/QA_PARALLEL_12WAY_QA-12F_f97655c/SOURCE_TRACE_MATRIX.csv,목표 환경 또는 동등 Harness 실행
CPF-FR-013783,07-00013783,Gateway,Drain,상태·데이터,미검증,아니오,QA12F-GW-001,cpf-docs/evidence/qa/QA_PARALLEL_12WAY_QA-12F_f97655c/SOURCE_TRACE_MATRIX.csv,목표 환경 또는 동등 Harness 실행
CPF-FR-013784,07-00013784,Gateway,Drain,보안·권한,미검증,아니오,QA12F-GW-001,cpf-docs/evidence/qa/QA_PARALLEL_12WAY_QA-12F_f97655c/SOURCE_TRACE_MATRIX.csv,목표 환경 또는 동등 Harness 실행
CPF-FR-013785,07-00013785,Gateway,Drain,운영,미검증,아니오,QA12F-GW-001,cpf-docs/evidence/qa/QA_PARALLEL_12WAY_QA-12F_f97655c/SOURCE_TRACE_MATRIX.csv,목표 환경 또는 동등 Harness 실행
CPF-FR-013786,10-00013786,Gateway,Drain,실패·복구,미검증,아니오,QA12F-GW-001,cpf-docs/evidence/qa/QA_PARALLEL_12WAY_QA-12F_f97655c/SOURCE_TRACE_MATRIX.csv,목표 환경 또는 동등 Harness 실행
CPF-FR-013787,07-00013787,Gateway,Drain,호환·배포,미검증,아니오,QA12F-GW-001,cpf-docs/evidence/qa/QA_PARALLEL_12WAY_QA-12F_f97655c/SOURCE_TRACE_MATRIX.csv,목표 환경 또는 동등 Harness 실행
CPF-FR-013788,10-00013788,Gateway,Drain,검증·Evidence,미검증,아니오,QA12F-GW-001,cpf-docs/evidence/qa/QA_PARALLEL_12WAY_QA-12F_f97655c/SOURCE_TRACE_MATRIX.csv,목표 환경 또는 동등 Harness 실행
CPF-FR-013789,07-00013789,Gateway,Outlier Ejection,계약,미검증,아니오,QA12F-GW-001;QA12F-GW-002,cpf-docs/evidence/qa/QA_PARALLEL_12WAY_QA-12F_f97655c/SOURCE_TRACE_MATRIX.csv,목표 환경 또는 동등 Harness 실행
CPF-FR-013790,07-00013790,Gateway,Outlier Ejection,기본 구현,미검증,아니오,QA12F-GW-001;QA12F-GW-002,cpf-docs/evidence/qa/QA_PARALLEL_12WAY_QA-12F_f97655c/SOURCE_TRACE_MATRIX.csv,목표 환경 또는 동등 Harness 실행
CPF-FR-013791,07-00013791,Gateway,Outlier Ejection,상태·데이터,미검증,아니오,QA12F-GW-001;QA12F-GW-002,cpf-docs/evidence/qa/QA_PARALLEL_12WAY_QA-12F_f97655c/SOURCE_TRACE_MATRIX.csv,목표 환경 또는 동등 Harness 실행
CPF-FR-013792,07-00013792,Gateway,Outlier Ejection,보안·권한,미검증,아니오,QA12F-GW-001;QA12F-GW-002,cpf-docs/evidence/qa/QA_PARALLEL_12WAY_QA-12F_f97655c/SOURCE_TRACE_MATRIX.csv,목표 환경 또는 동등 Harness 실행
CPF-FR-013793,07-00013793,Gateway,Outlier Ejection,운영,미검증,아니오,QA12F-GW-001;QA12F-GW-002,cpf-docs/evidence/qa/QA_PARALLEL_12WAY_QA-12F_f97655c/SOURCE_TRACE_MATRIX.csv,목표 환경 또는 동등 Harness 실행
CPF-FR-013794,10-00013794,Gateway,Outlier Ejection,실패·복구,미검증,아니오,QA12F-GW-001;QA12F-GW-002,cpf-docs/evidence/qa/QA_PARALLEL_12WAY_QA-12F_f97655c/SOURCE_TRACE_MATRIX.csv,목표 환경 또는 동등 Harness 실행
CPF-FR-013795,07-00013795,Gateway,Outlier Ejection,호환·배포,미검증,아니오,QA12F-GW-001;QA12F-GW-002,cpf-docs/evidence/qa/QA_PARALLEL_12WAY_QA-12F_f97655c/SOURCE_TRACE_MATRIX.csv,목표 환경 또는 동등 Harness 실행
CPF-FR-013796,10-00013796,Gateway,Outlier Ejection,검증·Evidence,미검증,아니오,QA12F-GW-001;QA12F-GW-002,cpf-docs/evidence/qa/QA_PARALLEL_12WAY_QA-12F_f97655c/SOURCE_TRACE_MATRIX.csv,목표 환경 또는 동등 Harness 실행
CPF-FR-013797,07-00013797,Gateway,Recovery Probe,계약,미검증,아니오,QA12F-GW-001;QA12F-GW-002,cpf-docs/evidence/qa/QA_PARALLEL_12WAY_QA-12F_f97655c/SOURCE_TRACE_MATRIX.csv,목표 환경 또는 동등 Harness 실행
CPF-FR-013798,07-00013798,Gateway,Recovery Probe,기본 구현,미검증,아니오,QA12F-GW-001;QA12F-GW-002,cpf-docs/evidence/qa/QA_PARALLEL_12WAY_QA-12F_f97655c/SOURCE_TRACE_MATRIX.csv,목표 환경 또는 동등 Harness 실행
CPF-FR-013799,07-00013799,Gateway,Recovery Probe,상태·데이터,미검증,아니오,QA12F-GW-001;QA12F-GW-002,cpf-docs/evidence/qa/QA_PARALLEL_12WAY_QA-12F_f97655c/SOURCE_TRACE_MATRIX.csv,목표 환경 또는 동등 Harness 실행
CPF-FR-013800,07-00013800,Gateway,Recovery Probe,보안·권한,미검증,아니오,QA12F-GW-001;QA12F-GW-002,cpf-docs/evidence/qa/QA_PARALLEL_12WAY_QA-12F_f97655c/SOURCE_TRACE_MATRIX.csv,목표 환경 또는 동등 Harness 실행
CPF-FR-013801,07-00013801,Gateway,Recovery Probe,운영,미검증,아니오,QA12F-GW-001;QA12F-GW-002,cpf-docs/evidence/qa/QA_PARALLEL_12WAY_QA-12F_f97655c/SOURCE_TRACE_MATRIX.csv,목표 환경 또는 동등 Harness 실행
CPF-FR-013802,10-00013802,Gateway,Recovery Probe,실패·복구,미검증,아니오,QA12F-GW-001;QA12F-GW-002,cpf-docs/evidence/qa/QA_PARALLEL_12WAY_QA-12F_f97655c/SOURCE_TRACE_MATRIX.csv,목표 환경 또는 동등 Harness 실행
CPF-FR-013803,07-00013803,Gateway,Recovery Probe,호환·배포,미검증,아니오,QA12F-GW-001;QA12F-GW-002,cpf-docs/evidence/qa/QA_PARALLEL_12WAY_QA-12F_f97655c/SOURCE_TRACE_MATRIX.csv,목표 환경 또는 동등 Harness 실행
CPF-FR-013804,10-00013804,Gateway,Recovery Probe,검증·Evidence,미검증,아니오,QA12F-GW-001;QA12F-GW-002,cpf-docs/evidence/qa/QA_PARALLEL_12WAY_QA-12F_f97655c/SOURCE_TRACE_MATRIX.csv,목표 환경 또는 동등 Harness 실행
CPF-FR-013805,07-00013805,Gateway,All Target Down,계약,미검증,아니오,QA12F-GW-001;QA12F-GW-002,cpf-docs/evidence/qa/QA_PARALLEL_12WAY_QA-12F_f97655c/SOURCE_TRACE_MATRIX.csv,목표 환경 또는 동등 Harness 실행
CPF-FR-013806,07-00013806,Gateway,All Target Down,기본 구현,미검증,아니오,QA12F-GW-001;QA12F-GW-002,cpf-docs/evidence/qa/QA_PARALLEL_12WAY_QA-12F_f97655c/SOURCE_TRACE_MATRIX.csv,목표 환경 또는 동등 Harness 실행
CPF-FR-013807,07-00013807,Gateway,All Target Down,상태·데이터,미검증,아니오,QA12F-GW-001;QA12F-GW-002,cpf-docs/evidence/qa/QA_PARALLEL_12WAY_QA-12F_f97655c/SOURCE_TRACE_MATRIX.csv,목표 환경 또는 동등 Harness 실행
CPF-FR-013808,07-00013808,Gateway,All Target Down,보안·권한,미검증,아니오,QA12F-GW-001;QA12F-GW-002,cpf-docs/evidence/qa/QA_PARALLEL_12WAY_QA-12F_f97655c/SOURCE_TRACE_MATRIX.csv,목표 환경 또는 동등 Harness 실행
CPF-FR-013809,07-00013809,Gateway,All Target Down,운영,미검증,아니오,QA12F-GW-001;QA12F-GW-002,cpf-docs/evidence/qa/QA_PARALLEL_12WAY_QA-12F_f97655c/SOURCE_TRACE_MATRIX.csv,목표 환경 또는 동등 Harness 실행
CPF-FR-013810,10-00013810,Gateway,All Target Down,실패·복구,미검증,아니오,QA12F-GW-001;QA12F-GW-002,cpf-docs/evidence/qa/QA_PARALLEL_12WAY_QA-12F_f97655c/SOURCE_TRACE_MATRIX.csv,목표 환경 또는 동등 Harness 실행
CPF-FR-013811,07-00013811,Gateway,All Target Down,호환·배포,미검증,아니오,QA12F-GW-001;QA12F-GW-002,cpf-docs/evidence/qa/QA_PARALLEL_12WAY_QA-12F_f97655c/SOURCE_TRACE_MATRIX.csv,목표 환경 또는 동등 Harness 실행
CPF-FR-013812,10-00013812,Gateway,All Target Down,검증·Evidence,미검증,아니오,QA12F-GW-001;QA12F-GW-002,cpf-docs/evidence/qa/QA_PARALLEL_12WAY_QA-12F_f97655c/SOURCE_TRACE_MATRIX.csv,목표 환경 또는 동등 Harness 실행
CPF-FR-013813,07-00013813,Gateway,Path Rewrite,계약,미검증,아니오,QA12F-GW-001,cpf-docs/evidence/qa/QA_PARALLEL_12WAY_QA-12F_f97655c/SOURCE_TRACE_MATRIX.csv,목표 환경 또는 동등 Harness 실행
CPF-FR-013814,07-00013814,Gateway,Path Rewrite,기본 구현,미검증,아니오,QA12F-GW-001,cpf-docs/evidence/qa/QA_PARALLEL_12WAY_QA-12F_f97655c/SOURCE_TRACE_MATRIX.csv,목표 환경 또는 동등 Harness 실행
CPF-FR-013815,07-00013815,Gateway,Path Rewrite,상태·데이터,미검증,아니오,QA12F-GW-001,cpf-docs/evidence/qa/QA_PARALLEL_12WAY_QA-12F_f97655c/SOURCE_TRACE_MATRIX.csv,목표 환경 또는 동등 Harness 실행
CPF-FR-013816,07-00013816,Gateway,Path Rewrite,보안·권한,미검증,아니오,QA12F-GW-001,cpf-docs/evidence/qa/QA_PARALLEL_12WAY_QA-12F_f97655c/SOURCE_TRACE_MATRIX.csv,목표 환경 또는 동등 Harness 실행
CPF-FR-013817,07-00013817,Gateway,Path Rewrite,운영,미검증,아니오,QA12F-GW-001,cpf-docs/evidence/qa/QA_PARALLEL_12WAY_QA-12F_f97655c/SOURCE_TRACE_MATRIX.csv,목표 환경 또는 동등 Harness 실행
CPF-FR-013818,10-00013818,Gateway,Path Rewrite,실패·복구,미검증,아니오,QA12F-GW-001,cpf-docs/evidence/qa/QA_PARALLEL_12WAY_QA-12F_f97655c/SOURCE_TRACE_MATRIX.csv,목표 환경 또는 동등 Harness 실행
CPF-FR-013819,07-00013819,Gateway,Path Rewrite,호환·배포,미검증,아니오,QA12F-GW-001,cpf-docs/evidence/qa/QA_PARALLEL_12WAY_QA-12F_f97655c/SOURCE_TRACE_MATRIX.csv,목표 환경 또는 동등 Harness 실행
CPF-FR-013820,10-00013820,Gateway,Path Rewrite,검증·Evidence,미검증,아니오,QA12F-GW-001,cpf-docs/evidence/qa/QA_PARALLEL_12WAY_QA-12F_f97655c/SOURCE_TRACE_MATRIX.csv,목표 환경 또는 동등 Harness 실행
CPF-FR-013821,07-00013821,Gateway,Query Rewrite,계약,미검증,아니오,QA12F-GW-001,cpf-docs/evidence/qa/QA_PARALLEL_12WAY_QA-12F_f97655c/SOURCE_TRACE_MATRIX.csv,목표 환경 또는 동등 Harness 실행
CPF-FR-013822,07-00013822,Gateway,Query Rewrite,기본 구현,미검증,아니오,QA12F-GW-001,cpf-docs/evidence/qa/QA_PARALLEL_12WAY_QA-12F_f97655c/SOURCE_TRACE_MATRIX.csv,목표 환경 또는 동등 Harness 실행
CPF-FR-013823,07-00013823,Gateway,Query Rewrite,상태·데이터,미검증,아니오,QA12F-GW-001,cpf-docs/evidence/qa/QA_PARALLEL_12WAY_QA-12F_f97655c/SOURCE_TRACE_MATRIX.csv,목표 환경 또는 동등 Harness 실행
CPF-FR-013824,07-00013824,Gateway,Query Rewrite,보안·권한,미검증,아니오,QA12F-GW-001,cpf-docs/evidence/qa/QA_PARALLEL_12WAY_QA-12F_f97655c/SOURCE_TRACE_MATRIX.csv,목표 환경 또는 동등 Harness 실행
CPF-FR-013825,07-00013825,Gateway,Query Rewrite,운영,미검증,아니오,QA12F-GW-001,cpf-docs/evidence/qa/QA_PARALLEL_12WAY_QA-12F_f97655c/SOURCE_TRACE_MATRIX.csv,목표 환경 또는 동등 Harness 실행
CPF-FR-013826,10-00013826,Gateway,Query Rewrite,실패·복구,미검증,아니오,QA12F-GW-001,cpf-docs/evidence/qa/QA_PARALLEL_12WAY_QA-12F_f97655c/SOURCE_TRACE_MATRIX.csv,목표 환경 또는 동등 Harness 실행
CPF-FR-013827,07-00013827,Gateway,Query Rewrite,호환·배포,미검증,아니오,QA12F-GW-001,cpf-docs/evidence/qa/QA_PARALLEL_12WAY_QA-12F_f97655c/SOURCE_TRACE_MATRIX.csv,목표 환경 또는 동등 Harness 실행
CPF-FR-013828,10-00013828,Gateway,Query Rewrite,검증·Evidence,미검증,아니오,QA12F-GW-001,cpf-docs/evidence/qa/QA_PARALLEL_12WAY_QA-12F_f97655c/SOURCE_TRACE_MATRIX.csv,목표 환경 또는 동등 Harness 실행
CPF-FR-013829,07-00013829,Gateway,Header Rewrite,계약,미검증,아니오,QA12F-GW-001,cpf-docs/evidence/qa/QA_PARALLEL_12WAY_QA-12F_f97655c/SOURCE_TRACE_MATRIX.csv,목표 환경 또는 동등 Harness 실행
CPF-FR-013830,07-00013830,Gateway,Header Rewrite,기본 구현,미검증,아니오,QA12F-GW-001,cpf-docs/evidence/qa/QA_PARALLEL_12WAY_QA-12F_f97655c/SOURCE_TRACE_MATRIX.csv,목표 환경 또는 동등 Harness 실행
CPF-FR-013831,07-00013831,Gateway,Header Rewrite,상태·데이터,미검증,아니오,QA12F-GW-001,cpf-docs/evidence/qa/QA_PARALLEL_12WAY_QA-12F_f97655c/SOURCE_TRACE_MATRIX.csv,목표 환경 또는 동등 Harness 실행
CPF-FR-013832,07-00013832,Gateway,Header Rewrite,보안·권한,미검증,아니오,QA12F-GW-001,cpf-docs/evidence/qa/QA_PARALLEL_12WAY_QA-12F_f97655c/SOURCE_TRACE_MATRIX.csv,목표 환경 또는 동등 Harness 실행
CPF-FR-013833,07-00013833,Gateway,Header Rewrite,운영,미검증,아니오,QA12F-GW-001,cpf-docs/evidence/qa/QA_PARALLEL_12WAY_QA-12F_f97655c/SOURCE_TRACE_MATRIX.csv,목표 환경 또는 동등 Harness 실행
CPF-FR-013834,10-00013834,Gateway,Header Rewrite,실패·복구,미검증,아니오,QA12F-GW-001,cpf-docs/evidence/qa/QA_PARALLEL_12WAY_QA-12F_f97655c/SOURCE_TRACE_MATRIX.csv,목표 환경 또는 동등 Harness 실행
CPF-FR-013835,07-00013835,Gateway,Header Rewrite,호환·배포,미검증,아니오,QA12F-GW-001,cpf-docs/evidence/qa/QA_PARALLEL_12WAY_QA-12F_f97655c/SOURCE_TRACE_MATRIX.csv,목표 환경 또는 동등 Harness 실행
CPF-FR-013836,10-00013836,Gateway,Header Rewrite,검증·Evidence,미검증,아니오,QA12F-GW-001,cpf-docs/evidence/qa/QA_PARALLEL_12WAY_QA-12F_f97655c/SOURCE_TRACE_MATRIX.csv,목표 환경 또는 동등 Harness 실행
CPF-FR-013837,07-00013837,Gateway,CORS,계약,미검증,아니오,QA12F-GW-001,cpf-docs/evidence/qa/QA_PARALLEL_12WAY_QA-12F_f97655c/SOURCE_TRACE_MATRIX.csv,목표 환경 또는 동등 Harness 실행
CPF-FR-013838,07-00013838,Gateway,CORS,기본 구현,미검증,아니오,QA12F-GW-001,cpf-docs/evidence/qa/QA_PARALLEL_12WAY_QA-12F_f97655c/SOURCE_TRACE_MATRIX.csv,목표 환경 또는 동등 Harness 실행
CPF-FR-013839,07-00013839,Gateway,CORS,상태·데이터,미검증,아니오,QA12F-GW-001,cpf-docs/evidence/qa/QA_PARALLEL_12WAY_QA-12F_f97655c/SOURCE_TRACE_MATRIX.csv,목표 환경 또는 동등 Harness 실행
CPF-FR-013840,07-00013840,Gateway,CORS,보안·권한,미검증,아니오,QA12F-GW-001,cpf-docs/evidence/qa/QA_PARALLEL_12WAY_QA-12F_f97655c/SOURCE_TRACE_MATRIX.csv,목표 환경 또는 동등 Harness 실행
CPF-FR-013841,07-00013841,Gateway,CORS,운영,미검증,아니오,QA12F-GW-001,cpf-docs/evidence/qa/QA_PARALLEL_12WAY_QA-12F_f97655c/SOURCE_TRACE_MATRIX.csv,목표 환경 또는 동등 Harness 실행
CPF-FR-013842,10-00013842,Gateway,CORS,실패·복구,미검증,아니오,QA12F-GW-001,cpf-docs/evidence/qa/QA_PARALLEL_12WAY_QA-12F_f97655c/SOURCE_TRACE_MATRIX.csv,목표 환경 또는 동등 Harness 실행
CPF-FR-013843,07-00013843,Gateway,CORS,호환·배포,미검증,아니오,QA12F-GW-001,cpf-docs/evidence/qa/QA_PARALLEL_12WAY_QA-12F_f97655c/SOURCE_TRACE_MATRIX.csv,목표 환경 또는 동등 Harness 실행
CPF-FR-013844,10-00013844,Gateway,CORS,검증·Evidence,미검증,아니오,QA12F-GW-001,cpf-docs/evidence/qa/QA_PARALLEL_12WAY_QA-12F_f97655c/SOURCE_TRACE_MATRIX.csv,목표 환경 또는 동등 Harness 실행
CPF-FR-013845,07-00013845,Gateway,Rate Limit,계약,미검증,아니오,QA12F-GW-001,cpf-docs/evidence/qa/QA_PARALLEL_12WAY_QA-12F_f97655c/SOURCE_TRACE_MATRIX.csv,목표 환경 또는 동등 Harness 실행
CPF-FR-013846,07-00013846,Gateway,Rate Limit,기본 구현,미검증,아니오,QA12F-GW-001,cpf-docs/evidence/qa/QA_PARALLEL_12WAY_QA-12F_f97655c/SOURCE_TRACE_MATRIX.csv,목표 환경 또는 동등 Harness 실행
CPF-FR-013847,07-00013847,Gateway,Rate Limit,상태·데이터,미검증,아니오,QA12F-GW-001,cpf-docs/evidence/qa/QA_PARALLEL_12WAY_QA-12F_f97655c/SOURCE_TRACE_MATRIX.csv,목표 환경 또는 동등 Harness 실행
CPF-FR-013848,07-00013848,Gateway,Rate Limit,보안·권한,미검증,아니오,QA12F-GW-001,cpf-docs/evidence/qa/QA_PARALLEL_12WAY_QA-12F_f97655c/SOURCE_TRACE_MATRIX.csv,목표 환경 또는 동등 Harness 실행
CPF-FR-013849,07-00013849,Gateway,Rate Limit,운영,미검증,아니오,QA12F-GW-001,cpf-docs/evidence/qa/QA_PARALLEL_12WAY_QA-12F_f97655c/SOURCE_TRACE_MATRIX.csv,목표 환경 또는 동등 Harness 실행
CPF-FR-013850,10-00013850,Gateway,Rate Limit,실패·복구,미검증,아니오,QA12F-GW-001,cpf-docs/evidence/qa/QA_PARALLEL_12WAY_QA-12F_f97655c/SOURCE_TRACE_MATRIX.csv,목표 환경 또는 동등 Harness 실행
CPF-FR-013851,07-00013851,Gateway,Rate Limit,호환·배포,미검증,아니오,QA12F-GW-001,cpf-docs/evidence/qa/QA_PARALLEL_12WAY_QA-12F_f97655c/SOURCE_TRACE_MATRIX.csv,목표 환경 또는 동등 Harness 실행
CPF-FR-013852,10-00013852,Gateway,Rate Limit,검증·Evidence,미검증,아니오,QA12F-GW-001,cpf-docs/evidence/qa/QA_PARALLEL_12WAY_QA-12F_f97655c/SOURCE_TRACE_MATRIX.csv,목표 환경 또는 동등 Harness 실행
CPF-FR-013853,07-00013853,Gateway,Quota,계약,미검증,아니오,QA12F-GW-001,cpf-docs/evidence/qa/QA_PARALLEL_12WAY_QA-12F_f97655c/SOURCE_TRACE_MATRIX.csv,목표 환경 또는 동등 Harness 실행
CPF-FR-013854,07-00013854,Gateway,Quota,기본 구현,미검증,아니오,QA12F-GW-001,cpf-docs/evidence/qa/QA_PARALLEL_12WAY_QA-12F_f97655c/SOURCE_TRACE_MATRIX.csv,목표 환경 또는 동등 Harness 실행
CPF-FR-013855,07-00013855,Gateway,Quota,상태·데이터,미검증,아니오,QA12F-GW-001,cpf-docs/evidence/qa/QA_PARALLEL_12WAY_QA-12F_f97655c/SOURCE_TRACE_MATRIX.csv,목표 환경 또는 동등 Harness 실행
CPF-FR-013856,07-00013856,Gateway,Quota,보안·권한,미검증,아니오,QA12F-GW-001,cpf-docs/evidence/qa/QA_PARALLEL_12WAY_QA-12F_f97655c/SOURCE_TRACE_MATRIX.csv,목표 환경 또는 동등 Harness 실행
CPF-FR-013857,07-00013857,Gateway,Quota,운영,미검증,아니오,QA12F-GW-001,cpf-docs/evidence/qa/QA_PARALLEL_12WAY_QA-12F_f97655c/SOURCE_TRACE_MATRIX.csv,목표 환경 또는 동등 Harness 실행
CPF-FR-013858,10-00013858,Gateway,Quota,실패·복구,미검증,아니오,QA12F-GW-001,cpf-docs/evidence/qa/QA_PARALLEL_12WAY_QA-12F_f97655c/SOURCE_TRACE_MATRIX.csv,목표 환경 또는 동등 Harness 실행
CPF-FR-013859,07-00013859,Gateway,Quota,호환·배포,미검증,아니오,QA12F-GW-001,cpf-docs/evidence/qa/QA_PARALLEL_12WAY_QA-12F_f97655c/SOURCE_TRACE_MATRIX.csv,목표 환경 또는 동등 Harness 실행
CPF-FR-013860,10-00013860,Gateway,Quota,검증·Evidence,미검증,아니오,QA12F-GW-001,cpf-docs/evidence/qa/QA_PARALLEL_12WAY_QA-12F_f97655c/SOURCE_TRACE_MATRIX.csv,목표 환경 또는 동등 Harness 실행
CPF-FR-013861,07-00013861,Gateway,Connect Failure,계약,미검증,아니오,QA12F-GW-001;QA12F-GW-002,cpf-docs/evidence/qa/QA_PARALLEL_12WAY_QA-12F_f97655c/SOURCE_TRACE_MATRIX.csv,목표 환경 또는 동등 Harness 실행
CPF-FR-013862,07-00013862,Gateway,Connect Failure,기본 구현,미검증,아니오,QA12F-GW-001;QA12F-GW-002,cpf-docs/evidence/qa/QA_PARALLEL_12WAY_QA-12F_f97655c/SOURCE_TRACE_MATRIX.csv,목표 환경 또는 동등 Harness 실행
CPF-FR-013863,07-00013863,Gateway,Connect Failure,상태·데이터,미검증,아니오,QA12F-GW-001;QA12F-GW-002,cpf-docs/evidence/qa/QA_PARALLEL_12WAY_QA-12F_f97655c/SOURCE_TRACE_MATRIX.csv,목표 환경 또는 동등 Harness 실행
CPF-FR-013864,07-00013864,Gateway,Connect Failure,보안·권한,미검증,아니오,QA12F-GW-001;QA12F-GW-002,cpf-docs/evidence/qa/QA_PARALLEL_12WAY_QA-12F_f97655c/SOURCE_TRACE_MATRIX.csv,목표 환경 또는 동등 Harness 실행
CPF-FR-013865,07-00013865,Gateway,Connect Failure,운영,미검증,아니오,QA12F-GW-001;QA12F-GW-002,cpf-docs/evidence/qa/QA_PARALLEL_12WAY_QA-12F_f97655c/SOURCE_TRACE_MATRIX.csv,목표 환경 또는 동등 Harness 실행
CPF-FR-013866,10-00013866,Gateway,Connect Failure,실패·복구,미검증,아니오,QA12F-GW-001;QA12F-GW-002,cpf-docs/evidence/qa/QA_PARALLEL_12WAY_QA-12F_f97655c/SOURCE_TRACE_MATRIX.csv,목표 환경 또는 동등 Harness 실행
CPF-FR-013867,07-00013867,Gateway,Connect Failure,호환·배포,미검증,아니오,QA12F-GW-001;QA12F-GW-002,cpf-docs/evidence/qa/QA_PARALLEL_12WAY_QA-12F_f97655c/SOURCE_TRACE_MATRIX.csv,목표 환경 또는 동등 Harness 실행
CPF-FR-013868,10-00013868,Gateway,Connect Failure,검증·Evidence,미검증,아니오,QA12F-GW-001;QA12F-GW-002,cpf-docs/evidence/qa/QA_PARALLEL_12WAY_QA-12F_f97655c/SOURCE_TRACE_MATRIX.csv,목표 환경 또는 동등 Harness 실행
CPF-FR-013869,07-00013869,Gateway,Read Timeout,계약,미검증,아니오,QA12F-GW-001;QA12F-GW-002,cpf-docs/evidence/qa/QA_PARALLEL_12WAY_QA-12F_f97655c/SOURCE_TRACE_MATRIX.csv,목표 환경 또는 동등 Harness 실행
CPF-FR-013870,07-00013870,Gateway,Read Timeout,기본 구현,미검증,아니오,QA12F-GW-001;QA12F-GW-002,cpf-docs/evidence/qa/QA_PARALLEL_12WAY_QA-12F_f97655c/SOURCE_TRACE_MATRIX.csv,목표 환경 또는 동등 Harness 실행
CPF-FR-013871,07-00013871,Gateway,Read Timeout,상태·데이터,미검증,아니오,QA12F-GW-001;QA12F-GW-002,cpf-docs/evidence/qa/QA_PARALLEL_12WAY_QA-12F_f97655c/SOURCE_TRACE_MATRIX.csv,목표 환경 또는 동등 Harness 실행
CPF-FR-013872,07-00013872,Gateway,Read Timeout,보안·권한,미검증,아니오,QA12F-GW-001;QA12F-GW-002,cpf-docs/evidence/qa/QA_PARALLEL_12WAY_QA-12F_f97655c/SOURCE_TRACE_MATRIX.csv,목표 환경 또는 동등 Harness 실행
CPF-FR-013873,07-00013873,Gateway,Read Timeout,운영,미검증,아니오,QA12F-GW-001;QA12F-GW-002,cpf-docs/evidence/qa/QA_PARALLEL_12WAY_QA-12F_f97655c/SOURCE_TRACE_MATRIX.csv,목표 환경 또는 동등 Harness 실행
CPF-FR-013874,10-00013874,Gateway,Read Timeout,실패·복구,미검증,아니오,QA12F-GW-001;QA12F-GW-002,cpf-docs/evidence/qa/QA_PARALLEL_12WAY_QA-12F_f97655c/SOURCE_TRACE_MATRIX.csv,목표 환경 또는 동등 Harness 실행
CPF-FR-013875,07-00013875,Gateway,Read Timeout,호환·배포,미검증,아니오,QA12F-GW-001;QA12F-GW-002,cpf-docs/evidence/qa/QA_PARALLEL_12WAY_QA-12F_f97655c/SOURCE_TRACE_MATRIX.csv,목표 환경 또는 동등 Harness 실행
CPF-FR-013876,10-00013876,Gateway,Read Timeout,검증·Evidence,미검증,아니오,QA12F-GW-001;QA12F-GW-002,cpf-docs/evidence/qa/QA_PARALLEL_12WAY_QA-12F_f97655c/SOURCE_TRACE_MATRIX.csv,목표 환경 또는 동등 Harness 실행
CPF-FR-013877,07-00013877,Gateway,Client Disconnect,계약,미검증,아니오,QA12F-GW-001;QA12F-GW-002,cpf-docs/evidence/qa/QA_PARALLEL_12WAY_QA-12F_f97655c/SOURCE_TRACE_MATRIX.csv,목표 환경 또는 동등 Harness 실행
CPF-FR-013878,07-00013878,Gateway,Client Disconnect,기본 구현,미검증,아니오,QA12F-GW-001;QA12F-GW-002,cpf-docs/evidence/qa/QA_PARALLEL_12WAY_QA-12F_f97655c/SOURCE_TRACE_MATRIX.csv,목표 환경 또는 동등 Harness 실행
CPF-FR-013879,07-00013879,Gateway,Client Disconnect,상태·데이터,미검증,아니오,QA12F-GW-001;QA12F-GW-002,cpf-docs/evidence/qa/QA_PARALLEL_12WAY_QA-12F_f97655c/SOURCE_TRACE_MATRIX.csv,목표 환경 또는 동등 Harness 실행
CPF-FR-013880,07-00013880,Gateway,Client Disconnect,보안·권한,미검증,아니오,QA12F-GW-001;QA12F-GW-002,cpf-docs/evidence/qa/QA_PARALLEL_12WAY_QA-12F_f97655c/SOURCE_TRACE_MATRIX.csv,목표 환경 또는 동등 Harness 실행
CPF-FR-013881,07-00013881,Gateway,Client Disconnect,운영,미검증,아니오,QA12F-GW-001;QA12F-GW-002,cpf-docs/evidence/qa/QA_PARALLEL_12WAY_QA-12F_f97655c/SOURCE_TRACE_MATRIX.csv,목표 환경 또는 동등 Harness 실행
CPF-FR-013882,10-00013882,Gateway,Client Disconnect,실패·복구,미검증,아니오,QA12F-GW-001;QA12F-GW-002,cpf-docs/evidence/qa/QA_PARALLEL_12WAY_QA-12F_f97655c/SOURCE_TRACE_MATRIX.csv,목표 환경 또는 동등 Harness 실행
CPF-FR-013883,07-00013883,Gateway,Client Disconnect,호환·배포,미검증,아니오,QA12F-GW-001;QA12F-GW-002,cpf-docs/evidence/qa/QA_PARALLEL_12WAY_QA-12F_f97655c/SOURCE_TRACE_MATRIX.csv,목표 환경 또는 동등 Harness 실행
CPF-FR-013884,10-00013884,Gateway,Client Disconnect,검증·Evidence,미검증,아니오,QA12F-GW-001;QA12F-GW-002,cpf-docs/evidence/qa/QA_PARALLEL_12WAY_QA-12F_f97655c/SOURCE_TRACE_MATRIX.csv,목표 환경 또는 동등 Harness 실행
CPF-FR-013885,07-00013885,Gateway,Streaming Completion,계약,미검증,아니오,QA12F-GW-001;QA12F-GW-002,cpf-docs/evidence/qa/QA_PARALLEL_12WAY_QA-12F_f97655c/SOURCE_TRACE_MATRIX.csv,목표 환경 또는 동등 Harness 실행
CPF-FR-013886,07-00013886,Gateway,Streaming Completion,기본 구현,미검증,아니오,QA12F-GW-001;QA12F-GW-002,cpf-docs/evidence/qa/QA_PARALLEL_12WAY_QA-12F_f97655c/SOURCE_TRACE_MATRIX.csv,목표 환경 또는 동등 Harness 실행
CPF-FR-013887,07-00013887,Gateway,Streaming Completion,상태·데이터,미검증,아니오,QA12F-GW-001;QA12F-GW-002,cpf-docs/evidence/qa/QA_PARALLEL_12WAY_QA-12F_f97655c/SOURCE_TRACE_MATRIX.csv,목표 환경 또는 동등 Harness 실행
CPF-FR-013888,07-00013888,Gateway,Streaming Completion,보안·권한,미검증,아니오,QA12F-GW-001;QA12F-GW-002,cpf-docs/evidence/qa/QA_PARALLEL_12WAY_QA-12F_f97655c/SOURCE_TRACE_MATRIX.csv,목표 환경 또는 동등 Harness 실행
CPF-FR-013889,07-00013889,Gateway,Streaming Completion,운영,미검증,아니오,QA12F-GW-001;QA12F-GW-002,cpf-docs/evidence/qa/QA_PARALLEL_12WAY_QA-12F_f97655c/SOURCE_TRACE_MATRIX.csv,목표 환경 또는 동등 Harness 실행
CPF-FR-013890,10-00013890,Gateway,Streaming Completion,실패·복구,미검증,아니오,QA12F-GW-001;QA12F-GW-002,cpf-docs/evidence/qa/QA_PARALLEL_12WAY_QA-12F_f97655c/SOURCE_TRACE_MATRIX.csv,목표 환경 또는 동등 Harness 실행
CPF-FR-013891,07-00013891,Gateway,Streaming Completion,호환·배포,미검증,아니오,QA12F-GW-001;QA12F-GW-002,cpf-docs/evidence/qa/QA_PARALLEL_12WAY_QA-12F_f97655c/SOURCE_TRACE_MATRIX.csv,목표 환경 또는 동등 Harness 실행
CPF-FR-013892,10-00013892,Gateway,Streaming Completion,검증·Evidence,미검증,아니오,QA12F-GW-001;QA12F-GW-002,cpf-docs/evidence/qa/QA_PARALLEL_12WAY_QA-12F_f97655c/SOURCE_TRACE_MATRIX.csv,목표 환경 또는 동등 Harness 실행
CPF-FR-013893,07-00013893,Gateway,Response Loss Ledger,계약,미검증,아니오,QA12F-GW-001;QA12F-GW-002,cpf-docs/evidence/qa/QA_PARALLEL_12WAY_QA-12F_f97655c/SOURCE_TRACE_MATRIX.csv,목표 환경 또는 동등 Harness 실행
CPF-FR-013894,07-00013894,Gateway,Response Loss Ledger,기본 구현,미검증,아니오,QA12F-GW-001;QA12F-GW-002,cpf-docs/evidence/qa/QA_PARALLEL_12WAY_QA-12F_f97655c/SOURCE_TRACE_MATRIX.csv,목표 환경 또는 동등 Harness 실행
CPF-FR-013895,07-00013895,Gateway,Response Loss Ledger,상태·데이터,미검증,아니오,QA12F-GW-001;QA12F-GW-002,cpf-docs/evidence/qa/QA_PARALLEL_12WAY_QA-12F_f97655c/SOURCE_TRACE_MATRIX.csv,목표 환경 또는 동등 Harness 실행
CPF-FR-013896,07-00013896,Gateway,Response Loss Ledger,보안·권한,미검증,아니오,QA12F-GW-001;QA12F-GW-002,cpf-docs/evidence/qa/QA_PARALLEL_12WAY_QA-12F_f97655c/SOURCE_TRACE_MATRIX.csv,목표 환경 또는 동등 Harness 실행
CPF-FR-013897,07-00013897,Gateway,Response Loss Ledger,운영,미검증,아니오,QA12F-GW-001;QA12F-GW-002,cpf-docs/evidence/qa/QA_PARALLEL_12WAY_QA-12F_f97655c/SOURCE_TRACE_MATRIX.csv,목표 환경 또는 동등 Harness 실행
CPF-FR-013898,10-00013898,Gateway,Response Loss Ledger,실패·복구,미검증,아니오,QA12F-GW-001;QA12F-GW-002,cpf-docs/evidence/qa/QA_PARALLEL_12WAY_QA-12F_f97655c/SOURCE_TRACE_MATRIX.csv,목표 환경 또는 동등 Harness 실행
CPF-FR-013899,07-00013899,Gateway,Response Loss Ledger,호환·배포,미검증,아니오,QA12F-GW-001;QA12F-GW-002,cpf-docs/evidence/qa/QA_PARALLEL_12WAY_QA-12F_f97655c/SOURCE_TRACE_MATRIX.csv,목표 환경 또는 동등 Harness 실행
CPF-FR-013900,10-00013900,Gateway,Response Loss Ledger,검증·Evidence,미검증,아니오,QA12F-GW-001;QA12F-GW-002,cpf-docs/evidence/qa/QA_PARALLEL_12WAY_QA-12F_f97655c/SOURCE_TRACE_MATRIX.csv,목표 환경 또는 동등 Harness 실행
CPF-FR-013901,07-00013901,Gateway,Attempt Ledger,계약,미검증,아니오,QA12F-GW-001;QA12F-GW-002,cpf-docs/evidence/qa/QA_PARALLEL_12WAY_QA-12F_f97655c/SOURCE_TRACE_MATRIX.csv,목표 환경 또는 동등 Harness 실행
CPF-FR-013902,07-00013902,Gateway,Attempt Ledger,기본 구현,미검증,아니오,QA12F-GW-001;QA12F-GW-002,cpf-docs/evidence/qa/QA_PARALLEL_12WAY_QA-12F_f97655c/SOURCE_TRACE_MATRIX.csv,목표 환경 또는 동등 Harness 실행
CPF-FR-013903,07-00013903,Gateway,Attempt Ledger,상태·데이터,미검증,아니오,QA12F-GW-001;QA12F-GW-002,cpf-docs/evidence/qa/QA_PARALLEL_12WAY_QA-12F_f97655c/SOURCE_TRACE_MATRIX.csv,목표 환경 또는 동등 Harness 실행
CPF-FR-013904,07-00013904,Gateway,Attempt Ledger,보안·권한,미검증,아니오,QA12F-GW-001;QA12F-GW-002,cpf-docs/evidence/qa/QA_PARALLEL_12WAY_QA-12F_f97655c/SOURCE_TRACE_MATRIX.csv,목표 환경 또는 동등 Harness 실행
CPF-FR-013905,07-00013905,Gateway,Attempt Ledger,운영,미검증,아니오,QA12F-GW-001;QA12F-GW-002,cpf-docs/evidence/qa/QA_PARALLEL_12WAY_QA-12F_f97655c/SOURCE_TRACE_MATRIX.csv,목표 환경 또는 동등 Harness 실행
CPF-FR-013906,10-00013906,Gateway,Attempt Ledger,실패·복구,미검증,아니오,QA12F-GW-001;QA12F-GW-002,cpf-docs/evidence/qa/QA_PARALLEL_12WAY_QA-12F_f97655c/SOURCE_TRACE_MATRIX.csv,목표 환경 또는 동등 Harness 실행
CPF-FR-013907,07-00013907,Gateway,Attempt Ledger,호환·배포,미검증,아니오,QA12F-GW-001;QA12F-GW-002,cpf-docs/evidence/qa/QA_PARALLEL_12WAY_QA-12F_f97655c/SOURCE_TRACE_MATRIX.csv,목표 환경 또는 동등 Harness 실행
CPF-FR-013908,10-00013908,Gateway,Attempt Ledger,검증·Evidence,미검증,아니오,QA12F-GW-001;QA12F-GW-002,cpf-docs/evidence/qa/QA_PARALLEL_12WAY_QA-12F_f97655c/SOURCE_TRACE_MATRIX.csv,목표 환경 또는 동등 Harness 실행
CPF-FR-013909,07-00013909,Gateway,Route Version,계약,미검증,아니오,QA12F-GW-001,cpf-docs/evidence/qa/QA_PARALLEL_12WAY_QA-12F_f97655c/SOURCE_TRACE_MATRIX.csv,목표 환경 또는 동등 Harness 실행
CPF-FR-013910,07-00013910,Gateway,Route Version,기본 구현,미검증,아니오,QA12F-GW-001,cpf-docs/evidence/qa/QA_PARALLEL_12WAY_QA-12F_f97655c/SOURCE_TRACE_MATRIX.csv,목표 환경 또는 동등 Harness 실행
CPF-FR-013911,07-00013911,Gateway,Route Version,상태·데이터,미검증,아니오,QA12F-GW-001,cpf-docs/evidence/qa/QA_PARALLEL_12WAY_QA-12F_f97655c/SOURCE_TRACE_MATRIX.csv,목표 환경 또는 동등 Harness 실행
CPF-FR-013912,07-00013912,Gateway,Route Version,보안·권한,미검증,아니오,QA12F-GW-001,cpf-docs/evidence/qa/QA_PARALLEL_12WAY_QA-12F_f97655c/SOURCE_TRACE_MATRIX.csv,목표 환경 또는 동등 Harness 실행
CPF-FR-013913,07-00013913,Gateway,Route Version,운영,미검증,아니오,QA12F-GW-001,cpf-docs/evidence/qa/QA_PARALLEL_12WAY_QA-12F_f97655c/SOURCE_TRACE_MATRIX.csv,목표 환경 또는 동등 Harness 실행
CPF-FR-013914,10-00013914,Gateway,Route Version,실패·복구,미검증,아니오,QA12F-GW-001,cpf-docs/evidence/qa/QA_PARALLEL_12WAY_QA-12F_f97655c/SOURCE_TRACE_MATRIX.csv,목표 환경 또는 동등 Harness 실행
CPF-FR-013915,07-00013915,Gateway,Route Version,호환·배포,미검증,아니오,QA12F-GW-001,cpf-docs/evidence/qa/QA_PARALLEL_12WAY_QA-12F_f97655c/SOURCE_TRACE_MATRIX.csv,목표 환경 또는 동등 Harness 실행
CPF-FR-013916,10-00013916,Gateway,Route Version,검증·Evidence,미검증,아니오,QA12F-GW-001,cpf-docs/evidence/qa/QA_PARALLEL_12WAY_QA-12F_f97655c/SOURCE_TRACE_MATRIX.csv,목표 환경 또는 동등 Harness 실행
CPF-FR-013917,07-00013917,Gateway,Instance ACK / NACK,계약,미검증,아니오,QA12F-GW-001,cpf-docs/evidence/qa/QA_PARALLEL_12WAY_QA-12F_f97655c/SOURCE_TRACE_MATRIX.csv,목표 환경 또는 동등 Harness 실행
CPF-FR-013918,07-00013918,Gateway,Instance ACK / NACK,기본 구현,미검증,아니오,QA12F-GW-001,cpf-docs/evidence/qa/QA_PARALLEL_12WAY_QA-12F_f97655c/SOURCE_TRACE_MATRIX.csv,목표 환경 또는 동등 Harness 실행
CPF-FR-013919,07-00013919,Gateway,Instance ACK / NACK,상태·데이터,미검증,아니오,QA12F-GW-001,cpf-docs/evidence/qa/QA_PARALLEL_12WAY_QA-12F_f97655c/SOURCE_TRACE_MATRIX.csv,목표 환경 또는 동등 Harness 실행
CPF-FR-013920,07-00013920,Gateway,Instance ACK / NACK,보안·권한,미검증,아니오,QA12F-GW-001,cpf-docs/evidence/qa/QA_PARALLEL_12WAY_QA-12F_f97655c/SOURCE_TRACE_MATRIX.csv,목표 환경 또는 동등 Harness 실행
CPF-FR-013921,07-00013921,Gateway,Instance ACK / NACK,운영,미검증,아니오,QA12F-GW-001,cpf-docs/evidence/qa/QA_PARALLEL_12WAY_QA-12F_f97655c/SOURCE_TRACE_MATRIX.csv,목표 환경 또는 동등 Harness 실행
CPF-FR-013922,10-00013922,Gateway,Instance ACK / NACK,실패·복구,미검증,아니오,QA12F-GW-001,cpf-docs/evidence/qa/QA_PARALLEL_12WAY_QA-12F_f97655c/SOURCE_TRACE_MATRIX.csv,목표 환경 또는 동등 Harness 실행
CPF-FR-013923,07-00013923,Gateway,Instance ACK / NACK,호환·배포,미검증,아니오,QA12F-GW-001,cpf-docs/evidence/qa/QA_PARALLEL_12WAY_QA-12F_f97655c/SOURCE_TRACE_MATRIX.csv,목표 환경 또는 동등 Harness 실행
CPF-FR-013924,10-00013924,Gateway,Instance ACK / NACK,검증·Evidence,미검증,아니오,QA12F-GW-001,cpf-docs/evidence/qa/QA_PARALLEL_12WAY_QA-12F_f97655c/SOURCE_TRACE_MATRIX.csv,목표 환경 또는 동등 Harness 실행
CPF-FR-013925,07-00013925,Gateway,LKG,계약,미검증,아니오,QA12F-GW-001,cpf-docs/evidence/qa/QA_PARALLEL_12WAY_QA-12F_f97655c/SOURCE_TRACE_MATRIX.csv,목표 환경 또는 동등 Harness 실행
CPF-FR-013926,07-00013926,Gateway,LKG,기본 구현,미검증,아니오,QA12F-GW-001,cpf-docs/evidence/qa/QA_PARALLEL_12WAY_QA-12F_f97655c/SOURCE_TRACE_MATRIX.csv,목표 환경 또는 동등 Harness 실행
CPF-FR-013927,07-00013927,Gateway,LKG,상태·데이터,미검증,아니오,QA12F-GW-001,cpf-docs/evidence/qa/QA_PARALLEL_12WAY_QA-12F_f97655c/SOURCE_TRACE_MATRIX.csv,목표 환경 또는 동등 Harness 실행
CPF-FR-013928,07-00013928,Gateway,LKG,보안·권한,미검증,아니오,QA12F-GW-001,cpf-docs/evidence/qa/QA_PARALLEL_12WAY_QA-12F_f97655c/SOURCE_TRACE_MATRIX.csv,목표 환경 또는 동등 Harness 실행
CPF-FR-013929,07-00013929,Gateway,LKG,운영,미검증,아니오,QA12F-GW-001,cpf-docs/evidence/qa/QA_PARALLEL_12WAY_QA-12F_f97655c/SOURCE_TRACE_MATRIX.csv,목표 환경 또는 동등 Harness 실행
CPF-FR-013930,10-00013930,Gateway,LKG,실패·복구,미검증,아니오,QA12F-GW-001,cpf-docs/evidence/qa/QA_PARALLEL_12WAY_QA-12F_f97655c/SOURCE_TRACE_MATRIX.csv,목표 환경 또는 동등 Harness 실행
CPF-FR-013931,07-00013931,Gateway,LKG,호환·배포,미검증,아니오,QA12F-GW-001,cpf-docs/evidence/qa/QA_PARALLEL_12WAY_QA-12F_f97655c/SOURCE_TRACE_MATRIX.csv,목표 환경 또는 동등 Harness 실행
CPF-FR-013932,10-00013932,Gateway,LKG,검증·Evidence,미검증,아니오,QA12F-GW-001,cpf-docs/evidence/qa/QA_PARALLEL_12WAY_QA-12F_f97655c/SOURCE_TRACE_MATRIX.csv,목표 환경 또는 동등 Harness 실행
CPF-FR-013933,07-00013933,Gateway,Route Drift,계약,미검증,아니오,QA12F-GW-001,cpf-docs/evidence/qa/QA_PARALLEL_12WAY_QA-12F_f97655c/SOURCE_TRACE_MATRIX.csv,목표 환경 또는 동등 Harness 실행
CPF-FR-013934,07-00013934,Gateway,Route Drift,기본 구현,미검증,아니오,QA12F-GW-001,cpf-docs/evidence/qa/QA_PARALLEL_12WAY_QA-12F_f97655c/SOURCE_TRACE_MATRIX.csv,목표 환경 또는 동등 Harness 실행
CPF-FR-013935,07-00013935,Gateway,Route Drift,상태·데이터,미검증,아니오,QA12F-GW-001,cpf-docs/evidence/qa/QA_PARALLEL_12WAY_QA-12F_f97655c/SOURCE_TRACE_MATRIX.csv,목표 환경 또는 동등 Harness 실행
CPF-FR-013936,07-00013936,Gateway,Route Drift,보안·권한,미검증,아니오,QA12F-GW-001,cpf-docs/evidence/qa/QA_PARALLEL_12WAY_QA-12F_f97655c/SOURCE_TRACE_MATRIX.csv,목표 환경 또는 동등 Harness 실행
CPF-FR-013937,07-00013937,Gateway,Route Drift,운영,미검증,아니오,QA12F-GW-001,cpf-docs/evidence/qa/QA_PARALLEL_12WAY_QA-12F_f97655c/SOURCE_TRACE_MATRIX.csv,목표 환경 또는 동등 Harness 실행
CPF-FR-013938,10-00013938,Gateway,Route Drift,실패·복구,미검증,아니오,QA12F-GW-001,cpf-docs/evidence/qa/QA_PARALLEL_12WAY_QA-12F_f97655c/SOURCE_TRACE_MATRIX.csv,목표 환경 또는 동등 Harness 실행
CPF-FR-013939,07-00013939,Gateway,Route Drift,호환·배포,미검증,아니오,QA12F-GW-001,cpf-docs/evidence/qa/QA_PARALLEL_12WAY_QA-12F_f97655c/SOURCE_TRACE_MATRIX.csv,목표 환경 또는 동등 Harness 실행
CPF-FR-013940,10-00013940,Gateway,Route Drift,검증·Evidence,미검증,아니오,QA12F-GW-001,cpf-docs/evidence/qa/QA_PARALLEL_12WAY_QA-12F_f97655c/SOURCE_TRACE_MATRIX.csv,목표 환경 또는 동등 Harness 실행
CPF-FR-013941,07-00013941,Gateway,Restart Restore,계약,미검증,아니오,QA12F-GW-001,cpf-docs/evidence/qa/QA_PARALLEL_12WAY_QA-12F_f97655c/SOURCE_TRACE_MATRIX.csv,목표 환경 또는 동등 Harness 실행
CPF-FR-013942,07-00013942,Gateway,Restart Restore,기본 구현,미검증,아니오,QA12F-GW-001,cpf-docs/evidence/qa/QA_PARALLEL_12WAY_QA-12F_f97655c/SOURCE_TRACE_MATRIX.csv,목표 환경 또는 동등 Harness 실행
CPF-FR-013943,07-00013943,Gateway,Restart Restore,상태·데이터,미검증,아니오,QA12F-GW-001,cpf-docs/evidence/qa/QA_PARALLEL_12WAY_QA-12F_f97655c/SOURCE_TRACE_MATRIX.csv,목표 환경 또는 동등 Harness 실행
CPF-FR-013944,07-00013944,Gateway,Restart Restore,보안·권한,미검증,아니오,QA12F-GW-001,cpf-docs/evidence/qa/QA_PARALLEL_12WAY_QA-12F_f97655c/SOURCE_TRACE_MATRIX.csv,목표 환경 또는 동등 Harness 실행
CPF-FR-013945,07-00013945,Gateway,Restart Restore,운영,미검증,아니오,QA12F-GW-001,cpf-docs/evidence/qa/QA_PARALLEL_12WAY_QA-12F_f97655c/SOURCE_TRACE_MATRIX.csv,목표 환경 또는 동등 Harness 실행
CPF-FR-013946,10-00013946,Gateway,Restart Restore,실패·복구,미검증,아니오,QA12F-GW-001,cpf-docs/evidence/qa/QA_PARALLEL_12WAY_QA-12F_f97655c/SOURCE_TRACE_MATRIX.csv,목표 환경 또는 동등 Harness 실행
CPF-FR-013947,07-00013947,Gateway,Restart Restore,호환·배포,미검증,아니오,QA12F-GW-001,cpf-docs/evidence/qa/QA_PARALLEL_12WAY_QA-12F_f97655c/SOURCE_TRACE_MATRIX.csv,목표 환경 또는 동등 Harness 실행
CPF-FR-013948,10-00013948,Gateway,Restart Restore,검증·Evidence,미검증,아니오,QA12F-GW-001,cpf-docs/evidence/qa/QA_PARALLEL_12WAY_QA-12F_f97655c/SOURCE_TRACE_MATRIX.csv,목표 환경 또는 동등 Harness 실행
CPF-FR-013949,07-00013949,Gateway,Multi-Gateway Rejoin,계약,미검증,아니오,QA12F-GW-001,cpf-docs/evidence/qa/QA_PARALLEL_12WAY_QA-12F_f97655c/SOURCE_TRACE_MATRIX.csv,목표 환경 또는 동등 Harness 실행
CPF-FR-013950,07-00013950,Gateway,Multi-Gateway Rejoin,기본 구현,미검증,아니오,QA12F-GW-001,cpf-docs/evidence/qa/QA_PARALLEL_12WAY_QA-12F_f97655c/SOURCE_TRACE_MATRIX.csv,목표 환경 또는 동등 Harness 실행
CPF-FR-013951,07-00013951,Gateway,Multi-Gateway Rejoin,상태·데이터,미검증,아니오,QA12F-GW-001,cpf-docs/evidence/qa/QA_PARALLEL_12WAY_QA-12F_f97655c/SOURCE_TRACE_MATRIX.csv,목표 환경 또는 동등 Harness 실행
CPF-FR-013952,07-00013952,Gateway,Multi-Gateway Rejoin,보안·권한,미검증,아니오,QA12F-GW-001,cpf-docs/evidence/qa/QA_PARALLEL_12WAY_QA-12F_f97655c/SOURCE_TRACE_MATRIX.csv,목표 환경 또는 동등 Harness 실행
CPF-FR-013953,07-00013953,Gateway,Multi-Gateway Rejoin,운영,미검증,아니오,QA12F-GW-001,cpf-docs/evidence/qa/QA_PARALLEL_12WAY_QA-12F_f97655c/SOURCE_TRACE_MATRIX.csv,목표 환경 또는 동등 Harness 실행
CPF-FR-013954,10-00013954,Gateway,Multi-Gateway Rejoin,실패·복구,미검증,아니오,QA12F-GW-001,cpf-docs/evidence/qa/QA_PARALLEL_12WAY_QA-12F_f97655c/SOURCE_TRACE_MATRIX.csv,목표 환경 또는 동등 Harness 실행
CPF-FR-013955,07-00013955,Gateway,Multi-Gateway Rejoin,호환·배포,미검증,아니오,QA12F-GW-001,cpf-docs/evidence/qa/QA_PARALLEL_12WAY_QA-12F_f97655c/SOURCE_TRACE_MATRIX.csv,목표 환경 또는 동등 Harness 실행
CPF-FR-013956,10-00013956,Gateway,Multi-Gateway Rejoin,검증·Evidence,미검증,아니오,QA12F-GW-001,cpf-docs/evidence/qa/QA_PARALLEL_12WAY_QA-12F_f97655c/SOURCE_TRACE_MATRIX.csv,목표 환경 또는 동등 Harness 실행
CPF-FR-013957,05-00013957,Event Contract,Destination Naming,계약,미검증,아니오,,cpf-docs/evidence/qa/QA_PARALLEL_12WAY_QA-12F_f97655c/SOURCE_TRACE_MATRIX.csv,목표 환경 또는 동등 Harness 실행
CPF-FR-013958,05-00013958,Event Contract,Destination Naming,기본 구현,미검증,아니오,,cpf-docs/evidence/qa/QA_PARALLEL_12WAY_QA-12F_f97655c/SOURCE_TRACE_MATRIX.csv,목표 환경 또는 동등 Harness 실행
CPF-FR-013959,05-00013959,Event Contract,Destination Naming,상태·데이터,미검증,아니오,,cpf-docs/evidence/qa/QA_PARALLEL_12WAY_QA-12F_f97655c/SOURCE_TRACE_MATRIX.csv,목표 환경 또는 동등 Harness 실행
CPF-FR-013960,05-00013960,Event Contract,Destination Naming,보안·권한,미검증,아니오,,cpf-docs/evidence/qa/QA_PARALLEL_12WAY_QA-12F_f97655c/SOURCE_TRACE_MATRIX.csv,목표 환경 또는 동등 Harness 실행
CPF-FR-013961,05-00013961,Event Contract,Destination Naming,운영,미검증,아니오,,cpf-docs/evidence/qa/QA_PARALLEL_12WAY_QA-12F_f97655c/SOURCE_TRACE_MATRIX.csv,목표 환경 또는 동등 Harness 실행
CPF-FR-013962,10-00013962,Event Contract,Destination Naming,실패·복구,미검증,아니오,,cpf-docs/evidence/qa/QA_PARALLEL_12WAY_QA-12F_f97655c/SOURCE_TRACE_MATRIX.csv,목표 환경 또는 동등 Harness 실행
CPF-FR-013963,05-00013963,Event Contract,Destination Naming,호환·배포,미검증,아니오,,cpf-docs/evidence/qa/QA_PARALLEL_12WAY_QA-12F_f97655c/SOURCE_TRACE_MATRIX.csv,목표 환경 또는 동등 Harness 실행
CPF-FR-013964,10-00013964,Event Contract,Destination Naming,검증·Evidence,미검증,아니오,,cpf-docs/evidence/qa/QA_PARALLEL_12WAY_QA-12F_f97655c/SOURCE_TRACE_MATRIX.csv,목표 환경 또는 동등 Harness 실행
CPF-FR-013965,05-00013965,Event Contract,Envelope Version,계약,미통과,아니오,QA12F-EVT-001,cpf-docs/evidence/qa/QA_PARALLEL_12WAY_QA-12F_f97655c/SOURCE_TRACE_MATRIX.csv,재개발 후 contract/fault/runtime 재검수
CPF-FR-013966,05-00013966,Event Contract,Envelope Version,기본 구현,미통과,아니오,QA12F-EVT-001,cpf-docs/evidence/qa/QA_PARALLEL_12WAY_QA-12F_f97655c/SOURCE_TRACE_MATRIX.csv,재개발 후 contract/fault/runtime 재검수
CPF-FR-013967,05-00013967,Event Contract,Envelope Version,상태·데이터,미통과,아니오,QA12F-EVT-001,cpf-docs/evidence/qa/QA_PARALLEL_12WAY_QA-12F_f97655c/SOURCE_TRACE_MATRIX.csv,재개발 후 contract/fault/runtime 재검수
CPF-FR-013968,05-00013968,Event Contract,Envelope Version,보안·권한,미통과,아니오,QA12F-EVT-001,cpf-docs/evidence/qa/QA_PARALLEL_12WAY_QA-12F_f97655c/SOURCE_TRACE_MATRIX.csv,재개발 후 contract/fault/runtime 재검수
CPF-FR-013969,05-00013969,Event Contract,Envelope Version,운영,미통과,아니오,QA12F-EVT-001,cpf-docs/evidence/qa/QA_PARALLEL_12WAY_QA-12F_f97655c/SOURCE_TRACE_MATRIX.csv,재개발 후 contract/fault/runtime 재검수
CPF-FR-013970,10-00013970,Event Contract,Envelope Version,실패·복구,미통과,아니오,QA12F-EVT-001,cpf-docs/evidence/qa/QA_PARALLEL_12WAY_QA-12F_f97655c/SOURCE_TRACE_MATRIX.csv,재개발 후 contract/fault/runtime 재검수
CPF-FR-013971,05-00013971,Event Contract,Envelope Version,호환·배포,미통과,아니오,QA12F-EVT-001,cpf-docs/evidence/qa/QA_PARALLEL_12WAY_QA-12F_f97655c/SOURCE_TRACE_MATRIX.csv,재개발 후 contract/fault/runtime 재검수
CPF-FR-013972,10-00013972,Event Contract,Envelope Version,검증·Evidence,미통과,아니오,QA12F-EVT-001,cpf-docs/evidence/qa/QA_PARALLEL_12WAY_QA-12F_f97655c/SOURCE_TRACE_MATRIX.csv,재개발 후 contract/fault/runtime 재검수
CPF-FR-013973,05-00013973,Event Contract,Message ID,계약,미검증,아니오,,cpf-docs/evidence/qa/QA_PARALLEL_12WAY_QA-12F_f97655c/SOURCE_TRACE_MATRIX.csv,목표 환경 또는 동등 Harness 실행
CPF-FR-013974,05-00013974,Event Contract,Message ID,기본 구현,미검증,아니오,,cpf-docs/evidence/qa/QA_PARALLEL_12WAY_QA-12F_f97655c/SOURCE_TRACE_MATRIX.csv,목표 환경 또는 동등 Harness 실행
CPF-FR-013975,05-00013975,Event Contract,Message ID,상태·데이터,미검증,아니오,,cpf-docs/evidence/qa/QA_PARALLEL_12WAY_QA-12F_f97655c/SOURCE_TRACE_MATRIX.csv,목표 환경 또는 동등 Harness 실행
CPF-FR-013976,05-00013976,Event Contract,Message ID,보안·권한,미검증,아니오,,cpf-docs/evidence/qa/QA_PARALLEL_12WAY_QA-12F_f97655c/SOURCE_TRACE_MATRIX.csv,목표 환경 또는 동등 Harness 실행
CPF-FR-013977,05-00013977,Event Contract,Message ID,운영,미검증,아니오,,cpf-docs/evidence/qa/QA_PARALLEL_12WAY_QA-12F_f97655c/SOURCE_TRACE_MATRIX.csv,목표 환경 또는 동등 Harness 실행
CPF-FR-013978,10-00013978,Event Contract,Message ID,실패·복구,미검증,아니오,,cpf-docs/evidence/qa/QA_PARALLEL_12WAY_QA-12F_f97655c/SOURCE_TRACE_MATRIX.csv,목표 환경 또는 동등 Harness 실행
CPF-FR-013979,05-00013979,Event Contract,Message ID,호환·배포,미검증,아니오,,cpf-docs/evidence/qa/QA_PARALLEL_12WAY_QA-12F_f97655c/SOURCE_TRACE_MATRIX.csv,목표 환경 또는 동등 Harness 실행
CPF-FR-013980,10-00013980,Event Contract,Message ID,검증·Evidence,미검증,아니오,,cpf-docs/evidence/qa/QA_PARALLEL_12WAY_QA-12F_f97655c/SOURCE_TRACE_MATRIX.csv,목표 환경 또는 동등 Harness 실행
CPF-FR-013981,05-00013981,Event Contract,Correlation ID,계약,미검증,아니오,,cpf-docs/evidence/qa/QA_PARALLEL_12WAY_QA-12F_f97655c/SOURCE_TRACE_MATRIX.csv,목표 환경 또는 동등 Harness 실행
CPF-FR-013982,05-00013982,Event Contract,Correlation ID,기본 구현,미검증,아니오,,cpf-docs/evidence/qa/QA_PARALLEL_12WAY_QA-12F_f97655c/SOURCE_TRACE_MATRIX.csv,목표 환경 또는 동등 Harness 실행
CPF-FR-013983,05-00013983,Event Contract,Correlation ID,상태·데이터,미검증,아니오,,cpf-docs/evidence/qa/QA_PARALLEL_12WAY_QA-12F_f97655c/SOURCE_TRACE_MATRIX.csv,목표 환경 또는 동등 Harness 실행
CPF-FR-013984,05-00013984,Event Contract,Correlation ID,보안·권한,미검증,아니오,,cpf-docs/evidence/qa/QA_PARALLEL_12WAY_QA-12F_f97655c/SOURCE_TRACE_MATRIX.csv,목표 환경 또는 동등 Harness 실행
CPF-FR-013985,05-00013985,Event Contract,Correlation ID,운영,미검증,아니오,,cpf-docs/evidence/qa/QA_PARALLEL_12WAY_QA-12F_f97655c/SOURCE_TRACE_MATRIX.csv,목표 환경 또는 동등 Harness 실행
CPF-FR-013986,10-00013986,Event Contract,Correlation ID,실패·복구,미검증,아니오,,cpf-docs/evidence/qa/QA_PARALLEL_12WAY_QA-12F_f97655c/SOURCE_TRACE_MATRIX.csv,목표 환경 또는 동등 Harness 실행
CPF-FR-013987,05-00013987,Event Contract,Correlation ID,호환·배포,미검증,아니오,,cpf-docs/evidence/qa/QA_PARALLEL_12WAY_QA-12F_f97655c/SOURCE_TRACE_MATRIX.csv,목표 환경 또는 동등 Harness 실행
CPF-FR-013988,10-00013988,Event Contract,Correlation ID,검증·Evidence,미검증,아니오,,cpf-docs/evidence/qa/QA_PARALLEL_12WAY_QA-12F_f97655c/SOURCE_TRACE_MATRIX.csv,목표 환경 또는 동등 Harness 실행
CPF-FR-013989,05-00013989,Event Contract,Partition Key,계약,미검증,아니오,,cpf-docs/evidence/qa/QA_PARALLEL_12WAY_QA-12F_f97655c/SOURCE_TRACE_MATRIX.csv,목표 환경 또는 동등 Harness 실행
CPF-FR-013990,05-00013990,Event Contract,Partition Key,기본 구현,미검증,아니오,,cpf-docs/evidence/qa/QA_PARALLEL_12WAY_QA-12F_f97655c/SOURCE_TRACE_MATRIX.csv,목표 환경 또는 동등 Harness 실행
CPF-FR-013991,05-00013991,Event Contract,Partition Key,상태·데이터,미검증,아니오,,cpf-docs/evidence/qa/QA_PARALLEL_12WAY_QA-12F_f97655c/SOURCE_TRACE_MATRIX.csv,목표 환경 또는 동등 Harness 실행
CPF-FR-013992,05-00013992,Event Contract,Partition Key,보안·권한,미검증,아니오,,cpf-docs/evidence/qa/QA_PARALLEL_12WAY_QA-12F_f97655c/SOURCE_TRACE_MATRIX.csv,목표 환경 또는 동등 Harness 실행
CPF-FR-013993,05-00013993,Event Contract,Partition Key,운영,미검증,아니오,,cpf-docs/evidence/qa/QA_PARALLEL_12WAY_QA-12F_f97655c/SOURCE_TRACE_MATRIX.csv,목표 환경 또는 동등 Harness 실행
CPF-FR-013994,10-00013994,Event Contract,Partition Key,실패·복구,미검증,아니오,,cpf-docs/evidence/qa/QA_PARALLEL_12WAY_QA-12F_f97655c/SOURCE_TRACE_MATRIX.csv,목표 환경 또는 동등 Harness 실행
CPF-FR-013995,05-00013995,Event Contract,Partition Key,호환·배포,미검증,아니오,,cpf-docs/evidence/qa/QA_PARALLEL_12WAY_QA-12F_f97655c/SOURCE_TRACE_MATRIX.csv,목표 환경 또는 동등 Harness 실행
CPF-FR-013996,10-00013996,Event Contract,Partition Key,검증·Evidence,미검증,아니오,,cpf-docs/evidence/qa/QA_PARALLEL_12WAY_QA-12F_f97655c/SOURCE_TRACE_MATRIX.csv,목표 환경 또는 동등 Harness 실행
CPF-FR-013997,05-00013997,Event Contract,Ordering Key,계약,미검증,아니오,,cpf-docs/evidence/qa/QA_PARALLEL_12WAY_QA-12F_f97655c/SOURCE_TRACE_MATRIX.csv,목표 환경 또는 동등 Harness 실행
CPF-FR-013998,05-00013998,Event Contract,Ordering Key,기본 구현,미검증,아니오,,cpf-docs/evidence/qa/QA_PARALLEL_12WAY_QA-12F_f97655c/SOURCE_TRACE_MATRIX.csv,목표 환경 또는 동등 Harness 실행
CPF-FR-013999,05-00013999,Event Contract,Ordering Key,상태·데이터,미검증,아니오,,cpf-docs/evidence/qa/QA_PARALLEL_12WAY_QA-12F_f97655c/SOURCE_TRACE_MATRIX.csv,목표 환경 또는 동등 Harness 실행
CPF-FR-014000,05-00014000,Event Contract,Ordering Key,보안·권한,미검증,아니오,,cpf-docs/evidence/qa/QA_PARALLEL_12WAY_QA-12F_f97655c/SOURCE_TRACE_MATRIX.csv,목표 환경 또는 동등 Harness 실행
CPF-FR-014001,05-00014001,Event Contract,Ordering Key,운영,미검증,아니오,,cpf-docs/evidence/qa/QA_PARALLEL_12WAY_QA-12F_f97655c/SOURCE_TRACE_MATRIX.csv,목표 환경 또는 동등 Harness 실행
CPF-FR-014002,10-00014002,Event Contract,Ordering Key,실패·복구,미검증,아니오,,cpf-docs/evidence/qa/QA_PARALLEL_12WAY_QA-12F_f97655c/SOURCE_TRACE_MATRIX.csv,목표 환경 또는 동등 Harness 실행
CPF-FR-014003,05-00014003,Event Contract,Ordering Key,호환·배포,미검증,아니오,,cpf-docs/evidence/qa/QA_PARALLEL_12WAY_QA-12F_f97655c/SOURCE_TRACE_MATRIX.csv,목표 환경 또는 동등 Harness 실행
CPF-FR-014004,10-00014004,Event Contract,Ordering Key,검증·Evidence,미검증,아니오,,cpf-docs/evidence/qa/QA_PARALLEL_12WAY_QA-12F_f97655c/SOURCE_TRACE_MATRIX.csv,목표 환경 또는 동등 Harness 실행
CPF-FR-014005,05-00014005,Event Contract,TTL,계약,미통과,아니오,QA12F-EVT-001,cpf-docs/evidence/qa/QA_PARALLEL_12WAY_QA-12F_f97655c/SOURCE_TRACE_MATRIX.csv,재개발 후 contract/fault/runtime 재검수
CPF-FR-014006,05-00014006,Event Contract,TTL,기본 구현,미통과,아니오,QA12F-EVT-001,cpf-docs/evidence/qa/QA_PARALLEL_12WAY_QA-12F_f97655c/SOURCE_TRACE_MATRIX.csv,재개발 후 contract/fault/runtime 재검수
CPF-FR-014007,05-00014007,Event Contract,TTL,상태·데이터,미통과,아니오,QA12F-EVT-001,cpf-docs/evidence/qa/QA_PARALLEL_12WAY_QA-12F_f97655c/SOURCE_TRACE_MATRIX.csv,재개발 후 contract/fault/runtime 재검수
CPF-FR-014008,05-00014008,Event Contract,TTL,보안·권한,미통과,아니오,QA12F-EVT-001,cpf-docs/evidence/qa/QA_PARALLEL_12WAY_QA-12F_f97655c/SOURCE_TRACE_MATRIX.csv,재개발 후 contract/fault/runtime 재검수
CPF-FR-014009,05-00014009,Event Contract,TTL,운영,미통과,아니오,QA12F-EVT-001,cpf-docs/evidence/qa/QA_PARALLEL_12WAY_QA-12F_f97655c/SOURCE_TRACE_MATRIX.csv,재개발 후 contract/fault/runtime 재검수
CPF-FR-014010,10-00014010,Event Contract,TTL,실패·복구,미통과,아니오,QA12F-EVT-001,cpf-docs/evidence/qa/QA_PARALLEL_12WAY_QA-12F_f97655c/SOURCE_TRACE_MATRIX.csv,재개발 후 contract/fault/runtime 재검수
CPF-FR-014011,05-00014011,Event Contract,TTL,호환·배포,미통과,아니오,QA12F-EVT-001,cpf-docs/evidence/qa/QA_PARALLEL_12WAY_QA-12F_f97655c/SOURCE_TRACE_MATRIX.csv,재개발 후 contract/fault/runtime 재검수
CPF-FR-014012,10-00014012,Event Contract,TTL,검증·Evidence,미통과,아니오,QA12F-EVT-001,cpf-docs/evidence/qa/QA_PARALLEL_12WAY_QA-12F_f97655c/SOURCE_TRACE_MATRIX.csv,재개발 후 contract/fault/runtime 재검수
CPF-FR-014013,05-00014013,Event Contract,Payload Size,계약,미통과,아니오,QA12F-EVT-001,cpf-docs/evidence/qa/QA_PARALLEL_12WAY_QA-12F_f97655c/SOURCE_TRACE_MATRIX.csv,재개발 후 contract/fault/runtime 재검수
CPF-FR-014014,05-00014014,Event Contract,Payload Size,기본 구현,미통과,아니오,QA12F-EVT-001,cpf-docs/evidence/qa/QA_PARALLEL_12WAY_QA-12F_f97655c/SOURCE_TRACE_MATRIX.csv,재개발 후 contract/fault/runtime 재검수
CPF-FR-014015,05-00014015,Event Contract,Payload Size,상태·데이터,미통과,아니오,QA12F-EVT-001,cpf-docs/evidence/qa/QA_PARALLEL_12WAY_QA-12F_f97655c/SOURCE_TRACE_MATRIX.csv,재개발 후 contract/fault/runtime 재검수
CPF-FR-014016,05-00014016,Event Contract,Payload Size,보안·권한,미통과,아니오,QA12F-EVT-001,cpf-docs/evidence/qa/QA_PARALLEL_12WAY_QA-12F_f97655c/SOURCE_TRACE_MATRIX.csv,재개발 후 contract/fault/runtime 재검수
CPF-FR-014017,05-00014017,Event Contract,Payload Size,운영,미통과,아니오,QA12F-EVT-001,cpf-docs/evidence/qa/QA_PARALLEL_12WAY_QA-12F_f97655c/SOURCE_TRACE_MATRIX.csv,재개발 후 contract/fault/runtime 재검수
CPF-FR-014018,10-00014018,Event Contract,Payload Size,실패·복구,미통과,아니오,QA12F-EVT-001,cpf-docs/evidence/qa/QA_PARALLEL_12WAY_QA-12F_f97655c/SOURCE_TRACE_MATRIX.csv,재개발 후 contract/fault/runtime 재검수
CPF-FR-014019,05-00014019,Event Contract,Payload Size,호환·배포,미통과,아니오,QA12F-EVT-001,cpf-docs/evidence/qa/QA_PARALLEL_12WAY_QA-12F_f97655c/SOURCE_TRACE_MATRIX.csv,재개발 후 contract/fault/runtime 재검수
CPF-FR-014020,10-00014020,Event Contract,Payload Size,검증·Evidence,미통과,아니오,QA12F-EVT-001,cpf-docs/evidence/qa/QA_PARALLEL_12WAY_QA-12F_f97655c/SOURCE_TRACE_MATRIX.csv,재개발 후 contract/fault/runtime 재검수
CPF-FR-014021,05-00014021,Event Contract,Attribute Allowlist,계약,미통과,아니오,QA12F-EVT-001,cpf-docs/evidence/qa/QA_PARALLEL_12WAY_QA-12F_f97655c/SOURCE_TRACE_MATRIX.csv,재개발 후 contract/fault/runtime 재검수
CPF-FR-014022,05-00014022,Event Contract,Attribute Allowlist,기본 구현,미통과,아니오,QA12F-EVT-001,cpf-docs/evidence/qa/QA_PARALLEL_12WAY_QA-12F_f97655c/SOURCE_TRACE_MATRIX.csv,재개발 후 contract/fault/runtime 재검수
CPF-FR-014023,05-00014023,Event Contract,Attribute Allowlist,상태·데이터,미통과,아니오,QA12F-EVT-001,cpf-docs/evidence/qa/QA_PARALLEL_12WAY_QA-12F_f97655c/SOURCE_TRACE_MATRIX.csv,재개발 후 contract/fault/runtime 재검수
CPF-FR-014024,05-00014024,Event Contract,Attribute Allowlist,보안·권한,미통과,아니오,QA12F-EVT-001,cpf-docs/evidence/qa/QA_PARALLEL_12WAY_QA-12F_f97655c/SOURCE_TRACE_MATRIX.csv,재개발 후 contract/fault/runtime 재검수
CPF-FR-014025,05-00014025,Event Contract,Attribute Allowlist,운영,미통과,아니오,QA12F-EVT-001,cpf-docs/evidence/qa/QA_PARALLEL_12WAY_QA-12F_f97655c/SOURCE_TRACE_MATRIX.csv,재개발 후 contract/fault/runtime 재검수
CPF-FR-014026,10-00014026,Event Contract,Attribute Allowlist,실패·복구,미통과,아니오,QA12F-EVT-001,cpf-docs/evidence/qa/QA_PARALLEL_12WAY_QA-12F_f97655c/SOURCE_TRACE_MATRIX.csv,재개발 후 contract/fault/runtime 재검수
CPF-FR-014027,05-00014027,Event Contract,Attribute Allowlist,호환·배포,미통과,아니오,QA12F-EVT-001,cpf-docs/evidence/qa/QA_PARALLEL_12WAY_QA-12F_f97655c/SOURCE_TRACE_MATRIX.csv,재개발 후 contract/fault/runtime 재검수
CPF-FR-014028,10-00014028,Event Contract,Attribute Allowlist,검증·Evidence,미통과,아니오,QA12F-EVT-001,cpf-docs/evidence/qa/QA_PARALLEL_12WAY_QA-12F_f97655c/SOURCE_TRACE_MATRIX.csv,재개발 후 contract/fault/runtime 재검수
CPF-FR-014029,05-00014029,Event Contract,Serializer Allowlist,계약,미통과,아니오,QA12F-EVT-001,cpf-docs/evidence/qa/QA_PARALLEL_12WAY_QA-12F_f97655c/SOURCE_TRACE_MATRIX.csv,재개발 후 contract/fault/runtime 재검수
CPF-FR-014030,05-00014030,Event Contract,Serializer Allowlist,기본 구현,미통과,아니오,QA12F-EVT-001,cpf-docs/evidence/qa/QA_PARALLEL_12WAY_QA-12F_f97655c/SOURCE_TRACE_MATRIX.csv,재개발 후 contract/fault/runtime 재검수
CPF-FR-014031,05-00014031,Event Contract,Serializer Allowlist,상태·데이터,미통과,아니오,QA12F-EVT-001,cpf-docs/evidence/qa/QA_PARALLEL_12WAY_QA-12F_f97655c/SOURCE_TRACE_MATRIX.csv,재개발 후 contract/fault/runtime 재검수
CPF-FR-014032,05-00014032,Event Contract,Serializer Allowlist,보안·권한,미통과,아니오,QA12F-EVT-001,cpf-docs/evidence/qa/QA_PARALLEL_12WAY_QA-12F_f97655c/SOURCE_TRACE_MATRIX.csv,재개발 후 contract/fault/runtime 재검수
CPF-FR-014033,05-00014033,Event Contract,Serializer Allowlist,운영,미통과,아니오,QA12F-EVT-001,cpf-docs/evidence/qa/QA_PARALLEL_12WAY_QA-12F_f97655c/SOURCE_TRACE_MATRIX.csv,재개발 후 contract/fault/runtime 재검수
CPF-FR-014034,10-00014034,Event Contract,Serializer Allowlist,실패·복구,미통과,아니오,QA12F-EVT-001,cpf-docs/evidence/qa/QA_PARALLEL_12WAY_QA-12F_f97655c/SOURCE_TRACE_MATRIX.csv,재개발 후 contract/fault/runtime 재검수
CPF-FR-014035,05-00014035,Event Contract,Serializer Allowlist,호환·배포,미통과,아니오,QA12F-EVT-001,cpf-docs/evidence/qa/QA_PARALLEL_12WAY_QA-12F_f97655c/SOURCE_TRACE_MATRIX.csv,재개발 후 contract/fault/runtime 재검수
CPF-FR-014036,10-00014036,Event Contract,Serializer Allowlist,검증·Evidence,미통과,아니오,QA12F-EVT-001,cpf-docs/evidence/qa/QA_PARALLEL_12WAY_QA-12F_f97655c/SOURCE_TRACE_MATRIX.csv,재개발 후 contract/fault/runtime 재검수
CPF-FR-014037,05-00014037,Event Contract,Producer Binding,계약,미검증,아니오,,cpf-docs/evidence/qa/QA_PARALLEL_12WAY_QA-12F_f97655c/SOURCE_TRACE_MATRIX.csv,목표 환경 또는 동등 Harness 실행
CPF-FR-014038,05-00014038,Event Contract,Producer Binding,기본 구현,미검증,아니오,,cpf-docs/evidence/qa/QA_PARALLEL_12WAY_QA-12F_f97655c/SOURCE_TRACE_MATRIX.csv,목표 환경 또는 동등 Harness 실행
CPF-FR-014039,05-00014039,Event Contract,Producer Binding,상태·데이터,미검증,아니오,,cpf-docs/evidence/qa/QA_PARALLEL_12WAY_QA-12F_f97655c/SOURCE_TRACE_MATRIX.csv,목표 환경 또는 동등 Harness 실행
CPF-FR-014040,05-00014040,Event Contract,Producer Binding,보안·권한,미검증,아니오,,cpf-docs/evidence/qa/QA_PARALLEL_12WAY_QA-12F_f97655c/SOURCE_TRACE_MATRIX.csv,목표 환경 또는 동등 Harness 실행
CPF-FR-014041,05-00014041,Event Contract,Producer Binding,운영,미검증,아니오,,cpf-docs/evidence/qa/QA_PARALLEL_12WAY_QA-12F_f97655c/SOURCE_TRACE_MATRIX.csv,목표 환경 또는 동등 Harness 실행
CPF-FR-014042,10-00014042,Event Contract,Producer Binding,실패·복구,미검증,아니오,,cpf-docs/evidence/qa/QA_PARALLEL_12WAY_QA-12F_f97655c/SOURCE_TRACE_MATRIX.csv,목표 환경 또는 동등 Harness 실행
CPF-FR-014043,05-00014043,Event Contract,Producer Binding,호환·배포,미검증,아니오,,cpf-docs/evidence/qa/QA_PARALLEL_12WAY_QA-12F_f97655c/SOURCE_TRACE_MATRIX.csv,목표 환경 또는 동등 Harness 실행
CPF-FR-014044,10-00014044,Event Contract,Producer Binding,검증·Evidence,미검증,아니오,,cpf-docs/evidence/qa/QA_PARALLEL_12WAY_QA-12F_f97655c/SOURCE_TRACE_MATRIX.csv,목표 환경 또는 동등 Harness 실행
CPF-FR-014045,05-00014045,Event Contract,Consumer Binding,계약,미통과,아니오,QA12F-EVT-002,cpf-docs/evidence/qa/QA_PARALLEL_12WAY_QA-12F_f97655c/SOURCE_TRACE_MATRIX.csv,재개발 후 contract/fault/runtime 재검수
CPF-FR-014046,05-00014046,Event Contract,Consumer Binding,기본 구현,미통과,아니오,QA12F-EVT-002,cpf-docs/evidence/qa/QA_PARALLEL_12WAY_QA-12F_f97655c/SOURCE_TRACE_MATRIX.csv,재개발 후 contract/fault/runtime 재검수
CPF-FR-014047,05-00014047,Event Contract,Consumer Binding,상태·데이터,미통과,아니오,QA12F-EVT-002,cpf-docs/evidence/qa/QA_PARALLEL_12WAY_QA-12F_f97655c/SOURCE_TRACE_MATRIX.csv,재개발 후 contract/fault/runtime 재검수
CPF-FR-014048,05-00014048,Event Contract,Consumer Binding,보안·권한,미통과,아니오,QA12F-EVT-002,cpf-docs/evidence/qa/QA_PARALLEL_12WAY_QA-12F_f97655c/SOURCE_TRACE_MATRIX.csv,재개발 후 contract/fault/runtime 재검수
CPF-FR-014049,05-00014049,Event Contract,Consumer Binding,운영,미통과,아니오,QA12F-EVT-002,cpf-docs/evidence/qa/QA_PARALLEL_12WAY_QA-12F_f97655c/SOURCE_TRACE_MATRIX.csv,재개발 후 contract/fault/runtime 재검수
CPF-FR-014050,10-00014050,Event Contract,Consumer Binding,실패·복구,미통과,아니오,QA12F-EVT-002,cpf-docs/evidence/qa/QA_PARALLEL_12WAY_QA-12F_f97655c/SOURCE_TRACE_MATRIX.csv,재개발 후 contract/fault/runtime 재검수
CPF-FR-014051,05-00014051,Event Contract,Consumer Binding,호환·배포,미통과,아니오,QA12F-EVT-002,cpf-docs/evidence/qa/QA_PARALLEL_12WAY_QA-12F_f97655c/SOURCE_TRACE_MATRIX.csv,재개발 후 contract/fault/runtime 재검수
CPF-FR-014052,10-00014052,Event Contract,Consumer Binding,검증·Evidence,미통과,아니오,QA12F-EVT-002,cpf-docs/evidence/qa/QA_PARALLEL_12WAY_QA-12F_f97655c/SOURCE_TRACE_MATRIX.csv,재개발 후 contract/fault/runtime 재검수
CPF-FR-014053,05-00014053,Event Contract,Schema Compatibility,계약,미통과,아니오,QA12F-EVT-001,cpf-docs/evidence/qa/QA_PARALLEL_12WAY_QA-12F_f97655c/SOURCE_TRACE_MATRIX.csv,재개발 후 contract/fault/runtime 재검수
CPF-FR-014054,05-00014054,Event Contract,Schema Compatibility,기본 구현,미통과,아니오,QA12F-EVT-001,cpf-docs/evidence/qa/QA_PARALLEL_12WAY_QA-12F_f97655c/SOURCE_TRACE_MATRIX.csv,재개발 후 contract/fault/runtime 재검수
CPF-FR-014055,05-00014055,Event Contract,Schema Compatibility,상태·데이터,미통과,아니오,QA12F-EVT-001,cpf-docs/evidence/qa/QA_PARALLEL_12WAY_QA-12F_f97655c/SOURCE_TRACE_MATRIX.csv,재개발 후 contract/fault/runtime 재검수
CPF-FR-014056,05-00014056,Event Contract,Schema Compatibility,보안·권한,미통과,아니오,QA12F-EVT-001,cpf-docs/evidence/qa/QA_PARALLEL_12WAY_QA-12F_f97655c/SOURCE_TRACE_MATRIX.csv,재개발 후 contract/fault/runtime 재검수
CPF-FR-014057,05-00014057,Event Contract,Schema Compatibility,운영,미통과,아니오,QA12F-EVT-001,cpf-docs/evidence/qa/QA_PARALLEL_12WAY_QA-12F_f97655c/SOURCE_TRACE_MATRIX.csv,재개발 후 contract/fault/runtime 재검수
CPF-FR-014058,10-00014058,Event Contract,Schema Compatibility,실패·복구,미통과,아니오,QA12F-EVT-001,cpf-docs/evidence/qa/QA_PARALLEL_12WAY_QA-12F_f97655c/SOURCE_TRACE_MATRIX.csv,재개발 후 contract/fault/runtime 재검수
CPF-FR-014059,05-00014059,Event Contract,Schema Compatibility,호환·배포,미통과,아니오,QA12F-EVT-001,cpf-docs/evidence/qa/QA_PARALLEL_12WAY_QA-12F_f97655c/SOURCE_TRACE_MATRIX.csv,재개발 후 contract/fault/runtime 재검수
CPF-FR-014060,10-00014060,Event Contract,Schema Compatibility,검증·Evidence,미통과,아니오,QA12F-EVT-001,cpf-docs/evidence/qa/QA_PARALLEL_12WAY_QA-12F_f97655c/SOURCE_TRACE_MATRIX.csv,재개발 후 contract/fault/runtime 재검수
CPF-FR-014061,05-00014061,Event Contract,Publish Result,계약,미검증,아니오,,cpf-docs/evidence/qa/QA_PARALLEL_12WAY_QA-12F_f97655c/SOURCE_TRACE_MATRIX.csv,목표 환경 또는 동등 Harness 실행
CPF-FR-014062,05-00014062,Event Contract,Publish Result,기본 구현,미검증,아니오,,cpf-docs/evidence/qa/QA_PARALLEL_12WAY_QA-12F_f97655c/SOURCE_TRACE_MATRIX.csv,목표 환경 또는 동등 Harness 실행
CPF-FR-014063,05-00014063,Event Contract,Publish Result,상태·데이터,미검증,아니오,,cpf-docs/evidence/qa/QA_PARALLEL_12WAY_QA-12F_f97655c/SOURCE_TRACE_MATRIX.csv,목표 환경 또는 동등 Harness 실행
CPF-FR-014064,05-00014064,Event Contract,Publish Result,보안·권한,미검증,아니오,,cpf-docs/evidence/qa/QA_PARALLEL_12WAY_QA-12F_f97655c/SOURCE_TRACE_MATRIX.csv,목표 환경 또는 동등 Harness 실행
CPF-FR-014065,05-00014065,Event Contract,Publish Result,운영,미검증,아니오,,cpf-docs/evidence/qa/QA_PARALLEL_12WAY_QA-12F_f97655c/SOURCE_TRACE_MATRIX.csv,목표 환경 또는 동등 Harness 실행
CPF-FR-014066,10-00014066,Event Contract,Publish Result,실패·복구,미검증,아니오,,cpf-docs/evidence/qa/QA_PARALLEL_12WAY_QA-12F_f97655c/SOURCE_TRACE_MATRIX.csv,목표 환경 또는 동등 Harness 실행
CPF-FR-014067,05-00014067,Event Contract,Publish Result,호환·배포,미검증,아니오,,cpf-docs/evidence/qa/QA_PARALLEL_12WAY_QA-12F_f97655c/SOURCE_TRACE_MATRIX.csv,목표 환경 또는 동등 Harness 실행
CPF-FR-014068,10-00014068,Event Contract,Publish Result,검증·Evidence,미검증,아니오,,cpf-docs/evidence/qa/QA_PARALLEL_12WAY_QA-12F_f97655c/SOURCE_TRACE_MATRIX.csv,목표 환경 또는 동등 Harness 실행
CPF-FR-014069,05-00014069,Event Contract,Consume Result,계약,미통과,아니오,QA12F-EVT-002,cpf-docs/evidence/qa/QA_PARALLEL_12WAY_QA-12F_f97655c/SOURCE_TRACE_MATRIX.csv,재개발 후 contract/fault/runtime 재검수
CPF-FR-014070,05-00014070,Event Contract,Consume Result,기본 구현,미통과,아니오,QA12F-EVT-002,cpf-docs/evidence/qa/QA_PARALLEL_12WAY_QA-12F_f97655c/SOURCE_TRACE_MATRIX.csv,재개발 후 contract/fault/runtime 재검수
CPF-FR-014071,05-00014071,Event Contract,Consume Result,상태·데이터,미통과,아니오,QA12F-EVT-002,cpf-docs/evidence/qa/QA_PARALLEL_12WAY_QA-12F_f97655c/SOURCE_TRACE_MATRIX.csv,재개발 후 contract/fault/runtime 재검수
CPF-FR-014072,05-00014072,Event Contract,Consume Result,보안·권한,미통과,아니오,QA12F-EVT-002,cpf-docs/evidence/qa/QA_PARALLEL_12WAY_QA-12F_f97655c/SOURCE_TRACE_MATRIX.csv,재개발 후 contract/fault/runtime 재검수
CPF-FR-014073,05-00014073,Event Contract,Consume Result,운영,미통과,아니오,QA12F-EVT-002,cpf-docs/evidence/qa/QA_PARALLEL_12WAY_QA-12F_f97655c/SOURCE_TRACE_MATRIX.csv,재개발 후 contract/fault/runtime 재검수
CPF-FR-014074,10-00014074,Event Contract,Consume Result,실패·복구,미통과,아니오,QA12F-EVT-002,cpf-docs/evidence/qa/QA_PARALLEL_12WAY_QA-12F_f97655c/SOURCE_TRACE_MATRIX.csv,재개발 후 contract/fault/runtime 재검수
CPF-FR-014075,05-00014075,Event Contract,Consume Result,호환·배포,미통과,아니오,QA12F-EVT-002,cpf-docs/evidence/qa/QA_PARALLEL_12WAY_QA-12F_f97655c/SOURCE_TRACE_MATRIX.csv,재개발 후 contract/fault/runtime 재검수
CPF-FR-014076,10-00014076,Event Contract,Consume Result,검증·Evidence,미통과,아니오,QA12F-EVT-002,cpf-docs/evidence/qa/QA_PARALLEL_12WAY_QA-12F_f97655c/SOURCE_TRACE_MATRIX.csv,재개발 후 contract/fault/runtime 재검수
CPF-FR-014077,05-00014077,Event Contract,Acknowledgement,계약,미통과,아니오,QA12F-EVT-002,cpf-docs/evidence/qa/QA_PARALLEL_12WAY_QA-12F_f97655c/SOURCE_TRACE_MATRIX.csv,재개발 후 contract/fault/runtime 재검수
CPF-FR-014078,05-00014078,Event Contract,Acknowledgement,기본 구현,미통과,아니오,QA12F-EVT-002,cpf-docs/evidence/qa/QA_PARALLEL_12WAY_QA-12F_f97655c/SOURCE_TRACE_MATRIX.csv,재개발 후 contract/fault/runtime 재검수
CPF-FR-014079,05-00014079,Event Contract,Acknowledgement,상태·데이터,미통과,아니오,QA12F-EVT-002,cpf-docs/evidence/qa/QA_PARALLEL_12WAY_QA-12F_f97655c/SOURCE_TRACE_MATRIX.csv,재개발 후 contract/fault/runtime 재검수
CPF-FR-014080,05-00014080,Event Contract,Acknowledgement,보안·권한,미통과,아니오,QA12F-EVT-002,cpf-docs/evidence/qa/QA_PARALLEL_12WAY_QA-12F_f97655c/SOURCE_TRACE_MATRIX.csv,재개발 후 contract/fault/runtime 재검수
CPF-FR-014081,05-00014081,Event Contract,Acknowledgement,운영,미통과,아니오,QA12F-EVT-002,cpf-docs/evidence/qa/QA_PARALLEL_12WAY_QA-12F_f97655c/SOURCE_TRACE_MATRIX.csv,재개발 후 contract/fault/runtime 재검수
CPF-FR-014082,10-00014082,Event Contract,Acknowledgement,실패·복구,미통과,아니오,QA12F-EVT-002,cpf-docs/evidence/qa/QA_PARALLEL_12WAY_QA-12F_f97655c/SOURCE_TRACE_MATRIX.csv,재개발 후 contract/fault/runtime 재검수
CPF-FR-014083,05-00014083,Event Contract,Acknowledgement,호환·배포,미통과,아니오,QA12F-EVT-002,cpf-docs/evidence/qa/QA_PARALLEL_12WAY_QA-12F_f97655c/SOURCE_TRACE_MATRIX.csv,재개발 후 contract/fault/runtime 재검수
CPF-FR-014084,10-00014084,Event Contract,Acknowledgement,검증·Evidence,미통과,아니오,QA12F-EVT-002,cpf-docs/evidence/qa/QA_PARALLEL_12WAY_QA-12F_f97655c/SOURCE_TRACE_MATRIX.csv,재개발 후 contract/fault/runtime 재검수
CPF-FR-014085,05-00014085,Event Contract,Redelivery,계약,미통과,아니오,QA12F-EVT-002,cpf-docs/evidence/qa/QA_PARALLEL_12WAY_QA-12F_f97655c/SOURCE_TRACE_MATRIX.csv,재개발 후 contract/fault/runtime 재검수
CPF-FR-014086,05-00014086,Event Contract,Redelivery,기본 구현,미통과,아니오,QA12F-EVT-002,cpf-docs/evidence/qa/QA_PARALLEL_12WAY_QA-12F_f97655c/SOURCE_TRACE_MATRIX.csv,재개발 후 contract/fault/runtime 재검수
CPF-FR-014087,05-00014087,Event Contract,Redelivery,상태·데이터,미통과,아니오,QA12F-EVT-002,cpf-docs/evidence/qa/QA_PARALLEL_12WAY_QA-12F_f97655c/SOURCE_TRACE_MATRIX.csv,재개발 후 contract/fault/runtime 재검수
CPF-FR-014088,05-00014088,Event Contract,Redelivery,보안·권한,미통과,아니오,QA12F-EVT-002,cpf-docs/evidence/qa/QA_PARALLEL_12WAY_QA-12F_f97655c/SOURCE_TRACE_MATRIX.csv,재개발 후 contract/fault/runtime 재검수
CPF-FR-014089,05-00014089,Event Contract,Redelivery,운영,미통과,아니오,QA12F-EVT-002,cpf-docs/evidence/qa/QA_PARALLEL_12WAY_QA-12F_f97655c/SOURCE_TRACE_MATRIX.csv,재개발 후 contract/fault/runtime 재검수
CPF-FR-014090,10-00014090,Event Contract,Redelivery,실패·복구,미통과,아니오,QA12F-EVT-002,cpf-docs/evidence/qa/QA_PARALLEL_12WAY_QA-12F_f97655c/SOURCE_TRACE_MATRIX.csv,재개발 후 contract/fault/runtime 재검수
CPF-FR-014091,05-00014091,Event Contract,Redelivery,호환·배포,미통과,아니오,QA12F-EVT-002,cpf-docs/evidence/qa/QA_PARALLEL_12WAY_QA-12F_f97655c/SOURCE_TRACE_MATRIX.csv,재개발 후 contract/fault/runtime 재검수
CPF-FR-014092,10-00014092,Event Contract,Redelivery,검증·Evidence,미통과,아니오,QA12F-EVT-002,cpf-docs/evidence/qa/QA_PARALLEL_12WAY_QA-12F_f97655c/SOURCE_TRACE_MATRIX.csv,재개발 후 contract/fault/runtime 재검수
CPF-FR-014093,05-00014093,Event Contract,Backpressure,계약,미통과,아니오,QA12F-EVT-002,cpf-docs/evidence/qa/QA_PARALLEL_12WAY_QA-12F_f97655c/SOURCE_TRACE_MATRIX.csv,재개발 후 contract/fault/runtime 재검수
CPF-FR-014094,05-00014094,Event Contract,Backpressure,기본 구현,미통과,아니오,QA12F-EVT-002,cpf-docs/evidence/qa/QA_PARALLEL_12WAY_QA-12F_f97655c/SOURCE_TRACE_MATRIX.csv,재개발 후 contract/fault/runtime 재검수
CPF-FR-014095,05-00014095,Event Contract,Backpressure,상태·데이터,미통과,아니오,QA12F-EVT-002,cpf-docs/evidence/qa/QA_PARALLEL_12WAY_QA-12F_f97655c/SOURCE_TRACE_MATRIX.csv,재개발 후 contract/fault/runtime 재검수
CPF-FR-014096,05-00014096,Event Contract,Backpressure,보안·권한,미통과,아니오,QA12F-EVT-002,cpf-docs/evidence/qa/QA_PARALLEL_12WAY_QA-12F_f97655c/SOURCE_TRACE_MATRIX.csv,재개발 후 contract/fault/runtime 재검수
CPF-FR-014097,05-00014097,Event Contract,Backpressure,운영,미통과,아니오,QA12F-EVT-002,cpf-docs/evidence/qa/QA_PARALLEL_12WAY_QA-12F_f97655c/SOURCE_TRACE_MATRIX.csv,재개발 후 contract/fault/runtime 재검수
CPF-FR-014098,10-00014098,Event Contract,Backpressure,실패·복구,미통과,아니오,QA12F-EVT-002,cpf-docs/evidence/qa/QA_PARALLEL_12WAY_QA-12F_f97655c/SOURCE_TRACE_MATRIX.csv,재개발 후 contract/fault/runtime 재검수
CPF-FR-014099,05-00014099,Event Contract,Backpressure,호환·배포,미통과,아니오,QA12F-EVT-002,cpf-docs/evidence/qa/QA_PARALLEL_12WAY_QA-12F_f97655c/SOURCE_TRACE_MATRIX.csv,재개발 후 contract/fault/runtime 재검수
CPF-FR-014100,10-00014100,Event Contract,Backpressure,검증·Evidence,미통과,아니오,QA12F-EVT-002,cpf-docs/evidence/qa/QA_PARALLEL_12WAY_QA-12F_f97655c/SOURCE_TRACE_MATRIX.csv,재개발 후 contract/fault/runtime 재검수
CPF-FR-014101,05-00014101,Event Contract,Consumer Concurrency,계약,미통과,아니오,QA12F-EVT-002,cpf-docs/evidence/qa/QA_PARALLEL_12WAY_QA-12F_f97655c/SOURCE_TRACE_MATRIX.csv,재개발 후 contract/fault/runtime 재검수
CPF-FR-014102,05-00014102,Event Contract,Consumer Concurrency,기본 구현,미통과,아니오,QA12F-EVT-002,cpf-docs/evidence/qa/QA_PARALLEL_12WAY_QA-12F_f97655c/SOURCE_TRACE_MATRIX.csv,재개발 후 contract/fault/runtime 재검수
CPF-FR-014103,05-00014103,Event Contract,Consumer Concurrency,상태·데이터,미통과,아니오,QA12F-EVT-002,cpf-docs/evidence/qa/QA_PARALLEL_12WAY_QA-12F_f97655c/SOURCE_TRACE_MATRIX.csv,재개발 후 contract/fault/runtime 재검수
CPF-FR-014104,05-00014104,Event Contract,Consumer Concurrency,보안·권한,미통과,아니오,QA12F-EVT-002,cpf-docs/evidence/qa/QA_PARALLEL_12WAY_QA-12F_f97655c/SOURCE_TRACE_MATRIX.csv,재개발 후 contract/fault/runtime 재검수
CPF-FR-014105,05-00014105,Event Contract,Consumer Concurrency,운영,미통과,아니오,QA12F-EVT-002,cpf-docs/evidence/qa/QA_PARALLEL_12WAY_QA-12F_f97655c/SOURCE_TRACE_MATRIX.csv,재개발 후 contract/fault/runtime 재검수
CPF-FR-014106,10-00014106,Event Contract,Consumer Concurrency,실패·복구,미통과,아니오,QA12F-EVT-002,cpf-docs/evidence/qa/QA_PARALLEL_12WAY_QA-12F_f97655c/SOURCE_TRACE_MATRIX.csv,재개발 후 contract/fault/runtime 재검수
CPF-FR-014107,05-00014107,Event Contract,Consumer Concurrency,호환·배포,미통과,아니오,QA12F-EVT-002,cpf-docs/evidence/qa/QA_PARALLEL_12WAY_QA-12F_f97655c/SOURCE_TRACE_MATRIX.csv,재개발 후 contract/fault/runtime 재검수
CPF-FR-014108,10-00014108,Event Contract,Consumer Concurrency,검증·Evidence,미통과,아니오,QA12F-EVT-002,cpf-docs/evidence/qa/QA_PARALLEL_12WAY_QA-12F_f97655c/SOURCE_TRACE_MATRIX.csv,재개발 후 contract/fault/runtime 재검수
CPF-FR-014109,05-00014109,Event Contract,Multi-instance Correlation,계약,미통과,아니오,QA12F-EVT-002,cpf-docs/evidence/qa/QA_PARALLEL_12WAY_QA-12F_f97655c/SOURCE_TRACE_MATRIX.csv,재개발 후 contract/fault/runtime 재검수
CPF-FR-014110,05-00014110,Event Contract,Multi-instance Correlation,기본 구현,미통과,아니오,QA12F-EVT-002,cpf-docs/evidence/qa/QA_PARALLEL_12WAY_QA-12F_f97655c/SOURCE_TRACE_MATRIX.csv,재개발 후 contract/fault/runtime 재검수
CPF-FR-014111,05-00014111,Event Contract,Multi-instance Correlation,상태·데이터,미통과,아니오,QA12F-EVT-002,cpf-docs/evidence/qa/QA_PARALLEL_12WAY_QA-12F_f97655c/SOURCE_TRACE_MATRIX.csv,재개발 후 contract/fault/runtime 재검수
CPF-FR-014112,05-00014112,Event Contract,Multi-instance Correlation,보안·권한,미통과,아니오,QA12F-EVT-002,cpf-docs/evidence/qa/QA_PARALLEL_12WAY_QA-12F_f97655c/SOURCE_TRACE_MATRIX.csv,재개발 후 contract/fault/runtime 재검수
CPF-FR-014113,05-00014113,Event Contract,Multi-instance Correlation,운영,미통과,아니오,QA12F-EVT-002,cpf-docs/evidence/qa/QA_PARALLEL_12WAY_QA-12F_f97655c/SOURCE_TRACE_MATRIX.csv,재개발 후 contract/fault/runtime 재검수
CPF-FR-014114,10-00014114,Event Contract,Multi-instance Correlation,실패·복구,미통과,아니오,QA12F-EVT-002,cpf-docs/evidence/qa/QA_PARALLEL_12WAY_QA-12F_f97655c/SOURCE_TRACE_MATRIX.csv,재개발 후 contract/fault/runtime 재검수
CPF-FR-014115,05-00014115,Event Contract,Multi-instance Correlation,호환·배포,미통과,아니오,QA12F-EVT-002,cpf-docs/evidence/qa/QA_PARALLEL_12WAY_QA-12F_f97655c/SOURCE_TRACE_MATRIX.csv,재개발 후 contract/fault/runtime 재검수
CPF-FR-014116,10-00014116,Event Contract,Multi-instance Correlation,검증·Evidence,미통과,아니오,QA12F-EVT-002,cpf-docs/evidence/qa/QA_PARALLEL_12WAY_QA-12F_f97655c/SOURCE_TRACE_MATRIX.csv,재개발 후 contract/fault/runtime 재검수
CPF-FR-014117,05-00014117,Kafka,Connection Configuration,계약,미검증,아니오,QA12F-KAFKA-001,cpf-docs/evidence/qa/QA_PARALLEL_12WAY_QA-12F_f97655c/SOURCE_TRACE_MATRIX.csv,목표 환경 또는 동등 Harness 실행
CPF-FR-014118,05-00014118,Kafka,Connection Configuration,기본 구현,미검증,아니오,QA12F-KAFKA-001,cpf-docs/evidence/qa/QA_PARALLEL_12WAY_QA-12F_f97655c/SOURCE_TRACE_MATRIX.csv,목표 환경 또는 동등 Harness 실행
CPF-FR-014119,05-00014119,Kafka,Connection Configuration,상태·데이터,미검증,아니오,QA12F-KAFKA-001,cpf-docs/evidence/qa/QA_PARALLEL_12WAY_QA-12F_f97655c/SOURCE_TRACE_MATRIX.csv,목표 환경 또는 동등 Harness 실행
CPF-FR-014120,05-00014120,Kafka,Connection Configuration,보안·권한,미검증,아니오,QA12F-KAFKA-001,cpf-docs/evidence/qa/QA_PARALLEL_12WAY_QA-12F_f97655c/SOURCE_TRACE_MATRIX.csv,목표 환경 또는 동등 Harness 실행
CPF-FR-014121,05-00014121,Kafka,Connection Configuration,운영,미검증,아니오,QA12F-KAFKA-001,cpf-docs/evidence/qa/QA_PARALLEL_12WAY_QA-12F_f97655c/SOURCE_TRACE_MATRIX.csv,목표 환경 또는 동등 Harness 실행
CPF-FR-014122,10-00014122,Kafka,Connection Configuration,실패·복구,미검증,아니오,QA12F-KAFKA-001,cpf-docs/evidence/qa/QA_PARALLEL_12WAY_QA-12F_f97655c/SOURCE_TRACE_MATRIX.csv,목표 환경 또는 동등 Harness 실행
CPF-FR-014123,05-00014123,Kafka,Connection Configuration,호환·배포,미검증,아니오,QA12F-KAFKA-001,cpf-docs/evidence/qa/QA_PARALLEL_12WAY_QA-12F_f97655c/SOURCE_TRACE_MATRIX.csv,목표 환경 또는 동등 Harness 실행
CPF-FR-014124,10-00014124,Kafka,Connection Configuration,검증·Evidence,미검증,아니오,QA12F-KAFKA-001,cpf-docs/evidence/qa/QA_PARALLEL_12WAY_QA-12F_f97655c/SOURCE_TRACE_MATRIX.csv,목표 환경 또는 동등 Harness 실행
CPF-FR-014125,05-00014125,Kafka,TLS / Credential,계약,미검증,아니오,QA12F-KAFKA-001,cpf-docs/evidence/qa/QA_PARALLEL_12WAY_QA-12F_f97655c/SOURCE_TRACE_MATRIX.csv,목표 환경 또는 동등 Harness 실행
CPF-FR-014126,05-00014126,Kafka,TLS / Credential,기본 구현,미검증,아니오,QA12F-KAFKA-001,cpf-docs/evidence/qa/QA_PARALLEL_12WAY_QA-12F_f97655c/SOURCE_TRACE_MATRIX.csv,목표 환경 또는 동등 Harness 실행
CPF-FR-014127,05-00014127,Kafka,TLS / Credential,상태·데이터,미검증,아니오,QA12F-KAFKA-001,cpf-docs/evidence/qa/QA_PARALLEL_12WAY_QA-12F_f97655c/SOURCE_TRACE_MATRIX.csv,목표 환경 또는 동등 Harness 실행
CPF-FR-014128,05-00014128,Kafka,TLS / Credential,보안·권한,미검증,아니오,QA12F-KAFKA-001,cpf-docs/evidence/qa/QA_PARALLEL_12WAY_QA-12F_f97655c/SOURCE_TRACE_MATRIX.csv,목표 환경 또는 동등 Harness 실행
CPF-FR-014129,05-00014129,Kafka,TLS / Credential,운영,미검증,아니오,QA12F-KAFKA-001,cpf-docs/evidence/qa/QA_PARALLEL_12WAY_QA-12F_f97655c/SOURCE_TRACE_MATRIX.csv,목표 환경 또는 동등 Harness 실행
CPF-FR-014130,10-00014130,Kafka,TLS / Credential,실패·복구,미검증,아니오,QA12F-KAFKA-001,cpf-docs/evidence/qa/QA_PARALLEL_12WAY_QA-12F_f97655c/SOURCE_TRACE_MATRIX.csv,목표 환경 또는 동등 Harness 실행
CPF-FR-014131,05-00014131,Kafka,TLS / Credential,호환·배포,미검증,아니오,QA12F-KAFKA-001,cpf-docs/evidence/qa/QA_PARALLEL_12WAY_QA-12F_f97655c/SOURCE_TRACE_MATRIX.csv,목표 환경 또는 동등 Harness 실행
CPF-FR-014132,10-00014132,Kafka,TLS / Credential,검증·Evidence,미검증,아니오,QA12F-KAFKA-001,cpf-docs/evidence/qa/QA_PARALLEL_12WAY_QA-12F_f97655c/SOURCE_TRACE_MATRIX.csv,목표 환경 또는 동등 Harness 실행
CPF-FR-014133,05-00014133,Kafka,Destination Provisioning,계약,미검증,아니오,QA12F-KAFKA-001,cpf-docs/evidence/qa/QA_PARALLEL_12WAY_QA-12F_f97655c/SOURCE_TRACE_MATRIX.csv,목표 환경 또는 동등 Harness 실행
CPF-FR-014134,05-00014134,Kafka,Destination Provisioning,기본 구현,미검증,아니오,QA12F-KAFKA-001,cpf-docs/evidence/qa/QA_PARALLEL_12WAY_QA-12F_f97655c/SOURCE_TRACE_MATRIX.csv,목표 환경 또는 동등 Harness 실행
CPF-FR-014135,05-00014135,Kafka,Destination Provisioning,상태·데이터,미검증,아니오,QA12F-KAFKA-001,cpf-docs/evidence/qa/QA_PARALLEL_12WAY_QA-12F_f97655c/SOURCE_TRACE_MATRIX.csv,목표 환경 또는 동등 Harness 실행
CPF-FR-014136,05-00014136,Kafka,Destination Provisioning,보안·권한,미검증,아니오,QA12F-KAFKA-001,cpf-docs/evidence/qa/QA_PARALLEL_12WAY_QA-12F_f97655c/SOURCE_TRACE_MATRIX.csv,목표 환경 또는 동등 Harness 실행
CPF-FR-014137,05-00014137,Kafka,Destination Provisioning,운영,미검증,아니오,QA12F-KAFKA-001,cpf-docs/evidence/qa/QA_PARALLEL_12WAY_QA-12F_f97655c/SOURCE_TRACE_MATRIX.csv,목표 환경 또는 동등 Harness 실행
CPF-FR-014138,10-00014138,Kafka,Destination Provisioning,실패·복구,미검증,아니오,QA12F-KAFKA-001,cpf-docs/evidence/qa/QA_PARALLEL_12WAY_QA-12F_f97655c/SOURCE_TRACE_MATRIX.csv,목표 환경 또는 동등 Harness 실행
CPF-FR-014139,05-00014139,Kafka,Destination Provisioning,호환·배포,미검증,아니오,QA12F-KAFKA-001,cpf-docs/evidence/qa/QA_PARALLEL_12WAY_QA-12F_f97655c/SOURCE_TRACE_MATRIX.csv,목표 환경 또는 동등 Harness 실행
CPF-FR-014140,10-00014140,Kafka,Destination Provisioning,검증·Evidence,미검증,아니오,QA12F-KAFKA-001,cpf-docs/evidence/qa/QA_PARALLEL_12WAY_QA-12F_f97655c/SOURCE_TRACE_MATRIX.csv,목표 환경 또는 동등 Harness 실행
CPF-FR-014141,05-00014141,Kafka,Producer,계약,미검증,아니오,QA12F-KAFKA-001,cpf-docs/evidence/qa/QA_PARALLEL_12WAY_QA-12F_f97655c/SOURCE_TRACE_MATRIX.csv,목표 환경 또는 동등 Harness 실행
CPF-FR-014142,05-00014142,Kafka,Producer,기본 구현,미검증,아니오,QA12F-KAFKA-001,cpf-docs/evidence/qa/QA_PARALLEL_12WAY_QA-12F_f97655c/SOURCE_TRACE_MATRIX.csv,목표 환경 또는 동등 Harness 실행
CPF-FR-014143,05-00014143,Kafka,Producer,상태·데이터,미검증,아니오,QA12F-KAFKA-001,cpf-docs/evidence/qa/QA_PARALLEL_12WAY_QA-12F_f97655c/SOURCE_TRACE_MATRIX.csv,목표 환경 또는 동등 Harness 실행
CPF-FR-014144,05-00014144,Kafka,Producer,보안·권한,미검증,아니오,QA12F-KAFKA-001,cpf-docs/evidence/qa/QA_PARALLEL_12WAY_QA-12F_f97655c/SOURCE_TRACE_MATRIX.csv,목표 환경 또는 동등 Harness 실행
CPF-FR-014145,05-00014145,Kafka,Producer,운영,미검증,아니오,QA12F-KAFKA-001,cpf-docs/evidence/qa/QA_PARALLEL_12WAY_QA-12F_f97655c/SOURCE_TRACE_MATRIX.csv,목표 환경 또는 동등 Harness 실행
CPF-FR-014146,10-00014146,Kafka,Producer,실패·복구,미검증,아니오,QA12F-KAFKA-001,cpf-docs/evidence/qa/QA_PARALLEL_12WAY_QA-12F_f97655c/SOURCE_TRACE_MATRIX.csv,목표 환경 또는 동등 Harness 실행
CPF-FR-014147,05-00014147,Kafka,Producer,호환·배포,미검증,아니오,QA12F-KAFKA-001,cpf-docs/evidence/qa/QA_PARALLEL_12WAY_QA-12F_f97655c/SOURCE_TRACE_MATRIX.csv,목표 환경 또는 동등 Harness 실행
CPF-FR-014148,10-00014148,Kafka,Producer,검증·Evidence,미검증,아니오,QA12F-KAFKA-001,cpf-docs/evidence/qa/QA_PARALLEL_12WAY_QA-12F_f97655c/SOURCE_TRACE_MATRIX.csv,목표 환경 또는 동등 Harness 실행
CPF-FR-014149,05-00014149,Kafka,Consumer,계약,미통과,아니오,QA12F-KAFKA-001,cpf-docs/evidence/qa/QA_PARALLEL_12WAY_QA-12F_f97655c/SOURCE_TRACE_MATRIX.csv,재개발 후 contract/fault/runtime 재검수
CPF-FR-014150,05-00014150,Kafka,Consumer,기본 구현,미통과,아니오,QA12F-KAFKA-001,cpf-docs/evidence/qa/QA_PARALLEL_12WAY_QA-12F_f97655c/SOURCE_TRACE_MATRIX.csv,재개발 후 contract/fault/runtime 재검수
CPF-FR-014151,05-00014151,Kafka,Consumer,상태·데이터,미통과,아니오,QA12F-KAFKA-001,cpf-docs/evidence/qa/QA_PARALLEL_12WAY_QA-12F_f97655c/SOURCE_TRACE_MATRIX.csv,재개발 후 contract/fault/runtime 재검수
CPF-FR-014152,05-00014152,Kafka,Consumer,보안·권한,미통과,아니오,QA12F-KAFKA-001,cpf-docs/evidence/qa/QA_PARALLEL_12WAY_QA-12F_f97655c/SOURCE_TRACE_MATRIX.csv,재개발 후 contract/fault/runtime 재검수
CPF-FR-014153,05-00014153,Kafka,Consumer,운영,미통과,아니오,QA12F-KAFKA-001,cpf-docs/evidence/qa/QA_PARALLEL_12WAY_QA-12F_f97655c/SOURCE_TRACE_MATRIX.csv,재개발 후 contract/fault/runtime 재검수
CPF-FR-014154,10-00014154,Kafka,Consumer,실패·복구,미통과,아니오,QA12F-KAFKA-001,cpf-docs/evidence/qa/QA_PARALLEL_12WAY_QA-12F_f97655c/SOURCE_TRACE_MATRIX.csv,재개발 후 contract/fault/runtime 재검수
CPF-FR-014155,05-00014155,Kafka,Consumer,호환·배포,미통과,아니오,QA12F-KAFKA-001,cpf-docs/evidence/qa/QA_PARALLEL_12WAY_QA-12F_f97655c/SOURCE_TRACE_MATRIX.csv,재개발 후 contract/fault/runtime 재검수
CPF-FR-014156,10-00014156,Kafka,Consumer,검증·Evidence,미통과,아니오,QA12F-KAFKA-001,cpf-docs/evidence/qa/QA_PARALLEL_12WAY_QA-12F_f97655c/SOURCE_TRACE_MATRIX.csv,재개발 후 contract/fault/runtime 재검수
CPF-FR-014157,05-00014157,Kafka,Transaction,계약,미통과,아니오,QA12F-KAFKA-001,cpf-docs/evidence/qa/QA_PARALLEL_12WAY_QA-12F_f97655c/SOURCE_TRACE_MATRIX.csv,재개발 후 contract/fault/runtime 재검수
CPF-FR-014158,05-00014158,Kafka,Transaction,기본 구현,미통과,아니오,QA12F-KAFKA-001,cpf-docs/evidence/qa/QA_PARALLEL_12WAY_QA-12F_f97655c/SOURCE_TRACE_MATRIX.csv,재개발 후 contract/fault/runtime 재검수
CPF-FR-014159,05-00014159,Kafka,Transaction,상태·데이터,미통과,아니오,QA12F-KAFKA-001,cpf-docs/evidence/qa/QA_PARALLEL_12WAY_QA-12F_f97655c/SOURCE_TRACE_MATRIX.csv,재개발 후 contract/fault/runtime 재검수
CPF-FR-014160,05-00014160,Kafka,Transaction,보안·권한,미통과,아니오,QA12F-KAFKA-001,cpf-docs/evidence/qa/QA_PARALLEL_12WAY_QA-12F_f97655c/SOURCE_TRACE_MATRIX.csv,재개발 후 contract/fault/runtime 재검수
CPF-FR-014161,05-00014161,Kafka,Transaction,운영,미통과,아니오,QA12F-KAFKA-001,cpf-docs/evidence/qa/QA_PARALLEL_12WAY_QA-12F_f97655c/SOURCE_TRACE_MATRIX.csv,재개발 후 contract/fault/runtime 재검수
CPF-FR-014162,10-00014162,Kafka,Transaction,실패·복구,미통과,아니오,QA12F-KAFKA-001,cpf-docs/evidence/qa/QA_PARALLEL_12WAY_QA-12F_f97655c/SOURCE_TRACE_MATRIX.csv,재개발 후 contract/fault/runtime 재검수
CPF-FR-014163,05-00014163,Kafka,Transaction,호환·배포,미통과,아니오,QA12F-KAFKA-001,cpf-docs/evidence/qa/QA_PARALLEL_12WAY_QA-12F_f97655c/SOURCE_TRACE_MATRIX.csv,재개발 후 contract/fault/runtime 재검수
CPF-FR-014164,10-00014164,Kafka,Transaction,검증·Evidence,미통과,아니오,QA12F-KAFKA-001,cpf-docs/evidence/qa/QA_PARALLEL_12WAY_QA-12F_f97655c/SOURCE_TRACE_MATRIX.csv,재개발 후 contract/fault/runtime 재검수
CPF-FR-014165,05-00014165,Kafka,Acknowledgement,계약,미통과,아니오,QA12F-KAFKA-001,cpf-docs/evidence/qa/QA_PARALLEL_12WAY_QA-12F_f97655c/SOURCE_TRACE_MATRIX.csv,재개발 후 contract/fault/runtime 재검수
CPF-FR-014166,05-00014166,Kafka,Acknowledgement,기본 구현,미통과,아니오,QA12F-KAFKA-001,cpf-docs/evidence/qa/QA_PARALLEL_12WAY_QA-12F_f97655c/SOURCE_TRACE_MATRIX.csv,재개발 후 contract/fault/runtime 재검수
CPF-FR-014167,05-00014167,Kafka,Acknowledgement,상태·데이터,미통과,아니오,QA12F-KAFKA-001,cpf-docs/evidence/qa/QA_PARALLEL_12WAY_QA-12F_f97655c/SOURCE_TRACE_MATRIX.csv,재개발 후 contract/fault/runtime 재검수
CPF-FR-014168,05-00014168,Kafka,Acknowledgement,보안·권한,미통과,아니오,QA12F-KAFKA-001,cpf-docs/evidence/qa/QA_PARALLEL_12WAY_QA-12F_f97655c/SOURCE_TRACE_MATRIX.csv,재개발 후 contract/fault/runtime 재검수
CPF-FR-014169,05-00014169,Kafka,Acknowledgement,운영,미통과,아니오,QA12F-KAFKA-001,cpf-docs/evidence/qa/QA_PARALLEL_12WAY_QA-12F_f97655c/SOURCE_TRACE_MATRIX.csv,재개발 후 contract/fault/runtime 재검수
CPF-FR-014170,10-00014170,Kafka,Acknowledgement,실패·복구,미통과,아니오,QA12F-KAFKA-001,cpf-docs/evidence/qa/QA_PARALLEL_12WAY_QA-12F_f97655c/SOURCE_TRACE_MATRIX.csv,재개발 후 contract/fault/runtime 재검수
CPF-FR-014171,05-00014171,Kafka,Acknowledgement,호환·배포,미통과,아니오,QA12F-KAFKA-001,cpf-docs/evidence/qa/QA_PARALLEL_12WAY_QA-12F_f97655c/SOURCE_TRACE_MATRIX.csv,재개발 후 contract/fault/runtime 재검수
CPF-FR-014172,10-00014172,Kafka,Acknowledgement,검증·Evidence,미통과,아니오,QA12F-KAFKA-001,cpf-docs/evidence/qa/QA_PARALLEL_12WAY_QA-12F_f97655c/SOURCE_TRACE_MATRIX.csv,재개발 후 contract/fault/runtime 재검수
CPF-FR-014173,05-00014173,Kafka,Redelivery,계약,미통과,아니오,QA12F-KAFKA-001,cpf-docs/evidence/qa/QA_PARALLEL_12WAY_QA-12F_f97655c/SOURCE_TRACE_MATRIX.csv,재개발 후 contract/fault/runtime 재검수
CPF-FR-014174,05-00014174,Kafka,Redelivery,기본 구현,미통과,아니오,QA12F-KAFKA-001,cpf-docs/evidence/qa/QA_PARALLEL_12WAY_QA-12F_f97655c/SOURCE_TRACE_MATRIX.csv,재개발 후 contract/fault/runtime 재검수
CPF-FR-014175,05-00014175,Kafka,Redelivery,상태·데이터,미통과,아니오,QA12F-KAFKA-001,cpf-docs/evidence/qa/QA_PARALLEL_12WAY_QA-12F_f97655c/SOURCE_TRACE_MATRIX.csv,재개발 후 contract/fault/runtime 재검수
CPF-FR-014176,05-00014176,Kafka,Redelivery,보안·권한,미통과,아니오,QA12F-KAFKA-001,cpf-docs/evidence/qa/QA_PARALLEL_12WAY_QA-12F_f97655c/SOURCE_TRACE_MATRIX.csv,재개발 후 contract/fault/runtime 재검수
CPF-FR-014177,05-00014177,Kafka,Redelivery,운영,미통과,아니오,QA12F-KAFKA-001,cpf-docs/evidence/qa/QA_PARALLEL_12WAY_QA-12F_f97655c/SOURCE_TRACE_MATRIX.csv,재개발 후 contract/fault/runtime 재검수
CPF-FR-014178,10-00014178,Kafka,Redelivery,실패·복구,미통과,아니오,QA12F-KAFKA-001,cpf-docs/evidence/qa/QA_PARALLEL_12WAY_QA-12F_f97655c/SOURCE_TRACE_MATRIX.csv,재개발 후 contract/fault/runtime 재검수
CPF-FR-014179,05-00014179,Kafka,Redelivery,호환·배포,미통과,아니오,QA12F-KAFKA-001,cpf-docs/evidence/qa/QA_PARALLEL_12WAY_QA-12F_f97655c/SOURCE_TRACE_MATRIX.csv,재개발 후 contract/fault/runtime 재검수
CPF-FR-014180,10-00014180,Kafka,Redelivery,검증·Evidence,미통과,아니오,QA12F-KAFKA-001,cpf-docs/evidence/qa/QA_PARALLEL_12WAY_QA-12F_f97655c/SOURCE_TRACE_MATRIX.csv,재개발 후 contract/fault/runtime 재검수
CPF-FR-014181,05-00014181,Kafka,Duplicate Handling,계약,미통과,아니오,QA12F-KAFKA-001,cpf-docs/evidence/qa/QA_PARALLEL_12WAY_QA-12F_f97655c/SOURCE_TRACE_MATRIX.csv,재개발 후 contract/fault/runtime 재검수
CPF-FR-014182,05-00014182,Kafka,Duplicate Handling,기본 구현,미통과,아니오,QA12F-KAFKA-001,cpf-docs/evidence/qa/QA_PARALLEL_12WAY_QA-12F_f97655c/SOURCE_TRACE_MATRIX.csv,재개발 후 contract/fault/runtime 재검수
CPF-FR-014183,05-00014183,Kafka,Duplicate Handling,상태·데이터,미통과,아니오,QA12F-KAFKA-001,cpf-docs/evidence/qa/QA_PARALLEL_12WAY_QA-12F_f97655c/SOURCE_TRACE_MATRIX.csv,재개발 후 contract/fault/runtime 재검수
CPF-FR-014184,05-00014184,Kafka,Duplicate Handling,보안·권한,미통과,아니오,QA12F-KAFKA-001,cpf-docs/evidence/qa/QA_PARALLEL_12WAY_QA-12F_f97655c/SOURCE_TRACE_MATRIX.csv,재개발 후 contract/fault/runtime 재검수
CPF-FR-014185,05-00014185,Kafka,Duplicate Handling,운영,미통과,아니오,QA12F-KAFKA-001,cpf-docs/evidence/qa/QA_PARALLEL_12WAY_QA-12F_f97655c/SOURCE_TRACE_MATRIX.csv,재개발 후 contract/fault/runtime 재검수
CPF-FR-014186,10-00014186,Kafka,Duplicate Handling,실패·복구,미통과,아니오,QA12F-KAFKA-001,cpf-docs/evidence/qa/QA_PARALLEL_12WAY_QA-12F_f97655c/SOURCE_TRACE_MATRIX.csv,재개발 후 contract/fault/runtime 재검수
CPF-FR-014187,05-00014187,Kafka,Duplicate Handling,호환·배포,미통과,아니오,QA12F-KAFKA-001,cpf-docs/evidence/qa/QA_PARALLEL_12WAY_QA-12F_f97655c/SOURCE_TRACE_MATRIX.csv,재개발 후 contract/fault/runtime 재검수
CPF-FR-014188,10-00014188,Kafka,Duplicate Handling,검증·Evidence,미통과,아니오,QA12F-KAFKA-001,cpf-docs/evidence/qa/QA_PARALLEL_12WAY_QA-12F_f97655c/SOURCE_TRACE_MATRIX.csv,재개발 후 contract/fault/runtime 재검수
CPF-FR-014189,05-00014189,Kafka,Ordering,계약,미통과,아니오,QA12F-KAFKA-001,cpf-docs/evidence/qa/QA_PARALLEL_12WAY_QA-12F_f97655c/SOURCE_TRACE_MATRIX.csv,재개발 후 contract/fault/runtime 재검수
CPF-FR-014190,05-00014190,Kafka,Ordering,기본 구현,미통과,아니오,QA12F-KAFKA-001,cpf-docs/evidence/qa/QA_PARALLEL_12WAY_QA-12F_f97655c/SOURCE_TRACE_MATRIX.csv,재개발 후 contract/fault/runtime 재검수
CPF-FR-014191,05-00014191,Kafka,Ordering,상태·데이터,미통과,아니오,QA12F-KAFKA-001,cpf-docs/evidence/qa/QA_PARALLEL_12WAY_QA-12F_f97655c/SOURCE_TRACE_MATRIX.csv,재개발 후 contract/fault/runtime 재검수
CPF-FR-014192,05-00014192,Kafka,Ordering,보안·권한,미통과,아니오,QA12F-KAFKA-001,cpf-docs/evidence/qa/QA_PARALLEL_12WAY_QA-12F_f97655c/SOURCE_TRACE_MATRIX.csv,재개발 후 contract/fault/runtime 재검수
CPF-FR-014193,05-00014193,Kafka,Ordering,운영,미통과,아니오,QA12F-KAFKA-001,cpf-docs/evidence/qa/QA_PARALLEL_12WAY_QA-12F_f97655c/SOURCE_TRACE_MATRIX.csv,재개발 후 contract/fault/runtime 재검수
CPF-FR-014194,10-00014194,Kafka,Ordering,실패·복구,미통과,아니오,QA12F-KAFKA-001,cpf-docs/evidence/qa/QA_PARALLEL_12WAY_QA-12F_f97655c/SOURCE_TRACE_MATRIX.csv,재개발 후 contract/fault/runtime 재검수
CPF-FR-014195,05-00014195,Kafka,Ordering,호환·배포,미통과,아니오,QA12F-KAFKA-001,cpf-docs/evidence/qa/QA_PARALLEL_12WAY_QA-12F_f97655c/SOURCE_TRACE_MATRIX.csv,재개발 후 contract/fault/runtime 재검수
CPF-FR-014196,10-00014196,Kafka,Ordering,검증·Evidence,미통과,아니오,QA12F-KAFKA-001,cpf-docs/evidence/qa/QA_PARALLEL_12WAY_QA-12F_f97655c/SOURCE_TRACE_MATRIX.csv,재개발 후 contract/fault/runtime 재검수
CPF-FR-014197,05-00014197,Kafka,Backpressure,계약,미통과,아니오,QA12F-KAFKA-001,cpf-docs/evidence/qa/QA_PARALLEL_12WAY_QA-12F_f97655c/SOURCE_TRACE_MATRIX.csv,재개발 후 contract/fault/runtime 재검수
CPF-FR-014198,05-00014198,Kafka,Backpressure,기본 구현,미통과,아니오,QA12F-KAFKA-001,cpf-docs/evidence/qa/QA_PARALLEL_12WAY_QA-12F_f97655c/SOURCE_TRACE_MATRIX.csv,재개발 후 contract/fault/runtime 재검수
CPF-FR-014199,05-00014199,Kafka,Backpressure,상태·데이터,미통과,아니오,QA12F-KAFKA-001,cpf-docs/evidence/qa/QA_PARALLEL_12WAY_QA-12F_f97655c/SOURCE_TRACE_MATRIX.csv,재개발 후 contract/fault/runtime 재검수
CPF-FR-014200,05-00014200,Kafka,Backpressure,보안·권한,미통과,아니오,QA12F-KAFKA-001,cpf-docs/evidence/qa/QA_PARALLEL_12WAY_QA-12F_f97655c/SOURCE_TRACE_MATRIX.csv,재개발 후 contract/fault/runtime 재검수
CPF-FR-014201,05-00014201,Kafka,Backpressure,운영,미통과,아니오,QA12F-KAFKA-001,cpf-docs/evidence/qa/QA_PARALLEL_12WAY_QA-12F_f97655c/SOURCE_TRACE_MATRIX.csv,재개발 후 contract/fault/runtime 재검수
CPF-FR-014202,10-00014202,Kafka,Backpressure,실패·복구,미통과,아니오,QA12F-KAFKA-001,cpf-docs/evidence/qa/QA_PARALLEL_12WAY_QA-12F_f97655c/SOURCE_TRACE_MATRIX.csv,재개발 후 contract/fault/runtime 재검수
CPF-FR-014203,05-00014203,Kafka,Backpressure,호환·배포,미통과,아니오,QA12F-KAFKA-001,cpf-docs/evidence/qa/QA_PARALLEL_12WAY_QA-12F_f97655c/SOURCE_TRACE_MATRIX.csv,재개발 후 contract/fault/runtime 재검수
CPF-FR-014204,10-00014204,Kafka,Backpressure,검증·Evidence,미통과,아니오,QA12F-KAFKA-001,cpf-docs/evidence/qa/QA_PARALLEL_12WAY_QA-12F_f97655c/SOURCE_TRACE_MATRIX.csv,재개발 후 contract/fault/runtime 재검수
CPF-FR-014205,05-00014205,Kafka,Health,계약,미통과,아니오,QA12F-KAFKA-001,cpf-docs/evidence/qa/QA_PARALLEL_12WAY_QA-12F_f97655c/SOURCE_TRACE_MATRIX.csv,재개발 후 contract/fault/runtime 재검수
CPF-FR-014206,05-00014206,Kafka,Health,기본 구현,미통과,아니오,QA12F-KAFKA-001,cpf-docs/evidence/qa/QA_PARALLEL_12WAY_QA-12F_f97655c/SOURCE_TRACE_MATRIX.csv,재개발 후 contract/fault/runtime 재검수
CPF-FR-014207,05-00014207,Kafka,Health,상태·데이터,미통과,아니오,QA12F-KAFKA-001,cpf-docs/evidence/qa/QA_PARALLEL_12WAY_QA-12F_f97655c/SOURCE_TRACE_MATRIX.csv,재개발 후 contract/fault/runtime 재검수
CPF-FR-014208,05-00014208,Kafka,Health,보안·권한,미통과,아니오,QA12F-KAFKA-001,cpf-docs/evidence/qa/QA_PARALLEL_12WAY_QA-12F_f97655c/SOURCE_TRACE_MATRIX.csv,재개발 후 contract/fault/runtime 재검수
CPF-FR-014209,05-00014209,Kafka,Health,운영,미통과,아니오,QA12F-KAFKA-001,cpf-docs/evidence/qa/QA_PARALLEL_12WAY_QA-12F_f97655c/SOURCE_TRACE_MATRIX.csv,재개발 후 contract/fault/runtime 재검수
CPF-FR-014210,10-00014210,Kafka,Health,실패·복구,미통과,아니오,QA12F-KAFKA-001,cpf-docs/evidence/qa/QA_PARALLEL_12WAY_QA-12F_f97655c/SOURCE_TRACE_MATRIX.csv,재개발 후 contract/fault/runtime 재검수
CPF-FR-014211,05-00014211,Kafka,Health,호환·배포,미통과,아니오,QA12F-KAFKA-001,cpf-docs/evidence/qa/QA_PARALLEL_12WAY_QA-12F_f97655c/SOURCE_TRACE_MATRIX.csv,재개발 후 contract/fault/runtime 재검수
CPF-FR-014212,10-00014212,Kafka,Health,검증·Evidence,미통과,아니오,QA12F-KAFKA-001,cpf-docs/evidence/qa/QA_PARALLEL_12WAY_QA-12F_f97655c/SOURCE_TRACE_MATRIX.csv,재개발 후 contract/fault/runtime 재검수
CPF-FR-014213,05-00014213,Kafka,Reconnect,계약,미통과,아니오,QA12F-KAFKA-001,cpf-docs/evidence/qa/QA_PARALLEL_12WAY_QA-12F_f97655c/SOURCE_TRACE_MATRIX.csv,재개발 후 contract/fault/runtime 재검수
CPF-FR-014214,05-00014214,Kafka,Reconnect,기본 구현,미통과,아니오,QA12F-KAFKA-001,cpf-docs/evidence/qa/QA_PARALLEL_12WAY_QA-12F_f97655c/SOURCE_TRACE_MATRIX.csv,재개발 후 contract/fault/runtime 재검수
CPF-FR-014215,05-00014215,Kafka,Reconnect,상태·데이터,미통과,아니오,QA12F-KAFKA-001,cpf-docs/evidence/qa/QA_PARALLEL_12WAY_QA-12F_f97655c/SOURCE_TRACE_MATRIX.csv,재개발 후 contract/fault/runtime 재검수
CPF-FR-014216,05-00014216,Kafka,Reconnect,보안·권한,미통과,아니오,QA12F-KAFKA-001,cpf-docs/evidence/qa/QA_PARALLEL_12WAY_QA-12F_f97655c/SOURCE_TRACE_MATRIX.csv,재개발 후 contract/fault/runtime 재검수
CPF-FR-014217,05-00014217,Kafka,Reconnect,운영,미통과,아니오,QA12F-KAFKA-001,cpf-docs/evidence/qa/QA_PARALLEL_12WAY_QA-12F_f97655c/SOURCE_TRACE_MATRIX.csv,재개발 후 contract/fault/runtime 재검수
CPF-FR-014218,10-00014218,Kafka,Reconnect,실패·복구,미통과,아니오,QA12F-KAFKA-001,cpf-docs/evidence/qa/QA_PARALLEL_12WAY_QA-12F_f97655c/SOURCE_TRACE_MATRIX.csv,재개발 후 contract/fault/runtime 재검수
CPF-FR-014219,05-00014219,Kafka,Reconnect,호환·배포,미통과,아니오,QA12F-KAFKA-001,cpf-docs/evidence/qa/QA_PARALLEL_12WAY_QA-12F_f97655c/SOURCE_TRACE_MATRIX.csv,재개발 후 contract/fault/runtime 재검수
CPF-FR-014220,10-00014220,Kafka,Reconnect,검증·Evidence,미통과,아니오,QA12F-KAFKA-001,cpf-docs/evidence/qa/QA_PARALLEL_12WAY_QA-12F_f97655c/SOURCE_TRACE_MATRIX.csv,재개발 후 contract/fault/runtime 재검수
CPF-FR-014221,05-00014221,Kafka,Provider Error Mapping,계약,미검증,아니오,QA12F-KAFKA-001,cpf-docs/evidence/qa/QA_PARALLEL_12WAY_QA-12F_f97655c/SOURCE_TRACE_MATRIX.csv,목표 환경 또는 동등 Harness 실행
CPF-FR-014222,05-00014222,Kafka,Provider Error Mapping,기본 구현,미검증,아니오,QA12F-KAFKA-001,cpf-docs/evidence/qa/QA_PARALLEL_12WAY_QA-12F_f97655c/SOURCE_TRACE_MATRIX.csv,목표 환경 또는 동등 Harness 실행
CPF-FR-014223,05-00014223,Kafka,Provider Error Mapping,상태·데이터,미검증,아니오,QA12F-KAFKA-001,cpf-docs/evidence/qa/QA_PARALLEL_12WAY_QA-12F_f97655c/SOURCE_TRACE_MATRIX.csv,목표 환경 또는 동등 Harness 실행
CPF-FR-014224,05-00014224,Kafka,Provider Error Mapping,보안·권한,미검증,아니오,QA12F-KAFKA-001,cpf-docs/evidence/qa/QA_PARALLEL_12WAY_QA-12F_f97655c/SOURCE_TRACE_MATRIX.csv,목표 환경 또는 동등 Harness 실행
CPF-FR-014225,05-00014225,Kafka,Provider Error Mapping,운영,미검증,아니오,QA12F-KAFKA-001,cpf-docs/evidence/qa/QA_PARALLEL_12WAY_QA-12F_f97655c/SOURCE_TRACE_MATRIX.csv,목표 환경 또는 동등 Harness 실행
CPF-FR-014226,10-00014226,Kafka,Provider Error Mapping,실패·복구,미검증,아니오,QA12F-KAFKA-001,cpf-docs/evidence/qa/QA_PARALLEL_12WAY_QA-12F_f97655c/SOURCE_TRACE_MATRIX.csv,목표 환경 또는 동등 Harness 실행
CPF-FR-014227,05-00014227,Kafka,Provider Error Mapping,호환·배포,미검증,아니오,QA12F-KAFKA-001,cpf-docs/evidence/qa/QA_PARALLEL_12WAY_QA-12F_f97655c/SOURCE_TRACE_MATRIX.csv,목표 환경 또는 동등 Harness 실행
CPF-FR-014228,10-00014228,Kafka,Provider Error Mapping,검증·Evidence,미검증,아니오,QA12F-KAFKA-001,cpf-docs/evidence/qa/QA_PARALLEL_12WAY_QA-12F_f97655c/SOURCE_TRACE_MATRIX.csv,목표 환경 또는 동등 Harness 실행
CPF-FR-014229,05-00014229,Kafka,Metrics,계약,미통과,아니오,QA12F-KAFKA-001,cpf-docs/evidence/qa/QA_PARALLEL_12WAY_QA-12F_f97655c/SOURCE_TRACE_MATRIX.csv,재개발 후 contract/fault/runtime 재검수
CPF-FR-014230,05-00014230,Kafka,Metrics,기본 구현,미통과,아니오,QA12F-KAFKA-001,cpf-docs/evidence/qa/QA_PARALLEL_12WAY_QA-12F_f97655c/SOURCE_TRACE_MATRIX.csv,재개발 후 contract/fault/runtime 재검수
CPF-FR-014231,05-00014231,Kafka,Metrics,상태·데이터,미통과,아니오,QA12F-KAFKA-001,cpf-docs/evidence/qa/QA_PARALLEL_12WAY_QA-12F_f97655c/SOURCE_TRACE_MATRIX.csv,재개발 후 contract/fault/runtime 재검수
CPF-FR-014232,05-00014232,Kafka,Metrics,보안·권한,미통과,아니오,QA12F-KAFKA-001,cpf-docs/evidence/qa/QA_PARALLEL_12WAY_QA-12F_f97655c/SOURCE_TRACE_MATRIX.csv,재개발 후 contract/fault/runtime 재검수
CPF-FR-014233,05-00014233,Kafka,Metrics,운영,미통과,아니오,QA12F-KAFKA-001,cpf-docs/evidence/qa/QA_PARALLEL_12WAY_QA-12F_f97655c/SOURCE_TRACE_MATRIX.csv,재개발 후 contract/fault/runtime 재검수
CPF-FR-014234,10-00014234,Kafka,Metrics,실패·복구,미통과,아니오,QA12F-KAFKA-001,cpf-docs/evidence/qa/QA_PARALLEL_12WAY_QA-12F_f97655c/SOURCE_TRACE_MATRIX.csv,재개발 후 contract/fault/runtime 재검수
CPF-FR-014235,05-00014235,Kafka,Metrics,호환·배포,미통과,아니오,QA12F-KAFKA-001,cpf-docs/evidence/qa/QA_PARALLEL_12WAY_QA-12F_f97655c/SOURCE_TRACE_MATRIX.csv,재개발 후 contract/fault/runtime 재검수
CPF-FR-014236,10-00014236,Kafka,Metrics,검증·Evidence,미통과,아니오,QA12F-KAFKA-001,cpf-docs/evidence/qa/QA_PARALLEL_12WAY_QA-12F_f97655c/SOURCE_TRACE_MATRIX.csv,재개발 후 contract/fault/runtime 재검수
CPF-FR-014237,05-00014237,Kafka,Operations Status,계약,미통과,아니오,QA12F-KAFKA-001,cpf-docs/evidence/qa/QA_PARALLEL_12WAY_QA-12F_f97655c/SOURCE_TRACE_MATRIX.csv,재개발 후 contract/fault/runtime 재검수
CPF-FR-014238,05-00014238,Kafka,Operations Status,기본 구현,미통과,아니오,QA12F-KAFKA-001,cpf-docs/evidence/qa/QA_PARALLEL_12WAY_QA-12F_f97655c/SOURCE_TRACE_MATRIX.csv,재개발 후 contract/fault/runtime 재검수
CPF-FR-014239,05-00014239,Kafka,Operations Status,상태·데이터,미통과,아니오,QA12F-KAFKA-001,cpf-docs/evidence/qa/QA_PARALLEL_12WAY_QA-12F_f97655c/SOURCE_TRACE_MATRIX.csv,재개발 후 contract/fault/runtime 재검수
CPF-FR-014240,05-00014240,Kafka,Operations Status,보안·권한,미통과,아니오,QA12F-KAFKA-001,cpf-docs/evidence/qa/QA_PARALLEL_12WAY_QA-12F_f97655c/SOURCE_TRACE_MATRIX.csv,재개발 후 contract/fault/runtime 재검수
CPF-FR-014241,05-00014241,Kafka,Operations Status,운영,미통과,아니오,QA12F-KAFKA-001,cpf-docs/evidence/qa/QA_PARALLEL_12WAY_QA-12F_f97655c/SOURCE_TRACE_MATRIX.csv,재개발 후 contract/fault/runtime 재검수
CPF-FR-014242,10-00014242,Kafka,Operations Status,실패·복구,미통과,아니오,QA12F-KAFKA-001,cpf-docs/evidence/qa/QA_PARALLEL_12WAY_QA-12F_f97655c/SOURCE_TRACE_MATRIX.csv,재개발 후 contract/fault/runtime 재검수
CPF-FR-014243,05-00014243,Kafka,Operations Status,호환·배포,미통과,아니오,QA12F-KAFKA-001,cpf-docs/evidence/qa/QA_PARALLEL_12WAY_QA-12F_f97655c/SOURCE_TRACE_MATRIX.csv,재개발 후 contract/fault/runtime 재검수
CPF-FR-014244,10-00014244,Kafka,Operations Status,검증·Evidence,미통과,아니오,QA12F-KAFKA-001,cpf-docs/evidence/qa/QA_PARALLEL_12WAY_QA-12F_f97655c/SOURCE_TRACE_MATRIX.csv,재개발 후 contract/fault/runtime 재검수
CPF-FR-014245,05-00014245,RabbitMQ AMQP,Connection Configuration,계약,미검증,아니오,QA12F-RABBIT-001,cpf-docs/evidence/qa/QA_PARALLEL_12WAY_QA-12F_f97655c/SOURCE_TRACE_MATRIX.csv,목표 환경 또는 동등 Harness 실행
CPF-FR-014246,05-00014246,RabbitMQ AMQP,Connection Configuration,기본 구현,미검증,아니오,QA12F-RABBIT-001,cpf-docs/evidence/qa/QA_PARALLEL_12WAY_QA-12F_f97655c/SOURCE_TRACE_MATRIX.csv,목표 환경 또는 동등 Harness 실행
CPF-FR-014247,05-00014247,RabbitMQ AMQP,Connection Configuration,상태·데이터,미검증,아니오,QA12F-RABBIT-001,cpf-docs/evidence/qa/QA_PARALLEL_12WAY_QA-12F_f97655c/SOURCE_TRACE_MATRIX.csv,목표 환경 또는 동등 Harness 실행
CPF-FR-014248,05-00014248,RabbitMQ AMQP,Connection Configuration,보안·권한,미검증,아니오,QA12F-RABBIT-001,cpf-docs/evidence/qa/QA_PARALLEL_12WAY_QA-12F_f97655c/SOURCE_TRACE_MATRIX.csv,목표 환경 또는 동등 Harness 실행
CPF-FR-014249,05-00014249,RabbitMQ AMQP,Connection Configuration,운영,미검증,아니오,QA12F-RABBIT-001,cpf-docs/evidence/qa/QA_PARALLEL_12WAY_QA-12F_f97655c/SOURCE_TRACE_MATRIX.csv,목표 환경 또는 동등 Harness 실행
CPF-FR-014250,10-00014250,RabbitMQ AMQP,Connection Configuration,실패·복구,미검증,아니오,QA12F-RABBIT-001,cpf-docs/evidence/qa/QA_PARALLEL_12WAY_QA-12F_f97655c/SOURCE_TRACE_MATRIX.csv,목표 환경 또는 동등 Harness 실행
CPF-FR-014251,05-00014251,RabbitMQ AMQP,Connection Configuration,호환·배포,미검증,아니오,QA12F-RABBIT-001,cpf-docs/evidence/qa/QA_PARALLEL_12WAY_QA-12F_f97655c/SOURCE_TRACE_MATRIX.csv,목표 환경 또는 동등 Harness 실행
CPF-FR-014252,10-00014252,RabbitMQ AMQP,Connection Configuration,검증·Evidence,미검증,아니오,QA12F-RABBIT-001,cpf-docs/evidence/qa/QA_PARALLEL_12WAY_QA-12F_f97655c/SOURCE_TRACE_MATRIX.csv,목표 환경 또는 동등 Harness 실행
CPF-FR-014253,05-00014253,RabbitMQ AMQP,TLS / Credential,계약,미검증,아니오,QA12F-RABBIT-001,cpf-docs/evidence/qa/QA_PARALLEL_12WAY_QA-12F_f97655c/SOURCE_TRACE_MATRIX.csv,목표 환경 또는 동등 Harness 실행
CPF-FR-014254,05-00014254,RabbitMQ AMQP,TLS / Credential,기본 구현,미검증,아니오,QA12F-RABBIT-001,cpf-docs/evidence/qa/QA_PARALLEL_12WAY_QA-12F_f97655c/SOURCE_TRACE_MATRIX.csv,목표 환경 또는 동등 Harness 실행
CPF-FR-014255,05-00014255,RabbitMQ AMQP,TLS / Credential,상태·데이터,미검증,아니오,QA12F-RABBIT-001,cpf-docs/evidence/qa/QA_PARALLEL_12WAY_QA-12F_f97655c/SOURCE_TRACE_MATRIX.csv,목표 환경 또는 동등 Harness 실행
CPF-FR-014256,05-00014256,RabbitMQ AMQP,TLS / Credential,보안·권한,미검증,아니오,QA12F-RABBIT-001,cpf-docs/evidence/qa/QA_PARALLEL_12WAY_QA-12F_f97655c/SOURCE_TRACE_MATRIX.csv,목표 환경 또는 동등 Harness 실행
CPF-FR-014257,05-00014257,RabbitMQ AMQP,TLS / Credential,운영,미검증,아니오,QA12F-RABBIT-001,cpf-docs/evidence/qa/QA_PARALLEL_12WAY_QA-12F_f97655c/SOURCE_TRACE_MATRIX.csv,목표 환경 또는 동등 Harness 실행
CPF-FR-014258,10-00014258,RabbitMQ AMQP,TLS / Credential,실패·복구,미검증,아니오,QA12F-RABBIT-001,cpf-docs/evidence/qa/QA_PARALLEL_12WAY_QA-12F_f97655c/SOURCE_TRACE_MATRIX.csv,목표 환경 또는 동등 Harness 실행
CPF-FR-014259,05-00014259,RabbitMQ AMQP,TLS / Credential,호환·배포,미검증,아니오,QA12F-RABBIT-001,cpf-docs/evidence/qa/QA_PARALLEL_12WAY_QA-12F_f97655c/SOURCE_TRACE_MATRIX.csv,목표 환경 또는 동등 Harness 실행
CPF-FR-014260,10-00014260,RabbitMQ AMQP,TLS / Credential,검증·Evidence,미검증,아니오,QA12F-RABBIT-001,cpf-docs/evidence/qa/QA_PARALLEL_12WAY_QA-12F_f97655c/SOURCE_TRACE_MATRIX.csv,목표 환경 또는 동등 Harness 실행
CPF-FR-014261,05-00014261,RabbitMQ AMQP,Destination Provisioning,계약,미검증,아니오,QA12F-RABBIT-001,cpf-docs/evidence/qa/QA_PARALLEL_12WAY_QA-12F_f97655c/SOURCE_TRACE_MATRIX.csv,목표 환경 또는 동등 Harness 실행
CPF-FR-014262,05-00014262,RabbitMQ AMQP,Destination Provisioning,기본 구현,미검증,아니오,QA12F-RABBIT-001,cpf-docs/evidence/qa/QA_PARALLEL_12WAY_QA-12F_f97655c/SOURCE_TRACE_MATRIX.csv,목표 환경 또는 동등 Harness 실행
CPF-FR-014263,05-00014263,RabbitMQ AMQP,Destination Provisioning,상태·데이터,미검증,아니오,QA12F-RABBIT-001,cpf-docs/evidence/qa/QA_PARALLEL_12WAY_QA-12F_f97655c/SOURCE_TRACE_MATRIX.csv,목표 환경 또는 동등 Harness 실행
CPF-FR-014264,05-00014264,RabbitMQ AMQP,Destination Provisioning,보안·권한,미검증,아니오,QA12F-RABBIT-001,cpf-docs/evidence/qa/QA_PARALLEL_12WAY_QA-12F_f97655c/SOURCE_TRACE_MATRIX.csv,목표 환경 또는 동등 Harness 실행
CPF-FR-014265,05-00014265,RabbitMQ AMQP,Destination Provisioning,운영,미검증,아니오,QA12F-RABBIT-001,cpf-docs/evidence/qa/QA_PARALLEL_12WAY_QA-12F_f97655c/SOURCE_TRACE_MATRIX.csv,목표 환경 또는 동등 Harness 실행
CPF-FR-014266,10-00014266,RabbitMQ AMQP,Destination Provisioning,실패·복구,미검증,아니오,QA12F-RABBIT-001,cpf-docs/evidence/qa/QA_PARALLEL_12WAY_QA-12F_f97655c/SOURCE_TRACE_MATRIX.csv,목표 환경 또는 동등 Harness 실행
CPF-FR-014267,05-00014267,RabbitMQ AMQP,Destination Provisioning,호환·배포,미검증,아니오,QA12F-RABBIT-001,cpf-docs/evidence/qa/QA_PARALLEL_12WAY_QA-12F_f97655c/SOURCE_TRACE_MATRIX.csv,목표 환경 또는 동등 Harness 실행
CPF-FR-014268,10-00014268,RabbitMQ AMQP,Destination Provisioning,검증·Evidence,미검증,아니오,QA12F-RABBIT-001,cpf-docs/evidence/qa/QA_PARALLEL_12WAY_QA-12F_f97655c/SOURCE_TRACE_MATRIX.csv,목표 환경 또는 동등 Harness 실행
CPF-FR-014269,05-00014269,RabbitMQ AMQP,Producer,계약,미검증,아니오,QA12F-RABBIT-001,cpf-docs/evidence/qa/QA_PARALLEL_12WAY_QA-12F_f97655c/SOURCE_TRACE_MATRIX.csv,목표 환경 또는 동등 Harness 실행
CPF-FR-014270,05-00014270,RabbitMQ AMQP,Producer,기본 구현,미검증,아니오,QA12F-RABBIT-001,cpf-docs/evidence/qa/QA_PARALLEL_12WAY_QA-12F_f97655c/SOURCE_TRACE_MATRIX.csv,목표 환경 또는 동등 Harness 실행
CPF-FR-014271,05-00014271,RabbitMQ AMQP,Producer,상태·데이터,미검증,아니오,QA12F-RABBIT-001,cpf-docs/evidence/qa/QA_PARALLEL_12WAY_QA-12F_f97655c/SOURCE_TRACE_MATRIX.csv,목표 환경 또는 동등 Harness 실행
CPF-FR-014272,05-00014272,RabbitMQ AMQP,Producer,보안·권한,미검증,아니오,QA12F-RABBIT-001,cpf-docs/evidence/qa/QA_PARALLEL_12WAY_QA-12F_f97655c/SOURCE_TRACE_MATRIX.csv,목표 환경 또는 동등 Harness 실행
CPF-FR-014273,05-00014273,RabbitMQ AMQP,Producer,운영,미검증,아니오,QA12F-RABBIT-001,cpf-docs/evidence/qa/QA_PARALLEL_12WAY_QA-12F_f97655c/SOURCE_TRACE_MATRIX.csv,목표 환경 또는 동등 Harness 실행
CPF-FR-014274,10-00014274,RabbitMQ AMQP,Producer,실패·복구,미검증,아니오,QA12F-RABBIT-001,cpf-docs/evidence/qa/QA_PARALLEL_12WAY_QA-12F_f97655c/SOURCE_TRACE_MATRIX.csv,목표 환경 또는 동등 Harness 실행
CPF-FR-014275,05-00014275,RabbitMQ AMQP,Producer,호환·배포,미검증,아니오,QA12F-RABBIT-001,cpf-docs/evidence/qa/QA_PARALLEL_12WAY_QA-12F_f97655c/SOURCE_TRACE_MATRIX.csv,목표 환경 또는 동등 Harness 실행
CPF-FR-014276,10-00014276,RabbitMQ AMQP,Producer,검증·Evidence,미검증,아니오,QA12F-RABBIT-001,cpf-docs/evidence/qa/QA_PARALLEL_12WAY_QA-12F_f97655c/SOURCE_TRACE_MATRIX.csv,목표 환경 또는 동등 Harness 실행
CPF-FR-014277,05-00014277,RabbitMQ AMQP,Consumer,계약,미통과,아니오,QA12F-RABBIT-001,cpf-docs/evidence/qa/QA_PARALLEL_12WAY_QA-12F_f97655c/SOURCE_TRACE_MATRIX.csv,재개발 후 contract/fault/runtime 재검수
CPF-FR-014278,05-00014278,RabbitMQ AMQP,Consumer,기본 구현,미통과,아니오,QA12F-RABBIT-001,cpf-docs/evidence/qa/QA_PARALLEL_12WAY_QA-12F_f97655c/SOURCE_TRACE_MATRIX.csv,재개발 후 contract/fault/runtime 재검수
CPF-FR-014279,05-00014279,RabbitMQ AMQP,Consumer,상태·데이터,미통과,아니오,QA12F-RABBIT-001,cpf-docs/evidence/qa/QA_PARALLEL_12WAY_QA-12F_f97655c/SOURCE_TRACE_MATRIX.csv,재개발 후 contract/fault/runtime 재검수
CPF-FR-014280,05-00014280,RabbitMQ AMQP,Consumer,보안·권한,미통과,아니오,QA12F-RABBIT-001,cpf-docs/evidence/qa/QA_PARALLEL_12WAY_QA-12F_f97655c/SOURCE_TRACE_MATRIX.csv,재개발 후 contract/fault/runtime 재검수
CPF-FR-014281,05-00014281,RabbitMQ AMQP,Consumer,운영,미통과,아니오,QA12F-RABBIT-001,cpf-docs/evidence/qa/QA_PARALLEL_12WAY_QA-12F_f97655c/SOURCE_TRACE_MATRIX.csv,재개발 후 contract/fault/runtime 재검수
CPF-FR-014282,10-00014282,RabbitMQ AMQP,Consumer,실패·복구,미통과,아니오,QA12F-RABBIT-001,cpf-docs/evidence/qa/QA_PARALLEL_12WAY_QA-12F_f97655c/SOURCE_TRACE_MATRIX.csv,재개발 후 contract/fault/runtime 재검수
CPF-FR-014283,05-00014283,RabbitMQ AMQP,Consumer,호환·배포,미통과,아니오,QA12F-RABBIT-001,cpf-docs/evidence/qa/QA_PARALLEL_12WAY_QA-12F_f97655c/SOURCE_TRACE_MATRIX.csv,재개발 후 contract/fault/runtime 재검수
CPF-FR-014284,10-00014284,RabbitMQ AMQP,Consumer,검증·Evidence,미통과,아니오,QA12F-RABBIT-001,cpf-docs/evidence/qa/QA_PARALLEL_12WAY_QA-12F_f97655c/SOURCE_TRACE_MATRIX.csv,재개발 후 contract/fault/runtime 재검수
CPF-FR-014285,05-00014285,RabbitMQ AMQP,Transaction,계약,미통과,아니오,QA12F-RABBIT-001,cpf-docs/evidence/qa/QA_PARALLEL_12WAY_QA-12F_f97655c/SOURCE_TRACE_MATRIX.csv,재개발 후 contract/fault/runtime 재검수
CPF-FR-014286,05-00014286,RabbitMQ AMQP,Transaction,기본 구현,미통과,아니오,QA12F-RABBIT-001,cpf-docs/evidence/qa/QA_PARALLEL_12WAY_QA-12F_f97655c/SOURCE_TRACE_MATRIX.csv,재개발 후 contract/fault/runtime 재검수
CPF-FR-014287,05-00014287,RabbitMQ AMQP,Transaction,상태·데이터,미통과,아니오,QA12F-RABBIT-001,cpf-docs/evidence/qa/QA_PARALLEL_12WAY_QA-12F_f97655c/SOURCE_TRACE_MATRIX.csv,재개발 후 contract/fault/runtime 재검수
CPF-FR-014288,05-00014288,RabbitMQ AMQP,Transaction,보안·권한,미통과,아니오,QA12F-RABBIT-001,cpf-docs/evidence/qa/QA_PARALLEL_12WAY_QA-12F_f97655c/SOURCE_TRACE_MATRIX.csv,재개발 후 contract/fault/runtime 재검수
CPF-FR-014289,05-00014289,RabbitMQ AMQP,Transaction,운영,미통과,아니오,QA12F-RABBIT-001,cpf-docs/evidence/qa/QA_PARALLEL_12WAY_QA-12F_f97655c/SOURCE_TRACE_MATRIX.csv,재개발 후 contract/fault/runtime 재검수
CPF-FR-014290,10-00014290,RabbitMQ AMQP,Transaction,실패·복구,미통과,아니오,QA12F-RABBIT-001,cpf-docs/evidence/qa/QA_PARALLEL_12WAY_QA-12F_f97655c/SOURCE_TRACE_MATRIX.csv,재개발 후 contract/fault/runtime 재검수
CPF-FR-014291,05-00014291,RabbitMQ AMQP,Transaction,호환·배포,미통과,아니오,QA12F-RABBIT-001,cpf-docs/evidence/qa/QA_PARALLEL_12WAY_QA-12F_f97655c/SOURCE_TRACE_MATRIX.csv,재개발 후 contract/fault/runtime 재검수
CPF-FR-014292,10-00014292,RabbitMQ AMQP,Transaction,검증·Evidence,미통과,아니오,QA12F-RABBIT-001,cpf-docs/evidence/qa/QA_PARALLEL_12WAY_QA-12F_f97655c/SOURCE_TRACE_MATRIX.csv,재개발 후 contract/fault/runtime 재검수
CPF-FR-014293,05-00014293,RabbitMQ AMQP,Acknowledgement,계약,미통과,아니오,QA12F-RABBIT-001,cpf-docs/evidence/qa/QA_PARALLEL_12WAY_QA-12F_f97655c/SOURCE_TRACE_MATRIX.csv,재개발 후 contract/fault/runtime 재검수
CPF-FR-014294,05-00014294,RabbitMQ AMQP,Acknowledgement,기본 구현,미통과,아니오,QA12F-RABBIT-001,cpf-docs/evidence/qa/QA_PARALLEL_12WAY_QA-12F_f97655c/SOURCE_TRACE_MATRIX.csv,재개발 후 contract/fault/runtime 재검수
CPF-FR-014295,05-00014295,RabbitMQ AMQP,Acknowledgement,상태·데이터,미통과,아니오,QA12F-RABBIT-001,cpf-docs/evidence/qa/QA_PARALLEL_12WAY_QA-12F_f97655c/SOURCE_TRACE_MATRIX.csv,재개발 후 contract/fault/runtime 재검수
CPF-FR-014296,05-00014296,RabbitMQ AMQP,Acknowledgement,보안·권한,미통과,아니오,QA12F-RABBIT-001,cpf-docs/evidence/qa/QA_PARALLEL_12WAY_QA-12F_f97655c/SOURCE_TRACE_MATRIX.csv,재개발 후 contract/fault/runtime 재검수
CPF-FR-014297,05-00014297,RabbitMQ AMQP,Acknowledgement,운영,미통과,아니오,QA12F-RABBIT-001,cpf-docs/evidence/qa/QA_PARALLEL_12WAY_QA-12F_f97655c/SOURCE_TRACE_MATRIX.csv,재개발 후 contract/fault/runtime 재검수
CPF-FR-014298,10-00014298,RabbitMQ AMQP,Acknowledgement,실패·복구,미통과,아니오,QA12F-RABBIT-001,cpf-docs/evidence/qa/QA_PARALLEL_12WAY_QA-12F_f97655c/SOURCE_TRACE_MATRIX.csv,재개발 후 contract/fault/runtime 재검수
CPF-FR-014299,05-00014299,RabbitMQ AMQP,Acknowledgement,호환·배포,미통과,아니오,QA12F-RABBIT-001,cpf-docs/evidence/qa/QA_PARALLEL_12WAY_QA-12F_f97655c/SOURCE_TRACE_MATRIX.csv,재개발 후 contract/fault/runtime 재검수
CPF-FR-014300,10-00014300,RabbitMQ AMQP,Acknowledgement,검증·Evidence,미통과,아니오,QA12F-RABBIT-001,cpf-docs/evidence/qa/QA_PARALLEL_12WAY_QA-12F_f97655c/SOURCE_TRACE_MATRIX.csv,재개발 후 contract/fault/runtime 재검수
CPF-FR-014301,05-00014301,RabbitMQ AMQP,Redelivery,계약,미통과,아니오,QA12F-RABBIT-001,cpf-docs/evidence/qa/QA_PARALLEL_12WAY_QA-12F_f97655c/SOURCE_TRACE_MATRIX.csv,재개발 후 contract/fault/runtime 재검수
CPF-FR-014302,05-00014302,RabbitMQ AMQP,Redelivery,기본 구현,미통과,아니오,QA12F-RABBIT-001,cpf-docs/evidence/qa/QA_PARALLEL_12WAY_QA-12F_f97655c/SOURCE_TRACE_MATRIX.csv,재개발 후 contract/fault/runtime 재검수
CPF-FR-014303,05-00014303,RabbitMQ AMQP,Redelivery,상태·데이터,미통과,아니오,QA12F-RABBIT-001,cpf-docs/evidence/qa/QA_PARALLEL_12WAY_QA-12F_f97655c/SOURCE_TRACE_MATRIX.csv,재개발 후 contract/fault/runtime 재검수
CPF-FR-014304,05-00014304,RabbitMQ AMQP,Redelivery,보안·권한,미통과,아니오,QA12F-RABBIT-001,cpf-docs/evidence/qa/QA_PARALLEL_12WAY_QA-12F_f97655c/SOURCE_TRACE_MATRIX.csv,재개발 후 contract/fault/runtime 재검수
CPF-FR-014305,05-00014305,RabbitMQ AMQP,Redelivery,운영,미통과,아니오,QA12F-RABBIT-001,cpf-docs/evidence/qa/QA_PARALLEL_12WAY_QA-12F_f97655c/SOURCE_TRACE_MATRIX.csv,재개발 후 contract/fault/runtime 재검수
CPF-FR-014306,10-00014306,RabbitMQ AMQP,Redelivery,실패·복구,미통과,아니오,QA12F-RABBIT-001,cpf-docs/evidence/qa/QA_PARALLEL_12WAY_QA-12F_f97655c/SOURCE_TRACE_MATRIX.csv,재개발 후 contract/fault/runtime 재검수
CPF-FR-014307,05-00014307,RabbitMQ AMQP,Redelivery,호환·배포,미통과,아니오,QA12F-RABBIT-001,cpf-docs/evidence/qa/QA_PARALLEL_12WAY_QA-12F_f97655c/SOURCE_TRACE_MATRIX.csv,재개발 후 contract/fault/runtime 재검수
CPF-FR-014308,10-00014308,RabbitMQ AMQP,Redelivery,검증·Evidence,미통과,아니오,QA12F-RABBIT-001,cpf-docs/evidence/qa/QA_PARALLEL_12WAY_QA-12F_f97655c/SOURCE_TRACE_MATRIX.csv,재개발 후 contract/fault/runtime 재검수
CPF-FR-014309,05-00014309,RabbitMQ AMQP,Duplicate Handling,계약,미통과,아니오,QA12F-RABBIT-001,cpf-docs/evidence/qa/QA_PARALLEL_12WAY_QA-12F_f97655c/SOURCE_TRACE_MATRIX.csv,재개발 후 contract/fault/runtime 재검수
CPF-FR-014310,05-00014310,RabbitMQ AMQP,Duplicate Handling,기본 구현,미통과,아니오,QA12F-RABBIT-001,cpf-docs/evidence/qa/QA_PARALLEL_12WAY_QA-12F_f97655c/SOURCE_TRACE_MATRIX.csv,재개발 후 contract/fault/runtime 재검수
CPF-FR-014311,05-00014311,RabbitMQ AMQP,Duplicate Handling,상태·데이터,미통과,아니오,QA12F-RABBIT-001,cpf-docs/evidence/qa/QA_PARALLEL_12WAY_QA-12F_f97655c/SOURCE_TRACE_MATRIX.csv,재개발 후 contract/fault/runtime 재검수
CPF-FR-014312,05-00014312,RabbitMQ AMQP,Duplicate Handling,보안·권한,미통과,아니오,QA12F-RABBIT-001,cpf-docs/evidence/qa/QA_PARALLEL_12WAY_QA-12F_f97655c/SOURCE_TRACE_MATRIX.csv,재개발 후 contract/fault/runtime 재검수
CPF-FR-014313,05-00014313,RabbitMQ AMQP,Duplicate Handling,운영,미통과,아니오,QA12F-RABBIT-001,cpf-docs/evidence/qa/QA_PARALLEL_12WAY_QA-12F_f97655c/SOURCE_TRACE_MATRIX.csv,재개발 후 contract/fault/runtime 재검수
CPF-FR-014314,10-00014314,RabbitMQ AMQP,Duplicate Handling,실패·복구,미통과,아니오,QA12F-RABBIT-001,cpf-docs/evidence/qa/QA_PARALLEL_12WAY_QA-12F_f97655c/SOURCE_TRACE_MATRIX.csv,재개발 후 contract/fault/runtime 재검수
CPF-FR-014315,05-00014315,RabbitMQ AMQP,Duplicate Handling,호환·배포,미통과,아니오,QA12F-RABBIT-001,cpf-docs/evidence/qa/QA_PARALLEL_12WAY_QA-12F_f97655c/SOURCE_TRACE_MATRIX.csv,재개발 후 contract/fault/runtime 재검수
CPF-FR-014316,10-00014316,RabbitMQ AMQP,Duplicate Handling,검증·Evidence,미통과,아니오,QA12F-RABBIT-001,cpf-docs/evidence/qa/QA_PARALLEL_12WAY_QA-12F_f97655c/SOURCE_TRACE_MATRIX.csv,재개발 후 contract/fault/runtime 재검수
CPF-FR-014317,05-00014317,RabbitMQ AMQP,Ordering,계약,미통과,아니오,QA12F-RABBIT-001,cpf-docs/evidence/qa/QA_PARALLEL_12WAY_QA-12F_f97655c/SOURCE_TRACE_MATRIX.csv,재개발 후 contract/fault/runtime 재검수
CPF-FR-014318,05-00014318,RabbitMQ AMQP,Ordering,기본 구현,미통과,아니오,QA12F-RABBIT-001,cpf-docs/evidence/qa/QA_PARALLEL_12WAY_QA-12F_f97655c/SOURCE_TRACE_MATRIX.csv,재개발 후 contract/fault/runtime 재검수
CPF-FR-014319,05-00014319,RabbitMQ AMQP,Ordering,상태·데이터,미통과,아니오,QA12F-RABBIT-001,cpf-docs/evidence/qa/QA_PARALLEL_12WAY_QA-12F_f97655c/SOURCE_TRACE_MATRIX.csv,재개발 후 contract/fault/runtime 재검수
CPF-FR-014320,05-00014320,RabbitMQ AMQP,Ordering,보안·권한,미통과,아니오,QA12F-RABBIT-001,cpf-docs/evidence/qa/QA_PARALLEL_12WAY_QA-12F_f97655c/SOURCE_TRACE_MATRIX.csv,재개발 후 contract/fault/runtime 재검수
CPF-FR-014321,05-00014321,RabbitMQ AMQP,Ordering,운영,미통과,아니오,QA12F-RABBIT-001,cpf-docs/evidence/qa/QA_PARALLEL_12WAY_QA-12F_f97655c/SOURCE_TRACE_MATRIX.csv,재개발 후 contract/fault/runtime 재검수
CPF-FR-014322,10-00014322,RabbitMQ AMQP,Ordering,실패·복구,미통과,아니오,QA12F-RABBIT-001,cpf-docs/evidence/qa/QA_PARALLEL_12WAY_QA-12F_f97655c/SOURCE_TRACE_MATRIX.csv,재개발 후 contract/fault/runtime 재검수
CPF-FR-014323,05-00014323,RabbitMQ AMQP,Ordering,호환·배포,미통과,아니오,QA12F-RABBIT-001,cpf-docs/evidence/qa/QA_PARALLEL_12WAY_QA-12F_f97655c/SOURCE_TRACE_MATRIX.csv,재개발 후 contract/fault/runtime 재검수
CPF-FR-014324,10-00014324,RabbitMQ AMQP,Ordering,검증·Evidence,미통과,아니오,QA12F-RABBIT-001,cpf-docs/evidence/qa/QA_PARALLEL_12WAY_QA-12F_f97655c/SOURCE_TRACE_MATRIX.csv,재개발 후 contract/fault/runtime 재검수
CPF-FR-014325,05-00014325,RabbitMQ AMQP,Backpressure,계약,미통과,아니오,QA12F-RABBIT-001,cpf-docs/evidence/qa/QA_PARALLEL_12WAY_QA-12F_f97655c/SOURCE_TRACE_MATRIX.csv,재개발 후 contract/fault/runtime 재검수
CPF-FR-014326,05-00014326,RabbitMQ AMQP,Backpressure,기본 구현,미통과,아니오,QA12F-RABBIT-001,cpf-docs/evidence/qa/QA_PARALLEL_12WAY_QA-12F_f97655c/SOURCE_TRACE_MATRIX.csv,재개발 후 contract/fault/runtime 재검수
CPF-FR-014327,05-00014327,RabbitMQ AMQP,Backpressure,상태·데이터,미통과,아니오,QA12F-RABBIT-001,cpf-docs/evidence/qa/QA_PARALLEL_12WAY_QA-12F_f97655c/SOURCE_TRACE_MATRIX.csv,재개발 후 contract/fault/runtime 재검수
CPF-FR-014328,05-00014328,RabbitMQ AMQP,Backpressure,보안·권한,미통과,아니오,QA12F-RABBIT-001,cpf-docs/evidence/qa/QA_PARALLEL_12WAY_QA-12F_f97655c/SOURCE_TRACE_MATRIX.csv,재개발 후 contract/fault/runtime 재검수
CPF-FR-014329,05-00014329,RabbitMQ AMQP,Backpressure,운영,미통과,아니오,QA12F-RABBIT-001,cpf-docs/evidence/qa/QA_PARALLEL_12WAY_QA-12F_f97655c/SOURCE_TRACE_MATRIX.csv,재개발 후 contract/fault/runtime 재검수
CPF-FR-014330,10-00014330,RabbitMQ AMQP,Backpressure,실패·복구,미통과,아니오,QA12F-RABBIT-001,cpf-docs/evidence/qa/QA_PARALLEL_12WAY_QA-12F_f97655c/SOURCE_TRACE_MATRIX.csv,재개발 후 contract/fault/runtime 재검수
CPF-FR-014331,05-00014331,RabbitMQ AMQP,Backpressure,호환·배포,미통과,아니오,QA12F-RABBIT-001,cpf-docs/evidence/qa/QA_PARALLEL_12WAY_QA-12F_f97655c/SOURCE_TRACE_MATRIX.csv,재개발 후 contract/fault/runtime 재검수
CPF-FR-014332,10-00014332,RabbitMQ AMQP,Backpressure,검증·Evidence,미통과,아니오,QA12F-RABBIT-001,cpf-docs/evidence/qa/QA_PARALLEL_12WAY_QA-12F_f97655c/SOURCE_TRACE_MATRIX.csv,재개발 후 contract/fault/runtime 재검수
CPF-FR-014333,05-00014333,RabbitMQ AMQP,Health,계약,미통과,아니오,QA12F-RABBIT-001,cpf-docs/evidence/qa/QA_PARALLEL_12WAY_QA-12F_f97655c/SOURCE_TRACE_MATRIX.csv,재개발 후 contract/fault/runtime 재검수
CPF-FR-014334,05-00014334,RabbitMQ AMQP,Health,기본 구현,미통과,아니오,QA12F-RABBIT-001,cpf-docs/evidence/qa/QA_PARALLEL_12WAY_QA-12F_f97655c/SOURCE_TRACE_MATRIX.csv,재개발 후 contract/fault/runtime 재검수
CPF-FR-014335,05-00014335,RabbitMQ AMQP,Health,상태·데이터,미통과,아니오,QA12F-RABBIT-001,cpf-docs/evidence/qa/QA_PARALLEL_12WAY_QA-12F_f97655c/SOURCE_TRACE_MATRIX.csv,재개발 후 contract/fault/runtime 재검수
CPF-FR-014336,05-00014336,RabbitMQ AMQP,Health,보안·권한,미통과,아니오,QA12F-RABBIT-001,cpf-docs/evidence/qa/QA_PARALLEL_12WAY_QA-12F_f97655c/SOURCE_TRACE_MATRIX.csv,재개발 후 contract/fault/runtime 재검수
CPF-FR-014337,05-00014337,RabbitMQ AMQP,Health,운영,미통과,아니오,QA12F-RABBIT-001,cpf-docs/evidence/qa/QA_PARALLEL_12WAY_QA-12F_f97655c/SOURCE_TRACE_MATRIX.csv,재개발 후 contract/fault/runtime 재검수
CPF-FR-014338,10-00014338,RabbitMQ AMQP,Health,실패·복구,미통과,아니오,QA12F-RABBIT-001,cpf-docs/evidence/qa/QA_PARALLEL_12WAY_QA-12F_f97655c/SOURCE_TRACE_MATRIX.csv,재개발 후 contract/fault/runtime 재검수
CPF-FR-014339,05-00014339,RabbitMQ AMQP,Health,호환·배포,미통과,아니오,QA12F-RABBIT-001,cpf-docs/evidence/qa/QA_PARALLEL_12WAY_QA-12F_f97655c/SOURCE_TRACE_MATRIX.csv,재개발 후 contract/fault/runtime 재검수
CPF-FR-014340,10-00014340,RabbitMQ AMQP,Health,검증·Evidence,미통과,아니오,QA12F-RABBIT-001,cpf-docs/evidence/qa/QA_PARALLEL_12WAY_QA-12F_f97655c/SOURCE_TRACE_MATRIX.csv,재개발 후 contract/fault/runtime 재검수
CPF-FR-014341,05-00014341,RabbitMQ AMQP,Reconnect,계약,미통과,아니오,QA12F-RABBIT-001,cpf-docs/evidence/qa/QA_PARALLEL_12WAY_QA-12F_f97655c/SOURCE_TRACE_MATRIX.csv,재개발 후 contract/fault/runtime 재검수
CPF-FR-014342,05-00014342,RabbitMQ AMQP,Reconnect,기본 구현,미통과,아니오,QA12F-RABBIT-001,cpf-docs/evidence/qa/QA_PARALLEL_12WAY_QA-12F_f97655c/SOURCE_TRACE_MATRIX.csv,재개발 후 contract/fault/runtime 재검수
CPF-FR-014343,05-00014343,RabbitMQ AMQP,Reconnect,상태·데이터,미통과,아니오,QA12F-RABBIT-001,cpf-docs/evidence/qa/QA_PARALLEL_12WAY_QA-12F_f97655c/SOURCE_TRACE_MATRIX.csv,재개발 후 contract/fault/runtime 재검수
CPF-FR-014344,05-00014344,RabbitMQ AMQP,Reconnect,보안·권한,미통과,아니오,QA12F-RABBIT-001,cpf-docs/evidence/qa/QA_PARALLEL_12WAY_QA-12F_f97655c/SOURCE_TRACE_MATRIX.csv,재개발 후 contract/fault/runtime 재검수
CPF-FR-014345,05-00014345,RabbitMQ AMQP,Reconnect,운영,미통과,아니오,QA12F-RABBIT-001,cpf-docs/evidence/qa/QA_PARALLEL_12WAY_QA-12F_f97655c/SOURCE_TRACE_MATRIX.csv,재개발 후 contract/fault/runtime 재검수
CPF-FR-014346,10-00014346,RabbitMQ AMQP,Reconnect,실패·복구,미통과,아니오,QA12F-RABBIT-001,cpf-docs/evidence/qa/QA_PARALLEL_12WAY_QA-12F_f97655c/SOURCE_TRACE_MATRIX.csv,재개발 후 contract/fault/runtime 재검수
CPF-FR-014347,05-00014347,RabbitMQ AMQP,Reconnect,호환·배포,미통과,아니오,QA12F-RABBIT-001,cpf-docs/evidence/qa/QA_PARALLEL_12WAY_QA-12F_f97655c/SOURCE_TRACE_MATRIX.csv,재개발 후 contract/fault/runtime 재검수
CPF-FR-014348,10-00014348,RabbitMQ AMQP,Reconnect,검증·Evidence,미통과,아니오,QA12F-RABBIT-001,cpf-docs/evidence/qa/QA_PARALLEL_12WAY_QA-12F_f97655c/SOURCE_TRACE_MATRIX.csv,재개발 후 contract/fault/runtime 재검수
CPF-FR-014349,05-00014349,RabbitMQ AMQP,Provider Error Mapping,계약,미검증,아니오,QA12F-RABBIT-001,cpf-docs/evidence/qa/QA_PARALLEL_12WAY_QA-12F_f97655c/SOURCE_TRACE_MATRIX.csv,목표 환경 또는 동등 Harness 실행
CPF-FR-014350,05-00014350,RabbitMQ AMQP,Provider Error Mapping,기본 구현,미검증,아니오,QA12F-RABBIT-001,cpf-docs/evidence/qa/QA_PARALLEL_12WAY_QA-12F_f97655c/SOURCE_TRACE_MATRIX.csv,목표 환경 또는 동등 Harness 실행
CPF-FR-014351,05-00014351,RabbitMQ AMQP,Provider Error Mapping,상태·데이터,미검증,아니오,QA12F-RABBIT-001,cpf-docs/evidence/qa/QA_PARALLEL_12WAY_QA-12F_f97655c/SOURCE_TRACE_MATRIX.csv,목표 환경 또는 동등 Harness 실행
CPF-FR-014352,05-00014352,RabbitMQ AMQP,Provider Error Mapping,보안·권한,미검증,아니오,QA12F-RABBIT-001,cpf-docs/evidence/qa/QA_PARALLEL_12WAY_QA-12F_f97655c/SOURCE_TRACE_MATRIX.csv,목표 환경 또는 동등 Harness 실행
CPF-FR-014353,05-00014353,RabbitMQ AMQP,Provider Error Mapping,운영,미검증,아니오,QA12F-RABBIT-001,cpf-docs/evidence/qa/QA_PARALLEL_12WAY_QA-12F_f97655c/SOURCE_TRACE_MATRIX.csv,목표 환경 또는 동등 Harness 실행
CPF-FR-014354,10-00014354,RabbitMQ AMQP,Provider Error Mapping,실패·복구,미검증,아니오,QA12F-RABBIT-001,cpf-docs/evidence/qa/QA_PARALLEL_12WAY_QA-12F_f97655c/SOURCE_TRACE_MATRIX.csv,목표 환경 또는 동등 Harness 실행
CPF-FR-014355,05-00014355,RabbitMQ AMQP,Provider Error Mapping,호환·배포,미검증,아니오,QA12F-RABBIT-001,cpf-docs/evidence/qa/QA_PARALLEL_12WAY_QA-12F_f97655c/SOURCE_TRACE_MATRIX.csv,목표 환경 또는 동등 Harness 실행
CPF-FR-014356,10-00014356,RabbitMQ AMQP,Provider Error Mapping,검증·Evidence,미검증,아니오,QA12F-RABBIT-001,cpf-docs/evidence/qa/QA_PARALLEL_12WAY_QA-12F_f97655c/SOURCE_TRACE_MATRIX.csv,목표 환경 또는 동등 Harness 실행
CPF-FR-014357,05-00014357,RabbitMQ AMQP,Metrics,계약,미통과,아니오,QA12F-RABBIT-001,cpf-docs/evidence/qa/QA_PARALLEL_12WAY_QA-12F_f97655c/SOURCE_TRACE_MATRIX.csv,재개발 후 contract/fault/runtime 재검수
CPF-FR-014358,05-00014358,RabbitMQ AMQP,Metrics,기본 구현,미통과,아니오,QA12F-RABBIT-001,cpf-docs/evidence/qa/QA_PARALLEL_12WAY_QA-12F_f97655c/SOURCE_TRACE_MATRIX.csv,재개발 후 contract/fault/runtime 재검수
CPF-FR-014359,05-00014359,RabbitMQ AMQP,Metrics,상태·데이터,미통과,아니오,QA12F-RABBIT-001,cpf-docs/evidence/qa/QA_PARALLEL_12WAY_QA-12F_f97655c/SOURCE_TRACE_MATRIX.csv,재개발 후 contract/fault/runtime 재검수
CPF-FR-014360,05-00014360,RabbitMQ AMQP,Metrics,보안·권한,미통과,아니오,QA12F-RABBIT-001,cpf-docs/evidence/qa/QA_PARALLEL_12WAY_QA-12F_f97655c/SOURCE_TRACE_MATRIX.csv,재개발 후 contract/fault/runtime 재검수
CPF-FR-014361,05-00014361,RabbitMQ AMQP,Metrics,운영,미통과,아니오,QA12F-RABBIT-001,cpf-docs/evidence/qa/QA_PARALLEL_12WAY_QA-12F_f97655c/SOURCE_TRACE_MATRIX.csv,재개발 후 contract/fault/runtime 재검수
CPF-FR-014362,10-00014362,RabbitMQ AMQP,Metrics,실패·복구,미통과,아니오,QA12F-RABBIT-001,cpf-docs/evidence/qa/QA_PARALLEL_12WAY_QA-12F_f97655c/SOURCE_TRACE_MATRIX.csv,재개발 후 contract/fault/runtime 재검수
CPF-FR-014363,05-00014363,RabbitMQ AMQP,Metrics,호환·배포,미통과,아니오,QA12F-RABBIT-001,cpf-docs/evidence/qa/QA_PARALLEL_12WAY_QA-12F_f97655c/SOURCE_TRACE_MATRIX.csv,재개발 후 contract/fault/runtime 재검수
CPF-FR-014364,10-00014364,RabbitMQ AMQP,Metrics,검증·Evidence,미통과,아니오,QA12F-RABBIT-001,cpf-docs/evidence/qa/QA_PARALLEL_12WAY_QA-12F_f97655c/SOURCE_TRACE_MATRIX.csv,재개발 후 contract/fault/runtime 재검수
CPF-FR-014365,05-00014365,RabbitMQ AMQP,Operations Status,계약,미통과,아니오,QA12F-RABBIT-001,cpf-docs/evidence/qa/QA_PARALLEL_12WAY_QA-12F_f97655c/SOURCE_TRACE_MATRIX.csv,재개발 후 contract/fault/runtime 재검수
CPF-FR-014366,05-00014366,RabbitMQ AMQP,Operations Status,기본 구현,미통과,아니오,QA12F-RABBIT-001,cpf-docs/evidence/qa/QA_PARALLEL_12WAY_QA-12F_f97655c/SOURCE_TRACE_MATRIX.csv,재개발 후 contract/fault/runtime 재검수
CPF-FR-014367,05-00014367,RabbitMQ AMQP,Operations Status,상태·데이터,미통과,아니오,QA12F-RABBIT-001,cpf-docs/evidence/qa/QA_PARALLEL_12WAY_QA-12F_f97655c/SOURCE_TRACE_MATRIX.csv,재개발 후 contract/fault/runtime 재검수
CPF-FR-014368,05-00014368,RabbitMQ AMQP,Operations Status,보안·권한,미통과,아니오,QA12F-RABBIT-001,cpf-docs/evidence/qa/QA_PARALLEL_12WAY_QA-12F_f97655c/SOURCE_TRACE_MATRIX.csv,재개발 후 contract/fault/runtime 재검수
CPF-FR-014369,05-00014369,RabbitMQ AMQP,Operations Status,운영,미통과,아니오,QA12F-RABBIT-001,cpf-docs/evidence/qa/QA_PARALLEL_12WAY_QA-12F_f97655c/SOURCE_TRACE_MATRIX.csv,재개발 후 contract/fault/runtime 재검수
CPF-FR-014370,10-00014370,RabbitMQ AMQP,Operations Status,실패·복구,미통과,아니오,QA12F-RABBIT-001,cpf-docs/evidence/qa/QA_PARALLEL_12WAY_QA-12F_f97655c/SOURCE_TRACE_MATRIX.csv,재개발 후 contract/fault/runtime 재검수
CPF-FR-014371,05-00014371,RabbitMQ AMQP,Operations Status,호환·배포,미통과,아니오,QA12F-RABBIT-001,cpf-docs/evidence/qa/QA_PARALLEL_12WAY_QA-12F_f97655c/SOURCE_TRACE_MATRIX.csv,재개발 후 contract/fault/runtime 재검수
CPF-FR-014372,10-00014372,RabbitMQ AMQP,Operations Status,검증·Evidence,미통과,아니오,QA12F-RABBIT-001,cpf-docs/evidence/qa/QA_PARALLEL_12WAY_QA-12F_f97655c/SOURCE_TRACE_MATRIX.csv,재개발 후 contract/fault/runtime 재검수
CPF-FR-014373,05-00014373,Jakarta JMS,Connection Configuration,계약,미검증,아니오,QA12F-JMS-001,cpf-docs/evidence/qa/QA_PARALLEL_12WAY_QA-12F_f97655c/SOURCE_TRACE_MATRIX.csv,목표 환경 또는 동등 Harness 실행
CPF-FR-014374,05-00014374,Jakarta JMS,Connection Configuration,기본 구현,미검증,아니오,QA12F-JMS-001,cpf-docs/evidence/qa/QA_PARALLEL_12WAY_QA-12F_f97655c/SOURCE_TRACE_MATRIX.csv,목표 환경 또는 동등 Harness 실행
CPF-FR-014375,05-00014375,Jakarta JMS,Connection Configuration,상태·데이터,미검증,아니오,QA12F-JMS-001,cpf-docs/evidence/qa/QA_PARALLEL_12WAY_QA-12F_f97655c/SOURCE_TRACE_MATRIX.csv,목표 환경 또는 동등 Harness 실행
CPF-FR-014376,05-00014376,Jakarta JMS,Connection Configuration,보안·권한,미검증,아니오,QA12F-JMS-001,cpf-docs/evidence/qa/QA_PARALLEL_12WAY_QA-12F_f97655c/SOURCE_TRACE_MATRIX.csv,목표 환경 또는 동등 Harness 실행
CPF-FR-014377,05-00014377,Jakarta JMS,Connection Configuration,운영,미검증,아니오,QA12F-JMS-001,cpf-docs/evidence/qa/QA_PARALLEL_12WAY_QA-12F_f97655c/SOURCE_TRACE_MATRIX.csv,목표 환경 또는 동등 Harness 실행
CPF-FR-014378,10-00014378,Jakarta JMS,Connection Configuration,실패·복구,미검증,아니오,QA12F-JMS-001,cpf-docs/evidence/qa/QA_PARALLEL_12WAY_QA-12F_f97655c/SOURCE_TRACE_MATRIX.csv,목표 환경 또는 동등 Harness 실행
CPF-FR-014379,05-00014379,Jakarta JMS,Connection Configuration,호환·배포,미검증,아니오,QA12F-JMS-001,cpf-docs/evidence/qa/QA_PARALLEL_12WAY_QA-12F_f97655c/SOURCE_TRACE_MATRIX.csv,목표 환경 또는 동등 Harness 실행
CPF-FR-014380,10-00014380,Jakarta JMS,Connection Configuration,검증·Evidence,미검증,아니오,QA12F-JMS-001,cpf-docs/evidence/qa/QA_PARALLEL_12WAY_QA-12F_f97655c/SOURCE_TRACE_MATRIX.csv,목표 환경 또는 동등 Harness 실행
CPF-FR-014381,05-00014381,Jakarta JMS,TLS / Credential,계약,미검증,아니오,QA12F-JMS-001,cpf-docs/evidence/qa/QA_PARALLEL_12WAY_QA-12F_f97655c/SOURCE_TRACE_MATRIX.csv,목표 환경 또는 동등 Harness 실행
CPF-FR-014382,05-00014382,Jakarta JMS,TLS / Credential,기본 구현,미검증,아니오,QA12F-JMS-001,cpf-docs/evidence/qa/QA_PARALLEL_12WAY_QA-12F_f97655c/SOURCE_TRACE_MATRIX.csv,목표 환경 또는 동등 Harness 실행
CPF-FR-014383,05-00014383,Jakarta JMS,TLS / Credential,상태·데이터,미검증,아니오,QA12F-JMS-001,cpf-docs/evidence/qa/QA_PARALLEL_12WAY_QA-12F_f97655c/SOURCE_TRACE_MATRIX.csv,목표 환경 또는 동등 Harness 실행
CPF-FR-014384,05-00014384,Jakarta JMS,TLS / Credential,보안·권한,미검증,아니오,QA12F-JMS-001,cpf-docs/evidence/qa/QA_PARALLEL_12WAY_QA-12F_f97655c/SOURCE_TRACE_MATRIX.csv,목표 환경 또는 동등 Harness 실행
CPF-FR-014385,05-00014385,Jakarta JMS,TLS / Credential,운영,미검증,아니오,QA12F-JMS-001,cpf-docs/evidence/qa/QA_PARALLEL_12WAY_QA-12F_f97655c/SOURCE_TRACE_MATRIX.csv,목표 환경 또는 동등 Harness 실행
CPF-FR-014386,10-00014386,Jakarta JMS,TLS / Credential,실패·복구,미검증,아니오,QA12F-JMS-001,cpf-docs/evidence/qa/QA_PARALLEL_12WAY_QA-12F_f97655c/SOURCE_TRACE_MATRIX.csv,목표 환경 또는 동등 Harness 실행
CPF-FR-014387,05-00014387,Jakarta JMS,TLS / Credential,호환·배포,미검증,아니오,QA12F-JMS-001,cpf-docs/evidence/qa/QA_PARALLEL_12WAY_QA-12F_f97655c/SOURCE_TRACE_MATRIX.csv,목표 환경 또는 동등 Harness 실행
CPF-FR-014388,10-00014388,Jakarta JMS,TLS / Credential,검증·Evidence,미검증,아니오,QA12F-JMS-001,cpf-docs/evidence/qa/QA_PARALLEL_12WAY_QA-12F_f97655c/SOURCE_TRACE_MATRIX.csv,목표 환경 또는 동등 Harness 실행
CPF-FR-014389,05-00014389,Jakarta JMS,Destination Provisioning,계약,미검증,아니오,QA12F-JMS-001,cpf-docs/evidence/qa/QA_PARALLEL_12WAY_QA-12F_f97655c/SOURCE_TRACE_MATRIX.csv,목표 환경 또는 동등 Harness 실행
CPF-FR-014390,05-00014390,Jakarta JMS,Destination Provisioning,기본 구현,미검증,아니오,QA12F-JMS-001,cpf-docs/evidence/qa/QA_PARALLEL_12WAY_QA-12F_f97655c/SOURCE_TRACE_MATRIX.csv,목표 환경 또는 동등 Harness 실행
CPF-FR-014391,05-00014391,Jakarta JMS,Destination Provisioning,상태·데이터,미검증,아니오,QA12F-JMS-001,cpf-docs/evidence/qa/QA_PARALLEL_12WAY_QA-12F_f97655c/SOURCE_TRACE_MATRIX.csv,목표 환경 또는 동등 Harness 실행
CPF-FR-014392,05-00014392,Jakarta JMS,Destination Provisioning,보안·권한,미검증,아니오,QA12F-JMS-001,cpf-docs/evidence/qa/QA_PARALLEL_12WAY_QA-12F_f97655c/SOURCE_TRACE_MATRIX.csv,목표 환경 또는 동등 Harness 실행
CPF-FR-014393,05-00014393,Jakarta JMS,Destination Provisioning,운영,미검증,아니오,QA12F-JMS-001,cpf-docs/evidence/qa/QA_PARALLEL_12WAY_QA-12F_f97655c/SOURCE_TRACE_MATRIX.csv,목표 환경 또는 동등 Harness 실행
CPF-FR-014394,10-00014394,Jakarta JMS,Destination Provisioning,실패·복구,미검증,아니오,QA12F-JMS-001,cpf-docs/evidence/qa/QA_PARALLEL_12WAY_QA-12F_f97655c/SOURCE_TRACE_MATRIX.csv,목표 환경 또는 동등 Harness 실행
CPF-FR-014395,05-00014395,Jakarta JMS,Destination Provisioning,호환·배포,미검증,아니오,QA12F-JMS-001,cpf-docs/evidence/qa/QA_PARALLEL_12WAY_QA-12F_f97655c/SOURCE_TRACE_MATRIX.csv,목표 환경 또는 동등 Harness 실행
CPF-FR-014396,10-00014396,Jakarta JMS,Destination Provisioning,검증·Evidence,미검증,아니오,QA12F-JMS-001,cpf-docs/evidence/qa/QA_PARALLEL_12WAY_QA-12F_f97655c/SOURCE_TRACE_MATRIX.csv,목표 환경 또는 동등 Harness 실행
CPF-FR-014397,05-00014397,Jakarta JMS,Producer,계약,미검증,아니오,QA12F-JMS-001,cpf-docs/evidence/qa/QA_PARALLEL_12WAY_QA-12F_f97655c/SOURCE_TRACE_MATRIX.csv,목표 환경 또는 동등 Harness 실행
CPF-FR-014398,05-00014398,Jakarta JMS,Producer,기본 구현,미검증,아니오,QA12F-JMS-001,cpf-docs/evidence/qa/QA_PARALLEL_12WAY_QA-12F_f97655c/SOURCE_TRACE_MATRIX.csv,목표 환경 또는 동등 Harness 실행
CPF-FR-014399,05-00014399,Jakarta JMS,Producer,상태·데이터,미검증,아니오,QA12F-JMS-001,cpf-docs/evidence/qa/QA_PARALLEL_12WAY_QA-12F_f97655c/SOURCE_TRACE_MATRIX.csv,목표 환경 또는 동등 Harness 실행
CPF-FR-014400,05-00014400,Jakarta JMS,Producer,보안·권한,미검증,아니오,QA12F-JMS-001,cpf-docs/evidence/qa/QA_PARALLEL_12WAY_QA-12F_f97655c/SOURCE_TRACE_MATRIX.csv,목표 환경 또는 동등 Harness 실행
CPF-FR-014401,05-00014401,Jakarta JMS,Producer,운영,미검증,아니오,QA12F-JMS-001,cpf-docs/evidence/qa/QA_PARALLEL_12WAY_QA-12F_f97655c/SOURCE_TRACE_MATRIX.csv,목표 환경 또는 동등 Harness 실행
CPF-FR-014402,10-00014402,Jakarta JMS,Producer,실패·복구,미검증,아니오,QA12F-JMS-001,cpf-docs/evidence/qa/QA_PARALLEL_12WAY_QA-12F_f97655c/SOURCE_TRACE_MATRIX.csv,목표 환경 또는 동등 Harness 실행
CPF-FR-014403,05-00014403,Jakarta JMS,Producer,호환·배포,미검증,아니오,QA12F-JMS-001,cpf-docs/evidence/qa/QA_PARALLEL_12WAY_QA-12F_f97655c/SOURCE_TRACE_MATRIX.csv,목표 환경 또는 동등 Harness 실행
CPF-FR-014404,10-00014404,Jakarta JMS,Producer,검증·Evidence,미검증,아니오,QA12F-JMS-001,cpf-docs/evidence/qa/QA_PARALLEL_12WAY_QA-12F_f97655c/SOURCE_TRACE_MATRIX.csv,목표 환경 또는 동등 Harness 실행
CPF-FR-014405,05-00014405,Jakarta JMS,Consumer,계약,미통과,아니오,QA12F-JMS-001,cpf-docs/evidence/qa/QA_PARALLEL_12WAY_QA-12F_f97655c/SOURCE_TRACE_MATRIX.csv,재개발 후 contract/fault/runtime 재검수
CPF-FR-014406,05-00014406,Jakarta JMS,Consumer,기본 구현,미통과,아니오,QA12F-JMS-001,cpf-docs/evidence/qa/QA_PARALLEL_12WAY_QA-12F_f97655c/SOURCE_TRACE_MATRIX.csv,재개발 후 contract/fault/runtime 재검수
CPF-FR-014407,05-00014407,Jakarta JMS,Consumer,상태·데이터,미통과,아니오,QA12F-JMS-001,cpf-docs/evidence/qa/QA_PARALLEL_12WAY_QA-12F_f97655c/SOURCE_TRACE_MATRIX.csv,재개발 후 contract/fault/runtime 재검수
CPF-FR-014408,05-00014408,Jakarta JMS,Consumer,보안·권한,미통과,아니오,QA12F-JMS-001,cpf-docs/evidence/qa/QA_PARALLEL_12WAY_QA-12F_f97655c/SOURCE_TRACE_MATRIX.csv,재개발 후 contract/fault/runtime 재검수
CPF-FR-014409,05-00014409,Jakarta JMS,Consumer,운영,미통과,아니오,QA12F-JMS-001,cpf-docs/evidence/qa/QA_PARALLEL_12WAY_QA-12F_f97655c/SOURCE_TRACE_MATRIX.csv,재개발 후 contract/fault/runtime 재검수
CPF-FR-014410,10-00014410,Jakarta JMS,Consumer,실패·복구,미통과,아니오,QA12F-JMS-001,cpf-docs/evidence/qa/QA_PARALLEL_12WAY_QA-12F_f97655c/SOURCE_TRACE_MATRIX.csv,재개발 후 contract/fault/runtime 재검수
CPF-FR-014411,05-00014411,Jakarta JMS,Consumer,호환·배포,미통과,아니오,QA12F-JMS-001,cpf-docs/evidence/qa/QA_PARALLEL_12WAY_QA-12F_f97655c/SOURCE_TRACE_MATRIX.csv,재개발 후 contract/fault/runtime 재검수
CPF-FR-014412,10-00014412,Jakarta JMS,Consumer,검증·Evidence,미통과,아니오,QA12F-JMS-001,cpf-docs/evidence/qa/QA_PARALLEL_12WAY_QA-12F_f97655c/SOURCE_TRACE_MATRIX.csv,재개발 후 contract/fault/runtime 재검수
CPF-FR-014413,05-00014413,Jakarta JMS,Transaction,계약,미통과,아니오,QA12F-JMS-001,cpf-docs/evidence/qa/QA_PARALLEL_12WAY_QA-12F_f97655c/SOURCE_TRACE_MATRIX.csv,재개발 후 contract/fault/runtime 재검수
CPF-FR-014414,05-00014414,Jakarta JMS,Transaction,기본 구현,미통과,아니오,QA12F-JMS-001,cpf-docs/evidence/qa/QA_PARALLEL_12WAY_QA-12F_f97655c/SOURCE_TRACE_MATRIX.csv,재개발 후 contract/fault/runtime 재검수
CPF-FR-014415,05-00014415,Jakarta JMS,Transaction,상태·데이터,미통과,아니오,QA12F-JMS-001,cpf-docs/evidence/qa/QA_PARALLEL_12WAY_QA-12F_f97655c/SOURCE_TRACE_MATRIX.csv,재개발 후 contract/fault/runtime 재검수
CPF-FR-014416,05-00014416,Jakarta JMS,Transaction,보안·권한,미통과,아니오,QA12F-JMS-001,cpf-docs/evidence/qa/QA_PARALLEL_12WAY_QA-12F_f97655c/SOURCE_TRACE_MATRIX.csv,재개발 후 contract/fault/runtime 재검수
CPF-FR-014417,05-00014417,Jakarta JMS,Transaction,운영,미통과,아니오,QA12F-JMS-001,cpf-docs/evidence/qa/QA_PARALLEL_12WAY_QA-12F_f97655c/SOURCE_TRACE_MATRIX.csv,재개발 후 contract/fault/runtime 재검수
CPF-FR-014418,10-00014418,Jakarta JMS,Transaction,실패·복구,미통과,아니오,QA12F-JMS-001,cpf-docs/evidence/qa/QA_PARALLEL_12WAY_QA-12F_f97655c/SOURCE_TRACE_MATRIX.csv,재개발 후 contract/fault/runtime 재검수
CPF-FR-014419,05-00014419,Jakarta JMS,Transaction,호환·배포,미통과,아니오,QA12F-JMS-001,cpf-docs/evidence/qa/QA_PARALLEL_12WAY_QA-12F_f97655c/SOURCE_TRACE_MATRIX.csv,재개발 후 contract/fault/runtime 재검수
CPF-FR-014420,10-00014420,Jakarta JMS,Transaction,검증·Evidence,미통과,아니오,QA12F-JMS-001,cpf-docs/evidence/qa/QA_PARALLEL_12WAY_QA-12F_f97655c/SOURCE_TRACE_MATRIX.csv,재개발 후 contract/fault/runtime 재검수
CPF-FR-014421,05-00014421,Jakarta JMS,Acknowledgement,계약,미통과,아니오,QA12F-JMS-001,cpf-docs/evidence/qa/QA_PARALLEL_12WAY_QA-12F_f97655c/SOURCE_TRACE_MATRIX.csv,재개발 후 contract/fault/runtime 재검수
CPF-FR-014422,05-00014422,Jakarta JMS,Acknowledgement,기본 구현,미통과,아니오,QA12F-JMS-001,cpf-docs/evidence/qa/QA_PARALLEL_12WAY_QA-12F_f97655c/SOURCE_TRACE_MATRIX.csv,재개발 후 contract/fault/runtime 재검수
CPF-FR-014423,05-00014423,Jakarta JMS,Acknowledgement,상태·데이터,미통과,아니오,QA12F-JMS-001,cpf-docs/evidence/qa/QA_PARALLEL_12WAY_QA-12F_f97655c/SOURCE_TRACE_MATRIX.csv,재개발 후 contract/fault/runtime 재검수
CPF-FR-014424,05-00014424,Jakarta JMS,Acknowledgement,보안·권한,미통과,아니오,QA12F-JMS-001,cpf-docs/evidence/qa/QA_PARALLEL_12WAY_QA-12F_f97655c/SOURCE_TRACE_MATRIX.csv,재개발 후 contract/fault/runtime 재검수
CPF-FR-014425,05-00014425,Jakarta JMS,Acknowledgement,운영,미통과,아니오,QA12F-JMS-001,cpf-docs/evidence/qa/QA_PARALLEL_12WAY_QA-12F_f97655c/SOURCE_TRACE_MATRIX.csv,재개발 후 contract/fault/runtime 재검수
CPF-FR-014426,10-00014426,Jakarta JMS,Acknowledgement,실패·복구,미통과,아니오,QA12F-JMS-001,cpf-docs/evidence/qa/QA_PARALLEL_12WAY_QA-12F_f97655c/SOURCE_TRACE_MATRIX.csv,재개발 후 contract/fault/runtime 재검수
CPF-FR-014427,05-00014427,Jakarta JMS,Acknowledgement,호환·배포,미통과,아니오,QA12F-JMS-001,cpf-docs/evidence/qa/QA_PARALLEL_12WAY_QA-12F_f97655c/SOURCE_TRACE_MATRIX.csv,재개발 후 contract/fault/runtime 재검수
CPF-FR-014428,10-00014428,Jakarta JMS,Acknowledgement,검증·Evidence,미통과,아니오,QA12F-JMS-001,cpf-docs/evidence/qa/QA_PARALLEL_12WAY_QA-12F_f97655c/SOURCE_TRACE_MATRIX.csv,재개발 후 contract/fault/runtime 재검수
CPF-FR-014429,05-00014429,Jakarta JMS,Redelivery,계약,미통과,아니오,QA12F-JMS-001,cpf-docs/evidence/qa/QA_PARALLEL_12WAY_QA-12F_f97655c/SOURCE_TRACE_MATRIX.csv,재개발 후 contract/fault/runtime 재검수
CPF-FR-014430,05-00014430,Jakarta JMS,Redelivery,기본 구현,미통과,아니오,QA12F-JMS-001,cpf-docs/evidence/qa/QA_PARALLEL_12WAY_QA-12F_f97655c/SOURCE_TRACE_MATRIX.csv,재개발 후 contract/fault/runtime 재검수
CPF-FR-014431,05-00014431,Jakarta JMS,Redelivery,상태·데이터,미통과,아니오,QA12F-JMS-001,cpf-docs/evidence/qa/QA_PARALLEL_12WAY_QA-12F_f97655c/SOURCE_TRACE_MATRIX.csv,재개발 후 contract/fault/runtime 재검수
CPF-FR-014432,05-00014432,Jakarta JMS,Redelivery,보안·권한,미통과,아니오,QA12F-JMS-001,cpf-docs/evidence/qa/QA_PARALLEL_12WAY_QA-12F_f97655c/SOURCE_TRACE_MATRIX.csv,재개발 후 contract/fault/runtime 재검수
CPF-FR-014433,05-00014433,Jakarta JMS,Redelivery,운영,미통과,아니오,QA12F-JMS-001,cpf-docs/evidence/qa/QA_PARALLEL_12WAY_QA-12F_f97655c/SOURCE_TRACE_MATRIX.csv,재개발 후 contract/fault/runtime 재검수
CPF-FR-014434,10-00014434,Jakarta JMS,Redelivery,실패·복구,미통과,아니오,QA12F-JMS-001,cpf-docs/evidence/qa/QA_PARALLEL_12WAY_QA-12F_f97655c/SOURCE_TRACE_MATRIX.csv,재개발 후 contract/fault/runtime 재검수
CPF-FR-014435,05-00014435,Jakarta JMS,Redelivery,호환·배포,미통과,아니오,QA12F-JMS-001,cpf-docs/evidence/qa/QA_PARALLEL_12WAY_QA-12F_f97655c/SOURCE_TRACE_MATRIX.csv,재개발 후 contract/fault/runtime 재검수
CPF-FR-014436,10-00014436,Jakarta JMS,Redelivery,검증·Evidence,미통과,아니오,QA12F-JMS-001,cpf-docs/evidence/qa/QA_PARALLEL_12WAY_QA-12F_f97655c/SOURCE_TRACE_MATRIX.csv,재개발 후 contract/fault/runtime 재검수
CPF-FR-014437,05-00014437,Jakarta JMS,Duplicate Handling,계약,미통과,아니오,QA12F-JMS-001,cpf-docs/evidence/qa/QA_PARALLEL_12WAY_QA-12F_f97655c/SOURCE_TRACE_MATRIX.csv,재개발 후 contract/fault/runtime 재검수
CPF-FR-014438,05-00014438,Jakarta JMS,Duplicate Handling,기본 구현,미통과,아니오,QA12F-JMS-001,cpf-docs/evidence/qa/QA_PARALLEL_12WAY_QA-12F_f97655c/SOURCE_TRACE_MATRIX.csv,재개발 후 contract/fault/runtime 재검수
CPF-FR-014439,05-00014439,Jakarta JMS,Duplicate Handling,상태·데이터,미통과,아니오,QA12F-JMS-001,cpf-docs/evidence/qa/QA_PARALLEL_12WAY_QA-12F_f97655c/SOURCE_TRACE_MATRIX.csv,재개발 후 contract/fault/runtime 재검수
CPF-FR-014440,05-00014440,Jakarta JMS,Duplicate Handling,보안·권한,미통과,아니오,QA12F-JMS-001,cpf-docs/evidence/qa/QA_PARALLEL_12WAY_QA-12F_f97655c/SOURCE_TRACE_MATRIX.csv,재개발 후 contract/fault/runtime 재검수
CPF-FR-014441,05-00014441,Jakarta JMS,Duplicate Handling,운영,미통과,아니오,QA12F-JMS-001,cpf-docs/evidence/qa/QA_PARALLEL_12WAY_QA-12F_f97655c/SOURCE_TRACE_MATRIX.csv,재개발 후 contract/fault/runtime 재검수
CPF-FR-014442,10-00014442,Jakarta JMS,Duplicate Handling,실패·복구,미통과,아니오,QA12F-JMS-001,cpf-docs/evidence/qa/QA_PARALLEL_12WAY_QA-12F_f97655c/SOURCE_TRACE_MATRIX.csv,재개발 후 contract/fault/runtime 재검수
CPF-FR-014443,05-00014443,Jakarta JMS,Duplicate Handling,호환·배포,미통과,아니오,QA12F-JMS-001,cpf-docs/evidence/qa/QA_PARALLEL_12WAY_QA-12F_f97655c/SOURCE_TRACE_MATRIX.csv,재개발 후 contract/fault/runtime 재검수
CPF-FR-014444,10-00014444,Jakarta JMS,Duplicate Handling,검증·Evidence,미통과,아니오,QA12F-JMS-001,cpf-docs/evidence/qa/QA_PARALLEL_12WAY_QA-12F_f97655c/SOURCE_TRACE_MATRIX.csv,재개발 후 contract/fault/runtime 재검수
CPF-FR-014445,05-00014445,Jakarta JMS,Ordering,계약,미통과,아니오,QA12F-JMS-001,cpf-docs/evidence/qa/QA_PARALLEL_12WAY_QA-12F_f97655c/SOURCE_TRACE_MATRIX.csv,재개발 후 contract/fault/runtime 재검수
CPF-FR-014446,05-00014446,Jakarta JMS,Ordering,기본 구현,미통과,아니오,QA12F-JMS-001,cpf-docs/evidence/qa/QA_PARALLEL_12WAY_QA-12F_f97655c/SOURCE_TRACE_MATRIX.csv,재개발 후 contract/fault/runtime 재검수
CPF-FR-014447,05-00014447,Jakarta JMS,Ordering,상태·데이터,미통과,아니오,QA12F-JMS-001,cpf-docs/evidence/qa/QA_PARALLEL_12WAY_QA-12F_f97655c/SOURCE_TRACE_MATRIX.csv,재개발 후 contract/fault/runtime 재검수
CPF-FR-014448,05-00014448,Jakarta JMS,Ordering,보안·권한,미통과,아니오,QA12F-JMS-001,cpf-docs/evidence/qa/QA_PARALLEL_12WAY_QA-12F_f97655c/SOURCE_TRACE_MATRIX.csv,재개발 후 contract/fault/runtime 재검수
CPF-FR-014449,05-00014449,Jakarta JMS,Ordering,운영,미통과,아니오,QA12F-JMS-001,cpf-docs/evidence/qa/QA_PARALLEL_12WAY_QA-12F_f97655c/SOURCE_TRACE_MATRIX.csv,재개발 후 contract/fault/runtime 재검수
CPF-FR-014450,10-00014450,Jakarta JMS,Ordering,실패·복구,미통과,아니오,QA12F-JMS-001,cpf-docs/evidence/qa/QA_PARALLEL_12WAY_QA-12F_f97655c/SOURCE_TRACE_MATRIX.csv,재개발 후 contract/fault/runtime 재검수
CPF-FR-014451,05-00014451,Jakarta JMS,Ordering,호환·배포,미통과,아니오,QA12F-JMS-001,cpf-docs/evidence/qa/QA_PARALLEL_12WAY_QA-12F_f97655c/SOURCE_TRACE_MATRIX.csv,재개발 후 contract/fault/runtime 재검수
CPF-FR-014452,10-00014452,Jakarta JMS,Ordering,검증·Evidence,미통과,아니오,QA12F-JMS-001,cpf-docs/evidence/qa/QA_PARALLEL_12WAY_QA-12F_f97655c/SOURCE_TRACE_MATRIX.csv,재개발 후 contract/fault/runtime 재검수
CPF-FR-014453,05-00014453,Jakarta JMS,Backpressure,계약,미통과,아니오,QA12F-JMS-001,cpf-docs/evidence/qa/QA_PARALLEL_12WAY_QA-12F_f97655c/SOURCE_TRACE_MATRIX.csv,재개발 후 contract/fault/runtime 재검수
CPF-FR-014454,05-00014454,Jakarta JMS,Backpressure,기본 구현,미통과,아니오,QA12F-JMS-001,cpf-docs/evidence/qa/QA_PARALLEL_12WAY_QA-12F_f97655c/SOURCE_TRACE_MATRIX.csv,재개발 후 contract/fault/runtime 재검수
CPF-FR-014455,05-00014455,Jakarta JMS,Backpressure,상태·데이터,미통과,아니오,QA12F-JMS-001,cpf-docs/evidence/qa/QA_PARALLEL_12WAY_QA-12F_f97655c/SOURCE_TRACE_MATRIX.csv,재개발 후 contract/fault/runtime 재검수
CPF-FR-014456,05-00014456,Jakarta JMS,Backpressure,보안·권한,미통과,아니오,QA12F-JMS-001,cpf-docs/evidence/qa/QA_PARALLEL_12WAY_QA-12F_f97655c/SOURCE_TRACE_MATRIX.csv,재개발 후 contract/fault/runtime 재검수
CPF-FR-014457,05-00014457,Jakarta JMS,Backpressure,운영,미통과,아니오,QA12F-JMS-001,cpf-docs/evidence/qa/QA_PARALLEL_12WAY_QA-12F_f97655c/SOURCE_TRACE_MATRIX.csv,재개발 후 contract/fault/runtime 재검수
CPF-FR-014458,10-00014458,Jakarta JMS,Backpressure,실패·복구,미통과,아니오,QA12F-JMS-001,cpf-docs/evidence/qa/QA_PARALLEL_12WAY_QA-12F_f97655c/SOURCE_TRACE_MATRIX.csv,재개발 후 contract/fault/runtime 재검수
CPF-FR-014459,05-00014459,Jakarta JMS,Backpressure,호환·배포,미통과,아니오,QA12F-JMS-001,cpf-docs/evidence/qa/QA_PARALLEL_12WAY_QA-12F_f97655c/SOURCE_TRACE_MATRIX.csv,재개발 후 contract/fault/runtime 재검수
CPF-FR-014460,10-00014460,Jakarta JMS,Backpressure,검증·Evidence,미통과,아니오,QA12F-JMS-001,cpf-docs/evidence/qa/QA_PARALLEL_12WAY_QA-12F_f97655c/SOURCE_TRACE_MATRIX.csv,재개발 후 contract/fault/runtime 재검수
CPF-FR-014461,05-00014461,Jakarta JMS,Health,계약,미통과,아니오,QA12F-JMS-001,cpf-docs/evidence/qa/QA_PARALLEL_12WAY_QA-12F_f97655c/SOURCE_TRACE_MATRIX.csv,재개발 후 contract/fault/runtime 재검수
CPF-FR-014462,05-00014462,Jakarta JMS,Health,기본 구현,미통과,아니오,QA12F-JMS-001,cpf-docs/evidence/qa/QA_PARALLEL_12WAY_QA-12F_f97655c/SOURCE_TRACE_MATRIX.csv,재개발 후 contract/fault/runtime 재검수
CPF-FR-014463,05-00014463,Jakarta JMS,Health,상태·데이터,미통과,아니오,QA12F-JMS-001,cpf-docs/evidence/qa/QA_PARALLEL_12WAY_QA-12F_f97655c/SOURCE_TRACE_MATRIX.csv,재개발 후 contract/fault/runtime 재검수
CPF-FR-014464,05-00014464,Jakarta JMS,Health,보안·권한,미통과,아니오,QA12F-JMS-001,cpf-docs/evidence/qa/QA_PARALLEL_12WAY_QA-12F_f97655c/SOURCE_TRACE_MATRIX.csv,재개발 후 contract/fault/runtime 재검수
CPF-FR-014465,05-00014465,Jakarta JMS,Health,운영,미통과,아니오,QA12F-JMS-001,cpf-docs/evidence/qa/QA_PARALLEL_12WAY_QA-12F_f97655c/SOURCE_TRACE_MATRIX.csv,재개발 후 contract/fault/runtime 재검수
CPF-FR-014466,10-00014466,Jakarta JMS,Health,실패·복구,미통과,아니오,QA12F-JMS-001,cpf-docs/evidence/qa/QA_PARALLEL_12WAY_QA-12F_f97655c/SOURCE_TRACE_MATRIX.csv,재개발 후 contract/fault/runtime 재검수
CPF-FR-014467,05-00014467,Jakarta JMS,Health,호환·배포,미통과,아니오,QA12F-JMS-001,cpf-docs/evidence/qa/QA_PARALLEL_12WAY_QA-12F_f97655c/SOURCE_TRACE_MATRIX.csv,재개발 후 contract/fault/runtime 재검수
CPF-FR-014468,10-00014468,Jakarta JMS,Health,검증·Evidence,미통과,아니오,QA12F-JMS-001,cpf-docs/evidence/qa/QA_PARALLEL_12WAY_QA-12F_f97655c/SOURCE_TRACE_MATRIX.csv,재개발 후 contract/fault/runtime 재검수
CPF-FR-014469,05-00014469,Jakarta JMS,Reconnect,계약,미통과,아니오,QA12F-JMS-001,cpf-docs/evidence/qa/QA_PARALLEL_12WAY_QA-12F_f97655c/SOURCE_TRACE_MATRIX.csv,재개발 후 contract/fault/runtime 재검수
CPF-FR-014470,05-00014470,Jakarta JMS,Reconnect,기본 구현,미통과,아니오,QA12F-JMS-001,cpf-docs/evidence/qa/QA_PARALLEL_12WAY_QA-12F_f97655c/SOURCE_TRACE_MATRIX.csv,재개발 후 contract/fault/runtime 재검수
CPF-FR-014471,05-00014471,Jakarta JMS,Reconnect,상태·데이터,미통과,아니오,QA12F-JMS-001,cpf-docs/evidence/qa/QA_PARALLEL_12WAY_QA-12F_f97655c/SOURCE_TRACE_MATRIX.csv,재개발 후 contract/fault/runtime 재검수
CPF-FR-014472,05-00014472,Jakarta JMS,Reconnect,보안·권한,미통과,아니오,QA12F-JMS-001,cpf-docs/evidence/qa/QA_PARALLEL_12WAY_QA-12F_f97655c/SOURCE_TRACE_MATRIX.csv,재개발 후 contract/fault/runtime 재검수
CPF-FR-014473,05-00014473,Jakarta JMS,Reconnect,운영,미통과,아니오,QA12F-JMS-001,cpf-docs/evidence/qa/QA_PARALLEL_12WAY_QA-12F_f97655c/SOURCE_TRACE_MATRIX.csv,재개발 후 contract/fault/runtime 재검수
CPF-FR-014474,10-00014474,Jakarta JMS,Reconnect,실패·복구,미통과,아니오,QA12F-JMS-001,cpf-docs/evidence/qa/QA_PARALLEL_12WAY_QA-12F_f97655c/SOURCE_TRACE_MATRIX.csv,재개발 후 contract/fault/runtime 재검수
CPF-FR-014475,05-00014475,Jakarta JMS,Reconnect,호환·배포,미통과,아니오,QA12F-JMS-001,cpf-docs/evidence/qa/QA_PARALLEL_12WAY_QA-12F_f97655c/SOURCE_TRACE_MATRIX.csv,재개발 후 contract/fault/runtime 재검수
CPF-FR-014476,10-00014476,Jakarta JMS,Reconnect,검증·Evidence,미통과,아니오,QA12F-JMS-001,cpf-docs/evidence/qa/QA_PARALLEL_12WAY_QA-12F_f97655c/SOURCE_TRACE_MATRIX.csv,재개발 후 contract/fault/runtime 재검수
CPF-FR-014477,05-00014477,Jakarta JMS,Provider Error Mapping,계약,미검증,아니오,QA12F-JMS-001,cpf-docs/evidence/qa/QA_PARALLEL_12WAY_QA-12F_f97655c/SOURCE_TRACE_MATRIX.csv,목표 환경 또는 동등 Harness 실행
CPF-FR-014478,05-00014478,Jakarta JMS,Provider Error Mapping,기본 구현,미검증,아니오,QA12F-JMS-001,cpf-docs/evidence/qa/QA_PARALLEL_12WAY_QA-12F_f97655c/SOURCE_TRACE_MATRIX.csv,목표 환경 또는 동등 Harness 실행
CPF-FR-014479,05-00014479,Jakarta JMS,Provider Error Mapping,상태·데이터,미검증,아니오,QA12F-JMS-001,cpf-docs/evidence/qa/QA_PARALLEL_12WAY_QA-12F_f97655c/SOURCE_TRACE_MATRIX.csv,목표 환경 또는 동등 Harness 실행
CPF-FR-014480,05-00014480,Jakarta JMS,Provider Error Mapping,보안·권한,미검증,아니오,QA12F-JMS-001,cpf-docs/evidence/qa/QA_PARALLEL_12WAY_QA-12F_f97655c/SOURCE_TRACE_MATRIX.csv,목표 환경 또는 동등 Harness 실행
CPF-FR-014481,05-00014481,Jakarta JMS,Provider Error Mapping,운영,미검증,아니오,QA12F-JMS-001,cpf-docs/evidence/qa/QA_PARALLEL_12WAY_QA-12F_f97655c/SOURCE_TRACE_MATRIX.csv,목표 환경 또는 동등 Harness 실행
CPF-FR-014482,10-00014482,Jakarta JMS,Provider Error Mapping,실패·복구,미검증,아니오,QA12F-JMS-001,cpf-docs/evidence/qa/QA_PARALLEL_12WAY_QA-12F_f97655c/SOURCE_TRACE_MATRIX.csv,목표 환경 또는 동등 Harness 실행
CPF-FR-014483,05-00014483,Jakarta JMS,Provider Error Mapping,호환·배포,미검증,아니오,QA12F-JMS-001,cpf-docs/evidence/qa/QA_PARALLEL_12WAY_QA-12F_f97655c/SOURCE_TRACE_MATRIX.csv,목표 환경 또는 동등 Harness 실행
CPF-FR-014484,10-00014484,Jakarta JMS,Provider Error Mapping,검증·Evidence,미검증,아니오,QA12F-JMS-001,cpf-docs/evidence/qa/QA_PARALLEL_12WAY_QA-12F_f97655c/SOURCE_TRACE_MATRIX.csv,목표 환경 또는 동등 Harness 실행
CPF-FR-014485,05-00014485,Jakarta JMS,Metrics,계약,미통과,아니오,QA12F-JMS-001,cpf-docs/evidence/qa/QA_PARALLEL_12WAY_QA-12F_f97655c/SOURCE_TRACE_MATRIX.csv,재개발 후 contract/fault/runtime 재검수
CPF-FR-014486,05-00014486,Jakarta JMS,Metrics,기본 구현,미통과,아니오,QA12F-JMS-001,cpf-docs/evidence/qa/QA_PARALLEL_12WAY_QA-12F_f97655c/SOURCE_TRACE_MATRIX.csv,재개발 후 contract/fault/runtime 재검수
CPF-FR-014487,05-00014487,Jakarta JMS,Metrics,상태·데이터,미통과,아니오,QA12F-JMS-001,cpf-docs/evidence/qa/QA_PARALLEL_12WAY_QA-12F_f97655c/SOURCE_TRACE_MATRIX.csv,재개발 후 contract/fault/runtime 재검수
CPF-FR-014488,05-00014488,Jakarta JMS,Metrics,보안·권한,미통과,아니오,QA12F-JMS-001,cpf-docs/evidence/qa/QA_PARALLEL_12WAY_QA-12F_f97655c/SOURCE_TRACE_MATRIX.csv,재개발 후 contract/fault/runtime 재검수
CPF-FR-014489,05-00014489,Jakarta JMS,Metrics,운영,미통과,아니오,QA12F-JMS-001,cpf-docs/evidence/qa/QA_PARALLEL_12WAY_QA-12F_f97655c/SOURCE_TRACE_MATRIX.csv,재개발 후 contract/fault/runtime 재검수
CPF-FR-014490,10-00014490,Jakarta JMS,Metrics,실패·복구,미통과,아니오,QA12F-JMS-001,cpf-docs/evidence/qa/QA_PARALLEL_12WAY_QA-12F_f97655c/SOURCE_TRACE_MATRIX.csv,재개발 후 contract/fault/runtime 재검수
CPF-FR-014491,05-00014491,Jakarta JMS,Metrics,호환·배포,미통과,아니오,QA12F-JMS-001,cpf-docs/evidence/qa/QA_PARALLEL_12WAY_QA-12F_f97655c/SOURCE_TRACE_MATRIX.csv,재개발 후 contract/fault/runtime 재검수
CPF-FR-014492,10-00014492,Jakarta JMS,Metrics,검증·Evidence,미통과,아니오,QA12F-JMS-001,cpf-docs/evidence/qa/QA_PARALLEL_12WAY_QA-12F_f97655c/SOURCE_TRACE_MATRIX.csv,재개발 후 contract/fault/runtime 재검수
CPF-FR-014493,05-00014493,Jakarta JMS,Operations Status,계약,미통과,아니오,QA12F-JMS-001,cpf-docs/evidence/qa/QA_PARALLEL_12WAY_QA-12F_f97655c/SOURCE_TRACE_MATRIX.csv,재개발 후 contract/fault/runtime 재검수
CPF-FR-014494,05-00014494,Jakarta JMS,Operations Status,기본 구현,미통과,아니오,QA12F-JMS-001,cpf-docs/evidence/qa/QA_PARALLEL_12WAY_QA-12F_f97655c/SOURCE_TRACE_MATRIX.csv,재개발 후 contract/fault/runtime 재검수
CPF-FR-014495,05-00014495,Jakarta JMS,Operations Status,상태·데이터,미통과,아니오,QA12F-JMS-001,cpf-docs/evidence/qa/QA_PARALLEL_12WAY_QA-12F_f97655c/SOURCE_TRACE_MATRIX.csv,재개발 후 contract/fault/runtime 재검수
CPF-FR-014496,05-00014496,Jakarta JMS,Operations Status,보안·권한,미통과,아니오,QA12F-JMS-001,cpf-docs/evidence/qa/QA_PARALLEL_12WAY_QA-12F_f97655c/SOURCE_TRACE_MATRIX.csv,재개발 후 contract/fault/runtime 재검수
CPF-FR-014497,05-00014497,Jakarta JMS,Operations Status,운영,미통과,아니오,QA12F-JMS-001,cpf-docs/evidence/qa/QA_PARALLEL_12WAY_QA-12F_f97655c/SOURCE_TRACE_MATRIX.csv,재개발 후 contract/fault/runtime 재검수
CPF-FR-014498,10-00014498,Jakarta JMS,Operations Status,실패·복구,미통과,아니오,QA12F-JMS-001,cpf-docs/evidence/qa/QA_PARALLEL_12WAY_QA-12F_f97655c/SOURCE_TRACE_MATRIX.csv,재개발 후 contract/fault/runtime 재검수
CPF-FR-014499,05-00014499,Jakarta JMS,Operations Status,호환·배포,미통과,아니오,QA12F-JMS-001,cpf-docs/evidence/qa/QA_PARALLEL_12WAY_QA-12F_f97655c/SOURCE_TRACE_MATRIX.csv,재개발 후 contract/fault/runtime 재검수
CPF-FR-014500,10-00014500,Jakarta JMS,Operations Status,검증·Evidence,미통과,아니오,QA12F-JMS-001,cpf-docs/evidence/qa/QA_PARALLEL_12WAY_QA-12F_f97655c/SOURCE_TRACE_MATRIX.csv,재개발 후 contract/fault/runtime 재검수
CPF-FR-014501,05-00014501,IBM MQ,Connection Configuration,계약,미검증,아니오,QA12F-IBMMQ-001,cpf-docs/evidence/qa/QA_PARALLEL_12WAY_QA-12F_f97655c/SOURCE_TRACE_MATRIX.csv,목표 환경 또는 동등 Harness 실행
CPF-FR-014502,05-00014502,IBM MQ,Connection Configuration,기본 구현,미검증,아니오,QA12F-IBMMQ-001,cpf-docs/evidence/qa/QA_PARALLEL_12WAY_QA-12F_f97655c/SOURCE_TRACE_MATRIX.csv,목표 환경 또는 동등 Harness 실행
CPF-FR-014503,05-00014503,IBM MQ,Connection Configuration,상태·데이터,미검증,아니오,QA12F-IBMMQ-001,cpf-docs/evidence/qa/QA_PARALLEL_12WAY_QA-12F_f97655c/SOURCE_TRACE_MATRIX.csv,목표 환경 또는 동등 Harness 실행
CPF-FR-014504,05-00014504,IBM MQ,Connection Configuration,보안·권한,미검증,아니오,QA12F-IBMMQ-001,cpf-docs/evidence/qa/QA_PARALLEL_12WAY_QA-12F_f97655c/SOURCE_TRACE_MATRIX.csv,목표 환경 또는 동등 Harness 실행
CPF-FR-014505,05-00014505,IBM MQ,Connection Configuration,운영,미검증,아니오,QA12F-IBMMQ-001,cpf-docs/evidence/qa/QA_PARALLEL_12WAY_QA-12F_f97655c/SOURCE_TRACE_MATRIX.csv,목표 환경 또는 동등 Harness 실행
CPF-FR-014506,10-00014506,IBM MQ,Connection Configuration,실패·복구,미검증,아니오,QA12F-IBMMQ-001,cpf-docs/evidence/qa/QA_PARALLEL_12WAY_QA-12F_f97655c/SOURCE_TRACE_MATRIX.csv,목표 환경 또는 동등 Harness 실행
CPF-FR-014507,05-00014507,IBM MQ,Connection Configuration,호환·배포,미검증,아니오,QA12F-IBMMQ-001,cpf-docs/evidence/qa/QA_PARALLEL_12WAY_QA-12F_f97655c/SOURCE_TRACE_MATRIX.csv,목표 환경 또는 동등 Harness 실행
CPF-FR-014508,10-00014508,IBM MQ,Connection Configuration,검증·Evidence,미검증,아니오,QA12F-IBMMQ-001,cpf-docs/evidence/qa/QA_PARALLEL_12WAY_QA-12F_f97655c/SOURCE_TRACE_MATRIX.csv,목표 환경 또는 동등 Harness 실행
CPF-FR-014509,05-00014509,IBM MQ,TLS / Credential,계약,미검증,아니오,QA12F-IBMMQ-001,cpf-docs/evidence/qa/QA_PARALLEL_12WAY_QA-12F_f97655c/SOURCE_TRACE_MATRIX.csv,목표 환경 또는 동등 Harness 실행
CPF-FR-014510,05-00014510,IBM MQ,TLS / Credential,기본 구현,미검증,아니오,QA12F-IBMMQ-001,cpf-docs/evidence/qa/QA_PARALLEL_12WAY_QA-12F_f97655c/SOURCE_TRACE_MATRIX.csv,목표 환경 또는 동등 Harness 실행
CPF-FR-014511,05-00014511,IBM MQ,TLS / Credential,상태·데이터,미검증,아니오,QA12F-IBMMQ-001,cpf-docs/evidence/qa/QA_PARALLEL_12WAY_QA-12F_f97655c/SOURCE_TRACE_MATRIX.csv,목표 환경 또는 동등 Harness 실행
CPF-FR-014512,05-00014512,IBM MQ,TLS / Credential,보안·권한,미검증,아니오,QA12F-IBMMQ-001,cpf-docs/evidence/qa/QA_PARALLEL_12WAY_QA-12F_f97655c/SOURCE_TRACE_MATRIX.csv,목표 환경 또는 동등 Harness 실행
CPF-FR-014513,05-00014513,IBM MQ,TLS / Credential,운영,미검증,아니오,QA12F-IBMMQ-001,cpf-docs/evidence/qa/QA_PARALLEL_12WAY_QA-12F_f97655c/SOURCE_TRACE_MATRIX.csv,목표 환경 또는 동등 Harness 실행
CPF-FR-014514,10-00014514,IBM MQ,TLS / Credential,실패·복구,미검증,아니오,QA12F-IBMMQ-001,cpf-docs/evidence/qa/QA_PARALLEL_12WAY_QA-12F_f97655c/SOURCE_TRACE_MATRIX.csv,목표 환경 또는 동등 Harness 실행
CPF-FR-014515,05-00014515,IBM MQ,TLS / Credential,호환·배포,미검증,아니오,QA12F-IBMMQ-001,cpf-docs/evidence/qa/QA_PARALLEL_12WAY_QA-12F_f97655c/SOURCE_TRACE_MATRIX.csv,목표 환경 또는 동등 Harness 실행
CPF-FR-014516,10-00014516,IBM MQ,TLS / Credential,검증·Evidence,미검증,아니오,QA12F-IBMMQ-001,cpf-docs/evidence/qa/QA_PARALLEL_12WAY_QA-12F_f97655c/SOURCE_TRACE_MATRIX.csv,목표 환경 또는 동등 Harness 실행
CPF-FR-014517,05-00014517,IBM MQ,Destination Provisioning,계약,미검증,아니오,QA12F-IBMMQ-001,cpf-docs/evidence/qa/QA_PARALLEL_12WAY_QA-12F_f97655c/SOURCE_TRACE_MATRIX.csv,목표 환경 또는 동등 Harness 실행
CPF-FR-014518,05-00014518,IBM MQ,Destination Provisioning,기본 구현,미검증,아니오,QA12F-IBMMQ-001,cpf-docs/evidence/qa/QA_PARALLEL_12WAY_QA-12F_f97655c/SOURCE_TRACE_MATRIX.csv,목표 환경 또는 동등 Harness 실행
CPF-FR-014519,05-00014519,IBM MQ,Destination Provisioning,상태·데이터,미검증,아니오,QA12F-IBMMQ-001,cpf-docs/evidence/qa/QA_PARALLEL_12WAY_QA-12F_f97655c/SOURCE_TRACE_MATRIX.csv,목표 환경 또는 동등 Harness 실행
CPF-FR-014520,05-00014520,IBM MQ,Destination Provisioning,보안·권한,미검증,아니오,QA12F-IBMMQ-001,cpf-docs/evidence/qa/QA_PARALLEL_12WAY_QA-12F_f97655c/SOURCE_TRACE_MATRIX.csv,목표 환경 또는 동등 Harness 실행
CPF-FR-014521,05-00014521,IBM MQ,Destination Provisioning,운영,미검증,아니오,QA12F-IBMMQ-001,cpf-docs/evidence/qa/QA_PARALLEL_12WAY_QA-12F_f97655c/SOURCE_TRACE_MATRIX.csv,목표 환경 또는 동등 Harness 실행
CPF-FR-014522,10-00014522,IBM MQ,Destination Provisioning,실패·복구,미검증,아니오,QA12F-IBMMQ-001,cpf-docs/evidence/qa/QA_PARALLEL_12WAY_QA-12F_f97655c/SOURCE_TRACE_MATRIX.csv,목표 환경 또는 동등 Harness 실행
CPF-FR-014523,05-00014523,IBM MQ,Destination Provisioning,호환·배포,미검증,아니오,QA12F-IBMMQ-001,cpf-docs/evidence/qa/QA_PARALLEL_12WAY_QA-12F_f97655c/SOURCE_TRACE_MATRIX.csv,목표 환경 또는 동등 Harness 실행
CPF-FR-014524,10-00014524,IBM MQ,Destination Provisioning,검증·Evidence,미검증,아니오,QA12F-IBMMQ-001,cpf-docs/evidence/qa/QA_PARALLEL_12WAY_QA-12F_f97655c/SOURCE_TRACE_MATRIX.csv,목표 환경 또는 동등 Harness 실행
CPF-FR-014525,05-00014525,IBM MQ,Producer,계약,미검증,아니오,QA12F-IBMMQ-001,cpf-docs/evidence/qa/QA_PARALLEL_12WAY_QA-12F_f97655c/SOURCE_TRACE_MATRIX.csv,목표 환경 또는 동등 Harness 실행
CPF-FR-014526,05-00014526,IBM MQ,Producer,기본 구현,미검증,아니오,QA12F-IBMMQ-001,cpf-docs/evidence/qa/QA_PARALLEL_12WAY_QA-12F_f97655c/SOURCE_TRACE_MATRIX.csv,목표 환경 또는 동등 Harness 실행
CPF-FR-014527,05-00014527,IBM MQ,Producer,상태·데이터,미검증,아니오,QA12F-IBMMQ-001,cpf-docs/evidence/qa/QA_PARALLEL_12WAY_QA-12F_f97655c/SOURCE_TRACE_MATRIX.csv,목표 환경 또는 동등 Harness 실행
CPF-FR-014528,05-00014528,IBM MQ,Producer,보안·권한,미검증,아니오,QA12F-IBMMQ-001,cpf-docs/evidence/qa/QA_PARALLEL_12WAY_QA-12F_f97655c/SOURCE_TRACE_MATRIX.csv,목표 환경 또는 동등 Harness 실행
CPF-FR-014529,05-00014529,IBM MQ,Producer,운영,미검증,아니오,QA12F-IBMMQ-001,cpf-docs/evidence/qa/QA_PARALLEL_12WAY_QA-12F_f97655c/SOURCE_TRACE_MATRIX.csv,목표 환경 또는 동등 Harness 실행
CPF-FR-014530,10-00014530,IBM MQ,Producer,실패·복구,미검증,아니오,QA12F-IBMMQ-001,cpf-docs/evidence/qa/QA_PARALLEL_12WAY_QA-12F_f97655c/SOURCE_TRACE_MATRIX.csv,목표 환경 또는 동등 Harness 실행
CPF-FR-014531,05-00014531,IBM MQ,Producer,호환·배포,미검증,아니오,QA12F-IBMMQ-001,cpf-docs/evidence/qa/QA_PARALLEL_12WAY_QA-12F_f97655c/SOURCE_TRACE_MATRIX.csv,목표 환경 또는 동등 Harness 실행
CPF-FR-014532,10-00014532,IBM MQ,Producer,검증·Evidence,미검증,아니오,QA12F-IBMMQ-001,cpf-docs/evidence/qa/QA_PARALLEL_12WAY_QA-12F_f97655c/SOURCE_TRACE_MATRIX.csv,목표 환경 또는 동등 Harness 실행
CPF-FR-014533,05-00014533,IBM MQ,Consumer,계약,미통과,아니오,QA12F-IBMMQ-001,cpf-docs/evidence/qa/QA_PARALLEL_12WAY_QA-12F_f97655c/SOURCE_TRACE_MATRIX.csv,재개발 후 contract/fault/runtime 재검수
CPF-FR-014534,05-00014534,IBM MQ,Consumer,기본 구현,미통과,아니오,QA12F-IBMMQ-001,cpf-docs/evidence/qa/QA_PARALLEL_12WAY_QA-12F_f97655c/SOURCE_TRACE_MATRIX.csv,재개발 후 contract/fault/runtime 재검수
CPF-FR-014535,05-00014535,IBM MQ,Consumer,상태·데이터,미통과,아니오,QA12F-IBMMQ-001,cpf-docs/evidence/qa/QA_PARALLEL_12WAY_QA-12F_f97655c/SOURCE_TRACE_MATRIX.csv,재개발 후 contract/fault/runtime 재검수
CPF-FR-014536,05-00014536,IBM MQ,Consumer,보안·권한,미통과,아니오,QA12F-IBMMQ-001,cpf-docs/evidence/qa/QA_PARALLEL_12WAY_QA-12F_f97655c/SOURCE_TRACE_MATRIX.csv,재개발 후 contract/fault/runtime 재검수
CPF-FR-014537,05-00014537,IBM MQ,Consumer,운영,미통과,아니오,QA12F-IBMMQ-001,cpf-docs/evidence/qa/QA_PARALLEL_12WAY_QA-12F_f97655c/SOURCE_TRACE_MATRIX.csv,재개발 후 contract/fault/runtime 재검수
CPF-FR-014538,10-00014538,IBM MQ,Consumer,실패·복구,미통과,아니오,QA12F-IBMMQ-001,cpf-docs/evidence/qa/QA_PARALLEL_12WAY_QA-12F_f97655c/SOURCE_TRACE_MATRIX.csv,재개발 후 contract/fault/runtime 재검수
CPF-FR-014539,05-00014539,IBM MQ,Consumer,호환·배포,미통과,아니오,QA12F-IBMMQ-001,cpf-docs/evidence/qa/QA_PARALLEL_12WAY_QA-12F_f97655c/SOURCE_TRACE_MATRIX.csv,재개발 후 contract/fault/runtime 재검수
CPF-FR-014540,10-00014540,IBM MQ,Consumer,검증·Evidence,미통과,아니오,QA12F-IBMMQ-001,cpf-docs/evidence/qa/QA_PARALLEL_12WAY_QA-12F_f97655c/SOURCE_TRACE_MATRIX.csv,재개발 후 contract/fault/runtime 재검수
CPF-FR-014541,05-00014541,IBM MQ,Transaction,계약,미통과,아니오,QA12F-IBMMQ-001,cpf-docs/evidence/qa/QA_PARALLEL_12WAY_QA-12F_f97655c/SOURCE_TRACE_MATRIX.csv,재개발 후 contract/fault/runtime 재검수
CPF-FR-014542,05-00014542,IBM MQ,Transaction,기본 구현,미통과,아니오,QA12F-IBMMQ-001,cpf-docs/evidence/qa/QA_PARALLEL_12WAY_QA-12F_f97655c/SOURCE_TRACE_MATRIX.csv,재개발 후 contract/fault/runtime 재검수
CPF-FR-014543,05-00014543,IBM MQ,Transaction,상태·데이터,미통과,아니오,QA12F-IBMMQ-001,cpf-docs/evidence/qa/QA_PARALLEL_12WAY_QA-12F_f97655c/SOURCE_TRACE_MATRIX.csv,재개발 후 contract/fault/runtime 재검수
CPF-FR-014544,05-00014544,IBM MQ,Transaction,보안·권한,미통과,아니오,QA12F-IBMMQ-001,cpf-docs/evidence/qa/QA_PARALLEL_12WAY_QA-12F_f97655c/SOURCE_TRACE_MATRIX.csv,재개발 후 contract/fault/runtime 재검수
CPF-FR-014545,05-00014545,IBM MQ,Transaction,운영,미통과,아니오,QA12F-IBMMQ-001,cpf-docs/evidence/qa/QA_PARALLEL_12WAY_QA-12F_f97655c/SOURCE_TRACE_MATRIX.csv,재개발 후 contract/fault/runtime 재검수
CPF-FR-014546,10-00014546,IBM MQ,Transaction,실패·복구,미통과,아니오,QA12F-IBMMQ-001,cpf-docs/evidence/qa/QA_PARALLEL_12WAY_QA-12F_f97655c/SOURCE_TRACE_MATRIX.csv,재개발 후 contract/fault/runtime 재검수
CPF-FR-014547,05-00014547,IBM MQ,Transaction,호환·배포,미통과,아니오,QA12F-IBMMQ-001,cpf-docs/evidence/qa/QA_PARALLEL_12WAY_QA-12F_f97655c/SOURCE_TRACE_MATRIX.csv,재개발 후 contract/fault/runtime 재검수
CPF-FR-014548,10-00014548,IBM MQ,Transaction,검증·Evidence,미통과,아니오,QA12F-IBMMQ-001,cpf-docs/evidence/qa/QA_PARALLEL_12WAY_QA-12F_f97655c/SOURCE_TRACE_MATRIX.csv,재개발 후 contract/fault/runtime 재검수
CPF-FR-014549,05-00014549,IBM MQ,Acknowledgement,계약,미통과,아니오,QA12F-IBMMQ-001,cpf-docs/evidence/qa/QA_PARALLEL_12WAY_QA-12F_f97655c/SOURCE_TRACE_MATRIX.csv,재개발 후 contract/fault/runtime 재검수
CPF-FR-014550,05-00014550,IBM MQ,Acknowledgement,기본 구현,미통과,아니오,QA12F-IBMMQ-001,cpf-docs/evidence/qa/QA_PARALLEL_12WAY_QA-12F_f97655c/SOURCE_TRACE_MATRIX.csv,재개발 후 contract/fault/runtime 재검수
CPF-FR-014551,05-00014551,IBM MQ,Acknowledgement,상태·데이터,미통과,아니오,QA12F-IBMMQ-001,cpf-docs/evidence/qa/QA_PARALLEL_12WAY_QA-12F_f97655c/SOURCE_TRACE_MATRIX.csv,재개발 후 contract/fault/runtime 재검수
CPF-FR-014552,05-00014552,IBM MQ,Acknowledgement,보안·권한,미통과,아니오,QA12F-IBMMQ-001,cpf-docs/evidence/qa/QA_PARALLEL_12WAY_QA-12F_f97655c/SOURCE_TRACE_MATRIX.csv,재개발 후 contract/fault/runtime 재검수
CPF-FR-014553,05-00014553,IBM MQ,Acknowledgement,운영,미통과,아니오,QA12F-IBMMQ-001,cpf-docs/evidence/qa/QA_PARALLEL_12WAY_QA-12F_f97655c/SOURCE_TRACE_MATRIX.csv,재개발 후 contract/fault/runtime 재검수
CPF-FR-014554,10-00014554,IBM MQ,Acknowledgement,실패·복구,미통과,아니오,QA12F-IBMMQ-001,cpf-docs/evidence/qa/QA_PARALLEL_12WAY_QA-12F_f97655c/SOURCE_TRACE_MATRIX.csv,재개발 후 contract/fault/runtime 재검수
CPF-FR-014555,05-00014555,IBM MQ,Acknowledgement,호환·배포,미통과,아니오,QA12F-IBMMQ-001,cpf-docs/evidence/qa/QA_PARALLEL_12WAY_QA-12F_f97655c/SOURCE_TRACE_MATRIX.csv,재개발 후 contract/fault/runtime 재검수
CPF-FR-014556,10-00014556,IBM MQ,Acknowledgement,검증·Evidence,미통과,아니오,QA12F-IBMMQ-001,cpf-docs/evidence/qa/QA_PARALLEL_12WAY_QA-12F_f97655c/SOURCE_TRACE_MATRIX.csv,재개발 후 contract/fault/runtime 재검수
CPF-FR-014557,05-00014557,IBM MQ,Redelivery,계약,미통과,아니오,QA12F-IBMMQ-001,cpf-docs/evidence/qa/QA_PARALLEL_12WAY_QA-12F_f97655c/SOURCE_TRACE_MATRIX.csv,재개발 후 contract/fault/runtime 재검수
CPF-FR-014558,05-00014558,IBM MQ,Redelivery,기본 구현,미통과,아니오,QA12F-IBMMQ-001,cpf-docs/evidence/qa/QA_PARALLEL_12WAY_QA-12F_f97655c/SOURCE_TRACE_MATRIX.csv,재개발 후 contract/fault/runtime 재검수
CPF-FR-014559,05-00014559,IBM MQ,Redelivery,상태·데이터,미통과,아니오,QA12F-IBMMQ-001,cpf-docs/evidence/qa/QA_PARALLEL_12WAY_QA-12F_f97655c/SOURCE_TRACE_MATRIX.csv,재개발 후 contract/fault/runtime 재검수
CPF-FR-014560,05-00014560,IBM MQ,Redelivery,보안·권한,미통과,아니오,QA12F-IBMMQ-001,cpf-docs/evidence/qa/QA_PARALLEL_12WAY_QA-12F_f97655c/SOURCE_TRACE_MATRIX.csv,재개발 후 contract/fault/runtime 재검수
CPF-FR-014561,05-00014561,IBM MQ,Redelivery,운영,미통과,아니오,QA12F-IBMMQ-001,cpf-docs/evidence/qa/QA_PARALLEL_12WAY_QA-12F_f97655c/SOURCE_TRACE_MATRIX.csv,재개발 후 contract/fault/runtime 재검수
CPF-FR-014562,10-00014562,IBM MQ,Redelivery,실패·복구,미통과,아니오,QA12F-IBMMQ-001,cpf-docs/evidence/qa/QA_PARALLEL_12WAY_QA-12F_f97655c/SOURCE_TRACE_MATRIX.csv,재개발 후 contract/fault/runtime 재검수
CPF-FR-014563,05-00014563,IBM MQ,Redelivery,호환·배포,미통과,아니오,QA12F-IBMMQ-001,cpf-docs/evidence/qa/QA_PARALLEL_12WAY_QA-12F_f97655c/SOURCE_TRACE_MATRIX.csv,재개발 후 contract/fault/runtime 재검수
CPF-FR-014564,10-00014564,IBM MQ,Redelivery,검증·Evidence,미통과,아니오,QA12F-IBMMQ-001,cpf-docs/evidence/qa/QA_PARALLEL_12WAY_QA-12F_f97655c/SOURCE_TRACE_MATRIX.csv,재개발 후 contract/fault/runtime 재검수
CPF-FR-014565,05-00014565,IBM MQ,Duplicate Handling,계약,미통과,아니오,QA12F-IBMMQ-001,cpf-docs/evidence/qa/QA_PARALLEL_12WAY_QA-12F_f97655c/SOURCE_TRACE_MATRIX.csv,재개발 후 contract/fault/runtime 재검수
CPF-FR-014566,05-00014566,IBM MQ,Duplicate Handling,기본 구현,미통과,아니오,QA12F-IBMMQ-001,cpf-docs/evidence/qa/QA_PARALLEL_12WAY_QA-12F_f97655c/SOURCE_TRACE_MATRIX.csv,재개발 후 contract/fault/runtime 재검수
CPF-FR-014567,05-00014567,IBM MQ,Duplicate Handling,상태·데이터,미통과,아니오,QA12F-IBMMQ-001,cpf-docs/evidence/qa/QA_PARALLEL_12WAY_QA-12F_f97655c/SOURCE_TRACE_MATRIX.csv,재개발 후 contract/fault/runtime 재검수
CPF-FR-014568,05-00014568,IBM MQ,Duplicate Handling,보안·권한,미통과,아니오,QA12F-IBMMQ-001,cpf-docs/evidence/qa/QA_PARALLEL_12WAY_QA-12F_f97655c/SOURCE_TRACE_MATRIX.csv,재개발 후 contract/fault/runtime 재검수
CPF-FR-014569,05-00014569,IBM MQ,Duplicate Handling,운영,미통과,아니오,QA12F-IBMMQ-001,cpf-docs/evidence/qa/QA_PARALLEL_12WAY_QA-12F_f97655c/SOURCE_TRACE_MATRIX.csv,재개발 후 contract/fault/runtime 재검수
CPF-FR-014570,10-00014570,IBM MQ,Duplicate Handling,실패·복구,미통과,아니오,QA12F-IBMMQ-001,cpf-docs/evidence/qa/QA_PARALLEL_12WAY_QA-12F_f97655c/SOURCE_TRACE_MATRIX.csv,재개발 후 contract/fault/runtime 재검수
CPF-FR-014571,05-00014571,IBM MQ,Duplicate Handling,호환·배포,미통과,아니오,QA12F-IBMMQ-001,cpf-docs/evidence/qa/QA_PARALLEL_12WAY_QA-12F_f97655c/SOURCE_TRACE_MATRIX.csv,재개발 후 contract/fault/runtime 재검수
CPF-FR-014572,10-00014572,IBM MQ,Duplicate Handling,검증·Evidence,미통과,아니오,QA12F-IBMMQ-001,cpf-docs/evidence/qa/QA_PARALLEL_12WAY_QA-12F_f97655c/SOURCE_TRACE_MATRIX.csv,재개발 후 contract/fault/runtime 재검수
CPF-FR-014573,05-00014573,IBM MQ,Ordering,계약,미통과,아니오,QA12F-IBMMQ-001,cpf-docs/evidence/qa/QA_PARALLEL_12WAY_QA-12F_f97655c/SOURCE_TRACE_MATRIX.csv,재개발 후 contract/fault/runtime 재검수
CPF-FR-014574,05-00014574,IBM MQ,Ordering,기본 구현,미통과,아니오,QA12F-IBMMQ-001,cpf-docs/evidence/qa/QA_PARALLEL_12WAY_QA-12F_f97655c/SOURCE_TRACE_MATRIX.csv,재개발 후 contract/fault/runtime 재검수
CPF-FR-014575,05-00014575,IBM MQ,Ordering,상태·데이터,미통과,아니오,QA12F-IBMMQ-001,cpf-docs/evidence/qa/QA_PARALLEL_12WAY_QA-12F_f97655c/SOURCE_TRACE_MATRIX.csv,재개발 후 contract/fault/runtime 재검수
CPF-FR-014576,05-00014576,IBM MQ,Ordering,보안·권한,미통과,아니오,QA12F-IBMMQ-001,cpf-docs/evidence/qa/QA_PARALLEL_12WAY_QA-12F_f97655c/SOURCE_TRACE_MATRIX.csv,재개발 후 contract/fault/runtime 재검수
CPF-FR-014577,05-00014577,IBM MQ,Ordering,운영,미통과,아니오,QA12F-IBMMQ-001,cpf-docs/evidence/qa/QA_PARALLEL_12WAY_QA-12F_f97655c/SOURCE_TRACE_MATRIX.csv,재개발 후 contract/fault/runtime 재검수
CPF-FR-014578,10-00014578,IBM MQ,Ordering,실패·복구,미통과,아니오,QA12F-IBMMQ-001,cpf-docs/evidence/qa/QA_PARALLEL_12WAY_QA-12F_f97655c/SOURCE_TRACE_MATRIX.csv,재개발 후 contract/fault/runtime 재검수
CPF-FR-014579,05-00014579,IBM MQ,Ordering,호환·배포,미통과,아니오,QA12F-IBMMQ-001,cpf-docs/evidence/qa/QA_PARALLEL_12WAY_QA-12F_f97655c/SOURCE_TRACE_MATRIX.csv,재개발 후 contract/fault/runtime 재검수
CPF-FR-014580,10-00014580,IBM MQ,Ordering,검증·Evidence,미통과,아니오,QA12F-IBMMQ-001,cpf-docs/evidence/qa/QA_PARALLEL_12WAY_QA-12F_f97655c/SOURCE_TRACE_MATRIX.csv,재개발 후 contract/fault/runtime 재검수
CPF-FR-014581,05-00014581,IBM MQ,Backpressure,계약,미통과,아니오,QA12F-IBMMQ-001,cpf-docs/evidence/qa/QA_PARALLEL_12WAY_QA-12F_f97655c/SOURCE_TRACE_MATRIX.csv,재개발 후 contract/fault/runtime 재검수
CPF-FR-014582,05-00014582,IBM MQ,Backpressure,기본 구현,미통과,아니오,QA12F-IBMMQ-001,cpf-docs/evidence/qa/QA_PARALLEL_12WAY_QA-12F_f97655c/SOURCE_TRACE_MATRIX.csv,재개발 후 contract/fault/runtime 재검수
CPF-FR-014583,05-00014583,IBM MQ,Backpressure,상태·데이터,미통과,아니오,QA12F-IBMMQ-001,cpf-docs/evidence/qa/QA_PARALLEL_12WAY_QA-12F_f97655c/SOURCE_TRACE_MATRIX.csv,재개발 후 contract/fault/runtime 재검수
CPF-FR-014584,05-00014584,IBM MQ,Backpressure,보안·권한,미통과,아니오,QA12F-IBMMQ-001,cpf-docs/evidence/qa/QA_PARALLEL_12WAY_QA-12F_f97655c/SOURCE_TRACE_MATRIX.csv,재개발 후 contract/fault/runtime 재검수
CPF-FR-014585,05-00014585,IBM MQ,Backpressure,운영,미통과,아니오,QA12F-IBMMQ-001,cpf-docs/evidence/qa/QA_PARALLEL_12WAY_QA-12F_f97655c/SOURCE_TRACE_MATRIX.csv,재개발 후 contract/fault/runtime 재검수
CPF-FR-014586,10-00014586,IBM MQ,Backpressure,실패·복구,미통과,아니오,QA12F-IBMMQ-001,cpf-docs/evidence/qa/QA_PARALLEL_12WAY_QA-12F_f97655c/SOURCE_TRACE_MATRIX.csv,재개발 후 contract/fault/runtime 재검수
CPF-FR-014587,05-00014587,IBM MQ,Backpressure,호환·배포,미통과,아니오,QA12F-IBMMQ-001,cpf-docs/evidence/qa/QA_PARALLEL_12WAY_QA-12F_f97655c/SOURCE_TRACE_MATRIX.csv,재개발 후 contract/fault/runtime 재검수
CPF-FR-014588,10-00014588,IBM MQ,Backpressure,검증·Evidence,미통과,아니오,QA12F-IBMMQ-001,cpf-docs/evidence/qa/QA_PARALLEL_12WAY_QA-12F_f97655c/SOURCE_TRACE_MATRIX.csv,재개발 후 contract/fault/runtime 재검수
CPF-FR-014589,05-00014589,IBM MQ,Health,계약,미통과,아니오,QA12F-IBMMQ-001,cpf-docs/evidence/qa/QA_PARALLEL_12WAY_QA-12F_f97655c/SOURCE_TRACE_MATRIX.csv,재개발 후 contract/fault/runtime 재검수
CPF-FR-014590,05-00014590,IBM MQ,Health,기본 구현,미통과,아니오,QA12F-IBMMQ-001,cpf-docs/evidence/qa/QA_PARALLEL_12WAY_QA-12F_f97655c/SOURCE_TRACE_MATRIX.csv,재개발 후 contract/fault/runtime 재검수
CPF-FR-014591,05-00014591,IBM MQ,Health,상태·데이터,미통과,아니오,QA12F-IBMMQ-001,cpf-docs/evidence/qa/QA_PARALLEL_12WAY_QA-12F_f97655c/SOURCE_TRACE_MATRIX.csv,재개발 후 contract/fault/runtime 재검수
CPF-FR-014592,05-00014592,IBM MQ,Health,보안·권한,미통과,아니오,QA12F-IBMMQ-001,cpf-docs/evidence/qa/QA_PARALLEL_12WAY_QA-12F_f97655c/SOURCE_TRACE_MATRIX.csv,재개발 후 contract/fault/runtime 재검수
CPF-FR-014593,05-00014593,IBM MQ,Health,운영,미통과,아니오,QA12F-IBMMQ-001,cpf-docs/evidence/qa/QA_PARALLEL_12WAY_QA-12F_f97655c/SOURCE_TRACE_MATRIX.csv,재개발 후 contract/fault/runtime 재검수
CPF-FR-014594,10-00014594,IBM MQ,Health,실패·복구,미통과,아니오,QA12F-IBMMQ-001,cpf-docs/evidence/qa/QA_PARALLEL_12WAY_QA-12F_f97655c/SOURCE_TRACE_MATRIX.csv,재개발 후 contract/fault/runtime 재검수
CPF-FR-014595,05-00014595,IBM MQ,Health,호환·배포,미통과,아니오,QA12F-IBMMQ-001,cpf-docs/evidence/qa/QA_PARALLEL_12WAY_QA-12F_f97655c/SOURCE_TRACE_MATRIX.csv,재개발 후 contract/fault/runtime 재검수
CPF-FR-014596,10-00014596,IBM MQ,Health,검증·Evidence,미통과,아니오,QA12F-IBMMQ-001,cpf-docs/evidence/qa/QA_PARALLEL_12WAY_QA-12F_f97655c/SOURCE_TRACE_MATRIX.csv,재개발 후 contract/fault/runtime 재검수
CPF-FR-014597,05-00014597,IBM MQ,Reconnect,계약,미통과,아니오,QA12F-IBMMQ-001,cpf-docs/evidence/qa/QA_PARALLEL_12WAY_QA-12F_f97655c/SOURCE_TRACE_MATRIX.csv,재개발 후 contract/fault/runtime 재검수
CPF-FR-014598,05-00014598,IBM MQ,Reconnect,기본 구현,미통과,아니오,QA12F-IBMMQ-001,cpf-docs/evidence/qa/QA_PARALLEL_12WAY_QA-12F_f97655c/SOURCE_TRACE_MATRIX.csv,재개발 후 contract/fault/runtime 재검수
CPF-FR-014599,05-00014599,IBM MQ,Reconnect,상태·데이터,미통과,아니오,QA12F-IBMMQ-001,cpf-docs/evidence/qa/QA_PARALLEL_12WAY_QA-12F_f97655c/SOURCE_TRACE_MATRIX.csv,재개발 후 contract/fault/runtime 재검수
CPF-FR-014600,05-00014600,IBM MQ,Reconnect,보안·권한,미통과,아니오,QA12F-IBMMQ-001,cpf-docs/evidence/qa/QA_PARALLEL_12WAY_QA-12F_f97655c/SOURCE_TRACE_MATRIX.csv,재개발 후 contract/fault/runtime 재검수
CPF-FR-014601,05-00014601,IBM MQ,Reconnect,운영,미통과,아니오,QA12F-IBMMQ-001,cpf-docs/evidence/qa/QA_PARALLEL_12WAY_QA-12F_f97655c/SOURCE_TRACE_MATRIX.csv,재개발 후 contract/fault/runtime 재검수
CPF-FR-014602,10-00014602,IBM MQ,Reconnect,실패·복구,미통과,아니오,QA12F-IBMMQ-001,cpf-docs/evidence/qa/QA_PARALLEL_12WAY_QA-12F_f97655c/SOURCE_TRACE_MATRIX.csv,재개발 후 contract/fault/runtime 재검수
CPF-FR-014603,05-00014603,IBM MQ,Reconnect,호환·배포,미통과,아니오,QA12F-IBMMQ-001,cpf-docs/evidence/qa/QA_PARALLEL_12WAY_QA-12F_f97655c/SOURCE_TRACE_MATRIX.csv,재개발 후 contract/fault/runtime 재검수
CPF-FR-014604,10-00014604,IBM MQ,Reconnect,검증·Evidence,미통과,아니오,QA12F-IBMMQ-001,cpf-docs/evidence/qa/QA_PARALLEL_12WAY_QA-12F_f97655c/SOURCE_TRACE_MATRIX.csv,재개발 후 contract/fault/runtime 재검수
CPF-FR-014605,05-00014605,IBM MQ,Provider Error Mapping,계약,미검증,아니오,QA12F-IBMMQ-001,cpf-docs/evidence/qa/QA_PARALLEL_12WAY_QA-12F_f97655c/SOURCE_TRACE_MATRIX.csv,목표 환경 또는 동등 Harness 실행
CPF-FR-014606,05-00014606,IBM MQ,Provider Error Mapping,기본 구현,미검증,아니오,QA12F-IBMMQ-001,cpf-docs/evidence/qa/QA_PARALLEL_12WAY_QA-12F_f97655c/SOURCE_TRACE_MATRIX.csv,목표 환경 또는 동등 Harness 실행
CPF-FR-014607,05-00014607,IBM MQ,Provider Error Mapping,상태·데이터,미검증,아니오,QA12F-IBMMQ-001,cpf-docs/evidence/qa/QA_PARALLEL_12WAY_QA-12F_f97655c/SOURCE_TRACE_MATRIX.csv,목표 환경 또는 동등 Harness 실행
CPF-FR-014608,05-00014608,IBM MQ,Provider Error Mapping,보안·권한,미검증,아니오,QA12F-IBMMQ-001,cpf-docs/evidence/qa/QA_PARALLEL_12WAY_QA-12F_f97655c/SOURCE_TRACE_MATRIX.csv,목표 환경 또는 동등 Harness 실행
CPF-FR-014609,05-00014609,IBM MQ,Provider Error Mapping,운영,미검증,아니오,QA12F-IBMMQ-001,cpf-docs/evidence/qa/QA_PARALLEL_12WAY_QA-12F_f97655c/SOURCE_TRACE_MATRIX.csv,목표 환경 또는 동등 Harness 실행
CPF-FR-014610,10-00014610,IBM MQ,Provider Error Mapping,실패·복구,미검증,아니오,QA12F-IBMMQ-001,cpf-docs/evidence/qa/QA_PARALLEL_12WAY_QA-12F_f97655c/SOURCE_TRACE_MATRIX.csv,목표 환경 또는 동등 Harness 실행
CPF-FR-014611,05-00014611,IBM MQ,Provider Error Mapping,호환·배포,미검증,아니오,QA12F-IBMMQ-001,cpf-docs/evidence/qa/QA_PARALLEL_12WAY_QA-12F_f97655c/SOURCE_TRACE_MATRIX.csv,목표 환경 또는 동등 Harness 실행
CPF-FR-014612,10-00014612,IBM MQ,Provider Error Mapping,검증·Evidence,미검증,아니오,QA12F-IBMMQ-001,cpf-docs/evidence/qa/QA_PARALLEL_12WAY_QA-12F_f97655c/SOURCE_TRACE_MATRIX.csv,목표 환경 또는 동등 Harness 실행
CPF-FR-014613,05-00014613,IBM MQ,Metrics,계약,미통과,아니오,QA12F-IBMMQ-001,cpf-docs/evidence/qa/QA_PARALLEL_12WAY_QA-12F_f97655c/SOURCE_TRACE_MATRIX.csv,재개발 후 contract/fault/runtime 재검수
CPF-FR-014614,05-00014614,IBM MQ,Metrics,기본 구현,미통과,아니오,QA12F-IBMMQ-001,cpf-docs/evidence/qa/QA_PARALLEL_12WAY_QA-12F_f97655c/SOURCE_TRACE_MATRIX.csv,재개발 후 contract/fault/runtime 재검수
CPF-FR-014615,05-00014615,IBM MQ,Metrics,상태·데이터,미통과,아니오,QA12F-IBMMQ-001,cpf-docs/evidence/qa/QA_PARALLEL_12WAY_QA-12F_f97655c/SOURCE_TRACE_MATRIX.csv,재개발 후 contract/fault/runtime 재검수
CPF-FR-014616,05-00014616,IBM MQ,Metrics,보안·권한,미통과,아니오,QA12F-IBMMQ-001,cpf-docs/evidence/qa/QA_PARALLEL_12WAY_QA-12F_f97655c/SOURCE_TRACE_MATRIX.csv,재개발 후 contract/fault/runtime 재검수
CPF-FR-014617,05-00014617,IBM MQ,Metrics,운영,미통과,아니오,QA12F-IBMMQ-001,cpf-docs/evidence/qa/QA_PARALLEL_12WAY_QA-12F_f97655c/SOURCE_TRACE_MATRIX.csv,재개발 후 contract/fault/runtime 재검수
CPF-FR-014618,10-00014618,IBM MQ,Metrics,실패·복구,미통과,아니오,QA12F-IBMMQ-001,cpf-docs/evidence/qa/QA_PARALLEL_12WAY_QA-12F_f97655c/SOURCE_TRACE_MATRIX.csv,재개발 후 contract/fault/runtime 재검수
CPF-FR-014619,05-00014619,IBM MQ,Metrics,호환·배포,미통과,아니오,QA12F-IBMMQ-001,cpf-docs/evidence/qa/QA_PARALLEL_12WAY_QA-12F_f97655c/SOURCE_TRACE_MATRIX.csv,재개발 후 contract/fault/runtime 재검수
CPF-FR-014620,10-00014620,IBM MQ,Metrics,검증·Evidence,미통과,아니오,QA12F-IBMMQ-001,cpf-docs/evidence/qa/QA_PARALLEL_12WAY_QA-12F_f97655c/SOURCE_TRACE_MATRIX.csv,재개발 후 contract/fault/runtime 재검수
CPF-FR-014621,05-00014621,IBM MQ,Operations Status,계약,미통과,아니오,QA12F-IBMMQ-001,cpf-docs/evidence/qa/QA_PARALLEL_12WAY_QA-12F_f97655c/SOURCE_TRACE_MATRIX.csv,재개발 후 contract/fault/runtime 재검수
CPF-FR-014622,05-00014622,IBM MQ,Operations Status,기본 구현,미통과,아니오,QA12F-IBMMQ-001,cpf-docs/evidence/qa/QA_PARALLEL_12WAY_QA-12F_f97655c/SOURCE_TRACE_MATRIX.csv,재개발 후 contract/fault/runtime 재검수
CPF-FR-014623,05-00014623,IBM MQ,Operations Status,상태·데이터,미통과,아니오,QA12F-IBMMQ-001,cpf-docs/evidence/qa/QA_PARALLEL_12WAY_QA-12F_f97655c/SOURCE_TRACE_MATRIX.csv,재개발 후 contract/fault/runtime 재검수
CPF-FR-014624,05-00014624,IBM MQ,Operations Status,보안·권한,미통과,아니오,QA12F-IBMMQ-001,cpf-docs/evidence/qa/QA_PARALLEL_12WAY_QA-12F_f97655c/SOURCE_TRACE_MATRIX.csv,재개발 후 contract/fault/runtime 재검수
CPF-FR-014625,05-00014625,IBM MQ,Operations Status,운영,미통과,아니오,QA12F-IBMMQ-001,cpf-docs/evidence/qa/QA_PARALLEL_12WAY_QA-12F_f97655c/SOURCE_TRACE_MATRIX.csv,재개발 후 contract/fault/runtime 재검수
CPF-FR-014626,10-00014626,IBM MQ,Operations Status,실패·복구,미통과,아니오,QA12F-IBMMQ-001,cpf-docs/evidence/qa/QA_PARALLEL_12WAY_QA-12F_f97655c/SOURCE_TRACE_MATRIX.csv,재개발 후 contract/fault/runtime 재검수
CPF-FR-014627,05-00014627,IBM MQ,Operations Status,호환·배포,미통과,아니오,QA12F-IBMMQ-001,cpf-docs/evidence/qa/QA_PARALLEL_12WAY_QA-12F_f97655c/SOURCE_TRACE_MATRIX.csv,재개발 후 contract/fault/runtime 재검수
CPF-FR-014628,10-00014628,IBM MQ,Operations Status,검증·Evidence,미통과,아니오,QA12F-IBMMQ-001,cpf-docs/evidence/qa/QA_PARALLEL_12WAY_QA-12F_f97655c/SOURCE_TRACE_MATRIX.csv,재개발 후 contract/fault/runtime 재검수
CPF-FR-014629,05-00014629,Outbox,Inbox / DLQ / Outbox Insert,계약,미검증,아니오,QA12F-OUTBOX-003,cpf-docs/evidence/qa/QA_PARALLEL_12WAY_QA-12F_f97655c/SOURCE_TRACE_MATRIX.csv,목표 환경 또는 동등 Harness 실행
CPF-FR-014630,05-00014630,Outbox,Inbox / DLQ / Outbox Insert,기본 구현,미검증,아니오,QA12F-OUTBOX-003,cpf-docs/evidence/qa/QA_PARALLEL_12WAY_QA-12F_f97655c/SOURCE_TRACE_MATRIX.csv,목표 환경 또는 동등 Harness 실행
CPF-FR-014631,05-00014631,Outbox,Inbox / DLQ / Outbox Insert,상태·데이터,미검증,아니오,QA12F-OUTBOX-003,cpf-docs/evidence/qa/QA_PARALLEL_12WAY_QA-12F_f97655c/SOURCE_TRACE_MATRIX.csv,목표 환경 또는 동등 Harness 실행
CPF-FR-014632,05-00014632,Outbox,Inbox / DLQ / Outbox Insert,보안·권한,미검증,아니오,QA12F-OUTBOX-003,cpf-docs/evidence/qa/QA_PARALLEL_12WAY_QA-12F_f97655c/SOURCE_TRACE_MATRIX.csv,목표 환경 또는 동등 Harness 실행
CPF-FR-014633,05-00014633,Outbox,Inbox / DLQ / Outbox Insert,운영,미검증,아니오,QA12F-OUTBOX-003,cpf-docs/evidence/qa/QA_PARALLEL_12WAY_QA-12F_f97655c/SOURCE_TRACE_MATRIX.csv,목표 환경 또는 동등 Harness 실행
CPF-FR-014634,10-00014634,Outbox,Inbox / DLQ / Outbox Insert,실패·복구,미검증,아니오,QA12F-OUTBOX-003,cpf-docs/evidence/qa/QA_PARALLEL_12WAY_QA-12F_f97655c/SOURCE_TRACE_MATRIX.csv,목표 환경 또는 동등 Harness 실행
CPF-FR-014635,05-00014635,Outbox,Inbox / DLQ / Outbox Insert,호환·배포,미검증,아니오,QA12F-OUTBOX-003,cpf-docs/evidence/qa/QA_PARALLEL_12WAY_QA-12F_f97655c/SOURCE_TRACE_MATRIX.csv,목표 환경 또는 동등 Harness 실행
CPF-FR-014636,10-00014636,Outbox,Inbox / DLQ / Outbox Insert,검증·Evidence,미검증,아니오,QA12F-OUTBOX-003,cpf-docs/evidence/qa/QA_PARALLEL_12WAY_QA-12F_f97655c/SOURCE_TRACE_MATRIX.csv,목표 환경 또는 동등 Harness 실행
CPF-FR-014637,05-00014637,Outbox,Inbox / DLQ / Outbox Claim,계약,미검증,아니오,QA12F-OUTBOX-003,cpf-docs/evidence/qa/QA_PARALLEL_12WAY_QA-12F_f97655c/SOURCE_TRACE_MATRIX.csv,목표 환경 또는 동등 Harness 실행
CPF-FR-014638,05-00014638,Outbox,Inbox / DLQ / Outbox Claim,기본 구현,미검증,아니오,QA12F-OUTBOX-003,cpf-docs/evidence/qa/QA_PARALLEL_12WAY_QA-12F_f97655c/SOURCE_TRACE_MATRIX.csv,목표 환경 또는 동등 Harness 실행
CPF-FR-014639,05-00014639,Outbox,Inbox / DLQ / Outbox Claim,상태·데이터,미검증,아니오,QA12F-OUTBOX-003,cpf-docs/evidence/qa/QA_PARALLEL_12WAY_QA-12F_f97655c/SOURCE_TRACE_MATRIX.csv,목표 환경 또는 동등 Harness 실행
CPF-FR-014640,05-00014640,Outbox,Inbox / DLQ / Outbox Claim,보안·권한,미검증,아니오,QA12F-OUTBOX-003,cpf-docs/evidence/qa/QA_PARALLEL_12WAY_QA-12F_f97655c/SOURCE_TRACE_MATRIX.csv,목표 환경 또는 동등 Harness 실행
CPF-FR-014641,05-00014641,Outbox,Inbox / DLQ / Outbox Claim,운영,미검증,아니오,QA12F-OUTBOX-003,cpf-docs/evidence/qa/QA_PARALLEL_12WAY_QA-12F_f97655c/SOURCE_TRACE_MATRIX.csv,목표 환경 또는 동등 Harness 실행
CPF-FR-014642,10-00014642,Outbox,Inbox / DLQ / Outbox Claim,실패·복구,미검증,아니오,QA12F-OUTBOX-003,cpf-docs/evidence/qa/QA_PARALLEL_12WAY_QA-12F_f97655c/SOURCE_TRACE_MATRIX.csv,목표 환경 또는 동등 Harness 실행
CPF-FR-014643,05-00014643,Outbox,Inbox / DLQ / Outbox Claim,호환·배포,미검증,아니오,QA12F-OUTBOX-003,cpf-docs/evidence/qa/QA_PARALLEL_12WAY_QA-12F_f97655c/SOURCE_TRACE_MATRIX.csv,목표 환경 또는 동등 Harness 실행
CPF-FR-014644,10-00014644,Outbox,Inbox / DLQ / Outbox Claim,검증·Evidence,미검증,아니오,QA12F-OUTBOX-003,cpf-docs/evidence/qa/QA_PARALLEL_12WAY_QA-12F_f97655c/SOURCE_TRACE_MATRIX.csv,목표 환경 또는 동등 Harness 실행
CPF-FR-014645,05-00014645,Outbox,Inbox / DLQ / Lease Reclaim,계약,미검증,아니오,QA12F-OUTBOX-003,cpf-docs/evidence/qa/QA_PARALLEL_12WAY_QA-12F_f97655c/SOURCE_TRACE_MATRIX.csv,목표 환경 또는 동등 Harness 실행
CPF-FR-014646,05-00014646,Outbox,Inbox / DLQ / Lease Reclaim,기본 구현,미검증,아니오,QA12F-OUTBOX-003,cpf-docs/evidence/qa/QA_PARALLEL_12WAY_QA-12F_f97655c/SOURCE_TRACE_MATRIX.csv,목표 환경 또는 동등 Harness 실행
CPF-FR-014647,05-00014647,Outbox,Inbox / DLQ / Lease Reclaim,상태·데이터,미검증,아니오,QA12F-OUTBOX-003,cpf-docs/evidence/qa/QA_PARALLEL_12WAY_QA-12F_f97655c/SOURCE_TRACE_MATRIX.csv,목표 환경 또는 동등 Harness 실행
CPF-FR-014648,05-00014648,Outbox,Inbox / DLQ / Lease Reclaim,보안·권한,미검증,아니오,QA12F-OUTBOX-003,cpf-docs/evidence/qa/QA_PARALLEL_12WAY_QA-12F_f97655c/SOURCE_TRACE_MATRIX.csv,목표 환경 또는 동등 Harness 실행
CPF-FR-014649,05-00014649,Outbox,Inbox / DLQ / Lease Reclaim,운영,미검증,아니오,QA12F-OUTBOX-003,cpf-docs/evidence/qa/QA_PARALLEL_12WAY_QA-12F_f97655c/SOURCE_TRACE_MATRIX.csv,목표 환경 또는 동등 Harness 실행
CPF-FR-014650,10-00014650,Outbox,Inbox / DLQ / Lease Reclaim,실패·복구,미검증,아니오,QA12F-OUTBOX-003,cpf-docs/evidence/qa/QA_PARALLEL_12WAY_QA-12F_f97655c/SOURCE_TRACE_MATRIX.csv,목표 환경 또는 동등 Harness 실행
CPF-FR-014651,05-00014651,Outbox,Inbox / DLQ / Lease Reclaim,호환·배포,미검증,아니오,QA12F-OUTBOX-003,cpf-docs/evidence/qa/QA_PARALLEL_12WAY_QA-12F_f97655c/SOURCE_TRACE_MATRIX.csv,목표 환경 또는 동등 Harness 실행
CPF-FR-014652,10-00014652,Outbox,Inbox / DLQ / Lease Reclaim,검증·Evidence,미검증,아니오,QA12F-OUTBOX-003,cpf-docs/evidence/qa/QA_PARALLEL_12WAY_QA-12F_f97655c/SOURCE_TRACE_MATRIX.csv,목표 환경 또는 동등 Harness 실행
CPF-FR-014653,05-00014653,Outbox,Inbox / DLQ / Stable Message ID,계약,미검증,아니오,QA12F-OUTBOX-003,cpf-docs/evidence/qa/QA_PARALLEL_12WAY_QA-12F_f97655c/SOURCE_TRACE_MATRIX.csv,목표 환경 또는 동등 Harness 실행
CPF-FR-014654,05-00014654,Outbox,Inbox / DLQ / Stable Message ID,기본 구현,미검증,아니오,QA12F-OUTBOX-003,cpf-docs/evidence/qa/QA_PARALLEL_12WAY_QA-12F_f97655c/SOURCE_TRACE_MATRIX.csv,목표 환경 또는 동등 Harness 실행
CPF-FR-014655,05-00014655,Outbox,Inbox / DLQ / Stable Message ID,상태·데이터,미검증,아니오,QA12F-OUTBOX-003,cpf-docs/evidence/qa/QA_PARALLEL_12WAY_QA-12F_f97655c/SOURCE_TRACE_MATRIX.csv,목표 환경 또는 동등 Harness 실행
CPF-FR-014656,05-00014656,Outbox,Inbox / DLQ / Stable Message ID,보안·권한,미검증,아니오,QA12F-OUTBOX-003,cpf-docs/evidence/qa/QA_PARALLEL_12WAY_QA-12F_f97655c/SOURCE_TRACE_MATRIX.csv,목표 환경 또는 동등 Harness 실행
CPF-FR-014657,05-00014657,Outbox,Inbox / DLQ / Stable Message ID,운영,미검증,아니오,QA12F-OUTBOX-003,cpf-docs/evidence/qa/QA_PARALLEL_12WAY_QA-12F_f97655c/SOURCE_TRACE_MATRIX.csv,목표 환경 또는 동등 Harness 실행
CPF-FR-014658,10-00014658,Outbox,Inbox / DLQ / Stable Message ID,실패·복구,미검증,아니오,QA12F-OUTBOX-003,cpf-docs/evidence/qa/QA_PARALLEL_12WAY_QA-12F_f97655c/SOURCE_TRACE_MATRIX.csv,목표 환경 또는 동등 Harness 실행
CPF-FR-014659,05-00014659,Outbox,Inbox / DLQ / Stable Message ID,호환·배포,미검증,아니오,QA12F-OUTBOX-003,cpf-docs/evidence/qa/QA_PARALLEL_12WAY_QA-12F_f97655c/SOURCE_TRACE_MATRIX.csv,목표 환경 또는 동등 Harness 실행
CPF-FR-014660,10-00014660,Outbox,Inbox / DLQ / Stable Message ID,검증·Evidence,미검증,아니오,QA12F-OUTBOX-003,cpf-docs/evidence/qa/QA_PARALLEL_12WAY_QA-12F_f97655c/SOURCE_TRACE_MATRIX.csv,목표 환경 또는 동등 Harness 실행
CPF-FR-014661,05-00014661,Outbox,Inbox / DLQ / Publish,계약,미검증,아니오,QA12F-OUTBOX-003,cpf-docs/evidence/qa/QA_PARALLEL_12WAY_QA-12F_f97655c/SOURCE_TRACE_MATRIX.csv,목표 환경 또는 동등 Harness 실행
CPF-FR-014662,05-00014662,Outbox,Inbox / DLQ / Publish,기본 구현,미검증,아니오,QA12F-OUTBOX-003,cpf-docs/evidence/qa/QA_PARALLEL_12WAY_QA-12F_f97655c/SOURCE_TRACE_MATRIX.csv,목표 환경 또는 동등 Harness 실행
CPF-FR-014663,05-00014663,Outbox,Inbox / DLQ / Publish,상태·데이터,미검증,아니오,QA12F-OUTBOX-003,cpf-docs/evidence/qa/QA_PARALLEL_12WAY_QA-12F_f97655c/SOURCE_TRACE_MATRIX.csv,목표 환경 또는 동등 Harness 실행
CPF-FR-014664,05-00014664,Outbox,Inbox / DLQ / Publish,보안·권한,미검증,아니오,QA12F-OUTBOX-003,cpf-docs/evidence/qa/QA_PARALLEL_12WAY_QA-12F_f97655c/SOURCE_TRACE_MATRIX.csv,목표 환경 또는 동등 Harness 실행
CPF-FR-014665,05-00014665,Outbox,Inbox / DLQ / Publish,운영,미검증,아니오,QA12F-OUTBOX-003,cpf-docs/evidence/qa/QA_PARALLEL_12WAY_QA-12F_f97655c/SOURCE_TRACE_MATRIX.csv,목표 환경 또는 동등 Harness 실행
CPF-FR-014666,10-00014666,Outbox,Inbox / DLQ / Publish,실패·복구,미검증,아니오,QA12F-OUTBOX-003,cpf-docs/evidence/qa/QA_PARALLEL_12WAY_QA-12F_f97655c/SOURCE_TRACE_MATRIX.csv,목표 환경 또는 동등 Harness 실행
CPF-FR-014667,05-00014667,Outbox,Inbox / DLQ / Publish,호환·배포,미검증,아니오,QA12F-OUTBOX-003,cpf-docs/evidence/qa/QA_PARALLEL_12WAY_QA-12F_f97655c/SOURCE_TRACE_MATRIX.csv,목표 환경 또는 동등 Harness 실행
CPF-FR-014668,10-00014668,Outbox,Inbox / DLQ / Publish,검증·Evidence,미검증,아니오,QA12F-OUTBOX-003,cpf-docs/evidence/qa/QA_PARALLEL_12WAY_QA-12F_f97655c/SOURCE_TRACE_MATRIX.csv,목표 환경 또는 동등 Harness 실행
CPF-FR-014669,05-00014669,Outbox,Inbox / DLQ / ACK Loss,계약,미검증,아니오,QA12F-OUTBOX-003,cpf-docs/evidence/qa/QA_PARALLEL_12WAY_QA-12F_f97655c/SOURCE_TRACE_MATRIX.csv,목표 환경 또는 동등 Harness 실행
CPF-FR-014670,05-00014670,Outbox,Inbox / DLQ / ACK Loss,기본 구현,미검증,아니오,QA12F-OUTBOX-003,cpf-docs/evidence/qa/QA_PARALLEL_12WAY_QA-12F_f97655c/SOURCE_TRACE_MATRIX.csv,목표 환경 또는 동등 Harness 실행
CPF-FR-014671,05-00014671,Outbox,Inbox / DLQ / ACK Loss,상태·데이터,미검증,아니오,QA12F-OUTBOX-003,cpf-docs/evidence/qa/QA_PARALLEL_12WAY_QA-12F_f97655c/SOURCE_TRACE_MATRIX.csv,목표 환경 또는 동등 Harness 실행
CPF-FR-014672,05-00014672,Outbox,Inbox / DLQ / ACK Loss,보안·권한,미검증,아니오,QA12F-OUTBOX-003,cpf-docs/evidence/qa/QA_PARALLEL_12WAY_QA-12F_f97655c/SOURCE_TRACE_MATRIX.csv,목표 환경 또는 동등 Harness 실행
CPF-FR-014673,05-00014673,Outbox,Inbox / DLQ / ACK Loss,운영,미검증,아니오,QA12F-OUTBOX-003,cpf-docs/evidence/qa/QA_PARALLEL_12WAY_QA-12F_f97655c/SOURCE_TRACE_MATRIX.csv,목표 환경 또는 동등 Harness 실행
CPF-FR-014674,10-00014674,Outbox,Inbox / DLQ / ACK Loss,실패·복구,미검증,아니오,QA12F-OUTBOX-003,cpf-docs/evidence/qa/QA_PARALLEL_12WAY_QA-12F_f97655c/SOURCE_TRACE_MATRIX.csv,목표 환경 또는 동등 Harness 실행
CPF-FR-014675,05-00014675,Outbox,Inbox / DLQ / ACK Loss,호환·배포,미검증,아니오,QA12F-OUTBOX-003,cpf-docs/evidence/qa/QA_PARALLEL_12WAY_QA-12F_f97655c/SOURCE_TRACE_MATRIX.csv,목표 환경 또는 동등 Harness 실행
CPF-FR-014676,10-00014676,Outbox,Inbox / DLQ / ACK Loss,검증·Evidence,미검증,아니오,QA12F-OUTBOX-003,cpf-docs/evidence/qa/QA_PARALLEL_12WAY_QA-12F_f97655c/SOURCE_TRACE_MATRIX.csv,목표 환경 또는 동등 Harness 실행
CPF-FR-014677,05-00014677,Outbox,Inbox / DLQ / UNKNOWN Publish,계약,미검증,아니오,QA12F-OUTBOX-003,cpf-docs/evidence/qa/QA_PARALLEL_12WAY_QA-12F_f97655c/SOURCE_TRACE_MATRIX.csv,목표 환경 또는 동등 Harness 실행
CPF-FR-014678,05-00014678,Outbox,Inbox / DLQ / UNKNOWN Publish,기본 구현,미검증,아니오,QA12F-OUTBOX-003,cpf-docs/evidence/qa/QA_PARALLEL_12WAY_QA-12F_f97655c/SOURCE_TRACE_MATRIX.csv,목표 환경 또는 동등 Harness 실행
CPF-FR-014679,05-00014679,Outbox,Inbox / DLQ / UNKNOWN Publish,상태·데이터,미검증,아니오,QA12F-OUTBOX-003,cpf-docs/evidence/qa/QA_PARALLEL_12WAY_QA-12F_f97655c/SOURCE_TRACE_MATRIX.csv,목표 환경 또는 동등 Harness 실행
CPF-FR-014680,05-00014680,Outbox,Inbox / DLQ / UNKNOWN Publish,보안·권한,미검증,아니오,QA12F-OUTBOX-003,cpf-docs/evidence/qa/QA_PARALLEL_12WAY_QA-12F_f97655c/SOURCE_TRACE_MATRIX.csv,목표 환경 또는 동등 Harness 실행
CPF-FR-014681,05-00014681,Outbox,Inbox / DLQ / UNKNOWN Publish,운영,미검증,아니오,QA12F-OUTBOX-003,cpf-docs/evidence/qa/QA_PARALLEL_12WAY_QA-12F_f97655c/SOURCE_TRACE_MATRIX.csv,목표 환경 또는 동등 Harness 실행
CPF-FR-014682,10-00014682,Outbox,Inbox / DLQ / UNKNOWN Publish,실패·복구,미검증,아니오,QA12F-OUTBOX-003,cpf-docs/evidence/qa/QA_PARALLEL_12WAY_QA-12F_f97655c/SOURCE_TRACE_MATRIX.csv,목표 환경 또는 동등 Harness 실행
CPF-FR-014683,05-00014683,Outbox,Inbox / DLQ / UNKNOWN Publish,호환·배포,미검증,아니오,QA12F-OUTBOX-003,cpf-docs/evidence/qa/QA_PARALLEL_12WAY_QA-12F_f97655c/SOURCE_TRACE_MATRIX.csv,목표 환경 또는 동등 Harness 실행
CPF-FR-014684,10-00014684,Outbox,Inbox / DLQ / UNKNOWN Publish,검증·Evidence,미검증,아니오,QA12F-OUTBOX-003,cpf-docs/evidence/qa/QA_PARALLEL_12WAY_QA-12F_f97655c/SOURCE_TRACE_MATRIX.csv,목표 환경 또는 동등 Harness 실행
CPF-FR-014685,05-00014685,Outbox,Inbox / DLQ / Retry Schedule,계약,미검증,아니오,QA12F-OUTBOX-003,cpf-docs/evidence/qa/QA_PARALLEL_12WAY_QA-12F_f97655c/SOURCE_TRACE_MATRIX.csv,목표 환경 또는 동등 Harness 실행
CPF-FR-014686,05-00014686,Outbox,Inbox / DLQ / Retry Schedule,기본 구현,미검증,아니오,QA12F-OUTBOX-003,cpf-docs/evidence/qa/QA_PARALLEL_12WAY_QA-12F_f97655c/SOURCE_TRACE_MATRIX.csv,목표 환경 또는 동등 Harness 실행
CPF-FR-014687,05-00014687,Outbox,Inbox / DLQ / Retry Schedule,상태·데이터,미검증,아니오,QA12F-OUTBOX-003,cpf-docs/evidence/qa/QA_PARALLEL_12WAY_QA-12F_f97655c/SOURCE_TRACE_MATRIX.csv,목표 환경 또는 동등 Harness 실행
CPF-FR-014688,05-00014688,Outbox,Inbox / DLQ / Retry Schedule,보안·권한,미검증,아니오,QA12F-OUTBOX-003,cpf-docs/evidence/qa/QA_PARALLEL_12WAY_QA-12F_f97655c/SOURCE_TRACE_MATRIX.csv,목표 환경 또는 동등 Harness 실행
CPF-FR-014689,05-00014689,Outbox,Inbox / DLQ / Retry Schedule,운영,미검증,아니오,QA12F-OUTBOX-003,cpf-docs/evidence/qa/QA_PARALLEL_12WAY_QA-12F_f97655c/SOURCE_TRACE_MATRIX.csv,목표 환경 또는 동등 Harness 실행
CPF-FR-014690,10-00014690,Outbox,Inbox / DLQ / Retry Schedule,실패·복구,미검증,아니오,QA12F-OUTBOX-003,cpf-docs/evidence/qa/QA_PARALLEL_12WAY_QA-12F_f97655c/SOURCE_TRACE_MATRIX.csv,목표 환경 또는 동등 Harness 실행
CPF-FR-014691,05-00014691,Outbox,Inbox / DLQ / Retry Schedule,호환·배포,미검증,아니오,QA12F-OUTBOX-003,cpf-docs/evidence/qa/QA_PARALLEL_12WAY_QA-12F_f97655c/SOURCE_TRACE_MATRIX.csv,목표 환경 또는 동등 Harness 실행
CPF-FR-014692,10-00014692,Outbox,Inbox / DLQ / Retry Schedule,검증·Evidence,미검증,아니오,QA12F-OUTBOX-003,cpf-docs/evidence/qa/QA_PARALLEL_12WAY_QA-12F_f97655c/SOURCE_TRACE_MATRIX.csv,목표 환경 또는 동등 Harness 실행
CPF-FR-014693,05-00014693,Outbox,Inbox / DLQ / DLQ Move,계약,미검증,아니오,QA12F-OUTBOX-003,cpf-docs/evidence/qa/QA_PARALLEL_12WAY_QA-12F_f97655c/SOURCE_TRACE_MATRIX.csv,목표 환경 또는 동등 Harness 실행
CPF-FR-014694,05-00014694,Outbox,Inbox / DLQ / DLQ Move,기본 구현,미검증,아니오,QA12F-OUTBOX-003,cpf-docs/evidence/qa/QA_PARALLEL_12WAY_QA-12F_f97655c/SOURCE_TRACE_MATRIX.csv,목표 환경 또는 동등 Harness 실행
CPF-FR-014695,05-00014695,Outbox,Inbox / DLQ / DLQ Move,상태·데이터,미검증,아니오,QA12F-OUTBOX-003,cpf-docs/evidence/qa/QA_PARALLEL_12WAY_QA-12F_f97655c/SOURCE_TRACE_MATRIX.csv,목표 환경 또는 동등 Harness 실행
CPF-FR-014696,05-00014696,Outbox,Inbox / DLQ / DLQ Move,보안·권한,미검증,아니오,QA12F-OUTBOX-003,cpf-docs/evidence/qa/QA_PARALLEL_12WAY_QA-12F_f97655c/SOURCE_TRACE_MATRIX.csv,목표 환경 또는 동등 Harness 실행
CPF-FR-014697,05-00014697,Outbox,Inbox / DLQ / DLQ Move,운영,미검증,아니오,QA12F-OUTBOX-003,cpf-docs/evidence/qa/QA_PARALLEL_12WAY_QA-12F_f97655c/SOURCE_TRACE_MATRIX.csv,목표 환경 또는 동등 Harness 실행
CPF-FR-014698,10-00014698,Outbox,Inbox / DLQ / DLQ Move,실패·복구,미검증,아니오,QA12F-OUTBOX-003,cpf-docs/evidence/qa/QA_PARALLEL_12WAY_QA-12F_f97655c/SOURCE_TRACE_MATRIX.csv,목표 환경 또는 동등 Harness 실행
CPF-FR-014699,05-00014699,Outbox,Inbox / DLQ / DLQ Move,호환·배포,미검증,아니오,QA12F-OUTBOX-003,cpf-docs/evidence/qa/QA_PARALLEL_12WAY_QA-12F_f97655c/SOURCE_TRACE_MATRIX.csv,목표 환경 또는 동등 Harness 실행
CPF-FR-014700,10-00014700,Outbox,Inbox / DLQ / DLQ Move,검증·Evidence,미검증,아니오,QA12F-OUTBOX-003,cpf-docs/evidence/qa/QA_PARALLEL_12WAY_QA-12F_f97655c/SOURCE_TRACE_MATRIX.csv,목표 환경 또는 동등 Harness 실행
CPF-FR-014701,05-00014701,Outbox,Inbox / DLQ / Inbox Deduplication,계약,미검증,아니오,QA12F-OUTBOX-003,cpf-docs/evidence/qa/QA_PARALLEL_12WAY_QA-12F_f97655c/SOURCE_TRACE_MATRIX.csv,목표 환경 또는 동등 Harness 실행
CPF-FR-014702,05-00014702,Outbox,Inbox / DLQ / Inbox Deduplication,기본 구현,미검증,아니오,QA12F-OUTBOX-003,cpf-docs/evidence/qa/QA_PARALLEL_12WAY_QA-12F_f97655c/SOURCE_TRACE_MATRIX.csv,목표 환경 또는 동등 Harness 실행
CPF-FR-014703,05-00014703,Outbox,Inbox / DLQ / Inbox Deduplication,상태·데이터,미검증,아니오,QA12F-OUTBOX-003,cpf-docs/evidence/qa/QA_PARALLEL_12WAY_QA-12F_f97655c/SOURCE_TRACE_MATRIX.csv,목표 환경 또는 동등 Harness 실행
CPF-FR-014704,05-00014704,Outbox,Inbox / DLQ / Inbox Deduplication,보안·권한,미검증,아니오,QA12F-OUTBOX-003,cpf-docs/evidence/qa/QA_PARALLEL_12WAY_QA-12F_f97655c/SOURCE_TRACE_MATRIX.csv,목표 환경 또는 동등 Harness 실행
CPF-FR-014705,05-00014705,Outbox,Inbox / DLQ / Inbox Deduplication,운영,미검증,아니오,QA12F-OUTBOX-003,cpf-docs/evidence/qa/QA_PARALLEL_12WAY_QA-12F_f97655c/SOURCE_TRACE_MATRIX.csv,목표 환경 또는 동등 Harness 실행
CPF-FR-014706,10-00014706,Outbox,Inbox / DLQ / Inbox Deduplication,실패·복구,미검증,아니오,QA12F-OUTBOX-003,cpf-docs/evidence/qa/QA_PARALLEL_12WAY_QA-12F_f97655c/SOURCE_TRACE_MATRIX.csv,목표 환경 또는 동등 Harness 실행
CPF-FR-014707,05-00014707,Outbox,Inbox / DLQ / Inbox Deduplication,호환·배포,미검증,아니오,QA12F-OUTBOX-003,cpf-docs/evidence/qa/QA_PARALLEL_12WAY_QA-12F_f97655c/SOURCE_TRACE_MATRIX.csv,목표 환경 또는 동등 Harness 실행
CPF-FR-014708,10-00014708,Outbox,Inbox / DLQ / Inbox Deduplication,검증·Evidence,미검증,아니오,QA12F-OUTBOX-003,cpf-docs/evidence/qa/QA_PARALLEL_12WAY_QA-12F_f97655c/SOURCE_TRACE_MATRIX.csv,목표 환경 또는 동등 Harness 실행
CPF-FR-014709,05-00014709,Outbox,Inbox / DLQ / Consumer Side Effect,계약,미검증,아니오,QA12F-OUTBOX-003,cpf-docs/evidence/qa/QA_PARALLEL_12WAY_QA-12F_f97655c/SOURCE_TRACE_MATRIX.csv,목표 환경 또는 동등 Harness 실행
CPF-FR-014710,05-00014710,Outbox,Inbox / DLQ / Consumer Side Effect,기본 구현,미검증,아니오,QA12F-OUTBOX-003,cpf-docs/evidence/qa/QA_PARALLEL_12WAY_QA-12F_f97655c/SOURCE_TRACE_MATRIX.csv,목표 환경 또는 동등 Harness 실행
CPF-FR-014711,05-00014711,Outbox,Inbox / DLQ / Consumer Side Effect,상태·데이터,미검증,아니오,QA12F-OUTBOX-003,cpf-docs/evidence/qa/QA_PARALLEL_12WAY_QA-12F_f97655c/SOURCE_TRACE_MATRIX.csv,목표 환경 또는 동등 Harness 실행
CPF-FR-014712,05-00014712,Outbox,Inbox / DLQ / Consumer Side Effect,보안·권한,미검증,아니오,QA12F-OUTBOX-003,cpf-docs/evidence/qa/QA_PARALLEL_12WAY_QA-12F_f97655c/SOURCE_TRACE_MATRIX.csv,목표 환경 또는 동등 Harness 실행
CPF-FR-014713,05-00014713,Outbox,Inbox / DLQ / Consumer Side Effect,운영,미검증,아니오,QA12F-OUTBOX-003,cpf-docs/evidence/qa/QA_PARALLEL_12WAY_QA-12F_f97655c/SOURCE_TRACE_MATRIX.csv,목표 환경 또는 동등 Harness 실행
CPF-FR-014714,10-00014714,Outbox,Inbox / DLQ / Consumer Side Effect,실패·복구,미검증,아니오,QA12F-OUTBOX-003,cpf-docs/evidence/qa/QA_PARALLEL_12WAY_QA-12F_f97655c/SOURCE_TRACE_MATRIX.csv,목표 환경 또는 동등 Harness 실행
CPF-FR-014715,05-00014715,Outbox,Inbox / DLQ / Consumer Side Effect,호환·배포,미검증,아니오,QA12F-OUTBOX-003,cpf-docs/evidence/qa/QA_PARALLEL_12WAY_QA-12F_f97655c/SOURCE_TRACE_MATRIX.csv,목표 환경 또는 동등 Harness 실행
CPF-FR-014716,10-00014716,Outbox,Inbox / DLQ / Consumer Side Effect,검증·Evidence,미검증,아니오,QA12F-OUTBOX-003,cpf-docs/evidence/qa/QA_PARALLEL_12WAY_QA-12F_f97655c/SOURCE_TRACE_MATRIX.csv,목표 환경 또는 동등 Harness 실행
CPF-FR-014717,05-00014717,Outbox,Inbox / DLQ / Retry Topic,계약,미검증,아니오,QA12F-OUTBOX-003,cpf-docs/evidence/qa/QA_PARALLEL_12WAY_QA-12F_f97655c/SOURCE_TRACE_MATRIX.csv,목표 환경 또는 동등 Harness 실행
CPF-FR-014718,05-00014718,Outbox,Inbox / DLQ / Retry Topic,기본 구현,미검증,아니오,QA12F-OUTBOX-003,cpf-docs/evidence/qa/QA_PARALLEL_12WAY_QA-12F_f97655c/SOURCE_TRACE_MATRIX.csv,목표 환경 또는 동등 Harness 실행
CPF-FR-014719,05-00014719,Outbox,Inbox / DLQ / Retry Topic,상태·데이터,미검증,아니오,QA12F-OUTBOX-003,cpf-docs/evidence/qa/QA_PARALLEL_12WAY_QA-12F_f97655c/SOURCE_TRACE_MATRIX.csv,목표 환경 또는 동등 Harness 실행
CPF-FR-014720,05-00014720,Outbox,Inbox / DLQ / Retry Topic,보안·권한,미검증,아니오,QA12F-OUTBOX-003,cpf-docs/evidence/qa/QA_PARALLEL_12WAY_QA-12F_f97655c/SOURCE_TRACE_MATRIX.csv,목표 환경 또는 동등 Harness 실행
CPF-FR-014721,05-00014721,Outbox,Inbox / DLQ / Retry Topic,운영,미검증,아니오,QA12F-OUTBOX-003,cpf-docs/evidence/qa/QA_PARALLEL_12WAY_QA-12F_f97655c/SOURCE_TRACE_MATRIX.csv,목표 환경 또는 동등 Harness 실행
CPF-FR-014722,10-00014722,Outbox,Inbox / DLQ / Retry Topic,실패·복구,미검증,아니오,QA12F-OUTBOX-003,cpf-docs/evidence/qa/QA_PARALLEL_12WAY_QA-12F_f97655c/SOURCE_TRACE_MATRIX.csv,목표 환경 또는 동등 Harness 실행
CPF-FR-014723,05-00014723,Outbox,Inbox / DLQ / Retry Topic,호환·배포,미검증,아니오,QA12F-OUTBOX-003,cpf-docs/evidence/qa/QA_PARALLEL_12WAY_QA-12F_f97655c/SOURCE_TRACE_MATRIX.csv,목표 환경 또는 동등 Harness 실행
CPF-FR-014724,10-00014724,Outbox,Inbox / DLQ / Retry Topic,검증·Evidence,미검증,아니오,QA12F-OUTBOX-003,cpf-docs/evidence/qa/QA_PARALLEL_12WAY_QA-12F_f97655c/SOURCE_TRACE_MATRIX.csv,목표 환경 또는 동등 Harness 실행
CPF-FR-014725,05-00014725,Outbox,Inbox / DLQ / Poison Isolation,계약,미검증,아니오,QA12F-OUTBOX-003,cpf-docs/evidence/qa/QA_PARALLEL_12WAY_QA-12F_f97655c/SOURCE_TRACE_MATRIX.csv,목표 환경 또는 동등 Harness 실행
CPF-FR-014726,05-00014726,Outbox,Inbox / DLQ / Poison Isolation,기본 구현,미검증,아니오,QA12F-OUTBOX-003,cpf-docs/evidence/qa/QA_PARALLEL_12WAY_QA-12F_f97655c/SOURCE_TRACE_MATRIX.csv,목표 환경 또는 동등 Harness 실행
CPF-FR-014727,05-00014727,Outbox,Inbox / DLQ / Poison Isolation,상태·데이터,미검증,아니오,QA12F-OUTBOX-003,cpf-docs/evidence/qa/QA_PARALLEL_12WAY_QA-12F_f97655c/SOURCE_TRACE_MATRIX.csv,목표 환경 또는 동등 Harness 실행
CPF-FR-014728,05-00014728,Outbox,Inbox / DLQ / Poison Isolation,보안·권한,미검증,아니오,QA12F-OUTBOX-003,cpf-docs/evidence/qa/QA_PARALLEL_12WAY_QA-12F_f97655c/SOURCE_TRACE_MATRIX.csv,목표 환경 또는 동등 Harness 실행
CPF-FR-014729,05-00014729,Outbox,Inbox / DLQ / Poison Isolation,운영,미검증,아니오,QA12F-OUTBOX-003,cpf-docs/evidence/qa/QA_PARALLEL_12WAY_QA-12F_f97655c/SOURCE_TRACE_MATRIX.csv,목표 환경 또는 동등 Harness 실행
CPF-FR-014730,10-00014730,Outbox,Inbox / DLQ / Poison Isolation,실패·복구,미검증,아니오,QA12F-OUTBOX-003,cpf-docs/evidence/qa/QA_PARALLEL_12WAY_QA-12F_f97655c/SOURCE_TRACE_MATRIX.csv,목표 환경 또는 동등 Harness 실행
CPF-FR-014731,05-00014731,Outbox,Inbox / DLQ / Poison Isolation,호환·배포,미검증,아니오,QA12F-OUTBOX-003,cpf-docs/evidence/qa/QA_PARALLEL_12WAY_QA-12F_f97655c/SOURCE_TRACE_MATRIX.csv,목표 환경 또는 동등 Harness 실행
CPF-FR-014732,10-00014732,Outbox,Inbox / DLQ / Poison Isolation,검증·Evidence,미검증,아니오,QA12F-OUTBOX-003,cpf-docs/evidence/qa/QA_PARALLEL_12WAY_QA-12F_f97655c/SOURCE_TRACE_MATRIX.csv,목표 환경 또는 동등 Harness 실행
CPF-FR-014733,05-00014733,Outbox,Inbox / DLQ / Replay Approval,계약,미통과,아니오,QA12F-OUTBOX-001;QA12F-OUTBOX-003,cpf-docs/evidence/qa/QA_PARALLEL_12WAY_QA-12F_f97655c/SOURCE_TRACE_MATRIX.csv,재개발 후 contract/fault/runtime 재검수
CPF-FR-014734,05-00014734,Outbox,Inbox / DLQ / Replay Approval,기본 구현,미통과,아니오,QA12F-OUTBOX-001;QA12F-OUTBOX-003,cpf-docs/evidence/qa/QA_PARALLEL_12WAY_QA-12F_f97655c/SOURCE_TRACE_MATRIX.csv,재개발 후 contract/fault/runtime 재검수
CPF-FR-014735,05-00014735,Outbox,Inbox / DLQ / Replay Approval,상태·데이터,미통과,아니오,QA12F-OUTBOX-001;QA12F-OUTBOX-003,cpf-docs/evidence/qa/QA_PARALLEL_12WAY_QA-12F_f97655c/SOURCE_TRACE_MATRIX.csv,재개발 후 contract/fault/runtime 재검수
CPF-FR-014736,05-00014736,Outbox,Inbox / DLQ / Replay Approval,보안·권한,미통과,아니오,QA12F-OUTBOX-001;QA12F-OUTBOX-003,cpf-docs/evidence/qa/QA_PARALLEL_12WAY_QA-12F_f97655c/SOURCE_TRACE_MATRIX.csv,재개발 후 contract/fault/runtime 재검수
CPF-FR-014737,05-00014737,Outbox,Inbox / DLQ / Replay Approval,운영,미통과,아니오,QA12F-OUTBOX-001;QA12F-OUTBOX-003,cpf-docs/evidence/qa/QA_PARALLEL_12WAY_QA-12F_f97655c/SOURCE_TRACE_MATRIX.csv,재개발 후 contract/fault/runtime 재검수
CPF-FR-014738,10-00014738,Outbox,Inbox / DLQ / Replay Approval,실패·복구,미통과,아니오,QA12F-OUTBOX-001;QA12F-OUTBOX-003,cpf-docs/evidence/qa/QA_PARALLEL_12WAY_QA-12F_f97655c/SOURCE_TRACE_MATRIX.csv,재개발 후 contract/fault/runtime 재검수
CPF-FR-014739,05-00014739,Outbox,Inbox / DLQ / Replay Approval,호환·배포,미통과,아니오,QA12F-OUTBOX-001;QA12F-OUTBOX-003,cpf-docs/evidence/qa/QA_PARALLEL_12WAY_QA-12F_f97655c/SOURCE_TRACE_MATRIX.csv,재개발 후 contract/fault/runtime 재검수
CPF-FR-014740,10-00014740,Outbox,Inbox / DLQ / Replay Approval,검증·Evidence,미통과,아니오,QA12F-OUTBOX-001;QA12F-OUTBOX-003,cpf-docs/evidence/qa/QA_PARALLEL_12WAY_QA-12F_f97655c/SOURCE_TRACE_MATRIX.csv,재개발 후 contract/fault/runtime 재검수
CPF-FR-014741,05-00014741,Outbox,Inbox / DLQ / Replay Idempotency,계약,미검증,아니오,QA12F-OUTBOX-003,cpf-docs/evidence/qa/QA_PARALLEL_12WAY_QA-12F_f97655c/SOURCE_TRACE_MATRIX.csv,목표 환경 또는 동등 Harness 실행
CPF-FR-014742,05-00014742,Outbox,Inbox / DLQ / Replay Idempotency,기본 구현,미검증,아니오,QA12F-OUTBOX-003,cpf-docs/evidence/qa/QA_PARALLEL_12WAY_QA-12F_f97655c/SOURCE_TRACE_MATRIX.csv,목표 환경 또는 동등 Harness 실행
CPF-FR-014743,05-00014743,Outbox,Inbox / DLQ / Replay Idempotency,상태·데이터,미검증,아니오,QA12F-OUTBOX-003,cpf-docs/evidence/qa/QA_PARALLEL_12WAY_QA-12F_f97655c/SOURCE_TRACE_MATRIX.csv,목표 환경 또는 동등 Harness 실행
CPF-FR-014744,05-00014744,Outbox,Inbox / DLQ / Replay Idempotency,보안·권한,미검증,아니오,QA12F-OUTBOX-003,cpf-docs/evidence/qa/QA_PARALLEL_12WAY_QA-12F_f97655c/SOURCE_TRACE_MATRIX.csv,목표 환경 또는 동등 Harness 실행
CPF-FR-014745,05-00014745,Outbox,Inbox / DLQ / Replay Idempotency,운영,미검증,아니오,QA12F-OUTBOX-003,cpf-docs/evidence/qa/QA_PARALLEL_12WAY_QA-12F_f97655c/SOURCE_TRACE_MATRIX.csv,목표 환경 또는 동등 Harness 실행
CPF-FR-014746,10-00014746,Outbox,Inbox / DLQ / Replay Idempotency,실패·복구,미검증,아니오,QA12F-OUTBOX-003,cpf-docs/evidence/qa/QA_PARALLEL_12WAY_QA-12F_f97655c/SOURCE_TRACE_MATRIX.csv,목표 환경 또는 동등 Harness 실행
CPF-FR-014747,05-00014747,Outbox,Inbox / DLQ / Replay Idempotency,호환·배포,미검증,아니오,QA12F-OUTBOX-003,cpf-docs/evidence/qa/QA_PARALLEL_12WAY_QA-12F_f97655c/SOURCE_TRACE_MATRIX.csv,목표 환경 또는 동등 Harness 실행
CPF-FR-014748,10-00014748,Outbox,Inbox / DLQ / Replay Idempotency,검증·Evidence,미검증,아니오,QA12F-OUTBOX-003,cpf-docs/evidence/qa/QA_PARALLEL_12WAY_QA-12F_f97655c/SOURCE_TRACE_MATRIX.csv,목표 환경 또는 동등 Harness 실행
CPF-FR-014749,05-00014749,Outbox,Inbox / DLQ / Cleanup,계약,미통과,아니오,QA12F-OUTBOX-002;QA12F-OUTBOX-003,cpf-docs/evidence/qa/QA_PARALLEL_12WAY_QA-12F_f97655c/SOURCE_TRACE_MATRIX.csv,재개발 후 contract/fault/runtime 재검수
CPF-FR-014750,05-00014750,Outbox,Inbox / DLQ / Cleanup,기본 구현,미통과,아니오,QA12F-OUTBOX-002;QA12F-OUTBOX-003,cpf-docs/evidence/qa/QA_PARALLEL_12WAY_QA-12F_f97655c/SOURCE_TRACE_MATRIX.csv,재개발 후 contract/fault/runtime 재검수
CPF-FR-014751,05-00014751,Outbox,Inbox / DLQ / Cleanup,상태·데이터,미통과,아니오,QA12F-OUTBOX-002;QA12F-OUTBOX-003,cpf-docs/evidence/qa/QA_PARALLEL_12WAY_QA-12F_f97655c/SOURCE_TRACE_MATRIX.csv,재개발 후 contract/fault/runtime 재검수
CPF-FR-014752,05-00014752,Outbox,Inbox / DLQ / Cleanup,보안·권한,미통과,아니오,QA12F-OUTBOX-002;QA12F-OUTBOX-003,cpf-docs/evidence/qa/QA_PARALLEL_12WAY_QA-12F_f97655c/SOURCE_TRACE_MATRIX.csv,재개발 후 contract/fault/runtime 재검수
CPF-FR-014753,05-00014753,Outbox,Inbox / DLQ / Cleanup,운영,미통과,아니오,QA12F-OUTBOX-002;QA12F-OUTBOX-003,cpf-docs/evidence/qa/QA_PARALLEL_12WAY_QA-12F_f97655c/SOURCE_TRACE_MATRIX.csv,재개발 후 contract/fault/runtime 재검수
CPF-FR-014754,10-00014754,Outbox,Inbox / DLQ / Cleanup,실패·복구,미통과,아니오,QA12F-OUTBOX-002;QA12F-OUTBOX-003,cpf-docs/evidence/qa/QA_PARALLEL_12WAY_QA-12F_f97655c/SOURCE_TRACE_MATRIX.csv,재개발 후 contract/fault/runtime 재검수
CPF-FR-014755,05-00014755,Outbox,Inbox / DLQ / Cleanup,호환·배포,미통과,아니오,QA12F-OUTBOX-002;QA12F-OUTBOX-003,cpf-docs/evidence/qa/QA_PARALLEL_12WAY_QA-12F_f97655c/SOURCE_TRACE_MATRIX.csv,재개발 후 contract/fault/runtime 재검수
CPF-FR-014756,10-00014756,Outbox,Inbox / DLQ / Cleanup,검증·Evidence,미통과,아니오,QA12F-OUTBOX-002;QA12F-OUTBOX-003,cpf-docs/evidence/qa/QA_PARALLEL_12WAY_QA-12F_f97655c/SOURCE_TRACE_MATRIX.csv,재개발 후 contract/fault/runtime 재검수
CPF-FR-014757,05-00014757,Outbox,Inbox / DLQ / Reconcile,계약,미검증,아니오,QA12F-OUTBOX-003,cpf-docs/evidence/qa/QA_PARALLEL_12WAY_QA-12F_f97655c/SOURCE_TRACE_MATRIX.csv,목표 환경 또는 동등 Harness 실행
CPF-FR-014758,05-00014758,Outbox,Inbox / DLQ / Reconcile,기본 구현,미검증,아니오,QA12F-OUTBOX-003,cpf-docs/evidence/qa/QA_PARALLEL_12WAY_QA-12F_f97655c/SOURCE_TRACE_MATRIX.csv,목표 환경 또는 동등 Harness 실행
CPF-FR-014759,05-00014759,Outbox,Inbox / DLQ / Reconcile,상태·데이터,미검증,아니오,QA12F-OUTBOX-003,cpf-docs/evidence/qa/QA_PARALLEL_12WAY_QA-12F_f97655c/SOURCE_TRACE_MATRIX.csv,목표 환경 또는 동등 Harness 실행
CPF-FR-014760,05-00014760,Outbox,Inbox / DLQ / Reconcile,보안·권한,미검증,아니오,QA12F-OUTBOX-003,cpf-docs/evidence/qa/QA_PARALLEL_12WAY_QA-12F_f97655c/SOURCE_TRACE_MATRIX.csv,목표 환경 또는 동등 Harness 실행
CPF-FR-014761,05-00014761,Outbox,Inbox / DLQ / Reconcile,운영,미검증,아니오,QA12F-OUTBOX-003,cpf-docs/evidence/qa/QA_PARALLEL_12WAY_QA-12F_f97655c/SOURCE_TRACE_MATRIX.csv,목표 환경 또는 동등 Harness 실행
CPF-FR-014762,10-00014762,Outbox,Inbox / DLQ / Reconcile,실패·복구,미검증,아니오,QA12F-OUTBOX-003,cpf-docs/evidence/qa/QA_PARALLEL_12WAY_QA-12F_f97655c/SOURCE_TRACE_MATRIX.csv,목표 환경 또는 동등 Harness 실행
CPF-FR-014763,05-00014763,Outbox,Inbox / DLQ / Reconcile,호환·배포,미검증,아니오,QA12F-OUTBOX-003,cpf-docs/evidence/qa/QA_PARALLEL_12WAY_QA-12F_f97655c/SOURCE_TRACE_MATRIX.csv,목표 환경 또는 동등 Harness 실행
CPF-FR-014764,10-00014764,Outbox,Inbox / DLQ / Reconcile,검증·Evidence,미검증,아니오,QA12F-OUTBOX-003,cpf-docs/evidence/qa/QA_PARALLEL_12WAY_QA-12F_f97655c/SOURCE_TRACE_MATRIX.csv,목표 환경 또는 동등 Harness 실행
CPF-FR-014765,05-00014765,Outbox,Inbox / DLQ / Operations Timeline,계약,미통과,아니오,QA12F-OUTBOX-002;QA12F-OUTBOX-003,cpf-docs/evidence/qa/QA_PARALLEL_12WAY_QA-12F_f97655c/SOURCE_TRACE_MATRIX.csv,재개발 후 contract/fault/runtime 재검수
CPF-FR-014766,05-00014766,Outbox,Inbox / DLQ / Operations Timeline,기본 구현,미통과,아니오,QA12F-OUTBOX-002;QA12F-OUTBOX-003,cpf-docs/evidence/qa/QA_PARALLEL_12WAY_QA-12F_f97655c/SOURCE_TRACE_MATRIX.csv,재개발 후 contract/fault/runtime 재검수
CPF-FR-014767,05-00014767,Outbox,Inbox / DLQ / Operations Timeline,상태·데이터,미통과,아니오,QA12F-OUTBOX-002;QA12F-OUTBOX-003,cpf-docs/evidence/qa/QA_PARALLEL_12WAY_QA-12F_f97655c/SOURCE_TRACE_MATRIX.csv,재개발 후 contract/fault/runtime 재검수
CPF-FR-014768,05-00014768,Outbox,Inbox / DLQ / Operations Timeline,보안·권한,미통과,아니오,QA12F-OUTBOX-002;QA12F-OUTBOX-003,cpf-docs/evidence/qa/QA_PARALLEL_12WAY_QA-12F_f97655c/SOURCE_TRACE_MATRIX.csv,재개발 후 contract/fault/runtime 재검수
CPF-FR-014769,05-00014769,Outbox,Inbox / DLQ / Operations Timeline,운영,미통과,아니오,QA12F-OUTBOX-002;QA12F-OUTBOX-003,cpf-docs/evidence/qa/QA_PARALLEL_12WAY_QA-12F_f97655c/SOURCE_TRACE_MATRIX.csv,재개발 후 contract/fault/runtime 재검수
CPF-FR-014770,10-00014770,Outbox,Inbox / DLQ / Operations Timeline,실패·복구,미통과,아니오,QA12F-OUTBOX-002;QA12F-OUTBOX-003,cpf-docs/evidence/qa/QA_PARALLEL_12WAY_QA-12F_f97655c/SOURCE_TRACE_MATRIX.csv,재개발 후 contract/fault/runtime 재검수
CPF-FR-014771,05-00014771,Outbox,Inbox / DLQ / Operations Timeline,호환·배포,미통과,아니오,QA12F-OUTBOX-002;QA12F-OUTBOX-003,cpf-docs/evidence/qa/QA_PARALLEL_12WAY_QA-12F_f97655c/SOURCE_TRACE_MATRIX.csv,재개발 후 contract/fault/runtime 재검수
CPF-FR-014772,10-00014772,Outbox,Inbox / DLQ / Operations Timeline,검증·Evidence,미통과,아니오,QA12F-OUTBOX-002;QA12F-OUTBOX-003,cpf-docs/evidence/qa/QA_PARALLEL_12WAY_QA-12F_f97655c/SOURCE_TRACE_MATRIX.csv,재개발 후 contract/fault/runtime 재검수
CPF-FR-014773,07-00014773,REST,TCP / File / REST Endpoint Registry,계약,미검증,아니오,QA12F-EXT-002,cpf-docs/evidence/qa/QA_PARALLEL_12WAY_QA-12F_f97655c/SOURCE_TRACE_MATRIX.csv,목표 환경 또는 동등 Harness 실행
CPF-FR-014774,07-00014774,REST,TCP / File / REST Endpoint Registry,기본 구현,미검증,아니오,QA12F-EXT-002,cpf-docs/evidence/qa/QA_PARALLEL_12WAY_QA-12F_f97655c/SOURCE_TRACE_MATRIX.csv,목표 환경 또는 동등 Harness 실행
CPF-FR-014775,07-00014775,REST,TCP / File / REST Endpoint Registry,상태·데이터,미검증,아니오,QA12F-EXT-002,cpf-docs/evidence/qa/QA_PARALLEL_12WAY_QA-12F_f97655c/SOURCE_TRACE_MATRIX.csv,목표 환경 또는 동등 Harness 실행
CPF-FR-014776,07-00014776,REST,TCP / File / REST Endpoint Registry,보안·권한,미검증,아니오,QA12F-EXT-002,cpf-docs/evidence/qa/QA_PARALLEL_12WAY_QA-12F_f97655c/SOURCE_TRACE_MATRIX.csv,목표 환경 또는 동등 Harness 실행
CPF-FR-014777,07-00014777,REST,TCP / File / REST Endpoint Registry,운영,미검증,아니오,QA12F-EXT-002,cpf-docs/evidence/qa/QA_PARALLEL_12WAY_QA-12F_f97655c/SOURCE_TRACE_MATRIX.csv,목표 환경 또는 동등 Harness 실행
CPF-FR-014778,10-00014778,REST,TCP / File / REST Endpoint Registry,실패·복구,미검증,아니오,QA12F-EXT-002,cpf-docs/evidence/qa/QA_PARALLEL_12WAY_QA-12F_f97655c/SOURCE_TRACE_MATRIX.csv,목표 환경 또는 동등 Harness 실행
CPF-FR-014779,07-00014779,REST,TCP / File / REST Endpoint Registry,호환·배포,미검증,아니오,QA12F-EXT-002,cpf-docs/evidence/qa/QA_PARALLEL_12WAY_QA-12F_f97655c/SOURCE_TRACE_MATRIX.csv,목표 환경 또는 동등 Harness 실행
CPF-FR-014780,10-00014780,REST,TCP / File / REST Endpoint Registry,검증·Evidence,미검증,아니오,QA12F-EXT-002,cpf-docs/evidence/qa/QA_PARALLEL_12WAY_QA-12F_f97655c/SOURCE_TRACE_MATRIX.csv,목표 환경 또는 동등 Harness 실행
CPF-FR-014781,07-00014781,REST,TCP / File / REST Authentication,계약,미검증,아니오,QA12F-EXT-002,cpf-docs/evidence/qa/QA_PARALLEL_12WAY_QA-12F_f97655c/SOURCE_TRACE_MATRIX.csv,목표 환경 또는 동등 Harness 실행
CPF-FR-014782,07-00014782,REST,TCP / File / REST Authentication,기본 구현,미검증,아니오,QA12F-EXT-002,cpf-docs/evidence/qa/QA_PARALLEL_12WAY_QA-12F_f97655c/SOURCE_TRACE_MATRIX.csv,목표 환경 또는 동등 Harness 실행
CPF-FR-014783,07-00014783,REST,TCP / File / REST Authentication,상태·데이터,미검증,아니오,QA12F-EXT-002,cpf-docs/evidence/qa/QA_PARALLEL_12WAY_QA-12F_f97655c/SOURCE_TRACE_MATRIX.csv,목표 환경 또는 동등 Harness 실행
CPF-FR-014784,07-00014784,REST,TCP / File / REST Authentication,보안·권한,미검증,아니오,QA12F-EXT-002,cpf-docs/evidence/qa/QA_PARALLEL_12WAY_QA-12F_f97655c/SOURCE_TRACE_MATRIX.csv,목표 환경 또는 동등 Harness 실행
CPF-FR-014785,07-00014785,REST,TCP / File / REST Authentication,운영,미검증,아니오,QA12F-EXT-002,cpf-docs/evidence/qa/QA_PARALLEL_12WAY_QA-12F_f97655c/SOURCE_TRACE_MATRIX.csv,목표 환경 또는 동등 Harness 실행
CPF-FR-014786,10-00014786,REST,TCP / File / REST Authentication,실패·복구,미검증,아니오,QA12F-EXT-002,cpf-docs/evidence/qa/QA_PARALLEL_12WAY_QA-12F_f97655c/SOURCE_TRACE_MATRIX.csv,목표 환경 또는 동등 Harness 실행
CPF-FR-014787,07-00014787,REST,TCP / File / REST Authentication,호환·배포,미검증,아니오,QA12F-EXT-002,cpf-docs/evidence/qa/QA_PARALLEL_12WAY_QA-12F_f97655c/SOURCE_TRACE_MATRIX.csv,목표 환경 또는 동등 Harness 실행
CPF-FR-014788,10-00014788,REST,TCP / File / REST Authentication,검증·Evidence,미검증,아니오,QA12F-EXT-002,cpf-docs/evidence/qa/QA_PARALLEL_12WAY_QA-12F_f97655c/SOURCE_TRACE_MATRIX.csv,목표 환경 또는 동등 Harness 실행
CPF-FR-014789,07-00014789,REST,TCP / File / REST Request Mapping,계약,미검증,아니오,QA12F-EXT-002,cpf-docs/evidence/qa/QA_PARALLEL_12WAY_QA-12F_f97655c/SOURCE_TRACE_MATRIX.csv,목표 환경 또는 동등 Harness 실행
CPF-FR-014790,07-00014790,REST,TCP / File / REST Request Mapping,기본 구현,미검증,아니오,QA12F-EXT-002,cpf-docs/evidence/qa/QA_PARALLEL_12WAY_QA-12F_f97655c/SOURCE_TRACE_MATRIX.csv,목표 환경 또는 동등 Harness 실행
CPF-FR-014791,07-00014791,REST,TCP / File / REST Request Mapping,상태·데이터,미검증,아니오,QA12F-EXT-002,cpf-docs/evidence/qa/QA_PARALLEL_12WAY_QA-12F_f97655c/SOURCE_TRACE_MATRIX.csv,목표 환경 또는 동등 Harness 실행
CPF-FR-014792,07-00014792,REST,TCP / File / REST Request Mapping,보안·권한,미검증,아니오,QA12F-EXT-002,cpf-docs/evidence/qa/QA_PARALLEL_12WAY_QA-12F_f97655c/SOURCE_TRACE_MATRIX.csv,목표 환경 또는 동등 Harness 실행
CPF-FR-014793,07-00014793,REST,TCP / File / REST Request Mapping,운영,미검증,아니오,QA12F-EXT-002,cpf-docs/evidence/qa/QA_PARALLEL_12WAY_QA-12F_f97655c/SOURCE_TRACE_MATRIX.csv,목표 환경 또는 동등 Harness 실행
CPF-FR-014794,10-00014794,REST,TCP / File / REST Request Mapping,실패·복구,미검증,아니오,QA12F-EXT-002,cpf-docs/evidence/qa/QA_PARALLEL_12WAY_QA-12F_f97655c/SOURCE_TRACE_MATRIX.csv,목표 환경 또는 동등 Harness 실행
CPF-FR-014795,07-00014795,REST,TCP / File / REST Request Mapping,호환·배포,미검증,아니오,QA12F-EXT-002,cpf-docs/evidence/qa/QA_PARALLEL_12WAY_QA-12F_f97655c/SOURCE_TRACE_MATRIX.csv,목표 환경 또는 동등 Harness 실행
CPF-FR-014796,10-00014796,REST,TCP / File / REST Request Mapping,검증·Evidence,미검증,아니오,QA12F-EXT-002,cpf-docs/evidence/qa/QA_PARALLEL_12WAY_QA-12F_f97655c/SOURCE_TRACE_MATRIX.csv,목표 환경 또는 동등 Harness 실행
CPF-FR-014797,07-00014797,REST,TCP / File / REST Response Mapping,계약,미검증,아니오,QA12F-EXT-002,cpf-docs/evidence/qa/QA_PARALLEL_12WAY_QA-12F_f97655c/SOURCE_TRACE_MATRIX.csv,목표 환경 또는 동등 Harness 실행
CPF-FR-014798,07-00014798,REST,TCP / File / REST Response Mapping,기본 구현,미검증,아니오,QA12F-EXT-002,cpf-docs/evidence/qa/QA_PARALLEL_12WAY_QA-12F_f97655c/SOURCE_TRACE_MATRIX.csv,목표 환경 또는 동등 Harness 실행
CPF-FR-014799,07-00014799,REST,TCP / File / REST Response Mapping,상태·데이터,미검증,아니오,QA12F-EXT-002,cpf-docs/evidence/qa/QA_PARALLEL_12WAY_QA-12F_f97655c/SOURCE_TRACE_MATRIX.csv,목표 환경 또는 동등 Harness 실행
CPF-FR-014800,07-00014800,REST,TCP / File / REST Response Mapping,보안·권한,미검증,아니오,QA12F-EXT-002,cpf-docs/evidence/qa/QA_PARALLEL_12WAY_QA-12F_f97655c/SOURCE_TRACE_MATRIX.csv,목표 환경 또는 동등 Harness 실행
CPF-FR-014801,07-00014801,REST,TCP / File / REST Response Mapping,운영,미검증,아니오,QA12F-EXT-002,cpf-docs/evidence/qa/QA_PARALLEL_12WAY_QA-12F_f97655c/SOURCE_TRACE_MATRIX.csv,목표 환경 또는 동등 Harness 실행
CPF-FR-014802,10-00014802,REST,TCP / File / REST Response Mapping,실패·복구,미검증,아니오,QA12F-EXT-002,cpf-docs/evidence/qa/QA_PARALLEL_12WAY_QA-12F_f97655c/SOURCE_TRACE_MATRIX.csv,목표 환경 또는 동등 Harness 실행
CPF-FR-014803,07-00014803,REST,TCP / File / REST Response Mapping,호환·배포,미검증,아니오,QA12F-EXT-002,cpf-docs/evidence/qa/QA_PARALLEL_12WAY_QA-12F_f97655c/SOURCE_TRACE_MATRIX.csv,목표 환경 또는 동등 Harness 실행
CPF-FR-014804,10-00014804,REST,TCP / File / REST Response Mapping,검증·Evidence,미검증,아니오,QA12F-EXT-002,cpf-docs/evidence/qa/QA_PARALLEL_12WAY_QA-12F_f97655c/SOURCE_TRACE_MATRIX.csv,목표 환경 또는 동등 Harness 실행
CPF-FR-014805,07-00014805,REST,TCP / File / REST Timeout,계약,미검증,아니오,QA12F-EXT-002,cpf-docs/evidence/qa/QA_PARALLEL_12WAY_QA-12F_f97655c/SOURCE_TRACE_MATRIX.csv,목표 환경 또는 동등 Harness 실행
CPF-FR-014806,07-00014806,REST,TCP / File / REST Timeout,기본 구현,미검증,아니오,QA12F-EXT-002,cpf-docs/evidence/qa/QA_PARALLEL_12WAY_QA-12F_f97655c/SOURCE_TRACE_MATRIX.csv,목표 환경 또는 동등 Harness 실행
CPF-FR-014807,07-00014807,REST,TCP / File / REST Timeout,상태·데이터,미검증,아니오,QA12F-EXT-002,cpf-docs/evidence/qa/QA_PARALLEL_12WAY_QA-12F_f97655c/SOURCE_TRACE_MATRIX.csv,목표 환경 또는 동등 Harness 실행
CPF-FR-014808,07-00014808,REST,TCP / File / REST Timeout,보안·권한,미검증,아니오,QA12F-EXT-002,cpf-docs/evidence/qa/QA_PARALLEL_12WAY_QA-12F_f97655c/SOURCE_TRACE_MATRIX.csv,목표 환경 또는 동등 Harness 실행
CPF-FR-014809,07-00014809,REST,TCP / File / REST Timeout,운영,미검증,아니오,QA12F-EXT-002,cpf-docs/evidence/qa/QA_PARALLEL_12WAY_QA-12F_f97655c/SOURCE_TRACE_MATRIX.csv,목표 환경 또는 동등 Harness 실행
CPF-FR-014810,10-00014810,REST,TCP / File / REST Timeout,실패·복구,미검증,아니오,QA12F-EXT-002,cpf-docs/evidence/qa/QA_PARALLEL_12WAY_QA-12F_f97655c/SOURCE_TRACE_MATRIX.csv,목표 환경 또는 동등 Harness 실행
CPF-FR-014811,07-00014811,REST,TCP / File / REST Timeout,호환·배포,미검증,아니오,QA12F-EXT-002,cpf-docs/evidence/qa/QA_PARALLEL_12WAY_QA-12F_f97655c/SOURCE_TRACE_MATRIX.csv,목표 환경 또는 동등 Harness 실행
CPF-FR-014812,10-00014812,REST,TCP / File / REST Timeout,검증·Evidence,미검증,아니오,QA12F-EXT-002,cpf-docs/evidence/qa/QA_PARALLEL_12WAY_QA-12F_f97655c/SOURCE_TRACE_MATRIX.csv,목표 환경 또는 동등 Harness 실행
CPF-FR-014813,07-00014813,REST,TCP / File / REST Response Loss,계약,미검증,아니오,QA12F-EXT-002,cpf-docs/evidence/qa/QA_PARALLEL_12WAY_QA-12F_f97655c/SOURCE_TRACE_MATRIX.csv,목표 환경 또는 동등 Harness 실행
CPF-FR-014814,07-00014814,REST,TCP / File / REST Response Loss,기본 구현,미검증,아니오,QA12F-EXT-002,cpf-docs/evidence/qa/QA_PARALLEL_12WAY_QA-12F_f97655c/SOURCE_TRACE_MATRIX.csv,목표 환경 또는 동등 Harness 실행
CPF-FR-014815,07-00014815,REST,TCP / File / REST Response Loss,상태·데이터,미검증,아니오,QA12F-EXT-002,cpf-docs/evidence/qa/QA_PARALLEL_12WAY_QA-12F_f97655c/SOURCE_TRACE_MATRIX.csv,목표 환경 또는 동등 Harness 실행
CPF-FR-014816,07-00014816,REST,TCP / File / REST Response Loss,보안·권한,미검증,아니오,QA12F-EXT-002,cpf-docs/evidence/qa/QA_PARALLEL_12WAY_QA-12F_f97655c/SOURCE_TRACE_MATRIX.csv,목표 환경 또는 동등 Harness 실행
CPF-FR-014817,07-00014817,REST,TCP / File / REST Response Loss,운영,미검증,아니오,QA12F-EXT-002,cpf-docs/evidence/qa/QA_PARALLEL_12WAY_QA-12F_f97655c/SOURCE_TRACE_MATRIX.csv,목표 환경 또는 동등 Harness 실행
CPF-FR-014818,10-00014818,REST,TCP / File / REST Response Loss,실패·복구,미검증,아니오,QA12F-EXT-002,cpf-docs/evidence/qa/QA_PARALLEL_12WAY_QA-12F_f97655c/SOURCE_TRACE_MATRIX.csv,목표 환경 또는 동등 Harness 실행
CPF-FR-014819,07-00014819,REST,TCP / File / REST Response Loss,호환·배포,미검증,아니오,QA12F-EXT-002,cpf-docs/evidence/qa/QA_PARALLEL_12WAY_QA-12F_f97655c/SOURCE_TRACE_MATRIX.csv,목표 환경 또는 동등 Harness 실행
CPF-FR-014820,10-00014820,REST,TCP / File / REST Response Loss,검증·Evidence,미검증,아니오,QA12F-EXT-002,cpf-docs/evidence/qa/QA_PARALLEL_12WAY_QA-12F_f97655c/SOURCE_TRACE_MATRIX.csv,목표 환경 또는 동등 Harness 실행
CPF-FR-014821,07-00014821,REST,TCP / File / TCP Connection Pool,계약,미검증,아니오,QA12F-EXT-002,cpf-docs/evidence/qa/QA_PARALLEL_12WAY_QA-12F_f97655c/SOURCE_TRACE_MATRIX.csv,목표 환경 또는 동등 Harness 실행
CPF-FR-014822,07-00014822,REST,TCP / File / TCP Connection Pool,기본 구현,미검증,아니오,QA12F-EXT-002,cpf-docs/evidence/qa/QA_PARALLEL_12WAY_QA-12F_f97655c/SOURCE_TRACE_MATRIX.csv,목표 환경 또는 동등 Harness 실행
CPF-FR-014823,07-00014823,REST,TCP / File / TCP Connection Pool,상태·데이터,미검증,아니오,QA12F-EXT-002,cpf-docs/evidence/qa/QA_PARALLEL_12WAY_QA-12F_f97655c/SOURCE_TRACE_MATRIX.csv,목표 환경 또는 동등 Harness 실행
CPF-FR-014824,07-00014824,REST,TCP / File / TCP Connection Pool,보안·권한,미검증,아니오,QA12F-EXT-002,cpf-docs/evidence/qa/QA_PARALLEL_12WAY_QA-12F_f97655c/SOURCE_TRACE_MATRIX.csv,목표 환경 또는 동등 Harness 실행
CPF-FR-014825,07-00014825,REST,TCP / File / TCP Connection Pool,운영,미검증,아니오,QA12F-EXT-002,cpf-docs/evidence/qa/QA_PARALLEL_12WAY_QA-12F_f97655c/SOURCE_TRACE_MATRIX.csv,목표 환경 또는 동등 Harness 실행
CPF-FR-014826,10-00014826,REST,TCP / File / TCP Connection Pool,실패·복구,미검증,아니오,QA12F-EXT-002,cpf-docs/evidence/qa/QA_PARALLEL_12WAY_QA-12F_f97655c/SOURCE_TRACE_MATRIX.csv,목표 환경 또는 동등 Harness 실행
CPF-FR-014827,07-00014827,REST,TCP / File / TCP Connection Pool,호환·배포,미검증,아니오,QA12F-EXT-002,cpf-docs/evidence/qa/QA_PARALLEL_12WAY_QA-12F_f97655c/SOURCE_TRACE_MATRIX.csv,목표 환경 또는 동등 Harness 실행
CPF-FR-014828,10-00014828,REST,TCP / File / TCP Connection Pool,검증·Evidence,미검증,아니오,QA12F-EXT-002,cpf-docs/evidence/qa/QA_PARALLEL_12WAY_QA-12F_f97655c/SOURCE_TRACE_MATRIX.csv,목표 환경 또는 동등 Harness 실행
CPF-FR-014829,07-00014829,REST,TCP / File / TCP Framing,계약,미검증,아니오,QA12F-EXT-002,cpf-docs/evidence/qa/QA_PARALLEL_12WAY_QA-12F_f97655c/SOURCE_TRACE_MATRIX.csv,목표 환경 또는 동등 Harness 실행
CPF-FR-014830,07-00014830,REST,TCP / File / TCP Framing,기본 구현,미검증,아니오,QA12F-EXT-002,cpf-docs/evidence/qa/QA_PARALLEL_12WAY_QA-12F_f97655c/SOURCE_TRACE_MATRIX.csv,목표 환경 또는 동등 Harness 실행
CPF-FR-014831,07-00014831,REST,TCP / File / TCP Framing,상태·데이터,미검증,아니오,QA12F-EXT-002,cpf-docs/evidence/qa/QA_PARALLEL_12WAY_QA-12F_f97655c/SOURCE_TRACE_MATRIX.csv,목표 환경 또는 동등 Harness 실행
CPF-FR-014832,07-00014832,REST,TCP / File / TCP Framing,보안·권한,미검증,아니오,QA12F-EXT-002,cpf-docs/evidence/qa/QA_PARALLEL_12WAY_QA-12F_f97655c/SOURCE_TRACE_MATRIX.csv,목표 환경 또는 동등 Harness 실행
CPF-FR-014833,07-00014833,REST,TCP / File / TCP Framing,운영,미검증,아니오,QA12F-EXT-002,cpf-docs/evidence/qa/QA_PARALLEL_12WAY_QA-12F_f97655c/SOURCE_TRACE_MATRIX.csv,목표 환경 또는 동등 Harness 실행
CPF-FR-014834,10-00014834,REST,TCP / File / TCP Framing,실패·복구,미검증,아니오,QA12F-EXT-002,cpf-docs/evidence/qa/QA_PARALLEL_12WAY_QA-12F_f97655c/SOURCE_TRACE_MATRIX.csv,목표 환경 또는 동등 Harness 실행
CPF-FR-014835,07-00014835,REST,TCP / File / TCP Framing,호환·배포,미검증,아니오,QA12F-EXT-002,cpf-docs/evidence/qa/QA_PARALLEL_12WAY_QA-12F_f97655c/SOURCE_TRACE_MATRIX.csv,목표 환경 또는 동등 Harness 실행
CPF-FR-014836,10-00014836,REST,TCP / File / TCP Framing,검증·Evidence,미검증,아니오,QA12F-EXT-002,cpf-docs/evidence/qa/QA_PARALLEL_12WAY_QA-12F_f97655c/SOURCE_TRACE_MATRIX.csv,목표 환경 또는 동등 Harness 실행
CPF-FR-014837,07-00014837,REST,TCP / File / TCP Heartbeat,계약,미검증,아니오,QA12F-EXT-002,cpf-docs/evidence/qa/QA_PARALLEL_12WAY_QA-12F_f97655c/SOURCE_TRACE_MATRIX.csv,목표 환경 또는 동등 Harness 실행
CPF-FR-014838,07-00014838,REST,TCP / File / TCP Heartbeat,기본 구현,미검증,아니오,QA12F-EXT-002,cpf-docs/evidence/qa/QA_PARALLEL_12WAY_QA-12F_f97655c/SOURCE_TRACE_MATRIX.csv,목표 환경 또는 동등 Harness 실행
CPF-FR-014839,07-00014839,REST,TCP / File / TCP Heartbeat,상태·데이터,미검증,아니오,QA12F-EXT-002,cpf-docs/evidence/qa/QA_PARALLEL_12WAY_QA-12F_f97655c/SOURCE_TRACE_MATRIX.csv,목표 환경 또는 동등 Harness 실행
CPF-FR-014840,07-00014840,REST,TCP / File / TCP Heartbeat,보안·권한,미검증,아니오,QA12F-EXT-002,cpf-docs/evidence/qa/QA_PARALLEL_12WAY_QA-12F_f97655c/SOURCE_TRACE_MATRIX.csv,목표 환경 또는 동등 Harness 실행
CPF-FR-014841,07-00014841,REST,TCP / File / TCP Heartbeat,운영,미검증,아니오,QA12F-EXT-002,cpf-docs/evidence/qa/QA_PARALLEL_12WAY_QA-12F_f97655c/SOURCE_TRACE_MATRIX.csv,목표 환경 또는 동등 Harness 실행
CPF-FR-014842,10-00014842,REST,TCP / File / TCP Heartbeat,실패·복구,미검증,아니오,QA12F-EXT-002,cpf-docs/evidence/qa/QA_PARALLEL_12WAY_QA-12F_f97655c/SOURCE_TRACE_MATRIX.csv,목표 환경 또는 동등 Harness 실행
CPF-FR-014843,07-00014843,REST,TCP / File / TCP Heartbeat,호환·배포,미검증,아니오,QA12F-EXT-002,cpf-docs/evidence/qa/QA_PARALLEL_12WAY_QA-12F_f97655c/SOURCE_TRACE_MATRIX.csv,목표 환경 또는 동등 Harness 실행
CPF-FR-014844,10-00014844,REST,TCP / File / TCP Heartbeat,검증·Evidence,미검증,아니오,QA12F-EXT-002,cpf-docs/evidence/qa/QA_PARALLEL_12WAY_QA-12F_f97655c/SOURCE_TRACE_MATRIX.csv,목표 환경 또는 동등 Harness 실행
CPF-FR-014845,07-00014845,REST,TCP / File / TCP Half-open Detection,계약,미검증,아니오,QA12F-EXT-002,cpf-docs/evidence/qa/QA_PARALLEL_12WAY_QA-12F_f97655c/SOURCE_TRACE_MATRIX.csv,목표 환경 또는 동등 Harness 실행
CPF-FR-014846,07-00014846,REST,TCP / File / TCP Half-open Detection,기본 구현,미검증,아니오,QA12F-EXT-002,cpf-docs/evidence/qa/QA_PARALLEL_12WAY_QA-12F_f97655c/SOURCE_TRACE_MATRIX.csv,목표 환경 또는 동등 Harness 실행
CPF-FR-014847,07-00014847,REST,TCP / File / TCP Half-open Detection,상태·데이터,미검증,아니오,QA12F-EXT-002,cpf-docs/evidence/qa/QA_PARALLEL_12WAY_QA-12F_f97655c/SOURCE_TRACE_MATRIX.csv,목표 환경 또는 동등 Harness 실행
CPF-FR-014848,07-00014848,REST,TCP / File / TCP Half-open Detection,보안·권한,미검증,아니오,QA12F-EXT-002,cpf-docs/evidence/qa/QA_PARALLEL_12WAY_QA-12F_f97655c/SOURCE_TRACE_MATRIX.csv,목표 환경 또는 동등 Harness 실행
CPF-FR-014849,07-00014849,REST,TCP / File / TCP Half-open Detection,운영,미검증,아니오,QA12F-EXT-002,cpf-docs/evidence/qa/QA_PARALLEL_12WAY_QA-12F_f97655c/SOURCE_TRACE_MATRIX.csv,목표 환경 또는 동등 Harness 실행
CPF-FR-014850,10-00014850,REST,TCP / File / TCP Half-open Detection,실패·복구,미검증,아니오,QA12F-EXT-002,cpf-docs/evidence/qa/QA_PARALLEL_12WAY_QA-12F_f97655c/SOURCE_TRACE_MATRIX.csv,목표 환경 또는 동등 Harness 실행
CPF-FR-014851,07-00014851,REST,TCP / File / TCP Half-open Detection,호환·배포,미검증,아니오,QA12F-EXT-002,cpf-docs/evidence/qa/QA_PARALLEL_12WAY_QA-12F_f97655c/SOURCE_TRACE_MATRIX.csv,목표 환경 또는 동등 Harness 실행
CPF-FR-014852,10-00014852,REST,TCP / File / TCP Half-open Detection,검증·Evidence,미검증,아니오,QA12F-EXT-002,cpf-docs/evidence/qa/QA_PARALLEL_12WAY_QA-12F_f97655c/SOURCE_TRACE_MATRIX.csv,목표 환경 또는 동등 Harness 실행
CPF-FR-014853,07-00014853,REST,TCP / File / TCP Reconnect,계약,미검증,아니오,QA12F-EXT-002,cpf-docs/evidence/qa/QA_PARALLEL_12WAY_QA-12F_f97655c/SOURCE_TRACE_MATRIX.csv,목표 환경 또는 동등 Harness 실행
CPF-FR-014854,07-00014854,REST,TCP / File / TCP Reconnect,기본 구현,미검증,아니오,QA12F-EXT-002,cpf-docs/evidence/qa/QA_PARALLEL_12WAY_QA-12F_f97655c/SOURCE_TRACE_MATRIX.csv,목표 환경 또는 동등 Harness 실행
CPF-FR-014855,07-00014855,REST,TCP / File / TCP Reconnect,상태·데이터,미검증,아니오,QA12F-EXT-002,cpf-docs/evidence/qa/QA_PARALLEL_12WAY_QA-12F_f97655c/SOURCE_TRACE_MATRIX.csv,목표 환경 또는 동등 Harness 실행
CPF-FR-014856,07-00014856,REST,TCP / File / TCP Reconnect,보안·권한,미검증,아니오,QA12F-EXT-002,cpf-docs/evidence/qa/QA_PARALLEL_12WAY_QA-12F_f97655c/SOURCE_TRACE_MATRIX.csv,목표 환경 또는 동등 Harness 실행
CPF-FR-014857,07-00014857,REST,TCP / File / TCP Reconnect,운영,미검증,아니오,QA12F-EXT-002,cpf-docs/evidence/qa/QA_PARALLEL_12WAY_QA-12F_f97655c/SOURCE_TRACE_MATRIX.csv,목표 환경 또는 동등 Harness 실행
CPF-FR-014858,10-00014858,REST,TCP / File / TCP Reconnect,실패·복구,미검증,아니오,QA12F-EXT-002,cpf-docs/evidence/qa/QA_PARALLEL_12WAY_QA-12F_f97655c/SOURCE_TRACE_MATRIX.csv,목표 환경 또는 동등 Harness 실행
CPF-FR-014859,07-00014859,REST,TCP / File / TCP Reconnect,호환·배포,미검증,아니오,QA12F-EXT-002,cpf-docs/evidence/qa/QA_PARALLEL_12WAY_QA-12F_f97655c/SOURCE_TRACE_MATRIX.csv,목표 환경 또는 동등 Harness 실행
CPF-FR-014860,10-00014860,REST,TCP / File / TCP Reconnect,검증·Evidence,미검증,아니오,QA12F-EXT-002,cpf-docs/evidence/qa/QA_PARALLEL_12WAY_QA-12F_f97655c/SOURCE_TRACE_MATRIX.csv,목표 환경 또는 동등 Harness 실행
CPF-FR-014861,07-00014861,REST,TCP / File / TCP Correlation,계약,미검증,아니오,QA12F-EXT-002,cpf-docs/evidence/qa/QA_PARALLEL_12WAY_QA-12F_f97655c/SOURCE_TRACE_MATRIX.csv,목표 환경 또는 동등 Harness 실행
CPF-FR-014862,07-00014862,REST,TCP / File / TCP Correlation,기본 구현,미검증,아니오,QA12F-EXT-002,cpf-docs/evidence/qa/QA_PARALLEL_12WAY_QA-12F_f97655c/SOURCE_TRACE_MATRIX.csv,목표 환경 또는 동등 Harness 실행
CPF-FR-014863,07-00014863,REST,TCP / File / TCP Correlation,상태·데이터,미검증,아니오,QA12F-EXT-002,cpf-docs/evidence/qa/QA_PARALLEL_12WAY_QA-12F_f97655c/SOURCE_TRACE_MATRIX.csv,목표 환경 또는 동등 Harness 실행
CPF-FR-014864,07-00014864,REST,TCP / File / TCP Correlation,보안·권한,미검증,아니오,QA12F-EXT-002,cpf-docs/evidence/qa/QA_PARALLEL_12WAY_QA-12F_f97655c/SOURCE_TRACE_MATRIX.csv,목표 환경 또는 동등 Harness 실행
CPF-FR-014865,07-00014865,REST,TCP / File / TCP Correlation,운영,미검증,아니오,QA12F-EXT-002,cpf-docs/evidence/qa/QA_PARALLEL_12WAY_QA-12F_f97655c/SOURCE_TRACE_MATRIX.csv,목표 환경 또는 동등 Harness 실행
CPF-FR-014866,10-00014866,REST,TCP / File / TCP Correlation,실패·복구,미검증,아니오,QA12F-EXT-002,cpf-docs/evidence/qa/QA_PARALLEL_12WAY_QA-12F_f97655c/SOURCE_TRACE_MATRIX.csv,목표 환경 또는 동등 Harness 실행
CPF-FR-014867,07-00014867,REST,TCP / File / TCP Correlation,호환·배포,미검증,아니오,QA12F-EXT-002,cpf-docs/evidence/qa/QA_PARALLEL_12WAY_QA-12F_f97655c/SOURCE_TRACE_MATRIX.csv,목표 환경 또는 동등 Harness 실행
CPF-FR-014868,10-00014868,REST,TCP / File / TCP Correlation,검증·Evidence,미검증,아니오,QA12F-EXT-002,cpf-docs/evidence/qa/QA_PARALLEL_12WAY_QA-12F_f97655c/SOURCE_TRACE_MATRIX.csv,목표 환경 또는 동등 Harness 실행
CPF-FR-014869,07-00014869,REST,TCP / File / TCP Backpressure,계약,미검증,아니오,QA12F-EXT-002,cpf-docs/evidence/qa/QA_PARALLEL_12WAY_QA-12F_f97655c/SOURCE_TRACE_MATRIX.csv,목표 환경 또는 동등 Harness 실행
CPF-FR-014870,07-00014870,REST,TCP / File / TCP Backpressure,기본 구현,미검증,아니오,QA12F-EXT-002,cpf-docs/evidence/qa/QA_PARALLEL_12WAY_QA-12F_f97655c/SOURCE_TRACE_MATRIX.csv,목표 환경 또는 동등 Harness 실행
CPF-FR-014871,07-00014871,REST,TCP / File / TCP Backpressure,상태·데이터,미검증,아니오,QA12F-EXT-002,cpf-docs/evidence/qa/QA_PARALLEL_12WAY_QA-12F_f97655c/SOURCE_TRACE_MATRIX.csv,목표 환경 또는 동등 Harness 실행
CPF-FR-014872,07-00014872,REST,TCP / File / TCP Backpressure,보안·권한,미검증,아니오,QA12F-EXT-002,cpf-docs/evidence/qa/QA_PARALLEL_12WAY_QA-12F_f97655c/SOURCE_TRACE_MATRIX.csv,목표 환경 또는 동등 Harness 실행
CPF-FR-014873,07-00014873,REST,TCP / File / TCP Backpressure,운영,미검증,아니오,QA12F-EXT-002,cpf-docs/evidence/qa/QA_PARALLEL_12WAY_QA-12F_f97655c/SOURCE_TRACE_MATRIX.csv,목표 환경 또는 동등 Harness 실행
CPF-FR-014874,10-00014874,REST,TCP / File / TCP Backpressure,실패·복구,미검증,아니오,QA12F-EXT-002,cpf-docs/evidence/qa/QA_PARALLEL_12WAY_QA-12F_f97655c/SOURCE_TRACE_MATRIX.csv,목표 환경 또는 동등 Harness 실행
CPF-FR-014875,07-00014875,REST,TCP / File / TCP Backpressure,호환·배포,미검증,아니오,QA12F-EXT-002,cpf-docs/evidence/qa/QA_PARALLEL_12WAY_QA-12F_f97655c/SOURCE_TRACE_MATRIX.csv,목표 환경 또는 동등 Harness 실행
CPF-FR-014876,10-00014876,REST,TCP / File / TCP Backpressure,검증·Evidence,미검증,아니오,QA12F-EXT-002,cpf-docs/evidence/qa/QA_PARALLEL_12WAY_QA-12F_f97655c/SOURCE_TRACE_MATRIX.csv,목표 환경 또는 동등 Harness 실행
CPF-FR-014877,07-00014877,REST,TCP / File / SFTP Endpoint,계약,미검증,아니오,QA12F-EXT-002,cpf-docs/evidence/qa/QA_PARALLEL_12WAY_QA-12F_f97655c/SOURCE_TRACE_MATRIX.csv,목표 환경 또는 동등 Harness 실행
CPF-FR-014878,07-00014878,REST,TCP / File / SFTP Endpoint,기본 구현,미검증,아니오,QA12F-EXT-002,cpf-docs/evidence/qa/QA_PARALLEL_12WAY_QA-12F_f97655c/SOURCE_TRACE_MATRIX.csv,목표 환경 또는 동등 Harness 실행
CPF-FR-014879,07-00014879,REST,TCP / File / SFTP Endpoint,상태·데이터,미검증,아니오,QA12F-EXT-002,cpf-docs/evidence/qa/QA_PARALLEL_12WAY_QA-12F_f97655c/SOURCE_TRACE_MATRIX.csv,목표 환경 또는 동등 Harness 실행
CPF-FR-014880,07-00014880,REST,TCP / File / SFTP Endpoint,보안·권한,미검증,아니오,QA12F-EXT-002,cpf-docs/evidence/qa/QA_PARALLEL_12WAY_QA-12F_f97655c/SOURCE_TRACE_MATRIX.csv,목표 환경 또는 동등 Harness 실행
CPF-FR-014881,07-00014881,REST,TCP / File / SFTP Endpoint,운영,미검증,아니오,QA12F-EXT-002,cpf-docs/evidence/qa/QA_PARALLEL_12WAY_QA-12F_f97655c/SOURCE_TRACE_MATRIX.csv,목표 환경 또는 동등 Harness 실행
CPF-FR-014882,10-00014882,REST,TCP / File / SFTP Endpoint,실패·복구,미검증,아니오,QA12F-EXT-002,cpf-docs/evidence/qa/QA_PARALLEL_12WAY_QA-12F_f97655c/SOURCE_TRACE_MATRIX.csv,목표 환경 또는 동등 Harness 실행
CPF-FR-014883,07-00014883,REST,TCP / File / SFTP Endpoint,호환·배포,미검증,아니오,QA12F-EXT-002,cpf-docs/evidence/qa/QA_PARALLEL_12WAY_QA-12F_f97655c/SOURCE_TRACE_MATRIX.csv,목표 환경 또는 동등 Harness 실행
CPF-FR-014884,10-00014884,REST,TCP / File / SFTP Endpoint,검증·Evidence,미검증,아니오,QA12F-EXT-002,cpf-docs/evidence/qa/QA_PARALLEL_12WAY_QA-12F_f97655c/SOURCE_TRACE_MATRIX.csv,목표 환경 또는 동등 Harness 실행
CPF-FR-014885,07-00014885,REST,TCP / File / SFTP Host Key,계약,미검증,아니오,QA12F-EXT-002,cpf-docs/evidence/qa/QA_PARALLEL_12WAY_QA-12F_f97655c/SOURCE_TRACE_MATRIX.csv,목표 환경 또는 동등 Harness 실행
CPF-FR-014886,07-00014886,REST,TCP / File / SFTP Host Key,기본 구현,미검증,아니오,QA12F-EXT-002,cpf-docs/evidence/qa/QA_PARALLEL_12WAY_QA-12F_f97655c/SOURCE_TRACE_MATRIX.csv,목표 환경 또는 동등 Harness 실행
CPF-FR-014887,07-00014887,REST,TCP / File / SFTP Host Key,상태·데이터,미검증,아니오,QA12F-EXT-002,cpf-docs/evidence/qa/QA_PARALLEL_12WAY_QA-12F_f97655c/SOURCE_TRACE_MATRIX.csv,목표 환경 또는 동등 Harness 실행
CPF-FR-014888,07-00014888,REST,TCP / File / SFTP Host Key,보안·권한,미검증,아니오,QA12F-EXT-002,cpf-docs/evidence/qa/QA_PARALLEL_12WAY_QA-12F_f97655c/SOURCE_TRACE_MATRIX.csv,목표 환경 또는 동등 Harness 실행
CPF-FR-014889,07-00014889,REST,TCP / File / SFTP Host Key,운영,미검증,아니오,QA12F-EXT-002,cpf-docs/evidence/qa/QA_PARALLEL_12WAY_QA-12F_f97655c/SOURCE_TRACE_MATRIX.csv,목표 환경 또는 동등 Harness 실행
CPF-FR-014890,10-00014890,REST,TCP / File / SFTP Host Key,실패·복구,미검증,아니오,QA12F-EXT-002,cpf-docs/evidence/qa/QA_PARALLEL_12WAY_QA-12F_f97655c/SOURCE_TRACE_MATRIX.csv,목표 환경 또는 동등 Harness 실행
CPF-FR-014891,07-00014891,REST,TCP / File / SFTP Host Key,호환·배포,미검증,아니오,QA12F-EXT-002,cpf-docs/evidence/qa/QA_PARALLEL_12WAY_QA-12F_f97655c/SOURCE_TRACE_MATRIX.csv,목표 환경 또는 동등 Harness 실행
CPF-FR-014892,10-00014892,REST,TCP / File / SFTP Host Key,검증·Evidence,미검증,아니오,QA12F-EXT-002,cpf-docs/evidence/qa/QA_PARALLEL_12WAY_QA-12F_f97655c/SOURCE_TRACE_MATRIX.csv,목표 환경 또는 동등 Harness 실행
CPF-FR-014893,07-00014893,REST,TCP / File / SFTP Secret Reference,계약,미검증,아니오,QA12F-EXT-002,cpf-docs/evidence/qa/QA_PARALLEL_12WAY_QA-12F_f97655c/SOURCE_TRACE_MATRIX.csv,목표 환경 또는 동등 Harness 실행
CPF-FR-014894,07-00014894,REST,TCP / File / SFTP Secret Reference,기본 구현,미검증,아니오,QA12F-EXT-002,cpf-docs/evidence/qa/QA_PARALLEL_12WAY_QA-12F_f97655c/SOURCE_TRACE_MATRIX.csv,목표 환경 또는 동등 Harness 실행
CPF-FR-014895,07-00014895,REST,TCP / File / SFTP Secret Reference,상태·데이터,미검증,아니오,QA12F-EXT-002,cpf-docs/evidence/qa/QA_PARALLEL_12WAY_QA-12F_f97655c/SOURCE_TRACE_MATRIX.csv,목표 환경 또는 동등 Harness 실행
CPF-FR-014896,07-00014896,REST,TCP / File / SFTP Secret Reference,보안·권한,미검증,아니오,QA12F-EXT-002,cpf-docs/evidence/qa/QA_PARALLEL_12WAY_QA-12F_f97655c/SOURCE_TRACE_MATRIX.csv,목표 환경 또는 동등 Harness 실행
CPF-FR-014897,07-00014897,REST,TCP / File / SFTP Secret Reference,운영,미검증,아니오,QA12F-EXT-002,cpf-docs/evidence/qa/QA_PARALLEL_12WAY_QA-12F_f97655c/SOURCE_TRACE_MATRIX.csv,목표 환경 또는 동등 Harness 실행
CPF-FR-014898,10-00014898,REST,TCP / File / SFTP Secret Reference,실패·복구,미검증,아니오,QA12F-EXT-002,cpf-docs/evidence/qa/QA_PARALLEL_12WAY_QA-12F_f97655c/SOURCE_TRACE_MATRIX.csv,목표 환경 또는 동등 Harness 실행
CPF-FR-014899,07-00014899,REST,TCP / File / SFTP Secret Reference,호환·배포,미검증,아니오,QA12F-EXT-002,cpf-docs/evidence/qa/QA_PARALLEL_12WAY_QA-12F_f97655c/SOURCE_TRACE_MATRIX.csv,목표 환경 또는 동등 Harness 실행
CPF-FR-014900,10-00014900,REST,TCP / File / SFTP Secret Reference,검증·Evidence,미검증,아니오,QA12F-EXT-002,cpf-docs/evidence/qa/QA_PARALLEL_12WAY_QA-12F_f97655c/SOURCE_TRACE_MATRIX.csv,목표 환경 또는 동등 Harness 실행
CPF-FR-014901,07-00014901,REST,TCP / File / SFTP Upload,계약,미검증,아니오,QA12F-EXT-002,cpf-docs/evidence/qa/QA_PARALLEL_12WAY_QA-12F_f97655c/SOURCE_TRACE_MATRIX.csv,목표 환경 또는 동등 Harness 실행
CPF-FR-014902,07-00014902,REST,TCP / File / SFTP Upload,기본 구현,미검증,아니오,QA12F-EXT-002,cpf-docs/evidence/qa/QA_PARALLEL_12WAY_QA-12F_f97655c/SOURCE_TRACE_MATRIX.csv,목표 환경 또는 동등 Harness 실행
CPF-FR-014903,07-00014903,REST,TCP / File / SFTP Upload,상태·데이터,미검증,아니오,QA12F-EXT-002,cpf-docs/evidence/qa/QA_PARALLEL_12WAY_QA-12F_f97655c/SOURCE_TRACE_MATRIX.csv,목표 환경 또는 동등 Harness 실행
CPF-FR-014904,07-00014904,REST,TCP / File / SFTP Upload,보안·권한,미검증,아니오,QA12F-EXT-002,cpf-docs/evidence/qa/QA_PARALLEL_12WAY_QA-12F_f97655c/SOURCE_TRACE_MATRIX.csv,목표 환경 또는 동등 Harness 실행
CPF-FR-014905,07-00014905,REST,TCP / File / SFTP Upload,운영,미검증,아니오,QA12F-EXT-002,cpf-docs/evidence/qa/QA_PARALLEL_12WAY_QA-12F_f97655c/SOURCE_TRACE_MATRIX.csv,목표 환경 또는 동등 Harness 실행
CPF-FR-014906,10-00014906,REST,TCP / File / SFTP Upload,실패·복구,미검증,아니오,QA12F-EXT-002,cpf-docs/evidence/qa/QA_PARALLEL_12WAY_QA-12F_f97655c/SOURCE_TRACE_MATRIX.csv,목표 환경 또는 동등 Harness 실행
CPF-FR-014907,07-00014907,REST,TCP / File / SFTP Upload,호환·배포,미검증,아니오,QA12F-EXT-002,cpf-docs/evidence/qa/QA_PARALLEL_12WAY_QA-12F_f97655c/SOURCE_TRACE_MATRIX.csv,목표 환경 또는 동등 Harness 실행
CPF-FR-014908,10-00014908,REST,TCP / File / SFTP Upload,검증·Evidence,미검증,아니오,QA12F-EXT-002,cpf-docs/evidence/qa/QA_PARALLEL_12WAY_QA-12F_f97655c/SOURCE_TRACE_MATRIX.csv,목표 환경 또는 동등 Harness 실행
CPF-FR-014909,07-00014909,REST,TCP / File / SFTP Download,계약,미검증,아니오,QA12F-EXT-002,cpf-docs/evidence/qa/QA_PARALLEL_12WAY_QA-12F_f97655c/SOURCE_TRACE_MATRIX.csv,목표 환경 또는 동등 Harness 실행
CPF-FR-014910,07-00014910,REST,TCP / File / SFTP Download,기본 구현,미검증,아니오,QA12F-EXT-002,cpf-docs/evidence/qa/QA_PARALLEL_12WAY_QA-12F_f97655c/SOURCE_TRACE_MATRIX.csv,목표 환경 또는 동등 Harness 실행
CPF-FR-014911,07-00014911,REST,TCP / File / SFTP Download,상태·데이터,미검증,아니오,QA12F-EXT-002,cpf-docs/evidence/qa/QA_PARALLEL_12WAY_QA-12F_f97655c/SOURCE_TRACE_MATRIX.csv,목표 환경 또는 동등 Harness 실행
CPF-FR-014912,07-00014912,REST,TCP / File / SFTP Download,보안·권한,미검증,아니오,QA12F-EXT-002,cpf-docs/evidence/qa/QA_PARALLEL_12WAY_QA-12F_f97655c/SOURCE_TRACE_MATRIX.csv,목표 환경 또는 동등 Harness 실행
CPF-FR-014913,07-00014913,REST,TCP / File / SFTP Download,운영,미검증,아니오,QA12F-EXT-002,cpf-docs/evidence/qa/QA_PARALLEL_12WAY_QA-12F_f97655c/SOURCE_TRACE_MATRIX.csv,목표 환경 또는 동등 Harness 실행
CPF-FR-014914,10-00014914,REST,TCP / File / SFTP Download,실패·복구,미검증,아니오,QA12F-EXT-002,cpf-docs/evidence/qa/QA_PARALLEL_12WAY_QA-12F_f97655c/SOURCE_TRACE_MATRIX.csv,목표 환경 또는 동등 Harness 실행
CPF-FR-014915,07-00014915,REST,TCP / File / SFTP Download,호환·배포,미검증,아니오,QA12F-EXT-002,cpf-docs/evidence/qa/QA_PARALLEL_12WAY_QA-12F_f97655c/SOURCE_TRACE_MATRIX.csv,목표 환경 또는 동등 Harness 실행
CPF-FR-014916,10-00014916,REST,TCP / File / SFTP Download,검증·Evidence,미검증,아니오,QA12F-EXT-002,cpf-docs/evidence/qa/QA_PARALLEL_12WAY_QA-12F_f97655c/SOURCE_TRACE_MATRIX.csv,목표 환경 또는 동등 Harness 실행
CPF-FR-014917,07-00014917,REST,TCP / File / SFTP Move,계약,미검증,아니오,QA12F-EXT-002,cpf-docs/evidence/qa/QA_PARALLEL_12WAY_QA-12F_f97655c/SOURCE_TRACE_MATRIX.csv,목표 환경 또는 동등 Harness 실행
CPF-FR-014918,07-00014918,REST,TCP / File / SFTP Move,기본 구현,미검증,아니오,QA12F-EXT-002,cpf-docs/evidence/qa/QA_PARALLEL_12WAY_QA-12F_f97655c/SOURCE_TRACE_MATRIX.csv,목표 환경 또는 동등 Harness 실행
CPF-FR-014919,07-00014919,REST,TCP / File / SFTP Move,상태·데이터,미검증,아니오,QA12F-EXT-002,cpf-docs/evidence/qa/QA_PARALLEL_12WAY_QA-12F_f97655c/SOURCE_TRACE_MATRIX.csv,목표 환경 또는 동등 Harness 실행
CPF-FR-014920,07-00014920,REST,TCP / File / SFTP Move,보안·권한,미검증,아니오,QA12F-EXT-002,cpf-docs/evidence/qa/QA_PARALLEL_12WAY_QA-12F_f97655c/SOURCE_TRACE_MATRIX.csv,목표 환경 또는 동등 Harness 실행
CPF-FR-014921,07-00014921,REST,TCP / File / SFTP Move,운영,미검증,아니오,QA12F-EXT-002,cpf-docs/evidence/qa/QA_PARALLEL_12WAY_QA-12F_f97655c/SOURCE_TRACE_MATRIX.csv,목표 환경 또는 동등 Harness 실행
CPF-FR-014922,10-00014922,REST,TCP / File / SFTP Move,실패·복구,미검증,아니오,QA12F-EXT-002,cpf-docs/evidence/qa/QA_PARALLEL_12WAY_QA-12F_f97655c/SOURCE_TRACE_MATRIX.csv,목표 환경 또는 동등 Harness 실행
CPF-FR-014923,07-00014923,REST,TCP / File / SFTP Move,호환·배포,미검증,아니오,QA12F-EXT-002,cpf-docs/evidence/qa/QA_PARALLEL_12WAY_QA-12F_f97655c/SOURCE_TRACE_MATRIX.csv,목표 환경 또는 동등 Harness 실행
CPF-FR-014924,10-00014924,REST,TCP / File / SFTP Move,검증·Evidence,미검증,아니오,QA12F-EXT-002,cpf-docs/evidence/qa/QA_PARALLEL_12WAY_QA-12F_f97655c/SOURCE_TRACE_MATRIX.csv,목표 환경 또는 동등 Harness 실행
CPF-FR-014925,07-00014925,REST,TCP / File / SFTP Resume,계약,미검증,아니오,QA12F-EXT-002,cpf-docs/evidence/qa/QA_PARALLEL_12WAY_QA-12F_f97655c/SOURCE_TRACE_MATRIX.csv,목표 환경 또는 동등 Harness 실행
CPF-FR-014926,07-00014926,REST,TCP / File / SFTP Resume,기본 구현,미검증,아니오,QA12F-EXT-002,cpf-docs/evidence/qa/QA_PARALLEL_12WAY_QA-12F_f97655c/SOURCE_TRACE_MATRIX.csv,목표 환경 또는 동등 Harness 실행
CPF-FR-014927,07-00014927,REST,TCP / File / SFTP Resume,상태·데이터,미검증,아니오,QA12F-EXT-002,cpf-docs/evidence/qa/QA_PARALLEL_12WAY_QA-12F_f97655c/SOURCE_TRACE_MATRIX.csv,목표 환경 또는 동등 Harness 실행
CPF-FR-014928,07-00014928,REST,TCP / File / SFTP Resume,보안·권한,미검증,아니오,QA12F-EXT-002,cpf-docs/evidence/qa/QA_PARALLEL_12WAY_QA-12F_f97655c/SOURCE_TRACE_MATRIX.csv,목표 환경 또는 동등 Harness 실행
CPF-FR-014929,07-00014929,REST,TCP / File / SFTP Resume,운영,미검증,아니오,QA12F-EXT-002,cpf-docs/evidence/qa/QA_PARALLEL_12WAY_QA-12F_f97655c/SOURCE_TRACE_MATRIX.csv,목표 환경 또는 동등 Harness 실행
CPF-FR-014930,10-00014930,REST,TCP / File / SFTP Resume,실패·복구,미검증,아니오,QA12F-EXT-002,cpf-docs/evidence/qa/QA_PARALLEL_12WAY_QA-12F_f97655c/SOURCE_TRACE_MATRIX.csv,목표 환경 또는 동등 Harness 실행
CPF-FR-014931,07-00014931,REST,TCP / File / SFTP Resume,호환·배포,미검증,아니오,QA12F-EXT-002,cpf-docs/evidence/qa/QA_PARALLEL_12WAY_QA-12F_f97655c/SOURCE_TRACE_MATRIX.csv,목표 환경 또는 동등 Harness 실행
CPF-FR-014932,10-00014932,REST,TCP / File / SFTP Resume,검증·Evidence,미검증,아니오,QA12F-EXT-002,cpf-docs/evidence/qa/QA_PARALLEL_12WAY_QA-12F_f97655c/SOURCE_TRACE_MATRIX.csv,목표 환경 또는 동등 Harness 실행
CPF-FR-014933,07-00014933,REST,TCP / File / SFTP Checksum,계약,미검증,아니오,QA12F-EXT-002,cpf-docs/evidence/qa/QA_PARALLEL_12WAY_QA-12F_f97655c/SOURCE_TRACE_MATRIX.csv,목표 환경 또는 동등 Harness 실행
CPF-FR-014934,07-00014934,REST,TCP / File / SFTP Checksum,기본 구현,미검증,아니오,QA12F-EXT-002,cpf-docs/evidence/qa/QA_PARALLEL_12WAY_QA-12F_f97655c/SOURCE_TRACE_MATRIX.csv,목표 환경 또는 동등 Harness 실행
CPF-FR-014935,07-00014935,REST,TCP / File / SFTP Checksum,상태·데이터,미검증,아니오,QA12F-EXT-002,cpf-docs/evidence/qa/QA_PARALLEL_12WAY_QA-12F_f97655c/SOURCE_TRACE_MATRIX.csv,목표 환경 또는 동등 Harness 실행
CPF-FR-014936,07-00014936,REST,TCP / File / SFTP Checksum,보안·권한,미검증,아니오,QA12F-EXT-002,cpf-docs/evidence/qa/QA_PARALLEL_12WAY_QA-12F_f97655c/SOURCE_TRACE_MATRIX.csv,목표 환경 또는 동등 Harness 실행
CPF-FR-014937,07-00014937,REST,TCP / File / SFTP Checksum,운영,미검증,아니오,QA12F-EXT-002,cpf-docs/evidence/qa/QA_PARALLEL_12WAY_QA-12F_f97655c/SOURCE_TRACE_MATRIX.csv,목표 환경 또는 동등 Harness 실행
CPF-FR-014938,10-00014938,REST,TCP / File / SFTP Checksum,실패·복구,미검증,아니오,QA12F-EXT-002,cpf-docs/evidence/qa/QA_PARALLEL_12WAY_QA-12F_f97655c/SOURCE_TRACE_MATRIX.csv,목표 환경 또는 동등 Harness 실행
CPF-FR-014939,07-00014939,REST,TCP / File / SFTP Checksum,호환·배포,미검증,아니오,QA12F-EXT-002,cpf-docs/evidence/qa/QA_PARALLEL_12WAY_QA-12F_f97655c/SOURCE_TRACE_MATRIX.csv,목표 환경 또는 동등 Harness 실행
CPF-FR-014940,10-00014940,REST,TCP / File / SFTP Checksum,검증·Evidence,미검증,아니오,QA12F-EXT-002,cpf-docs/evidence/qa/QA_PARALLEL_12WAY_QA-12F_f97655c/SOURCE_TRACE_MATRIX.csv,목표 환경 또는 동등 Harness 실행
CPF-FR-014941,07-00014941,REST,TCP / File / SFTP Result Ledger,계약,미검증,아니오,QA12F-EXT-002,cpf-docs/evidence/qa/QA_PARALLEL_12WAY_QA-12F_f97655c/SOURCE_TRACE_MATRIX.csv,목표 환경 또는 동등 Harness 실행
CPF-FR-014942,07-00014942,REST,TCP / File / SFTP Result Ledger,기본 구현,미검증,아니오,QA12F-EXT-002,cpf-docs/evidence/qa/QA_PARALLEL_12WAY_QA-12F_f97655c/SOURCE_TRACE_MATRIX.csv,목표 환경 또는 동등 Harness 실행
CPF-FR-014943,07-00014943,REST,TCP / File / SFTP Result Ledger,상태·데이터,미검증,아니오,QA12F-EXT-002,cpf-docs/evidence/qa/QA_PARALLEL_12WAY_QA-12F_f97655c/SOURCE_TRACE_MATRIX.csv,목표 환경 또는 동등 Harness 실행
CPF-FR-014944,07-00014944,REST,TCP / File / SFTP Result Ledger,보안·권한,미검증,아니오,QA12F-EXT-002,cpf-docs/evidence/qa/QA_PARALLEL_12WAY_QA-12F_f97655c/SOURCE_TRACE_MATRIX.csv,목표 환경 또는 동등 Harness 실행
CPF-FR-014945,07-00014945,REST,TCP / File / SFTP Result Ledger,운영,미검증,아니오,QA12F-EXT-002,cpf-docs/evidence/qa/QA_PARALLEL_12WAY_QA-12F_f97655c/SOURCE_TRACE_MATRIX.csv,목표 환경 또는 동등 Harness 실행
CPF-FR-014946,10-00014946,REST,TCP / File / SFTP Result Ledger,실패·복구,미검증,아니오,QA12F-EXT-002,cpf-docs/evidence/qa/QA_PARALLEL_12WAY_QA-12F_f97655c/SOURCE_TRACE_MATRIX.csv,목표 환경 또는 동등 Harness 실행
CPF-FR-014947,07-00014947,REST,TCP / File / SFTP Result Ledger,호환·배포,미검증,아니오,QA12F-EXT-002,cpf-docs/evidence/qa/QA_PARALLEL_12WAY_QA-12F_f97655c/SOURCE_TRACE_MATRIX.csv,목표 환경 또는 동등 Harness 실행
CPF-FR-014948,10-00014948,REST,TCP / File / SFTP Result Ledger,검증·Evidence,미검증,아니오,QA12F-EXT-002,cpf-docs/evidence/qa/QA_PARALLEL_12WAY_QA-12F_f97655c/SOURCE_TRACE_MATRIX.csv,목표 환경 또는 동등 Harness 실행
CPF-FR-014949,07-00014949,REST,TCP / File / Institution Callback,계약,미통과,아니오,QA12F-EXT-001;QA12F-EXT-002,cpf-docs/evidence/qa/QA_PARALLEL_12WAY_QA-12F_f97655c/SOURCE_TRACE_MATRIX.csv,재개발 후 contract/fault/runtime 재검수
CPF-FR-014950,07-00014950,REST,TCP / File / Institution Callback,기본 구현,미통과,아니오,QA12F-EXT-001;QA12F-EXT-002,cpf-docs/evidence/qa/QA_PARALLEL_12WAY_QA-12F_f97655c/SOURCE_TRACE_MATRIX.csv,재개발 후 contract/fault/runtime 재검수
CPF-FR-014951,07-00014951,REST,TCP / File / Institution Callback,상태·데이터,미통과,아니오,QA12F-EXT-001;QA12F-EXT-002,cpf-docs/evidence/qa/QA_PARALLEL_12WAY_QA-12F_f97655c/SOURCE_TRACE_MATRIX.csv,재개발 후 contract/fault/runtime 재검수
CPF-FR-014952,07-00014952,REST,TCP / File / Institution Callback,보안·권한,미통과,아니오,QA12F-EXT-001;QA12F-EXT-002,cpf-docs/evidence/qa/QA_PARALLEL_12WAY_QA-12F_f97655c/SOURCE_TRACE_MATRIX.csv,재개발 후 contract/fault/runtime 재검수
CPF-FR-014953,07-00014953,REST,TCP / File / Institution Callback,운영,미통과,아니오,QA12F-EXT-001;QA12F-EXT-002,cpf-docs/evidence/qa/QA_PARALLEL_12WAY_QA-12F_f97655c/SOURCE_TRACE_MATRIX.csv,재개발 후 contract/fault/runtime 재검수
CPF-FR-014954,10-00014954,REST,TCP / File / Institution Callback,실패·복구,미통과,아니오,QA12F-EXT-001;QA12F-EXT-002,cpf-docs/evidence/qa/QA_PARALLEL_12WAY_QA-12F_f97655c/SOURCE_TRACE_MATRIX.csv,재개발 후 contract/fault/runtime 재검수
CPF-FR-014955,07-00014955,REST,TCP / File / Institution Callback,호환·배포,미통과,아니오,QA12F-EXT-001;QA12F-EXT-002,cpf-docs/evidence/qa/QA_PARALLEL_12WAY_QA-12F_f97655c/SOURCE_TRACE_MATRIX.csv,재개발 후 contract/fault/runtime 재검수
CPF-FR-014956,10-00014956,REST,TCP / File / Institution Callback,검증·Evidence,미통과,아니오,QA12F-EXT-001;QA12F-EXT-002,cpf-docs/evidence/qa/QA_PARALLEL_12WAY_QA-12F_f97655c/SOURCE_TRACE_MATRIX.csv,재개발 후 contract/fault/runtime 재검수
CPF-FR-014957,07-00014957,REST,TCP / File / External Reconciliation,계약,미통과,아니오,QA12F-EXT-001;QA12F-EXT-002,cpf-docs/evidence/qa/QA_PARALLEL_12WAY_QA-12F_f97655c/SOURCE_TRACE_MATRIX.csv,재개발 후 contract/fault/runtime 재검수
CPF-FR-014958,07-00014958,REST,TCP / File / External Reconciliation,기본 구현,미통과,아니오,QA12F-EXT-001;QA12F-EXT-002,cpf-docs/evidence/qa/QA_PARALLEL_12WAY_QA-12F_f97655c/SOURCE_TRACE_MATRIX.csv,재개발 후 contract/fault/runtime 재검수
CPF-FR-014959,07-00014959,REST,TCP / File / External Reconciliation,상태·데이터,미통과,아니오,QA12F-EXT-001;QA12F-EXT-002,cpf-docs/evidence/qa/QA_PARALLEL_12WAY_QA-12F_f97655c/SOURCE_TRACE_MATRIX.csv,재개발 후 contract/fault/runtime 재검수
CPF-FR-014960,07-00014960,REST,TCP / File / External Reconciliation,보안·권한,미통과,아니오,QA12F-EXT-001;QA12F-EXT-002,cpf-docs/evidence/qa/QA_PARALLEL_12WAY_QA-12F_f97655c/SOURCE_TRACE_MATRIX.csv,재개발 후 contract/fault/runtime 재검수
CPF-FR-014961,07-00014961,REST,TCP / File / External Reconciliation,운영,미통과,아니오,QA12F-EXT-001;QA12F-EXT-002,cpf-docs/evidence/qa/QA_PARALLEL_12WAY_QA-12F_f97655c/SOURCE_TRACE_MATRIX.csv,재개발 후 contract/fault/runtime 재검수
CPF-FR-014962,10-00014962,REST,TCP / File / External Reconciliation,실패·복구,미통과,아니오,QA12F-EXT-001;QA12F-EXT-002,cpf-docs/evidence/qa/QA_PARALLEL_12WAY_QA-12F_f97655c/SOURCE_TRACE_MATRIX.csv,재개발 후 contract/fault/runtime 재검수
CPF-FR-014963,07-00014963,REST,TCP / File / External Reconciliation,호환·배포,미통과,아니오,QA12F-EXT-001;QA12F-EXT-002,cpf-docs/evidence/qa/QA_PARALLEL_12WAY_QA-12F_f97655c/SOURCE_TRACE_MATRIX.csv,재개발 후 contract/fault/runtime 재검수
CPF-FR-014964,10-00014964,REST,TCP / File / External Reconciliation,검증·Evidence,미통과,아니오,QA12F-EXT-001;QA12F-EXT-002,cpf-docs/evidence/qa/QA_PARALLEL_12WAY_QA-12F_f97655c/SOURCE_TRACE_MATRIX.csv,재개발 후 contract/fault/runtime 재검수
CPF-FR-014965,07-00014965,REST,TCP / File / Manual Confirmation,계약,미통과,아니오,QA12F-EXT-001;QA12F-EXT-002,cpf-docs/evidence/qa/QA_PARALLEL_12WAY_QA-12F_f97655c/SOURCE_TRACE_MATRIX.csv,재개발 후 contract/fault/runtime 재검수
CPF-FR-014966,07-00014966,REST,TCP / File / Manual Confirmation,기본 구현,미통과,아니오,QA12F-EXT-001;QA12F-EXT-002,cpf-docs/evidence/qa/QA_PARALLEL_12WAY_QA-12F_f97655c/SOURCE_TRACE_MATRIX.csv,재개발 후 contract/fault/runtime 재검수
CPF-FR-014967,07-00014967,REST,TCP / File / Manual Confirmation,상태·데이터,미통과,아니오,QA12F-EXT-001;QA12F-EXT-002,cpf-docs/evidence/qa/QA_PARALLEL_12WAY_QA-12F_f97655c/SOURCE_TRACE_MATRIX.csv,재개발 후 contract/fault/runtime 재검수
CPF-FR-014968,07-00014968,REST,TCP / File / Manual Confirmation,보안·권한,미통과,아니오,QA12F-EXT-001;QA12F-EXT-002,cpf-docs/evidence/qa/QA_PARALLEL_12WAY_QA-12F_f97655c/SOURCE_TRACE_MATRIX.csv,재개발 후 contract/fault/runtime 재검수
CPF-FR-014969,07-00014969,REST,TCP / File / Manual Confirmation,운영,미통과,아니오,QA12F-EXT-001;QA12F-EXT-002,cpf-docs/evidence/qa/QA_PARALLEL_12WAY_QA-12F_f97655c/SOURCE_TRACE_MATRIX.csv,재개발 후 contract/fault/runtime 재검수
CPF-FR-014970,10-00014970,REST,TCP / File / Manual Confirmation,실패·복구,미통과,아니오,QA12F-EXT-001;QA12F-EXT-002,cpf-docs/evidence/qa/QA_PARALLEL_12WAY_QA-12F_f97655c/SOURCE_TRACE_MATRIX.csv,재개발 후 contract/fault/runtime 재검수
CPF-FR-014971,07-00014971,REST,TCP / File / Manual Confirmation,호환·배포,미통과,아니오,QA12F-EXT-001;QA12F-EXT-002,cpf-docs/evidence/qa/QA_PARALLEL_12WAY_QA-12F_f97655c/SOURCE_TRACE_MATRIX.csv,재개발 후 contract/fault/runtime 재검수
CPF-FR-014972,10-00014972,REST,TCP / File / Manual Confirmation,검증·Evidence,미통과,아니오,QA12F-EXT-001;QA12F-EXT-002,cpf-docs/evidence/qa/QA_PARALLEL_12WAY_QA-12F_f97655c/SOURCE_TRACE_MATRIX.csv,재개발 후 contract/fault/runtime 재검수
CPF-FR-014973,07-00014973,Spring Batch,Job Definition,계약,미검증,아니오,QA12F-BATCH-001,cpf-docs/evidence/qa/QA_PARALLEL_12WAY_QA-12F_f97655c/SOURCE_TRACE_MATRIX.csv,목표 환경 또는 동등 Harness 실행
CPF-FR-014974,07-00014974,Spring Batch,Job Definition,기본 구현,미검증,아니오,QA12F-BATCH-001,cpf-docs/evidence/qa/QA_PARALLEL_12WAY_QA-12F_f97655c/SOURCE_TRACE_MATRIX.csv,목표 환경 또는 동등 Harness 실행
CPF-FR-014975,07-00014975,Spring Batch,Job Definition,상태·데이터,미검증,아니오,QA12F-BATCH-001,cpf-docs/evidence/qa/QA_PARALLEL_12WAY_QA-12F_f97655c/SOURCE_TRACE_MATRIX.csv,목표 환경 또는 동등 Harness 실행
CPF-FR-014976,07-00014976,Spring Batch,Job Definition,보안·권한,미검증,아니오,QA12F-BATCH-001,cpf-docs/evidence/qa/QA_PARALLEL_12WAY_QA-12F_f97655c/SOURCE_TRACE_MATRIX.csv,목표 환경 또는 동등 Harness 실행
CPF-FR-014977,07-00014977,Spring Batch,Job Definition,운영,미검증,아니오,QA12F-BATCH-001,cpf-docs/evidence/qa/QA_PARALLEL_12WAY_QA-12F_f97655c/SOURCE_TRACE_MATRIX.csv,목표 환경 또는 동등 Harness 실행
CPF-FR-014978,10-00014978,Spring Batch,Job Definition,실패·복구,미검증,아니오,QA12F-BATCH-001,cpf-docs/evidence/qa/QA_PARALLEL_12WAY_QA-12F_f97655c/SOURCE_TRACE_MATRIX.csv,목표 환경 또는 동등 Harness 실행
CPF-FR-014979,07-00014979,Spring Batch,Job Definition,호환·배포,미검증,아니오,QA12F-BATCH-001,cpf-docs/evidence/qa/QA_PARALLEL_12WAY_QA-12F_f97655c/SOURCE_TRACE_MATRIX.csv,목표 환경 또는 동등 Harness 실행
CPF-FR-014980,10-00014980,Spring Batch,Job Definition,검증·Evidence,미검증,아니오,QA12F-BATCH-001,cpf-docs/evidence/qa/QA_PARALLEL_12WAY_QA-12F_f97655c/SOURCE_TRACE_MATRIX.csv,목표 환경 또는 동등 Harness 실행
CPF-FR-014981,07-00014981,Spring Batch,Job Identity,계약,미검증,아니오,QA12F-BATCH-001,cpf-docs/evidence/qa/QA_PARALLEL_12WAY_QA-12F_f97655c/SOURCE_TRACE_MATRIX.csv,목표 환경 또는 동등 Harness 실행
CPF-FR-014982,07-00014982,Spring Batch,Job Identity,기본 구현,미검증,아니오,QA12F-BATCH-001,cpf-docs/evidence/qa/QA_PARALLEL_12WAY_QA-12F_f97655c/SOURCE_TRACE_MATRIX.csv,목표 환경 또는 동등 Harness 실행
CPF-FR-014983,07-00014983,Spring Batch,Job Identity,상태·데이터,미검증,아니오,QA12F-BATCH-001,cpf-docs/evidence/qa/QA_PARALLEL_12WAY_QA-12F_f97655c/SOURCE_TRACE_MATRIX.csv,목표 환경 또는 동등 Harness 실행
CPF-FR-014984,07-00014984,Spring Batch,Job Identity,보안·권한,미검증,아니오,QA12F-BATCH-001,cpf-docs/evidence/qa/QA_PARALLEL_12WAY_QA-12F_f97655c/SOURCE_TRACE_MATRIX.csv,목표 환경 또는 동등 Harness 실행
CPF-FR-014985,07-00014985,Spring Batch,Job Identity,운영,미검증,아니오,QA12F-BATCH-001,cpf-docs/evidence/qa/QA_PARALLEL_12WAY_QA-12F_f97655c/SOURCE_TRACE_MATRIX.csv,목표 환경 또는 동등 Harness 실행
CPF-FR-014986,10-00014986,Spring Batch,Job Identity,실패·복구,미검증,아니오,QA12F-BATCH-001,cpf-docs/evidence/qa/QA_PARALLEL_12WAY_QA-12F_f97655c/SOURCE_TRACE_MATRIX.csv,목표 환경 또는 동등 Harness 실행
CPF-FR-014987,07-00014987,Spring Batch,Job Identity,호환·배포,미검증,아니오,QA12F-BATCH-001,cpf-docs/evidence/qa/QA_PARALLEL_12WAY_QA-12F_f97655c/SOURCE_TRACE_MATRIX.csv,목표 환경 또는 동등 Harness 실행
CPF-FR-014988,10-00014988,Spring Batch,Job Identity,검증·Evidence,미검증,아니오,QA12F-BATCH-001,cpf-docs/evidence/qa/QA_PARALLEL_12WAY_QA-12F_f97655c/SOURCE_TRACE_MATRIX.csv,목표 환경 또는 동등 Harness 실행
CPF-FR-014989,07-00014989,Spring Batch,Job Parameter Schema,계약,미검증,아니오,QA12F-BATCH-001,cpf-docs/evidence/qa/QA_PARALLEL_12WAY_QA-12F_f97655c/SOURCE_TRACE_MATRIX.csv,목표 환경 또는 동등 Harness 실행
CPF-FR-014990,07-00014990,Spring Batch,Job Parameter Schema,기본 구현,미검증,아니오,QA12F-BATCH-001,cpf-docs/evidence/qa/QA_PARALLEL_12WAY_QA-12F_f97655c/SOURCE_TRACE_MATRIX.csv,목표 환경 또는 동등 Harness 실행
CPF-FR-014991,07-00014991,Spring Batch,Job Parameter Schema,상태·데이터,미검증,아니오,QA12F-BATCH-001,cpf-docs/evidence/qa/QA_PARALLEL_12WAY_QA-12F_f97655c/SOURCE_TRACE_MATRIX.csv,목표 환경 또는 동등 Harness 실행
CPF-FR-014992,07-00014992,Spring Batch,Job Parameter Schema,보안·권한,미검증,아니오,QA12F-BATCH-001,cpf-docs/evidence/qa/QA_PARALLEL_12WAY_QA-12F_f97655c/SOURCE_TRACE_MATRIX.csv,목표 환경 또는 동등 Harness 실행
CPF-FR-014993,07-00014993,Spring Batch,Job Parameter Schema,운영,미검증,아니오,QA12F-BATCH-001,cpf-docs/evidence/qa/QA_PARALLEL_12WAY_QA-12F_f97655c/SOURCE_TRACE_MATRIX.csv,목표 환경 또는 동등 Harness 실행
CPF-FR-014994,10-00014994,Spring Batch,Job Parameter Schema,실패·복구,미검증,아니오,QA12F-BATCH-001,cpf-docs/evidence/qa/QA_PARALLEL_12WAY_QA-12F_f97655c/SOURCE_TRACE_MATRIX.csv,목표 환경 또는 동등 Harness 실행
CPF-FR-014995,07-00014995,Spring Batch,Job Parameter Schema,호환·배포,미검증,아니오,QA12F-BATCH-001,cpf-docs/evidence/qa/QA_PARALLEL_12WAY_QA-12F_f97655c/SOURCE_TRACE_MATRIX.csv,목표 환경 또는 동등 Harness 실행
CPF-FR-014996,10-00014996,Spring Batch,Job Parameter Schema,검증·Evidence,미검증,아니오,QA12F-BATCH-001,cpf-docs/evidence/qa/QA_PARALLEL_12WAY_QA-12F_f97655c/SOURCE_TRACE_MATRIX.csv,목표 환경 또는 동등 Harness 실행
CPF-FR-014997,07-00014997,Spring Batch,JobInstance,계약,미검증,아니오,QA12F-BATCH-001,cpf-docs/evidence/qa/QA_PARALLEL_12WAY_QA-12F_f97655c/SOURCE_TRACE_MATRIX.csv,목표 환경 또는 동등 Harness 실행
CPF-FR-014998,07-00014998,Spring Batch,JobInstance,기본 구현,미검증,아니오,QA12F-BATCH-001,cpf-docs/evidence/qa/QA_PARALLEL_12WAY_QA-12F_f97655c/SOURCE_TRACE_MATRIX.csv,목표 환경 또는 동등 Harness 실행
CPF-FR-014999,07-00014999,Spring Batch,JobInstance,상태·데이터,미검증,아니오,QA12F-BATCH-001,cpf-docs/evidence/qa/QA_PARALLEL_12WAY_QA-12F_f97655c/SOURCE_TRACE_MATRIX.csv,목표 환경 또는 동등 Harness 실행
CPF-FR-015000,07-00015000,Spring Batch,JobInstance,보안·권한,미검증,아니오,QA12F-BATCH-001,cpf-docs/evidence/qa/QA_PARALLEL_12WAY_QA-12F_f97655c/SOURCE_TRACE_MATRIX.csv,목표 환경 또는 동등 Harness 실행
CPF-FR-015001,07-00015001,Spring Batch,JobInstance,운영,미검증,아니오,QA12F-BATCH-001,cpf-docs/evidence/qa/QA_PARALLEL_12WAY_QA-12F_f97655c/SOURCE_TRACE_MATRIX.csv,목표 환경 또는 동등 Harness 실행
CPF-FR-015002,10-00015002,Spring Batch,JobInstance,실패·복구,미검증,아니오,QA12F-BATCH-001,cpf-docs/evidence/qa/QA_PARALLEL_12WAY_QA-12F_f97655c/SOURCE_TRACE_MATRIX.csv,목표 환경 또는 동등 Harness 실행
CPF-FR-015003,07-00015003,Spring Batch,JobInstance,호환·배포,미검증,아니오,QA12F-BATCH-001,cpf-docs/evidence/qa/QA_PARALLEL_12WAY_QA-12F_f97655c/SOURCE_TRACE_MATRIX.csv,목표 환경 또는 동등 Harness 실행
CPF-FR-015004,10-00015004,Spring Batch,JobInstance,검증·Evidence,미검증,아니오,QA12F-BATCH-001,cpf-docs/evidence/qa/QA_PARALLEL_12WAY_QA-12F_f97655c/SOURCE_TRACE_MATRIX.csv,목표 환경 또는 동등 Harness 실행
CPF-FR-015005,07-00015005,Spring Batch,JobExecution,계약,미검증,아니오,QA12F-BATCH-001,cpf-docs/evidence/qa/QA_PARALLEL_12WAY_QA-12F_f97655c/SOURCE_TRACE_MATRIX.csv,목표 환경 또는 동등 Harness 실행
CPF-FR-015006,07-00015006,Spring Batch,JobExecution,기본 구현,미검증,아니오,QA12F-BATCH-001,cpf-docs/evidence/qa/QA_PARALLEL_12WAY_QA-12F_f97655c/SOURCE_TRACE_MATRIX.csv,목표 환경 또는 동등 Harness 실행
CPF-FR-015007,07-00015007,Spring Batch,JobExecution,상태·데이터,미검증,아니오,QA12F-BATCH-001,cpf-docs/evidence/qa/QA_PARALLEL_12WAY_QA-12F_f97655c/SOURCE_TRACE_MATRIX.csv,목표 환경 또는 동등 Harness 실행
CPF-FR-015008,07-00015008,Spring Batch,JobExecution,보안·권한,미검증,아니오,QA12F-BATCH-001,cpf-docs/evidence/qa/QA_PARALLEL_12WAY_QA-12F_f97655c/SOURCE_TRACE_MATRIX.csv,목표 환경 또는 동등 Harness 실행
CPF-FR-015009,07-00015009,Spring Batch,JobExecution,운영,미검증,아니오,QA12F-BATCH-001,cpf-docs/evidence/qa/QA_PARALLEL_12WAY_QA-12F_f97655c/SOURCE_TRACE_MATRIX.csv,목표 환경 또는 동등 Harness 실행
CPF-FR-015010,10-00015010,Spring Batch,JobExecution,실패·복구,미검증,아니오,QA12F-BATCH-001,cpf-docs/evidence/qa/QA_PARALLEL_12WAY_QA-12F_f97655c/SOURCE_TRACE_MATRIX.csv,목표 환경 또는 동등 Harness 실행
CPF-FR-015011,07-00015011,Spring Batch,JobExecution,호환·배포,미검증,아니오,QA12F-BATCH-001,cpf-docs/evidence/qa/QA_PARALLEL_12WAY_QA-12F_f97655c/SOURCE_TRACE_MATRIX.csv,목표 환경 또는 동등 Harness 실행
CPF-FR-015012,10-00015012,Spring Batch,JobExecution,검증·Evidence,미검증,아니오,QA12F-BATCH-001,cpf-docs/evidence/qa/QA_PARALLEL_12WAY_QA-12F_f97655c/SOURCE_TRACE_MATRIX.csv,목표 환경 또는 동등 Harness 실행
CPF-FR-015013,07-00015013,Spring Batch,StepExecution,계약,미검증,아니오,QA12F-BATCH-001,cpf-docs/evidence/qa/QA_PARALLEL_12WAY_QA-12F_f97655c/SOURCE_TRACE_MATRIX.csv,목표 환경 또는 동등 Harness 실행
CPF-FR-015014,07-00015014,Spring Batch,StepExecution,기본 구현,미검증,아니오,QA12F-BATCH-001,cpf-docs/evidence/qa/QA_PARALLEL_12WAY_QA-12F_f97655c/SOURCE_TRACE_MATRIX.csv,목표 환경 또는 동등 Harness 실행
CPF-FR-015015,07-00015015,Spring Batch,StepExecution,상태·데이터,미검증,아니오,QA12F-BATCH-001,cpf-docs/evidence/qa/QA_PARALLEL_12WAY_QA-12F_f97655c/SOURCE_TRACE_MATRIX.csv,목표 환경 또는 동등 Harness 실행
CPF-FR-015016,07-00015016,Spring Batch,StepExecution,보안·권한,미검증,아니오,QA12F-BATCH-001,cpf-docs/evidence/qa/QA_PARALLEL_12WAY_QA-12F_f97655c/SOURCE_TRACE_MATRIX.csv,목표 환경 또는 동등 Harness 실행
CPF-FR-015017,07-00015017,Spring Batch,StepExecution,운영,미검증,아니오,QA12F-BATCH-001,cpf-docs/evidence/qa/QA_PARALLEL_12WAY_QA-12F_f97655c/SOURCE_TRACE_MATRIX.csv,목표 환경 또는 동등 Harness 실행
CPF-FR-015018,10-00015018,Spring Batch,StepExecution,실패·복구,미검증,아니오,QA12F-BATCH-001,cpf-docs/evidence/qa/QA_PARALLEL_12WAY_QA-12F_f97655c/SOURCE_TRACE_MATRIX.csv,목표 환경 또는 동등 Harness 실행
CPF-FR-015019,07-00015019,Spring Batch,StepExecution,호환·배포,미검증,아니오,QA12F-BATCH-001,cpf-docs/evidence/qa/QA_PARALLEL_12WAY_QA-12F_f97655c/SOURCE_TRACE_MATRIX.csv,목표 환경 또는 동등 Harness 실행
CPF-FR-015020,10-00015020,Spring Batch,StepExecution,검증·Evidence,미검증,아니오,QA12F-BATCH-001,cpf-docs/evidence/qa/QA_PARALLEL_12WAY_QA-12F_f97655c/SOURCE_TRACE_MATRIX.csv,목표 환경 또는 동등 Harness 실행
CPF-FR-015021,07-00015021,Spring Batch,ExecutionContext,계약,미검증,아니오,QA12F-BATCH-001,cpf-docs/evidence/qa/QA_PARALLEL_12WAY_QA-12F_f97655c/SOURCE_TRACE_MATRIX.csv,목표 환경 또는 동등 Harness 실행
CPF-FR-015022,07-00015022,Spring Batch,ExecutionContext,기본 구현,미검증,아니오,QA12F-BATCH-001,cpf-docs/evidence/qa/QA_PARALLEL_12WAY_QA-12F_f97655c/SOURCE_TRACE_MATRIX.csv,목표 환경 또는 동등 Harness 실행
CPF-FR-015023,07-00015023,Spring Batch,ExecutionContext,상태·데이터,미검증,아니오,QA12F-BATCH-001,cpf-docs/evidence/qa/QA_PARALLEL_12WAY_QA-12F_f97655c/SOURCE_TRACE_MATRIX.csv,목표 환경 또는 동등 Harness 실행
CPF-FR-015024,07-00015024,Spring Batch,ExecutionContext,보안·권한,미검증,아니오,QA12F-BATCH-001,cpf-docs/evidence/qa/QA_PARALLEL_12WAY_QA-12F_f97655c/SOURCE_TRACE_MATRIX.csv,목표 환경 또는 동등 Harness 실행
CPF-FR-015025,07-00015025,Spring Batch,ExecutionContext,운영,미검증,아니오,QA12F-BATCH-001,cpf-docs/evidence/qa/QA_PARALLEL_12WAY_QA-12F_f97655c/SOURCE_TRACE_MATRIX.csv,목표 환경 또는 동등 Harness 실행
CPF-FR-015026,10-00015026,Spring Batch,ExecutionContext,실패·복구,미검증,아니오,QA12F-BATCH-001,cpf-docs/evidence/qa/QA_PARALLEL_12WAY_QA-12F_f97655c/SOURCE_TRACE_MATRIX.csv,목표 환경 또는 동등 Harness 실행
CPF-FR-015027,07-00015027,Spring Batch,ExecutionContext,호환·배포,미검증,아니오,QA12F-BATCH-001,cpf-docs/evidence/qa/QA_PARALLEL_12WAY_QA-12F_f97655c/SOURCE_TRACE_MATRIX.csv,목표 환경 또는 동등 Harness 실행
CPF-FR-015028,10-00015028,Spring Batch,ExecutionContext,검증·Evidence,미검증,아니오,QA12F-BATCH-001,cpf-docs/evidence/qa/QA_PARALLEL_12WAY_QA-12F_f97655c/SOURCE_TRACE_MATRIX.csv,목표 환경 또는 동등 Harness 실행
CPF-FR-015029,07-00015029,Spring Batch,Tasklet Step,계약,미검증,아니오,QA12F-BATCH-001,cpf-docs/evidence/qa/QA_PARALLEL_12WAY_QA-12F_f97655c/SOURCE_TRACE_MATRIX.csv,목표 환경 또는 동등 Harness 실행
CPF-FR-015030,07-00015030,Spring Batch,Tasklet Step,기본 구현,미검증,아니오,QA12F-BATCH-001,cpf-docs/evidence/qa/QA_PARALLEL_12WAY_QA-12F_f97655c/SOURCE_TRACE_MATRIX.csv,목표 환경 또는 동등 Harness 실행
CPF-FR-015031,07-00015031,Spring Batch,Tasklet Step,상태·데이터,미검증,아니오,QA12F-BATCH-001,cpf-docs/evidence/qa/QA_PARALLEL_12WAY_QA-12F_f97655c/SOURCE_TRACE_MATRIX.csv,목표 환경 또는 동등 Harness 실행
CPF-FR-015032,07-00015032,Spring Batch,Tasklet Step,보안·권한,미검증,아니오,QA12F-BATCH-001,cpf-docs/evidence/qa/QA_PARALLEL_12WAY_QA-12F_f97655c/SOURCE_TRACE_MATRIX.csv,목표 환경 또는 동등 Harness 실행
CPF-FR-015033,07-00015033,Spring Batch,Tasklet Step,운영,미검증,아니오,QA12F-BATCH-001,cpf-docs/evidence/qa/QA_PARALLEL_12WAY_QA-12F_f97655c/SOURCE_TRACE_MATRIX.csv,목표 환경 또는 동등 Harness 실행
CPF-FR-015034,10-00015034,Spring Batch,Tasklet Step,실패·복구,미검증,아니오,QA12F-BATCH-001,cpf-docs/evidence/qa/QA_PARALLEL_12WAY_QA-12F_f97655c/SOURCE_TRACE_MATRIX.csv,목표 환경 또는 동등 Harness 실행
CPF-FR-015035,07-00015035,Spring Batch,Tasklet Step,호환·배포,미검증,아니오,QA12F-BATCH-001,cpf-docs/evidence/qa/QA_PARALLEL_12WAY_QA-12F_f97655c/SOURCE_TRACE_MATRIX.csv,목표 환경 또는 동등 Harness 실행
CPF-FR-015036,10-00015036,Spring Batch,Tasklet Step,검증·Evidence,미검증,아니오,QA12F-BATCH-001,cpf-docs/evidence/qa/QA_PARALLEL_12WAY_QA-12F_f97655c/SOURCE_TRACE_MATRIX.csv,목표 환경 또는 동등 Harness 실행
CPF-FR-015037,07-00015037,Spring Batch,Chunk Step,계약,미검증,아니오,QA12F-BATCH-001,cpf-docs/evidence/qa/QA_PARALLEL_12WAY_QA-12F_f97655c/SOURCE_TRACE_MATRIX.csv,목표 환경 또는 동등 Harness 실행
CPF-FR-015038,07-00015038,Spring Batch,Chunk Step,기본 구현,미검증,아니오,QA12F-BATCH-001,cpf-docs/evidence/qa/QA_PARALLEL_12WAY_QA-12F_f97655c/SOURCE_TRACE_MATRIX.csv,목표 환경 또는 동등 Harness 실행
CPF-FR-015039,07-00015039,Spring Batch,Chunk Step,상태·데이터,미검증,아니오,QA12F-BATCH-001,cpf-docs/evidence/qa/QA_PARALLEL_12WAY_QA-12F_f97655c/SOURCE_TRACE_MATRIX.csv,목표 환경 또는 동등 Harness 실행
CPF-FR-015040,07-00015040,Spring Batch,Chunk Step,보안·권한,미검증,아니오,QA12F-BATCH-001,cpf-docs/evidence/qa/QA_PARALLEL_12WAY_QA-12F_f97655c/SOURCE_TRACE_MATRIX.csv,목표 환경 또는 동등 Harness 실행
CPF-FR-015041,07-00015041,Spring Batch,Chunk Step,운영,미검증,아니오,QA12F-BATCH-001,cpf-docs/evidence/qa/QA_PARALLEL_12WAY_QA-12F_f97655c/SOURCE_TRACE_MATRIX.csv,목표 환경 또는 동등 Harness 실행
CPF-FR-015042,10-00015042,Spring Batch,Chunk Step,실패·복구,미검증,아니오,QA12F-BATCH-001,cpf-docs/evidence/qa/QA_PARALLEL_12WAY_QA-12F_f97655c/SOURCE_TRACE_MATRIX.csv,목표 환경 또는 동등 Harness 실행
CPF-FR-015043,07-00015043,Spring Batch,Chunk Step,호환·배포,미검증,아니오,QA12F-BATCH-001,cpf-docs/evidence/qa/QA_PARALLEL_12WAY_QA-12F_f97655c/SOURCE_TRACE_MATRIX.csv,목표 환경 또는 동등 Harness 실행
CPF-FR-015044,10-00015044,Spring Batch,Chunk Step,검증·Evidence,미검증,아니오,QA12F-BATCH-001,cpf-docs/evidence/qa/QA_PARALLEL_12WAY_QA-12F_f97655c/SOURCE_TRACE_MATRIX.csv,목표 환경 또는 동등 Harness 실행
CPF-FR-015045,07-00015045,Spring Batch,Reader,계약,미검증,아니오,QA12F-BATCH-001,cpf-docs/evidence/qa/QA_PARALLEL_12WAY_QA-12F_f97655c/SOURCE_TRACE_MATRIX.csv,목표 환경 또는 동등 Harness 실행
CPF-FR-015046,07-00015046,Spring Batch,Reader,기본 구현,미검증,아니오,QA12F-BATCH-001,cpf-docs/evidence/qa/QA_PARALLEL_12WAY_QA-12F_f97655c/SOURCE_TRACE_MATRIX.csv,목표 환경 또는 동등 Harness 실행
CPF-FR-015047,07-00015047,Spring Batch,Reader,상태·데이터,미검증,아니오,QA12F-BATCH-001,cpf-docs/evidence/qa/QA_PARALLEL_12WAY_QA-12F_f97655c/SOURCE_TRACE_MATRIX.csv,목표 환경 또는 동등 Harness 실행
CPF-FR-015048,07-00015048,Spring Batch,Reader,보안·권한,미검증,아니오,QA12F-BATCH-001,cpf-docs/evidence/qa/QA_PARALLEL_12WAY_QA-12F_f97655c/SOURCE_TRACE_MATRIX.csv,목표 환경 또는 동등 Harness 실행
CPF-FR-015049,07-00015049,Spring Batch,Reader,운영,미검증,아니오,QA12F-BATCH-001,cpf-docs/evidence/qa/QA_PARALLEL_12WAY_QA-12F_f97655c/SOURCE_TRACE_MATRIX.csv,목표 환경 또는 동등 Harness 실행
CPF-FR-015050,10-00015050,Spring Batch,Reader,실패·복구,미검증,아니오,QA12F-BATCH-001,cpf-docs/evidence/qa/QA_PARALLEL_12WAY_QA-12F_f97655c/SOURCE_TRACE_MATRIX.csv,목표 환경 또는 동등 Harness 실행
CPF-FR-015051,07-00015051,Spring Batch,Reader,호환·배포,미검증,아니오,QA12F-BATCH-001,cpf-docs/evidence/qa/QA_PARALLEL_12WAY_QA-12F_f97655c/SOURCE_TRACE_MATRIX.csv,목표 환경 또는 동등 Harness 실행
CPF-FR-015052,10-00015052,Spring Batch,Reader,검증·Evidence,미검증,아니오,QA12F-BATCH-001,cpf-docs/evidence/qa/QA_PARALLEL_12WAY_QA-12F_f97655c/SOURCE_TRACE_MATRIX.csv,목표 환경 또는 동등 Harness 실행
CPF-FR-015053,07-00015053,Spring Batch,Processor,계약,미검증,아니오,QA12F-BATCH-001,cpf-docs/evidence/qa/QA_PARALLEL_12WAY_QA-12F_f97655c/SOURCE_TRACE_MATRIX.csv,목표 환경 또는 동등 Harness 실행
CPF-FR-015054,07-00015054,Spring Batch,Processor,기본 구현,미검증,아니오,QA12F-BATCH-001,cpf-docs/evidence/qa/QA_PARALLEL_12WAY_QA-12F_f97655c/SOURCE_TRACE_MATRIX.csv,목표 환경 또는 동등 Harness 실행
CPF-FR-015055,07-00015055,Spring Batch,Processor,상태·데이터,미검증,아니오,QA12F-BATCH-001,cpf-docs/evidence/qa/QA_PARALLEL_12WAY_QA-12F_f97655c/SOURCE_TRACE_MATRIX.csv,목표 환경 또는 동등 Harness 실행
CPF-FR-015056,07-00015056,Spring Batch,Processor,보안·권한,미검증,아니오,QA12F-BATCH-001,cpf-docs/evidence/qa/QA_PARALLEL_12WAY_QA-12F_f97655c/SOURCE_TRACE_MATRIX.csv,목표 환경 또는 동등 Harness 실행
CPF-FR-015057,07-00015057,Spring Batch,Processor,운영,미검증,아니오,QA12F-BATCH-001,cpf-docs/evidence/qa/QA_PARALLEL_12WAY_QA-12F_f97655c/SOURCE_TRACE_MATRIX.csv,목표 환경 또는 동등 Harness 실행
CPF-FR-015058,10-00015058,Spring Batch,Processor,실패·복구,미검증,아니오,QA12F-BATCH-001,cpf-docs/evidence/qa/QA_PARALLEL_12WAY_QA-12F_f97655c/SOURCE_TRACE_MATRIX.csv,목표 환경 또는 동등 Harness 실행
CPF-FR-015059,07-00015059,Spring Batch,Processor,호환·배포,미검증,아니오,QA12F-BATCH-001,cpf-docs/evidence/qa/QA_PARALLEL_12WAY_QA-12F_f97655c/SOURCE_TRACE_MATRIX.csv,목표 환경 또는 동등 Harness 실행
CPF-FR-015060,10-00015060,Spring Batch,Processor,검증·Evidence,미검증,아니오,QA12F-BATCH-001,cpf-docs/evidence/qa/QA_PARALLEL_12WAY_QA-12F_f97655c/SOURCE_TRACE_MATRIX.csv,목표 환경 또는 동등 Harness 실행
CPF-FR-015061,07-00015061,Spring Batch,Writer,계약,미검증,아니오,QA12F-BATCH-001,cpf-docs/evidence/qa/QA_PARALLEL_12WAY_QA-12F_f97655c/SOURCE_TRACE_MATRIX.csv,목표 환경 또는 동등 Harness 실행
CPF-FR-015062,07-00015062,Spring Batch,Writer,기본 구현,미검증,아니오,QA12F-BATCH-001,cpf-docs/evidence/qa/QA_PARALLEL_12WAY_QA-12F_f97655c/SOURCE_TRACE_MATRIX.csv,목표 환경 또는 동등 Harness 실행
CPF-FR-015063,07-00015063,Spring Batch,Writer,상태·데이터,미검증,아니오,QA12F-BATCH-001,cpf-docs/evidence/qa/QA_PARALLEL_12WAY_QA-12F_f97655c/SOURCE_TRACE_MATRIX.csv,목표 환경 또는 동등 Harness 실행
CPF-FR-015064,07-00015064,Spring Batch,Writer,보안·권한,미검증,아니오,QA12F-BATCH-001,cpf-docs/evidence/qa/QA_PARALLEL_12WAY_QA-12F_f97655c/SOURCE_TRACE_MATRIX.csv,목표 환경 또는 동등 Harness 실행
CPF-FR-015065,07-00015065,Spring Batch,Writer,운영,미검증,아니오,QA12F-BATCH-001,cpf-docs/evidence/qa/QA_PARALLEL_12WAY_QA-12F_f97655c/SOURCE_TRACE_MATRIX.csv,목표 환경 또는 동등 Harness 실행
CPF-FR-015066,10-00015066,Spring Batch,Writer,실패·복구,미검증,아니오,QA12F-BATCH-001,cpf-docs/evidence/qa/QA_PARALLEL_12WAY_QA-12F_f97655c/SOURCE_TRACE_MATRIX.csv,목표 환경 또는 동등 Harness 실행
CPF-FR-015067,07-00015067,Spring Batch,Writer,호환·배포,미검증,아니오,QA12F-BATCH-001,cpf-docs/evidence/qa/QA_PARALLEL_12WAY_QA-12F_f97655c/SOURCE_TRACE_MATRIX.csv,목표 환경 또는 동등 Harness 실행
CPF-FR-015068,10-00015068,Spring Batch,Writer,검증·Evidence,미검증,아니오,QA12F-BATCH-001,cpf-docs/evidence/qa/QA_PARALLEL_12WAY_QA-12F_f97655c/SOURCE_TRACE_MATRIX.csv,목표 환경 또는 동등 Harness 실행
CPF-FR-015069,07-00015069,Spring Batch,Commit Interval,계약,미검증,아니오,QA12F-BATCH-001,cpf-docs/evidence/qa/QA_PARALLEL_12WAY_QA-12F_f97655c/SOURCE_TRACE_MATRIX.csv,목표 환경 또는 동등 Harness 실행
CPF-FR-015070,07-00015070,Spring Batch,Commit Interval,기본 구현,미검증,아니오,QA12F-BATCH-001,cpf-docs/evidence/qa/QA_PARALLEL_12WAY_QA-12F_f97655c/SOURCE_TRACE_MATRIX.csv,목표 환경 또는 동등 Harness 실행
CPF-FR-015071,07-00015071,Spring Batch,Commit Interval,상태·데이터,미검증,아니오,QA12F-BATCH-001,cpf-docs/evidence/qa/QA_PARALLEL_12WAY_QA-12F_f97655c/SOURCE_TRACE_MATRIX.csv,목표 환경 또는 동등 Harness 실행
CPF-FR-015072,07-00015072,Spring Batch,Commit Interval,보안·권한,미검증,아니오,QA12F-BATCH-001,cpf-docs/evidence/qa/QA_PARALLEL_12WAY_QA-12F_f97655c/SOURCE_TRACE_MATRIX.csv,목표 환경 또는 동등 Harness 실행
CPF-FR-015073,07-00015073,Spring Batch,Commit Interval,운영,미검증,아니오,QA12F-BATCH-001,cpf-docs/evidence/qa/QA_PARALLEL_12WAY_QA-12F_f97655c/SOURCE_TRACE_MATRIX.csv,목표 환경 또는 동등 Harness 실행
CPF-FR-015074,10-00015074,Spring Batch,Commit Interval,실패·복구,미검증,아니오,QA12F-BATCH-001,cpf-docs/evidence/qa/QA_PARALLEL_12WAY_QA-12F_f97655c/SOURCE_TRACE_MATRIX.csv,목표 환경 또는 동등 Harness 실행
CPF-FR-015075,07-00015075,Spring Batch,Commit Interval,호환·배포,미검증,아니오,QA12F-BATCH-001,cpf-docs/evidence/qa/QA_PARALLEL_12WAY_QA-12F_f97655c/SOURCE_TRACE_MATRIX.csv,목표 환경 또는 동등 Harness 실행
CPF-FR-015076,10-00015076,Spring Batch,Commit Interval,검증·Evidence,미검증,아니오,QA12F-BATCH-001,cpf-docs/evidence/qa/QA_PARALLEL_12WAY_QA-12F_f97655c/SOURCE_TRACE_MATRIX.csv,목표 환경 또는 동등 Harness 실행
CPF-FR-015077,07-00015077,Spring Batch,Skip,계약,미검증,아니오,QA12F-BATCH-001,cpf-docs/evidence/qa/QA_PARALLEL_12WAY_QA-12F_f97655c/SOURCE_TRACE_MATRIX.csv,목표 환경 또는 동등 Harness 실행
CPF-FR-015078,07-00015078,Spring Batch,Skip,기본 구현,미검증,아니오,QA12F-BATCH-001,cpf-docs/evidence/qa/QA_PARALLEL_12WAY_QA-12F_f97655c/SOURCE_TRACE_MATRIX.csv,목표 환경 또는 동등 Harness 실행
CPF-FR-015079,07-00015079,Spring Batch,Skip,상태·데이터,미검증,아니오,QA12F-BATCH-001,cpf-docs/evidence/qa/QA_PARALLEL_12WAY_QA-12F_f97655c/SOURCE_TRACE_MATRIX.csv,목표 환경 또는 동등 Harness 실행
CPF-FR-015080,07-00015080,Spring Batch,Skip,보안·권한,미검증,아니오,QA12F-BATCH-001,cpf-docs/evidence/qa/QA_PARALLEL_12WAY_QA-12F_f97655c/SOURCE_TRACE_MATRIX.csv,목표 환경 또는 동등 Harness 실행
CPF-FR-015081,07-00015081,Spring Batch,Skip,운영,미검증,아니오,QA12F-BATCH-001,cpf-docs/evidence/qa/QA_PARALLEL_12WAY_QA-12F_f97655c/SOURCE_TRACE_MATRIX.csv,목표 환경 또는 동등 Harness 실행
CPF-FR-015082,10-00015082,Spring Batch,Skip,실패·복구,미검증,아니오,QA12F-BATCH-001,cpf-docs/evidence/qa/QA_PARALLEL_12WAY_QA-12F_f97655c/SOURCE_TRACE_MATRIX.csv,목표 환경 또는 동등 Harness 실행
CPF-FR-015083,07-00015083,Spring Batch,Skip,호환·배포,미검증,아니오,QA12F-BATCH-001,cpf-docs/evidence/qa/QA_PARALLEL_12WAY_QA-12F_f97655c/SOURCE_TRACE_MATRIX.csv,목표 환경 또는 동등 Harness 실행
CPF-FR-015084,10-00015084,Spring Batch,Skip,검증·Evidence,미검증,아니오,QA12F-BATCH-001,cpf-docs/evidence/qa/QA_PARALLEL_12WAY_QA-12F_f97655c/SOURCE_TRACE_MATRIX.csv,목표 환경 또는 동등 Harness 실행
CPF-FR-015085,07-00015085,Spring Batch,Retry,계약,미검증,아니오,QA12F-BATCH-001,cpf-docs/evidence/qa/QA_PARALLEL_12WAY_QA-12F_f97655c/SOURCE_TRACE_MATRIX.csv,목표 환경 또는 동등 Harness 실행
CPF-FR-015086,07-00015086,Spring Batch,Retry,기본 구현,미검증,아니오,QA12F-BATCH-001,cpf-docs/evidence/qa/QA_PARALLEL_12WAY_QA-12F_f97655c/SOURCE_TRACE_MATRIX.csv,목표 환경 또는 동등 Harness 실행
CPF-FR-015087,07-00015087,Spring Batch,Retry,상태·데이터,미검증,아니오,QA12F-BATCH-001,cpf-docs/evidence/qa/QA_PARALLEL_12WAY_QA-12F_f97655c/SOURCE_TRACE_MATRIX.csv,목표 환경 또는 동등 Harness 실행
CPF-FR-015088,07-00015088,Spring Batch,Retry,보안·권한,미검증,아니오,QA12F-BATCH-001,cpf-docs/evidence/qa/QA_PARALLEL_12WAY_QA-12F_f97655c/SOURCE_TRACE_MATRIX.csv,목표 환경 또는 동등 Harness 실행
CPF-FR-015089,07-00015089,Spring Batch,Retry,운영,미검증,아니오,QA12F-BATCH-001,cpf-docs/evidence/qa/QA_PARALLEL_12WAY_QA-12F_f97655c/SOURCE_TRACE_MATRIX.csv,목표 환경 또는 동등 Harness 실행
CPF-FR-015090,10-00015090,Spring Batch,Retry,실패·복구,미검증,아니오,QA12F-BATCH-001,cpf-docs/evidence/qa/QA_PARALLEL_12WAY_QA-12F_f97655c/SOURCE_TRACE_MATRIX.csv,목표 환경 또는 동등 Harness 실행
CPF-FR-015091,07-00015091,Spring Batch,Retry,호환·배포,미검증,아니오,QA12F-BATCH-001,cpf-docs/evidence/qa/QA_PARALLEL_12WAY_QA-12F_f97655c/SOURCE_TRACE_MATRIX.csv,목표 환경 또는 동등 Harness 실행
CPF-FR-015092,10-00015092,Spring Batch,Retry,검증·Evidence,미검증,아니오,QA12F-BATCH-001,cpf-docs/evidence/qa/QA_PARALLEL_12WAY_QA-12F_f97655c/SOURCE_TRACE_MATRIX.csv,목표 환경 또는 동등 Harness 실행
CPF-FR-015093,07-00015093,Spring Batch,Checkpoint,계약,미검증,아니오,QA12F-BATCH-001,cpf-docs/evidence/qa/QA_PARALLEL_12WAY_QA-12F_f97655c/SOURCE_TRACE_MATRIX.csv,목표 환경 또는 동등 Harness 실행
CPF-FR-015094,07-00015094,Spring Batch,Checkpoint,기본 구현,미검증,아니오,QA12F-BATCH-001,cpf-docs/evidence/qa/QA_PARALLEL_12WAY_QA-12F_f97655c/SOURCE_TRACE_MATRIX.csv,목표 환경 또는 동등 Harness 실행
CPF-FR-015095,07-00015095,Spring Batch,Checkpoint,상태·데이터,미검증,아니오,QA12F-BATCH-001,cpf-docs/evidence/qa/QA_PARALLEL_12WAY_QA-12F_f97655c/SOURCE_TRACE_MATRIX.csv,목표 환경 또는 동등 Harness 실행
CPF-FR-015096,07-00015096,Spring Batch,Checkpoint,보안·권한,미검증,아니오,QA12F-BATCH-001,cpf-docs/evidence/qa/QA_PARALLEL_12WAY_QA-12F_f97655c/SOURCE_TRACE_MATRIX.csv,목표 환경 또는 동등 Harness 실행
CPF-FR-015097,07-00015097,Spring Batch,Checkpoint,운영,미검증,아니오,QA12F-BATCH-001,cpf-docs/evidence/qa/QA_PARALLEL_12WAY_QA-12F_f97655c/SOURCE_TRACE_MATRIX.csv,목표 환경 또는 동등 Harness 실행
CPF-FR-015098,10-00015098,Spring Batch,Checkpoint,실패·복구,미검증,아니오,QA12F-BATCH-001,cpf-docs/evidence/qa/QA_PARALLEL_12WAY_QA-12F_f97655c/SOURCE_TRACE_MATRIX.csv,목표 환경 또는 동등 Harness 실행
CPF-FR-015099,07-00015099,Spring Batch,Checkpoint,호환·배포,미검증,아니오,QA12F-BATCH-001,cpf-docs/evidence/qa/QA_PARALLEL_12WAY_QA-12F_f97655c/SOURCE_TRACE_MATRIX.csv,목표 환경 또는 동등 Harness 실행
CPF-FR-015100,10-00015100,Spring Batch,Checkpoint,검증·Evidence,미검증,아니오,QA12F-BATCH-001,cpf-docs/evidence/qa/QA_PARALLEL_12WAY_QA-12F_f97655c/SOURCE_TRACE_MATRIX.csv,목표 환경 또는 동등 Harness 실행
CPF-FR-015101,07-00015101,Spring Batch,Stop,계약,미검증,아니오,QA12F-BATCH-001,cpf-docs/evidence/qa/QA_PARALLEL_12WAY_QA-12F_f97655c/SOURCE_TRACE_MATRIX.csv,목표 환경 또는 동등 Harness 실행
CPF-FR-015102,07-00015102,Spring Batch,Stop,기본 구현,미검증,아니오,QA12F-BATCH-001,cpf-docs/evidence/qa/QA_PARALLEL_12WAY_QA-12F_f97655c/SOURCE_TRACE_MATRIX.csv,목표 환경 또는 동등 Harness 실행
CPF-FR-015103,07-00015103,Spring Batch,Stop,상태·데이터,미검증,아니오,QA12F-BATCH-001,cpf-docs/evidence/qa/QA_PARALLEL_12WAY_QA-12F_f97655c/SOURCE_TRACE_MATRIX.csv,목표 환경 또는 동등 Harness 실행
CPF-FR-015104,07-00015104,Spring Batch,Stop,보안·권한,미검증,아니오,QA12F-BATCH-001,cpf-docs/evidence/qa/QA_PARALLEL_12WAY_QA-12F_f97655c/SOURCE_TRACE_MATRIX.csv,목표 환경 또는 동등 Harness 실행
CPF-FR-015105,07-00015105,Spring Batch,Stop,운영,미검증,아니오,QA12F-BATCH-001,cpf-docs/evidence/qa/QA_PARALLEL_12WAY_QA-12F_f97655c/SOURCE_TRACE_MATRIX.csv,목표 환경 또는 동등 Harness 실행
CPF-FR-015106,10-00015106,Spring Batch,Stop,실패·복구,미검증,아니오,QA12F-BATCH-001,cpf-docs/evidence/qa/QA_PARALLEL_12WAY_QA-12F_f97655c/SOURCE_TRACE_MATRIX.csv,목표 환경 또는 동등 Harness 실행
CPF-FR-015107,07-00015107,Spring Batch,Stop,호환·배포,미검증,아니오,QA12F-BATCH-001,cpf-docs/evidence/qa/QA_PARALLEL_12WAY_QA-12F_f97655c/SOURCE_TRACE_MATRIX.csv,목표 환경 또는 동등 Harness 실행
CPF-FR-015108,10-00015108,Spring Batch,Stop,검증·Evidence,미검증,아니오,QA12F-BATCH-001,cpf-docs/evidence/qa/QA_PARALLEL_12WAY_QA-12F_f97655c/SOURCE_TRACE_MATRIX.csv,목표 환경 또는 동등 Harness 실행
CPF-FR-015109,07-00015109,Spring Batch,Restart,계약,미검증,아니오,QA12F-BATCH-001,cpf-docs/evidence/qa/QA_PARALLEL_12WAY_QA-12F_f97655c/SOURCE_TRACE_MATRIX.csv,목표 환경 또는 동등 Harness 실행
CPF-FR-015110,07-00015110,Spring Batch,Restart,기본 구현,미검증,아니오,QA12F-BATCH-001,cpf-docs/evidence/qa/QA_PARALLEL_12WAY_QA-12F_f97655c/SOURCE_TRACE_MATRIX.csv,목표 환경 또는 동등 Harness 실행
CPF-FR-015111,07-00015111,Spring Batch,Restart,상태·데이터,미검증,아니오,QA12F-BATCH-001,cpf-docs/evidence/qa/QA_PARALLEL_12WAY_QA-12F_f97655c/SOURCE_TRACE_MATRIX.csv,목표 환경 또는 동등 Harness 실행
CPF-FR-015112,07-00015112,Spring Batch,Restart,보안·권한,미검증,아니오,QA12F-BATCH-001,cpf-docs/evidence/qa/QA_PARALLEL_12WAY_QA-12F_f97655c/SOURCE_TRACE_MATRIX.csv,목표 환경 또는 동등 Harness 실행
CPF-FR-015113,07-00015113,Spring Batch,Restart,운영,미검증,아니오,QA12F-BATCH-001,cpf-docs/evidence/qa/QA_PARALLEL_12WAY_QA-12F_f97655c/SOURCE_TRACE_MATRIX.csv,목표 환경 또는 동등 Harness 실행
CPF-FR-015114,10-00015114,Spring Batch,Restart,실패·복구,미검증,아니오,QA12F-BATCH-001,cpf-docs/evidence/qa/QA_PARALLEL_12WAY_QA-12F_f97655c/SOURCE_TRACE_MATRIX.csv,목표 환경 또는 동등 Harness 실행
CPF-FR-015115,07-00015115,Spring Batch,Restart,호환·배포,미검증,아니오,QA12F-BATCH-001,cpf-docs/evidence/qa/QA_PARALLEL_12WAY_QA-12F_f97655c/SOURCE_TRACE_MATRIX.csv,목표 환경 또는 동등 Harness 실행
CPF-FR-015116,10-00015116,Spring Batch,Restart,검증·Evidence,미검증,아니오,QA12F-BATCH-001,cpf-docs/evidence/qa/QA_PARALLEL_12WAY_QA-12F_f97655c/SOURCE_TRACE_MATRIX.csv,목표 환경 또는 동등 Harness 실행
CPF-FR-015117,07-00015117,Spring Batch,Abandon,계약,미검증,아니오,QA12F-BATCH-001,cpf-docs/evidence/qa/QA_PARALLEL_12WAY_QA-12F_f97655c/SOURCE_TRACE_MATRIX.csv,목표 환경 또는 동등 Harness 실행
CPF-FR-015118,07-00015118,Spring Batch,Abandon,기본 구현,미검증,아니오,QA12F-BATCH-001,cpf-docs/evidence/qa/QA_PARALLEL_12WAY_QA-12F_f97655c/SOURCE_TRACE_MATRIX.csv,목표 환경 또는 동등 Harness 실행
CPF-FR-015119,07-00015119,Spring Batch,Abandon,상태·데이터,미검증,아니오,QA12F-BATCH-001,cpf-docs/evidence/qa/QA_PARALLEL_12WAY_QA-12F_f97655c/SOURCE_TRACE_MATRIX.csv,목표 환경 또는 동등 Harness 실행
CPF-FR-015120,07-00015120,Spring Batch,Abandon,보안·권한,미검증,아니오,QA12F-BATCH-001,cpf-docs/evidence/qa/QA_PARALLEL_12WAY_QA-12F_f97655c/SOURCE_TRACE_MATRIX.csv,목표 환경 또는 동등 Harness 실행
CPF-FR-015121,07-00015121,Spring Batch,Abandon,운영,미검증,아니오,QA12F-BATCH-001,cpf-docs/evidence/qa/QA_PARALLEL_12WAY_QA-12F_f97655c/SOURCE_TRACE_MATRIX.csv,목표 환경 또는 동등 Harness 실행
CPF-FR-015122,10-00015122,Spring Batch,Abandon,실패·복구,미검증,아니오,QA12F-BATCH-001,cpf-docs/evidence/qa/QA_PARALLEL_12WAY_QA-12F_f97655c/SOURCE_TRACE_MATRIX.csv,목표 환경 또는 동등 Harness 실행
CPF-FR-015123,07-00015123,Spring Batch,Abandon,호환·배포,미검증,아니오,QA12F-BATCH-001,cpf-docs/evidence/qa/QA_PARALLEL_12WAY_QA-12F_f97655c/SOURCE_TRACE_MATRIX.csv,목표 환경 또는 동등 Harness 실행
CPF-FR-015124,10-00015124,Spring Batch,Abandon,검증·Evidence,미검증,아니오,QA12F-BATCH-001,cpf-docs/evidence/qa/QA_PARALLEL_12WAY_QA-12F_f97655c/SOURCE_TRACE_MATRIX.csv,목표 환경 또는 동등 Harness 실행
CPF-FR-015125,07-00015125,Spring Batch,Conditional Flow,계약,미검증,아니오,QA12F-BATCH-001,cpf-docs/evidence/qa/QA_PARALLEL_12WAY_QA-12F_f97655c/SOURCE_TRACE_MATRIX.csv,목표 환경 또는 동등 Harness 실행
CPF-FR-015126,07-00015126,Spring Batch,Conditional Flow,기본 구현,미검증,아니오,QA12F-BATCH-001,cpf-docs/evidence/qa/QA_PARALLEL_12WAY_QA-12F_f97655c/SOURCE_TRACE_MATRIX.csv,목표 환경 또는 동등 Harness 실행
CPF-FR-015127,07-00015127,Spring Batch,Conditional Flow,상태·데이터,미검증,아니오,QA12F-BATCH-001,cpf-docs/evidence/qa/QA_PARALLEL_12WAY_QA-12F_f97655c/SOURCE_TRACE_MATRIX.csv,목표 환경 또는 동등 Harness 실행
CPF-FR-015128,07-00015128,Spring Batch,Conditional Flow,보안·권한,미검증,아니오,QA12F-BATCH-001,cpf-docs/evidence/qa/QA_PARALLEL_12WAY_QA-12F_f97655c/SOURCE_TRACE_MATRIX.csv,목표 환경 또는 동등 Harness 실행
CPF-FR-015129,07-00015129,Spring Batch,Conditional Flow,운영,미검증,아니오,QA12F-BATCH-001,cpf-docs/evidence/qa/QA_PARALLEL_12WAY_QA-12F_f97655c/SOURCE_TRACE_MATRIX.csv,목표 환경 또는 동등 Harness 실행
CPF-FR-015130,10-00015130,Spring Batch,Conditional Flow,실패·복구,미검증,아니오,QA12F-BATCH-001,cpf-docs/evidence/qa/QA_PARALLEL_12WAY_QA-12F_f97655c/SOURCE_TRACE_MATRIX.csv,목표 환경 또는 동등 Harness 실행
CPF-FR-015131,07-00015131,Spring Batch,Conditional Flow,호환·배포,미검증,아니오,QA12F-BATCH-001,cpf-docs/evidence/qa/QA_PARALLEL_12WAY_QA-12F_f97655c/SOURCE_TRACE_MATRIX.csv,목표 환경 또는 동등 Harness 실행
CPF-FR-015132,10-00015132,Spring Batch,Conditional Flow,검증·Evidence,미검증,아니오,QA12F-BATCH-001,cpf-docs/evidence/qa/QA_PARALLEL_12WAY_QA-12F_f97655c/SOURCE_TRACE_MATRIX.csv,목표 환경 또는 동등 Harness 실행
CPF-FR-015133,07-00015133,Spring Batch,Parallel Step,계약,미검증,아니오,QA12F-BATCH-001,cpf-docs/evidence/qa/QA_PARALLEL_12WAY_QA-12F_f97655c/SOURCE_TRACE_MATRIX.csv,목표 환경 또는 동등 Harness 실행
CPF-FR-015134,07-00015134,Spring Batch,Parallel Step,기본 구현,미검증,아니오,QA12F-BATCH-001,cpf-docs/evidence/qa/QA_PARALLEL_12WAY_QA-12F_f97655c/SOURCE_TRACE_MATRIX.csv,목표 환경 또는 동등 Harness 실행
CPF-FR-015135,07-00015135,Spring Batch,Parallel Step,상태·데이터,미검증,아니오,QA12F-BATCH-001,cpf-docs/evidence/qa/QA_PARALLEL_12WAY_QA-12F_f97655c/SOURCE_TRACE_MATRIX.csv,목표 환경 또는 동등 Harness 실행
CPF-FR-015136,07-00015136,Spring Batch,Parallel Step,보안·권한,미검증,아니오,QA12F-BATCH-001,cpf-docs/evidence/qa/QA_PARALLEL_12WAY_QA-12F_f97655c/SOURCE_TRACE_MATRIX.csv,목표 환경 또는 동등 Harness 실행
CPF-FR-015137,07-00015137,Spring Batch,Parallel Step,운영,미검증,아니오,QA12F-BATCH-001,cpf-docs/evidence/qa/QA_PARALLEL_12WAY_QA-12F_f97655c/SOURCE_TRACE_MATRIX.csv,목표 환경 또는 동등 Harness 실행
CPF-FR-015138,10-00015138,Spring Batch,Parallel Step,실패·복구,미검증,아니오,QA12F-BATCH-001,cpf-docs/evidence/qa/QA_PARALLEL_12WAY_QA-12F_f97655c/SOURCE_TRACE_MATRIX.csv,목표 환경 또는 동등 Harness 실행
CPF-FR-015139,07-00015139,Spring Batch,Parallel Step,호환·배포,미검증,아니오,QA12F-BATCH-001,cpf-docs/evidence/qa/QA_PARALLEL_12WAY_QA-12F_f97655c/SOURCE_TRACE_MATRIX.csv,목표 환경 또는 동등 Harness 실행
CPF-FR-015140,10-00015140,Spring Batch,Parallel Step,검증·Evidence,미검증,아니오,QA12F-BATCH-001,cpf-docs/evidence/qa/QA_PARALLEL_12WAY_QA-12F_f97655c/SOURCE_TRACE_MATRIX.csv,목표 환경 또는 동등 Harness 실행
CPF-FR-015141,07-00015141,Spring Batch,Partition,계약,미검증,아니오,QA12F-BATCH-001,cpf-docs/evidence/qa/QA_PARALLEL_12WAY_QA-12F_f97655c/SOURCE_TRACE_MATRIX.csv,목표 환경 또는 동등 Harness 실행
CPF-FR-015142,07-00015142,Spring Batch,Partition,기본 구현,미검증,아니오,QA12F-BATCH-001,cpf-docs/evidence/qa/QA_PARALLEL_12WAY_QA-12F_f97655c/SOURCE_TRACE_MATRIX.csv,목표 환경 또는 동등 Harness 실행
CPF-FR-015143,07-00015143,Spring Batch,Partition,상태·데이터,미검증,아니오,QA12F-BATCH-001,cpf-docs/evidence/qa/QA_PARALLEL_12WAY_QA-12F_f97655c/SOURCE_TRACE_MATRIX.csv,목표 환경 또는 동등 Harness 실행
CPF-FR-015144,07-00015144,Spring Batch,Partition,보안·권한,미검증,아니오,QA12F-BATCH-001,cpf-docs/evidence/qa/QA_PARALLEL_12WAY_QA-12F_f97655c/SOURCE_TRACE_MATRIX.csv,목표 환경 또는 동등 Harness 실행
CPF-FR-015145,07-00015145,Spring Batch,Partition,운영,미검증,아니오,QA12F-BATCH-001,cpf-docs/evidence/qa/QA_PARALLEL_12WAY_QA-12F_f97655c/SOURCE_TRACE_MATRIX.csv,목표 환경 또는 동등 Harness 실행
CPF-FR-015146,10-00015146,Spring Batch,Partition,실패·복구,미검증,아니오,QA12F-BATCH-001,cpf-docs/evidence/qa/QA_PARALLEL_12WAY_QA-12F_f97655c/SOURCE_TRACE_MATRIX.csv,목표 환경 또는 동등 Harness 실행
CPF-FR-015147,07-00015147,Spring Batch,Partition,호환·배포,미검증,아니오,QA12F-BATCH-001,cpf-docs/evidence/qa/QA_PARALLEL_12WAY_QA-12F_f97655c/SOURCE_TRACE_MATRIX.csv,목표 환경 또는 동등 Harness 실행
CPF-FR-015148,10-00015148,Spring Batch,Partition,검증·Evidence,미검증,아니오,QA12F-BATCH-001,cpf-docs/evidence/qa/QA_PARALLEL_12WAY_QA-12F_f97655c/SOURCE_TRACE_MATRIX.csv,목표 환경 또는 동등 Harness 실행
CPF-FR-015149,07-00015149,Spring Batch,Remote Partition,계약,미검증,아니오,QA12F-BATCH-001;QA12F-BATCH-002,cpf-docs/evidence/qa/QA_PARALLEL_12WAY_QA-12F_f97655c/SOURCE_TRACE_MATRIX.csv,목표 환경 또는 동등 Harness 실행
CPF-FR-015150,07-00015150,Spring Batch,Remote Partition,기본 구현,미검증,아니오,QA12F-BATCH-001;QA12F-BATCH-002,cpf-docs/evidence/qa/QA_PARALLEL_12WAY_QA-12F_f97655c/SOURCE_TRACE_MATRIX.csv,목표 환경 또는 동등 Harness 실행
CPF-FR-015151,07-00015151,Spring Batch,Remote Partition,상태·데이터,미검증,아니오,QA12F-BATCH-001;QA12F-BATCH-002,cpf-docs/evidence/qa/QA_PARALLEL_12WAY_QA-12F_f97655c/SOURCE_TRACE_MATRIX.csv,목표 환경 또는 동등 Harness 실행
CPF-FR-015152,07-00015152,Spring Batch,Remote Partition,보안·권한,미검증,아니오,QA12F-BATCH-001;QA12F-BATCH-002,cpf-docs/evidence/qa/QA_PARALLEL_12WAY_QA-12F_f97655c/SOURCE_TRACE_MATRIX.csv,목표 환경 또는 동등 Harness 실행
CPF-FR-015153,07-00015153,Spring Batch,Remote Partition,운영,미검증,아니오,QA12F-BATCH-001;QA12F-BATCH-002,cpf-docs/evidence/qa/QA_PARALLEL_12WAY_QA-12F_f97655c/SOURCE_TRACE_MATRIX.csv,목표 환경 또는 동등 Harness 실행
CPF-FR-015154,10-00015154,Spring Batch,Remote Partition,실패·복구,미검증,아니오,QA12F-BATCH-001;QA12F-BATCH-002,cpf-docs/evidence/qa/QA_PARALLEL_12WAY_QA-12F_f97655c/SOURCE_TRACE_MATRIX.csv,목표 환경 또는 동등 Harness 실행
CPF-FR-015155,07-00015155,Spring Batch,Remote Partition,호환·배포,미검증,아니오,QA12F-BATCH-001;QA12F-BATCH-002,cpf-docs/evidence/qa/QA_PARALLEL_12WAY_QA-12F_f97655c/SOURCE_TRACE_MATRIX.csv,목표 환경 또는 동등 Harness 실행
CPF-FR-015156,10-00015156,Spring Batch,Remote Partition,검증·Evidence,미검증,아니오,QA12F-BATCH-001;QA12F-BATCH-002,cpf-docs/evidence/qa/QA_PARALLEL_12WAY_QA-12F_f97655c/SOURCE_TRACE_MATRIX.csv,목표 환경 또는 동등 Harness 실행
CPF-FR-015157,07-00015157,Spring Batch,Remote Chunk,계약,미검증,아니오,QA12F-BATCH-001;QA12F-BATCH-002,cpf-docs/evidence/qa/QA_PARALLEL_12WAY_QA-12F_f97655c/SOURCE_TRACE_MATRIX.csv,목표 환경 또는 동등 Harness 실행
CPF-FR-015158,07-00015158,Spring Batch,Remote Chunk,기본 구현,미검증,아니오,QA12F-BATCH-001;QA12F-BATCH-002,cpf-docs/evidence/qa/QA_PARALLEL_12WAY_QA-12F_f97655c/SOURCE_TRACE_MATRIX.csv,목표 환경 또는 동등 Harness 실행
CPF-FR-015159,07-00015159,Spring Batch,Remote Chunk,상태·데이터,미검증,아니오,QA12F-BATCH-001;QA12F-BATCH-002,cpf-docs/evidence/qa/QA_PARALLEL_12WAY_QA-12F_f97655c/SOURCE_TRACE_MATRIX.csv,목표 환경 또는 동등 Harness 실행
CPF-FR-015160,07-00015160,Spring Batch,Remote Chunk,보안·권한,미검증,아니오,QA12F-BATCH-001;QA12F-BATCH-002,cpf-docs/evidence/qa/QA_PARALLEL_12WAY_QA-12F_f97655c/SOURCE_TRACE_MATRIX.csv,목표 환경 또는 동등 Harness 실행
CPF-FR-015161,07-00015161,Spring Batch,Remote Chunk,운영,미검증,아니오,QA12F-BATCH-001;QA12F-BATCH-002,cpf-docs/evidence/qa/QA_PARALLEL_12WAY_QA-12F_f97655c/SOURCE_TRACE_MATRIX.csv,목표 환경 또는 동등 Harness 실행
CPF-FR-015162,10-00015162,Spring Batch,Remote Chunk,실패·복구,미검증,아니오,QA12F-BATCH-001;QA12F-BATCH-002,cpf-docs/evidence/qa/QA_PARALLEL_12WAY_QA-12F_f97655c/SOURCE_TRACE_MATRIX.csv,목표 환경 또는 동등 Harness 실행
CPF-FR-015163,07-00015163,Spring Batch,Remote Chunk,호환·배포,미검증,아니오,QA12F-BATCH-001;QA12F-BATCH-002,cpf-docs/evidence/qa/QA_PARALLEL_12WAY_QA-12F_f97655c/SOURCE_TRACE_MATRIX.csv,목표 환경 또는 동등 Harness 실행
CPF-FR-015164,10-00015164,Spring Batch,Remote Chunk,검증·Evidence,미검증,아니오,QA12F-BATCH-001;QA12F-BATCH-002,cpf-docs/evidence/qa/QA_PARALLEL_12WAY_QA-12F_f97655c/SOURCE_TRACE_MATRIX.csv,목표 환경 또는 동등 Harness 실행
CPF-FR-015165,07-00015165,Spring Batch,Job Repository,계약,미검증,아니오,QA12F-BATCH-001,cpf-docs/evidence/qa/QA_PARALLEL_12WAY_QA-12F_f97655c/SOURCE_TRACE_MATRIX.csv,목표 환경 또는 동등 Harness 실행
CPF-FR-015166,07-00015166,Spring Batch,Job Repository,기본 구현,미검증,아니오,QA12F-BATCH-001,cpf-docs/evidence/qa/QA_PARALLEL_12WAY_QA-12F_f97655c/SOURCE_TRACE_MATRIX.csv,목표 환경 또는 동등 Harness 실행
CPF-FR-015167,07-00015167,Spring Batch,Job Repository,상태·데이터,미검증,아니오,QA12F-BATCH-001,cpf-docs/evidence/qa/QA_PARALLEL_12WAY_QA-12F_f97655c/SOURCE_TRACE_MATRIX.csv,목표 환경 또는 동등 Harness 실행
CPF-FR-015168,07-00015168,Spring Batch,Job Repository,보안·권한,미검증,아니오,QA12F-BATCH-001,cpf-docs/evidence/qa/QA_PARALLEL_12WAY_QA-12F_f97655c/SOURCE_TRACE_MATRIX.csv,목표 환경 또는 동등 Harness 실행
CPF-FR-015169,07-00015169,Spring Batch,Job Repository,운영,미검증,아니오,QA12F-BATCH-001,cpf-docs/evidence/qa/QA_PARALLEL_12WAY_QA-12F_f97655c/SOURCE_TRACE_MATRIX.csv,목표 환경 또는 동등 Harness 실행
CPF-FR-015170,10-00015170,Spring Batch,Job Repository,실패·복구,미검증,아니오,QA12F-BATCH-001,cpf-docs/evidence/qa/QA_PARALLEL_12WAY_QA-12F_f97655c/SOURCE_TRACE_MATRIX.csv,목표 환경 또는 동등 Harness 실행
CPF-FR-015171,07-00015171,Spring Batch,Job Repository,호환·배포,미검증,아니오,QA12F-BATCH-001,cpf-docs/evidence/qa/QA_PARALLEL_12WAY_QA-12F_f97655c/SOURCE_TRACE_MATRIX.csv,목표 환경 또는 동등 Harness 실행
CPF-FR-015172,10-00015172,Spring Batch,Job Repository,검증·Evidence,미검증,아니오,QA12F-BATCH-001,cpf-docs/evidence/qa/QA_PARALLEL_12WAY_QA-12F_f97655c/SOURCE_TRACE_MATRIX.csv,목표 환경 또는 동등 Harness 실행
CPF-FR-015173,07-00015173,Spring Batch,Job Explorer,계약,미검증,아니오,QA12F-BATCH-001,cpf-docs/evidence/qa/QA_PARALLEL_12WAY_QA-12F_f97655c/SOURCE_TRACE_MATRIX.csv,목표 환경 또는 동등 Harness 실행
CPF-FR-015174,07-00015174,Spring Batch,Job Explorer,기본 구현,미검증,아니오,QA12F-BATCH-001,cpf-docs/evidence/qa/QA_PARALLEL_12WAY_QA-12F_f97655c/SOURCE_TRACE_MATRIX.csv,목표 환경 또는 동등 Harness 실행
CPF-FR-015175,07-00015175,Spring Batch,Job Explorer,상태·데이터,미검증,아니오,QA12F-BATCH-001,cpf-docs/evidence/qa/QA_PARALLEL_12WAY_QA-12F_f97655c/SOURCE_TRACE_MATRIX.csv,목표 환경 또는 동등 Harness 실행
CPF-FR-015176,07-00015176,Spring Batch,Job Explorer,보안·권한,미검증,아니오,QA12F-BATCH-001,cpf-docs/evidence/qa/QA_PARALLEL_12WAY_QA-12F_f97655c/SOURCE_TRACE_MATRIX.csv,목표 환경 또는 동등 Harness 실행
CPF-FR-015177,07-00015177,Spring Batch,Job Explorer,운영,미검증,아니오,QA12F-BATCH-001,cpf-docs/evidence/qa/QA_PARALLEL_12WAY_QA-12F_f97655c/SOURCE_TRACE_MATRIX.csv,목표 환경 또는 동등 Harness 실행
CPF-FR-015178,10-00015178,Spring Batch,Job Explorer,실패·복구,미검증,아니오,QA12F-BATCH-001,cpf-docs/evidence/qa/QA_PARALLEL_12WAY_QA-12F_f97655c/SOURCE_TRACE_MATRIX.csv,목표 환경 또는 동등 Harness 실행
CPF-FR-015179,07-00015179,Spring Batch,Job Explorer,호환·배포,미검증,아니오,QA12F-BATCH-001,cpf-docs/evidence/qa/QA_PARALLEL_12WAY_QA-12F_f97655c/SOURCE_TRACE_MATRIX.csv,목표 환경 또는 동등 Harness 실행
CPF-FR-015180,10-00015180,Spring Batch,Job Explorer,검증·Evidence,미검증,아니오,QA12F-BATCH-001,cpf-docs/evidence/qa/QA_PARALLEL_12WAY_QA-12F_f97655c/SOURCE_TRACE_MATRIX.csv,목표 환경 또는 동등 Harness 실행
CPF-FR-015181,07-00015181,Spring Batch,Job Operator,계약,미검증,아니오,QA12F-BATCH-001,cpf-docs/evidence/qa/QA_PARALLEL_12WAY_QA-12F_f97655c/SOURCE_TRACE_MATRIX.csv,목표 환경 또는 동등 Harness 실행
CPF-FR-015182,07-00015182,Spring Batch,Job Operator,기본 구현,미검증,아니오,QA12F-BATCH-001,cpf-docs/evidence/qa/QA_PARALLEL_12WAY_QA-12F_f97655c/SOURCE_TRACE_MATRIX.csv,목표 환경 또는 동등 Harness 실행
CPF-FR-015183,07-00015183,Spring Batch,Job Operator,상태·데이터,미검증,아니오,QA12F-BATCH-001,cpf-docs/evidence/qa/QA_PARALLEL_12WAY_QA-12F_f97655c/SOURCE_TRACE_MATRIX.csv,목표 환경 또는 동등 Harness 실행
CPF-FR-015184,07-00015184,Spring Batch,Job Operator,보안·권한,미검증,아니오,QA12F-BATCH-001,cpf-docs/evidence/qa/QA_PARALLEL_12WAY_QA-12F_f97655c/SOURCE_TRACE_MATRIX.csv,목표 환경 또는 동등 Harness 실행
CPF-FR-015185,07-00015185,Spring Batch,Job Operator,운영,미검증,아니오,QA12F-BATCH-001,cpf-docs/evidence/qa/QA_PARALLEL_12WAY_QA-12F_f97655c/SOURCE_TRACE_MATRIX.csv,목표 환경 또는 동등 Harness 실행
CPF-FR-015186,10-00015186,Spring Batch,Job Operator,실패·복구,미검증,아니오,QA12F-BATCH-001,cpf-docs/evidence/qa/QA_PARALLEL_12WAY_QA-12F_f97655c/SOURCE_TRACE_MATRIX.csv,목표 환경 또는 동등 Harness 실행
CPF-FR-015187,07-00015187,Spring Batch,Job Operator,호환·배포,미검증,아니오,QA12F-BATCH-001,cpf-docs/evidence/qa/QA_PARALLEL_12WAY_QA-12F_f97655c/SOURCE_TRACE_MATRIX.csv,목표 환경 또는 동등 Harness 실행
CPF-FR-015188,10-00015188,Spring Batch,Job Operator,검증·Evidence,미검증,아니오,QA12F-BATCH-001,cpf-docs/evidence/qa/QA_PARALLEL_12WAY_QA-12F_f97655c/SOURCE_TRACE_MATRIX.csv,목표 환경 또는 동등 Harness 실행
CPF-FR-015189,07-00015189,Spring Batch,Process Kill Recovery,계약,미검증,아니오,QA12F-BATCH-001;QA12F-BATCH-002,cpf-docs/evidence/qa/QA_PARALLEL_12WAY_QA-12F_f97655c/SOURCE_TRACE_MATRIX.csv,목표 환경 또는 동등 Harness 실행
CPF-FR-015190,07-00015190,Spring Batch,Process Kill Recovery,기본 구현,미검증,아니오,QA12F-BATCH-001;QA12F-BATCH-002,cpf-docs/evidence/qa/QA_PARALLEL_12WAY_QA-12F_f97655c/SOURCE_TRACE_MATRIX.csv,목표 환경 또는 동등 Harness 실행
CPF-FR-015191,07-00015191,Spring Batch,Process Kill Recovery,상태·데이터,미검증,아니오,QA12F-BATCH-001;QA12F-BATCH-002,cpf-docs/evidence/qa/QA_PARALLEL_12WAY_QA-12F_f97655c/SOURCE_TRACE_MATRIX.csv,목표 환경 또는 동등 Harness 실행
CPF-FR-015192,07-00015192,Spring Batch,Process Kill Recovery,보안·권한,미검증,아니오,QA12F-BATCH-001;QA12F-BATCH-002,cpf-docs/evidence/qa/QA_PARALLEL_12WAY_QA-12F_f97655c/SOURCE_TRACE_MATRIX.csv,목표 환경 또는 동등 Harness 실행
CPF-FR-015193,07-00015193,Spring Batch,Process Kill Recovery,운영,미검증,아니오,QA12F-BATCH-001;QA12F-BATCH-002,cpf-docs/evidence/qa/QA_PARALLEL_12WAY_QA-12F_f97655c/SOURCE_TRACE_MATRIX.csv,목표 환경 또는 동등 Harness 실행
CPF-FR-015194,10-00015194,Spring Batch,Process Kill Recovery,실패·복구,미검증,아니오,QA12F-BATCH-001;QA12F-BATCH-002,cpf-docs/evidence/qa/QA_PARALLEL_12WAY_QA-12F_f97655c/SOURCE_TRACE_MATRIX.csv,목표 환경 또는 동등 Harness 실행
CPF-FR-015195,07-00015195,Spring Batch,Process Kill Recovery,호환·배포,미검증,아니오,QA12F-BATCH-001;QA12F-BATCH-002,cpf-docs/evidence/qa/QA_PARALLEL_12WAY_QA-12F_f97655c/SOURCE_TRACE_MATRIX.csv,목표 환경 또는 동등 Harness 실행
CPF-FR-015196,10-00015196,Spring Batch,Process Kill Recovery,검증·Evidence,미검증,아니오,QA12F-BATCH-001;QA12F-BATCH-002,cpf-docs/evidence/qa/QA_PARALLEL_12WAY_QA-12F_f97655c/SOURCE_TRACE_MATRIX.csv,목표 환경 또는 동등 Harness 실행
CPF-FR-015197,07-00015197,Scheduler,Agent / Worker / Schedule Definition,계약,미검증,아니오,QA12F-SCHED-001,cpf-docs/evidence/qa/QA_PARALLEL_12WAY_QA-12F_f97655c/SOURCE_TRACE_MATRIX.csv,목표 환경 또는 동등 Harness 실행
CPF-FR-015198,07-00015198,Scheduler,Agent / Worker / Schedule Definition,기본 구현,미검증,아니오,QA12F-SCHED-001,cpf-docs/evidence/qa/QA_PARALLEL_12WAY_QA-12F_f97655c/SOURCE_TRACE_MATRIX.csv,목표 환경 또는 동등 Harness 실행
CPF-FR-015199,07-00015199,Scheduler,Agent / Worker / Schedule Definition,상태·데이터,미검증,아니오,QA12F-SCHED-001,cpf-docs/evidence/qa/QA_PARALLEL_12WAY_QA-12F_f97655c/SOURCE_TRACE_MATRIX.csv,목표 환경 또는 동등 Harness 실행
CPF-FR-015200,07-00015200,Scheduler,Agent / Worker / Schedule Definition,보안·권한,미검증,아니오,QA12F-SCHED-001,cpf-docs/evidence/qa/QA_PARALLEL_12WAY_QA-12F_f97655c/SOURCE_TRACE_MATRIX.csv,목표 환경 또는 동등 Harness 실행
CPF-FR-015201,07-00015201,Scheduler,Agent / Worker / Schedule Definition,운영,미검증,아니오,QA12F-SCHED-001,cpf-docs/evidence/qa/QA_PARALLEL_12WAY_QA-12F_f97655c/SOURCE_TRACE_MATRIX.csv,목표 환경 또는 동등 Harness 실행
CPF-FR-015202,10-00015202,Scheduler,Agent / Worker / Schedule Definition,실패·복구,미검증,아니오,QA12F-SCHED-001,cpf-docs/evidence/qa/QA_PARALLEL_12WAY_QA-12F_f97655c/SOURCE_TRACE_MATRIX.csv,목표 환경 또는 동등 Harness 실행
CPF-FR-015203,07-00015203,Scheduler,Agent / Worker / Schedule Definition,호환·배포,미검증,아니오,QA12F-SCHED-001,cpf-docs/evidence/qa/QA_PARALLEL_12WAY_QA-12F_f97655c/SOURCE_TRACE_MATRIX.csv,목표 환경 또는 동등 Harness 실행
CPF-FR-015204,10-00015204,Scheduler,Agent / Worker / Schedule Definition,검증·Evidence,미검증,아니오,QA12F-SCHED-001,cpf-docs/evidence/qa/QA_PARALLEL_12WAY_QA-12F_f97655c/SOURCE_TRACE_MATRIX.csv,목표 환경 또는 동등 Harness 실행
CPF-FR-015205,07-00015205,Scheduler,Agent / Worker / Trigger Claim,계약,미검증,아니오,QA12F-SCHED-001,cpf-docs/evidence/qa/QA_PARALLEL_12WAY_QA-12F_f97655c/SOURCE_TRACE_MATRIX.csv,목표 환경 또는 동등 Harness 실행
CPF-FR-015206,07-00015206,Scheduler,Agent / Worker / Trigger Claim,기본 구현,미검증,아니오,QA12F-SCHED-001,cpf-docs/evidence/qa/QA_PARALLEL_12WAY_QA-12F_f97655c/SOURCE_TRACE_MATRIX.csv,목표 환경 또는 동등 Harness 실행
CPF-FR-015207,07-00015207,Scheduler,Agent / Worker / Trigger Claim,상태·데이터,미검증,아니오,QA12F-SCHED-001,cpf-docs/evidence/qa/QA_PARALLEL_12WAY_QA-12F_f97655c/SOURCE_TRACE_MATRIX.csv,목표 환경 또는 동등 Harness 실행
CPF-FR-015208,07-00015208,Scheduler,Agent / Worker / Trigger Claim,보안·권한,미검증,아니오,QA12F-SCHED-001,cpf-docs/evidence/qa/QA_PARALLEL_12WAY_QA-12F_f97655c/SOURCE_TRACE_MATRIX.csv,목표 환경 또는 동등 Harness 실행
CPF-FR-015209,07-00015209,Scheduler,Agent / Worker / Trigger Claim,운영,미검증,아니오,QA12F-SCHED-001,cpf-docs/evidence/qa/QA_PARALLEL_12WAY_QA-12F_f97655c/SOURCE_TRACE_MATRIX.csv,목표 환경 또는 동등 Harness 실행
CPF-FR-015210,10-00015210,Scheduler,Agent / Worker / Trigger Claim,실패·복구,미검증,아니오,QA12F-SCHED-001,cpf-docs/evidence/qa/QA_PARALLEL_12WAY_QA-12F_f97655c/SOURCE_TRACE_MATRIX.csv,목표 환경 또는 동등 Harness 실행
CPF-FR-015211,07-00015211,Scheduler,Agent / Worker / Trigger Claim,호환·배포,미검증,아니오,QA12F-SCHED-001,cpf-docs/evidence/qa/QA_PARALLEL_12WAY_QA-12F_f97655c/SOURCE_TRACE_MATRIX.csv,목표 환경 또는 동등 Harness 실행
CPF-FR-015212,10-00015212,Scheduler,Agent / Worker / Trigger Claim,검증·Evidence,미검증,아니오,QA12F-SCHED-001,cpf-docs/evidence/qa/QA_PARALLEL_12WAY_QA-12F_f97655c/SOURCE_TRACE_MATRIX.csv,목표 환경 또는 동등 Harness 실행
CPF-FR-015213,07-00015213,Scheduler,Agent / Worker / Misfire,계약,미검증,아니오,QA12F-SCHED-001,cpf-docs/evidence/qa/QA_PARALLEL_12WAY_QA-12F_f97655c/SOURCE_TRACE_MATRIX.csv,목표 환경 또는 동등 Harness 실행
CPF-FR-015214,07-00015214,Scheduler,Agent / Worker / Misfire,기본 구현,미검증,아니오,QA12F-SCHED-001,cpf-docs/evidence/qa/QA_PARALLEL_12WAY_QA-12F_f97655c/SOURCE_TRACE_MATRIX.csv,목표 환경 또는 동등 Harness 실행
CPF-FR-015215,07-00015215,Scheduler,Agent / Worker / Misfire,상태·데이터,미검증,아니오,QA12F-SCHED-001,cpf-docs/evidence/qa/QA_PARALLEL_12WAY_QA-12F_f97655c/SOURCE_TRACE_MATRIX.csv,목표 환경 또는 동등 Harness 실행
CPF-FR-015216,07-00015216,Scheduler,Agent / Worker / Misfire,보안·권한,미검증,아니오,QA12F-SCHED-001,cpf-docs/evidence/qa/QA_PARALLEL_12WAY_QA-12F_f97655c/SOURCE_TRACE_MATRIX.csv,목표 환경 또는 동등 Harness 실행
CPF-FR-015217,07-00015217,Scheduler,Agent / Worker / Misfire,운영,미검증,아니오,QA12F-SCHED-001,cpf-docs/evidence/qa/QA_PARALLEL_12WAY_QA-12F_f97655c/SOURCE_TRACE_MATRIX.csv,목표 환경 또는 동등 Harness 실행
CPF-FR-015218,10-00015218,Scheduler,Agent / Worker / Misfire,실패·복구,미검증,아니오,QA12F-SCHED-001,cpf-docs/evidence/qa/QA_PARALLEL_12WAY_QA-12F_f97655c/SOURCE_TRACE_MATRIX.csv,목표 환경 또는 동등 Harness 실행
CPF-FR-015219,07-00015219,Scheduler,Agent / Worker / Misfire,호환·배포,미검증,아니오,QA12F-SCHED-001,cpf-docs/evidence/qa/QA_PARALLEL_12WAY_QA-12F_f97655c/SOURCE_TRACE_MATRIX.csv,목표 환경 또는 동등 Harness 실행
CPF-FR-015220,10-00015220,Scheduler,Agent / Worker / Misfire,검증·Evidence,미검증,아니오,QA12F-SCHED-001,cpf-docs/evidence/qa/QA_PARALLEL_12WAY_QA-12F_f97655c/SOURCE_TRACE_MATRIX.csv,목표 환경 또는 동등 Harness 실행
CPF-FR-015221,07-00015221,Scheduler,Agent / Worker / Calendar,계약,미검증,아니오,QA12F-SCHED-001,cpf-docs/evidence/qa/QA_PARALLEL_12WAY_QA-12F_f97655c/SOURCE_TRACE_MATRIX.csv,목표 환경 또는 동등 Harness 실행
CPF-FR-015222,07-00015222,Scheduler,Agent / Worker / Calendar,기본 구현,미검증,아니오,QA12F-SCHED-001,cpf-docs/evidence/qa/QA_PARALLEL_12WAY_QA-12F_f97655c/SOURCE_TRACE_MATRIX.csv,목표 환경 또는 동등 Harness 실행
CPF-FR-015223,07-00015223,Scheduler,Agent / Worker / Calendar,상태·데이터,미검증,아니오,QA12F-SCHED-001,cpf-docs/evidence/qa/QA_PARALLEL_12WAY_QA-12F_f97655c/SOURCE_TRACE_MATRIX.csv,목표 환경 또는 동등 Harness 실행
CPF-FR-015224,07-00015224,Scheduler,Agent / Worker / Calendar,보안·권한,미검증,아니오,QA12F-SCHED-001,cpf-docs/evidence/qa/QA_PARALLEL_12WAY_QA-12F_f97655c/SOURCE_TRACE_MATRIX.csv,목표 환경 또는 동등 Harness 실행
CPF-FR-015225,07-00015225,Scheduler,Agent / Worker / Calendar,운영,미검증,아니오,QA12F-SCHED-001,cpf-docs/evidence/qa/QA_PARALLEL_12WAY_QA-12F_f97655c/SOURCE_TRACE_MATRIX.csv,목표 환경 또는 동등 Harness 실행
CPF-FR-015226,10-00015226,Scheduler,Agent / Worker / Calendar,실패·복구,미검증,아니오,QA12F-SCHED-001,cpf-docs/evidence/qa/QA_PARALLEL_12WAY_QA-12F_f97655c/SOURCE_TRACE_MATRIX.csv,목표 환경 또는 동등 Harness 실행
CPF-FR-015227,07-00015227,Scheduler,Agent / Worker / Calendar,호환·배포,미검증,아니오,QA12F-SCHED-001,cpf-docs/evidence/qa/QA_PARALLEL_12WAY_QA-12F_f97655c/SOURCE_TRACE_MATRIX.csv,목표 환경 또는 동등 Harness 실행
CPF-FR-015228,10-00015228,Scheduler,Agent / Worker / Calendar,검증·Evidence,미검증,아니오,QA12F-SCHED-001,cpf-docs/evidence/qa/QA_PARALLEL_12WAY_QA-12F_f97655c/SOURCE_TRACE_MATRIX.csv,목표 환경 또는 동등 Harness 실행
CPF-FR-015229,07-00015229,Scheduler,Agent / Worker / Pause,계약,미검증,아니오,QA12F-SCHED-001,cpf-docs/evidence/qa/QA_PARALLEL_12WAY_QA-12F_f97655c/SOURCE_TRACE_MATRIX.csv,목표 환경 또는 동등 Harness 실행
CPF-FR-015230,07-00015230,Scheduler,Agent / Worker / Pause,기본 구현,미검증,아니오,QA12F-SCHED-001,cpf-docs/evidence/qa/QA_PARALLEL_12WAY_QA-12F_f97655c/SOURCE_TRACE_MATRIX.csv,목표 환경 또는 동등 Harness 실행
CPF-FR-015231,07-00015231,Scheduler,Agent / Worker / Pause,상태·데이터,미검증,아니오,QA12F-SCHED-001,cpf-docs/evidence/qa/QA_PARALLEL_12WAY_QA-12F_f97655c/SOURCE_TRACE_MATRIX.csv,목표 환경 또는 동등 Harness 실행
CPF-FR-015232,07-00015232,Scheduler,Agent / Worker / Pause,보안·권한,미검증,아니오,QA12F-SCHED-001,cpf-docs/evidence/qa/QA_PARALLEL_12WAY_QA-12F_f97655c/SOURCE_TRACE_MATRIX.csv,목표 환경 또는 동등 Harness 실행
CPF-FR-015233,07-00015233,Scheduler,Agent / Worker / Pause,운영,미검증,아니오,QA12F-SCHED-001,cpf-docs/evidence/qa/QA_PARALLEL_12WAY_QA-12F_f97655c/SOURCE_TRACE_MATRIX.csv,목표 환경 또는 동등 Harness 실행
CPF-FR-015234,10-00015234,Scheduler,Agent / Worker / Pause,실패·복구,미검증,아니오,QA12F-SCHED-001,cpf-docs/evidence/qa/QA_PARALLEL_12WAY_QA-12F_f97655c/SOURCE_TRACE_MATRIX.csv,목표 환경 또는 동등 Harness 실행
CPF-FR-015235,07-00015235,Scheduler,Agent / Worker / Pause,호환·배포,미검증,아니오,QA12F-SCHED-001,cpf-docs/evidence/qa/QA_PARALLEL_12WAY_QA-12F_f97655c/SOURCE_TRACE_MATRIX.csv,목표 환경 또는 동등 Harness 실행
CPF-FR-015236,10-00015236,Scheduler,Agent / Worker / Pause,검증·Evidence,미검증,아니오,QA12F-SCHED-001,cpf-docs/evidence/qa/QA_PARALLEL_12WAY_QA-12F_f97655c/SOURCE_TRACE_MATRIX.csv,목표 환경 또는 동등 Harness 실행
CPF-FR-015237,07-00015237,Scheduler,Agent / Worker / Resume,계약,미검증,아니오,QA12F-SCHED-001,cpf-docs/evidence/qa/QA_PARALLEL_12WAY_QA-12F_f97655c/SOURCE_TRACE_MATRIX.csv,목표 환경 또는 동등 Harness 실행
CPF-FR-015238,07-00015238,Scheduler,Agent / Worker / Resume,기본 구현,미검증,아니오,QA12F-SCHED-001,cpf-docs/evidence/qa/QA_PARALLEL_12WAY_QA-12F_f97655c/SOURCE_TRACE_MATRIX.csv,목표 환경 또는 동등 Harness 실행
CPF-FR-015239,07-00015239,Scheduler,Agent / Worker / Resume,상태·데이터,미검증,아니오,QA12F-SCHED-001,cpf-docs/evidence/qa/QA_PARALLEL_12WAY_QA-12F_f97655c/SOURCE_TRACE_MATRIX.csv,목표 환경 또는 동등 Harness 실행
CPF-FR-015240,07-00015240,Scheduler,Agent / Worker / Resume,보안·권한,미검증,아니오,QA12F-SCHED-001,cpf-docs/evidence/qa/QA_PARALLEL_12WAY_QA-12F_f97655c/SOURCE_TRACE_MATRIX.csv,목표 환경 또는 동등 Harness 실행
CPF-FR-015241,07-00015241,Scheduler,Agent / Worker / Resume,운영,미검증,아니오,QA12F-SCHED-001,cpf-docs/evidence/qa/QA_PARALLEL_12WAY_QA-12F_f97655c/SOURCE_TRACE_MATRIX.csv,목표 환경 또는 동등 Harness 실행
CPF-FR-015242,10-00015242,Scheduler,Agent / Worker / Resume,실패·복구,미검증,아니오,QA12F-SCHED-001,cpf-docs/evidence/qa/QA_PARALLEL_12WAY_QA-12F_f97655c/SOURCE_TRACE_MATRIX.csv,목표 환경 또는 동등 Harness 실행
CPF-FR-015243,07-00015243,Scheduler,Agent / Worker / Resume,호환·배포,미검증,아니오,QA12F-SCHED-001,cpf-docs/evidence/qa/QA_PARALLEL_12WAY_QA-12F_f97655c/SOURCE_TRACE_MATRIX.csv,목표 환경 또는 동등 Harness 실행
CPF-FR-015244,10-00015244,Scheduler,Agent / Worker / Resume,검증·Evidence,미검증,아니오,QA12F-SCHED-001,cpf-docs/evidence/qa/QA_PARALLEL_12WAY_QA-12F_f97655c/SOURCE_TRACE_MATRIX.csv,목표 환경 또는 동등 Harness 실행
CPF-FR-015245,07-00015245,Scheduler,Agent / Worker / Scheduler Leader / Lease,계약,미검증,아니오,QA12F-SCHED-001,cpf-docs/evidence/qa/QA_PARALLEL_12WAY_QA-12F_f97655c/SOURCE_TRACE_MATRIX.csv,목표 환경 또는 동등 Harness 실행
CPF-FR-015246,07-00015246,Scheduler,Agent / Worker / Scheduler Leader / Lease,기본 구현,미검증,아니오,QA12F-SCHED-001,cpf-docs/evidence/qa/QA_PARALLEL_12WAY_QA-12F_f97655c/SOURCE_TRACE_MATRIX.csv,목표 환경 또는 동등 Harness 실행
CPF-FR-015247,07-00015247,Scheduler,Agent / Worker / Scheduler Leader / Lease,상태·데이터,미검증,아니오,QA12F-SCHED-001,cpf-docs/evidence/qa/QA_PARALLEL_12WAY_QA-12F_f97655c/SOURCE_TRACE_MATRIX.csv,목표 환경 또는 동등 Harness 실행
CPF-FR-015248,07-00015248,Scheduler,Agent / Worker / Scheduler Leader / Lease,보안·권한,미검증,아니오,QA12F-SCHED-001,cpf-docs/evidence/qa/QA_PARALLEL_12WAY_QA-12F_f97655c/SOURCE_TRACE_MATRIX.csv,목표 환경 또는 동등 Harness 실행
CPF-FR-015249,07-00015249,Scheduler,Agent / Worker / Scheduler Leader / Lease,운영,미검증,아니오,QA12F-SCHED-001,cpf-docs/evidence/qa/QA_PARALLEL_12WAY_QA-12F_f97655c/SOURCE_TRACE_MATRIX.csv,목표 환경 또는 동등 Harness 실행
CPF-FR-015250,10-00015250,Scheduler,Agent / Worker / Scheduler Leader / Lease,실패·복구,미검증,아니오,QA12F-SCHED-001,cpf-docs/evidence/qa/QA_PARALLEL_12WAY_QA-12F_f97655c/SOURCE_TRACE_MATRIX.csv,목표 환경 또는 동등 Harness 실행
CPF-FR-015251,07-00015251,Scheduler,Agent / Worker / Scheduler Leader / Lease,호환·배포,미검증,아니오,QA12F-SCHED-001,cpf-docs/evidence/qa/QA_PARALLEL_12WAY_QA-12F_f97655c/SOURCE_TRACE_MATRIX.csv,목표 환경 또는 동등 Harness 실행
CPF-FR-015252,10-00015252,Scheduler,Agent / Worker / Scheduler Leader / Lease,검증·Evidence,미검증,아니오,QA12F-SCHED-001,cpf-docs/evidence/qa/QA_PARALLEL_12WAY_QA-12F_f97655c/SOURCE_TRACE_MATRIX.csv,목표 환경 또는 동등 Harness 실행
CPF-FR-015253,07-00015253,Scheduler,Agent / Worker / Duplicate Fire Prevention,계약,미검증,아니오,QA12F-SCHED-001,cpf-docs/evidence/qa/QA_PARALLEL_12WAY_QA-12F_f97655c/SOURCE_TRACE_MATRIX.csv,목표 환경 또는 동등 Harness 실행
CPF-FR-015254,07-00015254,Scheduler,Agent / Worker / Duplicate Fire Prevention,기본 구현,미검증,아니오,QA12F-SCHED-001,cpf-docs/evidence/qa/QA_PARALLEL_12WAY_QA-12F_f97655c/SOURCE_TRACE_MATRIX.csv,목표 환경 또는 동등 Harness 실행
CPF-FR-015255,07-00015255,Scheduler,Agent / Worker / Duplicate Fire Prevention,상태·데이터,미검증,아니오,QA12F-SCHED-001,cpf-docs/evidence/qa/QA_PARALLEL_12WAY_QA-12F_f97655c/SOURCE_TRACE_MATRIX.csv,목표 환경 또는 동등 Harness 실행
CPF-FR-015256,07-00015256,Scheduler,Agent / Worker / Duplicate Fire Prevention,보안·권한,미검증,아니오,QA12F-SCHED-001,cpf-docs/evidence/qa/QA_PARALLEL_12WAY_QA-12F_f97655c/SOURCE_TRACE_MATRIX.csv,목표 환경 또는 동등 Harness 실행
CPF-FR-015257,07-00015257,Scheduler,Agent / Worker / Duplicate Fire Prevention,운영,미검증,아니오,QA12F-SCHED-001,cpf-docs/evidence/qa/QA_PARALLEL_12WAY_QA-12F_f97655c/SOURCE_TRACE_MATRIX.csv,목표 환경 또는 동등 Harness 실행
CPF-FR-015258,10-00015258,Scheduler,Agent / Worker / Duplicate Fire Prevention,실패·복구,미검증,아니오,QA12F-SCHED-001,cpf-docs/evidence/qa/QA_PARALLEL_12WAY_QA-12F_f97655c/SOURCE_TRACE_MATRIX.csv,목표 환경 또는 동등 Harness 실행
CPF-FR-015259,07-00015259,Scheduler,Agent / Worker / Duplicate Fire Prevention,호환·배포,미검증,아니오,QA12F-SCHED-001,cpf-docs/evidence/qa/QA_PARALLEL_12WAY_QA-12F_f97655c/SOURCE_TRACE_MATRIX.csv,목표 환경 또는 동등 Harness 실행
CPF-FR-015260,10-00015260,Scheduler,Agent / Worker / Duplicate Fire Prevention,검증·Evidence,미검증,아니오,QA12F-SCHED-001,cpf-docs/evidence/qa/QA_PARALLEL_12WAY_QA-12F_f97655c/SOURCE_TRACE_MATRIX.csv,목표 환경 또는 동등 Harness 실행
CPF-FR-015261,07-00015261,Scheduler,Agent / Worker / Agent Registration,계약,미검증,아니오,QA12F-SCHED-001;QA12F-AGENT-001,cpf-docs/evidence/qa/QA_PARALLEL_12WAY_QA-12F_f97655c/SOURCE_TRACE_MATRIX.csv,목표 환경 또는 동등 Harness 실행
CPF-FR-015262,07-00015262,Scheduler,Agent / Worker / Agent Registration,기본 구현,미검증,아니오,QA12F-SCHED-001;QA12F-AGENT-001,cpf-docs/evidence/qa/QA_PARALLEL_12WAY_QA-12F_f97655c/SOURCE_TRACE_MATRIX.csv,목표 환경 또는 동등 Harness 실행
CPF-FR-015263,07-00015263,Scheduler,Agent / Worker / Agent Registration,상태·데이터,미검증,아니오,QA12F-SCHED-001;QA12F-AGENT-001,cpf-docs/evidence/qa/QA_PARALLEL_12WAY_QA-12F_f97655c/SOURCE_TRACE_MATRIX.csv,목표 환경 또는 동등 Harness 실행
CPF-FR-015264,07-00015264,Scheduler,Agent / Worker / Agent Registration,보안·권한,미검증,아니오,QA12F-SCHED-001;QA12F-AGENT-001,cpf-docs/evidence/qa/QA_PARALLEL_12WAY_QA-12F_f97655c/SOURCE_TRACE_MATRIX.csv,목표 환경 또는 동등 Harness 실행
CPF-FR-015265,07-00015265,Scheduler,Agent / Worker / Agent Registration,운영,미검증,아니오,QA12F-SCHED-001;QA12F-AGENT-001,cpf-docs/evidence/qa/QA_PARALLEL_12WAY_QA-12F_f97655c/SOURCE_TRACE_MATRIX.csv,목표 환경 또는 동등 Harness 실행
CPF-FR-015266,10-00015266,Scheduler,Agent / Worker / Agent Registration,실패·복구,미검증,아니오,QA12F-SCHED-001;QA12F-AGENT-001,cpf-docs/evidence/qa/QA_PARALLEL_12WAY_QA-12F_f97655c/SOURCE_TRACE_MATRIX.csv,목표 환경 또는 동등 Harness 실행
CPF-FR-015267,07-00015267,Scheduler,Agent / Worker / Agent Registration,호환·배포,미검증,아니오,QA12F-SCHED-001;QA12F-AGENT-001,cpf-docs/evidence/qa/QA_PARALLEL_12WAY_QA-12F_f97655c/SOURCE_TRACE_MATRIX.csv,목표 환경 또는 동등 Harness 실행
CPF-FR-015268,10-00015268,Scheduler,Agent / Worker / Agent Registration,검증·Evidence,미검증,아니오,QA12F-SCHED-001;QA12F-AGENT-001,cpf-docs/evidence/qa/QA_PARALLEL_12WAY_QA-12F_f97655c/SOURCE_TRACE_MATRIX.csv,목표 환경 또는 동등 Harness 실행
CPF-FR-015269,07-00015269,Scheduler,Agent / Worker / Agent Capability,계약,미검증,아니오,QA12F-SCHED-001;QA12F-AGENT-001,cpf-docs/evidence/qa/QA_PARALLEL_12WAY_QA-12F_f97655c/SOURCE_TRACE_MATRIX.csv,목표 환경 또는 동등 Harness 실행
CPF-FR-015270,07-00015270,Scheduler,Agent / Worker / Agent Capability,기본 구현,미검증,아니오,QA12F-SCHED-001;QA12F-AGENT-001,cpf-docs/evidence/qa/QA_PARALLEL_12WAY_QA-12F_f97655c/SOURCE_TRACE_MATRIX.csv,목표 환경 또는 동등 Harness 실행
CPF-FR-015271,07-00015271,Scheduler,Agent / Worker / Agent Capability,상태·데이터,미검증,아니오,QA12F-SCHED-001;QA12F-AGENT-001,cpf-docs/evidence/qa/QA_PARALLEL_12WAY_QA-12F_f97655c/SOURCE_TRACE_MATRIX.csv,목표 환경 또는 동등 Harness 실행
CPF-FR-015272,07-00015272,Scheduler,Agent / Worker / Agent Capability,보안·권한,미검증,아니오,QA12F-SCHED-001;QA12F-AGENT-001,cpf-docs/evidence/qa/QA_PARALLEL_12WAY_QA-12F_f97655c/SOURCE_TRACE_MATRIX.csv,목표 환경 또는 동등 Harness 실행
CPF-FR-015273,07-00015273,Scheduler,Agent / Worker / Agent Capability,운영,미검증,아니오,QA12F-SCHED-001;QA12F-AGENT-001,cpf-docs/evidence/qa/QA_PARALLEL_12WAY_QA-12F_f97655c/SOURCE_TRACE_MATRIX.csv,목표 환경 또는 동등 Harness 실행
CPF-FR-015274,10-00015274,Scheduler,Agent / Worker / Agent Capability,실패·복구,미검증,아니오,QA12F-SCHED-001;QA12F-AGENT-001,cpf-docs/evidence/qa/QA_PARALLEL_12WAY_QA-12F_f97655c/SOURCE_TRACE_MATRIX.csv,목표 환경 또는 동등 Harness 실행
CPF-FR-015275,07-00015275,Scheduler,Agent / Worker / Agent Capability,호환·배포,미검증,아니오,QA12F-SCHED-001;QA12F-AGENT-001,cpf-docs/evidence/qa/QA_PARALLEL_12WAY_QA-12F_f97655c/SOURCE_TRACE_MATRIX.csv,목표 환경 또는 동등 Harness 실행
CPF-FR-015276,10-00015276,Scheduler,Agent / Worker / Agent Capability,검증·Evidence,미검증,아니오,QA12F-SCHED-001;QA12F-AGENT-001,cpf-docs/evidence/qa/QA_PARALLEL_12WAY_QA-12F_f97655c/SOURCE_TRACE_MATRIX.csv,목표 환경 또는 동등 Harness 실행
CPF-FR-015277,07-00015277,Scheduler,Agent / Worker / Heartbeat,계약,미검증,아니오,QA12F-SCHED-001;QA12F-AGENT-001,cpf-docs/evidence/qa/QA_PARALLEL_12WAY_QA-12F_f97655c/SOURCE_TRACE_MATRIX.csv,목표 환경 또는 동등 Harness 실행
CPF-FR-015278,07-00015278,Scheduler,Agent / Worker / Heartbeat,기본 구현,미검증,아니오,QA12F-SCHED-001;QA12F-AGENT-001,cpf-docs/evidence/qa/QA_PARALLEL_12WAY_QA-12F_f97655c/SOURCE_TRACE_MATRIX.csv,목표 환경 또는 동등 Harness 실행
CPF-FR-015279,07-00015279,Scheduler,Agent / Worker / Heartbeat,상태·데이터,미검증,아니오,QA12F-SCHED-001;QA12F-AGENT-001,cpf-docs/evidence/qa/QA_PARALLEL_12WAY_QA-12F_f97655c/SOURCE_TRACE_MATRIX.csv,목표 환경 또는 동등 Harness 실행
