scenario_id,linked_requirement_id,canonical_requirement_ids,priority,area,scenario_type,title,actor,preconditions,test_data,steps,expected_result,failure_criteria,environment,topology,required_evidence,execution_status,baseline_sha,evidence_path,open_issue,next_action,execution_phase_id,execution_phase_name,execution_order,work_package_id,predecessor_phase_ids,blocking_phase_gate_id
CPF-SC-000001,CPF-FR-000001,ARCH-MISSION,P0,ARCH,POSITIVE,[ARCH-MISSION] 정상 수직 흐름,Architecture Owner,최신 exact SHA; 유효 입력과 권한,정상 데이터,요청→검증→처리→저장/전달→응답→감사,정상 상태·side effect·tracking 일치,Mock-only 또는 Consumer 미호출,Java25·적용 DB/Provider/Browser/Process 환경,Local/Remote·single/multi-instance 중 적용,source SHA·command·environment·start/end·exit code·pre/post state·report/artifact hash·sanitization,미검증,4aea798c913787e86341809e2cef2b9495cbf7ba,,R3 최신 exact SHA 재실행 대기,연결 Requirement의 지정 Phase에서 직접 실행,P02,Architecture Ownership·Public API/SPI/Internal 경계,02-00000001,P02-ARCH-ARCH-MISSION,P01,CPF-GATE-02
CPF-SC-000002,CPF-FR-000001,ARCH-MISSION,P0,ARCH,INVALID,[ARCH-MISSION] 입력·경계 오류,Architecture Owner,최신 exact SHA; 유효 Session,invalid/empty/oversize/unknown enum,각 invalid 제출,표준 field/path 오류·side effect 0,500/raw exception/부분 저장,Java25·적용 DB/Provider/Browser/Process 환경,Local/Remote·single/multi-instance 중 적용,source SHA·command·environment·start/end·exit code·pre/post state·report/artifact hash·sanitization,미검증,4aea798c913787e86341809e2cef2b9495cbf7ba,,R3 최신 exact SHA 재실행 대기,연결 Requirement의 지정 Phase에서 직접 실행,P02,Architecture Ownership·Public API/SPI/Internal 경계,02-00000002,P02-ARCH-ARCH-MISSION,P01,CPF-GATE-02
CPF-SC-000003,CPF-FR-000001,ARCH-MISSION,P0,ARCH,UNAUTHORIZED,[ARCH-MISSION] 미인증·권한 부족,Architecture Owner,최신 exact SHA; 권한 없는 principal,401/403 대상,UI 직접 URL/API/Method 호출,Server 거부·Audit·민감정보 0,버튼만 숨김/default allow,Java25·적용 DB/Provider/Browser/Process 환경,Local/Remote·single/multi-instance 중 적용,source SHA·command·environment·start/end·exit code·pre/post state·report/artifact hash·sanitization,미검증,4aea798c913787e86341809e2cef2b9495cbf7ba,,R3 최신 exact SHA 재실행 대기,연결 Requirement의 지정 Phase에서 직접 실행,P02,Architecture Ownership·Public API/SPI/Internal 경계,02-00000003,P02-ARCH-ARCH-MISSION,P01,CPF-GATE-02
CPF-SC-000004,CPF-FR-000001,ARCH-MISSION,P0,ARCH,CONFLICT,[ARCH-MISSION] Version·Hash 충돌,Architecture Owner,최신 exact SHA; 기존 version,stale expectedVersion/다른 hash,동시/재시도 요청,409·기존 결과 보존·lost update 0,후행 요청 덮어씀,Java25·적용 DB/Provider/Browser/Process 환경,Local/Remote·single/multi-instance 중 적용,source SHA·command·environment·start/end·exit code·pre/post state·report/artifact hash·sanitization,미검증,4aea798c913787e86341809e2cef2b9495cbf7ba,,R3 최신 exact SHA 재실행 대기,연결 Requirement의 지정 Phase에서 직접 실행,P02,Architecture Ownership·Public API/SPI/Internal 경계,02-00000004,P02-ARCH-ARCH-MISSION,P01,CPF-GATE-02
CPF-SC-000005,CPF-FR-000001,ARCH-MISSION,P0,ARCH,DUPLICATE,[ARCH-MISSION] 중복 요청,Architecture Owner,최신 exact SHA; 같은 operationId,동일/상이 payload,동시·순차 중복,"동일 replay, 다른 payload conflict",side effect 2회,Java25·적용 DB/Provider/Browser/Process 환경,Local/Remote·single/multi-instance 중 적용,source SHA·command·environment·start/end·exit code·pre/post state·report/artifact hash·sanitization,미검증,4aea798c913787e86341809e2cef2b9495cbf7ba,,R3 최신 exact SHA 재실행 대기,연결 Requirement의 지정 Phase에서 직접 실행,P02,Architecture Ownership·Public API/SPI/Internal 경계,02-00000005,P02-ARCH-ARCH-MISSION,P01,CPF-GATE-02
CPF-SC-000006,CPF-FR-000001,ARCH-MISSION,P0,ARCH,TIMEOUT_PRE,[ARCH-MISSION] Side effect 전 Timeout,Architecture Owner,최신 exact SHA; dependency delay,connect/header timeout,timeout 주입,retryable failure·side effect 0,UNKNOWN/성공 오인,Java25·적용 DB/Provider/Browser/Process 환경,Local/Remote·single/multi-instance 중 적용,source SHA·command·environment·start/end·exit code·pre/post state·report/artifact hash·sanitization,미검증,4aea798c913787e86341809e2cef2b9495cbf7ba,,R3 최신 exact SHA 재실행 대기,연결 Requirement의 지정 Phase에서 직접 실행,P02,Architecture Ownership·Public API/SPI/Internal 경계,02-00000006,P02-ARCH-ARCH-MISSION,P01,CPF-GATE-02
CPF-SC-000007,CPF-FR-000001,ARCH-MISSION,P0,ARCH,RESPONSE_LOSS,[ARCH-MISSION] Side effect 후 응답 유실,Architecture Owner,최신 exact SHA; Owner commit,commit 후 reset,응답 차단,UNKNOWN·blind retry 금지·reconcile,자동 실패/무조건 retry,Java25·적용 DB/Provider/Browser/Process 환경,Local/Remote·single/multi-instance 중 적용,source SHA·command·environment·start/end·exit code·pre/post state·report/artifact hash·sanitization,미검증,4aea798c913787e86341809e2cef2b9495cbf7ba,,R3 최신 exact SHA 재실행 대기,연결 Requirement의 지정 Phase에서 직접 실행,P02,Architecture Ownership·Public API/SPI/Internal 경계,02-00000007,P02-ARCH-ARCH-MISSION,P01,CPF-GATE-02
CPF-SC-000008,CPF-FR-000001,ARCH-MISSION,P0,ARCH,PARTIAL,[ARCH-MISSION] 부분 실패,Architecture Owner,최신 exact SHA; 다중 대상/항목,일부 target failure,group 실행,개별 성공/실패/unknown 보존,전체 성공/실패로 축약,Java25·적용 DB/Provider/Browser/Process 환경,Local/Remote·single/multi-instance 중 적용,source SHA·command·environment·start/end·exit code·pre/post state·report/artifact hash·sanitization,미검증,4aea798c913787e86341809e2cef2b9495cbf7ba,,R3 최신 exact SHA 재실행 대기,연결 Requirement의 지정 Phase에서 직접 실행,P02,Architecture Ownership·Public API/SPI/Internal 경계,02-00000008,P02-ARCH-ARCH-MISSION,P01,CPF-GATE-02
CPF-SC-000009,CPF-FR-000001,ARCH-MISSION,P0,ARCH,PROCESS_KILL,[ARCH-MISSION] Process Kill·Restart,Architecture Owner,최신 exact SHA; durable state,worker kill,claim/apply 후 종료·재기동,lease 회수·stale fencing·복구,고아 상태·중복,Java25·적용 DB/Provider/Browser/Process 환경,Local/Remote·single/multi-instance 중 적용,source SHA·command·environment·start/end·exit code·pre/post state·report/artifact hash·sanitization,미검증,4aea798c913787e86341809e2cef2b9495cbf7ba,,R3 최신 exact SHA 재실행 대기,연결 Requirement의 지정 Phase에서 직접 실행,P02,Architecture Ownership·Public API/SPI/Internal 경계,02-00000009,P02-ARCH-ARCH-MISSION,P01,CPF-GATE-02
CPF-SC-000010,CPF-FR-000001,ARCH-MISSION,P0,ARCH,MULTI_INSTANCE,[ARCH-MISSION] 다중 Instance,Architecture Owner,최신 exact SHA; 2개 이상,공유 DB/queue,동시 처리·failover·rejoin,version/state 일치·중복 0,local state 의존,Java25·적용 DB/Provider/Browser/Process 환경,Local/Remote·single/multi-instance 중 적용,source SHA·command·environment·start/end·exit code·pre/post state·report/artifact hash·sanitization,미검증,4aea798c913787e86341809e2cef2b9495cbf7ba,,R3 최신 exact SHA 재실행 대기,연결 Requirement의 지정 Phase에서 직접 실행,P02,Architecture Ownership·Public API/SPI/Internal 경계,02-00000010,P02-ARCH-ARCH-MISSION,P01,CPF-GATE-02
CPF-SC-000011,CPF-FR-000001,ARCH-MISSION,P0,ARCH,ROLLBACK,[ARCH-MISSION] Rollback/Forward Recovery,Architecture Owner,최신 exact SHA; 변경 전 snapshot,적용 후 결함,rollback/forward fix,데이터 보존·actual 일치·audit,부분 rollback·drift,Java25·적용 DB/Provider/Browser/Process 환경,Local/Remote·single/multi-instance 중 적용,source SHA·command·environment·start/end·exit code·pre/post state·report/artifact hash·sanitization,미검증,4aea798c913787e86341809e2cef2b9495cbf7ba,,R3 최신 exact SHA 재실행 대기,연결 Requirement의 지정 Phase에서 직접 실행,P02,Architecture Ownership·Public API/SPI/Internal 경계,02-00000011,P02-ARCH-ARCH-MISSION,P01,CPF-GATE-02
CPF-SC-000012,CPF-FR-000001,ARCH-MISSION,P0,ARCH,SECURITY_LEAK,[ARCH-MISSION] 민감정보 누출,Architecture Owner,최신 exact SHA; PII/Secret fixture,오류·Log·UI·Download,정상/실패 실행,원문 0 또는 승인 범위,Log/DOM/Storage/Evidence 원문,Java25·적용 DB/Provider/Browser/Process 환경,Local/Remote·single/multi-instance 중 적용,source SHA·command·environment·start/end·exit code·pre/post state·report/artifact hash·sanitization,미검증,4aea798c913787e86341809e2cef2b9495cbf7ba,,R3 최신 exact SHA 재실행 대기,연결 Requirement의 지정 Phase에서 직접 실행,P02,Architecture Ownership·Public API/SPI/Internal 경계,02-00000012,P02-ARCH-ARCH-MISSION,P01,CPF-GATE-02
CPF-SC-000013,CPF-FR-000062,ARCH-MSA,P0,ARCH,POSITIVE,[ARCH-MSA] 정상 수직 흐름,Architecture Owner,최신 exact SHA; 유효 입력과 권한,정상 데이터,요청→검증→처리→저장/전달→응답→감사,정상 상태·side effect·tracking 일치,Mock-only 또는 Consumer 미호출,Java25·적용 DB/Provider/Browser/Process 환경,Local/Remote·single/multi-instance 중 적용,source SHA·command·environment·start/end·exit code·pre/post state·report/artifact hash·sanitization,미검증,4aea798c913787e86341809e2cef2b9495cbf7ba,,R3 최신 exact SHA 재실행 대기,연결 Requirement의 지정 Phase에서 직접 실행,P02,Architecture Ownership·Public API/SPI/Internal 경계,02-00000013,P02-ARCH-ARCH-MSA,P01,CPF-GATE-02
CPF-SC-000014,CPF-FR-000062,ARCH-MSA,P0,ARCH,INVALID,[ARCH-MSA] 입력·경계 오류,Architecture Owner,최신 exact SHA; 유효 Session,invalid/empty/oversize/unknown enum,각 invalid 제출,표준 field/path 오류·side effect 0,500/raw exception/부분 저장,Java25·적용 DB/Provider/Browser/Process 환경,Local/Remote·single/multi-instance 중 적용,source SHA·command·environment·start/end·exit code·pre/post state·report/artifact hash·sanitization,미검증,4aea798c913787e86341809e2cef2b9495cbf7ba,,R3 최신 exact SHA 재실행 대기,연결 Requirement의 지정 Phase에서 직접 실행,P02,Architecture Ownership·Public API/SPI/Internal 경계,02-00000014,P02-ARCH-ARCH-MSA,P01,CPF-GATE-02
CPF-SC-000015,CPF-FR-000062,ARCH-MSA,P0,ARCH,UNAUTHORIZED,[ARCH-MSA] 미인증·권한 부족,Architecture Owner,최신 exact SHA; 권한 없는 principal,401/403 대상,UI 직접 URL/API/Method 호출,Server 거부·Audit·민감정보 0,버튼만 숨김/default allow,Java25·적용 DB/Provider/Browser/Process 환경,Local/Remote·single/multi-instance 중 적용,source SHA·command·environment·start/end·exit code·pre/post state·report/artifact hash·sanitization,미검증,4aea798c913787e86341809e2cef2b9495cbf7ba,,R3 최신 exact SHA 재실행 대기,연결 Requirement의 지정 Phase에서 직접 실행,P02,Architecture Ownership·Public API/SPI/Internal 경계,02-00000015,P02-ARCH-ARCH-MSA,P01,CPF-GATE-02
CPF-SC-000016,CPF-FR-000062,ARCH-MSA,P0,ARCH,CONFLICT,[ARCH-MSA] Version·Hash 충돌,Architecture Owner,최신 exact SHA; 기존 version,stale expectedVersion/다른 hash,동시/재시도 요청,409·기존 결과 보존·lost update 0,후행 요청 덮어씀,Java25·적용 DB/Provider/Browser/Process 환경,Local/Remote·single/multi-instance 중 적용,source SHA·command·environment·start/end·exit code·pre/post state·report/artifact hash·sanitization,미검증,4aea798c913787e86341809e2cef2b9495cbf7ba,,R3 최신 exact SHA 재실행 대기,연결 Requirement의 지정 Phase에서 직접 실행,P02,Architecture Ownership·Public API/SPI/Internal 경계,02-00000016,P02-ARCH-ARCH-MSA,P01,CPF-GATE-02
CPF-SC-000017,CPF-FR-000062,ARCH-MSA,P0,ARCH,DUPLICATE,[ARCH-MSA] 중복 요청,Architecture Owner,최신 exact SHA; 같은 operationId,동일/상이 payload,동시·순차 중복,"동일 replay, 다른 payload conflict",side effect 2회,Java25·적용 DB/Provider/Browser/Process 환경,Local/Remote·single/multi-instance 중 적용,source SHA·command·environment·start/end·exit code·pre/post state·report/artifact hash·sanitization,미검증,4aea798c913787e86341809e2cef2b9495cbf7ba,,R3 최신 exact SHA 재실행 대기,연결 Requirement의 지정 Phase에서 직접 실행,P02,Architecture Ownership·Public API/SPI/Internal 경계,02-00000017,P02-ARCH-ARCH-MSA,P01,CPF-GATE-02
CPF-SC-000018,CPF-FR-000062,ARCH-MSA,P0,ARCH,TIMEOUT_PRE,[ARCH-MSA] Side effect 전 Timeout,Architecture Owner,최신 exact SHA; dependency delay,connect/header timeout,timeout 주입,retryable failure·side effect 0,UNKNOWN/성공 오인,Java25·적용 DB/Provider/Browser/Process 환경,Local/Remote·single/multi-instance 중 적용,source SHA·command·environment·start/end·exit code·pre/post state·report/artifact hash·sanitization,미검증,4aea798c913787e86341809e2cef2b9495cbf7ba,,R3 최신 exact SHA 재실행 대기,연결 Requirement의 지정 Phase에서 직접 실행,P02,Architecture Ownership·Public API/SPI/Internal 경계,02-00000018,P02-ARCH-ARCH-MSA,P01,CPF-GATE-02
CPF-SC-000019,CPF-FR-000062,ARCH-MSA,P0,ARCH,RESPONSE_LOSS,[ARCH-MSA] Side effect 후 응답 유실,Architecture Owner,최신 exact SHA; Owner commit,commit 후 reset,응답 차단,UNKNOWN·blind retry 금지·reconcile,자동 실패/무조건 retry,Java25·적용 DB/Provider/Browser/Process 환경,Local/Remote·single/multi-instance 중 적용,source SHA·command·environment·start/end·exit code·pre/post state·report/artifact hash·sanitization,미검증,4aea798c913787e86341809e2cef2b9495cbf7ba,,R3 최신 exact SHA 재실행 대기,연결 Requirement의 지정 Phase에서 직접 실행,P02,Architecture Ownership·Public API/SPI/Internal 경계,02-00000019,P02-ARCH-ARCH-MSA,P01,CPF-GATE-02
CPF-SC-000020,CPF-FR-000062,ARCH-MSA,P0,ARCH,PARTIAL,[ARCH-MSA] 부분 실패,Architecture Owner,최신 exact SHA; 다중 대상/항목,일부 target failure,group 실행,개별 성공/실패/unknown 보존,전체 성공/실패로 축약,Java25·적용 DB/Provider/Browser/Process 환경,Local/Remote·single/multi-instance 중 적용,source SHA·command·environment·start/end·exit code·pre/post state·report/artifact hash·sanitization,미검증,4aea798c913787e86341809e2cef2b9495cbf7ba,,R3 최신 exact SHA 재실행 대기,연결 Requirement의 지정 Phase에서 직접 실행,P02,Architecture Ownership·Public API/SPI/Internal 경계,02-00000020,P02-ARCH-ARCH-MSA,P01,CPF-GATE-02
CPF-SC-000021,CPF-FR-000062,ARCH-MSA,P0,ARCH,PROCESS_KILL,[ARCH-MSA] Process Kill·Restart,Architecture Owner,최신 exact SHA; durable state,worker kill,claim/apply 후 종료·재기동,lease 회수·stale fencing·복구,고아 상태·중복,Java25·적용 DB/Provider/Browser/Process 환경,Local/Remote·single/multi-instance 중 적용,source SHA·command·environment·start/end·exit code·pre/post state·report/artifact hash·sanitization,미검증,4aea798c913787e86341809e2cef2b9495cbf7ba,,R3 최신 exact SHA 재실행 대기,연결 Requirement의 지정 Phase에서 직접 실행,P02,Architecture Ownership·Public API/SPI/Internal 경계,02-00000021,P02-ARCH-ARCH-MSA,P01,CPF-GATE-02
CPF-SC-000022,CPF-FR-000062,ARCH-MSA,P0,ARCH,MULTI_INSTANCE,[ARCH-MSA] 다중 Instance,Architecture Owner,최신 exact SHA; 2개 이상,공유 DB/queue,동시 처리·failover·rejoin,version/state 일치·중복 0,local state 의존,Java25·적용 DB/Provider/Browser/Process 환경,Local/Remote·single/multi-instance 중 적용,source SHA·command·environment·start/end·exit code·pre/post state·report/artifact hash·sanitization,미검증,4aea798c913787e86341809e2cef2b9495cbf7ba,,R3 최신 exact SHA 재실행 대기,연결 Requirement의 지정 Phase에서 직접 실행,P02,Architecture Ownership·Public API/SPI/Internal 경계,02-00000022,P02-ARCH-ARCH-MSA,P01,CPF-GATE-02
CPF-SC-000023,CPF-FR-000062,ARCH-MSA,P0,ARCH,ROLLBACK,[ARCH-MSA] Rollback/Forward Recovery,Architecture Owner,최신 exact SHA; 변경 전 snapshot,적용 후 결함,rollback/forward fix,데이터 보존·actual 일치·audit,부분 rollback·drift,Java25·적용 DB/Provider/Browser/Process 환경,Local/Remote·single/multi-instance 중 적용,source SHA·command·environment·start/end·exit code·pre/post state·report/artifact hash·sanitization,미검증,4aea798c913787e86341809e2cef2b9495cbf7ba,,R3 최신 exact SHA 재실행 대기,연결 Requirement의 지정 Phase에서 직접 실행,P02,Architecture Ownership·Public API/SPI/Internal 경계,02-00000023,P02-ARCH-ARCH-MSA,P01,CPF-GATE-02
CPF-SC-000024,CPF-FR-000062,ARCH-MSA,P0,ARCH,SECURITY_LEAK,[ARCH-MSA] 민감정보 누출,Architecture Owner,최신 exact SHA; PII/Secret fixture,오류·Log·UI·Download,정상/실패 실행,원문 0 또는 승인 범위,Log/DOM/Storage/Evidence 원문,Java25·적용 DB/Provider/Browser/Process 환경,Local/Remote·single/multi-instance 중 적용,source SHA·command·environment·start/end·exit code·pre/post state·report/artifact hash·sanitization,미검증,4aea798c913787e86341809e2cef2b9495cbf7ba,,R3 최신 exact SHA 재실행 대기,연결 Requirement의 지정 Phase에서 직접 실행,P02,Architecture Ownership·Public API/SPI/Internal 경계,02-00000024,P02-ARCH-ARCH-MSA,P01,CPF-GATE-02
CPF-SC-000025,CPF-FR-000123,ARCH-BOUNDARY,P0,ARCH,POSITIVE,[ARCH-BOUNDARY] 정상 수직 흐름,Architecture Owner,최신 exact SHA; 유효 입력과 권한,정상 데이터,요청→검증→처리→저장/전달→응답→감사,정상 상태·side effect·tracking 일치,Mock-only 또는 Consumer 미호출,Java25·적용 DB/Provider/Browser/Process 환경,Local/Remote·single/multi-instance 중 적용,source SHA·command·environment·start/end·exit code·pre/post state·report/artifact hash·sanitization,미검증,4aea798c913787e86341809e2cef2b9495cbf7ba,,R3 최신 exact SHA 재실행 대기,연결 Requirement의 지정 Phase에서 직접 실행,P02,Architecture Ownership·Public API/SPI/Internal 경계,02-00000025,P02-ARCH-ARCH-BOUNDARY,P01,CPF-GATE-02
CPF-SC-000026,CPF-FR-000123,ARCH-BOUNDARY,P0,ARCH,INVALID,[ARCH-BOUNDARY] 입력·경계 오류,Architecture Owner,최신 exact SHA; 유효 Session,invalid/empty/oversize/unknown enum,각 invalid 제출,표준 field/path 오류·side effect 0,500/raw exception/부분 저장,Java25·적용 DB/Provider/Browser/Process 환경,Local/Remote·single/multi-instance 중 적용,source SHA·command·environment·start/end·exit code·pre/post state·report/artifact hash·sanitization,미검증,4aea798c913787e86341809e2cef2b9495cbf7ba,,R3 최신 exact SHA 재실행 대기,연결 Requirement의 지정 Phase에서 직접 실행,P02,Architecture Ownership·Public API/SPI/Internal 경계,02-00000026,P02-ARCH-ARCH-BOUNDARY,P01,CPF-GATE-02
CPF-SC-000027,CPF-FR-000123,ARCH-BOUNDARY,P0,ARCH,UNAUTHORIZED,[ARCH-BOUNDARY] 미인증·권한 부족,Architecture Owner,최신 exact SHA; 권한 없는 principal,401/403 대상,UI 직접 URL/API/Method 호출,Server 거부·Audit·민감정보 0,버튼만 숨김/default allow,Java25·적용 DB/Provider/Browser/Process 환경,Local/Remote·single/multi-instance 중 적용,source SHA·command·environment·start/end·exit code·pre/post state·report/artifact hash·sanitization,미검증,4aea798c913787e86341809e2cef2b9495cbf7ba,,R3 최신 exact SHA 재실행 대기,연결 Requirement의 지정 Phase에서 직접 실행,P02,Architecture Ownership·Public API/SPI/Internal 경계,02-00000027,P02-ARCH-ARCH-BOUNDARY,P01,CPF-GATE-02
CPF-SC-000028,CPF-FR-000123,ARCH-BOUNDARY,P0,ARCH,CONFLICT,[ARCH-BOUNDARY] Version·Hash 충돌,Architecture Owner,최신 exact SHA; 기존 version,stale expectedVersion/다른 hash,동시/재시도 요청,409·기존 결과 보존·lost update 0,후행 요청 덮어씀,Java25·적용 DB/Provider/Browser/Process 환경,Local/Remote·single/multi-instance 중 적용,source SHA·command·environment·start/end·exit code·pre/post state·report/artifact hash·sanitization,미검증,4aea798c913787e86341809e2cef2b9495cbf7ba,,R3 최신 exact SHA 재실행 대기,연결 Requirement의 지정 Phase에서 직접 실행,P02,Architecture Ownership·Public API/SPI/Internal 경계,02-00000028,P02-ARCH-ARCH-BOUNDARY,P01,CPF-GATE-02
CPF-SC-000029,CPF-FR-000123,ARCH-BOUNDARY,P0,ARCH,DUPLICATE,[ARCH-BOUNDARY] 중복 요청,Architecture Owner,최신 exact SHA; 같은 operationId,동일/상이 payload,동시·순차 중복,"동일 replay, 다른 payload conflict",side effect 2회,Java25·적용 DB/Provider/Browser/Process 환경,Local/Remote·single/multi-instance 중 적용,source SHA·command·environment·start/end·exit code·pre/post state·report/artifact hash·sanitization,미검증,4aea798c913787e86341809e2cef2b9495cbf7ba,,R3 최신 exact SHA 재실행 대기,연결 Requirement의 지정 Phase에서 직접 실행,P02,Architecture Ownership·Public API/SPI/Internal 경계,02-00000029,P02-ARCH-ARCH-BOUNDARY,P01,CPF-GATE-02
CPF-SC-000030,CPF-FR-000123,ARCH-BOUNDARY,P0,ARCH,TIMEOUT_PRE,[ARCH-BOUNDARY] Side effect 전 Timeout,Architecture Owner,최신 exact SHA; dependency delay,connect/header timeout,timeout 주입,retryable failure·side effect 0,UNKNOWN/성공 오인,Java25·적용 DB/Provider/Browser/Process 환경,Local/Remote·single/multi-instance 중 적용,source SHA·command·environment·start/end·exit code·pre/post state·report/artifact hash·sanitization,미검증,4aea798c913787e86341809e2cef2b9495cbf7ba,,R3 최신 exact SHA 재실행 대기,연결 Requirement의 지정 Phase에서 직접 실행,P02,Architecture Ownership·Public API/SPI/Internal 경계,02-00000030,P02-ARCH-ARCH-BOUNDARY,P01,CPF-GATE-02
CPF-SC-000031,CPF-FR-000123,ARCH-BOUNDARY,P0,ARCH,RESPONSE_LOSS,[ARCH-BOUNDARY] Side effect 후 응답 유실,Architecture Owner,최신 exact SHA; Owner commit,commit 후 reset,응답 차단,UNKNOWN·blind retry 금지·reconcile,자동 실패/무조건 retry,Java25·적용 DB/Provider/Browser/Process 환경,Local/Remote·single/multi-instance 중 적용,source SHA·command·environment·start/end·exit code·pre/post state·report/artifact hash·sanitization,미검증,4aea798c913787e86341809e2cef2b9495cbf7ba,,R3 최신 exact SHA 재실행 대기,연결 Requirement의 지정 Phase에서 직접 실행,P02,Architecture Ownership·Public API/SPI/Internal 경계,02-00000031,P02-ARCH-ARCH-BOUNDARY,P01,CPF-GATE-02
CPF-SC-000032,CPF-FR-000123,ARCH-BOUNDARY,P0,ARCH,PARTIAL,[ARCH-BOUNDARY] 부분 실패,Architecture Owner,최신 exact SHA; 다중 대상/항목,일부 target failure,group 실행,개별 성공/실패/unknown 보존,전체 성공/실패로 축약,Java25·적용 DB/Provider/Browser/Process 환경,Local/Remote·single/multi-instance 중 적용,source SHA·command·environment·start/end·exit code·pre/post state·report/artifact hash·sanitization,미검증,4aea798c913787e86341809e2cef2b9495cbf7ba,,R3 최신 exact SHA 재실행 대기,연결 Requirement의 지정 Phase에서 직접 실행,P02,Architecture Ownership·Public API/SPI/Internal 경계,02-00000032,P02-ARCH-ARCH-BOUNDARY,P01,CPF-GATE-02
CPF-SC-000033,CPF-FR-000123,ARCH-BOUNDARY,P0,ARCH,PROCESS_KILL,[ARCH-BOUNDARY] Process Kill·Restart,Architecture Owner,최신 exact SHA; durable state,worker kill,claim/apply 후 종료·재기동,lease 회수·stale fencing·복구,고아 상태·중복,Java25·적용 DB/Provider/Browser/Process 환경,Local/Remote·single/multi-instance 중 적용,source SHA·command·environment·start/end·exit code·pre/post state·report/artifact hash·sanitization,미검증,4aea798c913787e86341809e2cef2b9495cbf7ba,,R3 최신 exact SHA 재실행 대기,연결 Requirement의 지정 Phase에서 직접 실행,P02,Architecture Ownership·Public API/SPI/Internal 경계,02-00000033,P02-ARCH-ARCH-BOUNDARY,P01,CPF-GATE-02
CPF-SC-000034,CPF-FR-000123,ARCH-BOUNDARY,P0,ARCH,MULTI_INSTANCE,[ARCH-BOUNDARY] 다중 Instance,Architecture Owner,최신 exact SHA; 2개 이상,공유 DB/queue,동시 처리·failover·rejoin,version/state 일치·중복 0,local state 의존,Java25·적용 DB/Provider/Browser/Process 환경,Local/Remote·single/multi-instance 중 적용,source SHA·command·environment·start/end·exit code·pre/post state·report/artifact hash·sanitization,미검증,4aea798c913787e86341809e2cef2b9495cbf7ba,,R3 최신 exact SHA 재실행 대기,연결 Requirement의 지정 Phase에서 직접 실행,P02,Architecture Ownership·Public API/SPI/Internal 경계,02-00000034,P02-ARCH-ARCH-BOUNDARY,P01,CPF-GATE-02
CPF-SC-000035,CPF-FR-000123,ARCH-BOUNDARY,P0,ARCH,ROLLBACK,[ARCH-BOUNDARY] Rollback/Forward Recovery,Architecture Owner,최신 exact SHA; 변경 전 snapshot,적용 후 결함,rollback/forward fix,데이터 보존·actual 일치·audit,부분 rollback·drift,Java25·적용 DB/Provider/Browser/Process 환경,Local/Remote·single/multi-instance 중 적용,source SHA·command·environment·start/end·exit code·pre/post state·report/artifact hash·sanitization,미검증,4aea798c913787e86341809e2cef2b9495cbf7ba,,R3 최신 exact SHA 재실행 대기,연결 Requirement의 지정 Phase에서 직접 실행,P02,Architecture Ownership·Public API/SPI/Internal 경계,02-00000035,P02-ARCH-ARCH-BOUNDARY,P01,CPF-GATE-02
CPF-SC-000036,CPF-FR-000123,ARCH-BOUNDARY,P0,ARCH,SECURITY_LEAK,[ARCH-BOUNDARY] 민감정보 누출,Architecture Owner,최신 exact SHA; PII/Secret fixture,오류·Log·UI·Download,정상/실패 실행,원문 0 또는 승인 범위,Log/DOM/Storage/Evidence 원문,Java25·적용 DB/Provider/Browser/Process 환경,Local/Remote·single/multi-instance 중 적용,source SHA·command·environment·start/end·exit code·pre/post state·report/artifact hash·sanitization,미검증,4aea798c913787e86341809e2cef2b9495cbf7ba,,R3 최신 exact SHA 재실행 대기,연결 Requirement의 지정 Phase에서 직접 실행,P02,Architecture Ownership·Public API/SPI/Internal 경계,02-00000036,P02-ARCH-ARCH-BOUNDARY,P01,CPF-GATE-02
CPF-SC-000037,CPF-FR-000184,ARCH-LAYER,P0,ARCH,POSITIVE,[ARCH-LAYER] 정상 수직 흐름,Architecture Owner,최신 exact SHA; 유효 입력과 권한,정상 데이터,요청→검증→처리→저장/전달→응답→감사,정상 상태·side effect·tracking 일치,Mock-only 또는 Consumer 미호출,Java25·적용 DB/Provider/Browser/Process 환경,Local/Remote·single/multi-instance 중 적용,source SHA·command·environment·start/end·exit code·pre/post state·report/artifact hash·sanitization,미검증,4aea798c913787e86341809e2cef2b9495cbf7ba,,R3 최신 exact SHA 재실행 대기,연결 Requirement의 지정 Phase에서 직접 실행,P02,Architecture Ownership·Public API/SPI/Internal 경계,02-00000037,P02-ARCH-ARCH-LAYER,P01,CPF-GATE-02
CPF-SC-000038,CPF-FR-000184,ARCH-LAYER,P0,ARCH,INVALID,[ARCH-LAYER] 입력·경계 오류,Architecture Owner,최신 exact SHA; 유효 Session,invalid/empty/oversize/unknown enum,각 invalid 제출,표준 field/path 오류·side effect 0,500/raw exception/부분 저장,Java25·적용 DB/Provider/Browser/Process 환경,Local/Remote·single/multi-instance 중 적용,source SHA·command·environment·start/end·exit code·pre/post state·report/artifact hash·sanitization,미검증,4aea798c913787e86341809e2cef2b9495cbf7ba,,R3 최신 exact SHA 재실행 대기,연결 Requirement의 지정 Phase에서 직접 실행,P02,Architecture Ownership·Public API/SPI/Internal 경계,02-00000038,P02-ARCH-ARCH-LAYER,P01,CPF-GATE-02
CPF-SC-000039,CPF-FR-000184,ARCH-LAYER,P0,ARCH,UNAUTHORIZED,[ARCH-LAYER] 미인증·권한 부족,Architecture Owner,최신 exact SHA; 권한 없는 principal,401/403 대상,UI 직접 URL/API/Method 호출,Server 거부·Audit·민감정보 0,버튼만 숨김/default allow,Java25·적용 DB/Provider/Browser/Process 환경,Local/Remote·single/multi-instance 중 적용,source SHA·command·environment·start/end·exit code·pre/post state·report/artifact hash·sanitization,미검증,4aea798c913787e86341809e2cef2b9495cbf7ba,,R3 최신 exact SHA 재실행 대기,연결 Requirement의 지정 Phase에서 직접 실행,P02,Architecture Ownership·Public API/SPI/Internal 경계,02-00000039,P02-ARCH-ARCH-LAYER,P01,CPF-GATE-02
CPF-SC-000040,CPF-FR-000184,ARCH-LAYER,P0,ARCH,CONFLICT,[ARCH-LAYER] Version·Hash 충돌,Architecture Owner,최신 exact SHA; 기존 version,stale expectedVersion/다른 hash,동시/재시도 요청,409·기존 결과 보존·lost update 0,후행 요청 덮어씀,Java25·적용 DB/Provider/Browser/Process 환경,Local/Remote·single/multi-instance 중 적용,source SHA·command·environment·start/end·exit code·pre/post state·report/artifact hash·sanitization,미검증,4aea798c913787e86341809e2cef2b9495cbf7ba,,R3 최신 exact SHA 재실행 대기,연결 Requirement의 지정 Phase에서 직접 실행,P02,Architecture Ownership·Public API/SPI/Internal 경계,02-00000040,P02-ARCH-ARCH-LAYER,P01,CPF-GATE-02
CPF-SC-000041,CPF-FR-000184,ARCH-LAYER,P0,ARCH,DUPLICATE,[ARCH-LAYER] 중복 요청,Architecture Owner,최신 exact SHA; 같은 operationId,동일/상이 payload,동시·순차 중복,"동일 replay, 다른 payload conflict",side effect 2회,Java25·적용 DB/Provider/Browser/Process 환경,Local/Remote·single/multi-instance 중 적용,source SHA·command·environment·start/end·exit code·pre/post state·report/artifact hash·sanitization,미검증,4aea798c913787e86341809e2cef2b9495cbf7ba,,R3 최신 exact SHA 재실행 대기,연결 Requirement의 지정 Phase에서 직접 실행,P02,Architecture Ownership·Public API/SPI/Internal 경계,02-00000041,P02-ARCH-ARCH-LAYER,P01,CPF-GATE-02
CPF-SC-000042,CPF-FR-000184,ARCH-LAYER,P0,ARCH,TIMEOUT_PRE,[ARCH-LAYER] Side effect 전 Timeout,Architecture Owner,최신 exact SHA; dependency delay,connect/header timeout,timeout 주입,retryable failure·side effect 0,UNKNOWN/성공 오인,Java25·적용 DB/Provider/Browser/Process 환경,Local/Remote·single/multi-instance 중 적용,source SHA·command·environment·start/end·exit code·pre/post state·report/artifact hash·sanitization,미검증,4aea798c913787e86341809e2cef2b9495cbf7ba,,R3 최신 exact SHA 재실행 대기,연결 Requirement의 지정 Phase에서 직접 실행,P02,Architecture Ownership·Public API/SPI/Internal 경계,02-00000042,P02-ARCH-ARCH-LAYER,P01,CPF-GATE-02
CPF-SC-000043,CPF-FR-000184,ARCH-LAYER,P0,ARCH,RESPONSE_LOSS,[ARCH-LAYER] Side effect 후 응답 유실,Architecture Owner,최신 exact SHA; Owner commit,commit 후 reset,응답 차단,UNKNOWN·blind retry 금지·reconcile,자동 실패/무조건 retry,Java25·적용 DB/Provider/Browser/Process 환경,Local/Remote·single/multi-instance 중 적용,source SHA·command·environment·start/end·exit code·pre/post state·report/artifact hash·sanitization,미검증,4aea798c913787e86341809e2cef2b9495cbf7ba,,R3 최신 exact SHA 재실행 대기,연결 Requirement의 지정 Phase에서 직접 실행,P02,Architecture Ownership·Public API/SPI/Internal 경계,02-00000043,P02-ARCH-ARCH-LAYER,P01,CPF-GATE-02
CPF-SC-000044,CPF-FR-000184,ARCH-LAYER,P0,ARCH,PARTIAL,[ARCH-LAYER] 부분 실패,Architecture Owner,최신 exact SHA; 다중 대상/항목,일부 target failure,group 실행,개별 성공/실패/unknown 보존,전체 성공/실패로 축약,Java25·적용 DB/Provider/Browser/Process 환경,Local/Remote·single/multi-instance 중 적용,source SHA·command·environment·start/end·exit code·pre/post state·report/artifact hash·sanitization,미검증,4aea798c913787e86341809e2cef2b9495cbf7ba,,R3 최신 exact SHA 재실행 대기,연결 Requirement의 지정 Phase에서 직접 실행,P02,Architecture Ownership·Public API/SPI/Internal 경계,02-00000044,P02-ARCH-ARCH-LAYER,P01,CPF-GATE-02
CPF-SC-000045,CPF-FR-000184,ARCH-LAYER,P0,ARCH,PROCESS_KILL,[ARCH-LAYER] Process Kill·Restart,Architecture Owner,최신 exact SHA; durable state,worker kill,claim/apply 후 종료·재기동,lease 회수·stale fencing·복구,고아 상태·중복,Java25·적용 DB/Provider/Browser/Process 환경,Local/Remote·single/multi-instance 중 적용,source SHA·command·environment·start/end·exit code·pre/post state·report/artifact hash·sanitization,미검증,4aea798c913787e86341809e2cef2b9495cbf7ba,,R3 최신 exact SHA 재실행 대기,연결 Requirement의 지정 Phase에서 직접 실행,P02,Architecture Ownership·Public API/SPI/Internal 경계,02-00000045,P02-ARCH-ARCH-LAYER,P01,CPF-GATE-02
CPF-SC-000046,CPF-FR-000184,ARCH-LAYER,P0,ARCH,MULTI_INSTANCE,[ARCH-LAYER] 다중 Instance,Architecture Owner,최신 exact SHA; 2개 이상,공유 DB/queue,동시 처리·failover·rejoin,version/state 일치·중복 0,local state 의존,Java25·적용 DB/Provider/Browser/Process 환경,Local/Remote·single/multi-instance 중 적용,source SHA·command·environment·start/end·exit code·pre/post state·report/artifact hash·sanitization,미검증,4aea798c913787e86341809e2cef2b9495cbf7ba,,R3 최신 exact SHA 재실행 대기,연결 Requirement의 지정 Phase에서 직접 실행,P02,Architecture Ownership·Public API/SPI/Internal 경계,02-00000046,P02-ARCH-ARCH-LAYER,P01,CPF-GATE-02
CPF-SC-000047,CPF-FR-000184,ARCH-LAYER,P0,ARCH,ROLLBACK,[ARCH-LAYER] Rollback/Forward Recovery,Architecture Owner,최신 exact SHA; 변경 전 snapshot,적용 후 결함,rollback/forward fix,데이터 보존·actual 일치·audit,부분 rollback·drift,Java25·적용 DB/Provider/Browser/Process 환경,Local/Remote·single/multi-instance 중 적용,source SHA·command·environment·start/end·exit code·pre/post state·report/artifact hash·sanitization,미검증,4aea798c913787e86341809e2cef2b9495cbf7ba,,R3 최신 exact SHA 재실행 대기,연결 Requirement의 지정 Phase에서 직접 실행,P02,Architecture Ownership·Public API/SPI/Internal 경계,02-00000047,P02-ARCH-ARCH-LAYER,P01,CPF-GATE-02
CPF-SC-000048,CPF-FR-000184,ARCH-LAYER,P0,ARCH,SECURITY_LEAK,[ARCH-LAYER] 민감정보 누출,Architecture Owner,최신 exact SHA; PII/Secret fixture,오류·Log·UI·Download,정상/실패 실행,원문 0 또는 승인 범위,Log/DOM/Storage/Evidence 원문,Java25·적용 DB/Provider/Browser/Process 환경,Local/Remote·single/multi-instance 중 적용,source SHA·command·environment·start/end·exit code·pre/post state·report/artifact hash·sanitization,미검증,4aea798c913787e86341809e2cef2b9495cbf7ba,,R3 최신 exact SHA 재실행 대기,연결 Requirement의 지정 Phase에서 직접 실행,P02,Architecture Ownership·Public API/SPI/Internal 경계,02-00000048,P02-ARCH-ARCH-LAYER,P01,CPF-GATE-02
CPF-SC-000049,CPF-FR-000245,CORE-API,P0,CORE,POSITIVE,[CORE-API] 정상 수직 흐름,CPF Framework 개발자,최신 exact SHA; 유효 입력과 권한,정상 데이터,요청→검증→처리→저장/전달→응답→감사,정상 상태·side effect·tracking 일치,Mock-only 또는 Consumer 미호출,Java25·적용 DB/Provider/Browser/Process 환경,Local/Remote·single/multi-instance 중 적용,source SHA·command·environment·start/end·exit code·pre/post state·report/artifact hash·sanitization,미검증,4aea798c913787e86341809e2cef2b9495cbf7ba,,R3 최신 exact SHA 재실행 대기,연결 Requirement의 지정 Phase에서 직접 실행,P03,공통 계약·표준 타입·보안·오류·Context,03-00000049,P03-CORE-CORE-API,P02,CPF-GATE-03
CPF-SC-000050,CPF-FR-000245,CORE-API,P0,CORE,INVALID,[CORE-API] 입력·경계 오류,CPF Framework 개발자,최신 exact SHA; 유효 Session,invalid/empty/oversize/unknown enum,각 invalid 제출,표준 field/path 오류·side effect 0,500/raw exception/부분 저장,Java25·적용 DB/Provider/Browser/Process 환경,Local/Remote·single/multi-instance 중 적용,source SHA·command·environment·start/end·exit code·pre/post state·report/artifact hash·sanitization,미검증,4aea798c913787e86341809e2cef2b9495cbf7ba,,R3 최신 exact SHA 재실행 대기,연결 Requirement의 지정 Phase에서 직접 실행,P03,공통 계약·표준 타입·보안·오류·Context,03-00000050,P03-CORE-CORE-API,P02,CPF-GATE-03
CPF-SC-000051,CPF-FR-000245,CORE-API,P0,CORE,UNAUTHORIZED,[CORE-API] 미인증·권한 부족,CPF Framework 개발자,최신 exact SHA; 권한 없는 principal,401/403 대상,UI 직접 URL/API/Method 호출,Server 거부·Audit·민감정보 0,버튼만 숨김/default allow,Java25·적용 DB/Provider/Browser/Process 환경,Local/Remote·single/multi-instance 중 적용,source SHA·command·environment·start/end·exit code·pre/post state·report/artifact hash·sanitization,미검증,4aea798c913787e86341809e2cef2b9495cbf7ba,,R3 최신 exact SHA 재실행 대기,연결 Requirement의 지정 Phase에서 직접 실행,P03,공통 계약·표준 타입·보안·오류·Context,03-00000051,P03-CORE-CORE-API,P02,CPF-GATE-03
CPF-SC-000052,CPF-FR-000245,CORE-API,P0,CORE,CONFLICT,[CORE-API] Version·Hash 충돌,CPF Framework 개발자,최신 exact SHA; 기존 version,stale expectedVersion/다른 hash,동시/재시도 요청,409·기존 결과 보존·lost update 0,후행 요청 덮어씀,Java25·적용 DB/Provider/Browser/Process 환경,Local/Remote·single/multi-instance 중 적용,source SHA·command·environment·start/end·exit code·pre/post state·report/artifact hash·sanitization,미검증,4aea798c913787e86341809e2cef2b9495cbf7ba,,R3 최신 exact SHA 재실행 대기,연결 Requirement의 지정 Phase에서 직접 실행,P03,공통 계약·표준 타입·보안·오류·Context,03-00000052,P03-CORE-CORE-API,P02,CPF-GATE-03
CPF-SC-000053,CPF-FR-000245,CORE-API,P0,CORE,DUPLICATE,[CORE-API] 중복 요청,CPF Framework 개발자,최신 exact SHA; 같은 operationId,동일/상이 payload,동시·순차 중복,"동일 replay, 다른 payload conflict",side effect 2회,Java25·적용 DB/Provider/Browser/Process 환경,Local/Remote·single/multi-instance 중 적용,source SHA·command·environment·start/end·exit code·pre/post state·report/artifact hash·sanitization,미검증,4aea798c913787e86341809e2cef2b9495cbf7ba,,R3 최신 exact SHA 재실행 대기,연결 Requirement의 지정 Phase에서 직접 실행,P03,공통 계약·표준 타입·보안·오류·Context,03-00000053,P03-CORE-CORE-API,P02,CPF-GATE-03
CPF-SC-000054,CPF-FR-000245,CORE-API,P0,CORE,TIMEOUT_PRE,[CORE-API] Side effect 전 Timeout,CPF Framework 개발자,최신 exact SHA; dependency delay,connect/header timeout,timeout 주입,retryable failure·side effect 0,UNKNOWN/성공 오인,Java25·적용 DB/Provider/Browser/Process 환경,Local/Remote·single/multi-instance 중 적용,source SHA·command·environment·start/end·exit code·pre/post state·report/artifact hash·sanitization,미검증,4aea798c913787e86341809e2cef2b9495cbf7ba,,R3 최신 exact SHA 재실행 대기,연결 Requirement의 지정 Phase에서 직접 실행,P03,공통 계약·표준 타입·보안·오류·Context,03-00000054,P03-CORE-CORE-API,P02,CPF-GATE-03
CPF-SC-000055,CPF-FR-000245,CORE-API,P0,CORE,RESPONSE_LOSS,[CORE-API] Side effect 후 응답 유실,CPF Framework 개발자,최신 exact SHA; Owner commit,commit 후 reset,응답 차단,UNKNOWN·blind retry 금지·reconcile,자동 실패/무조건 retry,Java25·적용 DB/Provider/Browser/Process 환경,Local/Remote·single/multi-instance 중 적용,source SHA·command·environment·start/end·exit code·pre/post state·report/artifact hash·sanitization,미검증,4aea798c913787e86341809e2cef2b9495cbf7ba,,R3 최신 exact SHA 재실행 대기,연결 Requirement의 지정 Phase에서 직접 실행,P03,공통 계약·표준 타입·보안·오류·Context,03-00000055,P03-CORE-CORE-API,P02,CPF-GATE-03
CPF-SC-000056,CPF-FR-000245,CORE-API,P0,CORE,PARTIAL,[CORE-API] 부분 실패,CPF Framework 개발자,최신 exact SHA; 다중 대상/항목,일부 target failure,group 실행,개별 성공/실패/unknown 보존,전체 성공/실패로 축약,Java25·적용 DB/Provider/Browser/Process 환경,Local/Remote·single/multi-instance 중 적용,source SHA·command·environment·start/end·exit code·pre/post state·report/artifact hash·sanitization,미검증,4aea798c913787e86341809e2cef2b9495cbf7ba,,R3 최신 exact SHA 재실행 대기,연결 Requirement의 지정 Phase에서 직접 실행,P03,공통 계약·표준 타입·보안·오류·Context,03-00000056,P03-CORE-CORE-API,P02,CPF-GATE-03
CPF-SC-000057,CPF-FR-000245,CORE-API,P0,CORE,PROCESS_KILL,[CORE-API] Process Kill·Restart,CPF Framework 개발자,최신 exact SHA; durable state,worker kill,claim/apply 후 종료·재기동,lease 회수·stale fencing·복구,고아 상태·중복,Java25·적용 DB/Provider/Browser/Process 환경,Local/Remote·single/multi-instance 중 적용,source SHA·command·environment·start/end·exit code·pre/post state·report/artifact hash·sanitization,미검증,4aea798c913787e86341809e2cef2b9495cbf7ba,,R3 최신 exact SHA 재실행 대기,연결 Requirement의 지정 Phase에서 직접 실행,P03,공통 계약·표준 타입·보안·오류·Context,03-00000057,P03-CORE-CORE-API,P02,CPF-GATE-03
CPF-SC-000058,CPF-FR-000245,CORE-API,P0,CORE,MULTI_INSTANCE,[CORE-API] 다중 Instance,CPF Framework 개발자,최신 exact SHA; 2개 이상,공유 DB/queue,동시 처리·failover·rejoin,version/state 일치·중복 0,local state 의존,Java25·적용 DB/Provider/Browser/Process 환경,Local/Remote·single/multi-instance 중 적용,source SHA·command·environment·start/end·exit code·pre/post state·report/artifact hash·sanitization,미검증,4aea798c913787e86341809e2cef2b9495cbf7ba,,R3 최신 exact SHA 재실행 대기,연결 Requirement의 지정 Phase에서 직접 실행,P03,공통 계약·표준 타입·보안·오류·Context,03-00000058,P03-CORE-CORE-API,P02,CPF-GATE-03
CPF-SC-000059,CPF-FR-000245,CORE-API,P0,CORE,ROLLBACK,[CORE-API] Rollback/Forward Recovery,CPF Framework 개발자,최신 exact SHA; 변경 전 snapshot,적용 후 결함,rollback/forward fix,데이터 보존·actual 일치·audit,부분 rollback·drift,Java25·적용 DB/Provider/Browser/Process 환경,Local/Remote·single/multi-instance 중 적용,source SHA·command·environment·start/end·exit code·pre/post state·report/artifact hash·sanitization,미검증,4aea798c913787e86341809e2cef2b9495cbf7ba,,R3 최신 exact SHA 재실행 대기,연결 Requirement의 지정 Phase에서 직접 실행,P03,공통 계약·표준 타입·보안·오류·Context,03-00000059,P03-CORE-CORE-API,P02,CPF-GATE-03
CPF-SC-000060,CPF-FR-000245,CORE-API,P0,CORE,SECURITY_LEAK,[CORE-API] 민감정보 누출,CPF Framework 개발자,최신 exact SHA; PII/Secret fixture,오류·Log·UI·Download,정상/실패 실행,원문 0 또는 승인 범위,Log/DOM/Storage/Evidence 원문,Java25·적용 DB/Provider/Browser/Process 환경,Local/Remote·single/multi-instance 중 적용,source SHA·command·environment·start/end·exit code·pre/post state·report/artifact hash·sanitization,미검증,4aea798c913787e86341809e2cef2b9495cbf7ba,,R3 최신 exact SHA 재실행 대기,연결 Requirement의 지정 Phase에서 직접 실행,P03,공통 계약·표준 타입·보안·오류·Context,03-00000060,P03-CORE-CORE-API,P02,CPF-GATE-03
CPF-SC-000061,CPF-FR-000306,CORE-SPI,P0,CORE,POSITIVE,[CORE-SPI] 정상 수직 흐름,CPF Framework 개발자,최신 exact SHA; 유효 입력과 권한,정상 데이터,요청→검증→처리→저장/전달→응답→감사,정상 상태·side effect·tracking 일치,Mock-only 또는 Consumer 미호출,Java25·적용 DB/Provider/Browser/Process 환경,Local/Remote·single/multi-instance 중 적용,source SHA·command·environment·start/end·exit code·pre/post state·report/artifact hash·sanitization,미검증,4aea798c913787e86341809e2cef2b9495cbf7ba,,R3 최신 exact SHA 재실행 대기,연결 Requirement의 지정 Phase에서 직접 실행,P03,공통 계약·표준 타입·보안·오류·Context,03-00000061,P03-CORE-CORE-SPI,P02,CPF-GATE-03
CPF-SC-000062,CPF-FR-000306,CORE-SPI,P0,CORE,INVALID,[CORE-SPI] 입력·경계 오류,CPF Framework 개발자,최신 exact SHA; 유효 Session,invalid/empty/oversize/unknown enum,각 invalid 제출,표준 field/path 오류·side effect 0,500/raw exception/부분 저장,Java25·적용 DB/Provider/Browser/Process 환경,Local/Remote·single/multi-instance 중 적용,source SHA·command·environment·start/end·exit code·pre/post state·report/artifact hash·sanitization,미검증,4aea798c913787e86341809e2cef2b9495cbf7ba,,R3 최신 exact SHA 재실행 대기,연결 Requirement의 지정 Phase에서 직접 실행,P03,공통 계약·표준 타입·보안·오류·Context,03-00000062,P03-CORE-CORE-SPI,P02,CPF-GATE-03
CPF-SC-000063,CPF-FR-000306,CORE-SPI,P0,CORE,UNAUTHORIZED,[CORE-SPI] 미인증·권한 부족,CPF Framework 개발자,최신 exact SHA; 권한 없는 principal,401/403 대상,UI 직접 URL/API/Method 호출,Server 거부·Audit·민감정보 0,버튼만 숨김/default allow,Java25·적용 DB/Provider/Browser/Process 환경,Local/Remote·single/multi-instance 중 적용,source SHA·command·environment·start/end·exit code·pre/post state·report/artifact hash·sanitization,미검증,4aea798c913787e86341809e2cef2b9495cbf7ba,,R3 최신 exact SHA 재실행 대기,연결 Requirement의 지정 Phase에서 직접 실행,P03,공통 계약·표준 타입·보안·오류·Context,03-00000063,P03-CORE-CORE-SPI,P02,CPF-GATE-03
CPF-SC-000064,CPF-FR-000306,CORE-SPI,P0,CORE,CONFLICT,[CORE-SPI] Version·Hash 충돌,CPF Framework 개발자,최신 exact SHA; 기존 version,stale expectedVersion/다른 hash,동시/재시도 요청,409·기존 결과 보존·lost update 0,후행 요청 덮어씀,Java25·적용 DB/Provider/Browser/Process 환경,Local/Remote·single/multi-instance 중 적용,source SHA·command·environment·start/end·exit code·pre/post state·report/artifact hash·sanitization,미검증,4aea798c913787e86341809e2cef2b9495cbf7ba,,R3 최신 exact SHA 재실행 대기,연결 Requirement의 지정 Phase에서 직접 실행,P03,공통 계약·표준 타입·보안·오류·Context,03-00000064,P03-CORE-CORE-SPI,P02,CPF-GATE-03
CPF-SC-000065,CPF-FR-000306,CORE-SPI,P0,CORE,DUPLICATE,[CORE-SPI] 중복 요청,CPF Framework 개발자,최신 exact SHA; 같은 operationId,동일/상이 payload,동시·순차 중복,"동일 replay, 다른 payload conflict",side effect 2회,Java25·적용 DB/Provider/Browser/Process 환경,Local/Remote·single/multi-instance 중 적용,source SHA·command·environment·start/end·exit code·pre/post state·report/artifact hash·sanitization,미검증,4aea798c913787e86341809e2cef2b9495cbf7ba,,R3 최신 exact SHA 재실행 대기,연결 Requirement의 지정 Phase에서 직접 실행,P03,공통 계약·표준 타입·보안·오류·Context,03-00000065,P03-CORE-CORE-SPI,P02,CPF-GATE-03
CPF-SC-000066,CPF-FR-000306,CORE-SPI,P0,CORE,TIMEOUT_PRE,[CORE-SPI] Side effect 전 Timeout,CPF Framework 개발자,최신 exact SHA; dependency delay,connect/header timeout,timeout 주입,retryable failure·side effect 0,UNKNOWN/성공 오인,Java25·적용 DB/Provider/Browser/Process 환경,Local/Remote·single/multi-instance 중 적용,source SHA·command·environment·start/end·exit code·pre/post state·report/artifact hash·sanitization,미검증,4aea798c913787e86341809e2cef2b9495cbf7ba,,R3 최신 exact SHA 재실행 대기,연결 Requirement의 지정 Phase에서 직접 실행,P03,공통 계약·표준 타입·보안·오류·Context,03-00000066,P03-CORE-CORE-SPI,P02,CPF-GATE-03
CPF-SC-000067,CPF-FR-000306,CORE-SPI,P0,CORE,RESPONSE_LOSS,[CORE-SPI] Side effect 후 응답 유실,CPF Framework 개발자,최신 exact SHA; Owner commit,commit 후 reset,응답 차단,UNKNOWN·blind retry 금지·reconcile,자동 실패/무조건 retry,Java25·적용 DB/Provider/Browser/Process 환경,Local/Remote·single/multi-instance 중 적용,source SHA·command·environment·start/end·exit code·pre/post state·report/artifact hash·sanitization,미검증,4aea798c913787e86341809e2cef2b9495cbf7ba,,R3 최신 exact SHA 재실행 대기,연결 Requirement의 지정 Phase에서 직접 실행,P03,공통 계약·표준 타입·보안·오류·Context,03-00000067,P03-CORE-CORE-SPI,P02,CPF-GATE-03
CPF-SC-000068,CPF-FR-000306,CORE-SPI,P0,CORE,PARTIAL,[CORE-SPI] 부분 실패,CPF Framework 개발자,최신 exact SHA; 다중 대상/항목,일부 target failure,group 실행,개별 성공/실패/unknown 보존,전체 성공/실패로 축약,Java25·적용 DB/Provider/Browser/Process 환경,Local/Remote·single/multi-instance 중 적용,source SHA·command·environment·start/end·exit code·pre/post state·report/artifact hash·sanitization,미검증,4aea798c913787e86341809e2cef2b9495cbf7ba,,R3 최신 exact SHA 재실행 대기,연결 Requirement의 지정 Phase에서 직접 실행,P03,공통 계약·표준 타입·보안·오류·Context,03-00000068,P03-CORE-CORE-SPI,P02,CPF-GATE-03
CPF-SC-000069,CPF-FR-000306,CORE-SPI,P0,CORE,PROCESS_KILL,[CORE-SPI] Process Kill·Restart,CPF Framework 개발자,최신 exact SHA; durable state,worker kill,claim/apply 후 종료·재기동,lease 회수·stale fencing·복구,고아 상태·중복,Java25·적용 DB/Provider/Browser/Process 환경,Local/Remote·single/multi-instance 중 적용,source SHA·command·environment·start/end·exit code·pre/post state·report/artifact hash·sanitization,미검증,4aea798c913787e86341809e2cef2b9495cbf7ba,,R3 최신 exact SHA 재실행 대기,연결 Requirement의 지정 Phase에서 직접 실행,P03,공통 계약·표준 타입·보안·오류·Context,03-00000069,P03-CORE-CORE-SPI,P02,CPF-GATE-03
CPF-SC-000070,CPF-FR-000306,CORE-SPI,P0,CORE,MULTI_INSTANCE,[CORE-SPI] 다중 Instance,CPF Framework 개발자,최신 exact SHA; 2개 이상,공유 DB/queue,동시 처리·failover·rejoin,version/state 일치·중복 0,local state 의존,Java25·적용 DB/Provider/Browser/Process 환경,Local/Remote·single/multi-instance 중 적용,source SHA·command·environment·start/end·exit code·pre/post state·report/artifact hash·sanitization,미검증,4aea798c913787e86341809e2cef2b9495cbf7ba,,R3 최신 exact SHA 재실행 대기,연결 Requirement의 지정 Phase에서 직접 실행,P03,공통 계약·표준 타입·보안·오류·Context,03-00000070,P03-CORE-CORE-SPI,P02,CPF-GATE-03
CPF-SC-000071,CPF-FR-000306,CORE-SPI,P0,CORE,ROLLBACK,[CORE-SPI] Rollback/Forward Recovery,CPF Framework 개발자,최신 exact SHA; 변경 전 snapshot,적용 후 결함,rollback/forward fix,데이터 보존·actual 일치·audit,부분 rollback·drift,Java25·적용 DB/Provider/Browser/Process 환경,Local/Remote·single/multi-instance 중 적용,source SHA·command·environment·start/end·exit code·pre/post state·report/artifact hash·sanitization,미검증,4aea798c913787e86341809e2cef2b9495cbf7ba,,R3 최신 exact SHA 재실행 대기,연결 Requirement의 지정 Phase에서 직접 실행,P03,공통 계약·표준 타입·보안·오류·Context,03-00000071,P03-CORE-CORE-SPI,P02,CPF-GATE-03
CPF-SC-000072,CPF-FR-000306,CORE-SPI,P0,CORE,SECURITY_LEAK,[CORE-SPI] 민감정보 누출,CPF Framework 개발자,최신 exact SHA; PII/Secret fixture,오류·Log·UI·Download,정상/실패 실행,원문 0 또는 승인 범위,Log/DOM/Storage/Evidence 원문,Java25·적용 DB/Provider/Browser/Process 환경,Local/Remote·single/multi-instance 중 적용,source SHA·command·environment·start/end·exit code·pre/post state·report/artifact hash·sanitization,미검증,4aea798c913787e86341809e2cef2b9495cbf7ba,,R3 최신 exact SHA 재실행 대기,연결 Requirement의 지정 Phase에서 직접 실행,P03,공통 계약·표준 타입·보안·오류·Context,03-00000072,P03-CORE-CORE-SPI,P02,CPF-GATE-03
CPF-SC-000073,CPF-FR-000367,CORE-CONFIG,P0,CORE,POSITIVE,[CORE-CONFIG] 정상 수직 흐름,CPF Framework 개발자,최신 exact SHA; 유효 입력과 권한,정상 데이터,요청→검증→처리→저장/전달→응답→감사,정상 상태·side effect·tracking 일치,Mock-only 또는 Consumer 미호출,Java25·적용 DB/Provider/Browser/Process 환경,Local/Remote·single/multi-instance 중 적용,source SHA·command·environment·start/end·exit code·pre/post state·report/artifact hash·sanitization,미검증,4aea798c913787e86341809e2cef2b9495cbf7ba,,R3 최신 exact SHA 재실행 대기,연결 Requirement의 지정 Phase에서 직접 실행,P03,공통 계약·표준 타입·보안·오류·Context,03-00000073,P03-CORE-CORE-CONFIG,P02,CPF-GATE-03
CPF-SC-000074,CPF-FR-000367,CORE-CONFIG,P0,CORE,INVALID,[CORE-CONFIG] 입력·경계 오류,CPF Framework 개발자,최신 exact SHA; 유효 Session,invalid/empty/oversize/unknown enum,각 invalid 제출,표준 field/path 오류·side effect 0,500/raw exception/부분 저장,Java25·적용 DB/Provider/Browser/Process 환경,Local/Remote·single/multi-instance 중 적용,source SHA·command·environment·start/end·exit code·pre/post state·report/artifact hash·sanitization,미검증,4aea798c913787e86341809e2cef2b9495cbf7ba,,R3 최신 exact SHA 재실행 대기,연결 Requirement의 지정 Phase에서 직접 실행,P03,공통 계약·표준 타입·보안·오류·Context,03-00000074,P03-CORE-CORE-CONFIG,P02,CPF-GATE-03
CPF-SC-000075,CPF-FR-000367,CORE-CONFIG,P0,CORE,UNAUTHORIZED,[CORE-CONFIG] 미인증·권한 부족,CPF Framework 개발자,최신 exact SHA; 권한 없는 principal,401/403 대상,UI 직접 URL/API/Method 호출,Server 거부·Audit·민감정보 0,버튼만 숨김/default allow,Java25·적용 DB/Provider/Browser/Process 환경,Local/Remote·single/multi-instance 중 적용,source SHA·command·environment·start/end·exit code·pre/post state·report/artifact hash·sanitization,미검증,4aea798c913787e86341809e2cef2b9495cbf7ba,,R3 최신 exact SHA 재실행 대기,연결 Requirement의 지정 Phase에서 직접 실행,P03,공통 계약·표준 타입·보안·오류·Context,03-00000075,P03-CORE-CORE-CONFIG,P02,CPF-GATE-03
CPF-SC-000076,CPF-FR-000367,CORE-CONFIG,P0,CORE,CONFLICT,[CORE-CONFIG] Version·Hash 충돌,CPF Framework 개발자,최신 exact SHA; 기존 version,stale expectedVersion/다른 hash,동시/재시도 요청,409·기존 결과 보존·lost update 0,후행 요청 덮어씀,Java25·적용 DB/Provider/Browser/Process 환경,Local/Remote·single/multi-instance 중 적용,source SHA·command·environment·start/end·exit code·pre/post state·report/artifact hash·sanitization,미검증,4aea798c913787e86341809e2cef2b9495cbf7ba,,R3 최신 exact SHA 재실행 대기,연결 Requirement의 지정 Phase에서 직접 실행,P03,공통 계약·표준 타입·보안·오류·Context,03-00000076,P03-CORE-CORE-CONFIG,P02,CPF-GATE-03
CPF-SC-000077,CPF-FR-000367,CORE-CONFIG,P0,CORE,DUPLICATE,[CORE-CONFIG] 중복 요청,CPF Framework 개발자,최신 exact SHA; 같은 operationId,동일/상이 payload,동시·순차 중복,"동일 replay, 다른 payload conflict",side effect 2회,Java25·적용 DB/Provider/Browser/Process 환경,Local/Remote·single/multi-instance 중 적용,source SHA·command·environment·start/end·exit code·pre/post state·report/artifact hash·sanitization,미검증,4aea798c913787e86341809e2cef2b9495cbf7ba,,R3 최신 exact SHA 재실행 대기,연결 Requirement의 지정 Phase에서 직접 실행,P03,공통 계약·표준 타입·보안·오류·Context,03-00000077,P03-CORE-CORE-CONFIG,P02,CPF-GATE-03
CPF-SC-000078,CPF-FR-000367,CORE-CONFIG,P0,CORE,TIMEOUT_PRE,[CORE-CONFIG] Side effect 전 Timeout,CPF Framework 개발자,최신 exact SHA; dependency delay,connect/header timeout,timeout 주입,retryable failure·side effect 0,UNKNOWN/성공 오인,Java25·적용 DB/Provider/Browser/Process 환경,Local/Remote·single/multi-instance 중 적용,source SHA·command·environment·start/end·exit code·pre/post state·report/artifact hash·sanitization,미검증,4aea798c913787e86341809e2cef2b9495cbf7ba,,R3 최신 exact SHA 재실행 대기,연결 Requirement의 지정 Phase에서 직접 실행,P03,공통 계약·표준 타입·보안·오류·Context,03-00000078,P03-CORE-CORE-CONFIG,P02,CPF-GATE-03
CPF-SC-000079,CPF-FR-000367,CORE-CONFIG,P0,CORE,RESPONSE_LOSS,[CORE-CONFIG] Side effect 후 응답 유실,CPF Framework 개발자,최신 exact SHA; Owner commit,commit 후 reset,응답 차단,UNKNOWN·blind retry 금지·reconcile,자동 실패/무조건 retry,Java25·적용 DB/Provider/Browser/Process 환경,Local/Remote·single/multi-instance 중 적용,source SHA·command·environment·start/end·exit code·pre/post state·report/artifact hash·sanitization,미검증,4aea798c913787e86341809e2cef2b9495cbf7ba,,R3 최신 exact SHA 재실행 대기,연결 Requirement의 지정 Phase에서 직접 실행,P03,공통 계약·표준 타입·보안·오류·Context,03-00000079,P03-CORE-CORE-CONFIG,P02,CPF-GATE-03
CPF-SC-000080,CPF-FR-000367,CORE-CONFIG,P0,CORE,PARTIAL,[CORE-CONFIG] 부분 실패,CPF Framework 개발자,최신 exact SHA; 다중 대상/항목,일부 target failure,group 실행,개별 성공/실패/unknown 보존,전체 성공/실패로 축약,Java25·적용 DB/Provider/Browser/Process 환경,Local/Remote·single/multi-instance 중 적용,source SHA·command·environment·start/end·exit code·pre/post state·report/artifact hash·sanitization,미검증,4aea798c913787e86341809e2cef2b9495cbf7ba,,R3 최신 exact SHA 재실행 대기,연결 Requirement의 지정 Phase에서 직접 실행,P03,공통 계약·표준 타입·보안·오류·Context,03-00000080,P03-CORE-CORE-CONFIG,P02,CPF-GATE-03
CPF-SC-000081,CPF-FR-000367,CORE-CONFIG,P0,CORE,PROCESS_KILL,[CORE-CONFIG] Process Kill·Restart,CPF Framework 개발자,최신 exact SHA; durable state,worker kill,claim/apply 후 종료·재기동,lease 회수·stale fencing·복구,고아 상태·중복,Java25·적용 DB/Provider/Browser/Process 환경,Local/Remote·single/multi-instance 중 적용,source SHA·command·environment·start/end·exit code·pre/post state·report/artifact hash·sanitization,미검증,4aea798c913787e86341809e2cef2b9495cbf7ba,,R3 최신 exact SHA 재실행 대기,연결 Requirement의 지정 Phase에서 직접 실행,P03,공통 계약·표준 타입·보안·오류·Context,03-00000081,P03-CORE-CORE-CONFIG,P02,CPF-GATE-03
CPF-SC-000082,CPF-FR-000367,CORE-CONFIG,P0,CORE,MULTI_INSTANCE,[CORE-CONFIG] 다중 Instance,CPF Framework 개발자,최신 exact SHA; 2개 이상,공유 DB/queue,동시 처리·failover·rejoin,version/state 일치·중복 0,local state 의존,Java25·적용 DB/Provider/Browser/Process 환경,Local/Remote·single/multi-instance 중 적용,source SHA·command·environment·start/end·exit code·pre/post state·report/artifact hash·sanitization,미검증,4aea798c913787e86341809e2cef2b9495cbf7ba,,R3 최신 exact SHA 재실행 대기,연결 Requirement의 지정 Phase에서 직접 실행,P03,공통 계약·표준 타입·보안·오류·Context,03-00000082,P03-CORE-CORE-CONFIG,P02,CPF-GATE-03
CPF-SC-000083,CPF-FR-000367,CORE-CONFIG,P0,CORE,ROLLBACK,[CORE-CONFIG] Rollback/Forward Recovery,CPF Framework 개발자,최신 exact SHA; 변경 전 snapshot,적용 후 결함,rollback/forward fix,데이터 보존·actual 일치·audit,부분 rollback·drift,Java25·적용 DB/Provider/Browser/Process 환경,Local/Remote·single/multi-instance 중 적용,source SHA·command·environment·start/end·exit code·pre/post state·report/artifact hash·sanitization,미검증,4aea798c913787e86341809e2cef2b9495cbf7ba,,R3 최신 exact SHA 재실행 대기,연결 Requirement의 지정 Phase에서 직접 실행,P03,공통 계약·표준 타입·보안·오류·Context,03-00000083,P03-CORE-CORE-CONFIG,P02,CPF-GATE-03
CPF-SC-000084,CPF-FR-000367,CORE-CONFIG,P0,CORE,SECURITY_LEAK,[CORE-CONFIG] 민감정보 누출,CPF Framework 개발자,최신 exact SHA; PII/Secret fixture,오류·Log·UI·Download,정상/실패 실행,원문 0 또는 승인 범위,Log/DOM/Storage/Evidence 원문,Java25·적용 DB/Provider/Browser/Process 환경,Local/Remote·single/multi-instance 중 적용,source SHA·command·environment·start/end·exit code·pre/post state·report/artifact hash·sanitization,미검증,4aea798c913787e86341809e2cef2b9495cbf7ba,,R3 최신 exact SHA 재실행 대기,연결 Requirement의 지정 Phase에서 직접 실행,P03,공통 계약·표준 타입·보안·오류·Context,03-00000084,P03-CORE-CORE-CONFIG,P02,CPF-GATE-03
CPF-SC-000085,CPF-FR-000428,CORE-TESTKIT,P0,CORE,POSITIVE,[CORE-TESTKIT] 정상 수직 흐름,CPF Framework 개발자,최신 exact SHA; 유효 입력과 권한,정상 데이터,요청→검증→처리→저장/전달→응답→감사,정상 상태·side effect·tracking 일치,Mock-only 또는 Consumer 미호출,Java25·적용 DB/Provider/Browser/Process 환경,Local/Remote·single/multi-instance 중 적용,source SHA·command·environment·start/end·exit code·pre/post state·report/artifact hash·sanitization,미검증,4aea798c913787e86341809e2cef2b9495cbf7ba,,R3 최신 exact SHA 재실행 대기,연결 Requirement의 지정 Phase에서 직접 실행,P03,공통 계약·표준 타입·보안·오류·Context,03-00000085,P03-CORE-CORE-TESTKIT,P02,CPF-GATE-03
CPF-SC-000086,CPF-FR-000428,CORE-TESTKIT,P0,CORE,INVALID,[CORE-TESTKIT] 입력·경계 오류,CPF Framework 개발자,최신 exact SHA; 유효 Session,invalid/empty/oversize/unknown enum,각 invalid 제출,표준 field/path 오류·side effect 0,500/raw exception/부분 저장,Java25·적용 DB/Provider/Browser/Process 환경,Local/Remote·single/multi-instance 중 적용,source SHA·command·environment·start/end·exit code·pre/post state·report/artifact hash·sanitization,미검증,4aea798c913787e86341809e2cef2b9495cbf7ba,,R3 최신 exact SHA 재실행 대기,연결 Requirement의 지정 Phase에서 직접 실행,P03,공통 계약·표준 타입·보안·오류·Context,03-00000086,P03-CORE-CORE-TESTKIT,P02,CPF-GATE-03
CPF-SC-000087,CPF-FR-000428,CORE-TESTKIT,P0,CORE,UNAUTHORIZED,[CORE-TESTKIT] 미인증·권한 부족,CPF Framework 개발자,최신 exact SHA; 권한 없는 principal,401/403 대상,UI 직접 URL/API/Method 호출,Server 거부·Audit·민감정보 0,버튼만 숨김/default allow,Java25·적용 DB/Provider/Browser/Process 환경,Local/Remote·single/multi-instance 중 적용,source SHA·command·environment·start/end·exit code·pre/post state·report/artifact hash·sanitization,미검증,4aea798c913787e86341809e2cef2b9495cbf7ba,,R3 최신 exact SHA 재실행 대기,연결 Requirement의 지정 Phase에서 직접 실행,P03,공통 계약·표준 타입·보안·오류·Context,03-00000087,P03-CORE-CORE-TESTKIT,P02,CPF-GATE-03
CPF-SC-000088,CPF-FR-000428,CORE-TESTKIT,P0,CORE,CONFLICT,[CORE-TESTKIT] Version·Hash 충돌,CPF Framework 개발자,최신 exact SHA; 기존 version,stale expectedVersion/다른 hash,동시/재시도 요청,409·기존 결과 보존·lost update 0,후행 요청 덮어씀,Java25·적용 DB/Provider/Browser/Process 환경,Local/Remote·single/multi-instance 중 적용,source SHA·command·environment·start/end·exit code·pre/post state·report/artifact hash·sanitization,미검증,4aea798c913787e86341809e2cef2b9495cbf7ba,,R3 최신 exact SHA 재실행 대기,연결 Requirement의 지정 Phase에서 직접 실행,P03,공통 계약·표준 타입·보안·오류·Context,03-00000088,P03-CORE-CORE-TESTKIT,P02,CPF-GATE-03
CPF-SC-000089,CPF-FR-000428,CORE-TESTKIT,P0,CORE,DUPLICATE,[CORE-TESTKIT] 중복 요청,CPF Framework 개발자,최신 exact SHA; 같은 operationId,동일/상이 payload,동시·순차 중복,"동일 replay, 다른 payload conflict",side effect 2회,Java25·적용 DB/Provider/Browser/Process 환경,Local/Remote·single/multi-instance 중 적용,source SHA·command·environment·start/end·exit code·pre/post state·report/artifact hash·sanitization,미검증,4aea798c913787e86341809e2cef2b9495cbf7ba,,R3 최신 exact SHA 재실행 대기,연결 Requirement의 지정 Phase에서 직접 실행,P03,공통 계약·표준 타입·보안·오류·Context,03-00000089,P03-CORE-CORE-TESTKIT,P02,CPF-GATE-03
CPF-SC-000090,CPF-FR-000428,CORE-TESTKIT,P0,CORE,TIMEOUT_PRE,[CORE-TESTKIT] Side effect 전 Timeout,CPF Framework 개발자,최신 exact SHA; dependency delay,connect/header timeout,timeout 주입,retryable failure·side effect 0,UNKNOWN/성공 오인,Java25·적용 DB/Provider/Browser/Process 환경,Local/Remote·single/multi-instance 중 적용,source SHA·command·environment·start/end·exit code·pre/post state·report/artifact hash·sanitization,미검증,4aea798c913787e86341809e2cef2b9495cbf7ba,,R3 최신 exact SHA 재실행 대기,연결 Requirement의 지정 Phase에서 직접 실행,P03,공통 계약·표준 타입·보안·오류·Context,03-00000090,P03-CORE-CORE-TESTKIT,P02,CPF-GATE-03
CPF-SC-000091,CPF-FR-000428,CORE-TESTKIT,P0,CORE,RESPONSE_LOSS,[CORE-TESTKIT] Side effect 후 응답 유실,CPF Framework 개발자,최신 exact SHA; Owner commit,commit 후 reset,응답 차단,UNKNOWN·blind retry 금지·reconcile,자동 실패/무조건 retry,Java25·적용 DB/Provider/Browser/Process 환경,Local/Remote·single/multi-instance 중 적용,source SHA·command·environment·start/end·exit code·pre/post state·report/artifact hash·sanitization,미검증,4aea798c913787e86341809e2cef2b9495cbf7ba,,R3 최신 exact SHA 재실행 대기,연결 Requirement의 지정 Phase에서 직접 실행,P03,공통 계약·표준 타입·보안·오류·Context,03-00000091,P03-CORE-CORE-TESTKIT,P02,CPF-GATE-03
CPF-SC-000092,CPF-FR-000428,CORE-TESTKIT,P0,CORE,PARTIAL,[CORE-TESTKIT] 부분 실패,CPF Framework 개발자,최신 exact SHA; 다중 대상/항목,일부 target failure,group 실행,개별 성공/실패/unknown 보존,전체 성공/실패로 축약,Java25·적용 DB/Provider/Browser/Process 환경,Local/Remote·single/multi-instance 중 적용,source SHA·command·environment·start/end·exit code·pre/post state·report/artifact hash·sanitization,미검증,4aea798c913787e86341809e2cef2b9495cbf7ba,,R3 최신 exact SHA 재실행 대기,연결 Requirement의 지정 Phase에서 직접 실행,P03,공통 계약·표준 타입·보안·오류·Context,03-00000092,P03-CORE-CORE-TESTKIT,P02,CPF-GATE-03
CPF-SC-000093,CPF-FR-000428,CORE-TESTKIT,P0,CORE,PROCESS_KILL,[CORE-TESTKIT] Process Kill·Restart,CPF Framework 개발자,최신 exact SHA; durable state,worker kill,claim/apply 후 종료·재기동,lease 회수·stale fencing·복구,고아 상태·중복,Java25·적용 DB/Provider/Browser/Process 환경,Local/Remote·single/multi-instance 중 적용,source SHA·command·environment·start/end·exit code·pre/post state·report/artifact hash·sanitization,미검증,4aea798c913787e86341809e2cef2b9495cbf7ba,,R3 최신 exact SHA 재실행 대기,연결 Requirement의 지정 Phase에서 직접 실행,P03,공통 계약·표준 타입·보안·오류·Context,03-00000093,P03-CORE-CORE-TESTKIT,P02,CPF-GATE-03
CPF-SC-000094,CPF-FR-000428,CORE-TESTKIT,P0,CORE,MULTI_INSTANCE,[CORE-TESTKIT] 다중 Instance,CPF Framework 개발자,최신 exact SHA; 2개 이상,공유 DB/queue,동시 처리·failover·rejoin,version/state 일치·중복 0,local state 의존,Java25·적용 DB/Provider/Browser/Process 환경,Local/Remote·single/multi-instance 중 적용,source SHA·command·environment·start/end·exit code·pre/post state·report/artifact hash·sanitization,미검증,4aea798c913787e86341809e2cef2b9495cbf7ba,,R3 최신 exact SHA 재실행 대기,연결 Requirement의 지정 Phase에서 직접 실행,P03,공통 계약·표준 타입·보안·오류·Context,03-00000094,P03-CORE-CORE-TESTKIT,P02,CPF-GATE-03
CPF-SC-000095,CPF-FR-000428,CORE-TESTKIT,P0,CORE,ROLLBACK,[CORE-TESTKIT] Rollback/Forward Recovery,CPF Framework 개발자,최신 exact SHA; 변경 전 snapshot,적용 후 결함,rollback/forward fix,데이터 보존·actual 일치·audit,부분 rollback·drift,Java25·적용 DB/Provider/Browser/Process 환경,Local/Remote·single/multi-instance 중 적용,source SHA·command·environment·start/end·exit code·pre/post state·report/artifact hash·sanitization,미검증,4aea798c913787e86341809e2cef2b9495cbf7ba,,R3 최신 exact SHA 재실행 대기,연결 Requirement의 지정 Phase에서 직접 실행,P03,공통 계약·표준 타입·보안·오류·Context,03-00000095,P03-CORE-CORE-TESTKIT,P02,CPF-GATE-03
CPF-SC-000096,CPF-FR-000428,CORE-TESTKIT,P0,CORE,SECURITY_LEAK,[CORE-TESTKIT] 민감정보 누출,CPF Framework 개발자,최신 exact SHA; PII/Secret fixture,오류·Log·UI·Download,정상/실패 실행,원문 0 또는 승인 범위,Log/DOM/Storage/Evidence 원문,Java25·적용 DB/Provider/Browser/Process 환경,Local/Remote·single/multi-instance 중 적용,source SHA·command·environment·start/end·exit code·pre/post state·report/artifact hash·sanitization,미검증,4aea798c913787e86341809e2cef2b9495cbf7ba,,R3 최신 exact SHA 재실행 대기,연결 Requirement의 지정 Phase에서 직접 실행,P03,공통 계약·표준 타입·보안·오류·Context,03-00000096,P03-CORE-CORE-TESTKIT,P02,CPF-GATE-03
CPF-SC-000097,CPF-FR-000489,CPF-CALL,P0,CORE,POSITIVE,[CPF-CALL] 정상 수직 흐름,CPF Framework 개발자,최신 exact SHA; 유효 입력과 권한,정상 데이터,요청→검증→처리→저장/전달→응답→감사,정상 상태·side effect·tracking 일치,Mock-only 또는 Consumer 미호출,Java25·적용 DB/Provider/Browser/Process 환경,Local/Remote·single/multi-instance 중 적용,source SHA·command·environment·start/end·exit code·pre/post state·report/artifact hash·sanitization,미검증,4aea798c913787e86341809e2cef2b9495cbf7ba,,R3 최신 exact SHA 재실행 대기,연결 Requirement의 지정 Phase에서 직접 실행,P03,공통 계약·표준 타입·보안·오류·Context,03-00000097,P03-CORE-CPF-CALL,P02,CPF-GATE-03
CPF-SC-000098,CPF-FR-000489,CPF-CALL,P0,CORE,INVALID,[CPF-CALL] 입력·경계 오류,CPF Framework 개발자,최신 exact SHA; 유효 Session,invalid/empty/oversize/unknown enum,각 invalid 제출,표준 field/path 오류·side effect 0,500/raw exception/부분 저장,Java25·적용 DB/Provider/Browser/Process 환경,Local/Remote·single/multi-instance 중 적용,source SHA·command·environment·start/end·exit code·pre/post state·report/artifact hash·sanitization,미검증,4aea798c913787e86341809e2cef2b9495cbf7ba,,R3 최신 exact SHA 재실행 대기,연결 Requirement의 지정 Phase에서 직접 실행,P03,공통 계약·표준 타입·보안·오류·Context,03-00000098,P03-CORE-CPF-CALL,P02,CPF-GATE-03
CPF-SC-000099,CPF-FR-000489,CPF-CALL,P0,CORE,UNAUTHORIZED,[CPF-CALL] 미인증·권한 부족,CPF Framework 개발자,최신 exact SHA; 권한 없는 principal,401/403 대상,UI 직접 URL/API/Method 호출,Server 거부·Audit·민감정보 0,버튼만 숨김/default allow,Java25·적용 DB/Provider/Browser/Process 환경,Local/Remote·single/multi-instance 중 적용,source SHA·command·environment·start/end·exit code·pre/post state·report/artifact hash·sanitization,미검증,4aea798c913787e86341809e2cef2b9495cbf7ba,,R3 최신 exact SHA 재실행 대기,연결 Requirement의 지정 Phase에서 직접 실행,P03,공통 계약·표준 타입·보안·오류·Context,03-00000099,P03-CORE-CPF-CALL,P02,CPF-GATE-03
CPF-SC-000100,CPF-FR-000489,CPF-CALL,P0,CORE,CONFLICT,[CPF-CALL] Version·Hash 충돌,CPF Framework 개발자,최신 exact SHA; 기존 version,stale expectedVersion/다른 hash,동시/재시도 요청,409·기존 결과 보존·lost update 0,후행 요청 덮어씀,Java25·적용 DB/Provider/Browser/Process 환경,Local/Remote·single/multi-instance 중 적용,source SHA·command·environment·start/end·exit code·pre/post state·report/artifact hash·sanitization,미검증,4aea798c913787e86341809e2cef2b9495cbf7ba,,R3 최신 exact SHA 재실행 대기,연결 Requirement의 지정 Phase에서 직접 실행,P03,공통 계약·표준 타입·보안·오류·Context,03-00000100,P03-CORE-CPF-CALL,P02,CPF-GATE-03
CPF-SC-000101,CPF-FR-000489,CPF-CALL,P0,CORE,DUPLICATE,[CPF-CALL] 중복 요청,CPF Framework 개발자,최신 exact SHA; 같은 operationId,동일/상이 payload,동시·순차 중복,"동일 replay, 다른 payload conflict",side effect 2회,Java25·적용 DB/Provider/Browser/Process 환경,Local/Remote·single/multi-instance 중 적용,source SHA·command·environment·start/end·exit code·pre/post state·report/artifact hash·sanitization,미검증,4aea798c913787e86341809e2cef2b9495cbf7ba,,R3 최신 exact SHA 재실행 대기,연결 Requirement의 지정 Phase에서 직접 실행,P03,공통 계약·표준 타입·보안·오류·Context,03-00000101,P03-CORE-CPF-CALL,P02,CPF-GATE-03
CPF-SC-000102,CPF-FR-000489,CPF-CALL,P0,CORE,TIMEOUT_PRE,[CPF-CALL] Side effect 전 Timeout,CPF Framework 개발자,최신 exact SHA; dependency delay,connect/header timeout,timeout 주입,retryable failure·side effect 0,UNKNOWN/성공 오인,Java25·적용 DB/Provider/Browser/Process 환경,Local/Remote·single/multi-instance 중 적용,source SHA·command·environment·start/end·exit code·pre/post state·report/artifact hash·sanitization,미검증,4aea798c913787e86341809e2cef2b9495cbf7ba,,R3 최신 exact SHA 재실행 대기,연결 Requirement의 지정 Phase에서 직접 실행,P03,공통 계약·표준 타입·보안·오류·Context,03-00000102,P03-CORE-CPF-CALL,P02,CPF-GATE-03
CPF-SC-000103,CPF-FR-000489,CPF-CALL,P0,CORE,RESPONSE_LOSS,[CPF-CALL] Side effect 후 응답 유실,CPF Framework 개발자,최신 exact SHA; Owner commit,commit 후 reset,응답 차단,UNKNOWN·blind retry 금지·reconcile,자동 실패/무조건 retry,Java25·적용 DB/Provider/Browser/Process 환경,Local/Remote·single/multi-instance 중 적용,source SHA·command·environment·start/end·exit code·pre/post state·report/artifact hash·sanitization,미검증,4aea798c913787e86341809e2cef2b9495cbf7ba,,R3 최신 exact SHA 재실행 대기,연결 Requirement의 지정 Phase에서 직접 실행,P03,공통 계약·표준 타입·보안·오류·Context,03-00000103,P03-CORE-CPF-CALL,P02,CPF-GATE-03
CPF-SC-000104,CPF-FR-000489,CPF-CALL,P0,CORE,PARTIAL,[CPF-CALL] 부분 실패,CPF Framework 개발자,최신 exact SHA; 다중 대상/항목,일부 target failure,group 실행,개별 성공/실패/unknown 보존,전체 성공/실패로 축약,Java25·적용 DB/Provider/Browser/Process 환경,Local/Remote·single/multi-instance 중 적용,source SHA·command·environment·start/end·exit code·pre/post state·report/artifact hash·sanitization,미검증,4aea798c913787e86341809e2cef2b9495cbf7ba,,R3 최신 exact SHA 재실행 대기,연결 Requirement의 지정 Phase에서 직접 실행,P03,공통 계약·표준 타입·보안·오류·Context,03-00000104,P03-CORE-CPF-CALL,P02,CPF-GATE-03
CPF-SC-000105,CPF-FR-000489,CPF-CALL,P0,CORE,PROCESS_KILL,[CPF-CALL] Process Kill·Restart,CPF Framework 개발자,최신 exact SHA; durable state,worker kill,claim/apply 후 종료·재기동,lease 회수·stale fencing·복구,고아 상태·중복,Java25·적용 DB/Provider/Browser/Process 환경,Local/Remote·single/multi-instance 중 적용,source SHA·command·environment·start/end·exit code·pre/post state·report/artifact hash·sanitization,미검증,4aea798c913787e86341809e2cef2b9495cbf7ba,,R3 최신 exact SHA 재실행 대기,연결 Requirement의 지정 Phase에서 직접 실행,P03,공통 계약·표준 타입·보안·오류·Context,03-00000105,P03-CORE-CPF-CALL,P02,CPF-GATE-03
CPF-SC-000106,CPF-FR-000489,CPF-CALL,P0,CORE,MULTI_INSTANCE,[CPF-CALL] 다중 Instance,CPF Framework 개발자,최신 exact SHA; 2개 이상,공유 DB/queue,동시 처리·failover·rejoin,version/state 일치·중복 0,local state 의존,Java25·적용 DB/Provider/Browser/Process 환경,Local/Remote·single/multi-instance 중 적용,source SHA·command·environment·start/end·exit code·pre/post state·report/artifact hash·sanitization,미검증,4aea798c913787e86341809e2cef2b9495cbf7ba,,R3 최신 exact SHA 재실행 대기,연결 Requirement의 지정 Phase에서 직접 실행,P03,공통 계약·표준 타입·보안·오류·Context,03-00000106,P03-CORE-CPF-CALL,P02,CPF-GATE-03
CPF-SC-000107,CPF-FR-000489,CPF-CALL,P0,CORE,ROLLBACK,[CPF-CALL] Rollback/Forward Recovery,CPF Framework 개발자,최신 exact SHA; 변경 전 snapshot,적용 후 결함,rollback/forward fix,데이터 보존·actual 일치·audit,부분 rollback·drift,Java25·적용 DB/Provider/Browser/Process 환경,Local/Remote·single/multi-instance 중 적용,source SHA·command·environment·start/end·exit code·pre/post state·report/artifact hash·sanitization,미검증,4aea798c913787e86341809e2cef2b9495cbf7ba,,R3 최신 exact SHA 재실행 대기,연결 Requirement의 지정 Phase에서 직접 실행,P03,공통 계약·표준 타입·보안·오류·Context,03-00000107,P03-CORE-CPF-CALL,P02,CPF-GATE-03
CPF-SC-000108,CPF-FR-000489,CPF-CALL,P0,CORE,SECURITY_LEAK,[CPF-CALL] 민감정보 누출,CPF Framework 개발자,최신 exact SHA; PII/Secret fixture,오류·Log·UI·Download,정상/실패 실행,원문 0 또는 승인 범위,Log/DOM/Storage/Evidence 원문,Java25·적용 DB/Provider/Browser/Process 환경,Local/Remote·single/multi-instance 중 적용,source SHA·command·environment·start/end·exit code·pre/post state·report/artifact hash·sanitization,미검증,4aea798c913787e86341809e2cef2b9495cbf7ba,,R3 최신 exact SHA 재실행 대기,연결 Requirement의 지정 Phase에서 직접 실행,P03,공통 계약·표준 타입·보안·오류·Context,03-00000108,P03-CORE-CPF-CALL,P02,CPF-GATE-03
CPF-SC-000109,CPF-FR-000550,CPF-REGISTRY,P0,CORE,POSITIVE,[CPF-REGISTRY] 정상 수직 흐름,CPF Framework 개발자,최신 exact SHA; 유효 입력과 권한,정상 데이터,요청→검증→처리→저장/전달→응답→감사,정상 상태·side effect·tracking 일치,Mock-only 또는 Consumer 미호출,Java25·적용 DB/Provider/Browser/Process 환경,Local/Remote·single/multi-instance 중 적용,source SHA·command·environment·start/end·exit code·pre/post state·report/artifact hash·sanitization,미검증,4aea798c913787e86341809e2cef2b9495cbf7ba,,R3 최신 exact SHA 재실행 대기,연결 Requirement의 지정 Phase에서 직접 실행,P03,공통 계약·표준 타입·보안·오류·Context,03-00000109,P03-CORE-CPF-REGISTRY,P02,CPF-GATE-03
CPF-SC-000110,CPF-FR-000550,CPF-REGISTRY,P0,CORE,INVALID,[CPF-REGISTRY] 입력·경계 오류,CPF Framework 개발자,최신 exact SHA; 유효 Session,invalid/empty/oversize/unknown enum,각 invalid 제출,표준 field/path 오류·side effect 0,500/raw exception/부분 저장,Java25·적용 DB/Provider/Browser/Process 환경,Local/Remote·single/multi-instance 중 적용,source SHA·command·environment·start/end·exit code·pre/post state·report/artifact hash·sanitization,미검증,4aea798c913787e86341809e2cef2b9495cbf7ba,,R3 최신 exact SHA 재실행 대기,연결 Requirement의 지정 Phase에서 직접 실행,P03,공통 계약·표준 타입·보안·오류·Context,03-00000110,P03-CORE-CPF-REGISTRY,P02,CPF-GATE-03
CPF-SC-000111,CPF-FR-000550,CPF-REGISTRY,P0,CORE,UNAUTHORIZED,[CPF-REGISTRY] 미인증·권한 부족,CPF Framework 개발자,최신 exact SHA; 권한 없는 principal,401/403 대상,UI 직접 URL/API/Method 호출,Server 거부·Audit·민감정보 0,버튼만 숨김/default allow,Java25·적용 DB/Provider/Browser/Process 환경,Local/Remote·single/multi-instance 중 적용,source SHA·command·environment·start/end·exit code·pre/post state·report/artifact hash·sanitization,미검증,4aea798c913787e86341809e2cef2b9495cbf7ba,,R3 최신 exact SHA 재실행 대기,연결 Requirement의 지정 Phase에서 직접 실행,P03,공통 계약·표준 타입·보안·오류·Context,03-00000111,P03-CORE-CPF-REGISTRY,P02,CPF-GATE-03
CPF-SC-000112,CPF-FR-000550,CPF-REGISTRY,P0,CORE,CONFLICT,[CPF-REGISTRY] Version·Hash 충돌,CPF Framework 개발자,최신 exact SHA; 기존 version,stale expectedVersion/다른 hash,동시/재시도 요청,409·기존 결과 보존·lost update 0,후행 요청 덮어씀,Java25·적용 DB/Provider/Browser/Process 환경,Local/Remote·single/multi-instance 중 적용,source SHA·command·environment·start/end·exit code·pre/post state·report/artifact hash·sanitization,미검증,4aea798c913787e86341809e2cef2b9495cbf7ba,,R3 최신 exact SHA 재실행 대기,연결 Requirement의 지정 Phase에서 직접 실행,P03,공통 계약·표준 타입·보안·오류·Context,03-00000112,P03-CORE-CPF-REGISTRY,P02,CPF-GATE-03
CPF-SC-000113,CPF-FR-000550,CPF-REGISTRY,P0,CORE,DUPLICATE,[CPF-REGISTRY] 중복 요청,CPF Framework 개발자,최신 exact SHA; 같은 operationId,동일/상이 payload,동시·순차 중복,"동일 replay, 다른 payload conflict",side effect 2회,Java25·적용 DB/Provider/Browser/Process 환경,Local/Remote·single/multi-instance 중 적용,source SHA·command·environment·start/end·exit code·pre/post state·report/artifact hash·sanitization,미검증,4aea798c913787e86341809e2cef2b9495cbf7ba,,R3 최신 exact SHA 재실행 대기,연결 Requirement의 지정 Phase에서 직접 실행,P03,공통 계약·표준 타입·보안·오류·Context,03-00000113,P03-CORE-CPF-REGISTRY,P02,CPF-GATE-03
CPF-SC-000114,CPF-FR-000550,CPF-REGISTRY,P0,CORE,TIMEOUT_PRE,[CPF-REGISTRY] Side effect 전 Timeout,CPF Framework 개발자,최신 exact SHA; dependency delay,connect/header timeout,timeout 주입,retryable failure·side effect 0,UNKNOWN/성공 오인,Java25·적용 DB/Provider/Browser/Process 환경,Local/Remote·single/multi-instance 중 적용,source SHA·command·environment·start/end·exit code·pre/post state·report/artifact hash·sanitization,미검증,4aea798c913787e86341809e2cef2b9495cbf7ba,,R3 최신 exact SHA 재실행 대기,연결 Requirement의 지정 Phase에서 직접 실행,P03,공통 계약·표준 타입·보안·오류·Context,03-00000114,P03-CORE-CPF-REGISTRY,P02,CPF-GATE-03
CPF-SC-000115,CPF-FR-000550,CPF-REGISTRY,P0,CORE,RESPONSE_LOSS,[CPF-REGISTRY] Side effect 후 응답 유실,CPF Framework 개발자,최신 exact SHA; Owner commit,commit 후 reset,응답 차단,UNKNOWN·blind retry 금지·reconcile,자동 실패/무조건 retry,Java25·적용 DB/Provider/Browser/Process 환경,Local/Remote·single/multi-instance 중 적용,source SHA·command·environment·start/end·exit code·pre/post state·report/artifact hash·sanitization,미검증,4aea798c913787e86341809e2cef2b9495cbf7ba,,R3 최신 exact SHA 재실행 대기,연결 Requirement의 지정 Phase에서 직접 실행,P03,공통 계약·표준 타입·보안·오류·Context,03-00000115,P03-CORE-CPF-REGISTRY,P02,CPF-GATE-03
CPF-SC-000116,CPF-FR-000550,CPF-REGISTRY,P0,CORE,PARTIAL,[CPF-REGISTRY] 부분 실패,CPF Framework 개발자,최신 exact SHA; 다중 대상/항목,일부 target failure,group 실행,개별 성공/실패/unknown 보존,전체 성공/실패로 축약,Java25·적용 DB/Provider/Browser/Process 환경,Local/Remote·single/multi-instance 중 적용,source SHA·command·environment·start/end·exit code·pre/post state·report/artifact hash·sanitization,미검증,4aea798c913787e86341809e2cef2b9495cbf7ba,,R3 최신 exact SHA 재실행 대기,연결 Requirement의 지정 Phase에서 직접 실행,P03,공통 계약·표준 타입·보안·오류·Context,03-00000116,P03-CORE-CPF-REGISTRY,P02,CPF-GATE-03
CPF-SC-000117,CPF-FR-000550,CPF-REGISTRY,P0,CORE,PROCESS_KILL,[CPF-REGISTRY] Process Kill·Restart,CPF Framework 개발자,최신 exact SHA; durable state,worker kill,claim/apply 후 종료·재기동,lease 회수·stale fencing·복구,고아 상태·중복,Java25·적용 DB/Provider/Browser/Process 환경,Local/Remote·single/multi-instance 중 적용,source SHA·command·environment·start/end·exit code·pre/post state·report/artifact hash·sanitization,미검증,4aea798c913787e86341809e2cef2b9495cbf7ba,,R3 최신 exact SHA 재실행 대기,연결 Requirement의 지정 Phase에서 직접 실행,P03,공통 계약·표준 타입·보안·오류·Context,03-00000117,P03-CORE-CPF-REGISTRY,P02,CPF-GATE-03
CPF-SC-000118,CPF-FR-000550,CPF-REGISTRY,P0,CORE,MULTI_INSTANCE,[CPF-REGISTRY] 다중 Instance,CPF Framework 개발자,최신 exact SHA; 2개 이상,공유 DB/queue,동시 처리·failover·rejoin,version/state 일치·중복 0,local state 의존,Java25·적용 DB/Provider/Browser/Process 환경,Local/Remote·single/multi-instance 중 적용,source SHA·command·environment·start/end·exit code·pre/post state·report/artifact hash·sanitization,미검증,4aea798c913787e86341809e2cef2b9495cbf7ba,,R3 최신 exact SHA 재실행 대기,연결 Requirement의 지정 Phase에서 직접 실행,P03,공통 계약·표준 타입·보안·오류·Context,03-00000118,P03-CORE-CPF-REGISTRY,P02,CPF-GATE-03
CPF-SC-000119,CPF-FR-000550,CPF-REGISTRY,P0,CORE,ROLLBACK,[CPF-REGISTRY] Rollback/Forward Recovery,CPF Framework 개발자,최신 exact SHA; 변경 전 snapshot,적용 후 결함,rollback/forward fix,데이터 보존·actual 일치·audit,부분 rollback·drift,Java25·적용 DB/Provider/Browser/Process 환경,Local/Remote·single/multi-instance 중 적용,source SHA·command·environment·start/end·exit code·pre/post state·report/artifact hash·sanitization,미검증,4aea798c913787e86341809e2cef2b9495cbf7ba,,R3 최신 exact SHA 재실행 대기,연결 Requirement의 지정 Phase에서 직접 실행,P03,공통 계약·표준 타입·보안·오류·Context,03-00000119,P03-CORE-CPF-REGISTRY,P02,CPF-GATE-03
CPF-SC-000120,CPF-FR-000550,CPF-REGISTRY,P0,CORE,SECURITY_LEAK,[CPF-REGISTRY] 민감정보 누출,CPF Framework 개발자,최신 exact SHA; PII/Secret fixture,오류·Log·UI·Download,정상/실패 실행,원문 0 또는 승인 범위,Log/DOM/Storage/Evidence 원문,Java25·적용 DB/Provider/Browser/Process 환경,Local/Remote·single/multi-instance 중 적용,source SHA·command·environment·start/end·exit code·pre/post state·report/artifact hash·sanitization,미검증,4aea798c913787e86341809e2cef2b9495cbf7ba,,R3 최신 exact SHA 재실행 대기,연결 Requirement의 지정 Phase에서 직접 실행,P03,공통 계약·표준 타입·보안·오류·Context,03-00000120,P03-CORE-CPF-REGISTRY,P02,CPF-GATE-03
CPF-SC-000121,CPF-FR-000611,CPF-ROUTING,P0,CORE,POSITIVE,[CPF-ROUTING] 정상 수직 흐름,CPF Framework 개발자,최신 exact SHA; 유효 입력과 권한,정상 데이터,요청→검증→처리→저장/전달→응답→감사,정상 상태·side effect·tracking 일치,Mock-only 또는 Consumer 미호출,Java25·적용 DB/Provider/Browser/Process 환경,Local/Remote·single/multi-instance 중 적용,source SHA·command·environment·start/end·exit code·pre/post state·report/artifact hash·sanitization,미검증,4aea798c913787e86341809e2cef2b9495cbf7ba,,R3 최신 exact SHA 재실행 대기,연결 Requirement의 지정 Phase에서 직접 실행,P03,공통 계약·표준 타입·보안·오류·Context,03-00000121,P03-CORE-CPF-ROUTING,P02,CPF-GATE-03
CPF-SC-000122,CPF-FR-000611,CPF-ROUTING,P0,CORE,INVALID,[CPF-ROUTING] 입력·경계 오류,CPF Framework 개발자,최신 exact SHA; 유효 Session,invalid/empty/oversize/unknown enum,각 invalid 제출,표준 field/path 오류·side effect 0,500/raw exception/부분 저장,Java25·적용 DB/Provider/Browser/Process 환경,Local/Remote·single/multi-instance 중 적용,source SHA·command·environment·start/end·exit code·pre/post state·report/artifact hash·sanitization,미검증,4aea798c913787e86341809e2cef2b9495cbf7ba,,R3 최신 exact SHA 재실행 대기,연결 Requirement의 지정 Phase에서 직접 실행,P03,공통 계약·표준 타입·보안·오류·Context,03-00000122,P03-CORE-CPF-ROUTING,P02,CPF-GATE-03
CPF-SC-000123,CPF-FR-000611,CPF-ROUTING,P0,CORE,UNAUTHORIZED,[CPF-ROUTING] 미인증·권한 부족,CPF Framework 개발자,최신 exact SHA; 권한 없는 principal,401/403 대상,UI 직접 URL/API/Method 호출,Server 거부·Audit·민감정보 0,버튼만 숨김/default allow,Java25·적용 DB/Provider/Browser/Process 환경,Local/Remote·single/multi-instance 중 적용,source SHA·command·environment·start/end·exit code·pre/post state·report/artifact hash·sanitization,미검증,4aea798c913787e86341809e2cef2b9495cbf7ba,,R3 최신 exact SHA 재실행 대기,연결 Requirement의 지정 Phase에서 직접 실행,P03,공통 계약·표준 타입·보안·오류·Context,03-00000123,P03-CORE-CPF-ROUTING,P02,CPF-GATE-03
CPF-SC-000124,CPF-FR-000611,CPF-ROUTING,P0,CORE,CONFLICT,[CPF-ROUTING] Version·Hash 충돌,CPF Framework 개발자,최신 exact SHA; 기존 version,stale expectedVersion/다른 hash,동시/재시도 요청,409·기존 결과 보존·lost update 0,후행 요청 덮어씀,Java25·적용 DB/Provider/Browser/Process 환경,Local/Remote·single/multi-instance 중 적용,source SHA·command·environment·start/end·exit code·pre/post state·report/artifact hash·sanitization,미검증,4aea798c913787e86341809e2cef2b9495cbf7ba,,R3 최신 exact SHA 재실행 대기,연결 Requirement의 지정 Phase에서 직접 실행,P03,공통 계약·표준 타입·보안·오류·Context,03-00000124,P03-CORE-CPF-ROUTING,P02,CPF-GATE-03
CPF-SC-000125,CPF-FR-000611,CPF-ROUTING,P0,CORE,DUPLICATE,[CPF-ROUTING] 중복 요청,CPF Framework 개발자,최신 exact SHA; 같은 operationId,동일/상이 payload,동시·순차 중복,"동일 replay, 다른 payload conflict",side effect 2회,Java25·적용 DB/Provider/Browser/Process 환경,Local/Remote·single/multi-instance 중 적용,source SHA·command·environment·start/end·exit code·pre/post state·report/artifact hash·sanitization,미검증,4aea798c913787e86341809e2cef2b9495cbf7ba,,R3 최신 exact SHA 재실행 대기,연결 Requirement의 지정 Phase에서 직접 실행,P03,공통 계약·표준 타입·보안·오류·Context,03-00000125,P03-CORE-CPF-ROUTING,P02,CPF-GATE-03
CPF-SC-000126,CPF-FR-000611,CPF-ROUTING,P0,CORE,TIMEOUT_PRE,[CPF-ROUTING] Side effect 전 Timeout,CPF Framework 개발자,최신 exact SHA; dependency delay,connect/header timeout,timeout 주입,retryable failure·side effect 0,UNKNOWN/성공 오인,Java25·적용 DB/Provider/Browser/Process 환경,Local/Remote·single/multi-instance 중 적용,source SHA·command·environment·start/end·exit code·pre/post state·report/artifact hash·sanitization,미검증,4aea798c913787e86341809e2cef2b9495cbf7ba,,R3 최신 exact SHA 재실행 대기,연결 Requirement의 지정 Phase에서 직접 실행,P03,공통 계약·표준 타입·보안·오류·Context,03-00000126,P03-CORE-CPF-ROUTING,P02,CPF-GATE-03
CPF-SC-000127,CPF-FR-000611,CPF-ROUTING,P0,CORE,RESPONSE_LOSS,[CPF-ROUTING] Side effect 후 응답 유실,CPF Framework 개발자,최신 exact SHA; Owner commit,commit 후 reset,응답 차단,UNKNOWN·blind retry 금지·reconcile,자동 실패/무조건 retry,Java25·적용 DB/Provider/Browser/Process 환경,Local/Remote·single/multi-instance 중 적용,source SHA·command·environment·start/end·exit code·pre/post state·report/artifact hash·sanitization,미검증,4aea798c913787e86341809e2cef2b9495cbf7ba,,R3 최신 exact SHA 재실행 대기,연결 Requirement의 지정 Phase에서 직접 실행,P03,공통 계약·표준 타입·보안·오류·Context,03-00000127,P03-CORE-CPF-ROUTING,P02,CPF-GATE-03
CPF-SC-000128,CPF-FR-000611,CPF-ROUTING,P0,CORE,PARTIAL,[CPF-ROUTING] 부분 실패,CPF Framework 개발자,최신 exact SHA; 다중 대상/항목,일부 target failure,group 실행,개별 성공/실패/unknown 보존,전체 성공/실패로 축약,Java25·적용 DB/Provider/Browser/Process 환경,Local/Remote·single/multi-instance 중 적용,source SHA·command·environment·start/end·exit code·pre/post state·report/artifact hash·sanitization,미검증,4aea798c913787e86341809e2cef2b9495cbf7ba,,R3 최신 exact SHA 재실행 대기,연결 Requirement의 지정 Phase에서 직접 실행,P03,공통 계약·표준 타입·보안·오류·Context,03-00000128,P03-CORE-CPF-ROUTING,P02,CPF-GATE-03
CPF-SC-000129,CPF-FR-000611,CPF-ROUTING,P0,CORE,PROCESS_KILL,[CPF-ROUTING] Process Kill·Restart,CPF Framework 개발자,최신 exact SHA; durable state,worker kill,claim/apply 후 종료·재기동,lease 회수·stale fencing·복구,고아 상태·중복,Java25·적용 DB/Provider/Browser/Process 환경,Local/Remote·single/multi-instance 중 적용,source SHA·command·environment·start/end·exit code·pre/post state·report/artifact hash·sanitization,미검증,4aea798c913787e86341809e2cef2b9495cbf7ba,,R3 최신 exact SHA 재실행 대기,연결 Requirement의 지정 Phase에서 직접 실행,P03,공통 계약·표준 타입·보안·오류·Context,03-00000129,P03-CORE-CPF-ROUTING,P02,CPF-GATE-03
CPF-SC-000130,CPF-FR-000611,CPF-ROUTING,P0,CORE,MULTI_INSTANCE,[CPF-ROUTING] 다중 Instance,CPF Framework 개발자,최신 exact SHA; 2개 이상,공유 DB/queue,동시 처리·failover·rejoin,version/state 일치·중복 0,local state 의존,Java25·적용 DB/Provider/Browser/Process 환경,Local/Remote·single/multi-instance 중 적용,source SHA·command·environment·start/end·exit code·pre/post state·report/artifact hash·sanitization,미검증,4aea798c913787e86341809e2cef2b9495cbf7ba,,R3 최신 exact SHA 재실행 대기,연결 Requirement의 지정 Phase에서 직접 실행,P03,공통 계약·표준 타입·보안·오류·Context,03-00000130,P03-CORE-CPF-ROUTING,P02,CPF-GATE-03
CPF-SC-000131,CPF-FR-000611,CPF-ROUTING,P0,CORE,ROLLBACK,[CPF-ROUTING] Rollback/Forward Recovery,CPF Framework 개발자,최신 exact SHA; 변경 전 snapshot,적용 후 결함,rollback/forward fix,데이터 보존·actual 일치·audit,부분 rollback·drift,Java25·적용 DB/Provider/Browser/Process 환경,Local/Remote·single/multi-instance 중 적용,source SHA·command·environment·start/end·exit code·pre/post state·report/artifact hash·sanitization,미검증,4aea798c913787e86341809e2cef2b9495cbf7ba,,R3 최신 exact SHA 재실행 대기,연결 Requirement의 지정 Phase에서 직접 실행,P03,공통 계약·표준 타입·보안·오류·Context,03-00000131,P03-CORE-CPF-ROUTING,P02,CPF-GATE-03
CPF-SC-000132,CPF-FR-000611,CPF-ROUTING,P0,CORE,SECURITY_LEAK,[CPF-ROUTING] 민감정보 누출,CPF Framework 개발자,최신 exact SHA; PII/Secret fixture,오류·Log·UI·Download,정상/실패 실행,원문 0 또는 승인 범위,Log/DOM/Storage/Evidence 원문,Java25·적용 DB/Provider/Browser/Process 환경,Local/Remote·single/multi-instance 중 적용,source SHA·command·environment·start/end·exit code·pre/post state·report/artifact hash·sanitization,미검증,4aea798c913787e86341809e2cef2b9495cbf7ba,,R3 최신 exact SHA 재실행 대기,연결 Requirement의 지정 Phase에서 직접 실행,P03,공통 계약·표준 타입·보안·오류·Context,03-00000132,P03-CORE-CPF-ROUTING,P02,CPF-GATE-03
CPF-SC-000133,CPF-FR-000672,CPF-HEALTH,P0,CORE,POSITIVE,[CPF-HEALTH] 정상 수직 흐름,CPF Framework 개발자,최신 exact SHA; 유효 입력과 권한,정상 데이터,요청→검증→처리→저장/전달→응답→감사,정상 상태·side effect·tracking 일치,Mock-only 또는 Consumer 미호출,Java25·적용 DB/Provider/Browser/Process 환경,Local/Remote·single/multi-instance 중 적용,source SHA·command·environment·start/end·exit code·pre/post state·report/artifact hash·sanitization,미검증,4aea798c913787e86341809e2cef2b9495cbf7ba,,R3 최신 exact SHA 재실행 대기,연결 Requirement의 지정 Phase에서 직접 실행,P03,공통 계약·표준 타입·보안·오류·Context,03-00000133,P03-CORE-CPF-HEALTH,P02,CPF-GATE-03
CPF-SC-000134,CPF-FR-000672,CPF-HEALTH,P0,CORE,INVALID,[CPF-HEALTH] 입력·경계 오류,CPF Framework 개발자,최신 exact SHA; 유효 Session,invalid/empty/oversize/unknown enum,각 invalid 제출,표준 field/path 오류·side effect 0,500/raw exception/부분 저장,Java25·적용 DB/Provider/Browser/Process 환경,Local/Remote·single/multi-instance 중 적용,source SHA·command·environment·start/end·exit code·pre/post state·report/artifact hash·sanitization,미검증,4aea798c913787e86341809e2cef2b9495cbf7ba,,R3 최신 exact SHA 재실행 대기,연결 Requirement의 지정 Phase에서 직접 실행,P03,공통 계약·표준 타입·보안·오류·Context,03-00000134,P03-CORE-CPF-HEALTH,P02,CPF-GATE-03
CPF-SC-000135,CPF-FR-000672,CPF-HEALTH,P0,CORE,UNAUTHORIZED,[CPF-HEALTH] 미인증·권한 부족,CPF Framework 개발자,최신 exact SHA; 권한 없는 principal,401/403 대상,UI 직접 URL/API/Method 호출,Server 거부·Audit·민감정보 0,버튼만 숨김/default allow,Java25·적용 DB/Provider/Browser/Process 환경,Local/Remote·single/multi-instance 중 적용,source SHA·command·environment·start/end·exit code·pre/post state·report/artifact hash·sanitization,미검증,4aea798c913787e86341809e2cef2b9495cbf7ba,,R3 최신 exact SHA 재실행 대기,연결 Requirement의 지정 Phase에서 직접 실행,P03,공통 계약·표준 타입·보안·오류·Context,03-00000135,P03-CORE-CPF-HEALTH,P02,CPF-GATE-03
CPF-SC-000136,CPF-FR-000672,CPF-HEALTH,P0,CORE,CONFLICT,[CPF-HEALTH] Version·Hash 충돌,CPF Framework 개발자,최신 exact SHA; 기존 version,stale expectedVersion/다른 hash,동시/재시도 요청,409·기존 결과 보존·lost update 0,후행 요청 덮어씀,Java25·적용 DB/Provider/Browser/Process 환경,Local/Remote·single/multi-instance 중 적용,source SHA·command·environment·start/end·exit code·pre/post state·report/artifact hash·sanitization,미검증,4aea798c913787e86341809e2cef2b9495cbf7ba,,R3 최신 exact SHA 재실행 대기,연결 Requirement의 지정 Phase에서 직접 실행,P03,공통 계약·표준 타입·보안·오류·Context,03-00000136,P03-CORE-CPF-HEALTH,P02,CPF-GATE-03
CPF-SC-000137,CPF-FR-000672,CPF-HEALTH,P0,CORE,DUPLICATE,[CPF-HEALTH] 중복 요청,CPF Framework 개발자,최신 exact SHA; 같은 operationId,동일/상이 payload,동시·순차 중복,"동일 replay, 다른 payload conflict",side effect 2회,Java25·적용 DB/Provider/Browser/Process 환경,Local/Remote·single/multi-instance 중 적용,source SHA·command·environment·start/end·exit code·pre/post state·report/artifact hash·sanitization,미검증,4aea798c913787e86341809e2cef2b9495cbf7ba,,R3 최신 exact SHA 재실행 대기,연결 Requirement의 지정 Phase에서 직접 실행,P03,공통 계약·표준 타입·보안·오류·Context,03-00000137,P03-CORE-CPF-HEALTH,P02,CPF-GATE-03
CPF-SC-000138,CPF-FR-000672,CPF-HEALTH,P0,CORE,TIMEOUT_PRE,[CPF-HEALTH] Side effect 전 Timeout,CPF Framework 개발자,최신 exact SHA; dependency delay,connect/header timeout,timeout 주입,retryable failure·side effect 0,UNKNOWN/성공 오인,Java25·적용 DB/Provider/Browser/Process 환경,Local/Remote·single/multi-instance 중 적용,source SHA·command·environment·start/end·exit code·pre/post state·report/artifact hash·sanitization,미검증,4aea798c913787e86341809e2cef2b9495cbf7ba,,R3 최신 exact SHA 재실행 대기,연결 Requirement의 지정 Phase에서 직접 실행,P03,공통 계약·표준 타입·보안·오류·Context,03-00000138,P03-CORE-CPF-HEALTH,P02,CPF-GATE-03
CPF-SC-000139,CPF-FR-000672,CPF-HEALTH,P0,CORE,RESPONSE_LOSS,[CPF-HEALTH] Side effect 후 응답 유실,CPF Framework 개발자,최신 exact SHA; Owner commit,commit 후 reset,응답 차단,UNKNOWN·blind retry 금지·reconcile,자동 실패/무조건 retry,Java25·적용 DB/Provider/Browser/Process 환경,Local/Remote·single/multi-instance 중 적용,source SHA·command·environment·start/end·exit code·pre/post state·report/artifact hash·sanitization,미검증,4aea798c913787e86341809e2cef2b9495cbf7ba,,R3 최신 exact SHA 재실행 대기,연결 Requirement의 지정 Phase에서 직접 실행,P03,공통 계약·표준 타입·보안·오류·Context,03-00000139,P03-CORE-CPF-HEALTH,P02,CPF-GATE-03
CPF-SC-000140,CPF-FR-000672,CPF-HEALTH,P0,CORE,PARTIAL,[CPF-HEALTH] 부분 실패,CPF Framework 개발자,최신 exact SHA; 다중 대상/항목,일부 target failure,group 실행,개별 성공/실패/unknown 보존,전체 성공/실패로 축약,Java25·적용 DB/Provider/Browser/Process 환경,Local/Remote·single/multi-instance 중 적용,source SHA·command·environment·start/end·exit code·pre/post state·report/artifact hash·sanitization,미검증,4aea798c913787e86341809e2cef2b9495cbf7ba,,R3 최신 exact SHA 재실행 대기,연결 Requirement의 지정 Phase에서 직접 실행,P03,공통 계약·표준 타입·보안·오류·Context,03-00000140,P03-CORE-CPF-HEALTH,P02,CPF-GATE-03
CPF-SC-000141,CPF-FR-000672,CPF-HEALTH,P0,CORE,PROCESS_KILL,[CPF-HEALTH] Process Kill·Restart,CPF Framework 개발자,최신 exact SHA; durable state,worker kill,claim/apply 후 종료·재기동,lease 회수·stale fencing·복구,고아 상태·중복,Java25·적용 DB/Provider/Browser/Process 환경,Local/Remote·single/multi-instance 중 적용,source SHA·command·environment·start/end·exit code·pre/post state·report/artifact hash·sanitization,미검증,4aea798c913787e86341809e2cef2b9495cbf7ba,,R3 최신 exact SHA 재실행 대기,연결 Requirement의 지정 Phase에서 직접 실행,P03,공통 계약·표준 타입·보안·오류·Context,03-00000141,P03-CORE-CPF-HEALTH,P02,CPF-GATE-03
CPF-SC-000142,CPF-FR-000672,CPF-HEALTH,P0,CORE,MULTI_INSTANCE,[CPF-HEALTH] 다중 Instance,CPF Framework 개발자,최신 exact SHA; 2개 이상,공유 DB/queue,동시 처리·failover·rejoin,version/state 일치·중복 0,local state 의존,Java25·적용 DB/Provider/Browser/Process 환경,Local/Remote·single/multi-instance 중 적용,source SHA·command·environment·start/end·exit code·pre/post state·report/artifact hash·sanitization,미검증,4aea798c913787e86341809e2cef2b9495cbf7ba,,R3 최신 exact SHA 재실행 대기,연결 Requirement의 지정 Phase에서 직접 실행,P03,공통 계약·표준 타입·보안·오류·Context,03-00000142,P03-CORE-CPF-HEALTH,P02,CPF-GATE-03
CPF-SC-000143,CPF-FR-000672,CPF-HEALTH,P0,CORE,ROLLBACK,[CPF-HEALTH] Rollback/Forward Recovery,CPF Framework 개발자,최신 exact SHA; 변경 전 snapshot,적용 후 결함,rollback/forward fix,데이터 보존·actual 일치·audit,부분 rollback·drift,Java25·적용 DB/Provider/Browser/Process 환경,Local/Remote·single/multi-instance 중 적용,source SHA·command·environment·start/end·exit code·pre/post state·report/artifact hash·sanitization,미검증,4aea798c913787e86341809e2cef2b9495cbf7ba,,R3 최신 exact SHA 재실행 대기,연결 Requirement의 지정 Phase에서 직접 실행,P03,공통 계약·표준 타입·보안·오류·Context,03-00000143,P03-CORE-CPF-HEALTH,P02,CPF-GATE-03
CPF-SC-000144,CPF-FR-000672,CPF-HEALTH,P0,CORE,SECURITY_LEAK,[CPF-HEALTH] 민감정보 누출,CPF Framework 개발자,최신 exact SHA; PII/Secret fixture,오류·Log·UI·Download,정상/실패 실행,원문 0 또는 승인 범위,Log/DOM/Storage/Evidence 원문,Java25·적용 DB/Provider/Browser/Process 환경,Local/Remote·single/multi-instance 중 적용,source SHA·command·environment·start/end·exit code·pre/post state·report/artifact hash·sanitization,미검증,4aea798c913787e86341809e2cef2b9495cbf7ba,,R3 최신 exact SHA 재실행 대기,연결 Requirement의 지정 Phase에서 직접 실행,P03,공통 계약·표준 타입·보안·오류·Context,03-00000144,P03-CORE-CPF-HEALTH,P02,CPF-GATE-03
CPF-SC-000145,CPF-FR-000733,CPF-HEADER,P0,CORE,POSITIVE,[CPF-HEADER] 정상 수직 흐름,CPF Framework 개발자,최신 exact SHA; 유효 입력과 권한,정상 데이터,요청→검증→처리→저장/전달→응답→감사,정상 상태·side effect·tracking 일치,Mock-only 또는 Consumer 미호출,Java25·적용 DB/Provider/Browser/Process 환경,Local/Remote·single/multi-instance 중 적용,source SHA·command·environment·start/end·exit code·pre/post state·report/artifact hash·sanitization,미검증,4aea798c913787e86341809e2cef2b9495cbf7ba,,R3 최신 exact SHA 재실행 대기,연결 Requirement의 지정 Phase에서 직접 실행,P03,공통 계약·표준 타입·보안·오류·Context,03-00000145,P03-CORE-CPF-HEADER,P02,CPF-GATE-03
CPF-SC-000146,CPF-FR-000733,CPF-HEADER,P0,CORE,INVALID,[CPF-HEADER] 입력·경계 오류,CPF Framework 개발자,최신 exact SHA; 유효 Session,invalid/empty/oversize/unknown enum,각 invalid 제출,표준 field/path 오류·side effect 0,500/raw exception/부분 저장,Java25·적용 DB/Provider/Browser/Process 환경,Local/Remote·single/multi-instance 중 적용,source SHA·command·environment·start/end·exit code·pre/post state·report/artifact hash·sanitization,미검증,4aea798c913787e86341809e2cef2b9495cbf7ba,,R3 최신 exact SHA 재실행 대기,연결 Requirement의 지정 Phase에서 직접 실행,P03,공통 계약·표준 타입·보안·오류·Context,03-00000146,P03-CORE-CPF-HEADER,P02,CPF-GATE-03
CPF-SC-000147,CPF-FR-000733,CPF-HEADER,P0,CORE,UNAUTHORIZED,[CPF-HEADER] 미인증·권한 부족,CPF Framework 개발자,최신 exact SHA; 권한 없는 principal,401/403 대상,UI 직접 URL/API/Method 호출,Server 거부·Audit·민감정보 0,버튼만 숨김/default allow,Java25·적용 DB/Provider/Browser/Process 환경,Local/Remote·single/multi-instance 중 적용,source SHA·command·environment·start/end·exit code·pre/post state·report/artifact hash·sanitization,미검증,4aea798c913787e86341809e2cef2b9495cbf7ba,,R3 최신 exact SHA 재실행 대기,연결 Requirement의 지정 Phase에서 직접 실행,P03,공통 계약·표준 타입·보안·오류·Context,03-00000147,P03-CORE-CPF-HEADER,P02,CPF-GATE-03
CPF-SC-000148,CPF-FR-000733,CPF-HEADER,P0,CORE,CONFLICT,[CPF-HEADER] Version·Hash 충돌,CPF Framework 개발자,최신 exact SHA; 기존 version,stale expectedVersion/다른 hash,동시/재시도 요청,409·기존 결과 보존·lost update 0,후행 요청 덮어씀,Java25·적용 DB/Provider/Browser/Process 환경,Local/Remote·single/multi-instance 중 적용,source SHA·command·environment·start/end·exit code·pre/post state·report/artifact hash·sanitization,미검증,4aea798c913787e86341809e2cef2b9495cbf7ba,,R3 최신 exact SHA 재실행 대기,연결 Requirement의 지정 Phase에서 직접 실행,P03,공통 계약·표준 타입·보안·오류·Context,03-00000148,P03-CORE-CPF-HEADER,P02,CPF-GATE-03
CPF-SC-000149,CPF-FR-000733,CPF-HEADER,P0,CORE,DUPLICATE,[CPF-HEADER] 중복 요청,CPF Framework 개발자,최신 exact SHA; 같은 operationId,동일/상이 payload,동시·순차 중복,"동일 replay, 다른 payload conflict",side effect 2회,Java25·적용 DB/Provider/Browser/Process 환경,Local/Remote·single/multi-instance 중 적용,source SHA·command·environment·start/end·exit code·pre/post state·report/artifact hash·sanitization,미검증,4aea798c913787e86341809e2cef2b9495cbf7ba,,R3 최신 exact SHA 재실행 대기,연결 Requirement의 지정 Phase에서 직접 실행,P03,공통 계약·표준 타입·보안·오류·Context,03-00000149,P03-CORE-CPF-HEADER,P02,CPF-GATE-03
CPF-SC-000150,CPF-FR-000733,CPF-HEADER,P0,CORE,TIMEOUT_PRE,[CPF-HEADER] Side effect 전 Timeout,CPF Framework 개발자,최신 exact SHA; dependency delay,connect/header timeout,timeout 주입,retryable failure·side effect 0,UNKNOWN/성공 오인,Java25·적용 DB/Provider/Browser/Process 환경,Local/Remote·single/multi-instance 중 적용,source SHA·command·environment·start/end·exit code·pre/post state·report/artifact hash·sanitization,미검증,4aea798c913787e86341809e2cef2b9495cbf7ba,,R3 최신 exact SHA 재실행 대기,연결 Requirement의 지정 Phase에서 직접 실행,P03,공통 계약·표준 타입·보안·오류·Context,03-00000150,P03-CORE-CPF-HEADER,P02,CPF-GATE-03
CPF-SC-000151,CPF-FR-000733,CPF-HEADER,P0,CORE,RESPONSE_LOSS,[CPF-HEADER] Side effect 후 응답 유실,CPF Framework 개발자,최신 exact SHA; Owner commit,commit 후 reset,응답 차단,UNKNOWN·blind retry 금지·reconcile,자동 실패/무조건 retry,Java25·적용 DB/Provider/Browser/Process 환경,Local/Remote·single/multi-instance 중 적용,source SHA·command·environment·start/end·exit code·pre/post state·report/artifact hash·sanitization,미검증,4aea798c913787e86341809e2cef2b9495cbf7ba,,R3 최신 exact SHA 재실행 대기,연결 Requirement의 지정 Phase에서 직접 실행,P03,공통 계약·표준 타입·보안·오류·Context,03-00000151,P03-CORE-CPF-HEADER,P02,CPF-GATE-03
CPF-SC-000152,CPF-FR-000733,CPF-HEADER,P0,CORE,PARTIAL,[CPF-HEADER] 부분 실패,CPF Framework 개발자,최신 exact SHA; 다중 대상/항목,일부 target failure,group 실행,개별 성공/실패/unknown 보존,전체 성공/실패로 축약,Java25·적용 DB/Provider/Browser/Process 환경,Local/Remote·single/multi-instance 중 적용,source SHA·command·environment·start/end·exit code·pre/post state·report/artifact hash·sanitization,미검증,4aea798c913787e86341809e2cef2b9495cbf7ba,,R3 최신 exact SHA 재실행 대기,연결 Requirement의 지정 Phase에서 직접 실행,P03,공통 계약·표준 타입·보안·오류·Context,03-00000152,P03-CORE-CPF-HEADER,P02,CPF-GATE-03
CPF-SC-000153,CPF-FR-000733,CPF-HEADER,P0,CORE,PROCESS_KILL,[CPF-HEADER] Process Kill·Restart,CPF Framework 개발자,최신 exact SHA; durable state,worker kill,claim/apply 후 종료·재기동,lease 회수·stale fencing·복구,고아 상태·중복,Java25·적용 DB/Provider/Browser/Process 환경,Local/Remote·single/multi-instance 중 적용,source SHA·command·environment·start/end·exit code·pre/post state·report/artifact hash·sanitization,미검증,4aea798c913787e86341809e2cef2b9495cbf7ba,,R3 최신 exact SHA 재실행 대기,연결 Requirement의 지정 Phase에서 직접 실행,P03,공통 계약·표준 타입·보안·오류·Context,03-00000153,P03-CORE-CPF-HEADER,P02,CPF-GATE-03
CPF-SC-000154,CPF-FR-000733,CPF-HEADER,P0,CORE,MULTI_INSTANCE,[CPF-HEADER] 다중 Instance,CPF Framework 개발자,최신 exact SHA; 2개 이상,공유 DB/queue,동시 처리·failover·rejoin,version/state 일치·중복 0,local state 의존,Java25·적용 DB/Provider/Browser/Process 환경,Local/Remote·single/multi-instance 중 적용,source SHA·command·environment·start/end·exit code·pre/post state·report/artifact hash·sanitization,미검증,4aea798c913787e86341809e2cef2b9495cbf7ba,,R3 최신 exact SHA 재실행 대기,연결 Requirement의 지정 Phase에서 직접 실행,P03,공통 계약·표준 타입·보안·오류·Context,03-00000154,P03-CORE-CPF-HEADER,P02,CPF-GATE-03
CPF-SC-000155,CPF-FR-000733,CPF-HEADER,P0,CORE,ROLLBACK,[CPF-HEADER] Rollback/Forward Recovery,CPF Framework 개발자,최신 exact SHA; 변경 전 snapshot,적용 후 결함,rollback/forward fix,데이터 보존·actual 일치·audit,부분 rollback·drift,Java25·적용 DB/Provider/Browser/Process 환경,Local/Remote·single/multi-instance 중 적용,source SHA·command·environment·start/end·exit code·pre/post state·report/artifact hash·sanitization,미검증,4aea798c913787e86341809e2cef2b9495cbf7ba,,R3 최신 exact SHA 재실행 대기,연결 Requirement의 지정 Phase에서 직접 실행,P03,공통 계약·표준 타입·보안·오류·Context,03-00000155,P03-CORE-CPF-HEADER,P02,CPF-GATE-03
CPF-SC-000156,CPF-FR-000733,CPF-HEADER,P0,CORE,SECURITY_LEAK,[CPF-HEADER] 민감정보 누출,CPF Framework 개발자,최신 exact SHA; PII/Secret fixture,오류·Log·UI·Download,정상/실패 실행,원문 0 또는 승인 범위,Log/DOM/Storage/Evidence 원문,Java25·적용 DB/Provider/Browser/Process 환경,Local/Remote·single/multi-instance 중 적용,source SHA·command·environment·start/end·exit code·pre/post state·report/artifact hash·sanitization,미검증,4aea798c913787e86341809e2cef2b9495cbf7ba,,R3 최신 exact SHA 재실행 대기,연결 Requirement의 지정 Phase에서 직접 실행,P03,공통 계약·표준 타입·보안·오류·Context,03-00000156,P03-CORE-CPF-HEADER,P02,CPF-GATE-03
CPF-SC-000157,CPF-FR-000794,CPF-CONTEXT,P0,CORE,POSITIVE,[CPF-CONTEXT] 정상 수직 흐름,CPF Framework 개발자,최신 exact SHA; 유효 입력과 권한,정상 데이터,요청→검증→처리→저장/전달→응답→감사,정상 상태·side effect·tracking 일치,Mock-only 또는 Consumer 미호출,Java25·적용 DB/Provider/Browser/Process 환경,Local/Remote·single/multi-instance 중 적용,source SHA·command·environment·start/end·exit code·pre/post state·report/artifact hash·sanitization,미검증,4aea798c913787e86341809e2cef2b9495cbf7ba,,R3 최신 exact SHA 재실행 대기,연결 Requirement의 지정 Phase에서 직접 실행,P03,공통 계약·표준 타입·보안·오류·Context,03-00000157,P03-CORE-CPF-CONTEXT,P02,CPF-GATE-03
CPF-SC-000158,CPF-FR-000794,CPF-CONTEXT,P0,CORE,INVALID,[CPF-CONTEXT] 입력·경계 오류,CPF Framework 개발자,최신 exact SHA; 유효 Session,invalid/empty/oversize/unknown enum,각 invalid 제출,표준 field/path 오류·side effect 0,500/raw exception/부분 저장,Java25·적용 DB/Provider/Browser/Process 환경,Local/Remote·single/multi-instance 중 적용,source SHA·command·environment·start/end·exit code·pre/post state·report/artifact hash·sanitization,미검증,4aea798c913787e86341809e2cef2b9495cbf7ba,,R3 최신 exact SHA 재실행 대기,연결 Requirement의 지정 Phase에서 직접 실행,P03,공통 계약·표준 타입·보안·오류·Context,03-00000158,P03-CORE-CPF-CONTEXT,P02,CPF-GATE-03
CPF-SC-000159,CPF-FR-000794,CPF-CONTEXT,P0,CORE,UNAUTHORIZED,[CPF-CONTEXT] 미인증·권한 부족,CPF Framework 개발자,최신 exact SHA; 권한 없는 principal,401/403 대상,UI 직접 URL/API/Method 호출,Server 거부·Audit·민감정보 0,버튼만 숨김/default allow,Java25·적용 DB/Provider/Browser/Process 환경,Local/Remote·single/multi-instance 중 적용,source SHA·command·environment·start/end·exit code·pre/post state·report/artifact hash·sanitization,미검증,4aea798c913787e86341809e2cef2b9495cbf7ba,,R3 최신 exact SHA 재실행 대기,연결 Requirement의 지정 Phase에서 직접 실행,P03,공통 계약·표준 타입·보안·오류·Context,03-00000159,P03-CORE-CPF-CONTEXT,P02,CPF-GATE-03
CPF-SC-000160,CPF-FR-000794,CPF-CONTEXT,P0,CORE,CONFLICT,[CPF-CONTEXT] Version·Hash 충돌,CPF Framework 개발자,최신 exact SHA; 기존 version,stale expectedVersion/다른 hash,동시/재시도 요청,409·기존 결과 보존·lost update 0,후행 요청 덮어씀,Java25·적용 DB/Provider/Browser/Process 환경,Local/Remote·single/multi-instance 중 적용,source SHA·command·environment·start/end·exit code·pre/post state·report/artifact hash·sanitization,미검증,4aea798c913787e86341809e2cef2b9495cbf7ba,,R3 최신 exact SHA 재실행 대기,연결 Requirement의 지정 Phase에서 직접 실행,P03,공통 계약·표준 타입·보안·오류·Context,03-00000160,P03-CORE-CPF-CONTEXT,P02,CPF-GATE-03
CPF-SC-000161,CPF-FR-000794,CPF-CONTEXT,P0,CORE,DUPLICATE,[CPF-CONTEXT] 중복 요청,CPF Framework 개발자,최신 exact SHA; 같은 operationId,동일/상이 payload,동시·순차 중복,"동일 replay, 다른 payload conflict",side effect 2회,Java25·적용 DB/Provider/Browser/Process 환경,Local/Remote·single/multi-instance 중 적용,source SHA·command·environment·start/end·exit code·pre/post state·report/artifact hash·sanitization,미검증,4aea798c913787e86341809e2cef2b9495cbf7ba,,R3 최신 exact SHA 재실행 대기,연결 Requirement의 지정 Phase에서 직접 실행,P03,공통 계약·표준 타입·보안·오류·Context,03-00000161,P03-CORE-CPF-CONTEXT,P02,CPF-GATE-03
CPF-SC-000162,CPF-FR-000794,CPF-CONTEXT,P0,CORE,TIMEOUT_PRE,[CPF-CONTEXT] Side effect 전 Timeout,CPF Framework 개발자,최신 exact SHA; dependency delay,connect/header timeout,timeout 주입,retryable failure·side effect 0,UNKNOWN/성공 오인,Java25·적용 DB/Provider/Browser/Process 환경,Local/Remote·single/multi-instance 중 적용,source SHA·command·environment·start/end·exit code·pre/post state·report/artifact hash·sanitization,미검증,4aea798c913787e86341809e2cef2b9495cbf7ba,,R3 최신 exact SHA 재실행 대기,연결 Requirement의 지정 Phase에서 직접 실행,P03,공통 계약·표준 타입·보안·오류·Context,03-00000162,P03-CORE-CPF-CONTEXT,P02,CPF-GATE-03
CPF-SC-000163,CPF-FR-000794,CPF-CONTEXT,P0,CORE,RESPONSE_LOSS,[CPF-CONTEXT] Side effect 후 응답 유실,CPF Framework 개발자,최신 exact SHA; Owner commit,commit 후 reset,응답 차단,UNKNOWN·blind retry 금지·reconcile,자동 실패/무조건 retry,Java25·적용 DB/Provider/Browser/Process 환경,Local/Remote·single/multi-instance 중 적용,source SHA·command·environment·start/end·exit code·pre/post state·report/artifact hash·sanitization,미검증,4aea798c913787e86341809e2cef2b9495cbf7ba,,R3 최신 exact SHA 재실행 대기,연결 Requirement의 지정 Phase에서 직접 실행,P03,공통 계약·표준 타입·보안·오류·Context,03-00000163,P03-CORE-CPF-CONTEXT,P02,CPF-GATE-03
CPF-SC-000164,CPF-FR-000794,CPF-CONTEXT,P0,CORE,PARTIAL,[CPF-CONTEXT] 부분 실패,CPF Framework 개발자,최신 exact SHA; 다중 대상/항목,일부 target failure,group 실행,개별 성공/실패/unknown 보존,전체 성공/실패로 축약,Java25·적용 DB/Provider/Browser/Process 환경,Local/Remote·single/multi-instance 중 적용,source SHA·command·environment·start/end·exit code·pre/post state·report/artifact hash·sanitization,미검증,4aea798c913787e86341809e2cef2b9495cbf7ba,,R3 최신 exact SHA 재실행 대기,연결 Requirement의 지정 Phase에서 직접 실행,P03,공통 계약·표준 타입·보안·오류·Context,03-00000164,P03-CORE-CPF-CONTEXT,P02,CPF-GATE-03
CPF-SC-000165,CPF-FR-000794,CPF-CONTEXT,P0,CORE,PROCESS_KILL,[CPF-CONTEXT] Process Kill·Restart,CPF Framework 개발자,최신 exact SHA; durable state,worker kill,claim/apply 후 종료·재기동,lease 회수·stale fencing·복구,고아 상태·중복,Java25·적용 DB/Provider/Browser/Process 환경,Local/Remote·single/multi-instance 중 적용,source SHA·command·environment·start/end·exit code·pre/post state·report/artifact hash·sanitization,미검증,4aea798c913787e86341809e2cef2b9495cbf7ba,,R3 최신 exact SHA 재실행 대기,연결 Requirement의 지정 Phase에서 직접 실행,P03,공통 계약·표준 타입·보안·오류·Context,03-00000165,P03-CORE-CPF-CONTEXT,P02,CPF-GATE-03
CPF-SC-000166,CPF-FR-000794,CPF-CONTEXT,P0,CORE,MULTI_INSTANCE,[CPF-CONTEXT] 다중 Instance,CPF Framework 개발자,최신 exact SHA; 2개 이상,공유 DB/queue,동시 처리·failover·rejoin,version/state 일치·중복 0,local state 의존,Java25·적용 DB/Provider/Browser/Process 환경,Local/Remote·single/multi-instance 중 적용,source SHA·command·environment·start/end·exit code·pre/post state·report/artifact hash·sanitization,미검증,4aea798c913787e86341809e2cef2b9495cbf7ba,,R3 최신 exact SHA 재실행 대기,연결 Requirement의 지정 Phase에서 직접 실행,P03,공통 계약·표준 타입·보안·오류·Context,03-00000166,P03-CORE-CPF-CONTEXT,P02,CPF-GATE-03
CPF-SC-000167,CPF-FR-000794,CPF-CONTEXT,P0,CORE,ROLLBACK,[CPF-CONTEXT] Rollback/Forward Recovery,CPF Framework 개발자,최신 exact SHA; 변경 전 snapshot,적용 후 결함,rollback/forward fix,데이터 보존·actual 일치·audit,부분 rollback·drift,Java25·적용 DB/Provider/Browser/Process 환경,Local/Remote·single/multi-instance 중 적용,source SHA·command·environment·start/end·exit code·pre/post state·report/artifact hash·sanitization,미검증,4aea798c913787e86341809e2cef2b9495cbf7ba,,R3 최신 exact SHA 재실행 대기,연결 Requirement의 지정 Phase에서 직접 실행,P03,공통 계약·표준 타입·보안·오류·Context,03-00000167,P03-CORE-CPF-CONTEXT,P02,CPF-GATE-03
CPF-SC-000168,CPF-FR-000794,CPF-CONTEXT,P0,CORE,SECURITY_LEAK,[CPF-CONTEXT] 민감정보 누출,CPF Framework 개발자,최신 exact SHA; PII/Secret fixture,오류·Log·UI·Download,정상/실패 실행,원문 0 또는 승인 범위,Log/DOM/Storage/Evidence 원문,Java25·적용 DB/Provider/Browser/Process 환경,Local/Remote·single/multi-instance 중 적용,source SHA·command·environment·start/end·exit code·pre/post state·report/artifact hash·sanitization,미검증,4aea798c913787e86341809e2cef2b9495cbf7ba,,R3 최신 exact SHA 재실행 대기,연결 Requirement의 지정 Phase에서 직접 실행,P03,공통 계약·표준 타입·보안·오류·Context,03-00000168,P03-CORE-CPF-CONTEXT,P02,CPF-GATE-03
CPF-SC-000169,CPF-FR-000855,CPF-TXID,P0,CORE,POSITIVE,[CPF-TXID] 정상 수직 흐름,CPF Framework 개발자,최신 exact SHA; 유효 입력과 권한,정상 데이터,요청→검증→처리→저장/전달→응답→감사,정상 상태·side effect·tracking 일치,Mock-only 또는 Consumer 미호출,Java25·적용 DB/Provider/Browser/Process 환경,Local/Remote·single/multi-instance 중 적용,source SHA·command·environment·start/end·exit code·pre/post state·report/artifact hash·sanitization,미검증,4aea798c913787e86341809e2cef2b9495cbf7ba,,R3 최신 exact SHA 재실행 대기,연결 Requirement의 지정 Phase에서 직접 실행,P03,공통 계약·표준 타입·보안·오류·Context,03-00000169,P03-CORE-CPF-TXID,P02,CPF-GATE-03
CPF-SC-000170,CPF-FR-000855,CPF-TXID,P0,CORE,INVALID,[CPF-TXID] 입력·경계 오류,CPF Framework 개발자,최신 exact SHA; 유효 Session,invalid/empty/oversize/unknown enum,각 invalid 제출,표준 field/path 오류·side effect 0,500/raw exception/부분 저장,Java25·적용 DB/Provider/Browser/Process 환경,Local/Remote·single/multi-instance 중 적용,source SHA·command·environment·start/end·exit code·pre/post state·report/artifact hash·sanitization,미검증,4aea798c913787e86341809e2cef2b9495cbf7ba,,R3 최신 exact SHA 재실행 대기,연결 Requirement의 지정 Phase에서 직접 실행,P03,공통 계약·표준 타입·보안·오류·Context,03-00000170,P03-CORE-CPF-TXID,P02,CPF-GATE-03
CPF-SC-000171,CPF-FR-000855,CPF-TXID,P0,CORE,UNAUTHORIZED,[CPF-TXID] 미인증·권한 부족,CPF Framework 개발자,최신 exact SHA; 권한 없는 principal,401/403 대상,UI 직접 URL/API/Method 호출,Server 거부·Audit·민감정보 0,버튼만 숨김/default allow,Java25·적용 DB/Provider/Browser/Process 환경,Local/Remote·single/multi-instance 중 적용,source SHA·command·environment·start/end·exit code·pre/post state·report/artifact hash·sanitization,미검증,4aea798c913787e86341809e2cef2b9495cbf7ba,,R3 최신 exact SHA 재실행 대기,연결 Requirement의 지정 Phase에서 직접 실행,P03,공통 계약·표준 타입·보안·오류·Context,03-00000171,P03-CORE-CPF-TXID,P02,CPF-GATE-03
CPF-SC-000172,CPF-FR-000855,CPF-TXID,P0,CORE,CONFLICT,[CPF-TXID] Version·Hash 충돌,CPF Framework 개발자,최신 exact SHA; 기존 version,stale expectedVersion/다른 hash,동시/재시도 요청,409·기존 결과 보존·lost update 0,후행 요청 덮어씀,Java25·적용 DB/Provider/Browser/Process 환경,Local/Remote·single/multi-instance 중 적용,source SHA·command·environment·start/end·exit code·pre/post state·report/artifact hash·sanitization,미검증,4aea798c913787e86341809e2cef2b9495cbf7ba,,R3 최신 exact SHA 재실행 대기,연결 Requirement의 지정 Phase에서 직접 실행,P03,공통 계약·표준 타입·보안·오류·Context,03-00000172,P03-CORE-CPF-TXID,P02,CPF-GATE-03
CPF-SC-000173,CPF-FR-000855,CPF-TXID,P0,CORE,DUPLICATE,[CPF-TXID] 중복 요청,CPF Framework 개발자,최신 exact SHA; 같은 operationId,동일/상이 payload,동시·순차 중복,"동일 replay, 다른 payload conflict",side effect 2회,Java25·적용 DB/Provider/Browser/Process 환경,Local/Remote·single/multi-instance 중 적용,source SHA·command·environment·start/end·exit code·pre/post state·report/artifact hash·sanitization,미검증,4aea798c913787e86341809e2cef2b9495cbf7ba,,R3 최신 exact SHA 재실행 대기,연결 Requirement의 지정 Phase에서 직접 실행,P03,공통 계약·표준 타입·보안·오류·Context,03-00000173,P03-CORE-CPF-TXID,P02,CPF-GATE-03
CPF-SC-000174,CPF-FR-000855,CPF-TXID,P0,CORE,TIMEOUT_PRE,[CPF-TXID] Side effect 전 Timeout,CPF Framework 개발자,최신 exact SHA; dependency delay,connect/header timeout,timeout 주입,retryable failure·side effect 0,UNKNOWN/성공 오인,Java25·적용 DB/Provider/Browser/Process 환경,Local/Remote·single/multi-instance 중 적용,source SHA·command·environment·start/end·exit code·pre/post state·report/artifact hash·sanitization,미검증,4aea798c913787e86341809e2cef2b9495cbf7ba,,R3 최신 exact SHA 재실행 대기,연결 Requirement의 지정 Phase에서 직접 실행,P03,공통 계약·표준 타입·보안·오류·Context,03-00000174,P03-CORE-CPF-TXID,P02,CPF-GATE-03
CPF-SC-000175,CPF-FR-000855,CPF-TXID,P0,CORE,RESPONSE_LOSS,[CPF-TXID] Side effect 후 응답 유실,CPF Framework 개발자,최신 exact SHA; Owner commit,commit 후 reset,응답 차단,UNKNOWN·blind retry 금지·reconcile,자동 실패/무조건 retry,Java25·적용 DB/Provider/Browser/Process 환경,Local/Remote·single/multi-instance 중 적용,source SHA·command·environment·start/end·exit code·pre/post state·report/artifact hash·sanitization,미검증,4aea798c913787e86341809e2cef2b9495cbf7ba,,R3 최신 exact SHA 재실행 대기,연결 Requirement의 지정 Phase에서 직접 실행,P03,공통 계약·표준 타입·보안·오류·Context,03-00000175,P03-CORE-CPF-TXID,P02,CPF-GATE-03
CPF-SC-000176,CPF-FR-000855,CPF-TXID,P0,CORE,PARTIAL,[CPF-TXID] 부분 실패,CPF Framework 개발자,최신 exact SHA; 다중 대상/항목,일부 target failure,group 실행,개별 성공/실패/unknown 보존,전체 성공/실패로 축약,Java25·적용 DB/Provider/Browser/Process 환경,Local/Remote·single/multi-instance 중 적용,source SHA·command·environment·start/end·exit code·pre/post state·report/artifact hash·sanitization,미검증,4aea798c913787e86341809e2cef2b9495cbf7ba,,R3 최신 exact SHA 재실행 대기,연결 Requirement의 지정 Phase에서 직접 실행,P03,공통 계약·표준 타입·보안·오류·Context,03-00000176,P03-CORE-CPF-TXID,P02,CPF-GATE-03
CPF-SC-000177,CPF-FR-000855,CPF-TXID,P0,CORE,PROCESS_KILL,[CPF-TXID] Process Kill·Restart,CPF Framework 개발자,최신 exact SHA; durable state,worker kill,claim/apply 후 종료·재기동,lease 회수·stale fencing·복구,고아 상태·중복,Java25·적용 DB/Provider/Browser/Process 환경,Local/Remote·single/multi-instance 중 적용,source SHA·command·environment·start/end·exit code·pre/post state·report/artifact hash·sanitization,미검증,4aea798c913787e86341809e2cef2b9495cbf7ba,,R3 최신 exact SHA 재실행 대기,연결 Requirement의 지정 Phase에서 직접 실행,P03,공통 계약·표준 타입·보안·오류·Context,03-00000177,P03-CORE-CPF-TXID,P02,CPF-GATE-03
CPF-SC-000178,CPF-FR-000855,CPF-TXID,P0,CORE,MULTI_INSTANCE,[CPF-TXID] 다중 Instance,CPF Framework 개발자,최신 exact SHA; 2개 이상,공유 DB/queue,동시 처리·failover·rejoin,version/state 일치·중복 0,local state 의존,Java25·적용 DB/Provider/Browser/Process 환경,Local/Remote·single/multi-instance 중 적용,source SHA·command·environment·start/end·exit code·pre/post state·report/artifact hash·sanitization,미검증,4aea798c913787e86341809e2cef2b9495cbf7ba,,R3 최신 exact SHA 재실행 대기,연결 Requirement의 지정 Phase에서 직접 실행,P03,공통 계약·표준 타입·보안·오류·Context,03-00000178,P03-CORE-CPF-TXID,P02,CPF-GATE-03
CPF-SC-000179,CPF-FR-000855,CPF-TXID,P0,CORE,ROLLBACK,[CPF-TXID] Rollback/Forward Recovery,CPF Framework 개발자,최신 exact SHA; 변경 전 snapshot,적용 후 결함,rollback/forward fix,데이터 보존·actual 일치·audit,부분 rollback·drift,Java25·적용 DB/Provider/Browser/Process 환경,Local/Remote·single/multi-instance 중 적용,source SHA·command·environment·start/end·exit code·pre/post state·report/artifact hash·sanitization,미검증,4aea798c913787e86341809e2cef2b9495cbf7ba,,R3 최신 exact SHA 재실행 대기,연결 Requirement의 지정 Phase에서 직접 실행,P03,공통 계약·표준 타입·보안·오류·Context,03-00000179,P03-CORE-CPF-TXID,P02,CPF-GATE-03
CPF-SC-000180,CPF-FR-000855,CPF-TXID,P0,CORE,SECURITY_LEAK,[CPF-TXID] 민감정보 누출,CPF Framework 개발자,최신 exact SHA; PII/Secret fixture,오류·Log·UI·Download,정상/실패 실행,원문 0 또는 승인 범위,Log/DOM/Storage/Evidence 원문,Java25·적용 DB/Provider/Browser/Process 환경,Local/Remote·single/multi-instance 중 적용,source SHA·command·environment·start/end·exit code·pre/post state·report/artifact hash·sanitization,미검증,4aea798c913787e86341809e2cef2b9495cbf7ba,,R3 최신 exact SHA 재실행 대기,연결 Requirement의 지정 Phase에서 직접 실행,P03,공통 계약·표준 타입·보안·오류·Context,03-00000180,P03-CORE-CPF-TXID,P02,CPF-GATE-03
CPF-SC-000181,CPF-FR-000916,CPF-ROLE,P0,CORE,POSITIVE,[CPF-ROLE] 정상 수직 흐름,CPF Framework 개발자,최신 exact SHA; 유효 입력과 권한,정상 데이터,요청→검증→처리→저장/전달→응답→감사,정상 상태·side effect·tracking 일치,Mock-only 또는 Consumer 미호출,Java25·적용 DB/Provider/Browser/Process 환경,Local/Remote·single/multi-instance 중 적용,source SHA·command·environment·start/end·exit code·pre/post state·report/artifact hash·sanitization,미검증,4aea798c913787e86341809e2cef2b9495cbf7ba,,R3 최신 exact SHA 재실행 대기,연결 Requirement의 지정 Phase에서 직접 실행,P03,공통 계약·표준 타입·보안·오류·Context,03-00000181,P03-CORE-CPF-ROLE,P02,CPF-GATE-03
CPF-SC-000182,CPF-FR-000916,CPF-ROLE,P0,CORE,INVALID,[CPF-ROLE] 입력·경계 오류,CPF Framework 개발자,최신 exact SHA; 유효 Session,invalid/empty/oversize/unknown enum,각 invalid 제출,표준 field/path 오류·side effect 0,500/raw exception/부분 저장,Java25·적용 DB/Provider/Browser/Process 환경,Local/Remote·single/multi-instance 중 적용,source SHA·command·environment·start/end·exit code·pre/post state·report/artifact hash·sanitization,미검증,4aea798c913787e86341809e2cef2b9495cbf7ba,,R3 최신 exact SHA 재실행 대기,연결 Requirement의 지정 Phase에서 직접 실행,P03,공통 계약·표준 타입·보안·오류·Context,03-00000182,P03-CORE-CPF-ROLE,P02,CPF-GATE-03
CPF-SC-000183,CPF-FR-000916,CPF-ROLE,P0,CORE,UNAUTHORIZED,[CPF-ROLE] 미인증·권한 부족,CPF Framework 개발자,최신 exact SHA; 권한 없는 principal,401/403 대상,UI 직접 URL/API/Method 호출,Server 거부·Audit·민감정보 0,버튼만 숨김/default allow,Java25·적용 DB/Provider/Browser/Process 환경,Local/Remote·single/multi-instance 중 적용,source SHA·command·environment·start/end·exit code·pre/post state·report/artifact hash·sanitization,미검증,4aea798c913787e86341809e2cef2b9495cbf7ba,,R3 최신 exact SHA 재실행 대기,연결 Requirement의 지정 Phase에서 직접 실행,P03,공통 계약·표준 타입·보안·오류·Context,03-00000183,P03-CORE-CPF-ROLE,P02,CPF-GATE-03
CPF-SC-000184,CPF-FR-000916,CPF-ROLE,P0,CORE,CONFLICT,[CPF-ROLE] Version·Hash 충돌,CPF Framework 개발자,최신 exact SHA; 기존 version,stale expectedVersion/다른 hash,동시/재시도 요청,409·기존 결과 보존·lost update 0,후행 요청 덮어씀,Java25·적용 DB/Provider/Browser/Process 환경,Local/Remote·single/multi-instance 중 적용,source SHA·command·environment·start/end·exit code·pre/post state·report/artifact hash·sanitization,미검증,4aea798c913787e86341809e2cef2b9495cbf7ba,,R3 최신 exact SHA 재실행 대기,연결 Requirement의 지정 Phase에서 직접 실행,P03,공통 계약·표준 타입·보안·오류·Context,03-00000184,P03-CORE-CPF-ROLE,P02,CPF-GATE-03
CPF-SC-000185,CPF-FR-000916,CPF-ROLE,P0,CORE,DUPLICATE,[CPF-ROLE] 중복 요청,CPF Framework 개발자,최신 exact SHA; 같은 operationId,동일/상이 payload,동시·순차 중복,"동일 replay, 다른 payload conflict",side effect 2회,Java25·적용 DB/Provider/Browser/Process 환경,Local/Remote·single/multi-instance 중 적용,source SHA·command·environment·start/end·exit code·pre/post state·report/artifact hash·sanitization,미검증,4aea798c913787e86341809e2cef2b9495cbf7ba,,R3 최신 exact SHA 재실행 대기,연결 Requirement의 지정 Phase에서 직접 실행,P03,공통 계약·표준 타입·보안·오류·Context,03-00000185,P03-CORE-CPF-ROLE,P02,CPF-GATE-03
CPF-SC-000186,CPF-FR-000916,CPF-ROLE,P0,CORE,TIMEOUT_PRE,[CPF-ROLE] Side effect 전 Timeout,CPF Framework 개발자,최신 exact SHA; dependency delay,connect/header timeout,timeout 주입,retryable failure·side effect 0,UNKNOWN/성공 오인,Java25·적용 DB/Provider/Browser/Process 환경,Local/Remote·single/multi-instance 중 적용,source SHA·command·environment·start/end·exit code·pre/post state·report/artifact hash·sanitization,미검증,4aea798c913787e86341809e2cef2b9495cbf7ba,,R3 최신 exact SHA 재실행 대기,연결 Requirement의 지정 Phase에서 직접 실행,P03,공통 계약·표준 타입·보안·오류·Context,03-00000186,P03-CORE-CPF-ROLE,P02,CPF-GATE-03
CPF-SC-000187,CPF-FR-000916,CPF-ROLE,P0,CORE,RESPONSE_LOSS,[CPF-ROLE] Side effect 후 응답 유실,CPF Framework 개발자,최신 exact SHA; Owner commit,commit 후 reset,응답 차단,UNKNOWN·blind retry 금지·reconcile,자동 실패/무조건 retry,Java25·적용 DB/Provider/Browser/Process 환경,Local/Remote·single/multi-instance 중 적용,source SHA·command·environment·start/end·exit code·pre/post state·report/artifact hash·sanitization,미검증,4aea798c913787e86341809e2cef2b9495cbf7ba,,R3 최신 exact SHA 재실행 대기,연결 Requirement의 지정 Phase에서 직접 실행,P03,공통 계약·표준 타입·보안·오류·Context,03-00000187,P03-CORE-CPF-ROLE,P02,CPF-GATE-03
CPF-SC-000188,CPF-FR-000916,CPF-ROLE,P0,CORE,PARTIAL,[CPF-ROLE] 부분 실패,CPF Framework 개발자,최신 exact SHA; 다중 대상/항목,일부 target failure,group 실행,개별 성공/실패/unknown 보존,전체 성공/실패로 축약,Java25·적용 DB/Provider/Browser/Process 환경,Local/Remote·single/multi-instance 중 적용,source SHA·command·environment·start/end·exit code·pre/post state·report/artifact hash·sanitization,미검증,4aea798c913787e86341809e2cef2b9495cbf7ba,,R3 최신 exact SHA 재실행 대기,연결 Requirement의 지정 Phase에서 직접 실행,P03,공통 계약·표준 타입·보안·오류·Context,03-00000188,P03-CORE-CPF-ROLE,P02,CPF-GATE-03
CPF-SC-000189,CPF-FR-000916,CPF-ROLE,P0,CORE,PROCESS_KILL,[CPF-ROLE] Process Kill·Restart,CPF Framework 개발자,최신 exact SHA; durable state,worker kill,claim/apply 후 종료·재기동,lease 회수·stale fencing·복구,고아 상태·중복,Java25·적용 DB/Provider/Browser/Process 환경,Local/Remote·single/multi-instance 중 적용,source SHA·command·environment·start/end·exit code·pre/post state·report/artifact hash·sanitization,미검증,4aea798c913787e86341809e2cef2b9495cbf7ba,,R3 최신 exact SHA 재실행 대기,연결 Requirement의 지정 Phase에서 직접 실행,P03,공통 계약·표준 타입·보안·오류·Context,03-00000189,P03-CORE-CPF-ROLE,P02,CPF-GATE-03
CPF-SC-000190,CPF-FR-000916,CPF-ROLE,P0,CORE,MULTI_INSTANCE,[CPF-ROLE] 다중 Instance,CPF Framework 개발자,최신 exact SHA; 2개 이상,공유 DB/queue,동시 처리·failover·rejoin,version/state 일치·중복 0,local state 의존,Java25·적용 DB/Provider/Browser/Process 환경,Local/Remote·single/multi-instance 중 적용,source SHA·command·environment·start/end·exit code·pre/post state·report/artifact hash·sanitization,미검증,4aea798c913787e86341809e2cef2b9495cbf7ba,,R3 최신 exact SHA 재실행 대기,연결 Requirement의 지정 Phase에서 직접 실행,P03,공통 계약·표준 타입·보안·오류·Context,03-00000190,P03-CORE-CPF-ROLE,P02,CPF-GATE-03
CPF-SC-000191,CPF-FR-000916,CPF-ROLE,P0,CORE,ROLLBACK,[CPF-ROLE] Rollback/Forward Recovery,CPF Framework 개발자,최신 exact SHA; 변경 전 snapshot,적용 후 결함,rollback/forward fix,데이터 보존·actual 일치·audit,부분 rollback·drift,Java25·적용 DB/Provider/Browser/Process 환경,Local/Remote·single/multi-instance 중 적용,source SHA·command·environment·start/end·exit code·pre/post state·report/artifact hash·sanitization,미검증,4aea798c913787e86341809e2cef2b9495cbf7ba,,R3 최신 exact SHA 재실행 대기,연결 Requirement의 지정 Phase에서 직접 실행,P03,공통 계약·표준 타입·보안·오류·Context,03-00000191,P03-CORE-CPF-ROLE,P02,CPF-GATE-03
CPF-SC-000192,CPF-FR-000916,CPF-ROLE,P0,CORE,SECURITY_LEAK,[CPF-ROLE] 민감정보 누출,CPF Framework 개발자,최신 exact SHA; PII/Secret fixture,오류·Log·UI·Download,정상/실패 실행,원문 0 또는 승인 범위,Log/DOM/Storage/Evidence 원문,Java25·적용 DB/Provider/Browser/Process 환경,Local/Remote·single/multi-instance 중 적용,source SHA·command·environment·start/end·exit code·pre/post state·report/artifact hash·sanitization,미검증,4aea798c913787e86341809e2cef2b9495cbf7ba,,R3 최신 exact SHA 재실행 대기,연결 Requirement의 지정 Phase에서 직접 실행,P03,공통 계약·표준 타입·보안·오류·Context,03-00000192,P03-CORE-CPF-ROLE,P02,CPF-GATE-03
CPF-SC-000193,CPF-FR-000977,CPF-ERROR,P0,CORE,POSITIVE,[CPF-ERROR] 정상 수직 흐름,CPF Framework 개발자,최신 exact SHA; 유효 입력과 권한,정상 데이터,요청→검증→처리→저장/전달→응답→감사,정상 상태·side effect·tracking 일치,Mock-only 또는 Consumer 미호출,Java25·적용 DB/Provider/Browser/Process 환경,Local/Remote·single/multi-instance 중 적용,source SHA·command·environment·start/end·exit code·pre/post state·report/artifact hash·sanitization,미검증,4aea798c913787e86341809e2cef2b9495cbf7ba,,R3 최신 exact SHA 재실행 대기,연결 Requirement의 지정 Phase에서 직접 실행,P03,공통 계약·표준 타입·보안·오류·Context,03-00000193,P03-CORE-CPF-ERROR,P02,CPF-GATE-03
CPF-SC-000194,CPF-FR-000977,CPF-ERROR,P0,CORE,INVALID,[CPF-ERROR] 입력·경계 오류,CPF Framework 개발자,최신 exact SHA; 유효 Session,invalid/empty/oversize/unknown enum,각 invalid 제출,표준 field/path 오류·side effect 0,500/raw exception/부분 저장,Java25·적용 DB/Provider/Browser/Process 환경,Local/Remote·single/multi-instance 중 적용,source SHA·command·environment·start/end·exit code·pre/post state·report/artifact hash·sanitization,미검증,4aea798c913787e86341809e2cef2b9495cbf7ba,,R3 최신 exact SHA 재실행 대기,연결 Requirement의 지정 Phase에서 직접 실행,P03,공통 계약·표준 타입·보안·오류·Context,03-00000194,P03-CORE-CPF-ERROR,P02,CPF-GATE-03
CPF-SC-000195,CPF-FR-000977,CPF-ERROR,P0,CORE,UNAUTHORIZED,[CPF-ERROR] 미인증·권한 부족,CPF Framework 개발자,최신 exact SHA; 권한 없는 principal,401/403 대상,UI 직접 URL/API/Method 호출,Server 거부·Audit·민감정보 0,버튼만 숨김/default allow,Java25·적용 DB/Provider/Browser/Process 환경,Local/Remote·single/multi-instance 중 적용,source SHA·command·environment·start/end·exit code·pre/post state·report/artifact hash·sanitization,미검증,4aea798c913787e86341809e2cef2b9495cbf7ba,,R3 최신 exact SHA 재실행 대기,연결 Requirement의 지정 Phase에서 직접 실행,P03,공통 계약·표준 타입·보안·오류·Context,03-00000195,P03-CORE-CPF-ERROR,P02,CPF-GATE-03
CPF-SC-000196,CPF-FR-000977,CPF-ERROR,P0,CORE,CONFLICT,[CPF-ERROR] Version·Hash 충돌,CPF Framework 개발자,최신 exact SHA; 기존 version,stale expectedVersion/다른 hash,동시/재시도 요청,409·기존 결과 보존·lost update 0,후행 요청 덮어씀,Java25·적용 DB/Provider/Browser/Process 환경,Local/Remote·single/multi-instance 중 적용,source SHA·command·environment·start/end·exit code·pre/post state·report/artifact hash·sanitization,미검증,4aea798c913787e86341809e2cef2b9495cbf7ba,,R3 최신 exact SHA 재실행 대기,연결 Requirement의 지정 Phase에서 직접 실행,P03,공통 계약·표준 타입·보안·오류·Context,03-00000196,P03-CORE-CPF-ERROR,P02,CPF-GATE-03
CPF-SC-000197,CPF-FR-000977,CPF-ERROR,P0,CORE,DUPLICATE,[CPF-ERROR] 중복 요청,CPF Framework 개발자,최신 exact SHA; 같은 operationId,동일/상이 payload,동시·순차 중복,"동일 replay, 다른 payload conflict",side effect 2회,Java25·적용 DB/Provider/Browser/Process 환경,Local/Remote·single/multi-instance 중 적용,source SHA·command·environment·start/end·exit code·pre/post state·report/artifact hash·sanitization,미검증,4aea798c913787e86341809e2cef2b9495cbf7ba,,R3 최신 exact SHA 재실행 대기,연결 Requirement의 지정 Phase에서 직접 실행,P03,공통 계약·표준 타입·보안·오류·Context,03-00000197,P03-CORE-CPF-ERROR,P02,CPF-GATE-03
CPF-SC-000198,CPF-FR-000977,CPF-ERROR,P0,CORE,TIMEOUT_PRE,[CPF-ERROR] Side effect 전 Timeout,CPF Framework 개발자,최신 exact SHA; dependency delay,connect/header timeout,timeout 주입,retryable failure·side effect 0,UNKNOWN/성공 오인,Java25·적용 DB/Provider/Browser/Process 환경,Local/Remote·single/multi-instance 중 적용,source SHA·command·environment·start/end·exit code·pre/post state·report/artifact hash·sanitization,미검증,4aea798c913787e86341809e2cef2b9495cbf7ba,,R3 최신 exact SHA 재실행 대기,연결 Requirement의 지정 Phase에서 직접 실행,P03,공통 계약·표준 타입·보안·오류·Context,03-00000198,P03-CORE-CPF-ERROR,P02,CPF-GATE-03
CPF-SC-000199,CPF-FR-000977,CPF-ERROR,P0,CORE,RESPONSE_LOSS,[CPF-ERROR] Side effect 후 응답 유실,CPF Framework 개발자,최신 exact SHA; Owner commit,commit 후 reset,응답 차단,UNKNOWN·blind retry 금지·reconcile,자동 실패/무조건 retry,Java25·적용 DB/Provider/Browser/Process 환경,Local/Remote·single/multi-instance 중 적용,source SHA·command·environment·start/end·exit code·pre/post state·report/artifact hash·sanitization,미검증,4aea798c913787e86341809e2cef2b9495cbf7ba,,R3 최신 exact SHA 재실행 대기,연결 Requirement의 지정 Phase에서 직접 실행,P03,공통 계약·표준 타입·보안·오류·Context,03-00000199,P03-CORE-CPF-ERROR,P02,CPF-GATE-03
CPF-SC-000200,CPF-FR-000977,CPF-ERROR,P0,CORE,PARTIAL,[CPF-ERROR] 부분 실패,CPF Framework 개발자,최신 exact SHA; 다중 대상/항목,일부 target failure,group 실행,개별 성공/실패/unknown 보존,전체 성공/실패로 축약,Java25·적용 DB/Provider/Browser/Process 환경,Local/Remote·single/multi-instance 중 적용,source SHA·command·environment·start/end·exit code·pre/post state·report/artifact hash·sanitization,미검증,4aea798c913787e86341809e2cef2b9495cbf7ba,,R3 최신 exact SHA 재실행 대기,연결 Requirement의 지정 Phase에서 직접 실행,P03,공통 계약·표준 타입·보안·오류·Context,03-00000200,P03-CORE-CPF-ERROR,P02,CPF-GATE-03
CPF-SC-000201,CPF-FR-000977,CPF-ERROR,P0,CORE,PROCESS_KILL,[CPF-ERROR] Process Kill·Restart,CPF Framework 개발자,최신 exact SHA; durable state,worker kill,claim/apply 후 종료·재기동,lease 회수·stale fencing·복구,고아 상태·중복,Java25·적용 DB/Provider/Browser/Process 환경,Local/Remote·single/multi-instance 중 적용,source SHA·command·environment·start/end·exit code·pre/post state·report/artifact hash·sanitization,미검증,4aea798c913787e86341809e2cef2b9495cbf7ba,,R3 최신 exact SHA 재실행 대기,연결 Requirement의 지정 Phase에서 직접 실행,P03,공통 계약·표준 타입·보안·오류·Context,03-00000201,P03-CORE-CPF-ERROR,P02,CPF-GATE-03
CPF-SC-000202,CPF-FR-000977,CPF-ERROR,P0,CORE,MULTI_INSTANCE,[CPF-ERROR] 다중 Instance,CPF Framework 개발자,최신 exact SHA; 2개 이상,공유 DB/queue,동시 처리·failover·rejoin,version/state 일치·중복 0,local state 의존,Java25·적용 DB/Provider/Browser/Process 환경,Local/Remote·single/multi-instance 중 적용,source SHA·command·environment·start/end·exit code·pre/post state·report/artifact hash·sanitization,미검증,4aea798c913787e86341809e2cef2b9495cbf7ba,,R3 최신 exact SHA 재실행 대기,연결 Requirement의 지정 Phase에서 직접 실행,P03,공통 계약·표준 타입·보안·오류·Context,03-00000202,P03-CORE-CPF-ERROR,P02,CPF-GATE-03
CPF-SC-000203,CPF-FR-000977,CPF-ERROR,P0,CORE,ROLLBACK,[CPF-ERROR] Rollback/Forward Recovery,CPF Framework 개발자,최신 exact SHA; 변경 전 snapshot,적용 후 결함,rollback/forward fix,데이터 보존·actual 일치·audit,부분 rollback·drift,Java25·적용 DB/Provider/Browser/Process 환경,Local/Remote·single/multi-instance 중 적용,source SHA·command·environment·start/end·exit code·pre/post state·report/artifact hash·sanitization,미검증,4aea798c913787e86341809e2cef2b9495cbf7ba,,R3 최신 exact SHA 재실행 대기,연결 Requirement의 지정 Phase에서 직접 실행,P03,공통 계약·표준 타입·보안·오류·Context,03-00000203,P03-CORE-CPF-ERROR,P02,CPF-GATE-03
CPF-SC-000204,CPF-FR-000977,CPF-ERROR,P0,CORE,SECURITY_LEAK,[CPF-ERROR] 민감정보 누출,CPF Framework 개발자,최신 exact SHA; PII/Secret fixture,오류·Log·UI·Download,정상/실패 실행,원문 0 또는 승인 범위,Log/DOM/Storage/Evidence 원문,Java25·적용 DB/Provider/Browser/Process 환경,Local/Remote·single/multi-instance 중 적용,source SHA·command·environment·start/end·exit code·pre/post state·report/artifact hash·sanitization,미검증,4aea798c913787e86341809e2cef2b9495cbf7ba,,R3 최신 exact SHA 재실행 대기,연결 Requirement의 지정 Phase에서 직접 실행,P03,공통 계약·표준 타입·보안·오류·Context,03-00000204,P03-CORE-CPF-ERROR,P02,CPF-GATE-03
CPF-SC-000205,CPF-FR-001038,CPF-VALID,P0,CORE,POSITIVE,[CPF-VALID] 정상 수직 흐름,CPF Framework 개발자,최신 exact SHA; 유효 입력과 권한,정상 데이터,요청→검증→처리→저장/전달→응답→감사,정상 상태·side effect·tracking 일치,Mock-only 또는 Consumer 미호출,Java25·적용 DB/Provider/Browser/Process 환경,Local/Remote·single/multi-instance 중 적용,source SHA·command·environment·start/end·exit code·pre/post state·report/artifact hash·sanitization,미검증,4aea798c913787e86341809e2cef2b9495cbf7ba,,R3 최신 exact SHA 재실행 대기,연결 Requirement의 지정 Phase에서 직접 실행,P03,공통 계약·표준 타입·보안·오류·Context,03-00000205,P03-CORE-CPF-VALID,P02,CPF-GATE-03
CPF-SC-000206,CPF-FR-001038,CPF-VALID,P0,CORE,INVALID,[CPF-VALID] 입력·경계 오류,CPF Framework 개발자,최신 exact SHA; 유효 Session,invalid/empty/oversize/unknown enum,각 invalid 제출,표준 field/path 오류·side effect 0,500/raw exception/부분 저장,Java25·적용 DB/Provider/Browser/Process 환경,Local/Remote·single/multi-instance 중 적용,source SHA·command·environment·start/end·exit code·pre/post state·report/artifact hash·sanitization,미검증,4aea798c913787e86341809e2cef2b9495cbf7ba,,R3 최신 exact SHA 재실행 대기,연결 Requirement의 지정 Phase에서 직접 실행,P03,공통 계약·표준 타입·보안·오류·Context,03-00000206,P03-CORE-CPF-VALID,P02,CPF-GATE-03
CPF-SC-000207,CPF-FR-001038,CPF-VALID,P0,CORE,UNAUTHORIZED,[CPF-VALID] 미인증·권한 부족,CPF Framework 개발자,최신 exact SHA; 권한 없는 principal,401/403 대상,UI 직접 URL/API/Method 호출,Server 거부·Audit·민감정보 0,버튼만 숨김/default allow,Java25·적용 DB/Provider/Browser/Process 환경,Local/Remote·single/multi-instance 중 적용,source SHA·command·environment·start/end·exit code·pre/post state·report/artifact hash·sanitization,미검증,4aea798c913787e86341809e2cef2b9495cbf7ba,,R3 최신 exact SHA 재실행 대기,연결 Requirement의 지정 Phase에서 직접 실행,P03,공통 계약·표준 타입·보안·오류·Context,03-00000207,P03-CORE-CPF-VALID,P02,CPF-GATE-03
CPF-SC-000208,CPF-FR-001038,CPF-VALID,P0,CORE,CONFLICT,[CPF-VALID] Version·Hash 충돌,CPF Framework 개발자,최신 exact SHA; 기존 version,stale expectedVersion/다른 hash,동시/재시도 요청,409·기존 결과 보존·lost update 0,후행 요청 덮어씀,Java25·적용 DB/Provider/Browser/Process 환경,Local/Remote·single/multi-instance 중 적용,source SHA·command·environment·start/end·exit code·pre/post state·report/artifact hash·sanitization,미검증,4aea798c913787e86341809e2cef2b9495cbf7ba,,R3 최신 exact SHA 재실행 대기,연결 Requirement의 지정 Phase에서 직접 실행,P03,공통 계약·표준 타입·보안·오류·Context,03-00000208,P03-CORE-CPF-VALID,P02,CPF-GATE-03
CPF-SC-000209,CPF-FR-001038,CPF-VALID,P0,CORE,DUPLICATE,[CPF-VALID] 중복 요청,CPF Framework 개발자,최신 exact SHA; 같은 operationId,동일/상이 payload,동시·순차 중복,"동일 replay, 다른 payload conflict",side effect 2회,Java25·적용 DB/Provider/Browser/Process 환경,Local/Remote·single/multi-instance 중 적용,source SHA·command·environment·start/end·exit code·pre/post state·report/artifact hash·sanitization,미검증,4aea798c913787e86341809e2cef2b9495cbf7ba,,R3 최신 exact SHA 재실행 대기,연결 Requirement의 지정 Phase에서 직접 실행,P03,공통 계약·표준 타입·보안·오류·Context,03-00000209,P03-CORE-CPF-VALID,P02,CPF-GATE-03
CPF-SC-000210,CPF-FR-001038,CPF-VALID,P0,CORE,TIMEOUT_PRE,[CPF-VALID] Side effect 전 Timeout,CPF Framework 개발자,최신 exact SHA; dependency delay,connect/header timeout,timeout 주입,retryable failure·side effect 0,UNKNOWN/성공 오인,Java25·적용 DB/Provider/Browser/Process 환경,Local/Remote·single/multi-instance 중 적용,source SHA·command·environment·start/end·exit code·pre/post state·report/artifact hash·sanitization,미검증,4aea798c913787e86341809e2cef2b9495cbf7ba,,R3 최신 exact SHA 재실행 대기,연결 Requirement의 지정 Phase에서 직접 실행,P03,공통 계약·표준 타입·보안·오류·Context,03-00000210,P03-CORE-CPF-VALID,P02,CPF-GATE-03
CPF-SC-000211,CPF-FR-001038,CPF-VALID,P0,CORE,RESPONSE_LOSS,[CPF-VALID] Side effect 후 응답 유실,CPF Framework 개발자,최신 exact SHA; Owner commit,commit 후 reset,응답 차단,UNKNOWN·blind retry 금지·reconcile,자동 실패/무조건 retry,Java25·적용 DB/Provider/Browser/Process 환경,Local/Remote·single/multi-instance 중 적용,source SHA·command·environment·start/end·exit code·pre/post state·report/artifact hash·sanitization,미검증,4aea798c913787e86341809e2cef2b9495cbf7ba,,R3 최신 exact SHA 재실행 대기,연결 Requirement의 지정 Phase에서 직접 실행,P03,공통 계약·표준 타입·보안·오류·Context,03-00000211,P03-CORE-CPF-VALID,P02,CPF-GATE-03
CPF-SC-000212,CPF-FR-001038,CPF-VALID,P0,CORE,PARTIAL,[CPF-VALID] 부분 실패,CPF Framework 개발자,최신 exact SHA; 다중 대상/항목,일부 target failure,group 실행,개별 성공/실패/unknown 보존,전체 성공/실패로 축약,Java25·적용 DB/Provider/Browser/Process 환경,Local/Remote·single/multi-instance 중 적용,source SHA·command·environment·start/end·exit code·pre/post state·report/artifact hash·sanitization,미검증,4aea798c913787e86341809e2cef2b9495cbf7ba,,R3 최신 exact SHA 재실행 대기,연결 Requirement의 지정 Phase에서 직접 실행,P03,공통 계약·표준 타입·보안·오류·Context,03-00000212,P03-CORE-CPF-VALID,P02,CPF-GATE-03
CPF-SC-000213,CPF-FR-001038,CPF-VALID,P0,CORE,PROCESS_KILL,[CPF-VALID] Process Kill·Restart,CPF Framework 개발자,최신 exact SHA; durable state,worker kill,claim/apply 후 종료·재기동,lease 회수·stale fencing·복구,고아 상태·중복,Java25·적용 DB/Provider/Browser/Process 환경,Local/Remote·single/multi-instance 중 적용,source SHA·command·environment·start/end·exit code·pre/post state·report/artifact hash·sanitization,미검증,4aea798c913787e86341809e2cef2b9495cbf7ba,,R3 최신 exact SHA 재실행 대기,연결 Requirement의 지정 Phase에서 직접 실행,P03,공통 계약·표준 타입·보안·오류·Context,03-00000213,P03-CORE-CPF-VALID,P02,CPF-GATE-03
CPF-SC-000214,CPF-FR-001038,CPF-VALID,P0,CORE,MULTI_INSTANCE,[CPF-VALID] 다중 Instance,CPF Framework 개발자,최신 exact SHA; 2개 이상,공유 DB/queue,동시 처리·failover·rejoin,version/state 일치·중복 0,local state 의존,Java25·적용 DB/Provider/Browser/Process 환경,Local/Remote·single/multi-instance 중 적용,source SHA·command·environment·start/end·exit code·pre/post state·report/artifact hash·sanitization,미검증,4aea798c913787e86341809e2cef2b9495cbf7ba,,R3 최신 exact SHA 재실행 대기,연결 Requirement의 지정 Phase에서 직접 실행,P03,공통 계약·표준 타입·보안·오류·Context,03-00000214,P03-CORE-CPF-VALID,P02,CPF-GATE-03
CPF-SC-000215,CPF-FR-001038,CPF-VALID,P0,CORE,ROLLBACK,[CPF-VALID] Rollback/Forward Recovery,CPF Framework 개발자,최신 exact SHA; 변경 전 snapshot,적용 후 결함,rollback/forward fix,데이터 보존·actual 일치·audit,부분 rollback·drift,Java25·적용 DB/Provider/Browser/Process 환경,Local/Remote·single/multi-instance 중 적용,source SHA·command·environment·start/end·exit code·pre/post state·report/artifact hash·sanitization,미검증,4aea798c913787e86341809e2cef2b9495cbf7ba,,R3 최신 exact SHA 재실행 대기,연결 Requirement의 지정 Phase에서 직접 실행,P03,공통 계약·표준 타입·보안·오류·Context,03-00000215,P03-CORE-CPF-VALID,P02,CPF-GATE-03
CPF-SC-000216,CPF-FR-001038,CPF-VALID,P0,CORE,SECURITY_LEAK,[CPF-VALID] 민감정보 누출,CPF Framework 개발자,최신 exact SHA; PII/Secret fixture,오류·Log·UI·Download,정상/실패 실행,원문 0 또는 승인 범위,Log/DOM/Storage/Evidence 원문,Java25·적용 DB/Provider/Browser/Process 환경,Local/Remote·single/multi-instance 중 적용,source SHA·command·environment·start/end·exit code·pre/post state·report/artifact hash·sanitization,미검증,4aea798c913787e86341809e2cef2b9495cbf7ba,,R3 최신 exact SHA 재실행 대기,연결 Requirement의 지정 Phase에서 직접 실행,P03,공통 계약·표준 타입·보안·오류·Context,03-00000216,P03-CORE-CPF-VALID,P02,CPF-GATE-03
CPF-SC-000217,CPF-FR-001099,CPF-IDEMP,P0,CORE,POSITIVE,[CPF-IDEMP] 정상 수직 흐름,CPF Framework 개발자,최신 exact SHA; 유효 입력과 권한,정상 데이터,요청→검증→처리→저장/전달→응답→감사,정상 상태·side effect·tracking 일치,Mock-only 또는 Consumer 미호출,Java25·적용 DB/Provider/Browser/Process 환경,Local/Remote·single/multi-instance 중 적용,source SHA·command·environment·start/end·exit code·pre/post state·report/artifact hash·sanitization,미검증,4aea798c913787e86341809e2cef2b9495cbf7ba,,R3 최신 exact SHA 재실행 대기,연결 Requirement의 지정 Phase에서 직접 실행,P03,공통 계약·표준 타입·보안·오류·Context,03-00000217,P03-CORE-CPF-IDEMP,P02,CPF-GATE-03
CPF-SC-000218,CPF-FR-001099,CPF-IDEMP,P0,CORE,INVALID,[CPF-IDEMP] 입력·경계 오류,CPF Framework 개발자,최신 exact SHA; 유효 Session,invalid/empty/oversize/unknown enum,각 invalid 제출,표준 field/path 오류·side effect 0,500/raw exception/부분 저장,Java25·적용 DB/Provider/Browser/Process 환경,Local/Remote·single/multi-instance 중 적용,source SHA·command·environment·start/end·exit code·pre/post state·report/artifact hash·sanitization,미검증,4aea798c913787e86341809e2cef2b9495cbf7ba,,R3 최신 exact SHA 재실행 대기,연결 Requirement의 지정 Phase에서 직접 실행,P03,공통 계약·표준 타입·보안·오류·Context,03-00000218,P03-CORE-CPF-IDEMP,P02,CPF-GATE-03
CPF-SC-000219,CPF-FR-001099,CPF-IDEMP,P0,CORE,UNAUTHORIZED,[CPF-IDEMP] 미인증·권한 부족,CPF Framework 개발자,최신 exact SHA; 권한 없는 principal,401/403 대상,UI 직접 URL/API/Method 호출,Server 거부·Audit·민감정보 0,버튼만 숨김/default allow,Java25·적용 DB/Provider/Browser/Process 환경,Local/Remote·single/multi-instance 중 적용,source SHA·command·environment·start/end·exit code·pre/post state·report/artifact hash·sanitization,미검증,4aea798c913787e86341809e2cef2b9495cbf7ba,,R3 최신 exact SHA 재실행 대기,연결 Requirement의 지정 Phase에서 직접 실행,P03,공통 계약·표준 타입·보안·오류·Context,03-00000219,P03-CORE-CPF-IDEMP,P02,CPF-GATE-03
CPF-SC-000220,CPF-FR-001099,CPF-IDEMP,P0,CORE,CONFLICT,[CPF-IDEMP] Version·Hash 충돌,CPF Framework 개발자,최신 exact SHA; 기존 version,stale expectedVersion/다른 hash,동시/재시도 요청,409·기존 결과 보존·lost update 0,후행 요청 덮어씀,Java25·적용 DB/Provider/Browser/Process 환경,Local/Remote·single/multi-instance 중 적용,source SHA·command·environment·start/end·exit code·pre/post state·report/artifact hash·sanitization,미검증,4aea798c913787e86341809e2cef2b9495cbf7ba,,R3 최신 exact SHA 재실행 대기,연결 Requirement의 지정 Phase에서 직접 실행,P03,공통 계약·표준 타입·보안·오류·Context,03-00000220,P03-CORE-CPF-IDEMP,P02,CPF-GATE-03
CPF-SC-000221,CPF-FR-001099,CPF-IDEMP,P0,CORE,DUPLICATE,[CPF-IDEMP] 중복 요청,CPF Framework 개발자,최신 exact SHA; 같은 operationId,동일/상이 payload,동시·순차 중복,"동일 replay, 다른 payload conflict",side effect 2회,Java25·적용 DB/Provider/Browser/Process 환경,Local/Remote·single/multi-instance 중 적용,source SHA·command·environment·start/end·exit code·pre/post state·report/artifact hash·sanitization,미검증,4aea798c913787e86341809e2cef2b9495cbf7ba,,R3 최신 exact SHA 재실행 대기,연결 Requirement의 지정 Phase에서 직접 실행,P03,공통 계약·표준 타입·보안·오류·Context,03-00000221,P03-CORE-CPF-IDEMP,P02,CPF-GATE-03
CPF-SC-000222,CPF-FR-001099,CPF-IDEMP,P0,CORE,TIMEOUT_PRE,[CPF-IDEMP] Side effect 전 Timeout,CPF Framework 개발자,최신 exact SHA; dependency delay,connect/header timeout,timeout 주입,retryable failure·side effect 0,UNKNOWN/성공 오인,Java25·적용 DB/Provider/Browser/Process 환경,Local/Remote·single/multi-instance 중 적용,source SHA·command·environment·start/end·exit code·pre/post state·report/artifact hash·sanitization,미검증,4aea798c913787e86341809e2cef2b9495cbf7ba,,R3 최신 exact SHA 재실행 대기,연결 Requirement의 지정 Phase에서 직접 실행,P03,공통 계약·표준 타입·보안·오류·Context,03-00000222,P03-CORE-CPF-IDEMP,P02,CPF-GATE-03
CPF-SC-000223,CPF-FR-001099,CPF-IDEMP,P0,CORE,RESPONSE_LOSS,[CPF-IDEMP] Side effect 후 응답 유실,CPF Framework 개발자,최신 exact SHA; Owner commit,commit 후 reset,응답 차단,UNKNOWN·blind retry 금지·reconcile,자동 실패/무조건 retry,Java25·적용 DB/Provider/Browser/Process 환경,Local/Remote·single/multi-instance 중 적용,source SHA·command·environment·start/end·exit code·pre/post state·report/artifact hash·sanitization,미검증,4aea798c913787e86341809e2cef2b9495cbf7ba,,R3 최신 exact SHA 재실행 대기,연결 Requirement의 지정 Phase에서 직접 실행,P03,공통 계약·표준 타입·보안·오류·Context,03-00000223,P03-CORE-CPF-IDEMP,P02,CPF-GATE-03
CPF-SC-000224,CPF-FR-001099,CPF-IDEMP,P0,CORE,PARTIAL,[CPF-IDEMP] 부분 실패,CPF Framework 개발자,최신 exact SHA; 다중 대상/항목,일부 target failure,group 실행,개별 성공/실패/unknown 보존,전체 성공/실패로 축약,Java25·적용 DB/Provider/Browser/Process 환경,Local/Remote·single/multi-instance 중 적용,source SHA·command·environment·start/end·exit code·pre/post state·report/artifact hash·sanitization,미검증,4aea798c913787e86341809e2cef2b9495cbf7ba,,R3 최신 exact SHA 재실행 대기,연결 Requirement의 지정 Phase에서 직접 실행,P03,공통 계약·표준 타입·보안·오류·Context,03-00000224,P03-CORE-CPF-IDEMP,P02,CPF-GATE-03
CPF-SC-000225,CPF-FR-001099,CPF-IDEMP,P0,CORE,PROCESS_KILL,[CPF-IDEMP] Process Kill·Restart,CPF Framework 개발자,최신 exact SHA; durable state,worker kill,claim/apply 후 종료·재기동,lease 회수·stale fencing·복구,고아 상태·중복,Java25·적용 DB/Provider/Browser/Process 환경,Local/Remote·single/multi-instance 중 적용,source SHA·command·environment·start/end·exit code·pre/post state·report/artifact hash·sanitization,미검증,4aea798c913787e86341809e2cef2b9495cbf7ba,,R3 최신 exact SHA 재실행 대기,연결 Requirement의 지정 Phase에서 직접 실행,P03,공통 계약·표준 타입·보안·오류·Context,03-00000225,P03-CORE-CPF-IDEMP,P02,CPF-GATE-03
CPF-SC-000226,CPF-FR-001099,CPF-IDEMP,P0,CORE,MULTI_INSTANCE,[CPF-IDEMP] 다중 Instance,CPF Framework 개발자,최신 exact SHA; 2개 이상,공유 DB/queue,동시 처리·failover·rejoin,version/state 일치·중복 0,local state 의존,Java25·적용 DB/Provider/Browser/Process 환경,Local/Remote·single/multi-instance 중 적용,source SHA·command·environment·start/end·exit code·pre/post state·report/artifact hash·sanitization,미검증,4aea798c913787e86341809e2cef2b9495cbf7ba,,R3 최신 exact SHA 재실행 대기,연결 Requirement의 지정 Phase에서 직접 실행,P03,공통 계약·표준 타입·보안·오류·Context,03-00000226,P03-CORE-CPF-IDEMP,P02,CPF-GATE-03
CPF-SC-000227,CPF-FR-001099,CPF-IDEMP,P0,CORE,ROLLBACK,[CPF-IDEMP] Rollback/Forward Recovery,CPF Framework 개발자,최신 exact SHA; 변경 전 snapshot,적용 후 결함,rollback/forward fix,데이터 보존·actual 일치·audit,부분 rollback·drift,Java25·적용 DB/Provider/Browser/Process 환경,Local/Remote·single/multi-instance 중 적용,source SHA·command·environment·start/end·exit code·pre/post state·report/artifact hash·sanitization,미검증,4aea798c913787e86341809e2cef2b9495cbf7ba,,R3 최신 exact SHA 재실행 대기,연결 Requirement의 지정 Phase에서 직접 실행,P03,공통 계약·표준 타입·보안·오류·Context,03-00000227,P03-CORE-CPF-IDEMP,P02,CPF-GATE-03
CPF-SC-000228,CPF-FR-001099,CPF-IDEMP,P0,CORE,SECURITY_LEAK,[CPF-IDEMP] 민감정보 누출,CPF Framework 개발자,최신 exact SHA; PII/Secret fixture,오류·Log·UI·Download,정상/실패 실행,원문 0 또는 승인 범위,Log/DOM/Storage/Evidence 원문,Java25·적용 DB/Provider/Browser/Process 환경,Local/Remote·single/multi-instance 중 적용,source SHA·command·environment·start/end·exit code·pre/post state·report/artifact hash·sanitization,미검증,4aea798c913787e86341809e2cef2b9495cbf7ba,,R3 최신 exact SHA 재실행 대기,연결 Requirement의 지정 Phase에서 직접 실행,P03,공통 계약·표준 타입·보안·오류·Context,03-00000228,P03-CORE-CPF-IDEMP,P02,CPF-GATE-03
CPF-SC-000229,CPF-FR-001160,CPF-STATE,P0,CORE,POSITIVE,[CPF-STATE] 정상 수직 흐름,CPF Framework 개발자,최신 exact SHA; 유효 입력과 권한,정상 데이터,요청→검증→처리→저장/전달→응답→감사,정상 상태·side effect·tracking 일치,Mock-only 또는 Consumer 미호출,Java25·적용 DB/Provider/Browser/Process 환경,Local/Remote·single/multi-instance 중 적용,source SHA·command·environment·start/end·exit code·pre/post state·report/artifact hash·sanitization,미검증,4aea798c913787e86341809e2cef2b9495cbf7ba,,R3 최신 exact SHA 재실행 대기,연결 Requirement의 지정 Phase에서 직접 실행,P03,공통 계약·표준 타입·보안·오류·Context,03-00000229,P03-CORE-CPF-STATE,P02,CPF-GATE-03
CPF-SC-000230,CPF-FR-001160,CPF-STATE,P0,CORE,INVALID,[CPF-STATE] 입력·경계 오류,CPF Framework 개발자,최신 exact SHA; 유효 Session,invalid/empty/oversize/unknown enum,각 invalid 제출,표준 field/path 오류·side effect 0,500/raw exception/부분 저장,Java25·적용 DB/Provider/Browser/Process 환경,Local/Remote·single/multi-instance 중 적용,source SHA·command·environment·start/end·exit code·pre/post state·report/artifact hash·sanitization,미검증,4aea798c913787e86341809e2cef2b9495cbf7ba,,R3 최신 exact SHA 재실행 대기,연결 Requirement의 지정 Phase에서 직접 실행,P03,공통 계약·표준 타입·보안·오류·Context,03-00000230,P03-CORE-CPF-STATE,P02,CPF-GATE-03
CPF-SC-000231,CPF-FR-001160,CPF-STATE,P0,CORE,UNAUTHORIZED,[CPF-STATE] 미인증·권한 부족,CPF Framework 개발자,최신 exact SHA; 권한 없는 principal,401/403 대상,UI 직접 URL/API/Method 호출,Server 거부·Audit·민감정보 0,버튼만 숨김/default allow,Java25·적용 DB/Provider/Browser/Process 환경,Local/Remote·single/multi-instance 중 적용,source SHA·command·environment·start/end·exit code·pre/post state·report/artifact hash·sanitization,미검증,4aea798c913787e86341809e2cef2b9495cbf7ba,,R3 최신 exact SHA 재실행 대기,연결 Requirement의 지정 Phase에서 직접 실행,P03,공통 계약·표준 타입·보안·오류·Context,03-00000231,P03-CORE-CPF-STATE,P02,CPF-GATE-03
CPF-SC-000232,CPF-FR-001160,CPF-STATE,P0,CORE,CONFLICT,[CPF-STATE] Version·Hash 충돌,CPF Framework 개발자,최신 exact SHA; 기존 version,stale expectedVersion/다른 hash,동시/재시도 요청,409·기존 결과 보존·lost update 0,후행 요청 덮어씀,Java25·적용 DB/Provider/Browser/Process 환경,Local/Remote·single/multi-instance 중 적용,source SHA·command·environment·start/end·exit code·pre/post state·report/artifact hash·sanitization,미검증,4aea798c913787e86341809e2cef2b9495cbf7ba,,R3 최신 exact SHA 재실행 대기,연결 Requirement의 지정 Phase에서 직접 실행,P03,공통 계약·표준 타입·보안·오류·Context,03-00000232,P03-CORE-CPF-STATE,P02,CPF-GATE-03
CPF-SC-000233,CPF-FR-001160,CPF-STATE,P0,CORE,DUPLICATE,[CPF-STATE] 중복 요청,CPF Framework 개발자,최신 exact SHA; 같은 operationId,동일/상이 payload,동시·순차 중복,"동일 replay, 다른 payload conflict",side effect 2회,Java25·적용 DB/Provider/Browser/Process 환경,Local/Remote·single/multi-instance 중 적용,source SHA·command·environment·start/end·exit code·pre/post state·report/artifact hash·sanitization,미검증,4aea798c913787e86341809e2cef2b9495cbf7ba,,R3 최신 exact SHA 재실행 대기,연결 Requirement의 지정 Phase에서 직접 실행,P03,공통 계약·표준 타입·보안·오류·Context,03-00000233,P03-CORE-CPF-STATE,P02,CPF-GATE-03
CPF-SC-000234,CPF-FR-001160,CPF-STATE,P0,CORE,TIMEOUT_PRE,[CPF-STATE] Side effect 전 Timeout,CPF Framework 개발자,최신 exact SHA; dependency delay,connect/header timeout,timeout 주입,retryable failure·side effect 0,UNKNOWN/성공 오인,Java25·적용 DB/Provider/Browser/Process 환경,Local/Remote·single/multi-instance 중 적용,source SHA·command·environment·start/end·exit code·pre/post state·report/artifact hash·sanitization,미검증,4aea798c913787e86341809e2cef2b9495cbf7ba,,R3 최신 exact SHA 재실행 대기,연결 Requirement의 지정 Phase에서 직접 실행,P03,공통 계약·표준 타입·보안·오류·Context,03-00000234,P03-CORE-CPF-STATE,P02,CPF-GATE-03
CPF-SC-000235,CPF-FR-001160,CPF-STATE,P0,CORE,RESPONSE_LOSS,[CPF-STATE] Side effect 후 응답 유실,CPF Framework 개발자,최신 exact SHA; Owner commit,commit 후 reset,응답 차단,UNKNOWN·blind retry 금지·reconcile,자동 실패/무조건 retry,Java25·적용 DB/Provider/Browser/Process 환경,Local/Remote·single/multi-instance 중 적용,source SHA·command·environment·start/end·exit code·pre/post state·report/artifact hash·sanitization,미검증,4aea798c913787e86341809e2cef2b9495cbf7ba,,R3 최신 exact SHA 재실행 대기,연결 Requirement의 지정 Phase에서 직접 실행,P03,공통 계약·표준 타입·보안·오류·Context,03-00000235,P03-CORE-CPF-STATE,P02,CPF-GATE-03
CPF-SC-000236,CPF-FR-001160,CPF-STATE,P0,CORE,PARTIAL,[CPF-STATE] 부분 실패,CPF Framework 개발자,최신 exact SHA; 다중 대상/항목,일부 target failure,group 실행,개별 성공/실패/unknown 보존,전체 성공/실패로 축약,Java25·적용 DB/Provider/Browser/Process 환경,Local/Remote·single/multi-instance 중 적용,source SHA·command·environment·start/end·exit code·pre/post state·report/artifact hash·sanitization,미검증,4aea798c913787e86341809e2cef2b9495cbf7ba,,R3 최신 exact SHA 재실행 대기,연결 Requirement의 지정 Phase에서 직접 실행,P03,공통 계약·표준 타입·보안·오류·Context,03-00000236,P03-CORE-CPF-STATE,P02,CPF-GATE-03
CPF-SC-000237,CPF-FR-001160,CPF-STATE,P0,CORE,PROCESS_KILL,[CPF-STATE] Process Kill·Restart,CPF Framework 개발자,최신 exact SHA; durable state,worker kill,claim/apply 후 종료·재기동,lease 회수·stale fencing·복구,고아 상태·중복,Java25·적용 DB/Provider/Browser/Process 환경,Local/Remote·single/multi-instance 중 적용,source SHA·command·environment·start/end·exit code·pre/post state·report/artifact hash·sanitization,미검증,4aea798c913787e86341809e2cef2b9495cbf7ba,,R3 최신 exact SHA 재실행 대기,연결 Requirement의 지정 Phase에서 직접 실행,P03,공통 계약·표준 타입·보안·오류·Context,03-00000237,P03-CORE-CPF-STATE,P02,CPF-GATE-03
CPF-SC-000238,CPF-FR-001160,CPF-STATE,P0,CORE,MULTI_INSTANCE,[CPF-STATE] 다중 Instance,CPF Framework 개발자,최신 exact SHA; 2개 이상,공유 DB/queue,동시 처리·failover·rejoin,version/state 일치·중복 0,local state 의존,Java25·적용 DB/Provider/Browser/Process 환경,Local/Remote·single/multi-instance 중 적용,source SHA·command·environment·start/end·exit code·pre/post state·report/artifact hash·sanitization,미검증,4aea798c913787e86341809e2cef2b9495cbf7ba,,R3 최신 exact SHA 재실행 대기,연결 Requirement의 지정 Phase에서 직접 실행,P03,공통 계약·표준 타입·보안·오류·Context,03-00000238,P03-CORE-CPF-STATE,P02,CPF-GATE-03
CPF-SC-000239,CPF-FR-001160,CPF-STATE,P0,CORE,ROLLBACK,[CPF-STATE] Rollback/Forward Recovery,CPF Framework 개발자,최신 exact SHA; 변경 전 snapshot,적용 후 결함,rollback/forward fix,데이터 보존·actual 일치·audit,부분 rollback·drift,Java25·적용 DB/Provider/Browser/Process 환경,Local/Remote·single/multi-instance 중 적용,source SHA·command·environment·start/end·exit code·pre/post state·report/artifact hash·sanitization,미검증,4aea798c913787e86341809e2cef2b9495cbf7ba,,R3 최신 exact SHA 재실행 대기,연결 Requirement의 지정 Phase에서 직접 실행,P03,공통 계약·표준 타입·보안·오류·Context,03-00000239,P03-CORE-CPF-STATE,P02,CPF-GATE-03
CPF-SC-000240,CPF-FR-001160,CPF-STATE,P0,CORE,SECURITY_LEAK,[CPF-STATE] 민감정보 누출,CPF Framework 개발자,최신 exact SHA; PII/Secret fixture,오류·Log·UI·Download,정상/실패 실행,원문 0 또는 승인 범위,Log/DOM/Storage/Evidence 원문,Java25·적용 DB/Provider/Browser/Process 환경,Local/Remote·single/multi-instance 중 적용,source SHA·command·environment·start/end·exit code·pre/post state·report/artifact hash·sanitization,미검증,4aea798c913787e86341809e2cef2b9495cbf7ba,,R3 최신 exact SHA 재실행 대기,연결 Requirement의 지정 Phase에서 직접 실행,P03,공통 계약·표준 타입·보안·오류·Context,03-00000240,P03-CORE-CPF-STATE,P02,CPF-GATE-03
CPF-SC-000241,CPF-FR-001221,CPF-LOCK,P0,CORE,POSITIVE,[CPF-LOCK] 정상 수직 흐름,CPF Framework 개발자,최신 exact SHA; 유효 입력과 권한,정상 데이터,요청→검증→처리→저장/전달→응답→감사,정상 상태·side effect·tracking 일치,Mock-only 또는 Consumer 미호출,Java25·적용 DB/Provider/Browser/Process 환경,Local/Remote·single/multi-instance 중 적용,source SHA·command·environment·start/end·exit code·pre/post state·report/artifact hash·sanitization,미검증,4aea798c913787e86341809e2cef2b9495cbf7ba,,R3 최신 exact SHA 재실행 대기,연결 Requirement의 지정 Phase에서 직접 실행,P03,공통 계약·표준 타입·보안·오류·Context,03-00000241,P03-CORE-CPF-LOCK,P02,CPF-GATE-03
CPF-SC-000242,CPF-FR-001221,CPF-LOCK,P0,CORE,INVALID,[CPF-LOCK] 입력·경계 오류,CPF Framework 개발자,최신 exact SHA; 유효 Session,invalid/empty/oversize/unknown enum,각 invalid 제출,표준 field/path 오류·side effect 0,500/raw exception/부분 저장,Java25·적용 DB/Provider/Browser/Process 환경,Local/Remote·single/multi-instance 중 적용,source SHA·command·environment·start/end·exit code·pre/post state·report/artifact hash·sanitization,미검증,4aea798c913787e86341809e2cef2b9495cbf7ba,,R3 최신 exact SHA 재실행 대기,연결 Requirement의 지정 Phase에서 직접 실행,P03,공통 계약·표준 타입·보안·오류·Context,03-00000242,P03-CORE-CPF-LOCK,P02,CPF-GATE-03
CPF-SC-000243,CPF-FR-001221,CPF-LOCK,P0,CORE,UNAUTHORIZED,[CPF-LOCK] 미인증·권한 부족,CPF Framework 개발자,최신 exact SHA; 권한 없는 principal,401/403 대상,UI 직접 URL/API/Method 호출,Server 거부·Audit·민감정보 0,버튼만 숨김/default allow,Java25·적용 DB/Provider/Browser/Process 환경,Local/Remote·single/multi-instance 중 적용,source SHA·command·environment·start/end·exit code·pre/post state·report/artifact hash·sanitization,미검증,4aea798c913787e86341809e2cef2b9495cbf7ba,,R3 최신 exact SHA 재실행 대기,연결 Requirement의 지정 Phase에서 직접 실행,P03,공통 계약·표준 타입·보안·오류·Context,03-00000243,P03-CORE-CPF-LOCK,P02,CPF-GATE-03
CPF-SC-000244,CPF-FR-001221,CPF-LOCK,P0,CORE,CONFLICT,[CPF-LOCK] Version·Hash 충돌,CPF Framework 개발자,최신 exact SHA; 기존 version,stale expectedVersion/다른 hash,동시/재시도 요청,409·기존 결과 보존·lost update 0,후행 요청 덮어씀,Java25·적용 DB/Provider/Browser/Process 환경,Local/Remote·single/multi-instance 중 적용,source SHA·command·environment·start/end·exit code·pre/post state·report/artifact hash·sanitization,미검증,4aea798c913787e86341809e2cef2b9495cbf7ba,,R3 최신 exact SHA 재실행 대기,연결 Requirement의 지정 Phase에서 직접 실행,P03,공통 계약·표준 타입·보안·오류·Context,03-00000244,P03-CORE-CPF-LOCK,P02,CPF-GATE-03
CPF-SC-000245,CPF-FR-001221,CPF-LOCK,P0,CORE,DUPLICATE,[CPF-LOCK] 중복 요청,CPF Framework 개발자,최신 exact SHA; 같은 operationId,동일/상이 payload,동시·순차 중복,"동일 replay, 다른 payload conflict",side effect 2회,Java25·적용 DB/Provider/Browser/Process 환경,Local/Remote·single/multi-instance 중 적용,source SHA·command·environment·start/end·exit code·pre/post state·report/artifact hash·sanitization,미검증,4aea798c913787e86341809e2cef2b9495cbf7ba,,R3 최신 exact SHA 재실행 대기,연결 Requirement의 지정 Phase에서 직접 실행,P03,공통 계약·표준 타입·보안·오류·Context,03-00000245,P03-CORE-CPF-LOCK,P02,CPF-GATE-03
CPF-SC-000246,CPF-FR-001221,CPF-LOCK,P0,CORE,TIMEOUT_PRE,[CPF-LOCK] Side effect 전 Timeout,CPF Framework 개발자,최신 exact SHA; dependency delay,connect/header timeout,timeout 주입,retryable failure·side effect 0,UNKNOWN/성공 오인,Java25·적용 DB/Provider/Browser/Process 환경,Local/Remote·single/multi-instance 중 적용,source SHA·command·environment·start/end·exit code·pre/post state·report/artifact hash·sanitization,미검증,4aea798c913787e86341809e2cef2b9495cbf7ba,,R3 최신 exact SHA 재실행 대기,연결 Requirement의 지정 Phase에서 직접 실행,P03,공통 계약·표준 타입·보안·오류·Context,03-00000246,P03-CORE-CPF-LOCK,P02,CPF-GATE-03
CPF-SC-000247,CPF-FR-001221,CPF-LOCK,P0,CORE,RESPONSE_LOSS,[CPF-LOCK] Side effect 후 응답 유실,CPF Framework 개발자,최신 exact SHA; Owner commit,commit 후 reset,응답 차단,UNKNOWN·blind retry 금지·reconcile,자동 실패/무조건 retry,Java25·적용 DB/Provider/Browser/Process 환경,Local/Remote·single/multi-instance 중 적용,source SHA·command·environment·start/end·exit code·pre/post state·report/artifact hash·sanitization,미검증,4aea798c913787e86341809e2cef2b9495cbf7ba,,R3 최신 exact SHA 재실행 대기,연결 Requirement의 지정 Phase에서 직접 실행,P03,공통 계약·표준 타입·보안·오류·Context,03-00000247,P03-CORE-CPF-LOCK,P02,CPF-GATE-03
CPF-SC-000248,CPF-FR-001221,CPF-LOCK,P0,CORE,PARTIAL,[CPF-LOCK] 부분 실패,CPF Framework 개발자,최신 exact SHA; 다중 대상/항목,일부 target failure,group 실행,개별 성공/실패/unknown 보존,전체 성공/실패로 축약,Java25·적용 DB/Provider/Browser/Process 환경,Local/Remote·single/multi-instance 중 적용,source SHA·command·environment·start/end·exit code·pre/post state·report/artifact hash·sanitization,미검증,4aea798c913787e86341809e2cef2b9495cbf7ba,,R3 최신 exact SHA 재실행 대기,연결 Requirement의 지정 Phase에서 직접 실행,P03,공통 계약·표준 타입·보안·오류·Context,03-00000248,P03-CORE-CPF-LOCK,P02,CPF-GATE-03
CPF-SC-000249,CPF-FR-001221,CPF-LOCK,P0,CORE,PROCESS_KILL,[CPF-LOCK] Process Kill·Restart,CPF Framework 개발자,최신 exact SHA; durable state,worker kill,claim/apply 후 종료·재기동,lease 회수·stale fencing·복구,고아 상태·중복,Java25·적용 DB/Provider/Browser/Process 환경,Local/Remote·single/multi-instance 중 적용,source SHA·command·environment·start/end·exit code·pre/post state·report/artifact hash·sanitization,미검증,4aea798c913787e86341809e2cef2b9495cbf7ba,,R3 최신 exact SHA 재실행 대기,연결 Requirement의 지정 Phase에서 직접 실행,P03,공통 계약·표준 타입·보안·오류·Context,03-00000249,P03-CORE-CPF-LOCK,P02,CPF-GATE-03
CPF-SC-000250,CPF-FR-001221,CPF-LOCK,P0,CORE,MULTI_INSTANCE,[CPF-LOCK] 다중 Instance,CPF Framework 개발자,최신 exact SHA; 2개 이상,공유 DB/queue,동시 처리·failover·rejoin,version/state 일치·중복 0,local state 의존,Java25·적용 DB/Provider/Browser/Process 환경,Local/Remote·single/multi-instance 중 적용,source SHA·command·environment·start/end·exit code·pre/post state·report/artifact hash·sanitization,미검증,4aea798c913787e86341809e2cef2b9495cbf7ba,,R3 최신 exact SHA 재실행 대기,연결 Requirement의 지정 Phase에서 직접 실행,P03,공통 계약·표준 타입·보안·오류·Context,03-00000250,P03-CORE-CPF-LOCK,P02,CPF-GATE-03
CPF-SC-000251,CPF-FR-001221,CPF-LOCK,P0,CORE,ROLLBACK,[CPF-LOCK] Rollback/Forward Recovery,CPF Framework 개발자,최신 exact SHA; 변경 전 snapshot,적용 후 결함,rollback/forward fix,데이터 보존·actual 일치·audit,부분 rollback·drift,Java25·적용 DB/Provider/Browser/Process 환경,Local/Remote·single/multi-instance 중 적용,source SHA·command·environment·start/end·exit code·pre/post state·report/artifact hash·sanitization,미검증,4aea798c913787e86341809e2cef2b9495cbf7ba,,R3 최신 exact SHA 재실행 대기,연결 Requirement의 지정 Phase에서 직접 실행,P03,공통 계약·표준 타입·보안·오류·Context,03-00000251,P03-CORE-CPF-LOCK,P02,CPF-GATE-03
CPF-SC-000252,CPF-FR-001221,CPF-LOCK,P0,CORE,SECURITY_LEAK,[CPF-LOCK] 민감정보 누출,CPF Framework 개발자,최신 exact SHA; PII/Secret fixture,오류·Log·UI·Download,정상/실패 실행,원문 0 또는 승인 범위,Log/DOM/Storage/Evidence 원문,Java25·적용 DB/Provider/Browser/Process 환경,Local/Remote·single/multi-instance 중 적용,source SHA·command·environment·start/end·exit code·pre/post state·report/artifact hash·sanitization,미검증,4aea798c913787e86341809e2cef2b9495cbf7ba,,R3 최신 exact SHA 재실행 대기,연결 Requirement의 지정 Phase에서 직접 실행,P03,공통 계약·표준 타입·보안·오류·Context,03-00000252,P03-CORE-CPF-LOCK,P02,CPF-GATE-03
CPF-SC-000253,CPF-FR-001282,CPF-RESILIENCE,P1,INTEGRATION,POSITIVE,[CPF-RESILIENCE] 정상 수직 흐름,연계 개발자·운영자,최신 exact SHA; 유효 입력과 권한,정상 데이터,요청→검증→처리→저장/전달→응답→감사,정상 상태·side effect·tracking 일치,Mock-only 또는 Consumer 미호출,Java25·적용 DB/Provider/Browser/Process 환경,Local/Remote·single/multi-instance 중 적용,source SHA·command·environment·start/end·exit code·pre/post state·report/artifact hash·sanitization,미검증,4aea798c913787e86341809e2cef2b9495cbf7ba,,R3 최신 exact SHA 재실행 대기,연결 Requirement의 지정 Phase에서 직접 실행,P05,Starter·Capability·Provider 기본 구현,05-00000253,P05-INTEGRATION-CPF-RESILIENCE,P03;P04,CPF-GATE-05
CPF-SC-000254,CPF-FR-001282,CPF-RESILIENCE,P1,INTEGRATION,INVALID,[CPF-RESILIENCE] 입력·경계 오류,연계 개발자·운영자,최신 exact SHA; 유효 Session,invalid/empty/oversize/unknown enum,각 invalid 제출,표준 field/path 오류·side effect 0,500/raw exception/부분 저장,Java25·적용 DB/Provider/Browser/Process 환경,Local/Remote·single/multi-instance 중 적용,source SHA·command·environment·start/end·exit code·pre/post state·report/artifact hash·sanitization,미검증,4aea798c913787e86341809e2cef2b9495cbf7ba,,R3 최신 exact SHA 재실행 대기,연결 Requirement의 지정 Phase에서 직접 실행,P05,Starter·Capability·Provider 기본 구현,05-00000254,P05-INTEGRATION-CPF-RESILIENCE,P03;P04,CPF-GATE-05
CPF-SC-000255,CPF-FR-001282,CPF-RESILIENCE,P1,INTEGRATION,UNAUTHORIZED,[CPF-RESILIENCE] 미인증·권한 부족,연계 개발자·운영자,최신 exact SHA; 권한 없는 principal,401/403 대상,UI 직접 URL/API/Method 호출,Server 거부·Audit·민감정보 0,버튼만 숨김/default allow,Java25·적용 DB/Provider/Browser/Process 환경,Local/Remote·single/multi-instance 중 적용,source SHA·command·environment·start/end·exit code·pre/post state·report/artifact hash·sanitization,미검증,4aea798c913787e86341809e2cef2b9495cbf7ba,,R3 최신 exact SHA 재실행 대기,연결 Requirement의 지정 Phase에서 직접 실행,P05,Starter·Capability·Provider 기본 구현,05-00000255,P05-INTEGRATION-CPF-RESILIENCE,P03;P04,CPF-GATE-05
CPF-SC-000256,CPF-FR-001282,CPF-RESILIENCE,P1,INTEGRATION,CONFLICT,[CPF-RESILIENCE] Version·Hash 충돌,연계 개발자·운영자,최신 exact SHA; 기존 version,stale expectedVersion/다른 hash,동시/재시도 요청,409·기존 결과 보존·lost update 0,후행 요청 덮어씀,Java25·적용 DB/Provider/Browser/Process 환경,Local/Remote·single/multi-instance 중 적용,source SHA·command·environment·start/end·exit code·pre/post state·report/artifact hash·sanitization,미검증,4aea798c913787e86341809e2cef2b9495cbf7ba,,R3 최신 exact SHA 재실행 대기,연결 Requirement의 지정 Phase에서 직접 실행,P05,Starter·Capability·Provider 기본 구현,05-00000256,P05-INTEGRATION-CPF-RESILIENCE,P03;P04,CPF-GATE-05
CPF-SC-000257,CPF-FR-001282,CPF-RESILIENCE,P1,INTEGRATION,DUPLICATE,[CPF-RESILIENCE] 중복 요청,연계 개발자·운영자,최신 exact SHA; 같은 operationId,동일/상이 payload,동시·순차 중복,"동일 replay, 다른 payload conflict",side effect 2회,Java25·적용 DB/Provider/Browser/Process 환경,Local/Remote·single/multi-instance 중 적용,source SHA·command·environment·start/end·exit code·pre/post state·report/artifact hash·sanitization,미검증,4aea798c913787e86341809e2cef2b9495cbf7ba,,R3 최신 exact SHA 재실행 대기,연결 Requirement의 지정 Phase에서 직접 실행,P05,Starter·Capability·Provider 기본 구현,05-00000257,P05-INTEGRATION-CPF-RESILIENCE,P03;P04,CPF-GATE-05
CPF-SC-000258,CPF-FR-001282,CPF-RESILIENCE,P1,INTEGRATION,TIMEOUT_PRE,[CPF-RESILIENCE] Side effect 전 Timeout,연계 개발자·운영자,최신 exact SHA; dependency delay,connect/header timeout,timeout 주입,retryable failure·side effect 0,UNKNOWN/성공 오인,Java25·적용 DB/Provider/Browser/Process 환경,Local/Remote·single/multi-instance 중 적용,source SHA·command·environment·start/end·exit code·pre/post state·report/artifact hash·sanitization,미검증,4aea798c913787e86341809e2cef2b9495cbf7ba,,R3 최신 exact SHA 재실행 대기,연결 Requirement의 지정 Phase에서 직접 실행,P05,Starter·Capability·Provider 기본 구현,05-00000258,P05-INTEGRATION-CPF-RESILIENCE,P03;P04,CPF-GATE-05
CPF-SC-000259,CPF-FR-001282,CPF-RESILIENCE,P1,INTEGRATION,RESPONSE_LOSS,[CPF-RESILIENCE] Side effect 후 응답 유실,연계 개발자·운영자,최신 exact SHA; Owner commit,commit 후 reset,응답 차단,UNKNOWN·blind retry 금지·reconcile,자동 실패/무조건 retry,Java25·적용 DB/Provider/Browser/Process 환경,Local/Remote·single/multi-instance 중 적용,source SHA·command·environment·start/end·exit code·pre/post state·report/artifact hash·sanitization,미검증,4aea798c913787e86341809e2cef2b9495cbf7ba,,R3 최신 exact SHA 재실행 대기,연결 Requirement의 지정 Phase에서 직접 실행,P05,Starter·Capability·Provider 기본 구현,05-00000259,P05-INTEGRATION-CPF-RESILIENCE,P03;P04,CPF-GATE-05
CPF-SC-000260,CPF-FR-001282,CPF-RESILIENCE,P1,INTEGRATION,PARTIAL,[CPF-RESILIENCE] 부분 실패,연계 개발자·운영자,최신 exact SHA; 다중 대상/항목,일부 target failure,group 실행,개별 성공/실패/unknown 보존,전체 성공/실패로 축약,Java25·적용 DB/Provider/Browser/Process 환경,Local/Remote·single/multi-instance 중 적용,source SHA·command·environment·start/end·exit code·pre/post state·report/artifact hash·sanitization,미검증,4aea798c913787e86341809e2cef2b9495cbf7ba,,R3 최신 exact SHA 재실행 대기,연결 Requirement의 지정 Phase에서 직접 실행,P05,Starter·Capability·Provider 기본 구현,05-00000260,P05-INTEGRATION-CPF-RESILIENCE,P03;P04,CPF-GATE-05
CPF-SC-000261,CPF-FR-001282,CPF-RESILIENCE,P1,INTEGRATION,PROCESS_KILL,[CPF-RESILIENCE] Process Kill·Restart,연계 개발자·운영자,최신 exact SHA; durable state,worker kill,claim/apply 후 종료·재기동,lease 회수·stale fencing·복구,고아 상태·중복,Java25·적용 DB/Provider/Browser/Process 환경,Local/Remote·single/multi-instance 중 적용,source SHA·command·environment·start/end·exit code·pre/post state·report/artifact hash·sanitization,미검증,4aea798c913787e86341809e2cef2b9495cbf7ba,,R3 최신 exact SHA 재실행 대기,연결 Requirement의 지정 Phase에서 직접 실행,P05,Starter·Capability·Provider 기본 구현,05-00000261,P05-INTEGRATION-CPF-RESILIENCE,P03;P04,CPF-GATE-05
CPF-SC-000262,CPF-FR-001282,CPF-RESILIENCE,P1,INTEGRATION,MULTI_INSTANCE,[CPF-RESILIENCE] 다중 Instance,연계 개발자·운영자,최신 exact SHA; 2개 이상,공유 DB/queue,동시 처리·failover·rejoin,version/state 일치·중복 0,local state 의존,Java25·적용 DB/Provider/Browser/Process 환경,Local/Remote·single/multi-instance 중 적용,source SHA·command·environment·start/end·exit code·pre/post state·report/artifact hash·sanitization,미검증,4aea798c913787e86341809e2cef2b9495cbf7ba,,R3 최신 exact SHA 재실행 대기,연결 Requirement의 지정 Phase에서 직접 실행,P05,Starter·Capability·Provider 기본 구현,05-00000262,P05-INTEGRATION-CPF-RESILIENCE,P03;P04,CPF-GATE-05
CPF-SC-000263,CPF-FR-001282,CPF-RESILIENCE,P1,INTEGRATION,ROLLBACK,[CPF-RESILIENCE] Rollback/Forward Recovery,연계 개발자·운영자,최신 exact SHA; 변경 전 snapshot,적용 후 결함,rollback/forward fix,데이터 보존·actual 일치·audit,부분 rollback·drift,Java25·적용 DB/Provider/Browser/Process 환경,Local/Remote·single/multi-instance 중 적용,source SHA·command·environment·start/end·exit code·pre/post state·report/artifact hash·sanitization,미검증,4aea798c913787e86341809e2cef2b9495cbf7ba,,R3 최신 exact SHA 재실행 대기,연결 Requirement의 지정 Phase에서 직접 실행,P05,Starter·Capability·Provider 기본 구현,05-00000263,P05-INTEGRATION-CPF-RESILIENCE,P03;P04,CPF-GATE-05
CPF-SC-000264,CPF-FR-001282,CPF-RESILIENCE,P1,INTEGRATION,SECURITY_LEAK,[CPF-RESILIENCE] 민감정보 누출,연계 개발자·운영자,최신 exact SHA; PII/Secret fixture,오류·Log·UI·Download,정상/실패 실행,원문 0 또는 승인 범위,Log/DOM/Storage/Evidence 원문,Java25·적용 DB/Provider/Browser/Process 환경,Local/Remote·single/multi-instance 중 적용,source SHA·command·environment·start/end·exit code·pre/post state·report/artifact hash·sanitization,미검증,4aea798c913787e86341809e2cef2b9495cbf7ba,,R3 최신 exact SHA 재실행 대기,연결 Requirement의 지정 Phase에서 직접 실행,P05,Starter·Capability·Provider 기본 구현,05-00000264,P05-INTEGRATION-CPF-RESILIENCE,P03;P04,CPF-GATE-05
CPF-SC-000265,CPF-FR-001343,CPF-DEADLINE,P0,CORE,POSITIVE,[CPF-DEADLINE] 정상 수직 흐름,CPF Framework 개발자,최신 exact SHA; 유효 입력과 권한,정상 데이터,요청→검증→처리→저장/전달→응답→감사,정상 상태·side effect·tracking 일치,Mock-only 또는 Consumer 미호출,Java25·적용 DB/Provider/Browser/Process 환경,Local/Remote·single/multi-instance 중 적용,source SHA·command·environment·start/end·exit code·pre/post state·report/artifact hash·sanitization,미검증,4aea798c913787e86341809e2cef2b9495cbf7ba,,R3 최신 exact SHA 재실행 대기,연결 Requirement의 지정 Phase에서 직접 실행,P03,공통 계약·표준 타입·보안·오류·Context,03-00000265,P03-CORE-CPF-DEADLINE,P02,CPF-GATE-03
CPF-SC-000266,CPF-FR-001343,CPF-DEADLINE,P0,CORE,INVALID,[CPF-DEADLINE] 입력·경계 오류,CPF Framework 개발자,최신 exact SHA; 유효 Session,invalid/empty/oversize/unknown enum,각 invalid 제출,표준 field/path 오류·side effect 0,500/raw exception/부분 저장,Java25·적용 DB/Provider/Browser/Process 환경,Local/Remote·single/multi-instance 중 적용,source SHA·command·environment·start/end·exit code·pre/post state·report/artifact hash·sanitization,미검증,4aea798c913787e86341809e2cef2b9495cbf7ba,,R3 최신 exact SHA 재실행 대기,연결 Requirement의 지정 Phase에서 직접 실행,P03,공통 계약·표준 타입·보안·오류·Context,03-00000266,P03-CORE-CPF-DEADLINE,P02,CPF-GATE-03
CPF-SC-000267,CPF-FR-001343,CPF-DEADLINE,P0,CORE,UNAUTHORIZED,[CPF-DEADLINE] 미인증·권한 부족,CPF Framework 개발자,최신 exact SHA; 권한 없는 principal,401/403 대상,UI 직접 URL/API/Method 호출,Server 거부·Audit·민감정보 0,버튼만 숨김/default allow,Java25·적용 DB/Provider/Browser/Process 환경,Local/Remote·single/multi-instance 중 적용,source SHA·command·environment·start/end·exit code·pre/post state·report/artifact hash·sanitization,미검증,4aea798c913787e86341809e2cef2b9495cbf7ba,,R3 최신 exact SHA 재실행 대기,연결 Requirement의 지정 Phase에서 직접 실행,P03,공통 계약·표준 타입·보안·오류·Context,03-00000267,P03-CORE-CPF-DEADLINE,P02,CPF-GATE-03
CPF-SC-000268,CPF-FR-001343,CPF-DEADLINE,P0,CORE,CONFLICT,[CPF-DEADLINE] Version·Hash 충돌,CPF Framework 개발자,최신 exact SHA; 기존 version,stale expectedVersion/다른 hash,동시/재시도 요청,409·기존 결과 보존·lost update 0,후행 요청 덮어씀,Java25·적용 DB/Provider/Browser/Process 환경,Local/Remote·single/multi-instance 중 적용,source SHA·command·environment·start/end·exit code·pre/post state·report/artifact hash·sanitization,미검증,4aea798c913787e86341809e2cef2b9495cbf7ba,,R3 최신 exact SHA 재실행 대기,연결 Requirement의 지정 Phase에서 직접 실행,P03,공통 계약·표준 타입·보안·오류·Context,03-00000268,P03-CORE-CPF-DEADLINE,P02,CPF-GATE-03
CPF-SC-000269,CPF-FR-001343,CPF-DEADLINE,P0,CORE,DUPLICATE,[CPF-DEADLINE] 중복 요청,CPF Framework 개발자,최신 exact SHA; 같은 operationId,동일/상이 payload,동시·순차 중복,"동일 replay, 다른 payload conflict",side effect 2회,Java25·적용 DB/Provider/Browser/Process 환경,Local/Remote·single/multi-instance 중 적용,source SHA·command·environment·start/end·exit code·pre/post state·report/artifact hash·sanitization,미검증,4aea798c913787e86341809e2cef2b9495cbf7ba,,R3 최신 exact SHA 재실행 대기,연결 Requirement의 지정 Phase에서 직접 실행,P03,공통 계약·표준 타입·보안·오류·Context,03-00000269,P03-CORE-CPF-DEADLINE,P02,CPF-GATE-03
CPF-SC-000270,CPF-FR-001343,CPF-DEADLINE,P0,CORE,TIMEOUT_PRE,[CPF-DEADLINE] Side effect 전 Timeout,CPF Framework 개발자,최신 exact SHA; dependency delay,connect/header timeout,timeout 주입,retryable failure·side effect 0,UNKNOWN/성공 오인,Java25·적용 DB/Provider/Browser/Process 환경,Local/Remote·single/multi-instance 중 적용,source SHA·command·environment·start/end·exit code·pre/post state·report/artifact hash·sanitization,미검증,4aea798c913787e86341809e2cef2b9495cbf7ba,,R3 최신 exact SHA 재실행 대기,연결 Requirement의 지정 Phase에서 직접 실행,P03,공통 계약·표준 타입·보안·오류·Context,03-00000270,P03-CORE-CPF-DEADLINE,P02,CPF-GATE-03
CPF-SC-000271,CPF-FR-001343,CPF-DEADLINE,P0,CORE,RESPONSE_LOSS,[CPF-DEADLINE] Side effect 후 응답 유실,CPF Framework 개발자,최신 exact SHA; Owner commit,commit 후 reset,응답 차단,UNKNOWN·blind retry 금지·reconcile,자동 실패/무조건 retry,Java25·적용 DB/Provider/Browser/Process 환경,Local/Remote·single/multi-instance 중 적용,source SHA·command·environment·start/end·exit code·pre/post state·report/artifact hash·sanitization,미검증,4aea798c913787e86341809e2cef2b9495cbf7ba,,R3 최신 exact SHA 재실행 대기,연결 Requirement의 지정 Phase에서 직접 실행,P03,공통 계약·표준 타입·보안·오류·Context,03-00000271,P03-CORE-CPF-DEADLINE,P02,CPF-GATE-03
CPF-SC-000272,CPF-FR-001343,CPF-DEADLINE,P0,CORE,PARTIAL,[CPF-DEADLINE] 부분 실패,CPF Framework 개발자,최신 exact SHA; 다중 대상/항목,일부 target failure,group 실행,개별 성공/실패/unknown 보존,전체 성공/실패로 축약,Java25·적용 DB/Provider/Browser/Process 환경,Local/Remote·single/multi-instance 중 적용,source SHA·command·environment·start/end·exit code·pre/post state·report/artifact hash·sanitization,미검증,4aea798c913787e86341809e2cef2b9495cbf7ba,,R3 최신 exact SHA 재실행 대기,연결 Requirement의 지정 Phase에서 직접 실행,P03,공통 계약·표준 타입·보안·오류·Context,03-00000272,P03-CORE-CPF-DEADLINE,P02,CPF-GATE-03
CPF-SC-000273,CPF-FR-001343,CPF-DEADLINE,P0,CORE,PROCESS_KILL,[CPF-DEADLINE] Process Kill·Restart,CPF Framework 개발자,최신 exact SHA; durable state,worker kill,claim/apply 후 종료·재기동,lease 회수·stale fencing·복구,고아 상태·중복,Java25·적용 DB/Provider/Browser/Process 환경,Local/Remote·single/multi-instance 중 적용,source SHA·command·environment·start/end·exit code·pre/post state·report/artifact hash·sanitization,미검증,4aea798c913787e86341809e2cef2b9495cbf7ba,,R3 최신 exact SHA 재실행 대기,연결 Requirement의 지정 Phase에서 직접 실행,P03,공통 계약·표준 타입·보안·오류·Context,03-00000273,P03-CORE-CPF-DEADLINE,P02,CPF-GATE-03
CPF-SC-000274,CPF-FR-001343,CPF-DEADLINE,P0,CORE,MULTI_INSTANCE,[CPF-DEADLINE] 다중 Instance,CPF Framework 개발자,최신 exact SHA; 2개 이상,공유 DB/queue,동시 처리·failover·rejoin,version/state 일치·중복 0,local state 의존,Java25·적용 DB/Provider/Browser/Process 환경,Local/Remote·single/multi-instance 중 적용,source SHA·command·environment·start/end·exit code·pre/post state·report/artifact hash·sanitization,미검증,4aea798c913787e86341809e2cef2b9495cbf7ba,,R3 최신 exact SHA 재실행 대기,연결 Requirement의 지정 Phase에서 직접 실행,P03,공통 계약·표준 타입·보안·오류·Context,03-00000274,P03-CORE-CPF-DEADLINE,P02,CPF-GATE-03
CPF-SC-000275,CPF-FR-001343,CPF-DEADLINE,P0,CORE,ROLLBACK,[CPF-DEADLINE] Rollback/Forward Recovery,CPF Framework 개발자,최신 exact SHA; 변경 전 snapshot,적용 후 결함,rollback/forward fix,데이터 보존·actual 일치·audit,부분 rollback·drift,Java25·적용 DB/Provider/Browser/Process 환경,Local/Remote·single/multi-instance 중 적용,source SHA·command·environment·start/end·exit code·pre/post state·report/artifact hash·sanitization,미검증,4aea798c913787e86341809e2cef2b9495cbf7ba,,R3 최신 exact SHA 재실행 대기,연결 Requirement의 지정 Phase에서 직접 실행,P03,공통 계약·표준 타입·보안·오류·Context,03-00000275,P03-CORE-CPF-DEADLINE,P02,CPF-GATE-03
CPF-SC-000276,CPF-FR-001343,CPF-DEADLINE,P0,CORE,SECURITY_LEAK,[CPF-DEADLINE] 민감정보 누출,CPF Framework 개발자,최신 exact SHA; PII/Secret fixture,오류·Log·UI·Download,정상/실패 실행,원문 0 또는 승인 범위,Log/DOM/Storage/Evidence 원문,Java25·적용 DB/Provider/Browser/Process 환경,Local/Remote·single/multi-instance 중 적용,source SHA·command·environment·start/end·exit code·pre/post state·report/artifact hash·sanitization,미검증,4aea798c913787e86341809e2cef2b9495cbf7ba,,R3 최신 exact SHA 재실행 대기,연결 Requirement의 지정 Phase에서 직접 실행,P03,공통 계약·표준 타입·보안·오류·Context,03-00000276,P03-CORE-CPF-DEADLINE,P02,CPF-GATE-03
CPF-SC-000277,CPF-FR-001404,CPF-SCHED,P0,CORE,POSITIVE,[CPF-SCHED] 정상 수직 흐름,CPF Framework 개발자,최신 exact SHA; 유효 입력과 권한,정상 데이터,요청→검증→처리→저장/전달→응답→감사,정상 상태·side effect·tracking 일치,Mock-only 또는 Consumer 미호출,Java25·적용 DB/Provider/Browser/Process 환경,Local/Remote·single/multi-instance 중 적용,source SHA·command·environment·start/end·exit code·pre/post state·report/artifact hash·sanitization,미검증,4aea798c913787e86341809e2cef2b9495cbf7ba,,R3 최신 exact SHA 재실행 대기,연결 Requirement의 지정 Phase에서 직접 실행,P03,공통 계약·표준 타입·보안·오류·Context,03-00000277,P03-CORE-CPF-SCHED,P02,CPF-GATE-03
CPF-SC-000278,CPF-FR-001404,CPF-SCHED,P0,CORE,INVALID,[CPF-SCHED] 입력·경계 오류,CPF Framework 개발자,최신 exact SHA; 유효 Session,invalid/empty/oversize/unknown enum,각 invalid 제출,표준 field/path 오류·side effect 0,500/raw exception/부분 저장,Java25·적용 DB/Provider/Browser/Process 환경,Local/Remote·single/multi-instance 중 적용,source SHA·command·environment·start/end·exit code·pre/post state·report/artifact hash·sanitization,미검증,4aea798c913787e86341809e2cef2b9495cbf7ba,,R3 최신 exact SHA 재실행 대기,연결 Requirement의 지정 Phase에서 직접 실행,P03,공통 계약·표준 타입·보안·오류·Context,03-00000278,P03-CORE-CPF-SCHED,P02,CPF-GATE-03
CPF-SC-000279,CPF-FR-001404,CPF-SCHED,P0,CORE,UNAUTHORIZED,[CPF-SCHED] 미인증·권한 부족,CPF Framework 개발자,최신 exact SHA; 권한 없는 principal,401/403 대상,UI 직접 URL/API/Method 호출,Server 거부·Audit·민감정보 0,버튼만 숨김/default allow,Java25·적용 DB/Provider/Browser/Process 환경,Local/Remote·single/multi-instance 중 적용,source SHA·command·environment·start/end·exit code·pre/post state·report/artifact hash·sanitization,미검증,4aea798c913787e86341809e2cef2b9495cbf7ba,,R3 최신 exact SHA 재실행 대기,연결 Requirement의 지정 Phase에서 직접 실행,P03,공통 계약·표준 타입·보안·오류·Context,03-00000279,P03-CORE-CPF-SCHED,P02,CPF-GATE-03
CPF-SC-000280,CPF-FR-001404,CPF-SCHED,P0,CORE,CONFLICT,[CPF-SCHED] Version·Hash 충돌,CPF Framework 개발자,최신 exact SHA; 기존 version,stale expectedVersion/다른 hash,동시/재시도 요청,409·기존 결과 보존·lost update 0,후행 요청 덮어씀,Java25·적용 DB/Provider/Browser/Process 환경,Local/Remote·single/multi-instance 중 적용,source SHA·command·environment·start/end·exit code·pre/post state·report/artifact hash·sanitization,미검증,4aea798c913787e86341809e2cef2b9495cbf7ba,,R3 최신 exact SHA 재실행 대기,연결 Requirement의 지정 Phase에서 직접 실행,P03,공통 계약·표준 타입·보안·오류·Context,03-00000280,P03-CORE-CPF-SCHED,P02,CPF-GATE-03
CPF-SC-000281,CPF-FR-001404,CPF-SCHED,P0,CORE,DUPLICATE,[CPF-SCHED] 중복 요청,CPF Framework 개발자,최신 exact SHA; 같은 operationId,동일/상이 payload,동시·순차 중복,"동일 replay, 다른 payload conflict",side effect 2회,Java25·적용 DB/Provider/Browser/Process 환경,Local/Remote·single/multi-instance 중 적용,source SHA·command·environment·start/end·exit code·pre/post state·report/artifact hash·sanitization,미검증,4aea798c913787e86341809e2cef2b9495cbf7ba,,R3 최신 exact SHA 재실행 대기,연결 Requirement의 지정 Phase에서 직접 실행,P03,공통 계약·표준 타입·보안·오류·Context,03-00000281,P03-CORE-CPF-SCHED,P02,CPF-GATE-03
CPF-SC-000282,CPF-FR-001404,CPF-SCHED,P0,CORE,TIMEOUT_PRE,[CPF-SCHED] Side effect 전 Timeout,CPF Framework 개발자,최신 exact SHA; dependency delay,connect/header timeout,timeout 주입,retryable failure·side effect 0,UNKNOWN/성공 오인,Java25·적용 DB/Provider/Browser/Process 환경,Local/Remote·single/multi-instance 중 적용,source SHA·command·environment·start/end·exit code·pre/post state·report/artifact hash·sanitization,미검증,4aea798c913787e86341809e2cef2b9495cbf7ba,,R3 최신 exact SHA 재실행 대기,연결 Requirement의 지정 Phase에서 직접 실행,P03,공통 계약·표준 타입·보안·오류·Context,03-00000282,P03-CORE-CPF-SCHED,P02,CPF-GATE-03
CPF-SC-000283,CPF-FR-001404,CPF-SCHED,P0,CORE,RESPONSE_LOSS,[CPF-SCHED] Side effect 후 응답 유실,CPF Framework 개발자,최신 exact SHA; Owner commit,commit 후 reset,응답 차단,UNKNOWN·blind retry 금지·reconcile,자동 실패/무조건 retry,Java25·적용 DB/Provider/Browser/Process 환경,Local/Remote·single/multi-instance 중 적용,source SHA·command·environment·start/end·exit code·pre/post state·report/artifact hash·sanitization,미검증,4aea798c913787e86341809e2cef2b9495cbf7ba,,R3 최신 exact SHA 재실행 대기,연결 Requirement의 지정 Phase에서 직접 실행,P03,공통 계약·표준 타입·보안·오류·Context,03-00000283,P03-CORE-CPF-SCHED,P02,CPF-GATE-03
CPF-SC-000284,CPF-FR-001404,CPF-SCHED,P0,CORE,PARTIAL,[CPF-SCHED] 부분 실패,CPF Framework 개발자,최신 exact SHA; 다중 대상/항목,일부 target failure,group 실행,개별 성공/실패/unknown 보존,전체 성공/실패로 축약,Java25·적용 DB/Provider/Browser/Process 환경,Local/Remote·single/multi-instance 중 적용,source SHA·command·environment·start/end·exit code·pre/post state·report/artifact hash·sanitization,미검증,4aea798c913787e86341809e2cef2b9495cbf7ba,,R3 최신 exact SHA 재실행 대기,연결 Requirement의 지정 Phase에서 직접 실행,P03,공통 계약·표준 타입·보안·오류·Context,03-00000284,P03-CORE-CPF-SCHED,P02,CPF-GATE-03
CPF-SC-000285,CPF-FR-001404,CPF-SCHED,P0,CORE,PROCESS_KILL,[CPF-SCHED] Process Kill·Restart,CPF Framework 개발자,최신 exact SHA; durable state,worker kill,claim/apply 후 종료·재기동,lease 회수·stale fencing·복구,고아 상태·중복,Java25·적용 DB/Provider/Browser/Process 환경,Local/Remote·single/multi-instance 중 적용,source SHA·command·environment·start/end·exit code·pre/post state·report/artifact hash·sanitization,미검증,4aea798c913787e86341809e2cef2b9495cbf7ba,,R3 최신 exact SHA 재실행 대기,연결 Requirement의 지정 Phase에서 직접 실행,P03,공통 계약·표준 타입·보안·오류·Context,03-00000285,P03-CORE-CPF-SCHED,P02,CPF-GATE-03
CPF-SC-000286,CPF-FR-001404,CPF-SCHED,P0,CORE,MULTI_INSTANCE,[CPF-SCHED] 다중 Instance,CPF Framework 개발자,최신 exact SHA; 2개 이상,공유 DB/queue,동시 처리·failover·rejoin,version/state 일치·중복 0,local state 의존,Java25·적용 DB/Provider/Browser/Process 환경,Local/Remote·single/multi-instance 중 적용,source SHA·command·environment·start/end·exit code·pre/post state·report/artifact hash·sanitization,미검증,4aea798c913787e86341809e2cef2b9495cbf7ba,,R3 최신 exact SHA 재실행 대기,연결 Requirement의 지정 Phase에서 직접 실행,P03,공통 계약·표준 타입·보안·오류·Context,03-00000286,P03-CORE-CPF-SCHED,P02,CPF-GATE-03
CPF-SC-000287,CPF-FR-001404,CPF-SCHED,P0,CORE,ROLLBACK,[CPF-SCHED] Rollback/Forward Recovery,CPF Framework 개발자,최신 exact SHA; 변경 전 snapshot,적용 후 결함,rollback/forward fix,데이터 보존·actual 일치·audit,부분 rollback·drift,Java25·적용 DB/Provider/Browser/Process 환경,Local/Remote·single/multi-instance 중 적용,source SHA·command·environment·start/end·exit code·pre/post state·report/artifact hash·sanitization,미검증,4aea798c913787e86341809e2cef2b9495cbf7ba,,R3 최신 exact SHA 재실행 대기,연결 Requirement의 지정 Phase에서 직접 실행,P03,공통 계약·표준 타입·보안·오류·Context,03-00000287,P03-CORE-CPF-SCHED,P02,CPF-GATE-03
CPF-SC-000288,CPF-FR-001404,CPF-SCHED,P0,CORE,SECURITY_LEAK,[CPF-SCHED] 민감정보 누출,CPF Framework 개발자,최신 exact SHA; PII/Secret fixture,오류·Log·UI·Download,정상/실패 실행,원문 0 또는 승인 범위,Log/DOM/Storage/Evidence 원문,Java25·적용 DB/Provider/Browser/Process 환경,Local/Remote·single/multi-instance 중 적용,source SHA·command·environment·start/end·exit code·pre/post state·report/artifact hash·sanitization,미검증,4aea798c913787e86341809e2cef2b9495cbf7ba,,R3 최신 exact SHA 재실행 대기,연결 Requirement의 지정 Phase에서 직접 실행,P03,공통 계약·표준 타입·보안·오류·Context,03-00000288,P03-CORE-CPF-SCHED,P02,CPF-GATE-03
CPF-SC-000289,CPF-FR-001465,CPF-OPSDB,P0,CORE,POSITIVE,[CPF-OPSDB] 정상 수직 흐름,CPF Framework 개발자,최신 exact SHA; 유효 입력과 권한,정상 데이터,요청→검증→처리→저장/전달→응답→감사,정상 상태·side effect·tracking 일치,Mock-only 또는 Consumer 미호출,Java25·적용 DB/Provider/Browser/Process 환경,Local/Remote·single/multi-instance 중 적용,source SHA·command·environment·start/end·exit code·pre/post state·report/artifact hash·sanitization,미검증,4aea798c913787e86341809e2cef2b9495cbf7ba,,R3 최신 exact SHA 재실행 대기,연결 Requirement의 지정 Phase에서 직접 실행,P03,공통 계약·표준 타입·보안·오류·Context,03-00000289,P03-CORE-CPF-OPSDB,P02,CPF-GATE-03
CPF-SC-000290,CPF-FR-001465,CPF-OPSDB,P0,CORE,INVALID,[CPF-OPSDB] 입력·경계 오류,CPF Framework 개발자,최신 exact SHA; 유효 Session,invalid/empty/oversize/unknown enum,각 invalid 제출,표준 field/path 오류·side effect 0,500/raw exception/부분 저장,Java25·적용 DB/Provider/Browser/Process 환경,Local/Remote·single/multi-instance 중 적용,source SHA·command·environment·start/end·exit code·pre/post state·report/artifact hash·sanitization,미검증,4aea798c913787e86341809e2cef2b9495cbf7ba,,R3 최신 exact SHA 재실행 대기,연결 Requirement의 지정 Phase에서 직접 실행,P03,공통 계약·표준 타입·보안·오류·Context,03-00000290,P03-CORE-CPF-OPSDB,P02,CPF-GATE-03
CPF-SC-000291,CPF-FR-001465,CPF-OPSDB,P0,CORE,UNAUTHORIZED,[CPF-OPSDB] 미인증·권한 부족,CPF Framework 개발자,최신 exact SHA; 권한 없는 principal,401/403 대상,UI 직접 URL/API/Method 호출,Server 거부·Audit·민감정보 0,버튼만 숨김/default allow,Java25·적용 DB/Provider/Browser/Process 환경,Local/Remote·single/multi-instance 중 적용,source SHA·command·environment·start/end·exit code·pre/post state·report/artifact hash·sanitization,미검증,4aea798c913787e86341809e2cef2b9495cbf7ba,,R3 최신 exact SHA 재실행 대기,연결 Requirement의 지정 Phase에서 직접 실행,P03,공통 계약·표준 타입·보안·오류·Context,03-00000291,P03-CORE-CPF-OPSDB,P02,CPF-GATE-03
CPF-SC-000292,CPF-FR-001465,CPF-OPSDB,P0,CORE,CONFLICT,[CPF-OPSDB] Version·Hash 충돌,CPF Framework 개발자,최신 exact SHA; 기존 version,stale expectedVersion/다른 hash,동시/재시도 요청,409·기존 결과 보존·lost update 0,후행 요청 덮어씀,Java25·적용 DB/Provider/Browser/Process 환경,Local/Remote·single/multi-instance 중 적용,source SHA·command·environment·start/end·exit code·pre/post state·report/artifact hash·sanitization,미검증,4aea798c913787e86341809e2cef2b9495cbf7ba,,R3 최신 exact SHA 재실행 대기,연결 Requirement의 지정 Phase에서 직접 실행,P03,공통 계약·표준 타입·보안·오류·Context,03-00000292,P03-CORE-CPF-OPSDB,P02,CPF-GATE-03
CPF-SC-000293,CPF-FR-001465,CPF-OPSDB,P0,CORE,DUPLICATE,[CPF-OPSDB] 중복 요청,CPF Framework 개발자,최신 exact SHA; 같은 operationId,동일/상이 payload,동시·순차 중복,"동일 replay, 다른 payload conflict",side effect 2회,Java25·적용 DB/Provider/Browser/Process 환경,Local/Remote·single/multi-instance 중 적용,source SHA·command·environment·start/end·exit code·pre/post state·report/artifact hash·sanitization,미검증,4aea798c913787e86341809e2cef2b9495cbf7ba,,R3 최신 exact SHA 재실행 대기,연결 Requirement의 지정 Phase에서 직접 실행,P03,공통 계약·표준 타입·보안·오류·Context,03-00000293,P03-CORE-CPF-OPSDB,P02,CPF-GATE-03
CPF-SC-000294,CPF-FR-001465,CPF-OPSDB,P0,CORE,TIMEOUT_PRE,[CPF-OPSDB] Side effect 전 Timeout,CPF Framework 개발자,최신 exact SHA; dependency delay,connect/header timeout,timeout 주입,retryable failure·side effect 0,UNKNOWN/성공 오인,Java25·적용 DB/Provider/Browser/Process 환경,Local/Remote·single/multi-instance 중 적용,source SHA·command·environment·start/end·exit code·pre/post state·report/artifact hash·sanitization,미검증,4aea798c913787e86341809e2cef2b9495cbf7ba,,R3 최신 exact SHA 재실행 대기,연결 Requirement의 지정 Phase에서 직접 실행,P03,공통 계약·표준 타입·보안·오류·Context,03-00000294,P03-CORE-CPF-OPSDB,P02,CPF-GATE-03
CPF-SC-000295,CPF-FR-001465,CPF-OPSDB,P0,CORE,RESPONSE_LOSS,[CPF-OPSDB] Side effect 후 응답 유실,CPF Framework 개발자,최신 exact SHA; Owner commit,commit 후 reset,응답 차단,UNKNOWN·blind retry 금지·reconcile,자동 실패/무조건 retry,Java25·적용 DB/Provider/Browser/Process 환경,Local/Remote·single/multi-instance 중 적용,source SHA·command·environment·start/end·exit code·pre/post state·report/artifact hash·sanitization,미검증,4aea798c913787e86341809e2cef2b9495cbf7ba,,R3 최신 exact SHA 재실행 대기,연결 Requirement의 지정 Phase에서 직접 실행,P03,공통 계약·표준 타입·보안·오류·Context,03-00000295,P03-CORE-CPF-OPSDB,P02,CPF-GATE-03
CPF-SC-000296,CPF-FR-001465,CPF-OPSDB,P0,CORE,PARTIAL,[CPF-OPSDB] 부분 실패,CPF Framework 개발자,최신 exact SHA; 다중 대상/항목,일부 target failure,group 실행,개별 성공/실패/unknown 보존,전체 성공/실패로 축약,Java25·적용 DB/Provider/Browser/Process 환경,Local/Remote·single/multi-instance 중 적용,source SHA·command·environment·start/end·exit code·pre/post state·report/artifact hash·sanitization,미검증,4aea798c913787e86341809e2cef2b9495cbf7ba,,R3 최신 exact SHA 재실행 대기,연결 Requirement의 지정 Phase에서 직접 실행,P03,공통 계약·표준 타입·보안·오류·Context,03-00000296,P03-CORE-CPF-OPSDB,P02,CPF-GATE-03
CPF-SC-000297,CPF-FR-001465,CPF-OPSDB,P0,CORE,PROCESS_KILL,[CPF-OPSDB] Process Kill·Restart,CPF Framework 개발자,최신 exact SHA; durable state,worker kill,claim/apply 후 종료·재기동,lease 회수·stale fencing·복구,고아 상태·중복,Java25·적용 DB/Provider/Browser/Process 환경,Local/Remote·single/multi-instance 중 적용,source SHA·command·environment·start/end·exit code·pre/post state·report/artifact hash·sanitization,미검증,4aea798c913787e86341809e2cef2b9495cbf7ba,,R3 최신 exact SHA 재실행 대기,연결 Requirement의 지정 Phase에서 직접 실행,P03,공통 계약·표준 타입·보안·오류·Context,03-00000297,P03-CORE-CPF-OPSDB,P02,CPF-GATE-03
CPF-SC-000298,CPF-FR-001465,CPF-OPSDB,P0,CORE,MULTI_INSTANCE,[CPF-OPSDB] 다중 Instance,CPF Framework 개발자,최신 exact SHA; 2개 이상,공유 DB/queue,동시 처리·failover·rejoin,version/state 일치·중복 0,local state 의존,Java25·적용 DB/Provider/Browser/Process 환경,Local/Remote·single/multi-instance 중 적용,source SHA·command·environment·start/end·exit code·pre/post state·report/artifact hash·sanitization,미검증,4aea798c913787e86341809e2cef2b9495cbf7ba,,R3 최신 exact SHA 재실행 대기,연결 Requirement의 지정 Phase에서 직접 실행,P03,공통 계약·표준 타입·보안·오류·Context,03-00000298,P03-CORE-CPF-OPSDB,P02,CPF-GATE-03
CPF-SC-000299,CPF-FR-001465,CPF-OPSDB,P0,CORE,ROLLBACK,[CPF-OPSDB] Rollback/Forward Recovery,CPF Framework 개발자,최신 exact SHA; 변경 전 snapshot,적용 후 결함,rollback/forward fix,데이터 보존·actual 일치·audit,부분 rollback·drift,Java25·적용 DB/Provider/Browser/Process 환경,Local/Remote·single/multi-instance 중 적용,source SHA·command·environment·start/end·exit code·pre/post state·report/artifact hash·sanitization,미검증,4aea798c913787e86341809e2cef2b9495cbf7ba,,R3 최신 exact SHA 재실행 대기,연결 Requirement의 지정 Phase에서 직접 실행,P03,공통 계약·표준 타입·보안·오류·Context,03-00000299,P03-CORE-CPF-OPSDB,P02,CPF-GATE-03
CPF-SC-000300,CPF-FR-001465,CPF-OPSDB,P0,CORE,SECURITY_LEAK,[CPF-OPSDB] 민감정보 누출,CPF Framework 개발자,최신 exact SHA; PII/Secret fixture,오류·Log·UI·Download,정상/실패 실행,원문 0 또는 승인 범위,Log/DOM/Storage/Evidence 원문,Java25·적용 DB/Provider/Browser/Process 환경,Local/Remote·single/multi-instance 중 적용,source SHA·command·environment·start/end·exit code·pre/post state·report/artifact hash·sanitization,미검증,4aea798c913787e86341809e2cef2b9495cbf7ba,,R3 최신 exact SHA 재실행 대기,연결 Requirement의 지정 Phase에서 직접 실행,P03,공통 계약·표준 타입·보안·오류·Context,03-00000300,P03-CORE-CPF-OPSDB,P02,CPF-GATE-03
CPF-SC-000301,CPF-FR-001526,CPF-LOGDB,P0,CORE,POSITIVE,[CPF-LOGDB] 정상 수직 흐름,CPF Framework 개발자,최신 exact SHA; 유효 입력과 권한,정상 데이터,요청→검증→처리→저장/전달→응답→감사,정상 상태·side effect·tracking 일치,Mock-only 또는 Consumer 미호출,Java25·적용 DB/Provider/Browser/Process 환경,Local/Remote·single/multi-instance 중 적용,source SHA·command·environment·start/end·exit code·pre/post state·report/artifact hash·sanitization,미검증,4aea798c913787e86341809e2cef2b9495cbf7ba,,R3 최신 exact SHA 재실행 대기,연결 Requirement의 지정 Phase에서 직접 실행,P03,공통 계약·표준 타입·보안·오류·Context,03-00000301,P03-CORE-CPF-LOGDB,P02,CPF-GATE-03
CPF-SC-000302,CPF-FR-001526,CPF-LOGDB,P0,CORE,INVALID,[CPF-LOGDB] 입력·경계 오류,CPF Framework 개발자,최신 exact SHA; 유효 Session,invalid/empty/oversize/unknown enum,각 invalid 제출,표준 field/path 오류·side effect 0,500/raw exception/부분 저장,Java25·적용 DB/Provider/Browser/Process 환경,Local/Remote·single/multi-instance 중 적용,source SHA·command·environment·start/end·exit code·pre/post state·report/artifact hash·sanitization,미검증,4aea798c913787e86341809e2cef2b9495cbf7ba,,R3 최신 exact SHA 재실행 대기,연결 Requirement의 지정 Phase에서 직접 실행,P03,공통 계약·표준 타입·보안·오류·Context,03-00000302,P03-CORE-CPF-LOGDB,P02,CPF-GATE-03
CPF-SC-000303,CPF-FR-001526,CPF-LOGDB,P0,CORE,UNAUTHORIZED,[CPF-LOGDB] 미인증·권한 부족,CPF Framework 개발자,최신 exact SHA; 권한 없는 principal,401/403 대상,UI 직접 URL/API/Method 호출,Server 거부·Audit·민감정보 0,버튼만 숨김/default allow,Java25·적용 DB/Provider/Browser/Process 환경,Local/Remote·single/multi-instance 중 적용,source SHA·command·environment·start/end·exit code·pre/post state·report/artifact hash·sanitization,미검증,4aea798c913787e86341809e2cef2b9495cbf7ba,,R3 최신 exact SHA 재실행 대기,연결 Requirement의 지정 Phase에서 직접 실행,P03,공통 계약·표준 타입·보안·오류·Context,03-00000303,P03-CORE-CPF-LOGDB,P02,CPF-GATE-03
CPF-SC-000304,CPF-FR-001526,CPF-LOGDB,P0,CORE,CONFLICT,[CPF-LOGDB] Version·Hash 충돌,CPF Framework 개발자,최신 exact SHA; 기존 version,stale expectedVersion/다른 hash,동시/재시도 요청,409·기존 결과 보존·lost update 0,후행 요청 덮어씀,Java25·적용 DB/Provider/Browser/Process 환경,Local/Remote·single/multi-instance 중 적용,source SHA·command·environment·start/end·exit code·pre/post state·report/artifact hash·sanitization,미검증,4aea798c913787e86341809e2cef2b9495cbf7ba,,R3 최신 exact SHA 재실행 대기,연결 Requirement의 지정 Phase에서 직접 실행,P03,공통 계약·표준 타입·보안·오류·Context,03-00000304,P03-CORE-CPF-LOGDB,P02,CPF-GATE-03
CPF-SC-000305,CPF-FR-001526,CPF-LOGDB,P0,CORE,DUPLICATE,[CPF-LOGDB] 중복 요청,CPF Framework 개발자,최신 exact SHA; 같은 operationId,동일/상이 payload,동시·순차 중복,"동일 replay, 다른 payload conflict",side effect 2회,Java25·적용 DB/Provider/Browser/Process 환경,Local/Remote·single/multi-instance 중 적용,source SHA·command·environment·start/end·exit code·pre/post state·report/artifact hash·sanitization,미검증,4aea798c913787e86341809e2cef2b9495cbf7ba,,R3 최신 exact SHA 재실행 대기,연결 Requirement의 지정 Phase에서 직접 실행,P03,공통 계약·표준 타입·보안·오류·Context,03-00000305,P03-CORE-CPF-LOGDB,P02,CPF-GATE-03
CPF-SC-000306,CPF-FR-001526,CPF-LOGDB,P0,CORE,TIMEOUT_PRE,[CPF-LOGDB] Side effect 전 Timeout,CPF Framework 개발자,최신 exact SHA; dependency delay,connect/header timeout,timeout 주입,retryable failure·side effect 0,UNKNOWN/성공 오인,Java25·적용 DB/Provider/Browser/Process 환경,Local/Remote·single/multi-instance 중 적용,source SHA·command·environment·start/end·exit code·pre/post state·report/artifact hash·sanitization,미검증,4aea798c913787e86341809e2cef2b9495cbf7ba,,R3 최신 exact SHA 재실행 대기,연결 Requirement의 지정 Phase에서 직접 실행,P03,공통 계약·표준 타입·보안·오류·Context,03-00000306,P03-CORE-CPF-LOGDB,P02,CPF-GATE-03
CPF-SC-000307,CPF-FR-001526,CPF-LOGDB,P0,CORE,RESPONSE_LOSS,[CPF-LOGDB] Side effect 후 응답 유실,CPF Framework 개발자,최신 exact SHA; Owner commit,commit 후 reset,응답 차단,UNKNOWN·blind retry 금지·reconcile,자동 실패/무조건 retry,Java25·적용 DB/Provider/Browser/Process 환경,Local/Remote·single/multi-instance 중 적용,source SHA·command·environment·start/end·exit code·pre/post state·report/artifact hash·sanitization,미검증,4aea798c913787e86341809e2cef2b9495cbf7ba,,R3 최신 exact SHA 재실행 대기,연결 Requirement의 지정 Phase에서 직접 실행,P03,공통 계약·표준 타입·보안·오류·Context,03-00000307,P03-CORE-CPF-LOGDB,P02,CPF-GATE-03
CPF-SC-000308,CPF-FR-001526,CPF-LOGDB,P0,CORE,PARTIAL,[CPF-LOGDB] 부분 실패,CPF Framework 개발자,최신 exact SHA; 다중 대상/항목,일부 target failure,group 실행,개별 성공/실패/unknown 보존,전체 성공/실패로 축약,Java25·적용 DB/Provider/Browser/Process 환경,Local/Remote·single/multi-instance 중 적용,source SHA·command·environment·start/end·exit code·pre/post state·report/artifact hash·sanitization,미검증,4aea798c913787e86341809e2cef2b9495cbf7ba,,R3 최신 exact SHA 재실행 대기,연결 Requirement의 지정 Phase에서 직접 실행,P03,공통 계약·표준 타입·보안·오류·Context,03-00000308,P03-CORE-CPF-LOGDB,P02,CPF-GATE-03
CPF-SC-000309,CPF-FR-001526,CPF-LOGDB,P0,CORE,PROCESS_KILL,[CPF-LOGDB] Process Kill·Restart,CPF Framework 개발자,최신 exact SHA; durable state,worker kill,claim/apply 후 종료·재기동,lease 회수·stale fencing·복구,고아 상태·중복,Java25·적용 DB/Provider/Browser/Process 환경,Local/Remote·single/multi-instance 중 적용,source SHA·command·environment·start/end·exit code·pre/post state·report/artifact hash·sanitization,미검증,4aea798c913787e86341809e2cef2b9495cbf7ba,,R3 최신 exact SHA 재실행 대기,연결 Requirement의 지정 Phase에서 직접 실행,P03,공통 계약·표준 타입·보안·오류·Context,03-00000309,P03-CORE-CPF-LOGDB,P02,CPF-GATE-03
CPF-SC-000310,CPF-FR-001526,CPF-LOGDB,P0,CORE,MULTI_INSTANCE,[CPF-LOGDB] 다중 Instance,CPF Framework 개발자,최신 exact SHA; 2개 이상,공유 DB/queue,동시 처리·failover·rejoin,version/state 일치·중복 0,local state 의존,Java25·적용 DB/Provider/Browser/Process 환경,Local/Remote·single/multi-instance 중 적용,source SHA·command·environment·start/end·exit code·pre/post state·report/artifact hash·sanitization,미검증,4aea798c913787e86341809e2cef2b9495cbf7ba,,R3 최신 exact SHA 재실행 대기,연결 Requirement의 지정 Phase에서 직접 실행,P03,공통 계약·표준 타입·보안·오류·Context,03-00000310,P03-CORE-CPF-LOGDB,P02,CPF-GATE-03
CPF-SC-000311,CPF-FR-001526,CPF-LOGDB,P0,CORE,ROLLBACK,[CPF-LOGDB] Rollback/Forward Recovery,CPF Framework 개발자,최신 exact SHA; 변경 전 snapshot,적용 후 결함,rollback/forward fix,데이터 보존·actual 일치·audit,부분 rollback·drift,Java25·적용 DB/Provider/Browser/Process 환경,Local/Remote·single/multi-instance 중 적용,source SHA·command·environment·start/end·exit code·pre/post state·report/artifact hash·sanitization,미검증,4aea798c913787e86341809e2cef2b9495cbf7ba,,R3 최신 exact SHA 재실행 대기,연결 Requirement의 지정 Phase에서 직접 실행,P03,공통 계약·표준 타입·보안·오류·Context,03-00000311,P03-CORE-CPF-LOGDB,P02,CPF-GATE-03
CPF-SC-000312,CPF-FR-001526,CPF-LOGDB,P0,CORE,SECURITY_LEAK,[CPF-LOGDB] 민감정보 누출,CPF Framework 개발자,최신 exact SHA; PII/Secret fixture,오류·Log·UI·Download,정상/실패 실행,원문 0 또는 승인 범위,Log/DOM/Storage/Evidence 원문,Java25·적용 DB/Provider/Browser/Process 환경,Local/Remote·single/multi-instance 중 적용,source SHA·command·environment·start/end·exit code·pre/post state·report/artifact hash·sanitization,미검증,4aea798c913787e86341809e2cef2b9495cbf7ba,,R3 최신 exact SHA 재실행 대기,연결 Requirement의 지정 Phase에서 직접 실행,P03,공통 계약·표준 타입·보안·오류·Context,03-00000312,P03-CORE-CPF-LOGDB,P02,CPF-GATE-03
CPF-SC-000313,CPF-FR-001587,CPF-FILELOG,P0,CORE,POSITIVE,[CPF-FILELOG] 정상 수직 흐름,CPF Framework 개발자,최신 exact SHA; 유효 입력과 권한,정상 데이터,요청→검증→처리→저장/전달→응답→감사,정상 상태·side effect·tracking 일치,Mock-only 또는 Consumer 미호출,Java25·적용 DB/Provider/Browser/Process 환경,Local/Remote·single/multi-instance 중 적용,source SHA·command·environment·start/end·exit code·pre/post state·report/artifact hash·sanitization,미검증,4aea798c913787e86341809e2cef2b9495cbf7ba,,R3 최신 exact SHA 재실행 대기,연결 Requirement의 지정 Phase에서 직접 실행,P03,공통 계약·표준 타입·보안·오류·Context,03-00000313,P03-CORE-CPF-FILELOG,P02,CPF-GATE-03
CPF-SC-000314,CPF-FR-001587,CPF-FILELOG,P0,CORE,INVALID,[CPF-FILELOG] 입력·경계 오류,CPF Framework 개발자,최신 exact SHA; 유효 Session,invalid/empty/oversize/unknown enum,각 invalid 제출,표준 field/path 오류·side effect 0,500/raw exception/부분 저장,Java25·적용 DB/Provider/Browser/Process 환경,Local/Remote·single/multi-instance 중 적용,source SHA·command·environment·start/end·exit code·pre/post state·report/artifact hash·sanitization,미검증,4aea798c913787e86341809e2cef2b9495cbf7ba,,R3 최신 exact SHA 재실행 대기,연결 Requirement의 지정 Phase에서 직접 실행,P03,공통 계약·표준 타입·보안·오류·Context,03-00000314,P03-CORE-CPF-FILELOG,P02,CPF-GATE-03
CPF-SC-000315,CPF-FR-001587,CPF-FILELOG,P0,CORE,UNAUTHORIZED,[CPF-FILELOG] 미인증·권한 부족,CPF Framework 개발자,최신 exact SHA; 권한 없는 principal,401/403 대상,UI 직접 URL/API/Method 호출,Server 거부·Audit·민감정보 0,버튼만 숨김/default allow,Java25·적용 DB/Provider/Browser/Process 환경,Local/Remote·single/multi-instance 중 적용,source SHA·command·environment·start/end·exit code·pre/post state·report/artifact hash·sanitization,미검증,4aea798c913787e86341809e2cef2b9495cbf7ba,,R3 최신 exact SHA 재실행 대기,연결 Requirement의 지정 Phase에서 직접 실행,P03,공통 계약·표준 타입·보안·오류·Context,03-00000315,P03-CORE-CPF-FILELOG,P02,CPF-GATE-03
CPF-SC-000316,CPF-FR-001587,CPF-FILELOG,P0,CORE,CONFLICT,[CPF-FILELOG] Version·Hash 충돌,CPF Framework 개발자,최신 exact SHA; 기존 version,stale expectedVersion/다른 hash,동시/재시도 요청,409·기존 결과 보존·lost update 0,후행 요청 덮어씀,Java25·적용 DB/Provider/Browser/Process 환경,Local/Remote·single/multi-instance 중 적용,source SHA·command·environment·start/end·exit code·pre/post state·report/artifact hash·sanitization,미검증,4aea798c913787e86341809e2cef2b9495cbf7ba,,R3 최신 exact SHA 재실행 대기,연결 Requirement의 지정 Phase에서 직접 실행,P03,공통 계약·표준 타입·보안·오류·Context,03-00000316,P03-CORE-CPF-FILELOG,P02,CPF-GATE-03
CPF-SC-000317,CPF-FR-001587,CPF-FILELOG,P0,CORE,DUPLICATE,[CPF-FILELOG] 중복 요청,CPF Framework 개발자,최신 exact SHA; 같은 operationId,동일/상이 payload,동시·순차 중복,"동일 replay, 다른 payload conflict",side effect 2회,Java25·적용 DB/Provider/Browser/Process 환경,Local/Remote·single/multi-instance 중 적용,source SHA·command·environment·start/end·exit code·pre/post state·report/artifact hash·sanitization,미검증,4aea798c913787e86341809e2cef2b9495cbf7ba,,R3 최신 exact SHA 재실행 대기,연결 Requirement의 지정 Phase에서 직접 실행,P03,공통 계약·표준 타입·보안·오류·Context,03-00000317,P03-CORE-CPF-FILELOG,P02,CPF-GATE-03
CPF-SC-000318,CPF-FR-001587,CPF-FILELOG,P0,CORE,TIMEOUT_PRE,[CPF-FILELOG] Side effect 전 Timeout,CPF Framework 개발자,최신 exact SHA; dependency delay,connect/header timeout,timeout 주입,retryable failure·side effect 0,UNKNOWN/성공 오인,Java25·적용 DB/Provider/Browser/Process 환경,Local/Remote·single/multi-instance 중 적용,source SHA·command·environment·start/end·exit code·pre/post state·report/artifact hash·sanitization,미검증,4aea798c913787e86341809e2cef2b9495cbf7ba,,R3 최신 exact SHA 재실행 대기,연결 Requirement의 지정 Phase에서 직접 실행,P03,공통 계약·표준 타입·보안·오류·Context,03-00000318,P03-CORE-CPF-FILELOG,P02,CPF-GATE-03
CPF-SC-000319,CPF-FR-001587,CPF-FILELOG,P0,CORE,RESPONSE_LOSS,[CPF-FILELOG] Side effect 후 응답 유실,CPF Framework 개발자,최신 exact SHA; Owner commit,commit 후 reset,응답 차단,UNKNOWN·blind retry 금지·reconcile,자동 실패/무조건 retry,Java25·적용 DB/Provider/Browser/Process 환경,Local/Remote·single/multi-instance 중 적용,source SHA·command·environment·start/end·exit code·pre/post state·report/artifact hash·sanitization,미검증,4aea798c913787e86341809e2cef2b9495cbf7ba,,R3 최신 exact SHA 재실행 대기,연결 Requirement의 지정 Phase에서 직접 실행,P03,공통 계약·표준 타입·보안·오류·Context,03-00000319,P03-CORE-CPF-FILELOG,P02,CPF-GATE-03
CPF-SC-000320,CPF-FR-001587,CPF-FILELOG,P0,CORE,PARTIAL,[CPF-FILELOG] 부분 실패,CPF Framework 개발자,최신 exact SHA; 다중 대상/항목,일부 target failure,group 실행,개별 성공/실패/unknown 보존,전체 성공/실패로 축약,Java25·적용 DB/Provider/Browser/Process 환경,Local/Remote·single/multi-instance 중 적용,source SHA·command·environment·start/end·exit code·pre/post state·report/artifact hash·sanitization,미검증,4aea798c913787e86341809e2cef2b9495cbf7ba,,R3 최신 exact SHA 재실행 대기,연결 Requirement의 지정 Phase에서 직접 실행,P03,공통 계약·표준 타입·보안·오류·Context,03-00000320,P03-CORE-CPF-FILELOG,P02,CPF-GATE-03
CPF-SC-000321,CPF-FR-001587,CPF-FILELOG,P0,CORE,PROCESS_KILL,[CPF-FILELOG] Process Kill·Restart,CPF Framework 개발자,최신 exact SHA; durable state,worker kill,claim/apply 후 종료·재기동,lease 회수·stale fencing·복구,고아 상태·중복,Java25·적용 DB/Provider/Browser/Process 환경,Local/Remote·single/multi-instance 중 적용,source SHA·command·environment·start/end·exit code·pre/post state·report/artifact hash·sanitization,미검증,4aea798c913787e86341809e2cef2b9495cbf7ba,,R3 최신 exact SHA 재실행 대기,연결 Requirement의 지정 Phase에서 직접 실행,P03,공통 계약·표준 타입·보안·오류·Context,03-00000321,P03-CORE-CPF-FILELOG,P02,CPF-GATE-03
CPF-SC-000322,CPF-FR-001587,CPF-FILELOG,P0,CORE,MULTI_INSTANCE,[CPF-FILELOG] 다중 Instance,CPF Framework 개발자,최신 exact SHA; 2개 이상,공유 DB/queue,동시 처리·failover·rejoin,version/state 일치·중복 0,local state 의존,Java25·적용 DB/Provider/Browser/Process 환경,Local/Remote·single/multi-instance 중 적용,source SHA·command·environment·start/end·exit code·pre/post state·report/artifact hash·sanitization,미검증,4aea798c913787e86341809e2cef2b9495cbf7ba,,R3 최신 exact SHA 재실행 대기,연결 Requirement의 지정 Phase에서 직접 실행,P03,공통 계약·표준 타입·보안·오류·Context,03-00000322,P03-CORE-CPF-FILELOG,P02,CPF-GATE-03
CPF-SC-000323,CPF-FR-001587,CPF-FILELOG,P0,CORE,ROLLBACK,[CPF-FILELOG] Rollback/Forward Recovery,CPF Framework 개발자,최신 exact SHA; 변경 전 snapshot,적용 후 결함,rollback/forward fix,데이터 보존·actual 일치·audit,부분 rollback·drift,Java25·적용 DB/Provider/Browser/Process 환경,Local/Remote·single/multi-instance 중 적용,source SHA·command·environment·start/end·exit code·pre/post state·report/artifact hash·sanitization,미검증,4aea798c913787e86341809e2cef2b9495cbf7ba,,R3 최신 exact SHA 재실행 대기,연결 Requirement의 지정 Phase에서 직접 실행,P03,공통 계약·표준 타입·보안·오류·Context,03-00000323,P03-CORE-CPF-FILELOG,P02,CPF-GATE-03
CPF-SC-000324,CPF-FR-001587,CPF-FILELOG,P0,CORE,SECURITY_LEAK,[CPF-FILELOG] 민감정보 누출,CPF Framework 개발자,최신 exact SHA; PII/Secret fixture,오류·Log·UI·Download,정상/실패 실행,원문 0 또는 승인 범위,Log/DOM/Storage/Evidence 원문,Java25·적용 DB/Provider/Browser/Process 환경,Local/Remote·single/multi-instance 중 적용,source SHA·command·environment·start/end·exit code·pre/post state·report/artifact hash·sanitization,미검증,4aea798c913787e86341809e2cef2b9495cbf7ba,,R3 최신 exact SHA 재실행 대기,연결 Requirement의 지정 Phase에서 직접 실행,P03,공통 계약·표준 타입·보안·오류·Context,03-00000324,P03-CORE-CPF-FILELOG,P02,CPF-GATE-03
CPF-SC-000325,CPF-FR-001648,CPF-LOGFAIL,P0,CORE,POSITIVE,[CPF-LOGFAIL] 정상 수직 흐름,CPF Framework 개발자,최신 exact SHA; 유효 입력과 권한,정상 데이터,요청→검증→처리→저장/전달→응답→감사,정상 상태·side effect·tracking 일치,Mock-only 또는 Consumer 미호출,Java25·적용 DB/Provider/Browser/Process 환경,Local/Remote·single/multi-instance 중 적용,source SHA·command·environment·start/end·exit code·pre/post state·report/artifact hash·sanitization,미검증,4aea798c913787e86341809e2cef2b9495cbf7ba,,R3 최신 exact SHA 재실행 대기,연결 Requirement의 지정 Phase에서 직접 실행,P03,공통 계약·표준 타입·보안·오류·Context,03-00000325,P03-CORE-CPF-LOGFAIL,P02,CPF-GATE-03
CPF-SC-000326,CPF-FR-001648,CPF-LOGFAIL,P0,CORE,INVALID,[CPF-LOGFAIL] 입력·경계 오류,CPF Framework 개발자,최신 exact SHA; 유효 Session,invalid/empty/oversize/unknown enum,각 invalid 제출,표준 field/path 오류·side effect 0,500/raw exception/부분 저장,Java25·적용 DB/Provider/Browser/Process 환경,Local/Remote·single/multi-instance 중 적용,source SHA·command·environment·start/end·exit code·pre/post state·report/artifact hash·sanitization,미검증,4aea798c913787e86341809e2cef2b9495cbf7ba,,R3 최신 exact SHA 재실행 대기,연결 Requirement의 지정 Phase에서 직접 실행,P03,공통 계약·표준 타입·보안·오류·Context,03-00000326,P03-CORE-CPF-LOGFAIL,P02,CPF-GATE-03
CPF-SC-000327,CPF-FR-001648,CPF-LOGFAIL,P0,CORE,UNAUTHORIZED,[CPF-LOGFAIL] 미인증·권한 부족,CPF Framework 개발자,최신 exact SHA; 권한 없는 principal,401/403 대상,UI 직접 URL/API/Method 호출,Server 거부·Audit·민감정보 0,버튼만 숨김/default allow,Java25·적용 DB/Provider/Browser/Process 환경,Local/Remote·single/multi-instance 중 적용,source SHA·command·environment·start/end·exit code·pre/post state·report/artifact hash·sanitization,미검증,4aea798c913787e86341809e2cef2b9495cbf7ba,,R3 최신 exact SHA 재실행 대기,연결 Requirement의 지정 Phase에서 직접 실행,P03,공통 계약·표준 타입·보안·오류·Context,03-00000327,P03-CORE-CPF-LOGFAIL,P02,CPF-GATE-03
CPF-SC-000328,CPF-FR-001648,CPF-LOGFAIL,P0,CORE,CONFLICT,[CPF-LOGFAIL] Version·Hash 충돌,CPF Framework 개발자,최신 exact SHA; 기존 version,stale expectedVersion/다른 hash,동시/재시도 요청,409·기존 결과 보존·lost update 0,후행 요청 덮어씀,Java25·적용 DB/Provider/Browser/Process 환경,Local/Remote·single/multi-instance 중 적용,source SHA·command·environment·start/end·exit code·pre/post state·report/artifact hash·sanitization,미검증,4aea798c913787e86341809e2cef2b9495cbf7ba,,R3 최신 exact SHA 재실행 대기,연결 Requirement의 지정 Phase에서 직접 실행,P03,공통 계약·표준 타입·보안·오류·Context,03-00000328,P03-CORE-CPF-LOGFAIL,P02,CPF-GATE-03
CPF-SC-000329,CPF-FR-001648,CPF-LOGFAIL,P0,CORE,DUPLICATE,[CPF-LOGFAIL] 중복 요청,CPF Framework 개발자,최신 exact SHA; 같은 operationId,동일/상이 payload,동시·순차 중복,"동일 replay, 다른 payload conflict",side effect 2회,Java25·적용 DB/Provider/Browser/Process 환경,Local/Remote·single/multi-instance 중 적용,source SHA·command·environment·start/end·exit code·pre/post state·report/artifact hash·sanitization,미검증,4aea798c913787e86341809e2cef2b9495cbf7ba,,R3 최신 exact SHA 재실행 대기,연결 Requirement의 지정 Phase에서 직접 실행,P03,공통 계약·표준 타입·보안·오류·Context,03-00000329,P03-CORE-CPF-LOGFAIL,P02,CPF-GATE-03
CPF-SC-000330,CPF-FR-001648,CPF-LOGFAIL,P0,CORE,TIMEOUT_PRE,[CPF-LOGFAIL] Side effect 전 Timeout,CPF Framework 개발자,최신 exact SHA; dependency delay,connect/header timeout,timeout 주입,retryable failure·side effect 0,UNKNOWN/성공 오인,Java25·적용 DB/Provider/Browser/Process 환경,Local/Remote·single/multi-instance 중 적용,source SHA·command·environment·start/end·exit code·pre/post state·report/artifact hash·sanitization,미검증,4aea798c913787e86341809e2cef2b9495cbf7ba,,R3 최신 exact SHA 재실행 대기,연결 Requirement의 지정 Phase에서 직접 실행,P03,공통 계약·표준 타입·보안·오류·Context,03-00000330,P03-CORE-CPF-LOGFAIL,P02,CPF-GATE-03
CPF-SC-000331,CPF-FR-001648,CPF-LOGFAIL,P0,CORE,RESPONSE_LOSS,[CPF-LOGFAIL] Side effect 후 응답 유실,CPF Framework 개발자,최신 exact SHA; Owner commit,commit 후 reset,응답 차단,UNKNOWN·blind retry 금지·reconcile,자동 실패/무조건 retry,Java25·적용 DB/Provider/Browser/Process 환경,Local/Remote·single/multi-instance 중 적용,source SHA·command·environment·start/end·exit code·pre/post state·report/artifact hash·sanitization,미검증,4aea798c913787e86341809e2cef2b9495cbf7ba,,R3 최신 exact SHA 재실행 대기,연결 Requirement의 지정 Phase에서 직접 실행,P03,공통 계약·표준 타입·보안·오류·Context,03-00000331,P03-CORE-CPF-LOGFAIL,P02,CPF-GATE-03
CPF-SC-000332,CPF-FR-001648,CPF-LOGFAIL,P0,CORE,PARTIAL,[CPF-LOGFAIL] 부분 실패,CPF Framework 개발자,최신 exact SHA; 다중 대상/항목,일부 target failure,group 실행,개별 성공/실패/unknown 보존,전체 성공/실패로 축약,Java25·적용 DB/Provider/Browser/Process 환경,Local/Remote·single/multi-instance 중 적용,source SHA·command·environment·start/end·exit code·pre/post state·report/artifact hash·sanitization,미검증,4aea798c913787e86341809e2cef2b9495cbf7ba,,R3 최신 exact SHA 재실행 대기,연결 Requirement의 지정 Phase에서 직접 실행,P03,공통 계약·표준 타입·보안·오류·Context,03-00000332,P03-CORE-CPF-LOGFAIL,P02,CPF-GATE-03
CPF-SC-000333,CPF-FR-001648,CPF-LOGFAIL,P0,CORE,PROCESS_KILL,[CPF-LOGFAIL] Process Kill·Restart,CPF Framework 개발자,최신 exact SHA; durable state,worker kill,claim/apply 후 종료·재기동,lease 회수·stale fencing·복구,고아 상태·중복,Java25·적용 DB/Provider/Browser/Process 환경,Local/Remote·single/multi-instance 중 적용,source SHA·command·environment·start/end·exit code·pre/post state·report/artifact hash·sanitization,미검증,4aea798c913787e86341809e2cef2b9495cbf7ba,,R3 최신 exact SHA 재실행 대기,연결 Requirement의 지정 Phase에서 직접 실행,P03,공통 계약·표준 타입·보안·오류·Context,03-00000333,P03-CORE-CPF-LOGFAIL,P02,CPF-GATE-03
CPF-SC-000334,CPF-FR-001648,CPF-LOGFAIL,P0,CORE,MULTI_INSTANCE,[CPF-LOGFAIL] 다중 Instance,CPF Framework 개발자,최신 exact SHA; 2개 이상,공유 DB/queue,동시 처리·failover·rejoin,version/state 일치·중복 0,local state 의존,Java25·적용 DB/Provider/Browser/Process 환경,Local/Remote·single/multi-instance 중 적용,source SHA·command·environment·start/end·exit code·pre/post state·report/artifact hash·sanitization,미검증,4aea798c913787e86341809e2cef2b9495cbf7ba,,R3 최신 exact SHA 재실행 대기,연결 Requirement의 지정 Phase에서 직접 실행,P03,공통 계약·표준 타입·보안·오류·Context,03-00000334,P03-CORE-CPF-LOGFAIL,P02,CPF-GATE-03
CPF-SC-000335,CPF-FR-001648,CPF-LOGFAIL,P0,CORE,ROLLBACK,[CPF-LOGFAIL] Rollback/Forward Recovery,CPF Framework 개발자,최신 exact SHA; 변경 전 snapshot,적용 후 결함,rollback/forward fix,데이터 보존·actual 일치·audit,부분 rollback·drift,Java25·적용 DB/Provider/Browser/Process 환경,Local/Remote·single/multi-instance 중 적용,source SHA·command·environment·start/end·exit code·pre/post state·report/artifact hash·sanitization,미검증,4aea798c913787e86341809e2cef2b9495cbf7ba,,R3 최신 exact SHA 재실행 대기,연결 Requirement의 지정 Phase에서 직접 실행,P03,공통 계약·표준 타입·보안·오류·Context,03-00000335,P03-CORE-CPF-LOGFAIL,P02,CPF-GATE-03
CPF-SC-000336,CPF-FR-001648,CPF-LOGFAIL,P0,CORE,SECURITY_LEAK,[CPF-LOGFAIL] 민감정보 누출,CPF Framework 개발자,최신 exact SHA; PII/Secret fixture,오류·Log·UI·Download,정상/실패 실행,원문 0 또는 승인 범위,Log/DOM/Storage/Evidence 원문,Java25·적용 DB/Provider/Browser/Process 환경,Local/Remote·single/multi-instance 중 적용,source SHA·command·environment·start/end·exit code·pre/post state·report/artifact hash·sanitization,미검증,4aea798c913787e86341809e2cef2b9495cbf7ba,,R3 최신 exact SHA 재실행 대기,연결 Requirement의 지정 Phase에서 직접 실행,P03,공통 계약·표준 타입·보안·오류·Context,03-00000336,P03-CORE-CPF-LOGFAIL,P02,CPF-GATE-03
CPF-SC-000337,CPF-FR-001709,CPF-TRACE,P0,CORE,POSITIVE,[CPF-TRACE] 정상 수직 흐름,CPF Framework 개발자,최신 exact SHA; 유효 입력과 권한,정상 데이터,요청→검증→처리→저장/전달→응답→감사,정상 상태·side effect·tracking 일치,Mock-only 또는 Consumer 미호출,Java25·적용 DB/Provider/Browser/Process 환경,Local/Remote·single/multi-instance 중 적용,source SHA·command·environment·start/end·exit code·pre/post state·report/artifact hash·sanitization,미검증,4aea798c913787e86341809e2cef2b9495cbf7ba,,R3 최신 exact SHA 재실행 대기,연결 Requirement의 지정 Phase에서 직접 실행,P03,공통 계약·표준 타입·보안·오류·Context,03-00000337,P03-CORE-CPF-TRACE,P02,CPF-GATE-03
CPF-SC-000338,CPF-FR-001709,CPF-TRACE,P0,CORE,INVALID,[CPF-TRACE] 입력·경계 오류,CPF Framework 개발자,최신 exact SHA; 유효 Session,invalid/empty/oversize/unknown enum,각 invalid 제출,표준 field/path 오류·side effect 0,500/raw exception/부분 저장,Java25·적용 DB/Provider/Browser/Process 환경,Local/Remote·single/multi-instance 중 적용,source SHA·command·environment·start/end·exit code·pre/post state·report/artifact hash·sanitization,미검증,4aea798c913787e86341809e2cef2b9495cbf7ba,,R3 최신 exact SHA 재실행 대기,연결 Requirement의 지정 Phase에서 직접 실행,P03,공통 계약·표준 타입·보안·오류·Context,03-00000338,P03-CORE-CPF-TRACE,P02,CPF-GATE-03
CPF-SC-000339,CPF-FR-001709,CPF-TRACE,P0,CORE,UNAUTHORIZED,[CPF-TRACE] 미인증·권한 부족,CPF Framework 개발자,최신 exact SHA; 권한 없는 principal,401/403 대상,UI 직접 URL/API/Method 호출,Server 거부·Audit·민감정보 0,버튼만 숨김/default allow,Java25·적용 DB/Provider/Browser/Process 환경,Local/Remote·single/multi-instance 중 적용,source SHA·command·environment·start/end·exit code·pre/post state·report/artifact hash·sanitization,미검증,4aea798c913787e86341809e2cef2b9495cbf7ba,,R3 최신 exact SHA 재실행 대기,연결 Requirement의 지정 Phase에서 직접 실행,P03,공통 계약·표준 타입·보안·오류·Context,03-00000339,P03-CORE-CPF-TRACE,P02,CPF-GATE-03
CPF-SC-000340,CPF-FR-001709,CPF-TRACE,P0,CORE,CONFLICT,[CPF-TRACE] Version·Hash 충돌,CPF Framework 개발자,최신 exact SHA; 기존 version,stale expectedVersion/다른 hash,동시/재시도 요청,409·기존 결과 보존·lost update 0,후행 요청 덮어씀,Java25·적용 DB/Provider/Browser/Process 환경,Local/Remote·single/multi-instance 중 적용,source SHA·command·environment·start/end·exit code·pre/post state·report/artifact hash·sanitization,미검증,4aea798c913787e86341809e2cef2b9495cbf7ba,,R3 최신 exact SHA 재실행 대기,연결 Requirement의 지정 Phase에서 직접 실행,P03,공통 계약·표준 타입·보안·오류·Context,03-00000340,P03-CORE-CPF-TRACE,P02,CPF-GATE-03
CPF-SC-000341,CPF-FR-001709,CPF-TRACE,P0,CORE,DUPLICATE,[CPF-TRACE] 중복 요청,CPF Framework 개발자,최신 exact SHA; 같은 operationId,동일/상이 payload,동시·순차 중복,"동일 replay, 다른 payload conflict",side effect 2회,Java25·적용 DB/Provider/Browser/Process 환경,Local/Remote·single/multi-instance 중 적용,source SHA·command·environment·start/end·exit code·pre/post state·report/artifact hash·sanitization,미검증,4aea798c913787e86341809e2cef2b9495cbf7ba,,R3 최신 exact SHA 재실행 대기,연결 Requirement의 지정 Phase에서 직접 실행,P03,공통 계약·표준 타입·보안·오류·Context,03-00000341,P03-CORE-CPF-TRACE,P02,CPF-GATE-03
CPF-SC-000342,CPF-FR-001709,CPF-TRACE,P0,CORE,TIMEOUT_PRE,[CPF-TRACE] Side effect 전 Timeout,CPF Framework 개발자,최신 exact SHA; dependency delay,connect/header timeout,timeout 주입,retryable failure·side effect 0,UNKNOWN/성공 오인,Java25·적용 DB/Provider/Browser/Process 환경,Local/Remote·single/multi-instance 중 적용,source SHA·command·environment·start/end·exit code·pre/post state·report/artifact hash·sanitization,미검증,4aea798c913787e86341809e2cef2b9495cbf7ba,,R3 최신 exact SHA 재실행 대기,연결 Requirement의 지정 Phase에서 직접 실행,P03,공통 계약·표준 타입·보안·오류·Context,03-00000342,P03-CORE-CPF-TRACE,P02,CPF-GATE-03
CPF-SC-000343,CPF-FR-001709,CPF-TRACE,P0,CORE,RESPONSE_LOSS,[CPF-TRACE] Side effect 후 응답 유실,CPF Framework 개발자,최신 exact SHA; Owner commit,commit 후 reset,응답 차단,UNKNOWN·blind retry 금지·reconcile,자동 실패/무조건 retry,Java25·적용 DB/Provider/Browser/Process 환경,Local/Remote·single/multi-instance 중 적용,source SHA·command·environment·start/end·exit code·pre/post state·report/artifact hash·sanitization,미검증,4aea798c913787e86341809e2cef2b9495cbf7ba,,R3 최신 exact SHA 재실행 대기,연결 Requirement의 지정 Phase에서 직접 실행,P03,공통 계약·표준 타입·보안·오류·Context,03-00000343,P03-CORE-CPF-TRACE,P02,CPF-GATE-03
CPF-SC-000344,CPF-FR-001709,CPF-TRACE,P0,CORE,PARTIAL,[CPF-TRACE] 부분 실패,CPF Framework 개발자,최신 exact SHA; 다중 대상/항목,일부 target failure,group 실행,개별 성공/실패/unknown 보존,전체 성공/실패로 축약,Java25·적용 DB/Provider/Browser/Process 환경,Local/Remote·single/multi-instance 중 적용,source SHA·command·environment·start/end·exit code·pre/post state·report/artifact hash·sanitization,미검증,4aea798c913787e86341809e2cef2b9495cbf7ba,,R3 최신 exact SHA 재실행 대기,연결 Requirement의 지정 Phase에서 직접 실행,P03,공통 계약·표준 타입·보안·오류·Context,03-00000344,P03-CORE-CPF-TRACE,P02,CPF-GATE-03
CPF-SC-000345,CPF-FR-001709,CPF-TRACE,P0,CORE,PROCESS_KILL,[CPF-TRACE] Process Kill·Restart,CPF Framework 개발자,최신 exact SHA; durable state,worker kill,claim/apply 후 종료·재기동,lease 회수·stale fencing·복구,고아 상태·중복,Java25·적용 DB/Provider/Browser/Process 환경,Local/Remote·single/multi-instance 중 적용,source SHA·command·environment·start/end·exit code·pre/post state·report/artifact hash·sanitization,미검증,4aea798c913787e86341809e2cef2b9495cbf7ba,,R3 최신 exact SHA 재실행 대기,연결 Requirement의 지정 Phase에서 직접 실행,P03,공통 계약·표준 타입·보안·오류·Context,03-00000345,P03-CORE-CPF-TRACE,P02,CPF-GATE-03
CPF-SC-000346,CPF-FR-001709,CPF-TRACE,P0,CORE,MULTI_INSTANCE,[CPF-TRACE] 다중 Instance,CPF Framework 개발자,최신 exact SHA; 2개 이상,공유 DB/queue,동시 처리·failover·rejoin,version/state 일치·중복 0,local state 의존,Java25·적용 DB/Provider/Browser/Process 환경,Local/Remote·single/multi-instance 중 적용,source SHA·command·environment·start/end·exit code·pre/post state·report/artifact hash·sanitization,미검증,4aea798c913787e86341809e2cef2b9495cbf7ba,,R3 최신 exact SHA 재실행 대기,연결 Requirement의 지정 Phase에서 직접 실행,P03,공통 계약·표준 타입·보안·오류·Context,03-00000346,P03-CORE-CPF-TRACE,P02,CPF-GATE-03
CPF-SC-000347,CPF-FR-001709,CPF-TRACE,P0,CORE,ROLLBACK,[CPF-TRACE] Rollback/Forward Recovery,CPF Framework 개발자,최신 exact SHA; 변경 전 snapshot,적용 후 결함,rollback/forward fix,데이터 보존·actual 일치·audit,부분 rollback·drift,Java25·적용 DB/Provider/Browser/Process 환경,Local/Remote·single/multi-instance 중 적용,source SHA·command·environment·start/end·exit code·pre/post state·report/artifact hash·sanitization,미검증,4aea798c913787e86341809e2cef2b9495cbf7ba,,R3 최신 exact SHA 재실행 대기,연결 Requirement의 지정 Phase에서 직접 실행,P03,공통 계약·표준 타입·보안·오류·Context,03-00000347,P03-CORE-CPF-TRACE,P02,CPF-GATE-03
CPF-SC-000348,CPF-FR-001709,CPF-TRACE,P0,CORE,SECURITY_LEAK,[CPF-TRACE] 민감정보 누출,CPF Framework 개발자,최신 exact SHA; PII/Secret fixture,오류·Log·UI·Download,정상/실패 실행,원문 0 또는 승인 범위,Log/DOM/Storage/Evidence 원문,Java25·적용 DB/Provider/Browser/Process 환경,Local/Remote·single/multi-instance 중 적용,source SHA·command·environment·start/end·exit code·pre/post state·report/artifact hash·sanitization,미검증,4aea798c913787e86341809e2cef2b9495cbf7ba,,R3 최신 exact SHA 재실행 대기,연결 Requirement의 지정 Phase에서 직접 실행,P03,공통 계약·표준 타입·보안·오류·Context,03-00000348,P03-CORE-CPF-TRACE,P02,CPF-GATE-03
CPF-SC-000349,CPF-FR-001770,CPF-MASK,P0,CORE,POSITIVE,[CPF-MASK] 정상 수직 흐름,CPF Framework 개발자,최신 exact SHA; 유효 입력과 권한,정상 데이터,요청→검증→처리→저장/전달→응답→감사,정상 상태·side effect·tracking 일치,Mock-only 또는 Consumer 미호출,Java25·적용 DB/Provider/Browser/Process 환경,Local/Remote·single/multi-instance 중 적용,source SHA·command·environment·start/end·exit code·pre/post state·report/artifact hash·sanitization,미검증,4aea798c913787e86341809e2cef2b9495cbf7ba,,R3 최신 exact SHA 재실행 대기,연결 Requirement의 지정 Phase에서 직접 실행,P03,공통 계약·표준 타입·보안·오류·Context,03-00000349,P03-CORE-CPF-MASK,P02,CPF-GATE-03
CPF-SC-000350,CPF-FR-001770,CPF-MASK,P0,CORE,INVALID,[CPF-MASK] 입력·경계 오류,CPF Framework 개발자,최신 exact SHA; 유효 Session,invalid/empty/oversize/unknown enum,각 invalid 제출,표준 field/path 오류·side effect 0,500/raw exception/부분 저장,Java25·적용 DB/Provider/Browser/Process 환경,Local/Remote·single/multi-instance 중 적용,source SHA·command·environment·start/end·exit code·pre/post state·report/artifact hash·sanitization,미검증,4aea798c913787e86341809e2cef2b9495cbf7ba,,R3 최신 exact SHA 재실행 대기,연결 Requirement의 지정 Phase에서 직접 실행,P03,공통 계약·표준 타입·보안·오류·Context,03-00000350,P03-CORE-CPF-MASK,P02,CPF-GATE-03
CPF-SC-000351,CPF-FR-001770,CPF-MASK,P0,CORE,UNAUTHORIZED,[CPF-MASK] 미인증·권한 부족,CPF Framework 개발자,최신 exact SHA; 권한 없는 principal,401/403 대상,UI 직접 URL/API/Method 호출,Server 거부·Audit·민감정보 0,버튼만 숨김/default allow,Java25·적용 DB/Provider/Browser/Process 환경,Local/Remote·single/multi-instance 중 적용,source SHA·command·environment·start/end·exit code·pre/post state·report/artifact hash·sanitization,미검증,4aea798c913787e86341809e2cef2b9495cbf7ba,,R3 최신 exact SHA 재실행 대기,연결 Requirement의 지정 Phase에서 직접 실행,P03,공통 계약·표준 타입·보안·오류·Context,03-00000351,P03-CORE-CPF-MASK,P02,CPF-GATE-03
CPF-SC-000352,CPF-FR-001770,CPF-MASK,P0,CORE,CONFLICT,[CPF-MASK] Version·Hash 충돌,CPF Framework 개발자,최신 exact SHA; 기존 version,stale expectedVersion/다른 hash,동시/재시도 요청,409·기존 결과 보존·lost update 0,후행 요청 덮어씀,Java25·적용 DB/Provider/Browser/Process 환경,Local/Remote·single/multi-instance 중 적용,source SHA·command·environment·start/end·exit code·pre/post state·report/artifact hash·sanitization,미검증,4aea798c913787e86341809e2cef2b9495cbf7ba,,R3 최신 exact SHA 재실행 대기,연결 Requirement의 지정 Phase에서 직접 실행,P03,공통 계약·표준 타입·보안·오류·Context,03-00000352,P03-CORE-CPF-MASK,P02,CPF-GATE-03
CPF-SC-000353,CPF-FR-001770,CPF-MASK,P0,CORE,DUPLICATE,[CPF-MASK] 중복 요청,CPF Framework 개발자,최신 exact SHA; 같은 operationId,동일/상이 payload,동시·순차 중복,"동일 replay, 다른 payload conflict",side effect 2회,Java25·적용 DB/Provider/Browser/Process 환경,Local/Remote·single/multi-instance 중 적용,source SHA·command·environment·start/end·exit code·pre/post state·report/artifact hash·sanitization,미검증,4aea798c913787e86341809e2cef2b9495cbf7ba,,R3 최신 exact SHA 재실행 대기,연결 Requirement의 지정 Phase에서 직접 실행,P03,공통 계약·표준 타입·보안·오류·Context,03-00000353,P03-CORE-CPF-MASK,P02,CPF-GATE-03
CPF-SC-000354,CPF-FR-001770,CPF-MASK,P0,CORE,TIMEOUT_PRE,[CPF-MASK] Side effect 전 Timeout,CPF Framework 개발자,최신 exact SHA; dependency delay,connect/header timeout,timeout 주입,retryable failure·side effect 0,UNKNOWN/성공 오인,Java25·적용 DB/Provider/Browser/Process 환경,Local/Remote·single/multi-instance 중 적용,source SHA·command·environment·start/end·exit code·pre/post state·report/artifact hash·sanitization,미검증,4aea798c913787e86341809e2cef2b9495cbf7ba,,R3 최신 exact SHA 재실행 대기,연결 Requirement의 지정 Phase에서 직접 실행,P03,공통 계약·표준 타입·보안·오류·Context,03-00000354,P03-CORE-CPF-MASK,P02,CPF-GATE-03
CPF-SC-000355,CPF-FR-001770,CPF-MASK,P0,CORE,RESPONSE_LOSS,[CPF-MASK] Side effect 후 응답 유실,CPF Framework 개발자,최신 exact SHA; Owner commit,commit 후 reset,응답 차단,UNKNOWN·blind retry 금지·reconcile,자동 실패/무조건 retry,Java25·적용 DB/Provider/Browser/Process 환경,Local/Remote·single/multi-instance 중 적용,source SHA·command·environment·start/end·exit code·pre/post state·report/artifact hash·sanitization,미검증,4aea798c913787e86341809e2cef2b9495cbf7ba,,R3 최신 exact SHA 재실행 대기,연결 Requirement의 지정 Phase에서 직접 실행,P03,공통 계약·표준 타입·보안·오류·Context,03-00000355,P03-CORE-CPF-MASK,P02,CPF-GATE-03
CPF-SC-000356,CPF-FR-001770,CPF-MASK,P0,CORE,PARTIAL,[CPF-MASK] 부분 실패,CPF Framework 개발자,최신 exact SHA; 다중 대상/항목,일부 target failure,group 실행,개별 성공/실패/unknown 보존,전체 성공/실패로 축약,Java25·적용 DB/Provider/Browser/Process 환경,Local/Remote·single/multi-instance 중 적용,source SHA·command·environment·start/end·exit code·pre/post state·report/artifact hash·sanitization,미검증,4aea798c913787e86341809e2cef2b9495cbf7ba,,R3 최신 exact SHA 재실행 대기,연결 Requirement의 지정 Phase에서 직접 실행,P03,공통 계약·표준 타입·보안·오류·Context,03-00000356,P03-CORE-CPF-MASK,P02,CPF-GATE-03
CPF-SC-000357,CPF-FR-001770,CPF-MASK,P0,CORE,PROCESS_KILL,[CPF-MASK] Process Kill·Restart,CPF Framework 개발자,최신 exact SHA; durable state,worker kill,claim/apply 후 종료·재기동,lease 회수·stale fencing·복구,고아 상태·중복,Java25·적용 DB/Provider/Browser/Process 환경,Local/Remote·single/multi-instance 중 적용,source SHA·command·environment·start/end·exit code·pre/post state·report/artifact hash·sanitization,미검증,4aea798c913787e86341809e2cef2b9495cbf7ba,,R3 최신 exact SHA 재실행 대기,연결 Requirement의 지정 Phase에서 직접 실행,P03,공통 계약·표준 타입·보안·오류·Context,03-00000357,P03-CORE-CPF-MASK,P02,CPF-GATE-03
CPF-SC-000358,CPF-FR-001770,CPF-MASK,P0,CORE,MULTI_INSTANCE,[CPF-MASK] 다중 Instance,CPF Framework 개발자,최신 exact SHA; 2개 이상,공유 DB/queue,동시 처리·failover·rejoin,version/state 일치·중복 0,local state 의존,Java25·적용 DB/Provider/Browser/Process 환경,Local/Remote·single/multi-instance 중 적용,source SHA·command·environment·start/end·exit code·pre/post state·report/artifact hash·sanitization,미검증,4aea798c913787e86341809e2cef2b9495cbf7ba,,R3 최신 exact SHA 재실행 대기,연결 Requirement의 지정 Phase에서 직접 실행,P03,공통 계약·표준 타입·보안·오류·Context,03-00000358,P03-CORE-CPF-MASK,P02,CPF-GATE-03
CPF-SC-000359,CPF-FR-001770,CPF-MASK,P0,CORE,ROLLBACK,[CPF-MASK] Rollback/Forward Recovery,CPF Framework 개발자,최신 exact SHA; 변경 전 snapshot,적용 후 결함,rollback/forward fix,데이터 보존·actual 일치·audit,부분 rollback·drift,Java25·적용 DB/Provider/Browser/Process 환경,Local/Remote·single/multi-instance 중 적용,source SHA·command·environment·start/end·exit code·pre/post state·report/artifact hash·sanitization,미검증,4aea798c913787e86341809e2cef2b9495cbf7ba,,R3 최신 exact SHA 재실행 대기,연결 Requirement의 지정 Phase에서 직접 실행,P03,공통 계약·표준 타입·보안·오류·Context,03-00000359,P03-CORE-CPF-MASK,P02,CPF-GATE-03
CPF-SC-000360,CPF-FR-001770,CPF-MASK,P0,CORE,SECURITY_LEAK,[CPF-MASK] 민감정보 누출,CPF Framework 개발자,최신 exact SHA; PII/Secret fixture,오류·Log·UI·Download,정상/실패 실행,원문 0 또는 승인 범위,Log/DOM/Storage/Evidence 원문,Java25·적용 DB/Provider/Browser/Process 환경,Local/Remote·single/multi-instance 중 적용,source SHA·command·environment·start/end·exit code·pre/post state·report/artifact hash·sanitization,미검증,4aea798c913787e86341809e2cef2b9495cbf7ba,,R3 최신 exact SHA 재실행 대기,연결 Requirement의 지정 Phase에서 직접 실행,P03,공통 계약·표준 타입·보안·오류·Context,03-00000360,P03-CORE-CPF-MASK,P02,CPF-GATE-03
CPF-SC-000361,CPF-FR-001831,CORE-FIXED,P1,INTEGRATION,POSITIVE,[CORE-FIXED] 정상 수직 흐름,연계 개발자·운영자,최신 exact SHA; 유효 입력과 권한,정상 데이터,요청→검증→처리→저장/전달→응답→감사,정상 상태·side effect·tracking 일치,Mock-only 또는 Consumer 미호출,Java25·적용 DB/Provider/Browser/Process 환경,Local/Remote·single/multi-instance 중 적용,source SHA·command·environment·start/end·exit code·pre/post state·report/artifact hash·sanitization,미검증,4aea798c913787e86341809e2cef2b9495cbf7ba,,R3 최신 exact SHA 재실행 대기,연결 Requirement의 지정 Phase에서 직접 실행,P05,Starter·Capability·Provider 기본 구현,05-00000361,P05-INTEGRATION-CORE-FIXED,P03;P04,CPF-GATE-05
CPF-SC-000362,CPF-FR-001831,CORE-FIXED,P1,INTEGRATION,INVALID,[CORE-FIXED] 입력·경계 오류,연계 개발자·운영자,최신 exact SHA; 유효 Session,invalid/empty/oversize/unknown enum,각 invalid 제출,표준 field/path 오류·side effect 0,500/raw exception/부분 저장,Java25·적용 DB/Provider/Browser/Process 환경,Local/Remote·single/multi-instance 중 적용,source SHA·command·environment·start/end·exit code·pre/post state·report/artifact hash·sanitization,미검증,4aea798c913787e86341809e2cef2b9495cbf7ba,,R3 최신 exact SHA 재실행 대기,연결 Requirement의 지정 Phase에서 직접 실행,P05,Starter·Capability·Provider 기본 구현,05-00000362,P05-INTEGRATION-CORE-FIXED,P03;P04,CPF-GATE-05
CPF-SC-000363,CPF-FR-001831,CORE-FIXED,P1,INTEGRATION,UNAUTHORIZED,[CORE-FIXED] 미인증·권한 부족,연계 개발자·운영자,최신 exact SHA; 권한 없는 principal,401/403 대상,UI 직접 URL/API/Method 호출,Server 거부·Audit·민감정보 0,버튼만 숨김/default allow,Java25·적용 DB/Provider/Browser/Process 환경,Local/Remote·single/multi-instance 중 적용,source SHA·command·environment·start/end·exit code·pre/post state·report/artifact hash·sanitization,미검증,4aea798c913787e86341809e2cef2b9495cbf7ba,,R3 최신 exact SHA 재실행 대기,연결 Requirement의 지정 Phase에서 직접 실행,P05,Starter·Capability·Provider 기본 구현,05-00000363,P05-INTEGRATION-CORE-FIXED,P03;P04,CPF-GATE-05
CPF-SC-000364,CPF-FR-001831,CORE-FIXED,P1,INTEGRATION,CONFLICT,[CORE-FIXED] Version·Hash 충돌,연계 개발자·운영자,최신 exact SHA; 기존 version,stale expectedVersion/다른 hash,동시/재시도 요청,409·기존 결과 보존·lost update 0,후행 요청 덮어씀,Java25·적용 DB/Provider/Browser/Process 환경,Local/Remote·single/multi-instance 중 적용,source SHA·command·environment·start/end·exit code·pre/post state·report/artifact hash·sanitization,미검증,4aea798c913787e86341809e2cef2b9495cbf7ba,,R3 최신 exact SHA 재실행 대기,연결 Requirement의 지정 Phase에서 직접 실행,P05,Starter·Capability·Provider 기본 구현,05-00000364,P05-INTEGRATION-CORE-FIXED,P03;P04,CPF-GATE-05
CPF-SC-000365,CPF-FR-001831,CORE-FIXED,P1,INTEGRATION,DUPLICATE,[CORE-FIXED] 중복 요청,연계 개발자·운영자,최신 exact SHA; 같은 operationId,동일/상이 payload,동시·순차 중복,"동일 replay, 다른 payload conflict",side effect 2회,Java25·적용 DB/Provider/Browser/Process 환경,Local/Remote·single/multi-instance 중 적용,source SHA·command·environment·start/end·exit code·pre/post state·report/artifact hash·sanitization,미검증,4aea798c913787e86341809e2cef2b9495cbf7ba,,R3 최신 exact SHA 재실행 대기,연결 Requirement의 지정 Phase에서 직접 실행,P05,Starter·Capability·Provider 기본 구현,05-00000365,P05-INTEGRATION-CORE-FIXED,P03;P04,CPF-GATE-05
CPF-SC-000366,CPF-FR-001831,CORE-FIXED,P1,INTEGRATION,TIMEOUT_PRE,[CORE-FIXED] Side effect 전 Timeout,연계 개발자·운영자,최신 exact SHA; dependency delay,connect/header timeout,timeout 주입,retryable failure·side effect 0,UNKNOWN/성공 오인,Java25·적용 DB/Provider/Browser/Process 환경,Local/Remote·single/multi-instance 중 적용,source SHA·command·environment·start/end·exit code·pre/post state·report/artifact hash·sanitization,미검증,4aea798c913787e86341809e2cef2b9495cbf7ba,,R3 최신 exact SHA 재실행 대기,연결 Requirement의 지정 Phase에서 직접 실행,P05,Starter·Capability·Provider 기본 구현,05-00000366,P05-INTEGRATION-CORE-FIXED,P03;P04,CPF-GATE-05
CPF-SC-000367,CPF-FR-001831,CORE-FIXED,P1,INTEGRATION,RESPONSE_LOSS,[CORE-FIXED] Side effect 후 응답 유실,연계 개발자·운영자,최신 exact SHA; Owner commit,commit 후 reset,응답 차단,UNKNOWN·blind retry 금지·reconcile,자동 실패/무조건 retry,Java25·적용 DB/Provider/Browser/Process 환경,Local/Remote·single/multi-instance 중 적용,source SHA·command·environment·start/end·exit code·pre/post state·report/artifact hash·sanitization,미검증,4aea798c913787e86341809e2cef2b9495cbf7ba,,R3 최신 exact SHA 재실행 대기,연결 Requirement의 지정 Phase에서 직접 실행,P05,Starter·Capability·Provider 기본 구현,05-00000367,P05-INTEGRATION-CORE-FIXED,P03;P04,CPF-GATE-05
CPF-SC-000368,CPF-FR-001831,CORE-FIXED,P1,INTEGRATION,PARTIAL,[CORE-FIXED] 부분 실패,연계 개발자·운영자,최신 exact SHA; 다중 대상/항목,일부 target failure,group 실행,개별 성공/실패/unknown 보존,전체 성공/실패로 축약,Java25·적용 DB/Provider/Browser/Process 환경,Local/Remote·single/multi-instance 중 적용,source SHA·command·environment·start/end·exit code·pre/post state·report/artifact hash·sanitization,미검증,4aea798c913787e86341809e2cef2b9495cbf7ba,,R3 최신 exact SHA 재실행 대기,연결 Requirement의 지정 Phase에서 직접 실행,P05,Starter·Capability·Provider 기본 구현,05-00000368,P05-INTEGRATION-CORE-FIXED,P03;P04,CPF-GATE-05
CPF-SC-000369,CPF-FR-001831,CORE-FIXED,P1,INTEGRATION,PROCESS_KILL,[CORE-FIXED] Process Kill·Restart,연계 개발자·운영자,최신 exact SHA; durable state,worker kill,claim/apply 후 종료·재기동,lease 회수·stale fencing·복구,고아 상태·중복,Java25·적용 DB/Provider/Browser/Process 환경,Local/Remote·single/multi-instance 중 적용,source SHA·command·environment·start/end·exit code·pre/post state·report/artifact hash·sanitization,미검증,4aea798c913787e86341809e2cef2b9495cbf7ba,,R3 최신 exact SHA 재실행 대기,연결 Requirement의 지정 Phase에서 직접 실행,P05,Starter·Capability·Provider 기본 구현,05-00000369,P05-INTEGRATION-CORE-FIXED,P03;P04,CPF-GATE-05
CPF-SC-000370,CPF-FR-001831,CORE-FIXED,P1,INTEGRATION,MULTI_INSTANCE,[CORE-FIXED] 다중 Instance,연계 개발자·운영자,최신 exact SHA; 2개 이상,공유 DB/queue,동시 처리·failover·rejoin,version/state 일치·중복 0,local state 의존,Java25·적용 DB/Provider/Browser/Process 환경,Local/Remote·single/multi-instance 중 적용,source SHA·command·environment·start/end·exit code·pre/post state·report/artifact hash·sanitization,미검증,4aea798c913787e86341809e2cef2b9495cbf7ba,,R3 최신 exact SHA 재실행 대기,연결 Requirement의 지정 Phase에서 직접 실행,P05,Starter·Capability·Provider 기본 구현,05-00000370,P05-INTEGRATION-CORE-FIXED,P03;P04,CPF-GATE-05
CPF-SC-000371,CPF-FR-001831,CORE-FIXED,P1,INTEGRATION,ROLLBACK,[CORE-FIXED] Rollback/Forward Recovery,연계 개발자·운영자,최신 exact SHA; 변경 전 snapshot,적용 후 결함,rollback/forward fix,데이터 보존·actual 일치·audit,부분 rollback·drift,Java25·적용 DB/Provider/Browser/Process 환경,Local/Remote·single/multi-instance 중 적용,source SHA·command·environment·start/end·exit code·pre/post state·report/artifact hash·sanitization,미검증,4aea798c913787e86341809e2cef2b9495cbf7ba,,R3 최신 exact SHA 재실행 대기,연결 Requirement의 지정 Phase에서 직접 실행,P05,Starter·Capability·Provider 기본 구현,05-00000371,P05-INTEGRATION-CORE-FIXED,P03;P04,CPF-GATE-05
CPF-SC-000372,CPF-FR-001831,CORE-FIXED,P1,INTEGRATION,SECURITY_LEAK,[CORE-FIXED] 민감정보 누출,연계 개발자·운영자,최신 exact SHA; PII/Secret fixture,오류·Log·UI·Download,정상/실패 실행,원문 0 또는 승인 범위,Log/DOM/Storage/Evidence 원문,Java25·적용 DB/Provider/Browser/Process 환경,Local/Remote·single/multi-instance 중 적용,source SHA·command·environment·start/end·exit code·pre/post state·report/artifact hash·sanitization,미검증,4aea798c913787e86341809e2cef2b9495cbf7ba,,R3 최신 exact SHA 재실행 대기,연결 Requirement의 지정 Phase에서 직접 실행,P05,Starter·Capability·Provider 기본 구현,05-00000372,P05-INTEGRATION-CORE-FIXED,P03;P04,CPF-GATE-05
CPF-SC-000373,CPF-FR-001892,CORE-FILE,P1,FILE,POSITIVE,[CORE-FILE] 정상 수직 흐름,File 업무 개발자·운영자,최신 exact SHA; 유효 입력과 권한,정상 데이터,요청→검증→처리→저장/전달→응답→감사,정상 상태·side effect·tracking 일치,Mock-only 또는 Consumer 미호출,Java25·적용 DB/Provider/Browser/Process 환경,Local/Remote·single/multi-instance 중 적용,source SHA·command·environment·start/end·exit code·pre/post state·report/artifact hash·sanitization,미검증,4aea798c913787e86341809e2cef2b9495cbf7ba,,R3 최신 exact SHA 재실행 대기,연결 Requirement의 지정 Phase에서 직접 실행,P05,Starter·Capability·Provider 기본 구현,05-00000373,P05-FILE-CORE-FILE,P03;P04,CPF-GATE-05
CPF-SC-000374,CPF-FR-001892,CORE-FILE,P1,FILE,INVALID,[CORE-FILE] 입력·경계 오류,File 업무 개발자·운영자,최신 exact SHA; 유효 Session,invalid/empty/oversize/unknown enum,각 invalid 제출,표준 field/path 오류·side effect 0,500/raw exception/부분 저장,Java25·적용 DB/Provider/Browser/Process 환경,Local/Remote·single/multi-instance 중 적용,source SHA·command·environment·start/end·exit code·pre/post state·report/artifact hash·sanitization,미검증,4aea798c913787e86341809e2cef2b9495cbf7ba,,R3 최신 exact SHA 재실행 대기,연결 Requirement의 지정 Phase에서 직접 실행,P05,Starter·Capability·Provider 기본 구현,05-00000374,P05-FILE-CORE-FILE,P03;P04,CPF-GATE-05
CPF-SC-000375,CPF-FR-001892,CORE-FILE,P1,FILE,UNAUTHORIZED,[CORE-FILE] 미인증·권한 부족,File 업무 개발자·운영자,최신 exact SHA; 권한 없는 principal,401/403 대상,UI 직접 URL/API/Method 호출,Server 거부·Audit·민감정보 0,버튼만 숨김/default allow,Java25·적용 DB/Provider/Browser/Process 환경,Local/Remote·single/multi-instance 중 적용,source SHA·command·environment·start/end·exit code·pre/post state·report/artifact hash·sanitization,미검증,4aea798c913787e86341809e2cef2b9495cbf7ba,,R3 최신 exact SHA 재실행 대기,연결 Requirement의 지정 Phase에서 직접 실행,P05,Starter·Capability·Provider 기본 구현,05-00000375,P05-FILE-CORE-FILE,P03;P04,CPF-GATE-05
CPF-SC-000376,CPF-FR-001892,CORE-FILE,P1,FILE,CONFLICT,[CORE-FILE] Version·Hash 충돌,File 업무 개발자·운영자,최신 exact SHA; 기존 version,stale expectedVersion/다른 hash,동시/재시도 요청,409·기존 결과 보존·lost update 0,후행 요청 덮어씀,Java25·적용 DB/Provider/Browser/Process 환경,Local/Remote·single/multi-instance 중 적용,source SHA·command·environment·start/end·exit code·pre/post state·report/artifact hash·sanitization,미검증,4aea798c913787e86341809e2cef2b9495cbf7ba,,R3 최신 exact SHA 재실행 대기,연결 Requirement의 지정 Phase에서 직접 실행,P05,Starter·Capability·Provider 기본 구현,05-00000376,P05-FILE-CORE-FILE,P03;P04,CPF-GATE-05
CPF-SC-000377,CPF-FR-001892,CORE-FILE,P1,FILE,DUPLICATE,[CORE-FILE] 중복 요청,File 업무 개발자·운영자,최신 exact SHA; 같은 operationId,동일/상이 payload,동시·순차 중복,"동일 replay, 다른 payload conflict",side effect 2회,Java25·적용 DB/Provider/Browser/Process 환경,Local/Remote·single/multi-instance 중 적용,source SHA·command·environment·start/end·exit code·pre/post state·report/artifact hash·sanitization,미검증,4aea798c913787e86341809e2cef2b9495cbf7ba,,R3 최신 exact SHA 재실행 대기,연결 Requirement의 지정 Phase에서 직접 실행,P05,Starter·Capability·Provider 기본 구현,05-00000377,P05-FILE-CORE-FILE,P03;P04,CPF-GATE-05
CPF-SC-000378,CPF-FR-001892,CORE-FILE,P1,FILE,TIMEOUT_PRE,[CORE-FILE] Side effect 전 Timeout,File 업무 개발자·운영자,최신 exact SHA; dependency delay,connect/header timeout,timeout 주입,retryable failure·side effect 0,UNKNOWN/성공 오인,Java25·적용 DB/Provider/Browser/Process 환경,Local/Remote·single/multi-instance 중 적용,source SHA·command·environment·start/end·exit code·pre/post state·report/artifact hash·sanitization,미검증,4aea798c913787e86341809e2cef2b9495cbf7ba,,R3 최신 exact SHA 재실행 대기,연결 Requirement의 지정 Phase에서 직접 실행,P05,Starter·Capability·Provider 기본 구현,05-00000378,P05-FILE-CORE-FILE,P03;P04,CPF-GATE-05
CPF-SC-000379,CPF-FR-001892,CORE-FILE,P1,FILE,RESPONSE_LOSS,[CORE-FILE] Side effect 후 응답 유실,File 업무 개발자·운영자,최신 exact SHA; Owner commit,commit 후 reset,응답 차단,UNKNOWN·blind retry 금지·reconcile,자동 실패/무조건 retry,Java25·적용 DB/Provider/Browser/Process 환경,Local/Remote·single/multi-instance 중 적용,source SHA·command·environment·start/end·exit code·pre/post state·report/artifact hash·sanitization,미검증,4aea798c913787e86341809e2cef2b9495cbf7ba,,R3 최신 exact SHA 재실행 대기,연결 Requirement의 지정 Phase에서 직접 실행,P05,Starter·Capability·Provider 기본 구현,05-00000379,P05-FILE-CORE-FILE,P03;P04,CPF-GATE-05
CPF-SC-000380,CPF-FR-001892,CORE-FILE,P1,FILE,PARTIAL,[CORE-FILE] 부분 실패,File 업무 개발자·운영자,최신 exact SHA; 다중 대상/항목,일부 target failure,group 실행,개별 성공/실패/unknown 보존,전체 성공/실패로 축약,Java25·적용 DB/Provider/Browser/Process 환경,Local/Remote·single/multi-instance 중 적용,source SHA·command·environment·start/end·exit code·pre/post state·report/artifact hash·sanitization,미검증,4aea798c913787e86341809e2cef2b9495cbf7ba,,R3 최신 exact SHA 재실행 대기,연결 Requirement의 지정 Phase에서 직접 실행,P05,Starter·Capability·Provider 기본 구현,05-00000380,P05-FILE-CORE-FILE,P03;P04,CPF-GATE-05
CPF-SC-000381,CPF-FR-001892,CORE-FILE,P1,FILE,PROCESS_KILL,[CORE-FILE] Process Kill·Restart,File 업무 개발자·운영자,최신 exact SHA; durable state,worker kill,claim/apply 후 종료·재기동,lease 회수·stale fencing·복구,고아 상태·중복,Java25·적용 DB/Provider/Browser/Process 환경,Local/Remote·single/multi-instance 중 적용,source SHA·command·environment·start/end·exit code·pre/post state·report/artifact hash·sanitization,미검증,4aea798c913787e86341809e2cef2b9495cbf7ba,,R3 최신 exact SHA 재실행 대기,연결 Requirement의 지정 Phase에서 직접 실행,P05,Starter·Capability·Provider 기본 구현,05-00000381,P05-FILE-CORE-FILE,P03;P04,CPF-GATE-05
CPF-SC-000382,CPF-FR-001892,CORE-FILE,P1,FILE,MULTI_INSTANCE,[CORE-FILE] 다중 Instance,File 업무 개발자·운영자,최신 exact SHA; 2개 이상,공유 DB/queue,동시 처리·failover·rejoin,version/state 일치·중복 0,local state 의존,Java25·적용 DB/Provider/Browser/Process 환경,Local/Remote·single/multi-instance 중 적용,source SHA·command·environment·start/end·exit code·pre/post state·report/artifact hash·sanitization,미검증,4aea798c913787e86341809e2cef2b9495cbf7ba,,R3 최신 exact SHA 재실행 대기,연결 Requirement의 지정 Phase에서 직접 실행,P05,Starter·Capability·Provider 기본 구현,05-00000382,P05-FILE-CORE-FILE,P03;P04,CPF-GATE-05
CPF-SC-000383,CPF-FR-001892,CORE-FILE,P1,FILE,ROLLBACK,[CORE-FILE] Rollback/Forward Recovery,File 업무 개발자·운영자,최신 exact SHA; 변경 전 snapshot,적용 후 결함,rollback/forward fix,데이터 보존·actual 일치·audit,부분 rollback·drift,Java25·적용 DB/Provider/Browser/Process 환경,Local/Remote·single/multi-instance 중 적용,source SHA·command·environment·start/end·exit code·pre/post state·report/artifact hash·sanitization,미검증,4aea798c913787e86341809e2cef2b9495cbf7ba,,R3 최신 exact SHA 재실행 대기,연결 Requirement의 지정 Phase에서 직접 실행,P05,Starter·Capability·Provider 기본 구현,05-00000383,P05-FILE-CORE-FILE,P03;P04,CPF-GATE-05
CPF-SC-000384,CPF-FR-001892,CORE-FILE,P1,FILE,SECURITY_LEAK,[CORE-FILE] 민감정보 누출,File 업무 개발자·운영자,최신 exact SHA; PII/Secret fixture,오류·Log·UI·Download,정상/실패 실행,원문 0 또는 승인 범위,Log/DOM/Storage/Evidence 원문,Java25·적용 DB/Provider/Browser/Process 환경,Local/Remote·single/multi-instance 중 적용,source SHA·command·environment·start/end·exit code·pre/post state·report/artifact hash·sanitization,미검증,4aea798c913787e86341809e2cef2b9495cbf7ba,,R3 최신 exact SHA 재실행 대기,연결 Requirement의 지정 Phase에서 직접 실행,P05,Starter·Capability·Provider 기본 구현,05-00000384,P05-FILE-CORE-FILE,P03;P04,CPF-GATE-05
CPF-SC-000385,CPF-FR-001953,CORE-MESSAGE,P0,MESSAGING,POSITIVE,[CORE-MESSAGE] 정상 수직 흐름,Messaging 개발자·운영자,최신 exact SHA; 유효 입력과 권한,정상 데이터,요청→검증→처리→저장/전달→응답→감사,정상 상태·side effect·tracking 일치,Mock-only 또는 Consumer 미호출,Java25·적용 DB/Provider/Browser/Process 환경,Local/Remote·single/multi-instance 중 적용,source SHA·command·environment·start/end·exit code·pre/post state·report/artifact hash·sanitization,미검증,4aea798c913787e86341809e2cef2b9495cbf7ba,,R3 최신 exact SHA 재실행 대기,연결 Requirement의 지정 Phase에서 직접 실행,P05,Starter·Capability·Provider 기본 구현,05-00000385,P05-MESSAGING-CORE-MESSAGE,P03;P04,CPF-GATE-05
CPF-SC-000386,CPF-FR-001953,CORE-MESSAGE,P0,MESSAGING,INVALID,[CORE-MESSAGE] 입력·경계 오류,Messaging 개발자·운영자,최신 exact SHA; 유효 Session,invalid/empty/oversize/unknown enum,각 invalid 제출,표준 field/path 오류·side effect 0,500/raw exception/부분 저장,Java25·적용 DB/Provider/Browser/Process 환경,Local/Remote·single/multi-instance 중 적용,source SHA·command·environment·start/end·exit code·pre/post state·report/artifact hash·sanitization,미검증,4aea798c913787e86341809e2cef2b9495cbf7ba,,R3 최신 exact SHA 재실행 대기,연결 Requirement의 지정 Phase에서 직접 실행,P05,Starter·Capability·Provider 기본 구현,05-00000386,P05-MESSAGING-CORE-MESSAGE,P03;P04,CPF-GATE-05
CPF-SC-000387,CPF-FR-001953,CORE-MESSAGE,P0,MESSAGING,UNAUTHORIZED,[CORE-MESSAGE] 미인증·권한 부족,Messaging 개발자·운영자,최신 exact SHA; 권한 없는 principal,401/403 대상,UI 직접 URL/API/Method 호출,Server 거부·Audit·민감정보 0,버튼만 숨김/default allow,Java25·적용 DB/Provider/Browser/Process 환경,Local/Remote·single/multi-instance 중 적용,source SHA·command·environment·start/end·exit code·pre/post state·report/artifact hash·sanitization,미검증,4aea798c913787e86341809e2cef2b9495cbf7ba,,R3 최신 exact SHA 재실행 대기,연결 Requirement의 지정 Phase에서 직접 실행,P05,Starter·Capability·Provider 기본 구현,05-00000387,P05-MESSAGING-CORE-MESSAGE,P03;P04,CPF-GATE-05
CPF-SC-000388,CPF-FR-001953,CORE-MESSAGE,P0,MESSAGING,CONFLICT,[CORE-MESSAGE] Version·Hash 충돌,Messaging 개발자·운영자,최신 exact SHA; 기존 version,stale expectedVersion/다른 hash,동시/재시도 요청,409·기존 결과 보존·lost update 0,후행 요청 덮어씀,Java25·적용 DB/Provider/Browser/Process 환경,Local/Remote·single/multi-instance 중 적용,source SHA·command·environment·start/end·exit code·pre/post state·report/artifact hash·sanitization,미검증,4aea798c913787e86341809e2cef2b9495cbf7ba,,R3 최신 exact SHA 재실행 대기,연결 Requirement의 지정 Phase에서 직접 실행,P05,Starter·Capability·Provider 기본 구현,05-00000388,P05-MESSAGING-CORE-MESSAGE,P03;P04,CPF-GATE-05
CPF-SC-000389,CPF-FR-001953,CORE-MESSAGE,P0,MESSAGING,DUPLICATE,[CORE-MESSAGE] 중복 요청,Messaging 개발자·운영자,최신 exact SHA; 같은 operationId,동일/상이 payload,동시·순차 중복,"동일 replay, 다른 payload conflict",side effect 2회,Java25·적용 DB/Provider/Browser/Process 환경,Local/Remote·single/multi-instance 중 적용,source SHA·command·environment·start/end·exit code·pre/post state·report/artifact hash·sanitization,미검증,4aea798c913787e86341809e2cef2b9495cbf7ba,,R3 최신 exact SHA 재실행 대기,연결 Requirement의 지정 Phase에서 직접 실행,P05,Starter·Capability·Provider 기본 구현,05-00000389,P05-MESSAGING-CORE-MESSAGE,P03;P04,CPF-GATE-05
CPF-SC-000390,CPF-FR-001953,CORE-MESSAGE,P0,MESSAGING,TIMEOUT_PRE,[CORE-MESSAGE] Side effect 전 Timeout,Messaging 개발자·운영자,최신 exact SHA; dependency delay,connect/header timeout,timeout 주입,retryable failure·side effect 0,UNKNOWN/성공 오인,Java25·적용 DB/Provider/Browser/Process 환경,Local/Remote·single/multi-instance 중 적용,source SHA·command·environment·start/end·exit code·pre/post state·report/artifact hash·sanitization,미검증,4aea798c913787e86341809e2cef2b9495cbf7ba,,R3 최신 exact SHA 재실행 대기,연결 Requirement의 지정 Phase에서 직접 실행,P05,Starter·Capability·Provider 기본 구현,05-00000390,P05-MESSAGING-CORE-MESSAGE,P03;P04,CPF-GATE-05
CPF-SC-000391,CPF-FR-001953,CORE-MESSAGE,P0,MESSAGING,RESPONSE_LOSS,[CORE-MESSAGE] Side effect 후 응답 유실,Messaging 개발자·운영자,최신 exact SHA; Owner commit,commit 후 reset,응답 차단,UNKNOWN·blind retry 금지·reconcile,자동 실패/무조건 retry,Java25·적용 DB/Provider/Browser/Process 환경,Local/Remote·single/multi-instance 중 적용,source SHA·command·environment·start/end·exit code·pre/post state·report/artifact hash·sanitization,미검증,4aea798c913787e86341809e2cef2b9495cbf7ba,,R3 최신 exact SHA 재실행 대기,연결 Requirement의 지정 Phase에서 직접 실행,P05,Starter·Capability·Provider 기본 구현,05-00000391,P05-MESSAGING-CORE-MESSAGE,P03;P04,CPF-GATE-05
CPF-SC-000392,CPF-FR-001953,CORE-MESSAGE,P0,MESSAGING,PARTIAL,[CORE-MESSAGE] 부분 실패,Messaging 개발자·운영자,최신 exact SHA; 다중 대상/항목,일부 target failure,group 실행,개별 성공/실패/unknown 보존,전체 성공/실패로 축약,Java25·적용 DB/Provider/Browser/Process 환경,Local/Remote·single/multi-instance 중 적용,source SHA·command·environment·start/end·exit code·pre/post state·report/artifact hash·sanitization,미검증,4aea798c913787e86341809e2cef2b9495cbf7ba,,R3 최신 exact SHA 재실행 대기,연결 Requirement의 지정 Phase에서 직접 실행,P05,Starter·Capability·Provider 기본 구현,05-00000392,P05-MESSAGING-CORE-MESSAGE,P03;P04,CPF-GATE-05
CPF-SC-000393,CPF-FR-001953,CORE-MESSAGE,P0,MESSAGING,PROCESS_KILL,[CORE-MESSAGE] Process Kill·Restart,Messaging 개발자·운영자,최신 exact SHA; durable state,worker kill,claim/apply 후 종료·재기동,lease 회수·stale fencing·복구,고아 상태·중복,Java25·적용 DB/Provider/Browser/Process 환경,Local/Remote·single/multi-instance 중 적용,source SHA·command·environment·start/end·exit code·pre/post state·report/artifact hash·sanitization,미검증,4aea798c913787e86341809e2cef2b9495cbf7ba,,R3 최신 exact SHA 재실행 대기,연결 Requirement의 지정 Phase에서 직접 실행,P05,Starter·Capability·Provider 기본 구현,05-00000393,P05-MESSAGING-CORE-MESSAGE,P03;P04,CPF-GATE-05
CPF-SC-000394,CPF-FR-001953,CORE-MESSAGE,P0,MESSAGING,MULTI_INSTANCE,[CORE-MESSAGE] 다중 Instance,Messaging 개발자·운영자,최신 exact SHA; 2개 이상,공유 DB/queue,동시 처리·failover·rejoin,version/state 일치·중복 0,local state 의존,Java25·적용 DB/Provider/Browser/Process 환경,Local/Remote·single/multi-instance 중 적용,source SHA·command·environment·start/end·exit code·pre/post state·report/artifact hash·sanitization,미검증,4aea798c913787e86341809e2cef2b9495cbf7ba,,R3 최신 exact SHA 재실행 대기,연결 Requirement의 지정 Phase에서 직접 실행,P05,Starter·Capability·Provider 기본 구현,05-00000394,P05-MESSAGING-CORE-MESSAGE,P03;P04,CPF-GATE-05
CPF-SC-000395,CPF-FR-001953,CORE-MESSAGE,P0,MESSAGING,ROLLBACK,[CORE-MESSAGE] Rollback/Forward Recovery,Messaging 개발자·운영자,최신 exact SHA; 변경 전 snapshot,적용 후 결함,rollback/forward fix,데이터 보존·actual 일치·audit,부분 rollback·drift,Java25·적용 DB/Provider/Browser/Process 환경,Local/Remote·single/multi-instance 중 적용,source SHA·command·environment·start/end·exit code·pre/post state·report/artifact hash·sanitization,미검증,4aea798c913787e86341809e2cef2b9495cbf7ba,,R3 최신 exact SHA 재실행 대기,연결 Requirement의 지정 Phase에서 직접 실행,P05,Starter·Capability·Provider 기본 구현,05-00000395,P05-MESSAGING-CORE-MESSAGE,P03;P04,CPF-GATE-05
CPF-SC-000396,CPF-FR-001953,CORE-MESSAGE,P0,MESSAGING,SECURITY_LEAK,[CORE-MESSAGE] 민감정보 누출,Messaging 개발자·운영자,최신 exact SHA; PII/Secret fixture,오류·Log·UI·Download,정상/실패 실행,원문 0 또는 승인 범위,Log/DOM/Storage/Evidence 원문,Java25·적용 DB/Provider/Browser/Process 환경,Local/Remote·single/multi-instance 중 적용,source SHA·command·environment·start/end·exit code·pre/post state·report/artifact hash·sanitization,미검증,4aea798c913787e86341809e2cef2b9495cbf7ba,,R3 최신 exact SHA 재실행 대기,연결 Requirement의 지정 Phase에서 직접 실행,P05,Starter·Capability·Provider 기본 구현,05-00000396,P05-MESSAGING-CORE-MESSAGE,P03;P04,CPF-GATE-05
CPF-SC-000397,CPF-FR-002014,ARCH-STARTER,P0,STARTER,POSITIVE,[ARCH-STARTER] 정상 수직 흐름,CPF Capability 개발자,최신 exact SHA; 유효 입력과 권한,정상 데이터,요청→검증→처리→저장/전달→응답→감사,정상 상태·side effect·tracking 일치,Mock-only 또는 Consumer 미호출,Java25·적용 DB/Provider/Browser/Process 환경,Local/Remote·single/multi-instance 중 적용,source SHA·command·environment·start/end·exit code·pre/post state·report/artifact hash·sanitization,미검증,4aea798c913787e86341809e2cef2b9495cbf7ba,,R3 최신 exact SHA 재실행 대기,연결 Requirement의 지정 Phase에서 직접 실행,P05,Starter·Capability·Provider 기본 구현,05-00000397,P05-STARTER-ARCH-STARTER,P03;P04,CPF-GATE-05
CPF-SC-000398,CPF-FR-002014,ARCH-STARTER,P0,STARTER,INVALID,[ARCH-STARTER] 입력·경계 오류,CPF Capability 개발자,최신 exact SHA; 유효 Session,invalid/empty/oversize/unknown enum,각 invalid 제출,표준 field/path 오류·side effect 0,500/raw exception/부분 저장,Java25·적용 DB/Provider/Browser/Process 환경,Local/Remote·single/multi-instance 중 적용,source SHA·command·environment·start/end·exit code·pre/post state·report/artifact hash·sanitization,미검증,4aea798c913787e86341809e2cef2b9495cbf7ba,,R3 최신 exact SHA 재실행 대기,연결 Requirement의 지정 Phase에서 직접 실행,P05,Starter·Capability·Provider 기본 구현,05-00000398,P05-STARTER-ARCH-STARTER,P03;P04,CPF-GATE-05
CPF-SC-000399,CPF-FR-002014,ARCH-STARTER,P0,STARTER,UNAUTHORIZED,[ARCH-STARTER] 미인증·권한 부족,CPF Capability 개발자,최신 exact SHA; 권한 없는 principal,401/403 대상,UI 직접 URL/API/Method 호출,Server 거부·Audit·민감정보 0,버튼만 숨김/default allow,Java25·적용 DB/Provider/Browser/Process 환경,Local/Remote·single/multi-instance 중 적용,source SHA·command·environment·start/end·exit code·pre/post state·report/artifact hash·sanitization,미검증,4aea798c913787e86341809e2cef2b9495cbf7ba,,R3 최신 exact SHA 재실행 대기,연결 Requirement의 지정 Phase에서 직접 실행,P05,Starter·Capability·Provider 기본 구현,05-00000399,P05-STARTER-ARCH-STARTER,P03;P04,CPF-GATE-05
CPF-SC-000400,CPF-FR-002014,ARCH-STARTER,P0,STARTER,CONFLICT,[ARCH-STARTER] Version·Hash 충돌,CPF Capability 개발자,최신 exact SHA; 기존 version,stale expectedVersion/다른 hash,동시/재시도 요청,409·기존 결과 보존·lost update 0,후행 요청 덮어씀,Java25·적용 DB/Provider/Browser/Process 환경,Local/Remote·single/multi-instance 중 적용,source SHA·command·environment·start/end·exit code·pre/post state·report/artifact hash·sanitization,미검증,4aea798c913787e86341809e2cef2b9495cbf7ba,,R3 최신 exact SHA 재실행 대기,연결 Requirement의 지정 Phase에서 직접 실행,P05,Starter·Capability·Provider 기본 구현,05-00000400,P05-STARTER-ARCH-STARTER,P03;P04,CPF-GATE-05
CPF-SC-000401,CPF-FR-002014,ARCH-STARTER,P0,STARTER,DUPLICATE,[ARCH-STARTER] 중복 요청,CPF Capability 개발자,최신 exact SHA; 같은 operationId,동일/상이 payload,동시·순차 중복,"동일 replay, 다른 payload conflict",side effect 2회,Java25·적용 DB/Provider/Browser/Process 환경,Local/Remote·single/multi-instance 중 적용,source SHA·command·environment·start/end·exit code·pre/post state·report/artifact hash·sanitization,미검증,4aea798c913787e86341809e2cef2b9495cbf7ba,,R3 최신 exact SHA 재실행 대기,연결 Requirement의 지정 Phase에서 직접 실행,P05,Starter·Capability·Provider 기본 구현,05-00000401,P05-STARTER-ARCH-STARTER,P03;P04,CPF-GATE-05
CPF-SC-000402,CPF-FR-002014,ARCH-STARTER,P0,STARTER,TIMEOUT_PRE,[ARCH-STARTER] Side effect 전 Timeout,CPF Capability 개발자,최신 exact SHA; dependency delay,connect/header timeout,timeout 주입,retryable failure·side effect 0,UNKNOWN/성공 오인,Java25·적용 DB/Provider/Browser/Process 환경,Local/Remote·single/multi-instance 중 적용,source SHA·command·environment·start/end·exit code·pre/post state·report/artifact hash·sanitization,미검증,4aea798c913787e86341809e2cef2b9495cbf7ba,,R3 최신 exact SHA 재실행 대기,연결 Requirement의 지정 Phase에서 직접 실행,P05,Starter·Capability·Provider 기본 구현,05-00000402,P05-STARTER-ARCH-STARTER,P03;P04,CPF-GATE-05
CPF-SC-000403,CPF-FR-002014,ARCH-STARTER,P0,STARTER,RESPONSE_LOSS,[ARCH-STARTER] Side effect 후 응답 유실,CPF Capability 개발자,최신 exact SHA; Owner commit,commit 후 reset,응답 차단,UNKNOWN·blind retry 금지·reconcile,자동 실패/무조건 retry,Java25·적용 DB/Provider/Browser/Process 환경,Local/Remote·single/multi-instance 중 적용,source SHA·command·environment·start/end·exit code·pre/post state·report/artifact hash·sanitization,미검증,4aea798c913787e86341809e2cef2b9495cbf7ba,,R3 최신 exact SHA 재실행 대기,연결 Requirement의 지정 Phase에서 직접 실행,P05,Starter·Capability·Provider 기본 구현,05-00000403,P05-STARTER-ARCH-STARTER,P03;P04,CPF-GATE-05
CPF-SC-000404,CPF-FR-002014,ARCH-STARTER,P0,STARTER,PARTIAL,[ARCH-STARTER] 부분 실패,CPF Capability 개발자,최신 exact SHA; 다중 대상/항목,일부 target failure,group 실행,개별 성공/실패/unknown 보존,전체 성공/실패로 축약,Java25·적용 DB/Provider/Browser/Process 환경,Local/Remote·single/multi-instance 중 적용,source SHA·command·environment·start/end·exit code·pre/post state·report/artifact hash·sanitization,미검증,4aea798c913787e86341809e2cef2b9495cbf7ba,,R3 최신 exact SHA 재실행 대기,연결 Requirement의 지정 Phase에서 직접 실행,P05,Starter·Capability·Provider 기본 구현,05-00000404,P05-STARTER-ARCH-STARTER,P03;P04,CPF-GATE-05
CPF-SC-000405,CPF-FR-002014,ARCH-STARTER,P0,STARTER,PROCESS_KILL,[ARCH-STARTER] Process Kill·Restart,CPF Capability 개발자,최신 exact SHA; durable state,worker kill,claim/apply 후 종료·재기동,lease 회수·stale fencing·복구,고아 상태·중복,Java25·적용 DB/Provider/Browser/Process 환경,Local/Remote·single/multi-instance 중 적용,source SHA·command·environment·start/end·exit code·pre/post state·report/artifact hash·sanitization,미검증,4aea798c913787e86341809e2cef2b9495cbf7ba,,R3 최신 exact SHA 재실행 대기,연결 Requirement의 지정 Phase에서 직접 실행,P05,Starter·Capability·Provider 기본 구현,05-00000405,P05-STARTER-ARCH-STARTER,P03;P04,CPF-GATE-05
CPF-SC-000406,CPF-FR-002014,ARCH-STARTER,P0,STARTER,MULTI_INSTANCE,[ARCH-STARTER] 다중 Instance,CPF Capability 개발자,최신 exact SHA; 2개 이상,공유 DB/queue,동시 처리·failover·rejoin,version/state 일치·중복 0,local state 의존,Java25·적용 DB/Provider/Browser/Process 환경,Local/Remote·single/multi-instance 중 적용,source SHA·command·environment·start/end·exit code·pre/post state·report/artifact hash·sanitization,미검증,4aea798c913787e86341809e2cef2b9495cbf7ba,,R3 최신 exact SHA 재실행 대기,연결 Requirement의 지정 Phase에서 직접 실행,P05,Starter·Capability·Provider 기본 구현,05-00000406,P05-STARTER-ARCH-STARTER,P03;P04,CPF-GATE-05
CPF-SC-000407,CPF-FR-002014,ARCH-STARTER,P0,STARTER,ROLLBACK,[ARCH-STARTER] Rollback/Forward Recovery,CPF Capability 개발자,최신 exact SHA; 변경 전 snapshot,적용 후 결함,rollback/forward fix,데이터 보존·actual 일치·audit,부분 rollback·drift,Java25·적용 DB/Provider/Browser/Process 환경,Local/Remote·single/multi-instance 중 적용,source SHA·command·environment·start/end·exit code·pre/post state·report/artifact hash·sanitization,미검증,4aea798c913787e86341809e2cef2b9495cbf7ba,,R3 최신 exact SHA 재실행 대기,연결 Requirement의 지정 Phase에서 직접 실행,P05,Starter·Capability·Provider 기본 구현,05-00000407,P05-STARTER-ARCH-STARTER,P03;P04,CPF-GATE-05
CPF-SC-000408,CPF-FR-002014,ARCH-STARTER,P0,STARTER,SECURITY_LEAK,[ARCH-STARTER] 민감정보 누출,CPF Capability 개발자,최신 exact SHA; PII/Secret fixture,오류·Log·UI·Download,정상/실패 실행,원문 0 또는 승인 범위,Log/DOM/Storage/Evidence 원문,Java25·적용 DB/Provider/Browser/Process 환경,Local/Remote·single/multi-instance 중 적용,source SHA·command·environment·start/end·exit code·pre/post state·report/artifact hash·sanitization,미검증,4aea798c913787e86341809e2cef2b9495cbf7ba,,R3 최신 exact SHA 재실행 대기,연결 Requirement의 지정 Phase에서 직접 실행,P05,Starter·Capability·Provider 기본 구현,05-00000408,P05-STARTER-ARCH-STARTER,P03;P04,CPF-GATE-05
CPF-SC-000409,CPF-FR-002075,CMN-EXTENSION,P1,COMMON,POSITIVE,[CMN-EXTENSION] 정상 수직 흐름,고객 공통 개발자,최신 exact SHA; 유효 입력과 권한,정상 데이터,요청→검증→처리→저장/전달→응답→감사,정상 상태·side effect·tracking 일치,Mock-only 또는 Consumer 미호출,Java25·적용 DB/Provider/Browser/Process 환경,Local/Remote·single/multi-instance 중 적용,source SHA·command·environment·start/end·exit code·pre/post state·report/artifact hash·sanitization,미검증,4aea798c913787e86341809e2cef2b9495cbf7ba,,R3 최신 exact SHA 재실행 대기,연결 Requirement의 지정 Phase에서 직접 실행,P05,Starter·Capability·Provider 기본 구현,05-00000409,P05-COMMON-CMN-EXTENSION,P03;P04,CPF-GATE-05
CPF-SC-000410,CPF-FR-002075,CMN-EXTENSION,P1,COMMON,INVALID,[CMN-EXTENSION] 입력·경계 오류,고객 공통 개발자,최신 exact SHA; 유효 Session,invalid/empty/oversize/unknown enum,각 invalid 제출,표준 field/path 오류·side effect 0,500/raw exception/부분 저장,Java25·적용 DB/Provider/Browser/Process 환경,Local/Remote·single/multi-instance 중 적용,source SHA·command·environment·start/end·exit code·pre/post state·report/artifact hash·sanitization,미검증,4aea798c913787e86341809e2cef2b9495cbf7ba,,R3 최신 exact SHA 재실행 대기,연결 Requirement의 지정 Phase에서 직접 실행,P05,Starter·Capability·Provider 기본 구현,05-00000410,P05-COMMON-CMN-EXTENSION,P03;P04,CPF-GATE-05
CPF-SC-000411,CPF-FR-002075,CMN-EXTENSION,P1,COMMON,UNAUTHORIZED,[CMN-EXTENSION] 미인증·권한 부족,고객 공통 개발자,최신 exact SHA; 권한 없는 principal,401/403 대상,UI 직접 URL/API/Method 호출,Server 거부·Audit·민감정보 0,버튼만 숨김/default allow,Java25·적용 DB/Provider/Browser/Process 환경,Local/Remote·single/multi-instance 중 적용,source SHA·command·environment·start/end·exit code·pre/post state·report/artifact hash·sanitization,미검증,4aea798c913787e86341809e2cef2b9495cbf7ba,,R3 최신 exact SHA 재실행 대기,연결 Requirement의 지정 Phase에서 직접 실행,P05,Starter·Capability·Provider 기본 구현,05-00000411,P05-COMMON-CMN-EXTENSION,P03;P04,CPF-GATE-05
CPF-SC-000412,CPF-FR-002075,CMN-EXTENSION,P1,COMMON,CONFLICT,[CMN-EXTENSION] Version·Hash 충돌,고객 공통 개발자,최신 exact SHA; 기존 version,stale expectedVersion/다른 hash,동시/재시도 요청,409·기존 결과 보존·lost update 0,후행 요청 덮어씀,Java25·적용 DB/Provider/Browser/Process 환경,Local/Remote·single/multi-instance 중 적용,source SHA·command·environment·start/end·exit code·pre/post state·report/artifact hash·sanitization,미검증,4aea798c913787e86341809e2cef2b9495cbf7ba,,R3 최신 exact SHA 재실행 대기,연결 Requirement의 지정 Phase에서 직접 실행,P05,Starter·Capability·Provider 기본 구현,05-00000412,P05-COMMON-CMN-EXTENSION,P03;P04,CPF-GATE-05
CPF-SC-000413,CPF-FR-002075,CMN-EXTENSION,P1,COMMON,DUPLICATE,[CMN-EXTENSION] 중복 요청,고객 공통 개발자,최신 exact SHA; 같은 operationId,동일/상이 payload,동시·순차 중복,"동일 replay, 다른 payload conflict",side effect 2회,Java25·적용 DB/Provider/Browser/Process 환경,Local/Remote·single/multi-instance 중 적용,source SHA·command·environment·start/end·exit code·pre/post state·report/artifact hash·sanitization,미검증,4aea798c913787e86341809e2cef2b9495cbf7ba,,R3 최신 exact SHA 재실행 대기,연결 Requirement의 지정 Phase에서 직접 실행,P05,Starter·Capability·Provider 기본 구현,05-00000413,P05-COMMON-CMN-EXTENSION,P03;P04,CPF-GATE-05
CPF-SC-000414,CPF-FR-002075,CMN-EXTENSION,P1,COMMON,TIMEOUT_PRE,[CMN-EXTENSION] Side effect 전 Timeout,고객 공통 개발자,최신 exact SHA; dependency delay,connect/header timeout,timeout 주입,retryable failure·side effect 0,UNKNOWN/성공 오인,Java25·적용 DB/Provider/Browser/Process 환경,Local/Remote·single/multi-instance 중 적용,source SHA·command·environment·start/end·exit code·pre/post state·report/artifact hash·sanitization,미검증,4aea798c913787e86341809e2cef2b9495cbf7ba,,R3 최신 exact SHA 재실행 대기,연결 Requirement의 지정 Phase에서 직접 실행,P05,Starter·Capability·Provider 기본 구현,05-00000414,P05-COMMON-CMN-EXTENSION,P03;P04,CPF-GATE-05
CPF-SC-000415,CPF-FR-002075,CMN-EXTENSION,P1,COMMON,RESPONSE_LOSS,[CMN-EXTENSION] Side effect 후 응답 유실,고객 공통 개발자,최신 exact SHA; Owner commit,commit 후 reset,응답 차단,UNKNOWN·blind retry 금지·reconcile,자동 실패/무조건 retry,Java25·적용 DB/Provider/Browser/Process 환경,Local/Remote·single/multi-instance 중 적용,source SHA·command·environment·start/end·exit code·pre/post state·report/artifact hash·sanitization,미검증,4aea798c913787e86341809e2cef2b9495cbf7ba,,R3 최신 exact SHA 재실행 대기,연결 Requirement의 지정 Phase에서 직접 실행,P05,Starter·Capability·Provider 기본 구현,05-00000415,P05-COMMON-CMN-EXTENSION,P03;P04,CPF-GATE-05
CPF-SC-000416,CPF-FR-002075,CMN-EXTENSION,P1,COMMON,PARTIAL,[CMN-EXTENSION] 부분 실패,고객 공통 개발자,최신 exact SHA; 다중 대상/항목,일부 target failure,group 실행,개별 성공/실패/unknown 보존,전체 성공/실패로 축약,Java25·적용 DB/Provider/Browser/Process 환경,Local/Remote·single/multi-instance 중 적용,source SHA·command·environment·start/end·exit code·pre/post state·report/artifact hash·sanitization,미검증,4aea798c913787e86341809e2cef2b9495cbf7ba,,R3 최신 exact SHA 재실행 대기,연결 Requirement의 지정 Phase에서 직접 실행,P05,Starter·Capability·Provider 기본 구현,05-00000416,P05-COMMON-CMN-EXTENSION,P03;P04,CPF-GATE-05
CPF-SC-000417,CPF-FR-002075,CMN-EXTENSION,P1,COMMON,PROCESS_KILL,[CMN-EXTENSION] Process Kill·Restart,고객 공통 개발자,최신 exact SHA; durable state,worker kill,claim/apply 후 종료·재기동,lease 회수·stale fencing·복구,고아 상태·중복,Java25·적용 DB/Provider/Browser/Process 환경,Local/Remote·single/multi-instance 중 적용,source SHA·command·environment·start/end·exit code·pre/post state·report/artifact hash·sanitization,미검증,4aea798c913787e86341809e2cef2b9495cbf7ba,,R3 최신 exact SHA 재실행 대기,연결 Requirement의 지정 Phase에서 직접 실행,P05,Starter·Capability·Provider 기본 구현,05-00000417,P05-COMMON-CMN-EXTENSION,P03;P04,CPF-GATE-05
CPF-SC-000418,CPF-FR-002075,CMN-EXTENSION,P1,COMMON,MULTI_INSTANCE,[CMN-EXTENSION] 다중 Instance,고객 공통 개발자,최신 exact SHA; 2개 이상,공유 DB/queue,동시 처리·failover·rejoin,version/state 일치·중복 0,local state 의존,Java25·적용 DB/Provider/Browser/Process 환경,Local/Remote·single/multi-instance 중 적용,source SHA·command·environment·start/end·exit code·pre/post state·report/artifact hash·sanitization,미검증,4aea798c913787e86341809e2cef2b9495cbf7ba,,R3 최신 exact SHA 재실행 대기,연결 Requirement의 지정 Phase에서 직접 실행,P05,Starter·Capability·Provider 기본 구현,05-00000418,P05-COMMON-CMN-EXTENSION,P03;P04,CPF-GATE-05
CPF-SC-000419,CPF-FR-002075,CMN-EXTENSION,P1,COMMON,ROLLBACK,[CMN-EXTENSION] Rollback/Forward Recovery,고객 공통 개발자,최신 exact SHA; 변경 전 snapshot,적용 후 결함,rollback/forward fix,데이터 보존·actual 일치·audit,부분 rollback·drift,Java25·적용 DB/Provider/Browser/Process 환경,Local/Remote·single/multi-instance 중 적용,source SHA·command·environment·start/end·exit code·pre/post state·report/artifact hash·sanitization,미검증,4aea798c913787e86341809e2cef2b9495cbf7ba,,R3 최신 exact SHA 재실행 대기,연결 Requirement의 지정 Phase에서 직접 실행,P05,Starter·Capability·Provider 기본 구현,05-00000419,P05-COMMON-CMN-EXTENSION,P03;P04,CPF-GATE-05
CPF-SC-000420,CPF-FR-002075,CMN-EXTENSION,P1,COMMON,SECURITY_LEAK,[CMN-EXTENSION] 민감정보 누출,고객 공통 개발자,최신 exact SHA; PII/Secret fixture,오류·Log·UI·Download,정상/실패 실행,원문 0 또는 승인 범위,Log/DOM/Storage/Evidence 원문,Java25·적용 DB/Provider/Browser/Process 환경,Local/Remote·single/multi-instance 중 적용,source SHA·command·environment·start/end·exit code·pre/post state·report/artifact hash·sanitization,미검증,4aea798c913787e86341809e2cef2b9495cbf7ba,,R3 최신 exact SHA 재실행 대기,연결 Requirement의 지정 Phase에서 직접 실행,P05,Starter·Capability·Provider 기본 구현,05-00000420,P05-COMMON-CMN-EXTENSION,P03;P04,CPF-GATE-05
CPF-SC-000421,CPF-FR-002136,CMN-SAMPLE-DB,P1,COMMON,POSITIVE,[CMN-SAMPLE-DB] 정상 수직 흐름,고객 공통 개발자,최신 exact SHA; 유효 입력과 권한,정상 데이터,요청→검증→처리→저장/전달→응답→감사,정상 상태·side effect·tracking 일치,Mock-only 또는 Consumer 미호출,Java25·적용 DB/Provider/Browser/Process 환경,Local/Remote·single/multi-instance 중 적용,source SHA·command·environment·start/end·exit code·pre/post state·report/artifact hash·sanitization,미검증,4aea798c913787e86341809e2cef2b9495cbf7ba,,R3 최신 exact SHA 재실행 대기,연결 Requirement의 지정 Phase에서 직접 실행,P05,Starter·Capability·Provider 기본 구현,05-00000421,P05-COMMON-CMN-SAMPLE-DB,P03;P04,CPF-GATE-05
CPF-SC-000422,CPF-FR-002136,CMN-SAMPLE-DB,P1,COMMON,INVALID,[CMN-SAMPLE-DB] 입력·경계 오류,고객 공통 개발자,최신 exact SHA; 유효 Session,invalid/empty/oversize/unknown enum,각 invalid 제출,표준 field/path 오류·side effect 0,500/raw exception/부분 저장,Java25·적용 DB/Provider/Browser/Process 환경,Local/Remote·single/multi-instance 중 적용,source SHA·command·environment·start/end·exit code·pre/post state·report/artifact hash·sanitization,미검증,4aea798c913787e86341809e2cef2b9495cbf7ba,,R3 최신 exact SHA 재실행 대기,연결 Requirement의 지정 Phase에서 직접 실행,P05,Starter·Capability·Provider 기본 구현,05-00000422,P05-COMMON-CMN-SAMPLE-DB,P03;P04,CPF-GATE-05
CPF-SC-000423,CPF-FR-002136,CMN-SAMPLE-DB,P1,COMMON,UNAUTHORIZED,[CMN-SAMPLE-DB] 미인증·권한 부족,고객 공통 개발자,최신 exact SHA; 권한 없는 principal,401/403 대상,UI 직접 URL/API/Method 호출,Server 거부·Audit·민감정보 0,버튼만 숨김/default allow,Java25·적용 DB/Provider/Browser/Process 환경,Local/Remote·single/multi-instance 중 적용,source SHA·command·environment·start/end·exit code·pre/post state·report/artifact hash·sanitization,미검증,4aea798c913787e86341809e2cef2b9495cbf7ba,,R3 최신 exact SHA 재실행 대기,연결 Requirement의 지정 Phase에서 직접 실행,P05,Starter·Capability·Provider 기본 구현,05-00000423,P05-COMMON-CMN-SAMPLE-DB,P03;P04,CPF-GATE-05
CPF-SC-000424,CPF-FR-002136,CMN-SAMPLE-DB,P1,COMMON,CONFLICT,[CMN-SAMPLE-DB] Version·Hash 충돌,고객 공통 개발자,최신 exact SHA; 기존 version,stale expectedVersion/다른 hash,동시/재시도 요청,409·기존 결과 보존·lost update 0,후행 요청 덮어씀,Java25·적용 DB/Provider/Browser/Process 환경,Local/Remote·single/multi-instance 중 적용,source SHA·command·environment·start/end·exit code·pre/post state·report/artifact hash·sanitization,미검증,4aea798c913787e86341809e2cef2b9495cbf7ba,,R3 최신 exact SHA 재실행 대기,연결 Requirement의 지정 Phase에서 직접 실행,P05,Starter·Capability·Provider 기본 구현,05-00000424,P05-COMMON-CMN-SAMPLE-DB,P03;P04,CPF-GATE-05
CPF-SC-000425,CPF-FR-002136,CMN-SAMPLE-DB,P1,COMMON,DUPLICATE,[CMN-SAMPLE-DB] 중복 요청,고객 공통 개발자,최신 exact SHA; 같은 operationId,동일/상이 payload,동시·순차 중복,"동일 replay, 다른 payload conflict",side effect 2회,Java25·적용 DB/Provider/Browser/Process 환경,Local/Remote·single/multi-instance 중 적용,source SHA·command·environment·start/end·exit code·pre/post state·report/artifact hash·sanitization,미검증,4aea798c913787e86341809e2cef2b9495cbf7ba,,R3 최신 exact SHA 재실행 대기,연결 Requirement의 지정 Phase에서 직접 실행,P05,Starter·Capability·Provider 기본 구현,05-00000425,P05-COMMON-CMN-SAMPLE-DB,P03;P04,CPF-GATE-05
CPF-SC-000426,CPF-FR-002136,CMN-SAMPLE-DB,P1,COMMON,TIMEOUT_PRE,[CMN-SAMPLE-DB] Side effect 전 Timeout,고객 공통 개발자,최신 exact SHA; dependency delay,connect/header timeout,timeout 주입,retryable failure·side effect 0,UNKNOWN/성공 오인,Java25·적용 DB/Provider/Browser/Process 환경,Local/Remote·single/multi-instance 중 적용,source SHA·command·environment·start/end·exit code·pre/post state·report/artifact hash·sanitization,미검증,4aea798c913787e86341809e2cef2b9495cbf7ba,,R3 최신 exact SHA 재실행 대기,연결 Requirement의 지정 Phase에서 직접 실행,P05,Starter·Capability·Provider 기본 구현,05-00000426,P05-COMMON-CMN-SAMPLE-DB,P03;P04,CPF-GATE-05
CPF-SC-000427,CPF-FR-002136,CMN-SAMPLE-DB,P1,COMMON,RESPONSE_LOSS,[CMN-SAMPLE-DB] Side effect 후 응답 유실,고객 공통 개발자,최신 exact SHA; Owner commit,commit 후 reset,응답 차단,UNKNOWN·blind retry 금지·reconcile,자동 실패/무조건 retry,Java25·적용 DB/Provider/Browser/Process 환경,Local/Remote·single/multi-instance 중 적용,source SHA·command·environment·start/end·exit code·pre/post state·report/artifact hash·sanitization,미검증,4aea798c913787e86341809e2cef2b9495cbf7ba,,R3 최신 exact SHA 재실행 대기,연결 Requirement의 지정 Phase에서 직접 실행,P05,Starter·Capability·Provider 기본 구현,05-00000427,P05-COMMON-CMN-SAMPLE-DB,P03;P04,CPF-GATE-05
CPF-SC-000428,CPF-FR-002136,CMN-SAMPLE-DB,P1,COMMON,PARTIAL,[CMN-SAMPLE-DB] 부분 실패,고객 공통 개발자,최신 exact SHA; 다중 대상/항목,일부 target failure,group 실행,개별 성공/실패/unknown 보존,전체 성공/실패로 축약,Java25·적용 DB/Provider/Browser/Process 환경,Local/Remote·single/multi-instance 중 적용,source SHA·command·environment·start/end·exit code·pre/post state·report/artifact hash·sanitization,미검증,4aea798c913787e86341809e2cef2b9495cbf7ba,,R3 최신 exact SHA 재실행 대기,연결 Requirement의 지정 Phase에서 직접 실행,P05,Starter·Capability·Provider 기본 구현,05-00000428,P05-COMMON-CMN-SAMPLE-DB,P03;P04,CPF-GATE-05
CPF-SC-000429,CPF-FR-002136,CMN-SAMPLE-DB,P1,COMMON,PROCESS_KILL,[CMN-SAMPLE-DB] Process Kill·Restart,고객 공통 개발자,최신 exact SHA; durable state,worker kill,claim/apply 후 종료·재기동,lease 회수·stale fencing·복구,고아 상태·중복,Java25·적용 DB/Provider/Browser/Process 환경,Local/Remote·single/multi-instance 중 적용,source SHA·command·environment·start/end·exit code·pre/post state·report/artifact hash·sanitization,미검증,4aea798c913787e86341809e2cef2b9495cbf7ba,,R3 최신 exact SHA 재실행 대기,연결 Requirement의 지정 Phase에서 직접 실행,P05,Starter·Capability·Provider 기본 구현,05-00000429,P05-COMMON-CMN-SAMPLE-DB,P03;P04,CPF-GATE-05
CPF-SC-000430,CPF-FR-002136,CMN-SAMPLE-DB,P1,COMMON,MULTI_INSTANCE,[CMN-SAMPLE-DB] 다중 Instance,고객 공통 개발자,최신 exact SHA; 2개 이상,공유 DB/queue,동시 처리·failover·rejoin,version/state 일치·중복 0,local state 의존,Java25·적용 DB/Provider/Browser/Process 환경,Local/Remote·single/multi-instance 중 적용,source SHA·command·environment·start/end·exit code·pre/post state·report/artifact hash·sanitization,미검증,4aea798c913787e86341809e2cef2b9495cbf7ba,,R3 최신 exact SHA 재실행 대기,연결 Requirement의 지정 Phase에서 직접 실행,P05,Starter·Capability·Provider 기본 구현,05-00000430,P05-COMMON-CMN-SAMPLE-DB,P03;P04,CPF-GATE-05
CPF-SC-000431,CPF-FR-002136,CMN-SAMPLE-DB,P1,COMMON,ROLLBACK,[CMN-SAMPLE-DB] Rollback/Forward Recovery,고객 공통 개발자,최신 exact SHA; 변경 전 snapshot,적용 후 결함,rollback/forward fix,데이터 보존·actual 일치·audit,부분 rollback·drift,Java25·적용 DB/Provider/Browser/Process 환경,Local/Remote·single/multi-instance 중 적용,source SHA·command·environment·start/end·exit code·pre/post state·report/artifact hash·sanitization,미검증,4aea798c913787e86341809e2cef2b9495cbf7ba,,R3 최신 exact SHA 재실행 대기,연결 Requirement의 지정 Phase에서 직접 실행,P05,Starter·Capability·Provider 기본 구현,05-00000431,P05-COMMON-CMN-SAMPLE-DB,P03;P04,CPF-GATE-05
CPF-SC-000432,CPF-FR-002136,CMN-SAMPLE-DB,P1,COMMON,SECURITY_LEAK,[CMN-SAMPLE-DB] 민감정보 누출,고객 공통 개발자,최신 exact SHA; PII/Secret fixture,오류·Log·UI·Download,정상/실패 실행,원문 0 또는 승인 범위,Log/DOM/Storage/Evidence 원문,Java25·적용 DB/Provider/Browser/Process 환경,Local/Remote·single/multi-instance 중 적용,source SHA·command·environment·start/end·exit code·pre/post state·report/artifact hash·sanitization,미검증,4aea798c913787e86341809e2cef2b9495cbf7ba,,R3 최신 exact SHA 재실행 대기,연결 Requirement의 지정 Phase에서 직접 실행,P05,Starter·Capability·Provider 기본 구현,05-00000432,P05-COMMON-CMN-SAMPLE-DB,P03;P04,CPF-GATE-05
CPF-SC-000433,CPF-FR-002197,CMN-CODE,P1,COMMON,POSITIVE,[CMN-CODE] 정상 수직 흐름,고객 공통 개발자,최신 exact SHA; 유효 입력과 권한,정상 데이터,요청→검증→처리→저장/전달→응답→감사,정상 상태·side effect·tracking 일치,Mock-only 또는 Consumer 미호출,Java25·적용 DB/Provider/Browser/Process 환경,Local/Remote·single/multi-instance 중 적용,source SHA·command·environment·start/end·exit code·pre/post state·report/artifact hash·sanitization,미검증,4aea798c913787e86341809e2cef2b9495cbf7ba,,R3 최신 exact SHA 재실행 대기,연결 Requirement의 지정 Phase에서 직접 실행,P05,Starter·Capability·Provider 기본 구현,05-00000433,P05-COMMON-CMN-CODE,P03;P04,CPF-GATE-05
CPF-SC-000434,CPF-FR-002197,CMN-CODE,P1,COMMON,INVALID,[CMN-CODE] 입력·경계 오류,고객 공통 개발자,최신 exact SHA; 유효 Session,invalid/empty/oversize/unknown enum,각 invalid 제출,표준 field/path 오류·side effect 0,500/raw exception/부분 저장,Java25·적용 DB/Provider/Browser/Process 환경,Local/Remote·single/multi-instance 중 적용,source SHA·command·environment·start/end·exit code·pre/post state·report/artifact hash·sanitization,미검증,4aea798c913787e86341809e2cef2b9495cbf7ba,,R3 최신 exact SHA 재실행 대기,연결 Requirement의 지정 Phase에서 직접 실행,P05,Starter·Capability·Provider 기본 구현,05-00000434,P05-COMMON-CMN-CODE,P03;P04,CPF-GATE-05
CPF-SC-000435,CPF-FR-002197,CMN-CODE,P1,COMMON,UNAUTHORIZED,[CMN-CODE] 미인증·권한 부족,고객 공통 개발자,최신 exact SHA; 권한 없는 principal,401/403 대상,UI 직접 URL/API/Method 호출,Server 거부·Audit·민감정보 0,버튼만 숨김/default allow,Java25·적용 DB/Provider/Browser/Process 환경,Local/Remote·single/multi-instance 중 적용,source SHA·command·environment·start/end·exit code·pre/post state·report/artifact hash·sanitization,미검증,4aea798c913787e86341809e2cef2b9495cbf7ba,,R3 최신 exact SHA 재실행 대기,연결 Requirement의 지정 Phase에서 직접 실행,P05,Starter·Capability·Provider 기본 구현,05-00000435,P05-COMMON-CMN-CODE,P03;P04,CPF-GATE-05
CPF-SC-000436,CPF-FR-002197,CMN-CODE,P1,COMMON,CONFLICT,[CMN-CODE] Version·Hash 충돌,고객 공통 개발자,최신 exact SHA; 기존 version,stale expectedVersion/다른 hash,동시/재시도 요청,409·기존 결과 보존·lost update 0,후행 요청 덮어씀,Java25·적용 DB/Provider/Browser/Process 환경,Local/Remote·single/multi-instance 중 적용,source SHA·command·environment·start/end·exit code·pre/post state·report/artifact hash·sanitization,미검증,4aea798c913787e86341809e2cef2b9495cbf7ba,,R3 최신 exact SHA 재실행 대기,연결 Requirement의 지정 Phase에서 직접 실행,P05,Starter·Capability·Provider 기본 구현,05-00000436,P05-COMMON-CMN-CODE,P03;P04,CPF-GATE-05
CPF-SC-000437,CPF-FR-002197,CMN-CODE,P1,COMMON,DUPLICATE,[CMN-CODE] 중복 요청,고객 공통 개발자,최신 exact SHA; 같은 operationId,동일/상이 payload,동시·순차 중복,"동일 replay, 다른 payload conflict",side effect 2회,Java25·적용 DB/Provider/Browser/Process 환경,Local/Remote·single/multi-instance 중 적용,source SHA·command·environment·start/end·exit code·pre/post state·report/artifact hash·sanitization,미검증,4aea798c913787e86341809e2cef2b9495cbf7ba,,R3 최신 exact SHA 재실행 대기,연결 Requirement의 지정 Phase에서 직접 실행,P05,Starter·Capability·Provider 기본 구현,05-00000437,P05-COMMON-CMN-CODE,P03;P04,CPF-GATE-05
CPF-SC-000438,CPF-FR-002197,CMN-CODE,P1,COMMON,TIMEOUT_PRE,[CMN-CODE] Side effect 전 Timeout,고객 공통 개발자,최신 exact SHA; dependency delay,connect/header timeout,timeout 주입,retryable failure·side effect 0,UNKNOWN/성공 오인,Java25·적용 DB/Provider/Browser/Process 환경,Local/Remote·single/multi-instance 중 적용,source SHA·command·environment·start/end·exit code·pre/post state·report/artifact hash·sanitization,미검증,4aea798c913787e86341809e2cef2b9495cbf7ba,,R3 최신 exact SHA 재실행 대기,연결 Requirement의 지정 Phase에서 직접 실행,P05,Starter·Capability·Provider 기본 구현,05-00000438,P05-COMMON-CMN-CODE,P03;P04,CPF-GATE-05
CPF-SC-000439,CPF-FR-002197,CMN-CODE,P1,COMMON,RESPONSE_LOSS,[CMN-CODE] Side effect 후 응답 유실,고객 공통 개발자,최신 exact SHA; Owner commit,commit 후 reset,응답 차단,UNKNOWN·blind retry 금지·reconcile,자동 실패/무조건 retry,Java25·적용 DB/Provider/Browser/Process 환경,Local/Remote·single/multi-instance 중 적용,source SHA·command·environment·start/end·exit code·pre/post state·report/artifact hash·sanitization,미검증,4aea798c913787e86341809e2cef2b9495cbf7ba,,R3 최신 exact SHA 재실행 대기,연결 Requirement의 지정 Phase에서 직접 실행,P05,Starter·Capability·Provider 기본 구현,05-00000439,P05-COMMON-CMN-CODE,P03;P04,CPF-GATE-05
CPF-SC-000440,CPF-FR-002197,CMN-CODE,P1,COMMON,PARTIAL,[CMN-CODE] 부분 실패,고객 공통 개발자,최신 exact SHA; 다중 대상/항목,일부 target failure,group 실행,개별 성공/실패/unknown 보존,전체 성공/실패로 축약,Java25·적용 DB/Provider/Browser/Process 환경,Local/Remote·single/multi-instance 중 적용,source SHA·command·environment·start/end·exit code·pre/post state·report/artifact hash·sanitization,미검증,4aea798c913787e86341809e2cef2b9495cbf7ba,,R3 최신 exact SHA 재실행 대기,연결 Requirement의 지정 Phase에서 직접 실행,P05,Starter·Capability·Provider 기본 구현,05-00000440,P05-COMMON-CMN-CODE,P03;P04,CPF-GATE-05
CPF-SC-000441,CPF-FR-002197,CMN-CODE,P1,COMMON,PROCESS_KILL,[CMN-CODE] Process Kill·Restart,고객 공통 개발자,최신 exact SHA; durable state,worker kill,claim/apply 후 종료·재기동,lease 회수·stale fencing·복구,고아 상태·중복,Java25·적용 DB/Provider/Browser/Process 환경,Local/Remote·single/multi-instance 중 적용,source SHA·command·environment·start/end·exit code·pre/post state·report/artifact hash·sanitization,미검증,4aea798c913787e86341809e2cef2b9495cbf7ba,,R3 최신 exact SHA 재실행 대기,연결 Requirement의 지정 Phase에서 직접 실행,P05,Starter·Capability·Provider 기본 구현,05-00000441,P05-COMMON-CMN-CODE,P03;P04,CPF-GATE-05
CPF-SC-000442,CPF-FR-002197,CMN-CODE,P1,COMMON,MULTI_INSTANCE,[CMN-CODE] 다중 Instance,고객 공통 개발자,최신 exact SHA; 2개 이상,공유 DB/queue,동시 처리·failover·rejoin,version/state 일치·중복 0,local state 의존,Java25·적용 DB/Provider/Browser/Process 환경,Local/Remote·single/multi-instance 중 적용,source SHA·command·environment·start/end·exit code·pre/post state·report/artifact hash·sanitization,미검증,4aea798c913787e86341809e2cef2b9495cbf7ba,,R3 최신 exact SHA 재실행 대기,연결 Requirement의 지정 Phase에서 직접 실행,P05,Starter·Capability·Provider 기본 구현,05-00000442,P05-COMMON-CMN-CODE,P03;P04,CPF-GATE-05
CPF-SC-000443,CPF-FR-002197,CMN-CODE,P1,COMMON,ROLLBACK,[CMN-CODE] Rollback/Forward Recovery,고객 공통 개발자,최신 exact SHA; 변경 전 snapshot,적용 후 결함,rollback/forward fix,데이터 보존·actual 일치·audit,부분 rollback·drift,Java25·적용 DB/Provider/Browser/Process 환경,Local/Remote·single/multi-instance 중 적용,source SHA·command·environment·start/end·exit code·pre/post state·report/artifact hash·sanitization,미검증,4aea798c913787e86341809e2cef2b9495cbf7ba,,R3 최신 exact SHA 재실행 대기,연결 Requirement의 지정 Phase에서 직접 실행,P05,Starter·Capability·Provider 기본 구현,05-00000443,P05-COMMON-CMN-CODE,P03;P04,CPF-GATE-05
CPF-SC-000444,CPF-FR-002197,CMN-CODE,P1,COMMON,SECURITY_LEAK,[CMN-CODE] 민감정보 누출,고객 공통 개발자,최신 exact SHA; PII/Secret fixture,오류·Log·UI·Download,정상/실패 실행,원문 0 또는 승인 범위,Log/DOM/Storage/Evidence 원문,Java25·적용 DB/Provider/Browser/Process 환경,Local/Remote·single/multi-instance 중 적용,source SHA·command·environment·start/end·exit code·pre/post state·report/artifact hash·sanitization,미검증,4aea798c913787e86341809e2cef2b9495cbf7ba,,R3 최신 exact SHA 재실행 대기,연결 Requirement의 지정 Phase에서 직접 실행,P05,Starter·Capability·Provider 기본 구현,05-00000444,P05-COMMON-CMN-CODE,P03;P04,CPF-GATE-05
CPF-SC-000445,CPF-FR-002258,CMN-MSG,P1,COMMON,POSITIVE,[CMN-MSG] 정상 수직 흐름,고객 공통 개발자,최신 exact SHA; 유효 입력과 권한,정상 데이터,요청→검증→처리→저장/전달→응답→감사,정상 상태·side effect·tracking 일치,Mock-only 또는 Consumer 미호출,Java25·적용 DB/Provider/Browser/Process 환경,Local/Remote·single/multi-instance 중 적용,source SHA·command·environment·start/end·exit code·pre/post state·report/artifact hash·sanitization,미검증,4aea798c913787e86341809e2cef2b9495cbf7ba,,R3 최신 exact SHA 재실행 대기,연결 Requirement의 지정 Phase에서 직접 실행,P05,Starter·Capability·Provider 기본 구현,05-00000445,P05-COMMON-CMN-MSG,P03;P04,CPF-GATE-05
CPF-SC-000446,CPF-FR-002258,CMN-MSG,P1,COMMON,INVALID,[CMN-MSG] 입력·경계 오류,고객 공통 개발자,최신 exact SHA; 유효 Session,invalid/empty/oversize/unknown enum,각 invalid 제출,표준 field/path 오류·side effect 0,500/raw exception/부분 저장,Java25·적용 DB/Provider/Browser/Process 환경,Local/Remote·single/multi-instance 중 적용,source SHA·command·environment·start/end·exit code·pre/post state·report/artifact hash·sanitization,미검증,4aea798c913787e86341809e2cef2b9495cbf7ba,,R3 최신 exact SHA 재실행 대기,연결 Requirement의 지정 Phase에서 직접 실행,P05,Starter·Capability·Provider 기본 구현,05-00000446,P05-COMMON-CMN-MSG,P03;P04,CPF-GATE-05
CPF-SC-000447,CPF-FR-002258,CMN-MSG,P1,COMMON,UNAUTHORIZED,[CMN-MSG] 미인증·권한 부족,고객 공통 개발자,최신 exact SHA; 권한 없는 principal,401/403 대상,UI 직접 URL/API/Method 호출,Server 거부·Audit·민감정보 0,버튼만 숨김/default allow,Java25·적용 DB/Provider/Browser/Process 환경,Local/Remote·single/multi-instance 중 적용,source SHA·command·environment·start/end·exit code·pre/post state·report/artifact hash·sanitization,미검증,4aea798c913787e86341809e2cef2b9495cbf7ba,,R3 최신 exact SHA 재실행 대기,연결 Requirement의 지정 Phase에서 직접 실행,P05,Starter·Capability·Provider 기본 구현,05-00000447,P05-COMMON-CMN-MSG,P03;P04,CPF-GATE-05
CPF-SC-000448,CPF-FR-002258,CMN-MSG,P1,COMMON,CONFLICT,[CMN-MSG] Version·Hash 충돌,고객 공통 개발자,최신 exact SHA; 기존 version,stale expectedVersion/다른 hash,동시/재시도 요청,409·기존 결과 보존·lost update 0,후행 요청 덮어씀,Java25·적용 DB/Provider/Browser/Process 환경,Local/Remote·single/multi-instance 중 적용,source SHA·command·environment·start/end·exit code·pre/post state·report/artifact hash·sanitization,미검증,4aea798c913787e86341809e2cef2b9495cbf7ba,,R3 최신 exact SHA 재실행 대기,연결 Requirement의 지정 Phase에서 직접 실행,P05,Starter·Capability·Provider 기본 구현,05-00000448,P05-COMMON-CMN-MSG,P03;P04,CPF-GATE-05
CPF-SC-000449,CPF-FR-002258,CMN-MSG,P1,COMMON,DUPLICATE,[CMN-MSG] 중복 요청,고객 공통 개발자,최신 exact SHA; 같은 operationId,동일/상이 payload,동시·순차 중복,"동일 replay, 다른 payload conflict",side effect 2회,Java25·적용 DB/Provider/Browser/Process 환경,Local/Remote·single/multi-instance 중 적용,source SHA·command·environment·start/end·exit code·pre/post state·report/artifact hash·sanitization,미검증,4aea798c913787e86341809e2cef2b9495cbf7ba,,R3 최신 exact SHA 재실행 대기,연결 Requirement의 지정 Phase에서 직접 실행,P05,Starter·Capability·Provider 기본 구현,05-00000449,P05-COMMON-CMN-MSG,P03;P04,CPF-GATE-05
CPF-SC-000450,CPF-FR-002258,CMN-MSG,P1,COMMON,TIMEOUT_PRE,[CMN-MSG] Side effect 전 Timeout,고객 공통 개발자,최신 exact SHA; dependency delay,connect/header timeout,timeout 주입,retryable failure·side effect 0,UNKNOWN/성공 오인,Java25·적용 DB/Provider/Browser/Process 환경,Local/Remote·single/multi-instance 중 적용,source SHA·command·environment·start/end·exit code·pre/post state·report/artifact hash·sanitization,미검증,4aea798c913787e86341809e2cef2b9495cbf7ba,,R3 최신 exact SHA 재실행 대기,연결 Requirement의 지정 Phase에서 직접 실행,P05,Starter·Capability·Provider 기본 구현,05-00000450,P05-COMMON-CMN-MSG,P03;P04,CPF-GATE-05
CPF-SC-000451,CPF-FR-002258,CMN-MSG,P1,COMMON,RESPONSE_LOSS,[CMN-MSG] Side effect 후 응답 유실,고객 공통 개발자,최신 exact SHA; Owner commit,commit 후 reset,응답 차단,UNKNOWN·blind retry 금지·reconcile,자동 실패/무조건 retry,Java25·적용 DB/Provider/Browser/Process 환경,Local/Remote·single/multi-instance 중 적용,source SHA·command·environment·start/end·exit code·pre/post state·report/artifact hash·sanitization,미검증,4aea798c913787e86341809e2cef2b9495cbf7ba,,R3 최신 exact SHA 재실행 대기,연결 Requirement의 지정 Phase에서 직접 실행,P05,Starter·Capability·Provider 기본 구현,05-00000451,P05-COMMON-CMN-MSG,P03;P04,CPF-GATE-05
CPF-SC-000452,CPF-FR-002258,CMN-MSG,P1,COMMON,PARTIAL,[CMN-MSG] 부분 실패,고객 공통 개발자,최신 exact SHA; 다중 대상/항목,일부 target failure,group 실행,개별 성공/실패/unknown 보존,전체 성공/실패로 축약,Java25·적용 DB/Provider/Browser/Process 환경,Local/Remote·single/multi-instance 중 적용,source SHA·command·environment·start/end·exit code·pre/post state·report/artifact hash·sanitization,미검증,4aea798c913787e86341809e2cef2b9495cbf7ba,,R3 최신 exact SHA 재실행 대기,연결 Requirement의 지정 Phase에서 직접 실행,P05,Starter·Capability·Provider 기본 구현,05-00000452,P05-COMMON-CMN-MSG,P03;P04,CPF-GATE-05
CPF-SC-000453,CPF-FR-002258,CMN-MSG,P1,COMMON,PROCESS_KILL,[CMN-MSG] Process Kill·Restart,고객 공통 개발자,최신 exact SHA; durable state,worker kill,claim/apply 후 종료·재기동,lease 회수·stale fencing·복구,고아 상태·중복,Java25·적용 DB/Provider/Browser/Process 환경,Local/Remote·single/multi-instance 중 적용,source SHA·command·environment·start/end·exit code·pre/post state·report/artifact hash·sanitization,미검증,4aea798c913787e86341809e2cef2b9495cbf7ba,,R3 최신 exact SHA 재실행 대기,연결 Requirement의 지정 Phase에서 직접 실행,P05,Starter·Capability·Provider 기본 구현,05-00000453,P05-COMMON-CMN-MSG,P03;P04,CPF-GATE-05
CPF-SC-000454,CPF-FR-002258,CMN-MSG,P1,COMMON,MULTI_INSTANCE,[CMN-MSG] 다중 Instance,고객 공통 개발자,최신 exact SHA; 2개 이상,공유 DB/queue,동시 처리·failover·rejoin,version/state 일치·중복 0,local state 의존,Java25·적용 DB/Provider/Browser/Process 환경,Local/Remote·single/multi-instance 중 적용,source SHA·command·environment·start/end·exit code·pre/post state·report/artifact hash·sanitization,미검증,4aea798c913787e86341809e2cef2b9495cbf7ba,,R3 최신 exact SHA 재실행 대기,연결 Requirement의 지정 Phase에서 직접 실행,P05,Starter·Capability·Provider 기본 구현,05-00000454,P05-COMMON-CMN-MSG,P03;P04,CPF-GATE-05
CPF-SC-000455,CPF-FR-002258,CMN-MSG,P1,COMMON,ROLLBACK,[CMN-MSG] Rollback/Forward Recovery,고객 공통 개발자,최신 exact SHA; 변경 전 snapshot,적용 후 결함,rollback/forward fix,데이터 보존·actual 일치·audit,부분 rollback·drift,Java25·적용 DB/Provider/Browser/Process 환경,Local/Remote·single/multi-instance 중 적용,source SHA·command·environment·start/end·exit code·pre/post state·report/artifact hash·sanitization,미검증,4aea798c913787e86341809e2cef2b9495cbf7ba,,R3 최신 exact SHA 재실행 대기,연결 Requirement의 지정 Phase에서 직접 실행,P05,Starter·Capability·Provider 기본 구현,05-00000455,P05-COMMON-CMN-MSG,P03;P04,CPF-GATE-05
CPF-SC-000456,CPF-FR-002258,CMN-MSG,P1,COMMON,SECURITY_LEAK,[CMN-MSG] 민감정보 누출,고객 공통 개발자,최신 exact SHA; PII/Secret fixture,오류·Log·UI·Download,정상/실패 실행,원문 0 또는 승인 범위,Log/DOM/Storage/Evidence 원문,Java25·적용 DB/Provider/Browser/Process 환경,Local/Remote·single/multi-instance 중 적용,source SHA·command·environment·start/end·exit code·pre/post state·report/artifact hash·sanitization,미검증,4aea798c913787e86341809e2cef2b9495cbf7ba,,R3 최신 exact SHA 재실행 대기,연결 Requirement의 지정 Phase에서 직접 실행,P05,Starter·Capability·Provider 기본 구현,05-00000456,P05-COMMON-CMN-MSG,P03;P04,CPF-GATE-05
CPF-SC-000457,CPF-FR-002319,CMN-CALENDAR,P1,COMMON,POSITIVE,[CMN-CALENDAR] 정상 수직 흐름,고객 공통 개발자,최신 exact SHA; 유효 입력과 권한,정상 데이터,요청→검증→처리→저장/전달→응답→감사,정상 상태·side effect·tracking 일치,Mock-only 또는 Consumer 미호출,Java25·적용 DB/Provider/Browser/Process 환경,Local/Remote·single/multi-instance 중 적용,source SHA·command·environment·start/end·exit code·pre/post state·report/artifact hash·sanitization,미검증,4aea798c913787e86341809e2cef2b9495cbf7ba,,R3 최신 exact SHA 재실행 대기,연결 Requirement의 지정 Phase에서 직접 실행,P05,Starter·Capability·Provider 기본 구현,05-00000457,P05-COMMON-CMN-CALENDAR,P03;P04,CPF-GATE-05
CPF-SC-000458,CPF-FR-002319,CMN-CALENDAR,P1,COMMON,INVALID,[CMN-CALENDAR] 입력·경계 오류,고객 공통 개발자,최신 exact SHA; 유효 Session,invalid/empty/oversize/unknown enum,각 invalid 제출,표준 field/path 오류·side effect 0,500/raw exception/부분 저장,Java25·적용 DB/Provider/Browser/Process 환경,Local/Remote·single/multi-instance 중 적용,source SHA·command·environment·start/end·exit code·pre/post state·report/artifact hash·sanitization,미검증,4aea798c913787e86341809e2cef2b9495cbf7ba,,R3 최신 exact SHA 재실행 대기,연결 Requirement의 지정 Phase에서 직접 실행,P05,Starter·Capability·Provider 기본 구현,05-00000458,P05-COMMON-CMN-CALENDAR,P03;P04,CPF-GATE-05
CPF-SC-000459,CPF-FR-002319,CMN-CALENDAR,P1,COMMON,UNAUTHORIZED,[CMN-CALENDAR] 미인증·권한 부족,고객 공통 개발자,최신 exact SHA; 권한 없는 principal,401/403 대상,UI 직접 URL/API/Method 호출,Server 거부·Audit·민감정보 0,버튼만 숨김/default allow,Java25·적용 DB/Provider/Browser/Process 환경,Local/Remote·single/multi-instance 중 적용,source SHA·command·environment·start/end·exit code·pre/post state·report/artifact hash·sanitization,미검증,4aea798c913787e86341809e2cef2b9495cbf7ba,,R3 최신 exact SHA 재실행 대기,연결 Requirement의 지정 Phase에서 직접 실행,P05,Starter·Capability·Provider 기본 구현,05-00000459,P05-COMMON-CMN-CALENDAR,P03;P04,CPF-GATE-05
CPF-SC-000460,CPF-FR-002319,CMN-CALENDAR,P1,COMMON,CONFLICT,[CMN-CALENDAR] Version·Hash 충돌,고객 공통 개발자,최신 exact SHA; 기존 version,stale expectedVersion/다른 hash,동시/재시도 요청,409·기존 결과 보존·lost update 0,후행 요청 덮어씀,Java25·적용 DB/Provider/Browser/Process 환경,Local/Remote·single/multi-instance 중 적용,source SHA·command·environment·start/end·exit code·pre/post state·report/artifact hash·sanitization,미검증,4aea798c913787e86341809e2cef2b9495cbf7ba,,R3 최신 exact SHA 재실행 대기,연결 Requirement의 지정 Phase에서 직접 실행,P05,Starter·Capability·Provider 기본 구현,05-00000460,P05-COMMON-CMN-CALENDAR,P03;P04,CPF-GATE-05
CPF-SC-000461,CPF-FR-002319,CMN-CALENDAR,P1,COMMON,DUPLICATE,[CMN-CALENDAR] 중복 요청,고객 공통 개발자,최신 exact SHA; 같은 operationId,동일/상이 payload,동시·순차 중복,"동일 replay, 다른 payload conflict",side effect 2회,Java25·적용 DB/Provider/Browser/Process 환경,Local/Remote·single/multi-instance 중 적용,source SHA·command·environment·start/end·exit code·pre/post state·report/artifact hash·sanitization,미검증,4aea798c913787e86341809e2cef2b9495cbf7ba,,R3 최신 exact SHA 재실행 대기,연결 Requirement의 지정 Phase에서 직접 실행,P05,Starter·Capability·Provider 기본 구현,05-00000461,P05-COMMON-CMN-CALENDAR,P03;P04,CPF-GATE-05
CPF-SC-000462,CPF-FR-002319,CMN-CALENDAR,P1,COMMON,TIMEOUT_PRE,[CMN-CALENDAR] Side effect 전 Timeout,고객 공통 개발자,최신 exact SHA; dependency delay,connect/header timeout,timeout 주입,retryable failure·side effect 0,UNKNOWN/성공 오인,Java25·적용 DB/Provider/Browser/Process 환경,Local/Remote·single/multi-instance 중 적용,source SHA·command·environment·start/end·exit code·pre/post state·report/artifact hash·sanitization,미검증,4aea798c913787e86341809e2cef2b9495cbf7ba,,R3 최신 exact SHA 재실행 대기,연결 Requirement의 지정 Phase에서 직접 실행,P05,Starter·Capability·Provider 기본 구현,05-00000462,P05-COMMON-CMN-CALENDAR,P03;P04,CPF-GATE-05
CPF-SC-000463,CPF-FR-002319,CMN-CALENDAR,P1,COMMON,RESPONSE_LOSS,[CMN-CALENDAR] Side effect 후 응답 유실,고객 공통 개발자,최신 exact SHA; Owner commit,commit 후 reset,응답 차단,UNKNOWN·blind retry 금지·reconcile,자동 실패/무조건 retry,Java25·적용 DB/Provider/Browser/Process 환경,Local/Remote·single/multi-instance 중 적용,source SHA·command·environment·start/end·exit code·pre/post state·report/artifact hash·sanitization,미검증,4aea798c913787e86341809e2cef2b9495cbf7ba,,R3 최신 exact SHA 재실행 대기,연결 Requirement의 지정 Phase에서 직접 실행,P05,Starter·Capability·Provider 기본 구현,05-00000463,P05-COMMON-CMN-CALENDAR,P03;P04,CPF-GATE-05
CPF-SC-000464,CPF-FR-002319,CMN-CALENDAR,P1,COMMON,PARTIAL,[CMN-CALENDAR] 부분 실패,고객 공통 개발자,최신 exact SHA; 다중 대상/항목,일부 target failure,group 실행,개별 성공/실패/unknown 보존,전체 성공/실패로 축약,Java25·적용 DB/Provider/Browser/Process 환경,Local/Remote·single/multi-instance 중 적용,source SHA·command·environment·start/end·exit code·pre/post state·report/artifact hash·sanitization,미검증,4aea798c913787e86341809e2cef2b9495cbf7ba,,R3 최신 exact SHA 재실행 대기,연결 Requirement의 지정 Phase에서 직접 실행,P05,Starter·Capability·Provider 기본 구현,05-00000464,P05-COMMON-CMN-CALENDAR,P03;P04,CPF-GATE-05
CPF-SC-000465,CPF-FR-002319,CMN-CALENDAR,P1,COMMON,PROCESS_KILL,[CMN-CALENDAR] Process Kill·Restart,고객 공통 개발자,최신 exact SHA; durable state,worker kill,claim/apply 후 종료·재기동,lease 회수·stale fencing·복구,고아 상태·중복,Java25·적용 DB/Provider/Browser/Process 환경,Local/Remote·single/multi-instance 중 적용,source SHA·command·environment·start/end·exit code·pre/post state·report/artifact hash·sanitization,미검증,4aea798c913787e86341809e2cef2b9495cbf7ba,,R3 최신 exact SHA 재실행 대기,연결 Requirement의 지정 Phase에서 직접 실행,P05,Starter·Capability·Provider 기본 구현,05-00000465,P05-COMMON-CMN-CALENDAR,P03;P04,CPF-GATE-05
CPF-SC-000466,CPF-FR-002319,CMN-CALENDAR,P1,COMMON,MULTI_INSTANCE,[CMN-CALENDAR] 다중 Instance,고객 공통 개발자,최신 exact SHA; 2개 이상,공유 DB/queue,동시 처리·failover·rejoin,version/state 일치·중복 0,local state 의존,Java25·적용 DB/Provider/Browser/Process 환경,Local/Remote·single/multi-instance 중 적용,source SHA·command·environment·start/end·exit code·pre/post state·report/artifact hash·sanitization,미검증,4aea798c913787e86341809e2cef2b9495cbf7ba,,R3 최신 exact SHA 재실행 대기,연결 Requirement의 지정 Phase에서 직접 실행,P05,Starter·Capability·Provider 기본 구현,05-00000466,P05-COMMON-CMN-CALENDAR,P03;P04,CPF-GATE-05
CPF-SC-000467,CPF-FR-002319,CMN-CALENDAR,P1,COMMON,ROLLBACK,[CMN-CALENDAR] Rollback/Forward Recovery,고객 공통 개발자,최신 exact SHA; 변경 전 snapshot,적용 후 결함,rollback/forward fix,데이터 보존·actual 일치·audit,부분 rollback·drift,Java25·적용 DB/Provider/Browser/Process 환경,Local/Remote·single/multi-instance 중 적용,source SHA·command·environment·start/end·exit code·pre/post state·report/artifact hash·sanitization,미검증,4aea798c913787e86341809e2cef2b9495cbf7ba,,R3 최신 exact SHA 재실행 대기,연결 Requirement의 지정 Phase에서 직접 실행,P05,Starter·Capability·Provider 기본 구현,05-00000467,P05-COMMON-CMN-CALENDAR,P03;P04,CPF-GATE-05
CPF-SC-000468,CPF-FR-002319,CMN-CALENDAR,P1,COMMON,SECURITY_LEAK,[CMN-CALENDAR] 민감정보 누출,고객 공통 개발자,최신 exact SHA; PII/Secret fixture,오류·Log·UI·Download,정상/실패 실행,원문 0 또는 승인 범위,Log/DOM/Storage/Evidence 원문,Java25·적용 DB/Provider/Browser/Process 환경,Local/Remote·single/multi-instance 중 적용,source SHA·command·environment·start/end·exit code·pre/post state·report/artifact hash·sanitization,미검증,4aea798c913787e86341809e2cef2b9495cbf7ba,,R3 최신 exact SHA 재실행 대기,연결 Requirement의 지정 Phase에서 직접 실행,P05,Starter·Capability·Provider 기본 구현,05-00000468,P05-COMMON-CMN-CALENDAR,P03;P04,CPF-GATE-05
CPF-SC-000469,CPF-FR-002380,CMN-TEMPLATE,P1,COMMON,POSITIVE,[CMN-TEMPLATE] 정상 수직 흐름,고객 공통 개발자,최신 exact SHA; 유효 입력과 권한,정상 데이터,요청→검증→처리→저장/전달→응답→감사,정상 상태·side effect·tracking 일치,Mock-only 또는 Consumer 미호출,Java25·적용 DB/Provider/Browser/Process 환경,Local/Remote·single/multi-instance 중 적용,source SHA·command·environment·start/end·exit code·pre/post state·report/artifact hash·sanitization,미검증,4aea798c913787e86341809e2cef2b9495cbf7ba,,R3 최신 exact SHA 재실행 대기,연결 Requirement의 지정 Phase에서 직접 실행,P05,Starter·Capability·Provider 기본 구현,05-00000469,P05-COMMON-CMN-TEMPLATE,P03;P04,CPF-GATE-05
CPF-SC-000470,CPF-FR-002380,CMN-TEMPLATE,P1,COMMON,INVALID,[CMN-TEMPLATE] 입력·경계 오류,고객 공통 개발자,최신 exact SHA; 유효 Session,invalid/empty/oversize/unknown enum,각 invalid 제출,표준 field/path 오류·side effect 0,500/raw exception/부분 저장,Java25·적용 DB/Provider/Browser/Process 환경,Local/Remote·single/multi-instance 중 적용,source SHA·command·environment·start/end·exit code·pre/post state·report/artifact hash·sanitization,미검증,4aea798c913787e86341809e2cef2b9495cbf7ba,,R3 최신 exact SHA 재실행 대기,연결 Requirement의 지정 Phase에서 직접 실행,P05,Starter·Capability·Provider 기본 구현,05-00000470,P05-COMMON-CMN-TEMPLATE,P03;P04,CPF-GATE-05
CPF-SC-000471,CPF-FR-002380,CMN-TEMPLATE,P1,COMMON,UNAUTHORIZED,[CMN-TEMPLATE] 미인증·권한 부족,고객 공통 개발자,최신 exact SHA; 권한 없는 principal,401/403 대상,UI 직접 URL/API/Method 호출,Server 거부·Audit·민감정보 0,버튼만 숨김/default allow,Java25·적용 DB/Provider/Browser/Process 환경,Local/Remote·single/multi-instance 중 적용,source SHA·command·environment·start/end·exit code·pre/post state·report/artifact hash·sanitization,미검증,4aea798c913787e86341809e2cef2b9495cbf7ba,,R3 최신 exact SHA 재실행 대기,연결 Requirement의 지정 Phase에서 직접 실행,P05,Starter·Capability·Provider 기본 구현,05-00000471,P05-COMMON-CMN-TEMPLATE,P03;P04,CPF-GATE-05
CPF-SC-000472,CPF-FR-002380,CMN-TEMPLATE,P1,COMMON,CONFLICT,[CMN-TEMPLATE] Version·Hash 충돌,고객 공통 개발자,최신 exact SHA; 기존 version,stale expectedVersion/다른 hash,동시/재시도 요청,409·기존 결과 보존·lost update 0,후행 요청 덮어씀,Java25·적용 DB/Provider/Browser/Process 환경,Local/Remote·single/multi-instance 중 적용,source SHA·command·environment·start/end·exit code·pre/post state·report/artifact hash·sanitization,미검증,4aea798c913787e86341809e2cef2b9495cbf7ba,,R3 최신 exact SHA 재실행 대기,연결 Requirement의 지정 Phase에서 직접 실행,P05,Starter·Capability·Provider 기본 구현,05-00000472,P05-COMMON-CMN-TEMPLATE,P03;P04,CPF-GATE-05
CPF-SC-000473,CPF-FR-002380,CMN-TEMPLATE,P1,COMMON,DUPLICATE,[CMN-TEMPLATE] 중복 요청,고객 공통 개발자,최신 exact SHA; 같은 operationId,동일/상이 payload,동시·순차 중복,"동일 replay, 다른 payload conflict",side effect 2회,Java25·적용 DB/Provider/Browser/Process 환경,Local/Remote·single/multi-instance 중 적용,source SHA·command·environment·start/end·exit code·pre/post state·report/artifact hash·sanitization,미검증,4aea798c913787e86341809e2cef2b9495cbf7ba,,R3 최신 exact SHA 재실행 대기,연결 Requirement의 지정 Phase에서 직접 실행,P05,Starter·Capability·Provider 기본 구현,05-00000473,P05-COMMON-CMN-TEMPLATE,P03;P04,CPF-GATE-05
CPF-SC-000474,CPF-FR-002380,CMN-TEMPLATE,P1,COMMON,TIMEOUT_PRE,[CMN-TEMPLATE] Side effect 전 Timeout,고객 공통 개발자,최신 exact SHA; dependency delay,connect/header timeout,timeout 주입,retryable failure·side effect 0,UNKNOWN/성공 오인,Java25·적용 DB/Provider/Browser/Process 환경,Local/Remote·single/multi-instance 중 적용,source SHA·command·environment·start/end·exit code·pre/post state·report/artifact hash·sanitization,미검증,4aea798c913787e86341809e2cef2b9495cbf7ba,,R3 최신 exact SHA 재실행 대기,연결 Requirement의 지정 Phase에서 직접 실행,P05,Starter·Capability·Provider 기본 구현,05-00000474,P05-COMMON-CMN-TEMPLATE,P03;P04,CPF-GATE-05
CPF-SC-000475,CPF-FR-002380,CMN-TEMPLATE,P1,COMMON,RESPONSE_LOSS,[CMN-TEMPLATE] Side effect 후 응답 유실,고객 공통 개발자,최신 exact SHA; Owner commit,commit 후 reset,응답 차단,UNKNOWN·blind retry 금지·reconcile,자동 실패/무조건 retry,Java25·적용 DB/Provider/Browser/Process 환경,Local/Remote·single/multi-instance 중 적용,source SHA·command·environment·start/end·exit code·pre/post state·report/artifact hash·sanitization,미검증,4aea798c913787e86341809e2cef2b9495cbf7ba,,R3 최신 exact SHA 재실행 대기,연결 Requirement의 지정 Phase에서 직접 실행,P05,Starter·Capability·Provider 기본 구현,05-00000475,P05-COMMON-CMN-TEMPLATE,P03;P04,CPF-GATE-05
CPF-SC-000476,CPF-FR-002380,CMN-TEMPLATE,P1,COMMON,PARTIAL,[CMN-TEMPLATE] 부분 실패,고객 공통 개발자,최신 exact SHA; 다중 대상/항목,일부 target failure,group 실행,개별 성공/실패/unknown 보존,전체 성공/실패로 축약,Java25·적용 DB/Provider/Browser/Process 환경,Local/Remote·single/multi-instance 중 적용,source SHA·command·environment·start/end·exit code·pre/post state·report/artifact hash·sanitization,미검증,4aea798c913787e86341809e2cef2b9495cbf7ba,,R3 최신 exact SHA 재실행 대기,연결 Requirement의 지정 Phase에서 직접 실행,P05,Starter·Capability·Provider 기본 구현,05-00000476,P05-COMMON-CMN-TEMPLATE,P03;P04,CPF-GATE-05
CPF-SC-000477,CPF-FR-002380,CMN-TEMPLATE,P1,COMMON,PROCESS_KILL,[CMN-TEMPLATE] Process Kill·Restart,고객 공통 개발자,최신 exact SHA; durable state,worker kill,claim/apply 후 종료·재기동,lease 회수·stale fencing·복구,고아 상태·중복,Java25·적용 DB/Provider/Browser/Process 환경,Local/Remote·single/multi-instance 중 적용,source SHA·command·environment·start/end·exit code·pre/post state·report/artifact hash·sanitization,미검증,4aea798c913787e86341809e2cef2b9495cbf7ba,,R3 최신 exact SHA 재실행 대기,연결 Requirement의 지정 Phase에서 직접 실행,P05,Starter·Capability·Provider 기본 구현,05-00000477,P05-COMMON-CMN-TEMPLATE,P03;P04,CPF-GATE-05
CPF-SC-000478,CPF-FR-002380,CMN-TEMPLATE,P1,COMMON,MULTI_INSTANCE,[CMN-TEMPLATE] 다중 Instance,고객 공통 개발자,최신 exact SHA; 2개 이상,공유 DB/queue,동시 처리·failover·rejoin,version/state 일치·중복 0,local state 의존,Java25·적용 DB/Provider/Browser/Process 환경,Local/Remote·single/multi-instance 중 적용,source SHA·command·environment·start/end·exit code·pre/post state·report/artifact hash·sanitization,미검증,4aea798c913787e86341809e2cef2b9495cbf7ba,,R3 최신 exact SHA 재실행 대기,연결 Requirement의 지정 Phase에서 직접 실행,P05,Starter·Capability·Provider 기본 구현,05-00000478,P05-COMMON-CMN-TEMPLATE,P03;P04,CPF-GATE-05
CPF-SC-000479,CPF-FR-002380,CMN-TEMPLATE,P1,COMMON,ROLLBACK,[CMN-TEMPLATE] Rollback/Forward Recovery,고객 공통 개발자,최신 exact SHA; 변경 전 snapshot,적용 후 결함,rollback/forward fix,데이터 보존·actual 일치·audit,부분 rollback·drift,Java25·적용 DB/Provider/Browser/Process 환경,Local/Remote·single/multi-instance 중 적용,source SHA·command·environment·start/end·exit code·pre/post state·report/artifact hash·sanitization,미검증,4aea798c913787e86341809e2cef2b9495cbf7ba,,R3 최신 exact SHA 재실행 대기,연결 Requirement의 지정 Phase에서 직접 실행,P05,Starter·Capability·Provider 기본 구현,05-00000479,P05-COMMON-CMN-TEMPLATE,P03;P04,CPF-GATE-05
CPF-SC-000480,CPF-FR-002380,CMN-TEMPLATE,P1,COMMON,SECURITY_LEAK,[CMN-TEMPLATE] 민감정보 누출,고객 공통 개발자,최신 exact SHA; PII/Secret fixture,오류·Log·UI·Download,정상/실패 실행,원문 0 또는 승인 범위,Log/DOM/Storage/Evidence 원문,Java25·적용 DB/Provider/Browser/Process 환경,Local/Remote·single/multi-instance 중 적용,source SHA·command·environment·start/end·exit code·pre/post state·report/artifact hash·sanitization,미검증,4aea798c913787e86341809e2cef2b9495cbf7ba,,R3 최신 exact SHA 재실행 대기,연결 Requirement의 지정 Phase에서 직접 실행,P05,Starter·Capability·Provider 기본 구현,05-00000480,P05-COMMON-CMN-TEMPLATE,P03;P04,CPF-GATE-05
CPF-SC-000481,CPF-FR-002441,DB-OWNERSHIP,P0,DATA,POSITIVE,[DB-OWNERSHIP] 정상 수직 흐름,DB·Module Owner,최신 exact SHA; 유효 입력과 권한,정상 데이터,요청→검증→처리→저장/전달→응답→감사,정상 상태·side effect·tracking 일치,Mock-only 또는 Consumer 미호출,Java25·적용 DB/Provider/Browser/Process 환경,Local/Remote·single/multi-instance 중 적용,source SHA·command·environment·start/end·exit code·pre/post state·report/artifact hash·sanitization,미검증,4aea798c913787e86341809e2cef2b9495cbf7ba,,R3 최신 exact SHA 재실행 대기,연결 Requirement의 지정 Phase에서 직접 실행,P04,Canonical Data·DB Schema·Migration·Runtime Query,04-00000481,P04-DATA-DB-OWNERSHIP,P03,CPF-GATE-04
CPF-SC-000482,CPF-FR-002441,DB-OWNERSHIP,P0,DATA,INVALID,[DB-OWNERSHIP] 입력·경계 오류,DB·Module Owner,최신 exact SHA; 유효 Session,invalid/empty/oversize/unknown enum,각 invalid 제출,표준 field/path 오류·side effect 0,500/raw exception/부분 저장,Java25·적용 DB/Provider/Browser/Process 환경,Local/Remote·single/multi-instance 중 적용,source SHA·command·environment·start/end·exit code·pre/post state·report/artifact hash·sanitization,미검증,4aea798c913787e86341809e2cef2b9495cbf7ba,,R3 최신 exact SHA 재실행 대기,연결 Requirement의 지정 Phase에서 직접 실행,P04,Canonical Data·DB Schema·Migration·Runtime Query,04-00000482,P04-DATA-DB-OWNERSHIP,P03,CPF-GATE-04
CPF-SC-000483,CPF-FR-002441,DB-OWNERSHIP,P0,DATA,UNAUTHORIZED,[DB-OWNERSHIP] 미인증·권한 부족,DB·Module Owner,최신 exact SHA; 권한 없는 principal,401/403 대상,UI 직접 URL/API/Method 호출,Server 거부·Audit·민감정보 0,버튼만 숨김/default allow,Java25·적용 DB/Provider/Browser/Process 환경,Local/Remote·single/multi-instance 중 적용,source SHA·command·environment·start/end·exit code·pre/post state·report/artifact hash·sanitization,미검증,4aea798c913787e86341809e2cef2b9495cbf7ba,,R3 최신 exact SHA 재실행 대기,연결 Requirement의 지정 Phase에서 직접 실행,P04,Canonical Data·DB Schema·Migration·Runtime Query,04-00000483,P04-DATA-DB-OWNERSHIP,P03,CPF-GATE-04
CPF-SC-000484,CPF-FR-002441,DB-OWNERSHIP,P0,DATA,CONFLICT,[DB-OWNERSHIP] Version·Hash 충돌,DB·Module Owner,최신 exact SHA; 기존 version,stale expectedVersion/다른 hash,동시/재시도 요청,409·기존 결과 보존·lost update 0,후행 요청 덮어씀,Java25·적용 DB/Provider/Browser/Process 환경,Local/Remote·single/multi-instance 중 적용,source SHA·command·environment·start/end·exit code·pre/post state·report/artifact hash·sanitization,미검증,4aea798c913787e86341809e2cef2b9495cbf7ba,,R3 최신 exact SHA 재실행 대기,연결 Requirement의 지정 Phase에서 직접 실행,P04,Canonical Data·DB Schema·Migration·Runtime Query,04-00000484,P04-DATA-DB-OWNERSHIP,P03,CPF-GATE-04
CPF-SC-000485,CPF-FR-002441,DB-OWNERSHIP,P0,DATA,DUPLICATE,[DB-OWNERSHIP] 중복 요청,DB·Module Owner,최신 exact SHA; 같은 operationId,동일/상이 payload,동시·순차 중복,"동일 replay, 다른 payload conflict",side effect 2회,Java25·적용 DB/Provider/Browser/Process 환경,Local/Remote·single/multi-instance 중 적용,source SHA·command·environment·start/end·exit code·pre/post state·report/artifact hash·sanitization,미검증,4aea798c913787e86341809e2cef2b9495cbf7ba,,R3 최신 exact SHA 재실행 대기,연결 Requirement의 지정 Phase에서 직접 실행,P04,Canonical Data·DB Schema·Migration·Runtime Query,04-00000485,P04-DATA-DB-OWNERSHIP,P03,CPF-GATE-04
CPF-SC-000486,CPF-FR-002441,DB-OWNERSHIP,P0,DATA,TIMEOUT_PRE,[DB-OWNERSHIP] Side effect 전 Timeout,DB·Module Owner,최신 exact SHA; dependency delay,connect/header timeout,timeout 주입,retryable failure·side effect 0,UNKNOWN/성공 오인,Java25·적용 DB/Provider/Browser/Process 환경,Local/Remote·single/multi-instance 중 적용,source SHA·command·environment·start/end·exit code·pre/post state·report/artifact hash·sanitization,미검증,4aea798c913787e86341809e2cef2b9495cbf7ba,,R3 최신 exact SHA 재실행 대기,연결 Requirement의 지정 Phase에서 직접 실행,P04,Canonical Data·DB Schema·Migration·Runtime Query,04-00000486,P04-DATA-DB-OWNERSHIP,P03,CPF-GATE-04
CPF-SC-000487,CPF-FR-002441,DB-OWNERSHIP,P0,DATA,RESPONSE_LOSS,[DB-OWNERSHIP] Side effect 후 응답 유실,DB·Module Owner,최신 exact SHA; Owner commit,commit 후 reset,응답 차단,UNKNOWN·blind retry 금지·reconcile,자동 실패/무조건 retry,Java25·적용 DB/Provider/Browser/Process 환경,Local/Remote·single/multi-instance 중 적용,source SHA·command·environment·start/end·exit code·pre/post state·report/artifact hash·sanitization,미검증,4aea798c913787e86341809e2cef2b9495cbf7ba,,R3 최신 exact SHA 재실행 대기,연결 Requirement의 지정 Phase에서 직접 실행,P04,Canonical Data·DB Schema·Migration·Runtime Query,04-00000487,P04-DATA-DB-OWNERSHIP,P03,CPF-GATE-04
CPF-SC-000488,CPF-FR-002441,DB-OWNERSHIP,P0,DATA,PARTIAL,[DB-OWNERSHIP] 부분 실패,DB·Module Owner,최신 exact SHA; 다중 대상/항목,일부 target failure,group 실행,개별 성공/실패/unknown 보존,전체 성공/실패로 축약,Java25·적용 DB/Provider/Browser/Process 환경,Local/Remote·single/multi-instance 중 적용,source SHA·command·environment·start/end·exit code·pre/post state·report/artifact hash·sanitization,미검증,4aea798c913787e86341809e2cef2b9495cbf7ba,,R3 최신 exact SHA 재실행 대기,연결 Requirement의 지정 Phase에서 직접 실행,P04,Canonical Data·DB Schema·Migration·Runtime Query,04-00000488,P04-DATA-DB-OWNERSHIP,P03,CPF-GATE-04
CPF-SC-000489,CPF-FR-002441,DB-OWNERSHIP,P0,DATA,PROCESS_KILL,[DB-OWNERSHIP] Process Kill·Restart,DB·Module Owner,최신 exact SHA; durable state,worker kill,claim/apply 후 종료·재기동,lease 회수·stale fencing·복구,고아 상태·중복,Java25·적용 DB/Provider/Browser/Process 환경,Local/Remote·single/multi-instance 중 적용,source SHA·command·environment·start/end·exit code·pre/post state·report/artifact hash·sanitization,미검증,4aea798c913787e86341809e2cef2b9495cbf7ba,,R3 최신 exact SHA 재실행 대기,연결 Requirement의 지정 Phase에서 직접 실행,P04,Canonical Data·DB Schema·Migration·Runtime Query,04-00000489,P04-DATA-DB-OWNERSHIP,P03,CPF-GATE-04
CPF-SC-000490,CPF-FR-002441,DB-OWNERSHIP,P0,DATA,MULTI_INSTANCE,[DB-OWNERSHIP] 다중 Instance,DB·Module Owner,최신 exact SHA; 2개 이상,공유 DB/queue,동시 처리·failover·rejoin,version/state 일치·중복 0,local state 의존,Java25·적용 DB/Provider/Browser/Process 환경,Local/Remote·single/multi-instance 중 적용,source SHA·command·environment·start/end·exit code·pre/post state·report/artifact hash·sanitization,미검증,4aea798c913787e86341809e2cef2b9495cbf7ba,,R3 최신 exact SHA 재실행 대기,연결 Requirement의 지정 Phase에서 직접 실행,P04,Canonical Data·DB Schema·Migration·Runtime Query,04-00000490,P04-DATA-DB-OWNERSHIP,P03,CPF-GATE-04
CPF-SC-000491,CPF-FR-002441,DB-OWNERSHIP,P0,DATA,ROLLBACK,[DB-OWNERSHIP] Rollback/Forward Recovery,DB·Module Owner,최신 exact SHA; 변경 전 snapshot,적용 후 결함,rollback/forward fix,데이터 보존·actual 일치·audit,부분 rollback·drift,Java25·적용 DB/Provider/Browser/Process 환경,Local/Remote·single/multi-instance 중 적용,source SHA·command·environment·start/end·exit code·pre/post state·report/artifact hash·sanitization,미검증,4aea798c913787e86341809e2cef2b9495cbf7ba,,R3 최신 exact SHA 재실행 대기,연결 Requirement의 지정 Phase에서 직접 실행,P04,Canonical Data·DB Schema·Migration·Runtime Query,04-00000491,P04-DATA-DB-OWNERSHIP,P03,CPF-GATE-04
CPF-SC-000492,CPF-FR-002441,DB-OWNERSHIP,P0,DATA,SECURITY_LEAK,[DB-OWNERSHIP] 민감정보 누출,DB·Module Owner,최신 exact SHA; PII/Secret fixture,오류·Log·UI·Download,정상/실패 실행,원문 0 또는 승인 범위,Log/DOM/Storage/Evidence 원문,Java25·적용 DB/Provider/Browser/Process 환경,Local/Remote·single/multi-instance 중 적용,source SHA·command·environment·start/end·exit code·pre/post state·report/artifact hash·sanitization,미검증,4aea798c913787e86341809e2cef2b9495cbf7ba,,R3 최신 exact SHA 재실행 대기,연결 Requirement의 지정 Phase에서 직접 실행,P04,Canonical Data·DB Schema·Migration·Runtime Query,04-00000492,P04-DATA-DB-OWNERSHIP,P03,CPF-GATE-04
CPF-SC-000493,CPF-FR-002502,DB-INSTALL,P0,DATA,POSITIVE,[DB-INSTALL] 정상 수직 흐름,DB·Module Owner,최신 exact SHA; 유효 입력과 권한,정상 데이터,요청→검증→처리→저장/전달→응답→감사,정상 상태·side effect·tracking 일치,Mock-only 또는 Consumer 미호출,Java25·적용 DB/Provider/Browser/Process 환경,Local/Remote·single/multi-instance 중 적용,source SHA·command·environment·start/end·exit code·pre/post state·report/artifact hash·sanitization,미검증,4aea798c913787e86341809e2cef2b9495cbf7ba,,R3 최신 exact SHA 재실행 대기,연결 Requirement의 지정 Phase에서 직접 실행,P04,Canonical Data·DB Schema·Migration·Runtime Query,04-00000493,P04-DATA-DB-INSTALL,P03,CPF-GATE-04
CPF-SC-000494,CPF-FR-002502,DB-INSTALL,P0,DATA,INVALID,[DB-INSTALL] 입력·경계 오류,DB·Module Owner,최신 exact SHA; 유효 Session,invalid/empty/oversize/unknown enum,각 invalid 제출,표준 field/path 오류·side effect 0,500/raw exception/부분 저장,Java25·적용 DB/Provider/Browser/Process 환경,Local/Remote·single/multi-instance 중 적용,source SHA·command·environment·start/end·exit code·pre/post state·report/artifact hash·sanitization,미검증,4aea798c913787e86341809e2cef2b9495cbf7ba,,R3 최신 exact SHA 재실행 대기,연결 Requirement의 지정 Phase에서 직접 실행,P04,Canonical Data·DB Schema·Migration·Runtime Query,04-00000494,P04-DATA-DB-INSTALL,P03,CPF-GATE-04
CPF-SC-000495,CPF-FR-002502,DB-INSTALL,P0,DATA,UNAUTHORIZED,[DB-INSTALL] 미인증·권한 부족,DB·Module Owner,최신 exact SHA; 권한 없는 principal,401/403 대상,UI 직접 URL/API/Method 호출,Server 거부·Audit·민감정보 0,버튼만 숨김/default allow,Java25·적용 DB/Provider/Browser/Process 환경,Local/Remote·single/multi-instance 중 적용,source SHA·command·environment·start/end·exit code·pre/post state·report/artifact hash·sanitization,미검증,4aea798c913787e86341809e2cef2b9495cbf7ba,,R3 최신 exact SHA 재실행 대기,연결 Requirement의 지정 Phase에서 직접 실행,P04,Canonical Data·DB Schema·Migration·Runtime Query,04-00000495,P04-DATA-DB-INSTALL,P03,CPF-GATE-04
CPF-SC-000496,CPF-FR-002502,DB-INSTALL,P0,DATA,CONFLICT,[DB-INSTALL] Version·Hash 충돌,DB·Module Owner,최신 exact SHA; 기존 version,stale expectedVersion/다른 hash,동시/재시도 요청,409·기존 결과 보존·lost update 0,후행 요청 덮어씀,Java25·적용 DB/Provider/Browser/Process 환경,Local/Remote·single/multi-instance 중 적용,source SHA·command·environment·start/end·exit code·pre/post state·report/artifact hash·sanitization,미검증,4aea798c913787e86341809e2cef2b9495cbf7ba,,R3 최신 exact SHA 재실행 대기,연결 Requirement의 지정 Phase에서 직접 실행,P04,Canonical Data·DB Schema·Migration·Runtime Query,04-00000496,P04-DATA-DB-INSTALL,P03,CPF-GATE-04
CPF-SC-000497,CPF-FR-002502,DB-INSTALL,P0,DATA,DUPLICATE,[DB-INSTALL] 중복 요청,DB·Module Owner,최신 exact SHA; 같은 operationId,동일/상이 payload,동시·순차 중복,"동일 replay, 다른 payload conflict",side effect 2회,Java25·적용 DB/Provider/Browser/Process 환경,Local/Remote·single/multi-instance 중 적용,source SHA·command·environment·start/end·exit code·pre/post state·report/artifact hash·sanitization,미검증,4aea798c913787e86341809e2cef2b9495cbf7ba,,R3 최신 exact SHA 재실행 대기,연결 Requirement의 지정 Phase에서 직접 실행,P04,Canonical Data·DB Schema·Migration·Runtime Query,04-00000497,P04-DATA-DB-INSTALL,P03,CPF-GATE-04
CPF-SC-000498,CPF-FR-002502,DB-INSTALL,P0,DATA,TIMEOUT_PRE,[DB-INSTALL] Side effect 전 Timeout,DB·Module Owner,최신 exact SHA; dependency delay,connect/header timeout,timeout 주입,retryable failure·side effect 0,UNKNOWN/성공 오인,Java25·적용 DB/Provider/Browser/Process 환경,Local/Remote·single/multi-instance 중 적용,source SHA·command·environment·start/end·exit code·pre/post state·report/artifact hash·sanitization,미검증,4aea798c913787e86341809e2cef2b9495cbf7ba,,R3 최신 exact SHA 재실행 대기,연결 Requirement의 지정 Phase에서 직접 실행,P04,Canonical Data·DB Schema·Migration·Runtime Query,04-00000498,P04-DATA-DB-INSTALL,P03,CPF-GATE-04
CPF-SC-000499,CPF-FR-002502,DB-INSTALL,P0,DATA,RESPONSE_LOSS,[DB-INSTALL] Side effect 후 응답 유실,DB·Module Owner,최신 exact SHA; Owner commit,commit 후 reset,응답 차단,UNKNOWN·blind retry 금지·reconcile,자동 실패/무조건 retry,Java25·적용 DB/Provider/Browser/Process 환경,Local/Remote·single/multi-instance 중 적용,source SHA·command·environment·start/end·exit code·pre/post state·report/artifact hash·sanitization,미검증,4aea798c913787e86341809e2cef2b9495cbf7ba,,R3 최신 exact SHA 재실행 대기,연결 Requirement의 지정 Phase에서 직접 실행,P04,Canonical Data·DB Schema·Migration·Runtime Query,04-00000499,P04-DATA-DB-INSTALL,P03,CPF-GATE-04
CPF-SC-000500,CPF-FR-002502,DB-INSTALL,P0,DATA,PARTIAL,[DB-INSTALL] 부분 실패,DB·Module Owner,최신 exact SHA; 다중 대상/항목,일부 target failure,group 실행,개별 성공/실패/unknown 보존,전체 성공/실패로 축약,Java25·적용 DB/Provider/Browser/Process 환경,Local/Remote·single/multi-instance 중 적용,source SHA·command·environment·start/end·exit code·pre/post state·report/artifact hash·sanitization,미검증,4aea798c913787e86341809e2cef2b9495cbf7ba,,R3 최신 exact SHA 재실행 대기,연결 Requirement의 지정 Phase에서 직접 실행,P04,Canonical Data·DB Schema·Migration·Runtime Query,04-00000500,P04-DATA-DB-INSTALL,P03,CPF-GATE-04
CPF-SC-000501,CPF-FR-002502,DB-INSTALL,P0,DATA,PROCESS_KILL,[DB-INSTALL] Process Kill·Restart,DB·Module Owner,최신 exact SHA; durable state,worker kill,claim/apply 후 종료·재기동,lease 회수·stale fencing·복구,고아 상태·중복,Java25·적용 DB/Provider/Browser/Process 환경,Local/Remote·single/multi-instance 중 적용,source SHA·command·environment·start/end·exit code·pre/post state·report/artifact hash·sanitization,미검증,4aea798c913787e86341809e2cef2b9495cbf7ba,,R3 최신 exact SHA 재실행 대기,연결 Requirement의 지정 Phase에서 직접 실행,P04,Canonical Data·DB Schema·Migration·Runtime Query,04-00000501,P04-DATA-DB-INSTALL,P03,CPF-GATE-04
CPF-SC-000502,CPF-FR-002502,DB-INSTALL,P0,DATA,MULTI_INSTANCE,[DB-INSTALL] 다중 Instance,DB·Module Owner,최신 exact SHA; 2개 이상,공유 DB/queue,동시 처리·failover·rejoin,version/state 일치·중복 0,local state 의존,Java25·적용 DB/Provider/Browser/Process 환경,Local/Remote·single/multi-instance 중 적용,source SHA·command·environment·start/end·exit code·pre/post state·report/artifact hash·sanitization,미검증,4aea798c913787e86341809e2cef2b9495cbf7ba,,R3 최신 exact SHA 재실행 대기,연결 Requirement의 지정 Phase에서 직접 실행,P04,Canonical Data·DB Schema·Migration·Runtime Query,04-00000502,P04-DATA-DB-INSTALL,P03,CPF-GATE-04
CPF-SC-000503,CPF-FR-002502,DB-INSTALL,P0,DATA,ROLLBACK,[DB-INSTALL] Rollback/Forward Recovery,DB·Module Owner,최신 exact SHA; 변경 전 snapshot,적용 후 결함,rollback/forward fix,데이터 보존·actual 일치·audit,부분 rollback·drift,Java25·적용 DB/Provider/Browser/Process 환경,Local/Remote·single/multi-instance 중 적용,source SHA·command·environment·start/end·exit code·pre/post state·report/artifact hash·sanitization,미검증,4aea798c913787e86341809e2cef2b9495cbf7ba,,R3 최신 exact SHA 재실행 대기,연결 Requirement의 지정 Phase에서 직접 실행,P04,Canonical Data·DB Schema·Migration·Runtime Query,04-00000503,P04-DATA-DB-INSTALL,P03,CPF-GATE-04
CPF-SC-000504,CPF-FR-002502,DB-INSTALL,P0,DATA,SECURITY_LEAK,[DB-INSTALL] 민감정보 누출,DB·Module Owner,최신 exact SHA; PII/Secret fixture,오류·Log·UI·Download,정상/실패 실행,원문 0 또는 승인 범위,Log/DOM/Storage/Evidence 원문,Java25·적용 DB/Provider/Browser/Process 환경,Local/Remote·single/multi-instance 중 적용,source SHA·command·environment·start/end·exit code·pre/post state·report/artifact hash·sanitization,미검증,4aea798c913787e86341809e2cef2b9495cbf7ba,,R3 최신 exact SHA 재실행 대기,연결 Requirement의 지정 Phase에서 직접 실행,P04,Canonical Data·DB Schema·Migration·Runtime Query,04-00000504,P04-DATA-DB-INSTALL,P03,CPF-GATE-04
